2025-09-26 17:58:21 - 
Experiment Configuration:
2025-09-26 17:58:21 - --------------------------------------------------
2025-09-26 17:58:21 - dataset: ds005863
2025-09-26 17:58:21 - use_combined_datasets: False
2025-09-26 17:58:21 - electrode_list: all
2025-09-26 17:58:21 - classifier: EEGConformer
2025-09-26 17:58:21 - separate_subject_classification: False
2025-09-26 17:58:21 - use_subject_layer: False
2025-09-26 17:58:21 - seeds: [42, 123, 456, 789, 321]
2025-09-26 17:58:21 - use_nested_cv: True
2025-09-26 17:58:21 - electrode_fusion_method: none
2025-09-26 17:58:21 - domain_adaptation_method: none
2025-09-26 17:58:21 - enable_comprehensive_evaluation: True
2025-09-26 17:58:21 - enable_domain_analysis: True
2025-09-26 17:58:21 - enable_small_sample_analysis: False
2025-09-26 17:58:21 - small_sample_sizes: [5, 10, 15, 20]
2025-09-26 17:58:21 - small_sample_subjects: [5, 10, 15]
2025-09-26 17:58:21 - --------------------------------------------------
2025-09-26 17:58:21 - 
==================================================
2025-09-26 17:58:21 - Processing Active Visual Oddball Dataset
2025-09-26 17:58:21 - ==================================================
2025-09-26 17:58:21 - Using Cross-Validation (simplified approach)
2025-09-26 17:58:21 - Configuration: 5-fold CV, 5 repeats
2025-09-26 17:58:21 - ============================================================
2025-09-26 17:58:21 - CROSS-VALIDATION CONFIGURATION
2025-09-26 17:58:21 - ============================================================
2025-09-26 17:58:21 - Datasets: ['AVO']
2025-09-26 17:58:21 - CV folds: 5
2025-09-26 17:58:21 - Repeats: 5
2025-09-26 17:58:21 - Confidence level: 0.95
2025-09-26 17:58:21 - ============================================================
2025-09-26 17:58:21 - STRATIFIED SAMPLING CONFIGURATION
2025-09-26 17:58:21 - ============================================================
2025-09-26 17:58:21 - Nested CV Mode: Trial counts per subject by dataset
2025-09-26 17:58:21 -   AVO dataset: 20 trials per subject
2025-09-26 17:58:21 - Sampling strategy: Multi-level stratified sampling
2025-09-26 17:58:21 -   - Subject-level: Stratified trial selection per subject
2025-09-26 17:58:21 -   - Dataset-level: Stratified sampling when dataset trial counts differ
2025-09-26 17:58:21 -   - Fold-level: StratifiedKFold for 5-fold CV
2025-09-26 17:58:21 -   - Train/Val split: Stratified train_test_split within each fold
2025-09-26 17:58:21 - ============================================================
2025-09-26 17:58:21 - Subject sub_001: Sampled 20/70 trials
2025-09-26 17:58:21 -   Original distribution: {0: 0.5, 1: 0.5}
2025-09-26 17:58:21 -   Sampled distribution: {0: 0.5, 1: 0.5}
2025-09-26 17:58:21 - Subject sub_002: Sampled 20/70 trials
2025-09-26 17:58:21 -   Original distribution: {0: 0.5, 1: 0.5}
2025-09-26 17:58:21 -   Sampled distribution: {0: 0.5, 1: 0.5}
2025-09-26 17:58:21 - Subject sub_003: Sampled 20/88 trials
2025-09-26 17:58:21 -   Original distribution: {0: 0.5, 1: 0.5}
2025-09-26 17:58:21 -   Sampled distribution: {0: 0.5, 1: 0.5}
2025-09-26 17:58:22 - Subject sub_004: Sampled 20/84 trials
2025-09-26 17:58:22 -   Original distribution: {0: 0.5, 1: 0.5}
2025-09-26 17:58:22 -   Sampled distribution: {0: 0.5, 1: 0.5}
2025-09-26 17:58:22 - Subject sub_005: Sampled 20/70 trials
2025-09-26 17:58:22 -   Original distribution: {0: 0.5, 1: 0.5}
2025-09-26 17:58:22 -   Sampled distribution: {0: 0.5, 1: 0.5}
2025-09-26 17:58:22 - Subject sub_006: Sampled 20/74 trials
2025-09-26 17:58:22 -   Original distribution: {0: 0.5, 1: 0.5}
2025-09-26 17:58:22 -   Sampled distribution: {0: 0.5, 1: 0.5}
2025-09-26 17:58:22 - Subject sub_007: Sampled 20/78 trials
2025-09-26 17:58:22 -   Original distribution: {0: 0.5, 1: 0.5}
2025-09-26 17:58:22 -   Sampled distribution: {0: 0.5, 1: 0.5}
2025-09-26 17:58:22 - Subject sub_008: Sampled 20/72 trials
2025-09-26 17:58:22 -   Original distribution: {0: 0.5, 1: 0.5}
2025-09-26 17:58:22 -   Sampled distribution: {0: 0.5, 1: 0.5}
2025-09-26 17:58:22 - Subject sub_009: Sampled 20/76 trials
2025-09-26 17:58:22 -   Original distribution: {0: 0.5, 1: 0.5}
2025-09-26 17:58:22 -   Sampled distribution: {0: 0.5, 1: 0.5}
2025-09-26 17:58:22 - Subject sub_010: Sampled 20/70 trials
2025-09-26 17:58:22 -   Original distribution: {0: 0.5, 1: 0.5}
2025-09-26 17:58:22 -   Sampled distribution: {0: 0.5, 1: 0.5}
2025-09-26 17:58:23 - Subject sub_011: Sampled 20/60 trials
2025-09-26 17:58:23 -   Original distribution: {0: 0.5, 1: 0.5}
2025-09-26 17:58:23 -   Sampled distribution: {0: 0.5, 1: 0.5}
2025-09-26 17:58:23 - Subject sub_012: Sampled 20/72 trials
2025-09-26 17:58:23 -   Original distribution: {0: 0.5, 1: 0.5}
2025-09-26 17:58:23 -   Sampled distribution: {0: 0.5, 1: 0.5}
2025-09-26 17:58:23 - Subject sub_013: Sampled 20/72 trials
2025-09-26 17:58:23 -   Original distribution: {0: 0.5, 1: 0.5}
2025-09-26 17:58:23 -   Sampled distribution: {0: 0.5, 1: 0.5}
2025-09-26 17:58:23 - Subject sub_014: Sampled 20/72 trials
2025-09-26 17:58:23 -   Original distribution: {0: 0.5, 1: 0.5}
2025-09-26 17:58:23 -   Sampled distribution: {0: 0.5, 1: 0.5}
2025-09-26 17:58:23 - Subject sub_015: Sampled 20/56 trials
2025-09-26 17:58:23 -   Original distribution: {0: 0.5, 1: 0.5}
2025-09-26 17:58:23 -   Sampled distribution: {0: 0.5, 1: 0.5}
2025-09-26 17:58:23 - Subject sub_016: Sampled 20/70 trials
2025-09-26 17:58:23 -   Original distribution: {0: 0.5, 1: 0.5}
2025-09-26 17:58:23 -   Sampled distribution: {0: 0.5, 1: 0.5}
2025-09-26 17:58:24 - Subject sub_017: Sampled 20/74 trials
2025-09-26 17:58:24 -   Original distribution: {0: 0.5, 1: 0.5}
2025-09-26 17:58:24 -   Sampled distribution: {0: 0.5, 1: 0.5}
2025-09-26 17:58:24 - Subject sub_018: Sampled 20/22 trials
2025-09-26 17:58:24 -   Original distribution: {0: 0.5, 1: 0.5}
2025-09-26 17:58:24 -   Sampled distribution: {0: 0.5, 1: 0.5}
2025-09-26 17:58:24 - Subject sub_019: Sampled 20/76 trials
2025-09-26 17:58:24 -   Original distribution: {0: 0.5, 1: 0.5}
2025-09-26 17:58:24 -   Sampled distribution: {0: 0.5, 1: 0.5}
2025-09-26 17:58:24 - Subject sub_020: Sampled 20/76 trials
2025-09-26 17:58:24 -   Original distribution: {0: 0.5, 1: 0.5}
2025-09-26 17:58:24 -   Sampled distribution: {0: 0.5, 1: 0.5}
2025-09-26 17:58:24 - Subject sub_021: Sampled 20/82 trials
2025-09-26 17:58:24 -   Original distribution: {0: 0.5, 1: 0.5}
2025-09-26 17:58:24 -   Sampled distribution: {0: 0.5, 1: 0.5}
2025-09-26 17:58:24 - Subject sub_022: Sampled 20/72 trials
2025-09-26 17:58:24 -   Original distribution: {0: 0.5, 1: 0.5}
2025-09-26 17:58:24 -   Sampled distribution: {0: 0.5, 1: 0.5}
2025-09-26 17:58:24 - Subject sub_023: Sampled 20/78 trials
2025-09-26 17:58:24 -   Original distribution: {0: 0.5, 1: 0.5}
2025-09-26 17:58:24 -   Sampled distribution: {0: 0.5, 1: 0.5}
2025-09-26 17:58:25 - Subject sub_024: Sampled 20/92 trials
2025-09-26 17:58:25 -   Original distribution: {0: 0.5, 1: 0.5}
2025-09-26 17:58:25 -   Sampled distribution: {0: 0.5, 1: 0.5}
2025-09-26 17:58:25 - Subject sub_025: Sampled 20/64 trials
2025-09-26 17:58:25 -   Original distribution: {0: 0.5, 1: 0.5}
2025-09-26 17:58:25 -   Sampled distribution: {0: 0.5, 1: 0.5}
2025-09-26 17:58:25 - Subject sub_026: Sampled 20/80 trials
2025-09-26 17:58:25 -   Original distribution: {0: 0.5, 1: 0.5}
2025-09-26 17:58:25 -   Sampled distribution: {0: 0.5, 1: 0.5}
2025-09-26 17:58:25 - Subject sub_027: Sampled 20/68 trials
2025-09-26 17:58:25 -   Original distribution: {0: 0.5, 1: 0.5}
2025-09-26 17:58:25 -   Sampled distribution: {0: 0.5, 1: 0.5}
2025-09-26 17:58:25 - Subject sub_028: Sampled 20/84 trials
2025-09-26 17:58:25 -   Original distribution: {0: 0.5, 1: 0.5}
2025-09-26 17:58:25 -   Sampled distribution: {0: 0.5, 1: 0.5}
2025-09-26 17:58:25 - Subject sub_029: Sampled 20/84 trials
2025-09-26 17:58:25 -   Original distribution: {0: 0.5, 1: 0.5}
2025-09-26 17:58:25 -   Sampled distribution: {0: 0.5, 1: 0.5}
2025-09-26 17:58:25 - Subject sub_030: Sampled 20/72 trials
2025-09-26 17:58:25 -   Original distribution: {0: 0.5, 1: 0.5}
2025-09-26 17:58:25 -   Sampled distribution: {0: 0.5, 1: 0.5}
Using Enhanced Preprocessor with advanced features:
  - Artifact removal (ICA): True
  - Baseline correction: True
  - Frequency features: True
  - Notch filter: True
Starting enhanced preprocessing...
Checking cache for: COCOA_013_VO.eeg
✓ Loaded cached enhanced data: 70 windows in 0.00s
✓ Using cached enhanced preprocessing data
Subject sub_001 (AVO): 70 total trials available
  Performing stratified sampling: 20 trials
Starting enhanced preprocessing...
Checking cache for: COCOA_014_VO.eeg
✓ Loaded cached enhanced data: 70 windows in 0.00s
✓ Using cached enhanced preprocessing data
Subject sub_002 (AVO): 70 total trials available
  Performing stratified sampling: 20 trials
Starting enhanced preprocessing...
Checking cache for: COCOA_015_VO.eeg
✓ Loaded cached enhanced data: 88 windows in 0.00s
✓ Using cached enhanced preprocessing data
Subject sub_003 (AVO): 88 total trials available
  Performing stratified sampling: 20 trials
Starting enhanced preprocessing...
Checking cache for: COCOA_016_VO.eeg
✓ Loaded cached enhanced data: 84 windows in 0.00s
✓ Using cached enhanced preprocessing data
Subject sub_004 (AVO): 84 total trials available
  Performing stratified sampling: 20 trials
Starting enhanced preprocessing...
Checking cache for: COCOA_017_VO.eeg
✓ Loaded cached enhanced data: 70 windows in 0.00s
✓ Using cached enhanced preprocessing data
Subject sub_005 (AVO): 70 total trials available
  Performing stratified sampling: 20 trials
Starting enhanced preprocessing...
Checking cache for: COCOA_018_VO.eeg
✓ Loaded cached enhanced data: 74 windows in 0.00s
✓ Using cached enhanced preprocessing data
Subject sub_006 (AVO): 74 total trials available
  Performing stratified sampling: 20 trials
Starting enhanced preprocessing...
Checking cache for: COCOA_019_VO.eeg
✓ Loaded cached enhanced data: 78 windows in 0.00s
✓ Using cached enhanced preprocessing data
Subject sub_007 (AVO): 78 total trials available
  Performing stratified sampling: 20 trials
Starting enhanced preprocessing...
Checking cache for: COCOA_020_VO.eeg
✓ Loaded cached enhanced data: 72 windows in 0.00s
✓ Using cached enhanced preprocessing data
Subject sub_008 (AVO): 72 total trials available
  Performing stratified sampling: 20 trials
Starting enhanced preprocessing...
Checking cache for: COCOA_021_VO.eeg
✓ Loaded cached enhanced data: 76 windows in 0.00s
✓ Using cached enhanced preprocessing data
Subject sub_009 (AVO): 76 total trials available
  Performing stratified sampling: 20 trials
Starting enhanced preprocessing...
Checking cache for: COCOA_022_VO.eeg
✓ Loaded cached enhanced data: 70 windows in 0.00s
✓ Using cached enhanced preprocessing data
Subject sub_010 (AVO): 70 total trials available
  Performing stratified sampling: 20 trials
Starting enhanced preprocessing...
Checking cache for: COCOA_023_VO.eeg
✓ Loaded cached enhanced data: 60 windows in 0.00s
✓ Using cached enhanced preprocessing data
Subject sub_011 (AVO): 60 total trials available
  Performing stratified sampling: 20 trials
Starting enhanced preprocessing...
Checking cache for: COCOA_024_VO.eeg
✓ Loaded cached enhanced data: 72 windows in 0.00s
✓ Using cached enhanced preprocessing data
Subject sub_012 (AVO): 72 total trials available
  Performing stratified sampling: 20 trials
Starting enhanced preprocessing...
Checking cache for: COCOA_025_VO.eeg
✓ Loaded cached enhanced data: 72 windows in 0.00s
✓ Using cached enhanced preprocessing data
Subject sub_013 (AVO): 72 total trials available
  Performing stratified sampling: 20 trials
Starting enhanced preprocessing...
Checking cache for: COCOA_026_VO.eeg
✓ Loaded cached enhanced data: 72 windows in 0.00s
✓ Using cached enhanced preprocessing data
Subject sub_014 (AVO): 72 total trials available
  Performing stratified sampling: 20 trials
Starting enhanced preprocessing...
Checking cache for: COCOA_027_VO.eeg
✓ Loaded cached enhanced data: 56 windows in 0.00s
✓ Using cached enhanced preprocessing data
Subject sub_015 (AVO): 56 total trials available
  Performing stratified sampling: 20 trials
Starting enhanced preprocessing...
Checking cache for: COCOA_028_VO.eeg
✓ Loaded cached enhanced data: 70 windows in 0.00s
✓ Using cached enhanced preprocessing data
Subject sub_016 (AVO): 70 total trials available
  Performing stratified sampling: 20 trials
Starting enhanced preprocessing...
Checking cache for: COCOA_029_VO.eeg
✓ Loaded cached enhanced data: 74 windows in 0.00s
✓ Using cached enhanced preprocessing data
Subject sub_017 (AVO): 74 total trials available
  Performing stratified sampling: 20 trials
Starting enhanced preprocessing...
Checking cache for: COCOA_030_VO.eeg
✓ Loaded cached enhanced data: 22 windows in 0.00s
✓ Using cached enhanced preprocessing data
Subject sub_018 (AVO): 22 total trials available
  Performing stratified sampling: 20 trials
Starting enhanced preprocessing...
Checking cache for: COCOA_031_VO.eeg
✓ Loaded cached enhanced data: 76 windows in 0.00s
✓ Using cached enhanced preprocessing data
Subject sub_019 (AVO): 76 total trials available
  Performing stratified sampling: 20 trials
Starting enhanced preprocessing...
Checking cache for: COCOA_032_VO.eeg
✓ Loaded cached enhanced data: 76 windows in 0.00s
✓ Using cached enhanced preprocessing data
Subject sub_020 (AVO): 76 total trials available
  Performing stratified sampling: 20 trials
Starting enhanced preprocessing...
Checking cache for: COCOA_033_VO.eeg
✓ Loaded cached enhanced data: 82 windows in 0.00s
✓ Using cached enhanced preprocessing data
Subject sub_021 (AVO): 82 total trials available
  Performing stratified sampling: 20 trials
Starting enhanced preprocessing...
Checking cache for: COCOA_034_VO.eeg
✓ Loaded cached enhanced data: 72 windows in 0.00s
✓ Using cached enhanced preprocessing data
Subject sub_022 (AVO): 72 total trials available
  Performing stratified sampling: 20 trials
Starting enhanced preprocessing...
Checking cache for: COCOA_035_VO.eeg
✓ Loaded cached enhanced data: 78 windows in 0.00s
✓ Using cached enhanced preprocessing data
Subject sub_023 (AVO): 78 total trials available
  Performing stratified sampling: 20 trials
Starting enhanced preprocessing...
Checking cache for: COCOA_036_VO.eeg
✓ Loaded cached enhanced data: 92 windows in 0.00s
✓ Using cached enhanced preprocessing data
Subject sub_024 (AVO): 92 total trials available
  Performing stratified sampling: 20 trials
Starting enhanced preprocessing...
Checking cache for: COCOA_037_VO.eeg
✓ Loaded cached enhanced data: 64 windows in 0.00s
✓ Using cached enhanced preprocessing data
Subject sub_025 (AVO): 64 total trials available
  Performing stratified sampling: 20 trials
Starting enhanced preprocessing...
Checking cache for: COCOA_038_VO.eeg
✓ Loaded cached enhanced data: 80 windows in 0.00s
✓ Using cached enhanced preprocessing data
Subject sub_026 (AVO): 80 total trials available
  Performing stratified sampling: 20 trials
Starting enhanced preprocessing...
Checking cache for: COCOA_039_VO.eeg
✓ Loaded cached enhanced data: 68 windows in 0.00s
✓ Using cached enhanced preprocessing data
Subject sub_027 (AVO): 68 total trials available
  Performing stratified sampling: 20 trials
Starting enhanced preprocessing...
Checking cache for: COCOA_040_VO.eeg
✓ Loaded cached enhanced data: 84 windows in 0.00s
✓ Using cached enhanced preprocessing data
Subject sub_028 (AVO): 84 total trials available
  Performing stratified sampling: 20 trials
Starting enhanced preprocessing...
Checking cache for: COCOA_041_VO.eeg
✓ Loaded cached enhanced data: 84 windows in 0.00s
✓ Using cached enhanced preprocessing data
Subject sub_029 (AVO): 84 total trials available
  Performing stratified sampling: 20 trials
Starting enhanced preprocessing...
Checking cache for: COCOA_042_VO.eeg
✓ Loaded cached enhanced data: 72 windows in 0.00s
✓ Using cached enhanced preprocessing data
Subject sub_030 (AVO): 72 total trials available
  Performing stratified sampling: 20 trials
Starting enhanced preprocessing...
Checking cache for: COCOA_043_VO.eeg
✓ Loaded cached enhanced data: 88 windows in 0.00s
✓ Using cached enhanced preprocessing data2025-09-26 17:58:26 - Subject sub_031: Sampled 20/88 trials
2025-09-26 17:58:26 -   Original distribution: {0: 0.5, 1: 0.5}
2025-09-26 17:58:26 -   Sampled distribution: {0: 0.5, 1: 0.5}
2025-09-26 17:58:26 - Subject sub_032: Sampled 20/96 trials
2025-09-26 17:58:26 -   Original distribution: {0: 0.5, 1: 0.5}
2025-09-26 17:58:26 -   Sampled distribution: {0: 0.5, 1: 0.5}
2025-09-26 17:58:26 - Subject sub_033: Sampled 20/78 trials
2025-09-26 17:58:26 -   Original distribution: {0: 0.5, 1: 0.5}
2025-09-26 17:58:26 -   Sampled distribution: {0: 0.5, 1: 0.5}
2025-09-26 17:58:26 - Subject sub_034: Sampled 20/72 trials
2025-09-26 17:58:26 -   Original distribution: {0: 0.5, 1: 0.5}
2025-09-26 17:58:26 -   Sampled distribution: {0: 0.5, 1: 0.5}
2025-09-26 17:58:26 - Subject sub_035: Sampled 20/88 trials
2025-09-26 17:58:26 -   Original distribution: {0: 0.5, 1: 0.5}
2025-09-26 17:58:26 -   Sampled distribution: {0: 0.5, 1: 0.5}
2025-09-26 17:58:26 - Subject sub_036: Sampled 20/84 trials
2025-09-26 17:58:26 -   Original distribution: {0: 0.5, 1: 0.5}
2025-09-26 17:58:26 -   Sampled distribution: {0: 0.5, 1: 0.5}
2025-09-26 17:58:26 - Subject sub_037: Sampled 20/86 trials
2025-09-26 17:58:26 -   Original distribution: {0: 0.5, 1: 0.5}
2025-09-26 17:58:26 -   Sampled distribution: {0: 0.5, 1: 0.5}
2025-09-26 17:58:27 - Subject sub_038: Sampled 20/100 trials
2025-09-26 17:58:27 -   Original distribution: {0: 0.5, 1: 0.5}
2025-09-26 17:58:27 -   Sampled distribution: {0: 0.5, 1: 0.5}
2025-09-26 17:58:27 - Subject sub_039: Sampled 20/70 trials
2025-09-26 17:58:27 -   Original distribution: {0: 0.5, 1: 0.5}
2025-09-26 17:58:27 -   Sampled distribution: {0: 0.5, 1: 0.5}
2025-09-26 17:58:27 - Subject sub_040: Sampled 20/84 trials
2025-09-26 17:58:27 -   Original distribution: {0: 0.5, 1: 0.5}
2025-09-26 17:58:27 -   Sampled distribution: {0: 0.5, 1: 0.5}
2025-09-26 17:58:27 - Nested CV dataset summary:
2025-09-26 17:58:27 -   Total subjects: 40
2025-09-26 17:58:27 -   Total trials: 800
2025-09-26 17:58:27 -   Average trials per subject: 20.0
2025-09-26 17:58:27 -   AVO dataset: 0 subjects, 800 trials (inf trials/subject)
2025-09-26 17:58:27 -   Class distribution: {0: 400, 1: 400}
2025-09-26 17:58:27 -   Class proportions: [0.5 0.5]
2025-09-26 17:58:27 - Enhanced preprocessing increased channels from 5 to 25
2025-09-26 17:58:27 - Starting Cross-Validation for EEGConformer
2025-09-26 17:58:27 - Configuration: 5-fold CV, 5 repeats
2025-09-26 17:58:27 - Data split ratios: Train=0.7, Val=0.1, Test=0.2
2025-09-26 17:58:27 - Repeat 1/5
2025-09-26 17:58:27 -   Fold 1/5
2025-09-26 17:58:27 -     Fold split: Train=560, Val=80

Subject sub_031 (AVO): 88 total trials available
  Performing stratified sampling: 20 trials
Starting enhanced preprocessing...
Checking cache for: COCOA_044_VO.eeg
✓ Loaded cached enhanced data: 96 windows in 0.00s
✓ Using cached enhanced preprocessing data
Subject sub_032 (AVO): 96 total trials available
  Performing stratified sampling: 20 trials
Starting enhanced preprocessing...
Checking cache for: COCOA_045_VO.eeg
✓ Loaded cached enhanced data: 78 windows in 0.00s
✓ Using cached enhanced preprocessing data
Subject sub_033 (AVO): 78 total trials available
  Performing stratified sampling: 20 trials
Starting enhanced preprocessing...
Checking cache for: COCOA_046_VO.eeg
✓ Loaded cached enhanced data: 72 windows in 0.00s
✓ Using cached enhanced preprocessing data
Subject sub_034 (AVO): 72 total trials available
  Performing stratified sampling: 20 trials
Starting enhanced preprocessing...
Checking cache for: COCOA_047_VO.eeg
✓ Loaded cached enhanced data: 88 windows in 0.00s
✓ Using cached enhanced preprocessing data
Subject sub_035 (AVO): 88 total trials available
  Performing stratified sampling: 20 trials
Starting enhanced preprocessing...
Checking cache for: COCOA_048_VO.eeg
✓ Loaded cached enhanced data: 84 windows in 0.00s
✓ Using cached enhanced preprocessing data
Subject sub_036 (AVO): 84 total trials available
  Performing stratified sampling: 20 trials
Starting enhanced preprocessing...
Checking cache for: COCOA_049_VO.eeg
✓ Loaded cached enhanced data: 86 windows in 0.00s
✓ Using cached enhanced preprocessing data
Subject sub_037 (AVO): 86 total trials available
  Performing stratified sampling: 20 trials
Starting enhanced preprocessing...
Checking cache for: COCOA_050_VO.eeg
✓ Loaded cached enhanced data: 100 windows in 0.00s
✓ Using cached enhanced preprocessing data
Subject sub_038 (AVO): 100 total trials available
  Performing stratified sampling: 20 trials
Starting enhanced preprocessing...
Checking cache for: COCOA_051_VO.eeg
✓ Loaded cached enhanced data: 70 windows in 0.00s
✓ Using cached enhanced preprocessing data
Subject sub_039 (AVO): 70 total trials available
  Performing stratified sampling: 20 trials
Starting enhanced preprocessing...
Checking cache for: COCOA_052_VO.eeg
✓ Loaded cached enhanced data: 84 windows in 0.00s
✓ Using cached enhanced preprocessing data
Subject sub_040 (AVO): 84 total trials available
  Performing stratified sampling: 20 trials
Training class distribution: [280, 280]

============================================================
Starting Training - Max Epochs: 500
Model: EEGConformer
Learning Rate: 0.01, Weight Decay: 0.0001
Dropout: 0.25, Early Stopping Patience: 50
============================================================
DEBUG: Evaluate function - 80 predictions, 80 targets
DEBUG: Unique predictions: [1], Unique targets: [0 1]

Epoch   1/500 Summary:
  Train Loss: 1.0281 | Train Acc: 51.79%
  Val Acc: 50.00% | LR: 0.010000
New best validation accuracy!
  --------------------------------------------------
DEBUG: Evaluate function - 80 predictions, 80 targets
DEBUG: Unique predictions: [0], Unique targets: [0 1]

Epoch   2/500 Summary:
  Train Loss: 0.7377 | Train Acc: 46.43%
  Val Acc: 50.00% | LR: 0.010000
Patience remaining: 49/50
  --------------------------------------------------
DEBUG: Evaluate function - 80 predictions, 80 targets
DEBUG: Unique predictions: [1], Unique targets: [0 1]

Epoch   3/500 Summary:
  Train Loss: 0.6930 | Train Acc: 52.14%
  Val Acc: 50.00% | LR: 0.010000
Patience remaining: 48/50
  --------------------------------------------------
DEBUG: Evaluate function - 80 predictions, 80 targets
DEBUG: Unique predictions: [1], Unique targets: [0 1]

Epoch   4/500 Summary:
  Train Loss: 0.7045 | Train Acc: 50.00%
  Val Acc: 50.00% | LR: 0.009999
Patience remaining: 47/50
  --------------------------------------------------
DEBUG: Evaluate function - 80 predictions, 80 targets
DEBUG: Unique predictions: [0], Unique targets: [0 1]

Epoch   5/500 Summary:
  Train Loss: 0.6960 | Train Acc: 47.86%
  Val Acc: 50.00% | LR: 0.009998
Patience remaining: 46/50
  --------------------------------------------------
DEBUG: Evaluate function - 80 predictions, 80 targets
DEBUG: Unique predictions: [0], Unique targets: [0 1]

Epoch   6/500 Summary:
  Train Loss: 0.6963 | Train Acc: 50.00%
  Val Acc: 50.00% | LR: 0.009998
Patience remaining: 45/50
  --------------------------------------------------
DEBUG: Evaluate function - 80 predictions, 80 targets
DEBUG: Unique predictions: [1], Unique targets: [0 1]

Epoch   7/500 Summary:
  Train Loss: 0.6936 | Train Acc: 49.46%
  Val Acc: 50.00% | LR: 0.009996
Patience remaining: 44/50
  --------------------------------------------------
DEBUG: Evaluate function - 80 predictions, 80 targets
DEBUG: Unique predictions: [1], Unique targets: [0 1]

Epoch   8/500 Summary:
  Train Loss: 0.6938 | Train Acc: 50.00%
  Val Acc: 50.00% | LR: 0.009995
Patience remaining: 43/50
  --------------------------------------------------
DEBUG: Evaluate function - 80 predictions, 80 targets
DEBUG: Unique predictions: [0], Unique targets: [0 1]

Epoch   9/500 Summary:
  Train Loss: 0.6941 | Train Acc: 50.00%
  Val Acc: 50.00% | LR: 0.009994
Patience remaining: 42/50
  --------------------------------------------------
DEBUG: Evaluate function - 80 predictions, 80 targets
DEBUG: Unique predictions: [0], Unique targets: [0 1]

Epoch  10/500 Summary:
  Train Loss: 0.6935 | Train Acc: 50.71%
  Val Acc: 50.00% | LR: 0.009992
Patience remaining: 41/50
  --------------------------------------------------
DEBUG: Evaluate function - 80 predictions, 80 targets
DEBUG: Unique predictions: [0], Unique targets: [0 1]

Epoch  11/500 Summary:
  Train Loss: 0.6923 | Train Acc: 50.71%
  Val Acc: 50.00% | LR: 0.009990
Patience remaining: 40/50
  --------------------------------------------------
DEBUG: Evaluate function - 80 predictions, 80 targets
DEBUG: Unique predictions: [1], Unique targets: [0 1]

Epoch  12/500 Summary:
  Train Loss: 0.6937 | Train Acc: 47.68%
  Val Acc: 50.00% | LR: 0.009988
Patience remaining: 39/50
  --------------------------------------------------
DEBUG: Evaluate function - 80 predictions, 80 targets
DEBUG: Unique predictions: [0], Unique targets: [0 1]

Epoch  13/500 Summary:
  Train Loss: 0.6929 | Train Acc: 52.50%
  Val Acc: 50.00% | LR: 0.009986
Patience remaining: 38/50
  --------------------------------------------------
DEBUG: Evaluate function - 80 predictions, 80 targets
DEBUG: Unique predictions: [0], Unique targets: [0 1]

Epoch  14/500 Summary:
  Train Loss: 0.6934 | Train Acc: 49.29%
  Val Acc: 50.00% | LR: 0.009983
Patience remaining: 37/50
  --------------------------------------------------
DEBUG: Evaluate function - 80 predictions, 80 targets
DEBUG: Unique predictions: [1], Unique targets: [0 1]

Epoch  15/500 Summary:
  Train Loss: 0.6935 | Train Acc: 48.04%
  Val Acc: 50.00% | LR: 0.009981
Patience remaining: 36/50
  --------------------------------------------------
DEBUG: Evaluate function - 80 predictions, 80 targets
DEBUG: Unique predictions: [0], Unique targets: [0 1]

Epoch  16/500 Summary:
  Train Loss: 0.6933 | Train Acc: 49.82%
  Val Acc: 50.00% | LR: 0.009978
Patience remaining: 35/50
  --------------------------------------------------
DEBUG: Evaluate function - 80 predictions, 80 targets
DEBUG: Unique predictions: [0], Unique targets: [0 1]

Epoch  17/500 Summary:
  Train Loss: 0.6949 | Train Acc: 50.00%
  Val Acc: 50.00% | LR: 0.009975
Patience remaining: 34/50
  --------------------------------------------------
DEBUG: Evaluate function - 80 predictions, 80 targets
DEBUG: Unique predictions: [1], Unique targets: [0 1]

Epoch  18/500 Summary:
  Train Loss: 0.6934 | Train Acc: 50.00%
  Val Acc: 50.00% | LR: 0.009972
Patience remaining: 33/50
  --------------------------------------------------
DEBUG: Evaluate function - 80 predictions, 80 targets
DEBUG: Unique predictions: [1], Unique targets: [0 1]

Epoch  19/500 Summary:
  Train Loss: 0.6942 | Train Acc: 49.82%
  Val Acc: 50.00% | LR: 0.009968
Patience remaining: 32/50
  --------------------------------------------------
DEBUG: Evaluate function - 80 predictions, 80 targets
DEBUG: Unique predictions: [0], Unique targets: [0 1]

Epoch  20/500 Summary:
  Train Loss: 0.6947 | Train Acc: 48.75%
  Val Acc: 50.00% | LR: 0.009964
Patience remaining: 31/50
  --------------------------------------------------
DEBUG: Evaluate function - 80 predictions, 80 targets
DEBUG: Unique predictions: [1], Unique targets: [0 1]

Epoch  21/500 Summary:
  Train Loss: 0.6976 | Train Acc: 46.43%
  Val Acc: 50.00% | LR: 0.009961
Patience remaining: 30/50
  --------------------------------------------------
DEBUG: Evaluate function - 80 predictions, 80 targets
DEBUG: Unique predictions: [0], Unique targets: [0 1]

Epoch  22/500 Summary:
  Train Loss: 0.6940 | Train Acc: 50.54%
  Val Acc: 50.00% | LR: 0.009957
Patience remaining: 29/50
  --------------------------------------------------
DEBUG: Evaluate function - 80 predictions, 80 targets
DEBUG: Unique predictions: [0], Unique targets: [0 1]

Epoch  23/500 Summary:
  Train Loss: 0.6958 | Train Acc: 50.36%
  Val Acc: 50.00% | LR: 0.009952
Patience remaining: 28/50
  --------------------------------------------------
DEBUG: Evaluate function - 80 predictions, 80 targets
DEBUG: Unique predictions: [1], Unique targets: [0 1]

Epoch  24/500 Summary:
  Train Loss: 0.6933 | Train Acc: 49.64%
  Val Acc: 50.00% | LR: 0.009948
Patience remaining: 27/50
  --------------------------------------------------
DEBUG: Evaluate function - 80 predictions, 80 targets
DEBUG: Unique predictions: [1], Unique targets: [0 1]

Epoch  25/500 Summary:
  Train Loss: 0.6942 | Train Acc: 49.46%
  Val Acc: 50.00% | LR: 0.009943
Patience remaining: 26/50
  --------------------------------------------------
DEBUG: Evaluate function - 80 predictions, 80 targets
DEBUG: Unique predictions: [1], Unique targets: [0 1]

Epoch  26/500 Summary:
  Train Loss: 0.6963 | Train Acc: 50.00%
  Val Acc: 50.00% | LR: 0.009938
Patience remaining: 25/50
  --------------------------------------------------
DEBUG: Evaluate function - 80 predictions, 80 targets
DEBUG: Unique predictions: [0], Unique targets: [0 1]

Epoch  27/500 Summary:
  Train Loss: 0.6929 | Train Acc: 51.25%
  Val Acc: 50.00% | LR: 0.009933
Patience remaining: 24/50
  --------------------------------------------------
DEBUG: Evaluate function - 80 predictions, 80 targets
DEBUG: Unique predictions: [0], Unique targets: [0 1]

Epoch  28/500 Summary:
  Train Loss: 0.6976 | Train Acc: 50.00%
  Val Acc: 50.00% | LR: 0.009928
Patience remaining: 23/50
  --------------------------------------------------
DEBUG: Evaluate function - 80 predictions, 80 targets
DEBUG: Unique predictions: [1], Unique targets: [0 1]

Epoch  29/500 Summary:
  Train Loss: 0.6955 | Train Acc: 47.68%
  Val Acc: 50.00% | LR: 0.009923
Patience remaining: 22/50
  --------------------------------------------------
DEBUG: Evaluate function - 80 predictions, 80 targets
DEBUG: Unique predictions: [1], Unique targets: [0 1]

Epoch  30/500 Summary:
  Train Loss: 0.6972 | Train Acc: 50.00%
  Val Acc: 50.00% | LR: 0.009917
Patience remaining: 21/50
  --------------------------------------------------
DEBUG: Evaluate function - 80 predictions, 80 targets
DEBUG: Unique predictions: [0], Unique targets: [0 1]

Epoch  31/500 Summary:
  Train Loss: 0.6942 | Train Acc: 50.18%
  Val Acc: 50.00% | LR: 0.009911
Patience remaining: 20/50
  --------------------------------------------------
DEBUG: Evaluate function - 80 predictions, 80 targets
DEBUG: Unique predictions: [0], Unique targets: [0 1]

Epoch  32/500 Summary:
  Train Loss: 0.6940 | Train Acc: 50.00%
  Val Acc: 50.00% | LR: 0.009905
Patience remaining: 19/50
  --------------------------------------------------
DEBUG: Evaluate function - 80 predictions, 80 targets
DEBUG: Unique predictions: [1], Unique targets: [0 1]

Epoch  33/500 Summary:
  Train Loss: 0.6939 | Train Acc: 49.82%
  Val Acc: 50.00% | LR: 0.009899
Patience remaining: 18/50
  --------------------------------------------------
DEBUG: Evaluate function - 80 predictions, 80 targets
DEBUG: Unique predictions: [1], Unique targets: [0 1]

Epoch  34/500 Summary:
  Train Loss: 0.6937 | Train Acc: 47.86%
  Val Acc: 50.00% | LR: 0.009893
Patience remaining: 17/50
  --------------------------------------------------
DEBUG: Evaluate function - 80 predictions, 80 targets
DEBUG: Unique predictions: [1], Unique targets: [0 1]

Epoch  35/500 Summary:
  Train Loss: 0.6935 | Train Acc: 49.46%
  Val Acc: 50.00% | LR: 0.009886
Patience remaining: 16/50
  --------------------------------------------------
DEBUG: Evaluate function - 80 predictions, 80 targets
DEBUG: Unique predictions: [0], Unique targets: [0 1]

Epoch  36/500 Summary:
  Train Loss: 0.6933 | Train Acc: 51.61%
  Val Acc: 50.00% | LR: 0.009880
Patience remaining: 15/50
  --------------------------------------------------
DEBUG: Evaluate function - 80 predictions, 80 targets
DEBUG: Unique predictions: [0], Unique targets: [0 1]

Epoch  37/500 Summary:
  Train Loss: 0.6934 | Train Acc: 50.54%
  Val Acc: 50.00% | LR: 0.009873
Patience remaining: 14/50
  --------------------------------------------------
DEBUG: Evaluate function - 80 predictions, 80 targets
DEBUG: Unique predictions: [0], Unique targets: [0 1]

Epoch  38/500 Summary:
  Train Loss: 0.6930 | Train Acc: 50.00%
  Val Acc: 50.00% | LR: 0.009865
Patience remaining: 13/50
  --------------------------------------------------
DEBUG: Evaluate function - 80 predictions, 80 targets
DEBUG: Unique predictions: [0], Unique targets: [0 1]

Epoch  39/500 Summary:
  Train Loss: 0.6938 | Train Acc: 50.00%
  Val Acc: 50.00% | LR: 0.009858
Patience remaining: 12/50
  --------------------------------------------------
DEBUG: Evaluate function - 80 predictions, 80 targets
DEBUG: Unique predictions: [0], Unique targets: [0 1]

Epoch  40/500 Summary:
  Train Loss: 0.6933 | Train Acc: 50.89%
  Val Acc: 50.00% | LR: 0.009851
Patience remaining: 11/50
  --------------------------------------------------
DEBUG: Evaluate function - 80 predictions, 80 targets
DEBUG: Unique predictions: [0], Unique targets: [0 1]

Epoch  41/500 Summary:
  Train Loss: 0.6938 | Train Acc: 45.36%
  Val Acc: 50.00% | LR: 0.009843
Patience remaining: 10/50
  --------------------------------------------------
DEBUG: Evaluate function - 80 predictions, 80 targets
DEBUG: Unique predictions: [1], Unique targets: [0 1]

Epoch  42/500 Summary:
  Train Loss: 0.6940 | Train Acc: 50.18%
  Val Acc: 50.00% | LR: 0.009835
Patience remaining: 9/50
  --------------------------------------------------
DEBUG: Evaluate function - 80 predictions, 80 targets
DEBUG: Unique predictions: [0], Unique targets: [0 1]

Epoch  43/500 Summary:
  Train Loss: 0.6932 | Train Acc: 49.11%
  Val Acc: 50.00% | LR: 0.009827
Patience remaining: 8/50
  --------------------------------------------------
DEBUG: Evaluate function - 80 predictions, 80 targets
DEBUG: Unique predictions: [0], Unique targets: [0 1]

Epoch  44/500 Summary:
  Train Loss: 0.6926 | Train Acc: 50.71%
  Val Acc: 50.00% | LR: 0.009819
Patience remaining: 7/50
  --------------------------------------------------
DEBUG: Evaluate function - 80 predictions, 80 targets
DEBUG: Unique predictions: [0], Unique targets: [0 1]

Epoch  45/500 Summary:
  Train Loss: 0.6966 | Train Acc: 50.00%
  Val Acc: 50.00% | LR: 0.009810
Patience remaining: 6/50
  --------------------------------------------------
DEBUG: Evaluate function - 80 predictions, 80 targets
DEBUG: Unique predictions: [1], Unique targets: [0 1]

Epoch  46/500 Summary:
  Train Loss: 0.6945 | Train Acc: 47.68%
  Val Acc: 50.00% | LR: 0.009801
Patience remaining: 5/50
  --------------------------------------------------
DEBUG: Evaluate function - 80 predictions, 80 targets
DEBUG: Unique predictions: [1], Unique targets: [0 1]

Epoch  47/500 Summary:
  Train Loss: 0.6970 | Train Acc: 50.00%
  Val Acc: 50.00% | LR: 0.009793
Patience remaining: 4/50
  --------------------------------------------------
DEBUG: Evaluate function - 80 predictions, 80 targets
DEBUG: Unique predictions: [0], Unique targets: [0 1]

Epoch  48/500 Summary:
  Train Loss: 0.6924 | Train Acc: 50.54%
  Val Acc: 50.00% | LR: 0.009784
Patience remaining: 3/50
  --------------------------------------------------2025-09-26 17:58:30 -     Test accuracy: 0.5000
2025-09-26 17:58:30 -   Fold 2/5
2025-09-26 17:58:30 -     Fold split: Train=560, Val=80

DEBUG: Evaluate function - 80 predictions, 80 targets
DEBUG: Unique predictions: [0], Unique targets: [0 1]

Epoch  49/500 Summary:
  Train Loss: 0.6957 | Train Acc: 50.00%
  Val Acc: 50.00% | LR: 0.009774
Patience remaining: 2/50
  --------------------------------------------------
DEBUG: Evaluate function - 80 predictions, 80 targets
DEBUG: Unique predictions: [1], Unique targets: [0 1]

Epoch  50/500 Summary:
  Train Loss: 0.6939 | Train Acc: 50.71%
  Val Acc: 50.00% | LR: 0.009765
Patience remaining: 1/50
  --------------------------------------------------
DEBUG: Evaluate function - 80 predictions, 80 targets
DEBUG: Unique predictions: [1], Unique targets: [0 1]

Epoch  51/500 Summary:
  Train Loss: 0.6930 | Train Acc: 50.36%
  Val Acc: 50.00% | LR: 0.009755
Early stopping triggered! No improvement for 50 epochs
Best validation accuracy: 50.00%

============================================================
Training Complete!
Best Validation Accuracy: 50.00%
============================================================
DEBUG: Evaluate function - 80 predictions, 80 targets
DEBUG: Unique predictions: [1], Unique targets: [0 1]
Training class distribution: [280, 280]

============================================================
Starting Training - Max Epochs: 500
Model: EEGConformer
Learning Rate: 0.01, Weight Decay: 0.0001
Dropout: 0.25, Early Stopping Patience: 50
============================================================
DEBUG: Evaluate function - 80 predictions, 80 targets
DEBUG: Unique predictions: [0], Unique targets: [0 1]

Epoch   1/500 Summary:
  Train Loss: 1.0463 | Train Acc: 49.64%
  Val Acc: 50.00% | LR: 0.010000
New best validation accuracy!
  --------------------------------------------------
DEBUG: Evaluate function - 80 predictions, 80 targets
DEBUG: Unique predictions: [1], Unique targets: [0 1]

Epoch   2/500 Summary:
  Train Loss: 0.7223 | Train Acc: 50.18%
  Val Acc: 50.00% | LR: 0.010000
Patience remaining: 49/50
  --------------------------------------------------
DEBUG: Evaluate function - 80 predictions, 80 targets
DEBUG: Unique predictions: [0], Unique targets: [0 1]

Epoch   3/500 Summary:
  Train Loss: 0.7102 | Train Acc: 50.36%
  Val Acc: 50.00% | LR: 0.010000
Patience remaining: 48/50
  --------------------------------------------------
DEBUG: Evaluate function - 80 predictions, 80 targets
DEBUG: Unique predictions: [0], Unique targets: [0 1]

Epoch   4/500 Summary:
  Train Loss: 0.6991 | Train Acc: 50.18%
  Val Acc: 50.00% | LR: 0.009999
Patience remaining: 47/50
  --------------------------------------------------
DEBUG: Evaluate function - 80 predictions, 80 targets
DEBUG: Unique predictions: [0], Unique targets: [0 1]

Epoch   5/500 Summary:
  Train Loss: 0.7023 | Train Acc: 50.54%
  Val Acc: 50.00% | LR: 0.009998
Patience remaining: 46/50
  --------------------------------------------------
DEBUG: Evaluate function - 80 predictions, 80 targets
DEBUG: Unique predictions: [1], Unique targets: [0 1]

Epoch   6/500 Summary:
  Train Loss: 0.6941 | Train Acc: 48.39%
  Val Acc: 50.00% | LR: 0.009998
Patience remaining: 45/50
  --------------------------------------------------
DEBUG: Evaluate function - 80 predictions, 80 targets
DEBUG: Unique predictions: [1], Unique targets: [0 1]

Epoch   7/500 Summary:
  Train Loss: 0.6944 | Train Acc: 49.46%
  Val Acc: 50.00% | LR: 0.009996
Patience remaining: 44/50
  --------------------------------------------------
DEBUG: Evaluate function - 80 predictions, 80 targets
DEBUG: Unique predictions: [0], Unique targets: [0 1]

Epoch   8/500 Summary:
  Train Loss: 0.6945 | Train Acc: 49.29%
  Val Acc: 50.00% | LR: 0.009995
Patience remaining: 43/50
  --------------------------------------------------
DEBUG: Evaluate function - 80 predictions, 80 targets
DEBUG: Unique predictions: [0], Unique targets: [0 1]

Epoch   9/500 Summary:
  Train Loss: 0.6916 | Train Acc: 51.25%
  Val Acc: 50.00% | LR: 0.009994
Patience remaining: 42/50
  --------------------------------------------------
DEBUG: Evaluate function - 80 predictions, 80 targets
DEBUG: Unique predictions: [0], Unique targets: [0 1]

Epoch  10/500 Summary:
  Train Loss: 0.6934 | Train Acc: 51.61%
  Val Acc: 50.00% | LR: 0.009992
Patience remaining: 41/50
  --------------------------------------------------
DEBUG: Evaluate function - 80 predictions, 80 targets
DEBUG: Unique predictions: [0], Unique targets: [0 1]

Epoch  11/500 Summary:
  Train Loss: 0.6940 | Train Acc: 50.18%
  Val Acc: 50.00% | LR: 0.009990
Patience remaining: 40/50
  --------------------------------------------------
DEBUG: Evaluate function - 80 predictions, 80 targets
DEBUG: Unique predictions: [1], Unique targets: [0 1]

Epoch  12/500 Summary:
  Train Loss: 0.6947 | Train Acc: 48.04%
  Val Acc: 50.00% | LR: 0.009988
Patience remaining: 39/50
  --------------------------------------------------
DEBUG: Evaluate function - 80 predictions, 80 targets
DEBUG: Unique predictions: [0], Unique targets: [0 1]

Epoch  13/500 Summary:
  Train Loss: 0.6942 | Train Acc: 47.32%
  Val Acc: 50.00% | LR: 0.009986
Patience remaining: 38/50
  --------------------------------------------------
DEBUG: Evaluate function - 80 predictions, 80 targets
DEBUG: Unique predictions: [0], Unique targets: [0 1]

Epoch  14/500 Summary:
  Train Loss: 0.6907 | Train Acc: 52.86%
  Val Acc: 50.00% | LR: 0.009983
Patience remaining: 37/50
  --------------------------------------------------
DEBUG: Evaluate function - 80 predictions, 80 targets
DEBUG: Unique predictions: [0], Unique targets: [0 1]

Epoch  15/500 Summary:
  Train Loss: 0.6916 | Train Acc: 52.32%
  Val Acc: 50.00% | LR: 0.009981
Patience remaining: 36/50
  --------------------------------------------------
DEBUG: Evaluate function - 80 predictions, 80 targets
DEBUG: Unique predictions: [1], Unique targets: [0 1]

Epoch  16/500 Summary:
  Train Loss: 0.6944 | Train Acc: 50.89%
  Val Acc: 50.00% | LR: 0.009978
Patience remaining: 35/50
  --------------------------------------------------
DEBUG: Evaluate function - 80 predictions, 80 targets
DEBUG: Unique predictions: [1], Unique targets: [0 1]

Epoch  17/500 Summary:
  Train Loss: 0.6940 | Train Acc: 50.18%
  Val Acc: 50.00% | LR: 0.009975
Patience remaining: 34/50
  --------------------------------------------------
DEBUG: Evaluate function - 80 predictions, 80 targets
DEBUG: Unique predictions: [1], Unique targets: [0 1]

Epoch  18/500 Summary:
  Train Loss: 0.6958 | Train Acc: 50.00%
  Val Acc: 50.00% | LR: 0.009972
Patience remaining: 33/50
  --------------------------------------------------
DEBUG: Evaluate function - 80 predictions, 80 targets
DEBUG: Unique predictions: [0], Unique targets: [0 1]

Epoch  19/500 Summary:
  Train Loss: 0.6956 | Train Acc: 50.71%
  Val Acc: 50.00% | LR: 0.009968
Patience remaining: 32/50
  --------------------------------------------------
DEBUG: Evaluate function - 80 predictions, 80 targets
DEBUG: Unique predictions: [0], Unique targets: [0 1]

Epoch  20/500 Summary:
  Train Loss: 0.6922 | Train Acc: 50.36%
  Val Acc: 50.00% | LR: 0.009964
Patience remaining: 31/50
  --------------------------------------------------
DEBUG: Evaluate function - 80 predictions, 80 targets
DEBUG: Unique predictions: [0], Unique targets: [0 1]

Epoch  21/500 Summary:
  Train Loss: 0.6923 | Train Acc: 51.96%
  Val Acc: 50.00% | LR: 0.009961
Patience remaining: 30/50
  --------------------------------------------------
DEBUG: Evaluate function - 80 predictions, 80 targets
DEBUG: Unique predictions: [0], Unique targets: [0 1]

Epoch  22/500 Summary:
  Train Loss: 0.6931 | Train Acc: 51.61%
  Val Acc: 50.00% | LR: 0.009957
Patience remaining: 29/50
  --------------------------------------------------
DEBUG: Evaluate function - 80 predictions, 80 targets
DEBUG: Unique predictions: [1], Unique targets: [0 1]

Epoch  23/500 Summary:
  Train Loss: 0.6918 | Train Acc: 52.50%
  Val Acc: 50.00% | LR: 0.009952
Patience remaining: 28/50
  --------------------------------------------------
DEBUG: Evaluate function - 80 predictions, 80 targets
DEBUG: Unique predictions: [1], Unique targets: [0 1]

Epoch  24/500 Summary:
  Train Loss: 0.6960 | Train Acc: 48.39%
  Val Acc: 50.00% | LR: 0.0099482025-09-26 17:58:33 -     Test accuracy: 0.5000
2025-09-26 17:58:33 -   Fold 3/5
2025-09-26 17:58:33 -     Fold split: Train=560, Val=80

Patience remaining: 27/50
  --------------------------------------------------
DEBUG: Evaluate function - 80 predictions, 80 targets
DEBUG: Unique predictions: [1], Unique targets: [0 1]

Epoch  25/500 Summary:
  Train Loss: 0.6927 | Train Acc: 47.14%
  Val Acc: 50.00% | LR: 0.009943
Patience remaining: 26/50
  --------------------------------------------------
DEBUG: Evaluate function - 80 predictions, 80 targets
DEBUG: Unique predictions: [1], Unique targets: [0 1]

Epoch  26/500 Summary:
  Train Loss: 0.6929 | Train Acc: 49.29%
  Val Acc: 50.00% | LR: 0.009938
Patience remaining: 25/50
  --------------------------------------------------
DEBUG: Evaluate function - 80 predictions, 80 targets
DEBUG: Unique predictions: [1], Unique targets: [0 1]

Epoch  27/500 Summary:
  Train Loss: 0.6928 | Train Acc: 47.14%
  Val Acc: 50.00% | LR: 0.009933
Patience remaining: 24/50
  --------------------------------------------------
DEBUG: Evaluate function - 80 predictions, 80 targets
DEBUG: Unique predictions: [1], Unique targets: [0 1]

Epoch  28/500 Summary:
  Train Loss: 0.6920 | Train Acc: 51.07%
  Val Acc: 50.00% | LR: 0.009928
Patience remaining: 23/50
  --------------------------------------------------
DEBUG: Evaluate function - 80 predictions, 80 targets
DEBUG: Unique predictions: [1], Unique targets: [0 1]

Epoch  29/500 Summary:
  Train Loss: 0.6926 | Train Acc: 50.54%
  Val Acc: 50.00% | LR: 0.009923
Patience remaining: 22/50
  --------------------------------------------------
DEBUG: Evaluate function - 80 predictions, 80 targets
DEBUG: Unique predictions: [0], Unique targets: [0 1]

Epoch  30/500 Summary:
  Train Loss: 0.6943 | Train Acc: 50.18%
  Val Acc: 50.00% | LR: 0.009917
Patience remaining: 21/50
  --------------------------------------------------
DEBUG: Evaluate function - 80 predictions, 80 targets
DEBUG: Unique predictions: [0], Unique targets: [0 1]

Epoch  31/500 Summary:
  Train Loss: 0.6939 | Train Acc: 49.46%
  Val Acc: 50.00% | LR: 0.009911
Patience remaining: 20/50
  --------------------------------------------------
DEBUG: Evaluate function - 80 predictions, 80 targets
DEBUG: Unique predictions: [1], Unique targets: [0 1]

Epoch  32/500 Summary:
  Train Loss: 0.6933 | Train Acc: 50.18%
  Val Acc: 50.00% | LR: 0.009905
Patience remaining: 19/50
  --------------------------------------------------
DEBUG: Evaluate function - 80 predictions, 80 targets
DEBUG: Unique predictions: [1], Unique targets: [0 1]

Epoch  33/500 Summary:
  Train Loss: 0.6915 | Train Acc: 48.57%
  Val Acc: 50.00% | LR: 0.009899
Patience remaining: 18/50
  --------------------------------------------------
DEBUG: Evaluate function - 80 predictions, 80 targets
DEBUG: Unique predictions: [1], Unique targets: [0 1]

Epoch  34/500 Summary:
  Train Loss: 0.7002 | Train Acc: 48.21%
  Val Acc: 50.00% | LR: 0.009893
Patience remaining: 17/50
  --------------------------------------------------
DEBUG: Evaluate function - 80 predictions, 80 targets
DEBUG: Unique predictions: [0], Unique targets: [0 1]

Epoch  35/500 Summary:
  Train Loss: 0.6931 | Train Acc: 47.86%
  Val Acc: 50.00% | LR: 0.009886
Patience remaining: 16/50
  --------------------------------------------------
DEBUG: Evaluate function - 80 predictions, 80 targets
DEBUG: Unique predictions: [0], Unique targets: [0 1]

Epoch  36/500 Summary:
  Train Loss: 0.6945 | Train Acc: 51.43%
  Val Acc: 50.00% | LR: 0.009880
Patience remaining: 15/50
  --------------------------------------------------
DEBUG: Evaluate function - 80 predictions, 80 targets
DEBUG: Unique predictions: [1], Unique targets: [0 1]

Epoch  37/500 Summary:
  Train Loss: 0.6946 | Train Acc: 51.25%
  Val Acc: 50.00% | LR: 0.009873
Patience remaining: 14/50
  --------------------------------------------------
DEBUG: Evaluate function - 80 predictions, 80 targets
DEBUG: Unique predictions: [1], Unique targets: [0 1]

Epoch  38/500 Summary:
  Train Loss: 0.6945 | Train Acc: 48.93%
  Val Acc: 50.00% | LR: 0.009865
Patience remaining: 13/50
  --------------------------------------------------
DEBUG: Evaluate function - 80 predictions, 80 targets
DEBUG: Unique predictions: [0], Unique targets: [0 1]

Epoch  39/500 Summary:
  Train Loss: 0.6949 | Train Acc: 45.89%
  Val Acc: 50.00% | LR: 0.009858
Patience remaining: 12/50
  --------------------------------------------------
DEBUG: Evaluate function - 80 predictions, 80 targets
DEBUG: Unique predictions: [1], Unique targets: [0 1]

Epoch  40/500 Summary:
  Train Loss: 0.6933 | Train Acc: 49.11%
  Val Acc: 50.00% | LR: 0.009851
Patience remaining: 11/50
  --------------------------------------------------
DEBUG: Evaluate function - 80 predictions, 80 targets
DEBUG: Unique predictions: [1], Unique targets: [0 1]

Epoch  41/500 Summary:
  Train Loss: 0.6922 | Train Acc: 49.46%
  Val Acc: 50.00% | LR: 0.009843
Patience remaining: 10/50
  --------------------------------------------------
DEBUG: Evaluate function - 80 predictions, 80 targets
DEBUG: Unique predictions: [1], Unique targets: [0 1]

Epoch  42/500 Summary:
  Train Loss: 0.6924 | Train Acc: 51.43%
  Val Acc: 50.00% | LR: 0.009835
Patience remaining: 9/50
  --------------------------------------------------
DEBUG: Evaluate function - 80 predictions, 80 targets
DEBUG: Unique predictions: [0], Unique targets: [0 1]

Epoch  43/500 Summary:
  Train Loss: 0.6946 | Train Acc: 46.07%
  Val Acc: 50.00% | LR: 0.009827
Patience remaining: 8/50
  --------------------------------------------------
DEBUG: Evaluate function - 80 predictions, 80 targets
DEBUG: Unique predictions: [0], Unique targets: [0 1]

Epoch  44/500 Summary:
  Train Loss: 0.6942 | Train Acc: 48.93%
  Val Acc: 50.00% | LR: 0.009819
Patience remaining: 7/50
  --------------------------------------------------
DEBUG: Evaluate function - 80 predictions, 80 targets
DEBUG: Unique predictions: [1], Unique targets: [0 1]

Epoch  45/500 Summary:
  Train Loss: 0.6927 | Train Acc: 51.43%
  Val Acc: 50.00% | LR: 0.009810
Patience remaining: 6/50
  --------------------------------------------------
DEBUG: Evaluate function - 80 predictions, 80 targets
DEBUG: Unique predictions: [0], Unique targets: [0 1]

Epoch  46/500 Summary:
  Train Loss: 0.6951 | Train Acc: 48.21%
  Val Acc: 50.00% | LR: 0.009801
Patience remaining: 5/50
  --------------------------------------------------
DEBUG: Evaluate function - 80 predictions, 80 targets
DEBUG: Unique predictions: [0], Unique targets: [0 1]

Epoch  47/500 Summary:
  Train Loss: 0.6919 | Train Acc: 51.25%
  Val Acc: 50.00% | LR: 0.009793
Patience remaining: 4/50
  --------------------------------------------------
DEBUG: Evaluate function - 80 predictions, 80 targets
DEBUG: Unique predictions: [0], Unique targets: [0 1]

Epoch  48/500 Summary:
  Train Loss: 0.6907 | Train Acc: 52.68%
  Val Acc: 50.00% | LR: 0.009784
Patience remaining: 3/50
  --------------------------------------------------
DEBUG: Evaluate function - 80 predictions, 80 targets
DEBUG: Unique predictions: [0], Unique targets: [0 1]

Epoch  49/500 Summary:
  Train Loss: 0.6958 | Train Acc: 49.29%
  Val Acc: 50.00% | LR: 0.009774
Patience remaining: 2/50
  --------------------------------------------------
DEBUG: Evaluate function - 80 predictions, 80 targets
DEBUG: Unique predictions: [1], Unique targets: [0 1]

Epoch  50/500 Summary:
  Train Loss: 0.6904 | Train Acc: 52.86%
  Val Acc: 50.00% | LR: 0.009765
Patience remaining: 1/50
  --------------------------------------------------
DEBUG: Evaluate function - 80 predictions, 80 targets
DEBUG: Unique predictions: [1], Unique targets: [0 1]

Epoch  51/500 Summary:
  Train Loss: 0.6925 | Train Acc: 49.64%
  Val Acc: 50.00% | LR: 0.009755
Early stopping triggered! No improvement for 50 epochs
Best validation accuracy: 50.00%

============================================================
Training Complete!
Best Validation Accuracy: 50.00%
============================================================
DEBUG: Evaluate function - 80 predictions, 80 targets
DEBUG: Unique predictions: [1], Unique targets: [0 1]
Training class distribution: [280, 280]

============================================================
Starting Training - Max Epochs: 500
Model: EEGConformer
Learning Rate: 0.01, Weight Decay: 0.0001
Dropout: 0.25, Early Stopping Patience: 50
============================================================
DEBUG: Evaluate function - 80 predictions, 80 targets
DEBUG: Unique predictions: [0], Unique targets: [0 1]

Epoch   1/500 Summary:
  Train Loss: 0.9661 | Train Acc: 48.75%
  Val Acc: 50.00% | LR: 0.010000
New best validation accuracy!
  --------------------------------------------------
DEBUG: Evaluate function - 80 predictions, 80 targets
DEBUG: Unique predictions: [1], Unique targets: [0 1]

Epoch   2/500 Summary:
  Train Loss: 0.7046 | Train Acc: 51.25%
  Val Acc: 50.00% | LR: 0.010000
Patience remaining: 49/50
  --------------------------------------------------
DEBUG: Evaluate function - 80 predictions, 80 targets
DEBUG: Unique predictions: [0], Unique targets: [0 1]

Epoch   3/500 Summary:
  Train Loss: 0.7019 | Train Acc: 48.75%
  Val Acc: 50.00% | LR: 0.010000
Patience remaining: 48/50
  --------------------------------------------------
DEBUG: Evaluate function - 80 predictions, 80 targets
DEBUG: Unique predictions: [0], Unique targets: [0 1]

Epoch   4/500 Summary:
  Train Loss: 0.6964 | Train Acc: 50.00%
  Val Acc: 50.00% | LR: 0.009999
Patience remaining: 47/50
  --------------------------------------------------
DEBUG: Evaluate function - 80 predictions, 80 targets
DEBUG: Unique predictions: [1], Unique targets: [0 1]

Epoch   5/500 Summary:
  Train Loss: 0.6947 | Train Acc: 48.39%
  Val Acc: 50.00% | LR: 0.009998
Patience remaining: 46/50
  --------------------------------------------------
DEBUG: Evaluate function - 80 predictions, 80 targets
DEBUG: Unique predictions: [1], Unique targets: [0 1]

Epoch   6/500 Summary:
  Train Loss: 0.6938 | Train Acc: 50.00%
  Val Acc: 50.00% | LR: 0.009998
Patience remaining: 45/50
  --------------------------------------------------
DEBUG: Evaluate function - 80 predictions, 80 targets
DEBUG: Unique predictions: [0], Unique targets: [0 1]

Epoch   7/500 Summary:
  Train Loss: 0.6934 | Train Acc: 50.36%
  Val Acc: 50.00% | LR: 0.009996
Patience remaining: 44/50
  --------------------------------------------------
DEBUG: Evaluate function - 80 predictions, 80 targets
DEBUG: Unique predictions: [0], Unique targets: [0 1]

Epoch   8/500 Summary:
  Train Loss: 0.6941 | Train Acc: 49.82%
  Val Acc: 50.00% | LR: 0.009995
Patience remaining: 43/50
  --------------------------------------------------
DEBUG: Evaluate function - 80 predictions, 80 targets
DEBUG: Unique predictions: [1], Unique targets: [0 1]

Epoch   9/500 Summary:
  Train Loss: 0.6940 | Train Acc: 49.11%
  Val Acc: 50.00% | LR: 0.009994
Patience remaining: 42/50
  --------------------------------------------------
DEBUG: Evaluate function - 80 predictions, 80 targets
DEBUG: Unique predictions: [1], Unique targets: [0 1]

Epoch  10/500 Summary:
  Train Loss: 0.6935 | Train Acc: 50.00%
  Val Acc: 50.00% | LR: 0.009992
Patience remaining: 41/50
  --------------------------------------------------
DEBUG: Evaluate function - 80 predictions, 80 targets
DEBUG: Unique predictions: [1], Unique targets: [0 1]

Epoch  11/500 Summary:
  Train Loss: 0.6931 | Train Acc: 50.54%
  Val Acc: 50.00% | LR: 0.009990
Patience remaining: 40/50
  --------------------------------------------------
DEBUG: Evaluate function - 80 predictions, 80 targets
DEBUG: Unique predictions: [0], Unique targets: [0 1]

Epoch  12/500 Summary:
  Train Loss: 0.6939 | Train Acc: 49.46%
  Val Acc: 50.00% | LR: 0.009988
Patience remaining: 39/50
  --------------------------------------------------
DEBUG: Evaluate function - 80 predictions, 80 targets
DEBUG: Unique predictions: [1], Unique targets: [0 1]

Epoch  13/500 Summary:
  Train Loss: 0.6937 | Train Acc: 47.32%
  Val Acc: 50.00% | LR: 0.009986
Patience remaining: 38/50
  --------------------------------------------------
DEBUG: Evaluate function - 80 predictions, 80 targets
DEBUG: Unique predictions: [0], Unique targets: [0 1]

Epoch  14/500 Summary:
  Train Loss: 0.6929 | Train Acc: 48.21%
  Val Acc: 50.00% | LR: 0.009983
Patience remaining: 37/50
  --------------------------------------------------
DEBUG: Evaluate function - 80 predictions, 80 targets
DEBUG: Unique predictions: [0 1], Unique targets: [0 1]

Epoch  15/500 Summary:
  Train Loss: 0.6934 | Train Acc: 51.79%
  Val Acc: 51.25% | LR: 0.009981
New best validation accuracy!
  --------------------------------------------------
DEBUG: Evaluate function - 80 predictions, 80 targets
DEBUG: Unique predictions: [1], Unique targets: [0 1]

Epoch  16/500 Summary:
  Train Loss: 0.6946 | Train Acc: 48.39%
  Val Acc: 50.00% | LR: 0.009978
Patience remaining: 49/50
  --------------------------------------------------
DEBUG: Evaluate function - 80 predictions, 80 targets
DEBUG: Unique predictions: [0], Unique targets: [0 1]

Epoch  17/500 Summary:
  Train Loss: 0.6931 | Train Acc: 50.36%
  Val Acc: 50.00% | LR: 0.009975
Patience remaining: 48/50
  --------------------------------------------------
DEBUG: Evaluate function - 80 predictions, 80 targets
DEBUG: Unique predictions: [0], Unique targets: [0 1]

Epoch  18/500 Summary:
  Train Loss: 0.6958 | Train Acc: 49.11%
  Val Acc: 50.00% | LR: 0.009972
Patience remaining: 47/50
  --------------------------------------------------
DEBUG: Evaluate function - 80 predictions, 80 targets
DEBUG: Unique predictions: [1], Unique targets: [0 1]

Epoch  19/500 Summary:
  Train Loss: 0.6937 | Train Acc: 50.00%
  Val Acc: 50.00% | LR: 0.009968
Patience remaining: 46/50
  --------------------------------------------------
DEBUG: Evaluate function - 80 predictions, 80 targets
DEBUG: Unique predictions: [1], Unique targets: [0 1]

Epoch  20/500 Summary:
  Train Loss: 0.6929 | Train Acc: 50.00%
  Val Acc: 50.00% | LR: 0.009964
Patience remaining: 45/50
  --------------------------------------------------
DEBUG: Evaluate function - 80 predictions, 80 targets
DEBUG: Unique predictions: [1], Unique targets: [0 1]

Epoch  21/500 Summary:
  Train Loss: 0.6961 | Train Acc: 50.00%
  Val Acc: 50.00% | LR: 0.009961
Patience remaining: 44/50
  --------------------------------------------------
DEBUG: Evaluate function - 80 predictions, 80 targets
DEBUG: Unique predictions: [0], Unique targets: [0 1]

Epoch  22/500 Summary:
  Train Loss: 0.6937 | Train Acc: 49.46%
  Val Acc: 50.00% | LR: 0.009957
Patience remaining: 43/50
  --------------------------------------------------
DEBUG: Evaluate function - 80 predictions, 80 targets
DEBUG: Unique predictions: [0], Unique targets: [0 1]

Epoch  23/500 Summary:
  Train Loss: 0.6932 | Train Acc: 49.82%
  Val Acc: 50.00% | LR: 0.009952
Patience remaining: 42/50
  --------------------------------------------------
DEBUG: Evaluate function - 80 predictions, 80 targets
DEBUG: Unique predictions: [0], Unique targets: [0 1]

Epoch  24/500 Summary:
  Train Loss: 0.6934 | Train Acc: 49.46%
  Val Acc: 50.00% | LR: 0.009948
Patience remaining: 41/50
  --------------------------------------------------
DEBUG: Evaluate function - 80 predictions, 80 targets
DEBUG: Unique predictions: [0], Unique targets: [0 1]

Epoch  25/500 Summary:
  Train Loss: 0.6942 | Train Acc: 49.64%
  Val Acc: 50.00% | LR: 0.009943
Patience remaining: 40/50
  --------------------------------------------------
DEBUG: Evaluate function - 80 predictions, 80 targets
DEBUG: Unique predictions: [1], Unique targets: [0 1]

Epoch  26/500 Summary:
  Train Loss: 0.6940 | Train Acc: 46.96%
  Val Acc: 50.00% | LR: 0.009938
Patience remaining: 39/50
  --------------------------------------------------
DEBUG: Evaluate function - 80 predictions, 80 targets
DEBUG: Unique predictions: [1], Unique targets: [0 1]

Epoch  27/500 Summary:
  Train Loss: 0.6942 | Train Acc: 49.64%
  Val Acc: 50.00% | LR: 0.009933
Patience remaining: 38/50
  --------------------------------------------------
DEBUG: Evaluate function - 80 predictions, 80 targets
DEBUG: Unique predictions: [0], Unique targets: [0 1]

Epoch  28/500 Summary:
  Train Loss: 0.6956 | Train Acc: 48.39%
  Val Acc: 50.00% | LR: 0.009928
Patience remaining: 37/50
  --------------------------------------------------
DEBUG: Evaluate function - 80 predictions, 80 targets
DEBUG: Unique predictions: [1], Unique targets: [0 1]

Epoch  29/500 Summary:
  Train Loss: 0.6929 | Train Acc: 52.32%
  Val Acc: 50.00% | LR: 0.009923
Patience remaining: 36/50
  --------------------------------------------------
DEBUG: Evaluate function - 80 predictions, 80 targets
DEBUG: Unique predictions: [1], Unique targets: [0 1]

Epoch  30/500 Summary:
  Train Loss: 0.6942 | Train Acc: 50.00%
  Val Acc: 50.00% | LR: 0.009917
Patience remaining: 35/50
  --------------------------------------------------
DEBUG: Evaluate function - 80 predictions, 80 targets
DEBUG: Unique predictions: [0], Unique targets: [0 1]

Epoch  31/500 Summary:
  Train Loss: 0.6940 | Train Acc: 49.64%
  Val Acc: 50.00% | LR: 0.009911
Patience remaining: 34/50
  --------------------------------------------------
DEBUG: Evaluate function - 80 predictions, 80 targets
DEBUG: Unique predictions: [0], Unique targets: [0 1]

Epoch  32/500 Summary:
  Train Loss: 0.6933 | Train Acc: 50.89%
  Val Acc: 50.00% | LR: 0.009905
Patience remaining: 33/50
  --------------------------------------------------
DEBUG: Evaluate function - 80 predictions, 80 targets
DEBUG: Unique predictions: [1], Unique targets: [0 1]

Epoch  33/500 Summary:
  Train Loss: 0.6940 | Train Acc: 48.39%
  Val Acc: 50.00% | LR: 0.009899
Patience remaining: 32/50
  --------------------------------------------------
DEBUG: Evaluate function - 80 predictions, 80 targets
DEBUG: Unique predictions: [1], Unique targets: [0 1]

Epoch  34/500 Summary:
  Train Loss: 0.6940 | Train Acc: 49.82%
  Val Acc: 50.00% | LR: 0.009893
Patience remaining: 31/50
  --------------------------------------------------
DEBUG: Evaluate function - 80 predictions, 80 targets
DEBUG: Unique predictions: [0], Unique targets: [0 1]

Epoch  35/500 Summary:
  Train Loss: 0.6942 | Train Acc: 46.25%
  Val Acc: 50.00% | LR: 0.009886
Patience remaining: 30/50
  --------------------------------------------------
DEBUG: Evaluate function - 80 predictions, 80 targets
DEBUG: Unique predictions: [0], Unique targets: [0 1]

Epoch  36/500 Summary:
  Train Loss: 0.6966 | Train Acc: 50.00%
  Val Acc: 50.00% | LR: 0.009880
Patience remaining: 29/50
  --------------------------------------------------
DEBUG: Evaluate function - 80 predictions, 80 targets
DEBUG: Unique predictions: [1], Unique targets: [0 1]

Epoch  37/500 Summary:
  Train Loss: 0.6936 | Train Acc: 48.57%
  Val Acc: 50.00% | LR: 0.009873
Patience remaining: 28/50
  --------------------------------------------------
DEBUG: Evaluate function - 80 predictions, 80 targets
DEBUG: Unique predictions: [1], Unique targets: [0 1]

Epoch  38/500 Summary:
  Train Loss: 0.6942 | Train Acc: 50.00%
  Val Acc: 50.00% | LR: 0.009865
Patience remaining: 27/50
  --------------------------------------------------
DEBUG: Evaluate function - 80 predictions, 80 targets
DEBUG: Unique predictions: [0], Unique targets: [0 1]

Epoch  39/500 Summary:
  Train Loss: 0.6948 | Train Acc: 47.68%
  Val Acc: 50.00% | LR: 0.009858
Patience remaining: 26/50
  --------------------------------------------------
DEBUG: Evaluate function - 80 predictions, 80 targets
DEBUG: Unique predictions: [1], Unique targets: [0 1]

Epoch  40/500 Summary:
  Train Loss: 0.6941 | Train Acc: 48.57%
  Val Acc: 50.00% | LR: 0.009851
Patience remaining: 25/50
  --------------------------------------------------
DEBUG: Evaluate function - 80 predictions, 80 targets
DEBUG: Unique predictions: [0], Unique targets: [0 1]

Epoch  41/500 Summary:
  Train Loss: 0.6938 | Train Acc: 47.32%
  Val Acc: 50.00% | LR: 0.009843
Patience remaining: 24/50
  --------------------------------------------------
DEBUG: Evaluate function - 80 predictions, 80 targets
DEBUG: Unique predictions: [1], Unique targets: [0 1]

Epoch  42/500 Summary:
  Train Loss: 0.6934 | Train Acc: 50.18%
  Val Acc: 50.00% | LR: 0.009835
Patience remaining: 23/50
  --------------------------------------------------
DEBUG: Evaluate function - 80 predictions, 80 targets
DEBUG: Unique predictions: [1], Unique targets: [0 1]

Epoch  43/500 Summary:
  Train Loss: 0.6931 | Train Acc: 49.46%
  Val Acc: 50.00% | LR: 0.009827
Patience remaining: 22/50
  --------------------------------------------------
DEBUG: Evaluate function - 80 predictions, 80 targets
DEBUG: Unique predictions: [1], Unique targets: [0 1]

Epoch  44/500 Summary:
  Train Loss: 0.6935 | Train Acc: 50.00%
  Val Acc: 50.00% | LR: 0.009819
Patience remaining: 21/50
  --------------------------------------------------
DEBUG: Evaluate function - 80 predictions, 80 targets
DEBUG: Unique predictions: [1], Unique targets: [0 1]

Epoch  45/500 Summary:
  Train Loss: 0.6951 | Train Acc: 50.00%
  Val Acc: 50.00% | LR: 0.009810
Patience remaining: 20/50
  --------------------------------------------------
DEBUG: Evaluate function - 80 predictions, 80 targets
DEBUG: Unique predictions: [0], Unique targets: [0 1]

Epoch  46/500 Summary:
  Train Loss: 0.6933 | Train Acc: 50.18%
  Val Acc: 50.00% | LR: 0.009801
Patience remaining: 19/50
  --------------------------------------------------
DEBUG: Evaluate function - 80 predictions, 80 targets
DEBUG: Unique predictions: [0], Unique targets: [0 1]

Epoch  47/500 Summary:
  Train Loss: 0.6955 | Train Acc: 50.00%
  Val Acc: 50.00% | LR: 0.009793
Patience remaining: 18/50
  --------------------------------------------------
DEBUG: Evaluate function - 80 predictions, 80 targets
DEBUG: Unique predictions: [1], Unique targets: [0 1]

Epoch  48/500 Summary:
  Train Loss: 0.6934 | Train Acc: 49.64%
  Val Acc: 50.00% | LR: 0.009784
Patience remaining: 17/50
  --------------------------------------------------
DEBUG: Evaluate function - 80 predictions, 80 targets
DEBUG: Unique predictions: [1], Unique targets: [0 1]

Epoch  49/500 Summary:
  Train Loss: 0.6968 | Train Acc: 50.00%
  Val Acc: 50.00% | LR: 0.009774
Patience remaining: 16/50
  --------------------------------------------------
DEBUG: Evaluate function - 80 predictions, 80 targets
DEBUG: Unique predictions: [0], Unique targets: [0 1]

Epoch  50/500 Summary:
  Train Loss: 0.6933 | Train Acc: 50.18%
  Val Acc: 50.00% | LR: 0.009765
Patience remaining: 15/50
  --------------------------------------------------
DEBUG: Evaluate function - 80 predictions, 80 targets
DEBUG: Unique predictions: [0], Unique targets: [0 1]

Epoch  51/500 Summary:
  Train Loss: 0.6944 | Train Acc: 50.00%
  Val Acc: 50.00% | LR: 0.009755
Patience remaining: 14/50
  --------------------------------------------------
DEBUG: Evaluate function - 80 predictions, 80 targets
DEBUG: Unique predictions: [1], Unique targets: [0 1]

Epoch  52/500 Summary:
  Train Loss: 0.6936 | Train Acc: 48.39%
  Val Acc: 50.00% | LR: 0.009745
Patience remaining: 13/50
  --------------------------------------------------
DEBUG: Evaluate function - 80 predictions, 80 targets
DEBUG: Unique predictions: [1], Unique targets: [0 1]

Epoch  53/500 Summary:
  Train Loss: 0.6931 | Train Acc: 50.54%
  Val Acc: 50.00% | LR: 0.009735
Patience remaining: 12/50
  --------------------------------------------------
DEBUG: Evaluate function - 80 predictions, 80 targets
DEBUG: Unique predictions: [1], Unique targets: [0 1]

Epoch  54/500 Summary:
  Train Loss: 0.6936 | Train Acc: 48.21%
  Val Acc: 50.00% | LR: 0.009725
Patience remaining: 11/50
  --------------------------------------------------
DEBUG: Evaluate function - 80 predictions, 80 targets
DEBUG: Unique predictions: [1], Unique targets: [0 1]

Epoch  55/500 Summary:
  Train Loss: 0.6941 | Train Acc: 49.82%
  Val Acc: 50.00% | LR: 0.009715
Patience remaining: 10/50
  --------------------------------------------------
DEBUG: Evaluate function - 80 predictions, 80 targets
DEBUG: Unique predictions: [1], Unique targets: [0 1]

Epoch  56/500 Summary:
  Train Loss: 0.6935 | Train Acc: 48.57%
  Val Acc: 50.00% | LR: 0.009704
Patience remaining: 9/50
  --------------------------------------------------
DEBUG: Evaluate function - 80 predictions, 80 targets
DEBUG: Unique predictions: [0], Unique targets: [0 1]

Epoch  57/500 Summary:
  Train Loss: 0.6929 | Train Acc: 50.18%
  Val Acc: 50.00% | LR: 0.009694
Patience remaining: 8/50
  --------------------------------------------------2025-09-26 17:58:36 -     Test accuracy: 0.5000
2025-09-26 17:58:36 -   Fold 4/5
2025-09-26 17:58:36 -     Fold split: Train=560, Val=80

DEBUG: Evaluate function - 80 predictions, 80 targets
DEBUG: Unique predictions: [0], Unique targets: [0 1]

Epoch  58/500 Summary:
  Train Loss: 0.6957 | Train Acc: 50.00%
  Val Acc: 50.00% | LR: 0.009683
Patience remaining: 7/50
  --------------------------------------------------
DEBUG: Evaluate function - 80 predictions, 80 targets
DEBUG: Unique predictions: [1], Unique targets: [0 1]

Epoch  59/500 Summary:
  Train Loss: 0.6934 | Train Acc: 49.29%
  Val Acc: 50.00% | LR: 0.009672
Patience remaining: 6/50
  --------------------------------------------------
DEBUG: Evaluate function - 80 predictions, 80 targets
DEBUG: Unique predictions: [1], Unique targets: [0 1]

Epoch  60/500 Summary:
  Train Loss: 0.6941 | Train Acc: 50.00%
  Val Acc: 50.00% | LR: 0.009660
Patience remaining: 5/50
  --------------------------------------------------
DEBUG: Evaluate function - 80 predictions, 80 targets
DEBUG: Unique predictions: [1], Unique targets: [0 1]

Epoch  61/500 Summary:
  Train Loss: 0.6943 | Train Acc: 48.93%
  Val Acc: 50.00% | LR: 0.009649
Patience remaining: 4/50
  --------------------------------------------------
DEBUG: Evaluate function - 80 predictions, 80 targets
DEBUG: Unique predictions: [1], Unique targets: [0 1]

Epoch  62/500 Summary:
  Train Loss: 0.6939 | Train Acc: 47.50%
  Val Acc: 50.00% | LR: 0.009637
Patience remaining: 3/50
  --------------------------------------------------
DEBUG: Evaluate function - 80 predictions, 80 targets
DEBUG: Unique predictions: [1], Unique targets: [0 1]

Epoch  63/500 Summary:
  Train Loss: 0.6935 | Train Acc: 47.68%
  Val Acc: 50.00% | LR: 0.009625
Patience remaining: 2/50
  --------------------------------------------------
DEBUG: Evaluate function - 80 predictions, 80 targets
DEBUG: Unique predictions: [1], Unique targets: [0 1]

Epoch  64/500 Summary:
  Train Loss: 0.6934 | Train Acc: 48.04%
  Val Acc: 50.00% | LR: 0.009613
Patience remaining: 1/50
  --------------------------------------------------
DEBUG: Evaluate function - 80 predictions, 80 targets
DEBUG: Unique predictions: [0], Unique targets: [0 1]

Epoch  65/500 Summary:
  Train Loss: 0.6940 | Train Acc: 48.57%
  Val Acc: 50.00% | LR: 0.009601
Early stopping triggered! No improvement for 50 epochs
Best validation accuracy: 51.25%

============================================================
Training Complete!
Best Validation Accuracy: 51.25%
============================================================
DEBUG: Evaluate function - 80 predictions, 80 targets
DEBUG: Unique predictions: [0], Unique targets: [0 1]
Training class distribution: [280, 280]

============================================================
Starting Training - Max Epochs: 500
Model: EEGConformer
Learning Rate: 0.01, Weight Decay: 0.0001
Dropout: 0.25, Early Stopping Patience: 50
============================================================
DEBUG: Evaluate function - 80 predictions, 80 targets
DEBUG: Unique predictions: [0], Unique targets: [0 1]

Epoch   1/500 Summary:
  Train Loss: 0.8972 | Train Acc: 52.86%
  Val Acc: 50.00% | LR: 0.010000
New best validation accuracy!
  --------------------------------------------------
DEBUG: Evaluate function - 80 predictions, 80 targets
DEBUG: Unique predictions: [1], Unique targets: [0 1]

Epoch   2/500 Summary:
  Train Loss: 0.7595 | Train Acc: 50.18%
  Val Acc: 50.00% | LR: 0.010000
Patience remaining: 49/50
  --------------------------------------------------
DEBUG: Evaluate function - 80 predictions, 80 targets
DEBUG: Unique predictions: [0], Unique targets: [0 1]

Epoch   3/500 Summary:
  Train Loss: 0.7234 | Train Acc: 50.00%
  Val Acc: 50.00% | LR: 0.010000
Patience remaining: 48/50
  --------------------------------------------------
DEBUG: Evaluate function - 80 predictions, 80 targets
DEBUG: Unique predictions: [0], Unique targets: [0 1]

Epoch   4/500 Summary:
  Train Loss: 0.7138 | Train Acc: 48.57%
  Val Acc: 50.00% | LR: 0.009999
Patience remaining: 47/50
  --------------------------------------------------
DEBUG: Evaluate function - 80 predictions, 80 targets
DEBUG: Unique predictions: [1], Unique targets: [0 1]

Epoch   5/500 Summary:
  Train Loss: 0.6992 | Train Acc: 50.18%
  Val Acc: 50.00% | LR: 0.009998
Patience remaining: 46/50
  --------------------------------------------------
DEBUG: Evaluate function - 80 predictions, 80 targets
DEBUG: Unique predictions: [1], Unique targets: [0 1]

Epoch   6/500 Summary:
  Train Loss: 0.6958 | Train Acc: 50.00%
  Val Acc: 50.00% | LR: 0.009998
Patience remaining: 45/50
  --------------------------------------------------
DEBUG: Evaluate function - 80 predictions, 80 targets
DEBUG: Unique predictions: [1], Unique targets: [0 1]

Epoch   7/500 Summary:
  Train Loss: 0.6962 | Train Acc: 50.00%
  Val Acc: 50.00% | LR: 0.009996
Patience remaining: 44/50
  --------------------------------------------------
DEBUG: Evaluate function - 80 predictions, 80 targets
DEBUG: Unique predictions: [0], Unique targets: [0 1]

Epoch   8/500 Summary:
  Train Loss: 0.6941 | Train Acc: 49.82%
  Val Acc: 50.00% | LR: 0.009995
Patience remaining: 43/50
  --------------------------------------------------
DEBUG: Evaluate function - 80 predictions, 80 targets
DEBUG: Unique predictions: [0], Unique targets: [0 1]

Epoch   9/500 Summary:
  Train Loss: 0.6946 | Train Acc: 50.00%
  Val Acc: 50.00% | LR: 0.009994
Patience remaining: 42/50
  --------------------------------------------------
DEBUG: Evaluate function - 80 predictions, 80 targets
DEBUG: Unique predictions: [1], Unique targets: [0 1]

Epoch  10/500 Summary:
  Train Loss: 0.6944 | Train Acc: 48.75%
  Val Acc: 50.00% | LR: 0.009992
Patience remaining: 41/50
  --------------------------------------------------
DEBUG: Evaluate function - 80 predictions, 80 targets
DEBUG: Unique predictions: [0], Unique targets: [0 1]

Epoch  11/500 Summary:
  Train Loss: 0.6943 | Train Acc: 48.21%
  Val Acc: 50.00% | LR: 0.009990
Patience remaining: 40/50
  --------------------------------------------------
DEBUG: Evaluate function - 80 predictions, 80 targets
DEBUG: Unique predictions: [0], Unique targets: [0 1]

Epoch  12/500 Summary:
  Train Loss: 0.6934 | Train Acc: 49.64%
  Val Acc: 50.00% | LR: 0.009988
Patience remaining: 39/50
  --------------------------------------------------
DEBUG: Evaluate function - 80 predictions, 80 targets
DEBUG: Unique predictions: [0], Unique targets: [0 1]

Epoch  13/500 Summary:
  Train Loss: 0.6945 | Train Acc: 49.82%
  Val Acc: 50.00% | LR: 0.009986
Patience remaining: 38/50
  --------------------------------------------------
DEBUG: Evaluate function - 80 predictions, 80 targets
DEBUG: Unique predictions: [1], Unique targets: [0 1]

Epoch  14/500 Summary:
  Train Loss: 0.6950 | Train Acc: 48.04%
  Val Acc: 50.00% | LR: 0.009983
Patience remaining: 37/50
  --------------------------------------------------
DEBUG: Evaluate function - 80 predictions, 80 targets
DEBUG: Unique predictions: [0 1], Unique targets: [0 1]

Epoch  15/500 Summary:
  Train Loss: 0.6937 | Train Acc: 50.00%
  Val Acc: 50.00% | LR: 0.009981
Patience remaining: 36/50
  --------------------------------------------------
DEBUG: Evaluate function - 80 predictions, 80 targets
DEBUG: Unique predictions: [0], Unique targets: [0 1]

Epoch  16/500 Summary:
  Train Loss: 0.6922 | Train Acc: 53.21%
  Val Acc: 50.00% | LR: 0.009978
Patience remaining: 35/50
  --------------------------------------------------
DEBUG: Evaluate function - 80 predictions, 80 targets
DEBUG: Unique predictions: [0], Unique targets: [0 1]

Epoch  17/500 Summary:
  Train Loss: 0.6928 | Train Acc: 50.00%
  Val Acc: 50.00% | LR: 0.009975
Patience remaining: 34/50
  --------------------------------------------------
DEBUG: Evaluate function - 80 predictions, 80 targets
DEBUG: Unique predictions: [0], Unique targets: [0 1]

Epoch  18/500 Summary:
  Train Loss: 0.6958 | Train Acc: 50.00%
  Val Acc: 50.00% | LR: 0.009972
Patience remaining: 33/50
  --------------------------------------------------
DEBUG: Evaluate function - 80 predictions, 80 targets
DEBUG: Unique predictions: [1], Unique targets: [0 1]

Epoch  19/500 Summary:
  Train Loss: 0.6942 | Train Acc: 48.75%
  Val Acc: 50.00% | LR: 0.009968
Patience remaining: 32/50
  --------------------------------------------------
DEBUG: Evaluate function - 80 predictions, 80 targets
DEBUG: Unique predictions: [1], Unique targets: [0 1]

Epoch  20/500 Summary:
  Train Loss: 0.6931 | Train Acc: 50.18%
  Val Acc: 50.00% | LR: 0.009964
Patience remaining: 31/50
  --------------------------------------------------
DEBUG: Evaluate function - 80 predictions, 80 targets
DEBUG: Unique predictions: [0], Unique targets: [0 1]

Epoch  21/500 Summary:
  Train Loss: 0.6933 | Train Acc: 47.32%
  Val Acc: 50.00% | LR: 0.009961
Patience remaining: 30/50
  --------------------------------------------------
DEBUG: Evaluate function - 80 predictions, 80 targets
DEBUG: Unique predictions: [0], Unique targets: [0 1]

Epoch  22/500 Summary:
  Train Loss: 0.6939 | Train Acc: 50.00%
  Val Acc: 50.00% | LR: 0.009957
Patience remaining: 29/50
  --------------------------------------------------
DEBUG: Evaluate function - 80 predictions, 80 targets
DEBUG: Unique predictions: [1], Unique targets: [0 1]

Epoch  23/500 Summary:
  Train Loss: 0.6925 | Train Acc: 50.54%
  Val Acc: 50.00% | LR: 0.009952
Patience remaining: 28/50
  --------------------------------------------------
DEBUG: Evaluate function - 80 predictions, 80 targets
DEBUG: Unique predictions: [1], Unique targets: [0 1]

Epoch  24/500 Summary:
  Train Loss: 0.6931 | Train Acc: 49.82%
  Val Acc: 50.00% | LR: 0.009948
Patience remaining: 27/50
  --------------------------------------------------
DEBUG: Evaluate function - 80 predictions, 80 targets
DEBUG: Unique predictions: [1], Unique targets: [0 1]

Epoch  25/500 Summary:
  Train Loss: 0.6945 | Train Acc: 50.00%
  Val Acc: 50.00% | LR: 0.009943
Patience remaining: 26/50
  --------------------------------------------------
DEBUG: Evaluate function - 80 predictions, 80 targets
DEBUG: Unique predictions: [0], Unique targets: [0 1]

Epoch  26/500 Summary:
  Train Loss: 0.6927 | Train Acc: 49.11%
  Val Acc: 50.00% | LR: 0.009938
Patience remaining: 25/50
  --------------------------------------------------
DEBUG: Evaluate function - 80 predictions, 80 targets
DEBUG: Unique predictions: [0], Unique targets: [0 1]

Epoch  27/500 Summary:
  Train Loss: 0.6942 | Train Acc: 49.46%
  Val Acc: 50.00% | LR: 0.009933
Patience remaining: 24/50
  --------------------------------------------------
DEBUG: Evaluate function - 80 predictions, 80 targets
DEBUG: Unique predictions: [0], Unique targets: [0 1]

Epoch  28/500 Summary:
  Train Loss: 0.6941 | Train Acc: 49.82%
  Val Acc: 50.00% | LR: 0.009928
Patience remaining: 23/50
  --------------------------------------------------
DEBUG: Evaluate function - 80 predictions, 80 targets
DEBUG: Unique predictions: [1], Unique targets: [0 1]

Epoch  29/500 Summary:
  Train Loss: 0.6932 | Train Acc: 51.96%
  Val Acc: 50.00% | LR: 0.009923
Patience remaining: 22/50
  --------------------------------------------------
DEBUG: Evaluate function - 80 predictions, 80 targets
DEBUG: Unique predictions: [1], Unique targets: [0 1]

Epoch  30/500 Summary:
  Train Loss: 0.6930 | Train Acc: 49.82%
  Val Acc: 50.00% | LR: 0.009917
Patience remaining: 21/50
  --------------------------------------------------
DEBUG: Evaluate function - 80 predictions, 80 targets
DEBUG: Unique predictions: [1], Unique targets: [0 1]

Epoch  31/500 Summary:
  Train Loss: 0.6938 | Train Acc: 50.18%
  Val Acc: 50.00% | LR: 0.009911
Patience remaining: 20/50
  --------------------------------------------------
DEBUG: Evaluate function - 80 predictions, 80 targets
DEBUG: Unique predictions: [0], Unique targets: [0 1]

Epoch  32/500 Summary:
  Train Loss: 0.6939 | Train Acc: 49.11%
  Val Acc: 50.00% | LR: 0.009905
Patience remaining: 19/50
  --------------------------------------------------
DEBUG: Evaluate function - 80 predictions, 80 targets
DEBUG: Unique predictions: [0], Unique targets: [0 1]

Epoch  33/500 Summary:
  Train Loss: 0.6934 | Train Acc: 48.93%
  Val Acc: 50.00% | LR: 0.009899
Patience remaining: 18/50
  --------------------------------------------------
DEBUG: Evaluate function - 80 predictions, 80 targets
DEBUG: Unique predictions: [1], Unique targets: [0 1]

Epoch  34/500 Summary:
  Train Loss: 0.6935 | Train Acc: 47.68%
  Val Acc: 50.00% | LR: 0.009893
Patience remaining: 17/50
  --------------------------------------------------
DEBUG: Evaluate function - 80 predictions, 80 targets
DEBUG: Unique predictions: [1], Unique targets: [0 1]

Epoch  35/500 Summary:
  Train Loss: 0.6938 | Train Acc: 49.64%
  Val Acc: 50.00% | LR: 0.009886
Patience remaining: 16/50
  --------------------------------------------------
DEBUG: Evaluate function - 80 predictions, 80 targets
DEBUG: Unique predictions: [0], Unique targets: [0 1]

Epoch  36/500 Summary:
  Train Loss: 0.6935 | Train Acc: 48.75%
  Val Acc: 50.00% | LR: 0.009880
Patience remaining: 15/50
  --------------------------------------------------
DEBUG: Evaluate function - 80 predictions, 80 targets
DEBUG: Unique predictions: [0], Unique targets: [0 1]

Epoch  37/500 Summary:
  Train Loss: 0.6930 | Train Acc: 50.18%
  Val Acc: 50.00% | LR: 0.009873
Patience remaining: 14/50
  --------------------------------------------------
DEBUG: Evaluate function - 80 predictions, 80 targets
DEBUG: Unique predictions: [0], Unique targets: [0 1]

Epoch  38/500 Summary:
  Train Loss: 0.6927 | Train Acc: 53.21%
  Val Acc: 50.00% | LR: 0.009865
Patience remaining: 13/50
  --------------------------------------------------
DEBUG: Evaluate function - 80 predictions, 80 targets
DEBUG: Unique predictions: [1], Unique targets: [0 1]

Epoch  39/500 Summary:
  Train Loss: 0.6923 | Train Acc: 50.71%
  Val Acc: 50.00% | LR: 0.009858
Patience remaining: 12/50
  --------------------------------------------------
DEBUG: Evaluate function - 80 predictions, 80 targets
DEBUG: Unique predictions: [0 1], Unique targets: [0 1]

Epoch  40/500 Summary:
  Train Loss: 0.6931 | Train Acc: 49.46%
  Val Acc: 45.00% | LR: 0.009851
Patience remaining: 11/50
  --------------------------------------------------
DEBUG: Evaluate function - 80 predictions, 80 targets
DEBUG: Unique predictions: [0 1], Unique targets: [0 1]

Epoch  41/500 Summary:
  Train Loss: 0.6934 | Train Acc: 51.43%
  Val Acc: 46.25% | LR: 0.009843
Patience remaining: 10/50
  --------------------------------------------------
DEBUG: Evaluate function - 80 predictions, 80 targets
DEBUG: Unique predictions: [0], Unique targets: [0 1]

Epoch  42/500 Summary:
  Train Loss: 0.6944 | Train Acc: 45.54%
  Val Acc: 50.00% | LR: 0.009835
Patience remaining: 9/50
  --------------------------------------------------
DEBUG: Evaluate function - 80 predictions, 80 targets
DEBUG: Unique predictions: [0], Unique targets: [0 1]

Epoch  43/500 Summary:
  Train Loss: 0.6939 | Train Acc: 50.00%
  Val Acc: 50.00% | LR: 0.009827
Patience remaining: 8/50
  --------------------------------------------------
DEBUG: Evaluate function - 80 predictions, 80 targets
DEBUG: Unique predictions: [0], Unique targets: [0 1]

Epoch  44/500 Summary:
  Train Loss: 0.6936 | Train Acc: 47.68%
  Val Acc: 50.00% | LR: 0.009819
Patience remaining: 7/50
  --------------------------------------------------
DEBUG: Evaluate function - 80 predictions, 80 targets
DEBUG: Unique predictions: [0 1], Unique targets: [0 1]

Epoch  45/500 Summary:
  Train Loss: 0.6947 | Train Acc: 48.93%
  Val Acc: 43.75% | LR: 0.009810
Patience remaining: 6/50
  --------------------------------------------------
DEBUG: Evaluate function - 80 predictions, 80 targets
DEBUG: Unique predictions: [0], Unique targets: [0 1]

Epoch  46/500 Summary:
  Train Loss: 0.6920 | Train Acc: 52.50%
  Val Acc: 50.00% | LR: 0.009801
Patience remaining: 5/50
  --------------------------------------------------
DEBUG: Evaluate function - 80 predictions, 80 targets
DEBUG: Unique predictions: [0], Unique targets: [0 1]

Epoch  47/500 Summary:
  Train Loss: 0.6953 | Train Acc: 50.00%
  Val Acc: 50.00% | LR: 0.009793
Patience remaining: 4/50
  --------------------------------------------------
DEBUG: Evaluate function - 80 predictions, 80 targets
DEBUG: Unique predictions: [1], Unique targets: [0 1]

Epoch  48/500 Summary:
2025-09-26 17:58:39 -     Test accuracy: 0.5000
2025-09-26 17:58:39 -   Fold 5/5
2025-09-26 17:58:39 -     Fold split: Train=560, Val=80
  Train Loss: 0.6936 | Train Acc: 51.07%
  Val Acc: 50.00% | LR: 0.009784
Patience remaining: 3/50
  --------------------------------------------------
DEBUG: Evaluate function - 80 predictions, 80 targets
DEBUG: Unique predictions: [1], Unique targets: [0 1]

Epoch  49/500 Summary:
  Train Loss: 0.6928 | Train Acc: 50.89%
  Val Acc: 50.00% | LR: 0.009774
Patience remaining: 2/50
  --------------------------------------------------
DEBUG: Evaluate function - 80 predictions, 80 targets
DEBUG: Unique predictions: [1], Unique targets: [0 1]

Epoch  50/500 Summary:
  Train Loss: 0.6937 | Train Acc: 50.18%
  Val Acc: 50.00% | LR: 0.009765
Patience remaining: 1/50
  --------------------------------------------------
DEBUG: Evaluate function - 80 predictions, 80 targets
DEBUG: Unique predictions: [0], Unique targets: [0 1]

Epoch  51/500 Summary:
  Train Loss: 0.6941 | Train Acc: 50.18%
  Val Acc: 50.00% | LR: 0.009755
Early stopping triggered! No improvement for 50 epochs
Best validation accuracy: 50.00%

============================================================
Training Complete!
Best Validation Accuracy: 50.00%
============================================================
DEBUG: Evaluate function - 80 predictions, 80 targets
DEBUG: Unique predictions: [0], Unique targets: [0 1]
Training class distribution: [280, 280]

============================================================
Starting Training - Max Epochs: 500
Model: EEGConformer
Learning Rate: 0.01, Weight Decay: 0.0001
Dropout: 0.25, Early Stopping Patience: 50
============================================================
DEBUG: Evaluate function - 80 predictions, 80 targets
DEBUG: Unique predictions: [0], Unique targets: [0 1]

Epoch   1/500 Summary:
  Train Loss: 1.0475 | Train Acc: 50.00%
  Val Acc: 50.00% | LR: 0.010000
New best validation accuracy!
  --------------------------------------------------
DEBUG: Evaluate function - 80 predictions, 80 targets
DEBUG: Unique predictions: [1], Unique targets: [0 1]

Epoch   2/500 Summary:
  Train Loss: 0.7104 | Train Acc: 50.36%
  Val Acc: 50.00% | LR: 0.010000
Patience remaining: 49/50
  --------------------------------------------------
DEBUG: Evaluate function - 80 predictions, 80 targets
DEBUG: Unique predictions: [0], Unique targets: [0 1]

Epoch   3/500 Summary:
  Train Loss: 0.7100 | Train Acc: 50.00%
  Val Acc: 50.00% | LR: 0.010000
Patience remaining: 48/50
  --------------------------------------------------
DEBUG: Evaluate function - 80 predictions, 80 targets
DEBUG: Unique predictions: [0], Unique targets: [0 1]

Epoch   4/500 Summary:
  Train Loss: 0.6984 | Train Acc: 50.00%
  Val Acc: 50.00% | LR: 0.009999
Patience remaining: 47/50
  --------------------------------------------------
DEBUG: Evaluate function - 80 predictions, 80 targets
DEBUG: Unique predictions: [1], Unique targets: [0 1]

Epoch   5/500 Summary:
  Train Loss: 0.6944 | Train Acc: 52.50%
  Val Acc: 50.00% | LR: 0.009998
Patience remaining: 46/50
  --------------------------------------------------
DEBUG: Evaluate function - 80 predictions, 80 targets
DEBUG: Unique predictions: [1], Unique targets: [0 1]

Epoch   6/500 Summary:
  Train Loss: 0.6936 | Train Acc: 50.00%
  Val Acc: 50.00% | LR: 0.009998
Patience remaining: 45/50
  --------------------------------------------------
DEBUG: Evaluate function - 80 predictions, 80 targets
DEBUG: Unique predictions: [1], Unique targets: [0 1]

Epoch   7/500 Summary:
  Train Loss: 0.6937 | Train Acc: 50.00%
  Val Acc: 50.00% | LR: 0.009996
Patience remaining: 44/50
  --------------------------------------------------
DEBUG: Evaluate function - 80 predictions, 80 targets
DEBUG: Unique predictions: [0 1], Unique targets: [0 1]

Epoch   8/500 Summary:
  Train Loss: 0.6955 | Train Acc: 50.00%
  Val Acc: 47.50% | LR: 0.009995
Patience remaining: 43/50
  --------------------------------------------------
DEBUG: Evaluate function - 80 predictions, 80 targets
DEBUG: Unique predictions: [0], Unique targets: [0 1]

Epoch   9/500 Summary:
  Train Loss: 0.6961 | Train Acc: 49.64%
  Val Acc: 50.00% | LR: 0.009994
Patience remaining: 42/50
  --------------------------------------------------
DEBUG: Evaluate function - 80 predictions, 80 targets
DEBUG: Unique predictions: [1], Unique targets: [0 1]

Epoch  10/500 Summary:
  Train Loss: 0.6942 | Train Acc: 49.11%
  Val Acc: 50.00% | LR: 0.009992
Patience remaining: 41/50
  --------------------------------------------------
DEBUG: Evaluate function - 80 predictions, 80 targets
DEBUG: Unique predictions: [1], Unique targets: [0 1]

Epoch  11/500 Summary:
  Train Loss: 0.6927 | Train Acc: 51.43%
  Val Acc: 50.00% | LR: 0.009990
Patience remaining: 40/50
  --------------------------------------------------
DEBUG: Evaluate function - 80 predictions, 80 targets
DEBUG: Unique predictions: [1], Unique targets: [0 1]

Epoch  12/500 Summary:
  Train Loss: 0.6937 | Train Acc: 50.00%
  Val Acc: 50.00% | LR: 0.009988
Patience remaining: 39/50
  --------------------------------------------------
DEBUG: Evaluate function - 80 predictions, 80 targets
DEBUG: Unique predictions: [0 1], Unique targets: [0 1]

Epoch  13/500 Summary:
  Train Loss: 0.6944 | Train Acc: 49.29%
  Val Acc: 47.50% | LR: 0.009986
Patience remaining: 38/50
  --------------------------------------------------
DEBUG: Evaluate function - 80 predictions, 80 targets
DEBUG: Unique predictions: [0], Unique targets: [0 1]

Epoch  14/500 Summary:
  Train Loss: 0.6953 | Train Acc: 47.32%
  Val Acc: 50.00% | LR: 0.009983
Patience remaining: 37/50
  --------------------------------------------------
DEBUG: Evaluate function - 80 predictions, 80 targets
DEBUG: Unique predictions: [1], Unique targets: [0 1]

Epoch  15/500 Summary:
  Train Loss: 0.6929 | Train Acc: 51.07%
  Val Acc: 50.00% | LR: 0.009981
Patience remaining: 36/50
  --------------------------------------------------
DEBUG: Evaluate function - 80 predictions, 80 targets
DEBUG: Unique predictions: [1], Unique targets: [0 1]

Epoch  16/500 Summary:
  Train Loss: 0.6942 | Train Acc: 50.00%
  Val Acc: 50.00% | LR: 0.009978
Patience remaining: 35/50
  --------------------------------------------------
DEBUG: Evaluate function - 80 predictions, 80 targets
DEBUG: Unique predictions: [0], Unique targets: [0 1]

Epoch  17/500 Summary:
  Train Loss: 0.6954 | Train Acc: 46.25%
  Val Acc: 50.00% | LR: 0.009975
Patience remaining: 34/50
  --------------------------------------------------
DEBUG: Evaluate function - 80 predictions, 80 targets
DEBUG: Unique predictions: [0 1], Unique targets: [0 1]

Epoch  18/500 Summary:
  Train Loss: 0.6934 | Train Acc: 49.82%
  Val Acc: 57.50% | LR: 0.009972
New best validation accuracy!
  --------------------------------------------------
DEBUG: Evaluate function - 80 predictions, 80 targets
DEBUG: Unique predictions: [1], Unique targets: [0 1]

Epoch  19/500 Summary:
  Train Loss: 0.6924 | Train Acc: 51.96%
  Val Acc: 50.00% | LR: 0.009968
Patience remaining: 49/50
  --------------------------------------------------
DEBUG: Evaluate function - 80 predictions, 80 targets
DEBUG: Unique predictions: [0 1], Unique targets: [0 1]

Epoch  20/500 Summary:
  Train Loss: 0.6941 | Train Acc: 50.00%
  Val Acc: 50.00% | LR: 0.009964
Patience remaining: 48/50
  --------------------------------------------------
DEBUG: Evaluate function - 80 predictions, 80 targets
DEBUG: Unique predictions: [0], Unique targets: [0 1]

Epoch  21/500 Summary:
  Train Loss: 0.6937 | Train Acc: 49.64%
  Val Acc: 50.00% | LR: 0.009961
Patience remaining: 47/50
  --------------------------------------------------
DEBUG: Evaluate function - 80 predictions, 80 targets
DEBUG: Unique predictions: [0 1], Unique targets: [0 1]

Epoch  22/500 Summary:
  Train Loss: 0.6927 | Train Acc: 49.82%
  Val Acc: 53.75% | LR: 0.009957
Patience remaining: 46/50
  --------------------------------------------------
DEBUG: Evaluate function - 80 predictions, 80 targets
DEBUG: Unique predictions: [0 1], Unique targets: [0 1]

Epoch  23/500 Summary:
  Train Loss: 0.6906 | Train Acc: 53.93%
  Val Acc: 48.75% | LR: 0.009952
Patience remaining: 45/50
  --------------------------------------------------
DEBUG: Evaluate function - 80 predictions, 80 targets
DEBUG: Unique predictions: [0 1], Unique targets: [0 1]

Epoch  24/500 Summary:
  Train Loss: 0.6910 | Train Acc: 54.64%
  Val Acc: 48.75% | LR: 0.009948
Patience remaining: 44/50
  --------------------------------------------------
DEBUG: Evaluate function - 80 predictions, 80 targets
DEBUG: Unique predictions: [0 1], Unique targets: [0 1]

Epoch  25/500 Summary:
  Train Loss: 0.6885 | Train Acc: 55.54%
  Val Acc: 55.00% | LR: 0.009943
Patience remaining: 43/50
  --------------------------------------------------
DEBUG: Evaluate function - 80 predictions, 80 targets
DEBUG: Unique predictions: [0 1], Unique targets: [0 1]

Epoch  26/500 Summary:
  Train Loss: 0.6843 | Train Acc: 56.25%
  Val Acc: 51.25% | LR: 0.009938
Patience remaining: 42/50
  --------------------------------------------------
DEBUG: Evaluate function - 80 predictions, 80 targets
DEBUG: Unique predictions: [0 1], Unique targets: [0 1]

Epoch  27/500 Summary:
  Train Loss: 0.6819 | Train Acc: 54.46%
  Val Acc: 53.75% | LR: 0.009933
Patience remaining: 41/50
  --------------------------------------------------
DEBUG: Evaluate function - 80 predictions, 80 targets
DEBUG: Unique predictions: [0 1], Unique targets: [0 1]

Epoch  28/500 Summary:
  Train Loss: 0.6785 | Train Acc: 58.39%
  Val Acc: 56.25% | LR: 0.009928
Patience remaining: 40/50
  --------------------------------------------------
DEBUG: Evaluate function - 80 predictions, 80 targets
DEBUG: Unique predictions: [0 1], Unique targets: [0 1]

Epoch  29/500 Summary:
  Train Loss: 0.6737 | Train Acc: 58.75%
  Val Acc: 55.00% | LR: 0.009923
Patience remaining: 39/50
  --------------------------------------------------
DEBUG: Evaluate function - 80 predictions, 80 targets
DEBUG: Unique predictions: [0 1], Unique targets: [0 1]

Epoch  30/500 Summary:
  Train Loss: 0.6658 | Train Acc: 58.93%
  Val Acc: 56.25% | LR: 0.009917
Patience remaining: 38/50
  --------------------------------------------------
DEBUG: Evaluate function - 80 predictions, 80 targets
DEBUG: Unique predictions: [0 1], Unique targets: [0 1]

Epoch  31/500 Summary:
  Train Loss: 0.6600 | Train Acc: 62.86%
  Val Acc: 57.50% | LR: 0.009911
Patience remaining: 37/50
  --------------------------------------------------
DEBUG: Evaluate function - 80 predictions, 80 targets
DEBUG: Unique predictions: [0 1], Unique targets: [0 1]

Epoch  32/500 Summary:
  Train Loss: 0.6798 | Train Acc: 58.93%
  Val Acc: 61.25% | LR: 0.009905
New best validation accuracy!
  --------------------------------------------------
DEBUG: Evaluate function - 80 predictions, 80 targets
DEBUG: Unique predictions: [0 1], Unique targets: [0 1]

Epoch  33/500 Summary:
  Train Loss: 0.6528 | Train Acc: 62.86%
  Val Acc: 56.25% | LR: 0.009899
Patience remaining: 49/50
  --------------------------------------------------
DEBUG: Evaluate function - 80 predictions, 80 targets
DEBUG: Unique predictions: [0 1], Unique targets: [0 1]

Epoch  34/500 Summary:
  Train Loss: 0.6602 | Train Acc: 60.18%
  Val Acc: 60.00% | LR: 0.009893
Patience remaining: 48/50
  --------------------------------------------------
DEBUG: Evaluate function - 80 predictions, 80 targets
DEBUG: Unique predictions: [0 1], Unique targets: [0 1]

Epoch  35/500 Summary:
  Train Loss: 0.6352 | Train Acc: 62.86%
  Val Acc: 62.50% | LR: 0.009886
New best validation accuracy!
  --------------------------------------------------
DEBUG: Evaluate function - 80 predictions, 80 targets
DEBUG: Unique predictions: [0 1], Unique targets: [0 1]

Epoch  36/500 Summary:
  Train Loss: 0.6275 | Train Acc: 64.29%
  Val Acc: 60.00% | LR: 0.009880
Patience remaining: 49/50
  --------------------------------------------------
DEBUG: Evaluate function - 80 predictions, 80 targets
DEBUG: Unique predictions: [0 1], Unique targets: [0 1]

Epoch  37/500 Summary:
  Train Loss: 0.6417 | Train Acc: 66.61%
  Val Acc: 56.25% | LR: 0.009873
Patience remaining: 48/50
  --------------------------------------------------
DEBUG: Evaluate function - 80 predictions, 80 targets
DEBUG: Unique predictions: [0 1], Unique targets: [0 1]

Epoch  38/500 Summary:
  Train Loss: 0.6385 | Train Acc: 65.54%
  Val Acc: 63.75% | LR: 0.009865
New best validation accuracy!
  --------------------------------------------------
DEBUG: Evaluate function - 80 predictions, 80 targets
DEBUG: Unique predictions: [0 1], Unique targets: [0 1]

Epoch  39/500 Summary:
  Train Loss: 0.6330 | Train Acc: 65.71%
  Val Acc: 60.00% | LR: 0.009858
Patience remaining: 49/50
  --------------------------------------------------
DEBUG: Evaluate function - 80 predictions, 80 targets
DEBUG: Unique predictions: [0 1], Unique targets: [0 1]

Epoch  40/500 Summary:
  Train Loss: 0.6089 | Train Acc: 68.21%
  Val Acc: 56.25% | LR: 0.009851
Patience remaining: 48/50
  --------------------------------------------------
DEBUG: Evaluate function - 80 predictions, 80 targets
DEBUG: Unique predictions: [0 1], Unique targets: [0 1]

Epoch  41/500 Summary:
  Train Loss: 0.6079 | Train Acc: 68.04%
  Val Acc: 61.25% | LR: 0.009843
Patience remaining: 47/50
  --------------------------------------------------
DEBUG: Evaluate function - 80 predictions, 80 targets
DEBUG: Unique predictions: [0 1], Unique targets: [0 1]

Epoch  42/500 Summary:
  Train Loss: 0.6383 | Train Acc: 64.82%
  Val Acc: 63.75% | LR: 0.009835
Patience remaining: 46/50
  --------------------------------------------------
DEBUG: Evaluate function - 80 predictions, 80 targets
DEBUG: Unique predictions: [0 1], Unique targets: [0 1]

Epoch  43/500 Summary:
  Train Loss: 0.6200 | Train Acc: 66.07%
  Val Acc: 58.75% | LR: 0.009827
Patience remaining: 45/50
  --------------------------------------------------
DEBUG: Evaluate function - 80 predictions, 80 targets
DEBUG: Unique predictions: [0 1], Unique targets: [0 1]

Epoch  44/500 Summary:
  Train Loss: 0.6167 | Train Acc: 67.14%
  Val Acc: 55.00% | LR: 0.009819
Patience remaining: 44/50
  --------------------------------------------------
DEBUG: Evaluate function - 80 predictions, 80 targets
DEBUG: Unique predictions: [0 1], Unique targets: [0 1]

Epoch  45/500 Summary:
  Train Loss: 0.6030 | Train Acc: 68.39%
  Val Acc: 55.00% | LR: 0.009810
Patience remaining: 43/50
  --------------------------------------------------
DEBUG: Evaluate function - 80 predictions, 80 targets
DEBUG: Unique predictions: [0 1], Unique targets: [0 1]

Epoch  46/500 Summary:
  Train Loss: 0.5950 | Train Acc: 69.46%
  Val Acc: 56.25% | LR: 0.009801
Patience remaining: 42/50
  --------------------------------------------------
DEBUG: Evaluate function - 80 predictions, 80 targets
DEBUG: Unique predictions: [0 1], Unique targets: [0 1]

Epoch  47/500 Summary:
  Train Loss: 0.5873 | Train Acc: 69.46%
  Val Acc: 61.25% | LR: 0.009793
Patience remaining: 41/50
  --------------------------------------------------
DEBUG: Evaluate function - 80 predictions, 80 targets
DEBUG: Unique predictions: [0 1], Unique targets: [0 1]

Epoch  48/500 Summary:
  Train Loss: 0.6223 | Train Acc: 66.25%
  Val Acc: 57.50% | LR: 0.009784
Patience remaining: 40/50
  --------------------------------------------------
DEBUG: Evaluate function - 80 predictions, 80 targets
DEBUG: Unique predictions: [0 1], Unique targets: [0 1]

Epoch  49/500 Summary:
  Train Loss: 0.5951 | Train Acc: 69.11%
  Val Acc: 62.50% | LR: 0.009774
Patience remaining: 39/50
  --------------------------------------------------
DEBUG: Evaluate function - 80 predictions, 80 targets
DEBUG: Unique predictions: [0 1], Unique targets: [0 1]

Epoch  50/500 Summary:
  Train Loss: 0.5981 | Train Acc: 68.93%
  Val Acc: 56.25% | LR: 0.009765
Patience remaining: 38/50
  --------------------------------------------------
DEBUG: Evaluate function - 80 predictions, 80 targets
DEBUG: Unique predictions: [0 1], Unique targets: [0 1]

Epoch  51/500 Summary:
  Train Loss: 0.5781 | Train Acc: 71.61%
  Val Acc: 57.50% | LR: 0.009755
Patience remaining: 37/50
  --------------------------------------------------
DEBUG: Evaluate function - 80 predictions, 80 targets
DEBUG: Unique predictions: [0 1], Unique targets: [0 1]

Epoch  52/500 Summary:
  Train Loss: 0.5848 | Train Acc: 71.79%
  Val Acc: 57.50% | LR: 0.009745
Patience remaining: 36/50
  --------------------------------------------------
DEBUG: Evaluate function - 80 predictions, 80 targets
DEBUG: Unique predictions: [0 1], Unique targets: [0 1]

Epoch  53/500 Summary:
  Train Loss: 0.5505 | Train Acc: 73.21%
  Val Acc: 62.50% | LR: 0.009735
Patience remaining: 35/50
  --------------------------------------------------
DEBUG: Evaluate function - 80 predictions, 80 targets
DEBUG: Unique predictions: [0 1], Unique targets: [0 1]

Epoch  54/500 Summary:
  Train Loss: 0.5743 | Train Acc: 69.64%
  Val Acc: 58.75% | LR: 0.009725
Patience remaining: 34/50
  --------------------------------------------------
DEBUG: Evaluate function - 80 predictions, 80 targets
DEBUG: Unique predictions: [0 1], Unique targets: [0 1]

Epoch  55/500 Summary:
  Train Loss: 0.5627 | Train Acc: 72.86%
  Val Acc: 58.75% | LR: 0.009715
Patience remaining: 33/50
  --------------------------------------------------
DEBUG: Evaluate function - 80 predictions, 80 targets
DEBUG: Unique predictions: [0 1], Unique targets: [0 1]

Epoch  56/500 Summary:
  Train Loss: 0.6121 | Train Acc: 68.39%
  Val Acc: 61.25% | LR: 0.009704
Patience remaining: 32/50
  --------------------------------------------------
DEBUG: Evaluate function - 80 predictions, 80 targets
DEBUG: Unique predictions: [0 1], Unique targets: [0 1]

Epoch  57/500 Summary:
  Train Loss: 0.5726 | Train Acc: 72.50%
  Val Acc: 61.25% | LR: 0.009694
Patience remaining: 31/50
  --------------------------------------------------
DEBUG: Evaluate function - 80 predictions, 80 targets
DEBUG: Unique predictions: [0 1], Unique targets: [0 1]

Epoch  58/500 Summary:
  Train Loss: 0.5819 | Train Acc: 69.82%
  Val Acc: 61.25% | LR: 0.009683
Patience remaining: 30/50
  --------------------------------------------------
DEBUG: Evaluate function - 80 predictions, 80 targets
DEBUG: Unique predictions: [0 1], Unique targets: [0 1]

Epoch  59/500 Summary:
  Train Loss: 0.5776 | Train Acc: 72.14%
  Val Acc: 58.75% | LR: 0.009672
Patience remaining: 29/50
  --------------------------------------------------
DEBUG: Evaluate function - 80 predictions, 80 targets
DEBUG: Unique predictions: [0 1], Unique targets: [0 1]

Epoch  60/500 Summary:
  Train Loss: 0.5829 | Train Acc: 69.29%
  Val Acc: 55.00% | LR: 0.009660
Patience remaining: 28/50
  --------------------------------------------------
DEBUG: Evaluate function - 80 predictions, 80 targets
DEBUG: Unique predictions: [0 1], Unique targets: [0 1]

Epoch  61/500 Summary:
  Train Loss: 0.5560 | Train Acc: 72.86%
  Val Acc: 50.00% | LR: 0.009649
Patience remaining: 27/50
  --------------------------------------------------
DEBUG: Evaluate function - 80 predictions, 80 targets
DEBUG: Unique predictions: [0 1], Unique targets: [0 1]

Epoch  62/500 Summary:
  Train Loss: 0.5424 | Train Acc: 75.54%
  Val Acc: 61.25% | LR: 0.009637
Patience remaining: 26/50
  --------------------------------------------------
DEBUG: Evaluate function - 80 predictions, 80 targets
DEBUG: Unique predictions: [0 1], Unique targets: [0 1]

Epoch  63/500 Summary:
  Train Loss: 0.5524 | Train Acc: 72.86%
  Val Acc: 58.75% | LR: 0.009625
Patience remaining: 25/50
  --------------------------------------------------
DEBUG: Evaluate function - 80 predictions, 80 targets
DEBUG: Unique predictions: [0 1], Unique targets: [0 1]

Epoch  64/500 Summary:
  Train Loss: 0.5446 | Train Acc: 73.93%
  Val Acc: 61.25% | LR: 0.009613
Patience remaining: 24/50
  --------------------------------------------------
DEBUG: Evaluate function - 80 predictions, 80 targets
DEBUG: Unique predictions: [0 1], Unique targets: [0 1]

Epoch  65/500 Summary:
  Train Loss: 0.5481 | Train Acc: 73.57%
  Val Acc: 58.75% | LR: 0.009601
Patience remaining: 23/50
  --------------------------------------------------
DEBUG: Evaluate function - 80 predictions, 80 targets
DEBUG: Unique predictions: [0 1], Unique targets: [0 1]

Epoch  66/500 Summary:
  Train Loss: 0.5252 | Train Acc: 77.14%
  Val Acc: 57.50% | LR: 0.009589
Patience remaining: 22/50
  --------------------------------------------------
DEBUG: Evaluate function - 80 predictions, 80 targets
DEBUG: Unique predictions: [0 1], Unique targets: [0 1]

Epoch  67/500 Summary:
  Train Loss: 0.5376 | Train Acc: 73.21%
  Val Acc: 58.75% | LR: 0.009576
Patience remaining: 21/50
  --------------------------------------------------
DEBUG: Evaluate function - 80 predictions, 80 targets
DEBUG: Unique predictions: [0 1], Unique targets: [0 1]

Epoch  68/500 Summary:
  Train Loss: 0.5638 | Train Acc: 71.96%
  Val Acc: 52.50% | LR: 0.009563
Patience remaining: 20/50
  --------------------------------------------------
DEBUG: Evaluate function - 80 predictions, 80 targets
DEBUG: Unique predictions: [0 1], Unique targets: [0 1]

Epoch  69/500 Summary:
  Train Loss: 0.5580 | Train Acc: 74.11%
  Val Acc: 63.75% | LR: 0.009551
Patience remaining: 19/50
  --------------------------------------------------
DEBUG: Evaluate function - 80 predictions, 80 targets
DEBUG: Unique predictions: [0 1], Unique targets: [0 1]

Epoch  70/500 Summary:
  Train Loss: 0.5364 | Train Acc: 73.75%
  Val Acc: 57.50% | LR: 0.009537
Patience remaining: 18/50
  --------------------------------------------------
DEBUG: Evaluate function - 80 predictions, 80 targets
DEBUG: Unique predictions: [0 1], Unique targets: [0 1]

Epoch  71/500 Summary:
  Train Loss: 0.5061 | Train Acc: 77.50%
  Val Acc: 61.25% | LR: 0.009524
Patience remaining: 17/50
  --------------------------------------------------
DEBUG: Evaluate function - 80 predictions, 80 targets
DEBUG: Unique predictions: [0 1], Unique targets: [0 1]

Epoch  72/500 Summary:
  Train Loss: 0.5479 | Train Acc: 74.46%
  Val Acc: 61.25% | LR: 0.009511
Patience remaining: 16/50
  --------------------------------------------------
DEBUG: Evaluate function - 80 predictions, 80 targets
DEBUG: Unique predictions: [0 1], Unique targets: [0 1]

Epoch  73/500 Summary:
  Train Loss: 0.5201 | Train Acc: 77.14%
  Val Acc: 55.00% | LR: 0.009497
Patience remaining: 15/50
  --------------------------------------------------
DEBUG: Evaluate function - 80 predictions, 80 targets
DEBUG: Unique predictions: [0 1], Unique targets: [0 1]

Epoch  74/500 Summary:
  Train Loss: 0.5446 | Train Acc: 75.18%
  Val Acc: 65.00% | LR: 0.009483
New best validation accuracy!
  --------------------------------------------------
DEBUG: Evaluate function - 80 predictions, 80 targets
DEBUG: Unique predictions: [0 1], Unique targets: [0 1]

Epoch  75/500 Summary:
  Train Loss: 0.5528 | Train Acc: 75.00%
  Val Acc: 61.25% | LR: 0.009469
Patience remaining: 49/50
  --------------------------------------------------
DEBUG: Evaluate function - 80 predictions, 80 targets
DEBUG: Unique predictions: [0 1], Unique targets: [0 1]

Epoch  76/500 Summary:
  Train Loss: 0.5432 | Train Acc: 72.86%
  Val Acc: 66.25% | LR: 0.009455
New best validation accuracy!
  --------------------------------------------------
DEBUG: Evaluate function - 80 predictions, 80 targets
DEBUG: Unique predictions: [0 1], Unique targets: [0 1]

Epoch  77/500 Summary:
  Train Loss: 0.5539 | Train Acc: 72.14%
  Val Acc: 63.75% | LR: 0.009441
Patience remaining: 49/50
  --------------------------------------------------
DEBUG: Evaluate function - 80 predictions, 80 targets
DEBUG: Unique predictions: [0 1], Unique targets: [0 1]

Epoch  78/500 Summary:
  Train Loss: 0.5093 | Train Acc: 76.61%
  Val Acc: 50.00% | LR: 0.009426
Patience remaining: 48/50
  --------------------------------------------------
DEBUG: Evaluate function - 80 predictions, 80 targets
DEBUG: Unique predictions: [0 1], Unique targets: [0 1]

Epoch  79/500 Summary:
  Train Loss: 0.5515 | Train Acc: 73.93%
  Val Acc: 57.50% | LR: 0.009411
Patience remaining: 47/50
  --------------------------------------------------
DEBUG: Evaluate function - 80 predictions, 80 targets
DEBUG: Unique predictions: [0 1], Unique targets: [0 1]

Epoch  80/500 Summary:
  Train Loss: 0.5496 | Train Acc: 74.82%
  Val Acc: 57.50% | LR: 0.009397
Patience remaining: 46/50
  --------------------------------------------------
DEBUG: Evaluate function - 80 predictions, 80 targets
DEBUG: Unique predictions: [0 1], Unique targets: [0 1]

Epoch  81/500 Summary:
  Train Loss: 0.5248 | Train Acc: 74.82%
  Val Acc: 57.50% | LR: 0.009382
Patience remaining: 45/50
  --------------------------------------------------
DEBUG: Evaluate function - 80 predictions, 80 targets
DEBUG: Unique predictions: [0 1], Unique targets: [0 1]

Epoch  82/500 Summary:
  Train Loss: 0.5187 | Train Acc: 78.21%
  Val Acc: 61.25% | LR: 0.009366
Patience remaining: 44/50
  --------------------------------------------------
DEBUG: Evaluate function - 80 predictions, 80 targets
DEBUG: Unique predictions: [0 1], Unique targets: [0 1]

Epoch  83/500 Summary:
  Train Loss: 0.5240 | Train Acc: 76.07%
  Val Acc: 56.25% | LR: 0.009351
Patience remaining: 43/50
  --------------------------------------------------
DEBUG: Evaluate function - 80 predictions, 80 targets
DEBUG: Unique predictions: [0 1], Unique targets: [0 1]

Epoch  84/500 Summary:
  Train Loss: 0.5181 | Train Acc: 76.61%
  Val Acc: 53.75% | LR: 0.009335
Patience remaining: 42/50
  --------------------------------------------------
DEBUG: Evaluate function - 80 predictions, 80 targets
DEBUG: Unique predictions: [0 1], Unique targets: [0 1]

Epoch  85/500 Summary:
  Train Loss: 0.5247 | Train Acc: 75.00%
  Val Acc: 62.50% | LR: 0.009320
Patience remaining: 41/50
  --------------------------------------------------
DEBUG: Evaluate function - 80 predictions, 80 targets
DEBUG: Unique predictions: [0 1], Unique targets: [0 1]

Epoch  86/500 Summary:
  Train Loss: 0.5182 | Train Acc: 76.25%
  Val Acc: 62.50% | LR: 0.009304
Patience remaining: 40/50
  --------------------------------------------------
DEBUG: Evaluate function - 80 predictions, 80 targets
DEBUG: Unique predictions: [0 1], Unique targets: [0 1]

Epoch  87/500 Summary:
  Train Loss: 0.5276 | Train Acc: 75.00%
  Val Acc: 61.25% | LR: 0.009288
Patience remaining: 39/50
  --------------------------------------------------
DEBUG: Evaluate function - 80 predictions, 80 targets
DEBUG: Unique predictions: [0 1], Unique targets: [0 1]

Epoch  88/500 Summary:
  Train Loss: 0.5008 | Train Acc: 77.50%
  Val Acc: 58.75% | LR: 0.009271
Patience remaining: 38/50
  --------------------------------------------------
DEBUG: Evaluate function - 80 predictions, 80 targets
DEBUG: Unique predictions: [0 1], Unique targets: [0 1]

Epoch  89/500 Summary:
  Train Loss: 0.5125 | Train Acc: 77.32%
  Val Acc: 58.75% | LR: 0.009255
Patience remaining: 37/50
  --------------------------------------------------
DEBUG: Evaluate function - 80 predictions, 80 targets
DEBUG: Unique predictions: [0 1], Unique targets: [0 1]

Epoch  90/500 Summary:
  Train Loss: 0.4627 | Train Acc: 80.00%
  Val Acc: 60.00% | LR: 0.009238
Patience remaining: 36/50
  --------------------------------------------------
DEBUG: Evaluate function - 80 predictions, 80 targets
DEBUG: Unique predictions: [0 1], Unique targets: [0 1]

Epoch  91/500 Summary:
  Train Loss: 0.5240 | Train Acc: 77.32%
  Val Acc: 57.50% | LR: 0.009222
Patience remaining: 35/50
  --------------------------------------------------
DEBUG: Evaluate function - 80 predictions, 80 targets
DEBUG: Unique predictions: [0 1], Unique targets: [0 1]

Epoch  92/500 Summary:
  Train Loss: 0.4729 | Train Acc: 78.75%
  Val Acc: 63.75% | LR: 0.009205
Patience remaining: 34/50
  --------------------------------------------------
DEBUG: Evaluate function - 80 predictions, 80 targets
DEBUG: Unique predictions: [0 1], Unique targets: [0 1]

Epoch  93/500 Summary:
  Train Loss: 0.4871 | Train Acc: 77.50%
  Val Acc: 53.75% | LR: 0.009188
Patience remaining: 33/50
  --------------------------------------------------
DEBUG: Evaluate function - 80 predictions, 80 targets
DEBUG: Unique predictions: [0 1], Unique targets: [0 1]

Epoch  94/500 Summary:
  Train Loss: 0.5069 | Train Acc: 79.29%
  Val Acc: 57.50% | LR: 0.009170
Patience remaining: 32/50
  --------------------------------------------------
DEBUG: Evaluate function - 80 predictions, 80 targets
DEBUG: Unique predictions: [0 1], Unique targets: [0 1]

Epoch  95/500 Summary:
  Train Loss: 0.4808 | Train Acc: 80.18%
  Val Acc: 58.75% | LR: 0.009153
Patience remaining: 31/50
  --------------------------------------------------
DEBUG: Evaluate function - 80 predictions, 80 targets
DEBUG: Unique predictions: [0 1], Unique targets: [0 1]

Epoch  96/500 Summary:
  Train Loss: 0.4902 | Train Acc: 78.75%
  Val Acc: 61.25% | LR: 0.009135
Patience remaining: 30/50
  --------------------------------------------------
DEBUG: Evaluate function - 80 predictions, 80 targets
DEBUG: Unique predictions: [0 1], Unique targets: [0 1]

Epoch  97/500 Summary:
  Train Loss: 0.4573 | Train Acc: 80.54%
  Val Acc: 61.25% | LR: 0.009118
Patience remaining: 29/50
  --------------------------------------------------
DEBUG: Evaluate function - 80 predictions, 80 targets
DEBUG: Unique predictions: [0 1], Unique targets: [0 1]

Epoch  98/500 Summary:
  Train Loss: 0.4722 | Train Acc: 78.57%
  Val Acc: 55.00% | LR: 0.009100
Patience remaining: 28/50
  --------------------------------------------------
DEBUG: Evaluate function - 80 predictions, 80 targets
DEBUG: Unique predictions: [0 1], Unique targets: [0 1]

Epoch  99/500 Summary:
  Train Loss: 0.4687 | Train Acc: 79.29%
  Val Acc: 62.50% | LR: 0.009082
Patience remaining: 27/50
  --------------------------------------------------
DEBUG: Evaluate function - 80 predictions, 80 targets
DEBUG: Unique predictions: [0 1], Unique targets: [0 1]

Epoch 100/500 Summary:
  Train Loss: 0.4704 | Train Acc: 77.68%
  Val Acc: 57.50% | LR: 0.009063
Patience remaining: 26/50
  --------------------------------------------------
DEBUG: Evaluate function - 80 predictions, 80 targets
DEBUG: Unique predictions: [0 1], Unique targets: [0 1]

Epoch 101/500 Summary:
  Train Loss: 0.4919 | Train Acc: 77.32%
  Val Acc: 60.00% | LR: 0.009045
Patience remaining: 25/50
  --------------------------------------------------
DEBUG: Evaluate function - 80 predictions, 80 targets
DEBUG: Unique predictions: [0 1], Unique targets: [0 1]

Epoch 102/500 Summary:
  Train Loss: 0.4811 | Train Acc: 79.64%
  Val Acc: 65.00% | LR: 0.009027
Patience remaining: 24/50
  --------------------------------------------------
DEBUG: Evaluate function - 80 predictions, 80 targets
DEBUG: Unique predictions: [0 1], Unique targets: [0 1]

Epoch 103/500 Summary:
  Train Loss: 0.4946 | Train Acc: 78.57%
  Val Acc: 60.00% | LR: 0.009008
Patience remaining: 23/50
  --------------------------------------------------
DEBUG: Evaluate function - 80 predictions, 80 targets
DEBUG: Unique predictions: [0 1], Unique targets: [0 1]

Epoch 104/500 Summary:
  Train Loss: 0.4972 | Train Acc: 77.14%
  Val Acc: 65.00% | LR: 0.008989
Patience remaining: 22/50
  --------------------------------------------------
DEBUG: Evaluate function - 80 predictions, 80 targets
DEBUG: Unique predictions: [0 1], Unique targets: [0 1]

Epoch 105/500 Summary:
  Train Loss: 0.4683 | Train Acc: 79.64%
  Val Acc: 61.25% | LR: 0.008970
Patience remaining: 21/50
  --------------------------------------------------
DEBUG: Evaluate function - 80 predictions, 80 targets
DEBUG: Unique predictions: [0 1], Unique targets: [0 1]

Epoch 106/500 Summary:
  Train Loss: 0.4736 | Train Acc: 81.25%
  Val Acc: 60.00% | LR: 0.008951
Patience remaining: 20/50
  --------------------------------------------------
DEBUG: Evaluate function - 80 predictions, 80 targets
DEBUG: Unique predictions: [0 1], Unique targets: [0 1]

Epoch 107/500 Summary:
  Train Loss: 0.4455 | Train Acc: 80.89%
  Val Acc: 67.50% | LR: 0.008931
New best validation accuracy!
  --------------------------------------------------
DEBUG: Evaluate function - 80 predictions, 80 targets
DEBUG: Unique predictions: [0 1], Unique targets: [0 1]

Epoch 108/500 Summary:
  Train Loss: 0.4382 | Train Acc: 82.68%
  Val Acc: 66.25% | LR: 0.008912
Patience remaining: 49/50
  --------------------------------------------------
DEBUG: Evaluate function - 80 predictions, 80 targets
DEBUG: Unique predictions: [0 1], Unique targets: [0 1]

Epoch 109/500 Summary:
  Train Loss: 0.4643 | Train Acc: 80.36%
  Val Acc: 62.50% | LR: 0.008892
Patience remaining: 48/50
  --------------------------------------------------
DEBUG: Evaluate function - 80 predictions, 80 targets
DEBUG: Unique predictions: [0 1], Unique targets: [0 1]

Epoch 110/500 Summary:
  Train Loss: 0.4337 | Train Acc: 81.79%
  Val Acc: 58.75% | LR: 0.008873
Patience remaining: 47/50
  --------------------------------------------------
DEBUG: Evaluate function - 80 predictions, 80 targets
DEBUG: Unique predictions: [0 1], Unique targets: [0 1]

Epoch 111/500 Summary:
  Train Loss: 0.5055 | Train Acc: 79.11%
  Val Acc: 61.25% | LR: 0.008853
Patience remaining: 46/50
  --------------------------------------------------
DEBUG: Evaluate function - 80 predictions, 80 targets
DEBUG: Unique predictions: [0 1], Unique targets: [0 1]

Epoch 112/500 Summary:
  Train Loss: 0.4950 | Train Acc: 80.36%
  Val Acc: 58.75% | LR: 0.008832
Patience remaining: 45/50
  --------------------------------------------------
DEBUG: Evaluate function - 80 predictions, 80 targets
DEBUG: Unique predictions: [0 1], Unique targets: [0 1]

Epoch 113/500 Summary:
  Train Loss: 0.4464 | Train Acc: 79.11%
  Val Acc: 61.25% | LR: 0.008812
Patience remaining: 44/50
  --------------------------------------------------
DEBUG: Evaluate function - 80 predictions, 80 targets
DEBUG: Unique predictions: [0 1], Unique targets: [0 1]

Epoch 114/500 Summary:
  Train Loss: 0.4740 | Train Acc: 80.36%
  Val Acc: 63.75% | LR: 0.008792
Patience remaining: 43/50
  --------------------------------------------------
DEBUG: Evaluate function - 80 predictions, 80 targets
DEBUG: Unique predictions: [0 1], Unique targets: [0 1]

Epoch 115/500 Summary:
  Train Loss: 0.4683 | Train Acc: 80.00%
  Val Acc: 65.00% | LR: 0.008771
Patience remaining: 42/50
  --------------------------------------------------
DEBUG: Evaluate function - 80 predictions, 80 targets
DEBUG: Unique predictions: [0 1], Unique targets: [0 1]

Epoch 116/500 Summary:
  Train Loss: 0.5042 | Train Acc: 77.50%
  Val Acc: 57.50% | LR: 0.008751
Patience remaining: 41/50
  --------------------------------------------------
DEBUG: Evaluate function - 80 predictions, 80 targets
DEBUG: Unique predictions: [0 1], Unique targets: [0 1]

Epoch 117/500 Summary:
  Train Loss: 0.4387 | Train Acc: 83.39%
  Val Acc: 63.75% | LR: 0.008730
Patience remaining: 40/50
  --------------------------------------------------
DEBUG: Evaluate function - 80 predictions, 80 targets
DEBUG: Unique predictions: [0 1], Unique targets: [0 1]

Epoch 118/500 Summary:
  Train Loss: 0.4583 | Train Acc: 79.64%
  Val Acc: 56.25% | LR: 0.008709
Patience remaining: 39/50
  --------------------------------------------------
DEBUG: Evaluate function - 80 predictions, 80 targets
DEBUG: Unique predictions: [0 1], Unique targets: [0 1]

Epoch 119/500 Summary:
  Train Loss: 0.4139 | Train Acc: 83.93%
  Val Acc: 63.75% | LR: 0.008688
Patience remaining: 38/50
  --------------------------------------------------
DEBUG: Evaluate function - 80 predictions, 80 targets
DEBUG: Unique predictions: [0 1], Unique targets: [0 1]

Epoch 120/500 Summary:
  Train Loss: 0.4376 | Train Acc: 81.79%
  Val Acc: 63.75% | LR: 0.008666
Patience remaining: 37/50
  --------------------------------------------------
DEBUG: Evaluate function - 80 predictions, 80 targets
DEBUG: Unique predictions: [0 1], Unique targets: [0 1]

Epoch 121/500 Summary:
  Train Loss: 0.4376 | Train Acc: 81.07%
  Val Acc: 63.75% | LR: 0.008645
Patience remaining: 36/50
  --------------------------------------------------
DEBUG: Evaluate function - 80 predictions, 80 targets
DEBUG: Unique predictions: [0 1], Unique targets: [0 1]

Epoch 122/500 Summary:
  Train Loss: 0.4394 | Train Acc: 81.61%
  Val Acc: 63.75% | LR: 0.008623
Patience remaining: 35/50
  --------------------------------------------------
DEBUG: Evaluate function - 80 predictions, 80 targets
DEBUG: Unique predictions: [0 1], Unique targets: [0 1]

Epoch 123/500 Summary:
  Train Loss: 0.4606 | Train Acc: 80.18%
  Val Acc: 58.75% | LR: 0.008602
Patience remaining: 34/50
  --------------------------------------------------
DEBUG: Evaluate function - 80 predictions, 80 targets
DEBUG: Unique predictions: [0 1], Unique targets: [0 1]

Epoch 124/500 Summary:
  Train Loss: 0.4516 | Train Acc: 80.36%
  Val Acc: 62.50% | LR: 0.008580
Patience remaining: 33/50
  --------------------------------------------------
DEBUG: Evaluate function - 80 predictions, 80 targets
DEBUG: Unique predictions: [0 1], Unique targets: [0 1]

Epoch 125/500 Summary:
  Train Loss: 0.4590 | Train Acc: 78.75%
  Val Acc: 61.25% | LR: 0.008558
Patience remaining: 32/50
  --------------------------------------------------
DEBUG: Evaluate function - 80 predictions, 80 targets
DEBUG: Unique predictions: [0 1], Unique targets: [0 1]

Epoch 126/500 Summary:
  Train Loss: 0.4775 | Train Acc: 78.75%
  Val Acc: 58.75% | LR: 0.008536
Patience remaining: 31/50
  --------------------------------------------------
DEBUG: Evaluate function - 80 predictions, 80 targets
DEBUG: Unique predictions: [0 1], Unique targets: [0 1]

Epoch 127/500 Summary:
  Train Loss: 0.4628 | Train Acc: 79.46%
  Val Acc: 53.75% | LR: 0.008513
Patience remaining: 30/50
  --------------------------------------------------
DEBUG: Evaluate function - 80 predictions, 80 targets
DEBUG: Unique predictions: [0 1], Unique targets: [0 1]

Epoch 128/500 Summary:
  Train Loss: 0.4388 | Train Acc: 81.43%
  Val Acc: 62.50% | LR: 0.008491
Patience remaining: 29/50
  --------------------------------------------------
DEBUG: Evaluate function - 80 predictions, 80 targets
DEBUG: Unique predictions: [0 1], Unique targets: [0 1]

Epoch 129/500 Summary:
  Train Loss: 0.4133 | Train Acc: 84.29%
  Val Acc: 65.00% | LR: 0.008468
Patience remaining: 28/50
  --------------------------------------------------
DEBUG: Evaluate function - 80 predictions, 80 targets
DEBUG: Unique predictions: [0 1], Unique targets: [0 1]

Epoch 130/500 Summary:
  Train Loss: 0.4383 | Train Acc: 80.18%
  Val Acc: 65.00% | LR: 0.008446
Patience remaining: 27/50
  --------------------------------------------------
DEBUG: Evaluate function - 80 predictions, 80 targets
DEBUG: Unique predictions: [0 1], Unique targets: [0 1]

Epoch 131/500 Summary:
  Train Loss: 0.4198 | Train Acc: 81.96%
  Val Acc: 65.00% | LR: 0.008423
Patience remaining: 26/50
  --------------------------------------------------
DEBUG: Evaluate function - 80 predictions, 80 targets
DEBUG: Unique predictions: [0 1], Unique targets: [0 1]

Epoch 132/500 Summary:
  Train Loss: 0.4040 | Train Acc: 83.04%
  Val Acc: 63.75% | LR: 0.008400
Patience remaining: 25/50
  --------------------------------------------------
DEBUG: Evaluate function - 80 predictions, 80 targets
DEBUG: Unique predictions: [0 1], Unique targets: [0 1]

Epoch 133/500 Summary:
  Train Loss: 0.4021 | Train Acc: 83.75%
  Val Acc: 62.50% | LR: 0.008377
Patience remaining: 24/50
  --------------------------------------------------
DEBUG: Evaluate function - 80 predictions, 80 targets
DEBUG: Unique predictions: [0 1], Unique targets: [0 1]

Epoch 134/500 Summary:
  Train Loss: 0.4045 | Train Acc: 84.46%
  Val Acc: 65.00% | LR: 0.008353
Patience remaining: 23/50
  --------------------------------------------------
DEBUG: Evaluate function - 80 predictions, 80 targets
DEBUG: Unique predictions: [0 1], Unique targets: [0 1]

Epoch 135/500 Summary:
  Train Loss: 0.4122 | Train Acc: 81.79%
  Val Acc: 63.75% | LR: 0.008330
Patience remaining: 22/50
  --------------------------------------------------
DEBUG: Evaluate function - 80 predictions, 80 targets
DEBUG: Unique predictions: [0 1], Unique targets: [0 1]

Epoch 136/500 Summary:
  Train Loss: 0.4036 | Train Acc: 85.00%
  Val Acc: 66.25% | LR: 0.008307
Patience remaining: 21/50
  --------------------------------------------------
DEBUG: Evaluate function - 80 predictions, 80 targets
DEBUG: Unique predictions: [0 1], Unique targets: [0 1]

Epoch 137/500 Summary:
  Train Loss: 0.3696 | Train Acc: 85.89%
  Val Acc: 61.25% | LR: 0.008283
Patience remaining: 20/50
  --------------------------------------------------
DEBUG: Evaluate function - 80 predictions, 80 targets
DEBUG: Unique predictions: [0 1], Unique targets: [0 1]

Epoch 138/500 Summary:
  Train Loss: 0.4350 | Train Acc: 81.61%2025-09-26 17:58:48 -     Test accuracy: 0.7063
2025-09-26 17:58:48 -   Repeat 1 mean accuracy: 0.5413 ± 0.0825
2025-09-26 17:58:48 - Repeat 2/5
2025-09-26 17:58:48 -   Fold 1/5
2025-09-26 17:58:48 -     Fold split: Train=560, Val=80

  Val Acc: 60.00% | LR: 0.008259
Patience remaining: 19/50
  --------------------------------------------------
DEBUG: Evaluate function - 80 predictions, 80 targets
DEBUG: Unique predictions: [0 1], Unique targets: [0 1]

Epoch 139/500 Summary:
  Train Loss: 0.4039 | Train Acc: 82.68%
  Val Acc: 63.75% | LR: 0.008235
Patience remaining: 18/50
  --------------------------------------------------
DEBUG: Evaluate function - 80 predictions, 80 targets
DEBUG: Unique predictions: [0 1], Unique targets: [0 1]

Epoch 140/500 Summary:
  Train Loss: 0.4125 | Train Acc: 83.21%
  Val Acc: 62.50% | LR: 0.008211
Patience remaining: 17/50
  --------------------------------------------------
DEBUG: Evaluate function - 80 predictions, 80 targets
DEBUG: Unique predictions: [0 1], Unique targets: [0 1]

Epoch 141/500 Summary:
  Train Loss: 0.3887 | Train Acc: 84.46%
  Val Acc: 65.00% | LR: 0.008187
Patience remaining: 16/50
  --------------------------------------------------
DEBUG: Evaluate function - 80 predictions, 80 targets
DEBUG: Unique predictions: [0 1], Unique targets: [0 1]

Epoch 142/500 Summary:
  Train Loss: 0.4165 | Train Acc: 83.21%
  Val Acc: 65.00% | LR: 0.008163
Patience remaining: 15/50
  --------------------------------------------------
DEBUG: Evaluate function - 80 predictions, 80 targets
DEBUG: Unique predictions: [0 1], Unique targets: [0 1]

Epoch 143/500 Summary:
  Train Loss: 0.3848 | Train Acc: 84.46%
  Val Acc: 66.25% | LR: 0.008138
Patience remaining: 14/50
  --------------------------------------------------
DEBUG: Evaluate function - 80 predictions, 80 targets
DEBUG: Unique predictions: [0 1], Unique targets: [0 1]

Epoch 144/500 Summary:
  Train Loss: 0.4040 | Train Acc: 83.57%
  Val Acc: 65.00% | LR: 0.008114
Patience remaining: 13/50
  --------------------------------------------------
DEBUG: Evaluate function - 80 predictions, 80 targets
DEBUG: Unique predictions: [0 1], Unique targets: [0 1]

Epoch 145/500 Summary:
  Train Loss: 0.3900 | Train Acc: 82.68%
  Val Acc: 61.25% | LR: 0.008089
Patience remaining: 12/50
  --------------------------------------------------
DEBUG: Evaluate function - 80 predictions, 80 targets
DEBUG: Unique predictions: [0 1], Unique targets: [0 1]

Epoch 146/500 Summary:
  Train Loss: 0.3933 | Train Acc: 83.57%
  Val Acc: 60.00% | LR: 0.008065
Patience remaining: 11/50
  --------------------------------------------------
DEBUG: Evaluate function - 80 predictions, 80 targets
DEBUG: Unique predictions: [0 1], Unique targets: [0 1]

Epoch 147/500 Summary:
  Train Loss: 0.3778 | Train Acc: 83.75%
  Val Acc: 65.00% | LR: 0.008040
Patience remaining: 10/50
  --------------------------------------------------
DEBUG: Evaluate function - 80 predictions, 80 targets
DEBUG: Unique predictions: [0 1], Unique targets: [0 1]

Epoch 148/500 Summary:
  Train Loss: 0.3955 | Train Acc: 84.29%
  Val Acc: 62.50% | LR: 0.008015
Patience remaining: 9/50
  --------------------------------------------------
DEBUG: Evaluate function - 80 predictions, 80 targets
DEBUG: Unique predictions: [0 1], Unique targets: [0 1]

Epoch 149/500 Summary:
  Train Loss: 0.4178 | Train Acc: 83.39%
  Val Acc: 57.50% | LR: 0.007990
Patience remaining: 8/50
  --------------------------------------------------
DEBUG: Evaluate function - 80 predictions, 80 targets
DEBUG: Unique predictions: [0 1], Unique targets: [0 1]

Epoch 150/500 Summary:
  Train Loss: 0.4114 | Train Acc: 81.96%
  Val Acc: 62.50% | LR: 0.007964
Patience remaining: 7/50
  --------------------------------------------------
DEBUG: Evaluate function - 80 predictions, 80 targets
DEBUG: Unique predictions: [0 1], Unique targets: [0 1]

Epoch 151/500 Summary:
  Train Loss: 0.3816 | Train Acc: 83.21%
  Val Acc: 63.75% | LR: 0.007939
Patience remaining: 6/50
  --------------------------------------------------
DEBUG: Evaluate function - 80 predictions, 80 targets
DEBUG: Unique predictions: [0 1], Unique targets: [0 1]

Epoch 152/500 Summary:
  Train Loss: 0.4162 | Train Acc: 83.21%
  Val Acc: 58.75% | LR: 0.007913
Patience remaining: 5/50
  --------------------------------------------------
DEBUG: Evaluate function - 80 predictions, 80 targets
DEBUG: Unique predictions: [0 1], Unique targets: [0 1]

Epoch 153/500 Summary:
  Train Loss: 0.3932 | Train Acc: 84.29%
  Val Acc: 57.50% | LR: 0.007888
Patience remaining: 4/50
  --------------------------------------------------
DEBUG: Evaluate function - 80 predictions, 80 targets
DEBUG: Unique predictions: [0 1], Unique targets: [0 1]

Epoch 154/500 Summary:
  Train Loss: 0.4019 | Train Acc: 84.29%
  Val Acc: 63.75% | LR: 0.007862
Patience remaining: 3/50
  --------------------------------------------------
DEBUG: Evaluate function - 80 predictions, 80 targets
DEBUG: Unique predictions: [0 1], Unique targets: [0 1]

Epoch 155/500 Summary:
  Train Loss: 0.3693 | Train Acc: 85.71%
  Val Acc: 65.00% | LR: 0.007836
Patience remaining: 2/50
  --------------------------------------------------
DEBUG: Evaluate function - 80 predictions, 80 targets
DEBUG: Unique predictions: [0 1], Unique targets: [0 1]

Epoch 156/500 Summary:
  Train Loss: 0.3923 | Train Acc: 83.93%
  Val Acc: 65.00% | LR: 0.007810
Patience remaining: 1/50
  --------------------------------------------------
DEBUG: Evaluate function - 80 predictions, 80 targets
DEBUG: Unique predictions: [0 1], Unique targets: [0 1]

Epoch 157/500 Summary:
  Train Loss: 0.3492 | Train Acc: 87.14%
  Val Acc: 62.50% | LR: 0.007784
Early stopping triggered! No improvement for 50 epochs
Best validation accuracy: 67.50%

============================================================
Training Complete!
Best Validation Accuracy: 67.50%
============================================================
DEBUG: Evaluate function - 80 predictions, 80 targets
DEBUG: Unique predictions: [0 1], Unique targets: [0 1]
Training class distribution: [280, 280]

============================================================
Starting Training - Max Epochs: 500
Model: EEGConformer
Learning Rate: 0.01, Weight Decay: 0.0001
Dropout: 0.25, Early Stopping Patience: 50
============================================================
DEBUG: Evaluate function - 80 predictions, 80 targets
DEBUG: Unique predictions: [0], Unique targets: [0 1]

Epoch   1/500 Summary:
  Train Loss: 0.8921 | Train Acc: 51.79%
  Val Acc: 50.00% | LR: 0.010000
New best validation accuracy!
  --------------------------------------------------
DEBUG: Evaluate function - 80 predictions, 80 targets
DEBUG: Unique predictions: [0], Unique targets: [0 1]

Epoch   2/500 Summary:
  Train Loss: 0.7115 | Train Acc: 50.18%
  Val Acc: 50.00% | LR: 0.010000
Patience remaining: 49/50
  --------------------------------------------------
DEBUG: Evaluate function - 80 predictions, 80 targets
DEBUG: Unique predictions: [0], Unique targets: [0 1]

Epoch   3/500 Summary:
  Train Loss: 0.7203 | Train Acc: 49.64%
  Val Acc: 50.00% | LR: 0.010000
Patience remaining: 48/50
  --------------------------------------------------
DEBUG: Evaluate function - 80 predictions, 80 targets
DEBUG: Unique predictions: [1], Unique targets: [0 1]

Epoch   4/500 Summary:
  Train Loss: 0.6971 | Train Acc: 50.89%
  Val Acc: 50.00% | LR: 0.009999
Patience remaining: 47/50
  --------------------------------------------------
DEBUG: Evaluate function - 80 predictions, 80 targets
DEBUG: Unique predictions: [1], Unique targets: [0 1]

Epoch   5/500 Summary:
  Train Loss: 0.7047 | Train Acc: 49.82%
  Val Acc: 50.00% | LR: 0.009998
Patience remaining: 46/50
  --------------------------------------------------
DEBUG: Evaluate function - 80 predictions, 80 targets
DEBUG: Unique predictions: [0], Unique targets: [0 1]

Epoch   6/500 Summary:
  Train Loss: 0.6954 | Train Acc: 49.64%
  Val Acc: 50.00% | LR: 0.009998
Patience remaining: 45/50
  --------------------------------------------------
DEBUG: Evaluate function - 80 predictions, 80 targets
DEBUG: Unique predictions: [0 1], Unique targets: [0 1]

Epoch   7/500 Summary:
  Train Loss: 0.6982 | Train Acc: 50.00%
  Val Acc: 52.50% | LR: 0.009996
New best validation accuracy!
  --------------------------------------------------
DEBUG: Evaluate function - 80 predictions, 80 targets
DEBUG: Unique predictions: [1], Unique targets: [0 1]

Epoch   8/500 Summary:
  Train Loss: 0.6954 | Train Acc: 50.89%
  Val Acc: 50.00% | LR: 0.009995
Patience remaining: 49/50
  --------------------------------------------------
DEBUG: Evaluate function - 80 predictions, 80 targets
DEBUG: Unique predictions: [0 1], Unique targets: [0 1]

Epoch   9/500 Summary:
  Train Loss: 0.6989 | Train Acc: 49.64%
  Val Acc: 48.75% | LR: 0.009994
Patience remaining: 48/50
  --------------------------------------------------
DEBUG: Evaluate function - 80 predictions, 80 targets
DEBUG: Unique predictions: [0 1], Unique targets: [0 1]

Epoch  10/500 Summary:
  Train Loss: 0.7000 | Train Acc: 50.18%
  Val Acc: 48.75% | LR: 0.009992
Patience remaining: 47/50
  --------------------------------------------------
DEBUG: Evaluate function - 80 predictions, 80 targets
DEBUG: Unique predictions: [1], Unique targets: [0 1]

Epoch  11/500 Summary:
  Train Loss: 0.6945 | Train Acc: 51.25%
  Val Acc: 50.00% | LR: 0.009990
Patience remaining: 46/50
  --------------------------------------------------
DEBUG: Evaluate function - 80 predictions, 80 targets
DEBUG: Unique predictions: [1], Unique targets: [0 1]

Epoch  12/500 Summary:
  Train Loss: 0.6979 | Train Acc: 50.36%
  Val Acc: 50.00% | LR: 0.009988
Patience remaining: 45/50
  --------------------------------------------------
DEBUG: Evaluate function - 80 predictions, 80 targets
DEBUG: Unique predictions: [0 1], Unique targets: [0 1]

Epoch  13/500 Summary:
  Train Loss: 0.6943 | Train Acc: 48.93%
  Val Acc: 48.75% | LR: 0.009986
Patience remaining: 44/50
  --------------------------------------------------
DEBUG: Evaluate function - 80 predictions, 80 targets
DEBUG: Unique predictions: [0 1], Unique targets: [0 1]

Epoch  14/500 Summary:
  Train Loss: 0.6974 | Train Acc: 48.75%
  Val Acc: 48.75% | LR: 0.009983
Patience remaining: 43/50
  --------------------------------------------------
DEBUG: Evaluate function - 80 predictions, 80 targets
DEBUG: Unique predictions: [1], Unique targets: [0 1]

Epoch  15/500 Summary:
  Train Loss: 0.6933 | Train Acc: 49.46%
  Val Acc: 50.00% | LR: 0.009981
Patience remaining: 42/50
  --------------------------------------------------
DEBUG: Evaluate function - 80 predictions, 80 targets
DEBUG: Unique predictions: [1], Unique targets: [0 1]

Epoch  16/500 Summary:
  Train Loss: 0.6930 | Train Acc: 50.71%
  Val Acc: 50.00% | LR: 0.009978
Patience remaining: 41/50
  --------------------------------------------------
DEBUG: Evaluate function - 80 predictions, 80 targets
DEBUG: Unique predictions: [1], Unique targets: [0 1]

Epoch  17/500 Summary:
  Train Loss: 0.6940 | Train Acc: 49.11%
  Val Acc: 50.00% | LR: 0.009975
Patience remaining: 40/50
  --------------------------------------------------
DEBUG: Evaluate function - 80 predictions, 80 targets
DEBUG: Unique predictions: [0 1], Unique targets: [0 1]

Epoch  18/500 Summary:
  Train Loss: 0.6939 | Train Acc: 49.46%
  Val Acc: 48.75% | LR: 0.009972
Patience remaining: 39/50
  --------------------------------------------------
DEBUG: Evaluate function - 80 predictions, 80 targets
DEBUG: Unique predictions: [0 1], Unique targets: [0 1]

Epoch  19/500 Summary:
  Train Loss: 0.6928 | Train Acc: 50.36%
  Val Acc: 50.00% | LR: 0.009968
Patience remaining: 38/50
  --------------------------------------------------
DEBUG: Evaluate function - 80 predictions, 80 targets
DEBUG: Unique predictions: [1], Unique targets: [0 1]

Epoch  20/500 Summary:
  Train Loss: 0.6928 | Train Acc: 49.82%
  Val Acc: 50.00% | LR: 0.009964
Patience remaining: 37/50
  --------------------------------------------------
DEBUG: Evaluate function - 80 predictions, 80 targets
DEBUG: Unique predictions: [1], Unique targets: [0 1]

Epoch  21/500 Summary:
  Train Loss: 0.6939 | Train Acc: 49.64%
  Val Acc: 50.00% | LR: 0.009961
Patience remaining: 36/50
  --------------------------------------------------
DEBUG: Evaluate function - 80 predictions, 80 targets
DEBUG: Unique predictions: [0 1], Unique targets: [0 1]

Epoch  22/500 Summary:
  Train Loss: 0.6930 | Train Acc: 50.36%
  Val Acc: 53.75% | LR: 0.009957
New best validation accuracy!
  --------------------------------------------------
DEBUG: Evaluate function - 80 predictions, 80 targets
DEBUG: Unique predictions: [0 1], Unique targets: [0 1]

Epoch  23/500 Summary:
  Train Loss: 0.6952 | Train Acc: 49.82%
  Val Acc: 48.75% | LR: 0.009952
Patience remaining: 49/50
  --------------------------------------------------
DEBUG: Evaluate function - 80 predictions, 80 targets
DEBUG: Unique predictions: [1], Unique targets: [0 1]

Epoch  24/500 Summary:
  Train Loss: 0.6934 | Train Acc: 49.29%
  Val Acc: 50.00% | LR: 0.009948
Patience remaining: 48/50
  --------------------------------------------------
DEBUG: Evaluate function - 80 predictions, 80 targets
DEBUG: Unique predictions: [1], Unique targets: [0 1]

Epoch  25/500 Summary:
  Train Loss: 0.6919 | Train Acc: 50.54%
  Val Acc: 50.00% | LR: 0.009943
Patience remaining: 47/50
  --------------------------------------------------
DEBUG: Evaluate function - 80 predictions, 80 targets
DEBUG: Unique predictions: [0 1], Unique targets: [0 1]

Epoch  26/500 Summary:
  Train Loss: 0.6922 | Train Acc: 50.89%
  Val Acc: 53.75% | LR: 0.009938
Patience remaining: 46/50
  --------------------------------------------------
DEBUG: Evaluate function - 80 predictions, 80 targets
DEBUG: Unique predictions: [0 1], Unique targets: [0 1]

Epoch  27/500 Summary:
  Train Loss: 0.6909 | Train Acc: 52.68%
  Val Acc: 48.75% | LR: 0.009933
Patience remaining: 45/50
  --------------------------------------------------
DEBUG: Evaluate function - 80 predictions, 80 targets
DEBUG: Unique predictions: [0 1], Unique targets: [0 1]

Epoch  28/500 Summary:
  Train Loss: 0.6977 | Train Acc: 48.75%
  Val Acc: 56.25% | LR: 0.009928
New best validation accuracy!
  --------------------------------------------------
DEBUG: Evaluate function - 80 predictions, 80 targets
DEBUG: Unique predictions: [1], Unique targets: [0 1]

Epoch  29/500 Summary:
  Train Loss: 0.6917 | Train Acc: 52.68%
  Val Acc: 50.00% | LR: 0.009923
Patience remaining: 49/50
  --------------------------------------------------
DEBUG: Evaluate function - 80 predictions, 80 targets
DEBUG: Unique predictions: [0 1], Unique targets: [0 1]

Epoch  30/500 Summary:
  Train Loss: 0.6924 | Train Acc: 51.79%
  Val Acc: 51.25% | LR: 0.009917
Patience remaining: 48/50
  --------------------------------------------------
DEBUG: Evaluate function - 80 predictions, 80 targets
DEBUG: Unique predictions: [0 1], Unique targets: [0 1]

Epoch  31/500 Summary:
  Train Loss: 0.6929 | Train Acc: 53.21%
  Val Acc: 55.00% | LR: 0.009911
Patience remaining: 47/50
  --------------------------------------------------
DEBUG: Evaluate function - 80 predictions, 80 targets
DEBUG: Unique predictions: [0 1], Unique targets: [0 1]

Epoch  32/500 Summary:
  Train Loss: 0.6898 | Train Acc: 52.14%
  Val Acc: 63.75% | LR: 0.009905
New best validation accuracy!
  --------------------------------------------------
DEBUG: Evaluate function - 80 predictions, 80 targets
DEBUG: Unique predictions: [0 1], Unique targets: [0 1]

Epoch  33/500 Summary:
  Train Loss: 0.6850 | Train Acc: 56.25%
  Val Acc: 65.00% | LR: 0.009899
New best validation accuracy!
  --------------------------------------------------
DEBUG: Evaluate function - 80 predictions, 80 targets
DEBUG: Unique predictions: [0 1], Unique targets: [0 1]

Epoch  34/500 Summary:
  Train Loss: 0.6826 | Train Acc: 56.79%
  Val Acc: 67.50% | LR: 0.009893
New best validation accuracy!
  --------------------------------------------------
DEBUG: Evaluate function - 80 predictions, 80 targets
DEBUG: Unique predictions: [0 1], Unique targets: [0 1]

Epoch  35/500 Summary:
  Train Loss: 0.6842 | Train Acc: 59.46%
  Val Acc: 65.00% | LR: 0.009886
Patience remaining: 49/50
  --------------------------------------------------
DEBUG: Evaluate function - 80 predictions, 80 targets
DEBUG: Unique predictions: [0 1], Unique targets: [0 1]

Epoch  36/500 Summary:
  Train Loss: 0.6665 | Train Acc: 61.07%
  Val Acc: 61.25% | LR: 0.009880
Patience remaining: 48/50
  --------------------------------------------------
DEBUG: Evaluate function - 80 predictions, 80 targets
DEBUG: Unique predictions: [0 1], Unique targets: [0 1]

Epoch  37/500 Summary:
  Train Loss: 0.6617 | Train Acc: 59.82%
  Val Acc: 62.50% | LR: 0.009873
Patience remaining: 47/50
  --------------------------------------------------
DEBUG: Evaluate function - 80 predictions, 80 targets
DEBUG: Unique predictions: [0 1], Unique targets: [0 1]

Epoch  38/500 Summary:
  Train Loss: 0.6702 | Train Acc: 57.86%
  Val Acc: 66.25% | LR: 0.009865
Patience remaining: 46/50
  --------------------------------------------------
DEBUG: Evaluate function - 80 predictions, 80 targets
DEBUG: Unique predictions: [0 1], Unique targets: [0 1]

Epoch  39/500 Summary:
  Train Loss: 0.6639 | Train Acc: 60.71%
  Val Acc: 60.00% | LR: 0.009858
Patience remaining: 45/50
  --------------------------------------------------
DEBUG: Evaluate function - 80 predictions, 80 targets
DEBUG: Unique predictions: [0 1], Unique targets: [0 1]

Epoch  40/500 Summary:
  Train Loss: 0.6465 | Train Acc: 63.75%
  Val Acc: 67.50% | LR: 0.009851
Patience remaining: 44/50
  --------------------------------------------------
DEBUG: Evaluate function - 80 predictions, 80 targets
DEBUG: Unique predictions: [0 1], Unique targets: [0 1]

Epoch  41/500 Summary:
  Train Loss: 0.6411 | Train Acc: 65.36%
  Val Acc: 66.25% | LR: 0.009843
Patience remaining: 43/50
  --------------------------------------------------
DEBUG: Evaluate function - 80 predictions, 80 targets
DEBUG: Unique predictions: [0 1], Unique targets: [0 1]

Epoch  42/500 Summary:
  Train Loss: 0.6433 | Train Acc: 62.14%
  Val Acc: 67.50% | LR: 0.009835
Patience remaining: 42/50
  --------------------------------------------------
DEBUG: Evaluate function - 80 predictions, 80 targets
DEBUG: Unique predictions: [0 1], Unique targets: [0 1]

Epoch  43/500 Summary:
  Train Loss: 0.6300 | Train Acc: 67.86%
  Val Acc: 67.50% | LR: 0.009827
Patience remaining: 41/50
  --------------------------------------------------
DEBUG: Evaluate function - 80 predictions, 80 targets
DEBUG: Unique predictions: [0 1], Unique targets: [0 1]

Epoch  44/500 Summary:
  Train Loss: 0.6477 | Train Acc: 66.79%
  Val Acc: 61.25% | LR: 0.009819
Patience remaining: 40/50
  --------------------------------------------------
DEBUG: Evaluate function - 80 predictions, 80 targets
DEBUG: Unique predictions: [0 1], Unique targets: [0 1]

Epoch  45/500 Summary:
  Train Loss: 0.6507 | Train Acc: 61.61%
  Val Acc: 63.75% | LR: 0.009810
Patience remaining: 39/50
  --------------------------------------------------
DEBUG: Evaluate function - 80 predictions, 80 targets
DEBUG: Unique predictions: [0 1], Unique targets: [0 1]

Epoch  46/500 Summary:
  Train Loss: 0.6553 | Train Acc: 63.57%
  Val Acc: 61.25% | LR: 0.009801
Patience remaining: 38/50
  --------------------------------------------------
DEBUG: Evaluate function - 80 predictions, 80 targets
DEBUG: Unique predictions: [0 1], Unique targets: [0 1]

Epoch  47/500 Summary:
  Train Loss: 0.6568 | Train Acc: 59.29%
  Val Acc: 67.50% | LR: 0.009793
Patience remaining: 37/50
  --------------------------------------------------
DEBUG: Evaluate function - 80 predictions, 80 targets
DEBUG: Unique predictions: [0 1], Unique targets: [0 1]

Epoch  48/500 Summary:
  Train Loss: 0.6516 | Train Acc: 62.14%
  Val Acc: 65.00% | LR: 0.009784
Patience remaining: 36/50
  --------------------------------------------------
DEBUG: Evaluate function - 80 predictions, 80 targets
DEBUG: Unique predictions: [0 1], Unique targets: [0 1]

Epoch  49/500 Summary:
  Train Loss: 0.6370 | Train Acc: 65.36%
  Val Acc: 66.25% | LR: 0.009774
Patience remaining: 35/50
  --------------------------------------------------
DEBUG: Evaluate function - 80 predictions, 80 targets
DEBUG: Unique predictions: [0 1], Unique targets: [0 1]

Epoch  50/500 Summary:
  Train Loss: 0.6182 | Train Acc: 67.86%
  Val Acc: 68.75% | LR: 0.009765
New best validation accuracy!
  --------------------------------------------------
DEBUG: Evaluate function - 80 predictions, 80 targets
DEBUG: Unique predictions: [0 1], Unique targets: [0 1]

Epoch  51/500 Summary:
  Train Loss: 0.6254 | Train Acc: 64.46%
  Val Acc: 67.50% | LR: 0.009755
Patience remaining: 49/50
  --------------------------------------------------
DEBUG: Evaluate function - 80 predictions, 80 targets
DEBUG: Unique predictions: [0 1], Unique targets: [0 1]

Epoch  52/500 Summary:
  Train Loss: 0.6190 | Train Acc: 65.36%
  Val Acc: 65.00% | LR: 0.009745
Patience remaining: 48/50
  --------------------------------------------------
DEBUG: Evaluate function - 80 predictions, 80 targets
DEBUG: Unique predictions: [0 1], Unique targets: [0 1]

Epoch  53/500 Summary:
  Train Loss: 0.5947 | Train Acc: 65.89%
  Val Acc: 65.00% | LR: 0.009735
Patience remaining: 47/50
  --------------------------------------------------
DEBUG: Evaluate function - 80 predictions, 80 targets
DEBUG: Unique predictions: [0 1], Unique targets: [0 1]

Epoch  54/500 Summary:
  Train Loss: 0.6206 | Train Acc: 63.57%
  Val Acc: 63.75% | LR: 0.009725
Patience remaining: 46/50
  --------------------------------------------------
DEBUG: Evaluate function - 80 predictions, 80 targets
DEBUG: Unique predictions: [0 1], Unique targets: [0 1]

Epoch  55/500 Summary:
  Train Loss: 0.6267 | Train Acc: 67.50%
  Val Acc: 63.75% | LR: 0.009715
Patience remaining: 45/50
  --------------------------------------------------
DEBUG: Evaluate function - 80 predictions, 80 targets
DEBUG: Unique predictions: [0 1], Unique targets: [0 1]

Epoch  56/500 Summary:
  Train Loss: 0.6160 | Train Acc: 69.11%
  Val Acc: 63.75% | LR: 0.009704
Patience remaining: 44/50
  --------------------------------------------------
DEBUG: Evaluate function - 80 predictions, 80 targets
DEBUG: Unique predictions: [0 1], Unique targets: [0 1]

Epoch  57/500 Summary:
  Train Loss: 0.6283 | Train Acc: 68.04%
  Val Acc: 65.00% | LR: 0.009694
Patience remaining: 43/50
  --------------------------------------------------
DEBUG: Evaluate function - 80 predictions, 80 targets
DEBUG: Unique predictions: [0 1], Unique targets: [0 1]

Epoch  58/500 Summary:
  Train Loss: 0.6003 | Train Acc: 70.18%
  Val Acc: 63.75% | LR: 0.009683
Patience remaining: 42/50
  --------------------------------------------------
DEBUG: Evaluate function - 80 predictions, 80 targets
DEBUG: Unique predictions: [0 1], Unique targets: [0 1]

Epoch  59/500 Summary:
  Train Loss: 0.6068 | Train Acc: 66.61%
  Val Acc: 66.25% | LR: 0.009672
Patience remaining: 41/50
  --------------------------------------------------
DEBUG: Evaluate function - 80 predictions, 80 targets
DEBUG: Unique predictions: [0 1], Unique targets: [0 1]

Epoch  60/500 Summary:
  Train Loss: 0.6424 | Train Acc: 65.18%
  Val Acc: 66.25% | LR: 0.009660
Patience remaining: 40/50
  --------------------------------------------------
DEBUG: Evaluate function - 80 predictions, 80 targets
DEBUG: Unique predictions: [0 1], Unique targets: [0 1]

Epoch  61/500 Summary:
  Train Loss: 0.5932 | Train Acc: 68.39%
  Val Acc: 62.50% | LR: 0.009649
Patience remaining: 39/50
  --------------------------------------------------
DEBUG: Evaluate function - 80 predictions, 80 targets
DEBUG: Unique predictions: [0 1], Unique targets: [0 1]

Epoch  62/500 Summary:
  Train Loss: 0.5969 | Train Acc: 68.57%
  Val Acc: 63.75% | LR: 0.009637
Patience remaining: 38/50
  --------------------------------------------------
DEBUG: Evaluate function - 80 predictions, 80 targets
DEBUG: Unique predictions: [0 1], Unique targets: [0 1]

Epoch  63/500 Summary:
  Train Loss: 0.5951 | Train Acc: 66.61%
  Val Acc: 67.50% | LR: 0.009625
Patience remaining: 37/50
  --------------------------------------------------
DEBUG: Evaluate function - 80 predictions, 80 targets
DEBUG: Unique predictions: [0 1], Unique targets: [0 1]

Epoch  64/500 Summary:
  Train Loss: 0.5699 | Train Acc: 69.64%
  Val Acc: 56.25% | LR: 0.009613
Patience remaining: 36/50
  --------------------------------------------------
DEBUG: Evaluate function - 80 predictions, 80 targets
DEBUG: Unique predictions: [0 1], Unique targets: [0 1]

Epoch  65/500 Summary:
  Train Loss: 0.5684 | Train Acc: 69.82%
  Val Acc: 63.75% | LR: 0.009601
Patience remaining: 35/50
  --------------------------------------------------
DEBUG: Evaluate function - 80 predictions, 80 targets
DEBUG: Unique predictions: [0 1], Unique targets: [0 1]

Epoch  66/500 Summary:
  Train Loss: 0.6012 | Train Acc: 66.96%
  Val Acc: 63.75% | LR: 0.009589
Patience remaining: 34/50
  --------------------------------------------------
DEBUG: Evaluate function - 80 predictions, 80 targets
DEBUG: Unique predictions: [0 1], Unique targets: [0 1]

Epoch  67/500 Summary:
  Train Loss: 0.5802 | Train Acc: 68.93%
  Val Acc: 62.50% | LR: 0.009576
Patience remaining: 33/50
  --------------------------------------------------
DEBUG: Evaluate function - 80 predictions, 80 targets
DEBUG: Unique predictions: [0 1], Unique targets: [0 1]

Epoch  68/500 Summary:
  Train Loss: 0.5863 | Train Acc: 70.71%
  Val Acc: 62.50% | LR: 0.009563
Patience remaining: 32/50
  --------------------------------------------------
DEBUG: Evaluate function - 80 predictions, 80 targets
DEBUG: Unique predictions: [0 1], Unique targets: [0 1]

Epoch  69/500 Summary:
  Train Loss: 0.5779 | Train Acc: 69.64%
  Val Acc: 57.50% | LR: 0.009551
Patience remaining: 31/50
  --------------------------------------------------
DEBUG: Evaluate function - 80 predictions, 80 targets
DEBUG: Unique predictions: [0 1], Unique targets: [0 1]

Epoch  70/500 Summary:
  Train Loss: 0.6056 | Train Acc: 67.32%
  Val Acc: 65.00% | LR: 0.009537
Patience remaining: 30/50
  --------------------------------------------------
DEBUG: Evaluate function - 80 predictions, 80 targets
DEBUG: Unique predictions: [0 1], Unique targets: [0 1]

Epoch  71/500 Summary:
  Train Loss: 0.5710 | Train Acc: 72.14%
  Val Acc: 61.25% | LR: 0.009524
Patience remaining: 29/50
  --------------------------------------------------
DEBUG: Evaluate function - 80 predictions, 80 targets
DEBUG: Unique predictions: [0 1], Unique targets: [0 1]

Epoch  72/500 Summary:
  Train Loss: 0.5696 | Train Acc: 68.93%
  Val Acc: 66.25% | LR: 0.009511
Patience remaining: 28/50
  --------------------------------------------------
DEBUG: Evaluate function - 80 predictions, 80 targets
DEBUG: Unique predictions: [0 1], Unique targets: [0 1]

Epoch  73/500 Summary:
  Train Loss: 0.5595 | Train Acc: 70.89%
  Val Acc: 67.50% | LR: 0.009497
Patience remaining: 27/50
  --------------------------------------------------
DEBUG: Evaluate function - 80 predictions, 80 targets
DEBUG: Unique predictions: [0 1], Unique targets: [0 1]

Epoch  74/500 Summary:
  Train Loss: 0.5626 | Train Acc: 73.21%
  Val Acc: 66.25% | LR: 0.009483
Patience remaining: 26/50
  --------------------------------------------------
DEBUG: Evaluate function - 80 predictions, 80 targets
DEBUG: Unique predictions: [0 1], Unique targets: [0 1]

Epoch  75/500 Summary:
  Train Loss: 0.5471 | Train Acc: 73.57%
  Val Acc: 67.50% | LR: 0.009469
Patience remaining: 25/50
  --------------------------------------------------
DEBUG: Evaluate function - 80 predictions, 80 targets
DEBUG: Unique predictions: [0 1], Unique targets: [0 1]

Epoch  76/500 Summary:
  Train Loss: 0.5224 | Train Acc: 74.46%
  Val Acc: 63.75% | LR: 0.009455
Patience remaining: 24/50
  --------------------------------------------------
DEBUG: Evaluate function - 80 predictions, 80 targets
DEBUG: Unique predictions: [0 1], Unique targets: [0 1]

Epoch  77/500 Summary:
  Train Loss: 0.5544 | Train Acc: 72.50%
  Val Acc: 67.50% | LR: 0.009441
Patience remaining: 23/50
  --------------------------------------------------
DEBUG: Evaluate function - 80 predictions, 80 targets
DEBUG: Unique predictions: [0 1], Unique targets: [0 1]

Epoch  78/500 Summary:
  Train Loss: 0.5216 | Train Acc: 74.64%
  Val Acc: 66.25% | LR: 0.009426
Patience remaining: 22/50
  --------------------------------------------------
DEBUG: Evaluate function - 80 predictions, 80 targets
DEBUG: Unique predictions: [0 1], Unique targets: [0 1]

Epoch  79/500 Summary:
  Train Loss: 0.5414 | Train Acc: 74.29%
  Val Acc: 66.25% | LR: 0.009411
Patience remaining: 21/50
  --------------------------------------------------
DEBUG: Evaluate function - 80 predictions, 80 targets
DEBUG: Unique predictions: [0 1], Unique targets: [0 1]

Epoch  80/500 Summary:
  Train Loss: 0.5259 | Train Acc: 74.11%
  Val Acc: 70.00% | LR: 0.009397
New best validation accuracy!
  --------------------------------------------------
DEBUG: Evaluate function - 80 predictions, 80 targets
DEBUG: Unique predictions: [0 1], Unique targets: [0 1]

Epoch  81/500 Summary:
  Train Loss: 0.5318 | Train Acc: 73.04%
  Val Acc: 66.25% | LR: 0.009382
Patience remaining: 49/50
  --------------------------------------------------
DEBUG: Evaluate function - 80 predictions, 80 targets
DEBUG: Unique predictions: [0 1], Unique targets: [0 1]

Epoch  82/500 Summary:
  Train Loss: 0.4878 | Train Acc: 78.21%
  Val Acc: 70.00% | LR: 0.009366
Patience remaining: 48/50
  --------------------------------------------------
DEBUG: Evaluate function - 80 predictions, 80 targets
DEBUG: Unique predictions: [0 1], Unique targets: [0 1]

Epoch  83/500 Summary:
  Train Loss: 0.5369 | Train Acc: 75.36%
  Val Acc: 65.00% | LR: 0.009351
Patience remaining: 47/50
  --------------------------------------------------
DEBUG: Evaluate function - 80 predictions, 80 targets
DEBUG: Unique predictions: [0 1], Unique targets: [0 1]

Epoch  84/500 Summary:
  Train Loss: 0.5309 | Train Acc: 73.21%
  Val Acc: 63.75% | LR: 0.009335
Patience remaining: 46/50
  --------------------------------------------------
DEBUG: Evaluate function - 80 predictions, 80 targets
DEBUG: Unique predictions: [0 1], Unique targets: [0 1]

Epoch  85/500 Summary:
  Train Loss: 0.5277 | Train Acc: 73.57%
  Val Acc: 65.00% | LR: 0.009320
Patience remaining: 45/50
  --------------------------------------------------
DEBUG: Evaluate function - 80 predictions, 80 targets
DEBUG: Unique predictions: [0 1], Unique targets: [0 1]

Epoch  86/500 Summary:
  Train Loss: 0.4772 | Train Acc: 76.25%
  Val Acc: 68.75% | LR: 0.009304
Patience remaining: 44/50
  --------------------------------------------------
DEBUG: Evaluate function - 80 predictions, 80 targets
DEBUG: Unique predictions: [0 1], Unique targets: [0 1]

Epoch  87/500 Summary:
  Train Loss: 0.4827 | Train Acc: 76.43%
  Val Acc: 67.50% | LR: 0.009288
Patience remaining: 43/50
  --------------------------------------------------
DEBUG: Evaluate function - 80 predictions, 80 targets
DEBUG: Unique predictions: [0 1], Unique targets: [0 1]

Epoch  88/500 Summary:
  Train Loss: 0.4928 | Train Acc: 76.43%
  Val Acc: 63.75% | LR: 0.009271
Patience remaining: 42/50
  --------------------------------------------------
DEBUG: Evaluate function - 80 predictions, 80 targets
DEBUG: Unique predictions: [0 1], Unique targets: [0 1]

Epoch  89/500 Summary:
  Train Loss: 0.4981 | Train Acc: 75.54%
  Val Acc: 62.50% | LR: 0.009255
Patience remaining: 41/50
  --------------------------------------------------
DEBUG: Evaluate function - 80 predictions, 80 targets
DEBUG: Unique predictions: [0 1], Unique targets: [0 1]

Epoch  90/500 Summary:
  Train Loss: 0.5363 | Train Acc: 73.93%
  Val Acc: 66.25% | LR: 0.009238
Patience remaining: 40/50
  --------------------------------------------------
DEBUG: Evaluate function - 80 predictions, 80 targets
DEBUG: Unique predictions: [0 1], Unique targets: [0 1]

Epoch  91/500 Summary:
  Train Loss: 0.5071 | Train Acc: 76.79%
  Val Acc: 62.50% | LR: 0.009222
Patience remaining: 39/50
  --------------------------------------------------
DEBUG: Evaluate function - 80 predictions, 80 targets
DEBUG: Unique predictions: [0 1], Unique targets: [0 1]

Epoch  92/500 Summary:
  Train Loss: 0.4888 | Train Acc: 74.82%
  Val Acc: 66.25% | LR: 0.009205
Patience remaining: 38/50
  --------------------------------------------------
DEBUG: Evaluate function - 80 predictions, 80 targets
DEBUG: Unique predictions: [0 1], Unique targets: [0 1]

Epoch  93/500 Summary:
  Train Loss: 0.4696 | Train Acc: 80.18%
  Val Acc: 65.00% | LR: 0.009188
Patience remaining: 37/50
  --------------------------------------------------
DEBUG: Evaluate function - 80 predictions, 80 targets
DEBUG: Unique predictions: [0 1], Unique targets: [0 1]

Epoch  94/500 Summary:
  Train Loss: 0.4640 | Train Acc: 78.21%
  Val Acc: 70.00% | LR: 0.009170
Patience remaining: 36/50
  --------------------------------------------------
DEBUG: Evaluate function - 80 predictions, 80 targets
DEBUG: Unique predictions: [0 1], Unique targets: [0 1]

Epoch  95/500 Summary:
  Train Loss: 0.4613 | Train Acc: 79.46%
  Val Acc: 66.25% | LR: 0.009153
Patience remaining: 35/50
  --------------------------------------------------
DEBUG: Evaluate function - 80 predictions, 80 targets
DEBUG: Unique predictions: [0 1], Unique targets: [0 1]

Epoch  96/500 Summary:
  Train Loss: 0.4908 | Train Acc: 76.25%
  Val Acc: 61.25% | LR: 0.009135
Patience remaining: 34/50
  --------------------------------------------------
DEBUG: Evaluate function - 80 predictions, 80 targets
DEBUG: Unique predictions: [0 1], Unique targets: [0 1]

Epoch  97/500 Summary:
  Train Loss: 0.4610 | Train Acc: 75.89%
  Val Acc: 65.00% | LR: 0.009118
Patience remaining: 33/50
  --------------------------------------------------
DEBUG: Evaluate function - 80 predictions, 80 targets
DEBUG: Unique predictions: [0 1], Unique targets: [0 1]

Epoch  98/500 Summary:
  Train Loss: 0.4894 | Train Acc: 76.25%
  Val Acc: 60.00% | LR: 0.009100
Patience remaining: 32/50
  --------------------------------------------------
DEBUG: Evaluate function - 80 predictions, 80 targets
DEBUG: Unique predictions: [0 1], Unique targets: [0 1]

Epoch  99/500 Summary:
  Train Loss: 0.4948 | Train Acc: 76.25%
  Val Acc: 65.00% | LR: 0.009082
Patience remaining: 31/50
  --------------------------------------------------
DEBUG: Evaluate function - 80 predictions, 80 targets
DEBUG: Unique predictions: [0 1], Unique targets: [0 1]

Epoch 100/500 Summary:
  Train Loss: 0.4506 | Train Acc: 77.86%
  Val Acc: 66.25% | LR: 0.009063
Patience remaining: 30/50
  --------------------------------------------------
DEBUG: Evaluate function - 80 predictions, 80 targets
DEBUG: Unique predictions: [0 1], Unique targets: [0 1]

Epoch 101/500 Summary:
  Train Loss: 0.4243 | Train Acc: 79.29%
  Val Acc: 68.75% | LR: 0.009045
Patience remaining: 29/50
  --------------------------------------------------
DEBUG: Evaluate function - 80 predictions, 80 targets
DEBUG: Unique predictions: [0 1], Unique targets: [0 1]

Epoch 102/500 Summary:
  Train Loss: 0.4027 | Train Acc: 82.32%
  Val Acc: 65.00% | LR: 0.009027
Patience remaining: 28/50
  --------------------------------------------------
DEBUG: Evaluate function - 80 predictions, 80 targets
DEBUG: Unique predictions: [0 1], Unique targets: [0 1]

Epoch 103/500 Summary:
  Train Loss: 0.3917 | Train Acc: 81.07%
  Val Acc: 61.25% | LR: 0.009008
Patience remaining: 27/50
  --------------------------------------------------
DEBUG: Evaluate function - 80 predictions, 80 targets
DEBUG: Unique predictions: [0 1], Unique targets: [0 1]

Epoch 104/500 Summary:
  Train Loss: 0.4408 | Train Acc: 81.96%
  Val Acc: 71.25% | LR: 0.008989
New best validation accuracy!
  --------------------------------------------------
DEBUG: Evaluate function - 80 predictions, 80 targets
DEBUG: Unique predictions: [0 1], Unique targets: [0 1]

Epoch 105/500 Summary:
  Train Loss: 0.4141 | Train Acc: 82.68%
  Val Acc: 71.25% | LR: 0.008970
Patience remaining: 49/50
  --------------------------------------------------
DEBUG: Evaluate function - 80 predictions, 80 targets
DEBUG: Unique predictions: [0 1], Unique targets: [0 1]

Epoch 106/500 Summary:
  Train Loss: 0.4003 | Train Acc: 81.96%
  Val Acc: 65.00% | LR: 0.008951
Patience remaining: 48/50
  --------------------------------------------------
DEBUG: Evaluate function - 80 predictions, 80 targets
DEBUG: Unique predictions: [0 1], Unique targets: [0 1]

Epoch 107/500 Summary:
  Train Loss: 0.4082 | Train Acc: 83.21%
  Val Acc: 61.25% | LR: 0.008931
Patience remaining: 47/50
  --------------------------------------------------
DEBUG: Evaluate function - 80 predictions, 80 targets
DEBUG: Unique predictions: [0 1], Unique targets: [0 1]

Epoch 108/500 Summary:
  Train Loss: 0.4341 | Train Acc: 79.29%
  Val Acc: 65.00% | LR: 0.008912
Patience remaining: 46/50
  --------------------------------------------------
DEBUG: Evaluate function - 80 predictions, 80 targets
DEBUG: Unique predictions: [0 1], Unique targets: [0 1]

Epoch 109/500 Summary:
  Train Loss: 0.3758 | Train Acc: 83.75%
  Val Acc: 66.25% | LR: 0.008892
Patience remaining: 45/50
  --------------------------------------------------
DEBUG: Evaluate function - 80 predictions, 80 targets
DEBUG: Unique predictions: [0 1], Unique targets: [0 1]

Epoch 110/500 Summary:
  Train Loss: 0.4245 | Train Acc: 80.71%
  Val Acc: 70.00% | LR: 0.008873
Patience remaining: 44/50
  --------------------------------------------------
DEBUG: Evaluate function - 80 predictions, 80 targets
DEBUG: Unique predictions: [0 1], Unique targets: [0 1]

Epoch 111/500 Summary:
  Train Loss: 0.3808 | Train Acc: 84.29%
  Val Acc: 56.25% | LR: 0.008853
Patience remaining: 43/50
  --------------------------------------------------
DEBUG: Evaluate function - 80 predictions, 80 targets
DEBUG: Unique predictions: [0 1], Unique targets: [0 1]

Epoch 112/500 Summary:
  Train Loss: 0.4048 | Train Acc: 83.75%
  Val Acc: 60.00% | LR: 0.008832
Patience remaining: 42/50
  --------------------------------------------------
DEBUG: Evaluate function - 80 predictions, 80 targets
DEBUG: Unique predictions: [0 1], Unique targets: [0 1]

Epoch 113/500 Summary:
  Train Loss: 0.3836 | Train Acc: 83.75%
  Val Acc: 63.75% | LR: 0.008812
Patience remaining: 41/50
  --------------------------------------------------
DEBUG: Evaluate function - 80 predictions, 80 targets
DEBUG: Unique predictions: [0 1], Unique targets: [0 1]

Epoch 114/500 Summary:
  Train Loss: 0.4154 | Train Acc: 81.96%
  Val Acc: 66.25% | LR: 0.008792
Patience remaining: 40/50
  --------------------------------------------------
DEBUG: Evaluate function - 80 predictions, 80 targets
DEBUG: Unique predictions: [0 1], Unique targets: [0 1]

Epoch 115/500 Summary:
  Train Loss: 0.3675 | Train Acc: 85.36%
  Val Acc: 66.25% | LR: 0.008771
Patience remaining: 39/50
  --------------------------------------------------
DEBUG: Evaluate function - 80 predictions, 80 targets
DEBUG: Unique predictions: [0 1], Unique targets: [0 1]

Epoch 116/500 Summary:
  Train Loss: 0.4235 | Train Acc: 81.61%
  Val Acc: 65.00% | LR: 0.008751
Patience remaining: 38/50
  --------------------------------------------------
DEBUG: Evaluate function - 80 predictions, 80 targets
DEBUG: Unique predictions: [0 1], Unique targets: [0 1]

Epoch 117/500 Summary:
  Train Loss: 0.4485 | Train Acc: 80.71%
  Val Acc: 62.50% | LR: 0.008730
Patience remaining: 37/50
  --------------------------------------------------
DEBUG: Evaluate function - 80 predictions, 80 targets
DEBUG: Unique predictions: [0 1], Unique targets: [0 1]

Epoch 118/500 Summary:
  Train Loss: 0.3695 | Train Acc: 84.64%
  Val Acc: 68.75% | LR: 0.008709
Patience remaining: 36/50
  --------------------------------------------------
DEBUG: Evaluate function - 80 predictions, 80 targets
DEBUG: Unique predictions: [0 1], Unique targets: [0 1]

Epoch 119/500 Summary:
  Train Loss: 0.3744 | Train Acc: 85.54%
  Val Acc: 63.75% | LR: 0.008688
Patience remaining: 35/50
  --------------------------------------------------
DEBUG: Evaluate function - 80 predictions, 80 targets
DEBUG: Unique predictions: [0 1], Unique targets: [0 1]

Epoch 120/500 Summary:
  Train Loss: 0.3442 | Train Acc: 87.14%
  Val Acc: 67.50% | LR: 0.008666
Patience remaining: 34/50
  --------------------------------------------------
DEBUG: Evaluate function - 80 predictions, 80 targets
DEBUG: Unique predictions: [0 1], Unique targets: [0 1]

Epoch 121/500 Summary:
  Train Loss: 0.3824 | Train Acc: 84.11%
  Val Acc: 68.75% | LR: 0.008645
Patience remaining: 33/50
  --------------------------------------------------
DEBUG: Evaluate function - 80 predictions, 80 targets
DEBUG: Unique predictions: [0 1], Unique targets: [0 1]

Epoch 122/500 Summary:
  Train Loss: 0.3644 | Train Acc: 85.89%
  Val Acc: 57.50% | LR: 0.008623
Patience remaining: 32/50
  --------------------------------------------------
DEBUG: Evaluate function - 80 predictions, 80 targets
DEBUG: Unique predictions: [0 1], Unique targets: [0 1]

Epoch 123/500 Summary:
  Train Loss: 0.3636 | Train Acc: 85.54%
  Val Acc: 61.25% | LR: 0.008602
Patience remaining: 31/50
  --------------------------------------------------
DEBUG: Evaluate function - 80 predictions, 80 targets
DEBUG: Unique predictions: [0 1], Unique targets: [0 1]

Epoch 124/500 Summary:
  Train Loss: 0.3243 | Train Acc: 88.21%
  Val Acc: 62.50% | LR: 0.008580
Patience remaining: 30/50
  --------------------------------------------------
DEBUG: Evaluate function - 80 predictions, 80 targets
DEBUG: Unique predictions: [0 1], Unique targets: [0 1]

Epoch 125/500 Summary:
  Train Loss: 0.2992 | Train Acc: 88.57%
  Val Acc: 58.75% | LR: 0.008558
Patience remaining: 29/50
  --------------------------------------------------
DEBUG: Evaluate function - 80 predictions, 80 targets
DEBUG: Unique predictions: [0 1], Unique targets: [0 1]

Epoch 126/500 Summary:
  Train Loss: 0.3067 | Train Acc: 89.11%
  Val Acc: 61.25% | LR: 0.008536
Patience remaining: 28/50
  --------------------------------------------------
DEBUG: Evaluate function - 80 predictions, 80 targets
DEBUG: Unique predictions: [0 1], Unique targets: [0 1]

Epoch 127/500 Summary:
  Train Loss: 0.3489 | Train Acc: 87.68%
  Val Acc: 65.00% | LR: 0.008513
Patience remaining: 27/50
  --------------------------------------------------
DEBUG: Evaluate function - 80 predictions, 80 targets
DEBUG: Unique predictions: [0 1], Unique targets: [0 1]

Epoch 128/500 Summary:
  Train Loss: 0.3671 | Train Acc: 85.18%
  Val Acc: 58.75% | LR: 0.008491
Patience remaining: 26/50
  --------------------------------------------------
DEBUG: Evaluate function - 80 predictions, 80 targets
DEBUG: Unique predictions: [0 1], Unique targets: [0 1]

Epoch 129/500 Summary:
  Train Loss: 0.3492 | Train Acc: 84.29%
  Val Acc: 63.75% | LR: 0.008468
Patience remaining: 25/50
  --------------------------------------------------
DEBUG: Evaluate function - 80 predictions, 80 targets
DEBUG: Unique predictions: [0 1], Unique targets: [0 1]

Epoch 130/500 Summary:
  Train Loss: 0.3820 | Train Acc: 84.64%
  Val Acc: 67.50% | LR: 0.008446
Patience remaining: 24/50
  --------------------------------------------------
DEBUG: Evaluate function - 80 predictions, 80 targets
DEBUG: Unique predictions: [0 1], Unique targets: [0 1]

Epoch 131/500 Summary:
  Train Loss: 0.3276 | Train Acc: 86.61%
  Val Acc: 62.50% | LR: 0.008423
Patience remaining: 23/50
  --------------------------------------------------
DEBUG: Evaluate function - 80 predictions, 80 targets
DEBUG: Unique predictions: [0 1], Unique targets: [0 1]

Epoch 132/500 Summary:
  Train Loss: 0.3275 | Train Acc: 87.86%
  Val Acc: 63.75% | LR: 0.008400
Patience remaining: 22/50
  --------------------------------------------------
DEBUG: Evaluate function - 80 predictions, 80 targets
DEBUG: Unique predictions: [0 1], Unique targets: [0 1]

Epoch 133/500 Summary:
  Train Loss: 0.3162 | Train Acc: 89.29%
  Val Acc: 62.50% | LR: 0.008377
Patience remaining: 21/50
  --------------------------------------------------
DEBUG: Evaluate function - 80 predictions, 80 targets
DEBUG: Unique predictions: [0 1], Unique targets: [0 1]

Epoch 134/500 Summary:
  Train Loss: 0.3039 | Train Acc: 88.57%
  Val Acc: 57.50% | LR: 0.008353
Patience remaining: 20/50
  --------------------------------------------------
DEBUG: Evaluate function - 80 predictions, 80 targets
DEBUG: Unique predictions: [0 1], Unique targets: [0 1]

Epoch 135/500 Summary:
  Train Loss: 0.3171 | Train Acc: 87.14%
  Val Acc: 63.75% | LR: 0.008330
Patience remaining: 19/50
  --------------------------------------------------
DEBUG: Evaluate function - 80 predictions, 80 targets
DEBUG: Unique predictions: [0 1], Unique targets: [0 1]

Epoch 136/500 Summary:
  Train Loss: 0.3080 | Train Acc: 87.68%
  Val Acc: 63.75% | LR: 0.008307
Patience remaining: 18/50
  --------------------------------------------------
DEBUG: Evaluate function - 80 predictions, 80 targets
DEBUG: Unique predictions: [0 1], Unique targets: [0 1]

Epoch 137/500 Summary:
  Train Loss: 0.3191 | Train Acc: 87.14%
  Val Acc: 60.00% | LR: 0.008283
Patience remaining: 17/50
  --------------------------------------------------
DEBUG: Evaluate function - 80 predictions, 80 targets
DEBUG: Unique predictions: [0 1], Unique targets: [0 1]

Epoch 138/500 Summary:
  Train Loss: 0.3467 | Train Acc: 85.71%
  Val Acc: 61.25% | LR: 0.008259
Patience remaining: 16/50
  --------------------------------------------------
DEBUG: Evaluate function - 80 predictions, 80 targets
DEBUG: Unique predictions: [0 1], Unique targets: [0 1]

Epoch 139/500 Summary:
  Train Loss: 0.3015 | Train Acc: 88.75%
  Val Acc: 63.75% | LR: 0.008235
Patience remaining: 15/50
  --------------------------------------------------
DEBUG: Evaluate function - 80 predictions, 80 targets
DEBUG: Unique predictions: [0 1], Unique targets: [0 1]

Epoch 140/500 Summary:
  Train Loss: 0.3089 | Train Acc: 88.39%
  Val Acc: 61.25% | LR: 0.008211
Patience remaining: 14/50
  --------------------------------------------------
DEBUG: Evaluate function - 80 predictions, 80 targets
DEBUG: Unique predictions: [0 1], Unique targets: [0 1]

Epoch 141/500 Summary:
  Train Loss: 0.3109 | Train Acc: 89.64%
  Val Acc: 62.50% | LR: 0.008187
Patience remaining: 13/50
  --------------------------------------------------
DEBUG: Evaluate function - 80 predictions, 80 targets
DEBUG: Unique predictions: [0 1], Unique targets: [0 1]

Epoch 142/500 Summary:
  Train Loss: 0.3006 | Train Acc: 88.57%
  Val Acc: 66.25% | LR: 0.008163
Patience remaining: 12/50
  --------------------------------------------------
DEBUG: Evaluate function - 80 predictions, 80 targets
DEBUG: Unique predictions: [0 1], Unique targets: [0 1]

Epoch 143/500 Summary:
  Train Loss: 0.3196 | Train Acc: 87.50%
  Val Acc: 58.75% | LR: 0.008138
Patience remaining: 11/50
  --------------------------------------------------
DEBUG: Evaluate function - 80 predictions, 80 targets
DEBUG: Unique predictions: [0 1], Unique targets: [0 1]

Epoch 144/500 Summary:
  Train Loss: 0.3546 | Train Acc: 85.00%
  Val Acc: 61.25% | LR: 0.008114
Patience remaining: 10/50
  --------------------------------------------------
DEBUG: Evaluate function - 80 predictions, 80 targets
DEBUG: Unique predictions: [0 1], Unique targets: [0 1]

Epoch 145/500 Summary:
  Train Loss: 0.3527 | Train Acc: 84.64%
  Val Acc: 63.75% | LR: 0.008089
Patience remaining: 9/50
  --------------------------------------------------
DEBUG: Evaluate function - 80 predictions, 80 targets
DEBUG: Unique predictions: [0 1], Unique targets: [0 1]

Epoch 146/500 Summary:
  Train Loss: 0.3186 | Train Acc: 87.14%
  Val Acc: 60.00% | LR: 0.008065
Patience remaining: 8/50
  --------------------------------------------------
DEBUG: Evaluate function - 80 predictions, 80 targets
DEBUG: Unique predictions: [0 1], Unique targets: [0 1]

Epoch 147/500 Summary:
  Train Loss: 0.2979 | Train Acc: 88.21%
  Val Acc: 61.25% | LR: 0.008040
Patience remaining: 7/50
  --------------------------------------------------
DEBUG: Evaluate function - 80 predictions, 80 targets
DEBUG: Unique predictions: [0 1], Unique targets: [0 1]

Epoch 148/500 Summary:
  Train Loss: 0.2917 | Train Acc: 90.71%
  Val Acc: 65.00% | LR: 0.008015
Patience remaining: 6/50
  --------------------------------------------------
DEBUG: Evaluate function - 80 predictions, 80 targets
DEBUG: Unique predictions: [0 1], Unique targets: [0 1]

Epoch 149/500 Summary:
  Train Loss: 0.3720 | Train Acc: 82.86%
  Val Acc: 65.00% | LR: 0.007990
Patience remaining: 5/50
  --------------------------------------------------
DEBUG: Evaluate function - 80 predictions, 80 targets
DEBUG: Unique predictions: [0 1], Unique targets: [0 1]

Epoch 150/500 Summary:
  Train Loss: 0.3278 | Train Acc: 88.39%
  Val Acc: 65.00% | LR: 0.007964
Patience remaining: 4/50
  --------------------------------------------------
DEBUG: Evaluate function - 80 predictions, 80 targets2025-09-26 17:58:56 -     Test accuracy: 0.6438
2025-09-26 17:58:56 -   Fold 2/5
2025-09-26 17:58:56 -     Fold split: Train=560, Val=80

DEBUG: Unique predictions: [0 1], Unique targets: [0 1]

Epoch 151/500 Summary:
  Train Loss: 0.2911 | Train Acc: 90.71%
  Val Acc: 63.75% | LR: 0.007939
Patience remaining: 3/50
  --------------------------------------------------
DEBUG: Evaluate function - 80 predictions, 80 targets
DEBUG: Unique predictions: [0 1], Unique targets: [0 1]

Epoch 152/500 Summary:
  Train Loss: 0.2941 | Train Acc: 91.25%
  Val Acc: 61.25% | LR: 0.007913
Patience remaining: 2/50
  --------------------------------------------------
DEBUG: Evaluate function - 80 predictions, 80 targets
DEBUG: Unique predictions: [0 1], Unique targets: [0 1]

Epoch 153/500 Summary:
  Train Loss: 0.2859 | Train Acc: 89.29%
  Val Acc: 65.00% | LR: 0.007888
Patience remaining: 1/50
  --------------------------------------------------
DEBUG: Evaluate function - 80 predictions, 80 targets
DEBUG: Unique predictions: [0 1], Unique targets: [0 1]

Epoch 154/500 Summary:
  Train Loss: 0.2853 | Train Acc: 88.04%
  Val Acc: 61.25% | LR: 0.007862
Early stopping triggered! No improvement for 50 epochs
Best validation accuracy: 71.25%

============================================================
Training Complete!
Best Validation Accuracy: 71.25%
============================================================
DEBUG: Evaluate function - 80 predictions, 80 targets
DEBUG: Unique predictions: [0 1], Unique targets: [0 1]
Training class distribution: [280, 280]

============================================================
Starting Training - Max Epochs: 500
Model: EEGConformer
Learning Rate: 0.01, Weight Decay: 0.0001
Dropout: 0.25, Early Stopping Patience: 50
============================================================
DEBUG: Evaluate function - 80 predictions, 80 targets
DEBUG: Unique predictions: [1], Unique targets: [0 1]

Epoch   1/500 Summary:
  Train Loss: 1.1052 | Train Acc: 50.18%
  Val Acc: 50.00% | LR: 0.010000
New best validation accuracy!
  --------------------------------------------------
DEBUG: Evaluate function - 80 predictions, 80 targets
DEBUG: Unique predictions: [0], Unique targets: [0 1]

Epoch   2/500 Summary:
  Train Loss: 0.7458 | Train Acc: 47.50%
  Val Acc: 50.00% | LR: 0.010000
Patience remaining: 49/50
  --------------------------------------------------
DEBUG: Evaluate function - 80 predictions, 80 targets
DEBUG: Unique predictions: [1], Unique targets: [0 1]

Epoch   3/500 Summary:
  Train Loss: 0.7027 | Train Acc: 48.75%
  Val Acc: 50.00% | LR: 0.010000
Patience remaining: 48/50
  --------------------------------------------------
DEBUG: Evaluate function - 80 predictions, 80 targets
DEBUG: Unique predictions: [1], Unique targets: [0 1]

Epoch   4/500 Summary:
  Train Loss: 0.7029 | Train Acc: 50.00%
  Val Acc: 50.00% | LR: 0.009999
Patience remaining: 47/50
  --------------------------------------------------
DEBUG: Evaluate function - 80 predictions, 80 targets
DEBUG: Unique predictions: [0], Unique targets: [0 1]

Epoch   5/500 Summary:
  Train Loss: 0.6914 | Train Acc: 53.75%
  Val Acc: 50.00% | LR: 0.009998
Patience remaining: 46/50
  --------------------------------------------------
DEBUG: Evaluate function - 80 predictions, 80 targets
DEBUG: Unique predictions: [0], Unique targets: [0 1]

Epoch   6/500 Summary:
  Train Loss: 0.6951 | Train Acc: 50.00%
  Val Acc: 50.00% | LR: 0.009998
Patience remaining: 45/50
  --------------------------------------------------
DEBUG: Evaluate function - 80 predictions, 80 targets
DEBUG: Unique predictions: [0], Unique targets: [0 1]

Epoch   7/500 Summary:
  Train Loss: 0.6963 | Train Acc: 50.18%
  Val Acc: 50.00% | LR: 0.009996
Patience remaining: 44/50
  --------------------------------------------------
DEBUG: Evaluate function - 80 predictions, 80 targets
DEBUG: Unique predictions: [1], Unique targets: [0 1]

Epoch   8/500 Summary:
  Train Loss: 0.6935 | Train Acc: 52.14%
  Val Acc: 50.00% | LR: 0.009995
Patience remaining: 43/50
  --------------------------------------------------
DEBUG: Evaluate function - 80 predictions, 80 targets
DEBUG: Unique predictions: [1], Unique targets: [0 1]

Epoch   9/500 Summary:
  Train Loss: 0.6948 | Train Acc: 49.82%
  Val Acc: 50.00% | LR: 0.009994
Patience remaining: 42/50
  --------------------------------------------------
DEBUG: Evaluate function - 80 predictions, 80 targets
DEBUG: Unique predictions: [1], Unique targets: [0 1]

Epoch  10/500 Summary:
  Train Loss: 0.6952 | Train Acc: 50.18%
  Val Acc: 50.00% | LR: 0.009992
Patience remaining: 41/50
  --------------------------------------------------
DEBUG: Evaluate function - 80 predictions, 80 targets
DEBUG: Unique predictions: [0], Unique targets: [0 1]

Epoch  11/500 Summary:
  Train Loss: 0.6941 | Train Acc: 47.32%
  Val Acc: 50.00% | LR: 0.009990
Patience remaining: 40/50
  --------------------------------------------------
DEBUG: Evaluate function - 80 predictions, 80 targets
DEBUG: Unique predictions: [0], Unique targets: [0 1]

Epoch  12/500 Summary:
  Train Loss: 0.6939 | Train Acc: 49.29%
  Val Acc: 50.00% | LR: 0.009988
Patience remaining: 39/50
  --------------------------------------------------
DEBUG: Evaluate function - 80 predictions, 80 targets
DEBUG: Unique predictions: [1], Unique targets: [0 1]

Epoch  13/500 Summary:
  Train Loss: 0.6933 | Train Acc: 50.18%
  Val Acc: 50.00% | LR: 0.009986
Patience remaining: 38/50
  --------------------------------------------------
DEBUG: Evaluate function - 80 predictions, 80 targets
DEBUG: Unique predictions: [1], Unique targets: [0 1]

Epoch  14/500 Summary:
  Train Loss: 0.6943 | Train Acc: 47.86%
  Val Acc: 50.00% | LR: 0.009983
Patience remaining: 37/50
  --------------------------------------------------
DEBUG: Evaluate function - 80 predictions, 80 targets
DEBUG: Unique predictions: [0], Unique targets: [0 1]

Epoch  15/500 Summary:
  Train Loss: 0.6937 | Train Acc: 51.25%
  Val Acc: 50.00% | LR: 0.009981
Patience remaining: 36/50
  --------------------------------------------------
DEBUG: Evaluate function - 80 predictions, 80 targets
DEBUG: Unique predictions: [0], Unique targets: [0 1]

Epoch  16/500 Summary:
  Train Loss: 0.6946 | Train Acc: 47.68%
  Val Acc: 50.00% | LR: 0.009978
Patience remaining: 35/50
  --------------------------------------------------
DEBUG: Evaluate function - 80 predictions, 80 targets
DEBUG: Unique predictions: [0], Unique targets: [0 1]

Epoch  17/500 Summary:
  Train Loss: 0.6926 | Train Acc: 51.07%
  Val Acc: 50.00% | LR: 0.009975
Patience remaining: 34/50
  --------------------------------------------------
DEBUG: Evaluate function - 80 predictions, 80 targets
DEBUG: Unique predictions: [0], Unique targets: [0 1]

Epoch  18/500 Summary:
  Train Loss: 0.6947 | Train Acc: 49.29%
  Val Acc: 50.00% | LR: 0.009972
Patience remaining: 33/50
  --------------------------------------------------
DEBUG: Evaluate function - 80 predictions, 80 targets
DEBUG: Unique predictions: [1], Unique targets: [0 1]

Epoch  19/500 Summary:
  Train Loss: 0.6925 | Train Acc: 49.64%
  Val Acc: 50.00% | LR: 0.009968
Patience remaining: 32/50
  --------------------------------------------------
DEBUG: Evaluate function - 80 predictions, 80 targets
DEBUG: Unique predictions: [1], Unique targets: [0 1]

Epoch  20/500 Summary:
  Train Loss: 0.6980 | Train Acc: 50.36%
  Val Acc: 50.00% | LR: 0.009964
Patience remaining: 31/50
  --------------------------------------------------
DEBUG: Evaluate function - 80 predictions, 80 targets
DEBUG: Unique predictions: [0], Unique targets: [0 1]

Epoch  21/500 Summary:
  Train Loss: 0.6945 | Train Acc: 48.57%
  Val Acc: 50.00% | LR: 0.009961
Patience remaining: 30/50
  --------------------------------------------------
DEBUG: Evaluate function - 80 predictions, 80 targets
DEBUG: Unique predictions: [0], Unique targets: [0 1]

Epoch  22/500 Summary:
  Train Loss: 0.6940 | Train Acc: 50.00%
  Val Acc: 50.00% | LR: 0.009957
Patience remaining: 29/50
  --------------------------------------------------
DEBUG: Evaluate function - 80 predictions, 80 targets
DEBUG: Unique predictions: [0], Unique targets: [0 1]

Epoch  23/500 Summary:
  Train Loss: 0.6934 | Train Acc: 50.89%
  Val Acc: 50.00% | LR: 0.009952
Patience remaining: 28/50
  --------------------------------------------------
DEBUG: Evaluate function - 80 predictions, 80 targets
DEBUG: Unique predictions: [1], Unique targets: [0 1]

Epoch  24/500 Summary:
  Train Loss: 0.6949 | Train Acc: 48.39%
  Val Acc: 50.00% | LR: 0.009948
Patience remaining: 27/50
  --------------------------------------------------
DEBUG: Evaluate function - 80 predictions, 80 targets
DEBUG: Unique predictions: [0], Unique targets: [0 1]

Epoch  25/500 Summary:
  Train Loss: 0.6927 | Train Acc: 51.61%
  Val Acc: 50.00% | LR: 0.009943
Patience remaining: 26/50
  --------------------------------------------------
DEBUG: Evaluate function - 80 predictions, 80 targets
DEBUG: Unique predictions: [0], Unique targets: [0 1]

Epoch  26/500 Summary:
  Train Loss: 0.6945 | Train Acc: 49.46%
  Val Acc: 50.00% | LR: 0.009938
Patience remaining: 25/50
  --------------------------------------------------
DEBUG: Evaluate function - 80 predictions, 80 targets
DEBUG: Unique predictions: [0], Unique targets: [0 1]

Epoch  27/500 Summary:
  Train Loss: 0.6940 | Train Acc: 50.36%
  Val Acc: 50.00% | LR: 0.009933
Patience remaining: 24/50
  --------------------------------------------------
DEBUG: Evaluate function - 80 predictions, 80 targets
DEBUG: Unique predictions: [1], Unique targets: [0 1]

Epoch  28/500 Summary:
  Train Loss: 0.6958 | Train Acc: 50.71%
  Val Acc: 50.00% | LR: 0.009928
Patience remaining: 23/50
  --------------------------------------------------
DEBUG: Evaluate function - 80 predictions, 80 targets
DEBUG: Unique predictions: [0], Unique targets: [0 1]

Epoch  29/500 Summary:
  Train Loss: 0.6934 | Train Acc: 51.07%
  Val Acc: 50.00% | LR: 0.009923
Patience remaining: 22/50
  --------------------------------------------------
DEBUG: Evaluate function - 80 predictions, 80 targets
DEBUG: Unique predictions: [0], Unique targets: [0 1]

Epoch  30/500 Summary:
  Train Loss: 0.6963 | Train Acc: 50.71%
  Val Acc: 50.00% | LR: 0.009917
Patience remaining: 21/50
  --------------------------------------------------
DEBUG: Evaluate function - 80 predictions, 80 targets
DEBUG: Unique predictions: [0], Unique targets: [0 1]

Epoch  31/500 Summary:
  Train Loss: 0.6950 | Train Acc: 49.64%
  Val Acc: 50.00% | LR: 0.009911
Patience remaining: 20/50
  --------------------------------------------------
DEBUG: Evaluate function - 80 predictions, 80 targets
DEBUG: Unique predictions: [1], Unique targets: [0 1]

Epoch  32/500 Summary:
  Train Loss: 0.6950 | Train Acc: 48.93%
  Val Acc: 50.00% | LR: 0.009905
Patience remaining: 19/50
  --------------------------------------------------
DEBUG: Evaluate function - 80 predictions, 80 targets
DEBUG: Unique predictions: [0], Unique targets: [0 1]

Epoch  33/500 Summary:
  Train Loss: 0.6952 | Train Acc: 49.46%
  Val Acc: 50.00% | LR: 0.009899
Patience remaining: 18/50
  --------------------------------------------------
DEBUG: Evaluate function - 80 predictions, 80 targets
DEBUG: Unique predictions: [0], Unique targets: [0 1]

Epoch  34/500 Summary:
  Train Loss: 0.6938 | Train Acc: 50.00%
  Val Acc: 50.00% | LR: 0.009893
Patience remaining: 17/50
  --------------------------------------------------
DEBUG: Evaluate function - 80 predictions, 80 targets
DEBUG: Unique predictions: [0], Unique targets: [0 1]

Epoch  35/500 Summary:
  Train Loss: 0.6989 | Train Acc: 50.00%
  Val Acc: 50.00% | LR: 0.009886
Patience remaining: 16/50
  --------------------------------------------------
DEBUG: Evaluate function - 80 predictions, 80 targets
DEBUG: Unique predictions: [1], Unique targets: [0 1]

Epoch  36/500 Summary:
  Train Loss: 0.6969 | Train Acc: 47.32%
  Val Acc: 50.00% | LR: 0.009880
Patience remaining: 15/50
  --------------------------------------------------
DEBUG: Evaluate function - 80 predictions, 80 targets
DEBUG: Unique predictions: [1], Unique targets: [0 1]

Epoch  37/500 Summary:
  Train Loss: 0.6971 | Train Acc: 49.82%
  Val Acc: 50.00% | LR: 0.009873
Patience remaining: 14/50
  --------------------------------------------------
DEBUG: Evaluate function - 80 predictions, 80 targets
DEBUG: Unique predictions: [0], Unique targets: [0 1]

Epoch  38/500 Summary:
  Train Loss: 0.6914 | Train Acc: 53.57%
  Val Acc: 50.00% | LR: 0.009865
Patience remaining: 13/50
  --------------------------------------------------
DEBUG: Evaluate function - 80 predictions, 80 targets
DEBUG: Unique predictions: [0], Unique targets: [0 1]

Epoch  39/500 Summary:
  Train Loss: 0.6968 | Train Acc: 50.00%
  Val Acc: 50.00% | LR: 0.009858
Patience remaining: 12/50
  --------------------------------------------------
DEBUG: Evaluate function - 80 predictions, 80 targets
DEBUG: Unique predictions: [1], Unique targets: [0 1]

Epoch  40/500 Summary:
  Train Loss: 0.6951 | Train Acc: 49.82%
  Val Acc: 50.00% | LR: 0.009851
Patience remaining: 11/50
  --------------------------------------------------
DEBUG: Evaluate function - 80 predictions, 80 targets
DEBUG: Unique predictions: [1], Unique targets: [0 1]

Epoch  41/500 Summary:
  Train Loss: 0.6931 | Train Acc: 50.18%
  Val Acc: 50.00% | LR: 0.009843
Patience remaining: 10/50
  --------------------------------------------------
DEBUG: Evaluate function - 80 predictions, 80 targets
DEBUG: Unique predictions: [1], Unique targets: [0 1]

Epoch  42/500 Summary:
  Train Loss: 0.6933 | Train Acc: 50.54%
  Val Acc: 50.00% | LR: 0.009835
Patience remaining: 9/50
  --------------------------------------------------
DEBUG: Evaluate function - 80 predictions, 80 targets
DEBUG: Unique predictions: [0], Unique targets: [0 1]

Epoch  43/500 Summary:
  Train Loss: 0.6940 | Train Acc: 47.50%
  Val Acc: 50.00% | LR: 0.009827
Patience remaining: 8/50
  --------------------------------------------------
DEBUG: Evaluate function - 80 predictions, 80 targets
DEBUG: Unique predictions: [0], Unique targets: [0 1]

Epoch  44/500 Summary:
  Train Loss: 0.6931 | Train Acc: 49.82%
  Val Acc: 50.00% | LR: 0.009819
Patience remaining: 7/50
  --------------------------------------------------
DEBUG: Evaluate function - 80 predictions, 80 targets
DEBUG: Unique predictions: [0], Unique targets: [0 1]

Epoch  45/500 Summary:
  Train Loss: 0.6933 | Train Acc: 48.93%
  Val Acc: 50.00% | LR: 0.009810
Patience remaining: 6/50
  --------------------------------------------------
DEBUG: Evaluate function - 80 predictions, 80 targets
DEBUG: Unique predictions: [1], Unique targets: [0 1]

Epoch  46/500 Summary:
  Train Loss: 0.6937 | Train Acc: 46.96%
  Val Acc: 50.00% | LR: 0.009801
Patience remaining: 5/50
  --------------------------------------------------
DEBUG: Evaluate function - 80 predictions, 80 targets
DEBUG: Unique predictions: [0], Unique targets: [0 1]

Epoch  47/500 Summary:
  Train Loss: 0.6947 | Train Acc: 50.71%
  Val Acc: 50.00% | LR: 0.009793
Patience remaining: 4/50
  --------------------------------------------------
DEBUG: Evaluate function - 80 predictions, 80 targets
DEBUG: Unique predictions: [1], Unique targets: [0 1]

Epoch  48/500 Summary:
  Train Loss: 0.6931 | Train Acc: 49.64%
  Val Acc: 50.00% | LR: 0.009784
Patience remaining: 3/50
  --------------------------------------------------
DEBUG: Evaluate function - 80 predictions, 80 targets
DEBUG: Unique predictions: [0], Unique targets: [0 1]

Epoch  49/500 Summary:
  Train Loss: 0.6935 | Train Acc: 50.71%
  Val Acc: 50.00% | LR: 0.009774
Patience remaining: 2/50
  --------------------------------------------------
DEBUG: Evaluate function - 80 predictions, 80 targets
DEBUG: Unique predictions: [1], Unique targets: [0 1]

Epoch  50/500 Summary:
  Train Loss: 0.6940 | Train Acc: 51.25%
  Val Acc: 50.00% | LR: 0.009765
Patience remaining: 1/50
  --------------------------------------------------
DEBUG: Evaluate function - 80 predictions, 80 targets
DEBUG: Unique predictions: [0], Unique targets: [0 1]

Epoch  51/500 Summary:
  Train Loss: 0.6919 | Train Acc: 53.75%
  Val Acc: 50.00% | LR: 0.009755
Early stopping triggered! No improvement for 50 epochs
Best validation accuracy: 50.00%

============================================================
Training Complete!
Best Validation Accuracy: 50.00%
============================================================2025-09-26 17:58:59 -     Test accuracy: 0.5000
2025-09-26 17:58:59 -   Fold 3/5
2025-09-26 17:58:59 -     Fold split: Train=560, Val=80

DEBUG: Evaluate function - 80 predictions, 80 targets
DEBUG: Unique predictions: [0], Unique targets: [0 1]
Training class distribution: [280, 280]

============================================================
Starting Training - Max Epochs: 500
Model: EEGConformer
Learning Rate: 0.01, Weight Decay: 0.0001
Dropout: 0.25, Early Stopping Patience: 50
============================================================
DEBUG: Evaluate function - 80 predictions, 80 targets
DEBUG: Unique predictions: [1], Unique targets: [0 1]

Epoch   1/500 Summary:
  Train Loss: 0.8751 | Train Acc: 52.50%
  Val Acc: 50.00% | LR: 0.010000
New best validation accuracy!
  --------------------------------------------------
DEBUG: Evaluate function - 80 predictions, 80 targets
DEBUG: Unique predictions: [0], Unique targets: [0 1]

Epoch   2/500 Summary:
  Train Loss: 0.6951 | Train Acc: 49.46%
  Val Acc: 50.00% | LR: 0.010000
Patience remaining: 49/50
  --------------------------------------------------
DEBUG: Evaluate function - 80 predictions, 80 targets
DEBUG: Unique predictions: [1], Unique targets: [0 1]

Epoch   3/500 Summary:
  Train Loss: 0.6931 | Train Acc: 49.29%
  Val Acc: 50.00% | LR: 0.010000
Patience remaining: 48/50
  --------------------------------------------------
DEBUG: Evaluate function - 80 predictions, 80 targets
DEBUG: Unique predictions: [0], Unique targets: [0 1]

Epoch   4/500 Summary:
  Train Loss: 0.6983 | Train Acc: 46.96%
  Val Acc: 50.00% | LR: 0.009999
Patience remaining: 47/50
  --------------------------------------------------
DEBUG: Evaluate function - 80 predictions, 80 targets
DEBUG: Unique predictions: [1], Unique targets: [0 1]

Epoch   5/500 Summary:
  Train Loss: 0.6988 | Train Acc: 47.68%
  Val Acc: 50.00% | LR: 0.009998
Patience remaining: 46/50
  --------------------------------------------------
DEBUG: Evaluate function - 80 predictions, 80 targets
DEBUG: Unique predictions: [0], Unique targets: [0 1]

Epoch   6/500 Summary:
  Train Loss: 0.6983 | Train Acc: 49.11%
  Val Acc: 50.00% | LR: 0.009998
Patience remaining: 45/50
  --------------------------------------------------
DEBUG: Evaluate function - 80 predictions, 80 targets
DEBUG: Unique predictions: [1], Unique targets: [0 1]

Epoch   7/500 Summary:
  Train Loss: 0.6978 | Train Acc: 49.46%
  Val Acc: 50.00% | LR: 0.009996
Patience remaining: 44/50
  --------------------------------------------------
DEBUG: Evaluate function - 80 predictions, 80 targets
DEBUG: Unique predictions: [0], Unique targets: [0 1]

Epoch   8/500 Summary:
  Train Loss: 0.6951 | Train Acc: 49.82%
  Val Acc: 50.00% | LR: 0.009995
Patience remaining: 43/50
  --------------------------------------------------
DEBUG: Evaluate function - 80 predictions, 80 targets
DEBUG: Unique predictions: [0 1], Unique targets: [0 1]

Epoch   9/500 Summary:
  Train Loss: 0.6922 | Train Acc: 50.36%
  Val Acc: 45.00% | LR: 0.009994
Patience remaining: 42/50
  --------------------------------------------------
DEBUG: Evaluate function - 80 predictions, 80 targets
DEBUG: Unique predictions: [0 1], Unique targets: [0 1]

Epoch  10/500 Summary:
  Train Loss: 0.6922 | Train Acc: 51.07%
  Val Acc: 46.25% | LR: 0.009992
Patience remaining: 41/50
  --------------------------------------------------
DEBUG: Evaluate function - 80 predictions, 80 targets
DEBUG: Unique predictions: [0 1], Unique targets: [0 1]

Epoch  11/500 Summary:
  Train Loss: 0.6911 | Train Acc: 54.11%
  Val Acc: 47.50% | LR: 0.009990
Patience remaining: 40/50
  --------------------------------------------------
DEBUG: Evaluate function - 80 predictions, 80 targets
DEBUG: Unique predictions: [0 1], Unique targets: [0 1]

Epoch  12/500 Summary:
  Train Loss: 0.6923 | Train Acc: 51.07%
  Val Acc: 47.50% | LR: 0.009988
Patience remaining: 39/50
  --------------------------------------------------
DEBUG: Evaluate function - 80 predictions, 80 targets
DEBUG: Unique predictions: [0 1], Unique targets: [0 1]

Epoch  13/500 Summary:
  Train Loss: 0.6876 | Train Acc: 57.50%
  Val Acc: 50.00% | LR: 0.009986
Patience remaining: 38/50
  --------------------------------------------------
DEBUG: Evaluate function - 80 predictions, 80 targets
DEBUG: Unique predictions: [0 1], Unique targets: [0 1]

Epoch  14/500 Summary:
  Train Loss: 0.6840 | Train Acc: 53.75%
  Val Acc: 47.50% | LR: 0.009983
Patience remaining: 37/50
  --------------------------------------------------
DEBUG: Evaluate function - 80 predictions, 80 targets
DEBUG: Unique predictions: [0 1], Unique targets: [0 1]

Epoch  15/500 Summary:
  Train Loss: 0.7038 | Train Acc: 51.43%
  Val Acc: 50.00% | LR: 0.009981
Patience remaining: 36/50
  --------------------------------------------------
DEBUG: Evaluate function - 80 predictions, 80 targets
DEBUG: Unique predictions: [0 1], Unique targets: [0 1]

Epoch  16/500 Summary:
  Train Loss: 0.6933 | Train Acc: 49.29%
  Val Acc: 47.50% | LR: 0.009978
Patience remaining: 35/50
  --------------------------------------------------
DEBUG: Evaluate function - 80 predictions, 80 targets
DEBUG: Unique predictions: [0 1], Unique targets: [0 1]

Epoch  17/500 Summary:
  Train Loss: 0.6768 | Train Acc: 57.50%
  Val Acc: 51.25% | LR: 0.009975
New best validation accuracy!
  --------------------------------------------------
DEBUG: Evaluate function - 80 predictions, 80 targets
DEBUG: Unique predictions: [0 1], Unique targets: [0 1]

Epoch  18/500 Summary:
  Train Loss: 0.6734 | Train Acc: 56.43%
  Val Acc: 56.25% | LR: 0.009972
New best validation accuracy!
  --------------------------------------------------
DEBUG: Evaluate function - 80 predictions, 80 targets
DEBUG: Unique predictions: [0 1], Unique targets: [0 1]

Epoch  19/500 Summary:
  Train Loss: 0.6641 | Train Acc: 62.50%
  Val Acc: 52.50% | LR: 0.009968
Patience remaining: 49/50
  --------------------------------------------------
DEBUG: Evaluate function - 80 predictions, 80 targets
DEBUG: Unique predictions: [0 1], Unique targets: [0 1]

Epoch  20/500 Summary:
  Train Loss: 0.6704 | Train Acc: 59.29%
  Val Acc: 53.75% | LR: 0.009964
Patience remaining: 48/50
  --------------------------------------------------
DEBUG: Evaluate function - 80 predictions, 80 targets
DEBUG: Unique predictions: [0 1], Unique targets: [0 1]

Epoch  21/500 Summary:
  Train Loss: 0.6586 | Train Acc: 59.82%
  Val Acc: 60.00% | LR: 0.009961
New best validation accuracy!
  --------------------------------------------------
DEBUG: Evaluate function - 80 predictions, 80 targets
DEBUG: Unique predictions: [0 1], Unique targets: [0 1]

Epoch  22/500 Summary:
  Train Loss: 0.6547 | Train Acc: 62.32%
  Val Acc: 61.25% | LR: 0.009957
New best validation accuracy!
  --------------------------------------------------
DEBUG: Evaluate function - 80 predictions, 80 targets
DEBUG: Unique predictions: [0 1], Unique targets: [0 1]

Epoch  23/500 Summary:
  Train Loss: 0.6420 | Train Acc: 61.79%
  Val Acc: 53.75% | LR: 0.009952
Patience remaining: 49/50
  --------------------------------------------------
DEBUG: Evaluate function - 80 predictions, 80 targets
DEBUG: Unique predictions: [0 1], Unique targets: [0 1]

Epoch  24/500 Summary:
  Train Loss: 0.6545 | Train Acc: 62.86%
  Val Acc: 61.25% | LR: 0.009948
Patience remaining: 48/50
  --------------------------------------------------
DEBUG: Evaluate function - 80 predictions, 80 targets
DEBUG: Unique predictions: [0 1], Unique targets: [0 1]

Epoch  25/500 Summary:
  Train Loss: 0.6544 | Train Acc: 63.39%
  Val Acc: 56.25% | LR: 0.009943
Patience remaining: 47/50
  --------------------------------------------------
DEBUG: Evaluate function - 80 predictions, 80 targets
DEBUG: Unique predictions: [0 1], Unique targets: [0 1]

Epoch  26/500 Summary:
  Train Loss: 0.6340 | Train Acc: 64.29%
  Val Acc: 60.00% | LR: 0.009938
Patience remaining: 46/50
  --------------------------------------------------
DEBUG: Evaluate function - 80 predictions, 80 targets
DEBUG: Unique predictions: [0 1], Unique targets: [0 1]

Epoch  27/500 Summary:
  Train Loss: 0.6237 | Train Acc: 65.54%
  Val Acc: 55.00% | LR: 0.009933
Patience remaining: 45/50
  --------------------------------------------------
DEBUG: Evaluate function - 80 predictions, 80 targets
DEBUG: Unique predictions: [0 1], Unique targets: [0 1]

Epoch  28/500 Summary:
  Train Loss: 0.6076 | Train Acc: 65.89%
  Val Acc: 56.25% | LR: 0.009928
Patience remaining: 44/50
  --------------------------------------------------
DEBUG: Evaluate function - 80 predictions, 80 targets
DEBUG: Unique predictions: [0 1], Unique targets: [0 1]

Epoch  29/500 Summary:
  Train Loss: 0.6194 | Train Acc: 64.64%
  Val Acc: 55.00% | LR: 0.009923
Patience remaining: 43/50
  --------------------------------------------------
DEBUG: Evaluate function - 80 predictions, 80 targets
DEBUG: Unique predictions: [0 1], Unique targets: [0 1]

Epoch  30/500 Summary:
  Train Loss: 0.6228 | Train Acc: 65.54%
  Val Acc: 57.50% | LR: 0.009917
Patience remaining: 42/50
  --------------------------------------------------
DEBUG: Evaluate function - 80 predictions, 80 targets
DEBUG: Unique predictions: [0 1], Unique targets: [0 1]

Epoch  31/500 Summary:
  Train Loss: 0.6021 | Train Acc: 66.07%
  Val Acc: 52.50% | LR: 0.009911
Patience remaining: 41/50
  --------------------------------------------------
DEBUG: Evaluate function - 80 predictions, 80 targets
DEBUG: Unique predictions: [0 1], Unique targets: [0 1]

Epoch  32/500 Summary:
  Train Loss: 0.6056 | Train Acc: 64.82%
  Val Acc: 58.75% | LR: 0.009905
Patience remaining: 40/50
  --------------------------------------------------
DEBUG: Evaluate function - 80 predictions, 80 targets
DEBUG: Unique predictions: [0 1], Unique targets: [0 1]

Epoch  33/500 Summary:
  Train Loss: 0.5830 | Train Acc: 67.68%
  Val Acc: 63.75% | LR: 0.009899
New best validation accuracy!
  --------------------------------------------------
DEBUG: Evaluate function - 80 predictions, 80 targets
DEBUG: Unique predictions: [0 1], Unique targets: [0 1]

Epoch  34/500 Summary:
  Train Loss: 0.5861 | Train Acc: 68.57%
  Val Acc: 62.50% | LR: 0.009893
Patience remaining: 49/50
  --------------------------------------------------
DEBUG: Evaluate function - 80 predictions, 80 targets
DEBUG: Unique predictions: [0 1], Unique targets: [0 1]

Epoch  35/500 Summary:
  Train Loss: 0.5581 | Train Acc: 70.18%
  Val Acc: 53.75% | LR: 0.009886
Patience remaining: 48/50
  --------------------------------------------------
DEBUG: Evaluate function - 80 predictions, 80 targets
DEBUG: Unique predictions: [0 1], Unique targets: [0 1]

Epoch  36/500 Summary:
  Train Loss: 0.5975 | Train Acc: 68.93%
  Val Acc: 57.50% | LR: 0.009880
Patience remaining: 47/50
  --------------------------------------------------
DEBUG: Evaluate function - 80 predictions, 80 targets
DEBUG: Unique predictions: [0 1], Unique targets: [0 1]

Epoch  37/500 Summary:
  Train Loss: 0.5915 | Train Acc: 67.86%
  Val Acc: 60.00% | LR: 0.009873
Patience remaining: 46/50
  --------------------------------------------------
DEBUG: Evaluate function - 80 predictions, 80 targets
DEBUG: Unique predictions: [0 1], Unique targets: [0 1]

Epoch  38/500 Summary:
  Train Loss: 0.6092 | Train Acc: 66.96%
  Val Acc: 68.75% | LR: 0.009865
New best validation accuracy!
  --------------------------------------------------
DEBUG: Evaluate function - 80 predictions, 80 targets
DEBUG: Unique predictions: [0 1], Unique targets: [0 1]

Epoch  39/500 Summary:
  Train Loss: 0.5912 | Train Acc: 66.96%
  Val Acc: 61.25% | LR: 0.009858
Patience remaining: 49/50
  --------------------------------------------------
DEBUG: Evaluate function - 80 predictions, 80 targets
DEBUG: Unique predictions: [0 1], Unique targets: [0 1]

Epoch  40/500 Summary:
  Train Loss: 0.5854 | Train Acc: 68.57%
  Val Acc: 56.25% | LR: 0.009851
Patience remaining: 48/50
  --------------------------------------------------
DEBUG: Evaluate function - 80 predictions, 80 targets
DEBUG: Unique predictions: [0 1], Unique targets: [0 1]

Epoch  41/500 Summary:
  Train Loss: 0.5639 | Train Acc: 69.11%
  Val Acc: 62.50% | LR: 0.009843
Patience remaining: 47/50
  --------------------------------------------------
DEBUG: Evaluate function - 80 predictions, 80 targets
DEBUG: Unique predictions: [0 1], Unique targets: [0 1]

Epoch  42/500 Summary:
  Train Loss: 0.5447 | Train Acc: 72.86%
  Val Acc: 56.25% | LR: 0.009835
Patience remaining: 46/50
  --------------------------------------------------
DEBUG: Evaluate function - 80 predictions, 80 targets
DEBUG: Unique predictions: [0 1], Unique targets: [0 1]

Epoch  43/500 Summary:
  Train Loss: 0.5278 | Train Acc: 74.64%
  Val Acc: 61.25% | LR: 0.009827
Patience remaining: 45/50
  --------------------------------------------------
DEBUG: Evaluate function - 80 predictions, 80 targets
DEBUG: Unique predictions: [0 1], Unique targets: [0 1]

Epoch  44/500 Summary:
  Train Loss: 0.4990 | Train Acc: 75.54%
  Val Acc: 65.00% | LR: 0.009819
Patience remaining: 44/50
  --------------------------------------------------
DEBUG: Evaluate function - 80 predictions, 80 targets
DEBUG: Unique predictions: [0 1], Unique targets: [0 1]

Epoch  45/500 Summary:
  Train Loss: 0.5195 | Train Acc: 74.46%
  Val Acc: 57.50% | LR: 0.009810
Patience remaining: 43/50
  --------------------------------------------------
DEBUG: Evaluate function - 80 predictions, 80 targets
DEBUG: Unique predictions: [0 1], Unique targets: [0 1]

Epoch  46/500 Summary:
  Train Loss: 0.5249 | Train Acc: 76.25%
  Val Acc: 65.00% | LR: 0.009801
Patience remaining: 42/50
  --------------------------------------------------
DEBUG: Evaluate function - 80 predictions, 80 targets
DEBUG: Unique predictions: [0 1], Unique targets: [0 1]

Epoch  47/500 Summary:
  Train Loss: 0.5267 | Train Acc: 75.36%
  Val Acc: 62.50% | LR: 0.009793
Patience remaining: 41/50
  --------------------------------------------------
DEBUG: Evaluate function - 80 predictions, 80 targets
DEBUG: Unique predictions: [0 1], Unique targets: [0 1]

Epoch  48/500 Summary:
  Train Loss: 0.5225 | Train Acc: 75.18%
  Val Acc: 63.75% | LR: 0.009784
Patience remaining: 40/50
  --------------------------------------------------
DEBUG: Evaluate function - 80 predictions, 80 targets
DEBUG: Unique predictions: [0 1], Unique targets: [0 1]

Epoch  49/500 Summary:
  Train Loss: 0.5196 | Train Acc: 73.39%
  Val Acc: 58.75% | LR: 0.009774
Patience remaining: 39/50
  --------------------------------------------------
DEBUG: Evaluate function - 80 predictions, 80 targets
DEBUG: Unique predictions: [0 1], Unique targets: [0 1]

Epoch  50/500 Summary:
  Train Loss: 0.5460 | Train Acc: 73.39%
  Val Acc: 62.50% | LR: 0.009765
Patience remaining: 38/50
  --------------------------------------------------
DEBUG: Evaluate function - 80 predictions, 80 targets
DEBUG: Unique predictions: [0 1], Unique targets: [0 1]

Epoch  51/500 Summary:
  Train Loss: 0.5491 | Train Acc: 71.61%
  Val Acc: 62.50% | LR: 0.009755
Patience remaining: 37/50
  --------------------------------------------------
DEBUG: Evaluate function - 80 predictions, 80 targets
DEBUG: Unique predictions: [0 1], Unique targets: [0 1]

Epoch  52/500 Summary:
  Train Loss: 0.5402 | Train Acc: 72.86%
  Val Acc: 57.50% | LR: 0.009745
Patience remaining: 36/50
  --------------------------------------------------
DEBUG: Evaluate function - 80 predictions, 80 targets
DEBUG: Unique predictions: [0 1], Unique targets: [0 1]

Epoch  53/500 Summary:
  Train Loss: 0.5196 | Train Acc: 74.64%
  Val Acc: 60.00% | LR: 0.009735
Patience remaining: 35/50
  --------------------------------------------------
DEBUG: Evaluate function - 80 predictions, 80 targets
DEBUG: Unique predictions: [0 1], Unique targets: [0 1]

Epoch  54/500 Summary:
  Train Loss: 0.4929 | Train Acc: 76.79%
  Val Acc: 61.25% | LR: 0.009725
Patience remaining: 34/50
  --------------------------------------------------
DEBUG: Evaluate function - 80 predictions, 80 targets
DEBUG: Unique predictions: [0 1], Unique targets: [0 1]

Epoch  55/500 Summary:
  Train Loss: 0.4801 | Train Acc: 77.86%
  Val Acc: 57.50% | LR: 0.009715
Patience remaining: 33/50
  --------------------------------------------------
DEBUG: Evaluate function - 80 predictions, 80 targets
DEBUG: Unique predictions: [0 1], Unique targets: [0 1]

Epoch  56/500 Summary:
  Train Loss: 0.4607 | Train Acc: 79.11%
  Val Acc: 55.00% | LR: 0.009704
Patience remaining: 32/50
  --------------------------------------------------
DEBUG: Evaluate function - 80 predictions, 80 targets
DEBUG: Unique predictions: [0 1], Unique targets: [0 1]

Epoch  57/500 Summary:
  Train Loss: 0.4863 | Train Acc: 75.71%
  Val Acc: 65.00% | LR: 0.009694
Patience remaining: 31/50
  --------------------------------------------------
DEBUG: Evaluate function - 80 predictions, 80 targets
DEBUG: Unique predictions: [0 1], Unique targets: [0 1]

Epoch  58/500 Summary:
  Train Loss: 0.4944 | Train Acc: 75.71%
  Val Acc: 60.00% | LR: 0.009683
Patience remaining: 30/50
  --------------------------------------------------
DEBUG: Evaluate function - 80 predictions, 80 targets
DEBUG: Unique predictions: [0 1], Unique targets: [0 1]

Epoch  59/500 Summary:
  Train Loss: 0.4807 | Train Acc: 76.61%
  Val Acc: 62.50% | LR: 0.009672
Patience remaining: 29/50
  --------------------------------------------------
DEBUG: Evaluate function - 80 predictions, 80 targets
DEBUG: Unique predictions: [0 1], Unique targets: [0 1]

Epoch  60/500 Summary:
  Train Loss: 0.4520 | Train Acc: 80.89%
  Val Acc: 61.25% | LR: 0.009660
Patience remaining: 28/50
  --------------------------------------------------
DEBUG: Evaluate function - 80 predictions, 80 targets
DEBUG: Unique predictions: [0 1], Unique targets: [0 1]

Epoch  61/500 Summary:
  Train Loss: 0.4752 | Train Acc: 77.14%
  Val Acc: 55.00% | LR: 0.009649
Patience remaining: 27/50
  --------------------------------------------------
DEBUG: Evaluate function - 80 predictions, 80 targets
DEBUG: Unique predictions: [0 1], Unique targets: [0 1]

Epoch  62/500 Summary:
  Train Loss: 0.4773 | Train Acc: 77.32%
  Val Acc: 60.00% | LR: 0.009637
Patience remaining: 26/50
  --------------------------------------------------
DEBUG: Evaluate function - 80 predictions, 80 targets
DEBUG: Unique predictions: [0 1], Unique targets: [0 1]

Epoch  63/500 Summary:
  Train Loss: 0.4539 | Train Acc: 79.64%
  Val Acc: 56.25% | LR: 0.009625
Patience remaining: 25/50
  --------------------------------------------------
DEBUG: Evaluate function - 80 predictions, 80 targets
DEBUG: Unique predictions: [0 1], Unique targets: [0 1]

Epoch  64/500 Summary:
  Train Loss: 0.4419 | Train Acc: 79.82%
  Val Acc: 56.25% | LR: 0.009613
Patience remaining: 24/50
  --------------------------------------------------
DEBUG: Evaluate function - 80 predictions, 80 targets
DEBUG: Unique predictions: [0 1], Unique targets: [0 1]

Epoch  65/500 Summary:
  Train Loss: 0.4533 | Train Acc: 78.21%
  Val Acc: 56.25% | LR: 0.009601
Patience remaining: 23/50
  --------------------------------------------------
DEBUG: Evaluate function - 80 predictions, 80 targets
DEBUG: Unique predictions: [0 1], Unique targets: [0 1]

Epoch  66/500 Summary:
  Train Loss: 0.3974 | Train Acc: 82.32%
  Val Acc: 52.50% | LR: 0.009589
Patience remaining: 22/50
  --------------------------------------------------
DEBUG: Evaluate function - 80 predictions, 80 targets
DEBUG: Unique predictions: [0 1], Unique targets: [0 1]

Epoch  67/500 Summary:
  Train Loss: 0.4199 | Train Acc: 80.18%
  Val Acc: 55.00% | LR: 0.009576
Patience remaining: 21/50
  --------------------------------------------------
DEBUG: Evaluate function - 80 predictions, 80 targets
DEBUG: Unique predictions: [0 1], Unique targets: [0 1]

Epoch  68/500 Summary:
  Train Loss: 0.4563 | Train Acc: 79.11%
  Val Acc: 65.00% | LR: 0.009563
Patience remaining: 20/50
  --------------------------------------------------
DEBUG: Evaluate function - 80 predictions, 80 targets
DEBUG: Unique predictions: [0 1], Unique targets: [0 1]

Epoch  69/500 Summary:
  Train Loss: 0.4785 | Train Acc: 78.57%
  Val Acc: 56.25% | LR: 0.009551
Patience remaining: 19/50
  --------------------------------------------------
DEBUG: Evaluate function - 80 predictions, 80 targets
DEBUG: Unique predictions: [0 1], Unique targets: [0 1]

Epoch  70/500 Summary:
  Train Loss: 0.4446 | Train Acc: 79.29%
  Val Acc: 56.25% | LR: 0.009537
Patience remaining: 18/50
  --------------------------------------------------
DEBUG: Evaluate function - 80 predictions, 80 targets
DEBUG: Unique predictions: [0 1], Unique targets: [0 1]

Epoch  71/500 Summary:
  Train Loss: 0.4645 | Train Acc: 80.18%
  Val Acc: 56.25% | LR: 0.009524
Patience remaining: 17/50
  --------------------------------------------------
DEBUG: Evaluate function - 80 predictions, 80 targets
DEBUG: Unique predictions: [0 1], Unique targets: [0 1]

Epoch  72/500 Summary:
  Train Loss: 0.4243 | Train Acc: 81.43%
  Val Acc: 52.50% | LR: 0.009511
Patience remaining: 16/50
  --------------------------------------------------
DEBUG: Evaluate function - 80 predictions, 80 targets
DEBUG: Unique predictions: [0 1], Unique targets: [0 1]

Epoch  73/500 Summary:
  Train Loss: 0.3963 | Train Acc: 81.79%
  Val Acc: 58.75% | LR: 0.009497
Patience remaining: 15/50
  --------------------------------------------------
DEBUG: Evaluate function - 80 predictions, 80 targets
DEBUG: Unique predictions: [0 1], Unique targets: [0 1]

Epoch  74/500 Summary:
  Train Loss: 0.4194 | Train Acc: 81.96%
  Val Acc: 58.75% | LR: 0.009483
Patience remaining: 14/50
  --------------------------------------------------
DEBUG: Evaluate function - 80 predictions, 80 targets
DEBUG: Unique predictions: [0 1], Unique targets: [0 1]

Epoch  75/500 Summary:
  Train Loss: 0.3847 | Train Acc: 81.79%
  Val Acc: 57.50% | LR: 0.009469
Patience remaining: 13/50
  --------------------------------------------------
DEBUG: Evaluate function - 80 predictions, 80 targets
DEBUG: Unique predictions: [0 1], Unique targets: [0 1]

Epoch  76/500 Summary:
  Train Loss: 0.3781 | Train Acc: 84.11%
  Val Acc: 60.00% | LR: 0.009455
Patience remaining: 12/50
  --------------------------------------------------
DEBUG: Evaluate function - 80 predictions, 80 targets
DEBUG: Unique predictions: [0 1], Unique targets: [0 1]

Epoch  77/500 Summary:
  Train Loss: 0.3862 | Train Acc: 84.29%
  Val Acc: 56.25% | LR: 0.009441
Patience remaining: 11/50
  --------------------------------------------------
DEBUG: Evaluate function - 80 predictions, 80 targets
DEBUG: Unique predictions: [0 1], Unique targets: [0 1]

Epoch  78/500 Summary:
  Train Loss: 0.4358 | Train Acc: 81.61%
  Val Acc: 52.50% | LR: 0.009426
Patience remaining: 10/50
  --------------------------------------------------
DEBUG: Evaluate function - 80 predictions, 80 targets
DEBUG: Unique predictions: [0 1], Unique targets: [0 1]

Epoch  79/500 Summary:
  Train Loss: 0.3666 | Train Acc: 86.25%
  Val Acc: 55.00% | LR: 0.009411
Patience remaining: 9/50
  --------------------------------------------------
DEBUG: Evaluate function - 80 predictions, 80 targets
DEBUG: Unique predictions: [0 1], Unique targets: [0 1]

Epoch  80/500 Summary:
  Train Loss: 0.3896 | Train Acc: 83.21%
  Val Acc: 58.75% | LR: 0.009397
Patience remaining: 8/50
  --------------------------------------------------
DEBUG: Evaluate function - 80 predictions, 80 targets
DEBUG: Unique predictions: [0 1], Unique targets: [0 1]

Epoch  81/500 Summary:
  Train Loss: 0.3532 | Train Acc: 85.36%
  Val Acc: 57.50% | LR: 0.009382
Patience remaining: 7/50
  --------------------------------------------------
DEBUG: Evaluate function - 80 predictions, 80 targets
DEBUG: Unique predictions: [0 1], Unique targets: [0 1]

Epoch  82/500 Summary:
  Train Loss: 0.3800 | Train Acc: 83.93%
  Val Acc: 63.75% | LR: 0.009366
Patience remaining: 6/50
  --------------------------------------------------
DEBUG: Evaluate function - 80 predictions, 80 targets
DEBUG: Unique predictions: [0 1], Unique targets: [0 1]

Epoch  83/500 Summary:
  Train Loss: 0.3978 | Train Acc: 81.96%
  Val Acc: 57.50% | LR: 0.009351
Patience remaining: 5/50
  --------------------------------------------------
DEBUG: Evaluate function - 80 predictions, 80 targets
DEBUG: Unique predictions: [0 1], Unique targets: [0 1]

Epoch  84/500 Summary:
  Train Loss: 0.3507 | Train Acc: 85.54%
  Val Acc: 53.75% | LR: 0.009335
Patience remaining: 4/50
  --------------------------------------------------
DEBUG: Evaluate function - 80 predictions, 80 targets
DEBUG: Unique predictions: [0 1], Unique targets: [0 1]2025-09-26 17:59:05 -     Test accuracy: 0.6875
2025-09-26 17:59:05 -   Fold 4/5
2025-09-26 17:59:05 -     Fold split: Train=560, Val=80


Epoch  85/500 Summary:
  Train Loss: 0.3604 | Train Acc: 86.25%
  Val Acc: 67.50% | LR: 0.009320
Patience remaining: 3/50
  --------------------------------------------------
DEBUG: Evaluate function - 80 predictions, 80 targets
DEBUG: Unique predictions: [0 1], Unique targets: [0 1]

Epoch  86/500 Summary:
  Train Loss: 0.3452 | Train Acc: 87.50%
  Val Acc: 61.25% | LR: 0.009304
Patience remaining: 2/50
  --------------------------------------------------
DEBUG: Evaluate function - 80 predictions, 80 targets
DEBUG: Unique predictions: [0 1], Unique targets: [0 1]

Epoch  87/500 Summary:
  Train Loss: 0.3393 | Train Acc: 85.89%
  Val Acc: 61.25% | LR: 0.009288
Patience remaining: 1/50
  --------------------------------------------------
DEBUG: Evaluate function - 80 predictions, 80 targets
DEBUG: Unique predictions: [0 1], Unique targets: [0 1]

Epoch  88/500 Summary:
  Train Loss: 0.4038 | Train Acc: 82.86%
  Val Acc: 60.00% | LR: 0.009271
Early stopping triggered! No improvement for 50 epochs
Best validation accuracy: 68.75%

============================================================
Training Complete!
Best Validation Accuracy: 68.75%
============================================================
DEBUG: Evaluate function - 80 predictions, 80 targets
DEBUG: Unique predictions: [0 1], Unique targets: [0 1]
Training class distribution: [280, 280]

============================================================
Starting Training - Max Epochs: 500
Model: EEGConformer
Learning Rate: 0.01, Weight Decay: 0.0001
Dropout: 0.25, Early Stopping Patience: 50
============================================================
DEBUG: Evaluate function - 80 predictions, 80 targets
DEBUG: Unique predictions: [0], Unique targets: [0 1]

Epoch   1/500 Summary:
  Train Loss: 1.1338 | Train Acc: 54.11%
  Val Acc: 50.00% | LR: 0.010000
New best validation accuracy!
  --------------------------------------------------
DEBUG: Evaluate function - 80 predictions, 80 targets
DEBUG: Unique predictions: [0], Unique targets: [0 1]

Epoch   2/500 Summary:
  Train Loss: 0.7132 | Train Acc: 50.36%
  Val Acc: 50.00% | LR: 0.010000
Patience remaining: 49/50
  --------------------------------------------------
DEBUG: Evaluate function - 80 predictions, 80 targets
DEBUG: Unique predictions: [0], Unique targets: [0 1]

Epoch   3/500 Summary:
  Train Loss: 0.7005 | Train Acc: 49.82%
  Val Acc: 50.00% | LR: 0.010000
Patience remaining: 48/50
  --------------------------------------------------
DEBUG: Evaluate function - 80 predictions, 80 targets
DEBUG: Unique predictions: [1], Unique targets: [0 1]

Epoch   4/500 Summary:
  Train Loss: 0.6947 | Train Acc: 52.86%
  Val Acc: 50.00% | LR: 0.009999
Patience remaining: 47/50
  --------------------------------------------------
DEBUG: Evaluate function - 80 predictions, 80 targets
DEBUG: Unique predictions: [0], Unique targets: [0 1]

Epoch   5/500 Summary:
  Train Loss: 0.6941 | Train Acc: 49.82%
  Val Acc: 50.00% | LR: 0.009998
Patience remaining: 46/50
  --------------------------------------------------
DEBUG: Evaluate function - 80 predictions, 80 targets
DEBUG: Unique predictions: [0], Unique targets: [0 1]

Epoch   6/500 Summary:
  Train Loss: 0.6947 | Train Acc: 49.29%
  Val Acc: 50.00% | LR: 0.009998
Patience remaining: 45/50
  --------------------------------------------------
DEBUG: Evaluate function - 80 predictions, 80 targets
DEBUG: Unique predictions: [0], Unique targets: [0 1]

Epoch   7/500 Summary:
  Train Loss: 0.6932 | Train Acc: 49.29%
  Val Acc: 50.00% | LR: 0.009996
Patience remaining: 44/50
  --------------------------------------------------
DEBUG: Evaluate function - 80 predictions, 80 targets
DEBUG: Unique predictions: [0], Unique targets: [0 1]

Epoch   8/500 Summary:
  Train Loss: 0.6967 | Train Acc: 51.61%
  Val Acc: 50.00% | LR: 0.009995
Patience remaining: 43/50
  --------------------------------------------------
DEBUG: Evaluate function - 80 predictions, 80 targets
DEBUG: Unique predictions: [1], Unique targets: [0 1]

Epoch   9/500 Summary:
  Train Loss: 0.6963 | Train Acc: 48.39%
  Val Acc: 50.00% | LR: 0.009994
Patience remaining: 42/50
  --------------------------------------------------
DEBUG: Evaluate function - 80 predictions, 80 targets
DEBUG: Unique predictions: [1], Unique targets: [0 1]

Epoch  10/500 Summary:
  Train Loss: 0.6955 | Train Acc: 50.00%
  Val Acc: 50.00% | LR: 0.009992
Patience remaining: 41/50
  --------------------------------------------------
DEBUG: Evaluate function - 80 predictions, 80 targets
DEBUG: Unique predictions: [0], Unique targets: [0 1]

Epoch  11/500 Summary:
  Train Loss: 0.6940 | Train Acc: 50.71%
  Val Acc: 50.00% | LR: 0.009990
Patience remaining: 40/50
  --------------------------------------------------
DEBUG: Evaluate function - 80 predictions, 80 targets
DEBUG: Unique predictions: [0], Unique targets: [0 1]

Epoch  12/500 Summary:
  Train Loss: 0.6946 | Train Acc: 50.71%
  Val Acc: 50.00% | LR: 0.009988
Patience remaining: 39/50
  --------------------------------------------------
DEBUG: Evaluate function - 80 predictions, 80 targets
DEBUG: Unique predictions: [1], Unique targets: [0 1]

Epoch  13/500 Summary:
  Train Loss: 0.6944 | Train Acc: 49.46%
  Val Acc: 50.00% | LR: 0.009986
Patience remaining: 38/50
  --------------------------------------------------
DEBUG: Evaluate function - 80 predictions, 80 targets
DEBUG: Unique predictions: [1], Unique targets: [0 1]

Epoch  14/500 Summary:
  Train Loss: 0.6963 | Train Acc: 50.18%
  Val Acc: 50.00% | LR: 0.009983
Patience remaining: 37/50
  --------------------------------------------------
DEBUG: Evaluate function - 80 predictions, 80 targets
DEBUG: Unique predictions: [0], Unique targets: [0 1]

Epoch  15/500 Summary:
  Train Loss: 0.6932 | Train Acc: 48.93%
  Val Acc: 50.00% | LR: 0.009981
Patience remaining: 36/50
  --------------------------------------------------
DEBUG: Evaluate function - 80 predictions, 80 targets
DEBUG: Unique predictions: [0], Unique targets: [0 1]

Epoch  16/500 Summary:
  Train Loss: 0.6920 | Train Acc: 52.86%
  Val Acc: 50.00% | LR: 0.009978
Patience remaining: 35/50
  --------------------------------------------------
DEBUG: Evaluate function - 80 predictions, 80 targets
DEBUG: Unique predictions: [0], Unique targets: [0 1]

Epoch  17/500 Summary:
  Train Loss: 0.6970 | Train Acc: 50.36%
  Val Acc: 50.00% | LR: 0.009975
Patience remaining: 34/50
  --------------------------------------------------
DEBUG: Evaluate function - 80 predictions, 80 targets
DEBUG: Unique predictions: [1], Unique targets: [0 1]

Epoch  18/500 Summary:
  Train Loss: 0.6979 | Train Acc: 48.75%
  Val Acc: 50.00% | LR: 0.009972
Patience remaining: 33/50
  --------------------------------------------------
DEBUG: Evaluate function - 80 predictions, 80 targets
DEBUG: Unique predictions: [1], Unique targets: [0 1]

Epoch  19/500 Summary:
  Train Loss: 0.6930 | Train Acc: 51.61%
  Val Acc: 50.00% | LR: 0.009968
Patience remaining: 32/50
  --------------------------------------------------
DEBUG: Evaluate function - 80 predictions, 80 targets
DEBUG: Unique predictions: [0], Unique targets: [0 1]

Epoch  20/500 Summary:
  Train Loss: 0.6945 | Train Acc: 46.96%
  Val Acc: 50.00% | LR: 0.009964
Patience remaining: 31/50
  --------------------------------------------------
DEBUG: Evaluate function - 80 predictions, 80 targets
DEBUG: Unique predictions: [0], Unique targets: [0 1]

Epoch  21/500 Summary:
  Train Loss: 0.6957 | Train Acc: 49.29%
  Val Acc: 50.00% | LR: 0.009961
Patience remaining: 30/50
  --------------------------------------------------
DEBUG: Evaluate function - 80 predictions, 80 targets
DEBUG: Unique predictions: [1], Unique targets: [0 1]

Epoch  22/500 Summary:
  Train Loss: 0.6917 | Train Acc: 55.00%
  Val Acc: 50.00% | LR: 0.009957
Patience remaining: 29/50
  --------------------------------------------------
DEBUG: Evaluate function - 80 predictions, 80 targets
DEBUG: Unique predictions: [1], Unique targets: [0 1]

Epoch  23/500 Summary:
  Train Loss: 0.6922 | Train Acc: 50.54%
  Val Acc: 50.00% | LR: 0.009952
Patience remaining: 28/50
  --------------------------------------------------
DEBUG: Evaluate function - 80 predictions, 80 targets
DEBUG: Unique predictions: [1], Unique targets: [0 1]

Epoch  24/500 Summary:
  Train Loss: 0.6934 | Train Acc: 51.07%
  Val Acc: 50.00% | LR: 0.009948
Patience remaining: 27/50
  --------------------------------------------------
DEBUG: Evaluate function - 80 predictions, 80 targets
DEBUG: Unique predictions: [0], Unique targets: [0 1]

Epoch  25/500 Summary:
  Train Loss: 0.6950 | Train Acc: 49.82%
  Val Acc: 50.00% | LR: 0.009943
Patience remaining: 26/50
  --------------------------------------------------
DEBUG: Evaluate function - 80 predictions, 80 targets
DEBUG: Unique predictions: [0], Unique targets: [0 1]

Epoch  26/500 Summary:
  Train Loss: 0.6916 | Train Acc: 50.89%
  Val Acc: 50.00% | LR: 0.009938
Patience remaining: 25/50
  --------------------------------------------------
DEBUG: Evaluate function - 80 predictions, 80 targets
DEBUG: Unique predictions: [0], Unique targets: [0 1]

Epoch  27/500 Summary:
  Train Loss: 0.6956 | Train Acc: 50.18%
  Val Acc: 50.00% | LR: 0.009933
Patience remaining: 24/50
  --------------------------------------------------
DEBUG: Evaluate function - 80 predictions, 80 targets
DEBUG: Unique predictions: [1], Unique targets: [0 1]

Epoch  28/500 Summary:
  Train Loss: 0.6936 | Train Acc: 49.46%
  Val Acc: 50.00% | LR: 0.009928
Patience remaining: 23/50
  --------------------------------------------------
DEBUG: Evaluate function - 80 predictions, 80 targets
DEBUG: Unique predictions: [0], Unique targets: [0 1]

Epoch  29/500 Summary:
  Train Loss: 0.6928 | Train Acc: 53.04%
  Val Acc: 50.00% | LR: 0.009923
Patience remaining: 22/50
  --------------------------------------------------
DEBUG: Evaluate function - 80 predictions, 80 targets
DEBUG: Unique predictions: [1], Unique targets: [0 1]

Epoch  30/500 Summary:
  Train Loss: 0.6951 | Train Acc: 47.68%
  Val Acc: 50.00% | LR: 0.009917
Patience remaining: 21/50
  --------------------------------------------------
DEBUG: Evaluate function - 80 predictions, 80 targets
DEBUG: Unique predictions: [1], Unique targets: [0 1]

Epoch  31/500 Summary:
  Train Loss: 0.6925 | Train Acc: 50.18%
  Val Acc: 50.00% | LR: 0.009911
Patience remaining: 20/50
  --------------------------------------------------
DEBUG: Evaluate function - 80 predictions, 80 targets
DEBUG: Unique predictions: [0], Unique targets: [0 1]

Epoch  32/500 Summary:
  Train Loss: 0.6948 | Train Acc: 49.29%
  Val Acc: 50.00% | LR: 0.009905
Patience remaining: 19/50
  --------------------------------------------------
DEBUG: Evaluate function - 80 predictions, 80 targets
DEBUG: Unique predictions: [0], Unique targets: [0 1]

Epoch  33/500 Summary:
  Train Loss: 0.6932 | Train Acc: 51.61%
  Val Acc: 50.00% | LR: 0.009899
Patience remaining: 18/50
  --------------------------------------------------
DEBUG: Evaluate function - 80 predictions, 80 targets
DEBUG: Unique predictions: [1], Unique targets: [0 1]

Epoch  34/500 Summary:
  Train Loss: 0.6937 | Train Acc: 48.93%
  Val Acc: 50.00% | LR: 0.009893
Patience remaining: 17/50
  --------------------------------------------------
DEBUG: Evaluate function - 80 predictions, 80 targets
DEBUG: Unique predictions: [1], Unique targets: [0 1]

Epoch  35/500 Summary:
  Train Loss: 0.6940 | Train Acc: 49.82%
  Val Acc: 50.00% | LR: 0.009886
Patience remaining: 16/50
  --------------------------------------------------
DEBUG: Evaluate function - 80 predictions, 80 targets
DEBUG: Unique predictions: [0], Unique targets: [0 1]

Epoch  36/500 Summary:
  Train Loss: 0.6961 | Train Acc: 49.46%
  Val Acc: 50.00% | LR: 0.009880
Patience remaining: 15/50
  --------------------------------------------------
DEBUG: Evaluate function - 80 predictions, 80 targets
DEBUG: Unique predictions: [1], Unique targets: [0 1]

Epoch  37/500 Summary:
  Train Loss: 0.6947 | Train Acc: 50.54%
  Val Acc: 50.00% | LR: 0.009873
Patience remaining: 14/50
  --------------------------------------------------
DEBUG: Evaluate function - 80 predictions, 80 targets
DEBUG: Unique predictions: [0], Unique targets: [0 1]

Epoch  38/500 Summary:
  Train Loss: 0.6943 | Train Acc: 48.75%
  Val Acc: 50.00% | LR: 0.009865
Patience remaining: 13/50
  --------------------------------------------------
DEBUG: Evaluate function - 80 predictions, 80 targets
DEBUG: Unique predictions: [0], Unique targets: [0 1]

Epoch  39/500 Summary:
  Train Loss: 0.6967 | Train Acc: 50.00%
  Val Acc: 50.00% | LR: 0.009858
Patience remaining: 12/50
  --------------------------------------------------
DEBUG: Evaluate function - 80 predictions, 80 targets
DEBUG: Unique predictions: [1], Unique targets: [0 1]

Epoch  40/500 Summary:
  Train Loss: 0.6964 | Train Acc: 50.00%
  Val Acc: 50.00% | LR: 0.009851
Patience remaining: 11/50
  --------------------------------------------------
DEBUG: Evaluate function - 80 predictions, 80 targets
DEBUG: Unique predictions: [0], Unique targets: [0 1]

Epoch  41/500 Summary:
  Train Loss: 0.6941 | Train Acc: 50.36%
  Val Acc: 50.00% | LR: 0.009843
Patience remaining: 10/50
  --------------------------------------------------
DEBUG: Evaluate function - 80 predictions, 80 targets
DEBUG: Unique predictions: [0], Unique targets: [0 1]

Epoch  42/500 Summary:
  Train Loss: 0.6940 | Train Acc: 50.00%
  Val Acc: 50.00% | LR: 0.009835
Patience remaining: 9/50
  --------------------------------------------------
DEBUG: Evaluate function - 80 predictions, 80 targets
DEBUG: Unique predictions: [0], Unique targets: [0 1]

Epoch  43/500 Summary:
  Train Loss: 0.6928 | Train Acc: 50.54%
  Val Acc: 50.00% | LR: 0.009827
Patience remaining: 8/50
  --------------------------------------------------
DEBUG: Evaluate function - 80 predictions, 80 targets
DEBUG: Unique predictions: [1], Unique targets: [0 1]

Epoch  44/500 Summary:
  Train Loss: 0.6958 | Train Acc: 48.04%
  Val Acc: 50.00% | LR: 0.009819
Patience remaining: 7/50
  --------------------------------------------------
DEBUG: Evaluate function - 80 predictions, 80 targets
DEBUG: Unique predictions: [0], Unique targets: [0 1]

Epoch  45/500 Summary:
  Train Loss: 0.6957 | Train Acc: 48.39%
  Val Acc: 50.00% | LR: 0.009810
Patience remaining: 6/50
  --------------------------------------------------
DEBUG: Evaluate function - 80 predictions, 80 targets
DEBUG: Unique predictions: [0], Unique targets: [0 1]

Epoch  46/500 Summary:
  Train Loss: 0.6926 | Train Acc: 51.25%
  Val Acc: 50.00% | LR: 0.009801
Patience remaining: 5/50
  --------------------------------------------------
DEBUG: Evaluate function - 80 predictions, 80 targets
DEBUG: Unique predictions: [0], Unique targets: [0 1]

Epoch  47/500 Summary:
  Train Loss: 0.6978 | Train Acc: 49.11%
  Val Acc: 50.00% | LR: 0.009793
Patience remaining: 4/50
  --------------------------------------------------
DEBUG: Evaluate function - 80 predictions, 80 targets
DEBUG: Unique predictions: [1], Unique targets: [0 1]

Epoch  48/500 Summary:
  Train Loss: 0.6929 | Train Acc: 49.82%
  Val Acc: 50.00% | LR: 0.009784
Patience remaining: 3/50
  --------------------------------------------------
DEBUG: Evaluate function - 80 predictions, 80 targets
DEBUG: Unique predictions: [1], Unique targets: [0 1]

Epoch  49/500 Summary:
  Train Loss: 0.6936 | Train Acc: 51.61%
  Val Acc: 50.00% | LR: 0.009774
Patience remaining: 2/50
  --------------------------------------------------
DEBUG: Evaluate function - 80 predictions, 80 targets
DEBUG: Unique predictions: [0], Unique targets: [0 1]

Epoch  50/500 Summary:
  Train Loss: 0.6985 | Train Acc: 46.25%
  Val Acc: 50.00% | LR: 0.009765
Patience remaining: 1/50
  --------------------------------------------------
DEBUG: Evaluate function - 80 predictions, 80 targets
DEBUG: Unique predictions: [0], Unique targets: [0 1]

Epoch  51/500 Summary:
  Train Loss: 0.6984 | Train Acc: 49.46%
  Val Acc: 50.00% | LR: 0.009755
Early stopping triggered! No improvement for 50 epochs
Best validation accuracy: 50.00%

============================================================
Training Complete!
Best Validation Accuracy: 50.00%
============================================================
DEBUG: Evaluate function - 80 predictions, 80 targets2025-09-26 17:59:07 -     Test accuracy: 0.5000
2025-09-26 17:59:07 -   Fold 5/5
2025-09-26 17:59:07 -     Fold split: Train=560, Val=80

DEBUG: Unique predictions: [0], Unique targets: [0 1]
Training class distribution: [280, 280]

============================================================
Starting Training - Max Epochs: 500
Model: EEGConformer
Learning Rate: 0.01, Weight Decay: 0.0001
Dropout: 0.25, Early Stopping Patience: 50
============================================================
DEBUG: Evaluate function - 80 predictions, 80 targets
DEBUG: Unique predictions: [0], Unique targets: [0 1]

Epoch   1/500 Summary:
  Train Loss: 1.1843 | Train Acc: 47.14%
  Val Acc: 50.00% | LR: 0.010000
New best validation accuracy!
  --------------------------------------------------
DEBUG: Evaluate function - 80 predictions, 80 targets
DEBUG: Unique predictions: [1], Unique targets: [0 1]

Epoch   2/500 Summary:
  Train Loss: 0.7132 | Train Acc: 52.14%
  Val Acc: 50.00% | LR: 0.010000
Patience remaining: 49/50
  --------------------------------------------------
DEBUG: Evaluate function - 80 predictions, 80 targets
DEBUG: Unique predictions: [0], Unique targets: [0 1]

Epoch   3/500 Summary:
  Train Loss: 0.6899 | Train Acc: 53.21%
  Val Acc: 50.00% | LR: 0.010000
Patience remaining: 48/50
  --------------------------------------------------
DEBUG: Evaluate function - 80 predictions, 80 targets
DEBUG: Unique predictions: [0], Unique targets: [0 1]

Epoch   4/500 Summary:
  Train Loss: 0.7101 | Train Acc: 50.00%
  Val Acc: 50.00% | LR: 0.009999
Patience remaining: 47/50
  --------------------------------------------------
DEBUG: Evaluate function - 80 predictions, 80 targets
DEBUG: Unique predictions: [1], Unique targets: [0 1]

Epoch   5/500 Summary:
  Train Loss: 0.6952 | Train Acc: 49.82%
  Val Acc: 50.00% | LR: 0.009998
Patience remaining: 46/50
  --------------------------------------------------
DEBUG: Evaluate function - 80 predictions, 80 targets
DEBUG: Unique predictions: [1], Unique targets: [0 1]

Epoch   6/500 Summary:
  Train Loss: 0.7024 | Train Acc: 50.00%
  Val Acc: 50.00% | LR: 0.009998
Patience remaining: 45/50
  --------------------------------------------------
DEBUG: Evaluate function - 80 predictions, 80 targets
DEBUG: Unique predictions: [0], Unique targets: [0 1]

Epoch   7/500 Summary:
  Train Loss: 0.6974 | Train Acc: 44.29%
  Val Acc: 50.00% | LR: 0.009996
Patience remaining: 44/50
  --------------------------------------------------
DEBUG: Evaluate function - 80 predictions, 80 targets
DEBUG: Unique predictions: [0], Unique targets: [0 1]

Epoch   8/500 Summary:
  Train Loss: 0.6949 | Train Acc: 50.00%
  Val Acc: 50.00% | LR: 0.009995
Patience remaining: 43/50
  --------------------------------------------------
DEBUG: Evaluate function - 80 predictions, 80 targets
DEBUG: Unique predictions: [0 1], Unique targets: [0 1]

Epoch   9/500 Summary:
  Train Loss: 0.6929 | Train Acc: 50.89%
  Val Acc: 50.00% | LR: 0.009994
Patience remaining: 42/50
  --------------------------------------------------
DEBUG: Evaluate function - 80 predictions, 80 targets
DEBUG: Unique predictions: [1], Unique targets: [0 1]

Epoch  10/500 Summary:
  Train Loss: 0.6949 | Train Acc: 50.00%
  Val Acc: 50.00% | LR: 0.009992
Patience remaining: 41/50
  --------------------------------------------------
DEBUG: Evaluate function - 80 predictions, 80 targets
DEBUG: Unique predictions: [0 1], Unique targets: [0 1]

Epoch  11/500 Summary:
  Train Loss: 0.6941 | Train Acc: 49.11%
  Val Acc: 50.00% | LR: 0.009990
Patience remaining: 40/50
  --------------------------------------------------
DEBUG: Evaluate function - 80 predictions, 80 targets
DEBUG: Unique predictions: [0], Unique targets: [0 1]

Epoch  12/500 Summary:
  Train Loss: 0.6932 | Train Acc: 49.29%
  Val Acc: 50.00% | LR: 0.009988
Patience remaining: 39/50
  --------------------------------------------------
DEBUG: Evaluate function - 80 predictions, 80 targets
DEBUG: Unique predictions: [0], Unique targets: [0 1]

Epoch  13/500 Summary:
  Train Loss: 0.6943 | Train Acc: 50.71%
  Val Acc: 50.00% | LR: 0.009986
Patience remaining: 38/50
  --------------------------------------------------
DEBUG: Evaluate function - 80 predictions, 80 targets
DEBUG: Unique predictions: [1], Unique targets: [0 1]

Epoch  14/500 Summary:
  Train Loss: 0.6943 | Train Acc: 47.50%
  Val Acc: 50.00% | LR: 0.009983
Patience remaining: 37/50
  --------------------------------------------------
DEBUG: Evaluate function - 80 predictions, 80 targets
DEBUG: Unique predictions: [1], Unique targets: [0 1]

Epoch  15/500 Summary:
  Train Loss: 0.6930 | Train Acc: 50.18%
  Val Acc: 50.00% | LR: 0.009981
Patience remaining: 36/50
  --------------------------------------------------
DEBUG: Evaluate function - 80 predictions, 80 targets
DEBUG: Unique predictions: [0], Unique targets: [0 1]

Epoch  16/500 Summary:
  Train Loss: 0.6937 | Train Acc: 47.86%
  Val Acc: 50.00% | LR: 0.009978
Patience remaining: 35/50
  --------------------------------------------------
DEBUG: Evaluate function - 80 predictions, 80 targets
DEBUG: Unique predictions: [0], Unique targets: [0 1]

Epoch  17/500 Summary:
  Train Loss: 0.6935 | Train Acc: 50.71%
  Val Acc: 50.00% | LR: 0.009975
Patience remaining: 34/50
  --------------------------------------------------
DEBUG: Evaluate function - 80 predictions, 80 targets
DEBUG: Unique predictions: [1], Unique targets: [0 1]

Epoch  18/500 Summary:
  Train Loss: 0.6938 | Train Acc: 48.93%
  Val Acc: 50.00% | LR: 0.009972
Patience remaining: 33/50
  --------------------------------------------------
DEBUG: Evaluate function - 80 predictions, 80 targets
DEBUG: Unique predictions: [0], Unique targets: [0 1]

Epoch  19/500 Summary:
  Train Loss: 0.6946 | Train Acc: 46.07%
  Val Acc: 50.00% | LR: 0.009968
Patience remaining: 32/50
  --------------------------------------------------
DEBUG: Evaluate function - 80 predictions, 80 targets
DEBUG: Unique predictions: [1], Unique targets: [0 1]

Epoch  20/500 Summary:
  Train Loss: 0.6931 | Train Acc: 48.21%
  Val Acc: 50.00% | LR: 0.009964
Patience remaining: 31/50
  --------------------------------------------------
DEBUG: Evaluate function - 80 predictions, 80 targets
DEBUG: Unique predictions: [1], Unique targets: [0 1]

Epoch  21/500 Summary:
  Train Loss: 0.6944 | Train Acc: 50.00%
  Val Acc: 50.00% | LR: 0.009961
Patience remaining: 30/50
  --------------------------------------------------
DEBUG: Evaluate function - 80 predictions, 80 targets
DEBUG: Unique predictions: [0], Unique targets: [0 1]

Epoch  22/500 Summary:
  Train Loss: 0.6943 | Train Acc: 49.29%
  Val Acc: 50.00% | LR: 0.009957
Patience remaining: 29/50
  --------------------------------------------------
DEBUG: Evaluate function - 80 predictions, 80 targets
DEBUG: Unique predictions: [0 1], Unique targets: [0 1]

Epoch  23/500 Summary:
  Train Loss: 0.6946 | Train Acc: 48.39%
  Val Acc: 50.00% | LR: 0.009952
Patience remaining: 28/50
  --------------------------------------------------
DEBUG: Evaluate function - 80 predictions, 80 targets
DEBUG: Unique predictions: [0], Unique targets: [0 1]

Epoch  24/500 Summary:
  Train Loss: 0.6938 | Train Acc: 49.64%
  Val Acc: 50.00% | LR: 0.009948
Patience remaining: 27/50
  --------------------------------------------------
DEBUG: Evaluate function - 80 predictions, 80 targets
DEBUG: Unique predictions: [1], Unique targets: [0 1]

Epoch  25/500 Summary:
  Train Loss: 0.6946 | Train Acc: 46.43%
  Val Acc: 50.00% | LR: 0.009943
Patience remaining: 26/50
  --------------------------------------------------
DEBUG: Evaluate function - 80 predictions, 80 targets
DEBUG: Unique predictions: [0], Unique targets: [0 1]

Epoch  26/500 Summary:
  Train Loss: 0.6936 | Train Acc: 51.07%
  Val Acc: 50.00% | LR: 0.009938
Patience remaining: 25/50
  --------------------------------------------------
DEBUG: Evaluate function - 80 predictions, 80 targets
DEBUG: Unique predictions: [0], Unique targets: [0 1]

Epoch  27/500 Summary:
  Train Loss: 0.6938 | Train Acc: 51.25%
  Val Acc: 50.00% | LR: 0.009933
Patience remaining: 24/50
  --------------------------------------------------
DEBUG: Evaluate function - 80 predictions, 80 targets
DEBUG: Unique predictions: [0 1], Unique targets: [0 1]

Epoch  28/500 Summary:2025-09-26 17:59:10 -     Test accuracy: 0.5000
2025-09-26 17:59:10 -   Repeat 2 mean accuracy: 0.5662 ± 0.0823
2025-09-26 17:59:10 - Repeat 3/5
2025-09-26 17:59:10 -   Fold 1/5
2025-09-26 17:59:10 -     Fold split: Train=560, Val=80

  Train Loss: 0.6951 | Train Acc: 44.64%
  Val Acc: 48.75% | LR: 0.009928
Patience remaining: 23/50
  --------------------------------------------------
DEBUG: Evaluate function - 80 predictions, 80 targets
DEBUG: Unique predictions: [0], Unique targets: [0 1]

Epoch  29/500 Summary:
  Train Loss: 0.6928 | Train Acc: 51.25%
  Val Acc: 50.00% | LR: 0.009923
Patience remaining: 22/50
  --------------------------------------------------
DEBUG: Evaluate function - 80 predictions, 80 targets
DEBUG: Unique predictions: [0], Unique targets: [0 1]

Epoch  30/500 Summary:
  Train Loss: 0.6942 | Train Acc: 48.21%
  Val Acc: 50.00% | LR: 0.009917
Patience remaining: 21/50
  --------------------------------------------------
DEBUG: Evaluate function - 80 predictions, 80 targets
DEBUG: Unique predictions: [0], Unique targets: [0 1]

Epoch  31/500 Summary:
  Train Loss: 0.6929 | Train Acc: 48.93%
  Val Acc: 50.00% | LR: 0.009911
Patience remaining: 20/50
  --------------------------------------------------
DEBUG: Evaluate function - 80 predictions, 80 targets
DEBUG: Unique predictions: [0], Unique targets: [0 1]

Epoch  32/500 Summary:
  Train Loss: 0.6929 | Train Acc: 50.36%
  Val Acc: 50.00% | LR: 0.009905
Patience remaining: 19/50
  --------------------------------------------------
DEBUG: Evaluate function - 80 predictions, 80 targets
DEBUG: Unique predictions: [0], Unique targets: [0 1]

Epoch  33/500 Summary:
  Train Loss: 0.6936 | Train Acc: 50.00%
  Val Acc: 50.00% | LR: 0.009899
Patience remaining: 18/50
  --------------------------------------------------
DEBUG: Evaluate function - 80 predictions, 80 targets
DEBUG: Unique predictions: [0], Unique targets: [0 1]

Epoch  34/500 Summary:
  Train Loss: 0.6933 | Train Acc: 50.00%
  Val Acc: 50.00% | LR: 0.009893
Patience remaining: 17/50
  --------------------------------------------------
DEBUG: Evaluate function - 80 predictions, 80 targets
DEBUG: Unique predictions: [1], Unique targets: [0 1]

Epoch  35/500 Summary:
  Train Loss: 0.6944 | Train Acc: 46.43%
  Val Acc: 50.00% | LR: 0.009886
Patience remaining: 16/50
  --------------------------------------------------
DEBUG: Evaluate function - 80 predictions, 80 targets
DEBUG: Unique predictions: [0], Unique targets: [0 1]

Epoch  36/500 Summary:
  Train Loss: 0.6941 | Train Acc: 47.14%
  Val Acc: 50.00% | LR: 0.009880
Patience remaining: 15/50
  --------------------------------------------------
DEBUG: Evaluate function - 80 predictions, 80 targets
DEBUG: Unique predictions: [0], Unique targets: [0 1]

Epoch  37/500 Summary:
  Train Loss: 0.6933 | Train Acc: 50.00%
  Val Acc: 50.00% | LR: 0.009873
Patience remaining: 14/50
  --------------------------------------------------
DEBUG: Evaluate function - 80 predictions, 80 targets
DEBUG: Unique predictions: [1], Unique targets: [0 1]

Epoch  38/500 Summary:
  Train Loss: 0.6947 | Train Acc: 45.71%
  Val Acc: 50.00% | LR: 0.009865
Patience remaining: 13/50
  --------------------------------------------------
DEBUG: Evaluate function - 80 predictions, 80 targets
DEBUG: Unique predictions: [0], Unique targets: [0 1]

Epoch  39/500 Summary:
  Train Loss: 0.6938 | Train Acc: 49.11%
  Val Acc: 50.00% | LR: 0.009858
Patience remaining: 12/50
  --------------------------------------------------
DEBUG: Evaluate function - 80 predictions, 80 targets
DEBUG: Unique predictions: [1], Unique targets: [0 1]

Epoch  40/500 Summary:
  Train Loss: 0.6942 | Train Acc: 48.75%
  Val Acc: 50.00% | LR: 0.009851
Patience remaining: 11/50
  --------------------------------------------------
DEBUG: Evaluate function - 80 predictions, 80 targets
DEBUG: Unique predictions: [1], Unique targets: [0 1]

Epoch  41/500 Summary:
  Train Loss: 0.6935 | Train Acc: 50.71%
  Val Acc: 50.00% | LR: 0.009843
Patience remaining: 10/50
  --------------------------------------------------
DEBUG: Evaluate function - 80 predictions, 80 targets
DEBUG: Unique predictions: [1], Unique targets: [0 1]

Epoch  42/500 Summary:
  Train Loss: 0.6938 | Train Acc: 50.00%
  Val Acc: 50.00% | LR: 0.009835
Patience remaining: 9/50
  --------------------------------------------------
DEBUG: Evaluate function - 80 predictions, 80 targets
DEBUG: Unique predictions: [0], Unique targets: [0 1]

Epoch  43/500 Summary:
  Train Loss: 0.6927 | Train Acc: 53.93%
  Val Acc: 50.00% | LR: 0.009827
Patience remaining: 8/50
  --------------------------------------------------
DEBUG: Evaluate function - 80 predictions, 80 targets
DEBUG: Unique predictions: [0], Unique targets: [0 1]

Epoch  44/500 Summary:
  Train Loss: 0.6932 | Train Acc: 49.82%
  Val Acc: 50.00% | LR: 0.009819
Patience remaining: 7/50
  --------------------------------------------------
DEBUG: Evaluate function - 80 predictions, 80 targets
DEBUG: Unique predictions: [0], Unique targets: [0 1]

Epoch  45/500 Summary:
  Train Loss: 0.6954 | Train Acc: 50.00%
  Val Acc: 50.00% | LR: 0.009810
Patience remaining: 6/50
  --------------------------------------------------
DEBUG: Evaluate function - 80 predictions, 80 targets
DEBUG: Unique predictions: [1], Unique targets: [0 1]

Epoch  46/500 Summary:
  Train Loss: 0.6933 | Train Acc: 54.11%
  Val Acc: 50.00% | LR: 0.009801
Patience remaining: 5/50
  --------------------------------------------------
DEBUG: Evaluate function - 80 predictions, 80 targets
DEBUG: Unique predictions: [1], Unique targets: [0 1]

Epoch  47/500 Summary:
  Train Loss: 0.6946 | Train Acc: 50.00%
  Val Acc: 50.00% | LR: 0.009793
Patience remaining: 4/50
  --------------------------------------------------
DEBUG: Evaluate function - 80 predictions, 80 targets
DEBUG: Unique predictions: [0], Unique targets: [0 1]

Epoch  48/500 Summary:
  Train Loss: 0.6933 | Train Acc: 51.25%
  Val Acc: 50.00% | LR: 0.009784
Patience remaining: 3/50
  --------------------------------------------------
DEBUG: Evaluate function - 80 predictions, 80 targets
DEBUG: Unique predictions: [0], Unique targets: [0 1]

Epoch  49/500 Summary:
  Train Loss: 0.6941 | Train Acc: 50.00%
  Val Acc: 50.00% | LR: 0.009774
Patience remaining: 2/50
  --------------------------------------------------
DEBUG: Evaluate function - 80 predictions, 80 targets
DEBUG: Unique predictions: [1], Unique targets: [0 1]

Epoch  50/500 Summary:
  Train Loss: 0.6949 | Train Acc: 45.89%
  Val Acc: 50.00% | LR: 0.009765
Patience remaining: 1/50
  --------------------------------------------------
DEBUG: Evaluate function - 80 predictions, 80 targets
DEBUG: Unique predictions: [0], Unique targets: [0 1]

Epoch  51/500 Summary:
  Train Loss: 0.6944 | Train Acc: 47.86%
  Val Acc: 50.00% | LR: 0.009755
Early stopping triggered! No improvement for 50 epochs
Best validation accuracy: 50.00%

============================================================
Training Complete!
Best Validation Accuracy: 50.00%
============================================================
DEBUG: Evaluate function - 80 predictions, 80 targets
DEBUG: Unique predictions: [0], Unique targets: [0 1]
Training class distribution: [280, 280]

============================================================
Starting Training - Max Epochs: 500
Model: EEGConformer
Learning Rate: 0.01, Weight Decay: 0.0001
Dropout: 0.25, Early Stopping Patience: 50
============================================================
DEBUG: Evaluate function - 80 predictions, 80 targets
DEBUG: Unique predictions: [1], Unique targets: [0 1]

Epoch   1/500 Summary:
  Train Loss: 1.0130 | Train Acc: 51.61%
  Val Acc: 50.00% | LR: 0.010000
New best validation accuracy!
  --------------------------------------------------
DEBUG: Evaluate function - 80 predictions, 80 targets
DEBUG: Unique predictions: [0], Unique targets: [0 1]

Epoch   2/500 Summary:
  Train Loss: 0.7275 | Train Acc: 48.93%
  Val Acc: 50.00% | LR: 0.010000
Patience remaining: 49/50
  --------------------------------------------------
DEBUG: Evaluate function - 80 predictions, 80 targets
DEBUG: Unique predictions: [1], Unique targets: [0 1]

Epoch   3/500 Summary:
  Train Loss: 0.6968 | Train Acc: 50.54%
  Val Acc: 50.00% | LR: 0.010000
Patience remaining: 48/50
  --------------------------------------------------
DEBUG: Evaluate function - 80 predictions, 80 targets
DEBUG: Unique predictions: [0], Unique targets: [0 1]

Epoch   4/500 Summary:
  Train Loss: 0.7107 | Train Acc: 48.75%
  Val Acc: 50.00% | LR: 0.009999
Patience remaining: 47/50
  --------------------------------------------------
DEBUG: Evaluate function - 80 predictions, 80 targets
DEBUG: Unique predictions: [0], Unique targets: [0 1]

Epoch   5/500 Summary:
  Train Loss: 0.6994 | Train Acc: 49.46%
  Val Acc: 50.00% | LR: 0.009998
Patience remaining: 46/50
  --------------------------------------------------
DEBUG: Evaluate function - 80 predictions, 80 targets
DEBUG: Unique predictions: [0], Unique targets: [0 1]

Epoch   6/500 Summary:
  Train Loss: 0.6987 | Train Acc: 50.00%
  Val Acc: 50.00% | LR: 0.009998
Patience remaining: 45/50
  --------------------------------------------------
DEBUG: Evaluate function - 80 predictions, 80 targets
DEBUG: Unique predictions: [1], Unique targets: [0 1]

Epoch   7/500 Summary:
  Train Loss: 0.6935 | Train Acc: 50.89%
  Val Acc: 50.00% | LR: 0.009996
Patience remaining: 44/50
  --------------------------------------------------
DEBUG: Evaluate function - 80 predictions, 80 targets
DEBUG: Unique predictions: [1], Unique targets: [0 1]

Epoch   8/500 Summary:
  Train Loss: 0.6968 | Train Acc: 49.82%
  Val Acc: 50.00% | LR: 0.009995
Patience remaining: 43/50
  --------------------------------------------------
DEBUG: Evaluate function - 80 predictions, 80 targets
DEBUG: Unique predictions: [1], Unique targets: [0 1]

Epoch   9/500 Summary:
  Train Loss: 0.6943 | Train Acc: 50.54%
  Val Acc: 50.00% | LR: 0.009994
Patience remaining: 42/50
  --------------------------------------------------
DEBUG: Evaluate function - 80 predictions, 80 targets
DEBUG: Unique predictions: [0], Unique targets: [0 1]

Epoch  10/500 Summary:
  Train Loss: 0.6944 | Train Acc: 46.79%
  Val Acc: 50.00% | LR: 0.009992
Patience remaining: 41/50
  --------------------------------------------------
DEBUG: Evaluate function - 80 predictions, 80 targets
DEBUG: Unique predictions: [0], Unique targets: [0 1]

Epoch  11/500 Summary:
  Train Loss: 0.6933 | Train Acc: 51.61%
  Val Acc: 50.00% | LR: 0.009990
Patience remaining: 40/50
  --------------------------------------------------
DEBUG: Evaluate function - 80 predictions, 80 targets
DEBUG: Unique predictions: [0], Unique targets: [0 1]

Epoch  12/500 Summary:
  Train Loss: 0.6936 | Train Acc: 51.79%
  Val Acc: 50.00% | LR: 0.009988
Patience remaining: 39/50
  --------------------------------------------------
DEBUG: Evaluate function - 80 predictions, 80 targets
DEBUG: Unique predictions: [1], Unique targets: [0 1]

Epoch  13/500 Summary:
  Train Loss: 0.6940 | Train Acc: 46.96%
  Val Acc: 50.00% | LR: 0.009986
Patience remaining: 38/50
  --------------------------------------------------
DEBUG: Evaluate function - 80 predictions, 80 targets
DEBUG: Unique predictions: [1], Unique targets: [0 1]

Epoch  14/500 Summary:
  Train Loss: 0.6926 | Train Acc: 51.07%
  Val Acc: 50.00% | LR: 0.009983
Patience remaining: 37/50
  --------------------------------------------------
DEBUG: Evaluate function - 80 predictions, 80 targets
DEBUG: Unique predictions: [1], Unique targets: [0 1]

Epoch  15/500 Summary:
  Train Loss: 0.6944 | Train Acc: 50.00%
  Val Acc: 50.00% | LR: 0.009981
Patience remaining: 36/50
  --------------------------------------------------
DEBUG: Evaluate function - 80 predictions, 80 targets
DEBUG: Unique predictions: [0], Unique targets: [0 1]

Epoch  16/500 Summary:
  Train Loss: 0.6940 | Train Acc: 48.57%
  Val Acc: 50.00% | LR: 0.009978
Patience remaining: 35/50
  --------------------------------------------------
DEBUG: Evaluate function - 80 predictions, 80 targets
DEBUG: Unique predictions: [0], Unique targets: [0 1]

Epoch  17/500 Summary:
  Train Loss: 0.6945 | Train Acc: 49.64%
  Val Acc: 50.00% | LR: 0.009975
Patience remaining: 34/50
  --------------------------------------------------
DEBUG: Evaluate function - 80 predictions, 80 targets
DEBUG: Unique predictions: [1], Unique targets: [0 1]

Epoch  18/500 Summary:
  Train Loss: 0.6924 | Train Acc: 53.57%
  Val Acc: 50.00% | LR: 0.009972
Patience remaining: 33/50
  --------------------------------------------------
DEBUG: Evaluate function - 80 predictions, 80 targets
DEBUG: Unique predictions: [0], Unique targets: [0 1]

Epoch  19/500 Summary:
  Train Loss: 0.6917 | Train Acc: 52.14%
  Val Acc: 50.00% | LR: 0.009968
Patience remaining: 32/50
  --------------------------------------------------
DEBUG: Evaluate function - 80 predictions, 80 targets
DEBUG: Unique predictions: [0], Unique targets: [0 1]

Epoch  20/500 Summary:
  Train Loss: 0.6915 | Train Acc: 53.21%
  Val Acc: 50.00% | LR: 0.009964
Patience remaining: 31/50
  --------------------------------------------------
DEBUG: Evaluate function - 80 predictions, 80 targets
DEBUG: Unique predictions: [0], Unique targets: [0 1]

Epoch  21/500 Summary:
  Train Loss: 0.6965 | Train Acc: 50.54%
  Val Acc: 50.00% | LR: 0.009961
Patience remaining: 30/50
  --------------------------------------------------
DEBUG: Evaluate function - 80 predictions, 80 targets
DEBUG: Unique predictions: [1], Unique targets: [0 1]

Epoch  22/500 Summary:
  Train Loss: 0.6936 | Train Acc: 49.11%
  Val Acc: 50.00% | LR: 0.009957
Patience remaining: 29/50
  --------------------------------------------------
DEBUG: Evaluate function - 80 predictions, 80 targets
DEBUG: Unique predictions: [1], Unique targets: [0 1]

Epoch  23/500 Summary:
  Train Loss: 0.6943 | Train Acc: 50.36%
  Val Acc: 50.00% | LR: 0.009952
Patience remaining: 28/50
  --------------------------------------------------
DEBUG: Evaluate function - 80 predictions, 80 targets
DEBUG: Unique predictions: [1], Unique targets: [0 1]

Epoch  24/500 Summary:
  Train Loss: 0.6914 | Train Acc: 51.96%
  Val Acc: 50.00% | LR: 0.009948
Patience remaining: 27/50
  --------------------------------------------------
DEBUG: Evaluate function - 80 predictions, 80 targets
DEBUG: Unique predictions: [0], Unique targets: [0 1]

Epoch  25/500 Summary:
  Train Loss: 0.6934 | Train Acc: 48.93%
  Val Acc: 50.00% | LR: 0.009943
Patience remaining: 26/50
  --------------------------------------------------
DEBUG: Evaluate function - 80 predictions, 80 targets
DEBUG: Unique predictions: [1], Unique targets: [0 1]

Epoch  26/500 Summary:
  Train Loss: 0.6963 | Train Acc: 48.04%
  Val Acc: 50.00% | LR: 0.009938
Patience remaining: 25/50
  --------------------------------------------------
DEBUG: Evaluate function - 80 predictions, 80 targets
DEBUG: Unique predictions: [0], Unique targets: [0 1]

Epoch  27/500 Summary:
  Train Loss: 0.6956 | Train Acc: 48.04%
  Val Acc: 50.00% | LR: 0.009933
Patience remaining: 24/50
  --------------------------------------------------
DEBUG: Evaluate function - 80 predictions, 80 targets
DEBUG: Unique predictions: [0], Unique targets: [0 1]

Epoch  28/500 Summary:
  Train Loss: 0.6934 | Train Acc: 50.36%
  Val Acc: 50.00% | LR: 0.009928
Patience remaining: 23/50
  --------------------------------------------------
DEBUG: Evaluate function - 80 predictions, 80 targets
DEBUG: Unique predictions: [1], Unique targets: [0 1]

Epoch  29/500 Summary:
  Train Loss: 0.6954 | Train Acc: 48.93%
  Val Acc: 50.00% | LR: 0.009923
Patience remaining: 22/50
  --------------------------------------------------
DEBUG: Evaluate function - 80 predictions, 80 targets
DEBUG: Unique predictions: [0], Unique targets: [0 1]

Epoch  30/500 Summary:
  Train Loss: 0.6919 | Train Acc: 50.71%
  Val Acc: 50.00% | LR: 0.009917
Patience remaining: 21/50
  --------------------------------------------------
DEBUG: Evaluate function - 80 predictions, 80 targets
DEBUG: Unique predictions: [0], Unique targets: [0 1]

Epoch  31/500 Summary:
  Train Loss: 0.6938 | Train Acc: 49.11%
  Val Acc: 50.00% | LR: 0.009911
Patience remaining: 20/50
  --------------------------------------------------
DEBUG: Evaluate function - 80 predictions, 80 targets
DEBUG: Unique predictions: [0], Unique targets: [0 1]

Epoch  32/500 Summary:
  Train Loss: 0.6928 | Train Acc: 50.71%
  Val Acc: 50.00% | LR: 0.009905
Patience remaining: 19/50
  --------------------------------------------------2025-09-26 17:59:13 -     Test accuracy: 0.5000
2025-09-26 17:59:13 -   Fold 2/5
2025-09-26 17:59:13 -     Fold split: Train=560, Val=80

DEBUG: Evaluate function - 80 predictions, 80 targets
DEBUG: Unique predictions: [1], Unique targets: [0 1]

Epoch  33/500 Summary:
  Train Loss: 0.6943 | Train Acc: 47.68%
  Val Acc: 50.00% | LR: 0.009899
Patience remaining: 18/50
  --------------------------------------------------
DEBUG: Evaluate function - 80 predictions, 80 targets
DEBUG: Unique predictions: [0], Unique targets: [0 1]

Epoch  34/500 Summary:
  Train Loss: 0.6947 | Train Acc: 46.96%
  Val Acc: 50.00% | LR: 0.009893
Patience remaining: 17/50
  --------------------------------------------------
DEBUG: Evaluate function - 80 predictions, 80 targets
DEBUG: Unique predictions: [0], Unique targets: [0 1]

Epoch  35/500 Summary:
  Train Loss: 0.6937 | Train Acc: 49.64%
  Val Acc: 50.00% | LR: 0.009886
Patience remaining: 16/50
  --------------------------------------------------
DEBUG: Evaluate function - 80 predictions, 80 targets
DEBUG: Unique predictions: [1], Unique targets: [0 1]

Epoch  36/500 Summary:
  Train Loss: 0.6922 | Train Acc: 50.36%
  Val Acc: 50.00% | LR: 0.009880
Patience remaining: 15/50
  --------------------------------------------------
DEBUG: Evaluate function - 80 predictions, 80 targets
DEBUG: Unique predictions: [1], Unique targets: [0 1]

Epoch  37/500 Summary:
  Train Loss: 0.6942 | Train Acc: 49.82%
  Val Acc: 50.00% | LR: 0.009873
Patience remaining: 14/50
  --------------------------------------------------
DEBUG: Evaluate function - 80 predictions, 80 targets
DEBUG: Unique predictions: [0], Unique targets: [0 1]

Epoch  38/500 Summary:
  Train Loss: 0.6931 | Train Acc: 49.11%
  Val Acc: 50.00% | LR: 0.009865
Patience remaining: 13/50
  --------------------------------------------------
DEBUG: Evaluate function - 80 predictions, 80 targets
DEBUG: Unique predictions: [0], Unique targets: [0 1]

Epoch  39/500 Summary:
  Train Loss: 0.6937 | Train Acc: 51.25%
  Val Acc: 50.00% | LR: 0.009858
Patience remaining: 12/50
  --------------------------------------------------
DEBUG: Evaluate function - 80 predictions, 80 targets
DEBUG: Unique predictions: [1], Unique targets: [0 1]

Epoch  40/500 Summary:
  Train Loss: 0.6924 | Train Acc: 50.18%
  Val Acc: 50.00% | LR: 0.009851
Patience remaining: 11/50
  --------------------------------------------------
DEBUG: Evaluate function - 80 predictions, 80 targets
DEBUG: Unique predictions: [1], Unique targets: [0 1]

Epoch  41/500 Summary:
  Train Loss: 0.6937 | Train Acc: 50.54%
  Val Acc: 50.00% | LR: 0.009843
Patience remaining: 10/50
  --------------------------------------------------
DEBUG: Evaluate function - 80 predictions, 80 targets
DEBUG: Unique predictions: [0], Unique targets: [0 1]

Epoch  42/500 Summary:
  Train Loss: 0.6919 | Train Acc: 51.43%
  Val Acc: 50.00% | LR: 0.009835
Patience remaining: 9/50
  --------------------------------------------------
DEBUG: Evaluate function - 80 predictions, 80 targets
DEBUG: Unique predictions: [0], Unique targets: [0 1]

Epoch  43/500 Summary:
  Train Loss: 0.6927 | Train Acc: 48.39%
  Val Acc: 50.00% | LR: 0.009827
Patience remaining: 8/50
  --------------------------------------------------
DEBUG: Evaluate function - 80 predictions, 80 targets
DEBUG: Unique predictions: [0], Unique targets: [0 1]

Epoch  44/500 Summary:
  Train Loss: 0.6926 | Train Acc: 50.36%
  Val Acc: 50.00% | LR: 0.009819
Patience remaining: 7/50
  --------------------------------------------------
DEBUG: Evaluate function - 80 predictions, 80 targets
DEBUG: Unique predictions: [1], Unique targets: [0 1]

Epoch  45/500 Summary:
  Train Loss: 0.6927 | Train Acc: 52.86%
  Val Acc: 50.00% | LR: 0.009810
Patience remaining: 6/50
  --------------------------------------------------
DEBUG: Evaluate function - 80 predictions, 80 targets
DEBUG: Unique predictions: [0], Unique targets: [0 1]

Epoch  46/500 Summary:
  Train Loss: 0.6929 | Train Acc: 48.75%
  Val Acc: 50.00% | LR: 0.009801
Patience remaining: 5/50
  --------------------------------------------------
DEBUG: Evaluate function - 80 predictions, 80 targets
DEBUG: Unique predictions: [0], Unique targets: [0 1]

Epoch  47/500 Summary:
  Train Loss: 0.6926 | Train Acc: 51.43%
  Val Acc: 50.00% | LR: 0.009793
Patience remaining: 4/50
  --------------------------------------------------
DEBUG: Evaluate function - 80 predictions, 80 targets
DEBUG: Unique predictions: [0], Unique targets: [0 1]

Epoch  48/500 Summary:
  Train Loss: 0.6929 | Train Acc: 50.54%
  Val Acc: 50.00% | LR: 0.009784
Patience remaining: 3/50
  --------------------------------------------------
DEBUG: Evaluate function - 80 predictions, 80 targets
DEBUG: Unique predictions: [1], Unique targets: [0 1]

Epoch  49/500 Summary:
  Train Loss: 0.6910 | Train Acc: 53.04%
  Val Acc: 50.00% | LR: 0.009774
Patience remaining: 2/50
  --------------------------------------------------
DEBUG: Evaluate function - 80 predictions, 80 targets
DEBUG: Unique predictions: [1], Unique targets: [0 1]

Epoch  50/500 Summary:
  Train Loss: 0.6953 | Train Acc: 51.07%
  Val Acc: 50.00% | LR: 0.009765
Patience remaining: 1/50
  --------------------------------------------------
DEBUG: Evaluate function - 80 predictions, 80 targets
DEBUG: Unique predictions: [1], Unique targets: [0 1]

Epoch  51/500 Summary:
  Train Loss: 0.6932 | Train Acc: 50.71%
  Val Acc: 50.00% | LR: 0.009755
Early stopping triggered! No improvement for 50 epochs
Best validation accuracy: 50.00%

============================================================
Training Complete!
Best Validation Accuracy: 50.00%
============================================================
DEBUG: Evaluate function - 80 predictions, 80 targets
DEBUG: Unique predictions: [1], Unique targets: [0 1]
Training class distribution: [280, 280]

============================================================
Starting Training - Max Epochs: 500
Model: EEGConformer
Learning Rate: 0.01, Weight Decay: 0.0001
Dropout: 0.25, Early Stopping Patience: 50
============================================================
DEBUG: Evaluate function - 80 predictions, 80 targets
DEBUG: Unique predictions: [0], Unique targets: [0 1]

Epoch   1/500 Summary:
  Train Loss: 1.0176 | Train Acc: 47.86%
  Val Acc: 50.00% | LR: 0.010000
New best validation accuracy!
  --------------------------------------------------
DEBUG: Evaluate function - 80 predictions, 80 targets
DEBUG: Unique predictions: [0], Unique targets: [0 1]

Epoch   2/500 Summary:
  Train Loss: 0.7100 | Train Acc: 50.89%
  Val Acc: 50.00% | LR: 0.010000
Patience remaining: 49/50
  --------------------------------------------------
DEBUG: Evaluate function - 80 predictions, 80 targets
DEBUG: Unique predictions: [1], Unique targets: [0 1]

Epoch   3/500 Summary:
  Train Loss: 0.7097 | Train Acc: 50.00%
  Val Acc: 50.00% | LR: 0.010000
Patience remaining: 48/50
  --------------------------------------------------
DEBUG: Evaluate function - 80 predictions, 80 targets
DEBUG: Unique predictions: [1], Unique targets: [0 1]

Epoch   4/500 Summary:
  Train Loss: 0.7089 | Train Acc: 50.00%
  Val Acc: 50.00% | LR: 0.009999
Patience remaining: 47/50
  --------------------------------------------------
DEBUG: Evaluate function - 80 predictions, 80 targets
DEBUG: Unique predictions: [0], Unique targets: [0 1]

Epoch   5/500 Summary:
  Train Loss: 0.6934 | Train Acc: 50.00%
  Val Acc: 50.00% | LR: 0.009998
Patience remaining: 46/50
  --------------------------------------------------
DEBUG: Evaluate function - 80 predictions, 80 targets
DEBUG: Unique predictions: [1], Unique targets: [0 1]

Epoch   6/500 Summary:
  Train Loss: 0.7033 | Train Acc: 50.18%
  Val Acc: 50.00% | LR: 0.009998
Patience remaining: 45/50
  --------------------------------------------------
DEBUG: Evaluate function - 80 predictions, 80 targets
DEBUG: Unique predictions: [1], Unique targets: [0 1]

Epoch   7/500 Summary:
  Train Loss: 0.6941 | Train Acc: 49.46%
  Val Acc: 50.00% | LR: 0.009996
Patience remaining: 44/50
  --------------------------------------------------
DEBUG: Evaluate function - 80 predictions, 80 targets
DEBUG: Unique predictions: [1], Unique targets: [0 1]

Epoch   8/500 Summary:
  Train Loss: 0.6962 | Train Acc: 50.36%
  Val Acc: 50.00% | LR: 0.009995
Patience remaining: 43/50
  --------------------------------------------------
DEBUG: Evaluate function - 80 predictions, 80 targets
DEBUG: Unique predictions: [1], Unique targets: [0 1]

Epoch   9/500 Summary:
  Train Loss: 0.6939 | Train Acc: 50.71%
  Val Acc: 50.00% | LR: 0.009994
Patience remaining: 42/50
  --------------------------------------------------
DEBUG: Evaluate function - 80 predictions, 80 targets
DEBUG: Unique predictions: [0], Unique targets: [0 1]

Epoch  10/500 Summary:
  Train Loss: 0.6948 | Train Acc: 50.00%
  Val Acc: 50.00% | LR: 0.009992
Patience remaining: 41/50
  --------------------------------------------------
DEBUG: Evaluate function - 80 predictions, 80 targets
DEBUG: Unique predictions: [1], Unique targets: [0 1]

Epoch  11/500 Summary:
  Train Loss: 0.6945 | Train Acc: 51.07%
  Val Acc: 50.00% | LR: 0.009990
Patience remaining: 40/50
  --------------------------------------------------
DEBUG: Evaluate function - 80 predictions, 80 targets
DEBUG: Unique predictions: [1], Unique targets: [0 1]

Epoch  12/500 Summary:
  Train Loss: 0.6930 | Train Acc: 50.00%
  Val Acc: 50.00% | LR: 0.009988
Patience remaining: 39/50
  --------------------------------------------------
DEBUG: Evaluate function - 80 predictions, 80 targets
DEBUG: Unique predictions: [0], Unique targets: [0 1]

Epoch  13/500 Summary:
  Train Loss: 0.6936 | Train Acc: 48.04%
  Val Acc: 50.00% | LR: 0.009986
Patience remaining: 38/50
  --------------------------------------------------
DEBUG: Evaluate function - 80 predictions, 80 targets
DEBUG: Unique predictions: [0], Unique targets: [0 1]

Epoch  14/500 Summary:
  Train Loss: 0.6942 | Train Acc: 50.00%
  Val Acc: 50.00% | LR: 0.009983
Patience remaining: 37/50
  --------------------------------------------------
DEBUG: Evaluate function - 80 predictions, 80 targets
DEBUG: Unique predictions: [1], Unique targets: [0 1]

Epoch  15/500 Summary:
  Train Loss: 0.6948 | Train Acc: 47.68%
  Val Acc: 50.00% | LR: 0.009981
Patience remaining: 36/50
  --------------------------------------------------
DEBUG: Evaluate function - 80 predictions, 80 targets
DEBUG: Unique predictions: [0], Unique targets: [0 1]

Epoch  16/500 Summary:
  Train Loss: 0.6947 | Train Acc: 47.32%
  Val Acc: 50.00% | LR: 0.009978
Patience remaining: 35/50
  --------------------------------------------------
DEBUG: Evaluate function - 80 predictions, 80 targets
DEBUG: Unique predictions: [0], Unique targets: [0 1]

Epoch  17/500 Summary:
  Train Loss: 0.6953 | Train Acc: 48.21%
  Val Acc: 50.00% | LR: 0.009975
Patience remaining: 34/50
  --------------------------------------------------
DEBUG: Evaluate function - 80 predictions, 80 targets
DEBUG: Unique predictions: [0], Unique targets: [0 1]

Epoch  18/500 Summary:
  Train Loss: 0.6935 | Train Acc: 50.71%
  Val Acc: 50.00% | LR: 0.009972
Patience remaining: 33/50
  --------------------------------------------------
DEBUG: Evaluate function - 80 predictions, 80 targets
DEBUG: Unique predictions: [0 1], Unique targets: [0 1]

Epoch  19/500 Summary:
  Train Loss: 0.6946 | Train Acc: 48.04%
  Val Acc: 47.50% | LR: 0.009968
Patience remaining: 32/50
  --------------------------------------------------
DEBUG: Evaluate function - 80 predictions, 80 targets
DEBUG: Unique predictions: [0], Unique targets: [0 1]

Epoch  20/500 Summary:
  Train Loss: 0.6924 | Train Acc: 51.96%
  Val Acc: 50.00% | LR: 0.009964
Patience remaining: 31/50
  --------------------------------------------------
DEBUG: Evaluate function - 80 predictions, 80 targets
DEBUG: Unique predictions: [0 1], Unique targets: [0 1]

Epoch  21/500 Summary:
  Train Loss: 0.6965 | Train Acc: 46.61%
  Val Acc: 45.00% | LR: 0.009961
Patience remaining: 30/50
  --------------------------------------------------
DEBUG: Evaluate function - 80 predictions, 80 targets
DEBUG: Unique predictions: [0], Unique targets: [0 1]

Epoch  22/500 Summary:
  Train Loss: 0.6944 | Train Acc: 49.11%
  Val Acc: 50.00% | LR: 0.009957
Patience remaining: 29/50
  --------------------------------------------------
DEBUG: Evaluate function - 80 predictions, 80 targets
DEBUG: Unique predictions: [1], Unique targets: [0 1]

Epoch  23/500 Summary:
  Train Loss: 0.6943 | Train Acc: 47.68%
  Val Acc: 50.00% | LR: 0.009952
Patience remaining: 28/50
  --------------------------------------------------
DEBUG: Evaluate function - 80 predictions, 80 targets
DEBUG: Unique predictions: [0 1], Unique targets: [0 1]

Epoch  24/500 Summary:
  Train Loss: 0.6923 | Train Acc: 52.50%
  Val Acc: 51.25% | LR: 0.009948
New best validation accuracy!
  --------------------------------------------------
DEBUG: Evaluate function - 80 predictions, 80 targets
DEBUG: Unique predictions: [1], Unique targets: [0 1]

Epoch  25/500 Summary:
  Train Loss: 0.6932 | Train Acc: 53.39%
  Val Acc: 50.00% | LR: 0.009943
Patience remaining: 49/50
  --------------------------------------------------
DEBUG: Evaluate function - 80 predictions, 80 targets
DEBUG: Unique predictions: [1], Unique targets: [0 1]

Epoch  26/500 Summary:
  Train Loss: 0.6959 | Train Acc: 49.46%
  Val Acc: 50.00% | LR: 0.009938
Patience remaining: 48/50
  --------------------------------------------------
DEBUG: Evaluate function - 80 predictions, 80 targets
DEBUG: Unique predictions: [0], Unique targets: [0 1]

Epoch  27/500 Summary:
  Train Loss: 0.6996 | Train Acc: 46.79%
  Val Acc: 50.00% | LR: 0.009933
Patience remaining: 47/50
  --------------------------------------------------
DEBUG: Evaluate function - 80 predictions, 80 targets
DEBUG: Unique predictions: [1], Unique targets: [0 1]

Epoch  28/500 Summary:
  Train Loss: 0.6940 | Train Acc: 48.75%
  Val Acc: 50.00% | LR: 0.009928
Patience remaining: 46/50
  --------------------------------------------------
DEBUG: Evaluate function - 80 predictions, 80 targets
DEBUG: Unique predictions: [1], Unique targets: [0 1]

Epoch  29/500 Summary:
  Train Loss: 0.6964 | Train Acc: 50.00%
  Val Acc: 50.00% | LR: 0.009923
Patience remaining: 45/50
  --------------------------------------------------
DEBUG: Evaluate function - 80 predictions, 80 targets
DEBUG: Unique predictions: [0], Unique targets: [0 1]

Epoch  30/500 Summary:
  Train Loss: 0.6923 | Train Acc: 51.61%
  Val Acc: 50.00% | LR: 0.009917
Patience remaining: 44/50
  --------------------------------------------------
DEBUG: Evaluate function - 80 predictions, 80 targets
DEBUG: Unique predictions: [0], Unique targets: [0 1]

Epoch  31/500 Summary:
  Train Loss: 0.6943 | Train Acc: 50.54%
  Val Acc: 50.00% | LR: 0.009911
Patience remaining: 43/50
  --------------------------------------------------
DEBUG: Evaluate function - 80 predictions, 80 targets
DEBUG: Unique predictions: [1], Unique targets: [0 1]

Epoch  32/500 Summary:
  Train Loss: 0.6935 | Train Acc: 48.39%
  Val Acc: 50.00% | LR: 0.009905
Patience remaining: 42/50
  --------------------------------------------------
DEBUG: Evaluate function - 80 predictions, 80 targets
DEBUG: Unique predictions: [1], Unique targets: [0 1]

Epoch  33/500 Summary:
  Train Loss: 0.6932 | Train Acc: 50.89%
  Val Acc: 50.00% | LR: 0.009899
Patience remaining: 41/50
  --------------------------------------------------
DEBUG: Evaluate function - 80 predictions, 80 targets
DEBUG: Unique predictions: [1], Unique targets: [0 1]

Epoch  34/500 Summary:
  Train Loss: 0.6937 | Train Acc: 49.46%
  Val Acc: 50.00% | LR: 0.009893
Patience remaining: 40/50
  --------------------------------------------------
DEBUG: Evaluate function - 80 predictions, 80 targets
DEBUG: Unique predictions: [0 1], Unique targets: [0 1]

Epoch  35/500 Summary:
  Train Loss: 0.6933 | Train Acc: 50.71%
  Val Acc: 50.00% | LR: 0.009886
Patience remaining: 39/50
  --------------------------------------------------
DEBUG: Evaluate function - 80 predictions, 80 targets
DEBUG: Unique predictions: [0 1], Unique targets: [0 1]

Epoch  36/500 Summary:
  Train Loss: 0.6928 | Train Acc: 50.89%
  Val Acc: 52.50% | LR: 0.009880
New best validation accuracy!
  --------------------------------------------------
DEBUG: Evaluate function - 80 predictions, 80 targets
DEBUG: Unique predictions: [0 1], Unique targets: [0 1]

Epoch  37/500 Summary:
  Train Loss: 0.6942 | Train Acc: 47.86%
  Val Acc: 50.00% | LR: 0.009873
Patience remaining: 49/50
  --------------------------------------------------
DEBUG: Evaluate function - 80 predictions, 80 targets
DEBUG: Unique predictions: [0 1], Unique targets: [0 1]

Epoch  38/500 Summary:
  Train Loss: 0.6929 | Train Acc: 50.00%
  Val Acc: 50.00% | LR: 0.009865
Patience remaining: 48/50
  --------------------------------------------------
DEBUG: Evaluate function - 80 predictions, 80 targets
DEBUG: Unique predictions: [0], Unique targets: [0 1]

Epoch  39/500 Summary:
  Train Loss: 0.6931 | Train Acc: 49.11%
  Val Acc: 50.00% | LR: 0.009858
Patience remaining: 47/50
  --------------------------------------------------
DEBUG: Evaluate function - 80 predictions, 80 targets
DEBUG: Unique predictions: [0 1], Unique targets: [0 1]

Epoch  40/500 Summary:
  Train Loss: 0.6954 | Train Acc: 50.00%
  Val Acc: 50.00% | LR: 0.009851
Patience remaining: 46/50
  --------------------------------------------------
DEBUG: Evaluate function - 80 predictions, 80 targets
DEBUG: Unique predictions: [1], Unique targets: [0 1]

Epoch  41/500 Summary:
  Train Loss: 0.6923 | Train Acc: 52.68%
  Val Acc: 50.00% | LR: 0.009843
Patience remaining: 45/50
  --------------------------------------------------
DEBUG: Evaluate function - 80 predictions, 80 targets
DEBUG: Unique predictions: [1], Unique targets: [0 1]

Epoch  42/500 Summary:
  Train Loss: 0.6947 | Train Acc: 49.82%
  Val Acc: 50.00% | LR: 0.009835
Patience remaining: 44/50
  --------------------------------------------------
DEBUG: Evaluate function - 80 predictions, 80 targets
DEBUG: Unique predictions: [0], Unique targets: [0 1]

Epoch  43/500 Summary:
  Train Loss: 0.6938 | Train Acc: 52.32%
  Val Acc: 50.00% | LR: 0.009827
Patience remaining: 43/50
  --------------------------------------------------
DEBUG: Evaluate function - 80 predictions, 80 targets
DEBUG: Unique predictions: [1], Unique targets: [0 1]

Epoch  44/500 Summary:
  Train Loss: 0.6939 | Train Acc: 50.36%
  Val Acc: 50.00% | LR: 0.009819
Patience remaining: 42/50
  --------------------------------------------------
DEBUG: Evaluate function - 80 predictions, 80 targets
DEBUG: Unique predictions: [0 1], Unique targets: [0 1]

Epoch  45/500 Summary:
  Train Loss: 0.6923 | Train Acc: 51.96%
  Val Acc: 50.00% | LR: 0.009810
Patience remaining: 41/50
  --------------------------------------------------
DEBUG: Evaluate function - 80 predictions, 80 targets
DEBUG: Unique predictions: [0 1], Unique targets: [0 1]

Epoch  46/500 Summary:
  Train Loss: 0.6930 | Train Acc: 51.07%
  Val Acc: 51.25% | LR: 0.009801
Patience remaining: 40/50
  --------------------------------------------------
DEBUG: Evaluate function - 80 predictions, 80 targets
DEBUG: Unique predictions: [1], Unique targets: [0 1]

Epoch  47/500 Summary:
  Train Loss: 0.6942 | Train Acc: 48.93%
  Val Acc: 50.00% | LR: 0.009793
Patience remaining: 39/50
  --------------------------------------------------
DEBUG: Evaluate function - 80 predictions, 80 targets
DEBUG: Unique predictions: [0], Unique targets: [0 1]

Epoch  48/500 Summary:
  Train Loss: 0.6938 | Train Acc: 48.93%
  Val Acc: 50.00% | LR: 0.009784
Patience remaining: 38/50
  --------------------------------------------------
DEBUG: Evaluate function - 80 predictions, 80 targets
DEBUG: Unique predictions: [1], Unique targets: [0 1]

Epoch  49/500 Summary:
  Train Loss: 0.6928 | Train Acc: 52.32%
  Val Acc: 50.00% | LR: 0.009774
Patience remaining: 37/50
  --------------------------------------------------
DEBUG: Evaluate function - 80 predictions, 80 targets
DEBUG: Unique predictions: [1], Unique targets: [0 1]

Epoch  50/500 Summary:
  Train Loss: 0.6927 | Train Acc: 49.82%
  Val Acc: 50.00% | LR: 0.009765
Patience remaining: 36/50
  --------------------------------------------------
DEBUG: Evaluate function - 80 predictions, 80 targets
DEBUG: Unique predictions: [0 1], Unique targets: [0 1]

Epoch  51/500 Summary:
  Train Loss: 0.6930 | Train Acc: 50.18%
  Val Acc: 50.00% | LR: 0.009755
Patience remaining: 35/50
  --------------------------------------------------
DEBUG: Evaluate function - 80 predictions, 80 targets
DEBUG: Unique predictions: [0], Unique targets: [0 1]

Epoch  52/500 Summary:
  Train Loss: 0.6899 | Train Acc: 55.18%
  Val Acc: 50.00% | LR: 0.009745
Patience remaining: 34/50
  --------------------------------------------------
DEBUG: Evaluate function - 80 predictions, 80 targets
DEBUG: Unique predictions: [0 1], Unique targets: [0 1]

Epoch  53/500 Summary:
  Train Loss: 0.6943 | Train Acc: 49.82%
  Val Acc: 47.50% | LR: 0.009735
Patience remaining: 33/50
  --------------------------------------------------
DEBUG: Evaluate function - 80 predictions, 80 targets
DEBUG: Unique predictions: [1], Unique targets: [0 1]

Epoch  54/500 Summary:
  Train Loss: 0.6922 | Train Acc: 50.54%
  Val Acc: 50.00% | LR: 0.009725
Patience remaining: 32/50
  --------------------------------------------------
DEBUG: Evaluate function - 80 predictions, 80 targets
DEBUG: Unique predictions: [0 1], Unique targets: [0 1]

Epoch  55/500 Summary:
  Train Loss: 0.6930 | Train Acc: 50.71%
  Val Acc: 51.25% | LR: 0.009715
Patience remaining: 31/50
  --------------------------------------------------
DEBUG: Evaluate function - 80 predictions, 80 targets
DEBUG: Unique predictions: [0 1], Unique targets: [0 1]

Epoch  56/500 Summary:
  Train Loss: 0.6919 | Train Acc: 51.43%
  Val Acc: 48.75% | LR: 0.009704
Patience remaining: 30/50
  --------------------------------------------------
DEBUG: Evaluate function - 80 predictions, 80 targets
DEBUG: Unique predictions: [0], Unique targets: [0 1]

Epoch  57/500 Summary:
  Train Loss: 0.6951 | Train Acc: 50.00%
  Val Acc: 50.00% | LR: 0.009694
Patience remaining: 29/50
  --------------------------------------------------
DEBUG: Evaluate function - 80 predictions, 80 targets
DEBUG: Unique predictions: [1], Unique targets: [0 1]

Epoch  58/500 Summary:
  Train Loss: 0.6919 | Train Acc: 51.61%
  Val Acc: 50.00% | LR: 0.009683
Patience remaining: 28/50
  --------------------------------------------------
DEBUG: Evaluate function - 80 predictions, 80 targets
DEBUG: Unique predictions: [0 1], Unique targets: [0 1]

Epoch  59/500 Summary:
  Train Loss: 0.6930 | Train Acc: 50.71%
  Val Acc: 51.25% | LR: 0.009672
Patience remaining: 27/50
  --------------------------------------------------
DEBUG: Evaluate function - 80 predictions, 80 targets
DEBUG: Unique predictions: [0], Unique targets: [0 1]

Epoch  60/500 Summary:
  Train Loss: 0.7023 | Train Acc: 48.93%
  Val Acc: 50.00% | LR: 0.009660
Patience remaining: 26/50
  --------------------------------------------------
DEBUG: Evaluate function - 80 predictions, 80 targets
DEBUG: Unique predictions: [1], Unique targets: [0 1]

Epoch  61/500 Summary:
  Train Loss: 0.6965 | Train Acc: 51.25%
  Val Acc: 50.00% | LR: 0.009649
Patience remaining: 25/50
  --------------------------------------------------
DEBUG: Evaluate function - 80 predictions, 80 targets
DEBUG: Unique predictions: [0], Unique targets: [0 1]

Epoch  62/500 Summary:
  Train Loss: 0.6892 | Train Acc: 55.00%
  Val Acc: 50.00% | LR: 0.009637
Patience remaining: 24/50
  --------------------------------------------------
DEBUG: Evaluate function - 80 predictions, 80 targets
DEBUG: Unique predictions: [0 1], Unique targets: [0 1]

Epoch  63/500 Summary:
  Train Loss: 0.6903 | Train Acc: 49.29%
  Val Acc: 50.00% | LR: 0.009625
Patience remaining: 23/50
  --------------------------------------------------
DEBUG: Evaluate function - 80 predictions, 80 targets
DEBUG: Unique predictions: [0 1], Unique targets: [0 1]

Epoch  64/500 Summary:
  Train Loss: 0.6884 | Train Acc: 50.89%
  Val Acc: 53.75% | LR: 0.009613
New best validation accuracy!
  --------------------------------------------------
DEBUG: Evaluate function - 80 predictions, 80 targets
DEBUG: Unique predictions: [0 1], Unique targets: [0 1]

Epoch  65/500 Summary:
  Train Loss: 0.6834 | Train Acc: 56.43%
  Val Acc: 60.00% | LR: 0.009601
New best validation accuracy!
  --------------------------------------------------
DEBUG: Evaluate function - 80 predictions, 80 targets
DEBUG: Unique predictions: [0 1], Unique targets: [0 1]

Epoch  66/500 Summary:
  Train Loss: 0.6863 | Train Acc: 53.93%
  Val Acc: 51.25% | LR: 0.009589
Patience remaining: 49/50
  --------------------------------------------------
DEBUG: Evaluate function - 80 predictions, 80 targets
DEBUG: Unique predictions: [0 1], Unique targets: [0 1]

Epoch  67/500 Summary:
  Train Loss: 0.6842 | Train Acc: 55.89%
  Val Acc: 52.50% | LR: 0.009576
Patience remaining: 48/50
  --------------------------------------------------
DEBUG: Evaluate function - 80 predictions, 80 targets
DEBUG: Unique predictions: [0 1], Unique targets: [0 1]

Epoch  68/500 Summary:
  Train Loss: 0.6841 | Train Acc: 52.50%
  Val Acc: 58.75% | LR: 0.009563
Patience remaining: 47/50
  --------------------------------------------------
DEBUG: Evaluate function - 80 predictions, 80 targets
DEBUG: Unique predictions: [0 1], Unique targets: [0 1]

Epoch  69/500 Summary:
  Train Loss: 0.6769 | Train Acc: 59.11%
  Val Acc: 55.00% | LR: 0.009551
Patience remaining: 46/50
  --------------------------------------------------
DEBUG: Evaluate function - 80 predictions, 80 targets
DEBUG: Unique predictions: [0 1], Unique targets: [0 1]

Epoch  70/500 Summary:
  Train Loss: 0.6824 | Train Acc: 61.07%
  Val Acc: 55.00% | LR: 0.009537
Patience remaining: 45/50
  --------------------------------------------------
DEBUG: Evaluate function - 80 predictions, 80 targets
DEBUG: Unique predictions: [0 1], Unique targets: [0 1]

Epoch  71/500 Summary:
  Train Loss: 0.6648 | Train Acc: 59.11%
  Val Acc: 52.50% | LR: 0.009524
Patience remaining: 44/50
  --------------------------------------------------
DEBUG: Evaluate function - 80 predictions, 80 targets
DEBUG: Unique predictions: [0 1], Unique targets: [0 1]

Epoch  72/500 Summary:
  Train Loss: 0.6776 | Train Acc: 58.21%
  Val Acc: 56.25% | LR: 0.009511
Patience remaining: 43/50
  --------------------------------------------------
DEBUG: Evaluate function - 80 predictions, 80 targets
DEBUG: Unique predictions: [0 1], Unique targets: [0 1]

Epoch  73/500 Summary:
  Train Loss: 0.6580 | Train Acc: 62.14%
  Val Acc: 51.25% | LR: 0.009497
Patience remaining: 42/50
  --------------------------------------------------
DEBUG: Evaluate function - 80 predictions, 80 targets
DEBUG: Unique predictions: [0 1], Unique targets: [0 1]

Epoch  74/500 Summary:
  Train Loss: 0.6616 | Train Acc: 59.46%
  Val Acc: 55.00% | LR: 0.009483
Patience remaining: 41/50
  --------------------------------------------------
DEBUG: Evaluate function - 80 predictions, 80 targets
DEBUG: Unique predictions: [0 1], Unique targets: [0 1]

Epoch  75/500 Summary:
  Train Loss: 0.6719 | Train Acc: 56.43%
  Val Acc: 60.00% | LR: 0.009469
Patience remaining: 40/50
  --------------------------------------------------
DEBUG: Evaluate function - 80 predictions, 80 targets
DEBUG: Unique predictions: [0 1], Unique targets: [0 1]

Epoch  76/500 Summary:
  Train Loss: 0.6395 | Train Acc: 61.61%
  Val Acc: 57.50% | LR: 0.009455
Patience remaining: 39/50
  --------------------------------------------------
DEBUG: Evaluate function - 80 predictions, 80 targets
DEBUG: Unique predictions: [0 1], Unique targets: [0 1]

Epoch  77/500 Summary:
  Train Loss: 0.6388 | Train Acc: 62.68%
  Val Acc: 58.75% | LR: 0.009441
Patience remaining: 38/50
  --------------------------------------------------
DEBUG: Evaluate function - 80 predictions, 80 targets
DEBUG: Unique predictions: [0 1], Unique targets: [0 1]

Epoch  78/500 Summary:
  Train Loss: 0.6325 | Train Acc: 66.96%
  Val Acc: 62.50% | LR: 0.009426
New best validation accuracy!
  --------------------------------------------------
DEBUG: Evaluate function - 80 predictions, 80 targets
DEBUG: Unique predictions: [0 1], Unique targets: [0 1]

Epoch  79/500 Summary:
  Train Loss: 0.6101 | Train Acc: 64.11%
  Val Acc: 55.00% | LR: 0.009411
Patience remaining: 49/50
  --------------------------------------------------
DEBUG: Evaluate function - 80 predictions, 80 targets
DEBUG: Unique predictions: [0 1], Unique targets: [0 1]

Epoch  80/500 Summary:
  Train Loss: 0.6251 | Train Acc: 61.96%
  Val Acc: 57.50% | LR: 0.009397
Patience remaining: 48/50
  --------------------------------------------------
DEBUG: Evaluate function - 80 predictions, 80 targets
DEBUG: Unique predictions: [0 1], Unique targets: [0 1]

Epoch  81/500 Summary:
  Train Loss: 0.6257 | Train Acc: 65.89%
  Val Acc: 50.00% | LR: 0.009382
Patience remaining: 47/50
  --------------------------------------------------
DEBUG: Evaluate function - 80 predictions, 80 targets
DEBUG: Unique predictions: [0 1], Unique targets: [0 1]

Epoch  82/500 Summary:
  Train Loss: 0.6329 | Train Acc: 65.18%
  Val Acc: 52.50% | LR: 0.009366
Patience remaining: 46/50
  --------------------------------------------------
DEBUG: Evaluate function - 80 predictions, 80 targets
DEBUG: Unique predictions: [0 1], Unique targets: [0 1]

Epoch  83/500 Summary:
  Train Loss: 0.5860 | Train Acc: 68.39%
  Val Acc: 53.75% | LR: 0.009351
Patience remaining: 45/50
  --------------------------------------------------
DEBUG: Evaluate function - 80 predictions, 80 targets
DEBUG: Unique predictions: [0 1], Unique targets: [0 1]

Epoch  84/500 Summary:
  Train Loss: 0.6106 | Train Acc: 66.61%
  Val Acc: 56.25% | LR: 0.009335
Patience remaining: 44/50
  --------------------------------------------------
DEBUG: Evaluate function - 80 predictions, 80 targets
DEBUG: Unique predictions: [0 1], Unique targets: [0 1]

Epoch  85/500 Summary:
  Train Loss: 0.6034 | Train Acc: 65.89%
  Val Acc: 53.75% | LR: 0.009320
Patience remaining: 43/50
  --------------------------------------------------
DEBUG: Evaluate function - 80 predictions, 80 targets
DEBUG: Unique predictions: [0 1], Unique targets: [0 1]

Epoch  86/500 Summary:
  Train Loss: 0.5788 | Train Acc: 69.82%
  Val Acc: 58.75% | LR: 0.009304
Patience remaining: 42/50
  --------------------------------------------------
DEBUG: Evaluate function - 80 predictions, 80 targets
DEBUG: Unique predictions: [0 1], Unique targets: [0 1]

Epoch  87/500 Summary:
  Train Loss: 0.6311 | Train Acc: 63.21%
  Val Acc: 56.25% | LR: 0.009288
Patience remaining: 41/50
  --------------------------------------------------
DEBUG: Evaluate function - 80 predictions, 80 targets
DEBUG: Unique predictions: [0 1], Unique targets: [0 1]

Epoch  88/500 Summary:
  Train Loss: 0.6116 | Train Acc: 66.96%
  Val Acc: 56.25% | LR: 0.009271
Patience remaining: 40/50
  --------------------------------------------------
DEBUG: Evaluate function - 80 predictions, 80 targets
DEBUG: Unique predictions: [0 1], Unique targets: [0 1]

Epoch  89/500 Summary:
  Train Loss: 0.5954 | Train Acc: 69.29%
  Val Acc: 57.50% | LR: 0.009255
Patience remaining: 39/50
  --------------------------------------------------
DEBUG: Evaluate function - 80 predictions, 80 targets
DEBUG: Unique predictions: [0 1], Unique targets: [0 1]

Epoch  90/500 Summary:
  Train Loss: 0.6071 | Train Acc: 65.36%
  Val Acc: 57.50% | LR: 0.009238
Patience remaining: 38/50
  --------------------------------------------------
DEBUG: Evaluate function - 80 predictions, 80 targets
DEBUG: Unique predictions: [0 1], Unique targets: [0 1]

Epoch  91/500 Summary:
  Train Loss: 0.5712 | Train Acc: 72.32%
  Val Acc: 56.25% | LR: 0.009222
Patience remaining: 37/50
  --------------------------------------------------
DEBUG: Evaluate function - 80 predictions, 80 targets
DEBUG: Unique predictions: [0 1], Unique targets: [0 1]

Epoch  92/500 Summary:
  Train Loss: 0.5863 | Train Acc: 70.18%
  Val Acc: 57.50% | LR: 0.009205
Patience remaining: 36/50
  --------------------------------------------------
DEBUG: Evaluate function - 80 predictions, 80 targets
DEBUG: Unique predictions: [0 1], Unique targets: [0 1]

Epoch  93/500 Summary:
  Train Loss: 0.5720 | Train Acc: 72.14%
  Val Acc: 55.00% | LR: 0.009188
Patience remaining: 35/50
  --------------------------------------------------
DEBUG: Evaluate function - 80 predictions, 80 targets
DEBUG: Unique predictions: [0 1], Unique targets: [0 1]

Epoch  94/500 Summary:
  Train Loss: 0.5868 | Train Acc: 68.75%
  Val Acc: 53.75% | LR: 0.009170
Patience remaining: 34/50
  --------------------------------------------------
DEBUG: Evaluate function - 80 predictions, 80 targets
DEBUG: Unique predictions: [0 1], Unique targets: [0 1]

Epoch  95/500 Summary:
  Train Loss: 0.5552 | Train Acc: 69.11%
  Val Acc: 56.25% | LR: 0.009153
Patience remaining: 33/50
  --------------------------------------------------
DEBUG: Evaluate function - 80 predictions, 80 targets
DEBUG: Unique predictions: [0 1], Unique targets: [0 1]

Epoch  96/500 Summary:
  Train Loss: 0.5479 | Train Acc: 71.96%
  Val Acc: 60.00% | LR: 0.009135
Patience remaining: 32/50
  --------------------------------------------------
DEBUG: Evaluate function - 80 predictions, 80 targets
DEBUG: Unique predictions: [0 1], Unique targets: [0 1]

Epoch  97/500 Summary:
  Train Loss: 0.5409 | Train Acc: 70.89%
  Val Acc: 56.25% | LR: 0.009118
Patience remaining: 31/50
  --------------------------------------------------
DEBUG: Evaluate function - 80 predictions, 80 targets
DEBUG: Unique predictions: [0 1], Unique targets: [0 1]

Epoch  98/500 Summary:
  Train Loss: 0.5370 | Train Acc: 72.32%
  Val Acc: 57.50% | LR: 0.009100
Patience remaining: 30/50
  --------------------------------------------------
DEBUG: Evaluate function - 80 predictions, 80 targets
DEBUG: Unique predictions: [0 1], Unique targets: [0 1]

Epoch  99/500 Summary:
  Train Loss: 0.5241 | Train Acc: 72.86%
  Val Acc: 52.50% | LR: 0.009082
Patience remaining: 29/50
  --------------------------------------------------
DEBUG: Evaluate function - 80 predictions, 80 targets
DEBUG: Unique predictions: [0 1], Unique targets: [0 1]

Epoch 100/500 Summary:
  Train Loss: 0.5316 | Train Acc: 73.93%
  Val Acc: 53.75% | LR: 0.009063
Patience remaining: 28/50
  --------------------------------------------------
DEBUG: Evaluate function - 80 predictions, 80 targets
DEBUG: Unique predictions: [0 1], Unique targets: [0 1]

Epoch 101/500 Summary:
  Train Loss: 0.5554 | Train Acc: 69.64%
  Val Acc: 53.75% | LR: 0.009045
Patience remaining: 27/50
  --------------------------------------------------
DEBUG: Evaluate function - 80 predictions, 80 targets
DEBUG: Unique predictions: [0 1], Unique targets: [0 1]

Epoch 102/500 Summary:
  Train Loss: 0.5690 | Train Acc: 71.07%
  Val Acc: 57.50% | LR: 0.009027
Patience remaining: 26/50
  --------------------------------------------------
DEBUG: Evaluate function - 80 predictions, 80 targets
DEBUG: Unique predictions: [0 1], Unique targets: [0 1]

Epoch 103/500 Summary:
  Train Loss: 0.5573 | Train Acc: 68.75%
  Val Acc: 60.00% | LR: 0.009008
Patience remaining: 25/50
  --------------------------------------------------
DEBUG: Evaluate function - 80 predictions, 80 targets
DEBUG: Unique predictions: [0 1], Unique targets: [0 1]

Epoch 104/500 Summary:
  Train Loss: 0.5261 | Train Acc: 73.93%
  Val Acc: 56.25% | LR: 0.008989
Patience remaining: 24/50
  --------------------------------------------------
DEBUG: Evaluate function - 80 predictions, 80 targets
DEBUG: Unique predictions: [0 1], Unique targets: [0 1]

Epoch 105/500 Summary:
  Train Loss: 0.5197 | Train Acc: 71.96%
  Val Acc: 61.25% | LR: 0.008970
Patience remaining: 23/50
  --------------------------------------------------
DEBUG: Evaluate function - 80 predictions, 80 targets
DEBUG: Unique predictions: [0 1], Unique targets: [0 1]

Epoch 106/500 Summary:
  Train Loss: 0.5077 | Train Acc: 76.07%
  Val Acc: 58.75% | LR: 0.008951
Patience remaining: 22/50
  --------------------------------------------------
DEBUG: Evaluate function - 80 predictions, 80 targets
DEBUG: Unique predictions: [0 1], Unique targets: [0 1]

Epoch 107/500 Summary:
  Train Loss: 0.5118 | Train Acc: 75.18%
  Val Acc: 56.25% | LR: 0.008931
Patience remaining: 21/50
  --------------------------------------------------
DEBUG: Evaluate function - 80 predictions, 80 targets
DEBUG: Unique predictions: [0 1], Unique targets: [0 1]

Epoch 108/500 Summary:
  Train Loss: 0.4933 | Train Acc: 76.25%
  Val Acc: 56.25% | LR: 0.008912
Patience remaining: 20/50
  --------------------------------------------------
DEBUG: Evaluate function - 80 predictions, 80 targets
DEBUG: Unique predictions: [0 1], Unique targets: [0 1]

Epoch 109/500 Summary:
  Train Loss: 0.4967 | Train Acc: 76.25%
  Val Acc: 52.50% | LR: 0.008892
Patience remaining: 19/50
  --------------------------------------------------
DEBUG: Evaluate function - 80 predictions, 80 targets
DEBUG: Unique predictions: [0 1], Unique targets: [0 1]

Epoch 110/500 Summary:
  Train Loss: 0.4884 | Train Acc: 77.86%
  Val Acc: 53.75% | LR: 0.008873
Patience remaining: 18/50
  --------------------------------------------------
DEBUG: Evaluate function - 80 predictions, 80 targets
DEBUG: Unique predictions: [0 1], Unique targets: [0 1]

Epoch 111/500 Summary:
  Train Loss: 0.4541 | Train Acc: 78.04%
  Val Acc: 58.75% | LR: 0.008853
Patience remaining: 17/50
  --------------------------------------------------
DEBUG: Evaluate function - 80 predictions, 80 targets
DEBUG: Unique predictions: [0 1], Unique targets: [0 1]

Epoch 112/500 Summary:
  Train Loss: 0.4952 | Train Acc: 76.25%
  Val Acc: 56.25% | LR: 0.008832
Patience remaining: 16/50
  --------------------------------------------------
DEBUG: Evaluate function - 80 predictions, 80 targets
DEBUG: Unique predictions: [0 1], Unique targets: [0 1]

Epoch 113/500 Summary:
  Train Loss: 0.4865 | Train Acc: 76.79%
  Val Acc: 57.50% | LR: 0.008812
Patience remaining: 15/50
  --------------------------------------------------
DEBUG: Evaluate function - 80 predictions, 80 targets
DEBUG: Unique predictions: [0 1], Unique targets: [0 1]

Epoch 114/500 Summary:
  Train Loss: 0.4666 | Train Acc: 78.75%
  Val Acc: 61.25% | LR: 0.008792
Patience remaining: 14/50
  --------------------------------------------------
DEBUG: Evaluate function - 80 predictions, 80 targets
DEBUG: Unique predictions: [0 1], Unique targets: [0 1]

Epoch 115/500 Summary:
  Train Loss: 0.4684 | Train Acc: 78.21%
  Val Acc: 58.75% | LR: 0.008771
Patience remaining: 13/50
  --------------------------------------------------
DEBUG: Evaluate function - 80 predictions, 80 targets
DEBUG: Unique predictions: [0 1], Unique targets: [0 1]

Epoch 116/500 Summary:
  Train Loss: 0.4500 | Train Acc: 79.11%
  Val Acc: 63.75% | LR: 0.008751
New best validation accuracy!
  --------------------------------------------------
DEBUG: Evaluate function - 80 predictions, 80 targets
DEBUG: Unique predictions: [0 1], Unique targets: [0 1]

Epoch 117/500 Summary:
  Train Loss: 0.4512 | Train Acc: 78.93%
  Val Acc: 56.25% | LR: 0.008730
Patience remaining: 49/50
  --------------------------------------------------
DEBUG: Evaluate function - 80 predictions, 80 targets
DEBUG: Unique predictions: [0 1], Unique targets: [0 1]

Epoch 118/500 Summary:
  Train Loss: 0.4586 | Train Acc: 80.54%
  Val Acc: 62.50% | LR: 0.008709
Patience remaining: 48/50
  --------------------------------------------------
DEBUG: Evaluate function - 80 predictions, 80 targets
DEBUG: Unique predictions: [0 1], Unique targets: [0 1]

Epoch 119/500 Summary:
  Train Loss: 0.4379 | Train Acc: 81.79%
  Val Acc: 61.25% | LR: 0.008688
Patience remaining: 47/50
  --------------------------------------------------
DEBUG: Evaluate function - 80 predictions, 80 targets
DEBUG: Unique predictions: [0 1], Unique targets: [0 1]

Epoch 120/500 Summary:
  Train Loss: 0.4293 | Train Acc: 81.79%
  Val Acc: 61.25% | LR: 0.008666
Patience remaining: 46/50
  --------------------------------------------------
DEBUG: Evaluate function - 80 predictions, 80 targets
DEBUG: Unique predictions: [0 1], Unique targets: [0 1]

Epoch 121/500 Summary:
  Train Loss: 0.4316 | Train Acc: 82.32%
  Val Acc: 60.00% | LR: 0.008645
Patience remaining: 45/50
  --------------------------------------------------
DEBUG: Evaluate function - 80 predictions, 80 targets
DEBUG: Unique predictions: [0 1], Unique targets: [0 1]

Epoch 122/500 Summary:
  Train Loss: 0.4262 | Train Acc: 81.25%
  Val Acc: 57.50% | LR: 0.008623
Patience remaining: 44/50
  --------------------------------------------------
DEBUG: Evaluate function - 80 predictions, 80 targets
DEBUG: Unique predictions: [0 1], Unique targets: [0 1]

Epoch 123/500 Summary:
  Train Loss: 0.4470 | Train Acc: 79.82%
  Val Acc: 57.50% | LR: 0.008602
Patience remaining: 43/50
  --------------------------------------------------
DEBUG: Evaluate function - 80 predictions, 80 targets
DEBUG: Unique predictions: [0 1], Unique targets: [0 1]

Epoch 124/500 Summary:
  Train Loss: 0.4747 | Train Acc: 79.82%
  Val Acc: 58.75% | LR: 0.008580
Patience remaining: 42/50
  --------------------------------------------------
DEBUG: Evaluate function - 80 predictions, 80 targets
DEBUG: Unique predictions: [0 1], Unique targets: [0 1]

Epoch 125/500 Summary:
  Train Loss: 0.4458 | Train Acc: 80.36%
  Val Acc: 60.00% | LR: 0.008558
Patience remaining: 41/50
  --------------------------------------------------
DEBUG: Evaluate function - 80 predictions, 80 targets
DEBUG: Unique predictions: [0 1], Unique targets: [0 1]

Epoch 126/500 Summary:
  Train Loss: 0.4938 | Train Acc: 80.18%
  Val Acc: 53.75% | LR: 0.008536
Patience remaining: 40/50
  --------------------------------------------------
DEBUG: Evaluate function - 80 predictions, 80 targets
DEBUG: Unique predictions: [0 1], Unique targets: [0 1]

Epoch 127/500 Summary:
  Train Loss: 0.4680 | Train Acc: 79.64%
  Val Acc: 53.75% | LR: 0.008513
Patience remaining: 39/50
  --------------------------------------------------
DEBUG: Evaluate function - 80 predictions, 80 targets
DEBUG: Unique predictions: [0 1], Unique targets: [0 1]

Epoch 128/500 Summary:
  Train Loss: 0.4556 | Train Acc: 78.04%
  Val Acc: 60.00% | LR: 0.008491
Patience remaining: 38/50
  --------------------------------------------------
DEBUG: Evaluate function - 80 predictions, 80 targets
DEBUG: Unique predictions: [0 1], Unique targets: [0 1]

Epoch 129/500 Summary:
  Train Loss: 0.4699 | Train Acc: 80.00%
  Val Acc: 66.25% | LR: 0.008468
New best validation accuracy!
  --------------------------------------------------
DEBUG: Evaluate function - 80 predictions, 80 targets
DEBUG: Unique predictions: [0 1], Unique targets: [0 1]

Epoch 130/500 Summary:
  Train Loss: 0.4393 | Train Acc: 80.71%
  Val Acc: 58.75% | LR: 0.008446
Patience remaining: 49/50
  --------------------------------------------------
DEBUG: Evaluate function - 80 predictions, 80 targets
DEBUG: Unique predictions: [0 1], Unique targets: [0 1]

Epoch 131/500 Summary:
  Train Loss: 0.4037 | Train Acc: 82.68%
  Val Acc: 60.00% | LR: 0.008423
Patience remaining: 48/50
  --------------------------------------------------
DEBUG: Evaluate function - 80 predictions, 80 targets
DEBUG: Unique predictions: [0 1], Unique targets: [0 1]

Epoch 132/500 Summary:
  Train Loss: 0.3988 | Train Acc: 85.18%
  Val Acc: 57.50% | LR: 0.008400
Patience remaining: 47/50
  --------------------------------------------------
DEBUG: Evaluate function - 80 predictions, 80 targets
DEBUG: Unique predictions: [0 1], Unique targets: [0 1]

Epoch 133/500 Summary:
  Train Loss: 0.4459 | Train Acc: 80.71%
  Val Acc: 63.75% | LR: 0.008377
Patience remaining: 46/50
  --------------------------------------------------
DEBUG: Evaluate function - 80 predictions, 80 targets
DEBUG: Unique predictions: [0 1], Unique targets: [0 1]

Epoch 134/500 Summary:
  Train Loss: 0.4007 | Train Acc: 81.96%
  Val Acc: 61.25% | LR: 0.008353
Patience remaining: 45/50
  --------------------------------------------------
DEBUG: Evaluate function - 80 predictions, 80 targets
DEBUG: Unique predictions: [0 1], Unique targets: [0 1]

Epoch 135/500 Summary:
  Train Loss: 0.4236 | Train Acc: 80.00%
  Val Acc: 58.75% | LR: 0.008330
Patience remaining: 44/50
  --------------------------------------------------
DEBUG: Evaluate function - 80 predictions, 80 targets
DEBUG: Unique predictions: [0 1], Unique targets: [0 1]

Epoch 136/500 Summary:
  Train Loss: 0.4095 | Train Acc: 83.04%
  Val Acc: 57.50% | LR: 0.008307
Patience remaining: 43/50
  --------------------------------------------------
DEBUG: Evaluate function - 80 predictions, 80 targets
DEBUG: Unique predictions: [0 1], Unique targets: [0 1]

Epoch 137/500 Summary:
  Train Loss: 0.4093 | Train Acc: 80.89%
  Val Acc: 60.00% | LR: 0.008283
Patience remaining: 42/50
  --------------------------------------------------
DEBUG: Evaluate function - 80 predictions, 80 targets
DEBUG: Unique predictions: [0 1], Unique targets: [0 1]

Epoch 138/500 Summary:
  Train Loss: 0.4147 | Train Acc: 81.96%
  Val Acc: 61.25% | LR: 0.008259
Patience remaining: 41/50
  --------------------------------------------------
DEBUG: Evaluate function - 80 predictions, 80 targets
DEBUG: Unique predictions: [0 1], Unique targets: [0 1]

Epoch 139/500 Summary:
  Train Loss: 0.3616 | Train Acc: 85.00%
  Val Acc: 60.00% | LR: 0.008235
Patience remaining: 40/50
  --------------------------------------------------
DEBUG: Evaluate function - 80 predictions, 80 targets
DEBUG: Unique predictions: [0 1], Unique targets: [0 1]

Epoch 140/500 Summary:
  Train Loss: 0.3594 | Train Acc: 85.54%
  Val Acc: 61.25% | LR: 0.008211
Patience remaining: 39/50
  --------------------------------------------------
DEBUG: Evaluate function - 80 predictions, 80 targets
DEBUG: Unique predictions: [0 1], Unique targets: [0 1]

Epoch 141/500 Summary:
  Train Loss: 0.3584 | Train Acc: 86.43%
  Val Acc: 60.00% | LR: 0.008187
Patience remaining: 38/50
  --------------------------------------------------
DEBUG: Evaluate function - 80 predictions, 80 targets
DEBUG: Unique predictions: [0 1], Unique targets: [0 1]

Epoch 142/500 Summary:
  Train Loss: 0.3512 | Train Acc: 86.43%
  Val Acc: 61.25% | LR: 0.008163
Patience remaining: 37/50
  --------------------------------------------------
DEBUG: Evaluate function - 80 predictions, 80 targets
DEBUG: Unique predictions: [0 1], Unique targets: [0 1]

Epoch 143/500 Summary:
  Train Loss: 0.3537 | Train Acc: 85.36%
  Val Acc: 57.50% | LR: 0.008138
Patience remaining: 36/50
  --------------------------------------------------
DEBUG: Evaluate function - 80 predictions, 80 targets
DEBUG: Unique predictions: [0 1], Unique targets: [0 1]

Epoch 144/500 Summary:
  Train Loss: 0.3501 | Train Acc: 86.96%
  Val Acc: 62.50% | LR: 0.008114
Patience remaining: 35/50
  --------------------------------------------------
DEBUG: Evaluate function - 80 predictions, 80 targets
DEBUG: Unique predictions: [0 1], Unique targets: [0 1]

Epoch 145/500 Summary:
  Train Loss: 0.3428 | Train Acc: 86.25%
  Val Acc: 63.75% | LR: 0.008089
Patience remaining: 34/50
  --------------------------------------------------
DEBUG: Evaluate function - 80 predictions, 80 targets
DEBUG: Unique predictions: [0 1], Unique targets: [0 1]

Epoch 146/500 Summary:
  Train Loss: 0.3313 | Train Acc: 86.96%
  Val Acc: 60.00% | LR: 0.008065
Patience remaining: 33/50
  --------------------------------------------------
DEBUG: Evaluate function - 80 predictions, 80 targets
DEBUG: Unique predictions: [0 1], Unique targets: [0 1]

Epoch 147/500 Summary:
  Train Loss: 0.3588 | Train Acc: 85.18%
  Val Acc: 62.50% | LR: 0.008040
Patience remaining: 32/50
  --------------------------------------------------
DEBUG: Evaluate function - 80 predictions, 80 targets
DEBUG: Unique predictions: [0 1], Unique targets: [0 1]

Epoch 148/500 Summary:
  Train Loss: 0.3431 | Train Acc: 88.04%
  Val Acc: 62.50% | LR: 0.008015
Patience remaining: 31/50
  --------------------------------------------------
DEBUG: Evaluate function - 80 predictions, 80 targets
DEBUG: Unique predictions: [0 1], Unique targets: [0 1]

Epoch 149/500 Summary:
  Train Loss: 0.3826 | Train Acc: 83.04%
  Val Acc: 61.25% | LR: 0.007990
Patience remaining: 30/50
  --------------------------------------------------
DEBUG: Evaluate function - 80 predictions, 80 targets
DEBUG: Unique predictions: [0 1], Unique targets: [0 1]

Epoch 150/500 Summary:
  Train Loss: 0.3753 | Train Acc: 85.36%
  Val Acc: 63.75% | LR: 0.007964
Patience remaining: 29/50
  --------------------------------------------------
DEBUG: Evaluate function - 80 predictions, 80 targets
DEBUG: Unique predictions: [0 1], Unique targets: [0 1]

Epoch 151/500 Summary:
  Train Loss: 0.3612 | Train Acc: 84.64%
  Val Acc: 62.50% | LR: 0.007939
Patience remaining: 28/50
  --------------------------------------------------
DEBUG: Evaluate function - 80 predictions, 80 targets
DEBUG: Unique predictions: [0 1], Unique targets: [0 1]

Epoch 152/500 Summary:
  Train Loss: 0.3405 | Train Acc: 85.54%
  Val Acc: 61.25% | LR: 0.007913
Patience remaining: 27/50
  --------------------------------------------------
DEBUG: Evaluate function - 80 predictions, 80 targets
DEBUG: Unique predictions: [0 1], Unique targets: [0 1]

Epoch 153/500 Summary:
  Train Loss: 0.3650 | Train Acc: 86.61%
  Val Acc: 58.75% | LR: 0.007888
Patience remaining: 26/50
  --------------------------------------------------
DEBUG: Evaluate function - 80 predictions, 80 targets
DEBUG: Unique predictions: [0 1], Unique targets: [0 1]

Epoch 154/500 Summary:
  Train Loss: 0.3337 | Train Acc: 85.18%
  Val Acc: 62.50% | LR: 0.007862
Patience remaining: 25/50
  --------------------------------------------------
DEBUG: Evaluate function - 80 predictions, 80 targets
DEBUG: Unique predictions: [0 1], Unique targets: [0 1]

Epoch 155/500 Summary:
  Train Loss: 0.3590 | Train Acc: 85.18%
  Val Acc: 62.50% | LR: 0.007836
Patience remaining: 24/50
  --------------------------------------------------
DEBUG: Evaluate function - 80 predictions, 80 targets
DEBUG: Unique predictions: [0 1], Unique targets: [0 1]

Epoch 156/500 Summary:
  Train Loss: 0.3580 | Train Acc: 85.71%
  Val Acc: 55.00% | LR: 0.007810
Patience remaining: 23/50
  --------------------------------------------------
DEBUG: Evaluate function - 80 predictions, 80 targets
DEBUG: Unique predictions: [0 1], Unique targets: [0 1]

Epoch 157/500 Summary:
  Train Loss: 0.4262 | Train Acc: 81.61%
  Val Acc: 62.50% | LR: 0.007784
Patience remaining: 22/50
  --------------------------------------------------
DEBUG: Evaluate function - 80 predictions, 80 targets
DEBUG: Unique predictions: [0 1], Unique targets: [0 1]

Epoch 158/500 Summary:
  Train Loss: 0.3610 | Train Acc: 86.07%
  Val Acc: 60.00% | LR: 0.007758
Patience remaining: 21/50
  --------------------------------------------------
DEBUG: Evaluate function - 80 predictions, 80 targets
DEBUG: Unique predictions: [0 1], Unique targets: [0 1]

Epoch 159/500 Summary:
  Train Loss: 0.3523 | Train Acc: 85.54%
  Val Acc: 62.50% | LR: 0.007732
Patience remaining: 20/50
  --------------------------------------------------
DEBUG: Evaluate function - 80 predictions, 80 targets
DEBUG: Unique predictions: [0 1], Unique targets: [0 1]

Epoch 160/500 Summary:
  Train Loss: 0.3278 | Train Acc: 87.50%
  Val Acc: 62.50% | LR: 0.007706
Patience remaining: 19/50
  --------------------------------------------------
DEBUG: Evaluate function - 80 predictions, 80 targets
DEBUG: Unique predictions: [0 1], Unique targets: [0 1]

Epoch 161/500 Summary:
  Train Loss: 0.3443 | Train Acc: 86.07%
  Val Acc: 62.50% | LR: 0.007679
Patience remaining: 18/50
  --------------------------------------------------
DEBUG: Evaluate function - 80 predictions, 80 targets
DEBUG: Unique predictions: [0 1], Unique targets: [0 1]

Epoch 162/500 Summary:
  Train Loss: 0.3078 | Train Acc: 88.75%
  Val Acc: 60.00% | LR: 0.007653
Patience remaining: 17/50
  --------------------------------------------------
DEBUG: Evaluate function - 80 predictions, 80 targets
DEBUG: Unique predictions: [0 1], Unique targets: [0 1]

Epoch 163/500 Summary:
  Train Loss: 0.3084 | Train Acc: 88.93%
  Val Acc: 58.75% | LR: 0.007626
Patience remaining: 16/50
  --------------------------------------------------
DEBUG: Evaluate function - 80 predictions, 80 targets
DEBUG: Unique predictions: [0 1], Unique targets: [0 1]

Epoch 164/500 Summary:
  Train Loss: 0.2956 | Train Acc: 88.04%
  Val Acc: 60.00% | LR: 0.007599
Patience remaining: 15/50
  --------------------------------------------------
DEBUG: Evaluate function - 80 predictions, 80 targets
DEBUG: Unique predictions: [0 1], Unique targets: [0 1]

Epoch 165/500 Summary:
  Train Loss: 0.3012 | Train Acc: 88.39%
  Val Acc: 61.25% | LR: 0.007572
Patience remaining: 14/50
  --------------------------------------------------
DEBUG: Evaluate function - 80 predictions, 80 targets
DEBUG: Unique predictions: [0 1], Unique targets: [0 1]

Epoch 166/500 Summary:
  Train Loss: 0.2913 | Train Acc: 87.50%
  Val Acc: 61.25% | LR: 0.007545
Patience remaining: 13/50
  --------------------------------------------------
DEBUG: Evaluate function - 80 predictions, 80 targets
DEBUG: Unique predictions: [0 1], Unique targets: [0 1]

Epoch 167/500 Summary:
  Train Loss: 0.3101 | Train Acc: 86.96%
  Val Acc: 61.25% | LR: 0.007518
Patience remaining: 12/50
  --------------------------------------------------
DEBUG: Evaluate function - 80 predictions, 80 targets
DEBUG: Unique predictions: [0 1], Unique targets: [0 1]

Epoch 168/500 Summary:
  Train Loss: 0.3072 | Train Acc: 88.39%
  Val Acc: 60.00% | LR: 0.007491
Patience remaining: 11/50
  --------------------------------------------------
DEBUG: Evaluate function - 80 predictions, 80 targets
DEBUG: Unique predictions: [0 1], Unique targets: [0 1]

Epoch 169/500 Summary:
  Train Loss: 0.2833 | Train Acc: 90.18%
  Val Acc: 61.25% | LR: 0.007464
Patience remaining: 10/50
  --------------------------------------------------
DEBUG: Evaluate function - 80 predictions, 80 targets
DEBUG: Unique predictions: [0 1], Unique targets: [0 1]

Epoch 170/500 Summary:
  Train Loss: 0.2724 | Train Acc: 90.18%
  Val Acc: 57.50% | LR: 0.007436
Patience remaining: 9/50
  --------------------------------------------------
DEBUG: Evaluate function - 80 predictions, 80 targets
DEBUG: Unique predictions: [0 1], Unique targets: [0 1]

Epoch 171/500 Summary:
  Train Loss: 0.2786 | Train Acc: 91.43%
  Val Acc: 61.25% | LR: 0.007409
Patience remaining: 8/50
  --------------------------------------------------
DEBUG: Evaluate function - 80 predictions, 80 targets
DEBUG: Unique predictions: [0 1], Unique targets: [0 1]

Epoch 172/500 Summary:
  Train Loss: 0.3038 | Train Acc: 88.75%
  Val Acc: 66.25% | LR: 0.007381
Patience remaining: 7/50
  --------------------------------------------------
DEBUG: Evaluate function - 80 predictions, 80 targets
DEBUG: Unique predictions: [0 1], Unique targets: [0 1]

Epoch 173/500 Summary:
  Train Loss: 0.3050 | Train Acc: 89.29%
  Val Acc: 61.25% | LR: 0.007354
Patience remaining: 6/50
  --------------------------------------------------
DEBUG: Evaluate function - 80 predictions, 80 targets
DEBUG: Unique predictions: [0 1], Unique targets: [0 1]

Epoch 174/500 Summary:
  Train Loss: 0.2781 | Train Acc: 90.00%
  Val Acc: 57.50% | LR: 0.007326
Patience remaining: 5/50
  --------------------------------------------------
DEBUG: Evaluate function - 80 predictions, 80 targets
DEBUG: Unique predictions: [0 1], Unique targets: [0 1]

Epoch 175/500 Summary:
  Train Loss: 0.2882 | Train Acc: 89.64%
  Val Acc: 56.25% | LR: 0.007298
Patience remaining: 4/50
  --------------------------------------------------
DEBUG: Evaluate function - 80 predictions, 80 targets
DEBUG: Unique predictions: [0 1], Unique targets: [0 1]

Epoch 176/500 Summary:
  Train Loss: 0.2969 | Train Acc: 88.04%
  Val Acc: 55.00% | LR: 0.007270
Patience remaining: 3/50
  --------------------------------------------------
DEBUG: Evaluate function - 80 predictions, 80 targets
DEBUG: Unique predictions: [0 1], Unique targets: [0 1]

Epoch 177/500 Summary:
  Train Loss: 0.2934 | Train Acc: 90.00%
  Val Acc: 62.50% | LR: 0.007242
Patience remaining: 2/50
  --------------------------------------------------
DEBUG: Evaluate function - 80 predictions, 80 targets
DEBUG: Unique predictions: [0 1], Unique targets: [0 1]

Epoch 178/500 Summary:
  Train Loss: 0.2968 | Train Acc: 89.64%
  Val Acc: 56.25% | LR: 0.007214
Patience remaining: 1/50
  --------------------------------------------------
DEBUG: Evaluate function - 80 predictions, 80 targets
DEBUG: Unique predictions: [0 1], Unique targets: [0 1]

Epoch 179/500 Summary:
  Train Loss: 0.3196 | Train Acc: 88.21%
  Val Acc: 57.50% | LR: 0.007186
Early stopping triggered! No improvement for 50 epochs
Best validation accuracy: 66.25%

============================================================
Training Complete!
Best Validation Accuracy: 66.25%
============================================================2025-09-26 17:59:22 -     Test accuracy: 0.6438
2025-09-26 17:59:22 -   Fold 3/5
2025-09-26 17:59:22 -     Fold split: Train=560, Val=80

DEBUG: Evaluate function - 80 predictions, 80 targets
DEBUG: Unique predictions: [0 1], Unique targets: [0 1]
Training class distribution: [280, 280]

============================================================
Starting Training - Max Epochs: 500
Model: EEGConformer
Learning Rate: 0.01, Weight Decay: 0.0001
Dropout: 0.25, Early Stopping Patience: 50
============================================================
DEBUG: Evaluate function - 80 predictions, 80 targets
DEBUG: Unique predictions: [0], Unique targets: [0 1]

Epoch   1/500 Summary:
  Train Loss: 0.9808 | Train Acc: 45.36%
  Val Acc: 50.00% | LR: 0.010000
New best validation accuracy!
  --------------------------------------------------
DEBUG: Evaluate function - 80 predictions, 80 targets
DEBUG: Unique predictions: [1], Unique targets: [0 1]

Epoch   2/500 Summary:
  Train Loss: 0.7095 | Train Acc: 50.71%
  Val Acc: 50.00% | LR: 0.010000
Patience remaining: 49/50
  --------------------------------------------------
DEBUG: Evaluate function - 80 predictions, 80 targets
DEBUG: Unique predictions: [0], Unique targets: [0 1]

Epoch   3/500 Summary:
  Train Loss: 0.6958 | Train Acc: 48.75%
  Val Acc: 50.00% | LR: 0.010000
Patience remaining: 48/50
  --------------------------------------------------
DEBUG: Evaluate function - 80 predictions, 80 targets
DEBUG: Unique predictions: [0 1], Unique targets: [0 1]

Epoch   4/500 Summary:
  Train Loss: 0.7011 | Train Acc: 46.25%
  Val Acc: 48.75% | LR: 0.009999
Patience remaining: 47/50
  --------------------------------------------------
DEBUG: Evaluate function - 80 predictions, 80 targets
DEBUG: Unique predictions: [0], Unique targets: [0 1]

Epoch   5/500 Summary:
  Train Loss: 0.6960 | Train Acc: 52.50%
  Val Acc: 50.00% | LR: 0.009998
Patience remaining: 46/50
  --------------------------------------------------
DEBUG: Evaluate function - 80 predictions, 80 targets
DEBUG: Unique predictions: [1], Unique targets: [0 1]

Epoch   6/500 Summary:
  Train Loss: 0.6987 | Train Acc: 48.21%
  Val Acc: 50.00% | LR: 0.009998
Patience remaining: 45/50
  --------------------------------------------------
DEBUG: Evaluate function - 80 predictions, 80 targets
DEBUG: Unique predictions: [0], Unique targets: [0 1]

Epoch   7/500 Summary:
  Train Loss: 0.6992 | Train Acc: 47.68%
  Val Acc: 50.00% | LR: 0.009996
Patience remaining: 44/50
  --------------------------------------------------
DEBUG: Evaluate function - 80 predictions, 80 targets
DEBUG: Unique predictions: [1], Unique targets: [0 1]

Epoch   8/500 Summary:
  Train Loss: 0.6959 | Train Acc: 48.21%
  Val Acc: 50.00% | LR: 0.009995
Patience remaining: 43/50
  --------------------------------------------------
DEBUG: Evaluate function - 80 predictions, 80 targets
DEBUG: Unique predictions: [0], Unique targets: [0 1]

Epoch   9/500 Summary:
  Train Loss: 0.6952 | Train Acc: 50.89%
  Val Acc: 50.00% | LR: 0.009994
Patience remaining: 42/50
  --------------------------------------------------
DEBUG: Evaluate function - 80 predictions, 80 targets
DEBUG: Unique predictions: [0], Unique targets: [0 1]

Epoch  10/500 Summary:
  Train Loss: 0.6948 | Train Acc: 48.39%
  Val Acc: 50.00% | LR: 0.009992
Patience remaining: 41/50
  --------------------------------------------------
DEBUG: Evaluate function - 80 predictions, 80 targets
DEBUG: Unique predictions: [0], Unique targets: [0 1]

Epoch  11/500 Summary:
  Train Loss: 0.6937 | Train Acc: 48.04%
  Val Acc: 50.00% | LR: 0.009990
Patience remaining: 40/50
  --------------------------------------------------
DEBUG: Evaluate function - 80 predictions, 80 targets
DEBUG: Unique predictions: [0], Unique targets: [0 1]

Epoch  12/500 Summary:
  Train Loss: 0.6934 | Train Acc: 49.29%
  Val Acc: 50.00% | LR: 0.009988
Patience remaining: 39/50
  --------------------------------------------------
DEBUG: Evaluate function - 80 predictions, 80 targets
DEBUG: Unique predictions: [1], Unique targets: [0 1]

Epoch  13/500 Summary:
  Train Loss: 0.6929 | Train Acc: 52.50%
  Val Acc: 50.00% | LR: 0.009986
Patience remaining: 38/50
  --------------------------------------------------
DEBUG: Evaluate function - 80 predictions, 80 targets
DEBUG: Unique predictions: [0], Unique targets: [0 1]

Epoch  14/500 Summary:
  Train Loss: 0.6944 | Train Acc: 49.11%
  Val Acc: 50.00% | LR: 0.009983
Patience remaining: 37/50
  --------------------------------------------------
DEBUG: Evaluate function - 80 predictions, 80 targets
DEBUG: Unique predictions: [1], Unique targets: [0 1]

Epoch  15/500 Summary:
  Train Loss: 0.6961 | Train Acc: 49.46%
  Val Acc: 50.00% | LR: 0.009981
Patience remaining: 36/50
  --------------------------------------------------
DEBUG: Evaluate function - 80 predictions, 80 targets
DEBUG: Unique predictions: [0], Unique targets: [0 1]

Epoch  16/500 Summary:
  Train Loss: 0.6929 | Train Acc: 48.93%
  Val Acc: 50.00% | LR: 0.009978
Patience remaining: 35/50
  --------------------------------------------------
DEBUG: Evaluate function - 80 predictions, 80 targets
DEBUG: Unique predictions: [0], Unique targets: [0 1]

Epoch  17/500 Summary:
  Train Loss: 0.6967 | Train Acc: 49.82%
  Val Acc: 50.00% | LR: 0.009975
Patience remaining: 34/50
  --------------------------------------------------
DEBUG: Evaluate function - 80 predictions, 80 targets
DEBUG: Unique predictions: [1], Unique targets: [0 1]

Epoch  18/500 Summary:
  Train Loss: 0.6993 | Train Acc: 47.14%
  Val Acc: 50.00% | LR: 0.009972
Patience remaining: 33/50
  --------------------------------------------------
DEBUG: Evaluate function - 80 predictions, 80 targets
DEBUG: Unique predictions: [0], Unique targets: [0 1]

Epoch  19/500 Summary:
  Train Loss: 0.7005 | Train Acc: 46.79%
  Val Acc: 50.00% | LR: 0.009968
Patience remaining: 32/50
  --------------------------------------------------
DEBUG: Evaluate function - 80 predictions, 80 targets
DEBUG: Unique predictions: [1], Unique targets: [0 1]

Epoch  20/500 Summary:
  Train Loss: 0.6959 | Train Acc: 49.64%
  Val Acc: 50.00% | LR: 0.009964
Patience remaining: 31/50
  --------------------------------------------------
DEBUG: Evaluate function - 80 predictions, 80 targets
DEBUG: Unique predictions: [0], Unique targets: [0 1]

Epoch  21/500 Summary:
  Train Loss: 0.6945 | Train Acc: 50.18%
  Val Acc: 50.00% | LR: 0.009961
Patience remaining: 30/50
  --------------------------------------------------
DEBUG: Evaluate function - 80 predictions, 80 targets
DEBUG: Unique predictions: [0], Unique targets: [0 1]

Epoch  22/500 Summary:
  Train Loss: 0.6937 | Train Acc: 48.75%
  Val Acc: 50.00% | LR: 0.009957
Patience remaining: 29/50
  --------------------------------------------------
DEBUG: Evaluate function - 80 predictions, 80 targets
DEBUG: Unique predictions: [0], Unique targets: [0 1]

Epoch  23/500 Summary:
  Train Loss: 0.6939 | Train Acc: 50.00%
  Val Acc: 50.00% | LR: 0.009952
Patience remaining: 28/50
  --------------------------------------------------
DEBUG: Evaluate function - 80 predictions, 80 targets
DEBUG: Unique predictions: [1], Unique targets: [0 1]

Epoch  24/500 Summary:
  Train Loss: 0.6942 | Train Acc: 48.21%
  Val Acc: 50.00% | LR: 0.009948
Patience remaining: 27/50
  --------------------------------------------------
DEBUG: Evaluate function - 80 predictions, 80 targets
DEBUG: Unique predictions: [1], Unique targets: [0 1]

Epoch  25/500 Summary:
  Train Loss: 0.6982 | Train Acc: 49.64%
  Val Acc: 50.00% | LR: 0.009943
Patience remaining: 26/50
  --------------------------------------------------
DEBUG: Evaluate function - 80 predictions, 80 targets
DEBUG: Unique predictions: [0], Unique targets: [0 1]

Epoch  26/500 Summary:
  Train Loss: 0.6941 | Train Acc: 49.64%
  Val Acc: 50.00% | LR: 0.009938
Patience remaining: 25/50
  --------------------------------------------------
DEBUG: Evaluate function - 80 predictions, 80 targets
DEBUG: Unique predictions: [0], Unique targets: [0 1]

Epoch  27/500 Summary:
  Train Loss: 0.6957 | Train Acc: 50.00%
  Val Acc: 50.00% | LR: 0.009933
Patience remaining: 24/50
  --------------------------------------------------
DEBUG: Evaluate function - 80 predictions, 80 targets
DEBUG: Unique predictions: [1], Unique targets: [0 1]2025-09-26 17:59:25 -     Test accuracy: 0.5000
2025-09-26 17:59:25 -   Fold 4/5
2025-09-26 17:59:25 -     Fold split: Train=560, Val=80


Epoch  28/500 Summary:
  Train Loss: 0.6995 | Train Acc: 47.50%
  Val Acc: 50.00% | LR: 0.009928
Patience remaining: 23/50
  --------------------------------------------------
DEBUG: Evaluate function - 80 predictions, 80 targets
DEBUG: Unique predictions: [0], Unique targets: [0 1]

Epoch  29/500 Summary:
  Train Loss: 0.6927 | Train Acc: 50.54%
  Val Acc: 50.00% | LR: 0.009923
Patience remaining: 22/50
  --------------------------------------------------
DEBUG: Evaluate function - 80 predictions, 80 targets
DEBUG: Unique predictions: [0], Unique targets: [0 1]

Epoch  30/500 Summary:
  Train Loss: 0.6972 | Train Acc: 50.00%
  Val Acc: 50.00% | LR: 0.009917
Patience remaining: 21/50
  --------------------------------------------------
DEBUG: Evaluate function - 80 predictions, 80 targets
DEBUG: Unique predictions: [1], Unique targets: [0 1]

Epoch  31/500 Summary:
  Train Loss: 0.6936 | Train Acc: 49.82%
  Val Acc: 50.00% | LR: 0.009911
Patience remaining: 20/50
  --------------------------------------------------
DEBUG: Evaluate function - 80 predictions, 80 targets
DEBUG: Unique predictions: [1], Unique targets: [0 1]

Epoch  32/500 Summary:
  Train Loss: 0.6952 | Train Acc: 50.00%
  Val Acc: 50.00% | LR: 0.009905
Patience remaining: 19/50
  --------------------------------------------------
DEBUG: Evaluate function - 80 predictions, 80 targets
DEBUG: Unique predictions: [0], Unique targets: [0 1]

Epoch  33/500 Summary:
  Train Loss: 0.6927 | Train Acc: 53.93%
  Val Acc: 50.00% | LR: 0.009899
Patience remaining: 18/50
  --------------------------------------------------
DEBUG: Evaluate function - 80 predictions, 80 targets
DEBUG: Unique predictions: [0], Unique targets: [0 1]

Epoch  34/500 Summary:
  Train Loss: 0.6948 | Train Acc: 48.04%
  Val Acc: 50.00% | LR: 0.009893
Patience remaining: 17/50
  --------------------------------------------------
DEBUG: Evaluate function - 80 predictions, 80 targets
DEBUG: Unique predictions: [0], Unique targets: [0 1]

Epoch  35/500 Summary:
  Train Loss: 0.6943 | Train Acc: 48.75%
  Val Acc: 50.00% | LR: 0.009886
Patience remaining: 16/50
  --------------------------------------------------
DEBUG: Evaluate function - 80 predictions, 80 targets
DEBUG: Unique predictions: [0], Unique targets: [0 1]

Epoch  36/500 Summary:
  Train Loss: 0.6935 | Train Acc: 48.93%
  Val Acc: 50.00% | LR: 0.009880
Patience remaining: 15/50
  --------------------------------------------------
DEBUG: Evaluate function - 80 predictions, 80 targets
DEBUG: Unique predictions: [0], Unique targets: [0 1]

Epoch  37/500 Summary:
  Train Loss: 0.6932 | Train Acc: 51.43%
  Val Acc: 50.00% | LR: 0.009873
Patience remaining: 14/50
  --------------------------------------------------
DEBUG: Evaluate function - 80 predictions, 80 targets
DEBUG: Unique predictions: [0], Unique targets: [0 1]

Epoch  38/500 Summary:
  Train Loss: 0.6930 | Train Acc: 49.64%
  Val Acc: 50.00% | LR: 0.009865
Patience remaining: 13/50
  --------------------------------------------------
DEBUG: Evaluate function - 80 predictions, 80 targets
DEBUG: Unique predictions: [0], Unique targets: [0 1]

Epoch  39/500 Summary:
  Train Loss: 0.6946 | Train Acc: 46.07%
  Val Acc: 50.00% | LR: 0.009858
Patience remaining: 12/50
  --------------------------------------------------
DEBUG: Evaluate function - 80 predictions, 80 targets
DEBUG: Unique predictions: [0], Unique targets: [0 1]

Epoch  40/500 Summary:
  Train Loss: 0.6955 | Train Acc: 48.21%
  Val Acc: 50.00% | LR: 0.009851
Patience remaining: 11/50
  --------------------------------------------------
DEBUG: Evaluate function - 80 predictions, 80 targets
DEBUG: Unique predictions: [1], Unique targets: [0 1]

Epoch  41/500 Summary:
  Train Loss: 0.6938 | Train Acc: 51.07%
  Val Acc: 50.00% | LR: 0.009843
Patience remaining: 10/50
  --------------------------------------------------
DEBUG: Evaluate function - 80 predictions, 80 targets
DEBUG: Unique predictions: [1], Unique targets: [0 1]

Epoch  42/500 Summary:
  Train Loss: 0.6933 | Train Acc: 49.82%
  Val Acc: 50.00% | LR: 0.009835
Patience remaining: 9/50
  --------------------------------------------------
DEBUG: Evaluate function - 80 predictions, 80 targets
DEBUG: Unique predictions: [1], Unique targets: [0 1]

Epoch  43/500 Summary:
  Train Loss: 0.6933 | Train Acc: 50.18%
  Val Acc: 50.00% | LR: 0.009827
Patience remaining: 8/50
  --------------------------------------------------
DEBUG: Evaluate function - 80 predictions, 80 targets
DEBUG: Unique predictions: [1], Unique targets: [0 1]

Epoch  44/500 Summary:
  Train Loss: 0.6967 | Train Acc: 50.00%
  Val Acc: 50.00% | LR: 0.009819
Patience remaining: 7/50
  --------------------------------------------------
DEBUG: Evaluate function - 80 predictions, 80 targets
DEBUG: Unique predictions: [0], Unique targets: [0 1]

Epoch  45/500 Summary:
  Train Loss: 0.6947 | Train Acc: 46.25%
  Val Acc: 50.00% | LR: 0.009810
Patience remaining: 6/50
  --------------------------------------------------
DEBUG: Evaluate function - 80 predictions, 80 targets
DEBUG: Unique predictions: [0 1], Unique targets: [0 1]

Epoch  46/500 Summary:
  Train Loss: 0.6939 | Train Acc: 49.82%
  Val Acc: 50.00% | LR: 0.009801
Patience remaining: 5/50
  --------------------------------------------------
DEBUG: Evaluate function - 80 predictions, 80 targets
DEBUG: Unique predictions: [1], Unique targets: [0 1]

Epoch  47/500 Summary:
  Train Loss: 0.6933 | Train Acc: 50.54%
  Val Acc: 50.00% | LR: 0.009793
Patience remaining: 4/50
  --------------------------------------------------
DEBUG: Evaluate function - 80 predictions, 80 targets
DEBUG: Unique predictions: [0], Unique targets: [0 1]

Epoch  48/500 Summary:
  Train Loss: 0.6933 | Train Acc: 49.64%
  Val Acc: 50.00% | LR: 0.009784
Patience remaining: 3/50
  --------------------------------------------------
DEBUG: Evaluate function - 80 predictions, 80 targets
DEBUG: Unique predictions: [0], Unique targets: [0 1]

Epoch  49/500 Summary:
  Train Loss: 0.6945 | Train Acc: 49.29%
  Val Acc: 50.00% | LR: 0.009774
Patience remaining: 2/50
  --------------------------------------------------
DEBUG: Evaluate function - 80 predictions, 80 targets
DEBUG: Unique predictions: [1], Unique targets: [0 1]

Epoch  50/500 Summary:
  Train Loss: 0.6924 | Train Acc: 52.50%
  Val Acc: 50.00% | LR: 0.009765
Patience remaining: 1/50
  --------------------------------------------------
DEBUG: Evaluate function - 80 predictions, 80 targets
DEBUG: Unique predictions: [1], Unique targets: [0 1]

Epoch  51/500 Summary:
  Train Loss: 0.6946 | Train Acc: 50.00%
  Val Acc: 50.00% | LR: 0.009755
Early stopping triggered! No improvement for 50 epochs
Best validation accuracy: 50.00%

============================================================
Training Complete!
Best Validation Accuracy: 50.00%
============================================================
DEBUG: Evaluate function - 80 predictions, 80 targets
DEBUG: Unique predictions: [1], Unique targets: [0 1]
Training class distribution: [280, 280]

============================================================
Starting Training - Max Epochs: 500
Model: EEGConformer
Learning Rate: 0.01, Weight Decay: 0.0001
Dropout: 0.25, Early Stopping Patience: 50
============================================================
DEBUG: Evaluate function - 80 predictions, 80 targets
DEBUG: Unique predictions: [0], Unique targets: [0 1]

Epoch   1/500 Summary:
  Train Loss: 0.9328 | Train Acc: 48.57%
  Val Acc: 50.00% | LR: 0.010000
New best validation accuracy!
  --------------------------------------------------
DEBUG: Evaluate function - 80 predictions, 80 targets
DEBUG: Unique predictions: [1], Unique targets: [0 1]

Epoch   2/500 Summary:
  Train Loss: 0.6979 | Train Acc: 50.71%
  Val Acc: 50.00% | LR: 0.010000
Patience remaining: 49/50
  --------------------------------------------------
DEBUG: Evaluate function - 80 predictions, 80 targets
DEBUG: Unique predictions: [0], Unique targets: [0 1]

Epoch   3/500 Summary:
  Train Loss: 0.6968 | Train Acc: 48.57%
  Val Acc: 50.00% | LR: 0.010000
Patience remaining: 48/50
  --------------------------------------------------
DEBUG: Evaluate function - 80 predictions, 80 targets
DEBUG: Unique predictions: [1], Unique targets: [0 1]

Epoch   4/500 Summary:
  Train Loss: 0.6954 | Train Acc: 48.93%
  Val Acc: 50.00% | LR: 0.009999
Patience remaining: 47/50
  --------------------------------------------------
DEBUG: Evaluate function - 80 predictions, 80 targets
DEBUG: Unique predictions: [0], Unique targets: [0 1]

Epoch   5/500 Summary:
  Train Loss: 0.6932 | Train Acc: 51.07%
  Val Acc: 50.00% | LR: 0.009998
Patience remaining: 46/50
  --------------------------------------------------
DEBUG: Evaluate function - 80 predictions, 80 targets
DEBUG: Unique predictions: [0], Unique targets: [0 1]

Epoch   6/500 Summary:
  Train Loss: 0.6949 | Train Acc: 50.00%
  Val Acc: 50.00% | LR: 0.009998
Patience remaining: 45/50
  --------------------------------------------------
DEBUG: Evaluate function - 80 predictions, 80 targets
DEBUG: Unique predictions: [1], Unique targets: [0 1]

Epoch   7/500 Summary:
  Train Loss: 0.6981 | Train Acc: 48.21%
  Val Acc: 50.00% | LR: 0.009996
Patience remaining: 44/50
  --------------------------------------------------
DEBUG: Evaluate function - 80 predictions, 80 targets
DEBUG: Unique predictions: [0], Unique targets: [0 1]

Epoch   8/500 Summary:
  Train Loss: 0.6938 | Train Acc: 50.18%
  Val Acc: 50.00% | LR: 0.009995
Patience remaining: 43/50
  --------------------------------------------------
DEBUG: Evaluate function - 80 predictions, 80 targets
DEBUG: Unique predictions: [1], Unique targets: [0 1]

Epoch   9/500 Summary:
  Train Loss: 0.6953 | Train Acc: 50.00%
  Val Acc: 50.00% | LR: 0.009994
Patience remaining: 42/50
  --------------------------------------------------
DEBUG: Evaluate function - 80 predictions, 80 targets
DEBUG: Unique predictions: [1], Unique targets: [0 1]

Epoch  10/500 Summary:
  Train Loss: 0.6978 | Train Acc: 50.54%
  Val Acc: 50.00% | LR: 0.009992
Patience remaining: 41/50
  --------------------------------------------------
DEBUG: Evaluate function - 80 predictions, 80 targets
DEBUG: Unique predictions: [0], Unique targets: [0 1]

Epoch  11/500 Summary:
  Train Loss: 0.6944 | Train Acc: 47.86%
  Val Acc: 50.00% | LR: 0.009990
Patience remaining: 40/50
  --------------------------------------------------
DEBUG: Evaluate function - 80 predictions, 80 targets
DEBUG: Unique predictions: [0], Unique targets: [0 1]

Epoch  12/500 Summary:
  Train Loss: 0.6979 | Train Acc: 48.21%
  Val Acc: 50.00% | LR: 0.009988
Patience remaining: 39/50
  --------------------------------------------------
DEBUG: Evaluate function - 80 predictions, 80 targets
DEBUG: Unique predictions: [0], Unique targets: [0 1]

Epoch  13/500 Summary:
  Train Loss: 0.6938 | Train Acc: 49.46%
  Val Acc: 50.00% | LR: 0.009986
Patience remaining: 38/50
  --------------------------------------------------
DEBUG: Evaluate function - 80 predictions, 80 targets
DEBUG: Unique predictions: [0], Unique targets: [0 1]

Epoch  14/500 Summary:
  Train Loss: 0.6933 | Train Acc: 50.00%
  Val Acc: 50.00% | LR: 0.009983
Patience remaining: 37/50
  --------------------------------------------------
DEBUG: Evaluate function - 80 predictions, 80 targets
DEBUG: Unique predictions: [1], Unique targets: [0 1]

Epoch  15/500 Summary:
  Train Loss: 0.6935 | Train Acc: 51.07%
  Val Acc: 50.00% | LR: 0.009981
Patience remaining: 36/50
  --------------------------------------------------
DEBUG: Evaluate function - 80 predictions, 80 targets
DEBUG: Unique predictions: [1], Unique targets: [0 1]

Epoch  16/500 Summary:
  Train Loss: 0.6947 | Train Acc: 50.00%
  Val Acc: 50.00% | LR: 0.009978
Patience remaining: 35/50
  --------------------------------------------------
DEBUG: Evaluate function - 80 predictions, 80 targets
DEBUG: Unique predictions: [0], Unique targets: [0 1]

Epoch  17/500 Summary:
  Train Loss: 0.6941 | Train Acc: 49.11%
  Val Acc: 50.00% | LR: 0.009975
Patience remaining: 34/50
  --------------------------------------------------
DEBUG: Evaluate function - 80 predictions, 80 targets
DEBUG: Unique predictions: [1], Unique targets: [0 1]

Epoch  18/500 Summary:
  Train Loss: 0.6951 | Train Acc: 49.46%
  Val Acc: 50.00% | LR: 0.009972
Patience remaining: 33/50
  --------------------------------------------------
DEBUG: Evaluate function - 80 predictions, 80 targets
DEBUG: Unique predictions: [0], Unique targets: [0 1]

Epoch  19/500 Summary:
  Train Loss: 0.6934 | Train Acc: 50.71%
  Val Acc: 50.00% | LR: 0.009968
Patience remaining: 32/50
  --------------------------------------------------
DEBUG: Evaluate function - 80 predictions, 80 targets
DEBUG: Unique predictions: [0], Unique targets: [0 1]

Epoch  20/500 Summary:
  Train Loss: 0.6946 | Train Acc: 49.11%
  Val Acc: 50.00% | LR: 0.009964
Patience remaining: 31/50
  --------------------------------------------------
DEBUG: Evaluate function - 80 predictions, 80 targets
DEBUG: Unique predictions: [1], Unique targets: [0 1]

Epoch  21/500 Summary:
  Train Loss: 0.6967 | Train Acc: 47.68%
  Val Acc: 50.00% | LR: 0.009961
Patience remaining: 30/50
  --------------------------------------------------
DEBUG: Evaluate function - 80 predictions, 80 targets
DEBUG: Unique predictions: [0], Unique targets: [0 1]

Epoch  22/500 Summary:
  Train Loss: 0.6928 | Train Acc: 49.82%
  Val Acc: 50.00% | LR: 0.009957
Patience remaining: 29/50
  --------------------------------------------------
DEBUG: Evaluate function - 80 predictions, 80 targets
DEBUG: Unique predictions: [0], Unique targets: [0 1]

Epoch  23/500 Summary:
  Train Loss: 0.6943 | Train Acc: 50.18%
  Val Acc: 50.00% | LR: 0.009952
Patience remaining: 28/50
  --------------------------------------------------
DEBUG: Evaluate function - 80 predictions, 80 targets
DEBUG: Unique predictions: [1], Unique targets: [0 1]

Epoch  24/500 Summary:
  Train Loss: 0.6934 | Train Acc: 49.82%
  Val Acc: 50.00% | LR: 0.009948
Patience remaining: 27/50
  --------------------------------------------------
DEBUG: Evaluate function - 80 predictions, 80 targets
DEBUG: Unique predictions: [1], Unique targets: [0 1]

Epoch  25/500 Summary:
  Train Loss: 0.6952 | Train Acc: 50.00%
  Val Acc: 50.00% | LR: 0.009943
Patience remaining: 26/50
  --------------------------------------------------
DEBUG: Evaluate function - 80 predictions, 80 targets
DEBUG: Unique predictions: [0], Unique targets: [0 1]

Epoch  26/500 Summary:
  Train Loss: 0.6945 | Train Acc: 50.36%
  Val Acc: 50.00% | LR: 0.009938
Patience remaining: 25/50
  --------------------------------------------------
DEBUG: Evaluate function - 80 predictions, 80 targets
DEBUG: Unique predictions: [1], Unique targets: [0 1]

Epoch  27/500 Summary:
  Train Loss: 0.6929 | Train Acc: 52.86%
  Val Acc: 50.00% | LR: 0.009933
Patience remaining: 24/50
  --------------------------------------------------
DEBUG: Evaluate function - 80 predictions, 80 targets
DEBUG: Unique predictions: [1], Unique targets: [0 1]

Epoch  28/500 Summary:
  Train Loss: 0.6950 | Train Acc: 50.18%
  Val Acc: 50.00% | LR: 0.009928
Patience remaining: 23/50
  --------------------------------------------------
DEBUG: Evaluate function - 80 predictions, 80 targets
DEBUG: Unique predictions: [0], Unique targets: [0 1]

Epoch  29/500 Summary:
  Train Loss: 0.6951 | Train Acc: 46.43%
  Val Acc: 50.00% | LR: 0.009923
Patience remaining: 22/50
  --------------------------------------------------
DEBUG: Evaluate function - 80 predictions, 80 targets
DEBUG: Unique predictions: [1], Unique targets: [0 1]

Epoch  30/500 Summary:
  Train Loss: 0.6934 | Train Acc: 50.89%
  Val Acc: 50.00% | LR: 0.009917
Patience remaining: 21/50
  --------------------------------------------------
DEBUG: Evaluate function - 80 predictions, 80 targets
DEBUG: Unique predictions: [1], Unique targets: [0 1]

Epoch  31/500 Summary:
  Train Loss: 0.6943 | Train Acc: 49.64%
  Val Acc: 50.00% | LR: 0.009911
Patience remaining: 20/50
  --------------------------------------------------
DEBUG: Evaluate function - 80 predictions, 80 targets
DEBUG: Unique predictions: [0], Unique targets: [0 1]

Epoch  32/500 Summary:
  Train Loss: 0.6984 | Train Acc: 45.36%
  Val Acc: 50.00% | LR: 0.009905
Patience remaining: 19/50
  --------------------------------------------------
DEBUG: Evaluate function - 80 predictions, 80 targets
DEBUG: Unique predictions: [1], Unique targets: [0 1]

Epoch  33/500 Summary:
  Train Loss: 0.6928 | Train Acc: 51.07%
  Val Acc: 50.00% | LR: 0.009899
Patience remaining: 18/50
  --------------------------------------------------
DEBUG: Evaluate function - 80 predictions, 80 targets
DEBUG: Unique predictions: [0], Unique targets: [0 1]

Epoch  34/500 Summary:
  Train Loss: 0.6941 | Train Acc: 50.00%
  Val Acc: 50.00% | LR: 0.009893
Patience remaining: 17/50
  --------------------------------------------------
DEBUG: Evaluate function - 80 predictions, 80 targets
DEBUG: Unique predictions: [0], Unique targets: [0 1]

Epoch  35/500 Summary:
  Train Loss: 0.6963 | Train Acc: 50.36%
  Val Acc: 50.00% | LR: 0.009886
Patience remaining: 16/50
  --------------------------------------------------
DEBUG: Evaluate function - 80 predictions, 80 targets
DEBUG: Unique predictions: [1], Unique targets: [0 1]

Epoch  36/500 Summary:
  Train Loss: 0.6927 | Train Acc: 51.79%
  Val Acc: 50.00% | LR: 0.009880
Patience remaining: 15/50
  --------------------------------------------------
DEBUG: Evaluate function - 80 predictions, 80 targets
DEBUG: Unique predictions: [1], Unique targets: [0 1]

Epoch  37/500 Summary:
  Train Loss: 0.6936 | Train Acc: 50.00%
  Val Acc: 50.00% | LR: 0.009873
Patience remaining: 14/50
  --------------------------------------------------
DEBUG: Evaluate function - 80 predictions, 80 targets
DEBUG: Unique predictions: [1], Unique targets: [0 1]

Epoch  38/500 Summary:
  Train Loss: 0.6938 | Train Acc: 50.00%
  Val Acc: 50.00% | LR: 0.009865
Patience remaining: 13/50
  --------------------------------------------------
DEBUG: Evaluate function - 80 predictions, 80 targets
DEBUG: Unique predictions: [0], Unique targets: [0 1]

Epoch  39/500 Summary:
  Train Loss: 0.6934 | Train Acc: 50.18%
  Val Acc: 50.00% | LR: 0.009858
Patience remaining: 12/50
  --------------------------------------------------
DEBUG: Evaluate function - 80 predictions, 80 targets
DEBUG: Unique predictions: [0], Unique targets: [0 1]

Epoch  40/500 Summary:
  Train Loss: 0.6928 | Train Acc: 50.00%
  Val Acc: 50.00% | LR: 0.009851
Patience remaining: 11/50
  --------------------------------------------------
DEBUG: Evaluate function - 80 predictions, 80 targets
DEBUG: Unique predictions: [1], Unique targets: [0 1]

Epoch  41/500 Summary:
  Train Loss: 0.6934 | Train Acc: 48.21%
  Val Acc: 50.00% | LR: 0.009843
Patience remaining: 10/50
  --------------------------------------------------
DEBUG: Evaluate function - 80 predictions, 80 targets
DEBUG: Unique predictions: [1], Unique targets: [0 1]

Epoch  42/500 Summary:
  Train Loss: 0.6963 | Train Acc: 50.36%
  Val Acc: 50.00% | LR: 0.009835
Patience remaining: 9/50
  --------------------------------------------------
DEBUG: Evaluate function - 80 predictions, 80 targets
DEBUG: Unique predictions: [0], Unique targets: [0 1]

Epoch  43/500 Summary:
  Train Loss: 0.6920 | Train Acc: 50.89%
  Val Acc: 50.00% | LR: 0.009827
Patience remaining: 8/50
  --------------------------------------------------
DEBUG: Evaluate function - 80 predictions, 80 targets
DEBUG: Unique predictions: [0], Unique targets: [0 1]

Epoch  44/500 Summary:
  Train Loss: 0.6957 | Train Acc: 50.00%
  Val Acc: 50.00% | LR: 0.009819
Patience remaining: 7/50
  --------------------------------------------------
DEBUG: Evaluate function - 80 predictions, 80 targets
DEBUG: Unique predictions: [1], Unique targets: [0 1]

Epoch  45/500 Summary:
  Train Loss: 0.6940 | Train Acc: 51.79%
  Val Acc: 50.00% | LR: 0.009810
Patience remaining: 6/50
  --------------------------------------------------
DEBUG: Evaluate function - 80 predictions, 80 targets
DEBUG: Unique predictions: [1], Unique targets: [0 1]

Epoch  46/500 Summary:
  Train Loss: 0.6929 | Train Acc: 50.36%
  Val Acc: 50.00% | LR: 0.009801
Patience remaining: 5/50
  --------------------------------------------------
DEBUG: Evaluate function - 80 predictions, 80 targets
DEBUG: Unique predictions: [0 1], Unique targets: [0 1]

Epoch  47/500 Summary:
  Train Loss: 0.6931 | Train Acc: 50.36%
  Val Acc: 66.25% | LR: 0.009793
New best validation accuracy!
  --------------------------------------------------
DEBUG: Evaluate function - 80 predictions, 80 targets
DEBUG: Unique predictions: [0], Unique targets: [0 1]

Epoch  48/500 Summary:
  Train Loss: 0.6931 | Train Acc: 50.71%
  Val Acc: 50.00% | LR: 0.009784
Patience remaining: 49/50
  --------------------------------------------------
DEBUG: Evaluate function - 80 predictions, 80 targets
DEBUG: Unique predictions: [0], Unique targets: [0 1]

Epoch  49/500 Summary:
  Train Loss: 0.6937 | Train Acc: 50.00%
  Val Acc: 50.00% | LR: 0.009774
Patience remaining: 48/50
  --------------------------------------------------
DEBUG: Evaluate function - 80 predictions, 80 targets
DEBUG: Unique predictions: [1], Unique targets: [0 1]

Epoch  50/500 Summary:
  Train Loss: 0.6936 | Train Acc: 47.14%
  Val Acc: 50.00% | LR: 0.009765
Patience remaining: 47/50
  --------------------------------------------------
DEBUG: Evaluate function - 80 predictions, 80 targets
DEBUG: Unique predictions: [1], Unique targets: [0 1]

Epoch  51/500 Summary:
  Train Loss: 0.6941 | Train Acc: 49.82%
  Val Acc: 50.00% | LR: 0.009755
Patience remaining: 46/50
  --------------------------------------------------
DEBUG: Evaluate function - 80 predictions, 80 targets
DEBUG: Unique predictions: [0], Unique targets: [0 1]

Epoch  52/500 Summary:
  Train Loss: 0.6925 | Train Acc: 50.36%
  Val Acc: 50.00% | LR: 0.009745
Patience remaining: 45/50
  --------------------------------------------------
DEBUG: Evaluate function - 80 predictions, 80 targets
DEBUG: Unique predictions: [0], Unique targets: [0 1]

Epoch  53/500 Summary:
  Train Loss: 0.6963 | Train Acc: 50.00%
  Val Acc: 50.00% | LR: 0.009735
Patience remaining: 44/50
  --------------------------------------------------
DEBUG: Evaluate function - 80 predictions, 80 targets
DEBUG: Unique predictions: [1], Unique targets: [0 1]

Epoch  54/500 Summary:
  Train Loss: 0.6908 | Train Acc: 53.57%
  Val Acc: 50.00% | LR: 0.009725
Patience remaining: 43/50
  --------------------------------------------------
DEBUG: Evaluate function - 80 predictions, 80 targets
DEBUG: Unique predictions: [1], Unique targets: [0 1]

Epoch  55/500 Summary:
  Train Loss: 0.6977 | Train Acc: 50.00%
  Val Acc: 50.00% | LR: 0.009715
Patience remaining: 42/50
  --------------------------------------------------
DEBUG: Evaluate function - 80 predictions, 80 targets
DEBUG: Unique predictions: [0], Unique targets: [0 1]

Epoch  56/500 Summary:
  Train Loss: 0.6923 | Train Acc: 51.25%
  Val Acc: 50.00% | LR: 0.009704
Patience remaining: 41/50
  --------------------------------------------------
DEBUG: Evaluate function - 80 predictions, 80 targets
DEBUG: Unique predictions: [0], Unique targets: [0 1]

Epoch  57/500 Summary:
  Train Loss: 0.6947 | Train Acc: 50.00%
  Val Acc: 50.00% | LR: 0.009694
Patience remaining: 40/50
  --------------------------------------------------
DEBUG: Evaluate function - 80 predictions, 80 targets
DEBUG: Unique predictions: [1], Unique targets: [0 1]

Epoch  58/500 Summary:
  Train Loss: 0.6944 | Train Acc: 45.36%
  Val Acc: 50.00% | LR: 0.009683
Patience remaining: 39/50
  --------------------------------------------------
DEBUG: Evaluate function - 80 predictions, 80 targets
DEBUG: Unique predictions: [1], Unique targets: [0 1]

Epoch  59/500 Summary:
  Train Loss: 0.6936 | Train Acc: 50.18%
  Val Acc: 50.00% | LR: 0.009672
Patience remaining: 38/50
  --------------------------------------------------
DEBUG: Evaluate function - 80 predictions, 80 targets
DEBUG: Unique predictions: [0], Unique targets: [0 1]

Epoch  60/500 Summary:
  Train Loss: 0.6926 | Train Acc: 51.61%
  Val Acc: 50.00% | LR: 0.009660
Patience remaining: 37/50
  --------------------------------------------------
DEBUG: Evaluate function - 80 predictions, 80 targets
DEBUG: Unique predictions: [0], Unique targets: [0 1]

Epoch  61/500 Summary:
  Train Loss: 0.6930 | Train Acc: 49.64%
  Val Acc: 50.00% | LR: 0.009649
Patience remaining: 36/50
  --------------------------------------------------
DEBUG: Evaluate function - 80 predictions, 80 targets
DEBUG: Unique predictions: [0 1], Unique targets: [0 1]

Epoch  62/500 Summary:
  Train Loss: 0.6935 | Train Acc: 50.00%
  Val Acc: 61.25% | LR: 0.009637
Patience remaining: 35/50
  --------------------------------------------------
DEBUG: Evaluate function - 80 predictions, 80 targets
DEBUG: Unique predictions: [0 1], Unique targets: [0 1]

Epoch  63/500 Summary:
  Train Loss: 0.6924 | Train Acc: 51.25%
  Val Acc: 57.50% | LR: 0.009625
Patience remaining: 34/50
  --------------------------------------------------
DEBUG: Evaluate function - 80 predictions, 80 targets
DEBUG: Unique predictions: [0 1], Unique targets: [0 1]

Epoch  64/500 Summary:
  Train Loss: 0.6927 | Train Acc: 51.07%
  Val Acc: 60.00% | LR: 0.009613
Patience remaining: 33/50
  --------------------------------------------------
DEBUG: Evaluate function - 80 predictions, 80 targets
DEBUG: Unique predictions: [0 1], Unique targets: [0 1]

Epoch  65/500 Summary:
  Train Loss: 0.6902 | Train Acc: 52.50%
  Val Acc: 60.00% | LR: 0.009601
Patience remaining: 32/50
  --------------------------------------------------
DEBUG: Evaluate function - 80 predictions, 80 targets
DEBUG: Unique predictions: [0 1], Unique targets: [0 1]

Epoch  66/500 Summary:
  Train Loss: 0.6912 | Train Acc: 53.57%
  Val Acc: 62.50% | LR: 0.009589
Patience remaining: 31/50
  --------------------------------------------------
DEBUG: Evaluate function - 80 predictions, 80 targets
DEBUG: Unique predictions: [0 1], Unique targets: [0 1]

Epoch  67/500 Summary:
  Train Loss: 0.6912 | Train Acc: 52.68%
  Val Acc: 63.75% | LR: 0.009576
Patience remaining: 30/50
  --------------------------------------------------
DEBUG: Evaluate function - 80 predictions, 80 targets
DEBUG: Unique predictions: [0 1], Unique targets: [0 1]

Epoch  68/500 Summary:
  Train Loss: 0.6872 | Train Acc: 52.32%
  Val Acc: 60.00% | LR: 0.009563
Patience remaining: 29/50
  --------------------------------------------------
DEBUG: Evaluate function - 80 predictions, 80 targets
DEBUG: Unique predictions: [0 1], Unique targets: [0 1]

Epoch  69/500 Summary:
  Train Loss: 0.6875 | Train Acc: 56.07%
  Val Acc: 58.75% | LR: 0.009551
Patience remaining: 28/50
  --------------------------------------------------
DEBUG: Evaluate function - 80 predictions, 80 targets
DEBUG: Unique predictions: [0 1], Unique targets: [0 1]

Epoch  70/500 Summary:
  Train Loss: 0.6880 | Train Acc: 58.57%
  Val Acc: 55.00% | LR: 0.009537
Patience remaining: 27/50
  --------------------------------------------------
DEBUG: Evaluate function - 80 predictions, 80 targets
DEBUG: Unique predictions: [0 1], Unique targets: [0 1]

Epoch  71/500 Summary:
  Train Loss: 0.6881 | Train Acc: 55.36%
  Val Acc: 58.75% | LR: 0.009524
Patience remaining: 26/50
  --------------------------------------------------
DEBUG: Evaluate function - 80 predictions, 80 targets
DEBUG: Unique predictions: [0 1], Unique targets: [0 1]

Epoch  72/500 Summary:
  Train Loss: 0.6900 | Train Acc: 54.64%
  Val Acc: 61.25% | LR: 0.009511
Patience remaining: 25/50
  --------------------------------------------------
DEBUG: Evaluate function - 80 predictions, 80 targets
DEBUG: Unique predictions: [0 1], Unique targets: [0 1]

Epoch  73/500 Summary:
  Train Loss: 0.6815 | Train Acc: 58.21%
  Val Acc: 61.25% | LR: 0.009497
Patience remaining: 24/50
  --------------------------------------------------
DEBUG: Evaluate function - 80 predictions, 80 targets
DEBUG: Unique predictions: [0 1], Unique targets: [0 1]

Epoch  74/500 Summary:
  Train Loss: 0.6774 | Train Acc: 59.64%
  Val Acc: 66.25% | LR: 0.009483
Patience remaining: 23/50
  --------------------------------------------------
DEBUG: Evaluate function - 80 predictions, 80 targets
DEBUG: Unique predictions: [0 1], Unique targets: [0 1]

Epoch  75/500 Summary:
  Train Loss: 0.6584 | Train Acc: 63.57%
  Val Acc: 71.25% | LR: 0.009469
New best validation accuracy!
  --------------------------------------------------
DEBUG: Evaluate function - 80 predictions, 80 targets
DEBUG: Unique predictions: [0 1], Unique targets: [0 1]

Epoch  76/500 Summary:
  Train Loss: 0.6574 | Train Acc: 63.04%
  Val Acc: 66.25% | LR: 0.009455
Patience remaining: 49/50
  --------------------------------------------------
DEBUG: Evaluate function - 80 predictions, 80 targets
DEBUG: Unique predictions: [0 1], Unique targets: [0 1]

Epoch  77/500 Summary:
  Train Loss: 0.6562 | Train Acc: 61.79%
  Val Acc: 61.25% | LR: 0.009441
Patience remaining: 48/50
  --------------------------------------------------
DEBUG: Evaluate function - 80 predictions, 80 targets
DEBUG: Unique predictions: [0 1], Unique targets: [0 1]

Epoch  78/500 Summary:
  Train Loss: 0.6487 | Train Acc: 62.68%
  Val Acc: 66.25% | LR: 0.009426
Patience remaining: 47/50
  --------------------------------------------------
DEBUG: Evaluate function - 80 predictions, 80 targets
DEBUG: Unique predictions: [0 1], Unique targets: [0 1]

Epoch  79/500 Summary:
  Train Loss: 0.6640 | Train Acc: 61.79%
  Val Acc: 65.00% | LR: 0.009411
Patience remaining: 46/50
  --------------------------------------------------
DEBUG: Evaluate function - 80 predictions, 80 targets
DEBUG: Unique predictions: [0 1], Unique targets: [0 1]

Epoch  80/500 Summary:
  Train Loss: 0.6438 | Train Acc: 65.18%
  Val Acc: 68.75% | LR: 0.009397
Patience remaining: 45/50
  --------------------------------------------------
DEBUG: Evaluate function - 80 predictions, 80 targets
DEBUG: Unique predictions: [0 1], Unique targets: [0 1]

Epoch  81/500 Summary:
  Train Loss: 0.6299 | Train Acc: 65.71%
  Val Acc: 72.50% | LR: 0.009382
New best validation accuracy!
  --------------------------------------------------
DEBUG: Evaluate function - 80 predictions, 80 targets
DEBUG: Unique predictions: [0 1], Unique targets: [0 1]

Epoch  82/500 Summary:
  Train Loss: 0.6281 | Train Acc: 66.61%
  Val Acc: 60.00% | LR: 0.009366
Patience remaining: 49/50
  --------------------------------------------------
DEBUG: Evaluate function - 80 predictions, 80 targets
DEBUG: Unique predictions: [0 1], Unique targets: [0 1]

Epoch  83/500 Summary:
  Train Loss: 0.6289 | Train Acc: 66.79%
  Val Acc: 63.75% | LR: 0.009351
Patience remaining: 48/50
  --------------------------------------------------
DEBUG: Evaluate function - 80 predictions, 80 targets
DEBUG: Unique predictions: [0 1], Unique targets: [0 1]

Epoch  84/500 Summary:
  Train Loss: 0.6442 | Train Acc: 64.11%
  Val Acc: 58.75% | LR: 0.009335
Patience remaining: 47/50
  --------------------------------------------------
DEBUG: Evaluate function - 80 predictions, 80 targets
DEBUG: Unique predictions: [0 1], Unique targets: [0 1]

Epoch  85/500 Summary:
  Train Loss: 0.6616 | Train Acc: 60.89%
  Val Acc: 62.50% | LR: 0.009320
Patience remaining: 46/50
  --------------------------------------------------
DEBUG: Evaluate function - 80 predictions, 80 targets
DEBUG: Unique predictions: [0 1], Unique targets: [0 1]

Epoch  86/500 Summary:
  Train Loss: 0.6716 | Train Acc: 57.86%
  Val Acc: 70.00% | LR: 0.009304
Patience remaining: 45/50
  --------------------------------------------------
DEBUG: Evaluate function - 80 predictions, 80 targets
DEBUG: Unique predictions: [0 1], Unique targets: [0 1]

Epoch  87/500 Summary:
  Train Loss: 0.6370 | Train Acc: 65.54%
  Val Acc: 70.00% | LR: 0.009288
Patience remaining: 44/50
  --------------------------------------------------
DEBUG: Evaluate function - 80 predictions, 80 targets
DEBUG: Unique predictions: [0 1], Unique targets: [0 1]

Epoch  88/500 Summary:
  Train Loss: 0.6230 | Train Acc: 68.04%
  Val Acc: 60.00% | LR: 0.009271
Patience remaining: 43/50
  --------------------------------------------------
DEBUG: Evaluate function - 80 predictions, 80 targets
DEBUG: Unique predictions: [0 1], Unique targets: [0 1]

Epoch  89/500 Summary:
  Train Loss: 0.6129 | Train Acc: 68.93%
  Val Acc: 72.50% | LR: 0.009255
Patience remaining: 42/50
  --------------------------------------------------
DEBUG: Evaluate function - 80 predictions, 80 targets
DEBUG: Unique predictions: [0 1], Unique targets: [0 1]

Epoch  90/500 Summary:
  Train Loss: 0.6036 | Train Acc: 70.54%
  Val Acc: 66.25% | LR: 0.009238
Patience remaining: 41/50
  --------------------------------------------------
DEBUG: Evaluate function - 80 predictions, 80 targets
DEBUG: Unique predictions: [0 1], Unique targets: [0 1]

Epoch  91/500 Summary:
  Train Loss: 0.6070 | Train Acc: 67.32%
  Val Acc: 72.50% | LR: 0.009222
Patience remaining: 40/50
  --------------------------------------------------
DEBUG: Evaluate function - 80 predictions, 80 targets
DEBUG: Unique predictions: [0 1], Unique targets: [0 1]

Epoch  92/500 Summary:
  Train Loss: 0.5926 | Train Acc: 71.07%
  Val Acc: 71.25% | LR: 0.009205
Patience remaining: 39/50
  --------------------------------------------------
DEBUG: Evaluate function - 80 predictions, 80 targets
DEBUG: Unique predictions: [0 1], Unique targets: [0 1]

Epoch  93/500 Summary:
  Train Loss: 0.6179 | Train Acc: 66.79%
  Val Acc: 70.00% | LR: 0.009188
Patience remaining: 38/50
  --------------------------------------------------
DEBUG: Evaluate function - 80 predictions, 80 targets
DEBUG: Unique predictions: [0 1], Unique targets: [0 1]

Epoch  94/500 Summary:
  Train Loss: 0.5930 | Train Acc: 69.64%
  Val Acc: 70.00% | LR: 0.009170
Patience remaining: 37/50
  --------------------------------------------------
DEBUG: Evaluate function - 80 predictions, 80 targets
DEBUG: Unique predictions: [0 1], Unique targets: [0 1]

Epoch  95/500 Summary:
  Train Loss: 0.5804 | Train Acc: 72.68%
  Val Acc: 75.00% | LR: 0.009153
New best validation accuracy!
  --------------------------------------------------
DEBUG: Evaluate function - 80 predictions, 80 targets
DEBUG: Unique predictions: [0 1], Unique targets: [0 1]

Epoch  96/500 Summary:
  Train Loss: 0.5792 | Train Acc: 71.07%
  Val Acc: 66.25% | LR: 0.009135
Patience remaining: 49/50
  --------------------------------------------------
DEBUG: Evaluate function - 80 predictions, 80 targets
DEBUG: Unique predictions: [0 1], Unique targets: [0 1]

Epoch  97/500 Summary:
  Train Loss: 0.5712 | Train Acc: 72.86%
  Val Acc: 66.25% | LR: 0.009118
Patience remaining: 48/50
  --------------------------------------------------
DEBUG: Evaluate function - 80 predictions, 80 targets
DEBUG: Unique predictions: [0 1], Unique targets: [0 1]

Epoch  98/500 Summary:
  Train Loss: 0.5475 | Train Acc: 73.93%
  Val Acc: 73.75% | LR: 0.009100
Patience remaining: 47/50
  --------------------------------------------------
DEBUG: Evaluate function - 80 predictions, 80 targets
DEBUG: Unique predictions: [0 1], Unique targets: [0 1]

Epoch  99/500 Summary:
  Train Loss: 0.5822 | Train Acc: 68.57%
  Val Acc: 60.00% | LR: 0.009082
Patience remaining: 46/50
  --------------------------------------------------
DEBUG: Evaluate function - 80 predictions, 80 targets
DEBUG: Unique predictions: [0 1], Unique targets: [0 1]

Epoch 100/500 Summary:
  Train Loss: 0.5586 | Train Acc: 74.29%
  Val Acc: 68.75% | LR: 0.009063
Patience remaining: 45/50
  --------------------------------------------------
DEBUG: Evaluate function - 80 predictions, 80 targets
DEBUG: Unique predictions: [0 1], Unique targets: [0 1]

Epoch 101/500 Summary:
  Train Loss: 0.5549 | Train Acc: 71.61%
  Val Acc: 68.75% | LR: 0.009045
Patience remaining: 44/50
  --------------------------------------------------
DEBUG: Evaluate function - 80 predictions, 80 targets
DEBUG: Unique predictions: [0 1], Unique targets: [0 1]

Epoch 102/500 Summary:
  Train Loss: 0.5749 | Train Acc: 73.04%
  Val Acc: 70.00% | LR: 0.009027
Patience remaining: 43/50
  --------------------------------------------------
DEBUG: Evaluate function - 80 predictions, 80 targets
DEBUG: Unique predictions: [0 1], Unique targets: [0 1]

Epoch 103/500 Summary:
  Train Loss: 0.5453 | Train Acc: 75.71%
  Val Acc: 66.25% | LR: 0.009008
Patience remaining: 42/50
  --------------------------------------------------
DEBUG: Evaluate function - 80 predictions, 80 targets
DEBUG: Unique predictions: [0 1], Unique targets: [0 1]

Epoch 104/500 Summary:
  Train Loss: 0.5298 | Train Acc: 73.39%
  Val Acc: 70.00% | LR: 0.008989
Patience remaining: 41/50
  --------------------------------------------------
DEBUG: Evaluate function - 80 predictions, 80 targets
DEBUG: Unique predictions: [0 1], Unique targets: [0 1]

Epoch 105/500 Summary:
  Train Loss: 0.5885 | Train Acc: 69.46%
  Val Acc: 71.25% | LR: 0.008970
Patience remaining: 40/50
  --------------------------------------------------
DEBUG: Evaluate function - 80 predictions, 80 targets
DEBUG: Unique predictions: [0 1], Unique targets: [0 1]

Epoch 106/500 Summary:
  Train Loss: 0.5729 | Train Acc: 71.07%
  Val Acc: 68.75% | LR: 0.008951
Patience remaining: 39/50
  --------------------------------------------------
DEBUG: Evaluate function - 80 predictions, 80 targets
DEBUG: Unique predictions: [0 1], Unique targets: [0 1]

Epoch 107/500 Summary:
  Train Loss: 0.5510 | Train Acc: 75.18%
  Val Acc: 70.00% | LR: 0.008931
Patience remaining: 38/50
  --------------------------------------------------
DEBUG: Evaluate function - 80 predictions, 80 targets
DEBUG: Unique predictions: [0 1], Unique targets: [0 1]

Epoch 108/500 Summary:
  Train Loss: 0.5289 | Train Acc: 73.93%
  Val Acc: 70.00% | LR: 0.008912
Patience remaining: 37/50
  --------------------------------------------------
DEBUG: Evaluate function - 80 predictions, 80 targets
DEBUG: Unique predictions: [0 1], Unique targets: [0 1]

Epoch 109/500 Summary:
  Train Loss: 0.5056 | Train Acc: 76.79%
  Val Acc: 73.75% | LR: 0.008892
Patience remaining: 36/50
  --------------------------------------------------
DEBUG: Evaluate function - 80 predictions, 80 targets
DEBUG: Unique predictions: [0 1], Unique targets: [0 1]

Epoch 110/500 Summary:
  Train Loss: 0.5520 | Train Acc: 74.11%
  Val Acc: 66.25% | LR: 0.008873
Patience remaining: 35/50
  --------------------------------------------------
DEBUG: Evaluate function - 80 predictions, 80 targets
DEBUG: Unique predictions: [0 1], Unique targets: [0 1]

Epoch 111/500 Summary:
  Train Loss: 0.5183 | Train Acc: 74.11%
  Val Acc: 62.50% | LR: 0.008853
Patience remaining: 34/50
  --------------------------------------------------
DEBUG: Evaluate function - 80 predictions, 80 targets
DEBUG: Unique predictions: [0 1], Unique targets: [0 1]

Epoch 112/500 Summary:
  Train Loss: 0.5222 | Train Acc: 76.07%
  Val Acc: 76.25% | LR: 0.008832
New best validation accuracy!
  --------------------------------------------------
DEBUG: Evaluate function - 80 predictions, 80 targets
DEBUG: Unique predictions: [0 1], Unique targets: [0 1]

Epoch 113/500 Summary:
  Train Loss: 0.5104 | Train Acc: 77.86%
  Val Acc: 66.25% | LR: 0.008812
Patience remaining: 49/50
  --------------------------------------------------
DEBUG: Evaluate function - 80 predictions, 80 targets
DEBUG: Unique predictions: [0 1], Unique targets: [0 1]

Epoch 114/500 Summary:
  Train Loss: 0.5349 | Train Acc: 75.00%
  Val Acc: 73.75% | LR: 0.008792
Patience remaining: 48/50
  --------------------------------------------------
DEBUG: Evaluate function - 80 predictions, 80 targets
DEBUG: Unique predictions: [0 1], Unique targets: [0 1]

Epoch 115/500 Summary:
  Train Loss: 0.5207 | Train Acc: 76.61%
  Val Acc: 70.00% | LR: 0.008771
Patience remaining: 47/50
  --------------------------------------------------
DEBUG: Evaluate function - 80 predictions, 80 targets
DEBUG: Unique predictions: [0 1], Unique targets: [0 1]

Epoch 116/500 Summary:
  Train Loss: 0.5248 | Train Acc: 75.36%
  Val Acc: 61.25% | LR: 0.008751
Patience remaining: 46/50
  --------------------------------------------------
DEBUG: Evaluate function - 80 predictions, 80 targets
DEBUG: Unique predictions: [0 1], Unique targets: [0 1]

Epoch 117/500 Summary:
  Train Loss: 0.5395 | Train Acc: 73.93%
  Val Acc: 71.25% | LR: 0.008730
Patience remaining: 45/50
  --------------------------------------------------
DEBUG: Evaluate function - 80 predictions, 80 targets
DEBUG: Unique predictions: [0 1], Unique targets: [0 1]

Epoch 118/500 Summary:
  Train Loss: 0.5407 | Train Acc: 73.75%
  Val Acc: 66.25% | LR: 0.008709
Patience remaining: 44/50
  --------------------------------------------------
DEBUG: Evaluate function - 80 predictions, 80 targets
DEBUG: Unique predictions: [0 1], Unique targets: [0 1]

Epoch 119/500 Summary:
  Train Loss: 0.5206 | Train Acc: 76.43%
  Val Acc: 72.50% | LR: 0.008688
Patience remaining: 43/50
  --------------------------------------------------
DEBUG: Evaluate function - 80 predictions, 80 targets
DEBUG: Unique predictions: [0 1], Unique targets: [0 1]

Epoch 120/500 Summary:
  Train Loss: 0.5080 | Train Acc: 75.54%
  Val Acc: 68.75% | LR: 0.008666
Patience remaining: 42/50
  --------------------------------------------------
DEBUG: Evaluate function - 80 predictions, 80 targets
DEBUG: Unique predictions: [0 1], Unique targets: [0 1]

Epoch 121/500 Summary:
  Train Loss: 0.5013 | Train Acc: 76.79%
  Val Acc: 70.00% | LR: 0.008645
Patience remaining: 41/50
  --------------------------------------------------
DEBUG: Evaluate function - 80 predictions, 80 targets
DEBUG: Unique predictions: [0 1], Unique targets: [0 1]

Epoch 122/500 Summary:
  Train Loss: 0.5378 | Train Acc: 76.25%
  Val Acc: 61.25% | LR: 0.008623
Patience remaining: 40/50
  --------------------------------------------------
DEBUG: Evaluate function - 80 predictions, 80 targets
DEBUG: Unique predictions: [0 1], Unique targets: [0 1]

Epoch 123/500 Summary:
  Train Loss: 0.4941 | Train Acc: 78.04%
  Val Acc: 67.50% | LR: 0.008602
Patience remaining: 39/50
  --------------------------------------------------
DEBUG: Evaluate function - 80 predictions, 80 targets
DEBUG: Unique predictions: [0 1], Unique targets: [0 1]

Epoch 124/500 Summary:
  Train Loss: 0.4998 | Train Acc: 78.21%
  Val Acc: 70.00% | LR: 0.008580
Patience remaining: 38/50
  --------------------------------------------------
DEBUG: Evaluate function - 80 predictions, 80 targets
DEBUG: Unique predictions: [0 1], Unique targets: [0 1]

Epoch 125/500 Summary:
  Train Loss: 0.5016 | Train Acc: 77.14%
  Val Acc: 70.00% | LR: 0.008558
Patience remaining: 37/50
  --------------------------------------------------
DEBUG: Evaluate function - 80 predictions, 80 targets
DEBUG: Unique predictions: [0 1], Unique targets: [0 1]

Epoch 126/500 Summary:
  Train Loss: 0.4844 | Train Acc: 78.57%
  Val Acc: 73.75% | LR: 0.008536
Patience remaining: 36/50
  --------------------------------------------------
DEBUG: Evaluate function - 80 predictions, 80 targets
DEBUG: Unique predictions: [0 1], Unique targets: [0 1]

Epoch 127/500 Summary:
  Train Loss: 0.4956 | Train Acc: 78.39%
  Val Acc: 71.25% | LR: 0.008513
Patience remaining: 35/50
  --------------------------------------------------
DEBUG: Evaluate function - 80 predictions, 80 targets
DEBUG: Unique predictions: [0 1], Unique targets: [0 1]

Epoch 128/500 Summary:
  Train Loss: 0.4607 | Train Acc: 80.36%
  Val Acc: 67.50% | LR: 0.008491
Patience remaining: 34/50
  --------------------------------------------------
DEBUG: Evaluate function - 80 predictions, 80 targets
DEBUG: Unique predictions: [0 1], Unique targets: [0 1]

Epoch 129/500 Summary:
  Train Loss: 0.4851 | Train Acc: 77.14%
  Val Acc: 72.50% | LR: 0.008468
Patience remaining: 33/50
  --------------------------------------------------
DEBUG: Evaluate function - 80 predictions, 80 targets
DEBUG: Unique predictions: [0 1], Unique targets: [0 1]

Epoch 130/500 Summary:
  Train Loss: 0.4731 | Train Acc: 78.39%
  Val Acc: 70.00% | LR: 0.008446
Patience remaining: 32/50
  --------------------------------------------------
DEBUG: Evaluate function - 80 predictions, 80 targets
DEBUG: Unique predictions: [0 1], Unique targets: [0 1]

Epoch 131/500 Summary:
  Train Loss: 0.4741 | Train Acc: 77.68%
  Val Acc: 73.75% | LR: 0.008423
Patience remaining: 31/50
  --------------------------------------------------
DEBUG: Evaluate function - 80 predictions, 80 targets
DEBUG: Unique predictions: [0 1], Unique targets: [0 1]

Epoch 132/500 Summary:
  Train Loss: 0.4470 | Train Acc: 80.54%
  Val Acc: 72.50% | LR: 0.008400
Patience remaining: 30/50
  --------------------------------------------------
DEBUG: Evaluate function - 80 predictions, 80 targets
DEBUG: Unique predictions: [0 1], Unique targets: [0 1]

Epoch 133/500 Summary:
  Train Loss: 0.4542 | Train Acc: 79.64%
  Val Acc: 65.00% | LR: 0.008377
Patience remaining: 29/50
  --------------------------------------------------
DEBUG: Evaluate function - 80 predictions, 80 targets
DEBUG: Unique predictions: [0 1], Unique targets: [0 1]

Epoch 134/500 Summary:
  Train Loss: 0.4642 | Train Acc: 80.36%
  Val Acc: 63.75% | LR: 0.008353
Patience remaining: 28/50
  --------------------------------------------------
DEBUG: Evaluate function - 80 predictions, 80 targets
DEBUG: Unique predictions: [0 1], Unique targets: [0 1]

Epoch 135/500 Summary:
  Train Loss: 0.4750 | Train Acc: 79.46%
  Val Acc: 73.75% | LR: 0.008330
Patience remaining: 27/50
  --------------------------------------------------
DEBUG: Evaluate function - 80 predictions, 80 targets
DEBUG: Unique predictions: [0 1], Unique targets: [0 1]

Epoch 136/500 Summary:
  Train Loss: 0.4325 | Train Acc: 80.18%
  Val Acc: 75.00% | LR: 0.008307
Patience remaining: 26/50
  --------------------------------------------------
DEBUG: Evaluate function - 80 predictions, 80 targets
DEBUG: Unique predictions: [0 1], Unique targets: [0 1]

Epoch 137/500 Summary:
  Train Loss: 0.4369 | Train Acc: 80.36%
  Val Acc: 70.00% | LR: 0.008283
Patience remaining: 25/50
  --------------------------------------------------
DEBUG: Evaluate function - 80 predictions, 80 targets
DEBUG: Unique predictions: [0 1], Unique targets: [0 1]

Epoch 138/500 Summary:
  Train Loss: 0.4514 | Train Acc: 79.46%
  Val Acc: 72.50% | LR: 0.008259
Patience remaining: 24/50
  --------------------------------------------------
DEBUG: Evaluate function - 80 predictions, 80 targets
DEBUG: Unique predictions: [0 1], Unique targets: [0 1]

Epoch 139/500 Summary:
  Train Loss: 0.4149 | Train Acc: 82.86%
  Val Acc: 72.50% | LR: 0.008235
Patience remaining: 23/50
  --------------------------------------------------
DEBUG: Evaluate function - 80 predictions, 80 targets
DEBUG: Unique predictions: [0 1], Unique targets: [0 1]

Epoch 140/500 Summary:
  Train Loss: 0.4201 | Train Acc: 81.96%
  Val Acc: 67.50% | LR: 0.008211
Patience remaining: 22/50
  --------------------------------------------------
DEBUG: Evaluate function - 80 predictions, 80 targets
DEBUG: Unique predictions: [0 1], Unique targets: [0 1]

Epoch 141/500 Summary:
  Train Loss: 0.4380 | Train Acc: 80.71%
  Val Acc: 70.00% | LR: 0.008187
Patience remaining: 21/50
  --------------------------------------------------
DEBUG: Evaluate function - 80 predictions, 80 targets
DEBUG: Unique predictions: [0 1], Unique targets: [0 1]

Epoch 142/500 Summary:
  Train Loss: 0.4362 | Train Acc: 79.82%
  Val Acc: 71.25% | LR: 0.008163
Patience remaining: 20/50
  --------------------------------------------------
DEBUG: Evaluate function - 80 predictions, 80 targets
DEBUG: Unique predictions: [0 1], Unique targets: [0 1]

Epoch 143/500 Summary:
  Train Loss: 0.4579 | Train Acc: 79.46%
  Val Acc: 70.00% | LR: 0.008138
Patience remaining: 19/50
  --------------------------------------------------
DEBUG: Evaluate function - 80 predictions, 80 targets
DEBUG: Unique predictions: [0 1], Unique targets: [0 1]

Epoch 144/500 Summary:
  Train Loss: 0.4624 | Train Acc: 78.21%
  Val Acc: 63.75% | LR: 0.008114
Patience remaining: 18/50
  --------------------------------------------------
DEBUG: Evaluate function - 80 predictions, 80 targets
DEBUG: Unique predictions: [0 1], Unique targets: [0 1]

Epoch 145/500 Summary:
  Train Loss: 0.4356 | Train Acc: 81.96%
  Val Acc: 72.50% | LR: 0.008089
Patience remaining: 17/50
  --------------------------------------------------
DEBUG: Evaluate function - 80 predictions, 80 targets
DEBUG: Unique predictions: [0 1], Unique targets: [0 1]

Epoch 146/500 Summary:
  Train Loss: 0.3918 | Train Acc: 85.18%
  Val Acc: 77.50% | LR: 0.008065
New best validation accuracy!
  --------------------------------------------------
DEBUG: Evaluate function - 80 predictions, 80 targets
DEBUG: Unique predictions: [0 1], Unique targets: [0 1]

Epoch 147/500 Summary:
  Train Loss: 0.4049 | Train Acc: 84.64%
  Val Acc: 71.25% | LR: 0.008040
Patience remaining: 49/50
  --------------------------------------------------
DEBUG: Evaluate function - 80 predictions, 80 targets
DEBUG: Unique predictions: [0 1], Unique targets: [0 1]

Epoch 148/500 Summary:
  Train Loss: 0.3853 | Train Acc: 83.39%
  Val Acc: 63.75% | LR: 0.008015
Patience remaining: 48/50
  --------------------------------------------------
DEBUG: Evaluate function - 80 predictions, 80 targets
DEBUG: Unique predictions: [0 1], Unique targets: [0 1]

Epoch 149/500 Summary:
  Train Loss: 0.4290 | Train Acc: 81.96%
  Val Acc: 68.75% | LR: 0.007990
Patience remaining: 47/50
  --------------------------------------------------
DEBUG: Evaluate function - 80 predictions, 80 targets
DEBUG: Unique predictions: [0 1], Unique targets: [0 1]

Epoch 150/500 Summary:
  Train Loss: 0.4204 | Train Acc: 83.21%
  Val Acc: 65.00% | LR: 0.007964
Patience remaining: 46/50
  --------------------------------------------------
DEBUG: Evaluate function - 80 predictions, 80 targets
DEBUG: Unique predictions: [0 1], Unique targets: [0 1]

Epoch 151/500 Summary:
  Train Loss: 0.4344 | Train Acc: 83.04%
  Val Acc: 70.00% | LR: 0.007939
Patience remaining: 45/50
  --------------------------------------------------
DEBUG: Evaluate function - 80 predictions, 80 targets
DEBUG: Unique predictions: [0 1], Unique targets: [0 1]

Epoch 152/500 Summary:
  Train Loss: 0.4489 | Train Acc: 80.00%
  Val Acc: 70.00% | LR: 0.007913
Patience remaining: 44/50
  --------------------------------------------------
DEBUG: Evaluate function - 80 predictions, 80 targets
DEBUG: Unique predictions: [0 1], Unique targets: [0 1]

Epoch 153/500 Summary:
  Train Loss: 0.3815 | Train Acc: 84.82%
  Val Acc: 72.50% | LR: 0.007888
Patience remaining: 43/50
  --------------------------------------------------
DEBUG: Evaluate function - 80 predictions, 80 targets
DEBUG: Unique predictions: [0 1], Unique targets: [0 1]

Epoch 154/500 Summary:
  Train Loss: 0.3568 | Train Acc: 85.00%
  Val Acc: 70.00% | LR: 0.007862
Patience remaining: 42/50
  --------------------------------------------------
DEBUG: Evaluate function - 80 predictions, 80 targets
DEBUG: Unique predictions: [0 1], Unique targets: [0 1]

Epoch 155/500 Summary:
  Train Loss: 0.3525 | Train Acc: 86.61%
  Val Acc: 71.25% | LR: 0.007836
Patience remaining: 41/50
  --------------------------------------------------
DEBUG: Evaluate function - 80 predictions, 80 targets
DEBUG: Unique predictions: [0 1], Unique targets: [0 1]

Epoch 156/500 Summary:
  Train Loss: 0.3877 | Train Acc: 84.29%
  Val Acc: 73.75% | LR: 0.007810
Patience remaining: 40/50
  --------------------------------------------------
DEBUG: Evaluate function - 80 predictions, 80 targets
DEBUG: Unique predictions: [0 1], Unique targets: [0 1]

Epoch 157/500 Summary:
  Train Loss: 0.4081 | Train Acc: 82.68%
  Val Acc: 61.25% | LR: 0.007784
Patience remaining: 39/50
  --------------------------------------------------
DEBUG: Evaluate function - 80 predictions, 80 targets
DEBUG: Unique predictions: [0 1], Unique targets: [0 1]

Epoch 158/500 Summary:
  Train Loss: 0.4597 | Train Acc: 80.00%
  Val Acc: 72.50% | LR: 0.007758
Patience remaining: 38/50
  --------------------------------------------------
DEBUG: Evaluate function - 80 predictions, 80 targets
DEBUG: Unique predictions: [0 1], Unique targets: [0 1]

Epoch 159/500 Summary:
  Train Loss: 0.4189 | Train Acc: 81.61%
  Val Acc: 62.50% | LR: 0.007732
Patience remaining: 37/50
  --------------------------------------------------
DEBUG: Evaluate function - 80 predictions, 80 targets
DEBUG: Unique predictions: [0 1], Unique targets: [0 1]

Epoch 160/500 Summary:
  Train Loss: 0.3698 | Train Acc: 84.82%
  Val Acc: 76.25% | LR: 0.007706
Patience remaining: 36/50
  --------------------------------------------------
DEBUG: Evaluate function - 80 predictions, 80 targets
DEBUG: Unique predictions: [0 1], Unique targets: [0 1]

Epoch 161/500 Summary:
  Train Loss: 0.3771 | Train Acc: 84.82%
  Val Acc: 72.50% | LR: 0.007679
Patience remaining: 35/50
  --------------------------------------------------
DEBUG: Evaluate function - 80 predictions, 80 targets
DEBUG: Unique predictions: [0 1], Unique targets: [0 1]

Epoch 162/500 Summary:
  Train Loss: 0.3756 | Train Acc: 85.89%
  Val Acc: 75.00% | LR: 0.007653
Patience remaining: 34/50
  --------------------------------------------------
DEBUG: Evaluate function - 80 predictions, 80 targets
DEBUG: Unique predictions: [0 1], Unique targets: [0 1]

Epoch 163/500 Summary:
  Train Loss: 0.3777 | Train Acc: 85.71%
  Val Acc: 77.50% | LR: 0.007626
Patience remaining: 33/50
  --------------------------------------------------
DEBUG: Evaluate function - 80 predictions, 80 targets
DEBUG: Unique predictions: [0 1], Unique targets: [0 1]

Epoch 164/500 Summary:
  Train Loss: 0.3343 | Train Acc: 87.68%
  Val Acc: 72.50% | LR: 0.007599
Patience remaining: 32/50
  --------------------------------------------------
DEBUG: Evaluate function - 80 predictions, 80 targets
DEBUG: Unique predictions: [0 1], Unique targets: [0 1]

Epoch 165/500 Summary:
  Train Loss: 0.3554 | Train Acc: 87.14%
  Val Acc: 73.75% | LR: 0.007572
Patience remaining: 31/50
  --------------------------------------------------
DEBUG: Evaluate function - 80 predictions, 80 targets
DEBUG: Unique predictions: [0 1], Unique targets: [0 1]

Epoch 166/500 Summary:
  Train Loss: 0.3333 | Train Acc: 87.68%
  Val Acc: 73.75% | LR: 0.007545
Patience remaining: 30/50
  --------------------------------------------------
DEBUG: Evaluate function - 80 predictions, 80 targets
DEBUG: Unique predictions: [0 1], Unique targets: [0 1]

Epoch 167/500 Summary:
  Train Loss: 0.3318 | Train Acc: 87.32%
  Val Acc: 66.25% | LR: 0.007518
Patience remaining: 29/50
  --------------------------------------------------
DEBUG: Evaluate function - 80 predictions, 80 targets
DEBUG: Unique predictions: [0 1], Unique targets: [0 1]

Epoch 168/500 Summary:
  Train Loss: 0.3520 | Train Acc: 84.64%
  Val Acc: 70.00% | LR: 0.007491
Patience remaining: 28/50
  --------------------------------------------------
DEBUG: Evaluate function - 80 predictions, 80 targets
DEBUG: Unique predictions: [0 1], Unique targets: [0 1]

Epoch 169/500 Summary:
  Train Loss: 0.3530 | Train Acc: 85.71%
  Val Acc: 72.50% | LR: 0.007464
Patience remaining: 27/50
  --------------------------------------------------
DEBUG: Evaluate function - 80 predictions, 80 targets
DEBUG: Unique predictions: [0 1], Unique targets: [0 1]

Epoch 170/500 Summary:
  Train Loss: 0.3249 | Train Acc: 87.50%
  Val Acc: 67.50% | LR: 0.007436
Patience remaining: 26/50
  --------------------------------------------------
DEBUG: Evaluate function - 80 predictions, 80 targets
DEBUG: Unique predictions: [0 1], Unique targets: [0 1]

Epoch 171/500 Summary:
  Train Loss: 0.3509 | Train Acc: 84.82%
  Val Acc: 70.00% | LR: 0.007409
Patience remaining: 25/50
  --------------------------------------------------
DEBUG: Evaluate function - 80 predictions, 80 targets
DEBUG: Unique predictions: [0 1], Unique targets: [0 1]

Epoch 172/500 Summary:
  Train Loss: 0.3261 | Train Acc: 86.25%
  Val Acc: 67.50% | LR: 0.007381
Patience remaining: 24/50
  --------------------------------------------------
DEBUG: Evaluate function - 80 predictions, 80 targets
DEBUG: Unique predictions: [0 1], Unique targets: [0 1]

Epoch 173/500 Summary:
  Train Loss: 0.3519 | Train Acc: 85.36%
  Val Acc: 72.50% | LR: 0.007354
Patience remaining: 23/50
  --------------------------------------------------
DEBUG: Evaluate function - 80 predictions, 80 targets
DEBUG: Unique predictions: [0 1], Unique targets: [0 1]

Epoch 174/500 Summary:
  Train Loss: 0.3509 | Train Acc: 86.96%
  Val Acc: 67.50% | LR: 0.007326
Patience remaining: 22/50
  --------------------------------------------------
DEBUG: Evaluate function - 80 predictions, 80 targets
DEBUG: Unique predictions: [0 1], Unique targets: [0 1]

Epoch 175/500 Summary:
  Train Loss: 0.3490 | Train Acc: 84.64%
  Val Acc: 70.00% | LR: 0.007298
Patience remaining: 21/50
  --------------------------------------------------
DEBUG: Evaluate function - 80 predictions, 80 targets2025-09-26 17:59:35 -     Test accuracy: 0.5938
2025-09-26 17:59:35 -   Fold 5/5
2025-09-26 17:59:35 -     Fold split: Train=560, Val=80

DEBUG: Unique predictions: [0 1], Unique targets: [0 1]

Epoch 176/500 Summary:
  Train Loss: 0.3652 | Train Acc: 83.93%
  Val Acc: 67.50% | LR: 0.007270
Patience remaining: 20/50
  --------------------------------------------------
DEBUG: Evaluate function - 80 predictions, 80 targets
DEBUG: Unique predictions: [0 1], Unique targets: [0 1]

Epoch 177/500 Summary:
  Train Loss: 0.3309 | Train Acc: 88.04%
  Val Acc: 67.50% | LR: 0.007242
Patience remaining: 19/50
  --------------------------------------------------
DEBUG: Evaluate function - 80 predictions, 80 targets
DEBUG: Unique predictions: [0 1], Unique targets: [0 1]

Epoch 178/500 Summary:
  Train Loss: 0.3248 | Train Acc: 88.21%
  Val Acc: 68.75% | LR: 0.007214
Patience remaining: 18/50
  --------------------------------------------------
DEBUG: Evaluate function - 80 predictions, 80 targets
DEBUG: Unique predictions: [0 1], Unique targets: [0 1]

Epoch 179/500 Summary:
  Train Loss: 0.3141 | Train Acc: 88.04%
  Val Acc: 70.00% | LR: 0.007186
Patience remaining: 17/50
  --------------------------------------------------
DEBUG: Evaluate function - 80 predictions, 80 targets
DEBUG: Unique predictions: [0 1], Unique targets: [0 1]

Epoch 180/500 Summary:
  Train Loss: 0.3199 | Train Acc: 87.32%
  Val Acc: 73.75% | LR: 0.007157
Patience remaining: 16/50
  --------------------------------------------------
DEBUG: Evaluate function - 80 predictions, 80 targets
DEBUG: Unique predictions: [0 1], Unique targets: [0 1]

Epoch 181/500 Summary:
  Train Loss: 0.2976 | Train Acc: 88.75%
  Val Acc: 67.50% | LR: 0.007129
Patience remaining: 15/50
  --------------------------------------------------
DEBUG: Evaluate function - 80 predictions, 80 targets
DEBUG: Unique predictions: [0 1], Unique targets: [0 1]

Epoch 182/500 Summary:
  Train Loss: 0.3226 | Train Acc: 87.50%
  Val Acc: 71.25% | LR: 0.007100
Patience remaining: 14/50
  --------------------------------------------------
DEBUG: Evaluate function - 80 predictions, 80 targets
DEBUG: Unique predictions: [0 1], Unique targets: [0 1]

Epoch 183/500 Summary:
  Train Loss: 0.3259 | Train Acc: 86.96%
  Val Acc: 65.00% | LR: 0.007072
Patience remaining: 13/50
  --------------------------------------------------
DEBUG: Evaluate function - 80 predictions, 80 targets
DEBUG: Unique predictions: [0 1], Unique targets: [0 1]

Epoch 184/500 Summary:
  Train Loss: 0.3173 | Train Acc: 88.04%
  Val Acc: 75.00% | LR: 0.007043
Patience remaining: 12/50
  --------------------------------------------------
DEBUG: Evaluate function - 80 predictions, 80 targets
DEBUG: Unique predictions: [0 1], Unique targets: [0 1]

Epoch 185/500 Summary:
  Train Loss: 0.3424 | Train Acc: 86.79%
  Val Acc: 67.50% | LR: 0.007015
Patience remaining: 11/50
  --------------------------------------------------
DEBUG: Evaluate function - 80 predictions, 80 targets
DEBUG: Unique predictions: [0 1], Unique targets: [0 1]

Epoch 186/500 Summary:
  Train Loss: 0.3602 | Train Acc: 84.82%
  Val Acc: 62.50% | LR: 0.006986
Patience remaining: 10/50
  --------------------------------------------------
DEBUG: Evaluate function - 80 predictions, 80 targets
DEBUG: Unique predictions: [0 1], Unique targets: [0 1]

Epoch 187/500 Summary:
  Train Loss: 0.3024 | Train Acc: 88.93%
  Val Acc: 68.75% | LR: 0.006957
Patience remaining: 9/50
  --------------------------------------------------
DEBUG: Evaluate function - 80 predictions, 80 targets
DEBUG: Unique predictions: [0 1], Unique targets: [0 1]

Epoch 188/500 Summary:
  Train Loss: 0.3283 | Train Acc: 89.29%
  Val Acc: 72.50% | LR: 0.006928
Patience remaining: 8/50
  --------------------------------------------------
DEBUG: Evaluate function - 80 predictions, 80 targets
DEBUG: Unique predictions: [0 1], Unique targets: [0 1]

Epoch 189/500 Summary:
  Train Loss: 0.2935 | Train Acc: 90.00%
  Val Acc: 70.00% | LR: 0.006899
Patience remaining: 7/50
  --------------------------------------------------
DEBUG: Evaluate function - 80 predictions, 80 targets
DEBUG: Unique predictions: [0 1], Unique targets: [0 1]

Epoch 190/500 Summary:
  Train Loss: 0.3029 | Train Acc: 88.75%
  Val Acc: 73.75% | LR: 0.006870
Patience remaining: 6/50
  --------------------------------------------------
DEBUG: Evaluate function - 80 predictions, 80 targets
DEBUG: Unique predictions: [0 1], Unique targets: [0 1]

Epoch 191/500 Summary:
  Train Loss: 0.2986 | Train Acc: 89.64%
  Val Acc: 66.25% | LR: 0.006841
Patience remaining: 5/50
  --------------------------------------------------
DEBUG: Evaluate function - 80 predictions, 80 targets
DEBUG: Unique predictions: [0 1], Unique targets: [0 1]

Epoch 192/500 Summary:
  Train Loss: 0.2961 | Train Acc: 88.57%
  Val Acc: 62.50% | LR: 0.006811
Patience remaining: 4/50
  --------------------------------------------------
DEBUG: Evaluate function - 80 predictions, 80 targets
DEBUG: Unique predictions: [0 1], Unique targets: [0 1]

Epoch 193/500 Summary:
  Train Loss: 0.3165 | Train Acc: 86.96%
  Val Acc: 66.25% | LR: 0.006782
Patience remaining: 3/50
  --------------------------------------------------
DEBUG: Evaluate function - 80 predictions, 80 targets
DEBUG: Unique predictions: [0 1], Unique targets: [0 1]

Epoch 194/500 Summary:
  Train Loss: 0.3355 | Train Acc: 86.07%
  Val Acc: 66.25% | LR: 0.006753
Patience remaining: 2/50
  --------------------------------------------------
DEBUG: Evaluate function - 80 predictions, 80 targets
DEBUG: Unique predictions: [0 1], Unique targets: [0 1]

Epoch 195/500 Summary:
  Train Loss: 0.2954 | Train Acc: 90.18%
  Val Acc: 66.25% | LR: 0.006723
Patience remaining: 1/50
  --------------------------------------------------
DEBUG: Evaluate function - 80 predictions, 80 targets
DEBUG: Unique predictions: [0 1], Unique targets: [0 1]

Epoch 196/500 Summary:
  Train Loss: 0.2723 | Train Acc: 89.64%
  Val Acc: 66.25% | LR: 0.006694
Early stopping triggered! No improvement for 50 epochs
Best validation accuracy: 77.50%

============================================================
Training Complete!
Best Validation Accuracy: 77.50%
============================================================
DEBUG: Evaluate function - 80 predictions, 80 targets
DEBUG: Unique predictions: [0 1], Unique targets: [0 1]
Training class distribution: [280, 280]

============================================================
Starting Training - Max Epochs: 500
Model: EEGConformer
Learning Rate: 0.01, Weight Decay: 0.0001
Dropout: 0.25, Early Stopping Patience: 50
============================================================
DEBUG: Evaluate function - 80 predictions, 80 targets
DEBUG: Unique predictions: [0], Unique targets: [0 1]

Epoch   1/500 Summary:
  Train Loss: 0.9312 | Train Acc: 49.64%
  Val Acc: 50.00% | LR: 0.010000
New best validation accuracy!
  --------------------------------------------------
DEBUG: Evaluate function - 80 predictions, 80 targets
DEBUG: Unique predictions: [1], Unique targets: [0 1]

Epoch   2/500 Summary:
  Train Loss: 0.7441 | Train Acc: 50.00%
  Val Acc: 50.00% | LR: 0.010000
Patience remaining: 49/50
  --------------------------------------------------
DEBUG: Evaluate function - 80 predictions, 80 targets
DEBUG: Unique predictions: [1], Unique targets: [0 1]

Epoch   3/500 Summary:
  Train Loss: 0.7104 | Train Acc: 50.18%
  Val Acc: 50.00% | LR: 0.010000
Patience remaining: 48/50
  --------------------------------------------------
DEBUG: Evaluate function - 80 predictions, 80 targets
DEBUG: Unique predictions: [0], Unique targets: [0 1]

Epoch   4/500 Summary:
  Train Loss: 0.6957 | Train Acc: 50.36%
  Val Acc: 50.00% | LR: 0.009999
Patience remaining: 47/50
  --------------------------------------------------
DEBUG: Evaluate function - 80 predictions, 80 targets
DEBUG: Unique predictions: [0], Unique targets: [0 1]

Epoch   5/500 Summary:
  Train Loss: 0.6960 | Train Acc: 50.36%
  Val Acc: 50.00% | LR: 0.009998
Patience remaining: 46/50
  --------------------------------------------------
DEBUG: Evaluate function - 80 predictions, 80 targets
DEBUG: Unique predictions: [0], Unique targets: [0 1]

Epoch   6/500 Summary:
  Train Loss: 0.6960 | Train Acc: 50.36%
  Val Acc: 50.00% | LR: 0.009998
Patience remaining: 45/50
  --------------------------------------------------
DEBUG: Evaluate function - 80 predictions, 80 targets
DEBUG: Unique predictions: [1], Unique targets: [0 1]

Epoch   7/500 Summary:
  Train Loss: 0.6939 | Train Acc: 51.43%
  Val Acc: 50.00% | LR: 0.009996
Patience remaining: 44/50
  --------------------------------------------------
DEBUG: Evaluate function - 80 predictions, 80 targets
DEBUG: Unique predictions: [1], Unique targets: [0 1]

Epoch   8/500 Summary:
  Train Loss: 0.6955 | Train Acc: 49.29%
  Val Acc: 50.00% | LR: 0.009995
Patience remaining: 43/50
  --------------------------------------------------
DEBUG: Evaluate function - 80 predictions, 80 targets
DEBUG: Unique predictions: [0], Unique targets: [0 1]

Epoch   9/500 Summary:
  Train Loss: 0.6942 | Train Acc: 49.11%
  Val Acc: 50.00% | LR: 0.009994
Patience remaining: 42/50
  --------------------------------------------------
DEBUG: Evaluate function - 80 predictions, 80 targets
DEBUG: Unique predictions: [0], Unique targets: [0 1]

Epoch  10/500 Summary:
  Train Loss: 0.6943 | Train Acc: 50.54%
  Val Acc: 50.00% | LR: 0.009992
Patience remaining: 41/50
  --------------------------------------------------
DEBUG: Evaluate function - 80 predictions, 80 targets
DEBUG: Unique predictions: [1], Unique targets: [0 1]

Epoch  11/500 Summary:
  Train Loss: 0.6913 | Train Acc: 49.46%
  Val Acc: 50.00% | LR: 0.009990
Patience remaining: 40/50
  --------------------------------------------------
DEBUG: Evaluate function - 80 predictions, 80 targets
DEBUG: Unique predictions: [1], Unique targets: [0 1]

Epoch  12/500 Summary:
  Train Loss: 0.6943 | Train Acc: 50.18%
  Val Acc: 50.00% | LR: 0.009988
Patience remaining: 39/50
  --------------------------------------------------
DEBUG: Evaluate function - 80 predictions, 80 targets
DEBUG: Unique predictions: [1], Unique targets: [0 1]

Epoch  13/500 Summary:
  Train Loss: 0.6909 | Train Acc: 52.68%
  Val Acc: 50.00% | LR: 0.009986
Patience remaining: 38/50
  --------------------------------------------------
DEBUG: Evaluate function - 80 predictions, 80 targets
DEBUG: Unique predictions: [0], Unique targets: [0 1]

Epoch  14/500 Summary:
  Train Loss: 0.6974 | Train Acc: 49.11%
  Val Acc: 50.00% | LR: 0.009983
Patience remaining: 37/50
  --------------------------------------------------
DEBUG: Evaluate function - 80 predictions, 80 targets
DEBUG: Unique predictions: [0], Unique targets: [0 1]

Epoch  15/500 Summary:
  Train Loss: 0.6949 | Train Acc: 49.11%
  Val Acc: 50.00% | LR: 0.009981
Patience remaining: 36/50
  --------------------------------------------------
DEBUG: Evaluate function - 80 predictions, 80 targets
DEBUG: Unique predictions: [0], Unique targets: [0 1]

Epoch  16/500 Summary:
  Train Loss: 0.6933 | Train Acc: 50.36%
  Val Acc: 50.00% | LR: 0.009978
Patience remaining: 35/50
  --------------------------------------------------
DEBUG: Evaluate function - 80 predictions, 80 targets
DEBUG: Unique predictions: [1], Unique targets: [0 1]

Epoch  17/500 Summary:
  Train Loss: 0.6952 | Train Acc: 50.54%
  Val Acc: 50.00% | LR: 0.009975
Patience remaining: 34/50
  --------------------------------------------------
DEBUG: Evaluate function - 80 predictions, 80 targets
DEBUG: Unique predictions: [0], Unique targets: [0 1]

Epoch  18/500 Summary:
  Train Loss: 0.6935 | Train Acc: 49.64%
  Val Acc: 50.00% | LR: 0.009972
Patience remaining: 33/50
  --------------------------------------------------
DEBUG: Evaluate function - 80 predictions, 80 targets
DEBUG: Unique predictions: [1], Unique targets: [0 1]

Epoch  19/500 Summary:
  Train Loss: 0.6952 | Train Acc: 44.46%
  Val Acc: 50.00% | LR: 0.009968
Patience remaining: 32/50
  --------------------------------------------------
DEBUG: Evaluate function - 80 predictions, 80 targets
DEBUG: Unique predictions: [1], Unique targets: [0 1]

Epoch  20/500 Summary:
  Train Loss: 0.6918 | Train Acc: 50.18%
  Val Acc: 50.00% | LR: 0.009964
Patience remaining: 31/50
  --------------------------------------------------
DEBUG: Evaluate function - 80 predictions, 80 targets
DEBUG: Unique predictions: [1], Unique targets: [0 1]

Epoch  21/500 Summary:
  Train Loss: 0.6955 | Train Acc: 49.64%
  Val Acc: 50.00% | LR: 0.009961
Patience remaining: 30/50
  --------------------------------------------------
DEBUG: Evaluate function - 80 predictions, 80 targets
DEBUG: Unique predictions: [0], Unique targets: [0 1]

Epoch  22/500 Summary:
  Train Loss: 0.7012 | Train Acc: 47.50%
  Val Acc: 50.00% | LR: 0.009957
Patience remaining: 29/50
  --------------------------------------------------
DEBUG: Evaluate function - 80 predictions, 80 targets
DEBUG: Unique predictions: [0], Unique targets: [0 1]

Epoch  23/500 Summary:
  Train Loss: 0.6974 | Train Acc: 50.00%
  Val Acc: 50.00% | LR: 0.009952
Patience remaining: 28/50
  --------------------------------------------------
DEBUG: Evaluate function - 80 predictions, 80 targets
DEBUG: Unique predictions: [1], Unique targets: [0 1]

Epoch  24/500 Summary:
  Train Loss: 0.6957 | Train Acc: 48.39%
  Val Acc: 50.00% | LR: 0.009948
Patience remaining: 27/50
  --------------------------------------------------
DEBUG: Evaluate function - 80 predictions, 80 targets
DEBUG: Unique predictions: [1], Unique targets: [0 1]

Epoch  25/500 Summary:
  Train Loss: 0.6971 | Train Acc: 48.39%
  Val Acc: 50.00% | LR: 0.009943
Patience remaining: 26/50
  --------------------------------------------------
DEBUG: Evaluate function - 80 predictions, 80 targets
DEBUG: Unique predictions: [0], Unique targets: [0 1]

Epoch  26/500 Summary:
  Train Loss: 0.6943 | Train Acc: 50.18%
  Val Acc: 50.00% | LR: 0.009938
Patience remaining: 25/50
  --------------------------------------------------
DEBUG: Evaluate function - 80 predictions, 80 targets
DEBUG: Unique predictions: [0], Unique targets: [0 1]

Epoch  27/500 Summary:
  Train Loss: 0.6946 | Train Acc: 49.82%
  Val Acc: 50.00% | LR: 0.009933
Patience remaining: 24/50
  --------------------------------------------------
DEBUG: Evaluate function - 80 predictions, 80 targets
DEBUG: Unique predictions: [1], Unique targets: [0 1]

Epoch  28/500 Summary:
  Train Loss: 0.6942 | Train Acc: 49.64%
  Val Acc: 50.00% | LR: 0.009928
Patience remaining: 23/50
  --------------------------------------------------
DEBUG: Evaluate function - 80 predictions, 80 targets
DEBUG: Unique predictions: [0], Unique targets: [0 1]

Epoch  29/500 Summary:
  Train Loss: 0.6950 | Train Acc: 47.68%
  Val Acc: 50.00% | LR: 0.009923
Patience remaining: 22/50
  --------------------------------------------------
DEBUG: Evaluate function - 80 predictions, 80 targets
DEBUG: Unique predictions: [0], Unique targets: [0 1]

Epoch  30/500 Summary:
  Train Loss: 0.6929 | Train Acc: 48.93%
  Val Acc: 50.00% | LR: 0.009917
Patience remaining: 21/50
  --------------------------------------------------
DEBUG: Evaluate function - 80 predictions, 80 targets
DEBUG: Unique predictions: [0], Unique targets: [0 1]

Epoch  31/500 Summary:
  Train Loss: 0.6930 | Train Acc: 51.25%
  Val Acc: 50.00% | LR: 0.009911
Patience remaining: 20/50
  --------------------------------------------------
DEBUG: Evaluate function - 80 predictions, 80 targets
DEBUG: Unique predictions: [1], Unique targets: [0 1]

Epoch  32/500 Summary:
  Train Loss: 0.6946 | Train Acc: 48.21%
  Val Acc: 50.00% | LR: 0.009905
Patience remaining: 19/50
  --------------------------------------------------
DEBUG: Evaluate function - 80 predictions, 80 targets
DEBUG: Unique predictions: [1], Unique targets: [0 1]

Epoch  33/500 Summary:
  Train Loss: 0.6937 | Train Acc: 49.29%
  Val Acc: 50.00% | LR: 0.009899
Patience remaining: 18/50
  --------------------------------------------------
DEBUG: Evaluate function - 80 predictions, 80 targets
DEBUG: Unique predictions: [1], Unique targets: [0 1]

Epoch  34/500 Summary:
  Train Loss: 0.6938 | Train Acc: 49.46%
  Val Acc: 50.00% | LR: 0.009893
Patience remaining: 17/50
  --------------------------------------------------
DEBUG: Evaluate function - 80 predictions, 80 targets
DEBUG: Unique predictions: [0], Unique targets: [0 1]

Epoch  35/500 Summary:
2025-09-26 17:59:38 -     Test accuracy: 0.5000
2025-09-26 17:59:38 -   Repeat 3 mean accuracy: 0.5475 ± 0.0603
2025-09-26 17:59:38 - Repeat 4/5
2025-09-26 17:59:38 -   Fold 1/5
2025-09-26 17:59:38 -     Fold split: Train=560, Val=80
  Train Loss: 0.6944 | Train Acc: 46.61%
  Val Acc: 50.00% | LR: 0.009886
Patience remaining: 16/50
  --------------------------------------------------
DEBUG: Evaluate function - 80 predictions, 80 targets
DEBUG: Unique predictions: [0], Unique targets: [0 1]

Epoch  36/500 Summary:
  Train Loss: 0.6937 | Train Acc: 48.57%
  Val Acc: 50.00% | LR: 0.009880
Patience remaining: 15/50
  --------------------------------------------------
DEBUG: Evaluate function - 80 predictions, 80 targets
DEBUG: Unique predictions: [0], Unique targets: [0 1]

Epoch  37/500 Summary:
  Train Loss: 0.6920 | Train Acc: 55.71%
  Val Acc: 50.00% | LR: 0.009873
Patience remaining: 14/50
  --------------------------------------------------
DEBUG: Evaluate function - 80 predictions, 80 targets
DEBUG: Unique predictions: [0], Unique targets: [0 1]

Epoch  38/500 Summary:
  Train Loss: 0.6955 | Train Acc: 49.82%
  Val Acc: 50.00% | LR: 0.009865
Patience remaining: 13/50
  --------------------------------------------------
DEBUG: Evaluate function - 80 predictions, 80 targets
DEBUG: Unique predictions: [1], Unique targets: [0 1]

Epoch  39/500 Summary:
  Train Loss: 0.6929 | Train Acc: 47.86%
  Val Acc: 50.00% | LR: 0.009858
Patience remaining: 12/50
  --------------------------------------------------
DEBUG: Evaluate function - 80 predictions, 80 targets
DEBUG: Unique predictions: [1], Unique targets: [0 1]

Epoch  40/500 Summary:
  Train Loss: 0.6985 | Train Acc: 49.64%
  Val Acc: 50.00% | LR: 0.009851
Patience remaining: 11/50
  --------------------------------------------------
DEBUG: Evaluate function - 80 predictions, 80 targets
DEBUG: Unique predictions: [0], Unique targets: [0 1]

Epoch  41/500 Summary:
  Train Loss: 0.6940 | Train Acc: 48.21%
  Val Acc: 50.00% | LR: 0.009843
Patience remaining: 10/50
  --------------------------------------------------
DEBUG: Evaluate function - 80 predictions, 80 targets
DEBUG: Unique predictions: [0], Unique targets: [0 1]

Epoch  42/500 Summary:
  Train Loss: 0.6945 | Train Acc: 50.54%
  Val Acc: 50.00% | LR: 0.009835
Patience remaining: 9/50
  --------------------------------------------------
DEBUG: Evaluate function - 80 predictions, 80 targets
DEBUG: Unique predictions: [0], Unique targets: [0 1]

Epoch  43/500 Summary:
  Train Loss: 0.6945 | Train Acc: 50.71%
  Val Acc: 50.00% | LR: 0.009827
Patience remaining: 8/50
  --------------------------------------------------
DEBUG: Evaluate function - 80 predictions, 80 targets
DEBUG: Unique predictions: [1], Unique targets: [0 1]

Epoch  44/500 Summary:
  Train Loss: 0.6930 | Train Acc: 51.25%
  Val Acc: 50.00% | LR: 0.009819
Patience remaining: 7/50
  --------------------------------------------------
DEBUG: Evaluate function - 80 predictions, 80 targets
DEBUG: Unique predictions: [1], Unique targets: [0 1]

Epoch  45/500 Summary:
  Train Loss: 0.6931 | Train Acc: 52.50%
  Val Acc: 50.00% | LR: 0.009810
Patience remaining: 6/50
  --------------------------------------------------
DEBUG: Evaluate function - 80 predictions, 80 targets
DEBUG: Unique predictions: [1], Unique targets: [0 1]

Epoch  46/500 Summary:
  Train Loss: 0.6901 | Train Acc: 53.57%
  Val Acc: 50.00% | LR: 0.009801
Patience remaining: 5/50
  --------------------------------------------------
DEBUG: Evaluate function - 80 predictions, 80 targets
DEBUG: Unique predictions: [1], Unique targets: [0 1]

Epoch  47/500 Summary:
  Train Loss: 0.6985 | Train Acc: 50.54%
  Val Acc: 50.00% | LR: 0.009793
Patience remaining: 4/50
  --------------------------------------------------
DEBUG: Evaluate function - 80 predictions, 80 targets
DEBUG: Unique predictions: [0], Unique targets: [0 1]

Epoch  48/500 Summary:
  Train Loss: 0.6956 | Train Acc: 49.11%
  Val Acc: 50.00% | LR: 0.009784
Patience remaining: 3/50
  --------------------------------------------------
DEBUG: Evaluate function - 80 predictions, 80 targets
DEBUG: Unique predictions: [0], Unique targets: [0 1]

Epoch  49/500 Summary:
  Train Loss: 0.6964 | Train Acc: 50.00%
  Val Acc: 50.00% | LR: 0.009774
Patience remaining: 2/50
  --------------------------------------------------
DEBUG: Evaluate function - 80 predictions, 80 targets
DEBUG: Unique predictions: [1], Unique targets: [0 1]

Epoch  50/500 Summary:
  Train Loss: 0.6942 | Train Acc: 49.11%
  Val Acc: 50.00% | LR: 0.009765
Patience remaining: 1/50
  --------------------------------------------------
DEBUG: Evaluate function - 80 predictions, 80 targets
DEBUG: Unique predictions: [1], Unique targets: [0 1]

Epoch  51/500 Summary:
  Train Loss: 0.6929 | Train Acc: 50.89%
  Val Acc: 50.00% | LR: 0.009755
Early stopping triggered! No improvement for 50 epochs
Best validation accuracy: 50.00%

============================================================
Training Complete!
Best Validation Accuracy: 50.00%
============================================================
DEBUG: Evaluate function - 80 predictions, 80 targets
DEBUG: Unique predictions: [1], Unique targets: [0 1]
Training class distribution: [280, 280]

============================================================
Starting Training - Max Epochs: 500
Model: EEGConformer
Learning Rate: 0.01, Weight Decay: 0.0001
Dropout: 0.25, Early Stopping Patience: 50
============================================================
DEBUG: Evaluate function - 80 predictions, 80 targets
DEBUG: Unique predictions: [1], Unique targets: [0 1]

Epoch   1/500 Summary:
  Train Loss: 0.9448 | Train Acc: 48.39%
  Val Acc: 50.00% | LR: 0.010000
New best validation accuracy!
  --------------------------------------------------
DEBUG: Evaluate function - 80 predictions, 80 targets
DEBUG: Unique predictions: [0], Unique targets: [0 1]

Epoch   2/500 Summary:
  Train Loss: 0.7222 | Train Acc: 46.61%
  Val Acc: 50.00% | LR: 0.010000
Patience remaining: 49/50
  --------------------------------------------------
DEBUG: Evaluate function - 80 predictions, 80 targets
DEBUG: Unique predictions: [1], Unique targets: [0 1]

Epoch   3/500 Summary:
  Train Loss: 0.6971 | Train Acc: 47.50%
  Val Acc: 50.00% | LR: 0.010000
Patience remaining: 48/50
  --------------------------------------------------
DEBUG: Evaluate function - 80 predictions, 80 targets
DEBUG: Unique predictions: [1], Unique targets: [0 1]

Epoch   4/500 Summary:
  Train Loss: 0.7010 | Train Acc: 50.00%
  Val Acc: 50.00% | LR: 0.009999
Patience remaining: 47/50
  --------------------------------------------------
DEBUG: Evaluate function - 80 predictions, 80 targets
DEBUG: Unique predictions: [0], Unique targets: [0 1]

Epoch   5/500 Summary:
  Train Loss: 0.6955 | Train Acc: 48.04%
  Val Acc: 50.00% | LR: 0.009998
Patience remaining: 46/50
  --------------------------------------------------
DEBUG: Evaluate function - 80 predictions, 80 targets
DEBUG: Unique predictions: [1], Unique targets: [0 1]

Epoch   6/500 Summary:
  Train Loss: 0.6994 | Train Acc: 49.82%
  Val Acc: 50.00% | LR: 0.009998
Patience remaining: 45/50
  --------------------------------------------------
DEBUG: Evaluate function - 80 predictions, 80 targets
DEBUG: Unique predictions: [1], Unique targets: [0 1]

Epoch   7/500 Summary:
  Train Loss: 0.6976 | Train Acc: 50.36%
  Val Acc: 50.00% | LR: 0.009996
Patience remaining: 44/50
  --------------------------------------------------
DEBUG: Evaluate function - 80 predictions, 80 targets
DEBUG: Unique predictions: [0], Unique targets: [0 1]

Epoch   8/500 Summary:
  Train Loss: 0.6955 | Train Acc: 49.29%
  Val Acc: 50.00% | LR: 0.009995
Patience remaining: 43/50
  --------------------------------------------------
DEBUG: Evaluate function - 80 predictions, 80 targets
DEBUG: Unique predictions: [0], Unique targets: [0 1]

Epoch   9/500 Summary:
  Train Loss: 0.6956 | Train Acc: 49.29%
  Val Acc: 50.00% | LR: 0.009994
Patience remaining: 42/50
  --------------------------------------------------
DEBUG: Evaluate function - 80 predictions, 80 targets
DEBUG: Unique predictions: [1], Unique targets: [0 1]

Epoch  10/500 Summary:
  Train Loss: 0.6940 | Train Acc: 47.50%
  Val Acc: 50.00% | LR: 0.009992
Patience remaining: 41/50
  --------------------------------------------------
DEBUG: Evaluate function - 80 predictions, 80 targets
DEBUG: Unique predictions: [1], Unique targets: [0 1]

Epoch  11/500 Summary:
  Train Loss: 0.6955 | Train Acc: 49.64%
  Val Acc: 50.00% | LR: 0.009990
Patience remaining: 40/50
  --------------------------------------------------
DEBUG: Evaluate function - 80 predictions, 80 targets
DEBUG: Unique predictions: [0], Unique targets: [0 1]

Epoch  12/500 Summary:
  Train Loss: 0.6937 | Train Acc: 49.29%
  Val Acc: 50.00% | LR: 0.009988
Patience remaining: 39/50
  --------------------------------------------------
DEBUG: Evaluate function - 80 predictions, 80 targets
DEBUG: Unique predictions: [0], Unique targets: [0 1]

Epoch  13/500 Summary:
  Train Loss: 0.6959 | Train Acc: 49.46%
  Val Acc: 50.00% | LR: 0.009986
Patience remaining: 38/50
  --------------------------------------------------
DEBUG: Evaluate function - 80 predictions, 80 targets
DEBUG: Unique predictions: [1], Unique targets: [0 1]

Epoch  14/500 Summary:
  Train Loss: 0.6948 | Train Acc: 50.54%
  Val Acc: 50.00% | LR: 0.009983
Patience remaining: 37/50
  --------------------------------------------------
DEBUG: Evaluate function - 80 predictions, 80 targets
DEBUG: Unique predictions: [1], Unique targets: [0 1]

Epoch  15/500 Summary:
  Train Loss: 0.6940 | Train Acc: 50.00%
  Val Acc: 50.00% | LR: 0.009981
Patience remaining: 36/50
  --------------------------------------------------
DEBUG: Evaluate function - 80 predictions, 80 targets
DEBUG: Unique predictions: [0], Unique targets: [0 1]

Epoch  16/500 Summary:
  Train Loss: 0.6958 | Train Acc: 48.75%
  Val Acc: 50.00% | LR: 0.009978
Patience remaining: 35/50
  --------------------------------------------------
DEBUG: Evaluate function - 80 predictions, 80 targets
DEBUG: Unique predictions: [1], Unique targets: [0 1]

Epoch  17/500 Summary:
  Train Loss: 0.6941 | Train Acc: 50.36%
  Val Acc: 50.00% | LR: 0.009975
Patience remaining: 34/50
  --------------------------------------------------
DEBUG: Evaluate function - 80 predictions, 80 targets
DEBUG: Unique predictions: [1], Unique targets: [0 1]

Epoch  18/500 Summary:
  Train Loss: 0.6939 | Train Acc: 50.00%
  Val Acc: 50.00% | LR: 0.009972
Patience remaining: 33/50
  --------------------------------------------------
DEBUG: Evaluate function - 80 predictions, 80 targets
DEBUG: Unique predictions: [0], Unique targets: [0 1]

Epoch  19/500 Summary:
  Train Loss: 0.6944 | Train Acc: 47.14%
  Val Acc: 50.00% | LR: 0.009968
Patience remaining: 32/50
  --------------------------------------------------
DEBUG: Evaluate function - 80 predictions, 80 targets
DEBUG: Unique predictions: [1], Unique targets: [0 1]

Epoch  20/500 Summary:
  Train Loss: 0.6934 | Train Acc: 49.29%
  Val Acc: 50.00% | LR: 0.009964
Patience remaining: 31/50
  --------------------------------------------------
DEBUG: Evaluate function - 80 predictions, 80 targets
DEBUG: Unique predictions: [1], Unique targets: [0 1]

Epoch  21/500 Summary:
  Train Loss: 0.6930 | Train Acc: 51.25%
  Val Acc: 50.00% | LR: 0.009961
Patience remaining: 30/50
  --------------------------------------------------
DEBUG: Evaluate function - 80 predictions, 80 targets
DEBUG: Unique predictions: [1], Unique targets: [0 1]

Epoch  22/500 Summary:
  Train Loss: 0.6939 | Train Acc: 51.43%
  Val Acc: 50.00% | LR: 0.009957
Patience remaining: 29/50
  --------------------------------------------------
DEBUG: Evaluate function - 80 predictions, 80 targets
DEBUG: Unique predictions: [1], Unique targets: [0 1]

Epoch  23/500 Summary:
  Train Loss: 0.6936 | Train Acc: 49.29%
  Val Acc: 50.00% | LR: 0.009952
Patience remaining: 28/50
  --------------------------------------------------
DEBUG: Evaluate function - 80 predictions, 80 targets
DEBUG: Unique predictions: [1], Unique targets: [0 1]

Epoch  24/500 Summary:
  Train Loss: 0.6941 | Train Acc: 49.11%
  Val Acc: 50.00% | LR: 0.009948
Patience remaining: 27/50
  --------------------------------------------------
DEBUG: Evaluate function - 80 predictions, 80 targets
DEBUG: Unique predictions: [0], Unique targets: [0 1]

Epoch  25/500 Summary:
  Train Loss: 0.6934 | Train Acc: 49.64%
  Val Acc: 50.00% | LR: 0.009943
Patience remaining: 26/50
  --------------------------------------------------
DEBUG: Evaluate function - 80 predictions, 80 targets
DEBUG: Unique predictions: [0], Unique targets: [0 1]

Epoch  26/500 Summary:
  Train Loss: 0.6942 | Train Acc: 50.54%
  Val Acc: 50.00% | LR: 0.009938
Patience remaining: 25/50
  --------------------------------------------------
DEBUG: Evaluate function - 80 predictions, 80 targets
DEBUG: Unique predictions: [1], Unique targets: [0 1]

Epoch  27/500 Summary:
  Train Loss: 0.6945 | Train Acc: 51.07%
  Val Acc: 50.00% | LR: 0.009933
Patience remaining: 24/50
  --------------------------------------------------
DEBUG: Evaluate function - 80 predictions, 80 targets
DEBUG: Unique predictions: [1], Unique targets: [0 1]

Epoch  28/500 Summary:
  Train Loss: 0.6941 | Train Acc: 50.18%
  Val Acc: 50.00% | LR: 0.009928
Patience remaining: 23/50
  --------------------------------------------------
DEBUG: Evaluate function - 80 predictions, 80 targets
DEBUG: Unique predictions: [0 1], Unique targets: [0 1]

Epoch  29/500 Summary:
  Train Loss: 0.6937 | Train Acc: 50.71%
  Val Acc: 51.25% | LR: 0.009923
New best validation accuracy!
  --------------------------------------------------
DEBUG: Evaluate function - 80 predictions, 80 targets
DEBUG: Unique predictions: [0], Unique targets: [0 1]

Epoch  30/500 Summary:
  Train Loss: 0.6934 | Train Acc: 51.25%
  Val Acc: 50.00% | LR: 0.009917
Patience remaining: 49/50
  --------------------------------------------------
DEBUG: Evaluate function - 80 predictions, 80 targets
DEBUG: Unique predictions: [1], Unique targets: [0 1]

Epoch  31/500 Summary:
  Train Loss: 0.6928 | Train Acc: 51.79%
  Val Acc: 50.00% | LR: 0.009911
Patience remaining: 48/50
  --------------------------------------------------
DEBUG: Evaluate function - 80 predictions, 80 targets
DEBUG: Unique predictions: [1], Unique targets: [0 1]

Epoch  32/500 Summary:
  Train Loss: 0.6930 | Train Acc: 47.86%
  Val Acc: 50.00% | LR: 0.009905
Patience remaining: 47/50
  --------------------------------------------------
DEBUG: Evaluate function - 80 predictions, 80 targets
DEBUG: Unique predictions: [1], Unique targets: [0 1]

Epoch  33/500 Summary:
  Train Loss: 0.6931 | Train Acc: 49.29%
  Val Acc: 50.00% | LR: 0.009899
Patience remaining: 46/50
  --------------------------------------------------
DEBUG: Evaluate function - 80 predictions, 80 targets
DEBUG: Unique predictions: [1], Unique targets: [0 1]

Epoch  34/500 Summary:
  Train Loss: 0.6934 | Train Acc: 50.36%
  Val Acc: 50.00% | LR: 0.009893
Patience remaining: 45/50
  --------------------------------------------------
DEBUG: Evaluate function - 80 predictions, 80 targets
DEBUG: Unique predictions: [0], Unique targets: [0 1]

Epoch  35/500 Summary:
  Train Loss: 0.6934 | Train Acc: 49.29%
  Val Acc: 50.00% | LR: 0.009886
Patience remaining: 44/50
  --------------------------------------------------
DEBUG: Evaluate function - 80 predictions, 80 targets
DEBUG: Unique predictions: [1], Unique targets: [0 1]

Epoch  36/500 Summary:
  Train Loss: 0.6948 | Train Acc: 46.79%
  Val Acc: 50.00% | LR: 0.009880
Patience remaining: 43/50
  --------------------------------------------------
DEBUG: Evaluate function - 80 predictions, 80 targets
DEBUG: Unique predictions: [0], Unique targets: [0 1]

Epoch  37/500 Summary:
  Train Loss: 0.6945 | Train Acc: 48.75%
  Val Acc: 50.00% | LR: 0.009873
Patience remaining: 42/50
  --------------------------------------------------
DEBUG: Evaluate function - 80 predictions, 80 targets
DEBUG: Unique predictions: [1], Unique targets: [0 1]

Epoch  38/500 Summary:
  Train Loss: 0.6941 | Train Acc: 48.93%
  Val Acc: 50.00% | LR: 0.009865
Patience remaining: 41/50
  --------------------------------------------------
DEBUG: Evaluate function - 80 predictions, 80 targets
DEBUG: Unique predictions: [1], Unique targets: [0 1]

Epoch  39/500 Summary:
  Train Loss: 0.6951 | Train Acc: 49.82%
  Val Acc: 50.00% | LR: 0.009858
Patience remaining: 40/50
  --------------------------------------------------
DEBUG: Evaluate function - 80 predictions, 80 targets
DEBUG: Unique predictions: [1], Unique targets: [0 1]

Epoch  40/500 Summary:
  Train Loss: 0.6966 | Train Acc: 50.00%
  Val Acc: 50.00% | LR: 0.009851
Patience remaining: 39/50
  --------------------------------------------------
DEBUG: Evaluate function - 80 predictions, 80 targets
DEBUG: Unique predictions: [0], Unique targets: [0 1]

Epoch  41/500 Summary:
  Train Loss: 0.6952 | Train Acc: 49.46%
  Val Acc: 50.00% | LR: 0.009843
Patience remaining: 38/50
  --------------------------------------------------
DEBUG: Evaluate function - 80 predictions, 80 targets
DEBUG: Unique predictions: [1], Unique targets: [0 1]

Epoch  42/500 Summary:
  Train Loss: 0.6950 | Train Acc: 48.21%
  Val Acc: 50.00% | LR: 0.009835
Patience remaining: 37/50
  --------------------------------------------------
DEBUG: Evaluate function - 80 predictions, 80 targets
DEBUG: Unique predictions: [0], Unique targets: [0 1]

Epoch  43/500 Summary:
  Train Loss: 0.6945 | Train Acc: 47.86%
  Val Acc: 50.00% | LR: 0.009827
Patience remaining: 36/50
  --------------------------------------------------
DEBUG: Evaluate function - 80 predictions, 80 targets
DEBUG: Unique predictions: [1], Unique targets: [0 1]

Epoch  44/500 Summary:
  Train Loss: 0.6958 | Train Acc: 48.75%
  Val Acc: 50.00% | LR: 0.009819
Patience remaining: 35/50
  --------------------------------------------------
DEBUG: Evaluate function - 80 predictions, 80 targets
DEBUG: Unique predictions: [0], Unique targets: [0 1]

Epoch  45/500 Summary:
  Train Loss: 0.6950 | Train Acc: 48.93%
  Val Acc: 50.00% | LR: 0.009810
Patience remaining: 34/50
  --------------------------------------------------
DEBUG: Evaluate function - 80 predictions, 80 targets
DEBUG: Unique predictions: [0 1], Unique targets: [0 1]

Epoch  46/500 Summary:
  Train Loss: 0.6945 | Train Acc: 50.00%
  Val Acc: 50.00% | LR: 0.009801
Patience remaining: 33/50
  --------------------------------------------------
DEBUG: Evaluate function - 80 predictions, 80 targets
DEBUG: Unique predictions: [1], Unique targets: [0 1]

Epoch  47/500 Summary:
  Train Loss: 0.6951 | Train Acc: 48.04%
  Val Acc: 50.00% | LR: 0.009793
Patience remaining: 32/50
  --------------------------------------------------
DEBUG: Evaluate function - 80 predictions, 80 targets
DEBUG: Unique predictions: [0 1], Unique targets: [0 1]

Epoch  48/500 Summary:
  Train Loss: 0.6932 | Train Acc: 50.89%
  Val Acc: 43.75% | LR: 0.009784
Patience remaining: 31/50
  --------------------------------------------------
DEBUG: Evaluate function - 80 predictions, 80 targets
DEBUG: Unique predictions: [0], Unique targets: [0 1]

Epoch  49/500 Summary:
  Train Loss: 0.6925 | Train Acc: 50.71%
  Val Acc: 50.00% | LR: 0.009774
Patience remaining: 30/50
  --------------------------------------------------
DEBUG: Evaluate function - 80 predictions, 80 targets
DEBUG: Unique predictions: [0], Unique targets: [0 1]

Epoch  50/500 Summary:
  Train Loss: 0.6949 | Train Acc: 50.00%
  Val Acc: 50.00% | LR: 0.009765
Patience remaining: 29/50
  --------------------------------------------------
DEBUG: Evaluate function - 80 predictions, 80 targets
DEBUG: Unique predictions: [1], Unique targets: [0 1]

Epoch  51/500 Summary:
  Train Loss: 0.6938 | Train Acc: 49.64%
  Val Acc: 50.00% | LR: 0.009755
Patience remaining: 28/50
  --------------------------------------------------
DEBUG: Evaluate function - 80 predictions, 80 targets
DEBUG: Unique predictions: [1], Unique targets: [0 1]

Epoch  52/500 Summary:
  Train Loss: 0.6938 | Train Acc: 49.46%
  Val Acc: 50.00% | LR: 0.009745
Patience remaining: 27/50
  --------------------------------------------------
DEBUG: Evaluate function - 80 predictions, 80 targets
DEBUG: Unique predictions: [0], Unique targets: [0 1]

Epoch  53/500 Summary:
  Train Loss: 0.6933 | Train Acc: 49.46%
  Val Acc: 50.00% | LR: 0.009735
Patience remaining: 26/50
  --------------------------------------------------
DEBUG: Evaluate function - 80 predictions, 80 targets
DEBUG: Unique predictions: [0], Unique targets: [0 1]

Epoch  54/500 Summary:
  Train Loss: 0.6938 | Train Acc: 50.18%
  Val Acc: 50.00% | LR: 0.009725
Patience remaining: 25/50
  --------------------------------------------------
DEBUG: Evaluate function - 80 predictions, 80 targets
DEBUG: Unique predictions: [0 1], Unique targets: [0 1]

Epoch  55/500 Summary:
  Train Loss: 0.6943 | Train Acc: 47.32%
  Val Acc: 50.00% | LR: 0.009715
Patience remaining: 24/50
  --------------------------------------------------
DEBUG: Evaluate function - 80 predictions, 80 targets
DEBUG: Unique predictions: [0], Unique targets: [0 1]

Epoch  56/500 Summary:
  Train Loss: 0.6931 | Train Acc: 48.21%
  Val Acc: 50.00% | LR: 0.009704
Patience remaining: 23/50
  --------------------------------------------------
DEBUG: Evaluate function - 80 predictions, 80 targets
DEBUG: Unique predictions: [1], Unique targets: [0 1]

Epoch  57/500 Summary:
  Train Loss: 0.6946 | Train Acc: 47.86%
  Val Acc: 50.00% | LR: 0.009694
Patience remaining: 22/50
  --------------------------------------------------
DEBUG: Evaluate function - 80 predictions, 80 targets
DEBUG: Unique predictions: [0], Unique targets: [0 1]

Epoch  58/500 Summary:
  Train Loss: 0.6940 | Train Acc: 48.57%
  Val Acc: 50.00% | LR: 0.009683
Patience remaining: 21/50
  --------------------------------------------------
DEBUG: Evaluate function - 80 predictions, 80 targets
DEBUG: Unique predictions: [0], Unique targets: [0 1]

Epoch  59/500 Summary:
  Train Loss: 0.6931 | Train Acc: 50.18%
  Val Acc: 50.00% | LR: 0.009672
Patience remaining: 20/50
  --------------------------------------------------
DEBUG: Evaluate function - 80 predictions, 80 targets
DEBUG: Unique predictions: [1], Unique targets: [0 1]

Epoch  60/500 Summary:
  Train Loss: 0.6940 | Train Acc: 49.29%
  Val Acc: 50.00% | LR: 0.009660
Patience remaining: 19/50
  --------------------------------------------------
DEBUG: Evaluate function - 80 predictions, 80 targets
DEBUG: Unique predictions: [1], Unique targets: [0 1]

Epoch  61/500 Summary:
  Train Loss: 0.6929 | Train Acc: 50.36%
  Val Acc: 50.00% | LR: 0.009649
Patience remaining: 18/50
  --------------------------------------------------
DEBUG: Evaluate function - 80 predictions, 80 targets
DEBUG: Unique predictions: [1], Unique targets: [0 1]

Epoch  62/500 Summary:
  Train Loss: 0.6957 | Train Acc: 50.00%
  Val Acc: 50.00% | LR: 0.009637
Patience remaining: 17/50
  --------------------------------------------------
DEBUG: Evaluate function - 80 predictions, 80 targets
DEBUG: Unique predictions: [0], Unique targets: [0 1]

Epoch  63/500 Summary:
  Train Loss: 0.6974 | Train Acc: 47.32%
  Val Acc: 50.00% | LR: 0.009625
Patience remaining: 16/50
  --------------------------------------------------
DEBUG: Evaluate function - 80 predictions, 80 targets
DEBUG: Unique predictions: [1], Unique targets: [0 1]

Epoch  64/500 Summary:
  Train Loss: 0.6933 | Train Acc: 49.46%
  Val Acc: 50.00% | LR: 0.009613
Patience remaining: 15/50
  --------------------------------------------------
DEBUG: Evaluate function - 80 predictions, 80 targets
DEBUG: Unique predictions: [1], Unique targets: [0 1]

Epoch  65/500 Summary:
  Train Loss: 0.6959 | Train Acc: 50.00%
  Val Acc: 50.00% | LR: 0.009601
Patience remaining: 14/50
  --------------------------------------------------
DEBUG: Evaluate function - 80 predictions, 80 targets
DEBUG: Unique predictions: [0], Unique targets: [0 1]

Epoch  66/500 Summary:
  Train Loss: 0.6932 | Train Acc: 51.25%
  Val Acc: 50.00% | LR: 0.009589
Patience remaining: 13/50
  --------------------------------------------------
DEBUG: Evaluate function - 80 predictions, 80 targets
DEBUG: Unique predictions: [0], Unique targets: [0 1]

Epoch  67/500 Summary:
  Train Loss: 0.6927 | Train Acc: 49.64%
  Val Acc: 50.00% | LR: 0.009576
Patience remaining: 12/50
  --------------------------------------------------
DEBUG: Evaluate function - 80 predictions, 80 targets
DEBUG: Unique predictions: [1], Unique targets: [0 1]

Epoch  68/500 Summary:
  Train Loss: 0.6960 | Train Acc: 46.96%
  Val Acc: 50.00% | LR: 0.0095632025-09-26 17:59:42 -     Test accuracy: 0.5000
2025-09-26 17:59:42 -   Fold 2/5
2025-09-26 17:59:42 -     Fold split: Train=560, Val=80

Patience remaining: 11/50
  --------------------------------------------------
DEBUG: Evaluate function - 80 predictions, 80 targets
DEBUG: Unique predictions: [0], Unique targets: [0 1]

Epoch  69/500 Summary:
  Train Loss: 0.6980 | Train Acc: 49.64%
  Val Acc: 50.00% | LR: 0.009551
Patience remaining: 10/50
  --------------------------------------------------
DEBUG: Evaluate function - 80 predictions, 80 targets
DEBUG: Unique predictions: [1], Unique targets: [0 1]

Epoch  70/500 Summary:
  Train Loss: 0.6912 | Train Acc: 51.43%
  Val Acc: 50.00% | LR: 0.009537
Patience remaining: 9/50
  --------------------------------------------------
DEBUG: Evaluate function - 80 predictions, 80 targets
DEBUG: Unique predictions: [1], Unique targets: [0 1]

Epoch  71/500 Summary:
  Train Loss: 0.6956 | Train Acc: 50.00%
  Val Acc: 50.00% | LR: 0.009524
Patience remaining: 8/50
  --------------------------------------------------
DEBUG: Evaluate function - 80 predictions, 80 targets
DEBUG: Unique predictions: [1], Unique targets: [0 1]

Epoch  72/500 Summary:
  Train Loss: 0.6943 | Train Acc: 50.00%
  Val Acc: 50.00% | LR: 0.009511
Patience remaining: 7/50
  --------------------------------------------------
DEBUG: Evaluate function - 80 predictions, 80 targets
DEBUG: Unique predictions: [0], Unique targets: [0 1]

Epoch  73/500 Summary:
  Train Loss: 0.6933 | Train Acc: 49.64%
  Val Acc: 50.00% | LR: 0.009497
Patience remaining: 6/50
  --------------------------------------------------
DEBUG: Evaluate function - 80 predictions, 80 targets
DEBUG: Unique predictions: [0], Unique targets: [0 1]

Epoch  74/500 Summary:
  Train Loss: 0.6968 | Train Acc: 50.00%
  Val Acc: 50.00% | LR: 0.009483
Patience remaining: 5/50
  --------------------------------------------------
DEBUG: Evaluate function - 80 predictions, 80 targets
DEBUG: Unique predictions: [1], Unique targets: [0 1]

Epoch  75/500 Summary:
  Train Loss: 0.6973 | Train Acc: 47.68%
  Val Acc: 50.00% | LR: 0.009469
Patience remaining: 4/50
  --------------------------------------------------
DEBUG: Evaluate function - 80 predictions, 80 targets
DEBUG: Unique predictions: [1], Unique targets: [0 1]

Epoch  76/500 Summary:
  Train Loss: 0.6934 | Train Acc: 50.00%
  Val Acc: 50.00% | LR: 0.009455
Patience remaining: 3/50
  --------------------------------------------------
DEBUG: Evaluate function - 80 predictions, 80 targets
DEBUG: Unique predictions: [0], Unique targets: [0 1]

Epoch  77/500 Summary:
  Train Loss: 0.6923 | Train Acc: 50.18%
  Val Acc: 50.00% | LR: 0.009441
Patience remaining: 2/50
  --------------------------------------------------
DEBUG: Evaluate function - 80 predictions, 80 targets
DEBUG: Unique predictions: [0], Unique targets: [0 1]

Epoch  78/500 Summary:
  Train Loss: 0.6942 | Train Acc: 50.54%
  Val Acc: 50.00% | LR: 0.009426
Patience remaining: 1/50
  --------------------------------------------------
DEBUG: Evaluate function - 80 predictions, 80 targets
DEBUG: Unique predictions: [1], Unique targets: [0 1]

Epoch  79/500 Summary:
  Train Loss: 0.6944 | Train Acc: 48.04%
  Val Acc: 50.00% | LR: 0.009411
Early stopping triggered! No improvement for 50 epochs
Best validation accuracy: 51.25%

============================================================
Training Complete!
Best Validation Accuracy: 51.25%
============================================================
DEBUG: Evaluate function - 80 predictions, 80 targets
DEBUG: Unique predictions: [1], Unique targets: [0 1]
Training class distribution: [280, 280]

============================================================
Starting Training - Max Epochs: 500
Model: EEGConformer
Learning Rate: 0.01, Weight Decay: 0.0001
Dropout: 0.25, Early Stopping Patience: 50
============================================================
DEBUG: Evaluate function - 80 predictions, 80 targets
DEBUG: Unique predictions: [0], Unique targets: [0 1]

Epoch   1/500 Summary:
  Train Loss: 0.9412 | Train Acc: 49.29%
  Val Acc: 50.00% | LR: 0.010000
New best validation accuracy!
  --------------------------------------------------
DEBUG: Evaluate function - 80 predictions, 80 targets
DEBUG: Unique predictions: [1], Unique targets: [0 1]

Epoch   2/500 Summary:
  Train Loss: 0.7026 | Train Acc: 51.07%
  Val Acc: 50.00% | LR: 0.010000
Patience remaining: 49/50
  --------------------------------------------------
DEBUG: Evaluate function - 80 predictions, 80 targets
DEBUG: Unique predictions: [0], Unique targets: [0 1]

Epoch   3/500 Summary:
  Train Loss: 0.7011 | Train Acc: 50.18%
  Val Acc: 50.00% | LR: 0.010000
Patience remaining: 48/50
  --------------------------------------------------
DEBUG: Evaluate function - 80 predictions, 80 targets
DEBUG: Unique predictions: [1], Unique targets: [0 1]

Epoch   4/500 Summary:
  Train Loss: 0.7006 | Train Acc: 48.75%
  Val Acc: 50.00% | LR: 0.009999
Patience remaining: 47/50
  --------------------------------------------------
DEBUG: Evaluate function - 80 predictions, 80 targets
DEBUG: Unique predictions: [0], Unique targets: [0 1]

Epoch   5/500 Summary:
  Train Loss: 0.6909 | Train Acc: 50.89%
  Val Acc: 50.00% | LR: 0.009998
Patience remaining: 46/50
  --------------------------------------------------
DEBUG: Evaluate function - 80 predictions, 80 targets
DEBUG: Unique predictions: [0], Unique targets: [0 1]

Epoch   6/500 Summary:
  Train Loss: 0.6993 | Train Acc: 50.00%
  Val Acc: 50.00% | LR: 0.009998
Patience remaining: 45/50
  --------------------------------------------------
DEBUG: Evaluate function - 80 predictions, 80 targets
DEBUG: Unique predictions: [1], Unique targets: [0 1]

Epoch   7/500 Summary:
  Train Loss: 0.6935 | Train Acc: 49.11%
  Val Acc: 50.00% | LR: 0.009996
Patience remaining: 44/50
  --------------------------------------------------
DEBUG: Evaluate function - 80 predictions, 80 targets
DEBUG: Unique predictions: [1], Unique targets: [0 1]

Epoch   8/500 Summary:
  Train Loss: 0.6956 | Train Acc: 49.82%
  Val Acc: 50.00% | LR: 0.009995
Patience remaining: 43/50
  --------------------------------------------------
DEBUG: Evaluate function - 80 predictions, 80 targets
DEBUG: Unique predictions: [0], Unique targets: [0 1]

Epoch   9/500 Summary:
  Train Loss: 0.6930 | Train Acc: 48.93%
  Val Acc: 50.00% | LR: 0.009994
Patience remaining: 42/50
  --------------------------------------------------
DEBUG: Evaluate function - 80 predictions, 80 targets
DEBUG: Unique predictions: [0], Unique targets: [0 1]

Epoch  10/500 Summary:
  Train Loss: 0.6934 | Train Acc: 48.93%
  Val Acc: 50.00% | LR: 0.009992
Patience remaining: 41/50
  --------------------------------------------------
DEBUG: Evaluate function - 80 predictions, 80 targets
DEBUG: Unique predictions: [0 1], Unique targets: [0 1]

Epoch  11/500 Summary:
  Train Loss: 0.6953 | Train Acc: 49.82%
  Val Acc: 52.50% | LR: 0.009990
New best validation accuracy!
  --------------------------------------------------
DEBUG: Evaluate function - 80 predictions, 80 targets
DEBUG: Unique predictions: [1], Unique targets: [0 1]

Epoch  12/500 Summary:
  Train Loss: 0.6953 | Train Acc: 51.25%
  Val Acc: 50.00% | LR: 0.009988
Patience remaining: 49/50
  --------------------------------------------------
DEBUG: Evaluate function - 80 predictions, 80 targets
DEBUG: Unique predictions: [0], Unique targets: [0 1]

Epoch  13/500 Summary:
  Train Loss: 0.6935 | Train Acc: 50.71%
  Val Acc: 50.00% | LR: 0.009986
Patience remaining: 48/50
  --------------------------------------------------
DEBUG: Evaluate function - 80 predictions, 80 targets
DEBUG: Unique predictions: [0], Unique targets: [0 1]

Epoch  14/500 Summary:
  Train Loss: 0.6944 | Train Acc: 50.36%
  Val Acc: 50.00% | LR: 0.009983
Patience remaining: 47/50
  --------------------------------------------------
DEBUG: Evaluate function - 80 predictions, 80 targets
DEBUG: Unique predictions: [0 1], Unique targets: [0 1]

Epoch  15/500 Summary:
  Train Loss: 0.6941 | Train Acc: 50.00%
  Val Acc: 51.25% | LR: 0.009981
Patience remaining: 46/50
  --------------------------------------------------
DEBUG: Evaluate function - 80 predictions, 80 targets
DEBUG: Unique predictions: [0 1], Unique targets: [0 1]

Epoch  16/500 Summary:
  Train Loss: 0.6931 | Train Acc: 51.96%
  Val Acc: 58.75% | LR: 0.009978
New best validation accuracy!
  --------------------------------------------------
DEBUG: Evaluate function - 80 predictions, 80 targets
DEBUG: Unique predictions: [0 1], Unique targets: [0 1]

Epoch  17/500 Summary:
  Train Loss: 0.6935 | Train Acc: 50.71%
  Val Acc: 52.50% | LR: 0.009975
Patience remaining: 49/50
  --------------------------------------------------
DEBUG: Evaluate function - 80 predictions, 80 targets
DEBUG: Unique predictions: [0 1], Unique targets: [0 1]

Epoch  18/500 Summary:
  Train Loss: 0.6904 | Train Acc: 53.57%
  Val Acc: 53.75% | LR: 0.009972
Patience remaining: 48/50
  --------------------------------------------------
DEBUG: Evaluate function - 80 predictions, 80 targets
DEBUG: Unique predictions: [0 1], Unique targets: [0 1]

Epoch  19/500 Summary:
  Train Loss: 0.6894 | Train Acc: 54.11%
  Val Acc: 55.00% | LR: 0.009968
Patience remaining: 47/50
  --------------------------------------------------
DEBUG: Evaluate function - 80 predictions, 80 targets
DEBUG: Unique predictions: [0 1], Unique targets: [0 1]

Epoch  20/500 Summary:
  Train Loss: 0.6881 | Train Acc: 54.29%
  Val Acc: 52.50% | LR: 0.009964
Patience remaining: 46/50
  --------------------------------------------------
DEBUG: Evaluate function - 80 predictions, 80 targets
DEBUG: Unique predictions: [0 1], Unique targets: [0 1]

Epoch  21/500 Summary:
  Train Loss: 0.6841 | Train Acc: 56.96%
  Val Acc: 53.75% | LR: 0.009961
Patience remaining: 45/50
  --------------------------------------------------
DEBUG: Evaluate function - 80 predictions, 80 targets
DEBUG: Unique predictions: [0 1], Unique targets: [0 1]

Epoch  22/500 Summary:
  Train Loss: 0.6865 | Train Acc: 57.86%
  Val Acc: 55.00% | LR: 0.009957
Patience remaining: 44/50
  --------------------------------------------------
DEBUG: Evaluate function - 80 predictions, 80 targets
DEBUG: Unique predictions: [0 1], Unique targets: [0 1]

Epoch  23/500 Summary:
  Train Loss: 0.6844 | Train Acc: 57.14%
  Val Acc: 53.75% | LR: 0.009952
Patience remaining: 43/50
  --------------------------------------------------
DEBUG: Evaluate function - 80 predictions, 80 targets
DEBUG: Unique predictions: [0 1], Unique targets: [0 1]

Epoch  24/500 Summary:
  Train Loss: 0.6745 | Train Acc: 60.00%
  Val Acc: 58.75% | LR: 0.009948
Patience remaining: 42/50
  --------------------------------------------------
DEBUG: Evaluate function - 80 predictions, 80 targets
DEBUG: Unique predictions: [0 1], Unique targets: [0 1]

Epoch  25/500 Summary:
  Train Loss: 0.6712 | Train Acc: 61.07%
  Val Acc: 61.25% | LR: 0.009943
New best validation accuracy!
  --------------------------------------------------
DEBUG: Evaluate function - 80 predictions, 80 targets
DEBUG: Unique predictions: [0 1], Unique targets: [0 1]

Epoch  26/500 Summary:
  Train Loss: 0.6766 | Train Acc: 60.00%
  Val Acc: 57.50% | LR: 0.009938
Patience remaining: 49/50
  --------------------------------------------------
DEBUG: Evaluate function - 80 predictions, 80 targets
DEBUG: Unique predictions: [0 1], Unique targets: [0 1]

Epoch  27/500 Summary:
  Train Loss: 0.6747 | Train Acc: 61.25%
  Val Acc: 60.00% | LR: 0.009933
Patience remaining: 48/50
  --------------------------------------------------
DEBUG: Evaluate function - 80 predictions, 80 targets
DEBUG: Unique predictions: [0 1], Unique targets: [0 1]

Epoch  28/500 Summary:
  Train Loss: 0.6695 | Train Acc: 59.82%
  Val Acc: 56.25% | LR: 0.009928
Patience remaining: 47/50
  --------------------------------------------------
DEBUG: Evaluate function - 80 predictions, 80 targets
DEBUG: Unique predictions: [0 1], Unique targets: [0 1]

Epoch  29/500 Summary:
  Train Loss: 0.6667 | Train Acc: 61.25%
  Val Acc: 57.50% | LR: 0.009923
Patience remaining: 46/50
  --------------------------------------------------
DEBUG: Evaluate function - 80 predictions, 80 targets
DEBUG: Unique predictions: [0 1], Unique targets: [0 1]

Epoch  30/500 Summary:
  Train Loss: 0.6595 | Train Acc: 62.14%
  Val Acc: 60.00% | LR: 0.009917
Patience remaining: 45/50
  --------------------------------------------------
DEBUG: Evaluate function - 80 predictions, 80 targets
DEBUG: Unique predictions: [0 1], Unique targets: [0 1]

Epoch  31/500 Summary:
  Train Loss: 0.6681 | Train Acc: 58.57%
  Val Acc: 57.50% | LR: 0.009911
Patience remaining: 44/50
  --------------------------------------------------
DEBUG: Evaluate function - 80 predictions, 80 targets
DEBUG: Unique predictions: [0 1], Unique targets: [0 1]

Epoch  32/500 Summary:
  Train Loss: 0.6532 | Train Acc: 60.54%
  Val Acc: 53.75% | LR: 0.009905
Patience remaining: 43/50
  --------------------------------------------------
DEBUG: Evaluate function - 80 predictions, 80 targets
DEBUG: Unique predictions: [0 1], Unique targets: [0 1]

Epoch  33/500 Summary:
  Train Loss: 0.6561 | Train Acc: 61.61%
  Val Acc: 56.25% | LR: 0.009899
Patience remaining: 42/50
  --------------------------------------------------
DEBUG: Evaluate function - 80 predictions, 80 targets
DEBUG: Unique predictions: [0 1], Unique targets: [0 1]

Epoch  34/500 Summary:
  Train Loss: 0.6386 | Train Acc: 63.39%
  Val Acc: 57.50% | LR: 0.009893
Patience remaining: 41/50
  --------------------------------------------------
DEBUG: Evaluate function - 80 predictions, 80 targets
DEBUG: Unique predictions: [0 1], Unique targets: [0 1]

Epoch  35/500 Summary:
  Train Loss: 0.6442 | Train Acc: 61.96%
  Val Acc: 61.25% | LR: 0.009886
Patience remaining: 40/50
  --------------------------------------------------
DEBUG: Evaluate function - 80 predictions, 80 targets
DEBUG: Unique predictions: [0 1], Unique targets: [0 1]

Epoch  36/500 Summary:
  Train Loss: 0.6499 | Train Acc: 63.04%
  Val Acc: 62.50% | LR: 0.009880
New best validation accuracy!
  --------------------------------------------------
DEBUG: Evaluate function - 80 predictions, 80 targets
DEBUG: Unique predictions: [0 1], Unique targets: [0 1]

Epoch  37/500 Summary:
  Train Loss: 0.6617 | Train Acc: 60.71%
  Val Acc: 58.75% | LR: 0.009873
Patience remaining: 49/50
  --------------------------------------------------
DEBUG: Evaluate function - 80 predictions, 80 targets
DEBUG: Unique predictions: [0 1], Unique targets: [0 1]

Epoch  38/500 Summary:
  Train Loss: 0.6326 | Train Acc: 61.96%
  Val Acc: 63.75% | LR: 0.009865
New best validation accuracy!
  --------------------------------------------------
DEBUG: Evaluate function - 80 predictions, 80 targets
DEBUG: Unique predictions: [0 1], Unique targets: [0 1]

Epoch  39/500 Summary:
  Train Loss: 0.6342 | Train Acc: 62.50%
  Val Acc: 57.50% | LR: 0.009858
Patience remaining: 49/50
  --------------------------------------------------
DEBUG: Evaluate function - 80 predictions, 80 targets
DEBUG: Unique predictions: [0 1], Unique targets: [0 1]

Epoch  40/500 Summary:
  Train Loss: 0.6225 | Train Acc: 66.96%
  Val Acc: 62.50% | LR: 0.009851
Patience remaining: 48/50
  --------------------------------------------------
DEBUG: Evaluate function - 80 predictions, 80 targets
DEBUG: Unique predictions: [0 1], Unique targets: [0 1]

Epoch  41/500 Summary:
  Train Loss: 0.6353 | Train Acc: 63.93%
  Val Acc: 58.75% | LR: 0.009843
Patience remaining: 47/50
  --------------------------------------------------
DEBUG: Evaluate function - 80 predictions, 80 targets
DEBUG: Unique predictions: [0 1], Unique targets: [0 1]

Epoch  42/500 Summary:
  Train Loss: 0.6321 | Train Acc: 65.18%
  Val Acc: 60.00% | LR: 0.009835
Patience remaining: 46/50
  --------------------------------------------------
DEBUG: Evaluate function - 80 predictions, 80 targets
DEBUG: Unique predictions: [0 1], Unique targets: [0 1]

Epoch  43/500 Summary:
  Train Loss: 0.6349 | Train Acc: 66.61%
  Val Acc: 60.00% | LR: 0.009827
Patience remaining: 45/50
  --------------------------------------------------
DEBUG: Evaluate function - 80 predictions, 80 targets
DEBUG: Unique predictions: [0 1], Unique targets: [0 1]

Epoch  44/500 Summary:
  Train Loss: 0.6248 | Train Acc: 67.14%
  Val Acc: 58.75% | LR: 0.009819
Patience remaining: 44/50
  --------------------------------------------------
DEBUG: Evaluate function - 80 predictions, 80 targets
DEBUG: Unique predictions: [0 1], Unique targets: [0 1]

Epoch  45/500 Summary:
  Train Loss: 0.6491 | Train Acc: 62.32%
  Val Acc: 62.50% | LR: 0.009810
Patience remaining: 43/50
  --------------------------------------------------
DEBUG: Evaluate function - 80 predictions, 80 targets
DEBUG: Unique predictions: [0 1], Unique targets: [0 1]

Epoch  46/500 Summary:
  Train Loss: 0.6310 | Train Acc: 62.50%
  Val Acc: 60.00% | LR: 0.009801
Patience remaining: 42/50
  --------------------------------------------------
DEBUG: Evaluate function - 80 predictions, 80 targets
DEBUG: Unique predictions: [0 1], Unique targets: [0 1]

Epoch  47/500 Summary:
  Train Loss: 0.6287 | Train Acc: 65.71%
  Val Acc: 58.75% | LR: 0.009793
Patience remaining: 41/50
  --------------------------------------------------
DEBUG: Evaluate function - 80 predictions, 80 targets
DEBUG: Unique predictions: [0 1], Unique targets: [0 1]

Epoch  48/500 Summary:
  Train Loss: 0.6244 | Train Acc: 64.11%
  Val Acc: 62.50% | LR: 0.009784
Patience remaining: 40/50
  --------------------------------------------------
DEBUG: Evaluate function - 80 predictions, 80 targets
DEBUG: Unique predictions: [0 1], Unique targets: [0 1]

Epoch  49/500 Summary:
  Train Loss: 0.6122 | Train Acc: 67.68%
  Val Acc: 58.75% | LR: 0.009774
Patience remaining: 39/50
  --------------------------------------------------
DEBUG: Evaluate function - 80 predictions, 80 targets
DEBUG: Unique predictions: [0 1], Unique targets: [0 1]

Epoch  50/500 Summary:
  Train Loss: 0.6236 | Train Acc: 65.54%
  Val Acc: 58.75% | LR: 0.009765
Patience remaining: 38/50
  --------------------------------------------------
DEBUG: Evaluate function - 80 predictions, 80 targets
DEBUG: Unique predictions: [0 1], Unique targets: [0 1]

Epoch  51/500 Summary:
  Train Loss: 0.6151 | Train Acc: 66.61%
  Val Acc: 62.50% | LR: 0.009755
Patience remaining: 37/50
  --------------------------------------------------
DEBUG: Evaluate function - 80 predictions, 80 targets
DEBUG: Unique predictions: [0 1], Unique targets: [0 1]

Epoch  52/500 Summary:
  Train Loss: 0.6057 | Train Acc: 66.79%
  Val Acc: 68.75% | LR: 0.009745
New best validation accuracy!
  --------------------------------------------------
DEBUG: Evaluate function - 80 predictions, 80 targets
DEBUG: Unique predictions: [0 1], Unique targets: [0 1]

Epoch  53/500 Summary:
  Train Loss: 0.5904 | Train Acc: 68.93%
  Val Acc: 57.50% | LR: 0.009735
Patience remaining: 49/50
  --------------------------------------------------
DEBUG: Evaluate function - 80 predictions, 80 targets
DEBUG: Unique predictions: [0 1], Unique targets: [0 1]

Epoch  54/500 Summary:
  Train Loss: 0.5956 | Train Acc: 68.93%
  Val Acc: 65.00% | LR: 0.009725
Patience remaining: 48/50
  --------------------------------------------------
DEBUG: Evaluate function - 80 predictions, 80 targets
DEBUG: Unique predictions: [0 1], Unique targets: [0 1]

Epoch  55/500 Summary:
  Train Loss: 0.5942 | Train Acc: 69.46%
  Val Acc: 60.00% | LR: 0.009715
Patience remaining: 47/50
  --------------------------------------------------
DEBUG: Evaluate function - 80 predictions, 80 targets
DEBUG: Unique predictions: [0 1], Unique targets: [0 1]

Epoch  56/500 Summary:
  Train Loss: 0.5851 | Train Acc: 69.29%
  Val Acc: 63.75% | LR: 0.009704
Patience remaining: 46/50
  --------------------------------------------------
DEBUG: Evaluate function - 80 predictions, 80 targets
DEBUG: Unique predictions: [0 1], Unique targets: [0 1]

Epoch  57/500 Summary:
  Train Loss: 0.5818 | Train Acc: 71.07%
  Val Acc: 63.75% | LR: 0.009694
Patience remaining: 45/50
  --------------------------------------------------
DEBUG: Evaluate function - 80 predictions, 80 targets
DEBUG: Unique predictions: [0 1], Unique targets: [0 1]

Epoch  58/500 Summary:
  Train Loss: 0.5794 | Train Acc: 71.07%
  Val Acc: 65.00% | LR: 0.009683
Patience remaining: 44/50
  --------------------------------------------------
DEBUG: Evaluate function - 80 predictions, 80 targets
DEBUG: Unique predictions: [0 1], Unique targets: [0 1]

Epoch  59/500 Summary:
  Train Loss: 0.5543 | Train Acc: 72.32%
  Val Acc: 70.00% | LR: 0.009672
New best validation accuracy!
  --------------------------------------------------
DEBUG: Evaluate function - 80 predictions, 80 targets
DEBUG: Unique predictions: [0 1], Unique targets: [0 1]

Epoch  60/500 Summary:
  Train Loss: 0.5607 | Train Acc: 71.96%
  Val Acc: 65.00% | LR: 0.009660
Patience remaining: 49/50
  --------------------------------------------------
DEBUG: Evaluate function - 80 predictions, 80 targets
DEBUG: Unique predictions: [0 1], Unique targets: [0 1]

Epoch  61/500 Summary:
  Train Loss: 0.5809 | Train Acc: 68.93%
  Val Acc: 66.25% | LR: 0.009649
Patience remaining: 48/50
  --------------------------------------------------
DEBUG: Evaluate function - 80 predictions, 80 targets
DEBUG: Unique predictions: [0 1], Unique targets: [0 1]

Epoch  62/500 Summary:
  Train Loss: 0.5517 | Train Acc: 71.25%
  Val Acc: 67.50% | LR: 0.009637
Patience remaining: 47/50
  --------------------------------------------------
DEBUG: Evaluate function - 80 predictions, 80 targets
DEBUG: Unique predictions: [0 1], Unique targets: [0 1]

Epoch  63/500 Summary:
  Train Loss: 0.5369 | Train Acc: 72.50%
  Val Acc: 58.75% | LR: 0.009625
Patience remaining: 46/50
  --------------------------------------------------
DEBUG: Evaluate function - 80 predictions, 80 targets
DEBUG: Unique predictions: [0 1], Unique targets: [0 1]

Epoch  64/500 Summary:
  Train Loss: 0.5683 | Train Acc: 71.07%
  Val Acc: 62.50% | LR: 0.009613
Patience remaining: 45/50
  --------------------------------------------------
DEBUG: Evaluate function - 80 predictions, 80 targets
DEBUG: Unique predictions: [0 1], Unique targets: [0 1]

Epoch  65/500 Summary:
  Train Loss: 0.5830 | Train Acc: 67.32%
  Val Acc: 63.75% | LR: 0.009601
Patience remaining: 44/50
  --------------------------------------------------
DEBUG: Evaluate function - 80 predictions, 80 targets
DEBUG: Unique predictions: [0 1], Unique targets: [0 1]

Epoch  66/500 Summary:
  Train Loss: 0.5776 | Train Acc: 70.00%
  Val Acc: 66.25% | LR: 0.009589
Patience remaining: 43/50
  --------------------------------------------------
DEBUG: Evaluate function - 80 predictions, 80 targets
DEBUG: Unique predictions: [0 1], Unique targets: [0 1]

Epoch  67/500 Summary:
  Train Loss: 0.5715 | Train Acc: 68.93%
  Val Acc: 72.50% | LR: 0.009576
New best validation accuracy!
  --------------------------------------------------
DEBUG: Evaluate function - 80 predictions, 80 targets
DEBUG: Unique predictions: [0 1], Unique targets: [0 1]

Epoch  68/500 Summary:
  Train Loss: 0.5596 | Train Acc: 69.64%
  Val Acc: 66.25% | LR: 0.009563
Patience remaining: 49/50
  --------------------------------------------------
DEBUG: Evaluate function - 80 predictions, 80 targets
DEBUG: Unique predictions: [0 1], Unique targets: [0 1]

Epoch  69/500 Summary:
  Train Loss: 0.5585 | Train Acc: 69.11%
  Val Acc: 58.75% | LR: 0.009551
Patience remaining: 48/50
  --------------------------------------------------
DEBUG: Evaluate function - 80 predictions, 80 targets
DEBUG: Unique predictions: [0 1], Unique targets: [0 1]

Epoch  70/500 Summary:
  Train Loss: 0.5274 | Train Acc: 72.68%
  Val Acc: 60.00% | LR: 0.009537
Patience remaining: 47/50
  --------------------------------------------------
DEBUG: Evaluate function - 80 predictions, 80 targets
DEBUG: Unique predictions: [0 1], Unique targets: [0 1]

Epoch  71/500 Summary:
  Train Loss: 0.5076 | Train Acc: 73.21%
  Val Acc: 68.75% | LR: 0.009524
Patience remaining: 46/50
  --------------------------------------------------
DEBUG: Evaluate function - 80 predictions, 80 targets
DEBUG: Unique predictions: [0 1], Unique targets: [0 1]

Epoch  72/500 Summary:
  Train Loss: 0.5297 | Train Acc: 73.75%
  Val Acc: 66.25% | LR: 0.009511
Patience remaining: 45/50
  --------------------------------------------------
DEBUG: Evaluate function - 80 predictions, 80 targets
DEBUG: Unique predictions: [0 1], Unique targets: [0 1]

Epoch  73/500 Summary:
  Train Loss: 0.5117 | Train Acc: 75.89%
  Val Acc: 67.50% | LR: 0.009497
Patience remaining: 44/50
  --------------------------------------------------
DEBUG: Evaluate function - 80 predictions, 80 targets
DEBUG: Unique predictions: [0 1], Unique targets: [0 1]

Epoch  74/500 Summary:
  Train Loss: 0.5262 | Train Acc: 76.61%
  Val Acc: 66.25% | LR: 0.009483
Patience remaining: 43/50
  --------------------------------------------------
DEBUG: Evaluate function - 80 predictions, 80 targets
DEBUG: Unique predictions: [0 1], Unique targets: [0 1]

Epoch  75/500 Summary:
  Train Loss: 0.5064 | Train Acc: 77.86%
  Val Acc: 65.00% | LR: 0.009469
Patience remaining: 42/50
  --------------------------------------------------
DEBUG: Evaluate function - 80 predictions, 80 targets
DEBUG: Unique predictions: [0 1], Unique targets: [0 1]

Epoch  76/500 Summary:
  Train Loss: 0.5027 | Train Acc: 75.36%
  Val Acc: 61.25% | LR: 0.009455
Patience remaining: 41/50
  --------------------------------------------------
DEBUG: Evaluate function - 80 predictions, 80 targets
DEBUG: Unique predictions: [0 1], Unique targets: [0 1]

Epoch  77/500 Summary:
  Train Loss: 0.4447 | Train Acc: 79.82%
  Val Acc: 65.00% | LR: 0.009441
Patience remaining: 40/50
  --------------------------------------------------
DEBUG: Evaluate function - 80 predictions, 80 targets
DEBUG: Unique predictions: [0 1], Unique targets: [0 1]

Epoch  78/500 Summary:
  Train Loss: 0.4279 | Train Acc: 80.00%
  Val Acc: 67.50% | LR: 0.009426
Patience remaining: 39/50
  --------------------------------------------------
DEBUG: Evaluate function - 80 predictions, 80 targets
DEBUG: Unique predictions: [0 1], Unique targets: [0 1]

Epoch  79/500 Summary:
  Train Loss: 0.4293 | Train Acc: 78.93%
  Val Acc: 68.75% | LR: 0.009411
Patience remaining: 38/50
  --------------------------------------------------
DEBUG: Evaluate function - 80 predictions, 80 targets
DEBUG: Unique predictions: [0 1], Unique targets: [0 1]

Epoch  80/500 Summary:
  Train Loss: 0.4342 | Train Acc: 80.36%
  Val Acc: 66.25% | LR: 0.009397
Patience remaining: 37/50
  --------------------------------------------------
DEBUG: Evaluate function - 80 predictions, 80 targets
DEBUG: Unique predictions: [0 1], Unique targets: [0 1]

Epoch  81/500 Summary:
  Train Loss: 0.4649 | Train Acc: 78.75%
  Val Acc: 63.75% | LR: 0.009382
Patience remaining: 36/50
  --------------------------------------------------
DEBUG: Evaluate function - 80 predictions, 80 targets
DEBUG: Unique predictions: [0 1], Unique targets: [0 1]

Epoch  82/500 Summary:
  Train Loss: 0.4865 | Train Acc: 78.21%
  Val Acc: 65.00% | LR: 0.009366
Patience remaining: 35/50
  --------------------------------------------------
DEBUG: Evaluate function - 80 predictions, 80 targets
DEBUG: Unique predictions: [0 1], Unique targets: [0 1]

Epoch  83/500 Summary:
  Train Loss: 0.4358 | Train Acc: 81.25%
  Val Acc: 68.75% | LR: 0.009351
Patience remaining: 34/50
  --------------------------------------------------
DEBUG: Evaluate function - 80 predictions, 80 targets
DEBUG: Unique predictions: [0 1], Unique targets: [0 1]

Epoch  84/500 Summary:
  Train Loss: 0.4206 | Train Acc: 83.57%
  Val Acc: 68.75% | LR: 0.009335
Patience remaining: 33/50
  --------------------------------------------------
DEBUG: Evaluate function - 80 predictions, 80 targets
DEBUG: Unique predictions: [0 1], Unique targets: [0 1]

Epoch  85/500 Summary:
  Train Loss: 0.4349 | Train Acc: 79.64%
  Val Acc: 71.25% | LR: 0.009320
Patience remaining: 32/50
  --------------------------------------------------
DEBUG: Evaluate function - 80 predictions, 80 targets
DEBUG: Unique predictions: [0 1], Unique targets: [0 1]

Epoch  86/500 Summary:
  Train Loss: 0.4288 | Train Acc: 81.43%
  Val Acc: 70.00% | LR: 0.009304
Patience remaining: 31/50
  --------------------------------------------------
DEBUG: Evaluate function - 80 predictions, 80 targets
DEBUG: Unique predictions: [0 1], Unique targets: [0 1]

Epoch  87/500 Summary:
  Train Loss: 0.4306 | Train Acc: 81.61%
  Val Acc: 63.75% | LR: 0.009288
Patience remaining: 30/50
  --------------------------------------------------
DEBUG: Evaluate function - 80 predictions, 80 targets
DEBUG: Unique predictions: [0 1], Unique targets: [0 1]

Epoch  88/500 Summary:
  Train Loss: 0.3983 | Train Acc: 83.04%
  Val Acc: 67.50% | LR: 0.009271
Patience remaining: 29/50
  --------------------------------------------------
DEBUG: Evaluate function - 80 predictions, 80 targets
DEBUG: Unique predictions: [0 1], Unique targets: [0 1]

Epoch  89/500 Summary:
  Train Loss: 0.3931 | Train Acc: 84.82%
  Val Acc: 68.75% | LR: 0.009255
Patience remaining: 28/50
  --------------------------------------------------
DEBUG: Evaluate function - 80 predictions, 80 targets
DEBUG: Unique predictions: [0 1], Unique targets: [0 1]

Epoch  90/500 Summary:
  Train Loss: 0.3835 | Train Acc: 85.00%
  Val Acc: 71.25% | LR: 0.009238
Patience remaining: 27/50
  --------------------------------------------------
DEBUG: Evaluate function - 80 predictions, 80 targets
DEBUG: Unique predictions: [0 1], Unique targets: [0 1]

Epoch  91/500 Summary:
  Train Loss: 0.3585 | Train Acc: 85.36%
  Val Acc: 66.25% | LR: 0.009222
Patience remaining: 26/50
  --------------------------------------------------
DEBUG: Evaluate function - 80 predictions, 80 targets
DEBUG: Unique predictions: [0 1], Unique targets: [0 1]

Epoch  92/500 Summary:
  Train Loss: 0.3640 | Train Acc: 85.00%
  Val Acc: 67.50% | LR: 0.009205
Patience remaining: 25/50
  --------------------------------------------------
DEBUG: Evaluate function - 80 predictions, 80 targets
DEBUG: Unique predictions: [0 1], Unique targets: [0 1]

Epoch  93/500 Summary:
  Train Loss: 0.3733 | Train Acc: 85.71%
  Val Acc: 68.75% | LR: 0.009188
Patience remaining: 24/50
  --------------------------------------------------
DEBUG: Evaluate function - 80 predictions, 80 targets
DEBUG: Unique predictions: [0 1], Unique targets: [0 1]

Epoch  94/500 Summary:
  Train Loss: 0.3642 | Train Acc: 85.00%
  Val Acc: 67.50% | LR: 0.009170
Patience remaining: 23/50
  --------------------------------------------------
DEBUG: Evaluate function - 80 predictions, 80 targets
DEBUG: Unique predictions: [0 1], Unique targets: [0 1]

Epoch  95/500 Summary:
  Train Loss: 0.3715 | Train Acc: 88.21%
  Val Acc: 66.25% | LR: 0.009153
Patience remaining: 22/50
  --------------------------------------------------
DEBUG: Evaluate function - 80 predictions, 80 targets
DEBUG: Unique predictions: [0 1], Unique targets: [0 1]

Epoch  96/500 Summary:
  Train Loss: 0.3444 | Train Acc: 87.86%
  Val Acc: 66.25% | LR: 0.009135
Patience remaining: 21/50
  --------------------------------------------------
DEBUG: Evaluate function - 80 predictions, 80 targets
DEBUG: Unique predictions: [0 1], Unique targets: [0 1]

Epoch  97/500 Summary:
  Train Loss: 0.3600 | Train Acc: 85.89%
  Val Acc: 68.75% | LR: 0.009118
Patience remaining: 20/50
  --------------------------------------------------
DEBUG: Evaluate function - 80 predictions, 80 targets
DEBUG: Unique predictions: [0 1], Unique targets: [0 1]

Epoch  98/500 Summary:
  Train Loss: 0.3779 | Train Acc: 83.75%
  Val Acc: 65.00% | LR: 0.009100
Patience remaining: 19/50
  --------------------------------------------------
DEBUG: Evaluate function - 80 predictions, 80 targets
DEBUG: Unique predictions: [0 1], Unique targets: [0 1]

Epoch  99/500 Summary:
  Train Loss: 0.3591 | Train Acc: 86.61%
  Val Acc: 60.00% | LR: 0.009082
Patience remaining: 18/50
  --------------------------------------------------
DEBUG: Evaluate function - 80 predictions, 80 targets
DEBUG: Unique predictions: [0 1], Unique targets: [0 1]

Epoch 100/500 Summary:
  Train Loss: 0.3775 | Train Acc: 83.93%
  Val Acc: 65.00% | LR: 0.009063
Patience remaining: 17/50
  --------------------------------------------------
DEBUG: Evaluate function - 80 predictions, 80 targets
DEBUG: Unique predictions: [0 1], Unique targets: [0 1]

Epoch 101/500 Summary:
  Train Loss: 0.3302 | Train Acc: 87.68%
  Val Acc: 63.75% | LR: 0.009045
Patience remaining: 16/50
  --------------------------------------------------
DEBUG: Evaluate function - 80 predictions, 80 targets
DEBUG: Unique predictions: [0 1], Unique targets: [0 1]

Epoch 102/500 Summary:
  Train Loss: 0.3258 | Train Acc: 86.25%
  Val Acc: 73.75% | LR: 0.009027
New best validation accuracy!
  --------------------------------------------------
DEBUG: Evaluate function - 80 predictions, 80 targets
DEBUG: Unique predictions: [0 1], Unique targets: [0 1]

Epoch 103/500 Summary:
  Train Loss: 0.3667 | Train Acc: 85.89%
  Val Acc: 68.75% | LR: 0.009008
Patience remaining: 49/50
  --------------------------------------------------
DEBUG: Evaluate function - 80 predictions, 80 targets
DEBUG: Unique predictions: [0 1], Unique targets: [0 1]

Epoch 104/500 Summary:
  Train Loss: 0.3592 | Train Acc: 85.71%
  Val Acc: 67.50% | LR: 0.008989
Patience remaining: 48/50
  --------------------------------------------------
DEBUG: Evaluate function - 80 predictions, 80 targets
DEBUG: Unique predictions: [0 1], Unique targets: [0 1]

Epoch 105/500 Summary:
  Train Loss: 0.3139 | Train Acc: 88.57%
  Val Acc: 67.50% | LR: 0.008970
Patience remaining: 47/50
  --------------------------------------------------
DEBUG: Evaluate function - 80 predictions, 80 targets
DEBUG: Unique predictions: [0 1], Unique targets: [0 1]

Epoch 106/500 Summary:
  Train Loss: 0.3374 | Train Acc: 86.96%
  Val Acc: 66.25% | LR: 0.008951
Patience remaining: 46/50
  --------------------------------------------------
DEBUG: Evaluate function - 80 predictions, 80 targets
DEBUG: Unique predictions: [0 1], Unique targets: [0 1]

Epoch 107/500 Summary:
  Train Loss: 0.3012 | Train Acc: 90.36%
  Val Acc: 71.25% | LR: 0.008931
Patience remaining: 45/50
  --------------------------------------------------
DEBUG: Evaluate function - 80 predictions, 80 targets
DEBUG: Unique predictions: [0 1], Unique targets: [0 1]

Epoch 108/500 Summary:
  Train Loss: 0.3164 | Train Acc: 89.46%
  Val Acc: 65.00% | LR: 0.008912
Patience remaining: 44/50
  --------------------------------------------------
DEBUG: Evaluate function - 80 predictions, 80 targets
DEBUG: Unique predictions: [0 1], Unique targets: [0 1]

Epoch 109/500 Summary:
  Train Loss: 0.3286 | Train Acc: 86.96%
  Val Acc: 63.75% | LR: 0.008892
Patience remaining: 43/50
  --------------------------------------------------
DEBUG: Evaluate function - 80 predictions, 80 targets
DEBUG: Unique predictions: [0 1], Unique targets: [0 1]

Epoch 110/500 Summary:
  Train Loss: 0.3274 | Train Acc: 88.04%
  Val Acc: 66.25% | LR: 0.008873
Patience remaining: 42/50
  --------------------------------------------------
DEBUG: Evaluate function - 80 predictions, 80 targets
DEBUG: Unique predictions: [0 1], Unique targets: [0 1]

Epoch 111/500 Summary:
  Train Loss: 0.3189 | Train Acc: 87.14%
  Val Acc: 66.25% | LR: 0.008853
Patience remaining: 41/50
  --------------------------------------------------
DEBUG: Evaluate function - 80 predictions, 80 targets
DEBUG: Unique predictions: [0 1], Unique targets: [0 1]

Epoch 112/500 Summary:
  Train Loss: 0.2871 | Train Acc: 88.21%
  Val Acc: 66.25% | LR: 0.008832
Patience remaining: 40/50
  --------------------------------------------------
DEBUG: Evaluate function - 80 predictions, 80 targets
DEBUG: Unique predictions: [0 1], Unique targets: [0 1]

Epoch 113/500 Summary:
  Train Loss: 0.2753 | Train Acc: 89.64%
  Val Acc: 65.00% | LR: 0.008812
Patience remaining: 39/50
  --------------------------------------------------
DEBUG: Evaluate function - 80 predictions, 80 targets
DEBUG: Unique predictions: [0 1], Unique targets: [0 1]

Epoch 114/500 Summary:
  Train Loss: 0.3219 | Train Acc: 87.86%
  Val Acc: 67.50% | LR: 0.008792
Patience remaining: 38/50
  --------------------------------------------------
DEBUG: Evaluate function - 80 predictions, 80 targets
DEBUG: Unique predictions: [0 1], Unique targets: [0 1]

Epoch 115/500 Summary:
  Train Loss: 0.2940 | Train Acc: 91.07%
  Val Acc: 68.75% | LR: 0.008771
Patience remaining: 37/50
  --------------------------------------------------
DEBUG: Evaluate function - 80 predictions, 80 targets
DEBUG: Unique predictions: [0 1], Unique targets: [0 1]

Epoch 116/500 Summary:
  Train Loss: 0.3020 | Train Acc: 88.57%
  Val Acc: 67.50% | LR: 0.008751
Patience remaining: 36/50
  --------------------------------------------------
DEBUG: Evaluate function - 80 predictions, 80 targets
DEBUG: Unique predictions: [0 1], Unique targets: [0 1]

Epoch 117/500 Summary:
  Train Loss: 0.2793 | Train Acc: 89.29%
  Val Acc: 62.50% | LR: 0.008730
Patience remaining: 35/50
  --------------------------------------------------
DEBUG: Evaluate function - 80 predictions, 80 targets
DEBUG: Unique predictions: [0 1], Unique targets: [0 1]

Epoch 118/500 Summary:
  Train Loss: 0.3170 | Train Acc: 88.57%
  Val Acc: 63.75% | LR: 0.008709
Patience remaining: 34/50
  --------------------------------------------------
DEBUG: Evaluate function - 80 predictions, 80 targets
DEBUG: Unique predictions: [0 1], Unique targets: [0 1]

Epoch 119/500 Summary:
  Train Loss: 0.2805 | Train Acc: 89.11%
  Val Acc: 66.25% | LR: 0.008688
Patience remaining: 33/50
  --------------------------------------------------
DEBUG: Evaluate function - 80 predictions, 80 targets
DEBUG: Unique predictions: [0 1], Unique targets: [0 1]

Epoch 120/500 Summary:
  Train Loss: 0.2923 | Train Acc: 90.18%
  Val Acc: 67.50% | LR: 0.008666
Patience remaining: 32/50
  --------------------------------------------------
DEBUG: Evaluate function - 80 predictions, 80 targets
DEBUG: Unique predictions: [0 1], Unique targets: [0 1]

Epoch 121/500 Summary:
  Train Loss: 0.3210 | Train Acc: 89.11%
  Val Acc: 65.00% | LR: 0.008645
Patience remaining: 31/50
  --------------------------------------------------
DEBUG: Evaluate function - 80 predictions, 80 targets
DEBUG: Unique predictions: [0 1], Unique targets: [0 1]

Epoch 122/500 Summary:
  Train Loss: 0.2845 | Train Acc: 88.57%
  Val Acc: 63.75% | LR: 0.008623
Patience remaining: 30/50
  --------------------------------------------------
DEBUG: Evaluate function - 80 predictions, 80 targets
DEBUG: Unique predictions: [0 1], Unique targets: [0 1]

Epoch 123/500 Summary:
  Train Loss: 0.3011 | Train Acc: 87.86%
  Val Acc: 62.50% | LR: 0.008602
Patience remaining: 29/50
  --------------------------------------------------
DEBUG: Evaluate function - 80 predictions, 80 targets
DEBUG: Unique predictions: [0 1], Unique targets: [0 1]

Epoch 124/500 Summary:
  Train Loss: 0.2700 | Train Acc: 91.07%
  Val Acc: 65.00% | LR: 0.008580
Patience remaining: 28/50
  --------------------------------------------------
DEBUG: Evaluate function - 80 predictions, 80 targets
DEBUG: Unique predictions: [0 1], Unique targets: [0 1]

Epoch 125/500 Summary:
  Train Loss: 0.2742 | Train Acc: 91.43%
  Val Acc: 63.75% | LR: 0.008558
Patience remaining: 27/50
  --------------------------------------------------
DEBUG: Evaluate function - 80 predictions, 80 targets
DEBUG: Unique predictions: [0 1], Unique targets: [0 1]

Epoch 126/500 Summary:
  Train Loss: 0.3146 | Train Acc: 88.21%
  Val Acc: 66.25% | LR: 0.008536
Patience remaining: 26/50
  --------------------------------------------------
DEBUG: Evaluate function - 80 predictions, 80 targets
DEBUG: Unique predictions: [0 1], Unique targets: [0 1]

Epoch 127/500 Summary:
  Train Loss: 0.2746 | Train Acc: 90.18%
  Val Acc: 72.50% | LR: 0.008513
Patience remaining: 25/50
  --------------------------------------------------
DEBUG: Evaluate function - 80 predictions, 80 targets
DEBUG: Unique predictions: [0 1], Unique targets: [0 1]

Epoch 128/500 Summary:
  Train Loss: 0.2847 | Train Acc: 88.75%
  Val Acc: 70.00% | LR: 0.008491
Patience remaining: 24/50
  --------------------------------------------------
DEBUG: Evaluate function - 80 predictions, 80 targets
DEBUG: Unique predictions: [0 1], Unique targets: [0 1]

Epoch 129/500 Summary:
  Train Loss: 0.2717 | Train Acc: 89.11%
  Val Acc: 67.50% | LR: 0.008468
Patience remaining: 23/50
  --------------------------------------------------
DEBUG: Evaluate function - 80 predictions, 80 targets
DEBUG: Unique predictions: [0 1], Unique targets: [0 1]

Epoch 130/500 Summary:
  Train Loss: 0.2952 | Train Acc: 88.04%
  Val Acc: 62.50% | LR: 0.0084462025-09-26 17:59:50 -     Test accuracy: 0.6562
2025-09-26 17:59:50 -   Fold 3/5
2025-09-26 17:59:50 -     Fold split: Train=560, Val=80

Patience remaining: 22/50
  --------------------------------------------------
DEBUG: Evaluate function - 80 predictions, 80 targets
DEBUG: Unique predictions: [0 1], Unique targets: [0 1]

Epoch 131/500 Summary:
  Train Loss: 0.2661 | Train Acc: 90.18%
  Val Acc: 70.00% | LR: 0.008423
Patience remaining: 21/50
  --------------------------------------------------
DEBUG: Evaluate function - 80 predictions, 80 targets
DEBUG: Unique predictions: [0 1], Unique targets: [0 1]

Epoch 132/500 Summary:
  Train Loss: 0.2770 | Train Acc: 90.18%
  Val Acc: 60.00% | LR: 0.008400
Patience remaining: 20/50
  --------------------------------------------------
DEBUG: Evaluate function - 80 predictions, 80 targets
DEBUG: Unique predictions: [0 1], Unique targets: [0 1]

Epoch 133/500 Summary:
  Train Loss: 0.2909 | Train Acc: 86.96%
  Val Acc: 61.25% | LR: 0.008377
Patience remaining: 19/50
  --------------------------------------------------
DEBUG: Evaluate function - 80 predictions, 80 targets
DEBUG: Unique predictions: [0 1], Unique targets: [0 1]

Epoch 134/500 Summary:
  Train Loss: 0.2717 | Train Acc: 90.00%
  Val Acc: 66.25% | LR: 0.008353
Patience remaining: 18/50
  --------------------------------------------------
DEBUG: Evaluate function - 80 predictions, 80 targets
DEBUG: Unique predictions: [0 1], Unique targets: [0 1]

Epoch 135/500 Summary:
  Train Loss: 0.2611 | Train Acc: 91.07%
  Val Acc: 65.00% | LR: 0.008330
Patience remaining: 17/50
  --------------------------------------------------
DEBUG: Evaluate function - 80 predictions, 80 targets
DEBUG: Unique predictions: [0 1], Unique targets: [0 1]

Epoch 136/500 Summary:
  Train Loss: 0.2493 | Train Acc: 91.07%
  Val Acc: 70.00% | LR: 0.008307
Patience remaining: 16/50
  --------------------------------------------------
DEBUG: Evaluate function - 80 predictions, 80 targets
DEBUG: Unique predictions: [0 1], Unique targets: [0 1]

Epoch 137/500 Summary:
  Train Loss: 0.2628 | Train Acc: 88.93%
  Val Acc: 65.00% | LR: 0.008283
Patience remaining: 15/50
  --------------------------------------------------
DEBUG: Evaluate function - 80 predictions, 80 targets
DEBUG: Unique predictions: [0 1], Unique targets: [0 1]

Epoch 138/500 Summary:
  Train Loss: 0.2907 | Train Acc: 87.68%
  Val Acc: 66.25% | LR: 0.008259
Patience remaining: 14/50
  --------------------------------------------------
DEBUG: Evaluate function - 80 predictions, 80 targets
DEBUG: Unique predictions: [0 1], Unique targets: [0 1]

Epoch 139/500 Summary:
  Train Loss: 0.2671 | Train Acc: 90.36%
  Val Acc: 68.75% | LR: 0.008235
Patience remaining: 13/50
  --------------------------------------------------
DEBUG: Evaluate function - 80 predictions, 80 targets
DEBUG: Unique predictions: [0 1], Unique targets: [0 1]

Epoch 140/500 Summary:
  Train Loss: 0.2810 | Train Acc: 89.29%
  Val Acc: 65.00% | LR: 0.008211
Patience remaining: 12/50
  --------------------------------------------------
DEBUG: Evaluate function - 80 predictions, 80 targets
DEBUG: Unique predictions: [0 1], Unique targets: [0 1]

Epoch 141/500 Summary:
  Train Loss: 0.2782 | Train Acc: 88.93%
  Val Acc: 70.00% | LR: 0.008187
Patience remaining: 11/50
  --------------------------------------------------
DEBUG: Evaluate function - 80 predictions, 80 targets
DEBUG: Unique predictions: [0 1], Unique targets: [0 1]

Epoch 142/500 Summary:
  Train Loss: 0.2720 | Train Acc: 90.54%
  Val Acc: 63.75% | LR: 0.008163
Patience remaining: 10/50
  --------------------------------------------------
DEBUG: Evaluate function - 80 predictions, 80 targets
DEBUG: Unique predictions: [0 1], Unique targets: [0 1]

Epoch 143/500 Summary:
  Train Loss: 0.2566 | Train Acc: 91.07%
  Val Acc: 62.50% | LR: 0.008138
Patience remaining: 9/50
  --------------------------------------------------
DEBUG: Evaluate function - 80 predictions, 80 targets
DEBUG: Unique predictions: [0 1], Unique targets: [0 1]

Epoch 144/500 Summary:
  Train Loss: 0.2503 | Train Acc: 91.79%
  Val Acc: 65.00% | LR: 0.008114
Patience remaining: 8/50
  --------------------------------------------------
DEBUG: Evaluate function - 80 predictions, 80 targets
DEBUG: Unique predictions: [0 1], Unique targets: [0 1]

Epoch 145/500 Summary:
  Train Loss: 0.2584 | Train Acc: 90.71%
  Val Acc: 61.25% | LR: 0.008089
Patience remaining: 7/50
  --------------------------------------------------
DEBUG: Evaluate function - 80 predictions, 80 targets
DEBUG: Unique predictions: [0 1], Unique targets: [0 1]

Epoch 146/500 Summary:
  Train Loss: 0.2732 | Train Acc: 90.36%
  Val Acc: 65.00% | LR: 0.008065
Patience remaining: 6/50
  --------------------------------------------------
DEBUG: Evaluate function - 80 predictions, 80 targets
DEBUG: Unique predictions: [0 1], Unique targets: [0 1]

Epoch 147/500 Summary:
  Train Loss: 0.2569 | Train Acc: 90.89%
  Val Acc: 63.75% | LR: 0.008040
Patience remaining: 5/50
  --------------------------------------------------
DEBUG: Evaluate function - 80 predictions, 80 targets
DEBUG: Unique predictions: [0 1], Unique targets: [0 1]

Epoch 148/500 Summary:
  Train Loss: 0.2972 | Train Acc: 89.82%
  Val Acc: 65.00% | LR: 0.008015
Patience remaining: 4/50
  --------------------------------------------------
DEBUG: Evaluate function - 80 predictions, 80 targets
DEBUG: Unique predictions: [0 1], Unique targets: [0 1]

Epoch 149/500 Summary:
  Train Loss: 0.2850 | Train Acc: 87.86%
  Val Acc: 65.00% | LR: 0.007990
Patience remaining: 3/50
  --------------------------------------------------
DEBUG: Evaluate function - 80 predictions, 80 targets
DEBUG: Unique predictions: [0 1], Unique targets: [0 1]

Epoch 150/500 Summary:
  Train Loss: 0.2577 | Train Acc: 91.07%
  Val Acc: 66.25% | LR: 0.007964
Patience remaining: 2/50
  --------------------------------------------------
DEBUG: Evaluate function - 80 predictions, 80 targets
DEBUG: Unique predictions: [0 1], Unique targets: [0 1]

Epoch 151/500 Summary:
  Train Loss: 0.2691 | Train Acc: 90.89%
  Val Acc: 63.75% | LR: 0.007939
Patience remaining: 1/50
  --------------------------------------------------
DEBUG: Evaluate function - 80 predictions, 80 targets
DEBUG: Unique predictions: [0 1], Unique targets: [0 1]

Epoch 152/500 Summary:
  Train Loss: 0.2194 | Train Acc: 91.79%
  Val Acc: 58.75% | LR: 0.007913
Early stopping triggered! No improvement for 50 epochs
Best validation accuracy: 73.75%

============================================================
Training Complete!
Best Validation Accuracy: 73.75%
============================================================
DEBUG: Evaluate function - 80 predictions, 80 targets
DEBUG: Unique predictions: [0 1], Unique targets: [0 1]
Training class distribution: [280, 280]

============================================================
Starting Training - Max Epochs: 500
Model: EEGConformer
Learning Rate: 0.01, Weight Decay: 0.0001
Dropout: 0.25, Early Stopping Patience: 50
============================================================
DEBUG: Evaluate function - 80 predictions, 80 targets
DEBUG: Unique predictions: [0], Unique targets: [0 1]

Epoch   1/500 Summary:
  Train Loss: 1.0013 | Train Acc: 50.36%
  Val Acc: 50.00% | LR: 0.010000
New best validation accuracy!
  --------------------------------------------------
DEBUG: Evaluate function - 80 predictions, 80 targets
DEBUG: Unique predictions: [1], Unique targets: [0 1]

Epoch   2/500 Summary:
  Train Loss: 0.7215 | Train Acc: 48.93%
  Val Acc: 50.00% | LR: 0.010000
Patience remaining: 49/50
  --------------------------------------------------
DEBUG: Evaluate function - 80 predictions, 80 targets
DEBUG: Unique predictions: [0], Unique targets: [0 1]

Epoch   3/500 Summary:
  Train Loss: 0.7053 | Train Acc: 49.64%
  Val Acc: 50.00% | LR: 0.010000
Patience remaining: 48/50
  --------------------------------------------------
DEBUG: Evaluate function - 80 predictions, 80 targets
DEBUG: Unique predictions: [0], Unique targets: [0 1]

Epoch   4/500 Summary:
  Train Loss: 0.6998 | Train Acc: 50.00%
  Val Acc: 50.00% | LR: 0.009999
Patience remaining: 47/50
  --------------------------------------------------
DEBUG: Evaluate function - 80 predictions, 80 targets
DEBUG: Unique predictions: [1], Unique targets: [0 1]

Epoch   5/500 Summary:
  Train Loss: 0.6928 | Train Acc: 51.07%
  Val Acc: 50.00% | LR: 0.009998
Patience remaining: 46/50
  --------------------------------------------------
DEBUG: Evaluate function - 80 predictions, 80 targets
DEBUG: Unique predictions: [1], Unique targets: [0 1]

Epoch   6/500 Summary:
  Train Loss: 0.6959 | Train Acc: 50.00%
  Val Acc: 50.00% | LR: 0.009998
Patience remaining: 45/50
  --------------------------------------------------
DEBUG: Evaluate function - 80 predictions, 80 targets
DEBUG: Unique predictions: [0], Unique targets: [0 1]

Epoch   7/500 Summary:
  Train Loss: 0.6930 | Train Acc: 50.54%
  Val Acc: 50.00% | LR: 0.009996
Patience remaining: 44/50
  --------------------------------------------------
DEBUG: Evaluate function - 80 predictions, 80 targets
DEBUG: Unique predictions: [0], Unique targets: [0 1]

Epoch   8/500 Summary:
  Train Loss: 0.6934 | Train Acc: 50.18%
  Val Acc: 50.00% | LR: 0.009995
Patience remaining: 43/50
  --------------------------------------------------
DEBUG: Evaluate function - 80 predictions, 80 targets
DEBUG: Unique predictions: [0], Unique targets: [0 1]

Epoch   9/500 Summary:
  Train Loss: 0.6956 | Train Acc: 50.00%
  Val Acc: 50.00% | LR: 0.009994
Patience remaining: 42/50
  --------------------------------------------------
DEBUG: Evaluate function - 80 predictions, 80 targets
DEBUG: Unique predictions: [1], Unique targets: [0 1]

Epoch  10/500 Summary:
  Train Loss: 0.6949 | Train Acc: 47.86%
  Val Acc: 50.00% | LR: 0.009992
Patience remaining: 41/50
  --------------------------------------------------
DEBUG: Evaluate function - 80 predictions, 80 targets
DEBUG: Unique predictions: [1], Unique targets: [0 1]

Epoch  11/500 Summary:
  Train Loss: 0.6925 | Train Acc: 52.32%
  Val Acc: 50.00% | LR: 0.009990
Patience remaining: 40/50
  --------------------------------------------------
DEBUG: Evaluate function - 80 predictions, 80 targets
DEBUG: Unique predictions: [1], Unique targets: [0 1]

Epoch  12/500 Summary:
  Train Loss: 0.6933 | Train Acc: 50.36%
  Val Acc: 50.00% | LR: 0.009988
Patience remaining: 39/50
  --------------------------------------------------
DEBUG: Evaluate function - 80 predictions, 80 targets
DEBUG: Unique predictions: [1], Unique targets: [0 1]

Epoch  13/500 Summary:
  Train Loss: 0.6940 | Train Acc: 45.54%
  Val Acc: 50.00% | LR: 0.009986
Patience remaining: 38/50
  --------------------------------------------------
DEBUG: Evaluate function - 80 predictions, 80 targets
DEBUG: Unique predictions: [1], Unique targets: [0 1]

Epoch  14/500 Summary:
  Train Loss: 0.6941 | Train Acc: 50.00%
  Val Acc: 50.00% | LR: 0.009983
Patience remaining: 37/50
  --------------------------------------------------
DEBUG: Evaluate function - 80 predictions, 80 targets
DEBUG: Unique predictions: [0], Unique targets: [0 1]

Epoch  15/500 Summary:
  Train Loss: 0.6949 | Train Acc: 45.71%
  Val Acc: 50.00% | LR: 0.009981
Patience remaining: 36/50
  --------------------------------------------------
DEBUG: Evaluate function - 80 predictions, 80 targets
DEBUG: Unique predictions: [0], Unique targets: [0 1]

Epoch  16/500 Summary:
  Train Loss: 0.6937 | Train Acc: 50.00%
  Val Acc: 50.00% | LR: 0.009978
Patience remaining: 35/50
  --------------------------------------------------
DEBUG: Evaluate function - 80 predictions, 80 targets
DEBUG: Unique predictions: [1], Unique targets: [0 1]

Epoch  17/500 Summary:
  Train Loss: 0.6932 | Train Acc: 52.68%
  Val Acc: 50.00% | LR: 0.009975
Patience remaining: 34/50
  --------------------------------------------------
DEBUG: Evaluate function - 80 predictions, 80 targets
DEBUG: Unique predictions: [1], Unique targets: [0 1]

Epoch  18/500 Summary:
  Train Loss: 0.6945 | Train Acc: 50.00%
  Val Acc: 50.00% | LR: 0.009972
Patience remaining: 33/50
  --------------------------------------------------
DEBUG: Evaluate function - 80 predictions, 80 targets
DEBUG: Unique predictions: [0], Unique targets: [0 1]

Epoch  19/500 Summary:
  Train Loss: 0.6938 | Train Acc: 49.11%
  Val Acc: 50.00% | LR: 0.009968
Patience remaining: 32/50
  --------------------------------------------------
DEBUG: Evaluate function - 80 predictions, 80 targets
DEBUG: Unique predictions: [0], Unique targets: [0 1]

Epoch  20/500 Summary:
  Train Loss: 0.6935 | Train Acc: 49.82%
  Val Acc: 50.00% | LR: 0.009964
Patience remaining: 31/50
  --------------------------------------------------
DEBUG: Evaluate function - 80 predictions, 80 targets
DEBUG: Unique predictions: [0], Unique targets: [0 1]

Epoch  21/500 Summary:
  Train Loss: 0.6937 | Train Acc: 49.82%
  Val Acc: 50.00% | LR: 0.009961
Patience remaining: 30/50
  --------------------------------------------------
DEBUG: Evaluate function - 80 predictions, 80 targets
DEBUG: Unique predictions: [0], Unique targets: [0 1]

Epoch  22/500 Summary:
  Train Loss: 0.6939 | Train Acc: 49.11%
  Val Acc: 50.00% | LR: 0.009957
Patience remaining: 29/50
  --------------------------------------------------
DEBUG: Evaluate function - 80 predictions, 80 targets
DEBUG: Unique predictions: [1], Unique targets: [0 1]

Epoch  23/500 Summary:
  Train Loss: 0.6935 | Train Acc: 47.50%
  Val Acc: 50.00% | LR: 0.009952
Patience remaining: 28/50
  --------------------------------------------------
DEBUG: Evaluate function - 80 predictions, 80 targets
DEBUG: Unique predictions: [1], Unique targets: [0 1]

Epoch  24/500 Summary:
  Train Loss: 0.6938 | Train Acc: 48.04%
  Val Acc: 50.00% | LR: 0.009948
Patience remaining: 27/50
  --------------------------------------------------
DEBUG: Evaluate function - 80 predictions, 80 targets
DEBUG: Unique predictions: [1], Unique targets: [0 1]

Epoch  25/500 Summary:
  Train Loss: 0.6926 | Train Acc: 52.86%
  Val Acc: 50.00% | LR: 0.009943
Patience remaining: 26/50
  --------------------------------------------------
DEBUG: Evaluate function - 80 predictions, 80 targets
DEBUG: Unique predictions: [1], Unique targets: [0 1]

Epoch  26/500 Summary:
  Train Loss: 0.6936 | Train Acc: 50.00%
  Val Acc: 50.00% | LR: 0.009938
Patience remaining: 25/50
  --------------------------------------------------
DEBUG: Evaluate function - 80 predictions, 80 targets
DEBUG: Unique predictions: [1], Unique targets: [0 1]

Epoch  27/500 Summary:
  Train Loss: 0.6941 | Train Acc: 50.00%
  Val Acc: 50.00% | LR: 0.009933
Patience remaining: 24/50
  --------------------------------------------------
DEBUG: Evaluate function - 80 predictions, 80 targets
DEBUG: Unique predictions: [0], Unique targets: [0 1]

Epoch  28/500 Summary:
  Train Loss: 0.6941 | Train Acc: 49.11%
  Val Acc: 50.00% | LR: 0.009928
Patience remaining: 23/50
  --------------------------------------------------
DEBUG: Evaluate function - 80 predictions, 80 targets
DEBUG: Unique predictions: [0], Unique targets: [0 1]

Epoch  29/500 Summary:
  Train Loss: 0.6944 | Train Acc: 50.00%
  Val Acc: 50.00% | LR: 0.009923
Patience remaining: 22/50
  --------------------------------------------------
DEBUG: Evaluate function - 80 predictions, 80 targets
DEBUG: Unique predictions: [1], Unique targets: [0 1]

Epoch  30/500 Summary:
  Train Loss: 0.6929 | Train Acc: 50.54%
  Val Acc: 50.00% | LR: 0.009917
Patience remaining: 21/50
  --------------------------------------------------
DEBUG: Evaluate function - 80 predictions, 80 targets
DEBUG: Unique predictions: [1], Unique targets: [0 1]

Epoch  31/500 Summary:
  Train Loss: 0.6948 | Train Acc: 50.18%
  Val Acc: 50.00% | LR: 0.009911
Patience remaining: 20/50
  --------------------------------------------------
DEBUG: Evaluate function - 80 predictions, 80 targets
DEBUG: Unique predictions: [0], Unique targets: [0 1]

Epoch  32/500 Summary:
  Train Loss: 0.6930 | Train Acc: 50.71%
  Val Acc: 50.00% | LR: 0.009905
Patience remaining: 19/50
  --------------------------------------------------
DEBUG: Evaluate function - 80 predictions, 80 targets
DEBUG: Unique predictions: [0], Unique targets: [0 1]

Epoch  33/500 Summary:
  Train Loss: 0.6932 | Train Acc: 50.18%
  Val Acc: 50.00% | LR: 0.009899
Patience remaining: 18/50
  --------------------------------------------------
DEBUG: Evaluate function - 80 predictions, 80 targets2025-09-26 17:59:53 -     Test accuracy: 0.5000
2025-09-26 17:59:53 -   Fold 4/5
2025-09-26 17:59:53 -     Fold split: Train=560, Val=80

DEBUG: Unique predictions: [0], Unique targets: [0 1]

Epoch  34/500 Summary:
  Train Loss: 0.6938 | Train Acc: 50.00%
  Val Acc: 50.00% | LR: 0.009893
Patience remaining: 17/50
  --------------------------------------------------
DEBUG: Evaluate function - 80 predictions, 80 targets
DEBUG: Unique predictions: [0], Unique targets: [0 1]

Epoch  35/500 Summary:
  Train Loss: 0.6936 | Train Acc: 50.00%
  Val Acc: 50.00% | LR: 0.009886
Patience remaining: 16/50
  --------------------------------------------------
DEBUG: Evaluate function - 80 predictions, 80 targets
DEBUG: Unique predictions: [1], Unique targets: [0 1]

Epoch  36/500 Summary:
  Train Loss: 0.6932 | Train Acc: 50.71%
  Val Acc: 50.00% | LR: 0.009880
Patience remaining: 15/50
  --------------------------------------------------
DEBUG: Evaluate function - 80 predictions, 80 targets
DEBUG: Unique predictions: [1], Unique targets: [0 1]

Epoch  37/500 Summary:
  Train Loss: 0.6935 | Train Acc: 50.18%
  Val Acc: 50.00% | LR: 0.009873
Patience remaining: 14/50
  --------------------------------------------------
DEBUG: Evaluate function - 80 predictions, 80 targets
DEBUG: Unique predictions: [1], Unique targets: [0 1]

Epoch  38/500 Summary:
  Train Loss: 0.6942 | Train Acc: 50.00%
  Val Acc: 50.00% | LR: 0.009865
Patience remaining: 13/50
  --------------------------------------------------
DEBUG: Evaluate function - 80 predictions, 80 targets
DEBUG: Unique predictions: [0], Unique targets: [0 1]

Epoch  39/500 Summary:
  Train Loss: 0.6929 | Train Acc: 52.32%
  Val Acc: 50.00% | LR: 0.009858
Patience remaining: 12/50
  --------------------------------------------------
DEBUG: Evaluate function - 80 predictions, 80 targets
DEBUG: Unique predictions: [0], Unique targets: [0 1]

Epoch  40/500 Summary:
  Train Loss: 0.6951 | Train Acc: 50.00%
  Val Acc: 50.00% | LR: 0.009851
Patience remaining: 11/50
  --------------------------------------------------
DEBUG: Evaluate function - 80 predictions, 80 targets
DEBUG: Unique predictions: [0], Unique targets: [0 1]

Epoch  41/500 Summary:
  Train Loss: 0.6942 | Train Acc: 50.00%
  Val Acc: 50.00% | LR: 0.009843
Patience remaining: 10/50
  --------------------------------------------------
DEBUG: Evaluate function - 80 predictions, 80 targets
DEBUG: Unique predictions: [1], Unique targets: [0 1]

Epoch  42/500 Summary:
  Train Loss: 0.6937 | Train Acc: 53.21%
  Val Acc: 50.00% | LR: 0.009835
Patience remaining: 9/50
  --------------------------------------------------
DEBUG: Evaluate function - 80 predictions, 80 targets
DEBUG: Unique predictions: [1], Unique targets: [0 1]

Epoch  43/500 Summary:
  Train Loss: 0.6957 | Train Acc: 50.00%
  Val Acc: 50.00% | LR: 0.009827
Patience remaining: 8/50
  --------------------------------------------------
DEBUG: Evaluate function - 80 predictions, 80 targets
DEBUG: Unique predictions: [0], Unique targets: [0 1]

Epoch  44/500 Summary:
  Train Loss: 0.6928 | Train Acc: 50.71%
  Val Acc: 50.00% | LR: 0.009819
Patience remaining: 7/50
  --------------------------------------------------
DEBUG: Evaluate function - 80 predictions, 80 targets
DEBUG: Unique predictions: [0], Unique targets: [0 1]

Epoch  45/500 Summary:
  Train Loss: 0.6946 | Train Acc: 48.93%
  Val Acc: 50.00% | LR: 0.009810
Patience remaining: 6/50
  --------------------------------------------------
DEBUG: Evaluate function - 80 predictions, 80 targets
DEBUG: Unique predictions: [1], Unique targets: [0 1]

Epoch  46/500 Summary:
  Train Loss: 0.6930 | Train Acc: 51.25%
  Val Acc: 50.00% | LR: 0.009801
Patience remaining: 5/50
  --------------------------------------------------
DEBUG: Evaluate function - 80 predictions, 80 targets
DEBUG: Unique predictions: [1], Unique targets: [0 1]

Epoch  47/500 Summary:
  Train Loss: 0.6929 | Train Acc: 50.36%
  Val Acc: 50.00% | LR: 0.009793
Patience remaining: 4/50
  --------------------------------------------------
DEBUG: Evaluate function - 80 predictions, 80 targets
DEBUG: Unique predictions: [1], Unique targets: [0 1]

Epoch  48/500 Summary:
  Train Loss: 0.6936 | Train Acc: 50.00%
  Val Acc: 50.00% | LR: 0.009784
Patience remaining: 3/50
  --------------------------------------------------
DEBUG: Evaluate function - 80 predictions, 80 targets
DEBUG: Unique predictions: [1], Unique targets: [0 1]

Epoch  49/500 Summary:
  Train Loss: 0.6942 | Train Acc: 50.00%
  Val Acc: 50.00% | LR: 0.009774
Patience remaining: 2/50
  --------------------------------------------------
DEBUG: Evaluate function - 80 predictions, 80 targets
DEBUG: Unique predictions: [0], Unique targets: [0 1]

Epoch  50/500 Summary:
  Train Loss: 0.6933 | Train Acc: 50.89%
  Val Acc: 50.00% | LR: 0.009765
Patience remaining: 1/50
  --------------------------------------------------
DEBUG: Evaluate function - 80 predictions, 80 targets
DEBUG: Unique predictions: [0], Unique targets: [0 1]

Epoch  51/500 Summary:
  Train Loss: 0.6930 | Train Acc: 50.71%
  Val Acc: 50.00% | LR: 0.009755
Early stopping triggered! No improvement for 50 epochs
Best validation accuracy: 50.00%

============================================================
Training Complete!
Best Validation Accuracy: 50.00%
============================================================
DEBUG: Evaluate function - 80 predictions, 80 targets
DEBUG: Unique predictions: [0], Unique targets: [0 1]
Training class distribution: [280, 280]

============================================================
Starting Training - Max Epochs: 500
Model: EEGConformer
Learning Rate: 0.01, Weight Decay: 0.0001
Dropout: 0.25, Early Stopping Patience: 50
============================================================
DEBUG: Evaluate function - 80 predictions, 80 targets
DEBUG: Unique predictions: [1], Unique targets: [0 1]

Epoch   1/500 Summary:
  Train Loss: 0.8545 | Train Acc: 51.07%
  Val Acc: 50.00% | LR: 0.010000
New best validation accuracy!
  --------------------------------------------------
DEBUG: Evaluate function - 80 predictions, 80 targets
DEBUG: Unique predictions: [0], Unique targets: [0 1]

Epoch   2/500 Summary:
  Train Loss: 0.7042 | Train Acc: 52.14%
  Val Acc: 50.00% | LR: 0.010000
Patience remaining: 49/50
  --------------------------------------------------
DEBUG: Evaluate function - 80 predictions, 80 targets
DEBUG: Unique predictions: [1], Unique targets: [0 1]

Epoch   3/500 Summary:
  Train Loss: 0.6986 | Train Acc: 50.00%
  Val Acc: 50.00% | LR: 0.010000
Patience remaining: 48/50
  --------------------------------------------------
DEBUG: Evaluate function - 80 predictions, 80 targets
DEBUG: Unique predictions: [1], Unique targets: [0 1]

Epoch   4/500 Summary:
  Train Loss: 0.7021 | Train Acc: 49.64%
  Val Acc: 50.00% | LR: 0.009999
Patience remaining: 47/50
  --------------------------------------------------
DEBUG: Evaluate function - 80 predictions, 80 targets
DEBUG: Unique predictions: [0], Unique targets: [0 1]

Epoch   5/500 Summary:
  Train Loss: 0.6940 | Train Acc: 49.82%
  Val Acc: 50.00% | LR: 0.009998
Patience remaining: 46/50
  --------------------------------------------------
DEBUG: Evaluate function - 80 predictions, 80 targets
DEBUG: Unique predictions: [0], Unique targets: [0 1]

Epoch   6/500 Summary:
  Train Loss: 0.6941 | Train Acc: 51.07%
  Val Acc: 50.00% | LR: 0.009998
Patience remaining: 45/50
  --------------------------------------------------
DEBUG: Evaluate function - 80 predictions, 80 targets
DEBUG: Unique predictions: [0 1], Unique targets: [0 1]

Epoch   7/500 Summary:
  Train Loss: 0.6931 | Train Acc: 51.79%
  Val Acc: 48.75% | LR: 0.009996
Patience remaining: 44/50
  --------------------------------------------------
DEBUG: Evaluate function - 80 predictions, 80 targets
DEBUG: Unique predictions: [0 1], Unique targets: [0 1]

Epoch   8/500 Summary:
  Train Loss: 0.6964 | Train Acc: 50.36%
  Val Acc: 50.00% | LR: 0.009995
Patience remaining: 43/50
  --------------------------------------------------
DEBUG: Evaluate function - 80 predictions, 80 targets
DEBUG: Unique predictions: [1], Unique targets: [0 1]

Epoch   9/500 Summary:
  Train Loss: 0.6937 | Train Acc: 48.93%
  Val Acc: 50.00% | LR: 0.009994
Patience remaining: 42/50
  --------------------------------------------------
DEBUG: Evaluate function - 80 predictions, 80 targets
DEBUG: Unique predictions: [0 1], Unique targets: [0 1]

Epoch  10/500 Summary:
  Train Loss: 0.6958 | Train Acc: 47.32%
  Val Acc: 51.25% | LR: 0.009992
New best validation accuracy!
  --------------------------------------------------
DEBUG: Evaluate function - 80 predictions, 80 targets
DEBUG: Unique predictions: [1], Unique targets: [0 1]

Epoch  11/500 Summary:
  Train Loss: 0.6934 | Train Acc: 50.00%
  Val Acc: 50.00% | LR: 0.009990
Patience remaining: 49/50
  --------------------------------------------------
DEBUG: Evaluate function - 80 predictions, 80 targets
DEBUG: Unique predictions: [1], Unique targets: [0 1]

Epoch  12/500 Summary:
  Train Loss: 0.6927 | Train Acc: 50.00%
  Val Acc: 50.00% | LR: 0.009988
Patience remaining: 48/50
  --------------------------------------------------
DEBUG: Evaluate function - 80 predictions, 80 targets
DEBUG: Unique predictions: [0 1], Unique targets: [0 1]

Epoch  13/500 Summary:
  Train Loss: 0.6944 | Train Acc: 49.29%
  Val Acc: 57.50% | LR: 0.009986
New best validation accuracy!
  --------------------------------------------------
DEBUG: Evaluate function - 80 predictions, 80 targets
DEBUG: Unique predictions: [0 1], Unique targets: [0 1]

Epoch  14/500 Summary:
  Train Loss: 0.6931 | Train Acc: 53.93%
  Val Acc: 57.50% | LR: 0.009983
Patience remaining: 49/50
  --------------------------------------------------
DEBUG: Evaluate function - 80 predictions, 80 targets
DEBUG: Unique predictions: [0 1], Unique targets: [0 1]

Epoch  15/500 Summary:
  Train Loss: 0.6918 | Train Acc: 53.04%
  Val Acc: 51.25% | LR: 0.009981
Patience remaining: 48/50
  --------------------------------------------------
DEBUG: Evaluate function - 80 predictions, 80 targets
DEBUG: Unique predictions: [1], Unique targets: [0 1]

Epoch  16/500 Summary:
  Train Loss: 0.6946 | Train Acc: 48.57%
  Val Acc: 50.00% | LR: 0.009978
Patience remaining: 47/50
  --------------------------------------------------
DEBUG: Evaluate function - 80 predictions, 80 targets
DEBUG: Unique predictions: [0 1], Unique targets: [0 1]

Epoch  17/500 Summary:
  Train Loss: 0.6935 | Train Acc: 50.89%
  Val Acc: 60.00% | LR: 0.009975
New best validation accuracy!
  --------------------------------------------------
DEBUG: Evaluate function - 80 predictions, 80 targets
DEBUG: Unique predictions: [0 1], Unique targets: [0 1]

Epoch  18/500 Summary:
  Train Loss: 0.6916 | Train Acc: 53.75%
  Val Acc: 50.00% | LR: 0.009972
Patience remaining: 49/50
  --------------------------------------------------
DEBUG: Evaluate function - 80 predictions, 80 targets
DEBUG: Unique predictions: [0 1], Unique targets: [0 1]

Epoch  19/500 Summary:
  Train Loss: 0.6915 | Train Acc: 53.04%
  Val Acc: 55.00% | LR: 0.009968
Patience remaining: 48/50
  --------------------------------------------------
DEBUG: Evaluate function - 80 predictions, 80 targets
DEBUG: Unique predictions: [0 1], Unique targets: [0 1]

Epoch  20/500 Summary:
  Train Loss: 0.6888 | Train Acc: 51.43%
  Val Acc: 53.75% | LR: 0.009964
Patience remaining: 47/50
  --------------------------------------------------
DEBUG: Evaluate function - 80 predictions, 80 targets
DEBUG: Unique predictions: [0 1], Unique targets: [0 1]

Epoch  21/500 Summary:
  Train Loss: 0.6922 | Train Acc: 53.04%
  Val Acc: 58.75% | LR: 0.009961
Patience remaining: 46/50
  --------------------------------------------------
DEBUG: Evaluate function - 80 predictions, 80 targets
DEBUG: Unique predictions: [0 1], Unique targets: [0 1]

Epoch  22/500 Summary:
  Train Loss: 0.6944 | Train Acc: 51.79%
  Val Acc: 56.25% | LR: 0.009957
Patience remaining: 45/50
  --------------------------------------------------
DEBUG: Evaluate function - 80 predictions, 80 targets
DEBUG: Unique predictions: [0 1], Unique targets: [0 1]

Epoch  23/500 Summary:
  Train Loss: 0.6872 | Train Acc: 55.89%
  Val Acc: 55.00% | LR: 0.009952
Patience remaining: 44/50
  --------------------------------------------------
DEBUG: Evaluate function - 80 predictions, 80 targets
DEBUG: Unique predictions: [0 1], Unique targets: [0 1]

Epoch  24/500 Summary:
  Train Loss: 0.6910 | Train Acc: 51.07%
  Val Acc: 53.75% | LR: 0.009948
Patience remaining: 43/50
  --------------------------------------------------
DEBUG: Evaluate function - 80 predictions, 80 targets
DEBUG: Unique predictions: [0 1], Unique targets: [0 1]

Epoch  25/500 Summary:
  Train Loss: 0.6831 | Train Acc: 56.61%
  Val Acc: 55.00% | LR: 0.009943
Patience remaining: 42/50
  --------------------------------------------------
DEBUG: Evaluate function - 80 predictions, 80 targets
DEBUG: Unique predictions: [0 1], Unique targets: [0 1]

Epoch  26/500 Summary:
  Train Loss: 0.6764 | Train Acc: 57.68%
  Val Acc: 60.00% | LR: 0.009938
Patience remaining: 41/50
  --------------------------------------------------
DEBUG: Evaluate function - 80 predictions, 80 targets
DEBUG: Unique predictions: [0 1], Unique targets: [0 1]

Epoch  27/500 Summary:
  Train Loss: 0.6748 | Train Acc: 58.75%
  Val Acc: 66.25% | LR: 0.009933
New best validation accuracy!
  --------------------------------------------------
DEBUG: Evaluate function - 80 predictions, 80 targets
DEBUG: Unique predictions: [0 1], Unique targets: [0 1]

Epoch  28/500 Summary:
  Train Loss: 0.6659 | Train Acc: 60.54%
  Val Acc: 58.75% | LR: 0.009928
Patience remaining: 49/50
  --------------------------------------------------
DEBUG: Evaluate function - 80 predictions, 80 targets
DEBUG: Unique predictions: [0 1], Unique targets: [0 1]

Epoch  29/500 Summary:
  Train Loss: 0.6406 | Train Acc: 65.36%
  Val Acc: 60.00% | LR: 0.009923
Patience remaining: 48/50
  --------------------------------------------------
DEBUG: Evaluate function - 80 predictions, 80 targets
DEBUG: Unique predictions: [0 1], Unique targets: [0 1]

Epoch  30/500 Summary:
  Train Loss: 0.6469 | Train Acc: 62.68%
  Val Acc: 57.50% | LR: 0.009917
Patience remaining: 47/50
  --------------------------------------------------
DEBUG: Evaluate function - 80 predictions, 80 targets
DEBUG: Unique predictions: [0 1], Unique targets: [0 1]

Epoch  31/500 Summary:
  Train Loss: 0.6493 | Train Acc: 62.68%
  Val Acc: 61.25% | LR: 0.009911
Patience remaining: 46/50
  --------------------------------------------------
DEBUG: Evaluate function - 80 predictions, 80 targets
DEBUG: Unique predictions: [0 1], Unique targets: [0 1]

Epoch  32/500 Summary:
  Train Loss: 0.6413 | Train Acc: 64.11%
  Val Acc: 58.75% | LR: 0.009905
Patience remaining: 45/50
  --------------------------------------------------
DEBUG: Evaluate function - 80 predictions, 80 targets
DEBUG: Unique predictions: [0 1], Unique targets: [0 1]

Epoch  33/500 Summary:
  Train Loss: 0.6523 | Train Acc: 61.61%
  Val Acc: 62.50% | LR: 0.009899
Patience remaining: 44/50
  --------------------------------------------------
DEBUG: Evaluate function - 80 predictions, 80 targets
DEBUG: Unique predictions: [0 1], Unique targets: [0 1]

Epoch  34/500 Summary:
  Train Loss: 0.6367 | Train Acc: 65.36%
  Val Acc: 68.75% | LR: 0.009893
New best validation accuracy!
  --------------------------------------------------
DEBUG: Evaluate function - 80 predictions, 80 targets
DEBUG: Unique predictions: [0 1], Unique targets: [0 1]

Epoch  35/500 Summary:
  Train Loss: 0.6202 | Train Acc: 65.89%
  Val Acc: 67.50% | LR: 0.009886
Patience remaining: 49/50
  --------------------------------------------------
DEBUG: Evaluate function - 80 predictions, 80 targets
DEBUG: Unique predictions: [0 1], Unique targets: [0 1]

Epoch  36/500 Summary:
  Train Loss: 0.6186 | Train Acc: 66.61%
  Val Acc: 61.25% | LR: 0.009880
Patience remaining: 48/50
  --------------------------------------------------
DEBUG: Evaluate function - 80 predictions, 80 targets
DEBUG: Unique predictions: [0 1], Unique targets: [0 1]

Epoch  37/500 Summary:
  Train Loss: 0.6095 | Train Acc: 66.43%
  Val Acc: 76.25% | LR: 0.009873
New best validation accuracy!
  --------------------------------------------------
DEBUG: Evaluate function - 80 predictions, 80 targets
DEBUG: Unique predictions: [0 1], Unique targets: [0 1]

Epoch  38/500 Summary:
  Train Loss: 0.5970 | Train Acc: 69.64%
  Val Acc: 67.50% | LR: 0.009865
Patience remaining: 49/50
  --------------------------------------------------
DEBUG: Evaluate function - 80 predictions, 80 targets
DEBUG: Unique predictions: [0 1], Unique targets: [0 1]

Epoch  39/500 Summary:
  Train Loss: 0.5705 | Train Acc: 71.25%
  Val Acc: 65.00% | LR: 0.009858
Patience remaining: 48/50
  --------------------------------------------------
DEBUG: Evaluate function - 80 predictions, 80 targets
DEBUG: Unique predictions: [0 1], Unique targets: [0 1]

Epoch  40/500 Summary:
  Train Loss: 0.5793 | Train Acc: 68.75%
  Val Acc: 70.00% | LR: 0.009851
Patience remaining: 47/50
  --------------------------------------------------
DEBUG: Evaluate function - 80 predictions, 80 targets
DEBUG: Unique predictions: [0 1], Unique targets: [0 1]

Epoch  41/500 Summary:
  Train Loss: 0.6042 | Train Acc: 67.50%
  Val Acc: 70.00% | LR: 0.009843
Patience remaining: 46/50
  --------------------------------------------------
DEBUG: Evaluate function - 80 predictions, 80 targets
DEBUG: Unique predictions: [0 1], Unique targets: [0 1]

Epoch  42/500 Summary:
  Train Loss: 0.5972 | Train Acc: 66.79%
  Val Acc: 63.75% | LR: 0.009835
Patience remaining: 45/50
  --------------------------------------------------
DEBUG: Evaluate function - 80 predictions, 80 targets
DEBUG: Unique predictions: [0 1], Unique targets: [0 1]

Epoch  43/500 Summary:
  Train Loss: 0.6090 | Train Acc: 67.14%
  Val Acc: 68.75% | LR: 0.009827
Patience remaining: 44/50
  --------------------------------------------------
DEBUG: Evaluate function - 80 predictions, 80 targets
DEBUG: Unique predictions: [0 1], Unique targets: [0 1]

Epoch  44/500 Summary:
  Train Loss: 0.5748 | Train Acc: 72.86%
  Val Acc: 68.75% | LR: 0.009819
Patience remaining: 43/50
  --------------------------------------------------
DEBUG: Evaluate function - 80 predictions, 80 targets
DEBUG: Unique predictions: [0 1], Unique targets: [0 1]

Epoch  45/500 Summary:
  Train Loss: 0.5565 | Train Acc: 71.96%
  Val Acc: 62.50% | LR: 0.009810
Patience remaining: 42/50
  --------------------------------------------------
DEBUG: Evaluate function - 80 predictions, 80 targets
DEBUG: Unique predictions: [0 1], Unique targets: [0 1]

Epoch  46/500 Summary:
  Train Loss: 0.5861 | Train Acc: 71.61%
  Val Acc: 71.25% | LR: 0.009801
Patience remaining: 41/50
  --------------------------------------------------
DEBUG: Evaluate function - 80 predictions, 80 targets
DEBUG: Unique predictions: [0 1], Unique targets: [0 1]

Epoch  47/500 Summary:
  Train Loss: 0.5455 | Train Acc: 72.14%
  Val Acc: 67.50% | LR: 0.009793
Patience remaining: 40/50
  --------------------------------------------------
DEBUG: Evaluate function - 80 predictions, 80 targets
DEBUG: Unique predictions: [0 1], Unique targets: [0 1]

Epoch  48/500 Summary:
  Train Loss: 0.5670 | Train Acc: 72.68%
  Val Acc: 62.50% | LR: 0.009784
Patience remaining: 39/50
  --------------------------------------------------
DEBUG: Evaluate function - 80 predictions, 80 targets
DEBUG: Unique predictions: [0 1], Unique targets: [0 1]

Epoch  49/500 Summary:
  Train Loss: 0.5721 | Train Acc: 71.79%
  Val Acc: 60.00% | LR: 0.009774
Patience remaining: 38/50
  --------------------------------------------------
DEBUG: Evaluate function - 80 predictions, 80 targets
DEBUG: Unique predictions: [0 1], Unique targets: [0 1]

Epoch  50/500 Summary:
  Train Loss: 0.5789 | Train Acc: 71.07%
  Val Acc: 67.50% | LR: 0.009765
Patience remaining: 37/50
  --------------------------------------------------
DEBUG: Evaluate function - 80 predictions, 80 targets
DEBUG: Unique predictions: [0 1], Unique targets: [0 1]

Epoch  51/500 Summary:
  Train Loss: 0.5412 | Train Acc: 73.21%
  Val Acc: 71.25% | LR: 0.009755
Patience remaining: 36/50
  --------------------------------------------------
DEBUG: Evaluate function - 80 predictions, 80 targets
DEBUG: Unique predictions: [0 1], Unique targets: [0 1]

Epoch  52/500 Summary:
  Train Loss: 0.5631 | Train Acc: 69.82%
  Val Acc: 63.75% | LR: 0.009745
Patience remaining: 35/50
  --------------------------------------------------
DEBUG: Evaluate function - 80 predictions, 80 targets
DEBUG: Unique predictions: [0 1], Unique targets: [0 1]

Epoch  53/500 Summary:
  Train Loss: 0.5696 | Train Acc: 70.18%
  Val Acc: 71.25% | LR: 0.009735
Patience remaining: 34/50
  --------------------------------------------------
DEBUG: Evaluate function - 80 predictions, 80 targets
DEBUG: Unique predictions: [0 1], Unique targets: [0 1]

Epoch  54/500 Summary:
  Train Loss: 0.5399 | Train Acc: 74.64%
  Val Acc: 68.75% | LR: 0.009725
Patience remaining: 33/50
  --------------------------------------------------
DEBUG: Evaluate function - 80 predictions, 80 targets
DEBUG: Unique predictions: [0 1], Unique targets: [0 1]

Epoch  55/500 Summary:
  Train Loss: 0.5222 | Train Acc: 74.64%
  Val Acc: 66.25% | LR: 0.009715
Patience remaining: 32/50
  --------------------------------------------------
DEBUG: Evaluate function - 80 predictions, 80 targets
DEBUG: Unique predictions: [0 1], Unique targets: [0 1]

Epoch  56/500 Summary:
  Train Loss: 0.5106 | Train Acc: 77.68%
  Val Acc: 68.75% | LR: 0.009704
Patience remaining: 31/50
  --------------------------------------------------
DEBUG: Evaluate function - 80 predictions, 80 targets
DEBUG: Unique predictions: [0 1], Unique targets: [0 1]

Epoch  57/500 Summary:
  Train Loss: 0.5345 | Train Acc: 73.39%
  Val Acc: 73.75% | LR: 0.009694
Patience remaining: 30/50
  --------------------------------------------------
DEBUG: Evaluate function - 80 predictions, 80 targets
DEBUG: Unique predictions: [0 1], Unique targets: [0 1]

Epoch  58/500 Summary:
  Train Loss: 0.5242 | Train Acc: 74.82%
  Val Acc: 76.25% | LR: 0.009683
Patience remaining: 29/50
  --------------------------------------------------
DEBUG: Evaluate function - 80 predictions, 80 targets
DEBUG: Unique predictions: [0 1], Unique targets: [0 1]

Epoch  59/500 Summary:
  Train Loss: 0.5244 | Train Acc: 74.82%
  Val Acc: 68.75% | LR: 0.009672
Patience remaining: 28/50
  --------------------------------------------------
DEBUG: Evaluate function - 80 predictions, 80 targets
DEBUG: Unique predictions: [0 1], Unique targets: [0 1]

Epoch  60/500 Summary:
  Train Loss: 0.5627 | Train Acc: 72.32%
  Val Acc: 70.00% | LR: 0.009660
Patience remaining: 27/50
  --------------------------------------------------
DEBUG: Evaluate function - 80 predictions, 80 targets
DEBUG: Unique predictions: [0 1], Unique targets: [0 1]

Epoch  61/500 Summary:
  Train Loss: 0.5177 | Train Acc: 75.89%
  Val Acc: 71.25% | LR: 0.009649
Patience remaining: 26/50
  --------------------------------------------------
DEBUG: Evaluate function - 80 predictions, 80 targets
DEBUG: Unique predictions: [0 1], Unique targets: [0 1]

Epoch  62/500 Summary:
  Train Loss: 0.5011 | Train Acc: 76.43%
  Val Acc: 70.00% | LR: 0.009637
Patience remaining: 25/50
  --------------------------------------------------
DEBUG: Evaluate function - 80 predictions, 80 targets
DEBUG: Unique predictions: [0 1], Unique targets: [0 1]

Epoch  63/500 Summary:
  Train Loss: 0.5045 | Train Acc: 76.79%
  Val Acc: 70.00% | LR: 0.009625
Patience remaining: 24/50
  --------------------------------------------------
DEBUG: Evaluate function - 80 predictions, 80 targets
DEBUG: Unique predictions: [0 1], Unique targets: [0 1]

Epoch  64/500 Summary:
  Train Loss: 0.5173 | Train Acc: 76.61%
  Val Acc: 72.50% | LR: 0.009613
Patience remaining: 23/50
  --------------------------------------------------
DEBUG: Evaluate function - 80 predictions, 80 targets
DEBUG: Unique predictions: [0 1], Unique targets: [0 1]

Epoch  65/500 Summary:
  Train Loss: 0.4735 | Train Acc: 77.14%
  Val Acc: 66.25% | LR: 0.009601
Patience remaining: 22/50
  --------------------------------------------------
DEBUG: Evaluate function - 80 predictions, 80 targets
DEBUG: Unique predictions: [0 1], Unique targets: [0 1]

Epoch  66/500 Summary:
  Train Loss: 0.5018 | Train Acc: 79.11%
  Val Acc: 68.75% | LR: 0.009589
Patience remaining: 21/50
  --------------------------------------------------
DEBUG: Evaluate function - 80 predictions, 80 targets2025-09-26 17:59:58 -     Test accuracy: 0.5875
2025-09-26 17:59:58 -   Fold 5/5
2025-09-26 17:59:58 -     Fold split: Train=560, Val=80

DEBUG: Unique predictions: [0 1], Unique targets: [0 1]

Epoch  67/500 Summary:
  Train Loss: 0.4995 | Train Acc: 77.14%
  Val Acc: 70.00% | LR: 0.009576
Patience remaining: 20/50
  --------------------------------------------------
DEBUG: Evaluate function - 80 predictions, 80 targets
DEBUG: Unique predictions: [0 1], Unique targets: [0 1]

Epoch  68/500 Summary:
  Train Loss: 0.5116 | Train Acc: 75.89%
  Val Acc: 73.75% | LR: 0.009563
Patience remaining: 19/50
  --------------------------------------------------
DEBUG: Evaluate function - 80 predictions, 80 targets
DEBUG: Unique predictions: [0 1], Unique targets: [0 1]

Epoch  69/500 Summary:
  Train Loss: 0.4860 | Train Acc: 78.93%
  Val Acc: 75.00% | LR: 0.009551
Patience remaining: 18/50
  --------------------------------------------------
DEBUG: Evaluate function - 80 predictions, 80 targets
DEBUG: Unique predictions: [0 1], Unique targets: [0 1]

Epoch  70/500 Summary:
  Train Loss: 0.4689 | Train Acc: 79.46%
  Val Acc: 71.25% | LR: 0.009537
Patience remaining: 17/50
  --------------------------------------------------
DEBUG: Evaluate function - 80 predictions, 80 targets
DEBUG: Unique predictions: [0 1], Unique targets: [0 1]

Epoch  71/500 Summary:
  Train Loss: 0.4816 | Train Acc: 76.96%
  Val Acc: 63.75% | LR: 0.009524
Patience remaining: 16/50
  --------------------------------------------------
DEBUG: Evaluate function - 80 predictions, 80 targets
DEBUG: Unique predictions: [0 1], Unique targets: [0 1]

Epoch  72/500 Summary:
  Train Loss: 0.4573 | Train Acc: 79.82%
  Val Acc: 75.00% | LR: 0.009511
Patience remaining: 15/50
  --------------------------------------------------
DEBUG: Evaluate function - 80 predictions, 80 targets
DEBUG: Unique predictions: [0 1], Unique targets: [0 1]

Epoch  73/500 Summary:
  Train Loss: 0.4694 | Train Acc: 82.32%
  Val Acc: 71.25% | LR: 0.009497
Patience remaining: 14/50
  --------------------------------------------------
DEBUG: Evaluate function - 80 predictions, 80 targets
DEBUG: Unique predictions: [0 1], Unique targets: [0 1]

Epoch  74/500 Summary:
  Train Loss: 0.4462 | Train Acc: 80.18%
  Val Acc: 67.50% | LR: 0.009483
Patience remaining: 13/50
  --------------------------------------------------
DEBUG: Evaluate function - 80 predictions, 80 targets
DEBUG: Unique predictions: [0 1], Unique targets: [0 1]

Epoch  75/500 Summary:
  Train Loss: 0.4141 | Train Acc: 83.39%
  Val Acc: 67.50% | LR: 0.009469
Patience remaining: 12/50
  --------------------------------------------------
DEBUG: Evaluate function - 80 predictions, 80 targets
DEBUG: Unique predictions: [0 1], Unique targets: [0 1]

Epoch  76/500 Summary:
  Train Loss: 0.4563 | Train Acc: 80.36%
  Val Acc: 63.75% | LR: 0.009455
Patience remaining: 11/50
  --------------------------------------------------
DEBUG: Evaluate function - 80 predictions, 80 targets
DEBUG: Unique predictions: [0 1], Unique targets: [0 1]

Epoch  77/500 Summary:
  Train Loss: 0.4352 | Train Acc: 81.79%
  Val Acc: 67.50% | LR: 0.009441
Patience remaining: 10/50
  --------------------------------------------------
DEBUG: Evaluate function - 80 predictions, 80 targets
DEBUG: Unique predictions: [0 1], Unique targets: [0 1]

Epoch  78/500 Summary:
  Train Loss: 0.4342 | Train Acc: 81.79%
  Val Acc: 68.75% | LR: 0.009426
Patience remaining: 9/50
  --------------------------------------------------
DEBUG: Evaluate function - 80 predictions, 80 targets
DEBUG: Unique predictions: [0 1], Unique targets: [0 1]

Epoch  79/500 Summary:
  Train Loss: 0.4183 | Train Acc: 82.14%
  Val Acc: 65.00% | LR: 0.009411
Patience remaining: 8/50
  --------------------------------------------------
DEBUG: Evaluate function - 80 predictions, 80 targets
DEBUG: Unique predictions: [0 1], Unique targets: [0 1]

Epoch  80/500 Summary:
  Train Loss: 0.4288 | Train Acc: 80.71%
  Val Acc: 68.75% | LR: 0.009397
Patience remaining: 7/50
  --------------------------------------------------
DEBUG: Evaluate function - 80 predictions, 80 targets
DEBUG: Unique predictions: [0 1], Unique targets: [0 1]

Epoch  81/500 Summary:
  Train Loss: 0.4580 | Train Acc: 80.54%
  Val Acc: 70.00% | LR: 0.009382
Patience remaining: 6/50
  --------------------------------------------------
DEBUG: Evaluate function - 80 predictions, 80 targets
DEBUG: Unique predictions: [0 1], Unique targets: [0 1]

Epoch  82/500 Summary:
  Train Loss: 0.4409 | Train Acc: 79.29%
  Val Acc: 72.50% | LR: 0.009366
Patience remaining: 5/50
  --------------------------------------------------
DEBUG: Evaluate function - 80 predictions, 80 targets
DEBUG: Unique predictions: [0 1], Unique targets: [0 1]

Epoch  83/500 Summary:
  Train Loss: 0.4507 | Train Acc: 79.29%
  Val Acc: 70.00% | LR: 0.009351
Patience remaining: 4/50
  --------------------------------------------------
DEBUG: Evaluate function - 80 predictions, 80 targets
DEBUG: Unique predictions: [0 1], Unique targets: [0 1]

Epoch  84/500 Summary:
  Train Loss: 0.4698 | Train Acc: 78.57%
  Val Acc: 66.25% | LR: 0.009335
Patience remaining: 3/50
  --------------------------------------------------
DEBUG: Evaluate function - 80 predictions, 80 targets
DEBUG: Unique predictions: [0 1], Unique targets: [0 1]

Epoch  85/500 Summary:
  Train Loss: 0.4716 | Train Acc: 80.18%
  Val Acc: 66.25% | LR: 0.009320
Patience remaining: 2/50
  --------------------------------------------------
DEBUG: Evaluate function - 80 predictions, 80 targets
DEBUG: Unique predictions: [0 1], Unique targets: [0 1]

Epoch  86/500 Summary:
  Train Loss: 0.4518 | Train Acc: 82.14%
  Val Acc: 71.25% | LR: 0.009304
Patience remaining: 1/50
  --------------------------------------------------
DEBUG: Evaluate function - 80 predictions, 80 targets
DEBUG: Unique predictions: [0 1], Unique targets: [0 1]

Epoch  87/500 Summary:
  Train Loss: 0.3975 | Train Acc: 81.61%
  Val Acc: 67.50% | LR: 0.009288
Early stopping triggered! No improvement for 50 epochs
Best validation accuracy: 76.25%

============================================================
Training Complete!
Best Validation Accuracy: 76.25%
============================================================
DEBUG: Evaluate function - 80 predictions, 80 targets
DEBUG: Unique predictions: [0 1], Unique targets: [0 1]
Training class distribution: [280, 280]

============================================================
Starting Training - Max Epochs: 500
Model: EEGConformer
Learning Rate: 0.01, Weight Decay: 0.0001
Dropout: 0.25, Early Stopping Patience: 50
============================================================
DEBUG: Evaluate function - 80 predictions, 80 targets
DEBUG: Unique predictions: [1], Unique targets: [0 1]

Epoch   1/500 Summary:
  Train Loss: 1.0241 | Train Acc: 48.57%
  Val Acc: 50.00% | LR: 0.010000
New best validation accuracy!
  --------------------------------------------------
DEBUG: Evaluate function - 80 predictions, 80 targets
DEBUG: Unique predictions: [0], Unique targets: [0 1]

Epoch   2/500 Summary:
  Train Loss: 0.7246 | Train Acc: 49.29%
  Val Acc: 50.00% | LR: 0.010000
Patience remaining: 49/50
  --------------------------------------------------
DEBUG: Evaluate function - 80 predictions, 80 targets
DEBUG: Unique predictions: [0], Unique targets: [0 1]

Epoch   3/500 Summary:
  Train Loss: 0.7033 | Train Acc: 50.00%
  Val Acc: 50.00% | LR: 0.010000
Patience remaining: 48/50
  --------------------------------------------------
DEBUG: Evaluate function - 80 predictions, 80 targets
DEBUG: Unique predictions: [1], Unique targets: [0 1]

Epoch   4/500 Summary:
  Train Loss: 0.6933 | Train Acc: 53.57%
  Val Acc: 50.00% | LR: 0.009999
Patience remaining: 47/50
  --------------------------------------------------
DEBUG: Evaluate function - 80 predictions, 80 targets
DEBUG: Unique predictions: [1], Unique targets: [0 1]

Epoch   5/500 Summary:
  Train Loss: 0.6995 | Train Acc: 50.00%
  Val Acc: 50.00% | LR: 0.009998
Patience remaining: 46/50
  --------------------------------------------------
DEBUG: Evaluate function - 80 predictions, 80 targets
DEBUG: Unique predictions: [0], Unique targets: [0 1]

Epoch   6/500 Summary:
  Train Loss: 0.6938 | Train Acc: 46.79%
  Val Acc: 50.00% | LR: 0.009998
Patience remaining: 45/50
  --------------------------------------------------
DEBUG: Evaluate function - 80 predictions, 80 targets
DEBUG: Unique predictions: [0], Unique targets: [0 1]

Epoch   7/500 Summary:
  Train Loss: 0.6942 | Train Acc: 50.18%
  Val Acc: 50.00% | LR: 0.009996
Patience remaining: 44/50
  --------------------------------------------------
DEBUG: Evaluate function - 80 predictions, 80 targets
DEBUG: Unique predictions: [0], Unique targets: [0 1]

Epoch   8/500 Summary:
  Train Loss: 0.6934 | Train Acc: 50.00%
  Val Acc: 50.00% | LR: 0.009995
Patience remaining: 43/50
  --------------------------------------------------
DEBUG: Evaluate function - 80 predictions, 80 targets
DEBUG: Unique predictions: [0], Unique targets: [0 1]

Epoch   9/500 Summary:
  Train Loss: 0.6943 | Train Acc: 50.00%
  Val Acc: 50.00% | LR: 0.009994
Patience remaining: 42/50
  --------------------------------------------------
DEBUG: Evaluate function - 80 predictions, 80 targets
DEBUG: Unique predictions: [0], Unique targets: [0 1]

Epoch  10/500 Summary:
  Train Loss: 0.6936 | Train Acc: 50.00%
  Val Acc: 50.00% | LR: 0.009992
Patience remaining: 41/50
  --------------------------------------------------
DEBUG: Evaluate function - 80 predictions, 80 targets
DEBUG: Unique predictions: [1], Unique targets: [0 1]

Epoch  11/500 Summary:
  Train Loss: 0.6960 | Train Acc: 46.43%
  Val Acc: 50.00% | LR: 0.009990
Patience remaining: 40/50
  --------------------------------------------------
DEBUG: Evaluate function - 80 predictions, 80 targets
DEBUG: Unique predictions: [0], Unique targets: [0 1]

Epoch  12/500 Summary:
  Train Loss: 0.6934 | Train Acc: 49.46%
  Val Acc: 50.00% | LR: 0.009988
Patience remaining: 39/50
  --------------------------------------------------
DEBUG: Evaluate function - 80 predictions, 80 targets
DEBUG: Unique predictions: [0], Unique targets: [0 1]

Epoch  13/500 Summary:
  Train Loss: 0.6926 | Train Acc: 50.36%
  Val Acc: 50.00% | LR: 0.009986
Patience remaining: 38/50
  --------------------------------------------------
DEBUG: Evaluate function - 80 predictions, 80 targets
DEBUG: Unique predictions: [0], Unique targets: [0 1]

Epoch  14/500 Summary:
  Train Loss: 0.6939 | Train Acc: 49.64%
  Val Acc: 50.00% | LR: 0.009983
Patience remaining: 37/50
  --------------------------------------------------
DEBUG: Evaluate function - 80 predictions, 80 targets
DEBUG: Unique predictions: [1], Unique targets: [0 1]

Epoch  15/500 Summary:
  Train Loss: 0.6936 | Train Acc: 49.11%
  Val Acc: 50.00% | LR: 0.009981
Patience remaining: 36/50
  --------------------------------------------------
DEBUG: Evaluate function - 80 predictions, 80 targets
DEBUG: Unique predictions: [1], Unique targets: [0 1]

Epoch  16/500 Summary:
  Train Loss: 0.6938 | Train Acc: 47.50%
  Val Acc: 50.00% | LR: 0.009978
Patience remaining: 35/50
  --------------------------------------------------
DEBUG: Evaluate function - 80 predictions, 80 targets
DEBUG: Unique predictions: [1], Unique targets: [0 1]

Epoch  17/500 Summary:
  Train Loss: 0.6929 | Train Acc: 49.29%
  Val Acc: 50.00% | LR: 0.009975
Patience remaining: 34/50
  --------------------------------------------------
DEBUG: Evaluate function - 80 predictions, 80 targets
DEBUG: Unique predictions: [1], Unique targets: [0 1]

Epoch  18/500 Summary:
  Train Loss: 0.6934 | Train Acc: 49.82%
  Val Acc: 50.00% | LR: 0.009972
Patience remaining: 33/50
  --------------------------------------------------
DEBUG: Evaluate function - 80 predictions, 80 targets
DEBUG: Unique predictions: [1], Unique targets: [0 1]

Epoch  19/500 Summary:
  Train Loss: 0.6943 | Train Acc: 50.00%
  Val Acc: 50.00% | LR: 0.009968
Patience remaining: 32/50
  --------------------------------------------------
DEBUG: Evaluate function - 80 predictions, 80 targets
DEBUG: Unique predictions: [1], Unique targets: [0 1]

Epoch  20/500 Summary:
  Train Loss: 0.6939 | Train Acc: 50.00%
  Val Acc: 50.00% | LR: 0.009964
Patience remaining: 31/50
  --------------------------------------------------
DEBUG: Evaluate function - 80 predictions, 80 targets
DEBUG: Unique predictions: [0], Unique targets: [0 1]

Epoch  21/500 Summary:
  Train Loss: 0.6933 | Train Acc: 51.07%
  Val Acc: 50.00% | LR: 0.009961
Patience remaining: 30/50
  --------------------------------------------------
DEBUG: Evaluate function - 80 predictions, 80 targets
DEBUG: Unique predictions: [0], Unique targets: [0 1]

Epoch  22/500 Summary:
  Train Loss: 0.6937 | Train Acc: 50.00%
  Val Acc: 50.00% | LR: 0.009957
Patience remaining: 29/50
  --------------------------------------------------
DEBUG: Evaluate function - 80 predictions, 80 targets
DEBUG: Unique predictions: [1], Unique targets: [0 1]

Epoch  23/500 Summary:
  Train Loss: 0.6942 | Train Acc: 48.57%
  Val Acc: 50.00% | LR: 0.009952
Patience remaining: 28/50
  --------------------------------------------------
DEBUG: Evaluate function - 80 predictions, 80 targets
DEBUG: Unique predictions: [1], Unique targets: [0 1]

Epoch  24/500 Summary:
  Train Loss: 0.6939 | Train Acc: 49.64%
  Val Acc: 50.00% | LR: 0.009948
Patience remaining: 27/50
  --------------------------------------------------
DEBUG: Evaluate function - 80 predictions, 80 targets
DEBUG: Unique predictions: [0], Unique targets: [0 1]

Epoch  25/500 Summary:
  Train Loss: 0.6927 | Train Acc: 50.18%
  Val Acc: 50.00% | LR: 0.009943
Patience remaining: 26/50
  --------------------------------------------------
DEBUG: Evaluate function - 80 predictions, 80 targets
DEBUG: Unique predictions: [0], Unique targets: [0 1]

Epoch  26/500 Summary:
  Train Loss: 0.6938 | Train Acc: 49.82%
  Val Acc: 50.00% | LR: 0.009938
Patience remaining: 25/50
  --------------------------------------------------
DEBUG: Evaluate function - 80 predictions, 80 targets
DEBUG: Unique predictions: [1], Unique targets: [0 1]

Epoch  27/500 Summary:
  Train Loss: 0.6932 | Train Acc: 51.07%
  Val Acc: 50.00% | LR: 0.009933
Patience remaining: 24/50
  --------------------------------------------------
DEBUG: Evaluate function - 80 predictions, 80 targets
DEBUG: Unique predictions: [1], Unique targets: [0 1]

Epoch  28/500 Summary:
  Train Loss: 0.6951 | Train Acc: 50.36%
  Val Acc: 50.00% | LR: 0.009928
Patience remaining: 23/50
  --------------------------------------------------
DEBUG: Evaluate function - 80 predictions, 80 targets
DEBUG: Unique predictions: [0], Unique targets: [0 1]

Epoch  29/500 Summary:
  Train Loss: 0.6942 | Train Acc: 49.11%
  Val Acc: 50.00% | LR: 0.009923
Patience remaining: 22/50
  --------------------------------------------------
DEBUG: Evaluate function - 80 predictions, 80 targets
DEBUG: Unique predictions: [1], Unique targets: [0 1]

Epoch  30/500 Summary:
  Train Loss: 0.6939 | Train Acc: 50.18%
  Val Acc: 50.00% | LR: 0.009917
Patience remaining: 21/50
  --------------------------------------------------
DEBUG: Evaluate function - 80 predictions, 80 targets
DEBUG: Unique predictions: [1], Unique targets: [0 1]

Epoch  31/500 Summary:
  Train Loss: 0.6928 | Train Acc: 51.25%
  Val Acc: 50.00% | LR: 0.009911
Patience remaining: 20/50
  --------------------------------------------------
DEBUG: Evaluate function - 80 predictions, 80 targets
DEBUG: Unique predictions: [0 1], Unique targets: [0 1]

Epoch  32/500 Summary:
  Train Loss: 0.6941 | Train Acc: 47.86%
  Val Acc: 51.25% | LR: 0.009905
New best validation accuracy!
  --------------------------------------------------
DEBUG: Evaluate function - 80 predictions, 80 targets
DEBUG: Unique predictions: [1], Unique targets: [0 1]

Epoch  33/500 Summary:
  Train Loss: 0.6933 | Train Acc: 49.46%
  Val Acc: 50.00% | LR: 0.009899
Patience remaining: 49/50
  --------------------------------------------------
DEBUG: Evaluate function - 80 predictions, 80 targets
DEBUG: Unique predictions: [1], Unique targets: [0 1]

Epoch  34/500 Summary:
  Train Loss: 0.6936 | Train Acc: 50.00%
  Val Acc: 50.00% | LR: 0.009893
Patience remaining: 48/50
  --------------------------------------------------
DEBUG: Evaluate function - 80 predictions, 80 targets
DEBUG: Unique predictions: [0], Unique targets: [0 1]

Epoch  35/500 Summary:
  Train Loss: 0.6943 | Train Acc: 47.68%
  Val Acc: 50.00% | LR: 0.009886
Patience remaining: 47/50
  --------------------------------------------------
DEBUG: Evaluate function - 80 predictions, 80 targets
DEBUG: Unique predictions: [1], Unique targets: [0 1]

Epoch  36/500 Summary:
  Train Loss: 0.6931 | Train Acc: 52.86%
  Val Acc: 50.00% | LR: 0.009880
Patience remaining: 46/50
  --------------------------------------------------
DEBUG: Evaluate function - 80 predictions, 80 targets
DEBUG: Unique predictions: [0 1], Unique targets: [0 1]

Epoch  37/500 Summary:
  Train Loss: 0.6930 | Train Acc: 50.00%
  Val Acc: 48.75% | LR: 0.009873
Patience remaining: 45/50
  --------------------------------------------------
DEBUG: Evaluate function - 80 predictions, 80 targets
DEBUG: Unique predictions: [0], Unique targets: [0 1]

Epoch  38/500 Summary:
  Train Loss: 0.6949 | Train Acc: 51.25%
  Val Acc: 50.00% | LR: 0.009865
Patience remaining: 44/50
  --------------------------------------------------
DEBUG: Evaluate function - 80 predictions, 80 targets
DEBUG: Unique predictions: [1], Unique targets: [0 1]

Epoch  39/500 Summary:
  Train Loss: 0.6930 | Train Acc: 52.86%
  Val Acc: 50.00% | LR: 0.009858
Patience remaining: 43/50
  --------------------------------------------------
DEBUG: Evaluate function - 80 predictions, 80 targets
DEBUG: Unique predictions: [1], Unique targets: [0 1]

Epoch  40/500 Summary:
  Train Loss: 0.6952 | Train Acc: 49.82%
  Val Acc: 50.00% | LR: 0.009851
Patience remaining: 42/50
  --------------------------------------------------
DEBUG: Evaluate function - 80 predictions, 80 targets
DEBUG: Unique predictions: [0], Unique targets: [0 1]

Epoch  41/500 Summary:
  Train Loss: 0.6952 | Train Acc: 46.96%
  Val Acc: 50.00% | LR: 0.009843
Patience remaining: 41/50
  --------------------------------------------------
DEBUG: Evaluate function - 80 predictions, 80 targets
DEBUG: Unique predictions: [0], Unique targets: [0 1]

Epoch  42/500 Summary:
  Train Loss: 0.6938 | Train Acc: 49.64%
  Val Acc: 50.00% | LR: 0.009835
Patience remaining: 40/50
  --------------------------------------------------
DEBUG: Evaluate function - 80 predictions, 80 targets
DEBUG: Unique predictions: [1], Unique targets: [0 1]

Epoch  43/500 Summary:
  Train Loss: 0.6944 | Train Acc: 45.89%
  Val Acc: 50.00% | LR: 0.009827
Patience remaining: 39/50
  --------------------------------------------------
DEBUG: Evaluate function - 80 predictions, 80 targets
DEBUG: Unique predictions: [1], Unique targets: [0 1]

Epoch  44/500 Summary:
  Train Loss: 0.6932 | Train Acc: 50.00%
  Val Acc: 50.00% | LR: 0.009819
Patience remaining: 38/50
  --------------------------------------------------
DEBUG: Evaluate function - 80 predictions, 80 targets
DEBUG: Unique predictions: [0 1], Unique targets: [0 1]

Epoch  45/500 Summary:
  Train Loss: 0.6935 | Train Acc: 48.21%
  Val Acc: 46.25% | LR: 0.009810
Patience remaining: 37/50
  --------------------------------------------------
DEBUG: Evaluate function - 80 predictions, 80 targets
DEBUG: Unique predictions: [1], Unique targets: [0 1]

Epoch  46/500 Summary:
  Train Loss: 0.6937 | Train Acc: 46.79%
  Val Acc: 50.00% | LR: 0.009801
Patience remaining: 36/50
  --------------------------------------------------
DEBUG: Evaluate function - 80 predictions, 80 targets
DEBUG: Unique predictions: [1], Unique targets: [0 1]

Epoch  47/500 Summary:
  Train Loss: 0.6932 | Train Acc: 50.89%
  Val Acc: 50.00% | LR: 0.009793
Patience remaining: 35/50
  --------------------------------------------------
DEBUG: Evaluate function - 80 predictions, 80 targets
DEBUG: Unique predictions: [0], Unique targets: [0 1]

Epoch  48/500 Summary:
  Train Loss: 0.6927 | Train Acc: 51.43%
  Val Acc: 50.00% | LR: 0.009784
Patience remaining: 34/50
  --------------------------------------------------
DEBUG: Evaluate function - 80 predictions, 80 targets
DEBUG: Unique predictions: [0], Unique targets: [0 1]

Epoch  49/500 Summary:
  Train Loss: 0.6927 | Train Acc: 49.82%
  Val Acc: 50.00% | LR: 0.009774
Patience remaining: 33/50
  --------------------------------------------------
DEBUG: Evaluate function - 80 predictions, 80 targets
DEBUG: Unique predictions: [0], Unique targets: [0 1]

Epoch  50/500 Summary:
  Train Loss: 0.6935 | Train Acc: 50.36%
  Val Acc: 50.00% | LR: 0.009765
Patience remaining: 32/50
  --------------------------------------------------
DEBUG: Evaluate function - 80 predictions, 80 targets
DEBUG: Unique predictions: [1], Unique targets: [0 1]

Epoch  51/500 Summary:
  Train Loss: 0.6949 | Train Acc: 45.54%
  Val Acc: 50.00% | LR: 0.009755
Patience remaining: 31/50
  --------------------------------------------------
DEBUG: Evaluate function - 80 predictions, 80 targets
DEBUG: Unique predictions: [0], Unique targets: [0 1]

Epoch  52/500 Summary:
  Train Loss: 0.6944 | Train Acc: 47.32%
  Val Acc: 50.00% | LR: 0.009745
Patience remaining: 30/50
  --------------------------------------------------
DEBUG: Evaluate function - 80 predictions, 80 targets
DEBUG: Unique predictions: [0], Unique targets: [0 1]

Epoch  53/500 Summary:
  Train Loss: 0.6943 | Train Acc: 50.00%
  Val Acc: 50.00% | LR: 0.009735
Patience remaining: 29/50
  --------------------------------------------------
DEBUG: Evaluate function - 80 predictions, 80 targets
DEBUG: Unique predictions: [1], Unique targets: [0 1]

Epoch  54/500 Summary:
  Train Loss: 0.6939 | Train Acc: 48.75%
  Val Acc: 50.00% | LR: 0.009725
Patience remaining: 28/50
  --------------------------------------------------
DEBUG: Evaluate function - 80 predictions, 80 targets
DEBUG: Unique predictions: [1], Unique targets: [0 1]

Epoch  55/500 Summary:
  Train Loss: 0.6938 | Train Acc: 50.00%
  Val Acc: 50.00% | LR: 0.009715
Patience remaining: 27/50
  --------------------------------------------------
DEBUG: Evaluate function - 80 predictions, 80 targets
DEBUG: Unique predictions: [0], Unique targets: [0 1]

Epoch  56/500 Summary:
  Train Loss: 0.6934 | Train Acc: 50.00%
  Val Acc: 50.00% | LR: 0.009704
Patience remaining: 26/50
  --------------------------------------------------
DEBUG: Evaluate function - 80 predictions, 80 targets
DEBUG: Unique predictions: [0], Unique targets: [0 1]

Epoch  57/500 Summary:
  Train Loss: 0.6931 | Train Acc: 50.89%
  Val Acc: 50.00% | LR: 0.009694
Patience remaining: 25/50
  --------------------------------------------------
DEBUG: Evaluate function - 80 predictions, 80 targets
DEBUG: Unique predictions: [0], Unique targets: [0 1]

Epoch  58/500 Summary:
  Train Loss: 0.6928 | Train Acc: 49.82%
  Val Acc: 50.00% | LR: 0.009683
Patience remaining: 24/50
  --------------------------------------------------
DEBUG: Evaluate function - 80 predictions, 80 targets
DEBUG: Unique predictions: [0], Unique targets: [0 1]

Epoch  59/500 Summary:
  Train Loss: 0.6947 | Train Acc: 50.00%
  Val Acc: 50.00% | LR: 0.009672
Patience remaining: 23/50
  --------------------------------------------------
DEBUG: Evaluate function - 80 predictions, 80 targets
DEBUG: Unique predictions: [1], Unique targets: [0 1]

Epoch  60/500 Summary:
  Train Loss: 0.6929 | Train Acc: 49.46%
  Val Acc: 50.00% | LR: 0.009660
Patience remaining: 22/50
  --------------------------------------------------
DEBUG: Evaluate function - 80 predictions, 80 targets
DEBUG: Unique predictions: [1], Unique targets: [0 1]

Epoch  61/500 Summary:
  Train Loss: 0.6957 | Train Acc: 50.00%
  Val Acc: 50.00% | LR: 0.009649
Patience remaining: 21/50
  --------------------------------------------------
DEBUG: Evaluate function - 80 predictions, 80 targets
DEBUG: Unique predictions: [0], Unique targets: [0 1]

Epoch  62/500 Summary:
  Train Loss: 0.6960 | Train Acc: 47.32%
  Val Acc: 50.00% | LR: 0.009637
Patience remaining: 20/50
  --------------------------------------------------
DEBUG: Evaluate function - 80 predictions, 80 targets
DEBUG: Unique predictions: [0 1], Unique targets: [0 1]

Epoch  63/500 Summary:
  Train Loss: 0.6939 | Train Acc: 49.64%
  Val Acc: 50.00% | LR: 0.009625
Patience remaining: 19/50
  --------------------------------------------------
DEBUG: Evaluate function - 80 predictions, 80 targets
DEBUG: Unique predictions: [1], Unique targets: [0 1]

Epoch  64/500 Summary:
  Train Loss: 0.6928 | Train Acc: 52.32%
  Val Acc: 50.00% | LR: 0.009613
Patience remaining: 18/50
  --------------------------------------------------
DEBUG: Evaluate function - 80 predictions, 80 targets
DEBUG: Unique predictions: [1], Unique targets: [0 1]

Epoch  65/500 Summary:
  Train Loss: 0.6945 | Train Acc: 49.29%
  Val Acc: 50.00% | LR: 0.009601
Patience remaining: 17/50
  --------------------------------------------------
DEBUG: Evaluate function - 80 predictions, 80 targets
DEBUG: Unique predictions: [0 1], Unique targets: [0 1]

Epoch  66/500 Summary:
  Train Loss: 0.6937 | Train Acc: 51.25%
  Val Acc: 50.00% | LR: 0.009589
Patience remaining: 16/50
  --------------------------------------------------
DEBUG: Evaluate function - 80 predictions, 80 targets
DEBUG: Unique predictions: [0 1], Unique targets: [0 1]

Epoch  67/500 Summary:
  Train Loss: 0.6922 | Train Acc: 53.75%
  Val Acc: 46.25% | LR: 0.009576
Patience remaining: 15/50
  --------------------------------------------------
DEBUG: Evaluate function - 80 predictions, 80 targets
DEBUG: Unique predictions: [0 1], Unique targets: [0 1]

Epoch  68/500 Summary:
  Train Loss: 0.6918 | Train Acc: 53.93%
  Val Acc: 45.00% | LR: 0.009563
Patience remaining: 14/50
  --------------------------------------------------
DEBUG: Evaluate function - 80 predictions, 80 targets
DEBUG: Unique predictions: [0 1], Unique targets: [0 1]

Epoch  69/500 Summary:
  Train Loss: 0.6922 | Train Acc: 50.36%
  Val Acc: 50.00% | LR: 0.009551
Patience remaining: 13/50
  --------------------------------------------------
DEBUG: Evaluate function - 80 predictions, 80 targets
DEBUG: Unique predictions: [0 1], Unique targets: [0 1]

Epoch  70/500 Summary:
  Train Loss: 0.6928 | Train Acc: 49.29%
  Val Acc: 45.00% | LR: 0.009537
Patience remaining: 12/50
  --------------------------------------------------
DEBUG: Evaluate function - 80 predictions, 80 targets
DEBUG: Unique predictions: [0 1], Unique targets: [0 1]

Epoch  71/500 Summary:
  Train Loss: 0.6884 | Train Acc: 59.64%
  Val Acc: 51.25% | LR: 0.009524
Patience remaining: 11/50
  --------------------------------------------------
DEBUG: Evaluate function - 80 predictions, 80 targets
DEBUG: Unique predictions: [0 1], Unique targets: [0 1]

Epoch  72/500 Summary:
  Train Loss: 0.6861 | Train Acc: 53.39%
  Val Acc: 60.00% | LR: 0.009511
New best validation accuracy!
  --------------------------------------------------
DEBUG: Evaluate function - 80 predictions, 80 targets
DEBUG: Unique predictions: [0 1], Unique targets: [0 1]

Epoch  73/500 Summary:
  Train Loss: 0.6855 | Train Acc: 56.61%
  Val Acc: 62.50% | LR: 0.009497
New best validation accuracy!
  --------------------------------------------------
DEBUG: Evaluate function - 80 predictions, 80 targets
DEBUG: Unique predictions: [0 1], Unique targets: [0 1]

Epoch  74/500 Summary:
  Train Loss: 0.6799 | Train Acc: 56.79%
  Val Acc: 52.50% | LR: 0.009483
Patience remaining: 49/50
  --------------------------------------------------
DEBUG: Evaluate function - 80 predictions, 80 targets
DEBUG: Unique predictions: [0 1], Unique targets: [0 1]

Epoch  75/500 Summary:
  Train Loss: 0.6798 | Train Acc: 54.46%
  Val Acc: 48.75% | LR: 0.009469
Patience remaining: 48/50
  --------------------------------------------------
DEBUG: Evaluate function - 80 predictions, 80 targets
DEBUG: Unique predictions: [0 1], Unique targets: [0 1]

Epoch  76/500 Summary:
  Train Loss: 0.6656 | Train Acc: 62.32%
  Val Acc: 60.00% | LR: 0.009455
Patience remaining: 47/50
  --------------------------------------------------
DEBUG: Evaluate function - 80 predictions, 80 targets
DEBUG: Unique predictions: [0 1], Unique targets: [0 1]

Epoch  77/500 Summary:
  Train Loss: 0.6487 | Train Acc: 63.21%
  Val Acc: 52.50% | LR: 0.009441
Patience remaining: 46/50
  --------------------------------------------------
DEBUG: Evaluate function - 80 predictions, 80 targets
DEBUG: Unique predictions: [0 1], Unique targets: [0 1]

Epoch  78/500 Summary:
  Train Loss: 0.6617 | Train Acc: 58.93%
  Val Acc: 51.25% | LR: 0.009426
Patience remaining: 45/50
  --------------------------------------------------
DEBUG: Evaluate function - 80 predictions, 80 targets
DEBUG: Unique predictions: [0 1], Unique targets: [0 1]

Epoch  79/500 Summary:
  Train Loss: 0.6767 | Train Acc: 59.82%
  Val Acc: 57.50% | LR: 0.009411
Patience remaining: 44/50
  --------------------------------------------------
DEBUG: Evaluate function - 80 predictions, 80 targets
DEBUG: Unique predictions: [0 1], Unique targets: [0 1]

Epoch  80/500 Summary:
  Train Loss: 0.6599 | Train Acc: 57.86%
  Val Acc: 62.50% | LR: 0.009397
Patience remaining: 43/50
  --------------------------------------------------
DEBUG: Evaluate function - 80 predictions, 80 targets
DEBUG: Unique predictions: [0 1], Unique targets: [0 1]

Epoch  81/500 Summary:
  Train Loss: 0.6539 | Train Acc: 62.32%
  Val Acc: 66.25% | LR: 0.009382
New best validation accuracy!
  --------------------------------------------------
DEBUG: Evaluate function - 80 predictions, 80 targets
DEBUG: Unique predictions: [0 1], Unique targets: [0 1]

Epoch  82/500 Summary:
  Train Loss: 0.6535 | Train Acc: 63.04%
  Val Acc: 60.00% | LR: 0.009366
Patience remaining: 49/50
  --------------------------------------------------
DEBUG: Evaluate function - 80 predictions, 80 targets
DEBUG: Unique predictions: [0 1], Unique targets: [0 1]

Epoch  83/500 Summary:
  Train Loss: 0.6416 | Train Acc: 61.25%
  Val Acc: 66.25% | LR: 0.009351
Patience remaining: 48/50
  --------------------------------------------------
DEBUG: Evaluate function - 80 predictions, 80 targets
DEBUG: Unique predictions: [0 1], Unique targets: [0 1]

Epoch  84/500 Summary:
  Train Loss: 0.6381 | Train Acc: 63.57%
  Val Acc: 61.25% | LR: 0.009335
Patience remaining: 47/50
  --------------------------------------------------
DEBUG: Evaluate function - 80 predictions, 80 targets
DEBUG: Unique predictions: [0 1], Unique targets: [0 1]

Epoch  85/500 Summary:
  Train Loss: 0.6261 | Train Acc: 65.18%
  Val Acc: 52.50% | LR: 0.009320
Patience remaining: 46/50
  --------------------------------------------------
DEBUG: Evaluate function - 80 predictions, 80 targets
DEBUG: Unique predictions: [0 1], Unique targets: [0 1]

Epoch  86/500 Summary:
  Train Loss: 0.6145 | Train Acc: 65.89%
  Val Acc: 68.75% | LR: 0.009304
New best validation accuracy!
  --------------------------------------------------
DEBUG: Evaluate function - 80 predictions, 80 targets
DEBUG: Unique predictions: [0 1], Unique targets: [0 1]

Epoch  87/500 Summary:
  Train Loss: 0.6191 | Train Acc: 67.14%
  Val Acc: 67.50% | LR: 0.009288
Patience remaining: 49/50
  --------------------------------------------------
DEBUG: Evaluate function - 80 predictions, 80 targets
DEBUG: Unique predictions: [0 1], Unique targets: [0 1]

Epoch  88/500 Summary:
  Train Loss: 0.6121 | Train Acc: 67.50%
  Val Acc: 58.75% | LR: 0.009271
Patience remaining: 48/50
  --------------------------------------------------
DEBUG: Evaluate function - 80 predictions, 80 targets
DEBUG: Unique predictions: [0 1], Unique targets: [0 1]

Epoch  89/500 Summary:
  Train Loss: 0.6176 | Train Acc: 64.11%
  Val Acc: 63.75% | LR: 0.009255
Patience remaining: 47/50
  --------------------------------------------------
DEBUG: Evaluate function - 80 predictions, 80 targets
DEBUG: Unique predictions: [0 1], Unique targets: [0 1]

Epoch  90/500 Summary:
  Train Loss: 0.6284 | Train Acc: 65.89%
  Val Acc: 62.50% | LR: 0.009238
Patience remaining: 46/50
  --------------------------------------------------
DEBUG: Evaluate function - 80 predictions, 80 targets
DEBUG: Unique predictions: [0 1], Unique targets: [0 1]

Epoch  91/500 Summary:
  Train Loss: 0.6039 | Train Acc: 65.71%
  Val Acc: 66.25% | LR: 0.009222
Patience remaining: 45/50
  --------------------------------------------------
DEBUG: Evaluate function - 80 predictions, 80 targets
DEBUG: Unique predictions: [0 1], Unique targets: [0 1]

Epoch  92/500 Summary:
  Train Loss: 0.6137 | Train Acc: 67.32%
  Val Acc: 65.00% | LR: 0.009205
Patience remaining: 44/50
  --------------------------------------------------
DEBUG: Evaluate function - 80 predictions, 80 targets
DEBUG: Unique predictions: [0 1], Unique targets: [0 1]

Epoch  93/500 Summary:
  Train Loss: 0.6085 | Train Acc: 67.32%
  Val Acc: 63.75% | LR: 0.009188
Patience remaining: 43/50
  --------------------------------------------------
DEBUG: Evaluate function - 80 predictions, 80 targets
DEBUG: Unique predictions: [0 1], Unique targets: [0 1]

Epoch  94/500 Summary:
  Train Loss: 0.6097 | Train Acc: 69.11%
  Val Acc: 66.25% | LR: 0.009170
Patience remaining: 42/50
  --------------------------------------------------
DEBUG: Evaluate function - 80 predictions, 80 targets
DEBUG: Unique predictions: [0 1], Unique targets: [0 1]

Epoch  95/500 Summary:
  Train Loss: 0.5909 | Train Acc: 69.29%
  Val Acc: 62.50% | LR: 0.009153
Patience remaining: 41/50
  --------------------------------------------------
DEBUG: Evaluate function - 80 predictions, 80 targets
DEBUG: Unique predictions: [0 1], Unique targets: [0 1]

Epoch  96/500 Summary:
  Train Loss: 0.5863 | Train Acc: 68.57%
  Val Acc: 67.50% | LR: 0.009135
Patience remaining: 40/50
  --------------------------------------------------
DEBUG: Evaluate function - 80 predictions, 80 targets
DEBUG: Unique predictions: [0 1], Unique targets: [0 1]

Epoch  97/500 Summary:
  Train Loss: 0.5947 | Train Acc: 66.96%
  Val Acc: 61.25% | LR: 0.009118
Patience remaining: 39/50
  --------------------------------------------------
DEBUG: Evaluate function - 80 predictions, 80 targets
DEBUG: Unique predictions: [0 1], Unique targets: [0 1]

Epoch  98/500 Summary:
  Train Loss: 0.6085 | Train Acc: 67.14%
  Val Acc: 63.75% | LR: 0.009100
Patience remaining: 38/50
  --------------------------------------------------
DEBUG: Evaluate function - 80 predictions, 80 targets
DEBUG: Unique predictions: [0 1], Unique targets: [0 1]

Epoch  99/500 Summary:
  Train Loss: 0.6003 | Train Acc: 68.39%
  Val Acc: 60.00% | LR: 0.009082
Patience remaining: 37/50
  --------------------------------------------------
DEBUG: Evaluate function - 80 predictions, 80 targets
DEBUG: Unique predictions: [0 1], Unique targets: [0 1]

Epoch 100/500 Summary:
  Train Loss: 0.5959 | Train Acc: 68.93%
  Val Acc: 58.75% | LR: 0.009063
Patience remaining: 36/50
  --------------------------------------------------
DEBUG: Evaluate function - 80 predictions, 80 targets
DEBUG: Unique predictions: [0 1], Unique targets: [0 1]

Epoch 101/500 Summary:
  Train Loss: 0.6060 | Train Acc: 65.71%
  Val Acc: 62.50% | LR: 0.009045
Patience remaining: 35/50
  --------------------------------------------------
DEBUG: Evaluate function - 80 predictions, 80 targets
DEBUG: Unique predictions: [0 1], Unique targets: [0 1]

Epoch 102/500 Summary:
  Train Loss: 0.5751 | Train Acc: 69.29%
  Val Acc: 60.00% | LR: 0.009027
Patience remaining: 34/50
  --------------------------------------------------
DEBUG: Evaluate function - 80 predictions, 80 targets
DEBUG: Unique predictions: [0 1], Unique targets: [0 1]

Epoch 103/500 Summary:
  Train Loss: 0.5866 | Train Acc: 69.82%
  Val Acc: 66.25% | LR: 0.009008
Patience remaining: 33/50
  --------------------------------------------------
DEBUG: Evaluate function - 80 predictions, 80 targets
DEBUG: Unique predictions: [0 1], Unique targets: [0 1]

Epoch 104/500 Summary:
  Train Loss: 0.5871 | Train Acc: 71.43%
  Val Acc: 61.25% | LR: 0.008989
Patience remaining: 32/50
  --------------------------------------------------
DEBUG: Evaluate function - 80 predictions, 80 targets
DEBUG: Unique predictions: [0 1], Unique targets: [0 1]

Epoch 105/500 Summary:
  Train Loss: 0.5836 | Train Acc: 69.46%
  Val Acc: 60.00% | LR: 0.008970
Patience remaining: 31/50
  --------------------------------------------------
DEBUG: Evaluate function - 80 predictions, 80 targets
DEBUG: Unique predictions: [0 1], Unique targets: [0 1]

Epoch 106/500 Summary:
  Train Loss: 0.5828 | Train Acc: 69.46%
  Val Acc: 61.25% | LR: 0.008951
Patience remaining: 30/50
  --------------------------------------------------
DEBUG: Evaluate function - 80 predictions, 80 targets
DEBUG: Unique predictions: [0 1], Unique targets: [0 1]

Epoch 107/500 Summary:
  Train Loss: 0.5829 | Train Acc: 69.46%
  Val Acc: 61.25% | LR: 0.008931
Patience remaining: 29/50
  --------------------------------------------------
DEBUG: Evaluate function - 80 predictions, 80 targets
DEBUG: Unique predictions: [0 1], Unique targets: [0 1]

Epoch 108/500 Summary:
  Train Loss: 0.5856 | Train Acc: 68.57%
  Val Acc: 65.00% | LR: 0.008912
Patience remaining: 28/50
  --------------------------------------------------
DEBUG: Evaluate function - 80 predictions, 80 targets
DEBUG: Unique predictions: [0 1], Unique targets: [0 1]

Epoch 109/500 Summary:
  Train Loss: 0.5728 | Train Acc: 70.18%
  Val Acc: 65.00% | LR: 0.008892
Patience remaining: 27/50
  --------------------------------------------------
DEBUG: Evaluate function - 80 predictions, 80 targets
DEBUG: Unique predictions: [0 1], Unique targets: [0 1]

Epoch 110/500 Summary:
  Train Loss: 0.5561 | Train Acc: 73.04%
  Val Acc: 63.75% | LR: 0.008873
Patience remaining: 26/50
  --------------------------------------------------
DEBUG: Evaluate function - 80 predictions, 80 targets
DEBUG: Unique predictions: [0 1], Unique targets: [0 1]

Epoch 111/500 Summary:
  Train Loss: 0.5481 | Train Acc: 73.04%
  Val Acc: 62.50% | LR: 0.008853
Patience remaining: 25/50
  --------------------------------------------------
DEBUG: Evaluate function - 80 predictions, 80 targets
DEBUG: Unique predictions: [0 1], Unique targets: [0 1]

Epoch 112/500 Summary:
  Train Loss: 0.5388 | Train Acc: 74.11%
  Val Acc: 58.75% | LR: 0.008832
Patience remaining: 24/50
  --------------------------------------------------
DEBUG: Evaluate function - 80 predictions, 80 targets
DEBUG: Unique predictions: [0 1], Unique targets: [0 1]

Epoch 113/500 Summary:
  Train Loss: 0.5285 | Train Acc: 74.29%
  Val Acc: 57.50% | LR: 0.008812
Patience remaining: 23/50
  --------------------------------------------------
DEBUG: Evaluate function - 80 predictions, 80 targets
DEBUG: Unique predictions: [0 1], Unique targets: [0 1]

Epoch 114/500 Summary:
  Train Loss: 0.5255 | Train Acc: 74.82%
  Val Acc: 58.75% | LR: 0.008792
Patience remaining: 22/50
  --------------------------------------------------
DEBUG: Evaluate function - 80 predictions, 80 targets
DEBUG: Unique predictions: [0 1], Unique targets: [0 1]

Epoch 115/500 Summary:
  Train Loss: 0.5443 | Train Acc: 73.21%
  Val Acc: 56.25% | LR: 0.008771
Patience remaining: 21/50
  --------------------------------------------------
DEBUG: Evaluate function - 80 predictions, 80 targets
DEBUG: Unique predictions: [0 1], Unique targets: [0 1]

Epoch 116/500 Summary:
  Train Loss: 0.5143 | Train Acc: 75.89%
  Val Acc: 60.00% | LR: 0.008751
Patience remaining: 20/50
  --------------------------------------------------
DEBUG: Evaluate function - 80 predictions, 80 targets
DEBUG: Unique predictions: [0 1], Unique targets: [0 1]

Epoch 117/500 Summary:
  Train Loss: 0.5536 | Train Acc: 74.82%
  Val Acc: 61.25% | LR: 0.008730
Patience remaining: 19/50
  --------------------------------------------------
DEBUG: Evaluate function - 80 predictions, 80 targets
DEBUG: Unique predictions: [0 1], Unique targets: [0 1]

Epoch 118/500 Summary:
  Train Loss: 0.5451 | Train Acc: 71.61%
  Val Acc: 57.50% | LR: 0.008709
Patience remaining: 18/50
  --------------------------------------------------
DEBUG: Evaluate function - 80 predictions, 80 targets
DEBUG: Unique predictions: [0 1], Unique targets: [0 1]

Epoch 119/500 Summary:
  Train Loss: 0.5035 | Train Acc: 74.29%
  Val Acc: 60.00% | LR: 0.008688
Patience remaining: 17/50
  --------------------------------------------------
DEBUG: Evaluate function - 80 predictions, 80 targets
DEBUG: Unique predictions: [0 1], Unique targets: [0 1]

Epoch 120/500 Summary:
  Train Loss: 0.5213 | Train Acc: 72.14%
  Val Acc: 58.75% | LR: 0.008666
Patience remaining: 16/50
  --------------------------------------------------
DEBUG: Evaluate function - 80 predictions, 80 targets
DEBUG: Unique predictions: [0 1], Unique targets: [0 1]2025-09-26 18:00:05 -     Test accuracy: 0.6813
2025-09-26 18:00:05 -   Repeat 4 mean accuracy: 0.5850 ± 0.0759
2025-09-26 18:00:05 - Repeat 5/5
2025-09-26 18:00:05 -   Fold 1/5
2025-09-26 18:00:05 -     Fold split: Train=560, Val=80


Epoch 121/500 Summary:
  Train Loss: 0.5183 | Train Acc: 73.93%
  Val Acc: 58.75% | LR: 0.008645
Patience remaining: 15/50
  --------------------------------------------------
DEBUG: Evaluate function - 80 predictions, 80 targets
DEBUG: Unique predictions: [0 1], Unique targets: [0 1]

Epoch 122/500 Summary:
  Train Loss: 0.4914 | Train Acc: 77.50%
  Val Acc: 62.50% | LR: 0.008623
Patience remaining: 14/50
  --------------------------------------------------
DEBUG: Evaluate function - 80 predictions, 80 targets
DEBUG: Unique predictions: [0 1], Unique targets: [0 1]

Epoch 123/500 Summary:
  Train Loss: 0.4934 | Train Acc: 77.14%
  Val Acc: 58.75% | LR: 0.008602
Patience remaining: 13/50
  --------------------------------------------------
DEBUG: Evaluate function - 80 predictions, 80 targets
DEBUG: Unique predictions: [0 1], Unique targets: [0 1]

Epoch 124/500 Summary:
  Train Loss: 0.5087 | Train Acc: 73.75%
  Val Acc: 58.75% | LR: 0.008580
Patience remaining: 12/50
  --------------------------------------------------
DEBUG: Evaluate function - 80 predictions, 80 targets
DEBUG: Unique predictions: [0 1], Unique targets: [0 1]

Epoch 125/500 Summary:
  Train Loss: 0.4871 | Train Acc: 80.18%
  Val Acc: 57.50% | LR: 0.008558
Patience remaining: 11/50
  --------------------------------------------------
DEBUG: Evaluate function - 80 predictions, 80 targets
DEBUG: Unique predictions: [0 1], Unique targets: [0 1]

Epoch 126/500 Summary:
  Train Loss: 0.5227 | Train Acc: 74.29%
  Val Acc: 58.75% | LR: 0.008536
Patience remaining: 10/50
  --------------------------------------------------
DEBUG: Evaluate function - 80 predictions, 80 targets
DEBUG: Unique predictions: [0 1], Unique targets: [0 1]

Epoch 127/500 Summary:
  Train Loss: 0.5109 | Train Acc: 76.07%
  Val Acc: 63.75% | LR: 0.008513
Patience remaining: 9/50
  --------------------------------------------------
DEBUG: Evaluate function - 80 predictions, 80 targets
DEBUG: Unique predictions: [0 1], Unique targets: [0 1]

Epoch 128/500 Summary:
  Train Loss: 0.5188 | Train Acc: 76.61%
  Val Acc: 61.25% | LR: 0.008491
Patience remaining: 8/50
  --------------------------------------------------
DEBUG: Evaluate function - 80 predictions, 80 targets
DEBUG: Unique predictions: [0 1], Unique targets: [0 1]

Epoch 129/500 Summary:
  Train Loss: 0.4692 | Train Acc: 77.86%
  Val Acc: 62.50% | LR: 0.008468
Patience remaining: 7/50
  --------------------------------------------------
DEBUG: Evaluate function - 80 predictions, 80 targets
DEBUG: Unique predictions: [0 1], Unique targets: [0 1]

Epoch 130/500 Summary:
  Train Loss: 0.4773 | Train Acc: 77.86%
  Val Acc: 61.25% | LR: 0.008446
Patience remaining: 6/50
  --------------------------------------------------
DEBUG: Evaluate function - 80 predictions, 80 targets
DEBUG: Unique predictions: [0 1], Unique targets: [0 1]

Epoch 131/500 Summary:
  Train Loss: 0.4811 | Train Acc: 78.04%
  Val Acc: 56.25% | LR: 0.008423
Patience remaining: 5/50
  --------------------------------------------------
DEBUG: Evaluate function - 80 predictions, 80 targets
DEBUG: Unique predictions: [0 1], Unique targets: [0 1]

Epoch 132/500 Summary:
  Train Loss: 0.4476 | Train Acc: 79.29%
  Val Acc: 48.75% | LR: 0.008400
Patience remaining: 4/50
  --------------------------------------------------
DEBUG: Evaluate function - 80 predictions, 80 targets
DEBUG: Unique predictions: [0 1], Unique targets: [0 1]

Epoch 133/500 Summary:
  Train Loss: 0.4765 | Train Acc: 79.29%
  Val Acc: 56.25% | LR: 0.008377
Patience remaining: 3/50
  --------------------------------------------------
DEBUG: Evaluate function - 80 predictions, 80 targets
DEBUG: Unique predictions: [0 1], Unique targets: [0 1]

Epoch 134/500 Summary:
  Train Loss: 0.4859 | Train Acc: 76.25%
  Val Acc: 61.25% | LR: 0.008353
Patience remaining: 2/50
  --------------------------------------------------
DEBUG: Evaluate function - 80 predictions, 80 targets
DEBUG: Unique predictions: [0 1], Unique targets: [0 1]

Epoch 135/500 Summary:
  Train Loss: 0.4475 | Train Acc: 81.25%
  Val Acc: 58.75% | LR: 0.008330
Patience remaining: 1/50
  --------------------------------------------------
DEBUG: Evaluate function - 80 predictions, 80 targets
DEBUG: Unique predictions: [0 1], Unique targets: [0 1]

Epoch 136/500 Summary:
  Train Loss: 0.4456 | Train Acc: 80.18%
  Val Acc: 61.25% | LR: 0.008307
Early stopping triggered! No improvement for 50 epochs
Best validation accuracy: 68.75%

============================================================
Training Complete!
Best Validation Accuracy: 68.75%
============================================================
DEBUG: Evaluate function - 80 predictions, 80 targets
DEBUG: Unique predictions: [0 1], Unique targets: [0 1]
Training class distribution: [280, 280]

============================================================
Starting Training - Max Epochs: 500
Model: EEGConformer
Learning Rate: 0.01, Weight Decay: 0.0001
Dropout: 0.25, Early Stopping Patience: 50
============================================================
DEBUG: Evaluate function - 80 predictions, 80 targets
DEBUG: Unique predictions: [0], Unique targets: [0 1]

Epoch   1/500 Summary:
  Train Loss: 1.0786 | Train Acc: 48.04%
  Val Acc: 50.00% | LR: 0.010000
New best validation accuracy!
  --------------------------------------------------
DEBUG: Evaluate function - 80 predictions, 80 targets
DEBUG: Unique predictions: [1], Unique targets: [0 1]

Epoch   2/500 Summary:
  Train Loss: 0.7283 | Train Acc: 48.21%
  Val Acc: 50.00% | LR: 0.010000
Patience remaining: 49/50
  --------------------------------------------------
DEBUG: Evaluate function - 80 predictions, 80 targets
DEBUG: Unique predictions: [0], Unique targets: [0 1]

Epoch   3/500 Summary:
  Train Loss: 0.6982 | Train Acc: 47.86%
  Val Acc: 50.00% | LR: 0.010000
Patience remaining: 48/50
  --------------------------------------------------
DEBUG: Evaluate function - 80 predictions, 80 targets
DEBUG: Unique predictions: [0], Unique targets: [0 1]

Epoch   4/500 Summary:
  Train Loss: 0.7064 | Train Acc: 49.82%
  Val Acc: 50.00% | LR: 0.009999
Patience remaining: 47/50
  --------------------------------------------------
DEBUG: Evaluate function - 80 predictions, 80 targets
DEBUG: Unique predictions: [1], Unique targets: [0 1]

Epoch   5/500 Summary:
  Train Loss: 0.6950 | Train Acc: 50.71%
  Val Acc: 50.00% | LR: 0.009998
Patience remaining: 46/50
  --------------------------------------------------
DEBUG: Evaluate function - 80 predictions, 80 targets
DEBUG: Unique predictions: [1], Unique targets: [0 1]

Epoch   6/500 Summary:
  Train Loss: 0.6938 | Train Acc: 50.18%
  Val Acc: 50.00% | LR: 0.009998
Patience remaining: 45/50
  --------------------------------------------------
DEBUG: Evaluate function - 80 predictions, 80 targets
DEBUG: Unique predictions: [1], Unique targets: [0 1]

Epoch   7/500 Summary:
  Train Loss: 0.6956 | Train Acc: 50.00%
  Val Acc: 50.00% | LR: 0.009996
Patience remaining: 44/50
  --------------------------------------------------
DEBUG: Evaluate function - 80 predictions, 80 targets
DEBUG: Unique predictions: [0], Unique targets: [0 1]

Epoch   8/500 Summary:
  Train Loss: 0.6933 | Train Acc: 51.25%
  Val Acc: 50.00% | LR: 0.009995
Patience remaining: 43/50
  --------------------------------------------------
DEBUG: Evaluate function - 80 predictions, 80 targets
DEBUG: Unique predictions: [0], Unique targets: [0 1]

Epoch   9/500 Summary:
  Train Loss: 0.6935 | Train Acc: 51.25%
  Val Acc: 50.00% | LR: 0.009994
Patience remaining: 42/50
  --------------------------------------------------
DEBUG: Evaluate function - 80 predictions, 80 targets
DEBUG: Unique predictions: [1], Unique targets: [0 1]

Epoch  10/500 Summary:
  Train Loss: 0.6953 | Train Acc: 49.11%
  Val Acc: 50.00% | LR: 0.009992
Patience remaining: 41/50
  --------------------------------------------------
DEBUG: Evaluate function - 80 predictions, 80 targets
DEBUG: Unique predictions: [1], Unique targets: [0 1]

Epoch  11/500 Summary:
  Train Loss: 0.6933 | Train Acc: 50.18%
  Val Acc: 50.00% | LR: 0.009990
Patience remaining: 40/50
  --------------------------------------------------
DEBUG: Evaluate function - 80 predictions, 80 targets
DEBUG: Unique predictions: [1], Unique targets: [0 1]

Epoch  12/500 Summary:
  Train Loss: 0.6945 | Train Acc: 50.00%
  Val Acc: 50.00% | LR: 0.009988
Patience remaining: 39/50
  --------------------------------------------------
DEBUG: Evaluate function - 80 predictions, 80 targets
DEBUG: Unique predictions: [1], Unique targets: [0 1]

Epoch  13/500 Summary:
  Train Loss: 0.6938 | Train Acc: 51.43%
  Val Acc: 50.00% | LR: 0.009986
Patience remaining: 38/50
  --------------------------------------------------
DEBUG: Evaluate function - 80 predictions, 80 targets
DEBUG: Unique predictions: [0], Unique targets: [0 1]

Epoch  14/500 Summary:
  Train Loss: 0.6968 | Train Acc: 46.07%
  Val Acc: 50.00% | LR: 0.009983
Patience remaining: 37/50
  --------------------------------------------------
DEBUG: Evaluate function - 80 predictions, 80 targets
DEBUG: Unique predictions: [1], Unique targets: [0 1]

Epoch  15/500 Summary:
  Train Loss: 0.6935 | Train Acc: 49.64%
  Val Acc: 50.00% | LR: 0.009981
Patience remaining: 36/50
  --------------------------------------------------
DEBUG: Evaluate function - 80 predictions, 80 targets
DEBUG: Unique predictions: [1], Unique targets: [0 1]

Epoch  16/500 Summary:
  Train Loss: 0.6942 | Train Acc: 51.25%
  Val Acc: 50.00% | LR: 0.009978
Patience remaining: 35/50
  --------------------------------------------------
DEBUG: Evaluate function - 80 predictions, 80 targets
DEBUG: Unique predictions: [1], Unique targets: [0 1]

Epoch  17/500 Summary:
  Train Loss: 0.6930 | Train Acc: 51.79%
  Val Acc: 50.00% | LR: 0.009975
Patience remaining: 34/50
  --------------------------------------------------
DEBUG: Evaluate function - 80 predictions, 80 targets
DEBUG: Unique predictions: [0], Unique targets: [0 1]

Epoch  18/500 Summary:
  Train Loss: 0.6939 | Train Acc: 49.29%
  Val Acc: 50.00% | LR: 0.009972
Patience remaining: 33/50
  --------------------------------------------------
DEBUG: Evaluate function - 80 predictions, 80 targets
DEBUG: Unique predictions: [0], Unique targets: [0 1]

Epoch  19/500 Summary:
  Train Loss: 0.6952 | Train Acc: 48.93%
  Val Acc: 50.00% | LR: 0.009968
Patience remaining: 32/50
  --------------------------------------------------
DEBUG: Evaluate function - 80 predictions, 80 targets
DEBUG: Unique predictions: [0], Unique targets: [0 1]

Epoch  20/500 Summary:
  Train Loss: 0.6936 | Train Acc: 50.18%
  Val Acc: 50.00% | LR: 0.009964
Patience remaining: 31/50
  --------------------------------------------------
DEBUG: Evaluate function - 80 predictions, 80 targets
DEBUG: Unique predictions: [1], Unique targets: [0 1]

Epoch  21/500 Summary:
  Train Loss: 0.6939 | Train Acc: 47.68%
  Val Acc: 50.00% | LR: 0.009961
Patience remaining: 30/50
  --------------------------------------------------
DEBUG: Evaluate function - 80 predictions, 80 targets
DEBUG: Unique predictions: [1], Unique targets: [0 1]

Epoch  22/500 Summary:
  Train Loss: 0.6925 | Train Acc: 51.79%
  Val Acc: 50.00% | LR: 0.009957
Patience remaining: 29/50
  --------------------------------------------------
DEBUG: Evaluate function - 80 predictions, 80 targets
DEBUG: Unique predictions: [1], Unique targets: [0 1]

Epoch  23/500 Summary:
  Train Loss: 0.6938 | Train Acc: 50.36%
  Val Acc: 50.00% | LR: 0.009952
Patience remaining: 28/50
  --------------------------------------------------
DEBUG: Evaluate function - 80 predictions, 80 targets
DEBUG: Unique predictions: [1], Unique targets: [0 1]

Epoch  24/500 Summary:
  Train Loss: 0.6941 | Train Acc: 49.82%
  Val Acc: 50.00% | LR: 0.009948
Patience remaining: 27/50
  --------------------------------------------------
DEBUG: Evaluate function - 80 predictions, 80 targets
DEBUG: Unique predictions: [0], Unique targets: [0 1]

Epoch  25/500 Summary:
  Train Loss: 0.6927 | Train Acc: 52.68%
  Val Acc: 50.00% | LR: 0.009943
Patience remaining: 26/50
  --------------------------------------------------
DEBUG: Evaluate function - 80 predictions, 80 targets
DEBUG: Unique predictions: [1], Unique targets: [0 1]

Epoch  26/500 Summary:
  Train Loss: 0.6975 | Train Acc: 48.04%
  Val Acc: 50.00% | LR: 0.009938
Patience remaining: 25/50
  --------------------------------------------------
DEBUG: Evaluate function - 80 predictions, 80 targets
DEBUG: Unique predictions: [1], Unique targets: [0 1]

Epoch  27/500 Summary:
  Train Loss: 0.6928 | Train Acc: 50.54%
  Val Acc: 50.00% | LR: 0.009933
Patience remaining: 24/50
  --------------------------------------------------
DEBUG: Evaluate function - 80 predictions, 80 targets
DEBUG: Unique predictions: [1], Unique targets: [0 1]

Epoch  28/500 Summary:
  Train Loss: 0.6944 | Train Acc: 50.54%
  Val Acc: 50.00% | LR: 0.009928
Patience remaining: 23/50
  --------------------------------------------------
DEBUG: Evaluate function - 80 predictions, 80 targets
DEBUG: Unique predictions: [1], Unique targets: [0 1]

Epoch  29/500 Summary:
  Train Loss: 0.6931 | Train Acc: 51.61%
  Val Acc: 50.00% | LR: 0.009923
Patience remaining: 22/50
  --------------------------------------------------
DEBUG: Evaluate function - 80 predictions, 80 targets
DEBUG: Unique predictions: [1], Unique targets: [0 1]

Epoch  30/500 Summary:
  Train Loss: 0.6945 | Train Acc: 50.36%
  Val Acc: 50.00% | LR: 0.009917
Patience remaining: 21/50
  --------------------------------------------------
DEBUG: Evaluate function - 80 predictions, 80 targets
DEBUG: Unique predictions: [0], Unique targets: [0 1]

Epoch  31/500 Summary:
  Train Loss: 0.6937 | Train Acc: 51.43%
  Val Acc: 50.00% | LR: 0.009911
Patience remaining: 20/50
  --------------------------------------------------
DEBUG: Evaluate function - 80 predictions, 80 targets
DEBUG: Unique predictions: [0], Unique targets: [0 1]

Epoch  32/500 Summary:
  Train Loss: 0.6986 | Train Acc: 49.46%
  Val Acc: 50.00% | LR: 0.009905
Patience remaining: 19/50
  --------------------------------------------------
DEBUG: Evaluate function - 80 predictions, 80 targets
DEBUG: Unique predictions: [1], Unique targets: [0 1]

Epoch  33/500 Summary:
  Train Loss: 0.6940 | Train Acc: 49.46%
  Val Acc: 50.00% | LR: 0.009899
Patience remaining: 18/50
  --------------------------------------------------
DEBUG: Evaluate function - 80 predictions, 80 targets
DEBUG: Unique predictions: [1], Unique targets: [0 1]

Epoch  34/500 Summary:
  Train Loss: 0.6972 | Train Acc: 50.18%
  Val Acc: 50.00% | LR: 0.009893
Patience remaining: 17/50
  --------------------------------------------------
DEBUG: Evaluate function - 80 predictions, 80 targets
DEBUG: Unique predictions: [0], Unique targets: [0 1]

Epoch  35/500 Summary:
  Train Loss: 0.6936 | Train Acc: 51.61%
  Val Acc: 50.00% | LR: 0.009886
Patience remaining: 16/50
  --------------------------------------------------
DEBUG: Evaluate function - 80 predictions, 80 targets
DEBUG: Unique predictions: [0], Unique targets: [0 1]

Epoch  36/500 Summary:
  Train Loss: 0.6978 | Train Acc: 48.75%
  Val Acc: 50.00% | LR: 0.009880
Patience remaining: 15/50
  --------------------------------------------------
DEBUG: Evaluate function - 80 predictions, 80 targets
DEBUG: Unique predictions: [1], Unique targets: [0 1]

Epoch  37/500 Summary:
  Train Loss: 0.6951 | Train Acc: 49.64%
  Val Acc: 50.00% | LR: 0.009873
Patience remaining: 14/50
  --------------------------------------------------
DEBUG: Evaluate function - 80 predictions, 80 targets
DEBUG: Unique predictions: [1], Unique targets: [0 1]

Epoch  38/500 Summary:
  Train Loss: 0.6942 | Train Acc: 50.18%
  Val Acc: 50.00% | LR: 0.009865
Patience remaining: 13/50
  --------------------------------------------------
DEBUG: Evaluate function - 80 predictions, 80 targets
DEBUG: Unique predictions: [1], Unique targets: [0 1]

Epoch  39/500 Summary:
  Train Loss: 0.6939 | Train Acc: 51.07%
  Val Acc: 50.00% | LR: 0.009858
Patience remaining: 12/50
  --------------------------------------------------
DEBUG: Evaluate function - 80 predictions, 80 targets
DEBUG: Unique predictions: [0], Unique targets: [0 1]

Epoch  40/500 Summary:
  Train Loss: 0.6936 | Train Acc: 52.32%
  Val Acc: 50.00% | LR: 0.009851
Patience remaining: 11/502025-09-26 18:00:08 -     Test accuracy: 0.5000
2025-09-26 18:00:08 -   Fold 2/5
2025-09-26 18:00:08 -     Fold split: Train=560, Val=80

  --------------------------------------------------
DEBUG: Evaluate function - 80 predictions, 80 targets
DEBUG: Unique predictions: [0], Unique targets: [0 1]

Epoch  41/500 Summary:
  Train Loss: 0.6936 | Train Acc: 49.64%
  Val Acc: 50.00% | LR: 0.009843
Patience remaining: 10/50
  --------------------------------------------------
DEBUG: Evaluate function - 80 predictions, 80 targets
DEBUG: Unique predictions: [0], Unique targets: [0 1]

Epoch  42/500 Summary:
  Train Loss: 0.6929 | Train Acc: 49.11%
  Val Acc: 50.00% | LR: 0.009835
Patience remaining: 9/50
  --------------------------------------------------
DEBUG: Evaluate function - 80 predictions, 80 targets
DEBUG: Unique predictions: [1], Unique targets: [0 1]

Epoch  43/500 Summary:
  Train Loss: 0.6935 | Train Acc: 47.86%
  Val Acc: 50.00% | LR: 0.009827
Patience remaining: 8/50
  --------------------------------------------------
DEBUG: Evaluate function - 80 predictions, 80 targets
DEBUG: Unique predictions: [1], Unique targets: [0 1]

Epoch  44/500 Summary:
  Train Loss: 0.6935 | Train Acc: 50.54%
  Val Acc: 50.00% | LR: 0.009819
Patience remaining: 7/50
  --------------------------------------------------
DEBUG: Evaluate function - 80 predictions, 80 targets
DEBUG: Unique predictions: [1], Unique targets: [0 1]

Epoch  45/500 Summary:
  Train Loss: 0.6920 | Train Acc: 49.82%
  Val Acc: 50.00% | LR: 0.009810
Patience remaining: 6/50
  --------------------------------------------------
DEBUG: Evaluate function - 80 predictions, 80 targets
DEBUG: Unique predictions: [0], Unique targets: [0 1]

Epoch  46/500 Summary:
  Train Loss: 0.6939 | Train Acc: 49.29%
  Val Acc: 50.00% | LR: 0.009801
Patience remaining: 5/50
  --------------------------------------------------
DEBUG: Evaluate function - 80 predictions, 80 targets
DEBUG: Unique predictions: [1], Unique targets: [0 1]

Epoch  47/500 Summary:
  Train Loss: 0.6928 | Train Acc: 49.11%
  Val Acc: 50.00% | LR: 0.009793
Patience remaining: 4/50
  --------------------------------------------------
DEBUG: Evaluate function - 80 predictions, 80 targets
DEBUG: Unique predictions: [1], Unique targets: [0 1]

Epoch  48/500 Summary:
  Train Loss: 0.6943 | Train Acc: 48.39%
  Val Acc: 50.00% | LR: 0.009784
Patience remaining: 3/50
  --------------------------------------------------
DEBUG: Evaluate function - 80 predictions, 80 targets
DEBUG: Unique predictions: [1], Unique targets: [0 1]

Epoch  49/500 Summary:
  Train Loss: 0.6947 | Train Acc: 50.54%
  Val Acc: 50.00% | LR: 0.009774
Patience remaining: 2/50
  --------------------------------------------------
DEBUG: Evaluate function - 80 predictions, 80 targets
DEBUG: Unique predictions: [1], Unique targets: [0 1]

Epoch  50/500 Summary:
  Train Loss: 0.6893 | Train Acc: 53.39%
  Val Acc: 50.00% | LR: 0.009765
Patience remaining: 1/50
  --------------------------------------------------
DEBUG: Evaluate function - 80 predictions, 80 targets
DEBUG: Unique predictions: [1], Unique targets: [0 1]

Epoch  51/500 Summary:
  Train Loss: 0.6955 | Train Acc: 49.46%
  Val Acc: 50.00% | LR: 0.009755
Early stopping triggered! No improvement for 50 epochs
Best validation accuracy: 50.00%

============================================================
Training Complete!
Best Validation Accuracy: 50.00%
============================================================
DEBUG: Evaluate function - 80 predictions, 80 targets
DEBUG: Unique predictions: [1], Unique targets: [0 1]
Training class distribution: [280, 280]

============================================================
Starting Training - Max Epochs: 500
Model: EEGConformer
Learning Rate: 0.01, Weight Decay: 0.0001
Dropout: 0.25, Early Stopping Patience: 50
============================================================
DEBUG: Evaluate function - 80 predictions, 80 targets
DEBUG: Unique predictions: [0], Unique targets: [0 1]

Epoch   1/500 Summary:
  Train Loss: 0.9339 | Train Acc: 48.21%
  Val Acc: 50.00% | LR: 0.010000
New best validation accuracy!
  --------------------------------------------------
DEBUG: Evaluate function - 80 predictions, 80 targets
DEBUG: Unique predictions: [1], Unique targets: [0 1]

Epoch   2/500 Summary:
  Train Loss: 0.7359 | Train Acc: 46.79%
  Val Acc: 50.00% | LR: 0.010000
Patience remaining: 49/50
  --------------------------------------------------
DEBUG: Evaluate function - 80 predictions, 80 targets
DEBUG: Unique predictions: [0], Unique targets: [0 1]

Epoch   3/500 Summary:
  Train Loss: 0.7092 | Train Acc: 47.50%
  Val Acc: 50.00% | LR: 0.010000
Patience remaining: 48/50
  --------------------------------------------------
DEBUG: Evaluate function - 80 predictions, 80 targets
DEBUG: Unique predictions: [0], Unique targets: [0 1]

Epoch   4/500 Summary:
  Train Loss: 0.7001 | Train Acc: 49.46%
  Val Acc: 50.00% | LR: 0.009999
Patience remaining: 47/50
  --------------------------------------------------
DEBUG: Evaluate function - 80 predictions, 80 targets
DEBUG: Unique predictions: [0], Unique targets: [0 1]

Epoch   5/500 Summary:
  Train Loss: 0.6972 | Train Acc: 49.82%
  Val Acc: 50.00% | LR: 0.009998
Patience remaining: 46/50
  --------------------------------------------------
DEBUG: Evaluate function - 80 predictions, 80 targets
DEBUG: Unique predictions: [1], Unique targets: [0 1]

Epoch   6/500 Summary:
  Train Loss: 0.6932 | Train Acc: 48.75%
  Val Acc: 50.00% | LR: 0.009998
Patience remaining: 45/50
  --------------------------------------------------
DEBUG: Evaluate function - 80 predictions, 80 targets
DEBUG: Unique predictions: [1], Unique targets: [0 1]

Epoch   7/500 Summary:
  Train Loss: 0.6959 | Train Acc: 49.46%
  Val Acc: 50.00% | LR: 0.009996
Patience remaining: 44/50
  --------------------------------------------------
DEBUG: Evaluate function - 80 predictions, 80 targets
DEBUG: Unique predictions: [1], Unique targets: [0 1]

Epoch   8/500 Summary:
  Train Loss: 0.6948 | Train Acc: 50.71%
  Val Acc: 50.00% | LR: 0.009995
Patience remaining: 43/50
  --------------------------------------------------
DEBUG: Evaluate function - 80 predictions, 80 targets
DEBUG: Unique predictions: [0], Unique targets: [0 1]

Epoch   9/500 Summary:
  Train Loss: 0.6968 | Train Acc: 46.96%
  Val Acc: 50.00% | LR: 0.009994
Patience remaining: 42/50
  --------------------------------------------------
DEBUG: Evaluate function - 80 predictions, 80 targets
DEBUG: Unique predictions: [0], Unique targets: [0 1]

Epoch  10/500 Summary:
  Train Loss: 0.6937 | Train Acc: 50.36%
  Val Acc: 50.00% | LR: 0.009992
Patience remaining: 41/50
  --------------------------------------------------
DEBUG: Evaluate function - 80 predictions, 80 targets
DEBUG: Unique predictions: [1], Unique targets: [0 1]

Epoch  11/500 Summary:
  Train Loss: 0.6931 | Train Acc: 49.11%
  Val Acc: 50.00% | LR: 0.009990
Patience remaining: 40/50
  --------------------------------------------------
DEBUG: Evaluate function - 80 predictions, 80 targets
DEBUG: Unique predictions: [1], Unique targets: [0 1]

Epoch  12/500 Summary:
  Train Loss: 0.6956 | Train Acc: 48.21%
  Val Acc: 50.00% | LR: 0.009988
Patience remaining: 39/50
  --------------------------------------------------
DEBUG: Evaluate function - 80 predictions, 80 targets
DEBUG: Unique predictions: [0], Unique targets: [0 1]

Epoch  13/500 Summary:
  Train Loss: 0.6929 | Train Acc: 51.43%
  Val Acc: 50.00% | LR: 0.009986
Patience remaining: 38/50
  --------------------------------------------------
DEBUG: Evaluate function - 80 predictions, 80 targets
DEBUG: Unique predictions: [0], Unique targets: [0 1]

Epoch  14/500 Summary:
  Train Loss: 0.6922 | Train Acc: 51.96%
  Val Acc: 50.00% | LR: 0.009983
Patience remaining: 37/50
  --------------------------------------------------
DEBUG: Evaluate function - 80 predictions, 80 targets
DEBUG: Unique predictions: [0], Unique targets: [0 1]

Epoch  15/500 Summary:
  Train Loss: 0.6959 | Train Acc: 51.25%
  Val Acc: 50.00% | LR: 0.009981
Patience remaining: 36/50
  --------------------------------------------------
DEBUG: Evaluate function - 80 predictions, 80 targets
DEBUG: Unique predictions: [1], Unique targets: [0 1]

Epoch  16/500 Summary:
  Train Loss: 0.6948 | Train Acc: 50.18%
  Val Acc: 50.00% | LR: 0.009978
Patience remaining: 35/50
  --------------------------------------------------
DEBUG: Evaluate function - 80 predictions, 80 targets
DEBUG: Unique predictions: [1], Unique targets: [0 1]

Epoch  17/500 Summary:
  Train Loss: 0.6965 | Train Acc: 48.21%
  Val Acc: 50.00% | LR: 0.009975
Patience remaining: 34/50
  --------------------------------------------------
DEBUG: Evaluate function - 80 predictions, 80 targets
DEBUG: Unique predictions: [1], Unique targets: [0 1]

Epoch  18/500 Summary:
  Train Loss: 0.6945 | Train Acc: 50.18%
  Val Acc: 50.00% | LR: 0.009972
Patience remaining: 33/50
  --------------------------------------------------
DEBUG: Evaluate function - 80 predictions, 80 targets
DEBUG: Unique predictions: [0], Unique targets: [0 1]

Epoch  19/500 Summary:
  Train Loss: 0.6949 | Train Acc: 46.61%
  Val Acc: 50.00% | LR: 0.009968
Patience remaining: 32/50
  --------------------------------------------------
DEBUG: Evaluate function - 80 predictions, 80 targets
DEBUG: Unique predictions: [1], Unique targets: [0 1]

Epoch  20/500 Summary:
  Train Loss: 0.6932 | Train Acc: 49.82%
  Val Acc: 50.00% | LR: 0.009964
Patience remaining: 31/50
  --------------------------------------------------
DEBUG: Evaluate function - 80 predictions, 80 targets
DEBUG: Unique predictions: [1], Unique targets: [0 1]

Epoch  21/500 Summary:
  Train Loss: 0.6983 | Train Acc: 50.18%
  Val Acc: 50.00% | LR: 0.009961
Patience remaining: 30/50
  --------------------------------------------------
DEBUG: Evaluate function - 80 predictions, 80 targets
DEBUG: Unique predictions: [0], Unique targets: [0 1]

Epoch  22/500 Summary:
  Train Loss: 0.6955 | Train Acc: 48.75%
  Val Acc: 50.00% | LR: 0.009957
Patience remaining: 29/50
  --------------------------------------------------
DEBUG: Evaluate function - 80 predictions, 80 targets
DEBUG: Unique predictions: [0], Unique targets: [0 1]

Epoch  23/500 Summary:
  Train Loss: 0.6938 | Train Acc: 48.04%
  Val Acc: 50.00% | LR: 0.009952
Patience remaining: 28/50
  --------------------------------------------------
DEBUG: Evaluate function - 80 predictions, 80 targets
DEBUG: Unique predictions: [0], Unique targets: [0 1]

Epoch  24/500 Summary:
  Train Loss: 0.6927 | Train Acc: 50.00%
  Val Acc: 50.00% | LR: 0.009948
Patience remaining: 27/50
  --------------------------------------------------
DEBUG: Evaluate function - 80 predictions, 80 targets
DEBUG: Unique predictions: [0], Unique targets: [0 1]

Epoch  25/500 Summary:
  Train Loss: 0.6930 | Train Acc: 52.68%
  Val Acc: 50.00% | LR: 0.009943
Patience remaining: 26/50
  --------------------------------------------------
DEBUG: Evaluate function - 80 predictions, 80 targets
DEBUG: Unique predictions: [0], Unique targets: [0 1]

Epoch  26/500 Summary:
  Train Loss: 0.6925 | Train Acc: 51.61%
  Val Acc: 50.00% | LR: 0.009938
Patience remaining: 25/50
  --------------------------------------------------
DEBUG: Evaluate function - 80 predictions, 80 targets
DEBUG: Unique predictions: [0], Unique targets: [0 1]

Epoch  27/500 Summary:
  Train Loss: 0.6948 | Train Acc: 49.29%
  Val Acc: 50.00% | LR: 0.009933
Patience remaining: 24/50
  --------------------------------------------------
DEBUG: Evaluate function - 80 predictions, 80 targets
DEBUG: Unique predictions: [1], Unique targets: [0 1]

Epoch  28/500 Summary:
  Train Loss: 0.6936 | Train Acc: 50.36%
  Val Acc: 50.00% | LR: 0.009928
Patience remaining: 23/50
  --------------------------------------------------
DEBUG: Evaluate function - 80 predictions, 80 targets
DEBUG: Unique predictions: [1], Unique targets: [0 1]

Epoch  29/500 Summary:
  Train Loss: 0.6922 | Train Acc: 50.89%
  Val Acc: 50.00% | LR: 0.009923
Patience remaining: 22/50
  --------------------------------------------------
DEBUG: Evaluate function - 80 predictions, 80 targets
DEBUG: Unique predictions: [1], Unique targets: [0 1]

Epoch  30/500 Summary:
  Train Loss: 0.6946 | Train Acc: 50.71%
  Val Acc: 50.00% | LR: 0.009917
Patience remaining: 21/50
  --------------------------------------------------
DEBUG: Evaluate function - 80 predictions, 80 targets
DEBUG: Unique predictions: [0], Unique targets: [0 1]

Epoch  31/500 Summary:
  Train Loss: 0.6945 | Train Acc: 48.93%
  Val Acc: 50.00% | LR: 0.009911
Patience remaining: 20/50
  --------------------------------------------------
DEBUG: Evaluate function - 80 predictions, 80 targets
DEBUG: Unique predictions: [0], Unique targets: [0 1]

Epoch  32/500 Summary:
  Train Loss: 0.6947 | Train Acc: 49.82%
  Val Acc: 50.00% | LR: 0.009905
Patience remaining: 19/50
  --------------------------------------------------
DEBUG: Evaluate function - 80 predictions, 80 targets
DEBUG: Unique predictions: [0], Unique targets: [0 1]

Epoch  33/500 Summary:
  Train Loss: 0.6932 | Train Acc: 51.07%
  Val Acc: 50.00% | LR: 0.009899
Patience remaining: 18/50
  --------------------------------------------------
DEBUG: Evaluate function - 80 predictions, 80 targets
DEBUG: Unique predictions: [0], Unique targets: [0 1]

Epoch  34/500 Summary:
  Train Loss: 0.6931 | Train Acc: 50.54%
  Val Acc: 50.00% | LR: 0.009893
Patience remaining: 17/50
  --------------------------------------------------
DEBUG: Evaluate function - 80 predictions, 80 targets
DEBUG: Unique predictions: [1], Unique targets: [0 1]

Epoch  35/500 Summary:
  Train Loss: 0.6946 | Train Acc: 46.96%
  Val Acc: 50.00% | LR: 0.009886
Patience remaining: 16/50
  --------------------------------------------------
DEBUG: Evaluate function - 80 predictions, 80 targets
DEBUG: Unique predictions: [0], Unique targets: [0 1]

Epoch  36/500 Summary:
  Train Loss: 0.6933 | Train Acc: 47.86%
  Val Acc: 50.00% | LR: 0.009880
Patience remaining: 15/50
  --------------------------------------------------
DEBUG: Evaluate function - 80 predictions, 80 targets
DEBUG: Unique predictions: [0], Unique targets: [0 1]

Epoch  37/500 Summary:
  Train Loss: 0.6937 | Train Acc: 50.89%
  Val Acc: 50.00% | LR: 0.009873
Patience remaining: 14/50
  --------------------------------------------------
DEBUG: Evaluate function - 80 predictions, 80 targets
DEBUG: Unique predictions: [0], Unique targets: [0 1]

Epoch  38/500 Summary:
  Train Loss: 0.6927 | Train Acc: 50.54%
  Val Acc: 50.00% | LR: 0.009865
Patience remaining: 13/50
  --------------------------------------------------
DEBUG: Evaluate function - 80 predictions, 80 targets
DEBUG: Unique predictions: [0], Unique targets: [0 1]

Epoch  39/500 Summary:
  Train Loss: 0.6949 | Train Acc: 49.29%
  Val Acc: 50.00% | LR: 0.009858
Patience remaining: 12/50
  --------------------------------------------------
DEBUG: Evaluate function - 80 predictions, 80 targets
DEBUG: Unique predictions: [1], Unique targets: [0 1]

Epoch  40/500 Summary:
  Train Loss: 0.6943 | Train Acc: 47.50%
  Val Acc: 50.00% | LR: 0.009851
Patience remaining: 11/50
  --------------------------------------------------
DEBUG: Evaluate function - 80 predictions, 80 targets
DEBUG: Unique predictions: [0], Unique targets: [0 1]

Epoch  41/500 Summary:
  Train Loss: 0.6935 | Train Acc: 48.57%
  Val Acc: 50.00% | LR: 0.009843
Patience remaining: 10/50
  --------------------------------------------------
DEBUG: Evaluate function - 80 predictions, 80 targets
DEBUG: Unique predictions: [0], Unique targets: [0 1]

Epoch  42/500 Summary:
  Train Loss: 0.6932 | Train Acc: 52.14%
  Val Acc: 50.00% | LR: 0.009835
Patience remaining: 9/50
  --------------------------------------------------
DEBUG: Evaluate function - 80 predictions, 80 targets
DEBUG: Unique predictions: [0], Unique targets: [0 1]

Epoch  43/500 Summary:
  Train Loss: 0.6948 | Train Acc: 49.64%
  Val Acc: 50.00% | LR: 0.009827
Patience remaining: 8/50
  --------------------------------------------------
DEBUG: Evaluate function - 80 predictions, 80 targets
DEBUG: Unique predictions: [1], Unique targets: [0 1]

Epoch  44/500 Summary:
  Train Loss: 0.6974 | Train Acc: 47.86%
  Val Acc: 50.00% | LR: 0.009819
Patience remaining: 7/50
  --------------------------------------------------
DEBUG: Evaluate function - 80 predictions, 80 targets
DEBUG: Unique predictions: [1], Unique targets: [0 1]2025-09-26 18:00:10 -     Test accuracy: 0.5000
2025-09-26 18:00:10 -   Fold 3/5
2025-09-26 18:00:10 -     Fold split: Train=560, Val=80


Epoch  45/500 Summary:
  Train Loss: 0.6955 | Train Acc: 50.00%
  Val Acc: 50.00% | LR: 0.009810
Patience remaining: 6/50
  --------------------------------------------------
DEBUG: Evaluate function - 80 predictions, 80 targets
DEBUG: Unique predictions: [0], Unique targets: [0 1]

Epoch  46/500 Summary:
  Train Loss: 0.6949 | Train Acc: 49.11%
  Val Acc: 50.00% | LR: 0.009801
Patience remaining: 5/50
  --------------------------------------------------
DEBUG: Evaluate function - 80 predictions, 80 targets
DEBUG: Unique predictions: [0], Unique targets: [0 1]

Epoch  47/500 Summary:
  Train Loss: 0.6991 | Train Acc: 49.29%
  Val Acc: 50.00% | LR: 0.009793
Patience remaining: 4/50
  --------------------------------------------------
DEBUG: Evaluate function - 80 predictions, 80 targets
DEBUG: Unique predictions: [1], Unique targets: [0 1]

Epoch  48/500 Summary:
  Train Loss: 0.6983 | Train Acc: 49.11%
  Val Acc: 50.00% | LR: 0.009784
Patience remaining: 3/50
  --------------------------------------------------
DEBUG: Evaluate function - 80 predictions, 80 targets
DEBUG: Unique predictions: [1], Unique targets: [0 1]

Epoch  49/500 Summary:
  Train Loss: 0.6943 | Train Acc: 51.79%
  Val Acc: 50.00% | LR: 0.009774
Patience remaining: 2/50
  --------------------------------------------------
DEBUG: Evaluate function - 80 predictions, 80 targets
DEBUG: Unique predictions: [0], Unique targets: [0 1]

Epoch  50/500 Summary:
  Train Loss: 0.6940 | Train Acc: 49.11%
  Val Acc: 50.00% | LR: 0.009765
Patience remaining: 1/50
  --------------------------------------------------
DEBUG: Evaluate function - 80 predictions, 80 targets
DEBUG: Unique predictions: [1], Unique targets: [0 1]

Epoch  51/500 Summary:
  Train Loss: 0.6938 | Train Acc: 45.36%
  Val Acc: 50.00% | LR: 0.009755
Early stopping triggered! No improvement for 50 epochs
Best validation accuracy: 50.00%

============================================================
Training Complete!
Best Validation Accuracy: 50.00%
============================================================
DEBUG: Evaluate function - 80 predictions, 80 targets
DEBUG: Unique predictions: [1], Unique targets: [0 1]
Training class distribution: [280, 280]

============================================================
Starting Training - Max Epochs: 500
Model: EEGConformer
Learning Rate: 0.01, Weight Decay: 0.0001
Dropout: 0.25, Early Stopping Patience: 50
============================================================
DEBUG: Evaluate function - 80 predictions, 80 targets
DEBUG: Unique predictions: [0 1], Unique targets: [0 1]

Epoch   1/500 Summary:
  Train Loss: 1.0145 | Train Acc: 48.21%
  Val Acc: 52.50% | LR: 0.010000
New best validation accuracy!
  --------------------------------------------------
DEBUG: Evaluate function - 80 predictions, 80 targets
DEBUG: Unique predictions: [0 1], Unique targets: [0 1]

Epoch   2/500 Summary:
  Train Loss: 0.7426 | Train Acc: 48.39%
  Val Acc: 47.50% | LR: 0.010000
Patience remaining: 49/50
  --------------------------------------------------
DEBUG: Evaluate function - 80 predictions, 80 targets
DEBUG: Unique predictions: [0], Unique targets: [0 1]

Epoch   3/500 Summary:
  Train Loss: 0.6975 | Train Acc: 49.29%
  Val Acc: 50.00% | LR: 0.010000
Patience remaining: 48/50
  --------------------------------------------------
DEBUG: Evaluate function - 80 predictions, 80 targets
DEBUG: Unique predictions: [0 1], Unique targets: [0 1]

Epoch   4/500 Summary:
  Train Loss: 0.6980 | Train Acc: 49.82%
  Val Acc: 50.00% | LR: 0.009999
Patience remaining: 47/50
  --------------------------------------------------
DEBUG: Evaluate function - 80 predictions, 80 targets
DEBUG: Unique predictions: [0 1], Unique targets: [0 1]

Epoch   5/500 Summary:
  Train Loss: 0.6941 | Train Acc: 48.04%
  Val Acc: 53.75% | LR: 0.009998
New best validation accuracy!
  --------------------------------------------------
DEBUG: Evaluate function - 80 predictions, 80 targets
DEBUG: Unique predictions: [1], Unique targets: [0 1]

Epoch   6/500 Summary:
  Train Loss: 0.6940 | Train Acc: 49.46%
  Val Acc: 50.00% | LR: 0.009998
Patience remaining: 49/50
  --------------------------------------------------
DEBUG: Evaluate function - 80 predictions, 80 targets
DEBUG: Unique predictions: [0 1], Unique targets: [0 1]

Epoch   7/500 Summary:
  Train Loss: 0.6929 | Train Acc: 51.43%
  Val Acc: 52.50% | LR: 0.009996
Patience remaining: 48/50
  --------------------------------------------------
DEBUG: Evaluate function - 80 predictions, 80 targets
DEBUG: Unique predictions: [0 1], Unique targets: [0 1]

Epoch   8/500 Summary:
  Train Loss: 0.6925 | Train Acc: 50.18%
  Val Acc: 46.25% | LR: 0.009995
Patience remaining: 47/50
  --------------------------------------------------
DEBUG: Evaluate function - 80 predictions, 80 targets
DEBUG: Unique predictions: [0], Unique targets: [0 1]

Epoch   9/500 Summary:
  Train Loss: 0.6937 | Train Acc: 49.11%
  Val Acc: 50.00% | LR: 0.009994
Patience remaining: 46/50
  --------------------------------------------------
DEBUG: Evaluate function - 80 predictions, 80 targets
DEBUG: Unique predictions: [0 1], Unique targets: [0 1]

Epoch  10/500 Summary:
  Train Loss: 0.6938 | Train Acc: 50.54%
  Val Acc: 52.50% | LR: 0.009992
Patience remaining: 45/50
  --------------------------------------------------
DEBUG: Evaluate function - 80 predictions, 80 targets
DEBUG: Unique predictions: [0 1], Unique targets: [0 1]

Epoch  11/500 Summary:
  Train Loss: 0.6930 | Train Acc: 49.29%
  Val Acc: 50.00% | LR: 0.009990
Patience remaining: 44/50
  --------------------------------------------------
DEBUG: Evaluate function - 80 predictions, 80 targets
DEBUG: Unique predictions: [0 1], Unique targets: [0 1]

Epoch  12/500 Summary:
  Train Loss: 0.6926 | Train Acc: 51.96%
  Val Acc: 55.00% | LR: 0.009988
New best validation accuracy!
  --------------------------------------------------
DEBUG: Evaluate function - 80 predictions, 80 targets
DEBUG: Unique predictions: [0 1], Unique targets: [0 1]

Epoch  13/500 Summary:
  Train Loss: 0.6930 | Train Acc: 50.89%
  Val Acc: 46.25% | LR: 0.009986
Patience remaining: 49/50
  --------------------------------------------------
DEBUG: Evaluate function - 80 predictions, 80 targets
DEBUG: Unique predictions: [0 1], Unique targets: [0 1]

Epoch  14/500 Summary:
  Train Loss: 0.6920 | Train Acc: 53.39%
  Val Acc: 50.00% | LR: 0.009983
Patience remaining: 48/50
  --------------------------------------------------
DEBUG: Evaluate function - 80 predictions, 80 targets
DEBUG: Unique predictions: [0 1], Unique targets: [0 1]

Epoch  15/500 Summary:
  Train Loss: 0.6923 | Train Acc: 50.71%
  Val Acc: 50.00% | LR: 0.009981
Patience remaining: 47/50
  --------------------------------------------------
DEBUG: Evaluate function - 80 predictions, 80 targets
DEBUG: Unique predictions: [0 1], Unique targets: [0 1]

Epoch  16/500 Summary:
  Train Loss: 0.6928 | Train Acc: 48.93%
  Val Acc: 47.50% | LR: 0.009978
Patience remaining: 46/50
  --------------------------------------------------
DEBUG: Evaluate function - 80 predictions, 80 targets
DEBUG: Unique predictions: [0 1], Unique targets: [0 1]

Epoch  17/500 Summary:
  Train Loss: 0.6919 | Train Acc: 54.64%
  Val Acc: 53.75% | LR: 0.009975
Patience remaining: 45/50
  --------------------------------------------------
DEBUG: Evaluate function - 80 predictions, 80 targets
DEBUG: Unique predictions: [0 1], Unique targets: [0 1]

Epoch  18/500 Summary:
  Train Loss: 0.6923 | Train Acc: 52.86%
  Val Acc: 58.75% | LR: 0.009972
New best validation accuracy!
  --------------------------------------------------
DEBUG: Evaluate function - 80 predictions, 80 targets
DEBUG: Unique predictions: [0 1], Unique targets: [0 1]

Epoch  19/500 Summary:
  Train Loss: 0.6911 | Train Acc: 55.89%
  Val Acc: 53.75% | LR: 0.009968
Patience remaining: 49/50
  --------------------------------------------------
DEBUG: Evaluate function - 80 predictions, 80 targets
DEBUG: Unique predictions: [0 1], Unique targets: [0 1]

Epoch  20/500 Summary:
  Train Loss: 0.6895 | Train Acc: 55.18%
  Val Acc: 55.00% | LR: 0.009964
Patience remaining: 48/50
  --------------------------------------------------
DEBUG: Evaluate function - 80 predictions, 80 targets
DEBUG: Unique predictions: [0 1], Unique targets: [0 1]

Epoch  21/500 Summary:
  Train Loss: 0.6903 | Train Acc: 51.61%
  Val Acc: 52.50% | LR: 0.009961
Patience remaining: 47/50
  --------------------------------------------------
DEBUG: Evaluate function - 80 predictions, 80 targets
DEBUG: Unique predictions: [0 1], Unique targets: [0 1]

Epoch  22/500 Summary:
  Train Loss: 0.6896 | Train Acc: 54.82%
  Val Acc: 53.75% | LR: 0.009957
Patience remaining: 46/50
  --------------------------------------------------
DEBUG: Evaluate function - 80 predictions, 80 targets
DEBUG: Unique predictions: [0 1], Unique targets: [0 1]

Epoch  23/500 Summary:
  Train Loss: 0.6936 | Train Acc: 51.79%
  Val Acc: 53.75% | LR: 0.009952
Patience remaining: 45/50
  --------------------------------------------------
DEBUG: Evaluate function - 80 predictions, 80 targets
DEBUG: Unique predictions: [0 1], Unique targets: [0 1]

Epoch  24/500 Summary:
  Train Loss: 0.6918 | Train Acc: 52.50%
  Val Acc: 55.00% | LR: 0.009948
Patience remaining: 44/50
  --------------------------------------------------
DEBUG: Evaluate function - 80 predictions, 80 targets
DEBUG: Unique predictions: [0 1], Unique targets: [0 1]

Epoch  25/500 Summary:
  Train Loss: 0.6909 | Train Acc: 53.93%
  Val Acc: 51.25% | LR: 0.009943
Patience remaining: 43/50
  --------------------------------------------------
DEBUG: Evaluate function - 80 predictions, 80 targets
DEBUG: Unique predictions: [0 1], Unique targets: [0 1]

Epoch  26/500 Summary:
  Train Loss: 0.6919 | Train Acc: 51.79%
  Val Acc: 51.25% | LR: 0.009938
Patience remaining: 42/50
  --------------------------------------------------
DEBUG: Evaluate function - 80 predictions, 80 targets
DEBUG: Unique predictions: [0 1], Unique targets: [0 1]

Epoch  27/500 Summary:
  Train Loss: 0.6905 | Train Acc: 53.39%
  Val Acc: 48.75% | LR: 0.009933
Patience remaining: 41/50
  --------------------------------------------------
DEBUG: Evaluate function - 80 predictions, 80 targets
DEBUG: Unique predictions: [0 1], Unique targets: [0 1]

Epoch  28/500 Summary:
  Train Loss: 0.6905 | Train Acc: 53.93%
  Val Acc: 50.00% | LR: 0.009928
Patience remaining: 40/50
  --------------------------------------------------
DEBUG: Evaluate function - 80 predictions, 80 targets
DEBUG: Unique predictions: [0 1], Unique targets: [0 1]

Epoch  29/500 Summary:
  Train Loss: 0.6883 | Train Acc: 54.46%
  Val Acc: 50.00% | LR: 0.009923
Patience remaining: 39/50
  --------------------------------------------------
DEBUG: Evaluate function - 80 predictions, 80 targets
DEBUG: Unique predictions: [0 1], Unique targets: [0 1]

Epoch  30/500 Summary:
  Train Loss: 0.6913 | Train Acc: 51.96%
  Val Acc: 53.75% | LR: 0.009917
Patience remaining: 38/50
  --------------------------------------------------
DEBUG: Evaluate function - 80 predictions, 80 targets
DEBUG: Unique predictions: [0 1], Unique targets: [0 1]

Epoch  31/500 Summary:
  Train Loss: 0.6882 | Train Acc: 54.11%
  Val Acc: 53.75% | LR: 0.009911
Patience remaining: 37/50
  --------------------------------------------------
DEBUG: Evaluate function - 80 predictions, 80 targets
DEBUG: Unique predictions: [0 1], Unique targets: [0 1]

Epoch  32/500 Summary:
  Train Loss: 0.6877 | Train Acc: 54.11%
  Val Acc: 55.00% | LR: 0.009905
Patience remaining: 36/50
  --------------------------------------------------
DEBUG: Evaluate function - 80 predictions, 80 targets
DEBUG: Unique predictions: [0 1], Unique targets: [0 1]

Epoch  33/500 Summary:
  Train Loss: 0.6885 | Train Acc: 55.36%
  Val Acc: 55.00% | LR: 0.009899
Patience remaining: 35/50
  --------------------------------------------------
DEBUG: Evaluate function - 80 predictions, 80 targets
DEBUG: Unique predictions: [0 1], Unique targets: [0 1]

Epoch  34/500 Summary:
  Train Loss: 0.6906 | Train Acc: 56.79%
  Val Acc: 51.25% | LR: 0.009893
Patience remaining: 34/50
  --------------------------------------------------
DEBUG: Evaluate function - 80 predictions, 80 targets
DEBUG: Unique predictions: [0 1], Unique targets: [0 1]

Epoch  35/500 Summary:
  Train Loss: 0.6879 | Train Acc: 53.75%
  Val Acc: 51.25% | LR: 0.009886
Patience remaining: 33/50
  --------------------------------------------------
DEBUG: Evaluate function - 80 predictions, 80 targets
DEBUG: Unique predictions: [0 1], Unique targets: [0 1]

Epoch  36/500 Summary:
  Train Loss: 0.6798 | Train Acc: 57.14%
  Val Acc: 52.50% | LR: 0.009880
Patience remaining: 32/50
  --------------------------------------------------
DEBUG: Evaluate function - 80 predictions, 80 targets
DEBUG: Unique predictions: [0 1], Unique targets: [0 1]

Epoch  37/500 Summary:
  Train Loss: 0.6928 | Train Acc: 54.46%
  Val Acc: 55.00% | LR: 0.009873
Patience remaining: 31/50
  --------------------------------------------------
DEBUG: Evaluate function - 80 predictions, 80 targets
DEBUG: Unique predictions: [0 1], Unique targets: [0 1]

Epoch  38/500 Summary:
  Train Loss: 0.6944 | Train Acc: 54.64%
  Val Acc: 57.50% | LR: 0.009865
Patience remaining: 30/50
  --------------------------------------------------
DEBUG: Evaluate function - 80 predictions, 80 targets
DEBUG: Unique predictions: [0 1], Unique targets: [0 1]

Epoch  39/500 Summary:
  Train Loss: 0.6869 | Train Acc: 52.68%
  Val Acc: 56.25% | LR: 0.009858
Patience remaining: 29/50
  --------------------------------------------------
DEBUG: Evaluate function - 80 predictions, 80 targets
DEBUG: Unique predictions: [0 1], Unique targets: [0 1]

Epoch  40/500 Summary:
  Train Loss: 0.6881 | Train Acc: 56.43%
  Val Acc: 55.00% | LR: 0.009851
Patience remaining: 28/50
  --------------------------------------------------
DEBUG: Evaluate function - 80 predictions, 80 targets
DEBUG: Unique predictions: [0 1], Unique targets: [0 1]

Epoch  41/500 Summary:
  Train Loss: 0.6876 | Train Acc: 54.46%
  Val Acc: 56.25% | LR: 0.009843
Patience remaining: 27/50
  --------------------------------------------------
DEBUG: Evaluate function - 80 predictions, 80 targets
DEBUG: Unique predictions: [0 1], Unique targets: [0 1]

Epoch  42/500 Summary:
  Train Loss: 0.6819 | Train Acc: 56.96%
  Val Acc: 58.75% | LR: 0.009835
Patience remaining: 26/50
  --------------------------------------------------
DEBUG: Evaluate function - 80 predictions, 80 targets
DEBUG: Unique predictions: [0 1], Unique targets: [0 1]

Epoch  43/500 Summary:
  Train Loss: 0.6837 | Train Acc: 55.18%
  Val Acc: 58.75% | LR: 0.009827
Patience remaining: 25/50
  --------------------------------------------------
DEBUG: Evaluate function - 80 predictions, 80 targets
DEBUG: Unique predictions: [0 1], Unique targets: [0 1]

Epoch  44/500 Summary:
  Train Loss: 0.6825 | Train Acc: 55.00%
  Val Acc: 58.75% | LR: 0.009819
Patience remaining: 24/50
  --------------------------------------------------
DEBUG: Evaluate function - 80 predictions, 80 targets
DEBUG: Unique predictions: [0 1], Unique targets: [0 1]

Epoch  45/500 Summary:
  Train Loss: 0.6788 | Train Acc: 57.32%
  Val Acc: 60.00% | LR: 0.009810
New best validation accuracy!
  --------------------------------------------------
DEBUG: Evaluate function - 80 predictions, 80 targets
DEBUG: Unique predictions: [0 1], Unique targets: [0 1]

Epoch  46/500 Summary:
  Train Loss: 0.6754 | Train Acc: 57.86%
  Val Acc: 55.00% | LR: 0.009801
Patience remaining: 49/50
  --------------------------------------------------
DEBUG: Evaluate function - 80 predictions, 80 targets
DEBUG: Unique predictions: [0 1], Unique targets: [0 1]

Epoch  47/500 Summary:
  Train Loss: 0.6719 | Train Acc: 59.29%
  Val Acc: 56.25% | LR: 0.009793
Patience remaining: 48/50
  --------------------------------------------------
DEBUG: Evaluate function - 80 predictions, 80 targets
DEBUG: Unique predictions: [0 1], Unique targets: [0 1]

Epoch  48/500 Summary:
  Train Loss: 0.6737 | Train Acc: 56.79%
  Val Acc: 55.00% | LR: 0.009784
Patience remaining: 47/50
  --------------------------------------------------
DEBUG: Evaluate function - 80 predictions, 80 targets
DEBUG: Unique predictions: [0 1], Unique targets: [0 1]

Epoch  49/500 Summary:
  Train Loss: 0.6745 | Train Acc: 56.96%
  Val Acc: 51.25% | LR: 0.009774
Patience remaining: 46/50
  --------------------------------------------------
DEBUG: Evaluate function - 80 predictions, 80 targets
DEBUG: Unique predictions: [0 1], Unique targets: [0 1]

Epoch  50/500 Summary:
  Train Loss: 0.6707 | Train Acc: 58.93%
  Val Acc: 58.75% | LR: 0.009765
Patience remaining: 45/50
  --------------------------------------------------
DEBUG: Evaluate function - 80 predictions, 80 targets
DEBUG: Unique predictions: [0 1], Unique targets: [0 1]

Epoch  51/500 Summary:
  Train Loss: 0.6741 | Train Acc: 58.57%
  Val Acc: 60.00% | LR: 0.009755
Patience remaining: 44/50
  --------------------------------------------------
DEBUG: Evaluate function - 80 predictions, 80 targets
DEBUG: Unique predictions: [0 1], Unique targets: [0 1]

Epoch  52/500 Summary:
  Train Loss: 0.6714 | Train Acc: 61.96%
  Val Acc: 60.00% | LR: 0.009745
Patience remaining: 43/50
  --------------------------------------------------
DEBUG: Evaluate function - 80 predictions, 80 targets
DEBUG: Unique predictions: [0 1], Unique targets: [0 1]

Epoch  53/500 Summary:
  Train Loss: 0.6622 | Train Acc: 62.68%
  Val Acc: 58.75% | LR: 0.009735
Patience remaining: 42/50
  --------------------------------------------------
DEBUG: Evaluate function - 80 predictions, 80 targets
DEBUG: Unique predictions: [0 1], Unique targets: [0 1]

Epoch  54/500 Summary:
  Train Loss: 0.6622 | Train Acc: 61.25%
  Val Acc: 61.25% | LR: 0.009725
New best validation accuracy!
  --------------------------------------------------
DEBUG: Evaluate function - 80 predictions, 80 targets
DEBUG: Unique predictions: [0 1], Unique targets: [0 1]

Epoch  55/500 Summary:
  Train Loss: 0.6573 | Train Acc: 60.36%
  Val Acc: 63.75% | LR: 0.009715
New best validation accuracy!
  --------------------------------------------------
DEBUG: Evaluate function - 80 predictions, 80 targets
DEBUG: Unique predictions: [0 1], Unique targets: [0 1]

Epoch  56/500 Summary:
  Train Loss: 0.6621 | Train Acc: 60.71%
  Val Acc: 55.00% | LR: 0.009704
Patience remaining: 49/50
  --------------------------------------------------
DEBUG: Evaluate function - 80 predictions, 80 targets
DEBUG: Unique predictions: [0 1], Unique targets: [0 1]

Epoch  57/500 Summary:
  Train Loss: 0.6496 | Train Acc: 61.79%
  Val Acc: 62.50% | LR: 0.009694
Patience remaining: 48/50
  --------------------------------------------------
DEBUG: Evaluate function - 80 predictions, 80 targets
DEBUG: Unique predictions: [0 1], Unique targets: [0 1]

Epoch  58/500 Summary:
  Train Loss: 0.6641 | Train Acc: 61.07%
  Val Acc: 65.00% | LR: 0.009683
New best validation accuracy!
  --------------------------------------------------
DEBUG: Evaluate function - 80 predictions, 80 targets
DEBUG: Unique predictions: [0 1], Unique targets: [0 1]

Epoch  59/500 Summary:
  Train Loss: 0.6596 | Train Acc: 60.36%
  Val Acc: 55.00% | LR: 0.009672
Patience remaining: 49/50
  --------------------------------------------------
DEBUG: Evaluate function - 80 predictions, 80 targets
DEBUG: Unique predictions: [0 1], Unique targets: [0 1]

Epoch  60/500 Summary:
  Train Loss: 0.6630 | Train Acc: 59.64%
  Val Acc: 61.25% | LR: 0.009660
Patience remaining: 48/50
  --------------------------------------------------
DEBUG: Evaluate function - 80 predictions, 80 targets
DEBUG: Unique predictions: [0 1], Unique targets: [0 1]

Epoch  61/500 Summary:
  Train Loss: 0.6542 | Train Acc: 62.86%
  Val Acc: 58.75% | LR: 0.009649
Patience remaining: 47/50
  --------------------------------------------------
DEBUG: Evaluate function - 80 predictions, 80 targets
DEBUG: Unique predictions: [0 1], Unique targets: [0 1]

Epoch  62/500 Summary:
  Train Loss: 0.6602 | Train Acc: 60.71%
  Val Acc: 55.00% | LR: 0.009637
Patience remaining: 46/50
  --------------------------------------------------
DEBUG: Evaluate function - 80 predictions, 80 targets
DEBUG: Unique predictions: [0 1], Unique targets: [0 1]

Epoch  63/500 Summary:
  Train Loss: 0.6663 | Train Acc: 60.54%
  Val Acc: 56.25% | LR: 0.009625
Patience remaining: 45/50
  --------------------------------------------------
DEBUG: Evaluate function - 80 predictions, 80 targets
DEBUG: Unique predictions: [0 1], Unique targets: [0 1]

Epoch  64/500 Summary:
  Train Loss: 0.6496 | Train Acc: 62.50%
  Val Acc: 57.50% | LR: 0.009613
Patience remaining: 44/50
  --------------------------------------------------
DEBUG: Evaluate function - 80 predictions, 80 targets
DEBUG: Unique predictions: [0 1], Unique targets: [0 1]

Epoch  65/500 Summary:
  Train Loss: 0.6506 | Train Acc: 62.32%
  Val Acc: 62.50% | LR: 0.009601
Patience remaining: 43/50
  --------------------------------------------------
DEBUG: Evaluate function - 80 predictions, 80 targets
DEBUG: Unique predictions: [0 1], Unique targets: [0 1]

Epoch  66/500 Summary:
  Train Loss: 0.6588 | Train Acc: 60.89%
  Val Acc: 60.00% | LR: 0.009589
Patience remaining: 42/50
  --------------------------------------------------
DEBUG: Evaluate function - 80 predictions, 80 targets
DEBUG: Unique predictions: [0 1], Unique targets: [0 1]

Epoch  67/500 Summary:
  Train Loss: 0.6394 | Train Acc: 65.89%
  Val Acc: 57.50% | LR: 0.009576
Patience remaining: 41/50
  --------------------------------------------------
DEBUG: Evaluate function - 80 predictions, 80 targets
DEBUG: Unique predictions: [0 1], Unique targets: [0 1]

Epoch  68/500 Summary:
  Train Loss: 0.6403 | Train Acc: 65.00%
  Val Acc: 61.25% | LR: 0.009563
Patience remaining: 40/50
  --------------------------------------------------
DEBUG: Evaluate function - 80 predictions, 80 targets
DEBUG: Unique predictions: [0 1], Unique targets: [0 1]

Epoch  69/500 Summary:
  Train Loss: 0.6640 | Train Acc: 61.79%
  Val Acc: 57.50% | LR: 0.009551
Patience remaining: 39/50
  --------------------------------------------------
DEBUG: Evaluate function - 80 predictions, 80 targets
DEBUG: Unique predictions: [0 1], Unique targets: [0 1]

Epoch  70/500 Summary:
  Train Loss: 0.6629 | Train Acc: 59.11%
  Val Acc: 57.50% | LR: 0.009537
Patience remaining: 38/50
  --------------------------------------------------
DEBUG: Evaluate function - 80 predictions, 80 targets
DEBUG: Unique predictions: [0 1], Unique targets: [0 1]

Epoch  71/500 Summary:
  Train Loss: 0.6470 | Train Acc: 64.11%
  Val Acc: 52.50% | LR: 0.009524
Patience remaining: 37/50
  --------------------------------------------------
DEBUG: Evaluate function - 80 predictions, 80 targets
DEBUG: Unique predictions: [0 1], Unique targets: [0 1]

Epoch  72/500 Summary:
  Train Loss: 0.6450 | Train Acc: 61.43%
  Val Acc: 53.75% | LR: 0.009511
Patience remaining: 36/50
  --------------------------------------------------
DEBUG: Evaluate function - 80 predictions, 80 targets
DEBUG: Unique predictions: [0 1], Unique targets: [0 1]

Epoch  73/500 Summary:
  Train Loss: 0.6527 | Train Acc: 61.43%
  Val Acc: 53.75% | LR: 0.009497
Patience remaining: 35/50
  --------------------------------------------------
DEBUG: Evaluate function - 80 predictions, 80 targets
DEBUG: Unique predictions: [0 1], Unique targets: [0 1]

Epoch  74/500 Summary:
  Train Loss: 0.6365 | Train Acc: 64.11%
  Val Acc: 63.75% | LR: 0.009483
Patience remaining: 34/50
  --------------------------------------------------
DEBUG: Evaluate function - 80 predictions, 80 targets
DEBUG: Unique predictions: [0 1], Unique targets: [0 1]

Epoch  75/500 Summary:
  Train Loss: 0.6480 | Train Acc: 63.93%
  Val Acc: 56.25% | LR: 0.009469
Patience remaining: 33/50
  --------------------------------------------------
DEBUG: Evaluate function - 80 predictions, 80 targets
DEBUG: Unique predictions: [0 1], Unique targets: [0 1]

Epoch  76/500 Summary:
  Train Loss: 0.6418 | Train Acc: 65.00%
  Val Acc: 58.75% | LR: 0.009455
Patience remaining: 32/50
  --------------------------------------------------
DEBUG: Evaluate function - 80 predictions, 80 targets
DEBUG: Unique predictions: [0 1], Unique targets: [0 1]

Epoch  77/500 Summary:
  Train Loss: 0.6368 | Train Acc: 65.54%
  Val Acc: 58.75% | LR: 0.009441
Patience remaining: 31/50
  --------------------------------------------------
DEBUG: Evaluate function - 80 predictions, 80 targets
DEBUG: Unique predictions: [0 1], Unique targets: [0 1]

Epoch  78/500 Summary:
  Train Loss: 0.6419 | Train Acc: 64.64%
  Val Acc: 61.25% | LR: 0.009426
Patience remaining: 30/50
  --------------------------------------------------
DEBUG: Evaluate function - 80 predictions, 80 targets
DEBUG: Unique predictions: [0 1], Unique targets: [0 1]

Epoch  79/500 Summary:
  Train Loss: 0.6277 | Train Acc: 65.54%
  Val Acc: 65.00% | LR: 0.009411
Patience remaining: 29/50
  --------------------------------------------------
DEBUG: Evaluate function - 80 predictions, 80 targets
DEBUG: Unique predictions: [0 1], Unique targets: [0 1]

Epoch  80/500 Summary:
  Train Loss: 0.6201 | Train Acc: 67.32%
  Val Acc: 60.00% | LR: 0.009397
Patience remaining: 28/50
  --------------------------------------------------
DEBUG: Evaluate function - 80 predictions, 80 targets
DEBUG: Unique predictions: [0 1], Unique targets: [0 1]

Epoch  81/500 Summary:
  Train Loss: 0.6380 | Train Acc: 66.43%
  Val Acc: 61.25% | LR: 0.009382
Patience remaining: 27/50
  --------------------------------------------------
DEBUG: Evaluate function - 80 predictions, 80 targets
DEBUG: Unique predictions: [0 1], Unique targets: [0 1]

Epoch  82/500 Summary:
  Train Loss: 0.6378 | Train Acc: 64.82%
  Val Acc: 60.00% | LR: 0.009366
Patience remaining: 26/50
  --------------------------------------------------
DEBUG: Evaluate function - 80 predictions, 80 targets
DEBUG: Unique predictions: [0 1], Unique targets: [0 1]

Epoch  83/500 Summary:
  Train Loss: 0.6256 | Train Acc: 67.32%
  Val Acc: 60.00% | LR: 0.009351
Patience remaining: 25/50
  --------------------------------------------------
DEBUG: Evaluate function - 80 predictions, 80 targets
DEBUG: Unique predictions: [0 1], Unique targets: [0 1]

Epoch  84/500 Summary:
  Train Loss: 0.6317 | Train Acc: 65.89%
  Val Acc: 63.75% | LR: 0.009335
Patience remaining: 24/50
  --------------------------------------------------
DEBUG: Evaluate function - 80 predictions, 80 targets
DEBUG: Unique predictions: [0 1], Unique targets: [0 1]

Epoch  85/500 Summary:
  Train Loss: 0.6212 | Train Acc: 65.36%
  Val Acc: 60.00% | LR: 0.009320
Patience remaining: 23/50
  --------------------------------------------------
DEBUG: Evaluate function - 80 predictions, 80 targets
DEBUG: Unique predictions: [0 1], Unique targets: [0 1]

Epoch  86/500 Summary:
  Train Loss: 0.6371 | Train Acc: 64.11%
  Val Acc: 66.25% | LR: 0.009304
New best validation accuracy!
  --------------------------------------------------
DEBUG: Evaluate function - 80 predictions, 80 targets
DEBUG: Unique predictions: [0 1], Unique targets: [0 1]

Epoch  87/500 Summary:
  Train Loss: 0.6339 | Train Acc: 64.64%
  Val Acc: 62.50% | LR: 0.009288
Patience remaining: 49/50
  --------------------------------------------------
DEBUG: Evaluate function - 80 predictions, 80 targets
DEBUG: Unique predictions: [0 1], Unique targets: [0 1]

Epoch  88/500 Summary:
  Train Loss: 0.6354 | Train Acc: 65.54%
  Val Acc: 62.50% | LR: 0.009271
Patience remaining: 48/50
  --------------------------------------------------
DEBUG: Evaluate function - 80 predictions, 80 targets
DEBUG: Unique predictions: [0 1], Unique targets: [0 1]

Epoch  89/500 Summary:
  Train Loss: 0.6118 | Train Acc: 67.32%
  Val Acc: 58.75% | LR: 0.009255
Patience remaining: 47/50
  --------------------------------------------------
DEBUG: Evaluate function - 80 predictions, 80 targets
DEBUG: Unique predictions: [0 1], Unique targets: [0 1]

Epoch  90/500 Summary:
  Train Loss: 0.6081 | Train Acc: 64.82%
  Val Acc: 60.00% | LR: 0.009238
Patience remaining: 46/50
  --------------------------------------------------
DEBUG: Evaluate function - 80 predictions, 80 targets
DEBUG: Unique predictions: [0 1], Unique targets: [0 1]

Epoch  91/500 Summary:
  Train Loss: 0.6185 | Train Acc: 65.18%
  Val Acc: 62.50% | LR: 0.009222
Patience remaining: 45/50
  --------------------------------------------------
DEBUG: Evaluate function - 80 predictions, 80 targets
DEBUG: Unique predictions: [0 1], Unique targets: [0 1]

Epoch  92/500 Summary:
  Train Loss: 0.5992 | Train Acc: 69.64%
  Val Acc: 67.50% | LR: 0.009205
New best validation accuracy!
  --------------------------------------------------
DEBUG: Evaluate function - 80 predictions, 80 targets
DEBUG: Unique predictions: [0 1], Unique targets: [0 1]

Epoch  93/500 Summary:
  Train Loss: 0.5964 | Train Acc: 68.57%
  Val Acc: 66.25% | LR: 0.009188
Patience remaining: 49/50
  --------------------------------------------------
DEBUG: Evaluate function - 80 predictions, 80 targets
DEBUG: Unique predictions: [0 1], Unique targets: [0 1]

Epoch  94/500 Summary:
  Train Loss: 0.6412 | Train Acc: 65.89%
  Val Acc: 61.25% | LR: 0.009170
Patience remaining: 48/50
  --------------------------------------------------
DEBUG: Evaluate function - 80 predictions, 80 targets
DEBUG: Unique predictions: [0 1], Unique targets: [0 1]

Epoch  95/500 Summary:
  Train Loss: 0.6048 | Train Acc: 70.00%
  Val Acc: 63.75% | LR: 0.009153
Patience remaining: 47/50
  --------------------------------------------------
DEBUG: Evaluate function - 80 predictions, 80 targets
DEBUG: Unique predictions: [0 1], Unique targets: [0 1]

Epoch  96/500 Summary:
  Train Loss: 0.6195 | Train Acc: 68.21%
  Val Acc: 65.00% | LR: 0.009135
Patience remaining: 46/50
  --------------------------------------------------
DEBUG: Evaluate function - 80 predictions, 80 targets
DEBUG: Unique predictions: [0 1], Unique targets: [0 1]

Epoch  97/500 Summary:
  Train Loss: 0.6138 | Train Acc: 67.68%
  Val Acc: 65.00% | LR: 0.009118
Patience remaining: 45/50
  --------------------------------------------------
DEBUG: Evaluate function - 80 predictions, 80 targets
DEBUG: Unique predictions: [0 1], Unique targets: [0 1]

Epoch  98/500 Summary:
  Train Loss: 0.5998 | Train Acc: 66.96%
  Val Acc: 61.25% | LR: 0.009100
Patience remaining: 44/50
  --------------------------------------------------
DEBUG: Evaluate function - 80 predictions, 80 targets
DEBUG: Unique predictions: [0 1], Unique targets: [0 1]

Epoch  99/500 Summary:
  Train Loss: 0.6092 | Train Acc: 67.68%
  Val Acc: 63.75% | LR: 0.009082
Patience remaining: 43/50
  --------------------------------------------------
DEBUG: Evaluate function - 80 predictions, 80 targets
DEBUG: Unique predictions: [0 1], Unique targets: [0 1]

Epoch 100/500 Summary:
  Train Loss: 0.6089 | Train Acc: 67.32%
  Val Acc: 63.75% | LR: 0.009063
Patience remaining: 42/50
  --------------------------------------------------
DEBUG: Evaluate function - 80 predictions, 80 targets
DEBUG: Unique predictions: [0 1], Unique targets: [0 1]

Epoch 101/500 Summary:
  Train Loss: 0.6073 | Train Acc: 70.18%
  Val Acc: 65.00% | LR: 0.009045
Patience remaining: 41/50
  --------------------------------------------------
DEBUG: Evaluate function - 80 predictions, 80 targets
DEBUG: Unique predictions: [0 1], Unique targets: [0 1]

Epoch 102/500 Summary:
  Train Loss: 0.6044 | Train Acc: 68.21%
  Val Acc: 66.25% | LR: 0.009027
Patience remaining: 40/50
  --------------------------------------------------
DEBUG: Evaluate function - 80 predictions, 80 targets
DEBUG: Unique predictions: [0 1], Unique targets: [0 1]

Epoch 103/500 Summary:
  Train Loss: 0.5981 | Train Acc: 69.29%
  Val Acc: 63.75% | LR: 0.009008
Patience remaining: 39/50
  --------------------------------------------------
DEBUG: Evaluate function - 80 predictions, 80 targets
DEBUG: Unique predictions: [0 1], Unique targets: [0 1]

Epoch 104/500 Summary:
  Train Loss: 0.5934 | Train Acc: 68.75%
  Val Acc: 68.75% | LR: 0.008989
New best validation accuracy!
  --------------------------------------------------
DEBUG: Evaluate function - 80 predictions, 80 targets
DEBUG: Unique predictions: [0 1], Unique targets: [0 1]

Epoch 105/500 Summary:
  Train Loss: 0.6079 | Train Acc: 66.07%
  Val Acc: 65.00% | LR: 0.008970
Patience remaining: 49/50
  --------------------------------------------------
DEBUG: Evaluate function - 80 predictions, 80 targets
DEBUG: Unique predictions: [0 1], Unique targets: [0 1]

Epoch 106/500 Summary:
  Train Loss: 0.5928 | Train Acc: 68.75%
  Val Acc: 67.50% | LR: 0.008951
Patience remaining: 48/50
  --------------------------------------------------
DEBUG: Evaluate function - 80 predictions, 80 targets
DEBUG: Unique predictions: [0 1], Unique targets: [0 1]

Epoch 107/500 Summary:
  Train Loss: 0.5819 | Train Acc: 70.71%
  Val Acc: 63.75% | LR: 0.008931
Patience remaining: 47/50
  --------------------------------------------------
DEBUG: Evaluate function - 80 predictions, 80 targets
DEBUG: Unique predictions: [0 1], Unique targets: [0 1]

Epoch 108/500 Summary:
  Train Loss: 0.6053 | Train Acc: 68.57%
  Val Acc: 62.50% | LR: 0.008912
Patience remaining: 46/50
  --------------------------------------------------
DEBUG: Evaluate function - 80 predictions, 80 targets
DEBUG: Unique predictions: [0 1], Unique targets: [0 1]

Epoch 109/500 Summary:
  Train Loss: 0.6007 | Train Acc: 71.07%
  Val Acc: 67.50% | LR: 0.008892
Patience remaining: 45/50
  --------------------------------------------------
DEBUG: Evaluate function - 80 predictions, 80 targets
DEBUG: Unique predictions: [0 1], Unique targets: [0 1]

Epoch 110/500 Summary:
  Train Loss: 0.5961 | Train Acc: 69.82%
  Val Acc: 65.00% | LR: 0.008873
Patience remaining: 44/50
  --------------------------------------------------
DEBUG: Evaluate function - 80 predictions, 80 targets
DEBUG: Unique predictions: [0 1], Unique targets: [0 1]

Epoch 111/500 Summary:
  Train Loss: 0.5751 | Train Acc: 72.32%
  Val Acc: 63.75% | LR: 0.008853
Patience remaining: 43/50
  --------------------------------------------------
DEBUG: Evaluate function - 80 predictions, 80 targets
DEBUG: Unique predictions: [0 1], Unique targets: [0 1]

Epoch 112/500 Summary:
  Train Loss: 0.5983 | Train Acc: 70.54%
  Val Acc: 62.50% | LR: 0.008832
Patience remaining: 42/50
  --------------------------------------------------
DEBUG: Evaluate function - 80 predictions, 80 targets
DEBUG: Unique predictions: [0 1], Unique targets: [0 1]

Epoch 113/500 Summary:
  Train Loss: 0.5948 | Train Acc: 69.82%
  Val Acc: 61.25% | LR: 0.008812
Patience remaining: 41/50
  --------------------------------------------------
DEBUG: Evaluate function - 80 predictions, 80 targets
DEBUG: Unique predictions: [0 1], Unique targets: [0 1]

Epoch 114/500 Summary:
  Train Loss: 0.5764 | Train Acc: 69.29%
  Val Acc: 66.25% | LR: 0.008792
Patience remaining: 40/50
  --------------------------------------------------
DEBUG: Evaluate function - 80 predictions, 80 targets
DEBUG: Unique predictions: [0 1], Unique targets: [0 1]

Epoch 115/500 Summary:
  Train Loss: 0.5653 | Train Acc: 72.86%
  Val Acc: 63.75% | LR: 0.008771
Patience remaining: 39/50
  --------------------------------------------------
DEBUG: Evaluate function - 80 predictions, 80 targets
DEBUG: Unique predictions: [0 1], Unique targets: [0 1]

Epoch 116/500 Summary:
  Train Loss: 0.5504 | Train Acc: 72.50%
  Val Acc: 60.00% | LR: 0.008751
Patience remaining: 38/50
  --------------------------------------------------
DEBUG: Evaluate function - 80 predictions, 80 targets
DEBUG: Unique predictions: [0 1], Unique targets: [0 1]

Epoch 117/500 Summary:
  Train Loss: 0.5731 | Train Acc: 69.82%
  Val Acc: 62.50% | LR: 0.008730
Patience remaining: 37/50
  --------------------------------------------------
DEBUG: Evaluate function - 80 predictions, 80 targets
DEBUG: Unique predictions: [0 1], Unique targets: [0 1]

Epoch 118/500 Summary:
  Train Loss: 0.5655 | Train Acc: 70.71%
  Val Acc: 63.75% | LR: 0.008709
Patience remaining: 36/50
  --------------------------------------------------
DEBUG: Evaluate function - 80 predictions, 80 targets
DEBUG: Unique predictions: [0 1], Unique targets: [0 1]

Epoch 119/500 Summary:
  Train Loss: 0.5743 | Train Acc: 70.00%
  Val Acc: 62.50% | LR: 0.008688
Patience remaining: 35/50
  --------------------------------------------------
DEBUG: Evaluate function - 80 predictions, 80 targets
DEBUG: Unique predictions: [0 1], Unique targets: [0 1]

Epoch 120/500 Summary:
  Train Loss: 0.5605 | Train Acc: 72.32%
  Val Acc: 66.25% | LR: 0.008666
Patience remaining: 34/50
  --------------------------------------------------
DEBUG: Evaluate function - 80 predictions, 80 targets
DEBUG: Unique predictions: [0 1], Unique targets: [0 1]

Epoch 121/500 Summary:
  Train Loss: 0.5712 | Train Acc: 70.00%
  Val Acc: 67.50% | LR: 0.008645
Patience remaining: 33/50
  --------------------------------------------------
DEBUG: Evaluate function - 80 predictions, 80 targets
DEBUG: Unique predictions: [0 1], Unique targets: [0 1]

Epoch 122/500 Summary:
  Train Loss: 0.5404 | Train Acc: 73.75%
  Val Acc: 58.75% | LR: 0.008623
Patience remaining: 32/50
  --------------------------------------------------
DEBUG: Evaluate function - 80 predictions, 80 targets
DEBUG: Unique predictions: [0 1], Unique targets: [0 1]

Epoch 123/500 Summary:
  Train Loss: 0.5417 | Train Acc: 74.46%
  Val Acc: 61.25% | LR: 0.008602
Patience remaining: 31/50
  --------------------------------------------------
DEBUG: Evaluate function - 80 predictions, 80 targets
DEBUG: Unique predictions: [0 1], Unique targets: [0 1]

Epoch 124/500 Summary:
  Train Loss: 0.5509 | Train Acc: 73.93%
  Val Acc: 63.75% | LR: 0.008580
Patience remaining: 30/50
  --------------------------------------------------
DEBUG: Evaluate function - 80 predictions, 80 targets
DEBUG: Unique predictions: [0 1], Unique targets: [0 1]

Epoch 125/500 Summary:
  Train Loss: 0.5638 | Train Acc: 70.54%
  Val Acc: 60.00% | LR: 0.008558
Patience remaining: 29/50
  --------------------------------------------------
DEBUG: Evaluate function - 80 predictions, 80 targets
DEBUG: Unique predictions: [0 1], Unique targets: [0 1]

Epoch 126/500 Summary:
  Train Loss: 0.5556 | Train Acc: 71.43%
  Val Acc: 62.50% | LR: 0.008536
Patience remaining: 28/50
  --------------------------------------------------
DEBUG: Evaluate function - 80 predictions, 80 targets
DEBUG: Unique predictions: [0 1], Unique targets: [0 1]

Epoch 127/500 Summary:
  Train Loss: 0.5356 | Train Acc: 75.18%
  Val Acc: 63.75% | LR: 0.008513
Patience remaining: 27/50
  --------------------------------------------------
DEBUG: Evaluate function - 80 predictions, 80 targets
DEBUG: Unique predictions: [0 1], Unique targets: [0 1]

Epoch 128/500 Summary:
  Train Loss: 0.5372 | Train Acc: 71.25%
  Val Acc: 62.50% | LR: 0.008491
Patience remaining: 26/50
  --------------------------------------------------
DEBUG: Evaluate function - 80 predictions, 80 targets
DEBUG: Unique predictions: [0 1], Unique targets: [0 1]

Epoch 129/500 Summary:
  Train Loss: 0.5144 | Train Acc: 76.61%
  Val Acc: 62.50% | LR: 0.008468
Patience remaining: 25/50
  --------------------------------------------------
DEBUG: Evaluate function - 80 predictions, 80 targets
DEBUG: Unique predictions: [0 1], Unique targets: [0 1]

Epoch 130/500 Summary:
  Train Loss: 0.5227 | Train Acc: 73.57%
  Val Acc: 65.00% | LR: 0.008446
Patience remaining: 24/50
  --------------------------------------------------
DEBUG: Evaluate function - 80 predictions, 80 targets
DEBUG: Unique predictions: [0 1], Unique targets: [0 1]

Epoch 131/500 Summary:
  Train Loss: 0.5768 | Train Acc: 70.18%
  Val Acc: 65.00% | LR: 0.008423
Patience remaining: 23/50
  --------------------------------------------------
DEBUG: Evaluate function - 80 predictions, 80 targets
DEBUG: Unique predictions: [0 1], Unique targets: [0 1]

Epoch 132/500 Summary:
  Train Loss: 0.5412 | Train Acc: 74.11%
  Val Acc: 67.50% | LR: 0.008400
Patience remaining: 22/50
  --------------------------------------------------
DEBUG: Evaluate function - 80 predictions, 80 targets
DEBUG: Unique predictions: [0 1], Unique targets: [0 1]

Epoch 133/500 Summary:
  Train Loss: 0.5276 | Train Acc: 74.29%
  Val Acc: 62.50% | LR: 0.008377
Patience remaining: 21/50
  --------------------------------------------------
DEBUG: Evaluate function - 80 predictions, 80 targets
DEBUG: Unique predictions: [0 1], Unique targets: [0 1]

Epoch 134/500 Summary:
  Train Loss: 0.5274 | Train Acc: 75.36%
  Val Acc: 65.00% | LR: 0.008353
Patience remaining: 20/50
  --------------------------------------------------
DEBUG: Evaluate function - 80 predictions, 80 targets
DEBUG: Unique predictions: [0 1], Unique targets: [0 1]2025-09-26 18:00:19 -     Test accuracy: 0.6500
2025-09-26 18:00:19 -   Fold 4/5
2025-09-26 18:00:19 -     Fold split: Train=560, Val=80


Epoch 135/500 Summary:
  Train Loss: 0.5005 | Train Acc: 76.43%
  Val Acc: 63.75% | LR: 0.008330
Patience remaining: 19/50
  --------------------------------------------------
DEBUG: Evaluate function - 80 predictions, 80 targets
DEBUG: Unique predictions: [0 1], Unique targets: [0 1]

Epoch 136/500 Summary:
  Train Loss: 0.5547 | Train Acc: 70.89%
  Val Acc: 65.00% | LR: 0.008307
Patience remaining: 18/50
  --------------------------------------------------
DEBUG: Evaluate function - 80 predictions, 80 targets
DEBUG: Unique predictions: [0 1], Unique targets: [0 1]

Epoch 137/500 Summary:
  Train Loss: 0.5253 | Train Acc: 71.61%
  Val Acc: 67.50% | LR: 0.008283
Patience remaining: 17/50
  --------------------------------------------------
DEBUG: Evaluate function - 80 predictions, 80 targets
DEBUG: Unique predictions: [0 1], Unique targets: [0 1]

Epoch 138/500 Summary:
  Train Loss: 0.5471 | Train Acc: 74.82%
  Val Acc: 66.25% | LR: 0.008259
Patience remaining: 16/50
  --------------------------------------------------
DEBUG: Evaluate function - 80 predictions, 80 targets
DEBUG: Unique predictions: [0 1], Unique targets: [0 1]

Epoch 139/500 Summary:
  Train Loss: 0.5284 | Train Acc: 74.29%
  Val Acc: 65.00% | LR: 0.008235
Patience remaining: 15/50
  --------------------------------------------------
DEBUG: Evaluate function - 80 predictions, 80 targets
DEBUG: Unique predictions: [0 1], Unique targets: [0 1]

Epoch 140/500 Summary:
  Train Loss: 0.4867 | Train Acc: 80.00%
  Val Acc: 63.75% | LR: 0.008211
Patience remaining: 14/50
  --------------------------------------------------
DEBUG: Evaluate function - 80 predictions, 80 targets
DEBUG: Unique predictions: [0 1], Unique targets: [0 1]

Epoch 141/500 Summary:
  Train Loss: 0.4912 | Train Acc: 77.86%
  Val Acc: 67.50% | LR: 0.008187
Patience remaining: 13/50
  --------------------------------------------------
DEBUG: Evaluate function - 80 predictions, 80 targets
DEBUG: Unique predictions: [0 1], Unique targets: [0 1]

Epoch 142/500 Summary:
  Train Loss: 0.5207 | Train Acc: 75.54%
  Val Acc: 63.75% | LR: 0.008163
Patience remaining: 12/50
  --------------------------------------------------
DEBUG: Evaluate function - 80 predictions, 80 targets
DEBUG: Unique predictions: [0 1], Unique targets: [0 1]

Epoch 143/500 Summary:
  Train Loss: 0.4694 | Train Acc: 77.68%
  Val Acc: 65.00% | LR: 0.008138
Patience remaining: 11/50
  --------------------------------------------------
DEBUG: Evaluate function - 80 predictions, 80 targets
DEBUG: Unique predictions: [0 1], Unique targets: [0 1]

Epoch 144/500 Summary:
  Train Loss: 0.4961 | Train Acc: 75.18%
  Val Acc: 65.00% | LR: 0.008114
Patience remaining: 10/50
  --------------------------------------------------
DEBUG: Evaluate function - 80 predictions, 80 targets
DEBUG: Unique predictions: [0 1], Unique targets: [0 1]

Epoch 145/500 Summary:
  Train Loss: 0.4872 | Train Acc: 78.39%
  Val Acc: 65.00% | LR: 0.008089
Patience remaining: 9/50
  --------------------------------------------------
DEBUG: Evaluate function - 80 predictions, 80 targets
DEBUG: Unique predictions: [0 1], Unique targets: [0 1]

Epoch 146/500 Summary:
  Train Loss: 0.4735 | Train Acc: 77.14%
  Val Acc: 65.00% | LR: 0.008065
Patience remaining: 8/50
  --------------------------------------------------
DEBUG: Evaluate function - 80 predictions, 80 targets
DEBUG: Unique predictions: [0 1], Unique targets: [0 1]

Epoch 147/500 Summary:
  Train Loss: 0.4717 | Train Acc: 78.39%
  Val Acc: 66.25% | LR: 0.008040
Patience remaining: 7/50
  --------------------------------------------------
DEBUG: Evaluate function - 80 predictions, 80 targets
DEBUG: Unique predictions: [0 1], Unique targets: [0 1]

Epoch 148/500 Summary:
  Train Loss: 0.4757 | Train Acc: 77.86%
  Val Acc: 67.50% | LR: 0.008015
Patience remaining: 6/50
  --------------------------------------------------
DEBUG: Evaluate function - 80 predictions, 80 targets
DEBUG: Unique predictions: [0 1], Unique targets: [0 1]

Epoch 149/500 Summary:
  Train Loss: 0.4650 | Train Acc: 79.29%
  Val Acc: 63.75% | LR: 0.007990
Patience remaining: 5/50
  --------------------------------------------------
DEBUG: Evaluate function - 80 predictions, 80 targets
DEBUG: Unique predictions: [0 1], Unique targets: [0 1]

Epoch 150/500 Summary:
  Train Loss: 0.4537 | Train Acc: 78.21%
  Val Acc: 66.25% | LR: 0.007964
Patience remaining: 4/50
  --------------------------------------------------
DEBUG: Evaluate function - 80 predictions, 80 targets
DEBUG: Unique predictions: [0 1], Unique targets: [0 1]

Epoch 151/500 Summary:
  Train Loss: 0.4468 | Train Acc: 80.18%
  Val Acc: 65.00% | LR: 0.007939
Patience remaining: 3/50
  --------------------------------------------------
DEBUG: Evaluate function - 80 predictions, 80 targets
DEBUG: Unique predictions: [0 1], Unique targets: [0 1]

Epoch 152/500 Summary:
  Train Loss: 0.4500 | Train Acc: 78.75%
  Val Acc: 63.75% | LR: 0.007913
Patience remaining: 2/50
  --------------------------------------------------
DEBUG: Evaluate function - 80 predictions, 80 targets
DEBUG: Unique predictions: [0 1], Unique targets: [0 1]

Epoch 153/500 Summary:
  Train Loss: 0.4368 | Train Acc: 81.07%
  Val Acc: 63.75% | LR: 0.007888
Patience remaining: 1/50
  --------------------------------------------------
DEBUG: Evaluate function - 80 predictions, 80 targets
DEBUG: Unique predictions: [0 1], Unique targets: [0 1]

Epoch 154/500 Summary:
  Train Loss: 0.4435 | Train Acc: 82.14%
  Val Acc: 63.75% | LR: 0.007862
Early stopping triggered! No improvement for 50 epochs
Best validation accuracy: 68.75%

============================================================
Training Complete!
Best Validation Accuracy: 68.75%
============================================================
DEBUG: Evaluate function - 80 predictions, 80 targets
DEBUG: Unique predictions: [0 1], Unique targets: [0 1]
Training class distribution: [280, 280]

============================================================
Starting Training - Max Epochs: 500
Model: EEGConformer
Learning Rate: 0.01, Weight Decay: 0.0001
Dropout: 0.25, Early Stopping Patience: 50
============================================================
DEBUG: Evaluate function - 80 predictions, 80 targets
DEBUG: Unique predictions: [0], Unique targets: [0 1]

Epoch   1/500 Summary:
  Train Loss: 0.9889 | Train Acc: 48.57%
  Val Acc: 50.00% | LR: 0.010000
New best validation accuracy!
  --------------------------------------------------
DEBUG: Evaluate function - 80 predictions, 80 targets
DEBUG: Unique predictions: [1], Unique targets: [0 1]

Epoch   2/500 Summary:
  Train Loss: 0.7033 | Train Acc: 50.36%
  Val Acc: 50.00% | LR: 0.010000
Patience remaining: 49/50
  --------------------------------------------------
DEBUG: Evaluate function - 80 predictions, 80 targets
DEBUG: Unique predictions: [0], Unique targets: [0 1]

Epoch   3/500 Summary:
  Train Loss: 0.6956 | Train Acc: 49.64%
  Val Acc: 50.00% | LR: 0.010000
Patience remaining: 48/50
  --------------------------------------------------
DEBUG: Evaluate function - 80 predictions, 80 targets
DEBUG: Unique predictions: [0], Unique targets: [0 1]

Epoch   4/500 Summary:
  Train Loss: 0.6964 | Train Acc: 50.00%
  Val Acc: 50.00% | LR: 0.009999
Patience remaining: 47/50
  --------------------------------------------------
DEBUG: Evaluate function - 80 predictions, 80 targets
DEBUG: Unique predictions: [1], Unique targets: [0 1]

Epoch   5/500 Summary:
  Train Loss: 0.6951 | Train Acc: 48.93%
  Val Acc: 50.00% | LR: 0.009998
Patience remaining: 46/50
  --------------------------------------------------
DEBUG: Evaluate function - 80 predictions, 80 targets
DEBUG: Unique predictions: [1], Unique targets: [0 1]

Epoch   6/500 Summary:
  Train Loss: 0.6950 | Train Acc: 50.00%
  Val Acc: 50.00% | LR: 0.009998
Patience remaining: 45/50
  --------------------------------------------------
DEBUG: Evaluate function - 80 predictions, 80 targets
DEBUG: Unique predictions: [0], Unique targets: [0 1]

Epoch   7/500 Summary:
  Train Loss: 0.6940 | Train Acc: 48.93%
  Val Acc: 50.00% | LR: 0.009996
Patience remaining: 44/50
  --------------------------------------------------
DEBUG: Evaluate function - 80 predictions, 80 targets
DEBUG: Unique predictions: [0], Unique targets: [0 1]

Epoch   8/500 Summary:
  Train Loss: 0.6942 | Train Acc: 49.82%
  Val Acc: 50.00% | LR: 0.009995
Patience remaining: 43/50
  --------------------------------------------------
DEBUG: Evaluate function - 80 predictions, 80 targets
DEBUG: Unique predictions: [0], Unique targets: [0 1]

Epoch   9/500 Summary:
  Train Loss: 0.6937 | Train Acc: 46.61%
  Val Acc: 50.00% | LR: 0.009994
Patience remaining: 42/50
  --------------------------------------------------
DEBUG: Evaluate function - 80 predictions, 80 targets
DEBUG: Unique predictions: [0], Unique targets: [0 1]

Epoch  10/500 Summary:
  Train Loss: 0.6932 | Train Acc: 50.89%
  Val Acc: 50.00% | LR: 0.009992
Patience remaining: 41/50
  --------------------------------------------------
DEBUG: Evaluate function - 80 predictions, 80 targets
DEBUG: Unique predictions: [1], Unique targets: [0 1]

Epoch  11/500 Summary:
  Train Loss: 0.6929 | Train Acc: 54.11%
  Val Acc: 50.00% | LR: 0.009990
Patience remaining: 40/50
  --------------------------------------------------
DEBUG: Evaluate function - 80 predictions, 80 targets
DEBUG: Unique predictions: [1], Unique targets: [0 1]

Epoch  12/500 Summary:
  Train Loss: 0.6940 | Train Acc: 50.00%
  Val Acc: 50.00% | LR: 0.009988
Patience remaining: 39/50
  --------------------------------------------------
DEBUG: Evaluate function - 80 predictions, 80 targets
DEBUG: Unique predictions: [0], Unique targets: [0 1]

Epoch  13/500 Summary:
  Train Loss: 0.6934 | Train Acc: 49.82%
  Val Acc: 50.00% | LR: 0.009986
Patience remaining: 38/50
  --------------------------------------------------
DEBUG: Evaluate function - 80 predictions, 80 targets
DEBUG: Unique predictions: [0], Unique targets: [0 1]

Epoch  14/500 Summary:
  Train Loss: 0.6932 | Train Acc: 49.29%
  Val Acc: 50.00% | LR: 0.009983
Patience remaining: 37/50
  --------------------------------------------------
DEBUG: Evaluate function - 80 predictions, 80 targets
DEBUG: Unique predictions: [0], Unique targets: [0 1]

Epoch  15/500 Summary:
  Train Loss: 0.6931 | Train Acc: 51.07%
  Val Acc: 50.00% | LR: 0.009981
Patience remaining: 36/50
  --------------------------------------------------
DEBUG: Evaluate function - 80 predictions, 80 targets
DEBUG: Unique predictions: [1], Unique targets: [0 1]

Epoch  16/500 Summary:
  Train Loss: 0.6946 | Train Acc: 46.07%
  Val Acc: 50.00% | LR: 0.009978
Patience remaining: 35/50
  --------------------------------------------------
DEBUG: Evaluate function - 80 predictions, 80 targets
DEBUG: Unique predictions: [0], Unique targets: [0 1]

Epoch  17/500 Summary:
  Train Loss: 0.6931 | Train Acc: 50.89%
  Val Acc: 50.00% | LR: 0.009975
Patience remaining: 34/50
  --------------------------------------------------
DEBUG: Evaluate function - 80 predictions, 80 targets
DEBUG: Unique predictions: [0], Unique targets: [0 1]

Epoch  18/500 Summary:
  Train Loss: 0.6934 | Train Acc: 47.86%
  Val Acc: 50.00% | LR: 0.009972
Patience remaining: 33/50
  --------------------------------------------------
DEBUG: Evaluate function - 80 predictions, 80 targets
DEBUG: Unique predictions: [0], Unique targets: [0 1]

Epoch  19/500 Summary:
  Train Loss: 0.6936 | Train Acc: 50.00%
  Val Acc: 50.00% | LR: 0.009968
Patience remaining: 32/50
  --------------------------------------------------
DEBUG: Evaluate function - 80 predictions, 80 targets
DEBUG: Unique predictions: [0], Unique targets: [0 1]

Epoch  20/500 Summary:
  Train Loss: 0.6957 | Train Acc: 50.00%
  Val Acc: 50.00% | LR: 0.009964
Patience remaining: 31/50
  --------------------------------------------------
DEBUG: Evaluate function - 80 predictions, 80 targets
DEBUG: Unique predictions: [1], Unique targets: [0 1]

Epoch  21/500 Summary:
  Train Loss: 0.6983 | Train Acc: 47.50%
  Val Acc: 50.00% | LR: 0.009961
Patience remaining: 30/50
  --------------------------------------------------
DEBUG: Evaluate function - 80 predictions, 80 targets
DEBUG: Unique predictions: [1], Unique targets: [0 1]

Epoch  22/500 Summary:
  Train Loss: 0.6951 | Train Acc: 50.00%
  Val Acc: 50.00% | LR: 0.009957
Patience remaining: 29/50
  --------------------------------------------------
DEBUG: Evaluate function - 80 predictions, 80 targets
DEBUG: Unique predictions: [0], Unique targets: [0 1]

Epoch  23/500 Summary:
  Train Loss: 0.6954 | Train Acc: 49.82%
  Val Acc: 50.00% | LR: 0.009952
Patience remaining: 28/50
  --------------------------------------------------
DEBUG: Evaluate function - 80 predictions, 80 targets
DEBUG: Unique predictions: [0], Unique targets: [0 1]

Epoch  24/500 Summary:
  Train Loss: 0.6946 | Train Acc: 49.46%
  Val Acc: 50.00% | LR: 0.009948
Patience remaining: 27/50
  --------------------------------------------------
DEBUG: Evaluate function - 80 predictions, 80 targets
DEBUG: Unique predictions: [1], Unique targets: [0 1]

Epoch  25/500 Summary:
  Train Loss: 0.6934 | Train Acc: 50.00%
  Val Acc: 50.00% | LR: 0.009943
Patience remaining: 26/50
  --------------------------------------------------
DEBUG: Evaluate function - 80 predictions, 80 targets
DEBUG: Unique predictions: [0], Unique targets: [0 1]

Epoch  26/500 Summary:
  Train Loss: 0.6930 | Train Acc: 49.82%
  Val Acc: 50.00% | LR: 0.009938
Patience remaining: 25/50
  --------------------------------------------------
DEBUG: Evaluate function - 80 predictions, 80 targets
DEBUG: Unique predictions: [0], Unique targets: [0 1]

Epoch  27/500 Summary:
  Train Loss: 0.6931 | Train Acc: 51.25%
  Val Acc: 50.00% | LR: 0.009933
Patience remaining: 24/50
  --------------------------------------------------
DEBUG: Evaluate function - 80 predictions, 80 targets
DEBUG: Unique predictions: [0], Unique targets: [0 1]

Epoch  28/500 Summary:
  Train Loss: 0.6936 | Train Acc: 50.00%
  Val Acc: 50.00% | LR: 0.009928
Patience remaining: 23/50
  --------------------------------------------------
DEBUG: Evaluate function - 80 predictions, 80 targets
DEBUG: Unique predictions: [1], Unique targets: [0 1]

Epoch  29/500 Summary:
  Train Loss: 0.6930 | Train Acc: 49.11%
  Val Acc: 50.00% | LR: 0.009923
Patience remaining: 22/50
  --------------------------------------------------
DEBUG: Evaluate function - 80 predictions, 80 targets
DEBUG: Unique predictions: [1], Unique targets: [0 1]

Epoch  30/500 Summary:
  Train Loss: 0.6932 | Train Acc: 49.82%
  Val Acc: 50.00% | LR: 0.009917
Patience remaining: 21/50
  --------------------------------------------------
DEBUG: Evaluate function - 80 predictions, 80 targets
DEBUG: Unique predictions: [1], Unique targets: [0 1]

Epoch  31/500 Summary:
  Train Loss: 0.6942 | Train Acc: 50.00%
  Val Acc: 50.00% | LR: 0.009911
Patience remaining: 20/50
  --------------------------------------------------
DEBUG: Evaluate function - 80 predictions, 80 targets
DEBUG: Unique predictions: [0], Unique targets: [0 1]

Epoch  32/500 Summary:
  Train Loss: 0.6922 | Train Acc: 55.00%
  Val Acc: 50.00% | LR: 0.009905
Patience remaining: 19/50
  --------------------------------------------------
DEBUG: Evaluate function - 80 predictions, 80 targets
DEBUG: Unique predictions: [0], Unique targets: [0 1]

Epoch  33/500 Summary:
  Train Loss: 0.6939 | Train Acc: 50.00%
  Val Acc: 50.00% | LR: 0.009899
Patience remaining: 18/50
  --------------------------------------------------
DEBUG: Evaluate function - 80 predictions, 80 targets
DEBUG: Unique predictions: [0], Unique targets: [0 1]

Epoch  34/500 Summary:
  Train Loss: 0.6941 | Train Acc: 48.21%
  Val Acc: 50.00% | LR: 0.009893
Patience remaining: 17/50
  --------------------------------------------------
DEBUG: Evaluate function - 80 predictions, 80 targets
DEBUG: Unique predictions: [0], Unique targets: [0 1]

Epoch  35/500 Summary:
  Train Loss: 0.6934 | Train Acc: 50.89%
  Val Acc: 50.00% | LR: 0.009886
Patience remaining: 16/50
  --------------------------------------------------
DEBUG: Evaluate function - 80 predictions, 80 targets
DEBUG: Unique predictions: [1], Unique targets: [0 1]

Epoch  36/500 Summary:
  Train Loss: 0.6929 | Train Acc: 50.54%
  Val Acc: 50.00% | LR: 0.009880
Patience remaining: 15/502025-09-26 18:00:22 -     Test accuracy: 0.5000
2025-09-26 18:00:22 -   Fold 5/5
2025-09-26 18:00:22 -     Fold split: Train=560, Val=80

  --------------------------------------------------
DEBUG: Evaluate function - 80 predictions, 80 targets
DEBUG: Unique predictions: [1], Unique targets: [0 1]

Epoch  37/500 Summary:
  Train Loss: 0.6946 | Train Acc: 50.00%
  Val Acc: 50.00% | LR: 0.009873
Patience remaining: 14/50
  --------------------------------------------------
DEBUG: Evaluate function - 80 predictions, 80 targets
DEBUG: Unique predictions: [0], Unique targets: [0 1]

Epoch  38/500 Summary:
  Train Loss: 0.6941 | Train Acc: 49.64%
  Val Acc: 50.00% | LR: 0.009865
Patience remaining: 13/50
  --------------------------------------------------
DEBUG: Evaluate function - 80 predictions, 80 targets
DEBUG: Unique predictions: [0], Unique targets: [0 1]

Epoch  39/500 Summary:
  Train Loss: 0.6938 | Train Acc: 50.54%
  Val Acc: 50.00% | LR: 0.009858
Patience remaining: 12/50
  --------------------------------------------------
DEBUG: Evaluate function - 80 predictions, 80 targets
DEBUG: Unique predictions: [0], Unique targets: [0 1]

Epoch  40/500 Summary:
  Train Loss: 0.6956 | Train Acc: 50.00%
  Val Acc: 50.00% | LR: 0.009851
Patience remaining: 11/50
  --------------------------------------------------
DEBUG: Evaluate function - 80 predictions, 80 targets
DEBUG: Unique predictions: [1], Unique targets: [0 1]

Epoch  41/500 Summary:
  Train Loss: 0.6937 | Train Acc: 49.82%
  Val Acc: 50.00% | LR: 0.009843
Patience remaining: 10/50
  --------------------------------------------------
DEBUG: Evaluate function - 80 predictions, 80 targets
DEBUG: Unique predictions: [1], Unique targets: [0 1]

Epoch  42/500 Summary:
  Train Loss: 0.6966 | Train Acc: 50.00%
  Val Acc: 50.00% | LR: 0.009835
Patience remaining: 9/50
  --------------------------------------------------
DEBUG: Evaluate function - 80 predictions, 80 targets
DEBUG: Unique predictions: [0], Unique targets: [0 1]

Epoch  43/500 Summary:
  Train Loss: 0.6952 | Train Acc: 49.11%
  Val Acc: 50.00% | LR: 0.009827
Patience remaining: 8/50
  --------------------------------------------------
DEBUG: Evaluate function - 80 predictions, 80 targets
DEBUG: Unique predictions: [0], Unique targets: [0 1]

Epoch  44/500 Summary:
  Train Loss: 0.6948 | Train Acc: 50.00%
  Val Acc: 50.00% | LR: 0.009819
Patience remaining: 7/50
  --------------------------------------------------
DEBUG: Evaluate function - 80 predictions, 80 targets
DEBUG: Unique predictions: [1], Unique targets: [0 1]

Epoch  45/500 Summary:
  Train Loss: 0.6930 | Train Acc: 49.11%
  Val Acc: 50.00% | LR: 0.009810
Patience remaining: 6/50
  --------------------------------------------------
DEBUG: Evaluate function - 80 predictions, 80 targets
DEBUG: Unique predictions: [1], Unique targets: [0 1]

Epoch  46/500 Summary:
  Train Loss: 0.6939 | Train Acc: 50.00%
  Val Acc: 50.00% | LR: 0.009801
Patience remaining: 5/50
  --------------------------------------------------
DEBUG: Evaluate function - 80 predictions, 80 targets
DEBUG: Unique predictions: [0], Unique targets: [0 1]

Epoch  47/500 Summary:
  Train Loss: 0.6929 | Train Acc: 50.54%
  Val Acc: 50.00% | LR: 0.009793
Patience remaining: 4/50
  --------------------------------------------------
DEBUG: Evaluate function - 80 predictions, 80 targets
DEBUG: Unique predictions: [0], Unique targets: [0 1]

Epoch  48/500 Summary:
  Train Loss: 0.6932 | Train Acc: 50.18%
  Val Acc: 50.00% | LR: 0.009784
Patience remaining: 3/50
  --------------------------------------------------
DEBUG: Evaluate function - 80 predictions, 80 targets
DEBUG: Unique predictions: [0], Unique targets: [0 1]

Epoch  49/500 Summary:
  Train Loss: 0.6951 | Train Acc: 50.00%
  Val Acc: 50.00% | LR: 0.009774
Patience remaining: 2/50
  --------------------------------------------------
DEBUG: Evaluate function - 80 predictions, 80 targets
DEBUG: Unique predictions: [1], Unique targets: [0 1]

Epoch  50/500 Summary:
  Train Loss: 0.6941 | Train Acc: 46.07%
  Val Acc: 50.00% | LR: 0.009765
Patience remaining: 1/50
  --------------------------------------------------
DEBUG: Evaluate function - 80 predictions, 80 targets
DEBUG: Unique predictions: [1], Unique targets: [0 1]

Epoch  51/500 Summary:
  Train Loss: 0.6954 | Train Acc: 50.00%
  Val Acc: 50.00% | LR: 0.009755
Early stopping triggered! No improvement for 50 epochs
Best validation accuracy: 50.00%

============================================================
Training Complete!
Best Validation Accuracy: 50.00%
============================================================
DEBUG: Evaluate function - 80 predictions, 80 targets
DEBUG: Unique predictions: [1], Unique targets: [0 1]
Training class distribution: [280, 280]

============================================================
Starting Training - Max Epochs: 500
Model: EEGConformer
Learning Rate: 0.01, Weight Decay: 0.0001
Dropout: 0.25, Early Stopping Patience: 50
============================================================
DEBUG: Evaluate function - 80 predictions, 80 targets
DEBUG: Unique predictions: [0], Unique targets: [0 1]

Epoch   1/500 Summary:
  Train Loss: 1.0610 | Train Acc: 49.29%
  Val Acc: 50.00% | LR: 0.010000
New best validation accuracy!
  --------------------------------------------------
DEBUG: Evaluate function - 80 predictions, 80 targets
DEBUG: Unique predictions: [1], Unique targets: [0 1]

Epoch   2/500 Summary:
  Train Loss: 0.7138 | Train Acc: 50.36%
  Val Acc: 50.00% | LR: 0.010000
Patience remaining: 49/50
  --------------------------------------------------
DEBUG: Evaluate function - 80 predictions, 80 targets
DEBUG: Unique predictions: [0], Unique targets: [0 1]

Epoch   3/500 Summary:
  Train Loss: 0.6952 | Train Acc: 49.82%
  Val Acc: 50.00% | LR: 0.010000
Patience remaining: 48/50
  --------------------------------------------------
DEBUG: Evaluate function - 80 predictions, 80 targets
DEBUG: Unique predictions: [0], Unique targets: [0 1]

Epoch   4/500 Summary:
  Train Loss: 0.7032 | Train Acc: 50.00%
  Val Acc: 50.00% | LR: 0.009999
Patience remaining: 47/50
  --------------------------------------------------
DEBUG: Evaluate function - 80 predictions, 80 targets
DEBUG: Unique predictions: [1], Unique targets: [0 1]

Epoch   5/500 Summary:
  Train Loss: 0.6968 | Train Acc: 50.89%
  Val Acc: 50.00% | LR: 0.009998
Patience remaining: 46/50
  --------------------------------------------------
DEBUG: Evaluate function - 80 predictions, 80 targets
DEBUG: Unique predictions: [1], Unique targets: [0 1]

Epoch   6/500 Summary:
  Train Loss: 0.6977 | Train Acc: 50.00%
  Val Acc: 50.00% | LR: 0.009998
Patience remaining: 45/50
  --------------------------------------------------
DEBUG: Evaluate function - 80 predictions, 80 targets
DEBUG: Unique predictions: [0], Unique targets: [0 1]

Epoch   7/500 Summary:
  Train Loss: 0.6953 | Train Acc: 46.96%
  Val Acc: 50.00% | LR: 0.009996
Patience remaining: 44/50
  --------------------------------------------------
DEBUG: Evaluate function - 80 predictions, 80 targets
DEBUG: Unique predictions: [0], Unique targets: [0 1]

Epoch   8/500 Summary:
  Train Loss: 0.6940 | Train Acc: 50.00%
  Val Acc: 50.00% | LR: 0.009995
Patience remaining: 43/50
  --------------------------------------------------
DEBUG: Evaluate function - 80 predictions, 80 targets
DEBUG: Unique predictions: [1], Unique targets: [0 1]

Epoch   9/500 Summary:
  Train Loss: 0.6955 | Train Acc: 51.43%
  Val Acc: 50.00% | LR: 0.009994
Patience remaining: 42/50
  --------------------------------------------------
DEBUG: Evaluate function - 80 predictions, 80 targets
DEBUG: Unique predictions: [1], Unique targets: [0 1]

Epoch  10/500 Summary:
  Train Loss: 0.6944 | Train Acc: 50.18%
  Val Acc: 50.00% | LR: 0.009992
Patience remaining: 41/50
  --------------------------------------------------
DEBUG: Evaluate function - 80 predictions, 80 targets
DEBUG: Unique predictions: [0], Unique targets: [0 1]

Epoch  11/500 Summary:
  Train Loss: 0.6948 | Train Acc: 46.07%
  Val Acc: 50.00% | LR: 0.009990
Patience remaining: 40/50
  --------------------------------------------------
DEBUG: Evaluate function - 80 predictions, 80 targets
DEBUG: Unique predictions: [0], Unique targets: [0 1]

Epoch  12/500 Summary:
  Train Loss: 0.6936 | Train Acc: 50.54%
  Val Acc: 50.00% | LR: 0.009988
Patience remaining: 39/50
  --------------------------------------------------
DEBUG: Evaluate function - 80 predictions, 80 targets
DEBUG: Unique predictions: [1], Unique targets: [0 1]

Epoch  13/500 Summary:
  Train Loss: 0.6936 | Train Acc: 50.18%
  Val Acc: 50.00% | LR: 0.009986
Patience remaining: 38/50
  --------------------------------------------------
DEBUG: Evaluate function - 80 predictions, 80 targets
DEBUG: Unique predictions: [0], Unique targets: [0 1]

Epoch  14/500 Summary:
  Train Loss: 0.6932 | Train Acc: 48.04%
  Val Acc: 50.00% | LR: 0.009983
Patience remaining: 37/50
  --------------------------------------------------
DEBUG: Evaluate function - 80 predictions, 80 targets
DEBUG: Unique predictions: [0], Unique targets: [0 1]

Epoch  15/500 Summary:
  Train Loss: 0.6934 | Train Acc: 47.68%
  Val Acc: 50.00% | LR: 0.009981
Patience remaining: 36/50
  --------------------------------------------------
DEBUG: Evaluate function - 80 predictions, 80 targets
DEBUG: Unique predictions: [0], Unique targets: [0 1]

Epoch  16/500 Summary:
  Train Loss: 0.6949 | Train Acc: 50.00%
  Val Acc: 50.00% | LR: 0.009978
Patience remaining: 35/50
  --------------------------------------------------
DEBUG: Evaluate function - 80 predictions, 80 targets
DEBUG: Unique predictions: [1], Unique targets: [0 1]

Epoch  17/500 Summary:
  Train Loss: 0.6944 | Train Acc: 49.82%
  Val Acc: 50.00% | LR: 0.009975
Patience remaining: 34/50
  --------------------------------------------------
DEBUG: Evaluate function - 80 predictions, 80 targets
DEBUG: Unique predictions: [1], Unique targets: [0 1]

Epoch  18/500 Summary:
  Train Loss: 0.6941 | Train Acc: 48.21%
  Val Acc: 50.00% | LR: 0.009972
Patience remaining: 33/50
  --------------------------------------------------
DEBUG: Evaluate function - 80 predictions, 80 targets
DEBUG: Unique predictions: [1], Unique targets: [0 1]

Epoch  19/500 Summary:
  Train Loss: 0.6933 | Train Acc: 50.54%
  Val Acc: 50.00% | LR: 0.009968
Patience remaining: 32/50
  --------------------------------------------------
DEBUG: Evaluate function - 80 predictions, 80 targets
DEBUG: Unique predictions: [0 1], Unique targets: [0 1]

Epoch  20/500 Summary:
  Train Loss: 0.6933 | Train Acc: 49.64%
  Val Acc: 51.25% | LR: 0.009964
New best validation accuracy!
  --------------------------------------------------
DEBUG: Evaluate function - 80 predictions, 80 targets
DEBUG: Unique predictions: [0], Unique targets: [0 1]

Epoch  21/500 Summary:
  Train Loss: 0.6936 | Train Acc: 48.75%
  Val Acc: 50.00% | LR: 0.009961
Patience remaining: 49/50
  --------------------------------------------------
DEBUG: Evaluate function - 80 predictions, 80 targets
DEBUG: Unique predictions: [0], Unique targets: [0 1]

Epoch  22/500 Summary:
  Train Loss: 0.6937 | Train Acc: 50.00%
  Val Acc: 50.00% | LR: 0.009957
Patience remaining: 48/50
  --------------------------------------------------
DEBUG: Evaluate function - 80 predictions, 80 targets
DEBUG: Unique predictions: [0], Unique targets: [0 1]

Epoch  23/500 Summary:
  Train Loss: 0.6955 | Train Acc: 49.82%
  Val Acc: 50.00% | LR: 0.009952
Patience remaining: 47/50
  --------------------------------------------------
DEBUG: Evaluate function - 80 predictions, 80 targets
DEBUG: Unique predictions: [1], Unique targets: [0 1]

Epoch  24/500 Summary:
  Train Loss: 0.6954 | Train Acc: 47.68%
  Val Acc: 50.00% | LR: 0.009948
Patience remaining: 46/50
  --------------------------------------------------
DEBUG: Evaluate function - 80 predictions, 80 targets
DEBUG: Unique predictions: [0], Unique targets: [0 1]

Epoch  25/500 Summary:
  Train Loss: 0.6946 | Train Acc: 46.43%
  Val Acc: 50.00% | LR: 0.009943
Patience remaining: 45/50
  --------------------------------------------------
DEBUG: Evaluate function - 80 predictions, 80 targets
DEBUG: Unique predictions: [0], Unique targets: [0 1]

Epoch  26/500 Summary:
  Train Loss: 0.6937 | Train Acc: 50.89%
  Val Acc: 50.00% | LR: 0.009938
Patience remaining: 44/50
  --------------------------------------------------
DEBUG: Evaluate function - 80 predictions, 80 targets
DEBUG: Unique predictions: [0 1], Unique targets: [0 1]

Epoch  27/500 Summary:
  Train Loss: 0.6929 | Train Acc: 51.79%
  Val Acc: 51.25% | LR: 0.009933
Patience remaining: 43/50
  --------------------------------------------------
DEBUG: Evaluate function - 80 predictions, 80 targets
DEBUG: Unique predictions: [1], Unique targets: [0 1]

Epoch  28/500 Summary:
  Train Loss: 0.6935 | Train Acc: 50.36%
  Val Acc: 50.00% | LR: 0.009928
Patience remaining: 42/50
  --------------------------------------------------
DEBUG: Evaluate function - 80 predictions, 80 targets
DEBUG: Unique predictions: [1], Unique targets: [0 1]

Epoch  29/500 Summary:
  Train Loss: 0.6933 | Train Acc: 48.21%
  Val Acc: 50.00% | LR: 0.009923
Patience remaining: 41/50
  --------------------------------------------------
DEBUG: Evaluate function - 80 predictions, 80 targets
DEBUG: Unique predictions: [1], Unique targets: [0 1]

Epoch  30/500 Summary:
  Train Loss: 0.6941 | Train Acc: 50.00%
  Val Acc: 50.00% | LR: 0.009917
Patience remaining: 40/50
  --------------------------------------------------
DEBUG: Evaluate function - 80 predictions, 80 targets
DEBUG: Unique predictions: [0], Unique targets: [0 1]

Epoch  31/500 Summary:
  Train Loss: 0.6937 | Train Acc: 48.93%
  Val Acc: 50.00% | LR: 0.009911
Patience remaining: 39/50
  --------------------------------------------------
DEBUG: Evaluate function - 80 predictions, 80 targets
DEBUG: Unique predictions: [0], Unique targets: [0 1]

Epoch  32/500 Summary:
  Train Loss: 0.6935 | Train Acc: 47.32%
  Val Acc: 50.00% | LR: 0.009905
Patience remaining: 38/50
  --------------------------------------------------
DEBUG: Evaluate function - 80 predictions, 80 targets
DEBUG: Unique predictions: [0], Unique targets: [0 1]

Epoch  33/500 Summary:
  Train Loss: 0.6938 | Train Acc: 49.82%
  Val Acc: 50.00% | LR: 0.009899
Patience remaining: 37/50
  --------------------------------------------------
DEBUG: Evaluate function - 80 predictions, 80 targets
DEBUG: Unique predictions: [0 1], Unique targets: [0 1]

Epoch  34/500 Summary:
  Train Loss: 0.6937 | Train Acc: 48.75%
  Val Acc: 52.50% | LR: 0.009893
New best validation accuracy!
  --------------------------------------------------
DEBUG: Evaluate function - 80 predictions, 80 targets
DEBUG: Unique predictions: [0], Unique targets: [0 1]

Epoch  35/500 Summary:
  Train Loss: 0.6928 | Train Acc: 52.32%
  Val Acc: 50.00% | LR: 0.009886
Patience remaining: 49/50
  --------------------------------------------------
DEBUG: Evaluate function - 80 predictions, 80 targets
DEBUG: Unique predictions: [0], Unique targets: [0 1]

Epoch  36/500 Summary:
  Train Loss: 0.6954 | Train Acc: 47.68%
  Val Acc: 50.00% | LR: 0.009880
Patience remaining: 48/50
  --------------------------------------------------
DEBUG: Evaluate function - 80 predictions, 80 targets
DEBUG: Unique predictions: [1], Unique targets: [0 1]

Epoch  37/500 Summary:
  Train Loss: 0.6965 | Train Acc: 48.57%
  Val Acc: 50.00% | LR: 0.009873
Patience remaining: 47/50
  --------------------------------------------------
DEBUG: Evaluate function - 80 predictions, 80 targets
DEBUG: Unique predictions: [0], Unique targets: [0 1]

Epoch  38/500 Summary:
  Train Loss: 0.6934 | Train Acc: 50.89%
  Val Acc: 50.00% | LR: 0.009865
Patience remaining: 46/50
  --------------------------------------------------
DEBUG: Evaluate function - 80 predictions, 80 targets
DEBUG: Unique predictions: [0], Unique targets: [0 1]

Epoch  39/500 Summary:
  Train Loss: 0.6946 | Train Acc: 49.64%
  Val Acc: 50.00% | LR: 0.009858
Patience remaining: 45/50
  --------------------------------------------------
DEBUG: Evaluate function - 80 predictions, 80 targets
DEBUG: Unique predictions: [0 1], Unique targets: [0 1]

Epoch  40/500 Summary:
  Train Loss: 0.6934 | Train Acc: 50.54%
  Val Acc: 51.25% | LR: 0.009851
Patience remaining: 44/50
  --------------------------------------------------
DEBUG: Evaluate function - 80 predictions, 80 targets
DEBUG: Unique predictions: [1], Unique targets: [0 1]

Epoch  41/500 Summary:
  Train Loss: 0.6937 | Train Acc: 51.61%
  Val Acc: 50.00% | LR: 0.009843
Patience remaining: 43/50
  --------------------------------------------------
DEBUG: Evaluate function - 80 predictions, 80 targets
DEBUG: Unique predictions: [0], Unique targets: [0 1]

Epoch  42/500 Summary:
  Train Loss: 0.6933 | Train Acc: 51.43%
  Val Acc: 50.00% | LR: 0.009835
Patience remaining: 42/50
  --------------------------------------------------
DEBUG: Evaluate function - 80 predictions, 80 targets
DEBUG: Unique predictions: [0], Unique targets: [0 1]

Epoch  43/500 Summary:
  Train Loss: 0.6929 | Train Acc: 50.36%
  Val Acc: 50.00% | LR: 0.009827
Patience remaining: 41/50
  --------------------------------------------------
DEBUG: Evaluate function - 80 predictions, 80 targets
DEBUG: Unique predictions: [0], Unique targets: [0 1]

Epoch  44/500 Summary:
  Train Loss: 0.6946 | Train Acc: 50.00%
  Val Acc: 50.00% | LR: 0.009819
Patience remaining: 40/50
  --------------------------------------------------
DEBUG: Evaluate function - 80 predictions, 80 targets
DEBUG: Unique predictions: [1], Unique targets: [0 1]

Epoch  45/500 Summary:
  Train Loss: 0.6928 | Train Acc: 51.61%
  Val Acc: 50.00% | LR: 0.009810
Patience remaining: 39/50
  --------------------------------------------------
DEBUG: Evaluate function - 80 predictions, 80 targets
DEBUG: Unique predictions: [1], Unique targets: [0 1]

Epoch  46/500 Summary:
  Train Loss: 0.6944 | Train Acc: 50.00%
  Val Acc: 50.00% | LR: 0.009801
Patience remaining: 38/50
  --------------------------------------------------
DEBUG: Evaluate function - 80 predictions, 80 targets
DEBUG: Unique predictions: [0], Unique targets: [0 1]

Epoch  47/500 Summary:
  Train Loss: 0.6937 | Train Acc: 49.46%
  Val Acc: 50.00% | LR: 0.009793
Patience remaining: 37/50
  --------------------------------------------------
DEBUG: Evaluate function - 80 predictions, 80 targets
DEBUG: Unique predictions: [0], Unique targets: [0 1]

Epoch  48/500 Summary:
  Train Loss: 0.6941 | Train Acc: 47.50%
  Val Acc: 50.00% | LR: 0.009784
Patience remaining: 36/50
  --------------------------------------------------
DEBUG: Evaluate function - 80 predictions, 80 targets
DEBUG: Unique predictions: [0], Unique targets: [0 1]

Epoch  49/500 Summary:
  Train Loss: 0.6934 | Train Acc: 49.64%
  Val Acc: 50.00% | LR: 0.009774
Patience remaining: 35/50
  --------------------------------------------------
DEBUG: Evaluate function - 80 predictions, 80 targets
DEBUG: Unique predictions: [0], Unique targets: [0 1]

Epoch  50/500 Summary:
  Train Loss: 0.6941 | Train Acc: 50.00%
  Val Acc: 50.00% | LR: 0.009765
Patience remaining: 34/50
  --------------------------------------------------
DEBUG: Evaluate function - 80 predictions, 80 targets
DEBUG: Unique predictions: [1], Unique targets: [0 1]

Epoch  51/500 Summary:
  Train Loss: 0.6944 | Train Acc: 47.14%
  Val Acc: 50.00% | LR: 0.009755
Patience remaining: 33/50
  --------------------------------------------------
DEBUG: Evaluate function - 80 predictions, 80 targets
DEBUG: Unique predictions: [1], Unique targets: [0 1]

Epoch  52/500 Summary:
  Train Loss: 0.6935 | Train Acc: 51.07%
  Val Acc: 50.00% | LR: 0.009745
Patience remaining: 32/50
  --------------------------------------------------
DEBUG: Evaluate function - 80 predictions, 80 targets
DEBUG: Unique predictions: [1], Unique targets: [0 1]

Epoch  53/500 Summary:
  Train Loss: 0.6942 | Train Acc: 50.36%
  Val Acc: 50.00% | LR: 0.009735
Patience remaining: 31/50
  --------------------------------------------------
DEBUG: Evaluate function - 80 predictions, 80 targets
DEBUG: Unique predictions: [0], Unique targets: [0 1]

Epoch  54/500 Summary:
  Train Loss: 0.6936 | Train Acc: 50.18%
  Val Acc: 50.00% | LR: 0.009725
Patience remaining: 30/50
  --------------------------------------------------
DEBUG: Evaluate function - 80 predictions, 80 targets
DEBUG: Unique predictions: [0], Unique targets: [0 1]

Epoch  55/500 Summary:
  Train Loss: 0.6944 | Train Acc: 50.00%
  Val Acc: 50.00% | LR: 0.009715
Patience remaining: 29/50
  --------------------------------------------------
DEBUG: Evaluate function - 80 predictions, 80 targets
DEBUG: Unique predictions: [1], Unique targets: [0 1]

Epoch  56/500 Summary:
  Train Loss: 0.6945 | Train Acc: 49.64%
  Val Acc: 50.00% | LR: 0.009704
Patience remaining: 28/50
  --------------------------------------------------
DEBUG: Evaluate function - 80 predictions, 80 targets
DEBUG: Unique predictions: [0], Unique targets: [0 1]

Epoch  57/500 Summary:
  Train Loss: 0.6932 | Train Acc: 49.64%
  Val Acc: 50.00% | LR: 0.009694
Patience remaining: 27/50
  --------------------------------------------------
DEBUG: Evaluate function - 80 predictions, 80 targets
DEBUG: Unique predictions: [0], Unique targets: [0 1]

Epoch  58/500 Summary:
  Train Loss: 0.6937 | Train Acc: 50.18%
  Val Acc: 50.00% | LR: 0.009683
Patience remaining: 26/50
  --------------------------------------------------
DEBUG: Evaluate function - 80 predictions, 80 targets
DEBUG: Unique predictions: [1], Unique targets: [0 1]

Epoch  59/500 Summary:
  Train Loss: 0.6966 | Train Acc: 45.00%
  Val Acc: 50.00% | LR: 0.009672
Patience remaining: 25/50
  --------------------------------------------------
DEBUG: Evaluate function - 80 predictions, 80 targets
DEBUG: Unique predictions: [0], Unique targets: [0 1]

Epoch  60/500 Summary:
  Train Loss: 0.6948 | Train Acc: 48.04%
  Val Acc: 50.00% | LR: 0.009660
Patience remaining: 24/50
  --------------------------------------------------
DEBUG: Evaluate function - 80 predictions, 80 targets
DEBUG: Unique predictions: [0], Unique targets: [0 1]

Epoch  61/500 Summary:
  Train Loss: 0.6939 | Train Acc: 50.00%
  Val Acc: 50.00% | LR: 0.009649
Patience remaining: 23/50
  --------------------------------------------------
DEBUG: Evaluate function - 80 predictions, 80 targets
DEBUG: Unique predictions: [1], Unique targets: [0 1]

Epoch  62/500 Summary:
  Train Loss: 0.6936 | Train Acc: 49.64%
  Val Acc: 50.00% | LR: 0.009637
Patience remaining: 22/50
  --------------------------------------------------
DEBUG: Evaluate function - 80 predictions, 80 targets
DEBUG: Unique predictions: [1], Unique targets: [0 1]

Epoch  63/500 Summary:
  Train Loss: 0.6929 | Train Acc: 50.36%
  Val Acc: 50.00% | LR: 0.009625
Patience remaining: 21/50
  --------------------------------------------------
DEBUG: Evaluate function - 80 predictions, 80 targets
DEBUG: Unique predictions: [1], Unique targets: [0 1]

Epoch  64/500 Summary:
  Train Loss: 0.6938 | Train Acc: 50.00%
  Val Acc: 50.00% | LR: 0.009613
Patience remaining: 20/50
  --------------------------------------------------
DEBUG: Evaluate function - 80 predictions, 80 targets
DEBUG: Unique predictions: [0], Unique targets: [0 1]

Epoch  65/500 Summary:
  Train Loss: 0.6935 | Train Acc: 50.89%
  Val Acc: 50.00% | LR: 0.009601
Patience remaining: 19/50
  --------------------------------------------------
DEBUG: Evaluate function - 80 predictions, 80 targets
DEBUG: Unique predictions: [0], Unique targets: [0 1]

Epoch  66/500 Summary:
  Train Loss: 0.6945 | Train Acc: 50.00%
  Val Acc: 50.00% | LR: 0.009589
Patience remaining: 18/50
  --------------------------------------------------
DEBUG: Evaluate function - 80 predictions, 80 targets
DEBUG: Unique predictions: [1], Unique targets: [0 1]

Epoch  67/500 Summary:
  Train Loss: 0.6933 | Train Acc: 49.29%
  Val Acc: 50.00% | LR: 0.009576
Patience remaining: 17/50
  --------------------------------------------------
DEBUG: Evaluate function - 80 predictions, 80 targets
DEBUG: Unique predictions: [1], Unique targets: [0 1]

Epoch  68/500 Summary:
  Train Loss: 0.6941 | Train Acc: 50.00%
  Val Acc: 50.00% | LR: 0.009563
Patience remaining: 16/50
  --------------------------------------------------
DEBUG: Evaluate function - 80 predictions, 80 targets
DEBUG: Unique predictions: [0], Unique targets: [0 1]

Epoch  69/500 Summary:
  Train Loss: 0.6939 | Train Acc: 48.39%
  Val Acc: 50.00% | LR: 0.009551
Patience remaining: 15/50
  --------------------------------------------------
DEBUG: Evaluate function - 80 predictions, 80 targets2025-09-26 18:00:26 -     Test accuracy: 0.5000
2025-09-26 18:00:26 -   Repeat 5 mean accuracy: 0.5300 ± 0.0600
2025-09-26 18:00:26 - Cross-Validation completed for EEGConformer
2025-09-26 18:00:26 - Final accuracy: 0.5540 ± 0.0770
2025-09-26 18:00:26 - 95% CI: [0.5222, 0.5858]
2025-09-26 18:00:26 - 
============================================================
2025-09-26 18:00:26 - CROSS-VALIDATION RESULTS
2025-09-26 18:00:26 - ============================================================
2025-09-26 18:00:26 - Model: EEGConformer
2025-09-26 18:00:26 - Overall accuracy: 0.5540 ± 0.0770
2025-09-26 18:00:26 - 95% Confidence Interval: [0.5222, 0.5858]
2025-09-26 18:00:26 - Statistical significance: 25 evaluations
2025-09-26 18:00:26 - Precision: 0.4134 [0.3010, 0.5257]
2025-09-26 18:00:26 - Recall: 0.6005 [0.4294, 0.7716]
2025-09-26 18:00:26 - F1_Score: 0.4746 [0.3489, 0.6002]
2025-09-26 18:00:26 - Auc: 0.5936 [0.5524, 0.6347]
2025-09-26 18:00:26 - ============================================================
2025-09-26 18:00:26 - Individual subject results skipped - using Nested Cross-Validation results
2025-09-26 18:00:26 - Detailed results saved to: main_AVO_detailed_results_20250926_180026.csv
2025-09-26 18:00:26 - Summary statistics saved to: main_AVO_summary_stats_20250926_180026.csv

DEBUG: Unique predictions: [0], Unique targets: [0 1]

Epoch  70/500 Summary:
  Train Loss: 0.6939 | Train Acc: 49.82%
  Val Acc: 50.00% | LR: 0.009537
Patience remaining: 14/50
  --------------------------------------------------
DEBUG: Evaluate function - 80 predictions, 80 targets
DEBUG: Unique predictions: [1], Unique targets: [0 1]

Epoch  71/500 Summary:
  Train Loss: 0.6944 | Train Acc: 48.75%
  Val Acc: 50.00% | LR: 0.009524
Patience remaining: 13/50
  --------------------------------------------------
DEBUG: Evaluate function - 80 predictions, 80 targets
DEBUG: Unique predictions: [0], Unique targets: [0 1]

Epoch  72/500 Summary:
  Train Loss: 0.6933 | Train Acc: 49.64%
  Val Acc: 50.00% | LR: 0.009511
Patience remaining: 12/50
  --------------------------------------------------
DEBUG: Evaluate function - 80 predictions, 80 targets
DEBUG: Unique predictions: [0], Unique targets: [0 1]

Epoch  73/500 Summary:
  Train Loss: 0.6940 | Train Acc: 50.00%
  Val Acc: 50.00% | LR: 0.009497
Patience remaining: 11/50
  --------------------------------------------------
DEBUG: Evaluate function - 80 predictions, 80 targets
DEBUG: Unique predictions: [1], Unique targets: [0 1]

Epoch  74/500 Summary:
  Train Loss: 0.6945 | Train Acc: 47.86%
  Val Acc: 50.00% | LR: 0.009483
Patience remaining: 10/50
  --------------------------------------------------
DEBUG: Evaluate function - 80 predictions, 80 targets
DEBUG: Unique predictions: [1], Unique targets: [0 1]

Epoch  75/500 Summary:
  Train Loss: 0.6928 | Train Acc: 50.36%
  Val Acc: 50.00% | LR: 0.009469
Patience remaining: 9/50
  --------------------------------------------------
DEBUG: Evaluate function - 80 predictions, 80 targets
DEBUG: Unique predictions: [0 1], Unique targets: [0 1]

Epoch  76/500 Summary:
  Train Loss: 0.6936 | Train Acc: 49.29%
  Val Acc: 51.25% | LR: 0.009455
Patience remaining: 8/50
  --------------------------------------------------
DEBUG: Evaluate function - 80 predictions, 80 targets
DEBUG: Unique predictions: [0], Unique targets: [0 1]

Epoch  77/500 Summary:
  Train Loss: 0.6938 | Train Acc: 48.39%
  Val Acc: 50.00% | LR: 0.009441
Patience remaining: 7/50
  --------------------------------------------------
DEBUG: Evaluate function - 80 predictions, 80 targets
DEBUG: Unique predictions: [0], Unique targets: [0 1]

Epoch  78/500 Summary:
  Train Loss: 0.6937 | Train Acc: 50.18%
  Val Acc: 50.00% | LR: 0.009426
Patience remaining: 6/50
  --------------------------------------------------
DEBUG: Evaluate function - 80 predictions, 80 targets
DEBUG: Unique predictions: [0], Unique targets: [0 1]

Epoch  79/500 Summary:
  Train Loss: 0.6937 | Train Acc: 50.36%
  Val Acc: 50.00% | LR: 0.009411
Patience remaining: 5/50
  --------------------------------------------------
DEBUG: Evaluate function - 80 predictions, 80 targets
DEBUG: Unique predictions: [1], Unique targets: [0 1]

Epoch  80/500 Summary:
  Train Loss: 0.6933 | Train Acc: 47.50%
  Val Acc: 50.00% | LR: 0.009397
Patience remaining: 4/50
  --------------------------------------------------
DEBUG: Evaluate function - 80 predictions, 80 targets
DEBUG: Unique predictions: [1], Unique targets: [0 1]

Epoch  81/500 Summary:
  Train Loss: 0.6940 | Train Acc: 50.00%
  Val Acc: 50.00% | LR: 0.009382
Patience remaining: 3/50
  --------------------------------------------------
DEBUG: Evaluate function - 80 predictions, 80 targets
DEBUG: Unique predictions: [0], Unique targets: [0 1]

Epoch  82/500 Summary:
  Train Loss: 0.6942 | Train Acc: 48.93%
  Val Acc: 50.00% | LR: 0.009366
Patience remaining: 2/50
  --------------------------------------------------
DEBUG: Evaluate function - 80 predictions, 80 targets
DEBUG: Unique predictions: [0], Unique targets: [0 1]

Epoch  83/500 Summary:
  Train Loss: 0.6938 | Train Acc: 50.00%
  Val Acc: 50.00% | LR: 0.009351
Patience remaining: 1/50
  --------------------------------------------------
DEBUG: Evaluate function - 80 predictions, 80 targets
DEBUG: Unique predictions: [0], Unique targets: [0 1]

Epoch  84/500 Summary:
  Train Loss: 0.6940 | Train Acc: 50.00%
  Val Acc: 50.00% | LR: 0.009335
Early stopping triggered! No improvement for 50 epochs
Best validation accuracy: 52.50%

============================================================
Training Complete!
Best Validation Accuracy: 52.50%
============================================================
DEBUG: Evaluate function - 80 predictions, 80 targets
DEBUG: Unique predictions: [0], Unique targets: [0 1]
Detailed results saved to: main_AVO_detailed_results_20250926_180026.csv
Summary statistics saved to: main_AVO_summary_stats_20250926_180026.csv

--- Experiment Run Complete ---
