2025-09-21 23:52:32 - 
Experiment Configuration:
2025-09-21 23:52:32 - --------------------------------------------------
2025-09-21 23:52:32 - dataset: P3 Raw Data BIDS-Compatible
2025-09-21 23:52:32 - use_combined_datasets: False
2025-09-21 23:52:32 - electrode_list: all
2025-09-21 23:52:32 - classifier: EEGConformer
2025-09-21 23:52:32 - separate_subject_classification: False
2025-09-21 23:52:32 - use_subject_layer: False
2025-09-21 23:52:32 - seeds: [42, 123, 456, 789, 321]
2025-09-21 23:52:32 - use_nested_cv: True
2025-09-21 23:52:32 - electrode_fusion_method: none
2025-09-21 23:52:32 - domain_adaptation_method: none
2025-09-21 23:52:32 - enable_comprehensive_evaluation: True
2025-09-21 23:52:32 - enable_domain_analysis: True
2025-09-21 23:52:32 - enable_small_sample_analysis: False
2025-09-21 23:52:32 - small_sample_sizes: [5, 10, 15, 20]
2025-09-21 23:52:32 - small_sample_subjects: [5, 10, 15]
2025-09-21 23:52:32 - --------------------------------------------------
2025-09-21 23:52:32 - 
==================================================
2025-09-21 23:52:32 - Processing P3 Dataset
2025-09-21 23:52:32 - ==================================================
2025-09-21 23:52:32 - Using Cross-Validation (simplified approach)
2025-09-21 23:52:32 - Configuration: 5-fold CV, 5 repeats
2025-09-21 23:52:32 - ============================================================
2025-09-21 23:52:32 - CROSS-VALIDATION CONFIGURATION
2025-09-21 23:52:32 - ============================================================
2025-09-21 23:52:32 - Datasets: ['P3']
2025-09-21 23:52:32 - CV folds: 5
2025-09-21 23:52:32 - Repeats: 5
2025-09-21 23:52:32 - Confidence level: 0.95
2025-09-21 23:52:32 - ============================================================
2025-09-21 23:52:32 - STRATIFIED SAMPLING CONFIGURATION
2025-09-21 23:52:32 - ============================================================
2025-09-21 23:52:32 - Nested CV Mode: Trial counts per subject by dataset
2025-09-21 23:52:32 -   P3 dataset: 20 trials per subject
2025-09-21 23:52:32 - Sampling strategy: Multi-level stratified sampling
2025-09-21 23:52:32 -   - Subject-level: Stratified trial selection per subject
2025-09-21 23:52:32 -   - Dataset-level: Stratified sampling when dataset trial counts differ
2025-09-21 23:52:32 -   - Fold-level: StratifiedKFold for 5-fold CV
2025-09-21 23:52:32 -   - Train/Val split: Stratified train_test_split within each fold
2025-09-21 23:52:32 - ============================================================
2025-09-21 23:52:32 - Subject sub-001: Sampled 20/80 trials
2025-09-21 23:52:32 -   Original distribution: {0: 0.5, 1: 0.5}
2025-09-21 23:52:32 -   Sampled distribution: {0: 0.5, 1: 0.5}
2025-09-21 23:52:32 - Subject sub-002: Sampled 20/80 trials
2025-09-21 23:52:32 -   Original distribution: {0: 0.5, 1: 0.5}
2025-09-21 23:52:32 -   Sampled distribution: {0: 0.5, 1: 0.5}
2025-09-21 23:52:33 - Subject sub-003: Sampled 20/80 trials
2025-09-21 23:52:33 -   Original distribution: {0: 0.5, 1: 0.5}
2025-09-21 23:52:33 -   Sampled distribution: {0: 0.5, 1: 0.5}
2025-09-21 23:52:33 - Subject sub-004: Sampled 20/78 trials
2025-09-21 23:52:33 -   Original distribution: {0: 0.5, 1: 0.5}
2025-09-21 23:52:33 -   Sampled distribution: {0: 0.5, 1: 0.5}
2025-09-21 23:52:33 - Subject sub-005: Sampled 20/80 trials
2025-09-21 23:52:33 -   Original distribution: {0: 0.5, 1: 0.5}
2025-09-21 23:52:33 -   Sampled distribution: {0: 0.5, 1: 0.5}
2025-09-21 23:52:33 - Subject sub-006: Sampled 20/80 trials
2025-09-21 23:52:33 -   Original distribution: {0: 0.5, 1: 0.5}
2025-09-21 23:52:33 -   Sampled distribution: {0: 0.5, 1: 0.5}
2025-09-21 23:52:33 - Subject sub-007: Sampled 20/80 trials
2025-09-21 23:52:33 -   Original distribution: {0: 0.5, 1: 0.5}
2025-09-21 23:52:33 -   Sampled distribution: {0: 0.5, 1: 0.5}
2025-09-21 23:52:33 - Subject sub-008: Sampled 20/80 trials
2025-09-21 23:52:33 -   Original distribution: {0: 0.5, 1: 0.5}
2025-09-21 23:52:33 -   Sampled distribution: {0: 0.5, 1: 0.5}
2025-09-21 23:52:34 - Subject sub-009: Sampled 20/80 trials
2025-09-21 23:52:34 -   Original distribution: {0: 0.5, 1: 0.5}
2025-09-21 23:52:34 -   Sampled distribution: {0: 0.5, 1: 0.5}
2025-09-21 23:52:34 - Subject sub-010: Sampled 20/80 trials
2025-09-21 23:52:34 -   Original distribution: {0: 0.5, 1: 0.5}
2025-09-21 23:52:34 -   Sampled distribution: {0: 0.5, 1: 0.5}
2025-09-21 23:52:34 - Subject sub-011: Sampled 20/80 trials
2025-09-21 23:52:34 -   Original distribution: {0: 0.5, 1: 0.5}
2025-09-21 23:52:34 -   Sampled distribution: {0: 0.5, 1: 0.5}
2025-09-21 23:52:34 - Subject sub-012: Sampled 20/78 trials
2025-09-21 23:52:34 -   Original distribution: {0: 0.5, 1: 0.5}
2025-09-21 23:52:34 -   Sampled distribution: {0: 0.5, 1: 0.5}
2025-09-21 23:52:34 - Subject sub-013: Sampled 20/80 trials
2025-09-21 23:52:34 -   Original distribution: {0: 0.5, 1: 0.5}
2025-09-21 23:52:34 -   Sampled distribution: {0: 0.5, 1: 0.5}
2025-09-21 23:52:34 - Subject sub-014: Sampled 20/80 trials
2025-09-21 23:52:34 -   Original distribution: {0: 0.5, 1: 0.5}
2025-09-21 23:52:34 -   Sampled distribution: {0: 0.5, 1: 0.5}
2025-09-21 23:52:35 - Subject sub-015: Sampled 20/80 trials
2025-09-21 23:52:35 -   Original distribution: {0: 0.5, 1: 0.5}
2025-09-21 23:52:35 -   Sampled distribution: {0: 0.5, 1: 0.5}
2025-09-21 23:52:35 - Subject sub-016: Sampled 20/80 trials
2025-09-21 23:52:35 -   Original distribution: {0: 0.5, 1: 0.5}
2025-09-21 23:52:35 -   Sampled distribution: {0: 0.5, 1: 0.5}
2025-09-21 23:52:35 - Subject sub-017: Sampled 20/80 trials
2025-09-21 23:52:35 -   Original distribution: {0: 0.5, 1: 0.5}
2025-09-21 23:52:35 -   Sampled distribution: {0: 0.5, 1: 0.5}
2025-09-21 23:52:35 - Subject sub-018: Sampled 20/80 trials
2025-09-21 23:52:35 -   Original distribution: {0: 0.5, 1: 0.5}
2025-09-21 23:52:35 -   Sampled distribution: {0: 0.5, 1: 0.5}
2025-09-21 23:52:35 - Subject sub-019: Sampled 20/80 trials
2025-09-21 23:52:35 -   Original distribution: {0: 0.5, 1: 0.5}
2025-09-21 23:52:35 -   Sampled distribution: {0: 0.5, 1: 0.5}
2025-09-21 23:52:35 - Subject sub-020: Sampled 20/78 trials
2025-09-21 23:52:35 -   Original distribution: {0: 0.5, 1: 0.5}
2025-09-21 23:52:35 -   Sampled distribution: {0: 0.5, 1: 0.5}
2025-09-21 23:52:36 - Subject sub-021: Sampled 20/80 trials
2025-09-21 23:52:36 -   Original distribution: {0: 0.5, 1: 0.5}
2025-09-21 23:52:36 -   Sampled distribution: {0: 0.5, 1: 0.5}
2025-09-21 23:52:36 - Subject sub-022: Sampled 20/80 trials
2025-09-21 23:52:36 -   Original distribution: {0: 0.5, 1: 0.5}
2025-09-21 23:52:36 -   Sampled distribution: {0: 0.5, 1: 0.5}
2025-09-21 23:52:36 - Subject sub-023: Sampled 20/78 trials
2025-09-21 23:52:36 -   Original distribution: {0: 0.5, 1: 0.5}
2025-09-21 23:52:36 -   Sampled distribution: {0: 0.5, 1: 0.5}
2025-09-21 23:52:36 - Subject sub-024: Sampled 20/80 trials
2025-09-21 23:52:36 -   Original distribution: {0: 0.5, 1: 0.5}
2025-09-21 23:52:36 -   Sampled distribution: {0: 0.5, 1: 0.5}
2025-09-21 23:52:36 - Subject sub-025: Sampled 20/80 trials
2025-09-21 23:52:36 -   Original distribution: {0: 0.5, 1: 0.5}
2025-09-21 23:52:36 -   Sampled distribution: {0: 0.5, 1: 0.5}
2025-09-21 23:52:36 - Subject sub-026: Sampled 20/80 trials
2025-09-21 23:52:36 -   Original distribution: {0: 0.5, 1: 0.5}
2025-09-21 23:52:36 -   Sampled distribution: {0: 0.5, 1: 0.5}
2025-09-21 23:52:36 - Subject sub-027: Sampled 20/80 trials
2025-09-21 23:52:36 -   Original distribution: {0: 0.5, 1: 0.5}
2025-09-21 23:52:36 -   Sampled distribution: {0: 0.5, 1: 0.5}
2025-09-21 23:52:37 - Subject sub-028: Sampled 20/80 trials
2025-09-21 23:52:37 -   Original distribution: {0: 0.5, 1: 0.5}
2025-09-21 23:52:37 -   Sampled distribution: {0: 0.5, 1: 0.5}
2025-09-21 23:52:37 - Subject sub-029: Sampled 20/80 trials
2025-09-21 23:52:37 -   Original distribution: {0: 0.5, 1: 0.5}
2025-09-21 23:52:37 -   Sampled distribution: {0: 0.5, 1: 0.5}
Using Enhanced Preprocessor with advanced features:
  - Artifact removal (ICA): True
  - Baseline correction: True
  - Frequency features: True
  - Notch filter: True
Starting enhanced preprocessing...
Checking cache for: sub-001_task-P3_eeg.fdt
✓ Loaded cached enhanced data: 80 windows in 0.00s
✓ Using cached enhanced preprocessing data
Subject sub-001 (P3): 80 total trials available
  Performing stratified sampling: 20 trials
Starting enhanced preprocessing...
Checking cache for: sub-002_task-P3_eeg.fdt
✓ Loaded cached enhanced data: 80 windows in 0.00s
✓ Using cached enhanced preprocessing data
Subject sub-002 (P3): 80 total trials available
  Performing stratified sampling: 20 trials
Starting enhanced preprocessing...
Checking cache for: sub-003_task-P3_eeg.fdt
✓ Loaded cached enhanced data: 80 windows in 0.00s
✓ Using cached enhanced preprocessing data
Subject sub-003 (P3): 80 total trials available
  Performing stratified sampling: 20 trials
Starting enhanced preprocessing...
Checking cache for: sub-004_task-P3_eeg.fdt
✓ Loaded cached enhanced data: 78 windows in 0.00s
✓ Using cached enhanced preprocessing data
Subject sub-004 (P3): 78 total trials available
  Performing stratified sampling: 20 trials
Starting enhanced preprocessing...
Checking cache for: sub-005_task-P3_eeg.fdt
✓ Loaded cached enhanced data: 80 windows in 0.00s
✓ Using cached enhanced preprocessing data
Subject sub-005 (P3): 80 total trials available
  Performing stratified sampling: 20 trials
Starting enhanced preprocessing...
Checking cache for: sub-006_task-P3_eeg.fdt
✓ Loaded cached enhanced data: 80 windows in 0.00s
✓ Using cached enhanced preprocessing data
Subject sub-006 (P3): 80 total trials available
  Performing stratified sampling: 20 trials
Starting enhanced preprocessing...
Checking cache for: sub-007_task-P3_eeg.fdt
✓ Loaded cached enhanced data: 80 windows in 0.00s
✓ Using cached enhanced preprocessing data
Subject sub-007 (P3): 80 total trials available
  Performing stratified sampling: 20 trials
Starting enhanced preprocessing...
Checking cache for: sub-008_task-P3_eeg.fdt
✓ Loaded cached enhanced data: 80 windows in 0.00s
✓ Using cached enhanced preprocessing data
Subject sub-008 (P3): 80 total trials available
  Performing stratified sampling: 20 trials
Starting enhanced preprocessing...
Checking cache for: sub-009_task-P3_eeg.fdt
✓ Loaded cached enhanced data: 80 windows in 0.00s
✓ Using cached enhanced preprocessing data
Subject sub-009 (P3): 80 total trials available
  Performing stratified sampling: 20 trials
Starting enhanced preprocessing...
Checking cache for: sub-010_task-P3_eeg.fdt
✓ Loaded cached enhanced data: 80 windows in 0.00s
✓ Using cached enhanced preprocessing data
Subject sub-010 (P3): 80 total trials available
  Performing stratified sampling: 20 trials
Starting enhanced preprocessing...
Checking cache for: sub-011_task-P3_eeg.fdt
✓ Loaded cached enhanced data: 80 windows in 0.00s
✓ Using cached enhanced preprocessing data
Subject sub-011 (P3): 80 total trials available
  Performing stratified sampling: 20 trials
Starting enhanced preprocessing...
Checking cache for: sub-012_task-P3_eeg.fdt
✓ Loaded cached enhanced data: 78 windows in 0.00s
✓ Using cached enhanced preprocessing data
Subject sub-012 (P3): 78 total trials available
  Performing stratified sampling: 20 trials
Starting enhanced preprocessing...
Checking cache for: sub-013_task-P3_eeg.fdt
✓ Loaded cached enhanced data: 80 windows in 0.00s
✓ Using cached enhanced preprocessing data
Subject sub-013 (P3): 80 total trials available
  Performing stratified sampling: 20 trials
Starting enhanced preprocessing...
Checking cache for: sub-014_task-P3_eeg.fdt
✓ Loaded cached enhanced data: 80 windows in 0.00s
✓ Using cached enhanced preprocessing data
Subject sub-014 (P3): 80 total trials available
  Performing stratified sampling: 20 trials
Starting enhanced preprocessing...
Checking cache for: sub-015_task-P3_eeg.fdt
✓ Loaded cached enhanced data: 80 windows in 0.00s
✓ Using cached enhanced preprocessing data
Subject sub-015 (P3): 80 total trials available
  Performing stratified sampling: 20 trials
Starting enhanced preprocessing...
Checking cache for: sub-016_task-P3_eeg.fdt
✓ Loaded cached enhanced data: 80 windows in 0.00s
✓ Using cached enhanced preprocessing data
Subject sub-016 (P3): 80 total trials available
  Performing stratified sampling: 20 trials
Starting enhanced preprocessing...
Checking cache for: sub-017_task-P3_eeg.fdt
✓ Loaded cached enhanced data: 80 windows in 0.00s
✓ Using cached enhanced preprocessing data
Subject sub-017 (P3): 80 total trials available
  Performing stratified sampling: 20 trials
Starting enhanced preprocessing...
Checking cache for: sub-018_task-P3_eeg.fdt
✓ Loaded cached enhanced data: 80 windows in 0.00s
✓ Using cached enhanced preprocessing data
Subject sub-018 (P3): 80 total trials available
  Performing stratified sampling: 20 trials
Starting enhanced preprocessing...
Checking cache for: sub-019_task-P3_eeg.fdt
✓ Loaded cached enhanced data: 80 windows in 0.00s
✓ Using cached enhanced preprocessing data
Subject sub-019 (P3): 80 total trials available
  Performing stratified sampling: 20 trials
Starting enhanced preprocessing...
Checking cache for: sub-020_task-P3_eeg.fdt
✓ Loaded cached enhanced data: 78 windows in 0.00s
✓ Using cached enhanced preprocessing data
Subject sub-020 (P3): 78 total trials available
  Performing stratified sampling: 20 trials
Starting enhanced preprocessing...
Checking cache for: sub-021_task-P3_eeg.fdt
✓ Loaded cached enhanced data: 80 windows in 0.00s
✓ Using cached enhanced preprocessing data
Subject sub-021 (P3): 80 total trials available
  Performing stratified sampling: 20 trials
Starting enhanced preprocessing...
Checking cache for: sub-022_task-P3_eeg.fdt
✓ Loaded cached enhanced data: 80 windows in 0.00s
✓ Using cached enhanced preprocessing data
Subject sub-022 (P3): 80 total trials available
  Performing stratified sampling: 20 trials
Starting enhanced preprocessing...
Checking cache for: sub-023_task-P3_eeg.fdt
✓ Loaded cached enhanced data: 78 windows in 0.00s
✓ Using cached enhanced preprocessing data
Subject sub-023 (P3): 78 total trials available
  Performing stratified sampling: 20 trials
Starting enhanced preprocessing...
Checking cache for: sub-024_task-P3_eeg.fdt
✓ Loaded cached enhanced data: 80 windows in 0.00s
✓ Using cached enhanced preprocessing data
Subject sub-024 (P3): 80 total trials available
  Performing stratified sampling: 20 trials
Starting enhanced preprocessing...
Checking cache for: sub-025_task-P3_eeg.fdt
✓ Loaded cached enhanced data: 80 windows in 0.00s
✓ Using cached enhanced preprocessing data
Subject sub-025 (P3): 80 total trials available
  Performing stratified sampling: 20 trials
Starting enhanced preprocessing...
Checking cache for: sub-026_task-P3_eeg.fdt
✓ Loaded cached enhanced data: 80 windows in 0.00s
✓ Using cached enhanced preprocessing data
Subject sub-026 (P3): 80 total trials available
  Performing stratified sampling: 20 trials
Starting enhanced preprocessing...
Checking cache for: sub-027_task-P3_eeg.fdt
✓ Loaded cached enhanced data: 80 windows in 0.00s
✓ Using cached enhanced preprocessing data
Subject sub-027 (P3): 80 total trials available
  Performing stratified sampling: 20 trials
Starting enhanced preprocessing...
Checking cache for: sub-028_task-P3_eeg.fdt
✓ Loaded cached enhanced data: 80 windows in 0.00s
✓ Using cached enhanced preprocessing data
Subject sub-028 (P3): 80 total trials available
  Performing stratified sampling: 20 trials
Starting enhanced preprocessing...
Checking cache for: sub-029_task-P3_eeg.fdt
✓ Loaded cached enhanced data: 80 windows in 0.00s
✓ Using cached enhanced preprocessing data
Subject sub-029 (P3): 80 total trials available
  Performing stratified sampling: 20 trials
Starting enhanced preprocessing...
Checking cache for: sub-030_task-P3_eeg.fdt
✓ Loaded cached enhanced data: 80 windows in 0.00s
✓ Using cached enhanced preprocessing data
Subject sub-030 (P3): 80 total trials available2025-09-21 23:52:37 - Subject sub-030: Sampled 20/80 trials
2025-09-21 23:52:37 -   Original distribution: {0: 0.5, 1: 0.5}
2025-09-21 23:52:37 -   Sampled distribution: {0: 0.5, 1: 0.5}
2025-09-21 23:52:37 - Subject sub-031: Sampled 20/80 trials
2025-09-21 23:52:37 -   Original distribution: {0: 0.5, 1: 0.5}
2025-09-21 23:52:37 -   Sampled distribution: {0: 0.5, 1: 0.5}
2025-09-21 23:52:37 - Subject sub-032: Sampled 20/80 trials
2025-09-21 23:52:37 -   Original distribution: {0: 0.5, 1: 0.5}
2025-09-21 23:52:37 -   Sampled distribution: {0: 0.5, 1: 0.5}
2025-09-21 23:52:37 - Subject sub-033: Sampled 20/80 trials
2025-09-21 23:52:37 -   Original distribution: {0: 0.5, 1: 0.5}
2025-09-21 23:52:37 -   Sampled distribution: {0: 0.5, 1: 0.5}
2025-09-21 23:52:38 - Subject sub-034: Sampled 20/80 trials
2025-09-21 23:52:38 -   Original distribution: {0: 0.5, 1: 0.5}
2025-09-21 23:52:38 -   Sampled distribution: {0: 0.5, 1: 0.5}
2025-09-21 23:52:38 - Subject sub-035: Sampled 20/78 trials
2025-09-21 23:52:38 -   Original distribution: {0: 0.5, 1: 0.5}
2025-09-21 23:52:38 -   Sampled distribution: {0: 0.5, 1: 0.5}
2025-09-21 23:52:38 - Subject sub-036: Sampled 20/80 trials
2025-09-21 23:52:38 -   Original distribution: {0: 0.5, 1: 0.5}
2025-09-21 23:52:38 -   Sampled distribution: {0: 0.5, 1: 0.5}
2025-09-21 23:52:38 - Subject sub-037: Sampled 20/78 trials
2025-09-21 23:52:38 -   Original distribution: {0: 0.5, 1: 0.5}
2025-09-21 23:52:38 -   Sampled distribution: {0: 0.5, 1: 0.5}
2025-09-21 23:52:38 - Subject sub-038: Sampled 20/80 trials
2025-09-21 23:52:38 -   Original distribution: {0: 0.5, 1: 0.5}
2025-09-21 23:52:38 -   Sampled distribution: {0: 0.5, 1: 0.5}
2025-09-21 23:52:38 - Subject sub-039: Sampled 20/80 trials
2025-09-21 23:52:38 -   Original distribution: {0: 0.5, 1: 0.5}
2025-09-21 23:52:38 -   Sampled distribution: {0: 0.5, 1: 0.5}
2025-09-21 23:52:39 - Subject sub-040: Sampled 20/80 trials
2025-09-21 23:52:39 -   Original distribution: {0: 0.5, 1: 0.5}
2025-09-21 23:52:39 -   Sampled distribution: {0: 0.5, 1: 0.5}
2025-09-21 23:52:39 - Nested CV dataset summary:
2025-09-21 23:52:39 -   Total subjects: 40
2025-09-21 23:52:39 -   Total trials: 800
2025-09-21 23:52:39 -   Average trials per subject: 20.0
2025-09-21 23:52:39 -   P3 dataset: 0 subjects, 800 trials (inf trials/subject)
2025-09-21 23:52:39 -   Class distribution: {0: 400, 1: 400}
2025-09-21 23:52:39 -   Class proportions: [0.5 0.5]
2025-09-21 23:52:39 - Enhanced preprocessing increased channels from 8 to 40
2025-09-21 23:52:39 - Starting Cross-Validation for EEGConformer
2025-09-21 23:52:39 - Configuration: 5-fold CV, 5 repeats
2025-09-21 23:52:39 - Data split ratios: Train=0.7, Val=0.1, Test=0.2
2025-09-21 23:52:39 - Repeat 1/5
2025-09-21 23:52:39 -   Fold 1/5
2025-09-21 23:52:39 -     Fold split: Train=560, Val=80

  Performing stratified sampling: 20 trials
Starting enhanced preprocessing...
Checking cache for: sub-031_task-P3_eeg.fdt
✓ Loaded cached enhanced data: 80 windows in 0.00s
✓ Using cached enhanced preprocessing data
Subject sub-031 (P3): 80 total trials available
  Performing stratified sampling: 20 trials
Starting enhanced preprocessing...
Checking cache for: sub-032_task-P3_eeg.fdt
✓ Loaded cached enhanced data: 80 windows in 0.00s
✓ Using cached enhanced preprocessing data
Subject sub-032 (P3): 80 total trials available
  Performing stratified sampling: 20 trials
Starting enhanced preprocessing...
Checking cache for: sub-033_task-P3_eeg.fdt
✓ Loaded cached enhanced data: 80 windows in 0.00s
✓ Using cached enhanced preprocessing data
Subject sub-033 (P3): 80 total trials available
  Performing stratified sampling: 20 trials
Starting enhanced preprocessing...
Checking cache for: sub-034_task-P3_eeg.fdt
✓ Loaded cached enhanced data: 80 windows in 0.00s
✓ Using cached enhanced preprocessing data
Subject sub-034 (P3): 80 total trials available
  Performing stratified sampling: 20 trials
Starting enhanced preprocessing...
Checking cache for: sub-035_task-P3_eeg.fdt
✓ Loaded cached enhanced data: 78 windows in 0.00s
✓ Using cached enhanced preprocessing data
Subject sub-035 (P3): 78 total trials available
  Performing stratified sampling: 20 trials
Starting enhanced preprocessing...
Checking cache for: sub-036_task-P3_eeg.fdt
✓ Loaded cached enhanced data: 80 windows in 0.00s
✓ Using cached enhanced preprocessing data
Subject sub-036 (P3): 80 total trials available
  Performing stratified sampling: 20 trials
Starting enhanced preprocessing...
Checking cache for: sub-037_task-P3_eeg.fdt
✓ Loaded cached enhanced data: 78 windows in 0.00s
✓ Using cached enhanced preprocessing data
Subject sub-037 (P3): 78 total trials available
  Performing stratified sampling: 20 trials
Starting enhanced preprocessing...
Checking cache for: sub-038_task-P3_eeg.fdt
✓ Loaded cached enhanced data: 80 windows in 0.00s
✓ Using cached enhanced preprocessing data
Subject sub-038 (P3): 80 total trials available
  Performing stratified sampling: 20 trials
Starting enhanced preprocessing...
Checking cache for: sub-039_task-P3_eeg.fdt
✓ Loaded cached enhanced data: 80 windows in 0.00s
✓ Using cached enhanced preprocessing data
Subject sub-039 (P3): 80 total trials available
  Performing stratified sampling: 20 trials
Starting enhanced preprocessing...
Checking cache for: sub-040_task-P3_eeg.fdt
✓ Loaded cached enhanced data: 80 windows in 0.00s
✓ Using cached enhanced preprocessing data
Subject sub-040 (P3): 80 total trials available
  Performing stratified sampling: 20 trials
Training class distribution: [280, 280]

============================================================
Starting Training - Max Epochs: 500
Model: EEGConformer
Learning Rate: 0.01, Weight Decay: 0.0001
Dropout: 0.25, Early Stopping Patience: 50
============================================================
DEBUG: Evaluate function - 80 predictions, 80 targets
DEBUG: Unique predictions: [0], Unique targets: [0 1]

Epoch   1/500 Summary:
  Train Loss: 0.7242 | Train Acc: 48.21%
  Val Acc: 50.00% | LR: 0.010000
New best validation accuracy!
  --------------------------------------------------
DEBUG: Evaluate function - 80 predictions, 80 targets
DEBUG: Unique predictions: [0], Unique targets: [0 1]

Epoch   2/500 Summary:
  Train Loss: 0.7029 | Train Acc: 46.79%
  Val Acc: 50.00% | LR: 0.010000
Patience remaining: 49/50
  --------------------------------------------------
DEBUG: Evaluate function - 80 predictions, 80 targets
DEBUG: Unique predictions: [0], Unique targets: [0 1]

Epoch   3/500 Summary:
  Train Loss: 0.6979 | Train Acc: 52.14%
  Val Acc: 50.00% | LR: 0.010000
Patience remaining: 48/50
  --------------------------------------------------
DEBUG: Evaluate function - 80 predictions, 80 targets
DEBUG: Unique predictions: [0], Unique targets: [0 1]

Epoch   4/500 Summary:
  Train Loss: 0.7046 | Train Acc: 47.86%
  Val Acc: 50.00% | LR: 0.009999
Patience remaining: 47/50
  --------------------------------------------------
DEBUG: Evaluate function - 80 predictions, 80 targets
DEBUG: Unique predictions: [1], Unique targets: [0 1]

Epoch   5/500 Summary:
  Train Loss: 0.6961 | Train Acc: 51.43%
  Val Acc: 50.00% | LR: 0.009998
Patience remaining: 46/50
  --------------------------------------------------
DEBUG: Evaluate function - 80 predictions, 80 targets
DEBUG: Unique predictions: [0], Unique targets: [0 1]

Epoch   6/500 Summary:
  Train Loss: 0.6945 | Train Acc: 48.39%
  Val Acc: 50.00% | LR: 0.009998
Patience remaining: 45/50
  --------------------------------------------------
DEBUG: Evaluate function - 80 predictions, 80 targets
DEBUG: Unique predictions: [1], Unique targets: [0 1]

Epoch   7/500 Summary:
  Train Loss: 0.6962 | Train Acc: 49.11%
  Val Acc: 50.00% | LR: 0.009996
Patience remaining: 44/50
  --------------------------------------------------
DEBUG: Evaluate function - 80 predictions, 80 targets
DEBUG: Unique predictions: [1], Unique targets: [0 1]

Epoch   8/500 Summary:
  Train Loss: 0.7027 | Train Acc: 46.07%
  Val Acc: 50.00% | LR: 0.009995
Patience remaining: 43/50
  --------------------------------------------------
DEBUG: Evaluate function - 80 predictions, 80 targets
DEBUG: Unique predictions: [0], Unique targets: [0 1]

Epoch   9/500 Summary:
  Train Loss: 0.6957 | Train Acc: 48.04%
  Val Acc: 50.00% | LR: 0.009994
Patience remaining: 42/50
  --------------------------------------------------
DEBUG: Evaluate function - 80 predictions, 80 targets
DEBUG: Unique predictions: [1], Unique targets: [0 1]

Epoch  10/500 Summary:
  Train Loss: 0.6957 | Train Acc: 47.50%
  Val Acc: 50.00% | LR: 0.009992
Patience remaining: 41/50
  --------------------------------------------------
DEBUG: Evaluate function - 80 predictions, 80 targets
DEBUG: Unique predictions: [1], Unique targets: [0 1]

Epoch  11/500 Summary:
  Train Loss: 0.6969 | Train Acc: 48.75%
  Val Acc: 50.00% | LR: 0.009990
Patience remaining: 40/50
  --------------------------------------------------
DEBUG: Evaluate function - 80 predictions, 80 targets
DEBUG: Unique predictions: [0], Unique targets: [0 1]

Epoch  12/500 Summary:
  Train Loss: 0.6968 | Train Acc: 49.29%
  Val Acc: 50.00% | LR: 0.009988
Patience remaining: 39/50
  --------------------------------------------------
DEBUG: Evaluate function - 80 predictions, 80 targets
DEBUG: Unique predictions: [0], Unique targets: [0 1]

Epoch  13/500 Summary:
  Train Loss: 0.6985 | Train Acc: 48.21%
  Val Acc: 50.00% | LR: 0.009986
Patience remaining: 38/50
  --------------------------------------------------
DEBUG: Evaluate function - 80 predictions, 80 targets
DEBUG: Unique predictions: [1], Unique targets: [0 1]

Epoch  14/500 Summary:
  Train Loss: 0.6971 | Train Acc: 49.29%
  Val Acc: 50.00% | LR: 0.009983
Patience remaining: 37/50
  --------------------------------------------------
DEBUG: Evaluate function - 80 predictions, 80 targets
DEBUG: Unique predictions: [0], Unique targets: [0 1]

Epoch  15/500 Summary:
  Train Loss: 0.6944 | Train Acc: 49.11%
  Val Acc: 50.00% | LR: 0.009981
Patience remaining: 36/50
  --------------------------------------------------
DEBUG: Evaluate function - 80 predictions, 80 targets
DEBUG: Unique predictions: [0], Unique targets: [0 1]

Epoch  16/500 Summary:
  Train Loss: 0.6940 | Train Acc: 47.50%
  Val Acc: 50.00% | LR: 0.009978
Patience remaining: 35/50
  --------------------------------------------------
DEBUG: Evaluate function - 80 predictions, 80 targets
DEBUG: Unique predictions: [0 1], Unique targets: [0 1]

Epoch  17/500 Summary:
  Train Loss: 0.6959 | Train Acc: 48.57%
  Val Acc: 52.50% | LR: 0.009975
New best validation accuracy!
  --------------------------------------------------
DEBUG: Evaluate function - 80 predictions, 80 targets
DEBUG: Unique predictions: [0 1], Unique targets: [0 1]

Epoch  18/500 Summary:
  Train Loss: 0.6955 | Train Acc: 46.96%
  Val Acc: 47.50% | LR: 0.009972
Patience remaining: 49/50
  --------------------------------------------------
DEBUG: Evaluate function - 80 predictions, 80 targets
DEBUG: Unique predictions: [1], Unique targets: [0 1]

Epoch  19/500 Summary:
  Train Loss: 0.6972 | Train Acc: 47.50%
  Val Acc: 50.00% | LR: 0.009968
Patience remaining: 48/50
  --------------------------------------------------
DEBUG: Evaluate function - 80 predictions, 80 targets
DEBUG: Unique predictions: [1], Unique targets: [0 1]

Epoch  20/500 Summary:
  Train Loss: 0.6986 | Train Acc: 50.18%
  Val Acc: 50.00% | LR: 0.009964
Patience remaining: 47/50
  --------------------------------------------------
DEBUG: Evaluate function - 80 predictions, 80 targets
DEBUG: Unique predictions: [0], Unique targets: [0 1]

Epoch  21/500 Summary:
  Train Loss: 0.7040 | Train Acc: 47.68%
  Val Acc: 50.00% | LR: 0.009961
Patience remaining: 46/50
  --------------------------------------------------
DEBUG: Evaluate function - 80 predictions, 80 targets
DEBUG: Unique predictions: [0], Unique targets: [0 1]

Epoch  22/500 Summary:
  Train Loss: 0.6976 | Train Acc: 47.32%
  Val Acc: 50.00% | LR: 0.009957
Patience remaining: 45/50
  --------------------------------------------------
DEBUG: Evaluate function - 80 predictions, 80 targets
DEBUG: Unique predictions: [1], Unique targets: [0 1]

Epoch  23/500 Summary:
  Train Loss: 0.6963 | Train Acc: 49.64%
  Val Acc: 50.00% | LR: 0.009952
Patience remaining: 44/50
  --------------------------------------------------
DEBUG: Evaluate function - 80 predictions, 80 targets
DEBUG: Unique predictions: [0], Unique targets: [0 1]

Epoch  24/500 Summary:
  Train Loss: 0.6946 | Train Acc: 47.86%
  Val Acc: 50.00% | LR: 0.009948
Patience remaining: 43/50
  --------------------------------------------------
DEBUG: Evaluate function - 80 predictions, 80 targets
DEBUG: Unique predictions: [1], Unique targets: [0 1]

Epoch  25/500 Summary:
  Train Loss: 0.6942 | Train Acc: 50.00%
  Val Acc: 50.00% | LR: 0.009943
Patience remaining: 42/50
  --------------------------------------------------
DEBUG: Evaluate function - 80 predictions, 80 targets
DEBUG: Unique predictions: [1], Unique targets: [0 1]

Epoch  26/500 Summary:
  Train Loss: 0.6938 | Train Acc: 49.82%
  Val Acc: 50.00% | LR: 0.009938
Patience remaining: 41/50
  --------------------------------------------------
DEBUG: Evaluate function - 80 predictions, 80 targets
DEBUG: Unique predictions: [0], Unique targets: [0 1]

Epoch  27/500 Summary:
  Train Loss: 0.6955 | Train Acc: 52.68%
  Val Acc: 50.00% | LR: 0.009933
Patience remaining: 40/50
  --------------------------------------------------
DEBUG: Evaluate function - 80 predictions, 80 targets
DEBUG: Unique predictions: [0 1], Unique targets: [0 1]

Epoch  28/500 Summary:
  Train Loss: 0.6983 | Train Acc: 48.75%
  Val Acc: 46.25% | LR: 0.009928
Patience remaining: 39/50
  --------------------------------------------------
DEBUG: Evaluate function - 80 predictions, 80 targets
DEBUG: Unique predictions: [0], Unique targets: [0 1]

Epoch  29/500 Summary:
  Train Loss: 0.6943 | Train Acc: 48.75%
  Val Acc: 50.00% | LR: 0.009923
Patience remaining: 38/50
  --------------------------------------------------
DEBUG: Evaluate function - 80 predictions, 80 targets
DEBUG: Unique predictions: [1], Unique targets: [0 1]

Epoch  30/500 Summary:
  Train Loss: 0.6955 | Train Acc: 46.79%
  Val Acc: 50.00% | LR: 0.009917
Patience remaining: 37/50
  --------------------------------------------------
DEBUG: Evaluate function - 80 predictions, 80 targets
DEBUG: Unique predictions: [1], Unique targets: [0 1]

Epoch  31/500 Summary:
  Train Loss: 0.6979 | Train Acc: 48.39%
  Val Acc: 50.00% | LR: 0.009911
Patience remaining: 36/50
  --------------------------------------------------
DEBUG: Evaluate function - 80 predictions, 80 targets
DEBUG: Unique predictions: [0 1], Unique targets: [0 1]

Epoch  32/500 Summary:
  Train Loss: 0.6958 | Train Acc: 50.71%
  Val Acc: 52.50% | LR: 0.009905
Patience remaining: 35/50
  --------------------------------------------------
DEBUG: Evaluate function - 80 predictions, 80 targets
DEBUG: Unique predictions: [0 1], Unique targets: [0 1]

Epoch  33/500 Summary:
  Train Loss: 0.6830 | Train Acc: 56.07%
  Val Acc: 61.25% | LR: 0.009899
New best validation accuracy!
  --------------------------------------------------
DEBUG: Evaluate function - 80 predictions, 80 targets
DEBUG: Unique predictions: [0 1], Unique targets: [0 1]

Epoch  34/500 Summary:
  Train Loss: 0.6901 | Train Acc: 53.93%
  Val Acc: 51.25% | LR: 0.009893
Patience remaining: 49/50
  --------------------------------------------------
DEBUG: Evaluate function - 80 predictions, 80 targets
DEBUG: Unique predictions: [0 1], Unique targets: [0 1]

Epoch  35/500 Summary:
  Train Loss: 0.6777 | Train Acc: 58.93%
  Val Acc: 55.00% | LR: 0.009886
Patience remaining: 48/50
  --------------------------------------------------
DEBUG: Evaluate function - 80 predictions, 80 targets
DEBUG: Unique predictions: [0 1], Unique targets: [0 1]

Epoch  36/500 Summary:
  Train Loss: 0.6814 | Train Acc: 57.50%
  Val Acc: 62.50% | LR: 0.009880
New best validation accuracy!
  --------------------------------------------------
DEBUG: Evaluate function - 80 predictions, 80 targets
DEBUG: Unique predictions: [0 1], Unique targets: [0 1]

Epoch  37/500 Summary:
  Train Loss: 0.6639 | Train Acc: 62.68%
  Val Acc: 58.75% | LR: 0.009873
Patience remaining: 49/50
  --------------------------------------------------
DEBUG: Evaluate function - 80 predictions, 80 targets
DEBUG: Unique predictions: [0 1], Unique targets: [0 1]

Epoch  38/500 Summary:
  Train Loss: 0.6622 | Train Acc: 60.89%
  Val Acc: 58.75% | LR: 0.009865
Patience remaining: 48/50
  --------------------------------------------------
DEBUG: Evaluate function - 80 predictions, 80 targets
DEBUG: Unique predictions: [0 1], Unique targets: [0 1]

Epoch  39/500 Summary:
  Train Loss: 0.6476 | Train Acc: 64.29%
  Val Acc: 61.25% | LR: 0.009858
Patience remaining: 47/50
  --------------------------------------------------
DEBUG: Evaluate function - 80 predictions, 80 targets
DEBUG: Unique predictions: [0 1], Unique targets: [0 1]

Epoch  40/500 Summary:
  Train Loss: 0.6535 | Train Acc: 63.39%
  Val Acc: 67.50% | LR: 0.009851
New best validation accuracy!
  --------------------------------------------------
DEBUG: Evaluate function - 80 predictions, 80 targets
DEBUG: Unique predictions: [0 1], Unique targets: [0 1]

Epoch  41/500 Summary:
  Train Loss: 0.6570 | Train Acc: 62.86%
  Val Acc: 66.25% | LR: 0.009843
Patience remaining: 49/50
  --------------------------------------------------
DEBUG: Evaluate function - 80 predictions, 80 targets
DEBUG: Unique predictions: [0 1], Unique targets: [0 1]

Epoch  42/500 Summary:
  Train Loss: 0.6446 | Train Acc: 65.71%
  Val Acc: 57.50% | LR: 0.009835
Patience remaining: 48/50
  --------------------------------------------------
DEBUG: Evaluate function - 80 predictions, 80 targets
DEBUG: Unique predictions: [0 1], Unique targets: [0 1]

Epoch  43/500 Summary:
  Train Loss: 0.6695 | Train Acc: 60.36%
  Val Acc: 62.50% | LR: 0.009827
Patience remaining: 47/50
  --------------------------------------------------
DEBUG: Evaluate function - 80 predictions, 80 targets
DEBUG: Unique predictions: [0 1], Unique targets: [0 1]

Epoch  44/500 Summary:
  Train Loss: 0.6441 | Train Acc: 67.14%
  Val Acc: 63.75% | LR: 0.009819
Patience remaining: 46/50
  --------------------------------------------------
DEBUG: Evaluate function - 80 predictions, 80 targets
DEBUG: Unique predictions: [0 1], Unique targets: [0 1]

Epoch  45/500 Summary:
  Train Loss: 0.6700 | Train Acc: 63.57%
  Val Acc: 60.00% | LR: 0.009810
Patience remaining: 45/50
  --------------------------------------------------
DEBUG: Evaluate function - 80 predictions, 80 targets
DEBUG: Unique predictions: [0 1], Unique targets: [0 1]

Epoch  46/500 Summary:
  Train Loss: 0.6374 | Train Acc: 67.14%
  Val Acc: 62.50% | LR: 0.009801
Patience remaining: 44/50
  --------------------------------------------------
DEBUG: Evaluate function - 80 predictions, 80 targets
DEBUG: Unique predictions: [0 1], Unique targets: [0 1]

Epoch  47/500 Summary:
  Train Loss: 0.6321 | Train Acc: 66.96%
  Val Acc: 66.25% | LR: 0.009793
Patience remaining: 43/50
  --------------------------------------------------
DEBUG: Evaluate function - 80 predictions, 80 targets
DEBUG: Unique predictions: [0 1], Unique targets: [0 1]

Epoch  48/500 Summary:
  Train Loss: 0.6317 | Train Acc: 66.79%
  Val Acc: 62.50% | LR: 0.009784
Patience remaining: 42/50
  --------------------------------------------------
DEBUG: Evaluate function - 80 predictions, 80 targets
DEBUG: Unique predictions: [0 1], Unique targets: [0 1]

Epoch  49/500 Summary:
  Train Loss: 0.6255 | Train Acc: 66.96%
  Val Acc: 66.25% | LR: 0.009774
Patience remaining: 41/50
  --------------------------------------------------
DEBUG: Evaluate function - 80 predictions, 80 targets
DEBUG: Unique predictions: [0 1], Unique targets: [0 1]

Epoch  50/500 Summary:
  Train Loss: 0.5965 | Train Acc: 71.96%
  Val Acc: 66.25% | LR: 0.009765
Patience remaining: 40/50
  --------------------------------------------------
DEBUG: Evaluate function - 80 predictions, 80 targets
DEBUG: Unique predictions: [0 1], Unique targets: [0 1]

Epoch  51/500 Summary:
  Train Loss: 0.6024 | Train Acc: 70.71%
  Val Acc: 61.25% | LR: 0.009755
Patience remaining: 39/50
  --------------------------------------------------
DEBUG: Evaluate function - 80 predictions, 80 targets
DEBUG: Unique predictions: [0 1], Unique targets: [0 1]

Epoch  52/500 Summary:
  Train Loss: 0.6391 | Train Acc: 63.75%
  Val Acc: 57.50% | LR: 0.009745
Patience remaining: 38/50
  --------------------------------------------------
DEBUG: Evaluate function - 80 predictions, 80 targets
DEBUG: Unique predictions: [0 1], Unique targets: [0 1]

Epoch  53/500 Summary:
  Train Loss: 0.6233 | Train Acc: 65.89%
  Val Acc: 60.00% | LR: 0.009735
Patience remaining: 37/50
  --------------------------------------------------
DEBUG: Evaluate function - 80 predictions, 80 targets
DEBUG: Unique predictions: [0 1], Unique targets: [0 1]

Epoch  54/500 Summary:
  Train Loss: 0.6244 | Train Acc: 67.86%
  Val Acc: 63.75% | LR: 0.009725
Patience remaining: 36/50
  --------------------------------------------------
DEBUG: Evaluate function - 80 predictions, 80 targets
DEBUG: Unique predictions: [0 1], Unique targets: [0 1]

Epoch  55/500 Summary:
  Train Loss: 0.6070 | Train Acc: 69.29%
  Val Acc: 61.25% | LR: 0.009715
Patience remaining: 35/50
  --------------------------------------------------
DEBUG: Evaluate function - 80 predictions, 80 targets
DEBUG: Unique predictions: [0 1], Unique targets: [0 1]

Epoch  56/500 Summary:
  Train Loss: 0.6066 | Train Acc: 70.71%
  Val Acc: 63.75% | LR: 0.009704
Patience remaining: 34/50
  --------------------------------------------------
DEBUG: Evaluate function - 80 predictions, 80 targets
DEBUG: Unique predictions: [0 1], Unique targets: [0 1]

Epoch  57/500 Summary:
  Train Loss: 0.5941 | Train Acc: 71.79%
  Val Acc: 58.75% | LR: 0.009694
Patience remaining: 33/50
  --------------------------------------------------
DEBUG: Evaluate function - 80 predictions, 80 targets
DEBUG: Unique predictions: [0 1], Unique targets: [0 1]

Epoch  58/500 Summary:
  Train Loss: 0.5855 | Train Acc: 72.68%
  Val Acc: 61.25% | LR: 0.009683
Patience remaining: 32/50
  --------------------------------------------------
DEBUG: Evaluate function - 80 predictions, 80 targets
DEBUG: Unique predictions: [0 1], Unique targets: [0 1]

Epoch  59/500 Summary:
  Train Loss: 0.6052 | Train Acc: 70.18%
  Val Acc: 65.00% | LR: 0.009672
Patience remaining: 31/50
  --------------------------------------------------
DEBUG: Evaluate function - 80 predictions, 80 targets
DEBUG: Unique predictions: [0 1], Unique targets: [0 1]

Epoch  60/500 Summary:
  Train Loss: 0.5809 | Train Acc: 74.82%
  Val Acc: 60.00% | LR: 0.009660
Patience remaining: 30/50
  --------------------------------------------------
DEBUG: Evaluate function - 80 predictions, 80 targets
DEBUG: Unique predictions: [0 1], Unique targets: [0 1]

Epoch  61/500 Summary:
  Train Loss: 0.5874 | Train Acc: 71.96%
  Val Acc: 60.00% | LR: 0.009649
Patience remaining: 29/50
  --------------------------------------------------
DEBUG: Evaluate function - 80 predictions, 80 targets
DEBUG: Unique predictions: [0 1], Unique targets: [0 1]

Epoch  62/500 Summary:
  Train Loss: 0.6067 | Train Acc: 70.36%
  Val Acc: 57.50% | LR: 0.009637
Patience remaining: 28/50
  --------------------------------------------------
DEBUG: Evaluate function - 80 predictions, 80 targets
DEBUG: Unique predictions: [0 1], Unique targets: [0 1]

Epoch  63/500 Summary:
  Train Loss: 0.5656 | Train Acc: 72.50%
  Val Acc: 65.00% | LR: 0.009625
Patience remaining: 27/50
  --------------------------------------------------
DEBUG: Evaluate function - 80 predictions, 80 targets
DEBUG: Unique predictions: [0 1], Unique targets: [0 1]

Epoch  64/500 Summary:
  Train Loss: 0.5797 | Train Acc: 73.21%
  Val Acc: 62.50% | LR: 0.009613
Patience remaining: 26/50
  --------------------------------------------------
DEBUG: Evaluate function - 80 predictions, 80 targets
DEBUG: Unique predictions: [0 1], Unique targets: [0 1]

Epoch  65/500 Summary:
  Train Loss: 0.5649 | Train Acc: 74.82%
  Val Acc: 62.50% | LR: 0.009601
Patience remaining: 25/50
  --------------------------------------------------
DEBUG: Evaluate function - 80 predictions, 80 targets
DEBUG: Unique predictions: [0 1], Unique targets: [0 1]

Epoch  66/500 Summary:
  Train Loss: 0.5810 | Train Acc: 72.14%
  Val Acc: 67.50% | LR: 0.009589
Patience remaining: 24/50
  --------------------------------------------------
DEBUG: Evaluate function - 80 predictions, 80 targets
DEBUG: Unique predictions: [0 1], Unique targets: [0 1]

Epoch  67/500 Summary:
  Train Loss: 0.5683 | Train Acc: 73.21%
  Val Acc: 62.50% | LR: 0.009576
Patience remaining: 23/50
  --------------------------------------------------
DEBUG: Evaluate function - 80 predictions, 80 targets
DEBUG: Unique predictions: [0 1], Unique targets: [0 1]

Epoch  68/500 Summary:
  Train Loss: 0.5474 | Train Acc: 73.57%
  Val Acc: 67.50% | LR: 0.009563
Patience remaining: 22/50
  --------------------------------------------------
DEBUG: Evaluate function - 80 predictions, 80 targets
DEBUG: Unique predictions: [0 1], Unique targets: [0 1]

Epoch  69/500 Summary:
  Train Loss: 0.5286 | Train Acc: 76.79%
  Val Acc: 63.75% | LR: 0.009551
Patience remaining: 21/50
  --------------------------------------------------
DEBUG: Evaluate function - 80 predictions, 80 targets
DEBUG: Unique predictions: [0 1], Unique targets: [0 1]

Epoch  70/500 Summary:
  Train Loss: 0.5372 | Train Acc: 74.46%
  Val Acc: 61.25% | LR: 0.009537
Patience remaining: 20/50
  --------------------------------------------------
DEBUG: Evaluate function - 80 predictions, 80 targets
DEBUG: Unique predictions: [0 1], Unique targets: [0 1]

Epoch  71/500 Summary:
  Train Loss: 0.5648 | Train Acc: 72.50%
  Val Acc: 67.50% | LR: 0.009524
Patience remaining: 19/50
  --------------------------------------------------
DEBUG: Evaluate function - 80 predictions, 80 targets
DEBUG: Unique predictions: [0 1], Unique targets: [0 1]

Epoch  72/500 Summary:
  Train Loss: 0.5402 | Train Acc: 75.36%
  Val Acc: 65.00% | LR: 0.009511
Patience remaining: 18/50
  --------------------------------------------------
DEBUG: Evaluate function - 80 predictions, 80 targets
DEBUG: Unique predictions: [0 1], Unique targets: [0 1]

Epoch  73/500 Summary:
  Train Loss: 0.5518 | Train Acc: 74.64%
  Val Acc: 66.25% | LR: 0.009497
Patience remaining: 17/50
  --------------------------------------------------
DEBUG: Evaluate function - 80 predictions, 80 targets
DEBUG: Unique predictions: [0 1], Unique targets: [0 1]

Epoch  74/500 Summary:
  Train Loss: 0.5135 | Train Acc: 77.86%
  Val Acc: 65.00% | LR: 0.009483
Patience remaining: 16/50
  --------------------------------------------------
DEBUG: Evaluate function - 80 predictions, 80 targets
DEBUG: Unique predictions: [0 1], Unique targets: [0 1]

Epoch  75/500 Summary:
  Train Loss: 0.5072 | Train Acc: 78.21%
  Val Acc: 62.50% | LR: 0.009469
Patience remaining: 15/50
  --------------------------------------------------
DEBUG: Evaluate function - 80 predictions, 80 targets
DEBUG: Unique predictions: [0 1], Unique targets: [0 1]2025-09-21 23:52:54 -     Test accuracy: 0.5687
2025-09-21 23:52:54 -   Fold 2/5
2025-09-21 23:52:54 -     Fold split: Train=560, Val=80


Epoch  76/500 Summary:
  Train Loss: 0.5703 | Train Acc: 72.14%
  Val Acc: 63.75% | LR: 0.009455
Patience remaining: 14/50
  --------------------------------------------------
DEBUG: Evaluate function - 80 predictions, 80 targets
DEBUG: Unique predictions: [0 1], Unique targets: [0 1]

Epoch  77/500 Summary:
  Train Loss: 0.5625 | Train Acc: 74.29%
  Val Acc: 58.75% | LR: 0.009441
Patience remaining: 13/50
  --------------------------------------------------
DEBUG: Evaluate function - 80 predictions, 80 targets
DEBUG: Unique predictions: [0 1], Unique targets: [0 1]

Epoch  78/500 Summary:
  Train Loss: 0.5683 | Train Acc: 71.96%
  Val Acc: 63.75% | LR: 0.009426
Patience remaining: 12/50
  --------------------------------------------------
DEBUG: Evaluate function - 80 predictions, 80 targets
DEBUG: Unique predictions: [0 1], Unique targets: [0 1]

Epoch  79/500 Summary:
  Train Loss: 0.5082 | Train Acc: 76.79%
  Val Acc: 61.25% | LR: 0.009411
Patience remaining: 11/50
  --------------------------------------------------
DEBUG: Evaluate function - 80 predictions, 80 targets
DEBUG: Unique predictions: [0 1], Unique targets: [0 1]

Epoch  80/500 Summary:
  Train Loss: 0.4861 | Train Acc: 78.93%
  Val Acc: 65.00% | LR: 0.009397
Patience remaining: 10/50
  --------------------------------------------------
DEBUG: Evaluate function - 80 predictions, 80 targets
DEBUG: Unique predictions: [0 1], Unique targets: [0 1]

Epoch  81/500 Summary:
  Train Loss: 0.4932 | Train Acc: 78.93%
  Val Acc: 66.25% | LR: 0.009382
Patience remaining: 9/50
  --------------------------------------------------
DEBUG: Evaluate function - 80 predictions, 80 targets
DEBUG: Unique predictions: [0 1], Unique targets: [0 1]

Epoch  82/500 Summary:
  Train Loss: 0.5051 | Train Acc: 76.07%
  Val Acc: 63.75% | LR: 0.009366
Patience remaining: 8/50
  --------------------------------------------------
DEBUG: Evaluate function - 80 predictions, 80 targets
DEBUG: Unique predictions: [0 1], Unique targets: [0 1]

Epoch  83/500 Summary:
  Train Loss: 0.4886 | Train Acc: 77.86%
  Val Acc: 65.00% | LR: 0.009351
Patience remaining: 7/50
  --------------------------------------------------
DEBUG: Evaluate function - 80 predictions, 80 targets
DEBUG: Unique predictions: [0 1], Unique targets: [0 1]

Epoch  84/500 Summary:
  Train Loss: 0.4982 | Train Acc: 78.04%
  Val Acc: 58.75% | LR: 0.009335
Patience remaining: 6/50
  --------------------------------------------------
DEBUG: Evaluate function - 80 predictions, 80 targets
DEBUG: Unique predictions: [0 1], Unique targets: [0 1]

Epoch  85/500 Summary:
  Train Loss: 0.5210 | Train Acc: 77.14%
  Val Acc: 61.25% | LR: 0.009320
Patience remaining: 5/50
  --------------------------------------------------
DEBUG: Evaluate function - 80 predictions, 80 targets
DEBUG: Unique predictions: [0 1], Unique targets: [0 1]

Epoch  86/500 Summary:
  Train Loss: 0.4808 | Train Acc: 79.11%
  Val Acc: 62.50% | LR: 0.009304
Patience remaining: 4/50
  --------------------------------------------------
DEBUG: Evaluate function - 80 predictions, 80 targets
DEBUG: Unique predictions: [0 1], Unique targets: [0 1]

Epoch  87/500 Summary:
  Train Loss: 0.4560 | Train Acc: 81.79%
  Val Acc: 62.50% | LR: 0.009288
Patience remaining: 3/50
  --------------------------------------------------
DEBUG: Evaluate function - 80 predictions, 80 targets
DEBUG: Unique predictions: [0 1], Unique targets: [0 1]

Epoch  88/500 Summary:
  Train Loss: 0.4778 | Train Acc: 78.75%
  Val Acc: 62.50% | LR: 0.009271
Patience remaining: 2/50
  --------------------------------------------------
DEBUG: Evaluate function - 80 predictions, 80 targets
DEBUG: Unique predictions: [0 1], Unique targets: [0 1]

Epoch  89/500 Summary:
  Train Loss: 0.4851 | Train Acc: 81.07%
  Val Acc: 62.50% | LR: 0.009255
Patience remaining: 1/50
  --------------------------------------------------
DEBUG: Evaluate function - 80 predictions, 80 targets
DEBUG: Unique predictions: [0 1], Unique targets: [0 1]

Epoch  90/500 Summary:
  Train Loss: 0.4566 | Train Acc: 82.14%
  Val Acc: 56.25% | LR: 0.009238
Early stopping triggered! No improvement for 50 epochs
Best validation accuracy: 67.50%

============================================================
Training Complete!
Best Validation Accuracy: 67.50%
============================================================
DEBUG: Evaluate function - 80 predictions, 80 targets
DEBUG: Unique predictions: [0 1], Unique targets: [0 1]
Training class distribution: [280, 280]

============================================================
Starting Training - Max Epochs: 500
Model: EEGConformer
Learning Rate: 0.01, Weight Decay: 0.0001
Dropout: 0.25, Early Stopping Patience: 50
============================================================
DEBUG: Evaluate function - 80 predictions, 80 targets
DEBUG: Unique predictions: [0], Unique targets: [0 1]

Epoch   1/500 Summary:
  Train Loss: 0.8108 | Train Acc: 47.32%
  Val Acc: 50.00% | LR: 0.010000
New best validation accuracy!
  --------------------------------------------------
DEBUG: Evaluate function - 80 predictions, 80 targets
DEBUG: Unique predictions: [1], Unique targets: [0 1]

Epoch   2/500 Summary:
  Train Loss: 0.6961 | Train Acc: 49.82%
  Val Acc: 50.00% | LR: 0.010000
Patience remaining: 49/50
  --------------------------------------------------
DEBUG: Evaluate function - 80 predictions, 80 targets
DEBUG: Unique predictions: [1], Unique targets: [0 1]

Epoch   3/500 Summary:
  Train Loss: 0.6950 | Train Acc: 47.14%
  Val Acc: 50.00% | LR: 0.010000
Patience remaining: 48/50
  --------------------------------------------------
DEBUG: Evaluate function - 80 predictions, 80 targets
DEBUG: Unique predictions: [1], Unique targets: [0 1]

Epoch   4/500 Summary:
  Train Loss: 0.6965 | Train Acc: 48.75%
  Val Acc: 50.00% | LR: 0.009999
Patience remaining: 47/50
  --------------------------------------------------
DEBUG: Evaluate function - 80 predictions, 80 targets
DEBUG: Unique predictions: [0], Unique targets: [0 1]

Epoch   5/500 Summary:
  Train Loss: 0.6983 | Train Acc: 50.36%
  Val Acc: 50.00% | LR: 0.009998
Patience remaining: 46/50
  --------------------------------------------------
DEBUG: Evaluate function - 80 predictions, 80 targets
DEBUG: Unique predictions: [0], Unique targets: [0 1]

Epoch   6/500 Summary:
  Train Loss: 0.7004 | Train Acc: 46.61%
  Val Acc: 50.00% | LR: 0.009998
Patience remaining: 45/50
  --------------------------------------------------
DEBUG: Evaluate function - 80 predictions, 80 targets
DEBUG: Unique predictions: [1], Unique targets: [0 1]

Epoch   7/500 Summary:
  Train Loss: 0.6944 | Train Acc: 50.36%
  Val Acc: 50.00% | LR: 0.009996
Patience remaining: 44/50
  --------------------------------------------------
DEBUG: Evaluate function - 80 predictions, 80 targets
DEBUG: Unique predictions: [1], Unique targets: [0 1]

Epoch   8/500 Summary:
  Train Loss: 0.6995 | Train Acc: 45.00%
  Val Acc: 50.00% | LR: 0.009995
Patience remaining: 43/50
  --------------------------------------------------
DEBUG: Evaluate function - 80 predictions, 80 targets
DEBUG: Unique predictions: [1], Unique targets: [0 1]

Epoch   9/500 Summary:
  Train Loss: 0.7031 | Train Acc: 46.25%
  Val Acc: 50.00% | LR: 0.009994
Patience remaining: 42/50
  --------------------------------------------------
DEBUG: Evaluate function - 80 predictions, 80 targets
DEBUG: Unique predictions: [1], Unique targets: [0 1]

Epoch  10/500 Summary:
  Train Loss: 0.6952 | Train Acc: 49.46%
  Val Acc: 50.00% | LR: 0.009992
Patience remaining: 41/50
  --------------------------------------------------
DEBUG: Evaluate function - 80 predictions, 80 targets
DEBUG: Unique predictions: [1], Unique targets: [0 1]

Epoch  11/500 Summary:
  Train Loss: 0.6979 | Train Acc: 50.36%
  Val Acc: 50.00% | LR: 0.009990
Patience remaining: 40/50
  --------------------------------------------------
DEBUG: Evaluate function - 80 predictions, 80 targets
DEBUG: Unique predictions: [1], Unique targets: [0 1]

Epoch  12/500 Summary:
  Train Loss: 0.6947 | Train Acc: 50.18%
  Val Acc: 50.00% | LR: 0.009988
Patience remaining: 39/50
  --------------------------------------------------
DEBUG: Evaluate function - 80 predictions, 80 targets
DEBUG: Unique predictions: [1], Unique targets: [0 1]

Epoch  13/500 Summary:
  Train Loss: 0.7008 | Train Acc: 44.82%
  Val Acc: 50.00% | LR: 0.009986
Patience remaining: 38/50
  --------------------------------------------------
DEBUG: Evaluate function - 80 predictions, 80 targets
DEBUG: Unique predictions: [1], Unique targets: [0 1]

Epoch  14/500 Summary:
  Train Loss: 0.7076 | Train Acc: 44.82%
  Val Acc: 50.00% | LR: 0.009983
Patience remaining: 37/50
  --------------------------------------------------
DEBUG: Evaluate function - 80 predictions, 80 targets
DEBUG: Unique predictions: [0], Unique targets: [0 1]

Epoch  15/500 Summary:
  Train Loss: 0.6958 | Train Acc: 49.82%
  Val Acc: 50.00% | LR: 0.009981
Patience remaining: 36/50
  --------------------------------------------------
DEBUG: Evaluate function - 80 predictions, 80 targets
DEBUG: Unique predictions: [1], Unique targets: [0 1]

Epoch  16/500 Summary:
  Train Loss: 0.6953 | Train Acc: 49.29%
  Val Acc: 50.00% | LR: 0.009978
Patience remaining: 35/50
  --------------------------------------------------
DEBUG: Evaluate function - 80 predictions, 80 targets
DEBUG: Unique predictions: [0], Unique targets: [0 1]

Epoch  17/500 Summary:
  Train Loss: 0.6947 | Train Acc: 48.75%
  Val Acc: 50.00% | LR: 0.009975
Patience remaining: 34/50
  --------------------------------------------------
DEBUG: Evaluate function - 80 predictions, 80 targets
DEBUG: Unique predictions: [1], Unique targets: [0 1]

Epoch  18/500 Summary:
  Train Loss: 0.6935 | Train Acc: 50.54%
  Val Acc: 50.00% | LR: 0.009972
Patience remaining: 33/50
  --------------------------------------------------
DEBUG: Evaluate function - 80 predictions, 80 targets
DEBUG: Unique predictions: [0], Unique targets: [0 1]

Epoch  19/500 Summary:
  Train Loss: 0.6969 | Train Acc: 52.14%
  Val Acc: 50.00% | LR: 0.009968
Patience remaining: 32/50
  --------------------------------------------------
DEBUG: Evaluate function - 80 predictions, 80 targets
DEBUG: Unique predictions: [1], Unique targets: [0 1]

Epoch  20/500 Summary:
  Train Loss: 0.6970 | Train Acc: 52.50%
  Val Acc: 50.00% | LR: 0.009964
Patience remaining: 31/50
  --------------------------------------------------
DEBUG: Evaluate function - 80 predictions, 80 targets
DEBUG: Unique predictions: [0], Unique targets: [0 1]

Epoch  21/500 Summary:
  Train Loss: 0.6993 | Train Acc: 48.21%
  Val Acc: 50.00% | LR: 0.009961
Patience remaining: 30/50
  --------------------------------------------------
DEBUG: Evaluate function - 80 predictions, 80 targets
DEBUG: Unique predictions: [1], Unique targets: [0 1]

Epoch  22/500 Summary:
  Train Loss: 0.6962 | Train Acc: 50.89%
  Val Acc: 50.00% | LR: 0.009957
Patience remaining: 29/50
  --------------------------------------------------
DEBUG: Evaluate function - 80 predictions, 80 targets
DEBUG: Unique predictions: [0], Unique targets: [0 1]

Epoch  23/500 Summary:
  Train Loss: 0.6945 | Train Acc: 49.11%
  Val Acc: 50.00% | LR: 0.009952
Patience remaining: 28/50
  --------------------------------------------------
DEBUG: Evaluate function - 80 predictions, 80 targets
DEBUG: Unique predictions: [0], Unique targets: [0 1]

Epoch  24/500 Summary:
  Train Loss: 0.6948 | Train Acc: 48.21%
  Val Acc: 50.00% | LR: 0.009948
Patience remaining: 27/50
  --------------------------------------------------
DEBUG: Evaluate function - 80 predictions, 80 targets
DEBUG: Unique predictions: [0], Unique targets: [0 1]

Epoch  25/500 Summary:
  Train Loss: 0.6948 | Train Acc: 45.54%
  Val Acc: 50.00% | LR: 0.009943
Patience remaining: 26/50
  --------------------------------------------------
DEBUG: Evaluate function - 80 predictions, 80 targets
DEBUG: Unique predictions: [1], Unique targets: [0 1]

Epoch  26/500 Summary:
  Train Loss: 0.6944 | Train Acc: 48.21%
  Val Acc: 50.00% | LR: 0.009938
Patience remaining: 25/50
  --------------------------------------------------
DEBUG: Evaluate function - 80 predictions, 80 targets
DEBUG: Unique predictions: [0], Unique targets: [0 1]

Epoch  27/500 Summary:
  Train Loss: 0.6932 | Train Acc: 50.71%
  Val Acc: 50.00% | LR: 0.009933
Patience remaining: 24/50
  --------------------------------------------------
DEBUG: Evaluate function - 80 predictions, 80 targets
DEBUG: Unique predictions: [0], Unique targets: [0 1]

Epoch  28/500 Summary:
  Train Loss: 0.6941 | Train Acc: 50.54%
  Val Acc: 50.00% | LR: 0.009928
Patience remaining: 23/50
  --------------------------------------------------
DEBUG: Evaluate function - 80 predictions, 80 targets
DEBUG: Unique predictions: [1], Unique targets: [0 1]

Epoch  29/500 Summary:
  Train Loss: 0.6945 | Train Acc: 49.46%
  Val Acc: 50.00% | LR: 0.009923
Patience remaining: 22/50
  --------------------------------------------------
DEBUG: Evaluate function - 80 predictions, 80 targets
DEBUG: Unique predictions: [1], Unique targets: [0 1]

Epoch  30/500 Summary:
  Train Loss: 0.6959 | Train Acc: 49.29%
  Val Acc: 50.00% | LR: 0.009917
Patience remaining: 21/50
  --------------------------------------------------
DEBUG: Evaluate function - 80 predictions, 80 targets
DEBUG: Unique predictions: [0], Unique targets: [0 1]

Epoch  31/500 Summary:
  Train Loss: 0.6932 | Train Acc: 49.82%
  Val Acc: 50.00% | LR: 0.009911
Patience remaining: 20/50
  --------------------------------------------------
DEBUG: Evaluate function - 80 predictions, 80 targets
DEBUG: Unique predictions: [1], Unique targets: [0 1]

Epoch  32/500 Summary:
  Train Loss: 0.6960 | Train Acc: 51.07%
  Val Acc: 50.00% | LR: 0.009905
Patience remaining: 19/50
  --------------------------------------------------
DEBUG: Evaluate function - 80 predictions, 80 targets
DEBUG: Unique predictions: [0], Unique targets: [0 1]

Epoch  33/500 Summary:
  Train Loss: 0.6941 | Train Acc: 52.14%
  Val Acc: 50.00% | LR: 0.009899
Patience remaining: 18/50
  --------------------------------------------------
DEBUG: Evaluate function - 80 predictions, 80 targets
DEBUG: Unique predictions: [1], Unique targets: [0 1]

Epoch  34/500 Summary:
  Train Loss: 0.6953 | Train Acc: 49.64%
  Val Acc: 50.00% | LR: 0.009893
Patience remaining: 17/50
  --------------------------------------------------
DEBUG: Evaluate function - 80 predictions, 80 targets
DEBUG: Unique predictions: [0], Unique targets: [0 1]

Epoch  35/500 Summary:
  Train Loss: 0.6944 | Train Acc: 49.11%
  Val Acc: 50.00% | LR: 0.009886
Patience remaining: 16/50
  --------------------------------------------------
DEBUG: Evaluate function - 80 predictions, 80 targets
DEBUG: Unique predictions: [1], Unique targets: [0 1]

Epoch  36/500 Summary:
  Train Loss: 0.6939 | Train Acc: 46.43%
  Val Acc: 50.00% | LR: 0.009880
Patience remaining: 15/50
  --------------------------------------------------
DEBUG: Evaluate function - 80 predictions, 80 targets
DEBUG: Unique predictions: [0], Unique targets: [0 1]

Epoch  37/500 Summary:
  Train Loss: 0.6944 | Train Acc: 49.64%
  Val Acc: 50.00% | LR: 0.009873
Patience remaining: 14/50
  --------------------------------------------------
DEBUG: Evaluate function - 80 predictions, 80 targets
DEBUG: Unique predictions: [1], Unique targets: [0 1]

Epoch  38/500 Summary:
  Train Loss: 0.6937 | Train Acc: 49.64%
  Val Acc: 50.00% | LR: 0.009865
Patience remaining: 13/50
  --------------------------------------------------
DEBUG: Evaluate function - 80 predictions, 80 targets
DEBUG: Unique predictions: [0], Unique targets: [0 1]

Epoch  39/500 Summary:
  Train Loss: 0.6938 | Train Acc: 47.68%
  Val Acc: 50.00% | LR: 0.009858
Patience remaining: 12/50
  --------------------------------------------------
DEBUG: Evaluate function - 80 predictions, 80 targets
DEBUG: Unique predictions: [1], Unique targets: [0 1]

Epoch  40/500 Summary:
  Train Loss: 0.6944 | Train Acc: 47.68%
  Val Acc: 50.00% | LR: 0.009851
Patience remaining: 11/50
  --------------------------------------------------
DEBUG: Evaluate function - 80 predictions, 80 targets
DEBUG: Unique predictions: [0], Unique targets: [0 1]

Epoch  41/500 Summary:
  Train Loss: 0.7072 | Train Acc: 48.04%
  Val Acc: 50.00% | LR: 0.009843
Patience remaining: 10/502025-09-21 23:53:02 -     Test accuracy: 0.5000
2025-09-21 23:53:02 -   Fold 3/5
2025-09-21 23:53:02 -     Fold split: Train=560, Val=80

  --------------------------------------------------
DEBUG: Evaluate function - 80 predictions, 80 targets
DEBUG: Unique predictions: [1], Unique targets: [0 1]

Epoch  42/500 Summary:
  Train Loss: 0.6992 | Train Acc: 49.46%
  Val Acc: 50.00% | LR: 0.009835
Patience remaining: 9/50
  --------------------------------------------------
DEBUG: Evaluate function - 80 predictions, 80 targets
DEBUG: Unique predictions: [1], Unique targets: [0 1]

Epoch  43/500 Summary:
  Train Loss: 0.6945 | Train Acc: 47.14%
  Val Acc: 50.00% | LR: 0.009827
Patience remaining: 8/50
  --------------------------------------------------
DEBUG: Evaluate function - 80 predictions, 80 targets
DEBUG: Unique predictions: [0], Unique targets: [0 1]

Epoch  44/500 Summary:
  Train Loss: 0.6963 | Train Acc: 50.18%
  Val Acc: 50.00% | LR: 0.009819
Patience remaining: 7/50
  --------------------------------------------------
DEBUG: Evaluate function - 80 predictions, 80 targets
DEBUG: Unique predictions: [1], Unique targets: [0 1]

Epoch  45/500 Summary:
  Train Loss: 0.6952 | Train Acc: 49.29%
  Val Acc: 50.00% | LR: 0.009810
Patience remaining: 6/50
  --------------------------------------------------
DEBUG: Evaluate function - 80 predictions, 80 targets
DEBUG: Unique predictions: [0], Unique targets: [0 1]

Epoch  46/500 Summary:
  Train Loss: 0.6952 | Train Acc: 48.04%
  Val Acc: 50.00% | LR: 0.009801
Patience remaining: 5/50
  --------------------------------------------------
DEBUG: Evaluate function - 80 predictions, 80 targets
DEBUG: Unique predictions: [1], Unique targets: [0 1]

Epoch  47/500 Summary:
  Train Loss: 0.6938 | Train Acc: 50.71%
  Val Acc: 50.00% | LR: 0.009793
Patience remaining: 4/50
  --------------------------------------------------
DEBUG: Evaluate function - 80 predictions, 80 targets
DEBUG: Unique predictions: [0], Unique targets: [0 1]

Epoch  48/500 Summary:
  Train Loss: 0.6944 | Train Acc: 49.64%
  Val Acc: 50.00% | LR: 0.009784
Patience remaining: 3/50
  --------------------------------------------------
DEBUG: Evaluate function - 80 predictions, 80 targets
DEBUG: Unique predictions: [1], Unique targets: [0 1]

Epoch  49/500 Summary:
  Train Loss: 0.6950 | Train Acc: 48.57%
  Val Acc: 50.00% | LR: 0.009774
Patience remaining: 2/50
  --------------------------------------------------
DEBUG: Evaluate function - 80 predictions, 80 targets
DEBUG: Unique predictions: [1], Unique targets: [0 1]

Epoch  50/500 Summary:
  Train Loss: 0.6950 | Train Acc: 49.82%
  Val Acc: 50.00% | LR: 0.009765
Patience remaining: 1/50
  --------------------------------------------------
DEBUG: Evaluate function - 80 predictions, 80 targets
DEBUG: Unique predictions: [1], Unique targets: [0 1]

Epoch  51/500 Summary:
  Train Loss: 0.6933 | Train Acc: 48.39%
  Val Acc: 50.00% | LR: 0.009755
Early stopping triggered! No improvement for 50 epochs
Best validation accuracy: 50.00%

============================================================
Training Complete!
Best Validation Accuracy: 50.00%
============================================================
DEBUG: Evaluate function - 80 predictions, 80 targets
DEBUG: Unique predictions: [1], Unique targets: [0 1]
Training class distribution: [280, 280]

============================================================
Starting Training - Max Epochs: 500
Model: EEGConformer
Learning Rate: 0.01, Weight Decay: 0.0001
Dropout: 0.25, Early Stopping Patience: 50
============================================================
DEBUG: Evaluate function - 80 predictions, 80 targets
DEBUG: Unique predictions: [1], Unique targets: [0 1]

Epoch   1/500 Summary:
  Train Loss: 0.8061 | Train Acc: 50.71%
  Val Acc: 50.00% | LR: 0.010000
New best validation accuracy!
  --------------------------------------------------
DEBUG: Evaluate function - 80 predictions, 80 targets
DEBUG: Unique predictions: [0], Unique targets: [0 1]

Epoch   2/500 Summary:
  Train Loss: 0.6993 | Train Acc: 50.54%
  Val Acc: 50.00% | LR: 0.010000
Patience remaining: 49/50
  --------------------------------------------------
DEBUG: Evaluate function - 80 predictions, 80 targets
DEBUG: Unique predictions: [1], Unique targets: [0 1]

Epoch   3/500 Summary:
  Train Loss: 0.7005 | Train Acc: 48.93%
  Val Acc: 50.00% | LR: 0.010000
Patience remaining: 48/50
  --------------------------------------------------
DEBUG: Evaluate function - 80 predictions, 80 targets
DEBUG: Unique predictions: [0 1], Unique targets: [0 1]

Epoch   4/500 Summary:
  Train Loss: 0.7014 | Train Acc: 50.54%
  Val Acc: 58.75% | LR: 0.009999
New best validation accuracy!
  --------------------------------------------------
DEBUG: Evaluate function - 80 predictions, 80 targets
DEBUG: Unique predictions: [1], Unique targets: [0 1]

Epoch   5/500 Summary:
  Train Loss: 0.6983 | Train Acc: 49.82%
  Val Acc: 50.00% | LR: 0.009998
Patience remaining: 49/50
  --------------------------------------------------
DEBUG: Evaluate function - 80 predictions, 80 targets
DEBUG: Unique predictions: [0], Unique targets: [0 1]

Epoch   6/500 Summary:
  Train Loss: 0.6967 | Train Acc: 46.43%
  Val Acc: 50.00% | LR: 0.009998
Patience remaining: 48/50
  --------------------------------------------------
DEBUG: Evaluate function - 80 predictions, 80 targets
DEBUG: Unique predictions: [1], Unique targets: [0 1]

Epoch   7/500 Summary:
  Train Loss: 0.6982 | Train Acc: 46.07%
  Val Acc: 50.00% | LR: 0.009996
Patience remaining: 47/50
  --------------------------------------------------
DEBUG: Evaluate function - 80 predictions, 80 targets
DEBUG: Unique predictions: [1], Unique targets: [0 1]

Epoch   8/500 Summary:
  Train Loss: 0.6946 | Train Acc: 48.39%
  Val Acc: 50.00% | LR: 0.009995
Patience remaining: 46/50
  --------------------------------------------------
DEBUG: Evaluate function - 80 predictions, 80 targets
DEBUG: Unique predictions: [0], Unique targets: [0 1]

Epoch   9/500 Summary:
  Train Loss: 0.6945 | Train Acc: 51.96%
  Val Acc: 50.00% | LR: 0.009994
Patience remaining: 45/50
  --------------------------------------------------
DEBUG: Evaluate function - 80 predictions, 80 targets
DEBUG: Unique predictions: [0], Unique targets: [0 1]

Epoch  10/500 Summary:
  Train Loss: 0.7017 | Train Acc: 45.89%
  Val Acc: 50.00% | LR: 0.009992
Patience remaining: 44/50
  --------------------------------------------------
DEBUG: Evaluate function - 80 predictions, 80 targets
DEBUG: Unique predictions: [1], Unique targets: [0 1]

Epoch  11/500 Summary:
  Train Loss: 0.6925 | Train Acc: 53.57%
  Val Acc: 50.00% | LR: 0.009990
Patience remaining: 43/50
  --------------------------------------------------
DEBUG: Evaluate function - 80 predictions, 80 targets
DEBUG: Unique predictions: [0], Unique targets: [0 1]

Epoch  12/500 Summary:
  Train Loss: 0.6989 | Train Acc: 49.11%
  Val Acc: 50.00% | LR: 0.009988
Patience remaining: 42/50
  --------------------------------------------------
DEBUG: Evaluate function - 80 predictions, 80 targets
DEBUG: Unique predictions: [1], Unique targets: [0 1]

Epoch  13/500 Summary:
  Train Loss: 0.7039 | Train Acc: 51.07%
  Val Acc: 50.00% | LR: 0.009986
Patience remaining: 41/50
  --------------------------------------------------
DEBUG: Evaluate function - 80 predictions, 80 targets
DEBUG: Unique predictions: [0], Unique targets: [0 1]

Epoch  14/500 Summary:
  Train Loss: 0.6991 | Train Acc: 51.61%
  Val Acc: 50.00% | LR: 0.009983
Patience remaining: 40/50
  --------------------------------------------------
DEBUG: Evaluate function - 80 predictions, 80 targets
DEBUG: Unique predictions: [0], Unique targets: [0 1]

Epoch  15/500 Summary:
  Train Loss: 0.6989 | Train Acc: 46.61%
  Val Acc: 50.00% | LR: 0.009981
Patience remaining: 39/50
  --------------------------------------------------
DEBUG: Evaluate function - 80 predictions, 80 targets
DEBUG: Unique predictions: [0], Unique targets: [0 1]

Epoch  16/500 Summary:
  Train Loss: 0.6951 | Train Acc: 48.04%
  Val Acc: 50.00% | LR: 0.009978
Patience remaining: 38/50
  --------------------------------------------------
DEBUG: Evaluate function - 80 predictions, 80 targets
DEBUG: Unique predictions: [1], Unique targets: [0 1]

Epoch  17/500 Summary:
  Train Loss: 0.6947 | Train Acc: 50.00%
  Val Acc: 50.00% | LR: 0.009975
Patience remaining: 37/50
  --------------------------------------------------
DEBUG: Evaluate function - 80 predictions, 80 targets
DEBUG: Unique predictions: [1], Unique targets: [0 1]

Epoch  18/500 Summary:
  Train Loss: 0.7006 | Train Acc: 45.54%
  Val Acc: 50.00% | LR: 0.009972
Patience remaining: 36/50
  --------------------------------------------------
DEBUG: Evaluate function - 80 predictions, 80 targets
DEBUG: Unique predictions: [1], Unique targets: [0 1]

Epoch  19/500 Summary:
  Train Loss: 0.6981 | Train Acc: 47.68%
  Val Acc: 50.00% | LR: 0.009968
Patience remaining: 35/50
  --------------------------------------------------
DEBUG: Evaluate function - 80 predictions, 80 targets
DEBUG: Unique predictions: [0], Unique targets: [0 1]

Epoch  20/500 Summary:
  Train Loss: 0.7008 | Train Acc: 48.39%
  Val Acc: 50.00% | LR: 0.009964
Patience remaining: 34/50
  --------------------------------------------------
DEBUG: Evaluate function - 80 predictions, 80 targets
DEBUG: Unique predictions: [1], Unique targets: [0 1]

Epoch  21/500 Summary:
  Train Loss: 0.6958 | Train Acc: 50.71%
  Val Acc: 50.00% | LR: 0.009961
Patience remaining: 33/50
  --------------------------------------------------
DEBUG: Evaluate function - 80 predictions, 80 targets
DEBUG: Unique predictions: [0], Unique targets: [0 1]

Epoch  22/500 Summary:
  Train Loss: 0.6957 | Train Acc: 51.43%
  Val Acc: 50.00% | LR: 0.009957
Patience remaining: 32/50
  --------------------------------------------------
DEBUG: Evaluate function - 80 predictions, 80 targets
DEBUG: Unique predictions: [1], Unique targets: [0 1]

Epoch  23/500 Summary:
  Train Loss: 0.6955 | Train Acc: 52.32%
  Val Acc: 50.00% | LR: 0.009952
Patience remaining: 31/50
  --------------------------------------------------
DEBUG: Evaluate function - 80 predictions, 80 targets
DEBUG: Unique predictions: [0], Unique targets: [0 1]

Epoch  24/500 Summary:
  Train Loss: 0.6985 | Train Acc: 50.36%
  Val Acc: 50.00% | LR: 0.009948
Patience remaining: 30/50
  --------------------------------------------------
DEBUG: Evaluate function - 80 predictions, 80 targets
DEBUG: Unique predictions: [1], Unique targets: [0 1]

Epoch  25/500 Summary:
  Train Loss: 0.6955 | Train Acc: 49.64%
  Val Acc: 50.00% | LR: 0.009943
Patience remaining: 29/50
  --------------------------------------------------
DEBUG: Evaluate function - 80 predictions, 80 targets
DEBUG: Unique predictions: [0], Unique targets: [0 1]

Epoch  26/500 Summary:
  Train Loss: 0.6944 | Train Acc: 51.07%
  Val Acc: 50.00% | LR: 0.009938
Patience remaining: 28/50
  --------------------------------------------------
DEBUG: Evaluate function - 80 predictions, 80 targets
DEBUG: Unique predictions: [1], Unique targets: [0 1]

Epoch  27/500 Summary:
  Train Loss: 0.7106 | Train Acc: 46.96%
  Val Acc: 50.00% | LR: 0.009933
Patience remaining: 27/50
  --------------------------------------------------
DEBUG: Evaluate function - 80 predictions, 80 targets
DEBUG: Unique predictions: [0], Unique targets: [0 1]

Epoch  28/500 Summary:
  Train Loss: 0.6981 | Train Acc: 52.68%
  Val Acc: 50.00% | LR: 0.009928
Patience remaining: 26/50
  --------------------------------------------------
DEBUG: Evaluate function - 80 predictions, 80 targets
DEBUG: Unique predictions: [1], Unique targets: [0 1]

Epoch  29/500 Summary:
  Train Loss: 0.6959 | Train Acc: 48.93%
  Val Acc: 50.00% | LR: 0.009923
Patience remaining: 25/50
  --------------------------------------------------
DEBUG: Evaluate function - 80 predictions, 80 targets
DEBUG: Unique predictions: [1], Unique targets: [0 1]

Epoch  30/500 Summary:
  Train Loss: 0.6939 | Train Acc: 52.14%
  Val Acc: 50.00% | LR: 0.009917
Patience remaining: 24/50
  --------------------------------------------------
DEBUG: Evaluate function - 80 predictions, 80 targets
DEBUG: Unique predictions: [0], Unique targets: [0 1]

Epoch  31/500 Summary:
  Train Loss: 0.6944 | Train Acc: 48.57%
  Val Acc: 50.00% | LR: 0.009911
Patience remaining: 23/50
  --------------------------------------------------
DEBUG: Evaluate function - 80 predictions, 80 targets
DEBUG: Unique predictions: [0], Unique targets: [0 1]

Epoch  32/500 Summary:
  Train Loss: 0.6949 | Train Acc: 49.82%
  Val Acc: 50.00% | LR: 0.009905
Patience remaining: 22/50
  --------------------------------------------------
DEBUG: Evaluate function - 80 predictions, 80 targets
DEBUG: Unique predictions: [0], Unique targets: [0 1]

Epoch  33/500 Summary:
  Train Loss: 0.6941 | Train Acc: 50.54%
  Val Acc: 50.00% | LR: 0.009899
Patience remaining: 21/50
  --------------------------------------------------
DEBUG: Evaluate function - 80 predictions, 80 targets
DEBUG: Unique predictions: [1], Unique targets: [0 1]

Epoch  34/500 Summary:
  Train Loss: 0.6966 | Train Acc: 47.32%
  Val Acc: 50.00% | LR: 0.009893
Patience remaining: 20/50
  --------------------------------------------------
DEBUG: Evaluate function - 80 predictions, 80 targets
DEBUG: Unique predictions: [0], Unique targets: [0 1]

Epoch  35/500 Summary:
  Train Loss: 0.6958 | Train Acc: 50.54%
  Val Acc: 50.00% | LR: 0.009886
Patience remaining: 19/50
  --------------------------------------------------
DEBUG: Evaluate function - 80 predictions, 80 targets
DEBUG: Unique predictions: [0], Unique targets: [0 1]

Epoch  36/500 Summary:
  Train Loss: 0.6942 | Train Acc: 52.32%
  Val Acc: 50.00% | LR: 0.009880
Patience remaining: 18/50
  --------------------------------------------------
DEBUG: Evaluate function - 80 predictions, 80 targets
DEBUG: Unique predictions: [0], Unique targets: [0 1]

Epoch  37/500 Summary:
  Train Loss: 0.6938 | Train Acc: 50.18%
  Val Acc: 50.00% | LR: 0.009873
Patience remaining: 17/50
  --------------------------------------------------
DEBUG: Evaluate function - 80 predictions, 80 targets
DEBUG: Unique predictions: [1], Unique targets: [0 1]

Epoch  38/500 Summary:
  Train Loss: 0.6982 | Train Acc: 48.04%
  Val Acc: 50.00% | LR: 0.009865
Patience remaining: 16/50
  --------------------------------------------------
DEBUG: Evaluate function - 80 predictions, 80 targets
DEBUG: Unique predictions: [0], Unique targets: [0 1]

Epoch  39/500 Summary:
  Train Loss: 0.6948 | Train Acc: 51.96%
  Val Acc: 50.00% | LR: 0.009858
Patience remaining: 15/50
  --------------------------------------------------
DEBUG: Evaluate function - 80 predictions, 80 targets
DEBUG: Unique predictions: [0], Unique targets: [0 1]

Epoch  40/500 Summary:
  Train Loss: 0.6939 | Train Acc: 50.71%
  Val Acc: 50.00% | LR: 0.009851
Patience remaining: 14/50
  --------------------------------------------------
DEBUG: Evaluate function - 80 predictions, 80 targets
DEBUG: Unique predictions: [1], Unique targets: [0 1]

Epoch  41/500 Summary:
  Train Loss: 0.6943 | Train Acc: 51.25%
  Val Acc: 50.00% | LR: 0.009843
Patience remaining: 13/50
  --------------------------------------------------
DEBUG: Evaluate function - 80 predictions, 80 targets
DEBUG: Unique predictions: [0], Unique targets: [0 1]

Epoch  42/500 Summary:
  Train Loss: 0.6957 | Train Acc: 48.57%
  Val Acc: 50.00% | LR: 0.009835
Patience remaining: 12/50
  --------------------------------------------------
DEBUG: Evaluate function - 80 predictions, 80 targets
DEBUG: Unique predictions: [0], Unique targets: [0 1]

Epoch  43/500 Summary:
  Train Loss: 0.6936 | Train Acc: 48.21%
  Val Acc: 50.00% | LR: 0.009827
Patience remaining: 11/50
  --------------------------------------------------
DEBUG: Evaluate function - 80 predictions, 80 targets
DEBUG: Unique predictions: [0 1], Unique targets: [0 1]

Epoch  44/500 Summary:
  Train Loss: 0.6946 | Train Acc: 48.39%
  Val Acc: 51.25% | LR: 0.009819
Patience remaining: 10/50
  --------------------------------------------------
DEBUG: Evaluate function - 80 predictions, 80 targets
DEBUG: Unique predictions: [0 1], Unique targets: [0 1]

Epoch  45/500 Summary:
  Train Loss: 0.6947 | Train Acc: 51.43%
  Val Acc: 55.00% | LR: 0.009810
Patience remaining: 9/50
  --------------------------------------------------
DEBUG: Evaluate function - 80 predictions, 80 targets
DEBUG: Unique predictions: [0 1], Unique targets: [0 1]

Epoch  46/500 Summary:
  Train Loss: 0.6950 | Train Acc: 47.86%
  Val Acc: 58.75% | LR: 0.009801
Patience remaining: 8/50
  --------------------------------------------------
DEBUG: Evaluate function - 80 predictions, 80 targets
DEBUG: Unique predictions: [0], Unique targets: [0 1]

Epoch  47/500 Summary:
  Train Loss: 0.6955 | Train Acc: 51.25%
  Val Acc: 50.00% | LR: 0.009793
Patience remaining: 7/50
  --------------------------------------------------
DEBUG: Evaluate function - 80 predictions, 80 targets
DEBUG: Unique predictions: [0], Unique targets: [0 1]

Epoch  48/500 Summary:
  Train Loss: 0.6925 | Train Acc: 50.71%
  Val Acc: 50.00% | LR: 0.009784
Patience remaining: 6/50
  --------------------------------------------------
DEBUG: Evaluate function - 80 predictions, 80 targets
DEBUG: Unique predictions: [0], Unique targets: [0 1]

Epoch  49/500 Summary:
  Train Loss: 0.6933 | Train Acc: 52.86%
  Val Acc: 50.00% | LR: 0.009774
Patience remaining: 5/50
  --------------------------------------------------
DEBUG: Evaluate function - 80 predictions, 80 targets
DEBUG: Unique predictions: [1], Unique targets: [0 1]

Epoch  50/500 Summary:
  Train Loss: 0.6965 | Train Acc: 45.89%
  Val Acc: 50.00% | LR: 0.009765
Patience remaining: 4/50
  --------------------------------------------------
DEBUG: Evaluate function - 80 predictions, 80 targets
DEBUG: Unique predictions: [0 1], Unique targets: [0 1]

Epoch  51/500 Summary:
  Train Loss: 0.6927 | Train Acc: 50.54%
  Val Acc: 57.50% | LR: 0.009755
Patience remaining: 3/50
  --------------------------------------------------
DEBUG: Evaluate function - 80 predictions, 80 targets
DEBUG: Unique predictions: [0 1], Unique targets: [0 1]

Epoch  52/500 Summary:
  Train Loss: 0.6918 | Train Acc: 56.43%
  Val Acc: 57.50% | LR: 0.009745
Patience remaining: 2/50
  --------------------------------------------------
DEBUG: Evaluate function - 80 predictions, 80 targets
DEBUG: Unique predictions: [0 1], Unique targets: [0 1]

Epoch  53/500 Summary:
  Train Loss: 0.6921 | Train Acc: 55.89%
  Val Acc: 61.25% | LR: 0.009735
New best validation accuracy!
  --------------------------------------------------
DEBUG: Evaluate function - 80 predictions, 80 targets
DEBUG: Unique predictions: [0 1], Unique targets: [0 1]

Epoch  54/500 Summary:
  Train Loss: 0.6819 | Train Acc: 57.86%
  Val Acc: 60.00% | LR: 0.009725
Patience remaining: 49/50
  --------------------------------------------------
DEBUG: Evaluate function - 80 predictions, 80 targets
DEBUG: Unique predictions: [0 1], Unique targets: [0 1]

Epoch  55/500 Summary:
  Train Loss: 0.6706 | Train Acc: 58.39%
  Val Acc: 63.75% | LR: 0.009715
New best validation accuracy!
  --------------------------------------------------
DEBUG: Evaluate function - 80 predictions, 80 targets
DEBUG: Unique predictions: [0 1], Unique targets: [0 1]

Epoch  56/500 Summary:
  Train Loss: 0.6645 | Train Acc: 62.14%
  Val Acc: 60.00% | LR: 0.009704
Patience remaining: 49/50
  --------------------------------------------------
DEBUG: Evaluate function - 80 predictions, 80 targets
DEBUG: Unique predictions: [0 1], Unique targets: [0 1]

Epoch  57/500 Summary:
  Train Loss: 0.6736 | Train Acc: 59.46%
  Val Acc: 63.75% | LR: 0.009694
Patience remaining: 48/50
  --------------------------------------------------
DEBUG: Evaluate function - 80 predictions, 80 targets
DEBUG: Unique predictions: [0 1], Unique targets: [0 1]

Epoch  58/500 Summary:
  Train Loss: 0.6696 | Train Acc: 58.93%
  Val Acc: 67.50% | LR: 0.009683
New best validation accuracy!
  --------------------------------------------------
DEBUG: Evaluate function - 80 predictions, 80 targets
DEBUG: Unique predictions: [0 1], Unique targets: [0 1]

Epoch  59/500 Summary:
  Train Loss: 0.6805 | Train Acc: 57.14%
  Val Acc: 60.00% | LR: 0.009672
Patience remaining: 49/50
  --------------------------------------------------
DEBUG: Evaluate function - 80 predictions, 80 targets
DEBUG: Unique predictions: [0 1], Unique targets: [0 1]

Epoch  60/500 Summary:
  Train Loss: 0.6808 | Train Acc: 57.50%
  Val Acc: 65.00% | LR: 0.009660
Patience remaining: 48/50
  --------------------------------------------------
DEBUG: Evaluate function - 80 predictions, 80 targets
DEBUG: Unique predictions: [0 1], Unique targets: [0 1]

Epoch  61/500 Summary:
  Train Loss: 0.6735 | Train Acc: 58.21%
  Val Acc: 65.00% | LR: 0.009649
Patience remaining: 47/50
  --------------------------------------------------
DEBUG: Evaluate function - 80 predictions, 80 targets
DEBUG: Unique predictions: [0 1], Unique targets: [0 1]

Epoch  62/500 Summary:
  Train Loss: 0.6499 | Train Acc: 65.71%
  Val Acc: 67.50% | LR: 0.009637
Patience remaining: 46/50
  --------------------------------------------------
DEBUG: Evaluate function - 80 predictions, 80 targets
DEBUG: Unique predictions: [0 1], Unique targets: [0 1]

Epoch  63/500 Summary:
  Train Loss: 0.6592 | Train Acc: 61.25%
  Val Acc: 55.00% | LR: 0.009625
Patience remaining: 45/50
  --------------------------------------------------
DEBUG: Evaluate function - 80 predictions, 80 targets
DEBUG: Unique predictions: [0 1], Unique targets: [0 1]

Epoch  64/500 Summary:
  Train Loss: 0.6651 | Train Acc: 59.11%
  Val Acc: 68.75% | LR: 0.009613
New best validation accuracy!
  --------------------------------------------------
DEBUG: Evaluate function - 80 predictions, 80 targets
DEBUG: Unique predictions: [0 1], Unique targets: [0 1]

Epoch  65/500 Summary:
  Train Loss: 0.6509 | Train Acc: 61.61%
  Val Acc: 70.00% | LR: 0.009601
New best validation accuracy!
  --------------------------------------------------
DEBUG: Evaluate function - 80 predictions, 80 targets
DEBUG: Unique predictions: [0 1], Unique targets: [0 1]

Epoch  66/500 Summary:
  Train Loss: 0.6499 | Train Acc: 61.25%
  Val Acc: 67.50% | LR: 0.009589
Patience remaining: 49/50
  --------------------------------------------------
DEBUG: Evaluate function - 80 predictions, 80 targets
DEBUG: Unique predictions: [0 1], Unique targets: [0 1]

Epoch  67/500 Summary:
  Train Loss: 0.6635 | Train Acc: 62.50%
  Val Acc: 66.25% | LR: 0.009576
Patience remaining: 48/50
  --------------------------------------------------
DEBUG: Evaluate function - 80 predictions, 80 targets
DEBUG: Unique predictions: [0 1], Unique targets: [0 1]

Epoch  68/500 Summary:
  Train Loss: 0.6575 | Train Acc: 60.00%
  Val Acc: 65.00% | LR: 0.009563
Patience remaining: 47/50
  --------------------------------------------------
DEBUG: Evaluate function - 80 predictions, 80 targets
DEBUG: Unique predictions: [0 1], Unique targets: [0 1]

Epoch  69/500 Summary:
  Train Loss: 0.6577 | Train Acc: 62.86%
  Val Acc: 66.25% | LR: 0.009551
Patience remaining: 46/50
  --------------------------------------------------
DEBUG: Evaluate function - 80 predictions, 80 targets
DEBUG: Unique predictions: [0 1], Unique targets: [0 1]

Epoch  70/500 Summary:
  Train Loss: 0.6563 | Train Acc: 62.14%
  Val Acc: 67.50% | LR: 0.009537
Patience remaining: 45/50
  --------------------------------------------------
DEBUG: Evaluate function - 80 predictions, 80 targets
DEBUG: Unique predictions: [0 1], Unique targets: [0 1]

Epoch  71/500 Summary:
  Train Loss: 0.6703 | Train Acc: 57.50%
  Val Acc: 62.50% | LR: 0.009524
Patience remaining: 44/50
  --------------------------------------------------
DEBUG: Evaluate function - 80 predictions, 80 targets
DEBUG: Unique predictions: [0 1], Unique targets: [0 1]

Epoch  72/500 Summary:
  Train Loss: 0.6684 | Train Acc: 58.21%
  Val Acc: 67.50% | LR: 0.009511
Patience remaining: 43/50
  --------------------------------------------------
DEBUG: Evaluate function - 80 predictions, 80 targets
DEBUG: Unique predictions: [0 1], Unique targets: [0 1]

Epoch  73/500 Summary:
  Train Loss: 0.6554 | Train Acc: 58.93%
  Val Acc: 62.50% | LR: 0.009497
Patience remaining: 42/50
  --------------------------------------------------
DEBUG: Evaluate function - 80 predictions, 80 targets
DEBUG: Unique predictions: [0 1], Unique targets: [0 1]

Epoch  74/500 Summary:
  Train Loss: 0.6441 | Train Acc: 64.46%
  Val Acc: 66.25% | LR: 0.009483
Patience remaining: 41/50
  --------------------------------------------------
DEBUG: Evaluate function - 80 predictions, 80 targets
DEBUG: Unique predictions: [0 1], Unique targets: [0 1]

Epoch  75/500 Summary:
  Train Loss: 0.6481 | Train Acc: 63.21%
  Val Acc: 62.50% | LR: 0.009469
Patience remaining: 40/50
  --------------------------------------------------
DEBUG: Evaluate function - 80 predictions, 80 targets
DEBUG: Unique predictions: [0 1], Unique targets: [0 1]

Epoch  76/500 Summary:
  Train Loss: 0.6436 | Train Acc: 63.21%
  Val Acc: 67.50% | LR: 0.009455
Patience remaining: 39/50
  --------------------------------------------------
DEBUG: Evaluate function - 80 predictions, 80 targets
DEBUG: Unique predictions: [0 1], Unique targets: [0 1]

Epoch  77/500 Summary:
  Train Loss: 0.6377 | Train Acc: 62.68%
  Val Acc: 67.50% | LR: 0.009441
Patience remaining: 38/50
  --------------------------------------------------
DEBUG: Evaluate function - 80 predictions, 80 targets
DEBUG: Unique predictions: [0 1], Unique targets: [0 1]

Epoch  78/500 Summary:
  Train Loss: 0.6386 | Train Acc: 61.79%
  Val Acc: 65.00% | LR: 0.009426
Patience remaining: 37/50
  --------------------------------------------------
DEBUG: Evaluate function - 80 predictions, 80 targets
DEBUG: Unique predictions: [0 1], Unique targets: [0 1]

Epoch  79/500 Summary:
  Train Loss: 0.6310 | Train Acc: 65.54%
  Val Acc: 68.75% | LR: 0.009411
Patience remaining: 36/50
  --------------------------------------------------
DEBUG: Evaluate function - 80 predictions, 80 targets
DEBUG: Unique predictions: [0 1], Unique targets: [0 1]

Epoch  80/500 Summary:
  Train Loss: 0.6438 | Train Acc: 63.04%
  Val Acc: 68.75% | LR: 0.009397
Patience remaining: 35/50
  --------------------------------------------------
DEBUG: Evaluate function - 80 predictions, 80 targets
DEBUG: Unique predictions: [0 1], Unique targets: [0 1]

Epoch  81/500 Summary:
  Train Loss: 0.6294 | Train Acc: 64.46%
  Val Acc: 67.50% | LR: 0.009382
Patience remaining: 34/50
  --------------------------------------------------
DEBUG: Evaluate function - 80 predictions, 80 targets
DEBUG: Unique predictions: [0 1], Unique targets: [0 1]

Epoch  82/500 Summary:
  Train Loss: 0.6375 | Train Acc: 65.36%
  Val Acc: 65.00% | LR: 0.009366
Patience remaining: 33/50
  --------------------------------------------------
DEBUG: Evaluate function - 80 predictions, 80 targets
DEBUG: Unique predictions: [0 1], Unique targets: [0 1]

Epoch  83/500 Summary:
  Train Loss: 0.6279 | Train Acc: 64.82%
  Val Acc: 62.50% | LR: 0.009351
Patience remaining: 32/50
  --------------------------------------------------
DEBUG: Evaluate function - 80 predictions, 80 targets
DEBUG: Unique predictions: [0 1], Unique targets: [0 1]

Epoch  84/500 Summary:
  Train Loss: 0.6364 | Train Acc: 61.96%
  Val Acc: 68.75% | LR: 0.009335
Patience remaining: 31/50
  --------------------------------------------------
DEBUG: Evaluate function - 80 predictions, 80 targets
DEBUG: Unique predictions: [0 1], Unique targets: [0 1]

Epoch  85/500 Summary:
  Train Loss: 0.6367 | Train Acc: 63.21%
  Val Acc: 67.50% | LR: 0.009320
Patience remaining: 30/50
  --------------------------------------------------
DEBUG: Evaluate function - 80 predictions, 80 targets
DEBUG: Unique predictions: [0 1], Unique targets: [0 1]

Epoch  86/500 Summary:
  Train Loss: 0.6373 | Train Acc: 65.54%
  Val Acc: 58.75% | LR: 0.009304
Patience remaining: 29/50
  --------------------------------------------------
DEBUG: Evaluate function - 80 predictions, 80 targets
DEBUG: Unique predictions: [0 1], Unique targets: [0 1]

Epoch  87/500 Summary:
  Train Loss: 0.6292 | Train Acc: 67.14%
  Val Acc: 63.75% | LR: 0.009288
Patience remaining: 28/50
  --------------------------------------------------
DEBUG: Evaluate function - 80 predictions, 80 targets
DEBUG: Unique predictions: [0 1], Unique targets: [0 1]

Epoch  88/500 Summary:
  Train Loss: 0.6274 | Train Acc: 66.25%
  Val Acc: 67.50% | LR: 0.009271
Patience remaining: 27/50
  --------------------------------------------------
DEBUG: Evaluate function - 80 predictions, 80 targets
DEBUG: Unique predictions: [0 1], Unique targets: [0 1]

Epoch  89/500 Summary:
  Train Loss: 0.6299 | Train Acc: 67.14%
  Val Acc: 63.75% | LR: 0.009255
Patience remaining: 26/50
  --------------------------------------------------
DEBUG: Evaluate function - 80 predictions, 80 targets
DEBUG: Unique predictions: [0 1], Unique targets: [0 1]

Epoch  90/500 Summary:
  Train Loss: 0.6370 | Train Acc: 62.32%
  Val Acc: 65.00% | LR: 0.009238
Patience remaining: 25/50
  --------------------------------------------------
DEBUG: Evaluate function - 80 predictions, 80 targets
DEBUG: Unique predictions: [0 1], Unique targets: [0 1]

Epoch  91/500 Summary:
  Train Loss: 0.6376 | Train Acc: 63.75%
  Val Acc: 67.50% | LR: 0.009222
Patience remaining: 24/50
  --------------------------------------------------
DEBUG: Evaluate function - 80 predictions, 80 targets
DEBUG: Unique predictions: [0 1], Unique targets: [0 1]

Epoch  92/500 Summary:
  Train Loss: 0.6296 | Train Acc: 63.93%
  Val Acc: 70.00% | LR: 0.009205
Patience remaining: 23/50
  --------------------------------------------------
DEBUG: Evaluate function - 80 predictions, 80 targets
DEBUG: Unique predictions: [0 1], Unique targets: [0 1]

Epoch  93/500 Summary:
  Train Loss: 0.6420 | Train Acc: 62.86%
  Val Acc: 65.00% | LR: 0.009188
Patience remaining: 22/50
  --------------------------------------------------
DEBUG: Evaluate function - 80 predictions, 80 targets
DEBUG: Unique predictions: [0 1], Unique targets: [0 1]

Epoch  94/500 Summary:
  Train Loss: 0.6109 | Train Acc: 66.61%
  Val Acc: 71.25% | LR: 0.009170
New best validation accuracy!
  --------------------------------------------------
DEBUG: Evaluate function - 80 predictions, 80 targets
DEBUG: Unique predictions: [0 1], Unique targets: [0 1]

Epoch  95/500 Summary:
  Train Loss: 0.6402 | Train Acc: 63.21%
  Val Acc: 61.25% | LR: 0.009153
Patience remaining: 49/50
  --------------------------------------------------
DEBUG: Evaluate function - 80 predictions, 80 targets
DEBUG: Unique predictions: [0 1], Unique targets: [0 1]

Epoch  96/500 Summary:
  Train Loss: 0.6401 | Train Acc: 63.93%
  Val Acc: 53.75% | LR: 0.009135
Patience remaining: 48/50
  --------------------------------------------------
DEBUG: Evaluate function - 80 predictions, 80 targets
DEBUG: Unique predictions: [0 1], Unique targets: [0 1]

Epoch  97/500 Summary:
  Train Loss: 0.6523 | Train Acc: 61.79%
  Val Acc: 62.50% | LR: 0.009118
Patience remaining: 47/50
  --------------------------------------------------
DEBUG: Evaluate function - 80 predictions, 80 targets
DEBUG: Unique predictions: [0 1], Unique targets: [0 1]

Epoch  98/500 Summary:
  Train Loss: 0.6395 | Train Acc: 65.00%
  Val Acc: 68.75% | LR: 0.009100
Patience remaining: 46/50
  --------------------------------------------------
DEBUG: Evaluate function - 80 predictions, 80 targets
DEBUG: Unique predictions: [0 1], Unique targets: [0 1]

Epoch  99/500 Summary:
  Train Loss: 0.6232 | Train Acc: 66.43%
  Val Acc: 68.75% | LR: 0.009082
Patience remaining: 45/50
  --------------------------------------------------
DEBUG: Evaluate function - 80 predictions, 80 targets
DEBUG: Unique predictions: [0 1], Unique targets: [0 1]

Epoch 100/500 Summary:
  Train Loss: 0.6187 | Train Acc: 66.96%
  Val Acc: 66.25% | LR: 0.009063
Patience remaining: 44/50
  --------------------------------------------------
DEBUG: Evaluate function - 80 predictions, 80 targets
DEBUG: Unique predictions: [0 1], Unique targets: [0 1]

Epoch 101/500 Summary:
  Train Loss: 0.6202 | Train Acc: 67.68%
  Val Acc: 66.25% | LR: 0.009045
Patience remaining: 43/50
  --------------------------------------------------
DEBUG: Evaluate function - 80 predictions, 80 targets
DEBUG: Unique predictions: [0 1], Unique targets: [0 1]

Epoch 102/500 Summary:
  Train Loss: 0.6125 | Train Acc: 65.89%
  Val Acc: 62.50% | LR: 0.009027
Patience remaining: 42/50
  --------------------------------------------------
DEBUG: Evaluate function - 80 predictions, 80 targets
DEBUG: Unique predictions: [0 1], Unique targets: [0 1]

Epoch 103/500 Summary:
  Train Loss: 0.6239 | Train Acc: 65.71%
  Val Acc: 66.25% | LR: 0.009008
Patience remaining: 41/50
  --------------------------------------------------
DEBUG: Evaluate function - 80 predictions, 80 targets
DEBUG: Unique predictions: [0 1], Unique targets: [0 1]

Epoch 104/500 Summary:
  Train Loss: 0.6153 | Train Acc: 67.14%
  Val Acc: 67.50% | LR: 0.008989
Patience remaining: 40/50
  --------------------------------------------------
DEBUG: Evaluate function - 80 predictions, 80 targets
DEBUG: Unique predictions: [0 1], Unique targets: [0 1]

Epoch 105/500 Summary:
  Train Loss: 0.6121 | Train Acc: 67.68%
  Val Acc: 66.25% | LR: 0.008970
Patience remaining: 39/50
  --------------------------------------------------
DEBUG: Evaluate function - 80 predictions, 80 targets
DEBUG: Unique predictions: [0 1], Unique targets: [0 1]

Epoch 106/500 Summary:
  Train Loss: 0.6121 | Train Acc: 66.43%
  Val Acc: 68.75% | LR: 0.008951
Patience remaining: 38/50
  --------------------------------------------------
DEBUG: Evaluate function - 80 predictions, 80 targets
DEBUG: Unique predictions: [0 1], Unique targets: [0 1]

Epoch 107/500 Summary:
  Train Loss: 0.5999 | Train Acc: 66.96%
  Val Acc: 58.75% | LR: 0.008931
Patience remaining: 37/50
  --------------------------------------------------
DEBUG: Evaluate function - 80 predictions, 80 targets
DEBUG: Unique predictions: [0 1], Unique targets: [0 1]

Epoch 108/500 Summary:
  Train Loss: 0.5998 | Train Acc: 66.79%
  Val Acc: 67.50% | LR: 0.008912
Patience remaining: 36/50
  --------------------------------------------------
DEBUG: Evaluate function - 80 predictions, 80 targets
DEBUG: Unique predictions: [0 1], Unique targets: [0 1]

Epoch 109/500 Summary:
  Train Loss: 0.6081 | Train Acc: 67.32%
  Val Acc: 67.50% | LR: 0.008892
Patience remaining: 35/50
  --------------------------------------------------
DEBUG: Evaluate function - 80 predictions, 80 targets
DEBUG: Unique predictions: [0 1], Unique targets: [0 1]

Epoch 110/500 Summary:
  Train Loss: 0.5983 | Train Acc: 68.04%
  Val Acc: 65.00% | LR: 0.008873
Patience remaining: 34/50
  --------------------------------------------------
DEBUG: Evaluate function - 80 predictions, 80 targets
DEBUG: Unique predictions: [0 1], Unique targets: [0 1]

Epoch 111/500 Summary:
  Train Loss: 0.5802 | Train Acc: 71.43%
  Val Acc: 60.00% | LR: 0.008853
Patience remaining: 33/50
  --------------------------------------------------
DEBUG: Evaluate function - 80 predictions, 80 targets
DEBUG: Unique predictions: [0 1], Unique targets: [0 1]

Epoch 112/500 Summary:
  Train Loss: 0.5957 | Train Acc: 69.11%
  Val Acc: 57.50% | LR: 0.008832
Patience remaining: 32/50
  --------------------------------------------------
DEBUG: Evaluate function - 80 predictions, 80 targets
DEBUG: Unique predictions: [0 1], Unique targets: [0 1]

Epoch 113/500 Summary:
  Train Loss: 0.6245 | Train Acc: 68.04%
  Val Acc: 60.00% | LR: 0.008812
Patience remaining: 31/50
  --------------------------------------------------
DEBUG: Evaluate function - 80 predictions, 80 targets
DEBUG: Unique predictions: [0 1], Unique targets: [0 1]

Epoch 114/500 Summary:
  Train Loss: 0.5918 | Train Acc: 68.75%
  Val Acc: 63.75% | LR: 0.008792
Patience remaining: 30/50
  --------------------------------------------------
DEBUG: Evaluate function - 80 predictions, 80 targets
DEBUG: Unique predictions: [0 1], Unique targets: [0 1]

Epoch 115/500 Summary:
  Train Loss: 0.5563 | Train Acc: 72.14%
  Val Acc: 65.00% | LR: 0.008771
Patience remaining: 29/50
  --------------------------------------------------
DEBUG: Evaluate function - 80 predictions, 80 targets
DEBUG: Unique predictions: [0 1], Unique targets: [0 1]

Epoch 116/500 Summary:
  Train Loss: 0.5759 | Train Acc: 70.89%
  Val Acc: 71.25% | LR: 0.008751
Patience remaining: 28/50
  --------------------------------------------------
DEBUG: Evaluate function - 80 predictions, 80 targets
DEBUG: Unique predictions: [0 1], Unique targets: [0 1]

Epoch 117/500 Summary:
  Train Loss: 0.5749 | Train Acc: 70.71%
  Val Acc: 60.00% | LR: 0.008730
Patience remaining: 27/50
  --------------------------------------------------
DEBUG: Evaluate function - 80 predictions, 80 targets
DEBUG: Unique predictions: [0 1], Unique targets: [0 1]

Epoch 118/500 Summary:
  Train Loss: 0.5464 | Train Acc: 72.32%
  Val Acc: 68.75% | LR: 0.008709
Patience remaining: 26/50
  --------------------------------------------------
DEBUG: Evaluate function - 80 predictions, 80 targets
DEBUG: Unique predictions: [0 1], Unique targets: [0 1]

Epoch 119/500 Summary:
  Train Loss: 0.5428 | Train Acc: 75.18%
  Val Acc: 65.00% | LR: 0.008688
Patience remaining: 25/50
  --------------------------------------------------
DEBUG: Evaluate function - 80 predictions, 80 targets
DEBUG: Unique predictions: [0 1], Unique targets: [0 1]

Epoch 120/500 Summary:
  Train Loss: 0.5401 | Train Acc: 73.21%
  Val Acc: 67.50% | LR: 0.008666
Patience remaining: 24/50
  --------------------------------------------------
DEBUG: Evaluate function - 80 predictions, 80 targets
DEBUG: Unique predictions: [0 1], Unique targets: [0 1]

Epoch 121/500 Summary:
  Train Loss: 0.5475 | Train Acc: 74.46%
  Val Acc: 61.25% | LR: 0.008645
Patience remaining: 23/50
  --------------------------------------------------
DEBUG: Evaluate function - 80 predictions, 80 targets
DEBUG: Unique predictions: [0 1], Unique targets: [0 1]

Epoch 122/500 Summary:
  Train Loss: 0.5349 | Train Acc: 73.57%
  Val Acc: 56.25% | LR: 0.008623
Patience remaining: 22/50
  --------------------------------------------------
DEBUG: Evaluate function - 80 predictions, 80 targets
DEBUG: Unique predictions: [0 1], Unique targets: [0 1]

Epoch 123/500 Summary:
  Train Loss: 0.5201 | Train Acc: 76.61%
  Val Acc: 65.00% | LR: 0.008602
Patience remaining: 21/50
  --------------------------------------------------
DEBUG: Evaluate function - 80 predictions, 80 targets
DEBUG: Unique predictions: [0 1], Unique targets: [0 1]

Epoch 124/500 Summary:
  Train Loss: 0.5256 | Train Acc: 77.32%
  Val Acc: 67.50% | LR: 0.008580
Patience remaining: 20/50
  --------------------------------------------------
DEBUG: Evaluate function - 80 predictions, 80 targets
DEBUG: Unique predictions: [0 1], Unique targets: [0 1]

Epoch 125/500 Summary:
  Train Loss: 0.5356 | Train Acc: 74.46%
  Val Acc: 63.75% | LR: 0.008558
Patience remaining: 19/50
  --------------------------------------------------
DEBUG: Evaluate function - 80 predictions, 80 targets
DEBUG: Unique predictions: [0 1], Unique targets: [0 1]

Epoch 126/500 Summary:
  Train Loss: 0.5182 | Train Acc: 73.93%
  Val Acc: 63.75% | LR: 0.008536
Patience remaining: 18/50
  --------------------------------------------------
DEBUG: Evaluate function - 80 predictions, 80 targets
DEBUG: Unique predictions: [0 1], Unique targets: [0 1]

Epoch 127/500 Summary:
  Train Loss: 0.5286 | Train Acc: 74.11%
  Val Acc: 65.00% | LR: 0.008513
Patience remaining: 17/50
  --------------------------------------------------
DEBUG: Evaluate function - 80 predictions, 80 targets
DEBUG: Unique predictions: [0 1], Unique targets: [0 1]

Epoch 128/500 Summary:
  Train Loss: 0.5429 | Train Acc: 76.25%
  Val Acc: 63.75% | LR: 0.008491
Patience remaining: 16/50
  --------------------------------------------------
DEBUG: Evaluate function - 80 predictions, 80 targets
DEBUG: Unique predictions: [0 1], Unique targets: [0 1]

Epoch 129/500 Summary:
  Train Loss: 0.5214 | Train Acc: 75.36%
  Val Acc: 65.00% | LR: 0.008468
Patience remaining: 15/50
  --------------------------------------------------
DEBUG: Evaluate function - 80 predictions, 80 targets
DEBUG: Unique predictions: [0 1], Unique targets: [0 1]

Epoch 130/500 Summary:
  Train Loss: 0.5263 | Train Acc: 73.93%
  Val Acc: 66.25% | LR: 0.008446
Patience remaining: 14/50
  --------------------------------------------------
DEBUG: Evaluate function - 80 predictions, 80 targets
DEBUG: Unique predictions: [0 1], Unique targets: [0 1]

Epoch 131/500 Summary:
  Train Loss: 0.4950 | Train Acc: 78.04%
  Val Acc: 65.00% | LR: 0.008423
Patience remaining: 13/50
  --------------------------------------------------
DEBUG: Evaluate function - 80 predictions, 80 targets2025-09-21 23:53:26 -     Test accuracy: 0.5938
2025-09-21 23:53:26 -   Fold 4/5
2025-09-21 23:53:26 -     Fold split: Train=560, Val=80

DEBUG: Unique predictions: [0 1], Unique targets: [0 1]

Epoch 132/500 Summary:
  Train Loss: 0.5085 | Train Acc: 77.68%
  Val Acc: 63.75% | LR: 0.008400
Patience remaining: 12/50
  --------------------------------------------------
DEBUG: Evaluate function - 80 predictions, 80 targets
DEBUG: Unique predictions: [0 1], Unique targets: [0 1]

Epoch 133/500 Summary:
  Train Loss: 0.5007 | Train Acc: 77.68%
  Val Acc: 66.25% | LR: 0.008377
Patience remaining: 11/50
  --------------------------------------------------
DEBUG: Evaluate function - 80 predictions, 80 targets
DEBUG: Unique predictions: [0 1], Unique targets: [0 1]

Epoch 134/500 Summary:
  Train Loss: 0.4743 | Train Acc: 76.79%
  Val Acc: 63.75% | LR: 0.008353
Patience remaining: 10/50
  --------------------------------------------------
DEBUG: Evaluate function - 80 predictions, 80 targets
DEBUG: Unique predictions: [0 1], Unique targets: [0 1]

Epoch 135/500 Summary:
  Train Loss: 0.4920 | Train Acc: 77.50%
  Val Acc: 57.50% | LR: 0.008330
Patience remaining: 9/50
  --------------------------------------------------
DEBUG: Evaluate function - 80 predictions, 80 targets
DEBUG: Unique predictions: [0 1], Unique targets: [0 1]

Epoch 136/500 Summary:
  Train Loss: 0.4930 | Train Acc: 76.96%
  Val Acc: 65.00% | LR: 0.008307
Patience remaining: 8/50
  --------------------------------------------------
DEBUG: Evaluate function - 80 predictions, 80 targets
DEBUG: Unique predictions: [0 1], Unique targets: [0 1]

Epoch 137/500 Summary:
  Train Loss: 0.4973 | Train Acc: 77.14%
  Val Acc: 61.25% | LR: 0.008283
Patience remaining: 7/50
  --------------------------------------------------
DEBUG: Evaluate function - 80 predictions, 80 targets
DEBUG: Unique predictions: [0 1], Unique targets: [0 1]

Epoch 138/500 Summary:
  Train Loss: 0.4836 | Train Acc: 78.93%
  Val Acc: 62.50% | LR: 0.008259
Patience remaining: 6/50
  --------------------------------------------------
DEBUG: Evaluate function - 80 predictions, 80 targets
DEBUG: Unique predictions: [0 1], Unique targets: [0 1]

Epoch 139/500 Summary:
  Train Loss: 0.4673 | Train Acc: 80.89%
  Val Acc: 63.75% | LR: 0.008235
Patience remaining: 5/50
  --------------------------------------------------
DEBUG: Evaluate function - 80 predictions, 80 targets
DEBUG: Unique predictions: [0 1], Unique targets: [0 1]

Epoch 140/500 Summary:
  Train Loss: 0.4695 | Train Acc: 78.57%
  Val Acc: 61.25% | LR: 0.008211
Patience remaining: 4/50
  --------------------------------------------------
DEBUG: Evaluate function - 80 predictions, 80 targets
DEBUG: Unique predictions: [0 1], Unique targets: [0 1]

Epoch 141/500 Summary:
  Train Loss: 0.4733 | Train Acc: 76.61%
  Val Acc: 66.25% | LR: 0.008187
Patience remaining: 3/50
  --------------------------------------------------
DEBUG: Evaluate function - 80 predictions, 80 targets
DEBUG: Unique predictions: [0 1], Unique targets: [0 1]

Epoch 142/500 Summary:
  Train Loss: 0.4411 | Train Acc: 80.71%
  Val Acc: 65.00% | LR: 0.008163
Patience remaining: 2/50
  --------------------------------------------------
DEBUG: Evaluate function - 80 predictions, 80 targets
DEBUG: Unique predictions: [0 1], Unique targets: [0 1]

Epoch 143/500 Summary:
  Train Loss: 0.4782 | Train Acc: 78.39%
  Val Acc: 56.25% | LR: 0.008138
Patience remaining: 1/50
  --------------------------------------------------
DEBUG: Evaluate function - 80 predictions, 80 targets
DEBUG: Unique predictions: [0 1], Unique targets: [0 1]

Epoch 144/500 Summary:
  Train Loss: 0.4489 | Train Acc: 81.07%
  Val Acc: 57.50% | LR: 0.008114
Early stopping triggered! No improvement for 50 epochs
Best validation accuracy: 71.25%

============================================================
Training Complete!
Best Validation Accuracy: 71.25%
============================================================
DEBUG: Evaluate function - 80 predictions, 80 targets
DEBUG: Unique predictions: [0 1], Unique targets: [0 1]
Training class distribution: [280, 280]

============================================================
Starting Training - Max Epochs: 500
Model: EEGConformer
Learning Rate: 0.01, Weight Decay: 0.0001
Dropout: 0.25, Early Stopping Patience: 50
============================================================
DEBUG: Evaluate function - 80 predictions, 80 targets
DEBUG: Unique predictions: [1], Unique targets: [0 1]

Epoch   1/500 Summary:
  Train Loss: 0.7468 | Train Acc: 52.50%
  Val Acc: 50.00% | LR: 0.010000
New best validation accuracy!
  --------------------------------------------------
DEBUG: Evaluate function - 80 predictions, 80 targets
DEBUG: Unique predictions: [0], Unique targets: [0 1]

Epoch   2/500 Summary:
  Train Loss: 0.7003 | Train Acc: 51.61%
  Val Acc: 50.00% | LR: 0.010000
Patience remaining: 49/50
  --------------------------------------------------
DEBUG: Evaluate function - 80 predictions, 80 targets
DEBUG: Unique predictions: [0], Unique targets: [0 1]

Epoch   3/500 Summary:
  Train Loss: 0.7087 | Train Acc: 48.21%
  Val Acc: 50.00% | LR: 0.010000
Patience remaining: 48/50
  --------------------------------------------------
DEBUG: Evaluate function - 80 predictions, 80 targets
DEBUG: Unique predictions: [0], Unique targets: [0 1]

Epoch   4/500 Summary:
  Train Loss: 0.7063 | Train Acc: 46.25%
  Val Acc: 50.00% | LR: 0.009999
Patience remaining: 47/50
  --------------------------------------------------
DEBUG: Evaluate function - 80 predictions, 80 targets
DEBUG: Unique predictions: [1], Unique targets: [0 1]

Epoch   5/500 Summary:
  Train Loss: 0.6959 | Train Acc: 50.54%
  Val Acc: 50.00% | LR: 0.009998
Patience remaining: 46/50
  --------------------------------------------------
DEBUG: Evaluate function - 80 predictions, 80 targets
DEBUG: Unique predictions: [0], Unique targets: [0 1]

Epoch   6/500 Summary:
  Train Loss: 0.7043 | Train Acc: 49.64%
  Val Acc: 50.00% | LR: 0.009998
Patience remaining: 45/50
  --------------------------------------------------
DEBUG: Evaluate function - 80 predictions, 80 targets
DEBUG: Unique predictions: [0], Unique targets: [0 1]

Epoch   7/500 Summary:
  Train Loss: 0.7003 | Train Acc: 46.96%
  Val Acc: 50.00% | LR: 0.009996
Patience remaining: 44/50
  --------------------------------------------------
DEBUG: Evaluate function - 80 predictions, 80 targets
DEBUG: Unique predictions: [1], Unique targets: [0 1]

Epoch   8/500 Summary:
  Train Loss: 0.6967 | Train Acc: 52.32%
  Val Acc: 50.00% | LR: 0.009995
Patience remaining: 43/50
  --------------------------------------------------
DEBUG: Evaluate function - 80 predictions, 80 targets
DEBUG: Unique predictions: [0], Unique targets: [0 1]

Epoch   9/500 Summary:
  Train Loss: 0.7005 | Train Acc: 50.89%
  Val Acc: 50.00% | LR: 0.009994
Patience remaining: 42/50
  --------------------------------------------------
DEBUG: Evaluate function - 80 predictions, 80 targets
DEBUG: Unique predictions: [1], Unique targets: [0 1]

Epoch  10/500 Summary:
  Train Loss: 0.6961 | Train Acc: 52.68%
  Val Acc: 50.00% | LR: 0.009992
Patience remaining: 41/50
  --------------------------------------------------
DEBUG: Evaluate function - 80 predictions, 80 targets
DEBUG: Unique predictions: [0], Unique targets: [0 1]

Epoch  11/500 Summary:
  Train Loss: 0.6966 | Train Acc: 48.21%
  Val Acc: 50.00% | LR: 0.009990
Patience remaining: 40/50
  --------------------------------------------------
DEBUG: Evaluate function - 80 predictions, 80 targets
DEBUG: Unique predictions: [0 1], Unique targets: [0 1]

Epoch  12/500 Summary:
  Train Loss: 0.6941 | Train Acc: 51.43%
  Val Acc: 52.50% | LR: 0.009988
New best validation accuracy!
  --------------------------------------------------
DEBUG: Evaluate function - 80 predictions, 80 targets
DEBUG: Unique predictions: [0], Unique targets: [0 1]

Epoch  13/500 Summary:
  Train Loss: 0.6842 | Train Acc: 56.25%
  Val Acc: 50.00% | LR: 0.009986
Patience remaining: 49/50
  --------------------------------------------------
DEBUG: Evaluate function - 80 predictions, 80 targets
DEBUG: Unique predictions: [0 1], Unique targets: [0 1]

Epoch  14/500 Summary:
  Train Loss: 0.6788 | Train Acc: 56.79%
  Val Acc: 65.00% | LR: 0.009983
New best validation accuracy!
  --------------------------------------------------
DEBUG: Evaluate function - 80 predictions, 80 targets
DEBUG: Unique predictions: [0 1], Unique targets: [0 1]

Epoch  15/500 Summary:
  Train Loss: 0.6646 | Train Acc: 62.32%
  Val Acc: 58.75% | LR: 0.009981
Patience remaining: 49/50
  --------------------------------------------------
DEBUG: Evaluate function - 80 predictions, 80 targets
DEBUG: Unique predictions: [0 1], Unique targets: [0 1]

Epoch  16/500 Summary:
  Train Loss: 0.6651 | Train Acc: 61.25%
  Val Acc: 60.00% | LR: 0.009978
Patience remaining: 48/50
  --------------------------------------------------
DEBUG: Evaluate function - 80 predictions, 80 targets
DEBUG: Unique predictions: [0 1], Unique targets: [0 1]

Epoch  17/500 Summary:
  Train Loss: 0.6691 | Train Acc: 60.18%
  Val Acc: 62.50% | LR: 0.009975
Patience remaining: 47/50
  --------------------------------------------------
DEBUG: Evaluate function - 80 predictions, 80 targets
DEBUG: Unique predictions: [0 1], Unique targets: [0 1]

Epoch  18/500 Summary:
  Train Loss: 0.6597 | Train Acc: 64.11%
  Val Acc: 61.25% | LR: 0.009972
Patience remaining: 46/50
  --------------------------------------------------
DEBUG: Evaluate function - 80 predictions, 80 targets
DEBUG: Unique predictions: [0 1], Unique targets: [0 1]

Epoch  19/500 Summary:
  Train Loss: 0.6446 | Train Acc: 63.75%
  Val Acc: 56.25% | LR: 0.009968
Patience remaining: 45/50
  --------------------------------------------------
DEBUG: Evaluate function - 80 predictions, 80 targets
DEBUG: Unique predictions: [0 1], Unique targets: [0 1]

Epoch  20/500 Summary:
  Train Loss: 0.6531 | Train Acc: 63.21%
  Val Acc: 66.25% | LR: 0.009964
New best validation accuracy!
  --------------------------------------------------
DEBUG: Evaluate function - 80 predictions, 80 targets
DEBUG: Unique predictions: [0 1], Unique targets: [0 1]

Epoch  21/500 Summary:
  Train Loss: 0.6481 | Train Acc: 63.39%
  Val Acc: 58.75% | LR: 0.009961
Patience remaining: 49/50
  --------------------------------------------------
DEBUG: Evaluate function - 80 predictions, 80 targets
DEBUG: Unique predictions: [0 1], Unique targets: [0 1]

Epoch  22/500 Summary:
  Train Loss: 0.6370 | Train Acc: 64.46%
  Val Acc: 58.75% | LR: 0.009957
Patience remaining: 48/50
  --------------------------------------------------
DEBUG: Evaluate function - 80 predictions, 80 targets
DEBUG: Unique predictions: [0 1], Unique targets: [0 1]

Epoch  23/500 Summary:
  Train Loss: 0.6195 | Train Acc: 64.29%
  Val Acc: 53.75% | LR: 0.009952
Patience remaining: 47/50
  --------------------------------------------------
DEBUG: Evaluate function - 80 predictions, 80 targets
DEBUG: Unique predictions: [0 1], Unique targets: [0 1]

Epoch  24/500 Summary:
  Train Loss: 0.6298 | Train Acc: 66.07%
  Val Acc: 61.25% | LR: 0.009948
Patience remaining: 46/50
  --------------------------------------------------
DEBUG: Evaluate function - 80 predictions, 80 targets
DEBUG: Unique predictions: [0 1], Unique targets: [0 1]

Epoch  25/500 Summary:
  Train Loss: 0.6250 | Train Acc: 63.57%
  Val Acc: 60.00% | LR: 0.009943
Patience remaining: 45/50
  --------------------------------------------------
DEBUG: Evaluate function - 80 predictions, 80 targets
DEBUG: Unique predictions: [0 1], Unique targets: [0 1]

Epoch  26/500 Summary:
  Train Loss: 0.6239 | Train Acc: 65.71%
  Val Acc: 53.75% | LR: 0.009938
Patience remaining: 44/50
  --------------------------------------------------
DEBUG: Evaluate function - 80 predictions, 80 targets
DEBUG: Unique predictions: [0 1], Unique targets: [0 1]

Epoch  27/500 Summary:
  Train Loss: 0.6318 | Train Acc: 65.00%
  Val Acc: 53.75% | LR: 0.009933
Patience remaining: 43/50
  --------------------------------------------------
DEBUG: Evaluate function - 80 predictions, 80 targets
DEBUG: Unique predictions: [0 1], Unique targets: [0 1]

Epoch  28/500 Summary:
  Train Loss: 0.6185 | Train Acc: 65.54%
  Val Acc: 63.75% | LR: 0.009928
Patience remaining: 42/50
  --------------------------------------------------
DEBUG: Evaluate function - 80 predictions, 80 targets
DEBUG: Unique predictions: [0 1], Unique targets: [0 1]

Epoch  29/500 Summary:
  Train Loss: 0.6017 | Train Acc: 68.57%
  Val Acc: 56.25% | LR: 0.009923
Patience remaining: 41/50
  --------------------------------------------------
DEBUG: Evaluate function - 80 predictions, 80 targets
DEBUG: Unique predictions: [0 1], Unique targets: [0 1]

Epoch  30/500 Summary:
  Train Loss: 0.6071 | Train Acc: 67.50%
  Val Acc: 57.50% | LR: 0.009917
Patience remaining: 40/50
  --------------------------------------------------
DEBUG: Evaluate function - 80 predictions, 80 targets
DEBUG: Unique predictions: [0 1], Unique targets: [0 1]

Epoch  31/500 Summary:
  Train Loss: 0.6178 | Train Acc: 66.96%
  Val Acc: 56.25% | LR: 0.009911
Patience remaining: 39/50
  --------------------------------------------------
DEBUG: Evaluate function - 80 predictions, 80 targets
DEBUG: Unique predictions: [0 1], Unique targets: [0 1]

Epoch  32/500 Summary:
  Train Loss: 0.6272 | Train Acc: 66.79%
  Val Acc: 61.25% | LR: 0.009905
Patience remaining: 38/50
  --------------------------------------------------
DEBUG: Evaluate function - 80 predictions, 80 targets
DEBUG: Unique predictions: [0 1], Unique targets: [0 1]

Epoch  33/500 Summary:
  Train Loss: 0.5997 | Train Acc: 68.75%
  Val Acc: 57.50% | LR: 0.009899
Patience remaining: 37/50
  --------------------------------------------------
DEBUG: Evaluate function - 80 predictions, 80 targets
DEBUG: Unique predictions: [0 1], Unique targets: [0 1]

Epoch  34/500 Summary:
  Train Loss: 0.5595 | Train Acc: 73.75%
  Val Acc: 60.00% | LR: 0.009893
Patience remaining: 36/50
  --------------------------------------------------
DEBUG: Evaluate function - 80 predictions, 80 targets
DEBUG: Unique predictions: [0 1], Unique targets: [0 1]

Epoch  35/500 Summary:
  Train Loss: 0.5801 | Train Acc: 70.54%
  Val Acc: 58.75% | LR: 0.009886
Patience remaining: 35/50
  --------------------------------------------------
DEBUG: Evaluate function - 80 predictions, 80 targets
DEBUG: Unique predictions: [0 1], Unique targets: [0 1]

Epoch  36/500 Summary:
  Train Loss: 0.5609 | Train Acc: 74.29%
  Val Acc: 53.75% | LR: 0.009880
Patience remaining: 34/50
  --------------------------------------------------
DEBUG: Evaluate function - 80 predictions, 80 targets
DEBUG: Unique predictions: [0 1], Unique targets: [0 1]

Epoch  37/500 Summary:
  Train Loss: 0.5520 | Train Acc: 72.68%
  Val Acc: 57.50% | LR: 0.009873
Patience remaining: 33/50
  --------------------------------------------------
DEBUG: Evaluate function - 80 predictions, 80 targets
DEBUG: Unique predictions: [0 1], Unique targets: [0 1]

Epoch  38/500 Summary:
  Train Loss: 0.5656 | Train Acc: 72.14%
  Val Acc: 56.25% | LR: 0.009865
Patience remaining: 32/50
  --------------------------------------------------
DEBUG: Evaluate function - 80 predictions, 80 targets
DEBUG: Unique predictions: [0 1], Unique targets: [0 1]

Epoch  39/500 Summary:
  Train Loss: 0.5447 | Train Acc: 71.61%
  Val Acc: 56.25% | LR: 0.009858
Patience remaining: 31/50
  --------------------------------------------------
DEBUG: Evaluate function - 80 predictions, 80 targets
DEBUG: Unique predictions: [0 1], Unique targets: [0 1]

Epoch  40/500 Summary:
  Train Loss: 0.5356 | Train Acc: 75.18%
  Val Acc: 53.75% | LR: 0.009851
Patience remaining: 30/50
  --------------------------------------------------
DEBUG: Evaluate function - 80 predictions, 80 targets
DEBUG: Unique predictions: [0 1], Unique targets: [0 1]

Epoch  41/500 Summary:
  Train Loss: 0.5709 | Train Acc: 70.36%
  Val Acc: 56.25% | LR: 0.009843
Patience remaining: 29/50
  --------------------------------------------------
DEBUG: Evaluate function - 80 predictions, 80 targets
DEBUG: Unique predictions: [0 1], Unique targets: [0 1]

Epoch  42/500 Summary:
  Train Loss: 0.5388 | Train Acc: 74.46%
  Val Acc: 58.75% | LR: 0.009835
Patience remaining: 28/50
  --------------------------------------------------
DEBUG: Evaluate function - 80 predictions, 80 targets
DEBUG: Unique predictions: [0 1], Unique targets: [0 1]

Epoch  43/500 Summary:
  Train Loss: 0.5305 | Train Acc: 74.64%
  Val Acc: 53.75% | LR: 0.009827
Patience remaining: 27/50
  --------------------------------------------------
DEBUG: Evaluate function - 80 predictions, 80 targets
DEBUG: Unique predictions: [0 1], Unique targets: [0 1]

Epoch  44/500 Summary:
  Train Loss: 0.5096 | Train Acc: 76.25%
  Val Acc: 57.50% | LR: 0.009819
Patience remaining: 26/50
  --------------------------------------------------
DEBUG: Evaluate function - 80 predictions, 80 targets
DEBUG: Unique predictions: [0 1], Unique targets: [0 1]

Epoch  45/500 Summary:
  Train Loss: 0.4917 | Train Acc: 76.96%
  Val Acc: 52.50% | LR: 0.009810
Patience remaining: 25/50
  --------------------------------------------------
DEBUG: Evaluate function - 80 predictions, 80 targets
DEBUG: Unique predictions: [0 1], Unique targets: [0 1]

Epoch  46/500 Summary:
  Train Loss: 0.4966 | Train Acc: 78.39%
  Val Acc: 58.75% | LR: 0.009801
Patience remaining: 24/50
  --------------------------------------------------
DEBUG: Evaluate function - 80 predictions, 80 targets
DEBUG: Unique predictions: [0 1], Unique targets: [0 1]

Epoch  47/500 Summary:
  Train Loss: 0.4975 | Train Acc: 76.61%
  Val Acc: 57.50% | LR: 0.009793
Patience remaining: 23/50
  --------------------------------------------------
DEBUG: Evaluate function - 80 predictions, 80 targets
DEBUG: Unique predictions: [0 1], Unique targets: [0 1]

Epoch  48/500 Summary:
  Train Loss: 0.4753 | Train Acc: 77.50%
  Val Acc: 52.50% | LR: 0.009784
Patience remaining: 22/50
  --------------------------------------------------
DEBUG: Evaluate function - 80 predictions, 80 targets
DEBUG: Unique predictions: [0 1], Unique targets: [0 1]

Epoch  49/500 Summary:
  Train Loss: 0.4696 | Train Acc: 79.64%
  Val Acc: 53.75% | LR: 0.009774
Patience remaining: 21/50
  --------------------------------------------------
DEBUG: Evaluate function - 80 predictions, 80 targets
DEBUG: Unique predictions: [0 1], Unique targets: [0 1]

Epoch  50/500 Summary:
  Train Loss: 0.5305 | Train Acc: 75.54%
  Val Acc: 55.00% | LR: 0.009765
Patience remaining: 20/50
  --------------------------------------------------
DEBUG: Evaluate function - 80 predictions, 80 targets
DEBUG: Unique predictions: [0 1], Unique targets: [0 1]

Epoch  51/500 Summary:
  Train Loss: 0.4482 | Train Acc: 80.36%
  Val Acc: 60.00% | LR: 0.009755
Patience remaining: 19/50
  --------------------------------------------------
DEBUG: Evaluate function - 80 predictions, 80 targets
DEBUG: Unique predictions: [0 1], Unique targets: [0 1]

Epoch  52/500 Summary:
  Train Loss: 0.4393 | Train Acc: 81.79%
  Val Acc: 58.75% | LR: 0.009745
Patience remaining: 18/50
  --------------------------------------------------
DEBUG: Evaluate function - 80 predictions, 80 targets
DEBUG: Unique predictions: [0 1], Unique targets: [0 1]

Epoch  53/500 Summary:
  Train Loss: 0.4457 | Train Acc: 79.46%
  Val Acc: 60.00% | LR: 0.009735
Patience remaining: 17/50
  --------------------------------------------------
DEBUG: Evaluate function - 80 predictions, 80 targets
DEBUG: Unique predictions: [0 1], Unique targets: [0 1]

Epoch  54/500 Summary:
  Train Loss: 0.4599 | Train Acc: 79.11%
  Val Acc: 51.25% | LR: 0.009725
Patience remaining: 16/50
  --------------------------------------------------
DEBUG: Evaluate function - 80 predictions, 80 targets
DEBUG: Unique predictions: [0 1], Unique targets: [0 1]

Epoch  55/500 Summary:
  Train Loss: 0.4345 | Train Acc: 80.18%
  Val Acc: 55.00% | LR: 0.009715
Patience remaining: 15/50
  --------------------------------------------------
DEBUG: Evaluate function - 80 predictions, 80 targets
DEBUG: Unique predictions: [0 1], Unique targets: [0 1]

Epoch  56/500 Summary:
  Train Loss: 0.5105 | Train Acc: 78.21%
  Val Acc: 55.00% | LR: 0.009704
Patience remaining: 14/50
  --------------------------------------------------
DEBUG: Evaluate function - 80 predictions, 80 targets
DEBUG: Unique predictions: [0 1], Unique targets: [0 1]

Epoch  57/500 Summary:
  Train Loss: 0.4326 | Train Acc: 82.32%
  Val Acc: 56.25% | LR: 0.009694
Patience remaining: 13/50
  --------------------------------------------------
DEBUG: Evaluate function - 80 predictions, 80 targets
DEBUG: Unique predictions: [0 1], Unique targets: [0 1]

Epoch  58/500 Summary:
  Train Loss: 0.4235 | Train Acc: 80.71%
  Val Acc: 55.00% | LR: 0.009683
Patience remaining: 12/50
  --------------------------------------------------
DEBUG: Evaluate function - 80 predictions, 80 targets
DEBUG: Unique predictions: [0 1], Unique targets: [0 1]

Epoch  59/500 Summary:
  Train Loss: 0.4439 | Train Acc: 81.07%
  Val Acc: 55.00% | LR: 0.009672
Patience remaining: 11/50
  --------------------------------------------------
DEBUG: Evaluate function - 80 predictions, 80 targets
DEBUG: Unique predictions: [0 1], Unique targets: [0 1]

Epoch  60/500 Summary:
  Train Loss: 0.4507 | Train Acc: 79.46%
  Val Acc: 60.00% | LR: 0.009660
Patience remaining: 10/50
  --------------------------------------------------
DEBUG: Evaluate function - 80 predictions, 80 targets
DEBUG: Unique predictions: [0 1], Unique targets: [0 1]

Epoch  61/500 Summary:
  Train Loss: 0.4107 | Train Acc: 83.57%
  Val Acc: 47.50% | LR: 0.009649
Patience remaining: 9/50
  --------------------------------------------------
DEBUG: Evaluate function - 80 predictions, 80 targets
DEBUG: Unique predictions: [0 1], Unique targets: [0 1]

Epoch  62/500 Summary:
  Train Loss: 0.4608 | Train Acc: 79.46%
  Val Acc: 60.00% | LR: 0.009637
Patience remaining: 8/50
  --------------------------------------------------
DEBUG: Evaluate function - 80 predictions, 80 targets
DEBUG: Unique predictions: [0 1], Unique targets: [0 1]

Epoch  63/500 Summary:
  Train Loss: 0.4097 | Train Acc: 83.39%
  Val Acc: 61.25% | LR: 0.009625
Patience remaining: 7/50
  --------------------------------------------------
DEBUG: Evaluate function - 80 predictions, 80 targets
DEBUG: Unique predictions: [0 1], Unique targets: [0 1]

Epoch  64/500 Summary:
  Train Loss: 0.4245 | Train Acc: 80.89%
  Val Acc: 56.25% | LR: 0.009613
Patience remaining: 6/50
  --------------------------------------------------
DEBUG: Evaluate function - 80 predictions, 80 targets
DEBUG: Unique predictions: [0 1], Unique targets: [0 1]

Epoch  65/500 Summary:
  Train Loss: 0.3746 | Train Acc: 83.93%
  Val Acc: 60.00% | LR: 0.009601
Patience remaining: 5/50
  --------------------------------------------------
DEBUG: Evaluate function - 80 predictions, 80 targets
DEBUG: Unique predictions: [0 1], Unique targets: [0 1]

Epoch  66/500 Summary:
  Train Loss: 0.4035 | Train Acc: 81.43%
  Val Acc: 56.25% | LR: 0.009589
Patience remaining: 4/50
  --------------------------------------------------
DEBUG: Evaluate function - 80 predictions, 80 targets
DEBUG: Unique predictions: [0 1], Unique targets: [0 1]

Epoch  67/500 Summary:
  Train Loss: 0.4892 | Train Acc: 76.07%
  Val Acc: 57.50% | LR: 0.009576
Patience remaining: 3/50
  --------------------------------------------------
DEBUG: Evaluate function - 80 predictions, 80 targets
DEBUG: Unique predictions: [0 1], Unique targets: [0 1]

Epoch  68/500 Summary:
  Train Loss: 0.4005 | Train Acc: 84.29%
  Val Acc: 53.75% | LR: 0.009563
Patience remaining: 2/50
  --------------------------------------------------
DEBUG: Evaluate function - 80 predictions, 80 targets
DEBUG: Unique predictions: [0 1], Unique targets: [0 1]

Epoch  69/500 Summary:
  Train Loss: 0.3621 | Train Acc: 85.89%
  Val Acc: 53.75% | LR: 0.009551
Patience remaining: 1/50
  --------------------------------------------------
DEBUG: Evaluate function - 80 predictions, 80 targets
DEBUG: Unique predictions: [0 1], Unique targets: [0 1]

Epoch  70/500 Summary:
  Train Loss: 0.3759 | Train Acc: 83.39%
  Val Acc: 53.75% | LR: 0.009537
Early stopping triggered! No improvement for 50 epochs
Best validation accuracy: 66.25%

============================================================
Training Complete!
Best Validation Accuracy: 66.25%
============================================================
DEBUG: Evaluate function - 80 predictions, 80 targets
DEBUG: Unique predictions: [0 1], Unique targets: [0 1]2025-09-21 23:53:38 -     Test accuracy: 0.5500
2025-09-21 23:53:38 -   Fold 5/5
2025-09-21 23:53:38 -     Fold split: Train=560, Val=80
