2025-09-28 17:36:57 - 
==================================================
2025-09-28 17:36:57 - TF-DWT Joint Training (Auto-Adjusted)
2025-09-28 17:36:57 - ==================================================
2025-09-28 17:36:57 - 
Experiment Configuration:
2025-09-28 17:36:57 - --------------------------------------------------
2025-09-28 17:36:57 - electrode_list: all
2025-09-28 17:36:57 - fusion_method: none
2025-09-28 17:36:57 - domain_adaptation: none
2025-09-28 17:36:57 - use_enhanced_preprocessing: True
2025-09-28 17:36:57 - batch_size: 32
2025-09-28 17:36:57 - max_epochs: 500
2025-09-28 17:36:57 - learning_rate: 0.01
2025-09-28 17:36:57 - weight_decay: 0.0001
2025-09-28 17:36:57 - dropout_rate: 0.25
2025-09-28 17:36:57 - use_data_augmentation: True
2025-09-28 17:36:57 - noise_std: 0.005
2025-09-28 17:36:57 - time_shift_range: 5
2025-09-28 17:36:57 - label_smoothing: 0.05
2025-09-28 17:36:57 - trials_per_subject_P3: 10
2025-09-28 17:36:57 - trials_per_subject_AVO: 80
2025-09-28 17:36:57 - train/val/test: (0.7, 0.1, 0.2)
2025-09-28 17:36:57 - device_mode: cuda
2025-09-28 17:36:57 - --------------------------------------------------
2025-09-28 17:36:57 - 
==================================================
2025-09-28 17:36:57 - Running Nested Cross-Validation with TF-DWT
2025-09-28 17:36:57 - ==================================================
2025-09-28 17:36:57 - Loading dataset for CV: P3
2025-09-28 17:36:57 - Subject P3_sub-001: Sampled 10/80 trials
2025-09-28 17:36:57 -   Original distribution: {0: 0.5, 1: 0.5}
2025-09-28 17:36:57 -   Sampled distribution: {0: 0.5, 1: 0.5}
2025-09-28 17:36:57 - Subject P3_sub-002: Sampled 10/80 trials
2025-09-28 17:36:57 -   Original distribution: {0: 0.5, 1: 0.5}
2025-09-28 17:36:57 -   Sampled distribution: {0: 0.5, 1: 0.5}
2025-09-28 17:36:58 - Subject P3_sub-003: Sampled 10/80 trials
2025-09-28 17:36:58 -   Original distribution: {0: 0.5, 1: 0.5}
2025-09-28 17:36:58 -   Sampled distribution: {0: 0.5, 1: 0.5}
2025-09-28 17:36:58 - Subject P3_sub-004: Sampled 10/78 trials
2025-09-28 17:36:58 -   Original distribution: {0: 0.5, 1: 0.5}
2025-09-28 17:36:58 -   Sampled distribution: {0: 0.5, 1: 0.5}
2025-09-28 17:36:58 - Subject P3_sub-005: Sampled 10/80 trials
2025-09-28 17:36:58 -   Original distribution: {0: 0.5, 1: 0.5}
2025-09-28 17:36:58 -   Sampled distribution: {0: 0.5, 1: 0.5}
2025-09-28 17:36:58 - Subject P3_sub-006: Sampled 10/80 trials
2025-09-28 17:36:58 -   Original distribution: {0: 0.5, 1: 0.5}
2025-09-28 17:36:58 -   Sampled distribution: {0: 0.5, 1: 0.5}
2025-09-28 17:36:58 - Subject P3_sub-007: Sampled 10/80 trials
2025-09-28 17:36:58 -   Original distribution: {0: 0.5, 1: 0.5}
2025-09-28 17:36:58 -   Sampled distribution: {0: 0.5, 1: 0.5}
2025-09-28 17:36:58 - Subject P3_sub-008: Sampled 10/80 trials
2025-09-28 17:36:58 -   Original distribution: {0: 0.5, 1: 0.5}
2025-09-28 17:36:58 -   Sampled distribution: {0: 0.5, 1: 0.5}
2025-09-28 17:36:59 - Subject P3_sub-009: Sampled 10/80 trials
2025-09-28 17:36:59 -   Original distribution: {0: 0.5, 1: 0.5}
2025-09-28 17:36:59 -   Sampled distribution: {0: 0.5, 1: 0.5}
2025-09-28 17:36:59 - Subject P3_sub-010: Sampled 10/80 trials
2025-09-28 17:36:59 -   Original distribution: {0: 0.5, 1: 0.5}
2025-09-28 17:36:59 -   Sampled distribution: {0: 0.5, 1: 0.5}
2025-09-28 17:36:59 - Subject P3_sub-011: Sampled 10/80 trials
2025-09-28 17:36:59 -   Original distribution: {0: 0.5, 1: 0.5}
2025-09-28 17:36:59 -   Sampled distribution: {0: 0.5, 1: 0.5}
2025-09-28 17:36:59 - Subject P3_sub-012: Sampled 10/78 trials
2025-09-28 17:36:59 -   Original distribution: {0: 0.5, 1: 0.5}
2025-09-28 17:36:59 -   Sampled distribution: {0: 0.5, 1: 0.5}
2025-09-28 17:36:59 - Subject P3_sub-013: Sampled 10/80 trials
2025-09-28 17:36:59 -   Original distribution: {0: 0.5, 1: 0.5}
2025-09-28 17:36:59 -   Sampled distribution: {0: 0.5, 1: 0.5}
2025-09-28 17:36:59 - Subject P3_sub-014: Sampled 10/80 trials
2025-09-28 17:36:59 -   Original distribution: {0: 0.5, 1: 0.5}
2025-09-28 17:36:59 -   Sampled distribution: {0: 0.5, 1: 0.5}
2025-09-28 17:37:00 - Subject P3_sub-015: Sampled 10/80 trials
2025-09-28 17:37:00 -   Original distribution: {0: 0.5, 1: 0.5}
2025-09-28 17:37:00 -   Sampled distribution: {0: 0.5, 1: 0.5}
2025-09-28 17:37:00 - Subject P3_sub-016: Sampled 10/80 trials
2025-09-28 17:37:00 -   Original distribution: {0: 0.5, 1: 0.5}
2025-09-28 17:37:00 -   Sampled distribution: {0: 0.5, 1: 0.5}
2025-09-28 17:37:00 - Subject P3_sub-017: Sampled 10/80 trials
2025-09-28 17:37:00 -   Original distribution: {0: 0.5, 1: 0.5}
2025-09-28 17:37:00 -   Sampled distribution: {0: 0.5, 1: 0.5}
2025-09-28 17:37:00 - Subject P3_sub-018: Sampled 10/80 trials
2025-09-28 17:37:00 -   Original distribution: {0: 0.5, 1: 0.5}
2025-09-28 17:37:00 -   Sampled distribution: {0: 0.5, 1: 0.5}
2025-09-28 17:37:00 - Subject P3_sub-019: Sampled 10/80 trials
2025-09-28 17:37:00 -   Original distribution: {0: 0.5, 1: 0.5}
2025-09-28 17:37:00 -   Sampled distribution: {0: 0.5, 1: 0.5}
2025-09-28 17:37:00 - Subject P3_sub-020: Sampled 10/78 trials
2025-09-28 17:37:00 -   Original distribution: {0: 0.5, 1: 0.5}
2025-09-28 17:37:00 -   Sampled distribution: {0: 0.5, 1: 0.5}
2025-09-28 17:37:01 - Subject P3_sub-021: Sampled 10/80 trials
2025-09-28 17:37:01 -   Original distribution: {0: 0.5, 1: 0.5}
2025-09-28 17:37:01 -   Sampled distribution: {0: 0.5, 1: 0.5}
2025-09-28 17:37:01 - Subject P3_sub-022: Sampled 10/80 trials
2025-09-28 17:37:01 -   Original distribution: {0: 0.5, 1: 0.5}
2025-09-28 17:37:01 -   Sampled distribution: {0: 0.5, 1: 0.5}
2025-09-28 17:37:01 - Subject P3_sub-023: Sampled 10/78 trials
2025-09-28 17:37:01 -   Original distribution: {0: 0.5, 1: 0.5}
2025-09-28 17:37:01 -   Sampled distribution: {0: 0.5, 1: 0.5}
2025-09-28 17:37:01 - Subject P3_sub-024: Sampled 10/80 trials
2025-09-28 17:37:01 -   Original distribution: {0: 0.5, 1: 0.5}
2025-09-28 17:37:01 -   Sampled distribution: {0: 0.5, 1: 0.5}
2025-09-28 17:37:01 - Subject P3_sub-025: Sampled 10/80 trials
2025-09-28 17:37:01 -   Original distribution: {0: 0.5, 1: 0.5}
2025-09-28 17:37:01 -   Sampled distribution: {0: 0.5, 1: 0.5}
2025-09-28 17:37:01 - Subject P3_sub-026: Sampled 10/80 trials
2025-09-28 17:37:01 -   Original distribution: {0: 0.5, 1: 0.5}
2025-09-28 17:37:01 -   Sampled distribution: {0: 0.5, 1: 0.5}
2025-09-28 17:37:01 - Subject P3_sub-027: Sampled 10/80 trials
2025-09-28 17:37:01 -   Original distribution: {0: 0.5, 1: 0.5}
2025-09-28 17:37:01 -   Sampled distribution: {0: 0.5, 1: 0.5}
2025-09-28 17:37:02 - Subject P3_sub-028: Sampled 10/80 trials
2025-09-28 17:37:02 -   Original distribution: {0: 0.5, 1: 0.5}
2025-09-28 17:37:02 -   Sampled distribution: {0: 0.5, 1: 0.5}
2025-09-28 17:37:02 - Subject P3_sub-029: Sampled 10/80 trials
2025-09-28 17:37:02 -   Original distribution: {0: 0.5, 1: 0.5}
2025-09-28 17:37:02 -   Sampled distribution: {0: 0.5, 1: 0.5}
2025-09-28 17:37:02 - Subject P3_sub-030: Sampled 10/80 trials
2025-09-28 17:37:02 -   Original distribution: {0: 0.5, 1: 0.5}
2025-09-28 17:37:02 -   Sampled distribution: {0: 0.5, 1: 0.5}
2025-09-28 17:37:02 - Subject P3_sub-031: Sampled 10/80 trials
2025-09-28 17:37:02 -   Original distribution: {0: 0.5, 1: 0.5}
2025-09-28 17:37:02 -   Sampled distribution: {0: 0.5, 1: 0.5}
2025-09-28 17:37:02 - Subject P3_sub-032: Sampled 10/80 trials
2025-09-28 17:37:02 -   Original distribution: {0: 0.5, 1: 0.5}
2025-09-28 17:37:02 -   Sampled distribution: {0: 0.5, 1: 0.5}
2025-09-28 17:37:02 - Subject P3_sub-033: Sampled 10/80 trials
2025-09-28 17:37:02 -   Original distribution: {0: 0.5, 1: 0.5}
2025-09-28 17:37:02 -   Sampled distribution: {0: 0.5, 1: 0.5}
2025-09-28 17:37:03 - Subject P3_sub-034: Sampled 10/80 trials
2025-09-28 17:37:03 -   Original distribution: {0: 0.5, 1: 0.5}
2025-09-28 17:37:03 -   Sampled distribution: {0: 0.5, 1: 0.5}
2025-09-28 17:37:03 - Subject P3_sub-035: Sampled 10/78 trials
2025-09-28 17:37:03 -   Original distribution: {0: 0.5, 1: 0.5}
2025-09-28 17:37:03 -   Sampled distribution: {0: 0.5, 1: 0.5}
2025-09-28 17:37:03 - Subject P3_sub-036: Sampled 10/80 trials
2025-09-28 17:37:03 -   Original distribution: {0: 0.5, 1: 0.5}
2025-09-28 17:37:03 -   Sampled distribution: {0: 0.5, 1: 0.5}
2025-09-28 17:37:03 - Subject P3_sub-037: Sampled 10/78 trials
2025-09-28 17:37:03 -   Original distribution: {0: 0.5, 1: 0.5}
2025-09-28 17:37:03 -   Sampled distribution: {0: 0.5, 1: 0.5}
2025-09-28 17:37:03 - Subject P3_sub-038: Sampled 10/80 trials
2025-09-28 17:37:03 -   Original distribution: {0: 0.5, 1: 0.5}
2025-09-28 17:37:03 -   Sampled distribution: {0: 0.5, 1: 0.5}
2025-09-28 17:37:03 - Subject P3_sub-039: Sampled 10/80 trials
2025-09-28 17:37:03 -   Original distribution: {0: 0.5, 1: 0.5}
2025-09-28 17:37:03 -   Sampled distribution: {0: 0.5, 1: 0.5}
2025-09-28 17:37:04 - Subject P3_sub-040: Sampled 10/80 trials
2025-09-28 17:37:04 -   Original distribution: {0: 0.5, 1: 0.5}
2025-09-28 17:37:04 -   Sampled distribution: {0: 0.5, 1: 0.5}
2025-09-28 17:37:04 - Loading dataset for CV: AVO
2025-09-28 17:37:19 - Subject AVO_038: Sampled 80/100 trials
2025-09-28 17:37:19 -   Original distribution: {0: 0.5, 1: 0.5}
2025-09-28 17:37:19 -   Sampled distribution: {0: 0.5, 1: 0.5}
2025-09-28 17:37:19 - Subject AVO_032: Sampled 80/96 trials
2025-09-28 17:37:19 -   Original distribution: {0: 0.5, 1: 0.5}
2025-09-28 17:37:19 -   Sampled distribution: {0: 0.5, 1: 0.5}
2025-09-28 17:37:19 - Subject AVO_024: Sampled 80/92 trials
2025-09-28 17:37:19 -   Original distribution: {0: 0.5, 1: 0.5}
2025-09-28 17:37:19 -   Sampled distribution: {0: 0.5, 1: 0.5}
2025-09-28 17:37:19 - Subject AVO_047: Sampled 80/92 trials
2025-09-28 17:37:19 -   Original distribution: {0: 0.5, 1: 0.5}
2025-09-28 17:37:19 -   Sampled distribution: {0: 0.5, 1: 0.5}
2025-09-28 17:37:20 - Subject AVO_003: Sampled 80/88 trials
2025-09-28 17:37:20 -   Original distribution: {0: 0.5, 1: 0.5}
2025-09-28 17:37:20 -   Sampled distribution: {0: 0.5, 1: 0.5}
2025-09-28 17:37:20 - Subject AVO_031: Sampled 80/88 trials
2025-09-28 17:37:20 -   Original distribution: {0: 0.5, 1: 0.5}
2025-09-28 17:37:20 -   Sampled distribution: {0: 0.5, 1: 0.5}
2025-09-28 17:37:20 - Subject AVO_035: Sampled 80/88 trials
2025-09-28 17:37:20 -   Original distribution: {0: 0.5, 1: 0.5}
2025-09-28 17:37:20 -   Sampled distribution: {0: 0.5, 1: 0.5}
2025-09-28 17:37:20 - Subject AVO_048: Sampled 80/88 trials
2025-09-28 17:37:20 -   Original distribution: {0: 0.5, 1: 0.5}
2025-09-28 17:37:20 -   Sampled distribution: {0: 0.5, 1: 0.5}
2025-09-28 17:37:20 - Subject AVO_037: Sampled 80/86 trials
2025-09-28 17:37:20 -   Original distribution: {0: 0.5, 1: 0.5}
2025-09-28 17:37:20 -   Sampled distribution: {0: 0.5, 1: 0.5}
2025-09-28 17:37:20 - Subject AVO_041: Sampled 80/86 trials
2025-09-28 17:37:20 -   Original distribution: {0: 0.5, 1: 0.5}
2025-09-28 17:37:20 -   Sampled distribution: {0: 0.5, 1: 0.5}
2025-09-28 17:37:20 - Subject AVO_004: Sampled 80/84 trials
2025-09-28 17:37:20 -   Original distribution: {0: 0.5, 1: 0.5}
2025-09-28 17:37:20 -   Sampled distribution: {0: 0.5, 1: 0.5}
2025-09-28 17:37:21 - Subject AVO_028: Sampled 80/84 trials
2025-09-28 17:37:21 -   Original distribution: {0: 0.5, 1: 0.5}
2025-09-28 17:37:21 -   Sampled distribution: {0: 0.5, 1: 0.5}
2025-09-28 17:37:21 - Subject AVO_029: Sampled 80/84 trials
2025-09-28 17:37:21 -   Original distribution: {0: 0.5, 1: 0.5}
2025-09-28 17:37:21 -   Sampled distribution: {0: 0.5, 1: 0.5}
2025-09-28 17:37:21 - Subject AVO_036: Sampled 80/84 trials
2025-09-28 17:37:21 -   Original distribution: {0: 0.5, 1: 0.5}
2025-09-28 17:37:21 -   Sampled distribution: {0: 0.5, 1: 0.5}
2025-09-28 17:37:21 - Subject AVO_040: Sampled 80/84 trials
2025-09-28 17:37:21 -   Original distribution: {0: 0.5, 1: 0.5}
2025-09-28 17:37:21 -   Sampled distribution: {0: 0.5, 1: 0.5}
2025-09-28 17:37:21 - Subject AVO_051: Sampled 80/84 trials
2025-09-28 17:37:21 -   Original distribution: {0: 0.5, 1: 0.5}
2025-09-28 17:37:21 -   Sampled distribution: {0: 0.5, 1: 0.5}
2025-09-28 17:37:21 - Subject AVO_021: Sampled 80/82 trials
2025-09-28 17:37:21 -   Original distribution: {0: 0.5, 1: 0.5}
2025-09-28 17:37:21 -   Sampled distribution: {0: 0.5, 1: 0.5}
2025-09-28 17:37:25 - Combined dataset summary: total=3448, P3=400, AVO=3048
2025-09-28 17:37:25 - Repeat 1/5
2025-09-28 17:37:25 -   Fold 1/5
2025-09-28 17:37:25 - Fold domains: small=P3 (n=284), large=AVO (n=2129)
2025-09-28 17:37:25 - Auto adjustments (symmetric): w_small≈1.000, lambda_MMD_target=0.300, warmup_epochs=5
2025-09-28 17:37:25 - Epoch 1/500 | LR=0.010000 | w_AVO=1.000 | w_P3=1.348 | lambda_MMD=0.060
2025-09-28 17:37:26 - Epoch Summary: TrainLoss=1.7674 | TrainAcc=0.556 | Val(P3)=0.706 | Val(AVO)=0.543
2025-09-28 17:37:26 - New best P3-val; checkpoint updated
2025-09-28 17:37:26 - Epoch 2/500 | LR=0.010000 | w_AVO=1.000 | w_P3=1.695 | lambda_MMD=0.120
2025-09-28 17:37:26 - Epoch Summary: TrainLoss=1.6665 | TrainAcc=0.593 | Val(P3)=0.824 | Val(AVO)=0.605
2025-09-28 17:37:26 - New best P3-val; checkpoint updated
2025-09-28 17:37:26 - Epoch 3/500 | LR=0.010000 | w_AVO=1.000 | w_P3=2.043 | lambda_MMD=0.180
2025-09-28 17:37:27 - Epoch Summary: TrainLoss=1.7146 | TrainAcc=0.608 | Val(P3)=0.735 | Val(AVO)=0.614
2025-09-28 17:37:27 - No P3-val improvement; patience remaining: 19/20
2025-09-28 17:37:27 - Epoch 4/500 | LR=0.009999 | w_AVO=1.000 | w_P3=2.390 | lambda_MMD=0.240
2025-09-28 17:37:27 - Epoch Summary: TrainLoss=1.7979 | TrainAcc=0.603 | Val(P3)=0.765 | Val(AVO)=0.601
2025-09-28 17:37:27 - No P3-val improvement; patience remaining: 18/20
2025-09-28 17:37:27 - Epoch 5/500 | LR=0.009998 | w_AVO=1.000 | w_P3=2.738 | lambda_MMD=0.300
2025-09-28 17:37:27 - Epoch Summary: TrainLoss=1.8436 | TrainAcc=0.612 | Val(P3)=0.794 | Val(AVO)=0.585
2025-09-28 17:37:27 - No P3-val improvement; patience remaining: 17/20
2025-09-28 17:37:27 - AVO val decreasing 3x. Reducing lambda_MMD to 0.210
2025-09-28 17:37:27 - Epoch 6/500 | LR=0.009998 | w_AVO=1.000 | w_P3=2.738 | lambda_MMD=0.210
2025-09-28 17:37:28 - Epoch Summary: TrainLoss=1.7386 | TrainAcc=0.605 | Val(P3)=0.647 | Val(AVO)=0.611
2025-09-28 17:37:28 - No P3-val improvement; patience remaining: 16/20
2025-09-28 17:37:28 - Epoch 7/500 | LR=0.009996 | w_AVO=1.000 | w_P3=2.738 | lambda_MMD=0.300
2025-09-28 17:37:28 - Epoch Summary: TrainLoss=1.7091 | TrainAcc=0.616 | Val(P3)=0.765 | Val(AVO)=0.637
2025-09-28 17:37:28 - No P3-val improvement; patience remaining: 15/20
2025-09-28 17:37:28 - Epoch 8/500 | LR=0.009995 | w_AVO=1.000 | w_P3=2.738 | lambda_MMD=0.300
2025-09-28 17:37:28 - Epoch Summary: TrainLoss=1.6229 | TrainAcc=0.619 | Val(P3)=0.765 | Val(AVO)=0.640
2025-09-28 17:37:28 - No P3-val improvement; patience remaining: 14/20
2025-09-28 17:37:28 - Epoch 9/500 | LR=0.009994 | w_AVO=1.000 | w_P3=2.738 | lambda_MMD=0.300
2025-09-28 17:37:29 - Epoch Summary: TrainLoss=1.6324 | TrainAcc=0.618 | Val(P3)=0.735 | Val(AVO)=0.627
2025-09-28 17:37:29 - No P3-val improvement; patience remaining: 13/20
2025-09-28 17:37:29 - Epoch 10/500 | LR=0.009992 | w_AVO=1.000 | w_P3=2.738 | lambda_MMD=0.300
2025-09-28 17:37:29 - Epoch Summary: TrainLoss=1.5719 | TrainAcc=0.627 | Val(P3)=0.735 | Val(AVO)=0.611
2025-09-28 17:37:29 - No P3-val improvement; patience remaining: 12/20
2025-09-28 17:37:29 - AVO val decreasing 3x. Reducing lambda_MMD to 0.210
2025-09-28 17:37:29 - Epoch 11/500 | LR=0.009990 | w_AVO=1.000 | w_P3=2.738 | lambda_MMD=0.210
2025-09-28 17:37:30 - Epoch Summary: TrainLoss=1.4537 | TrainAcc=0.634 | Val(P3)=0.706 | Val(AVO)=0.588
2025-09-28 17:37:30 - No P3-val improvement; patience remaining: 11/20
2025-09-28 17:37:30 - AVO val decreasing 3x. Reducing lambda_MMD to 0.210
2025-09-28 17:37:30 - Epoch 12/500 | LR=0.009988 | w_AVO=1.000 | w_P3=2.738 | lambda_MMD=0.210
2025-09-28 17:37:30 - Epoch Summary: TrainLoss=1.5229 | TrainAcc=0.624 | Val(P3)=0.735 | Val(AVO)=0.601
2025-09-28 17:37:30 - No P3-val improvement; patience remaining: 10/20
2025-09-28 17:37:30 - Epoch 13/500 | LR=0.009986 | w_AVO=1.000 | w_P3=2.738 | lambda_MMD=0.300
2025-09-28 17:37:30 - Epoch Summary: TrainLoss=1.4861 | TrainAcc=0.608 | Val(P3)=0.735 | Val(AVO)=0.611
2025-09-28 17:37:30 - No P3-val improvement; patience remaining: 9/20
2025-09-28 17:37:30 - Epoch 14/500 | LR=0.009983 | w_AVO=1.000 | w_P3=2.738 | lambda_MMD=0.300
2025-09-28 17:37:31 - Epoch Summary: TrainLoss=1.4915 | TrainAcc=0.635 | Val(P3)=0.706 | Val(AVO)=0.566
2025-09-28 17:37:31 - No P3-val improvement; patience remaining: 8/20
2025-09-28 17:37:31 - Epoch 15/500 | LR=0.009981 | w_AVO=1.000 | w_P3=2.738 | lambda_MMD=0.300
2025-09-28 17:37:31 - Epoch Summary: TrainLoss=1.3987 | TrainAcc=0.642 | Val(P3)=0.706 | Val(AVO)=0.637
2025-09-28 17:37:31 - No P3-val improvement; patience remaining: 7/20
2025-09-28 17:37:31 - Epoch 16/500 | LR=0.009978 | w_AVO=1.000 | w_P3=2.738 | lambda_MMD=0.300
2025-09-28 17:37:32 - Epoch Summary: TrainLoss=1.4167 | TrainAcc=0.625 | Val(P3)=0.676 | Val(AVO)=0.614
2025-09-28 17:37:32 - No P3-val improvement; patience remaining: 6/20
2025-09-28 17:37:32 - Epoch 17/500 | LR=0.009975 | w_AVO=1.000 | w_P3=2.738 | lambda_MMD=0.300
2025-09-28 17:37:32 - Epoch Summary: TrainLoss=1.4260 | TrainAcc=0.635 | Val(P3)=0.676 | Val(AVO)=0.614
2025-09-28 17:37:32 - No P3-val improvement; patience remaining: 5/20
2025-09-28 17:37:32 - Epoch 18/500 | LR=0.009972 | w_AVO=1.000 | w_P3=2.738 | lambda_MMD=0.300
2025-09-28 17:37:32 - Epoch Summary: TrainLoss=1.3308 | TrainAcc=0.641 | Val(P3)=0.706 | Val(AVO)=0.569
2025-09-28 17:37:32 - No P3-val improvement; patience remaining: 4/20
2025-09-28 17:37:32 - Epoch 19/500 | LR=0.009968 | w_AVO=1.000 | w_P3=2.738 | lambda_MMD=0.300
2025-09-28 17:37:33 - Epoch Summary: TrainLoss=1.3696 | TrainAcc=0.626 | Val(P3)=0.706 | Val(AVO)=0.605
2025-09-28 17:37:33 - No P3-val improvement; patience remaining: 3/20
2025-09-28 17:37:33 - Epoch 20/500 | LR=0.009964 | w_AVO=1.000 | w_P3=2.738 | lambda_MMD=0.300
2025-09-28 17:37:33 - Epoch Summary: TrainLoss=1.3615 | TrainAcc=0.641 | Val(P3)=0.735 | Val(AVO)=0.576
2025-09-28 17:37:33 - No P3-val improvement; patience remaining: 2/20
2025-09-28 17:37:33 - Epoch 21/500 | LR=0.009961 | w_AVO=1.000 | w_P3=2.738 | lambda_MMD=0.300
2025-09-28 17:37:34 - Epoch Summary: TrainLoss=1.3752 | TrainAcc=0.631 | Val(P3)=0.706 | Val(AVO)=0.595
2025-09-28 17:37:34 - No P3-val improvement; patience remaining: 1/20
2025-09-28 17:37:34 - Epoch 22/500 | LR=0.009957 | w_AVO=1.000 | w_P3=2.738 | lambda_MMD=0.300
2025-09-28 17:37:34 - Epoch Summary: TrainLoss=1.3683 | TrainAcc=0.632 | Val(P3)=0.676 | Val(AVO)=0.601
2025-09-28 17:37:34 - No P3-val improvement; patience remaining: 0/20
2025-09-28 17:37:34 - Early stopping triggered (P3-val)
2025-09-28 17:37:34 -     P3 Test | Acc=0.6220 P=0.7273 R=0.5217 F1=0.6076 AUC=0.6075 (n=82)
2025-09-28 17:37:34 -     AVO Test | Acc=0.6036 P=0.5721 R=0.7692 F1=0.6562 AUC=0.6763 (n=608)
2025-09-28 17:37:34 -     Overall Test Acc=0.6058
2025-09-28 17:37:34 -   Fold 2/5
2025-09-28 17:37:34 - Fold domains: small=P3 (n=277), large=AVO (n=2136)
2025-09-28 17:37:34 - Auto adjustments (symmetric): w_small≈1.000, lambda_MMD_target=0.300, warmup_epochs=5
2025-09-28 17:37:34 - Epoch 1/500 | LR=0.010000 | w_AVO=1.000 | w_P3=1.355 | lambda_MMD=0.060
2025-09-28 17:37:34 - Epoch Summary: TrainLoss=1.7218 | TrainAcc=0.546 | Val(P3)=0.647 | Val(AVO)=0.605
2025-09-28 17:37:34 - New best P3-val; checkpoint updated
2025-09-28 17:37:34 - Epoch 2/500 | LR=0.010000 | w_AVO=1.000 | w_P3=1.711 | lambda_MMD=0.120
2025-09-28 17:37:35 - Epoch Summary: TrainLoss=1.6340 | TrainAcc=0.589 | Val(P3)=0.529 | Val(AVO)=0.579
2025-09-28 17:37:35 - No P3-val improvement; patience remaining: 19/20
2025-09-28 17:37:35 - Epoch 3/500 | LR=0.010000 | w_AVO=1.000 | w_P3=2.066 | lambda_MMD=0.180
2025-09-28 17:37:35 - Epoch Summary: TrainLoss=1.6954 | TrainAcc=0.604 | Val(P3)=0.618 | Val(AVO)=0.608
2025-09-28 17:37:35 - No P3-val improvement; patience remaining: 18/20
2025-09-28 17:37:35 - Epoch 4/500 | LR=0.009999 | w_AVO=1.000 | w_P3=2.422 | lambda_MMD=0.240
2025-09-28 17:37:36 - Epoch Summary: TrainLoss=1.7548 | TrainAcc=0.605 | Val(P3)=0.588 | Val(AVO)=0.569
2025-09-28 17:37:36 - No P3-val improvement; patience remaining: 17/20
2025-09-28 17:37:36 - Epoch 5/500 | LR=0.009998 | w_AVO=1.000 | w_P3=2.777 | lambda_MMD=0.300
2025-09-28 17:37:36 - Epoch Summary: TrainLoss=1.8338 | TrainAcc=0.599 | Val(P3)=0.647 | Val(AVO)=0.608
2025-09-28 17:37:36 - No P3-val improvement; patience remaining: 16/20
2025-09-28 17:37:36 - Epoch 6/500 | LR=0.009998 | w_AVO=1.000 | w_P3=2.777 | lambda_MMD=0.300
2025-09-28 17:37:36 - Epoch Summary: TrainLoss=1.7415 | TrainAcc=0.597 | Val(P3)=0.618 | Val(AVO)=0.630
2025-09-28 17:37:36 - No P3-val improvement; patience remaining: 15/20
2025-09-28 17:37:36 - Epoch 7/500 | LR=0.009996 | w_AVO=1.000 | w_P3=2.777 | lambda_MMD=0.300
2025-09-28 17:37:37 - Epoch Summary: TrainLoss=1.6300 | TrainAcc=0.616 | Val(P3)=0.618 | Val(AVO)=0.569
2025-09-28 17:37:37 - No P3-val improvement; patience remaining: 14/20
2025-09-28 17:37:37 - Epoch 8/500 | LR=0.009995 | w_AVO=1.000 | w_P3=2.777 | lambda_MMD=0.300
2025-09-28 17:37:37 - Epoch Summary: TrainLoss=1.6277 | TrainAcc=0.618 | Val(P3)=0.647 | Val(AVO)=0.588
2025-09-28 17:37:37 - No P3-val improvement; patience remaining: 13/20
2025-09-28 17:37:37 - Epoch 9/500 | LR=0.009994 | w_AVO=1.000 | w_P3=2.777 | lambda_MMD=0.300
2025-09-28 17:37:37 - Epoch Summary: TrainLoss=1.5327 | TrainAcc=0.619 | Val(P3)=0.588 | Val(AVO)=0.611
2025-09-28 17:37:37 - No P3-val improvement; patience remaining: 12/20
2025-09-28 17:37:37 - Epoch 10/500 | LR=0.009992 | w_AVO=1.000 | w_P3=2.777 | lambda_MMD=0.300
2025-09-28 17:37:38 - Epoch Summary: TrainLoss=1.4964 | TrainAcc=0.612 | Val(P3)=0.618 | Val(AVO)=0.627
2025-09-28 17:37:38 - No P3-val improvement; patience remaining: 11/20
2025-09-28 17:37:38 - Epoch 11/500 | LR=0.009990 | w_AVO=1.000 | w_P3=2.777 | lambda_MMD=0.300
2025-09-28 17:37:38 - Epoch Summary: TrainLoss=1.4752 | TrainAcc=0.621 | Val(P3)=0.647 | Val(AVO)=0.643
2025-09-28 17:37:38 - No P3-val improvement; patience remaining: 10/20
2025-09-28 17:37:38 - Epoch 12/500 | LR=0.009988 | w_AVO=1.000 | w_P3=2.777 | lambda_MMD=0.300
2025-09-28 17:37:39 - Epoch Summary: TrainLoss=1.4880 | TrainAcc=0.612 | Val(P3)=0.647 | Val(AVO)=0.559
2025-09-28 17:37:39 - No P3-val improvement; patience remaining: 9/20
2025-09-28 17:37:39 - Epoch 13/500 | LR=0.009986 | w_AVO=1.000 | w_P3=2.777 | lambda_MMD=0.300
2025-09-28 17:37:39 - Epoch Summary: TrainLoss=1.4670 | TrainAcc=0.607 | Val(P3)=0.618 | Val(AVO)=0.640
2025-09-28 17:37:39 - No P3-val improvement; patience remaining: 8/20
2025-09-28 17:37:39 - Epoch 14/500 | LR=0.009983 | w_AVO=1.000 | w_P3=2.777 | lambda_MMD=0.300
2025-09-28 17:37:39 - Epoch Summary: TrainLoss=1.4266 | TrainAcc=0.635 | Val(P3)=0.588 | Val(AVO)=0.611
2025-09-28 17:37:39 - No P3-val improvement; patience remaining: 7/20
2025-09-28 17:37:39 - P3 val decreasing 3x. Reducing w_small to 2.222, lambda_MMD to 0.150
2025-09-28 17:37:39 - Epoch 15/500 | LR=0.009981 | w_AVO=1.000 | w_P3=2.222 | lambda_MMD=0.150
2025-09-28 17:37:40 - Epoch Summary: TrainLoss=1.2787 | TrainAcc=0.629 | Val(P3)=0.647 | Val(AVO)=0.650
2025-09-28 17:37:40 - No P3-val improvement; patience remaining: 6/20
2025-09-28 17:37:40 - Epoch 16/500 | LR=0.009978 | w_AVO=1.000 | w_P3=2.777 | lambda_MMD=0.300
2025-09-28 17:37:40 - Epoch Summary: TrainLoss=1.3994 | TrainAcc=0.641 | Val(P3)=0.706 | Val(AVO)=0.640
2025-09-28 17:37:40 - New best P3-val; checkpoint updated
2025-09-28 17:37:40 - Epoch 17/500 | LR=0.009975 | w_AVO=1.000 | w_P3=2.777 | lambda_MMD=0.300
2025-09-28 17:37:41 - Epoch Summary: TrainLoss=1.4156 | TrainAcc=0.621 | Val(P3)=0.618 | Val(AVO)=0.630
2025-09-28 17:37:41 - No P3-val improvement; patience remaining: 19/20
2025-09-28 17:37:41 - AVO val decreasing 3x. Reducing lambda_MMD to 0.210
2025-09-28 17:37:41 - Epoch 18/500 | LR=0.009972 | w_AVO=1.000 | w_P3=2.777 | lambda_MMD=0.210
2025-09-28 17:37:41 - Epoch Summary: TrainLoss=1.4063 | TrainAcc=0.632 | Val(P3)=0.559 | Val(AVO)=0.630
2025-09-28 17:37:41 - No P3-val improvement; patience remaining: 18/20
2025-09-28 17:37:41 - P3 val decreasing 3x. Reducing w_small to 2.222, lambda_MMD to 0.150
2025-09-28 17:37:41 - Epoch 19/500 | LR=0.009968 | w_AVO=1.000 | w_P3=2.222 | lambda_MMD=0.150
2025-09-28 17:37:41 - Epoch Summary: TrainLoss=1.2089 | TrainAcc=0.647 | Val(P3)=0.618 | Val(AVO)=0.630
2025-09-28 17:37:41 - No P3-val improvement; patience remaining: 17/20
2025-09-28 17:37:41 - Epoch 20/500 | LR=0.009964 | w_AVO=1.000 | w_P3=2.777 | lambda_MMD=0.300
2025-09-28 17:37:42 - Epoch Summary: TrainLoss=1.3515 | TrainAcc=0.650 | Val(P3)=0.647 | Val(AVO)=0.656
2025-09-28 17:37:42 - No P3-val improvement; patience remaining: 16/20
2025-09-28 17:37:42 - Epoch 21/500 | LR=0.009961 | w_AVO=1.000 | w_P3=2.777 | lambda_MMD=0.300
2025-09-28 17:37:42 - Epoch Summary: TrainLoss=1.3195 | TrainAcc=0.655 | Val(P3)=0.618 | Val(AVO)=0.656
2025-09-28 17:37:42 - No P3-val improvement; patience remaining: 15/20
2025-09-28 17:37:42 - Epoch 22/500 | LR=0.009957 | w_AVO=1.000 | w_P3=2.777 | lambda_MMD=0.300
2025-09-28 17:37:43 - Epoch Summary: TrainLoss=1.3414 | TrainAcc=0.632 | Val(P3)=0.676 | Val(AVO)=0.637
2025-09-28 17:37:43 - No P3-val improvement; patience remaining: 14/20
2025-09-28 17:37:43 - Epoch 23/500 | LR=0.009952 | w_AVO=1.000 | w_P3=2.777 | lambda_MMD=0.300
2025-09-28 17:37:43 - Epoch Summary: TrainLoss=1.3851 | TrainAcc=0.620 | Val(P3)=0.618 | Val(AVO)=0.588
2025-09-28 17:37:43 - No P3-val improvement; patience remaining: 13/20
2025-09-28 17:37:43 - AVO val decreasing 3x. Reducing lambda_MMD to 0.210
2025-09-28 17:37:43 - Epoch 24/500 | LR=0.009948 | w_AVO=1.000 | w_P3=2.777 | lambda_MMD=0.210
2025-09-28 17:37:43 - Epoch Summary: TrainLoss=1.3642 | TrainAcc=0.629 | Val(P3)=0.647 | Val(AVO)=0.656
2025-09-28 17:37:43 - No P3-val improvement; patience remaining: 12/20
2025-09-28 17:37:43 - Epoch 25/500 | LR=0.009943 | w_AVO=1.000 | w_P3=2.777 | lambda_MMD=0.300
2025-09-28 17:37:44 - Epoch Summary: TrainLoss=1.2963 | TrainAcc=0.636 | Val(P3)=0.618 | Val(AVO)=0.579
2025-09-28 17:37:44 - No P3-val improvement; patience remaining: 11/20
2025-09-28 17:37:44 - Epoch 26/500 | LR=0.009938 | w_AVO=1.000 | w_P3=2.777 | lambda_MMD=0.300
2025-09-28 17:37:44 - Epoch Summary: TrainLoss=1.3211 | TrainAcc=0.639 | Val(P3)=0.588 | Val(AVO)=0.566
2025-09-28 17:37:44 - No P3-val improvement; patience remaining: 10/20
2025-09-28 17:37:44 - P3 val decreasing 3x. Reducing w_small to 2.222, lambda_MMD to 0.150
2025-09-28 17:37:44 - AVO val decreasing 3x. Reducing lambda_MMD to 0.105
2025-09-28 17:37:44 - Epoch 27/500 | LR=0.009933 | w_AVO=1.000 | w_P3=2.222 | lambda_MMD=0.105
2025-09-28 17:37:45 - Epoch Summary: TrainLoss=1.1440 | TrainAcc=0.635 | Val(P3)=0.588 | Val(AVO)=0.611
2025-09-28 17:37:45 - No P3-val improvement; patience remaining: 9/20
2025-09-28 17:37:45 - Epoch 28/500 | LR=0.009928 | w_AVO=1.000 | w_P3=2.777 | lambda_MMD=0.300
2025-09-28 17:37:45 - Epoch Summary: TrainLoss=1.2882 | TrainAcc=0.643 | Val(P3)=0.588 | Val(AVO)=0.595
2025-09-28 17:37:45 - No P3-val improvement; patience remaining: 8/20
2025-09-28 17:37:45 - Epoch 29/500 | LR=0.009923 | w_AVO=1.000 | w_P3=2.777 | lambda_MMD=0.300
2025-09-28 17:37:45 - Epoch Summary: TrainLoss=1.3061 | TrainAcc=0.637 | Val(P3)=0.529 | Val(AVO)=0.595
2025-09-28 17:37:45 - No P3-val improvement; patience remaining: 7/20
2025-09-28 17:37:45 - Epoch 30/500 | LR=0.009917 | w_AVO=1.000 | w_P3=2.777 | lambda_MMD=0.300
2025-09-28 17:37:46 - Epoch Summary: TrainLoss=1.2935 | TrainAcc=0.630 | Val(P3)=0.529 | Val(AVO)=0.669
2025-09-28 17:37:46 - No P3-val improvement; patience remaining: 6/20
2025-09-28 17:37:46 - Epoch 31/500 | LR=0.009911 | w_AVO=1.000 | w_P3=2.777 | lambda_MMD=0.300
2025-09-28 17:37:46 - Epoch Summary: TrainLoss=1.2831 | TrainAcc=0.647 | Val(P3)=0.588 | Val(AVO)=0.617
2025-09-28 17:37:46 - No P3-val improvement; patience remaining: 5/20
2025-09-28 17:37:46 - Epoch 32/500 | LR=0.009905 | w_AVO=1.000 | w_P3=2.777 | lambda_MMD=0.300
2025-09-28 17:37:47 - Epoch Summary: TrainLoss=1.2903 | TrainAcc=0.631 | Val(P3)=0.618 | Val(AVO)=0.579
2025-09-28 17:37:47 - No P3-val improvement; patience remaining: 4/20
2025-09-28 17:37:47 - AVO val decreasing 3x. Reducing lambda_MMD to 0.210
2025-09-28 17:37:47 - Epoch 33/500 | LR=0.009899 | w_AVO=1.000 | w_P3=2.777 | lambda_MMD=0.210
2025-09-28 17:37:47 - Epoch Summary: TrainLoss=1.2387 | TrainAcc=0.650 | Val(P3)=0.588 | Val(AVO)=0.617
2025-09-28 17:37:47 - No P3-val improvement; patience remaining: 3/20
2025-09-28 17:37:47 - Epoch 34/500 | LR=0.009893 | w_AVO=1.000 | w_P3=2.777 | lambda_MMD=0.300
2025-09-28 17:37:47 - Epoch Summary: TrainLoss=1.2483 | TrainAcc=0.645 | Val(P3)=0.529 | Val(AVO)=0.646
2025-09-28 17:37:47 - No P3-val improvement; patience remaining: 2/20
2025-09-28 17:37:47 - P3 val decreasing 3x. Reducing w_small to 2.222, lambda_MMD to 0.150
2025-09-28 17:37:47 - Epoch 35/500 | LR=0.009886 | w_AVO=1.000 | w_P3=2.222 | lambda_MMD=0.150
2025-09-28 17:37:48 - Epoch Summary: TrainLoss=1.0900 | TrainAcc=0.658 | Val(P3)=0.559 | Val(AVO)=0.617
2025-09-28 17:37:48 - No P3-val improvement; patience remaining: 1/20
2025-09-28 17:37:48 - Epoch 36/500 | LR=0.009880 | w_AVO=1.000 | w_P3=2.777 | lambda_MMD=0.300
2025-09-28 17:37:48 - Epoch Summary: TrainLoss=1.2262 | TrainAcc=0.650 | Val(P3)=0.588 | Val(AVO)=0.598
2025-09-28 17:37:48 - No P3-val improvement; patience remaining: 0/20
2025-09-28 17:37:48 - Early stopping triggered (P3-val)
2025-09-28 17:37:48 -     P3 Test | Acc=0.6180 P=0.5532 R=0.6667 F1=0.6047 AUC=0.6349 (n=89)
2025-09-28 17:37:48 -     AVO Test | Acc=0.5757 P=0.7865 R=0.2288 F1=0.3544 AUC=0.7087 (n=601)
2025-09-28 17:37:48 -     Overall Test Acc=0.5812
2025-09-28 17:37:48 -   Fold 3/5
2025-09-28 17:37:48 - Fold domains: small=P3 (n=285), large=AVO (n=2128)
2025-09-28 17:37:48 - Auto adjustments (symmetric): w_small≈1.000, lambda_MMD_target=0.300, warmup_epochs=5
2025-09-28 17:37:48 - Epoch 1/500 | LR=0.010000 | w_AVO=1.000 | w_P3=1.347 | lambda_MMD=0.060
2025-09-28 17:37:49 - Epoch Summary: TrainLoss=1.7526 | TrainAcc=0.541 | Val(P3)=0.588 | Val(AVO)=0.614
2025-09-28 17:37:49 - New best P3-val; checkpoint updated
2025-09-28 17:37:49 - Epoch 2/500 | LR=0.010000 | w_AVO=1.000 | w_P3=1.693 | lambda_MMD=0.120
2025-09-28 17:37:49 - Epoch Summary: TrainLoss=1.6616 | TrainAcc=0.600 | Val(P3)=0.647 | Val(AVO)=0.611
2025-09-28 17:37:49 - New best P3-val; checkpoint updated
2025-09-28 17:37:49 - Epoch 3/500 | LR=0.010000 | w_AVO=1.000 | w_P3=2.040 | lambda_MMD=0.180
2025-09-28 17:37:49 - Epoch Summary: TrainLoss=1.7093 | TrainAcc=0.615 | Val(P3)=0.588 | Val(AVO)=0.621
2025-09-28 17:37:49 - No P3-val improvement; patience remaining: 19/20
2025-09-28 17:37:49 - Epoch 4/500 | LR=0.009999 | w_AVO=1.000 | w_P3=2.386 | lambda_MMD=0.240
2025-09-28 17:37:50 - Epoch Summary: TrainLoss=1.7889 | TrainAcc=0.629 | Val(P3)=0.588 | Val(AVO)=0.576
2025-09-28 17:37:50 - No P3-val improvement; patience remaining: 18/20
2025-09-28 17:37:50 - Epoch 5/500 | LR=0.009998 | w_AVO=1.000 | w_P3=2.733 | lambda_MMD=0.300
2025-09-28 17:37:50 - Epoch Summary: TrainLoss=1.8669 | TrainAcc=0.612 | Val(P3)=0.618 | Val(AVO)=0.624
2025-09-28 17:37:50 - No P3-val improvement; patience remaining: 17/20
2025-09-28 17:37:50 - Epoch 6/500 | LR=0.009998 | w_AVO=1.000 | w_P3=2.733 | lambda_MMD=0.300
2025-09-28 17:37:50 - Epoch Summary: TrainLoss=1.7919 | TrainAcc=0.625 | Val(P3)=0.559 | Val(AVO)=0.601
2025-09-28 17:37:50 - No P3-val improvement; patience remaining: 16/20
2025-09-28 17:37:50 - Epoch 7/500 | LR=0.009996 | w_AVO=1.000 | w_P3=2.733 | lambda_MMD=0.300
2025-09-28 17:37:51 - Epoch Summary: TrainLoss=1.7027 | TrainAcc=0.602 | Val(P3)=0.559 | Val(AVO)=0.643
2025-09-28 17:37:51 - No P3-val improvement; patience remaining: 15/20
2025-09-28 17:37:51 - Epoch 8/500 | LR=0.009995 | w_AVO=1.000 | w_P3=2.733 | lambda_MMD=0.300
2025-09-28 17:37:51 - Epoch Summary: TrainLoss=1.6347 | TrainAcc=0.617 | Val(P3)=0.618 | Val(AVO)=0.643
2025-09-28 17:37:51 - No P3-val improvement; patience remaining: 14/20
2025-09-28 17:37:51 - Epoch 9/500 | LR=0.009994 | w_AVO=1.000 | w_P3=2.733 | lambda_MMD=0.300
2025-09-28 17:37:52 - Epoch Summary: TrainLoss=1.6283 | TrainAcc=0.638 | Val(P3)=0.588 | Val(AVO)=0.650
2025-09-28 17:37:52 - No P3-val improvement; patience remaining: 13/20
2025-09-28 17:37:52 - Epoch 10/500 | LR=0.009992 | w_AVO=1.000 | w_P3=2.733 | lambda_MMD=0.300
2025-09-28 17:37:52 - Epoch Summary: TrainLoss=1.6107 | TrainAcc=0.621 | Val(P3)=0.618 | Val(AVO)=0.547
2025-09-28 17:37:52 - No P3-val improvement; patience remaining: 12/20
2025-09-28 17:37:52 - Epoch 11/500 | LR=0.009990 | w_AVO=1.000 | w_P3=2.733 | lambda_MMD=0.300
2025-09-28 17:37:52 - Epoch Summary: TrainLoss=1.5375 | TrainAcc=0.619 | Val(P3)=0.588 | Val(AVO)=0.563
2025-09-28 17:37:52 - No P3-val improvement; patience remaining: 11/20
2025-09-28 17:37:52 - Epoch 12/500 | LR=0.009988 | w_AVO=1.000 | w_P3=2.733 | lambda_MMD=0.300
2025-09-28 17:37:53 - Epoch Summary: TrainLoss=1.5080 | TrainAcc=0.643 | Val(P3)=0.618 | Val(AVO)=0.595
2025-09-28 17:37:53 - No P3-val improvement; patience remaining: 10/20
2025-09-28 17:37:53 - Epoch 13/500 | LR=0.009986 | w_AVO=1.000 | w_P3=2.733 | lambda_MMD=0.300
2025-09-28 17:37:53 - Epoch Summary: TrainLoss=1.4766 | TrainAcc=0.632 | Val(P3)=0.588 | Val(AVO)=0.624
2025-09-28 17:37:53 - No P3-val improvement; patience remaining: 9/20
2025-09-28 17:37:53 - Epoch 14/500 | LR=0.009983 | w_AVO=1.000 | w_P3=2.733 | lambda_MMD=0.300
2025-09-28 17:37:54 - Epoch Summary: TrainLoss=1.4326 | TrainAcc=0.633 | Val(P3)=0.618 | Val(AVO)=0.572
2025-09-28 17:37:54 - No P3-val improvement; patience remaining: 8/20
2025-09-28 17:37:54 - Epoch 15/500 | LR=0.009981 | w_AVO=1.000 | w_P3=2.733 | lambda_MMD=0.300
2025-09-28 17:37:54 - Epoch Summary: TrainLoss=1.4144 | TrainAcc=0.625 | Val(P3)=0.618 | Val(AVO)=0.579
2025-09-28 17:37:54 - No P3-val improvement; patience remaining: 7/20
2025-09-28 17:37:54 - Epoch 16/500 | LR=0.009978 | w_AVO=1.000 | w_P3=2.733 | lambda_MMD=0.300
2025-09-28 17:37:54 - Epoch Summary: TrainLoss=1.4186 | TrainAcc=0.614 | Val(P3)=0.588 | Val(AVO)=0.659
2025-09-28 17:37:54 - No P3-val improvement; patience remaining: 6/20
2025-09-28 17:37:54 - Epoch 17/500 | LR=0.009975 | w_AVO=1.000 | w_P3=2.733 | lambda_MMD=0.300
2025-09-28 17:37:55 - Epoch Summary: TrainLoss=1.3870 | TrainAcc=0.627 | Val(P3)=0.618 | Val(AVO)=0.540
2025-09-28 17:37:55 - No P3-val improvement; patience remaining: 5/20
2025-09-28 17:37:55 - Epoch 18/500 | LR=0.009972 | w_AVO=1.000 | w_P3=2.733 | lambda_MMD=0.300
2025-09-28 17:37:55 - Epoch Summary: TrainLoss=1.3527 | TrainAcc=0.629 | Val(P3)=0.618 | Val(AVO)=0.608
2025-09-28 17:37:55 - No P3-val improvement; patience remaining: 4/20
2025-09-28 17:37:55 - Epoch 19/500 | LR=0.009968 | w_AVO=1.000 | w_P3=2.733 | lambda_MMD=0.300
2025-09-28 17:37:56 - Epoch Summary: TrainLoss=1.3385 | TrainAcc=0.635 | Val(P3)=0.588 | Val(AVO)=0.588
2025-09-28 17:37:56 - No P3-val improvement; patience remaining: 3/20
2025-09-28 17:37:56 - Epoch 20/500 | LR=0.009964 | w_AVO=1.000 | w_P3=2.733 | lambda_MMD=0.300
2025-09-28 17:37:56 - Epoch Summary: TrainLoss=1.3726 | TrainAcc=0.622 | Val(P3)=0.588 | Val(AVO)=0.556
2025-09-28 17:37:56 - No P3-val improvement; patience remaining: 2/20
2025-09-28 17:37:56 - AVO val decreasing 3x. Reducing lambda_MMD to 0.210
2025-09-28 17:37:56 - Epoch 21/500 | LR=0.009961 | w_AVO=1.000 | w_P3=2.733 | lambda_MMD=0.210
2025-09-28 17:37:56 - Epoch Summary: TrainLoss=1.3421 | TrainAcc=0.618 | Val(P3)=0.618 | Val(AVO)=0.627
2025-09-28 17:37:56 - No P3-val improvement; patience remaining: 1/20
2025-09-28 17:37:56 - Epoch 22/500 | LR=0.009957 | w_AVO=1.000 | w_P3=2.733 | lambda_MMD=0.300
2025-09-28 17:37:57 - Epoch Summary: TrainLoss=1.3393 | TrainAcc=0.640 | Val(P3)=0.647 | Val(AVO)=0.630
2025-09-28 17:37:57 - No P3-val improvement; patience remaining: 0/20
2025-09-28 17:37:57 - Early stopping triggered (P3-val)
2025-09-28 17:37:57 -     P3 Test | Acc=0.5556 P=0.5854 R=0.5581 F1=0.5714 AUC=0.5900 (n=81)
2025-09-28 17:37:57 -     AVO Test | Acc=0.6256 P=0.6360 R=0.5728 F1=0.6028 AUC=0.6719 (n=609)
2025-09-28 17:37:57 -     Overall Test Acc=0.6174
2025-09-28 17:37:57 -   Fold 4/5
2025-09-28 17:37:57 - Fold domains: small=P3 (n=292), large=AVO (n=2122)
2025-09-28 17:37:57 - Auto adjustments (symmetric): w_small≈1.000, lambda_MMD_target=0.300, warmup_epochs=5
2025-09-28 17:37:57 - Epoch 1/500 | LR=0.010000 | w_AVO=1.000 | w_P3=1.339 | lambda_MMD=0.060
2025-09-28 17:37:57 - Epoch Summary: TrainLoss=1.7013 | TrainAcc=0.546 | Val(P3)=0.571 | Val(AVO)=0.600
2025-09-28 17:37:57 - New best P3-val; checkpoint updated
2025-09-28 17:37:57 - Epoch 2/500 | LR=0.010000 | w_AVO=1.000 | w_P3=1.678 | lambda_MMD=0.120
2025-09-28 17:37:57 - Epoch Summary: TrainLoss=1.5974 | TrainAcc=0.612 | Val(P3)=0.600 | Val(AVO)=0.565
2025-09-28 17:37:57 - New best P3-val; checkpoint updated
2025-09-28 17:37:57 - Epoch 3/500 | LR=0.010000 | w_AVO=1.000 | w_P3=2.017 | lambda_MMD=0.180
2025-09-28 17:37:58 - Epoch Summary: TrainLoss=1.6801 | TrainAcc=0.595 | Val(P3)=0.629 | Val(AVO)=0.584
2025-09-28 17:37:58 - New best P3-val; checkpoint updated
2025-09-28 17:37:58 - Epoch 4/500 | LR=0.009999 | w_AVO=1.000 | w_P3=2.357 | lambda_MMD=0.240
2025-09-28 17:37:58 - Epoch Summary: TrainLoss=1.7564 | TrainAcc=0.599 | Val(P3)=0.657 | Val(AVO)=0.600
2025-09-28 17:37:58 - New best P3-val; checkpoint updated
2025-09-28 17:37:58 - Epoch 5/500 | LR=0.009998 | w_AVO=1.000 | w_P3=2.696 | lambda_MMD=0.300
2025-09-28 17:37:59 - Epoch Summary: TrainLoss=1.8500 | TrainAcc=0.616 | Val(P3)=0.657 | Val(AVO)=0.558
2025-09-28 17:37:59 - No P3-val improvement; patience remaining: 19/20
2025-09-28 17:37:59 - Epoch 6/500 | LR=0.009998 | w_AVO=1.000 | w_P3=2.696 | lambda_MMD=0.300
2025-09-28 17:37:59 - Epoch Summary: TrainLoss=1.7127 | TrainAcc=0.610 | Val(P3)=0.714 | Val(AVO)=0.613
2025-09-28 17:37:59 - New best P3-val; checkpoint updated
2025-09-28 17:37:59 - Epoch 7/500 | LR=0.009996 | w_AVO=1.000 | w_P3=2.696 | lambda_MMD=0.300
2025-09-28 17:37:59 - Epoch Summary: TrainLoss=1.6922 | TrainAcc=0.607 | Val(P3)=0.600 | Val(AVO)=0.603
2025-09-28 17:37:59 - No P3-val improvement; patience remaining: 19/20
2025-09-28 17:37:59 - Epoch 8/500 | LR=0.009995 | w_AVO=1.000 | w_P3=2.696 | lambda_MMD=0.300
2025-09-28 17:38:00 - Epoch Summary: TrainLoss=1.6571 | TrainAcc=0.604 | Val(P3)=0.629 | Val(AVO)=0.571
2025-09-28 17:38:00 - No P3-val improvement; patience remaining: 18/20
2025-09-28 17:38:00 - AVO val decreasing 3x. Reducing lambda_MMD to 0.210
2025-09-28 17:38:00 - Epoch 9/500 | LR=0.009994 | w_AVO=1.000 | w_P3=2.696 | lambda_MMD=0.210
2025-09-28 17:38:00 - Epoch Summary: TrainLoss=1.5901 | TrainAcc=0.610 | Val(P3)=0.629 | Val(AVO)=0.597
2025-09-28 17:38:00 - No P3-val improvement; patience remaining: 17/20
2025-09-28 17:38:00 - Epoch 10/500 | LR=0.009992 | w_AVO=1.000 | w_P3=2.696 | lambda_MMD=0.300
2025-09-28 17:38:00 - Epoch Summary: TrainLoss=1.5726 | TrainAcc=0.610 | Val(P3)=0.571 | Val(AVO)=0.626
2025-09-28 17:38:00 - No P3-val improvement; patience remaining: 16/20
2025-09-28 17:38:00 - Epoch 11/500 | LR=0.009990 | w_AVO=1.000 | w_P3=2.696 | lambda_MMD=0.300
2025-09-28 17:38:01 - Epoch Summary: TrainLoss=1.6053 | TrainAcc=0.604 | Val(P3)=0.629 | Val(AVO)=0.600
2025-09-28 17:38:01 - No P3-val improvement; patience remaining: 15/20
2025-09-28 17:38:01 - Epoch 12/500 | LR=0.009988 | w_AVO=1.000 | w_P3=2.696 | lambda_MMD=0.300
2025-09-28 17:38:01 - Epoch Summary: TrainLoss=1.5557 | TrainAcc=0.619 | Val(P3)=0.571 | Val(AVO)=0.610
2025-09-28 17:38:01 - No P3-val improvement; patience remaining: 14/20
2025-09-28 17:38:01 - Epoch 13/500 | LR=0.009986 | w_AVO=1.000 | w_P3=2.696 | lambda_MMD=0.300
2025-09-28 17:38:02 - Epoch Summary: TrainLoss=1.4333 | TrainAcc=0.635 | Val(P3)=0.600 | Val(AVO)=0.603
2025-09-28 17:38:02 - No P3-val improvement; patience remaining: 13/20
2025-09-28 17:38:02 - Epoch 14/500 | LR=0.009983 | w_AVO=1.000 | w_P3=2.696 | lambda_MMD=0.300
2025-09-28 17:38:02 - Epoch Summary: TrainLoss=1.4985 | TrainAcc=0.599 | Val(P3)=0.600 | Val(AVO)=0.606
2025-09-28 17:38:02 - No P3-val improvement; patience remaining: 12/20
2025-09-28 17:38:02 - Epoch 15/500 | LR=0.009981 | w_AVO=1.000 | w_P3=2.696 | lambda_MMD=0.300
2025-09-28 17:38:02 - Epoch Summary: TrainLoss=1.4579 | TrainAcc=0.617 | Val(P3)=0.629 | Val(AVO)=0.571
2025-09-28 17:38:02 - No P3-val improvement; patience remaining: 11/20
2025-09-28 17:38:02 - Epoch 16/500 | LR=0.009978 | w_AVO=1.000 | w_P3=2.696 | lambda_MMD=0.300
2025-09-28 17:38:03 - Epoch Summary: TrainLoss=1.4314 | TrainAcc=0.617 | Val(P3)=0.543 | Val(AVO)=0.594
2025-09-28 17:38:03 - No P3-val improvement; patience remaining: 10/20
2025-09-28 17:38:03 - Epoch 17/500 | LR=0.009975 | w_AVO=1.000 | w_P3=2.696 | lambda_MMD=0.300
2025-09-28 17:38:03 - Epoch Summary: TrainLoss=1.3920 | TrainAcc=0.608 | Val(P3)=0.600 | Val(AVO)=0.623
2025-09-28 17:38:03 - No P3-val improvement; patience remaining: 9/20
2025-09-28 17:38:03 - Epoch 18/500 | LR=0.009972 | w_AVO=1.000 | w_P3=2.696 | lambda_MMD=0.300
2025-09-28 17:38:03 - Epoch Summary: TrainLoss=1.3757 | TrainAcc=0.620 | Val(P3)=0.571 | Val(AVO)=0.606
2025-09-28 17:38:03 - No P3-val improvement; patience remaining: 8/20
2025-09-28 17:38:03 - Epoch 19/500 | LR=0.009968 | w_AVO=1.000 | w_P3=2.696 | lambda_MMD=0.300
2025-09-28 17:38:04 - Epoch Summary: TrainLoss=1.4111 | TrainAcc=0.625 | Val(P3)=0.571 | Val(AVO)=0.603
2025-09-28 17:38:04 - No P3-val improvement; patience remaining: 7/20
2025-09-28 17:38:04 - AVO val decreasing 3x. Reducing lambda_MMD to 0.210
2025-09-28 17:38:04 - Epoch 20/500 | LR=0.009964 | w_AVO=1.000 | w_P3=2.696 | lambda_MMD=0.210
2025-09-28 17:38:04 - Epoch Summary: TrainLoss=1.4434 | TrainAcc=0.639 | Val(P3)=0.543 | Val(AVO)=0.616
2025-09-28 17:38:04 - No P3-val improvement; patience remaining: 6/20
2025-09-28 17:38:04 - Epoch 21/500 | LR=0.009961 | w_AVO=1.000 | w_P3=2.696 | lambda_MMD=0.300
2025-09-28 17:38:05 - Epoch Summary: TrainLoss=1.3720 | TrainAcc=0.617 | Val(P3)=0.657 | Val(AVO)=0.642
2025-09-28 17:38:05 - No P3-val improvement; patience remaining: 5/20
2025-09-28 17:38:05 - Epoch 22/500 | LR=0.009957 | w_AVO=1.000 | w_P3=2.696 | lambda_MMD=0.300
2025-09-28 17:38:05 - Epoch Summary: TrainLoss=1.3413 | TrainAcc=0.656 | Val(P3)=0.571 | Val(AVO)=0.610
2025-09-28 17:38:05 - No P3-val improvement; patience remaining: 4/20
2025-09-28 17:38:05 - Epoch 23/500 | LR=0.009952 | w_AVO=1.000 | w_P3=2.696 | lambda_MMD=0.300
2025-09-28 17:38:05 - Epoch Summary: TrainLoss=1.3959 | TrainAcc=0.620 | Val(P3)=0.600 | Val(AVO)=0.590
2025-09-28 17:38:05 - No P3-val improvement; patience remaining: 3/20
2025-09-28 17:38:05 - AVO val decreasing 3x. Reducing lambda_MMD to 0.210
2025-09-28 17:38:05 - Epoch 24/500 | LR=0.009948 | w_AVO=1.000 | w_P3=2.696 | lambda_MMD=0.210
2025-09-28 17:38:06 - Epoch Summary: TrainLoss=1.3623 | TrainAcc=0.624 | Val(P3)=0.543 | Val(AVO)=0.610
2025-09-28 17:38:06 - No P3-val improvement; patience remaining: 2/20
2025-09-28 17:38:06 - Epoch 25/500 | LR=0.009943 | w_AVO=1.000 | w_P3=2.696 | lambda_MMD=0.300
2025-09-28 17:38:06 - Epoch Summary: TrainLoss=1.3439 | TrainAcc=0.629 | Val(P3)=0.571 | Val(AVO)=0.587
2025-09-28 17:38:06 - No P3-val improvement; patience remaining: 1/20
2025-09-28 17:38:06 - Epoch 26/500 | LR=0.009938 | w_AVO=1.000 | w_P3=2.696 | lambda_MMD=0.300
2025-09-28 17:38:07 - Epoch Summary: TrainLoss=1.3417 | TrainAcc=0.637 | Val(P3)=0.571 | Val(AVO)=0.594
2025-09-28 17:38:07 - No P3-val improvement; patience remaining: 0/20
2025-09-28 17:38:07 - Early stopping triggered (P3-val)
2025-09-28 17:38:07 -     P3 Test | Acc=0.5342 P=0.6000 R=0.5714 F1=0.5854 AUC=0.5499 (n=73)
2025-09-28 17:38:07 -     AVO Test | Acc=0.6607 P=0.6883 R=0.5629 F1=0.6193 AUC=0.7086 (n=616)
2025-09-28 17:38:07 -     Overall Test Acc=0.6473
2025-09-28 17:38:07 -   Fold 5/5
2025-09-28 17:38:07 - Fold domains: small=P3 (n=290), large=AVO (n=2124)
2025-09-28 17:38:07 - Auto adjustments (symmetric): w_small≈1.000, lambda_MMD_target=0.300, warmup_epochs=5
2025-09-28 17:38:07 - Epoch 1/500 | LR=0.010000 | w_AVO=1.000 | w_P3=1.341 | lambda_MMD=0.060
2025-09-28 17:38:07 - Epoch Summary: TrainLoss=1.8214 | TrainAcc=0.551 | Val(P3)=0.543 | Val(AVO)=0.552
2025-09-28 17:38:07 - New best P3-val; checkpoint updated
2025-09-28 17:38:07 - Epoch 2/500 | LR=0.010000 | w_AVO=1.000 | w_P3=1.683 | lambda_MMD=0.120
2025-09-28 17:38:08 - Epoch Summary: TrainLoss=1.7292 | TrainAcc=0.598 | Val(P3)=0.686 | Val(AVO)=0.619
2025-09-28 17:38:08 - New best P3-val; checkpoint updated
2025-09-28 17:38:08 - Epoch 3/500 | LR=0.010000 | w_AVO=1.000 | w_P3=2.024 | lambda_MMD=0.180
2025-09-28 17:38:08 - Epoch Summary: TrainLoss=1.7711 | TrainAcc=0.600 | Val(P3)=0.600 | Val(AVO)=0.610
2025-09-28 17:38:08 - No P3-val improvement; patience remaining: 19/20
2025-09-28 17:38:08 - Epoch 4/500 | LR=0.009999 | w_AVO=1.000 | w_P3=2.365 | lambda_MMD=0.240
2025-09-28 17:38:08 - Epoch Summary: TrainLoss=1.8583 | TrainAcc=0.629 | Val(P3)=0.629 | Val(AVO)=0.587
2025-09-28 17:38:08 - No P3-val improvement; patience remaining: 18/20
2025-09-28 17:38:08 - AVO val decreasing 3x. Reducing lambda_MMD to 0.210
2025-09-28 17:38:08 - Epoch 5/500 | LR=0.009998 | w_AVO=1.000 | w_P3=2.706 | lambda_MMD=0.210
2025-09-28 17:38:09 - Epoch Summary: TrainLoss=1.9410 | TrainAcc=0.623 | Val(P3)=0.543 | Val(AVO)=0.603
2025-09-28 17:38:09 - No P3-val improvement; patience remaining: 17/20
2025-09-28 17:38:09 - Epoch 6/500 | LR=0.009998 | w_AVO=1.000 | w_P3=2.706 | lambda_MMD=0.300
2025-09-28 17:38:09 - Epoch Summary: TrainLoss=1.8270 | TrainAcc=0.611 | Val(P3)=0.543 | Val(AVO)=0.542
2025-09-28 17:38:09 - No P3-val improvement; patience remaining: 16/20
2025-09-28 17:38:09 - Epoch 7/500 | LR=0.009996 | w_AVO=1.000 | w_P3=2.706 | lambda_MMD=0.300
2025-09-28 17:38:09 - Epoch Summary: TrainLoss=1.8430 | TrainAcc=0.629 | Val(P3)=0.571 | Val(AVO)=0.529
2025-09-28 17:38:09 - No P3-val improvement; patience remaining: 15/20
2025-09-28 17:38:09 - AVO val decreasing 3x. Reducing lambda_MMD to 0.210
2025-09-28 17:38:09 - Epoch 8/500 | LR=0.009995 | w_AVO=1.000 | w_P3=2.706 | lambda_MMD=0.210
2025-09-28 17:38:10 - Epoch Summary: TrainLoss=1.7474 | TrainAcc=0.606 | Val(P3)=0.600 | Val(AVO)=0.581
2025-09-28 17:38:10 - No P3-val improvement; patience remaining: 14/20
2025-09-28 17:38:10 - Epoch 9/500 | LR=0.009994 | w_AVO=1.000 | w_P3=2.706 | lambda_MMD=0.300
2025-09-28 17:38:10 - Epoch Summary: TrainLoss=1.6645 | TrainAcc=0.638 | Val(P3)=0.571 | Val(AVO)=0.590
2025-09-28 17:38:10 - No P3-val improvement; patience remaining: 13/20
2025-09-28 17:38:10 - Epoch 10/500 | LR=0.009992 | w_AVO=1.000 | w_P3=2.706 | lambda_MMD=0.300
2025-09-28 17:38:11 - Epoch Summary: TrainLoss=1.6776 | TrainAcc=0.621 | Val(P3)=0.543 | Val(AVO)=0.590
2025-09-28 17:38:11 - No P3-val improvement; patience remaining: 12/20
2025-09-28 17:38:11 - P3 val decreasing 3x. Reducing w_small to 2.165, lambda_MMD to 0.150
2025-09-28 17:38:11 - Epoch 11/500 | LR=0.009990 | w_AVO=1.000 | w_P3=2.165 | lambda_MMD=0.150
2025-09-28 17:38:11 - Epoch Summary: TrainLoss=1.4540 | TrainAcc=0.637 | Val(P3)=0.514 | Val(AVO)=0.632
2025-09-28 17:38:11 - No P3-val improvement; patience remaining: 11/20
2025-09-28 17:38:11 - P3 val decreasing 3x. Reducing w_small to 2.165, lambda_MMD to 0.150
2025-09-28 17:38:11 - Epoch 12/500 | LR=0.009988 | w_AVO=1.000 | w_P3=2.165 | lambda_MMD=0.150
2025-09-28 17:38:11 - Epoch Summary: TrainLoss=1.4174 | TrainAcc=0.621 | Val(P3)=0.514 | Val(AVO)=0.606
2025-09-28 17:38:11 - No P3-val improvement; patience remaining: 10/20
2025-09-28 17:38:11 - Epoch 13/500 | LR=0.009986 | w_AVO=1.000 | w_P3=2.706 | lambda_MMD=0.300
2025-09-28 17:38:12 - Epoch Summary: TrainLoss=1.6136 | TrainAcc=0.617 | Val(P3)=0.543 | Val(AVO)=0.594
2025-09-28 17:38:12 - No P3-val improvement; patience remaining: 9/20
2025-09-28 17:38:12 - AVO val decreasing 3x. Reducing lambda_MMD to 0.210
2025-09-28 17:38:12 - Epoch 14/500 | LR=0.009983 | w_AVO=1.000 | w_P3=2.706 | lambda_MMD=0.210
2025-09-28 17:38:12 - Epoch Summary: TrainLoss=1.5448 | TrainAcc=0.614 | Val(P3)=0.486 | Val(AVO)=0.629
2025-09-28 17:38:12 - No P3-val improvement; patience remaining: 8/20
2025-09-28 17:38:12 - Epoch 15/500 | LR=0.009981 | w_AVO=1.000 | w_P3=2.706 | lambda_MMD=0.300
2025-09-28 17:38:12 - Epoch Summary: TrainLoss=1.4884 | TrainAcc=0.626 | Val(P3)=0.457 | Val(AVO)=0.597
2025-09-28 17:38:12 - No P3-val improvement; patience remaining: 7/20
2025-09-28 17:38:12 - P3 val decreasing 3x. Reducing w_small to 2.165, lambda_MMD to 0.150
2025-09-28 17:38:12 - Epoch 16/500 | LR=0.009978 | w_AVO=1.000 | w_P3=2.165 | lambda_MMD=0.150
2025-09-28 17:38:13 - Epoch Summary: TrainLoss=1.3854 | TrainAcc=0.628 | Val(P3)=0.486 | Val(AVO)=0.639
2025-09-28 17:38:13 - No P3-val improvement; patience remaining: 6/20
2025-09-28 17:38:13 - Epoch 17/500 | LR=0.009975 | w_AVO=1.000 | w_P3=2.706 | lambda_MMD=0.300
2025-09-28 17:38:13 - Epoch Summary: TrainLoss=1.4657 | TrainAcc=0.629 | Val(P3)=0.543 | Val(AVO)=0.613
2025-09-28 17:38:13 - No P3-val improvement; patience remaining: 5/20
2025-09-28 17:38:13 - Epoch 18/500 | LR=0.009972 | w_AVO=1.000 | w_P3=2.706 | lambda_MMD=0.300
2025-09-28 17:38:14 - Epoch Summary: TrainLoss=1.5276 | TrainAcc=0.620 | Val(P3)=0.543 | Val(AVO)=0.606
2025-09-28 17:38:14 - No P3-val improvement; patience remaining: 4/20
2025-09-28 17:38:14 - AVO val decreasing 3x. Reducing lambda_MMD to 0.210
2025-09-28 17:38:14 - Epoch 19/500 | LR=0.009968 | w_AVO=1.000 | w_P3=2.706 | lambda_MMD=0.210
2025-09-28 17:38:14 - Epoch Summary: TrainLoss=1.5102 | TrainAcc=0.633 | Val(P3)=0.543 | Val(AVO)=0.629
2025-09-28 17:38:14 - No P3-val improvement; patience remaining: 3/20
2025-09-28 17:38:14 - Epoch 20/500 | LR=0.009964 | w_AVO=1.000 | w_P3=2.706 | lambda_MMD=0.300
2025-09-28 17:38:14 - Epoch Summary: TrainLoss=1.4437 | TrainAcc=0.637 | Val(P3)=0.543 | Val(AVO)=0.635
2025-09-28 17:38:14 - No P3-val improvement; patience remaining: 2/20
2025-09-28 17:38:14 - Epoch 21/500 | LR=0.009961 | w_AVO=1.000 | w_P3=2.706 | lambda_MMD=0.300
2025-09-28 17:38:15 - Epoch Summary: TrainLoss=1.4657 | TrainAcc=0.613 | Val(P3)=0.486 | Val(AVO)=0.623
2025-09-28 17:38:15 - No P3-val improvement; patience remaining: 1/20
2025-09-28 17:38:15 - Epoch 22/500 | LR=0.009957 | w_AVO=1.000 | w_P3=2.706 | lambda_MMD=0.300
2025-09-28 17:38:15 - Epoch Summary: TrainLoss=1.4400 | TrainAcc=0.616 | Val(P3)=0.600 | Val(AVO)=0.635
2025-09-28 17:38:15 - No P3-val improvement; patience remaining: 0/20
2025-09-28 17:38:15 - Early stopping triggered (P3-val)
2025-09-28 17:38:15 -     P3 Test | Acc=0.6667 P=0.5610 R=0.7667 F1=0.6479 AUC=0.7378 (n=75)
2025-09-28 17:38:15 -     AVO Test | Acc=0.6612 P=0.6259 R=0.8444 F1=0.7189 AUC=0.7131 (n=614)
2025-09-28 17:38:15 -     Overall Test Acc=0.6618
2025-09-28 17:38:15 - Repeat 2/5
2025-09-28 17:38:15 -   Fold 1/5
2025-09-28 17:38:15 - Fold domains: small=P3 (n=298), large=AVO (n=2115)
2025-09-28 17:38:15 - Auto adjustments (symmetric): w_small≈1.000, lambda_MMD_target=0.300, warmup_epochs=5
2025-09-28 17:38:15 - Epoch 1/500 | LR=0.010000 | w_AVO=1.000 | w_P3=1.333 | lambda_MMD=0.060
2025-09-28 17:38:16 - Epoch Summary: TrainLoss=1.6786 | TrainAcc=0.565 | Val(P3)=0.657 | Val(AVO)=0.568
2025-09-28 17:38:16 - New best P3-val; checkpoint updated
2025-09-28 17:38:16 - Epoch 2/500 | LR=0.010000 | w_AVO=1.000 | w_P3=1.666 | lambda_MMD=0.120
2025-09-28 17:38:16 - Epoch Summary: TrainLoss=1.5974 | TrainAcc=0.595 | Val(P3)=0.600 | Val(AVO)=0.587
2025-09-28 17:38:16 - No P3-val improvement; patience remaining: 19/20
2025-09-28 17:38:16 - Epoch 3/500 | LR=0.010000 | w_AVO=1.000 | w_P3=1.998 | lambda_MMD=0.180
2025-09-28 17:38:16 - Epoch Summary: TrainLoss=1.6841 | TrainAcc=0.617 | Val(P3)=0.686 | Val(AVO)=0.587
2025-09-28 17:38:16 - New best P3-val; checkpoint updated
2025-09-28 17:38:16 - Epoch 4/500 | LR=0.009999 | w_AVO=1.000 | w_P3=2.331 | lambda_MMD=0.240
2025-09-28 17:38:16 - Epoch Summary: TrainLoss=1.7501 | TrainAcc=0.617 | Val(P3)=0.629 | Val(AVO)=0.623
2025-09-28 17:38:16 - No P3-val improvement; patience remaining: 19/20
2025-09-28 17:38:16 - Epoch 5/500 | LR=0.009998 | w_AVO=1.000 | w_P3=2.664 | lambda_MMD=0.300
2025-09-28 17:38:17 - Epoch Summary: TrainLoss=1.8481 | TrainAcc=0.609 | Val(P3)=0.771 | Val(AVO)=0.600
2025-09-28 17:38:17 - New best P3-val; checkpoint updated
2025-09-28 17:38:17 - Epoch 6/500 | LR=0.009998 | w_AVO=1.000 | w_P3=2.664 | lambda_MMD=0.300
2025-09-28 17:38:17 - Epoch Summary: TrainLoss=1.7858 | TrainAcc=0.614 | Val(P3)=0.714 | Val(AVO)=0.616
2025-09-28 17:38:17 - No P3-val improvement; patience remaining: 19/20
2025-09-28 17:38:17 - Epoch 7/500 | LR=0.009996 | w_AVO=1.000 | w_P3=2.664 | lambda_MMD=0.300
2025-09-28 17:38:18 - Epoch Summary: TrainLoss=1.6566 | TrainAcc=0.633 | Val(P3)=0.629 | Val(AVO)=0.616
2025-09-28 17:38:18 - No P3-val improvement; patience remaining: 18/20
2025-09-28 17:38:18 - P3 val decreasing 3x. Reducing w_small to 2.131, lambda_MMD to 0.150
2025-09-28 17:38:18 - Epoch 8/500 | LR=0.009995 | w_AVO=1.000 | w_P3=2.131 | lambda_MMD=0.150
2025-09-28 17:38:18 - Epoch Summary: TrainLoss=1.4783 | TrainAcc=0.628 | Val(P3)=0.743 | Val(AVO)=0.600
2025-09-28 17:38:18 - No P3-val improvement; patience remaining: 17/20
2025-09-28 17:38:18 - Epoch 9/500 | LR=0.009994 | w_AVO=1.000 | w_P3=2.664 | lambda_MMD=0.300
2025-09-28 17:38:18 - Epoch Summary: TrainLoss=1.6465 | TrainAcc=0.621 | Val(P3)=0.686 | Val(AVO)=0.584
2025-09-28 17:38:18 - No P3-val improvement; patience remaining: 16/20
2025-09-28 17:38:18 - AVO val decreasing 3x. Reducing lambda_MMD to 0.210
2025-09-28 17:38:18 - Epoch 10/500 | LR=0.009992 | w_AVO=1.000 | w_P3=2.664 | lambda_MMD=0.210
2025-09-28 17:38:19 - Epoch Summary: TrainLoss=1.5710 | TrainAcc=0.635 | Val(P3)=0.714 | Val(AVO)=0.565
2025-09-28 17:38:19 - No P3-val improvement; patience remaining: 15/20
2025-09-28 17:38:19 - AVO val decreasing 3x. Reducing lambda_MMD to 0.210
2025-09-28 17:38:19 - Epoch 11/500 | LR=0.009990 | w_AVO=1.000 | w_P3=2.664 | lambda_MMD=0.210
2025-09-28 17:38:19 - Epoch Summary: TrainLoss=1.5565 | TrainAcc=0.611 | Val(P3)=0.686 | Val(AVO)=0.594
2025-09-28 17:38:19 - No P3-val improvement; patience remaining: 14/20
2025-09-28 17:38:19 - Epoch 12/500 | LR=0.009988 | w_AVO=1.000 | w_P3=2.664 | lambda_MMD=0.300
2025-09-28 17:38:19 - Epoch Summary: TrainLoss=1.5614 | TrainAcc=0.626 | Val(P3)=0.714 | Val(AVO)=0.623
2025-09-28 17:38:19 - No P3-val improvement; patience remaining: 13/20
2025-09-28 17:38:19 - Epoch 13/500 | LR=0.009986 | w_AVO=1.000 | w_P3=2.664 | lambda_MMD=0.300
2025-09-28 17:38:20 - Epoch Summary: TrainLoss=1.4970 | TrainAcc=0.627 | Val(P3)=0.714 | Val(AVO)=0.619
2025-09-28 17:38:20 - No P3-val improvement; patience remaining: 12/20
2025-09-28 17:38:20 - Epoch 14/500 | LR=0.009983 | w_AVO=1.000 | w_P3=2.664 | lambda_MMD=0.300
2025-09-28 17:38:20 - Epoch Summary: TrainLoss=1.4787 | TrainAcc=0.634 | Val(P3)=0.771 | Val(AVO)=0.590
2025-09-28 17:38:20 - No P3-val improvement; patience remaining: 11/20
2025-09-28 17:38:20 - AVO val decreasing 3x. Reducing lambda_MMD to 0.210
2025-09-28 17:38:20 - Epoch 15/500 | LR=0.009981 | w_AVO=1.000 | w_P3=2.664 | lambda_MMD=0.210
2025-09-28 17:38:21 - Epoch Summary: TrainLoss=1.4322 | TrainAcc=0.640 | Val(P3)=0.714 | Val(AVO)=0.626
2025-09-28 17:38:21 - No P3-val improvement; patience remaining: 10/20
2025-09-28 17:38:21 - Epoch 16/500 | LR=0.009978 | w_AVO=1.000 | w_P3=2.664 | lambda_MMD=0.300
2025-09-28 17:38:21 - Epoch Summary: TrainLoss=1.4386 | TrainAcc=0.642 | Val(P3)=0.686 | Val(AVO)=0.658
2025-09-28 17:38:21 - No P3-val improvement; patience remaining: 9/20
2025-09-28 17:38:21 - P3 val decreasing 3x. Reducing w_small to 2.131, lambda_MMD to 0.150
2025-09-28 17:38:21 - Epoch 17/500 | LR=0.009975 | w_AVO=1.000 | w_P3=2.131 | lambda_MMD=0.150
2025-09-28 17:38:21 - Epoch Summary: TrainLoss=1.2716 | TrainAcc=0.629 | Val(P3)=0.771 | Val(AVO)=0.635
2025-09-28 17:38:21 - No P3-val improvement; patience remaining: 8/20
2025-09-28 17:38:21 - Epoch 18/500 | LR=0.009972 | w_AVO=1.000 | w_P3=2.664 | lambda_MMD=0.300
2025-09-28 17:38:22 - Epoch Summary: TrainLoss=1.4440 | TrainAcc=0.629 | Val(P3)=0.771 | Val(AVO)=0.603
2025-09-28 17:38:22 - No P3-val improvement; patience remaining: 7/20
2025-09-28 17:38:22 - AVO val decreasing 3x. Reducing lambda_MMD to 0.210
2025-09-28 17:38:22 - Epoch 19/500 | LR=0.009968 | w_AVO=1.000 | w_P3=2.664 | lambda_MMD=0.210
2025-09-28 17:38:22 - Epoch Summary: TrainLoss=1.4071 | TrainAcc=0.636 | Val(P3)=0.714 | Val(AVO)=0.635
2025-09-28 17:38:22 - No P3-val improvement; patience remaining: 6/20
2025-09-28 17:38:22 - Epoch 20/500 | LR=0.009964 | w_AVO=1.000 | w_P3=2.664 | lambda_MMD=0.300
2025-09-28 17:38:23 - Epoch Summary: TrainLoss=1.3709 | TrainAcc=0.651 | Val(P3)=0.743 | Val(AVO)=0.655
2025-09-28 17:38:23 - No P3-val improvement; patience remaining: 5/20
2025-09-28 17:38:23 - Epoch 21/500 | LR=0.009961 | w_AVO=1.000 | w_P3=2.664 | lambda_MMD=0.300
2025-09-28 17:38:23 - Epoch Summary: TrainLoss=1.3969 | TrainAcc=0.630 | Val(P3)=0.657 | Val(AVO)=0.619
2025-09-28 17:38:23 - No P3-val improvement; patience remaining: 4/20
2025-09-28 17:38:23 - Epoch 22/500 | LR=0.009957 | w_AVO=1.000 | w_P3=2.664 | lambda_MMD=0.300
2025-09-28 17:38:23 - Epoch Summary: TrainLoss=1.3704 | TrainAcc=0.643 | Val(P3)=0.686 | Val(AVO)=0.584
2025-09-28 17:38:23 - No P3-val improvement; patience remaining: 3/20
2025-09-28 17:38:23 - AVO val decreasing 3x. Reducing lambda_MMD to 0.210
2025-09-28 17:38:23 - Epoch 23/500 | LR=0.009952 | w_AVO=1.000 | w_P3=2.664 | lambda_MMD=0.210
2025-09-28 17:38:24 - Epoch Summary: TrainLoss=1.3820 | TrainAcc=0.637 | Val(P3)=0.714 | Val(AVO)=0.639
2025-09-28 17:38:24 - No P3-val improvement; patience remaining: 2/20
2025-09-28 17:38:24 - Epoch 24/500 | LR=0.009948 | w_AVO=1.000 | w_P3=2.664 | lambda_MMD=0.300
2025-09-28 17:38:24 - Epoch Summary: TrainLoss=1.3565 | TrainAcc=0.641 | Val(P3)=0.743 | Val(AVO)=0.623
2025-09-28 17:38:24 - No P3-val improvement; patience remaining: 1/20
2025-09-28 17:38:24 - Epoch 25/500 | LR=0.009943 | w_AVO=1.000 | w_P3=2.664 | lambda_MMD=0.300
2025-09-28 17:38:24 - Epoch Summary: TrainLoss=1.3254 | TrainAcc=0.644 | Val(P3)=0.714 | Val(AVO)=0.648
2025-09-28 17:38:24 - No P3-val improvement; patience remaining: 0/20
2025-09-28 17:38:24 - Early stopping triggered (P3-val)
2025-09-28 17:38:24 -     P3 Test | Acc=0.5672 P=0.4375 R=0.5600 F1=0.4912 AUC=0.5581 (n=67)
2025-09-28 17:38:24 -     AVO Test | Acc=0.6404 P=0.6548 R=0.6344 F1=0.6444 AUC=0.7060 (n=623)
2025-09-28 17:38:24 -     Overall Test Acc=0.6333
2025-09-28 17:38:24 -   Fold 2/5
2025-09-28 17:38:24 - Fold domains: small=P3 (n=285), large=AVO (n=2128)
2025-09-28 17:38:24 - Auto adjustments (symmetric): w_small≈1.000, lambda_MMD_target=0.300, warmup_epochs=5
2025-09-28 17:38:24 - Epoch 1/500 | LR=0.010000 | w_AVO=1.000 | w_P3=1.347 | lambda_MMD=0.060
2025-09-28 17:38:25 - Epoch Summary: TrainLoss=1.6921 | TrainAcc=0.571 | Val(P3)=0.600 | Val(AVO)=0.626
2025-09-28 17:38:25 - New best P3-val; checkpoint updated
2025-09-28 17:38:25 - Epoch 2/500 | LR=0.010000 | w_AVO=1.000 | w_P3=1.693 | lambda_MMD=0.120
2025-09-28 17:38:25 - Epoch Summary: TrainLoss=1.6054 | TrainAcc=0.601 | Val(P3)=0.629 | Val(AVO)=0.623
2025-09-28 17:38:25 - New best P3-val; checkpoint updated
2025-09-28 17:38:25 - Epoch 3/500 | LR=0.010000 | w_AVO=1.000 | w_P3=2.040 | lambda_MMD=0.180
2025-09-28 17:38:26 - Epoch Summary: TrainLoss=1.6662 | TrainAcc=0.598 | Val(P3)=0.657 | Val(AVO)=0.606
2025-09-28 17:38:26 - New best P3-val; checkpoint updated
2025-09-28 17:38:26 - AVO val decreasing 3x. Reducing lambda_MMD to 0.168
2025-09-28 17:38:26 - Epoch 4/500 | LR=0.009999 | w_AVO=1.000 | w_P3=2.386 | lambda_MMD=0.168
2025-09-28 17:38:26 - Epoch Summary: TrainLoss=1.7136 | TrainAcc=0.620 | Val(P3)=0.629 | Val(AVO)=0.619
2025-09-28 17:38:26 - No P3-val improvement; patience remaining: 19/20
2025-09-28 17:38:26 - Epoch 5/500 | LR=0.009998 | w_AVO=1.000 | w_P3=2.733 | lambda_MMD=0.300
2025-09-28 17:38:26 - Epoch Summary: TrainLoss=1.7341 | TrainAcc=0.611 | Val(P3)=0.629 | Val(AVO)=0.552
2025-09-28 17:38:26 - No P3-val improvement; patience remaining: 18/20
2025-09-28 17:38:26 - Epoch 6/500 | LR=0.009998 | w_AVO=1.000 | w_P3=2.733 | lambda_MMD=0.300
2025-09-28 17:38:27 - Epoch Summary: TrainLoss=1.6979 | TrainAcc=0.623 | Val(P3)=0.657 | Val(AVO)=0.568
2025-09-28 17:38:27 - No P3-val improvement; patience remaining: 17/20
2025-09-28 17:38:27 - Epoch 7/500 | LR=0.009996 | w_AVO=1.000 | w_P3=2.733 | lambda_MMD=0.300
2025-09-28 17:38:27 - Epoch Summary: TrainLoss=1.6267 | TrainAcc=0.617 | Val(P3)=0.600 | Val(AVO)=0.613
2025-09-28 17:38:27 - No P3-val improvement; patience remaining: 16/20
2025-09-28 17:38:27 - Epoch 8/500 | LR=0.009995 | w_AVO=1.000 | w_P3=2.733 | lambda_MMD=0.300
2025-09-28 17:38:28 - Epoch Summary: TrainLoss=1.5997 | TrainAcc=0.622 | Val(P3)=0.571 | Val(AVO)=0.642
2025-09-28 17:38:28 - No P3-val improvement; patience remaining: 15/20
2025-09-28 17:38:28 - P3 val decreasing 3x. Reducing w_small to 2.186, lambda_MMD to 0.150
2025-09-28 17:38:28 - Epoch 9/500 | LR=0.009994 | w_AVO=1.000 | w_P3=2.186 | lambda_MMD=0.150
2025-09-28 17:38:28 - Epoch Summary: TrainLoss=1.3414 | TrainAcc=0.643 | Val(P3)=0.600 | Val(AVO)=0.590
2025-09-28 17:38:28 - No P3-val improvement; patience remaining: 14/20
2025-09-28 17:38:28 - Epoch 10/500 | LR=0.009992 | w_AVO=1.000 | w_P3=2.733 | lambda_MMD=0.300
2025-09-28 17:38:28 - Epoch Summary: TrainLoss=1.4702 | TrainAcc=0.643 | Val(P3)=0.571 | Val(AVO)=0.619
2025-09-28 17:38:28 - No P3-val improvement; patience remaining: 13/20
2025-09-28 17:38:28 - Epoch 11/500 | LR=0.009990 | w_AVO=1.000 | w_P3=2.733 | lambda_MMD=0.300
2025-09-28 17:38:29 - Epoch Summary: TrainLoss=1.4953 | TrainAcc=0.619 | Val(P3)=0.571 | Val(AVO)=0.600
2025-09-28 17:38:29 - No P3-val improvement; patience remaining: 12/20
2025-09-28 17:38:29 - Epoch 12/500 | LR=0.009988 | w_AVO=1.000 | w_P3=2.733 | lambda_MMD=0.300
2025-09-28 17:38:29 - Epoch Summary: TrainLoss=1.4329 | TrainAcc=0.645 | Val(P3)=0.571 | Val(AVO)=0.623
2025-09-28 17:38:29 - No P3-val improvement; patience remaining: 11/20
2025-09-28 17:38:29 - Epoch 13/500 | LR=0.009986 | w_AVO=1.000 | w_P3=2.733 | lambda_MMD=0.300
2025-09-28 17:38:29 - Epoch Summary: TrainLoss=1.4597 | TrainAcc=0.628 | Val(P3)=0.600 | Val(AVO)=0.552
2025-09-28 17:38:29 - No P3-val improvement; patience remaining: 10/20
2025-09-28 17:38:29 - Epoch 14/500 | LR=0.009983 | w_AVO=1.000 | w_P3=2.733 | lambda_MMD=0.300
2025-09-28 17:38:30 - Epoch Summary: TrainLoss=1.3959 | TrainAcc=0.645 | Val(P3)=0.657 | Val(AVO)=0.639
2025-09-28 17:38:30 - No P3-val improvement; patience remaining: 9/20
2025-09-28 17:38:30 - Epoch 15/500 | LR=0.009981 | w_AVO=1.000 | w_P3=2.733 | lambda_MMD=0.300
2025-09-28 17:38:30 - Epoch Summary: TrainLoss=1.4063 | TrainAcc=0.626 | Val(P3)=0.657 | Val(AVO)=0.600
2025-09-28 17:38:30 - No P3-val improvement; patience remaining: 8/20
2025-09-28 17:38:30 - Epoch 16/500 | LR=0.009978 | w_AVO=1.000 | w_P3=2.733 | lambda_MMD=0.300
2025-09-28 17:38:31 - Epoch Summary: TrainLoss=1.3678 | TrainAcc=0.621 | Val(P3)=0.657 | Val(AVO)=0.632
2025-09-28 17:38:31 - No P3-val improvement; patience remaining: 7/20
2025-09-28 17:38:31 - Epoch 17/500 | LR=0.009975 | w_AVO=1.000 | w_P3=2.733 | lambda_MMD=0.300
2025-09-28 17:38:31 - Epoch Summary: TrainLoss=1.3513 | TrainAcc=0.629 | Val(P3)=0.657 | Val(AVO)=0.577
2025-09-28 17:38:31 - No P3-val improvement; patience remaining: 6/20
2025-09-28 17:38:31 - Epoch 18/500 | LR=0.009972 | w_AVO=1.000 | w_P3=2.733 | lambda_MMD=0.300
2025-09-28 17:38:31 - Epoch Summary: TrainLoss=1.3454 | TrainAcc=0.639 | Val(P3)=0.657 | Val(AVO)=0.648
2025-09-28 17:38:31 - No P3-val improvement; patience remaining: 5/20
2025-09-28 17:38:31 - Epoch 19/500 | LR=0.009968 | w_AVO=1.000 | w_P3=2.733 | lambda_MMD=0.300
2025-09-28 17:38:32 - Epoch Summary: TrainLoss=1.2784 | TrainAcc=0.646 | Val(P3)=0.629 | Val(AVO)=0.610
2025-09-28 17:38:32 - No P3-val improvement; patience remaining: 4/20
2025-09-28 17:38:32 - Epoch 20/500 | LR=0.009964 | w_AVO=1.000 | w_P3=2.733 | lambda_MMD=0.300
2025-09-28 17:38:32 - Epoch Summary: TrainLoss=1.3378 | TrainAcc=0.631 | Val(P3)=0.686 | Val(AVO)=0.584
2025-09-28 17:38:32 - New best P3-val; checkpoint updated
2025-09-28 17:38:32 - AVO val decreasing 3x. Reducing lambda_MMD to 0.210
2025-09-28 17:38:32 - Epoch 21/500 | LR=0.009961 | w_AVO=1.000 | w_P3=2.733 | lambda_MMD=0.210
2025-09-28 17:38:33 - Epoch Summary: TrainLoss=1.2488 | TrainAcc=0.660 | Val(P3)=0.600 | Val(AVO)=0.626
2025-09-28 17:38:33 - No P3-val improvement; patience remaining: 19/20
2025-09-28 17:38:33 - Epoch 22/500 | LR=0.009957 | w_AVO=1.000 | w_P3=2.733 | lambda_MMD=0.300
2025-09-28 17:38:33 - Epoch Summary: TrainLoss=1.2965 | TrainAcc=0.636 | Val(P3)=0.600 | Val(AVO)=0.610
2025-09-28 17:38:33 - No P3-val improvement; patience remaining: 18/20
2025-09-28 17:38:33 - Epoch 23/500 | LR=0.009952 | w_AVO=1.000 | w_P3=2.733 | lambda_MMD=0.300
2025-09-28 17:38:33 - Epoch Summary: TrainLoss=1.3187 | TrainAcc=0.633 | Val(P3)=0.657 | Val(AVO)=0.629
2025-09-28 17:38:33 - No P3-val improvement; patience remaining: 17/20
2025-09-28 17:38:33 - Epoch 24/500 | LR=0.009948 | w_AVO=1.000 | w_P3=2.733 | lambda_MMD=0.300
2025-09-28 17:38:34 - Epoch Summary: TrainLoss=1.2911 | TrainAcc=0.650 | Val(P3)=0.657 | Val(AVO)=0.626
2025-09-28 17:38:34 - No P3-val improvement; patience remaining: 16/20
2025-09-28 17:38:34 - Epoch 25/500 | LR=0.009943 | w_AVO=1.000 | w_P3=2.733 | lambda_MMD=0.300
2025-09-28 17:38:34 - Epoch Summary: TrainLoss=1.2741 | TrainAcc=0.640 | Val(P3)=0.657 | Val(AVO)=0.613
2025-09-28 17:38:34 - No P3-val improvement; patience remaining: 15/20
2025-09-28 17:38:34 - AVO val decreasing 3x. Reducing lambda_MMD to 0.210
2025-09-28 17:38:34 - Epoch 26/500 | LR=0.009938 | w_AVO=1.000 | w_P3=2.733 | lambda_MMD=0.210
2025-09-28 17:38:35 - Epoch Summary: TrainLoss=1.2276 | TrainAcc=0.653 | Val(P3)=0.657 | Val(AVO)=0.613
2025-09-28 17:38:35 - No P3-val improvement; patience remaining: 14/20
2025-09-28 17:38:35 - Epoch 27/500 | LR=0.009933 | w_AVO=1.000 | w_P3=2.733 | lambda_MMD=0.300
2025-09-28 17:38:35 - Epoch Summary: TrainLoss=1.2760 | TrainAcc=0.638 | Val(P3)=0.657 | Val(AVO)=0.648
2025-09-28 17:38:35 - No P3-val improvement; patience remaining: 13/20
2025-09-28 17:38:35 - Epoch 28/500 | LR=0.009928 | w_AVO=1.000 | w_P3=2.733 | lambda_MMD=0.300
2025-09-28 17:38:36 - Epoch Summary: TrainLoss=1.2472 | TrainAcc=0.654 | Val(P3)=0.686 | Val(AVO)=0.619
2025-09-28 17:38:36 - No P3-val improvement; patience remaining: 12/20
2025-09-28 17:38:36 - Epoch 29/500 | LR=0.009923 | w_AVO=1.000 | w_P3=2.733 | lambda_MMD=0.300
2025-09-28 17:38:36 - Epoch Summary: TrainLoss=1.2206 | TrainAcc=0.634 | Val(P3)=0.629 | Val(AVO)=0.597
2025-09-28 17:38:36 - No P3-val improvement; patience remaining: 11/20
2025-09-28 17:38:36 - AVO val decreasing 3x. Reducing lambda_MMD to 0.210
2025-09-28 17:38:36 - Epoch 30/500 | LR=0.009917 | w_AVO=1.000 | w_P3=2.733 | lambda_MMD=0.210
2025-09-28 17:38:36 - Epoch Summary: TrainLoss=1.2297 | TrainAcc=0.656 | Val(P3)=0.629 | Val(AVO)=0.613
2025-09-28 17:38:36 - No P3-val improvement; patience remaining: 10/20
2025-09-28 17:38:36 - Epoch 31/500 | LR=0.009911 | w_AVO=1.000 | w_P3=2.733 | lambda_MMD=0.300
2025-09-28 17:38:37 - Epoch Summary: TrainLoss=1.2262 | TrainAcc=0.648 | Val(P3)=0.600 | Val(AVO)=0.619
2025-09-28 17:38:37 - No P3-val improvement; patience remaining: 9/20
2025-09-28 17:38:37 - Epoch 32/500 | LR=0.009905 | w_AVO=1.000 | w_P3=2.733 | lambda_MMD=0.300
2025-09-28 17:38:37 - Epoch Summary: TrainLoss=1.1932 | TrainAcc=0.648 | Val(P3)=0.657 | Val(AVO)=0.648
2025-09-28 17:38:37 - No P3-val improvement; patience remaining: 8/20
2025-09-28 17:38:37 - Epoch 33/500 | LR=0.009899 | w_AVO=1.000 | w_P3=2.733 | lambda_MMD=0.300
2025-09-28 17:38:38 - Epoch Summary: TrainLoss=1.2087 | TrainAcc=0.651 | Val(P3)=0.657 | Val(AVO)=0.600
2025-09-28 17:38:38 - No P3-val improvement; patience remaining: 7/20
2025-09-28 17:38:38 - Epoch 34/500 | LR=0.009893 | w_AVO=1.000 | w_P3=2.733 | lambda_MMD=0.300
2025-09-28 17:38:38 - Epoch Summary: TrainLoss=1.2382 | TrainAcc=0.652 | Val(P3)=0.657 | Val(AVO)=0.623
2025-09-28 17:38:38 - No P3-val improvement; patience remaining: 6/20
2025-09-28 17:38:38 - Epoch 35/500 | LR=0.009886 | w_AVO=1.000 | w_P3=2.733 | lambda_MMD=0.300
2025-09-28 17:38:38 - Epoch Summary: TrainLoss=1.1991 | TrainAcc=0.644 | Val(P3)=0.686 | Val(AVO)=0.603
2025-09-28 17:38:38 - No P3-val improvement; patience remaining: 5/20
2025-09-28 17:38:38 - Epoch 36/500 | LR=0.009880 | w_AVO=1.000 | w_P3=2.733 | lambda_MMD=0.300
2025-09-28 17:38:39 - Epoch Summary: TrainLoss=1.2280 | TrainAcc=0.659 | Val(P3)=0.657 | Val(AVO)=0.629
2025-09-28 17:38:39 - No P3-val improvement; patience remaining: 4/20
2025-09-28 17:38:39 - Epoch 37/500 | LR=0.009873 | w_AVO=1.000 | w_P3=2.733 | lambda_MMD=0.300
2025-09-28 17:38:39 - Epoch Summary: TrainLoss=1.2057 | TrainAcc=0.648 | Val(P3)=0.657 | Val(AVO)=0.632
2025-09-28 17:38:39 - No P3-val improvement; patience remaining: 3/20
2025-09-28 17:38:39 - Epoch 38/500 | LR=0.009865 | w_AVO=1.000 | w_P3=2.733 | lambda_MMD=0.300
2025-09-28 17:38:40 - Epoch Summary: TrainLoss=1.1726 | TrainAcc=0.644 | Val(P3)=0.657 | Val(AVO)=0.632
2025-09-28 17:38:40 - No P3-val improvement; patience remaining: 2/20
2025-09-28 17:38:40 - Epoch 39/500 | LR=0.009858 | w_AVO=1.000 | w_P3=2.733 | lambda_MMD=0.300
2025-09-28 17:38:40 - Epoch Summary: TrainLoss=1.2241 | TrainAcc=0.653 | Val(P3)=0.629 | Val(AVO)=0.619
2025-09-28 17:38:40 - No P3-val improvement; patience remaining: 1/20
2025-09-28 17:38:40 - Epoch 40/500 | LR=0.009851 | w_AVO=1.000 | w_P3=2.733 | lambda_MMD=0.300
2025-09-28 17:38:41 - Epoch Summary: TrainLoss=1.2187 | TrainAcc=0.644 | Val(P3)=0.686 | Val(AVO)=0.629
2025-09-28 17:38:41 - No P3-val improvement; patience remaining: 0/20
2025-09-28 17:38:41 - Early stopping triggered (P3-val)
2025-09-28 17:38:41 -     P3 Test | Acc=0.5500 P=0.7000 R=0.4375 F1=0.5385 AUC=0.5977 (n=80)
2025-09-28 17:38:41 -     AVO Test | Acc=0.6475 P=0.6653 R=0.5556 F1=0.6055 AUC=0.7067 (n=610)
2025-09-28 17:38:41 -     Overall Test Acc=0.6362
2025-09-28 17:38:41 -   Fold 3/5
2025-09-28 17:38:41 - Fold domains: small=P3 (n=286), large=AVO (n=2127)
2025-09-28 17:38:41 - Auto adjustments (symmetric): w_small≈1.000, lambda_MMD_target=0.300, warmup_epochs=5
2025-09-28 17:38:41 - Epoch 1/500 | LR=0.010000 | w_AVO=1.000 | w_P3=1.345 | lambda_MMD=0.060
2025-09-28 17:38:41 - Epoch Summary: TrainLoss=1.7949 | TrainAcc=0.562 | Val(P3)=0.515 | Val(AVO)=0.638
2025-09-28 17:38:41 - New best P3-val; checkpoint updated
2025-09-28 17:38:41 - Epoch 2/500 | LR=0.010000 | w_AVO=1.000 | w_P3=1.691 | lambda_MMD=0.120
2025-09-28 17:38:41 - Epoch Summary: TrainLoss=1.6654 | TrainAcc=0.589 | Val(P3)=0.636 | Val(AVO)=0.609
2025-09-28 17:38:41 - New best P3-val; checkpoint updated
2025-09-28 17:38:41 - Epoch 3/500 | LR=0.010000 | w_AVO=1.000 | w_P3=2.036 | lambda_MMD=0.180
2025-09-28 17:38:42 - Epoch Summary: TrainLoss=1.7313 | TrainAcc=0.598 | Val(P3)=0.606 | Val(AVO)=0.628
2025-09-28 17:38:42 - No P3-val improvement; patience remaining: 19/20
2025-09-28 17:38:42 - Epoch 4/500 | LR=0.009999 | w_AVO=1.000 | w_P3=2.382 | lambda_MMD=0.240
2025-09-28 17:38:42 - Epoch Summary: TrainLoss=1.7817 | TrainAcc=0.608 | Val(P3)=0.667 | Val(AVO)=0.606
2025-09-28 17:38:42 - New best P3-val; checkpoint updated
2025-09-28 17:38:42 - Epoch 5/500 | LR=0.009998 | w_AVO=1.000 | w_P3=2.727 | lambda_MMD=0.300
2025-09-28 17:38:42 - Epoch Summary: TrainLoss=1.8461 | TrainAcc=0.603 | Val(P3)=0.606 | Val(AVO)=0.625
2025-09-28 17:38:42 - No P3-val improvement; patience remaining: 19/20
2025-09-28 17:38:42 - Epoch 6/500 | LR=0.009998 | w_AVO=1.000 | w_P3=2.727 | lambda_MMD=0.300
2025-09-28 17:38:43 - Epoch Summary: TrainLoss=1.7249 | TrainAcc=0.613 | Val(P3)=0.515 | Val(AVO)=0.590
2025-09-28 17:38:43 - No P3-val improvement; patience remaining: 18/20
2025-09-28 17:38:43 - P3 val decreasing 3x. Reducing w_small to 2.182, lambda_MMD to 0.150
2025-09-28 17:38:43 - Epoch 7/500 | LR=0.009996 | w_AVO=1.000 | w_P3=2.182 | lambda_MMD=0.150
2025-09-28 17:38:43 - Epoch Summary: TrainLoss=1.4726 | TrainAcc=0.612 | Val(P3)=0.727 | Val(AVO)=0.612
2025-09-28 17:38:43 - New best P3-val; checkpoint updated
2025-09-28 17:38:43 - Epoch 8/500 | LR=0.009995 | w_AVO=1.000 | w_P3=2.727 | lambda_MMD=0.300
2025-09-28 17:38:44 - Epoch Summary: TrainLoss=1.5963 | TrainAcc=0.627 | Val(P3)=0.606 | Val(AVO)=0.609
2025-09-28 17:38:44 - No P3-val improvement; patience remaining: 19/20
2025-09-28 17:38:44 - Epoch 9/500 | LR=0.009994 | w_AVO=1.000 | w_P3=2.727 | lambda_MMD=0.300
2025-09-28 17:38:44 - Epoch Summary: TrainLoss=1.6045 | TrainAcc=0.619 | Val(P3)=0.606 | Val(AVO)=0.612
2025-09-28 17:38:44 - No P3-val improvement; patience remaining: 18/20
2025-09-28 17:38:44 - Epoch 10/500 | LR=0.009992 | w_AVO=1.000 | w_P3=2.727 | lambda_MMD=0.300
2025-09-28 17:38:44 - Epoch Summary: TrainLoss=1.5989 | TrainAcc=0.614 | Val(P3)=0.606 | Val(AVO)=0.574
2025-09-28 17:38:44 - No P3-val improvement; patience remaining: 17/20
2025-09-28 17:38:44 - Epoch 11/500 | LR=0.009990 | w_AVO=1.000 | w_P3=2.727 | lambda_MMD=0.300
2025-09-28 17:38:45 - Epoch Summary: TrainLoss=1.5871 | TrainAcc=0.621 | Val(P3)=0.667 | Val(AVO)=0.596
2025-09-28 17:38:45 - No P3-val improvement; patience remaining: 16/20
2025-09-28 17:38:45 - Epoch 12/500 | LR=0.009988 | w_AVO=1.000 | w_P3=2.727 | lambda_MMD=0.300
2025-09-28 17:38:45 - Epoch Summary: TrainLoss=1.4937 | TrainAcc=0.628 | Val(P3)=0.576 | Val(AVO)=0.628
2025-09-28 17:38:45 - No P3-val improvement; patience remaining: 15/20
2025-09-28 17:38:45 - Epoch 13/500 | LR=0.009986 | w_AVO=1.000 | w_P3=2.727 | lambda_MMD=0.300
2025-09-28 17:38:46 - Epoch Summary: TrainLoss=1.4752 | TrainAcc=0.640 | Val(P3)=0.606 | Val(AVO)=0.590
2025-09-28 17:38:46 - No P3-val improvement; patience remaining: 14/20
2025-09-28 17:38:46 - Epoch 14/500 | LR=0.009983 | w_AVO=1.000 | w_P3=2.727 | lambda_MMD=0.300
2025-09-28 17:38:46 - Epoch Summary: TrainLoss=1.4838 | TrainAcc=0.628 | Val(P3)=0.667 | Val(AVO)=0.619
2025-09-28 17:38:46 - No P3-val improvement; patience remaining: 13/20
2025-09-28 17:38:46 - Epoch 15/500 | LR=0.009981 | w_AVO=1.000 | w_P3=2.727 | lambda_MMD=0.300
2025-09-28 17:38:46 - Epoch Summary: TrainLoss=1.4178 | TrainAcc=0.633 | Val(P3)=0.606 | Val(AVO)=0.609
2025-09-28 17:38:46 - No P3-val improvement; patience remaining: 12/20
2025-09-28 17:38:46 - Epoch 16/500 | LR=0.009978 | w_AVO=1.000 | w_P3=2.727 | lambda_MMD=0.300
2025-09-28 17:38:47 - Epoch Summary: TrainLoss=1.3811 | TrainAcc=0.630 | Val(P3)=0.667 | Val(AVO)=0.590
2025-09-28 17:38:47 - No P3-val improvement; patience remaining: 11/20
2025-09-28 17:38:47 - AVO val decreasing 3x. Reducing lambda_MMD to 0.210
2025-09-28 17:38:47 - Epoch 17/500 | LR=0.009975 | w_AVO=1.000 | w_P3=2.727 | lambda_MMD=0.210
2025-09-28 17:38:47 - Epoch Summary: TrainLoss=1.4070 | TrainAcc=0.625 | Val(P3)=0.667 | Val(AVO)=0.596
2025-09-28 17:38:47 - No P3-val improvement; patience remaining: 10/20
2025-09-28 17:38:47 - Epoch 18/500 | LR=0.009972 | w_AVO=1.000 | w_P3=2.727 | lambda_MMD=0.300
2025-09-28 17:38:48 - Epoch Summary: TrainLoss=1.4263 | TrainAcc=0.618 | Val(P3)=0.667 | Val(AVO)=0.635
2025-09-28 17:38:48 - No P3-val improvement; patience remaining: 9/20
2025-09-28 17:38:48 - Epoch 19/500 | LR=0.009968 | w_AVO=1.000 | w_P3=2.727 | lambda_MMD=0.300
2025-09-28 17:38:48 - Epoch Summary: TrainLoss=1.3592 | TrainAcc=0.648 | Val(P3)=0.667 | Val(AVO)=0.606
2025-09-28 17:38:48 - No P3-val improvement; patience remaining: 8/20
2025-09-28 17:38:48 - Epoch 20/500 | LR=0.009964 | w_AVO=1.000 | w_P3=2.727 | lambda_MMD=0.300
2025-09-28 17:38:48 - Epoch Summary: TrainLoss=1.3372 | TrainAcc=0.633 | Val(P3)=0.667 | Val(AVO)=0.590
2025-09-28 17:38:48 - No P3-val improvement; patience remaining: 7/20
2025-09-28 17:38:48 - AVO val decreasing 3x. Reducing lambda_MMD to 0.210
2025-09-28 17:38:48 - Epoch 21/500 | LR=0.009961 | w_AVO=1.000 | w_P3=2.727 | lambda_MMD=0.210
2025-09-28 17:38:49 - Epoch Summary: TrainLoss=1.3340 | TrainAcc=0.629 | Val(P3)=0.636 | Val(AVO)=0.625
2025-09-28 17:38:49 - No P3-val improvement; patience remaining: 6/20
2025-09-28 17:38:49 - Epoch 22/500 | LR=0.009957 | w_AVO=1.000 | w_P3=2.727 | lambda_MMD=0.300
2025-09-28 17:38:49 - Epoch Summary: TrainLoss=1.3664 | TrainAcc=0.644 | Val(P3)=0.636 | Val(AVO)=0.603
2025-09-28 17:38:49 - No P3-val improvement; patience remaining: 5/20
2025-09-28 17:38:49 - Epoch 23/500 | LR=0.009952 | w_AVO=1.000 | w_P3=2.727 | lambda_MMD=0.300
2025-09-28 17:38:50 - Epoch Summary: TrainLoss=1.3099 | TrainAcc=0.636 | Val(P3)=0.636 | Val(AVO)=0.615
2025-09-28 17:38:50 - No P3-val improvement; patience remaining: 4/20
2025-09-28 17:38:50 - Epoch 24/500 | LR=0.009948 | w_AVO=1.000 | w_P3=2.727 | lambda_MMD=0.300
2025-09-28 17:38:50 - Epoch Summary: TrainLoss=1.2937 | TrainAcc=0.648 | Val(P3)=0.636 | Val(AVO)=0.641
2025-09-28 17:38:50 - No P3-val improvement; patience remaining: 3/20
2025-09-28 17:38:50 - Epoch 25/500 | LR=0.009943 | w_AVO=1.000 | w_P3=2.727 | lambda_MMD=0.300
2025-09-28 17:38:51 - Epoch Summary: TrainLoss=1.3069 | TrainAcc=0.641 | Val(P3)=0.667 | Val(AVO)=0.619
2025-09-28 17:38:51 - No P3-val improvement; patience remaining: 2/20
2025-09-28 17:38:51 - Epoch 26/500 | LR=0.009938 | w_AVO=1.000 | w_P3=2.727 | lambda_MMD=0.300
2025-09-28 17:38:51 - Epoch Summary: TrainLoss=1.2937 | TrainAcc=0.626 | Val(P3)=0.667 | Val(AVO)=0.593
2025-09-28 17:38:51 - No P3-val improvement; patience remaining: 1/20
2025-09-28 17:38:51 - AVO val decreasing 3x. Reducing lambda_MMD to 0.210
2025-09-28 17:38:51 - Epoch 27/500 | LR=0.009933 | w_AVO=1.000 | w_P3=2.727 | lambda_MMD=0.210
2025-09-28 17:38:51 - Epoch Summary: TrainLoss=1.2808 | TrainAcc=0.644 | Val(P3)=0.667 | Val(AVO)=0.603
2025-09-28 17:38:51 - No P3-val improvement; patience remaining: 0/20
2025-09-28 17:38:51 - Early stopping triggered (P3-val)
2025-09-28 17:38:51 -     P3 Test | Acc=0.5679 P=0.5636 R=0.7381 F1=0.6392 AUC=0.6105 (n=81)
2025-09-28 17:38:51 -     AVO Test | Acc=0.6223 P=0.5953 R=0.7525 F1=0.6647 AUC=0.6907 (n=609)
2025-09-28 17:38:51 -     Overall Test Acc=0.6159
2025-09-28 17:38:51 -   Fold 4/5
2025-09-28 17:38:51 - Fold domains: small=P3 (n=283), large=AVO (n=2131)
2025-09-28 17:38:51 - Auto adjustments (symmetric): w_small≈1.000, lambda_MMD_target=0.300, warmup_epochs=5
2025-09-28 17:38:51 - Epoch 1/500 | LR=0.010000 | w_AVO=1.000 | w_P3=1.349 | lambda_MMD=0.060
2025-09-28 17:38:52 - Epoch Summary: TrainLoss=1.7840 | TrainAcc=0.533 | Val(P3)=0.515 | Val(AVO)=0.599
2025-09-28 17:38:52 - New best P3-val; checkpoint updated
2025-09-28 17:38:52 - Epoch 2/500 | LR=0.010000 | w_AVO=1.000 | w_P3=1.698 | lambda_MMD=0.120
2025-09-28 17:38:52 - Epoch Summary: TrainLoss=1.7073 | TrainAcc=0.600 | Val(P3)=0.606 | Val(AVO)=0.554
2025-09-28 17:38:52 - New best P3-val; checkpoint updated
2025-09-28 17:38:52 - Epoch 3/500 | LR=0.010000 | w_AVO=1.000 | w_P3=2.046 | lambda_MMD=0.180
2025-09-28 17:38:53 - Epoch Summary: TrainLoss=1.8230 | TrainAcc=0.614 | Val(P3)=0.545 | Val(AVO)=0.580
2025-09-28 17:38:53 - No P3-val improvement; patience remaining: 19/20
2025-09-28 17:38:53 - Epoch 4/500 | LR=0.009999 | w_AVO=1.000 | w_P3=2.395 | lambda_MMD=0.240
2025-09-28 17:38:53 - Epoch Summary: TrainLoss=1.8709 | TrainAcc=0.612 | Val(P3)=0.576 | Val(AVO)=0.615
2025-09-28 17:38:53 - No P3-val improvement; patience remaining: 18/20
2025-09-28 17:38:53 - Epoch 5/500 | LR=0.009998 | w_AVO=1.000 | w_P3=2.744 | lambda_MMD=0.300
2025-09-28 17:38:53 - Epoch Summary: TrainLoss=1.9275 | TrainAcc=0.616 | Val(P3)=0.545 | Val(AVO)=0.599
2025-09-28 17:38:53 - No P3-val improvement; patience remaining: 17/20
2025-09-28 17:38:53 - Epoch 6/500 | LR=0.009998 | w_AVO=1.000 | w_P3=2.744 | lambda_MMD=0.300
2025-09-28 17:38:54 - Epoch Summary: TrainLoss=1.8373 | TrainAcc=0.615 | Val(P3)=0.576 | Val(AVO)=0.619
2025-09-28 17:38:54 - No P3-val improvement; patience remaining: 16/20
2025-09-28 17:38:54 - Epoch 7/500 | LR=0.009996 | w_AVO=1.000 | w_P3=2.744 | lambda_MMD=0.300
2025-09-28 17:38:54 - Epoch Summary: TrainLoss=1.7193 | TrainAcc=0.619 | Val(P3)=0.606 | Val(AVO)=0.615
2025-09-28 17:38:54 - No P3-val improvement; patience remaining: 15/20
2025-09-28 17:38:54 - Epoch 8/500 | LR=0.009995 | w_AVO=1.000 | w_P3=2.744 | lambda_MMD=0.300
2025-09-28 17:38:55 - Epoch Summary: TrainLoss=1.6464 | TrainAcc=0.611 | Val(P3)=0.606 | Val(AVO)=0.596
2025-09-28 17:38:55 - No P3-val improvement; patience remaining: 14/20
2025-09-28 17:38:55 - AVO val decreasing 3x. Reducing lambda_MMD to 0.210
2025-09-28 17:38:55 - Epoch 9/500 | LR=0.009994 | w_AVO=1.000 | w_P3=2.744 | lambda_MMD=0.210
2025-09-28 17:38:55 - Epoch Summary: TrainLoss=1.6363 | TrainAcc=0.612 | Val(P3)=0.545 | Val(AVO)=0.635
2025-09-28 17:38:55 - No P3-val improvement; patience remaining: 13/20
2025-09-28 17:38:55 - Epoch 10/500 | LR=0.009992 | w_AVO=1.000 | w_P3=2.744 | lambda_MMD=0.300
2025-09-28 17:38:55 - Epoch Summary: TrainLoss=1.5541 | TrainAcc=0.635 | Val(P3)=0.576 | Val(AVO)=0.625
2025-09-28 17:38:55 - No P3-val improvement; patience remaining: 12/20
2025-09-28 17:38:55 - Epoch 11/500 | LR=0.009990 | w_AVO=1.000 | w_P3=2.744 | lambda_MMD=0.300
2025-09-28 17:38:56 - Epoch Summary: TrainLoss=1.5658 | TrainAcc=0.624 | Val(P3)=0.576 | Val(AVO)=0.631
2025-09-28 17:38:56 - No P3-val improvement; patience remaining: 11/20
2025-09-28 17:38:56 - Epoch 12/500 | LR=0.009988 | w_AVO=1.000 | w_P3=2.744 | lambda_MMD=0.300
2025-09-28 17:38:56 - Epoch Summary: TrainLoss=1.4747 | TrainAcc=0.618 | Val(P3)=0.606 | Val(AVO)=0.599
2025-09-28 17:38:56 - No P3-val improvement; patience remaining: 10/20
2025-09-28 17:38:56 - Epoch 13/500 | LR=0.009986 | w_AVO=1.000 | w_P3=2.744 | lambda_MMD=0.300
2025-09-28 17:38:57 - Epoch Summary: TrainLoss=1.5401 | TrainAcc=0.618 | Val(P3)=0.515 | Val(AVO)=0.651
2025-09-28 17:38:57 - No P3-val improvement; patience remaining: 9/20
2025-09-28 17:38:57 - Epoch 14/500 | LR=0.009983 | w_AVO=1.000 | w_P3=2.744 | lambda_MMD=0.300
2025-09-28 17:38:57 - Epoch Summary: TrainLoss=1.4887 | TrainAcc=0.624 | Val(P3)=0.606 | Val(AVO)=0.631
2025-09-28 17:38:57 - No P3-val improvement; patience remaining: 8/20
2025-09-28 17:38:57 - Epoch 15/500 | LR=0.009981 | w_AVO=1.000 | w_P3=2.744 | lambda_MMD=0.300
2025-09-28 17:38:58 - Epoch Summary: TrainLoss=1.3990 | TrainAcc=0.630 | Val(P3)=0.545 | Val(AVO)=0.638
2025-09-28 17:38:58 - No P3-val improvement; patience remaining: 7/20
2025-09-28 17:38:58 - Epoch 16/500 | LR=0.009978 | w_AVO=1.000 | w_P3=2.744 | lambda_MMD=0.300
2025-09-28 17:38:58 - Epoch Summary: TrainLoss=1.4399 | TrainAcc=0.624 | Val(P3)=0.576 | Val(AVO)=0.644
2025-09-28 17:38:58 - No P3-val improvement; patience remaining: 6/20
2025-09-28 17:38:58 - Epoch 17/500 | LR=0.009975 | w_AVO=1.000 | w_P3=2.744 | lambda_MMD=0.300
2025-09-28 17:38:58 - Epoch Summary: TrainLoss=1.4216 | TrainAcc=0.618 | Val(P3)=0.545 | Val(AVO)=0.654
2025-09-28 17:38:58 - No P3-val improvement; patience remaining: 5/20
2025-09-28 17:38:58 - Epoch 18/500 | LR=0.009972 | w_AVO=1.000 | w_P3=2.744 | lambda_MMD=0.300
2025-09-28 17:38:59 - Epoch Summary: TrainLoss=1.4116 | TrainAcc=0.616 | Val(P3)=0.515 | Val(AVO)=0.622
2025-09-28 17:38:59 - No P3-val improvement; patience remaining: 4/20
2025-09-28 17:38:59 - P3 val decreasing 3x. Reducing w_small to 2.195, lambda_MMD to 0.150
2025-09-28 17:38:59 - Epoch 19/500 | LR=0.009968 | w_AVO=1.000 | w_P3=2.195 | lambda_MMD=0.150
2025-09-28 17:38:59 - Epoch Summary: TrainLoss=1.2350 | TrainAcc=0.648 | Val(P3)=0.515 | Val(AVO)=0.654
2025-09-28 17:38:59 - No P3-val improvement; patience remaining: 3/20
2025-09-28 17:38:59 - Epoch 20/500 | LR=0.009964 | w_AVO=1.000 | w_P3=2.744 | lambda_MMD=0.300
2025-09-28 17:39:00 - Epoch Summary: TrainLoss=1.3803 | TrainAcc=0.633 | Val(P3)=0.545 | Val(AVO)=0.670
2025-09-28 17:39:00 - No P3-val improvement; patience remaining: 2/20
2025-09-28 17:39:00 - Epoch 21/500 | LR=0.009961 | w_AVO=1.000 | w_P3=2.744 | lambda_MMD=0.300
2025-09-28 17:39:00 - Epoch Summary: TrainLoss=1.3788 | TrainAcc=0.631 | Val(P3)=0.515 | Val(AVO)=0.628
2025-09-28 17:39:00 - No P3-val improvement; patience remaining: 1/20
2025-09-28 17:39:00 - Epoch 22/500 | LR=0.009957 | w_AVO=1.000 | w_P3=2.744 | lambda_MMD=0.300
2025-09-28 17:39:00 - Epoch Summary: TrainLoss=1.3682 | TrainAcc=0.638 | Val(P3)=0.576 | Val(AVO)=0.660
2025-09-28 17:39:00 - No P3-val improvement; patience remaining: 0/20
2025-09-28 17:39:00 - Early stopping triggered (P3-val)
2025-09-28 17:39:00 -     P3 Test | Acc=0.6190 P=0.6154 R=0.5854 F1=0.6000 AUC=0.6506 (n=84)
2025-09-28 17:39:00 -     AVO Test | Acc=0.6562 P=0.6316 R=0.7525 F1=0.6867 AUC=0.7000 (n=605)
2025-09-28 17:39:00 -     Overall Test Acc=0.6517
2025-09-28 17:39:00 -   Fold 5/5
2025-09-28 17:39:00 - Fold domains: small=P3 (n=279), large=AVO (n=2135)
2025-09-28 17:39:00 - Auto adjustments (symmetric): w_small≈1.000, lambda_MMD_target=0.300, warmup_epochs=5
2025-09-28 17:39:00 - Epoch 1/500 | LR=0.010000 | w_AVO=1.000 | w_P3=1.353 | lambda_MMD=0.060
2025-09-28 17:39:01 - Epoch Summary: TrainLoss=1.7994 | TrainAcc=0.542 | Val(P3)=0.455 | Val(AVO)=0.587
2025-09-28 17:39:01 - New best P3-val; checkpoint updated
2025-09-28 17:39:01 - Epoch 2/500 | LR=0.010000 | w_AVO=1.000 | w_P3=1.707 | lambda_MMD=0.120
2025-09-28 17:39:01 - Epoch Summary: TrainLoss=1.6949 | TrainAcc=0.616 | Val(P3)=0.545 | Val(AVO)=0.615
2025-09-28 17:39:01 - New best P3-val; checkpoint updated
2025-09-28 17:39:01 - Epoch 3/500 | LR=0.010000 | w_AVO=1.000 | w_P3=2.060 | lambda_MMD=0.180
2025-09-28 17:39:02 - Epoch Summary: TrainLoss=1.7589 | TrainAcc=0.600 | Val(P3)=0.576 | Val(AVO)=0.606
2025-09-28 17:39:02 - New best P3-val; checkpoint updated
2025-09-28 17:39:02 - Epoch 4/500 | LR=0.009999 | w_AVO=1.000 | w_P3=2.413 | lambda_MMD=0.240
2025-09-28 17:39:02 - Epoch Summary: TrainLoss=1.8686 | TrainAcc=0.614 | Val(P3)=0.576 | Val(AVO)=0.609
2025-09-28 17:39:02 - No P3-val improvement; patience remaining: 19/20
2025-09-28 17:39:02 - Epoch 5/500 | LR=0.009998 | w_AVO=1.000 | w_P3=2.766 | lambda_MMD=0.300
2025-09-28 17:39:02 - Epoch Summary: TrainLoss=1.8798 | TrainAcc=0.618 | Val(P3)=0.667 | Val(AVO)=0.612
2025-09-28 17:39:02 - New best P3-val; checkpoint updated
2025-09-28 17:39:02 - Epoch 6/500 | LR=0.009998 | w_AVO=1.000 | w_P3=2.766 | lambda_MMD=0.300
2025-09-28 17:39:03 - Epoch Summary: TrainLoss=1.8064 | TrainAcc=0.607 | Val(P3)=0.606 | Val(AVO)=0.647
2025-09-28 17:39:03 - No P3-val improvement; patience remaining: 19/20
2025-09-28 17:39:03 - Epoch 7/500 | LR=0.009996 | w_AVO=1.000 | w_P3=2.766 | lambda_MMD=0.300
2025-09-28 17:39:03 - Epoch Summary: TrainLoss=1.7554 | TrainAcc=0.624 | Val(P3)=0.636 | Val(AVO)=0.654
2025-09-28 17:39:03 - No P3-val improvement; patience remaining: 18/20
2025-09-28 17:39:03 - Epoch 8/500 | LR=0.009995 | w_AVO=1.000 | w_P3=2.766 | lambda_MMD=0.300
2025-09-28 17:39:04 - Epoch Summary: TrainLoss=1.7145 | TrainAcc=0.616 | Val(P3)=0.636 | Val(AVO)=0.644
2025-09-28 17:39:04 - No P3-val improvement; patience remaining: 17/20
2025-09-28 17:39:04 - Epoch 9/500 | LR=0.009994 | w_AVO=1.000 | w_P3=2.766 | lambda_MMD=0.300
2025-09-28 17:39:04 - Epoch Summary: TrainLoss=1.6504 | TrainAcc=0.620 | Val(P3)=0.606 | Val(AVO)=0.696
2025-09-28 17:39:04 - No P3-val improvement; patience remaining: 16/20
2025-09-28 17:39:04 - Epoch 10/500 | LR=0.009992 | w_AVO=1.000 | w_P3=2.766 | lambda_MMD=0.300
2025-09-28 17:39:04 - Epoch Summary: TrainLoss=1.5884 | TrainAcc=0.618 | Val(P3)=0.636 | Val(AVO)=0.638
2025-09-28 17:39:04 - No P3-val improvement; patience remaining: 15/20
2025-09-28 17:39:04 - Epoch 11/500 | LR=0.009990 | w_AVO=1.000 | w_P3=2.766 | lambda_MMD=0.300
2025-09-28 17:39:05 - Epoch Summary: TrainLoss=1.5755 | TrainAcc=0.623 | Val(P3)=0.636 | Val(AVO)=0.622
2025-09-28 17:39:05 - No P3-val improvement; patience remaining: 14/20
2025-09-28 17:39:05 - AVO val decreasing 3x. Reducing lambda_MMD to 0.210
2025-09-28 17:39:05 - Epoch 12/500 | LR=0.009988 | w_AVO=1.000 | w_P3=2.766 | lambda_MMD=0.210
2025-09-28 17:39:05 - Epoch Summary: TrainLoss=1.5781 | TrainAcc=0.623 | Val(P3)=0.606 | Val(AVO)=0.660
2025-09-28 17:39:05 - No P3-val improvement; patience remaining: 13/20
2025-09-28 17:39:05 - Epoch 13/500 | LR=0.009986 | w_AVO=1.000 | w_P3=2.766 | lambda_MMD=0.300
2025-09-28 17:39:06 - Epoch Summary: TrainLoss=1.4933 | TrainAcc=0.642 | Val(P3)=0.606 | Val(AVO)=0.657
2025-09-28 17:39:06 - No P3-val improvement; patience remaining: 12/20
2025-09-28 17:39:06 - Epoch 14/500 | LR=0.009983 | w_AVO=1.000 | w_P3=2.766 | lambda_MMD=0.300
2025-09-28 17:39:06 - Epoch Summary: TrainLoss=1.5036 | TrainAcc=0.627 | Val(P3)=0.606 | Val(AVO)=0.635
2025-09-28 17:39:06 - No P3-val improvement; patience remaining: 11/20
2025-09-28 17:39:06 - AVO val decreasing 3x. Reducing lambda_MMD to 0.210
2025-09-28 17:39:06 - Epoch 15/500 | LR=0.009981 | w_AVO=1.000 | w_P3=2.766 | lambda_MMD=0.210
2025-09-28 17:39:06 - Epoch Summary: TrainLoss=1.4826 | TrainAcc=0.623 | Val(P3)=0.515 | Val(AVO)=0.673
2025-09-28 17:39:06 - No P3-val improvement; patience remaining: 10/20
2025-09-28 17:39:06 - Epoch 16/500 | LR=0.009978 | w_AVO=1.000 | w_P3=2.766 | lambda_MMD=0.300
2025-09-28 17:39:07 - Epoch Summary: TrainLoss=1.4729 | TrainAcc=0.626 | Val(P3)=0.576 | Val(AVO)=0.628
2025-09-28 17:39:07 - No P3-val improvement; patience remaining: 9/20
2025-09-28 17:39:07 - Epoch 17/500 | LR=0.009975 | w_AVO=1.000 | w_P3=2.766 | lambda_MMD=0.300
2025-09-28 17:39:07 - Epoch Summary: TrainLoss=1.4214 | TrainAcc=0.632 | Val(P3)=0.606 | Val(AVO)=0.660
2025-09-28 17:39:07 - No P3-val improvement; patience remaining: 8/20
2025-09-28 17:39:07 - Epoch 18/500 | LR=0.009972 | w_AVO=1.000 | w_P3=2.766 | lambda_MMD=0.300
2025-09-28 17:39:08 - Epoch Summary: TrainLoss=1.4139 | TrainAcc=0.633 | Val(P3)=0.515 | Val(AVO)=0.625
2025-09-28 17:39:08 - No P3-val improvement; patience remaining: 7/20
2025-09-28 17:39:08 - Epoch 19/500 | LR=0.009968 | w_AVO=1.000 | w_P3=2.766 | lambda_MMD=0.300
2025-09-28 17:39:08 - Epoch Summary: TrainLoss=1.3619 | TrainAcc=0.652 | Val(P3)=0.515 | Val(AVO)=0.641
2025-09-28 17:39:08 - No P3-val improvement; patience remaining: 6/20
2025-09-28 17:39:08 - Epoch 20/500 | LR=0.009964 | w_AVO=1.000 | w_P3=2.766 | lambda_MMD=0.300
2025-09-28 17:39:08 - Epoch Summary: TrainLoss=1.4216 | TrainAcc=0.653 | Val(P3)=0.606 | Val(AVO)=0.651
2025-09-28 17:39:08 - No P3-val improvement; patience remaining: 5/20
2025-09-28 17:39:08 - Epoch 21/500 | LR=0.009961 | w_AVO=1.000 | w_P3=2.766 | lambda_MMD=0.300
2025-09-28 17:39:09 - Epoch Summary: TrainLoss=1.4338 | TrainAcc=0.611 | Val(P3)=0.515 | Val(AVO)=0.660
2025-09-28 17:39:09 - No P3-val improvement; patience remaining: 4/20
2025-09-28 17:39:09 - Epoch 22/500 | LR=0.009957 | w_AVO=1.000 | w_P3=2.766 | lambda_MMD=0.300
2025-09-28 17:39:09 - Epoch Summary: TrainLoss=1.4021 | TrainAcc=0.620 | Val(P3)=0.606 | Val(AVO)=0.657
2025-09-28 17:39:09 - No P3-val improvement; patience remaining: 3/20
2025-09-28 17:39:09 - Epoch 23/500 | LR=0.009952 | w_AVO=1.000 | w_P3=2.766 | lambda_MMD=0.300
2025-09-28 17:39:10 - Epoch Summary: TrainLoss=1.3356 | TrainAcc=0.644 | Val(P3)=0.606 | Val(AVO)=0.622
2025-09-28 17:39:10 - No P3-val improvement; patience remaining: 2/20
2025-09-28 17:39:10 - AVO val decreasing 3x. Reducing lambda_MMD to 0.210
2025-09-28 17:39:10 - Epoch 24/500 | LR=0.009948 | w_AVO=1.000 | w_P3=2.766 | lambda_MMD=0.210
2025-09-28 17:39:10 - Epoch Summary: TrainLoss=1.3346 | TrainAcc=0.650 | Val(P3)=0.576 | Val(AVO)=0.609
2025-09-28 17:39:10 - No P3-val improvement; patience remaining: 1/20
2025-09-28 17:39:10 - AVO val decreasing 3x. Reducing lambda_MMD to 0.210
2025-09-28 17:39:10 - Epoch 25/500 | LR=0.009943 | w_AVO=1.000 | w_P3=2.766 | lambda_MMD=0.210
2025-09-28 17:39:10 - Epoch Summary: TrainLoss=1.3875 | TrainAcc=0.628 | Val(P3)=0.515 | Val(AVO)=0.593
2025-09-28 17:39:10 - No P3-val improvement; patience remaining: 0/20
2025-09-28 17:39:10 - Early stopping triggered (P3-val)
2025-09-28 17:39:10 -     P3 Test | Acc=0.6136 P=0.6087 R=0.6364 F1=0.6222 AUC=0.6746 (n=88)
2025-09-28 17:39:10 -     AVO Test | Acc=0.5824 P=0.6437 R=0.3721 F1=0.4716 AUC=0.6680 (n=601)
2025-09-28 17:39:10 -     Overall Test Acc=0.5864
2025-09-28 17:39:10 - Repeat 3/5
2025-09-28 17:39:10 -   Fold 1/5
2025-09-28 17:39:10 - Fold domains: small=P3 (n=271), large=AVO (n=2142)
2025-09-28 17:39:10 - Auto adjustments (symmetric): w_small≈1.000, lambda_MMD_target=0.300, warmup_epochs=5
2025-09-28 17:39:10 - Epoch 1/500 | LR=0.010000 | w_AVO=1.000 | w_P3=1.362 | lambda_MMD=0.060
2025-09-28 17:39:11 - Epoch Summary: TrainLoss=1.7530 | TrainAcc=0.562 | Val(P3)=0.576 | Val(AVO)=0.596
2025-09-28 17:39:11 - New best P3-val; checkpoint updated
2025-09-28 17:39:11 - Epoch 2/500 | LR=0.010000 | w_AVO=1.000 | w_P3=1.725 | lambda_MMD=0.120
2025-09-28 17:39:11 - Epoch Summary: TrainLoss=1.6825 | TrainAcc=0.587 | Val(P3)=0.576 | Val(AVO)=0.603
2025-09-28 17:39:11 - No P3-val improvement; patience remaining: 19/20
2025-09-28 17:39:11 - Epoch 3/500 | LR=0.010000 | w_AVO=1.000 | w_P3=2.087 | lambda_MMD=0.180
2025-09-28 17:39:12 - Epoch Summary: TrainLoss=1.7691 | TrainAcc=0.597 | Val(P3)=0.455 | Val(AVO)=0.574
2025-09-28 17:39:12 - No P3-val improvement; patience remaining: 18/20
2025-09-28 17:39:12 - Epoch 4/500 | LR=0.009999 | w_AVO=1.000 | w_P3=2.449 | lambda_MMD=0.240
2025-09-28 17:39:12 - Epoch Summary: TrainLoss=1.8006 | TrainAcc=0.611 | Val(P3)=0.485 | Val(AVO)=0.603
2025-09-28 17:39:12 - No P3-val improvement; patience remaining: 17/20
2025-09-28 17:39:12 - Epoch 5/500 | LR=0.009998 | w_AVO=1.000 | w_P3=2.811 | lambda_MMD=0.300
2025-09-28 17:39:12 - Epoch Summary: TrainLoss=1.8327 | TrainAcc=0.609 | Val(P3)=0.576 | Val(AVO)=0.545
2025-09-28 17:39:12 - No P3-val improvement; patience remaining: 16/20
2025-09-28 17:39:12 - Epoch 6/500 | LR=0.009998 | w_AVO=1.000 | w_P3=2.811 | lambda_MMD=0.300
2025-09-28 17:39:13 - Epoch Summary: TrainLoss=1.7687 | TrainAcc=0.623 | Val(P3)=0.606 | Val(AVO)=0.599
2025-09-28 17:39:13 - New best P3-val; checkpoint updated
2025-09-28 17:39:13 - Epoch 7/500 | LR=0.009996 | w_AVO=1.000 | w_P3=2.811 | lambda_MMD=0.300
2025-09-28 17:39:13 - Epoch Summary: TrainLoss=1.6724 | TrainAcc=0.627 | Val(P3)=0.545 | Val(AVO)=0.587
2025-09-28 17:39:13 - No P3-val improvement; patience remaining: 19/20
2025-09-28 17:39:13 - Epoch 8/500 | LR=0.009995 | w_AVO=1.000 | w_P3=2.811 | lambda_MMD=0.300
2025-09-28 17:39:14 - Epoch Summary: TrainLoss=1.6392 | TrainAcc=0.636 | Val(P3)=0.667 | Val(AVO)=0.577
2025-09-28 17:39:14 - New best P3-val; checkpoint updated
2025-09-28 17:39:14 - AVO val decreasing 3x. Reducing lambda_MMD to 0.210
2025-09-28 17:39:14 - Epoch 9/500 | LR=0.009994 | w_AVO=1.000 | w_P3=2.811 | lambda_MMD=0.210
2025-09-28 17:39:14 - Epoch Summary: TrainLoss=1.5694 | TrainAcc=0.623 | Val(P3)=0.667 | Val(AVO)=0.603
2025-09-28 17:39:14 - No P3-val improvement; patience remaining: 19/20
2025-09-28 17:39:14 - Epoch 10/500 | LR=0.009992 | w_AVO=1.000 | w_P3=2.811 | lambda_MMD=0.300
2025-09-28 17:39:14 - Epoch Summary: TrainLoss=1.5644 | TrainAcc=0.628 | Val(P3)=0.606 | Val(AVO)=0.590
2025-09-28 17:39:14 - No P3-val improvement; patience remaining: 18/20
2025-09-28 17:39:14 - Epoch 11/500 | LR=0.009990 | w_AVO=1.000 | w_P3=2.811 | lambda_MMD=0.300
2025-09-28 17:39:15 - Epoch Summary: TrainLoss=1.4228 | TrainAcc=0.638 | Val(P3)=0.606 | Val(AVO)=0.606
2025-09-28 17:39:15 - No P3-val improvement; patience remaining: 17/20
2025-09-28 17:39:15 - Epoch 12/500 | LR=0.009988 | w_AVO=1.000 | w_P3=2.811 | lambda_MMD=0.300
2025-09-28 17:39:15 - Epoch Summary: TrainLoss=1.4376 | TrainAcc=0.643 | Val(P3)=0.606 | Val(AVO)=0.583
2025-09-28 17:39:15 - No P3-val improvement; patience remaining: 16/20
2025-09-28 17:39:15 - Epoch 13/500 | LR=0.009986 | w_AVO=1.000 | w_P3=2.811 | lambda_MMD=0.300
2025-09-28 17:39:16 - Epoch Summary: TrainLoss=1.4583 | TrainAcc=0.636 | Val(P3)=0.606 | Val(AVO)=0.564
2025-09-28 17:39:16 - No P3-val improvement; patience remaining: 15/20
2025-09-28 17:39:16 - AVO val decreasing 3x. Reducing lambda_MMD to 0.210
2025-09-28 17:39:16 - Epoch 14/500 | LR=0.009983 | w_AVO=1.000 | w_P3=2.811 | lambda_MMD=0.210
2025-09-28 17:39:16 - Epoch Summary: TrainLoss=1.4666 | TrainAcc=0.641 | Val(P3)=0.636 | Val(AVO)=0.619
2025-09-28 17:39:16 - No P3-val improvement; patience remaining: 14/20
2025-09-28 17:39:16 - Epoch 15/500 | LR=0.009981 | w_AVO=1.000 | w_P3=2.811 | lambda_MMD=0.300
2025-09-28 17:39:16 - Epoch Summary: TrainLoss=1.3657 | TrainAcc=0.643 | Val(P3)=0.636 | Val(AVO)=0.615
2025-09-28 17:39:16 - No P3-val improvement; patience remaining: 13/20
2025-09-28 17:39:16 - Epoch 16/500 | LR=0.009978 | w_AVO=1.000 | w_P3=2.811 | lambda_MMD=0.300
2025-09-28 17:39:17 - Epoch Summary: TrainLoss=1.3567 | TrainAcc=0.625 | Val(P3)=0.606 | Val(AVO)=0.622
2025-09-28 17:39:17 - No P3-val improvement; patience remaining: 12/20
2025-09-28 17:39:17 - Epoch 17/500 | LR=0.009975 | w_AVO=1.000 | w_P3=2.811 | lambda_MMD=0.300
2025-09-28 17:39:17 - Epoch Summary: TrainLoss=1.3483 | TrainAcc=0.646 | Val(P3)=0.606 | Val(AVO)=0.635
2025-09-28 17:39:17 - No P3-val improvement; patience remaining: 11/20
2025-09-28 17:39:17 - Epoch 18/500 | LR=0.009972 | w_AVO=1.000 | w_P3=2.811 | lambda_MMD=0.300
2025-09-28 17:39:18 - Epoch Summary: TrainLoss=1.3361 | TrainAcc=0.648 | Val(P3)=0.606 | Val(AVO)=0.654
2025-09-28 17:39:18 - No P3-val improvement; patience remaining: 10/20
2025-09-28 17:39:18 - Epoch 19/500 | LR=0.009968 | w_AVO=1.000 | w_P3=2.811 | lambda_MMD=0.300
2025-09-28 17:39:18 - Epoch Summary: TrainLoss=1.3352 | TrainAcc=0.648 | Val(P3)=0.606 | Val(AVO)=0.635
2025-09-28 17:39:18 - No P3-val improvement; patience remaining: 9/20
2025-09-28 17:39:18 - Epoch 20/500 | LR=0.009964 | w_AVO=1.000 | w_P3=2.811 | lambda_MMD=0.300
2025-09-28 17:39:18 - Epoch Summary: TrainLoss=1.3770 | TrainAcc=0.627 | Val(P3)=0.636 | Val(AVO)=0.625
2025-09-28 17:39:18 - No P3-val improvement; patience remaining: 8/20
2025-09-28 17:39:18 - AVO val decreasing 3x. Reducing lambda_MMD to 0.210
2025-09-28 17:39:18 - Epoch 21/500 | LR=0.009961 | w_AVO=1.000 | w_P3=2.811 | lambda_MMD=0.210
2025-09-28 17:39:19 - Epoch Summary: TrainLoss=1.2822 | TrainAcc=0.646 | Val(P3)=0.576 | Val(AVO)=0.625
2025-09-28 17:39:19 - No P3-val improvement; patience remaining: 7/20
2025-09-28 17:39:19 - Epoch 22/500 | LR=0.009957 | w_AVO=1.000 | w_P3=2.811 | lambda_MMD=0.300
2025-09-28 17:39:19 - Epoch Summary: TrainLoss=1.2908 | TrainAcc=0.632 | Val(P3)=0.636 | Val(AVO)=0.638
2025-09-28 17:39:19 - No P3-val improvement; patience remaining: 6/20
2025-09-28 17:39:19 - Epoch 23/500 | LR=0.009952 | w_AVO=1.000 | w_P3=2.811 | lambda_MMD=0.300
2025-09-28 17:39:20 - Epoch Summary: TrainLoss=1.2717 | TrainAcc=0.646 | Val(P3)=0.576 | Val(AVO)=0.612
2025-09-28 17:39:20 - No P3-val improvement; patience remaining: 5/20
2025-09-28 17:39:20 - Epoch 24/500 | LR=0.009948 | w_AVO=1.000 | w_P3=2.811 | lambda_MMD=0.300
2025-09-28 17:39:20 - Epoch Summary: TrainLoss=1.2801 | TrainAcc=0.648 | Val(P3)=0.636 | Val(AVO)=0.631
2025-09-28 17:39:20 - No P3-val improvement; patience remaining: 4/20
2025-09-28 17:39:20 - Epoch 25/500 | LR=0.009943 | w_AVO=1.000 | w_P3=2.811 | lambda_MMD=0.300
2025-09-28 17:39:20 - Epoch Summary: TrainLoss=1.2758 | TrainAcc=0.636 | Val(P3)=0.606 | Val(AVO)=0.625
2025-09-28 17:39:20 - No P3-val improvement; patience remaining: 3/20
2025-09-28 17:39:20 - Epoch 26/500 | LR=0.009938 | w_AVO=1.000 | w_P3=2.811 | lambda_MMD=0.300
2025-09-28 17:39:21 - Epoch Summary: TrainLoss=1.2751 | TrainAcc=0.635 | Val(P3)=0.545 | Val(AVO)=0.631
2025-09-28 17:39:21 - No P3-val improvement; patience remaining: 2/20
2025-09-28 17:39:21 - P3 val decreasing 3x. Reducing w_small to 2.249, lambda_MMD to 0.150
2025-09-28 17:39:21 - Epoch 27/500 | LR=0.009933 | w_AVO=1.000 | w_P3=2.249 | lambda_MMD=0.150
2025-09-28 17:39:21 - Epoch Summary: TrainLoss=1.1423 | TrainAcc=0.645 | Val(P3)=0.636 | Val(AVO)=0.644
2025-09-28 17:39:21 - No P3-val improvement; patience remaining: 1/20
2025-09-28 17:39:21 - Epoch 28/500 | LR=0.009928 | w_AVO=1.000 | w_P3=2.811 | lambda_MMD=0.300
2025-09-28 17:39:22 - Epoch Summary: TrainLoss=1.2343 | TrainAcc=0.656 | Val(P3)=0.576 | Val(AVO)=0.638
2025-09-28 17:39:22 - No P3-val improvement; patience remaining: 0/20
2025-09-28 17:39:22 - Early stopping triggered (P3-val)
2025-09-28 17:39:22 -     P3 Test | Acc=0.4896 P=0.4792 R=0.4894 F1=0.4842 AUC=0.5328 (n=96)
2025-09-28 17:39:22 -     AVO Test | Acc=0.6380 P=0.6269 R=0.6879 F1=0.6560 AUC=0.6934 (n=594)
2025-09-28 17:39:22 -     Overall Test Acc=0.6174
2025-09-28 17:39:22 -   Fold 2/5
2025-09-28 17:39:22 - Fold domains: small=P3 (n=279), large=AVO (n=2134)
2025-09-28 17:39:22 - Auto adjustments (symmetric): w_small≈1.000, lambda_MMD_target=0.300, warmup_epochs=5
2025-09-28 17:39:22 - Epoch 1/500 | LR=0.010000 | w_AVO=1.000 | w_P3=1.353 | lambda_MMD=0.060
2025-09-28 17:39:22 - Epoch Summary: TrainLoss=1.6789 | TrainAcc=0.573 | Val(P3)=0.636 | Val(AVO)=0.574
2025-09-28 17:39:22 - New best P3-val; checkpoint updated
2025-09-28 17:39:22 - Epoch 2/500 | LR=0.010000 | w_AVO=1.000 | w_P3=1.706 | lambda_MMD=0.120
2025-09-28 17:39:22 - Epoch Summary: TrainLoss=1.5763 | TrainAcc=0.616 | Val(P3)=0.576 | Val(AVO)=0.599
2025-09-28 17:39:22 - No P3-val improvement; patience remaining: 19/20
2025-09-28 17:39:22 - Epoch 3/500 | LR=0.010000 | w_AVO=1.000 | w_P3=2.059 | lambda_MMD=0.180
2025-09-28 17:39:23 - Epoch Summary: TrainLoss=1.6617 | TrainAcc=0.617 | Val(P3)=0.636 | Val(AVO)=0.593
2025-09-28 17:39:23 - No P3-val improvement; patience remaining: 18/20
2025-09-28 17:39:23 - Epoch 4/500 | LR=0.009999 | w_AVO=1.000 | w_P3=2.413 | lambda_MMD=0.240
2025-09-28 17:39:23 - Epoch Summary: TrainLoss=1.6959 | TrainAcc=0.621 | Val(P3)=0.545 | Val(AVO)=0.593
2025-09-28 17:39:23 - No P3-val improvement; patience remaining: 17/20
2025-09-28 17:39:23 - Epoch 5/500 | LR=0.009998 | w_AVO=1.000 | w_P3=2.766 | lambda_MMD=0.300
2025-09-28 17:39:24 - Epoch Summary: TrainLoss=1.7766 | TrainAcc=0.619 | Val(P3)=0.545 | Val(AVO)=0.593
2025-09-28 17:39:24 - No P3-val improvement; patience remaining: 16/20
2025-09-28 17:39:24 - Epoch 6/500 | LR=0.009998 | w_AVO=1.000 | w_P3=2.766 | lambda_MMD=0.300
2025-09-28 17:39:24 - Epoch Summary: TrainLoss=1.7013 | TrainAcc=0.617 | Val(P3)=0.606 | Val(AVO)=0.625
2025-09-28 17:39:24 - No P3-val improvement; patience remaining: 15/20
2025-09-28 17:39:24 - Epoch 7/500 | LR=0.009996 | w_AVO=1.000 | w_P3=2.766 | lambda_MMD=0.300
2025-09-28 17:39:24 - Epoch Summary: TrainLoss=1.6275 | TrainAcc=0.629 | Val(P3)=0.606 | Val(AVO)=0.606
2025-09-28 17:39:24 - No P3-val improvement; patience remaining: 14/20
2025-09-28 17:39:24 - Epoch 8/500 | LR=0.009995 | w_AVO=1.000 | w_P3=2.766 | lambda_MMD=0.300
2025-09-28 17:39:25 - Epoch Summary: TrainLoss=1.5673 | TrainAcc=0.622 | Val(P3)=0.606 | Val(AVO)=0.593
2025-09-28 17:39:25 - No P3-val improvement; patience remaining: 13/20
2025-09-28 17:39:25 - AVO val decreasing 3x. Reducing lambda_MMD to 0.210
2025-09-28 17:39:25 - Epoch 9/500 | LR=0.009994 | w_AVO=1.000 | w_P3=2.766 | lambda_MMD=0.210
2025-09-28 17:39:25 - Epoch Summary: TrainLoss=1.5180 | TrainAcc=0.617 | Val(P3)=0.606 | Val(AVO)=0.590
2025-09-28 17:39:25 - No P3-val improvement; patience remaining: 12/20
2025-09-28 17:39:25 - AVO val decreasing 3x. Reducing lambda_MMD to 0.210
2025-09-28 17:39:25 - Epoch 10/500 | LR=0.009992 | w_AVO=1.000 | w_P3=2.766 | lambda_MMD=0.210
2025-09-28 17:39:26 - Epoch Summary: TrainLoss=1.4723 | TrainAcc=0.634 | Val(P3)=0.636 | Val(AVO)=0.593
2025-09-28 17:39:26 - No P3-val improvement; patience remaining: 11/20
2025-09-28 17:39:26 - Epoch 11/500 | LR=0.009990 | w_AVO=1.000 | w_P3=2.766 | lambda_MMD=0.300
2025-09-28 17:39:26 - Epoch Summary: TrainLoss=1.4143 | TrainAcc=0.633 | Val(P3)=0.697 | Val(AVO)=0.622
2025-09-28 17:39:26 - New best P3-val; checkpoint updated
2025-09-28 17:39:26 - Epoch 12/500 | LR=0.009988 | w_AVO=1.000 | w_P3=2.766 | lambda_MMD=0.300
2025-09-28 17:39:26 - Epoch Summary: TrainLoss=1.3603 | TrainAcc=0.639 | Val(P3)=0.606 | Val(AVO)=0.622
2025-09-28 17:39:26 - No P3-val improvement; patience remaining: 19/20
2025-09-28 17:39:26 - Epoch 13/500 | LR=0.009986 | w_AVO=1.000 | w_P3=2.766 | lambda_MMD=0.300
2025-09-28 17:39:27 - Epoch Summary: TrainLoss=1.3811 | TrainAcc=0.657 | Val(P3)=0.636 | Val(AVO)=0.603
2025-09-28 17:39:27 - No P3-val improvement; patience remaining: 18/20
2025-09-28 17:39:27 - Epoch 14/500 | LR=0.009983 | w_AVO=1.000 | w_P3=2.766 | lambda_MMD=0.300
2025-09-28 17:39:27 - Epoch Summary: TrainLoss=1.3641 | TrainAcc=0.634 | Val(P3)=0.576 | Val(AVO)=0.590
2025-09-28 17:39:27 - No P3-val improvement; patience remaining: 17/20
2025-09-28 17:39:27 - AVO val decreasing 3x. Reducing lambda_MMD to 0.210
2025-09-28 17:39:27 - Epoch 15/500 | LR=0.009981 | w_AVO=1.000 | w_P3=2.766 | lambda_MMD=0.210
2025-09-28 17:39:28 - Epoch Summary: TrainLoss=1.3584 | TrainAcc=0.642 | Val(P3)=0.606 | Val(AVO)=0.622
2025-09-28 17:39:28 - No P3-val improvement; patience remaining: 16/20
2025-09-28 17:39:28 - Epoch 16/500 | LR=0.009978 | w_AVO=1.000 | w_P3=2.766 | lambda_MMD=0.300
2025-09-28 17:39:28 - Epoch Summary: TrainLoss=1.3500 | TrainAcc=0.649 | Val(P3)=0.636 | Val(AVO)=0.625
2025-09-28 17:39:28 - No P3-val improvement; patience remaining: 15/20
2025-09-28 17:39:28 - Epoch 17/500 | LR=0.009975 | w_AVO=1.000 | w_P3=2.766 | lambda_MMD=0.300
2025-09-28 17:39:28 - Epoch Summary: TrainLoss=1.3247 | TrainAcc=0.651 | Val(P3)=0.636 | Val(AVO)=0.609
2025-09-28 17:39:28 - No P3-val improvement; patience remaining: 14/20
2025-09-28 17:39:28 - Epoch 18/500 | LR=0.009972 | w_AVO=1.000 | w_P3=2.766 | lambda_MMD=0.300
2025-09-28 17:39:29 - Epoch Summary: TrainLoss=1.3123 | TrainAcc=0.635 | Val(P3)=0.576 | Val(AVO)=0.622
2025-09-28 17:39:29 - No P3-val improvement; patience remaining: 13/20
2025-09-28 17:39:29 - Epoch 19/500 | LR=0.009968 | w_AVO=1.000 | w_P3=2.766 | lambda_MMD=0.300
2025-09-28 17:39:29 - Epoch Summary: TrainLoss=1.3485 | TrainAcc=0.640 | Val(P3)=0.576 | Val(AVO)=0.615
2025-09-28 17:39:29 - No P3-val improvement; patience remaining: 12/20
2025-09-28 17:39:29 - Epoch 20/500 | LR=0.009964 | w_AVO=1.000 | w_P3=2.766 | lambda_MMD=0.300
2025-09-28 17:39:30 - Epoch Summary: TrainLoss=1.2876 | TrainAcc=0.646 | Val(P3)=0.576 | Val(AVO)=0.635
2025-09-28 17:39:30 - No P3-val improvement; patience remaining: 11/20
2025-09-28 17:39:30 - Epoch 21/500 | LR=0.009961 | w_AVO=1.000 | w_P3=2.766 | lambda_MMD=0.300
2025-09-28 17:39:30 - Epoch Summary: TrainLoss=1.3020 | TrainAcc=0.639 | Val(P3)=0.576 | Val(AVO)=0.603
2025-09-28 17:39:30 - No P3-val improvement; patience remaining: 10/20
2025-09-28 17:39:30 - Epoch 22/500 | LR=0.009957 | w_AVO=1.000 | w_P3=2.766 | lambda_MMD=0.300
2025-09-28 17:39:30 - Epoch Summary: TrainLoss=1.2754 | TrainAcc=0.650 | Val(P3)=0.545 | Val(AVO)=0.660
2025-09-28 17:39:30 - No P3-val improvement; patience remaining: 9/20
2025-09-28 17:39:30 - Epoch 23/500 | LR=0.009952 | w_AVO=1.000 | w_P3=2.766 | lambda_MMD=0.300
2025-09-28 17:39:31 - Epoch Summary: TrainLoss=1.3071 | TrainAcc=0.628 | Val(P3)=0.545 | Val(AVO)=0.622
2025-09-28 17:39:31 - No P3-val improvement; patience remaining: 8/20
2025-09-28 17:39:31 - Epoch 24/500 | LR=0.009948 | w_AVO=1.000 | w_P3=2.766 | lambda_MMD=0.300
2025-09-28 17:39:31 - Epoch Summary: TrainLoss=1.2773 | TrainAcc=0.645 | Val(P3)=0.515 | Val(AVO)=0.609
2025-09-28 17:39:31 - No P3-val improvement; patience remaining: 7/20
2025-09-28 17:39:31 - AVO val decreasing 3x. Reducing lambda_MMD to 0.210
2025-09-28 17:39:31 - Epoch 25/500 | LR=0.009943 | w_AVO=1.000 | w_P3=2.766 | lambda_MMD=0.210
2025-09-28 17:39:32 - Epoch Summary: TrainLoss=1.2524 | TrainAcc=0.648 | Val(P3)=0.515 | Val(AVO)=0.599
2025-09-28 17:39:32 - No P3-val improvement; patience remaining: 6/20
2025-09-28 17:39:32 - AVO val decreasing 3x. Reducing lambda_MMD to 0.210
2025-09-28 17:39:32 - Epoch 26/500 | LR=0.009938 | w_AVO=1.000 | w_P3=2.766 | lambda_MMD=0.210
2025-09-28 17:39:32 - Epoch Summary: TrainLoss=1.2703 | TrainAcc=0.651 | Val(P3)=0.606 | Val(AVO)=0.628
2025-09-28 17:39:32 - No P3-val improvement; patience remaining: 5/20
2025-09-28 17:39:32 - Epoch 27/500 | LR=0.009933 | w_AVO=1.000 | w_P3=2.766 | lambda_MMD=0.300
2025-09-28 17:39:32 - Epoch Summary: TrainLoss=1.2492 | TrainAcc=0.651 | Val(P3)=0.636 | Val(AVO)=0.615
2025-09-28 17:39:32 - No P3-val improvement; patience remaining: 4/20
2025-09-28 17:39:32 - Epoch 28/500 | LR=0.009928 | w_AVO=1.000 | w_P3=2.766 | lambda_MMD=0.300
2025-09-28 17:39:33 - Epoch Summary: TrainLoss=1.2268 | TrainAcc=0.637 | Val(P3)=0.576 | Val(AVO)=0.619
2025-09-28 17:39:33 - No P3-val improvement; patience remaining: 3/20
2025-09-28 17:39:33 - Epoch 29/500 | LR=0.009923 | w_AVO=1.000 | w_P3=2.766 | lambda_MMD=0.300
2025-09-28 17:39:33 - Epoch Summary: TrainLoss=1.2506 | TrainAcc=0.632 | Val(P3)=0.576 | Val(AVO)=0.583
2025-09-28 17:39:33 - No P3-val improvement; patience remaining: 2/20
2025-09-28 17:39:33 - Epoch 30/500 | LR=0.009917 | w_AVO=1.000 | w_P3=2.766 | lambda_MMD=0.300
2025-09-28 17:39:34 - Epoch Summary: TrainLoss=1.2683 | TrainAcc=0.648 | Val(P3)=0.545 | Val(AVO)=0.596
2025-09-28 17:39:34 - No P3-val improvement; patience remaining: 1/20
2025-09-28 17:39:34 - Epoch 31/500 | LR=0.009911 | w_AVO=1.000 | w_P3=2.766 | lambda_MMD=0.300
2025-09-28 17:39:34 - Epoch Summary: TrainLoss=1.2502 | TrainAcc=0.652 | Val(P3)=0.606 | Val(AVO)=0.663
2025-09-28 17:39:34 - No P3-val improvement; patience remaining: 0/20
2025-09-28 17:39:34 - Early stopping triggered (P3-val)
2025-09-28 17:39:34 -     P3 Test | Acc=0.5455 P=0.5500 R=0.5000 F1=0.5238 AUC=0.5434 (n=88)
2025-09-28 17:39:34 -     AVO Test | Acc=0.6246 P=0.5904 R=0.8140 F1=0.6844 AUC=0.6862 (n=602)
2025-09-28 17:39:34 -     Overall Test Acc=0.6145
2025-09-28 17:39:34 -   Fold 3/5
2025-09-28 17:39:34 - Fold domains: small=P3 (n=294), large=AVO (n=2119)
2025-09-28 17:39:34 - Auto adjustments (symmetric): w_small≈1.000, lambda_MMD_target=0.300, warmup_epochs=5
2025-09-28 17:39:34 - Epoch 1/500 | LR=0.010000 | w_AVO=1.000 | w_P3=1.337 | lambda_MMD=0.060
2025-09-28 17:39:35 - Epoch Summary: TrainLoss=1.7503 | TrainAcc=0.540 | Val(P3)=0.639 | Val(AVO)=0.583
2025-09-28 17:39:35 - New best P3-val; checkpoint updated
2025-09-28 17:39:35 - Epoch 2/500 | LR=0.010000 | w_AVO=1.000 | w_P3=1.674 | lambda_MMD=0.120
2025-09-28 17:39:35 - Epoch Summary: TrainLoss=1.6231 | TrainAcc=0.587 | Val(P3)=0.583 | Val(AVO)=0.557
2025-09-28 17:39:35 - No P3-val improvement; patience remaining: 19/20
2025-09-28 17:39:35 - Epoch 3/500 | LR=0.010000 | w_AVO=1.000 | w_P3=2.011 | lambda_MMD=0.180
2025-09-28 17:39:35 - Epoch Summary: TrainLoss=1.7485 | TrainAcc=0.589 | Val(P3)=0.556 | Val(AVO)=0.595
2025-09-28 17:39:35 - No P3-val improvement; patience remaining: 18/20
2025-09-28 17:39:35 - P3 val decreasing 3x. Reducing w_small to 1.878, lambda_MMD to 0.120
2025-09-28 17:39:35 - Epoch 4/500 | LR=0.009999 | w_AVO=1.000 | w_P3=1.878 | lambda_MMD=0.120
2025-09-28 17:39:36 - Epoch Summary: TrainLoss=1.5580 | TrainAcc=0.619 | Val(P3)=0.528 | Val(AVO)=0.566
2025-09-28 17:39:36 - No P3-val improvement; patience remaining: 17/20
2025-09-28 17:39:36 - P3 val decreasing 3x. Reducing w_small to 2.148, lambda_MMD to 0.150
2025-09-28 17:39:36 - Epoch 5/500 | LR=0.009998 | w_AVO=1.000 | w_P3=2.148 | lambda_MMD=0.150
2025-09-28 17:39:36 - Epoch Summary: TrainLoss=1.6219 | TrainAcc=0.606 | Val(P3)=0.444 | Val(AVO)=0.573
2025-09-28 17:39:36 - No P3-val improvement; patience remaining: 16/20
2025-09-28 17:39:36 - P3 val decreasing 3x. Reducing w_small to 2.148, lambda_MMD to 0.150
2025-09-28 17:39:36 - Epoch 6/500 | LR=0.009998 | w_AVO=1.000 | w_P3=2.148 | lambda_MMD=0.150
2025-09-28 17:39:37 - Epoch Summary: TrainLoss=1.5786 | TrainAcc=0.614 | Val(P3)=0.472 | Val(AVO)=0.589
2025-09-28 17:39:37 - No P3-val improvement; patience remaining: 15/20
2025-09-28 17:39:37 - Epoch 7/500 | LR=0.009996 | w_AVO=1.000 | w_P3=2.685 | lambda_MMD=0.300
2025-09-28 17:39:37 - Epoch Summary: TrainLoss=1.7362 | TrainAcc=0.604 | Val(P3)=0.472 | Val(AVO)=0.583
2025-09-28 17:39:37 - No P3-val improvement; patience remaining: 14/20
2025-09-28 17:39:37 - Epoch 8/500 | LR=0.009995 | w_AVO=1.000 | w_P3=2.685 | lambda_MMD=0.300
2025-09-28 17:39:37 - Epoch Summary: TrainLoss=1.6323 | TrainAcc=0.638 | Val(P3)=0.528 | Val(AVO)=0.599
2025-09-28 17:39:37 - No P3-val improvement; patience remaining: 13/20
2025-09-28 17:39:37 - Epoch 9/500 | LR=0.009994 | w_AVO=1.000 | w_P3=2.685 | lambda_MMD=0.300
2025-09-28 17:39:38 - Epoch Summary: TrainLoss=1.6077 | TrainAcc=0.611 | Val(P3)=0.500 | Val(AVO)=0.583
2025-09-28 17:39:38 - No P3-val improvement; patience remaining: 12/20
2025-09-28 17:39:38 - Epoch 10/500 | LR=0.009992 | w_AVO=1.000 | w_P3=2.685 | lambda_MMD=0.300
2025-09-28 17:39:38 - Epoch Summary: TrainLoss=1.5764 | TrainAcc=0.605 | Val(P3)=0.500 | Val(AVO)=0.599
2025-09-28 17:39:38 - No P3-val improvement; patience remaining: 11/20
2025-09-28 17:39:38 - Epoch 11/500 | LR=0.009990 | w_AVO=1.000 | w_P3=2.685 | lambda_MMD=0.300
2025-09-28 17:39:39 - Epoch Summary: TrainLoss=1.5415 | TrainAcc=0.603 | Val(P3)=0.500 | Val(AVO)=0.608
2025-09-28 17:39:39 - No P3-val improvement; patience remaining: 10/20
2025-09-28 17:39:39 - Epoch 12/500 | LR=0.009988 | w_AVO=1.000 | w_P3=2.685 | lambda_MMD=0.300
2025-09-28 17:39:39 - Epoch Summary: TrainLoss=1.5006 | TrainAcc=0.611 | Val(P3)=0.500 | Val(AVO)=0.625
2025-09-28 17:39:39 - No P3-val improvement; patience remaining: 9/20
2025-09-28 17:39:39 - Epoch 13/500 | LR=0.009986 | w_AVO=1.000 | w_P3=2.685 | lambda_MMD=0.300
2025-09-28 17:39:39 - Epoch Summary: TrainLoss=1.4481 | TrainAcc=0.621 | Val(P3)=0.500 | Val(AVO)=0.579
2025-09-28 17:39:39 - No P3-val improvement; patience remaining: 8/20
2025-09-28 17:39:39 - Epoch 14/500 | LR=0.009983 | w_AVO=1.000 | w_P3=2.685 | lambda_MMD=0.300
2025-09-28 17:39:40 - Epoch Summary: TrainLoss=1.4918 | TrainAcc=0.631 | Val(P3)=0.472 | Val(AVO)=0.563
2025-09-28 17:39:40 - No P3-val improvement; patience remaining: 7/20
2025-09-28 17:39:40 - AVO val decreasing 3x. Reducing lambda_MMD to 0.210
2025-09-28 17:39:40 - Epoch 15/500 | LR=0.009981 | w_AVO=1.000 | w_P3=2.685 | lambda_MMD=0.210
2025-09-28 17:39:40 - Epoch Summary: TrainLoss=1.4467 | TrainAcc=0.620 | Val(P3)=0.500 | Val(AVO)=0.621
2025-09-28 17:39:40 - No P3-val improvement; patience remaining: 6/20
2025-09-28 17:39:40 - Epoch 16/500 | LR=0.009978 | w_AVO=1.000 | w_P3=2.685 | lambda_MMD=0.300
2025-09-28 17:39:41 - Epoch Summary: TrainLoss=1.4460 | TrainAcc=0.623 | Val(P3)=0.500 | Val(AVO)=0.583
2025-09-28 17:39:41 - No P3-val improvement; patience remaining: 5/20
2025-09-28 17:39:41 - Epoch 17/500 | LR=0.009975 | w_AVO=1.000 | w_P3=2.685 | lambda_MMD=0.300
2025-09-28 17:39:41 - Epoch Summary: TrainLoss=1.4050 | TrainAcc=0.635 | Val(P3)=0.472 | Val(AVO)=0.621
2025-09-28 17:39:41 - No P3-val improvement; patience remaining: 4/20
2025-09-28 17:39:41 - Epoch 18/500 | LR=0.009972 | w_AVO=1.000 | w_P3=2.685 | lambda_MMD=0.300
2025-09-28 17:39:41 - Epoch Summary: TrainLoss=1.4084 | TrainAcc=0.622 | Val(P3)=0.417 | Val(AVO)=0.553
2025-09-28 17:39:41 - No P3-val improvement; patience remaining: 3/20
2025-09-28 17:39:41 - P3 val decreasing 3x. Reducing w_small to 2.148, lambda_MMD to 0.150
2025-09-28 17:39:41 - Epoch 19/500 | LR=0.009968 | w_AVO=1.000 | w_P3=2.148 | lambda_MMD=0.150
2025-09-28 17:39:42 - Epoch Summary: TrainLoss=1.2899 | TrainAcc=0.624 | Val(P3)=0.472 | Val(AVO)=0.576
2025-09-28 17:39:42 - No P3-val improvement; patience remaining: 2/20
2025-09-28 17:39:42 - Epoch 20/500 | LR=0.009964 | w_AVO=1.000 | w_P3=2.685 | lambda_MMD=0.300
2025-09-28 17:39:42 - Epoch Summary: TrainLoss=1.3430 | TrainAcc=0.633 | Val(P3)=0.500 | Val(AVO)=0.621
2025-09-28 17:39:42 - No P3-val improvement; patience remaining: 1/20
2025-09-28 17:39:42 - Epoch 21/500 | LR=0.009961 | w_AVO=1.000 | w_P3=2.685 | lambda_MMD=0.300
2025-09-28 17:39:43 - Epoch Summary: TrainLoss=1.3687 | TrainAcc=0.633 | Val(P3)=0.417 | Val(AVO)=0.586
2025-09-28 17:39:43 - No P3-val improvement; patience remaining: 0/20
2025-09-28 17:39:43 - Early stopping triggered (P3-val)
2025-09-28 17:39:43 -     P3 Test | Acc=0.6571 P=0.6818 R=0.7500 F1=0.7143 AUC=0.6408 (n=70)
2025-09-28 17:39:43 -     AVO Test | Acc=0.6065 P=0.5650 R=0.8689 F1=0.6848 AUC=0.7074 (n=620)
2025-09-28 17:39:43 -     Overall Test Acc=0.6116
2025-09-28 17:39:43 -   Fold 4/5
2025-09-28 17:39:43 - Fold domains: small=P3 (n=278), large=AVO (n=2136)
2025-09-28 17:39:43 - Auto adjustments (symmetric): w_small≈1.000, lambda_MMD_target=0.300, warmup_epochs=5
2025-09-28 17:39:43 - Epoch 1/500 | LR=0.010000 | w_AVO=1.000 | w_P3=1.354 | lambda_MMD=0.060
2025-09-28 17:39:43 - Epoch Summary: TrainLoss=1.7248 | TrainAcc=0.550 | Val(P3)=0.588 | Val(AVO)=0.598
2025-09-28 17:39:43 - New best P3-val; checkpoint updated
2025-09-28 17:39:43 - Epoch 2/500 | LR=0.010000 | w_AVO=1.000 | w_P3=1.709 | lambda_MMD=0.120
2025-09-28 17:39:43 - Epoch Summary: TrainLoss=1.6197 | TrainAcc=0.603 | Val(P3)=0.618 | Val(AVO)=0.592
2025-09-28 17:39:43 - New best P3-val; checkpoint updated
2025-09-28 17:39:43 - Epoch 3/500 | LR=0.010000 | w_AVO=1.000 | w_P3=2.063 | lambda_MMD=0.180
2025-09-28 17:39:44 - Epoch Summary: TrainLoss=1.7240 | TrainAcc=0.610 | Val(P3)=0.588 | Val(AVO)=0.588
2025-09-28 17:39:44 - No P3-val improvement; patience remaining: 19/20
2025-09-28 17:39:44 - AVO val decreasing 3x. Reducing lambda_MMD to 0.168
2025-09-28 17:39:44 - Epoch 4/500 | LR=0.009999 | w_AVO=1.000 | w_P3=2.418 | lambda_MMD=0.168
2025-09-28 17:39:44 - Epoch Summary: TrainLoss=1.8075 | TrainAcc=0.621 | Val(P3)=0.588 | Val(AVO)=0.595
2025-09-28 17:39:44 - No P3-val improvement; patience remaining: 18/20
2025-09-28 17:39:44 - Epoch 5/500 | LR=0.009998 | w_AVO=1.000 | w_P3=2.772 | lambda_MMD=0.300
2025-09-28 17:39:45 - Epoch Summary: TrainLoss=1.8899 | TrainAcc=0.624 | Val(P3)=0.559 | Val(AVO)=0.585
2025-09-28 17:39:45 - No P3-val improvement; patience remaining: 17/20
2025-09-28 17:39:45 - Epoch 6/500 | LR=0.009998 | w_AVO=1.000 | w_P3=2.772 | lambda_MMD=0.300
2025-09-28 17:39:45 - Epoch Summary: TrainLoss=1.7583 | TrainAcc=0.641 | Val(P3)=0.618 | Val(AVO)=0.569
2025-09-28 17:39:45 - No P3-val improvement; patience remaining: 16/20
2025-09-28 17:39:45 - AVO val decreasing 3x. Reducing lambda_MMD to 0.210
2025-09-28 17:39:45 - Epoch 7/500 | LR=0.009996 | w_AVO=1.000 | w_P3=2.772 | lambda_MMD=0.210
2025-09-28 17:39:45 - Epoch Summary: TrainLoss=1.6971 | TrainAcc=0.618 | Val(P3)=0.618 | Val(AVO)=0.621
2025-09-28 17:39:45 - No P3-val improvement; patience remaining: 15/20
2025-09-28 17:39:45 - Epoch 8/500 | LR=0.009995 | w_AVO=1.000 | w_P3=2.772 | lambda_MMD=0.300
2025-09-28 17:39:46 - Epoch Summary: TrainLoss=1.6803 | TrainAcc=0.627 | Val(P3)=0.647 | Val(AVO)=0.588
2025-09-28 17:39:46 - New best P3-val; checkpoint updated
2025-09-28 17:39:46 - Epoch 9/500 | LR=0.009994 | w_AVO=1.000 | w_P3=2.772 | lambda_MMD=0.300
2025-09-28 17:39:46 - Epoch Summary: TrainLoss=1.5630 | TrainAcc=0.632 | Val(P3)=0.529 | Val(AVO)=0.588
2025-09-28 17:39:46 - No P3-val improvement; patience remaining: 19/20
2025-09-28 17:39:46 - Epoch 10/500 | LR=0.009992 | w_AVO=1.000 | w_P3=2.772 | lambda_MMD=0.300
2025-09-28 17:39:47 - Epoch Summary: TrainLoss=1.5845 | TrainAcc=0.609 | Val(P3)=0.588 | Val(AVO)=0.582
2025-09-28 17:39:47 - No P3-val improvement; patience remaining: 18/20
2025-09-28 17:39:47 - Epoch 11/500 | LR=0.009990 | w_AVO=1.000 | w_P3=2.772 | lambda_MMD=0.300
2025-09-28 17:39:47 - Epoch Summary: TrainLoss=1.5336 | TrainAcc=0.611 | Val(P3)=0.618 | Val(AVO)=0.624
2025-09-28 17:39:47 - No P3-val improvement; patience remaining: 17/20
2025-09-28 17:39:47 - Epoch 12/500 | LR=0.009988 | w_AVO=1.000 | w_P3=2.772 | lambda_MMD=0.300
2025-09-28 17:39:47 - Epoch Summary: TrainLoss=1.5105 | TrainAcc=0.626 | Val(P3)=0.559 | Val(AVO)=0.595
2025-09-28 17:39:47 - No P3-val improvement; patience remaining: 16/20
2025-09-28 17:39:47 - Epoch 13/500 | LR=0.009986 | w_AVO=1.000 | w_P3=2.772 | lambda_MMD=0.300
2025-09-28 17:39:48 - Epoch Summary: TrainLoss=1.5045 | TrainAcc=0.622 | Val(P3)=0.588 | Val(AVO)=0.627
2025-09-28 17:39:48 - No P3-val improvement; patience remaining: 15/20
2025-09-28 17:39:48 - Epoch 14/500 | LR=0.009983 | w_AVO=1.000 | w_P3=2.772 | lambda_MMD=0.300
2025-09-28 17:39:48 - Epoch Summary: TrainLoss=1.4598 | TrainAcc=0.628 | Val(P3)=0.618 | Val(AVO)=0.614
2025-09-28 17:39:48 - No P3-val improvement; patience remaining: 14/20
2025-09-28 17:39:48 - Epoch 15/500 | LR=0.009981 | w_AVO=1.000 | w_P3=2.772 | lambda_MMD=0.300
2025-09-28 17:39:49 - Epoch Summary: TrainLoss=1.4036 | TrainAcc=0.636 | Val(P3)=0.559 | Val(AVO)=0.592
2025-09-28 17:39:49 - No P3-val improvement; patience remaining: 13/20
2025-09-28 17:39:49 - AVO val decreasing 3x. Reducing lambda_MMD to 0.210
2025-09-28 17:39:49 - Epoch 16/500 | LR=0.009978 | w_AVO=1.000 | w_P3=2.772 | lambda_MMD=0.210
2025-09-28 17:39:49 - Epoch Summary: TrainLoss=1.3740 | TrainAcc=0.632 | Val(P3)=0.588 | Val(AVO)=0.643
2025-09-28 17:39:49 - No P3-val improvement; patience remaining: 12/20
2025-09-28 17:39:49 - Epoch 17/500 | LR=0.009975 | w_AVO=1.000 | w_P3=2.772 | lambda_MMD=0.300
2025-09-28 17:39:50 - Epoch Summary: TrainLoss=1.4270 | TrainAcc=0.649 | Val(P3)=0.559 | Val(AVO)=0.640
2025-09-28 17:39:50 - No P3-val improvement; patience remaining: 11/20
2025-09-28 17:39:50 - Epoch 18/500 | LR=0.009972 | w_AVO=1.000 | w_P3=2.772 | lambda_MMD=0.300
2025-09-28 17:39:50 - Epoch Summary: TrainLoss=1.3811 | TrainAcc=0.640 | Val(P3)=0.559 | Val(AVO)=0.627
2025-09-28 17:39:50 - No P3-val improvement; patience remaining: 10/20
2025-09-28 17:39:50 - AVO val decreasing 3x. Reducing lambda_MMD to 0.210
2025-09-28 17:39:50 - Epoch 19/500 | LR=0.009968 | w_AVO=1.000 | w_P3=2.772 | lambda_MMD=0.210
2025-09-28 17:39:50 - Epoch Summary: TrainLoss=1.3871 | TrainAcc=0.626 | Val(P3)=0.559 | Val(AVO)=0.624
2025-09-28 17:39:50 - No P3-val improvement; patience remaining: 9/20
2025-09-28 17:39:50 - AVO val decreasing 3x. Reducing lambda_MMD to 0.210
2025-09-28 17:39:50 - Epoch 20/500 | LR=0.009964 | w_AVO=1.000 | w_P3=2.772 | lambda_MMD=0.210
2025-09-28 17:39:51 - Epoch Summary: TrainLoss=1.3740 | TrainAcc=0.640 | Val(P3)=0.559 | Val(AVO)=0.633
2025-09-28 17:39:51 - No P3-val improvement; patience remaining: 8/20
2025-09-28 17:39:51 - Epoch 21/500 | LR=0.009961 | w_AVO=1.000 | w_P3=2.772 | lambda_MMD=0.300
2025-09-28 17:39:51 - Epoch Summary: TrainLoss=1.3378 | TrainAcc=0.640 | Val(P3)=0.559 | Val(AVO)=0.601
2025-09-28 17:39:51 - No P3-val improvement; patience remaining: 7/20
2025-09-28 17:39:51 - Epoch 22/500 | LR=0.009957 | w_AVO=1.000 | w_P3=2.772 | lambda_MMD=0.300
2025-09-28 17:39:52 - Epoch Summary: TrainLoss=1.3469 | TrainAcc=0.634 | Val(P3)=0.588 | Val(AVO)=0.624
2025-09-28 17:39:52 - No P3-val improvement; patience remaining: 6/20
2025-09-28 17:39:52 - Epoch 23/500 | LR=0.009952 | w_AVO=1.000 | w_P3=2.772 | lambda_MMD=0.300
2025-09-28 17:39:52 - Epoch Summary: TrainLoss=1.3485 | TrainAcc=0.645 | Val(P3)=0.588 | Val(AVO)=0.617
2025-09-28 17:39:52 - No P3-val improvement; patience remaining: 5/20
2025-09-28 17:39:52 - Epoch 24/500 | LR=0.009948 | w_AVO=1.000 | w_P3=2.772 | lambda_MMD=0.300
2025-09-28 17:39:52 - Epoch Summary: TrainLoss=1.3018 | TrainAcc=0.637 | Val(P3)=0.559 | Val(AVO)=0.627
2025-09-28 17:39:52 - No P3-val improvement; patience remaining: 4/20
2025-09-28 17:39:52 - Epoch 25/500 | LR=0.009943 | w_AVO=1.000 | w_P3=2.772 | lambda_MMD=0.300
2025-09-28 17:39:53 - Epoch Summary: TrainLoss=1.2702 | TrainAcc=0.640 | Val(P3)=0.559 | Val(AVO)=0.630
2025-09-28 17:39:53 - No P3-val improvement; patience remaining: 3/20
2025-09-28 17:39:53 - Epoch 26/500 | LR=0.009938 | w_AVO=1.000 | w_P3=2.772 | lambda_MMD=0.300
2025-09-28 17:39:53 - Epoch Summary: TrainLoss=1.2620 | TrainAcc=0.658 | Val(P3)=0.559 | Val(AVO)=0.608
2025-09-28 17:39:53 - No P3-val improvement; patience remaining: 2/20
2025-09-28 17:39:53 - Epoch 27/500 | LR=0.009933 | w_AVO=1.000 | w_P3=2.772 | lambda_MMD=0.300
2025-09-28 17:39:54 - Epoch Summary: TrainLoss=1.2715 | TrainAcc=0.654 | Val(P3)=0.559 | Val(AVO)=0.601
2025-09-28 17:39:54 - No P3-val improvement; patience remaining: 1/20
2025-09-28 17:39:54 - AVO val decreasing 3x. Reducing lambda_MMD to 0.210
2025-09-28 17:39:54 - Epoch 28/500 | LR=0.009928 | w_AVO=1.000 | w_P3=2.772 | lambda_MMD=0.210
2025-09-28 17:39:54 - Epoch Summary: TrainLoss=1.2683 | TrainAcc=0.642 | Val(P3)=0.559 | Val(AVO)=0.637
2025-09-28 17:39:54 - No P3-val improvement; patience remaining: 0/20
2025-09-28 17:39:54 - Early stopping triggered (P3-val)
2025-09-28 17:39:54 -     P3 Test | Acc=0.5341 P=0.4681 R=0.5789 F1=0.5176 AUC=0.5974 (n=88)
2025-09-28 17:39:54 -     AVO Test | Acc=0.6256 P=0.6462 R=0.5850 F1=0.6141 AUC=0.6870 (n=601)
2025-09-28 17:39:54 -     Overall Test Acc=0.6139
2025-09-28 17:39:54 -   Fold 5/5
2025-09-28 17:39:54 - Fold domains: small=P3 (n=306), large=AVO (n=2108)
2025-09-28 17:39:54 - Auto adjustments (symmetric): w_small≈1.000, lambda_MMD_target=0.300, warmup_epochs=5
2025-09-28 17:39:54 - Epoch 1/500 | LR=0.010000 | w_AVO=1.000 | w_P3=1.325 | lambda_MMD=0.060
2025-09-28 17:39:54 - Epoch Summary: TrainLoss=1.7195 | TrainAcc=0.550 | Val(P3)=0.611 | Val(AVO)=0.570
2025-09-28 17:39:54 - New best P3-val; checkpoint updated
2025-09-28 17:39:54 - Epoch 2/500 | LR=0.010000 | w_AVO=1.000 | w_P3=1.650 | lambda_MMD=0.120
2025-09-28 17:39:55 - Epoch Summary: TrainLoss=1.6068 | TrainAcc=0.584 | Val(P3)=0.639 | Val(AVO)=0.618
2025-09-28 17:39:55 - New best P3-val; checkpoint updated
2025-09-28 17:39:55 - Epoch 3/500 | LR=0.010000 | w_AVO=1.000 | w_P3=1.975 | lambda_MMD=0.180
2025-09-28 17:39:55 - Epoch Summary: TrainLoss=1.6738 | TrainAcc=0.591 | Val(P3)=0.583 | Val(AVO)=0.583
2025-09-28 17:39:55 - No P3-val improvement; patience remaining: 19/20
2025-09-28 17:39:55 - Epoch 4/500 | LR=0.009999 | w_AVO=1.000 | w_P3=2.300 | lambda_MMD=0.240
2025-09-28 17:39:56 - Epoch Summary: TrainLoss=1.7434 | TrainAcc=0.612 | Val(P3)=0.722 | Val(AVO)=0.612
2025-09-28 17:39:56 - New best P3-val; checkpoint updated
2025-09-28 17:39:56 - Epoch 5/500 | LR=0.009998 | w_AVO=1.000 | w_P3=2.625 | lambda_MMD=0.300
2025-09-28 17:39:56 - Epoch Summary: TrainLoss=1.8706 | TrainAcc=0.620 | Val(P3)=0.694 | Val(AVO)=0.586
2025-09-28 17:39:56 - No P3-val improvement; patience remaining: 19/20
2025-09-28 17:39:56 - Epoch 6/500 | LR=0.009998 | w_AVO=1.000 | w_P3=2.625 | lambda_MMD=0.300
2025-09-28 17:39:56 - Epoch Summary: TrainLoss=1.7853 | TrainAcc=0.597 | Val(P3)=0.611 | Val(AVO)=0.589
2025-09-28 17:39:56 - No P3-val improvement; patience remaining: 18/20
2025-09-28 17:39:56 - P3 val decreasing 3x. Reducing w_small to 2.100, lambda_MMD to 0.150
2025-09-28 17:39:56 - Epoch 7/500 | LR=0.009996 | w_AVO=1.000 | w_P3=2.100 | lambda_MMD=0.150
2025-09-28 17:39:57 - Epoch Summary: TrainLoss=1.5062 | TrainAcc=0.616 | Val(P3)=0.611 | Val(AVO)=0.631
2025-09-28 17:39:57 - No P3-val improvement; patience remaining: 17/20
2025-09-28 17:39:57 - Epoch 8/500 | LR=0.009995 | w_AVO=1.000 | w_P3=2.625 | lambda_MMD=0.300
2025-09-28 17:39:57 - Epoch Summary: TrainLoss=1.6649 | TrainAcc=0.629 | Val(P3)=0.639 | Val(AVO)=0.592
2025-09-28 17:39:57 - No P3-val improvement; patience remaining: 16/20
2025-09-28 17:39:57 - Epoch 9/500 | LR=0.009994 | w_AVO=1.000 | w_P3=2.625 | lambda_MMD=0.300
2025-09-28 17:39:58 - Epoch Summary: TrainLoss=1.6220 | TrainAcc=0.624 | Val(P3)=0.611 | Val(AVO)=0.625
2025-09-28 17:39:58 - No P3-val improvement; patience remaining: 15/20
2025-09-28 17:39:58 - Epoch 10/500 | LR=0.009992 | w_AVO=1.000 | w_P3=2.625 | lambda_MMD=0.300
2025-09-28 17:39:58 - Epoch Summary: TrainLoss=1.6157 | TrainAcc=0.611 | Val(P3)=0.667 | Val(AVO)=0.625
2025-09-28 17:39:58 - No P3-val improvement; patience remaining: 14/20
2025-09-28 17:39:58 - Epoch 11/500 | LR=0.009990 | w_AVO=1.000 | w_P3=2.625 | lambda_MMD=0.300
2025-09-28 17:39:58 - Epoch Summary: TrainLoss=1.5521 | TrainAcc=0.630 | Val(P3)=0.694 | Val(AVO)=0.605
2025-09-28 17:39:58 - No P3-val improvement; patience remaining: 13/20
2025-09-28 17:39:58 - Epoch 12/500 | LR=0.009988 | w_AVO=1.000 | w_P3=2.625 | lambda_MMD=0.300
2025-09-28 17:39:59 - Epoch Summary: TrainLoss=1.5477 | TrainAcc=0.629 | Val(P3)=0.611 | Val(AVO)=0.612
2025-09-28 17:39:59 - No P3-val improvement; patience remaining: 12/20
2025-09-28 17:39:59 - Epoch 13/500 | LR=0.009986 | w_AVO=1.000 | w_P3=2.625 | lambda_MMD=0.300
2025-09-28 17:39:59 - Epoch Summary: TrainLoss=1.5217 | TrainAcc=0.618 | Val(P3)=0.611 | Val(AVO)=0.628
2025-09-28 17:39:59 - No P3-val improvement; patience remaining: 11/20
2025-09-28 17:39:59 - Epoch 14/500 | LR=0.009983 | w_AVO=1.000 | w_P3=2.625 | lambda_MMD=0.300
2025-09-28 17:40:00 - Epoch Summary: TrainLoss=1.4937 | TrainAcc=0.618 | Val(P3)=0.667 | Val(AVO)=0.534
2025-09-28 17:40:00 - No P3-val improvement; patience remaining: 10/20
2025-09-28 17:40:00 - Epoch 15/500 | LR=0.009981 | w_AVO=1.000 | w_P3=2.625 | lambda_MMD=0.300
2025-09-28 17:40:00 - Epoch Summary: TrainLoss=1.4623 | TrainAcc=0.625 | Val(P3)=0.556 | Val(AVO)=0.631
2025-09-28 17:40:00 - No P3-val improvement; patience remaining: 9/20
2025-09-28 17:40:00 - Epoch 16/500 | LR=0.009978 | w_AVO=1.000 | w_P3=2.625 | lambda_MMD=0.300
2025-09-28 17:40:00 - Epoch Summary: TrainLoss=1.4767 | TrainAcc=0.629 | Val(P3)=0.694 | Val(AVO)=0.612
2025-09-28 17:40:00 - No P3-val improvement; patience remaining: 8/20
2025-09-28 17:40:00 - Epoch 17/500 | LR=0.009975 | w_AVO=1.000 | w_P3=2.625 | lambda_MMD=0.300
2025-09-28 17:40:01 - Epoch Summary: TrainLoss=1.4571 | TrainAcc=0.638 | Val(P3)=0.667 | Val(AVO)=0.570
2025-09-28 17:40:01 - No P3-val improvement; patience remaining: 7/20
2025-09-28 17:40:01 - AVO val decreasing 3x. Reducing lambda_MMD to 0.210
2025-09-28 17:40:01 - Epoch 18/500 | LR=0.009972 | w_AVO=1.000 | w_P3=2.625 | lambda_MMD=0.210
2025-09-28 17:40:01 - Epoch Summary: TrainLoss=1.4188 | TrainAcc=0.627 | Val(P3)=0.583 | Val(AVO)=0.634
2025-09-28 17:40:01 - No P3-val improvement; patience remaining: 6/20
2025-09-28 17:40:01 - P3 val decreasing 3x. Reducing w_small to 2.100, lambda_MMD to 0.150
2025-09-28 17:40:01 - Epoch 19/500 | LR=0.009968 | w_AVO=1.000 | w_P3=2.100 | lambda_MMD=0.150
2025-09-28 17:40:01 - Epoch Summary: TrainLoss=1.2922 | TrainAcc=0.619 | Val(P3)=0.639 | Val(AVO)=0.608
2025-09-28 17:40:01 - No P3-val improvement; patience remaining: 5/20
2025-09-28 17:40:01 - Epoch 20/500 | LR=0.009964 | w_AVO=1.000 | w_P3=2.625 | lambda_MMD=0.300
2025-09-28 17:40:02 - Epoch Summary: TrainLoss=1.3615 | TrainAcc=0.630 | Val(P3)=0.639 | Val(AVO)=0.628
2025-09-28 17:40:02 - No P3-val improvement; patience remaining: 4/20
2025-09-28 17:40:02 - Epoch 21/500 | LR=0.009961 | w_AVO=1.000 | w_P3=2.625 | lambda_MMD=0.300
2025-09-28 17:40:02 - Epoch Summary: TrainLoss=1.3797 | TrainAcc=0.613 | Val(P3)=0.639 | Val(AVO)=0.618
2025-09-28 17:40:02 - No P3-val improvement; patience remaining: 3/20
2025-09-28 17:40:02 - Epoch 22/500 | LR=0.009957 | w_AVO=1.000 | w_P3=2.625 | lambda_MMD=0.300
2025-09-28 17:40:03 - Epoch Summary: TrainLoss=1.3650 | TrainAcc=0.627 | Val(P3)=0.667 | Val(AVO)=0.595
2025-09-28 17:40:03 - No P3-val improvement; patience remaining: 2/20
2025-09-28 17:40:03 - AVO val decreasing 3x. Reducing lambda_MMD to 0.210
2025-09-28 17:40:03 - Epoch 23/500 | LR=0.009952 | w_AVO=1.000 | w_P3=2.625 | lambda_MMD=0.210
2025-09-28 17:40:03 - Epoch Summary: TrainLoss=1.3653 | TrainAcc=0.618 | Val(P3)=0.611 | Val(AVO)=0.602
2025-09-28 17:40:03 - No P3-val improvement; patience remaining: 1/20
2025-09-28 17:40:03 - Epoch 24/500 | LR=0.009948 | w_AVO=1.000 | w_P3=2.625 | lambda_MMD=0.300
2025-09-28 17:40:03 - Epoch Summary: TrainLoss=1.3620 | TrainAcc=0.645 | Val(P3)=0.639 | Val(AVO)=0.602
2025-09-28 17:40:03 - No P3-val improvement; patience remaining: 0/20
2025-09-28 17:40:03 - Early stopping triggered (P3-val)
2025-09-28 17:40:03 -     P3 Test | Acc=0.5172 P=0.5652 R=0.4194 F1=0.4815 AUC=0.5281 (n=58)
2025-09-28 17:40:03 -     AVO Test | Acc=0.6735 P=0.6667 R=0.6879 F1=0.6771 AUC=0.7290 (n=631)
2025-09-28 17:40:03 -     Overall Test Acc=0.6604
2025-09-28 17:40:03 - Repeat 4/5
2025-09-28 17:40:03 -   Fold 1/5
2025-09-28 17:40:03 - Fold domains: small=P3 (n=282), large=AVO (n=2131)
2025-09-28 17:40:03 - Auto adjustments (symmetric): w_small≈1.000, lambda_MMD_target=0.300, warmup_epochs=5
2025-09-28 17:40:03 - Epoch 1/500 | LR=0.010000 | w_AVO=1.000 | w_P3=1.350 | lambda_MMD=0.060
2025-09-28 17:40:04 - Epoch Summary: TrainLoss=1.6959 | TrainAcc=0.563 | Val(P3)=0.706 | Val(AVO)=0.547
2025-09-28 17:40:04 - New best P3-val; checkpoint updated
2025-09-28 17:40:04 - Epoch 2/500 | LR=0.010000 | w_AVO=1.000 | w_P3=1.700 | lambda_MMD=0.120
2025-09-28 17:40:04 - Epoch Summary: TrainLoss=1.6127 | TrainAcc=0.594 | Val(P3)=0.618 | Val(AVO)=0.601
2025-09-28 17:40:04 - No P3-val improvement; patience remaining: 19/20
2025-09-28 17:40:04 - Epoch 3/500 | LR=0.010000 | w_AVO=1.000 | w_P3=2.049 | lambda_MMD=0.180
2025-09-28 17:40:05 - Epoch Summary: TrainLoss=1.6791 | TrainAcc=0.598 | Val(P3)=0.647 | Val(AVO)=0.582
2025-09-28 17:40:05 - No P3-val improvement; patience remaining: 18/20
2025-09-28 17:40:05 - Epoch 4/500 | LR=0.009999 | w_AVO=1.000 | w_P3=2.399 | lambda_MMD=0.240
2025-09-28 17:40:05 - Epoch Summary: TrainLoss=1.7832 | TrainAcc=0.609 | Val(P3)=0.618 | Val(AVO)=0.595
2025-09-28 17:40:05 - No P3-val improvement; patience remaining: 17/20
2025-09-28 17:40:05 - Epoch 5/500 | LR=0.009998 | w_AVO=1.000 | w_P3=2.749 | lambda_MMD=0.300
2025-09-28 17:40:05 - Epoch Summary: TrainLoss=1.9040 | TrainAcc=0.610 | Val(P3)=0.676 | Val(AVO)=0.598
2025-09-28 17:40:05 - No P3-val improvement; patience remaining: 16/20
2025-09-28 17:40:05 - Epoch 6/500 | LR=0.009998 | w_AVO=1.000 | w_P3=2.749 | lambda_MMD=0.300
2025-09-28 17:40:06 - Epoch Summary: TrainLoss=1.7827 | TrainAcc=0.595 | Val(P3)=0.618 | Val(AVO)=0.598
2025-09-28 17:40:06 - No P3-val improvement; patience remaining: 15/20
2025-09-28 17:40:06 - Epoch 7/500 | LR=0.009996 | w_AVO=1.000 | w_P3=2.749 | lambda_MMD=0.300
2025-09-28 17:40:06 - Epoch Summary: TrainLoss=1.7099 | TrainAcc=0.604 | Val(P3)=0.618 | Val(AVO)=0.598
2025-09-28 17:40:06 - No P3-val improvement; patience remaining: 14/20
2025-09-28 17:40:06 - Epoch 8/500 | LR=0.009995 | w_AVO=1.000 | w_P3=2.749 | lambda_MMD=0.300
2025-09-28 17:40:07 - Epoch Summary: TrainLoss=1.6697 | TrainAcc=0.618 | Val(P3)=0.618 | Val(AVO)=0.614
2025-09-28 17:40:07 - No P3-val improvement; patience remaining: 13/20
2025-09-28 17:40:07 - Epoch 9/500 | LR=0.009994 | w_AVO=1.000 | w_P3=2.749 | lambda_MMD=0.300
2025-09-28 17:40:07 - Epoch Summary: TrainLoss=1.6583 | TrainAcc=0.611 | Val(P3)=0.647 | Val(AVO)=0.598
2025-09-28 17:40:07 - No P3-val improvement; patience remaining: 12/20
2025-09-28 17:40:07 - Epoch 10/500 | LR=0.009992 | w_AVO=1.000 | w_P3=2.749 | lambda_MMD=0.300
2025-09-28 17:40:07 - Epoch Summary: TrainLoss=1.5988 | TrainAcc=0.615 | Val(P3)=0.647 | Val(AVO)=0.579
2025-09-28 17:40:07 - No P3-val improvement; patience remaining: 11/20
2025-09-28 17:40:07 - AVO val decreasing 3x. Reducing lambda_MMD to 0.210
2025-09-28 17:40:07 - Epoch 11/500 | LR=0.009990 | w_AVO=1.000 | w_P3=2.749 | lambda_MMD=0.210
2025-09-28 17:40:08 - Epoch Summary: TrainLoss=1.5705 | TrainAcc=0.601 | Val(P3)=0.676 | Val(AVO)=0.624
2025-09-28 17:40:08 - No P3-val improvement; patience remaining: 10/20
2025-09-28 17:40:08 - Epoch 12/500 | LR=0.009988 | w_AVO=1.000 | w_P3=2.749 | lambda_MMD=0.300
2025-09-28 17:40:08 - Epoch Summary: TrainLoss=1.5854 | TrainAcc=0.619 | Val(P3)=0.647 | Val(AVO)=0.611
2025-09-28 17:40:08 - No P3-val improvement; patience remaining: 9/20
2025-09-28 17:40:08 - Epoch 13/500 | LR=0.009986 | w_AVO=1.000 | w_P3=2.749 | lambda_MMD=0.300
2025-09-28 17:40:09 - Epoch Summary: TrainLoss=1.5650 | TrainAcc=0.618 | Val(P3)=0.647 | Val(AVO)=0.611
2025-09-28 17:40:09 - No P3-val improvement; patience remaining: 8/20
2025-09-28 17:40:09 - Epoch 14/500 | LR=0.009983 | w_AVO=1.000 | w_P3=2.749 | lambda_MMD=0.300
2025-09-28 17:40:09 - Epoch Summary: TrainLoss=1.4826 | TrainAcc=0.632 | Val(P3)=0.647 | Val(AVO)=0.598
2025-09-28 17:40:09 - No P3-val improvement; patience remaining: 7/20
2025-09-28 17:40:09 - Epoch 15/500 | LR=0.009981 | w_AVO=1.000 | w_P3=2.749 | lambda_MMD=0.300
2025-09-28 17:40:10 - Epoch Summary: TrainLoss=1.4898 | TrainAcc=0.613 | Val(P3)=0.647 | Val(AVO)=0.630
2025-09-28 17:40:10 - No P3-val improvement; patience remaining: 6/20
2025-09-28 17:40:10 - Epoch 16/500 | LR=0.009978 | w_AVO=1.000 | w_P3=2.749 | lambda_MMD=0.300
2025-09-28 17:40:10 - Epoch Summary: TrainLoss=1.4136 | TrainAcc=0.621 | Val(P3)=0.647 | Val(AVO)=0.659
2025-09-28 17:40:10 - No P3-val improvement; patience remaining: 5/20
2025-09-28 17:40:10 - Epoch 17/500 | LR=0.009975 | w_AVO=1.000 | w_P3=2.749 | lambda_MMD=0.300
2025-09-28 17:40:10 - Epoch Summary: TrainLoss=1.4525 | TrainAcc=0.617 | Val(P3)=0.676 | Val(AVO)=0.630
2025-09-28 17:40:10 - No P3-val improvement; patience remaining: 4/20
2025-09-28 17:40:10 - Epoch 18/500 | LR=0.009972 | w_AVO=1.000 | w_P3=2.749 | lambda_MMD=0.300
2025-09-28 17:40:11 - Epoch Summary: TrainLoss=1.4603 | TrainAcc=0.632 | Val(P3)=0.618 | Val(AVO)=0.621
2025-09-28 17:40:11 - No P3-val improvement; patience remaining: 3/20
2025-09-28 17:40:11 - AVO val decreasing 3x. Reducing lambda_MMD to 0.210
2025-09-28 17:40:11 - Epoch 19/500 | LR=0.009968 | w_AVO=1.000 | w_P3=2.749 | lambda_MMD=0.210
2025-09-28 17:40:11 - Epoch Summary: TrainLoss=1.3959 | TrainAcc=0.628 | Val(P3)=0.647 | Val(AVO)=0.630
2025-09-28 17:40:11 - No P3-val improvement; patience remaining: 2/20
2025-09-28 17:40:11 - Epoch 20/500 | LR=0.009964 | w_AVO=1.000 | w_P3=2.749 | lambda_MMD=0.300
2025-09-28 17:40:12 - Epoch Summary: TrainLoss=1.3825 | TrainAcc=0.625 | Val(P3)=0.647 | Val(AVO)=0.630
2025-09-28 17:40:12 - No P3-val improvement; patience remaining: 1/20
2025-09-28 17:40:12 - Epoch 21/500 | LR=0.009961 | w_AVO=1.000 | w_P3=2.749 | lambda_MMD=0.300
2025-09-28 17:40:12 - Epoch Summary: TrainLoss=1.4322 | TrainAcc=0.628 | Val(P3)=0.647 | Val(AVO)=0.592
2025-09-28 17:40:12 - No P3-val improvement; patience remaining: 0/20
2025-09-28 17:40:12 - Early stopping triggered (P3-val)
2025-09-28 17:40:12 -     P3 Test | Acc=0.6071 P=0.6905 R=0.5918 F1=0.6374 AUC=0.6501 (n=84)
2025-09-28 17:40:12 -     AVO Test | Acc=0.5792 P=0.5423 R=0.8885 F1=0.6735 AUC=0.7099 (n=606)
2025-09-28 17:40:12 -     Overall Test Acc=0.5826
2025-09-28 17:40:12 -   Fold 2/5
2025-09-28 17:40:12 - Fold domains: small=P3 (n=278), large=AVO (n=2135)
2025-09-28 17:40:12 - Auto adjustments (symmetric): w_small≈1.000, lambda_MMD_target=0.300, warmup_epochs=5
2025-09-28 17:40:12 - Epoch 1/500 | LR=0.010000 | w_AVO=1.000 | w_P3=1.354 | lambda_MMD=0.060
2025-09-28 17:40:12 - Epoch Summary: TrainLoss=1.7829 | TrainAcc=0.551 | Val(P3)=0.529 | Val(AVO)=0.617
2025-09-28 17:40:12 - New best P3-val; checkpoint updated
2025-09-28 17:40:12 - Epoch 2/500 | LR=0.010000 | w_AVO=1.000 | w_P3=1.709 | lambda_MMD=0.120
2025-09-28 17:40:13 - Epoch Summary: TrainLoss=1.6415 | TrainAcc=0.587 | Val(P3)=0.735 | Val(AVO)=0.559
2025-09-28 17:40:13 - New best P3-val; checkpoint updated
2025-09-28 17:40:13 - Epoch 3/500 | LR=0.010000 | w_AVO=1.000 | w_P3=2.063 | lambda_MMD=0.180
2025-09-28 17:40:13 - Epoch Summary: TrainLoss=1.7208 | TrainAcc=0.603 | Val(P3)=0.559 | Val(AVO)=0.630
2025-09-28 17:40:13 - No P3-val improvement; patience remaining: 19/20
2025-09-28 17:40:13 - Epoch 4/500 | LR=0.009999 | w_AVO=1.000 | w_P3=2.417 | lambda_MMD=0.240
2025-09-28 17:40:14 - Epoch Summary: TrainLoss=1.7962 | TrainAcc=0.589 | Val(P3)=0.618 | Val(AVO)=0.569
2025-09-28 17:40:14 - No P3-val improvement; patience remaining: 18/20
2025-09-28 17:40:14 - Epoch 5/500 | LR=0.009998 | w_AVO=1.000 | w_P3=2.771 | lambda_MMD=0.300
2025-09-28 17:40:14 - Epoch Summary: TrainLoss=1.8326 | TrainAcc=0.611 | Val(P3)=0.618 | Val(AVO)=0.559
2025-09-28 17:40:14 - No P3-val improvement; patience remaining: 17/20
2025-09-28 17:40:14 - AVO val decreasing 3x. Reducing lambda_MMD to 0.210
2025-09-28 17:40:14 - Epoch 6/500 | LR=0.009998 | w_AVO=1.000 | w_P3=2.771 | lambda_MMD=0.210
2025-09-28 17:40:14 - Epoch Summary: TrainLoss=1.7043 | TrainAcc=0.617 | Val(P3)=0.559 | Val(AVO)=0.569
2025-09-28 17:40:14 - No P3-val improvement; patience remaining: 16/20
2025-09-28 17:40:14 - Epoch 7/500 | LR=0.009996 | w_AVO=1.000 | w_P3=2.771 | lambda_MMD=0.300
2025-09-28 17:40:15 - Epoch Summary: TrainLoss=1.6456 | TrainAcc=0.614 | Val(P3)=0.618 | Val(AVO)=0.614
2025-09-28 17:40:15 - No P3-val improvement; patience remaining: 15/20
2025-09-28 17:40:15 - Epoch 8/500 | LR=0.009995 | w_AVO=1.000 | w_P3=2.771 | lambda_MMD=0.300
2025-09-28 17:40:15 - Epoch Summary: TrainLoss=1.6219 | TrainAcc=0.611 | Val(P3)=0.588 | Val(AVO)=0.595
2025-09-28 17:40:15 - No P3-val improvement; patience remaining: 14/20
2025-09-28 17:40:15 - Epoch 9/500 | LR=0.009994 | w_AVO=1.000 | w_P3=2.771 | lambda_MMD=0.300
2025-09-28 17:40:16 - Epoch Summary: TrainLoss=1.6249 | TrainAcc=0.617 | Val(P3)=0.559 | Val(AVO)=0.547
2025-09-28 17:40:16 - No P3-val improvement; patience remaining: 13/20
2025-09-28 17:40:16 - P3 val decreasing 3x. Reducing w_small to 2.217, lambda_MMD to 0.150
2025-09-28 17:40:16 - AVO val decreasing 3x. Reducing lambda_MMD to 0.105
2025-09-28 17:40:16 - Epoch 10/500 | LR=0.009992 | w_AVO=1.000 | w_P3=2.217 | lambda_MMD=0.105
2025-09-28 17:40:16 - Epoch Summary: TrainLoss=1.3596 | TrainAcc=0.615 | Val(P3)=0.500 | Val(AVO)=0.611
2025-09-28 17:40:16 - No P3-val improvement; patience remaining: 12/20
2025-09-28 17:40:16 - P3 val decreasing 3x. Reducing w_small to 2.217, lambda_MMD to 0.150
2025-09-28 17:40:16 - Epoch 11/500 | LR=0.009990 | w_AVO=1.000 | w_P3=2.217 | lambda_MMD=0.150
2025-09-28 17:40:16 - Epoch Summary: TrainLoss=1.3062 | TrainAcc=0.613 | Val(P3)=0.588 | Val(AVO)=0.617
2025-09-28 17:40:16 - No P3-val improvement; patience remaining: 11/20
2025-09-28 17:40:16 - Epoch 12/500 | LR=0.009988 | w_AVO=1.000 | w_P3=2.771 | lambda_MMD=0.300
2025-09-28 17:40:17 - Epoch Summary: TrainLoss=1.5156 | TrainAcc=0.613 | Val(P3)=0.529 | Val(AVO)=0.633
2025-09-28 17:40:17 - No P3-val improvement; patience remaining: 10/20
2025-09-28 17:40:17 - Epoch 13/500 | LR=0.009986 | w_AVO=1.000 | w_P3=2.771 | lambda_MMD=0.300
2025-09-28 17:40:17 - Epoch Summary: TrainLoss=1.4744 | TrainAcc=0.610 | Val(P3)=0.529 | Val(AVO)=0.572
2025-09-28 17:40:17 - No P3-val improvement; patience remaining: 9/20
2025-09-28 17:40:17 - Epoch 14/500 | LR=0.009983 | w_AVO=1.000 | w_P3=2.771 | lambda_MMD=0.300
2025-09-28 17:40:18 - Epoch Summary: TrainLoss=1.5060 | TrainAcc=0.620 | Val(P3)=0.618 | Val(AVO)=0.608
2025-09-28 17:40:18 - No P3-val improvement; patience remaining: 8/20
2025-09-28 17:40:18 - Epoch 15/500 | LR=0.009981 | w_AVO=1.000 | w_P3=2.771 | lambda_MMD=0.300
2025-09-28 17:40:18 - Epoch Summary: TrainLoss=1.4289 | TrainAcc=0.616 | Val(P3)=0.559 | Val(AVO)=0.611
2025-09-28 17:40:18 - No P3-val improvement; patience remaining: 7/20
2025-09-28 17:40:18 - Epoch 16/500 | LR=0.009978 | w_AVO=1.000 | w_P3=2.771 | lambda_MMD=0.300
2025-09-28 17:40:18 - Epoch Summary: TrainLoss=1.3751 | TrainAcc=0.631 | Val(P3)=0.559 | Val(AVO)=0.621
2025-09-28 17:40:18 - No P3-val improvement; patience remaining: 6/20
2025-09-28 17:40:18 - Epoch 17/500 | LR=0.009975 | w_AVO=1.000 | w_P3=2.771 | lambda_MMD=0.300
2025-09-28 17:40:19 - Epoch Summary: TrainLoss=1.4125 | TrainAcc=0.625 | Val(P3)=0.529 | Val(AVO)=0.695
2025-09-28 17:40:19 - No P3-val improvement; patience remaining: 5/20
2025-09-28 17:40:19 - Epoch 18/500 | LR=0.009972 | w_AVO=1.000 | w_P3=2.771 | lambda_MMD=0.300
2025-09-28 17:40:19 - Epoch Summary: TrainLoss=1.4080 | TrainAcc=0.631 | Val(P3)=0.559 | Val(AVO)=0.582
2025-09-28 17:40:19 - No P3-val improvement; patience remaining: 4/20
2025-09-28 17:40:19 - Epoch 19/500 | LR=0.009968 | w_AVO=1.000 | w_P3=2.771 | lambda_MMD=0.300
2025-09-28 17:40:20 - Epoch Summary: TrainLoss=1.3514 | TrainAcc=0.626 | Val(P3)=0.588 | Val(AVO)=0.659
2025-09-28 17:40:20 - No P3-val improvement; patience remaining: 3/20
2025-09-28 17:40:20 - Epoch 20/500 | LR=0.009964 | w_AVO=1.000 | w_P3=2.771 | lambda_MMD=0.300
2025-09-28 17:40:20 - Epoch Summary: TrainLoss=1.3464 | TrainAcc=0.637 | Val(P3)=0.500 | Val(AVO)=0.601
2025-09-28 17:40:20 - No P3-val improvement; patience remaining: 2/20
2025-09-28 17:40:20 - Epoch 21/500 | LR=0.009961 | w_AVO=1.000 | w_P3=2.771 | lambda_MMD=0.300
2025-09-28 17:40:20 - Epoch Summary: TrainLoss=1.3223 | TrainAcc=0.643 | Val(P3)=0.559 | Val(AVO)=0.624
2025-09-28 17:40:20 - No P3-val improvement; patience remaining: 1/20
2025-09-28 17:40:20 - Epoch 22/500 | LR=0.009957 | w_AVO=1.000 | w_P3=2.771 | lambda_MMD=0.300
2025-09-28 17:40:21 - Epoch Summary: TrainLoss=1.3589 | TrainAcc=0.627 | Val(P3)=0.618 | Val(AVO)=0.595
2025-09-28 17:40:21 - No P3-val improvement; patience remaining: 0/20
2025-09-28 17:40:21 - Early stopping triggered (P3-val)
2025-09-28 17:40:21 -     P3 Test | Acc=0.5682 P=0.5238 R=0.5500 F1=0.5366 AUC=0.5839 (n=88)
2025-09-28 17:40:21 -     AVO Test | Acc=0.5897 P=0.5578 R=0.9180 F1=0.6939 AUC=0.6957 (n=602)
2025-09-28 17:40:21 -     Overall Test Acc=0.5870
2025-09-28 17:40:21 -   Fold 3/5
2025-09-28 17:40:21 - Fold domains: small=P3 (n=295), large=AVO (n=2118)
2025-09-28 17:40:21 - Auto adjustments (symmetric): w_small≈1.000, lambda_MMD_target=0.300, warmup_epochs=5
2025-09-28 17:40:21 - Epoch 1/500 | LR=0.010000 | w_AVO=1.000 | w_P3=1.336 | lambda_MMD=0.060
2025-09-28 17:40:21 - Epoch Summary: TrainLoss=1.6507 | TrainAcc=0.566 | Val(P3)=0.543 | Val(AVO)=0.619
2025-09-28 17:40:21 - New best P3-val; checkpoint updated
2025-09-28 17:40:21 - Epoch 2/500 | LR=0.010000 | w_AVO=1.000 | w_P3=1.672 | lambda_MMD=0.120
2025-09-28 17:40:22 - Epoch Summary: TrainLoss=1.6363 | TrainAcc=0.592 | Val(P3)=0.600 | Val(AVO)=0.535
2025-09-28 17:40:22 - New best P3-val; checkpoint updated
2025-09-28 17:40:22 - Epoch 3/500 | LR=0.010000 | w_AVO=1.000 | w_P3=2.008 | lambda_MMD=0.180
2025-09-28 17:40:22 - Epoch Summary: TrainLoss=1.6926 | TrainAcc=0.600 | Val(P3)=0.543 | Val(AVO)=0.529
2025-09-28 17:40:22 - No P3-val improvement; patience remaining: 19/20
2025-09-28 17:40:22 - AVO val decreasing 3x. Reducing lambda_MMD to 0.168
2025-09-28 17:40:22 - Epoch 4/500 | LR=0.009999 | w_AVO=1.000 | w_P3=2.344 | lambda_MMD=0.168
2025-09-28 17:40:22 - Epoch Summary: TrainLoss=1.7505 | TrainAcc=0.593 | Val(P3)=0.657 | Val(AVO)=0.606
2025-09-28 17:40:22 - New best P3-val; checkpoint updated
2025-09-28 17:40:22 - Epoch 5/500 | LR=0.009998 | w_AVO=1.000 | w_P3=2.679 | lambda_MMD=0.300
2025-09-28 17:40:23 - Epoch Summary: TrainLoss=1.8467 | TrainAcc=0.603 | Val(P3)=0.657 | Val(AVO)=0.635
2025-09-28 17:40:23 - No P3-val improvement; patience remaining: 19/20
2025-09-28 17:40:23 - Epoch 6/500 | LR=0.009998 | w_AVO=1.000 | w_P3=2.679 | lambda_MMD=0.300
2025-09-28 17:40:23 - Epoch Summary: TrainLoss=1.7970 | TrainAcc=0.608 | Val(P3)=0.571 | Val(AVO)=0.635
2025-09-28 17:40:23 - No P3-val improvement; patience remaining: 18/20
2025-09-28 17:40:23 - Epoch 7/500 | LR=0.009996 | w_AVO=1.000 | w_P3=2.679 | lambda_MMD=0.300
2025-09-28 17:40:24 - Epoch Summary: TrainLoss=1.6815 | TrainAcc=0.621 | Val(P3)=0.571 | Val(AVO)=0.565
2025-09-28 17:40:24 - No P3-val improvement; patience remaining: 17/20
2025-09-28 17:40:24 - Epoch 8/500 | LR=0.009995 | w_AVO=1.000 | w_P3=2.679 | lambda_MMD=0.300
2025-09-28 17:40:24 - Epoch Summary: TrainLoss=1.6140 | TrainAcc=0.626 | Val(P3)=0.600 | Val(AVO)=0.652
2025-09-28 17:40:24 - No P3-val improvement; patience remaining: 16/20
2025-09-28 17:40:24 - Epoch 9/500 | LR=0.009994 | w_AVO=1.000 | w_P3=2.679 | lambda_MMD=0.300
2025-09-28 17:40:24 - Epoch Summary: TrainLoss=1.6169 | TrainAcc=0.619 | Val(P3)=0.600 | Val(AVO)=0.645
2025-09-28 17:40:24 - No P3-val improvement; patience remaining: 15/20
2025-09-28 17:40:24 - Epoch 10/500 | LR=0.009992 | w_AVO=1.000 | w_P3=2.679 | lambda_MMD=0.300
2025-09-28 17:40:25 - Epoch Summary: TrainLoss=1.5766 | TrainAcc=0.626 | Val(P3)=0.600 | Val(AVO)=0.571
2025-09-28 17:40:25 - No P3-val improvement; patience remaining: 14/20
2025-09-28 17:40:25 - AVO val decreasing 3x. Reducing lambda_MMD to 0.210
2025-09-28 17:40:25 - Epoch 11/500 | LR=0.009990 | w_AVO=1.000 | w_P3=2.679 | lambda_MMD=0.210
2025-09-28 17:40:25 - Epoch Summary: TrainLoss=1.5809 | TrainAcc=0.612 | Val(P3)=0.600 | Val(AVO)=0.626
2025-09-28 17:40:25 - No P3-val improvement; patience remaining: 13/20
2025-09-28 17:40:25 - Epoch 12/500 | LR=0.009988 | w_AVO=1.000 | w_P3=2.679 | lambda_MMD=0.300
2025-09-28 17:40:26 - Epoch Summary: TrainLoss=1.5631 | TrainAcc=0.635 | Val(P3)=0.629 | Val(AVO)=0.661
2025-09-28 17:40:26 - No P3-val improvement; patience remaining: 12/20
2025-09-28 17:40:26 - Epoch 13/500 | LR=0.009986 | w_AVO=1.000 | w_P3=2.679 | lambda_MMD=0.300
2025-09-28 17:40:26 - Epoch Summary: TrainLoss=1.5141 | TrainAcc=0.630 | Val(P3)=0.657 | Val(AVO)=0.648
2025-09-28 17:40:26 - No P3-val improvement; patience remaining: 11/20
2025-09-28 17:40:26 - Epoch 14/500 | LR=0.009983 | w_AVO=1.000 | w_P3=2.679 | lambda_MMD=0.300
2025-09-28 17:40:26 - Epoch Summary: TrainLoss=1.5069 | TrainAcc=0.627 | Val(P3)=0.657 | Val(AVO)=0.681
2025-09-28 17:40:26 - No P3-val improvement; patience remaining: 10/20
2025-09-28 17:40:26 - Epoch 15/500 | LR=0.009981 | w_AVO=1.000 | w_P3=2.679 | lambda_MMD=0.300
2025-09-28 17:40:27 - Epoch Summary: TrainLoss=1.5092 | TrainAcc=0.621 | Val(P3)=0.686 | Val(AVO)=0.648
2025-09-28 17:40:27 - New best P3-val; checkpoint updated
2025-09-28 17:40:27 - Epoch 16/500 | LR=0.009978 | w_AVO=1.000 | w_P3=2.679 | lambda_MMD=0.300
2025-09-28 17:40:27 - Epoch Summary: TrainLoss=1.4432 | TrainAcc=0.630 | Val(P3)=0.629 | Val(AVO)=0.671
2025-09-28 17:40:27 - No P3-val improvement; patience remaining: 19/20
2025-09-28 17:40:27 - Epoch 17/500 | LR=0.009975 | w_AVO=1.000 | w_P3=2.679 | lambda_MMD=0.300
2025-09-28 17:40:27 - Epoch Summary: TrainLoss=1.3628 | TrainAcc=0.636 | Val(P3)=0.629 | Val(AVO)=0.642
2025-09-28 17:40:27 - No P3-val improvement; patience remaining: 18/20
2025-09-28 17:40:27 - Epoch 18/500 | LR=0.009972 | w_AVO=1.000 | w_P3=2.679 | lambda_MMD=0.300
2025-09-28 17:40:28 - Epoch Summary: TrainLoss=1.4183 | TrainAcc=0.630 | Val(P3)=0.600 | Val(AVO)=0.648
2025-09-28 17:40:28 - No P3-val improvement; patience remaining: 17/20
2025-09-28 17:40:28 - Epoch 19/500 | LR=0.009968 | w_AVO=1.000 | w_P3=2.679 | lambda_MMD=0.300
2025-09-28 17:40:28 - Epoch Summary: TrainLoss=1.4085 | TrainAcc=0.626 | Val(P3)=0.686 | Val(AVO)=0.671
2025-09-28 17:40:28 - No P3-val improvement; patience remaining: 16/20
2025-09-28 17:40:28 - Epoch 20/500 | LR=0.009964 | w_AVO=1.000 | w_P3=2.679 | lambda_MMD=0.300
2025-09-28 17:40:29 - Epoch Summary: TrainLoss=1.4446 | TrainAcc=0.634 | Val(P3)=0.686 | Val(AVO)=0.600
2025-09-28 17:40:29 - No P3-val improvement; patience remaining: 15/20
2025-09-28 17:40:29 - Epoch 21/500 | LR=0.009961 | w_AVO=1.000 | w_P3=2.679 | lambda_MMD=0.300
2025-09-28 17:40:29 - Epoch Summary: TrainLoss=1.3462 | TrainAcc=0.633 | Val(P3)=0.743 | Val(AVO)=0.652
2025-09-28 17:40:29 - New best P3-val; checkpoint updated
2025-09-28 17:40:29 - Epoch 22/500 | LR=0.009957 | w_AVO=1.000 | w_P3=2.679 | lambda_MMD=0.300
2025-09-28 17:40:29 - Epoch Summary: TrainLoss=1.3656 | TrainAcc=0.627 | Val(P3)=0.629 | Val(AVO)=0.645
2025-09-28 17:40:29 - No P3-val improvement; patience remaining: 19/20
2025-09-28 17:40:29 - Epoch 23/500 | LR=0.009952 | w_AVO=1.000 | w_P3=2.679 | lambda_MMD=0.300
2025-09-28 17:40:30 - Epoch Summary: TrainLoss=1.3228 | TrainAcc=0.635 | Val(P3)=0.686 | Val(AVO)=0.661
2025-09-28 17:40:30 - No P3-val improvement; patience remaining: 18/20
2025-09-28 17:40:30 - Epoch 24/500 | LR=0.009948 | w_AVO=1.000 | w_P3=2.679 | lambda_MMD=0.300
2025-09-28 17:40:30 - Epoch Summary: TrainLoss=1.3275 | TrainAcc=0.657 | Val(P3)=0.657 | Val(AVO)=0.668
2025-09-28 17:40:30 - No P3-val improvement; patience remaining: 17/20
2025-09-28 17:40:30 - Epoch 25/500 | LR=0.009943 | w_AVO=1.000 | w_P3=2.679 | lambda_MMD=0.300
2025-09-28 17:40:31 - Epoch Summary: TrainLoss=1.3488 | TrainAcc=0.639 | Val(P3)=0.629 | Val(AVO)=0.610
2025-09-28 17:40:31 - No P3-val improvement; patience remaining: 16/20
2025-09-28 17:40:31 - P3 val decreasing 3x. Reducing w_small to 2.144, lambda_MMD to 0.150
2025-09-28 17:40:31 - Epoch 26/500 | LR=0.009938 | w_AVO=1.000 | w_P3=2.144 | lambda_MMD=0.150
2025-09-28 17:40:31 - Epoch Summary: TrainLoss=1.1750 | TrainAcc=0.649 | Val(P3)=0.629 | Val(AVO)=0.655
2025-09-28 17:40:31 - No P3-val improvement; patience remaining: 15/20
2025-09-28 17:40:31 - Epoch 27/500 | LR=0.009933 | w_AVO=1.000 | w_P3=2.679 | lambda_MMD=0.300
2025-09-28 17:40:32 - Epoch Summary: TrainLoss=1.2662 | TrainAcc=0.656 | Val(P3)=0.686 | Val(AVO)=0.635
2025-09-28 17:40:32 - No P3-val improvement; patience remaining: 14/20
2025-09-28 17:40:32 - Epoch 28/500 | LR=0.009928 | w_AVO=1.000 | w_P3=2.679 | lambda_MMD=0.300
2025-09-28 17:40:32 - Epoch Summary: TrainLoss=1.2507 | TrainAcc=0.638 | Val(P3)=0.629 | Val(AVO)=0.655
2025-09-28 17:40:32 - No P3-val improvement; patience remaining: 13/20
2025-09-28 17:40:32 - Epoch 29/500 | LR=0.009923 | w_AVO=1.000 | w_P3=2.679 | lambda_MMD=0.300
2025-09-28 17:40:32 - Epoch Summary: TrainLoss=1.2734 | TrainAcc=0.649 | Val(P3)=0.714 | Val(AVO)=0.671
2025-09-28 17:40:32 - No P3-val improvement; patience remaining: 12/20
2025-09-28 17:40:32 - Epoch 30/500 | LR=0.009917 | w_AVO=1.000 | w_P3=2.679 | lambda_MMD=0.300
2025-09-28 17:40:33 - Epoch Summary: TrainLoss=1.2481 | TrainAcc=0.643 | Val(P3)=0.686 | Val(AVO)=0.645
2025-09-28 17:40:33 - No P3-val improvement; patience remaining: 11/20
2025-09-28 17:40:33 - Epoch 31/500 | LR=0.009911 | w_AVO=1.000 | w_P3=2.679 | lambda_MMD=0.300
2025-09-28 17:40:33 - Epoch Summary: TrainLoss=1.2661 | TrainAcc=0.651 | Val(P3)=0.686 | Val(AVO)=0.681
2025-09-28 17:40:33 - No P3-val improvement; patience remaining: 10/20
2025-09-28 17:40:33 - Epoch 32/500 | LR=0.009905 | w_AVO=1.000 | w_P3=2.679 | lambda_MMD=0.300
2025-09-28 17:40:34 - Epoch Summary: TrainLoss=1.2292 | TrainAcc=0.650 | Val(P3)=0.657 | Val(AVO)=0.629
2025-09-28 17:40:34 - No P3-val improvement; patience remaining: 9/20
2025-09-28 17:40:34 - Epoch 33/500 | LR=0.009899 | w_AVO=1.000 | w_P3=2.679 | lambda_MMD=0.300
2025-09-28 17:40:34 - Epoch Summary: TrainLoss=1.2656 | TrainAcc=0.629 | Val(P3)=0.714 | Val(AVO)=0.639
2025-09-28 17:40:34 - No P3-val improvement; patience remaining: 8/20
2025-09-28 17:40:34 - Epoch 34/500 | LR=0.009893 | w_AVO=1.000 | w_P3=2.679 | lambda_MMD=0.300
2025-09-28 17:40:34 - Epoch Summary: TrainLoss=1.2371 | TrainAcc=0.642 | Val(P3)=0.629 | Val(AVO)=0.619
2025-09-28 17:40:34 - No P3-val improvement; patience remaining: 7/20
2025-09-28 17:40:34 - Epoch 35/500 | LR=0.009886 | w_AVO=1.000 | w_P3=2.679 | lambda_MMD=0.300
2025-09-28 17:40:35 - Epoch Summary: TrainLoss=1.2841 | TrainAcc=0.653 | Val(P3)=0.714 | Val(AVO)=0.677
2025-09-28 17:40:35 - No P3-val improvement; patience remaining: 6/20
2025-09-28 17:40:35 - Epoch 36/500 | LR=0.009880 | w_AVO=1.000 | w_P3=2.679 | lambda_MMD=0.300
2025-09-28 17:40:35 - Epoch Summary: TrainLoss=1.2513 | TrainAcc=0.643 | Val(P3)=0.686 | Val(AVO)=0.623
2025-09-28 17:40:35 - No P3-val improvement; patience remaining: 5/20
2025-09-28 17:40:35 - Epoch 37/500 | LR=0.009873 | w_AVO=1.000 | w_P3=2.679 | lambda_MMD=0.300
2025-09-28 17:40:35 - Epoch Summary: TrainLoss=1.2399 | TrainAcc=0.638 | Val(P3)=0.686 | Val(AVO)=0.681
2025-09-28 17:40:35 - No P3-val improvement; patience remaining: 4/20
2025-09-28 17:40:35 - Epoch 38/500 | LR=0.009865 | w_AVO=1.000 | w_P3=2.679 | lambda_MMD=0.300
2025-09-28 17:40:36 - Epoch Summary: TrainLoss=1.1801 | TrainAcc=0.658 | Val(P3)=0.686 | Val(AVO)=0.665
2025-09-28 17:40:36 - No P3-val improvement; patience remaining: 3/20
2025-09-28 17:40:36 - Epoch 39/500 | LR=0.009858 | w_AVO=1.000 | w_P3=2.679 | lambda_MMD=0.300
2025-09-28 17:40:36 - Epoch Summary: TrainLoss=1.1896 | TrainAcc=0.636 | Val(P3)=0.600 | Val(AVO)=0.632
2025-09-28 17:40:36 - No P3-val improvement; patience remaining: 2/20
2025-09-28 17:40:36 - AVO val decreasing 3x. Reducing lambda_MMD to 0.210
2025-09-28 17:40:36 - Epoch 40/500 | LR=0.009851 | w_AVO=1.000 | w_P3=2.679 | lambda_MMD=0.210
2025-09-28 17:40:36 - Epoch Summary: TrainLoss=1.2103 | TrainAcc=0.641 | Val(P3)=0.600 | Val(AVO)=0.613
2025-09-28 17:40:36 - No P3-val improvement; patience remaining: 1/20
2025-09-28 17:40:36 - AVO val decreasing 3x. Reducing lambda_MMD to 0.210
2025-09-28 17:40:36 - Epoch 41/500 | LR=0.009843 | w_AVO=1.000 | w_P3=2.679 | lambda_MMD=0.210
2025-09-28 17:40:37 - Epoch Summary: TrainLoss=1.1807 | TrainAcc=0.644 | Val(P3)=0.629 | Val(AVO)=0.590
2025-09-28 17:40:37 - No P3-val improvement; patience remaining: 0/20
2025-09-28 17:40:37 - Early stopping triggered (P3-val)
2025-09-28 17:40:37 -     P3 Test | Acc=0.5857 P=0.6061 R=0.5556 F1=0.5797 AUC=0.5417 (n=70)
2025-09-28 17:40:37 -     AVO Test | Acc=0.6145 P=0.5714 R=0.9061 F1=0.7009 AUC=0.7133 (n=620)
2025-09-28 17:40:37 -     Overall Test Acc=0.6116
2025-09-28 17:40:37 -   Fold 4/5
2025-09-28 17:40:37 - Fold domains: small=P3 (n=292), large=AVO (n=2122)
2025-09-28 17:40:37 - Auto adjustments (symmetric): w_small≈1.000, lambda_MMD_target=0.300, warmup_epochs=5
2025-09-28 17:40:37 - Epoch 1/500 | LR=0.010000 | w_AVO=1.000 | w_P3=1.339 | lambda_MMD=0.060
2025-09-28 17:40:37 - Epoch Summary: TrainLoss=1.7840 | TrainAcc=0.566 | Val(P3)=0.611 | Val(AVO)=0.570
2025-09-28 17:40:37 - New best P3-val; checkpoint updated
2025-09-28 17:40:37 - Epoch 2/500 | LR=0.010000 | w_AVO=1.000 | w_P3=1.678 | lambda_MMD=0.120
2025-09-28 17:40:38 - Epoch Summary: TrainLoss=1.6822 | TrainAcc=0.593 | Val(P3)=0.611 | Val(AVO)=0.573
2025-09-28 17:40:38 - No P3-val improvement; patience remaining: 19/20
2025-09-28 17:40:38 - Epoch 3/500 | LR=0.010000 | w_AVO=1.000 | w_P3=2.017 | lambda_MMD=0.180
2025-09-28 17:40:38 - Epoch Summary: TrainLoss=1.7878 | TrainAcc=0.604 | Val(P3)=0.639 | Val(AVO)=0.579
2025-09-28 17:40:38 - New best P3-val; checkpoint updated
2025-09-28 17:40:38 - Epoch 4/500 | LR=0.009999 | w_AVO=1.000 | w_P3=2.357 | lambda_MMD=0.240
2025-09-28 17:40:39 - Epoch Summary: TrainLoss=1.8419 | TrainAcc=0.624 | Val(P3)=0.694 | Val(AVO)=0.586
2025-09-28 17:40:39 - New best P3-val; checkpoint updated
2025-09-28 17:40:39 - Epoch 5/500 | LR=0.009998 | w_AVO=1.000 | w_P3=2.696 | lambda_MMD=0.300
2025-09-28 17:40:39 - Epoch Summary: TrainLoss=1.8887 | TrainAcc=0.612 | Val(P3)=0.611 | Val(AVO)=0.631
2025-09-28 17:40:39 - No P3-val improvement; patience remaining: 19/20
2025-09-28 17:40:39 - Epoch 6/500 | LR=0.009998 | w_AVO=1.000 | w_P3=2.696 | lambda_MMD=0.300
2025-09-28 17:40:39 - Epoch Summary: TrainLoss=1.7954 | TrainAcc=0.623 | Val(P3)=0.611 | Val(AVO)=0.641
2025-09-28 17:40:39 - No P3-val improvement; patience remaining: 18/20
2025-09-28 17:40:39 - Epoch 7/500 | LR=0.009996 | w_AVO=1.000 | w_P3=2.696 | lambda_MMD=0.300
2025-09-28 17:40:40 - Epoch Summary: TrainLoss=1.7118 | TrainAcc=0.610 | Val(P3)=0.611 | Val(AVO)=0.612
2025-09-28 17:40:40 - No P3-val improvement; patience remaining: 17/20
2025-09-28 17:40:40 - Epoch 8/500 | LR=0.009995 | w_AVO=1.000 | w_P3=2.696 | lambda_MMD=0.300
2025-09-28 17:40:40 - Epoch Summary: TrainLoss=1.6433 | TrainAcc=0.615 | Val(P3)=0.583 | Val(AVO)=0.560
2025-09-28 17:40:40 - No P3-val improvement; patience remaining: 16/20
2025-09-28 17:40:40 - AVO val decreasing 3x. Reducing lambda_MMD to 0.210
2025-09-28 17:40:40 - Epoch 9/500 | LR=0.009994 | w_AVO=1.000 | w_P3=2.696 | lambda_MMD=0.210
2025-09-28 17:40:41 - Epoch Summary: TrainLoss=1.6650 | TrainAcc=0.615 | Val(P3)=0.694 | Val(AVO)=0.608
2025-09-28 17:40:41 - No P3-val improvement; patience remaining: 15/20
2025-09-28 17:40:41 - Epoch 10/500 | LR=0.009992 | w_AVO=1.000 | w_P3=2.696 | lambda_MMD=0.300
2025-09-28 17:40:41 - Epoch Summary: TrainLoss=1.5312 | TrainAcc=0.617 | Val(P3)=0.639 | Val(AVO)=0.638
2025-09-28 17:40:41 - No P3-val improvement; patience remaining: 14/20
2025-09-28 17:40:41 - Epoch 11/500 | LR=0.009990 | w_AVO=1.000 | w_P3=2.696 | lambda_MMD=0.300
2025-09-28 17:40:41 - Epoch Summary: TrainLoss=1.5501 | TrainAcc=0.620 | Val(P3)=0.667 | Val(AVO)=0.628
2025-09-28 17:40:41 - No P3-val improvement; patience remaining: 13/20
2025-09-28 17:40:41 - Epoch 12/500 | LR=0.009988 | w_AVO=1.000 | w_P3=2.696 | lambda_MMD=0.300
2025-09-28 17:40:42 - Epoch Summary: TrainLoss=1.5932 | TrainAcc=0.617 | Val(P3)=0.639 | Val(AVO)=0.608
2025-09-28 17:40:42 - No P3-val improvement; patience remaining: 12/20
2025-09-28 17:40:42 - AVO val decreasing 3x. Reducing lambda_MMD to 0.210
2025-09-28 17:40:42 - Epoch 13/500 | LR=0.009986 | w_AVO=1.000 | w_P3=2.696 | lambda_MMD=0.210
2025-09-28 17:40:42 - Epoch Summary: TrainLoss=1.5307 | TrainAcc=0.625 | Val(P3)=0.583 | Val(AVO)=0.602
2025-09-28 17:40:42 - No P3-val improvement; patience remaining: 11/20
2025-09-28 17:40:42 - P3 val decreasing 3x. Reducing w_small to 2.157, lambda_MMD to 0.150
2025-09-28 17:40:42 - AVO val decreasing 3x. Reducing lambda_MMD to 0.105
2025-09-28 17:40:42 - Epoch 14/500 | LR=0.009983 | w_AVO=1.000 | w_P3=2.157 | lambda_MMD=0.105
2025-09-28 17:40:42 - Epoch Summary: TrainLoss=1.3180 | TrainAcc=0.631 | Val(P3)=0.583 | Val(AVO)=0.647
2025-09-28 17:40:42 - No P3-val improvement; patience remaining: 10/20
2025-09-28 17:40:42 - Epoch 15/500 | LR=0.009981 | w_AVO=1.000 | w_P3=2.696 | lambda_MMD=0.300
2025-09-28 17:40:42 - Epoch Summary: TrainLoss=1.4769 | TrainAcc=0.624 | Val(P3)=0.611 | Val(AVO)=0.618
2025-09-28 17:40:42 - No P3-val improvement; patience remaining: 9/20
2025-09-28 17:40:42 - Epoch 16/500 | LR=0.009978 | w_AVO=1.000 | w_P3=2.696 | lambda_MMD=0.300
2025-09-28 17:40:43 - Epoch Summary: TrainLoss=1.4972 | TrainAcc=0.621 | Val(P3)=0.639 | Val(AVO)=0.654
2025-09-28 17:40:43 - No P3-val improvement; patience remaining: 8/20
2025-09-28 17:40:43 - Epoch 17/500 | LR=0.009975 | w_AVO=1.000 | w_P3=2.696 | lambda_MMD=0.300
2025-09-28 17:40:43 - Epoch Summary: TrainLoss=1.4450 | TrainAcc=0.627 | Val(P3)=0.583 | Val(AVO)=0.592
2025-09-28 17:40:43 - No P3-val improvement; patience remaining: 7/20
2025-09-28 17:40:43 - Epoch 18/500 | LR=0.009972 | w_AVO=1.000 | w_P3=2.696 | lambda_MMD=0.300
2025-09-28 17:40:44 - Epoch Summary: TrainLoss=1.3852 | TrainAcc=0.630 | Val(P3)=0.639 | Val(AVO)=0.573
2025-09-28 17:40:44 - No P3-val improvement; patience remaining: 6/20
2025-09-28 17:40:44 - AVO val decreasing 3x. Reducing lambda_MMD to 0.210
2025-09-28 17:40:44 - Epoch 19/500 | LR=0.009968 | w_AVO=1.000 | w_P3=2.696 | lambda_MMD=0.210
2025-09-28 17:40:44 - Epoch Summary: TrainLoss=1.4558 | TrainAcc=0.629 | Val(P3)=0.611 | Val(AVO)=0.586
2025-09-28 17:40:44 - No P3-val improvement; patience remaining: 5/20
2025-09-28 17:40:44 - Epoch 20/500 | LR=0.009964 | w_AVO=1.000 | w_P3=2.696 | lambda_MMD=0.300
2025-09-28 17:40:44 - Epoch Summary: TrainLoss=1.4269 | TrainAcc=0.623 | Val(P3)=0.667 | Val(AVO)=0.563
2025-09-28 17:40:44 - No P3-val improvement; patience remaining: 4/20
2025-09-28 17:40:44 - Epoch 21/500 | LR=0.009961 | w_AVO=1.000 | w_P3=2.696 | lambda_MMD=0.300
2025-09-28 17:40:45 - Epoch Summary: TrainLoss=1.3971 | TrainAcc=0.636 | Val(P3)=0.583 | Val(AVO)=0.583
2025-09-28 17:40:45 - No P3-val improvement; patience remaining: 3/20
2025-09-28 17:40:45 - Epoch 22/500 | LR=0.009957 | w_AVO=1.000 | w_P3=2.696 | lambda_MMD=0.300
2025-09-28 17:40:45 - Epoch Summary: TrainLoss=1.4295 | TrainAcc=0.617 | Val(P3)=0.611 | Val(AVO)=0.553
2025-09-28 17:40:45 - No P3-val improvement; patience remaining: 2/20
2025-09-28 17:40:45 - Epoch 23/500 | LR=0.009952 | w_AVO=1.000 | w_P3=2.696 | lambda_MMD=0.300
2025-09-28 17:40:46 - Epoch Summary: TrainLoss=1.3685 | TrainAcc=0.626 | Val(P3)=0.639 | Val(AVO)=0.583
2025-09-28 17:40:46 - No P3-val improvement; patience remaining: 1/20
2025-09-28 17:40:46 - Epoch 24/500 | LR=0.009948 | w_AVO=1.000 | w_P3=2.696 | lambda_MMD=0.300
2025-09-28 17:40:46 - Epoch Summary: TrainLoss=1.3913 | TrainAcc=0.636 | Val(P3)=0.611 | Val(AVO)=0.608
2025-09-28 17:40:46 - No P3-val improvement; patience remaining: 0/20
2025-09-28 17:40:46 - Early stopping triggered (P3-val)
2025-09-28 17:40:46 -     P3 Test | Acc=0.5139 P=0.5476 R=0.5897 F1=0.5679 AUC=0.5284 (n=72)
2025-09-28 17:40:46 -     AVO Test | Acc=0.6110 P=0.6946 R=0.3803 F1=0.4915 AUC=0.6944 (n=617)
2025-09-28 17:40:46 -     Overall Test Acc=0.6009
2025-09-28 17:40:46 -   Fold 5/5
2025-09-28 17:40:46 - Fold domains: small=P3 (n=280), large=AVO (n=2134)
2025-09-28 17:40:46 - Auto adjustments (symmetric): w_small≈1.000, lambda_MMD_target=0.300, warmup_epochs=5
2025-09-28 17:40:46 - Epoch 1/500 | LR=0.010000 | w_AVO=1.000 | w_P3=1.352 | lambda_MMD=0.060
2025-09-28 17:40:46 - Epoch Summary: TrainLoss=1.7405 | TrainAcc=0.557 | Val(P3)=0.529 | Val(AVO)=0.582
2025-09-28 17:40:46 - New best P3-val; checkpoint updated
2025-09-28 17:40:46 - Epoch 2/500 | LR=0.010000 | w_AVO=1.000 | w_P3=1.704 | lambda_MMD=0.120
2025-09-28 17:40:47 - Epoch Summary: TrainLoss=1.6132 | TrainAcc=0.577 | Val(P3)=0.559 | Val(AVO)=0.617
2025-09-28 17:40:47 - New best P3-val; checkpoint updated
2025-09-28 17:40:47 - Epoch 3/500 | LR=0.010000 | w_AVO=1.000 | w_P3=2.056 | lambda_MMD=0.180
2025-09-28 17:40:47 - Epoch Summary: TrainLoss=1.6748 | TrainAcc=0.606 | Val(P3)=0.500 | Val(AVO)=0.601
2025-09-28 17:40:47 - No P3-val improvement; patience remaining: 19/20
2025-09-28 17:40:47 - Epoch 4/500 | LR=0.009999 | w_AVO=1.000 | w_P3=2.409 | lambda_MMD=0.240
2025-09-28 17:40:47 - Epoch Summary: TrainLoss=1.7343 | TrainAcc=0.625 | Val(P3)=0.529 | Val(AVO)=0.569
2025-09-28 17:40:47 - No P3-val improvement; patience remaining: 18/20
2025-09-28 17:40:47 - AVO val decreasing 3x. Reducing lambda_MMD to 0.210
2025-09-28 17:40:47 - Epoch 5/500 | LR=0.009998 | w_AVO=1.000 | w_P3=2.761 | lambda_MMD=0.210
2025-09-28 17:40:48 - Epoch Summary: TrainLoss=1.7335 | TrainAcc=0.621 | Val(P3)=0.471 | Val(AVO)=0.592
2025-09-28 17:40:48 - No P3-val improvement; patience remaining: 17/20
2025-09-28 17:40:48 - Epoch 6/500 | LR=0.009998 | w_AVO=1.000 | w_P3=2.761 | lambda_MMD=0.300
2025-09-28 17:40:48 - Epoch Summary: TrainLoss=1.6924 | TrainAcc=0.627 | Val(P3)=0.529 | Val(AVO)=0.592
2025-09-28 17:40:48 - No P3-val improvement; patience remaining: 16/20
2025-09-28 17:40:48 - Epoch 7/500 | LR=0.009996 | w_AVO=1.000 | w_P3=2.761 | lambda_MMD=0.300
2025-09-28 17:40:49 - Epoch Summary: TrainLoss=1.5943 | TrainAcc=0.622 | Val(P3)=0.500 | Val(AVO)=0.598
2025-09-28 17:40:49 - No P3-val improvement; patience remaining: 15/20
2025-09-28 17:40:49 - Epoch 8/500 | LR=0.009995 | w_AVO=1.000 | w_P3=2.761 | lambda_MMD=0.300
2025-09-28 17:40:49 - Epoch Summary: TrainLoss=1.6042 | TrainAcc=0.626 | Val(P3)=0.441 | Val(AVO)=0.598
2025-09-28 17:40:49 - No P3-val improvement; patience remaining: 14/20
2025-09-28 17:40:49 - P3 val decreasing 3x. Reducing w_small to 2.209, lambda_MMD to 0.150
2025-09-28 17:40:49 - Epoch 9/500 | LR=0.009994 | w_AVO=1.000 | w_P3=2.209 | lambda_MMD=0.150
2025-09-28 17:40:49 - Epoch Summary: TrainLoss=1.3347 | TrainAcc=0.636 | Val(P3)=0.529 | Val(AVO)=0.595
2025-09-28 17:40:49 - No P3-val improvement; patience remaining: 13/20
2025-09-28 17:40:49 - Epoch 10/500 | LR=0.009992 | w_AVO=1.000 | w_P3=2.761 | lambda_MMD=0.300
2025-09-28 17:40:50 - Epoch Summary: TrainLoss=1.4874 | TrainAcc=0.627 | Val(P3)=0.529 | Val(AVO)=0.605
2025-09-28 17:40:50 - No P3-val improvement; patience remaining: 12/20
2025-09-28 17:40:50 - Epoch 11/500 | LR=0.009990 | w_AVO=1.000 | w_P3=2.761 | lambda_MMD=0.300
2025-09-28 17:40:50 - Epoch Summary: TrainLoss=1.5201 | TrainAcc=0.618 | Val(P3)=0.441 | Val(AVO)=0.592
2025-09-28 17:40:50 - No P3-val improvement; patience remaining: 11/20
2025-09-28 17:40:50 - Epoch 12/500 | LR=0.009988 | w_AVO=1.000 | w_P3=2.761 | lambda_MMD=0.300
2025-09-28 17:40:50 - Epoch Summary: TrainLoss=1.4303 | TrainAcc=0.638 | Val(P3)=0.500 | Val(AVO)=0.576
2025-09-28 17:40:50 - No P3-val improvement; patience remaining: 10/20
2025-09-28 17:40:50 - AVO val decreasing 3x. Reducing lambda_MMD to 0.210
2025-09-28 17:40:50 - Epoch 13/500 | LR=0.009986 | w_AVO=1.000 | w_P3=2.761 | lambda_MMD=0.210
2025-09-28 17:40:51 - Epoch Summary: TrainLoss=1.4269 | TrainAcc=0.628 | Val(P3)=0.471 | Val(AVO)=0.601
2025-09-28 17:40:51 - No P3-val improvement; patience remaining: 9/20
2025-09-28 17:40:51 - Epoch 14/500 | LR=0.009983 | w_AVO=1.000 | w_P3=2.761 | lambda_MMD=0.300
2025-09-28 17:40:51 - Epoch Summary: TrainLoss=1.4306 | TrainAcc=0.633 | Val(P3)=0.500 | Val(AVO)=0.579
2025-09-28 17:40:51 - No P3-val improvement; patience remaining: 8/20
2025-09-28 17:40:51 - Epoch 15/500 | LR=0.009981 | w_AVO=1.000 | w_P3=2.761 | lambda_MMD=0.300
2025-09-28 17:40:52 - Epoch Summary: TrainLoss=1.4043 | TrainAcc=0.642 | Val(P3)=0.500 | Val(AVO)=0.611
2025-09-28 17:40:52 - No P3-val improvement; patience remaining: 7/20
2025-09-28 17:40:52 - Epoch 16/500 | LR=0.009978 | w_AVO=1.000 | w_P3=2.761 | lambda_MMD=0.300
2025-09-28 17:40:52 - Epoch Summary: TrainLoss=1.4098 | TrainAcc=0.631 | Val(P3)=0.529 | Val(AVO)=0.598
2025-09-28 17:40:52 - No P3-val improvement; patience remaining: 6/20
2025-09-28 17:40:52 - Epoch 17/500 | LR=0.009975 | w_AVO=1.000 | w_P3=2.761 | lambda_MMD=0.300
2025-09-28 17:40:52 - Epoch Summary: TrainLoss=1.3703 | TrainAcc=0.638 | Val(P3)=0.471 | Val(AVO)=0.611
2025-09-28 17:40:52 - No P3-val improvement; patience remaining: 5/20
2025-09-28 17:40:52 - Epoch 18/500 | LR=0.009972 | w_AVO=1.000 | w_P3=2.761 | lambda_MMD=0.300
2025-09-28 17:40:53 - Epoch Summary: TrainLoss=1.3281 | TrainAcc=0.641 | Val(P3)=0.412 | Val(AVO)=0.585
2025-09-28 17:40:53 - No P3-val improvement; patience remaining: 4/20
2025-09-28 17:40:53 - P3 val decreasing 3x. Reducing w_small to 2.209, lambda_MMD to 0.150
2025-09-28 17:40:53 - Epoch 19/500 | LR=0.009968 | w_AVO=1.000 | w_P3=2.209 | lambda_MMD=0.150
2025-09-28 17:40:53 - Epoch Summary: TrainLoss=1.2109 | TrainAcc=0.620 | Val(P3)=0.471 | Val(AVO)=0.588
2025-09-28 17:40:53 - No P3-val improvement; patience remaining: 3/20
2025-09-28 17:40:53 - Epoch 20/500 | LR=0.009964 | w_AVO=1.000 | w_P3=2.761 | lambda_MMD=0.300
2025-09-28 17:40:54 - Epoch Summary: TrainLoss=1.3415 | TrainAcc=0.630 | Val(P3)=0.441 | Val(AVO)=0.601
2025-09-28 17:40:54 - No P3-val improvement; patience remaining: 2/20
2025-09-28 17:40:54 - Epoch 21/500 | LR=0.009961 | w_AVO=1.000 | w_P3=2.761 | lambda_MMD=0.300
2025-09-28 17:40:54 - Epoch Summary: TrainLoss=1.3115 | TrainAcc=0.627 | Val(P3)=0.500 | Val(AVO)=0.598
2025-09-28 17:40:54 - No P3-val improvement; patience remaining: 1/20
2025-09-28 17:40:54 - Epoch 22/500 | LR=0.009957 | w_AVO=1.000 | w_P3=2.761 | lambda_MMD=0.300
2025-09-28 17:40:54 - Epoch Summary: TrainLoss=1.3264 | TrainAcc=0.640 | Val(P3)=0.471 | Val(AVO)=0.624
2025-09-28 17:40:54 - No P3-val improvement; patience remaining: 0/20
2025-09-28 17:40:54 - Early stopping triggered (P3-val)
2025-09-28 17:40:54 -     P3 Test | Acc=0.6395 P=0.5806 R=0.5000 F1=0.5373 AUC=0.6650 (n=86)
2025-09-28 17:40:54 -     AVO Test | Acc=0.6136 P=0.7021 R=0.4272 F1=0.5312 AUC=0.6889 (n=603)
2025-09-28 17:40:54 -     Overall Test Acc=0.6168
2025-09-28 17:40:54 - Repeat 5/5
2025-09-28 17:40:54 -   Fold 1/5
2025-09-28 17:40:54 - Fold domains: small=P3 (n=280), large=AVO (n=2133)
2025-09-28 17:40:54 - Auto adjustments (symmetric): w_small≈1.000, lambda_MMD_target=0.300, warmup_epochs=5
2025-09-28 17:40:54 - Epoch 1/500 | LR=0.010000 | w_AVO=1.000 | w_P3=1.352 | lambda_MMD=0.060
2025-09-28 17:40:55 - Epoch Summary: TrainLoss=1.7338 | TrainAcc=0.566 | Val(P3)=0.515 | Val(AVO)=0.567
2025-09-28 17:40:55 - New best P3-val; checkpoint updated
2025-09-28 17:40:55 - Epoch 2/500 | LR=0.010000 | w_AVO=1.000 | w_P3=1.704 | lambda_MMD=0.120
2025-09-28 17:40:55 - Epoch Summary: TrainLoss=1.6341 | TrainAcc=0.599 | Val(P3)=0.576 | Val(AVO)=0.574
2025-09-28 17:40:55 - New best P3-val; checkpoint updated
2025-09-28 17:40:55 - Epoch 3/500 | LR=0.010000 | w_AVO=1.000 | w_P3=2.056 | lambda_MMD=0.180
2025-09-28 17:40:55 - Epoch Summary: TrainLoss=1.6847 | TrainAcc=0.605 | Val(P3)=0.606 | Val(AVO)=0.596
2025-09-28 17:40:55 - New best P3-val; checkpoint updated
2025-09-28 17:40:55 - Epoch 4/500 | LR=0.009999 | w_AVO=1.000 | w_P3=2.408 | lambda_MMD=0.240
2025-09-28 17:40:56 - Epoch Summary: TrainLoss=1.7744 | TrainAcc=0.622 | Val(P3)=0.515 | Val(AVO)=0.596
2025-09-28 17:40:56 - No P3-val improvement; patience remaining: 19/20
2025-09-28 17:40:56 - Epoch 5/500 | LR=0.009998 | w_AVO=1.000 | w_P3=2.760 | lambda_MMD=0.300
2025-09-28 17:40:56 - Epoch Summary: TrainLoss=1.8203 | TrainAcc=0.611 | Val(P3)=0.545 | Val(AVO)=0.551
2025-09-28 17:40:56 - No P3-val improvement; patience remaining: 18/20
2025-09-28 17:40:56 - Epoch 6/500 | LR=0.009998 | w_AVO=1.000 | w_P3=2.760 | lambda_MMD=0.300
2025-09-28 17:40:57 - Epoch Summary: TrainLoss=1.7711 | TrainAcc=0.608 | Val(P3)=0.545 | Val(AVO)=0.583
2025-09-28 17:40:57 - No P3-val improvement; patience remaining: 17/20
2025-09-28 17:40:57 - Epoch 7/500 | LR=0.009996 | w_AVO=1.000 | w_P3=2.760 | lambda_MMD=0.300
2025-09-28 17:40:57 - Epoch Summary: TrainLoss=1.6956 | TrainAcc=0.613 | Val(P3)=0.576 | Val(AVO)=0.603
2025-09-28 17:40:57 - No P3-val improvement; patience remaining: 16/20
2025-09-28 17:40:57 - Epoch 8/500 | LR=0.009995 | w_AVO=1.000 | w_P3=2.760 | lambda_MMD=0.300
2025-09-28 17:40:57 - Epoch Summary: TrainLoss=1.6449 | TrainAcc=0.605 | Val(P3)=0.576 | Val(AVO)=0.583
2025-09-28 17:40:57 - No P3-val improvement; patience remaining: 15/20
2025-09-28 17:40:57 - Epoch 9/500 | LR=0.009994 | w_AVO=1.000 | w_P3=2.760 | lambda_MMD=0.300
2025-09-28 17:40:58 - Epoch Summary: TrainLoss=1.5797 | TrainAcc=0.615 | Val(P3)=0.576 | Val(AVO)=0.612
2025-09-28 17:40:58 - No P3-val improvement; patience remaining: 14/20
2025-09-28 17:40:58 - Epoch 10/500 | LR=0.009992 | w_AVO=1.000 | w_P3=2.760 | lambda_MMD=0.300
2025-09-28 17:40:58 - Epoch Summary: TrainLoss=1.5765 | TrainAcc=0.619 | Val(P3)=0.606 | Val(AVO)=0.599
2025-09-28 17:40:58 - No P3-val improvement; patience remaining: 13/20
2025-09-28 17:40:58 - Epoch 11/500 | LR=0.009990 | w_AVO=1.000 | w_P3=2.760 | lambda_MMD=0.300
2025-09-28 17:40:59 - Epoch Summary: TrainLoss=1.4875 | TrainAcc=0.617 | Val(P3)=0.515 | Val(AVO)=0.603
2025-09-28 17:40:59 - No P3-val improvement; patience remaining: 12/20
2025-09-28 17:40:59 - Epoch 12/500 | LR=0.009988 | w_AVO=1.000 | w_P3=2.760 | lambda_MMD=0.300
2025-09-28 17:40:59 - Epoch Summary: TrainLoss=1.5063 | TrainAcc=0.628 | Val(P3)=0.545 | Val(AVO)=0.583
2025-09-28 17:40:59 - No P3-val improvement; patience remaining: 11/20
2025-09-28 17:40:59 - Epoch 13/500 | LR=0.009986 | w_AVO=1.000 | w_P3=2.760 | lambda_MMD=0.300
2025-09-28 17:40:59 - Epoch Summary: TrainLoss=1.4599 | TrainAcc=0.622 | Val(P3)=0.636 | Val(AVO)=0.603
2025-09-28 17:40:59 - New best P3-val; checkpoint updated
2025-09-28 17:40:59 - Epoch 14/500 | LR=0.009983 | w_AVO=1.000 | w_P3=2.760 | lambda_MMD=0.300
2025-09-28 17:41:00 - Epoch Summary: TrainLoss=1.4350 | TrainAcc=0.622 | Val(P3)=0.455 | Val(AVO)=0.599
2025-09-28 17:41:00 - No P3-val improvement; patience remaining: 19/20
2025-09-28 17:41:00 - Epoch 15/500 | LR=0.009981 | w_AVO=1.000 | w_P3=2.760 | lambda_MMD=0.300
2025-09-28 17:41:00 - Epoch Summary: TrainLoss=1.4122 | TrainAcc=0.639 | Val(P3)=0.576 | Val(AVO)=0.583
2025-09-28 17:41:00 - No P3-val improvement; patience remaining: 18/20
2025-09-28 17:41:00 - AVO val decreasing 3x. Reducing lambda_MMD to 0.210
2025-09-28 17:41:00 - Epoch 16/500 | LR=0.009978 | w_AVO=1.000 | w_P3=2.760 | lambda_MMD=0.210
2025-09-28 17:41:01 - Epoch Summary: TrainLoss=1.4444 | TrainAcc=0.629 | Val(P3)=0.485 | Val(AVO)=0.593
2025-09-28 17:41:01 - No P3-val improvement; patience remaining: 17/20
2025-09-28 17:41:01 - Epoch 17/500 | LR=0.009975 | w_AVO=1.000 | w_P3=2.760 | lambda_MMD=0.300
2025-09-28 17:41:01 - Epoch Summary: TrainLoss=1.4120 | TrainAcc=0.639 | Val(P3)=0.515 | Val(AVO)=0.603
2025-09-28 17:41:01 - No P3-val improvement; patience remaining: 16/20
2025-09-28 17:41:01 - Epoch 18/500 | LR=0.009972 | w_AVO=1.000 | w_P3=2.760 | lambda_MMD=0.300
2025-09-28 17:41:01 - Epoch Summary: TrainLoss=1.3408 | TrainAcc=0.635 | Val(P3)=0.424 | Val(AVO)=0.619
2025-09-28 17:41:01 - No P3-val improvement; patience remaining: 15/20
2025-09-28 17:41:01 - Epoch 19/500 | LR=0.009968 | w_AVO=1.000 | w_P3=2.760 | lambda_MMD=0.300
2025-09-28 17:41:02 - Epoch Summary: TrainLoss=1.3515 | TrainAcc=0.646 | Val(P3)=0.515 | Val(AVO)=0.612
2025-09-28 17:41:02 - No P3-val improvement; patience remaining: 14/20
2025-09-28 17:41:02 - Epoch 20/500 | LR=0.009964 | w_AVO=1.000 | w_P3=2.760 | lambda_MMD=0.300
2025-09-28 17:41:02 - Epoch Summary: TrainLoss=1.3361 | TrainAcc=0.632 | Val(P3)=0.485 | Val(AVO)=0.625
2025-09-28 17:41:02 - No P3-val improvement; patience remaining: 13/20
2025-09-28 17:41:02 - Epoch 21/500 | LR=0.009961 | w_AVO=1.000 | w_P3=2.760 | lambda_MMD=0.300
2025-09-28 17:41:03 - Epoch Summary: TrainLoss=1.3421 | TrainAcc=0.635 | Val(P3)=0.485 | Val(AVO)=0.609
2025-09-28 17:41:03 - No P3-val improvement; patience remaining: 12/20
2025-09-28 17:41:03 - Epoch 22/500 | LR=0.009957 | w_AVO=1.000 | w_P3=2.760 | lambda_MMD=0.300
2025-09-28 17:41:03 - Epoch Summary: TrainLoss=1.2990 | TrainAcc=0.641 | Val(P3)=0.515 | Val(AVO)=0.606
2025-09-28 17:41:03 - No P3-val improvement; patience remaining: 11/20
2025-09-28 17:41:03 - AVO val decreasing 3x. Reducing lambda_MMD to 0.210
2025-09-28 17:41:03 - Epoch 23/500 | LR=0.009952 | w_AVO=1.000 | w_P3=2.760 | lambda_MMD=0.210
2025-09-28 17:41:03 - Epoch Summary: TrainLoss=1.3539 | TrainAcc=0.643 | Val(P3)=0.515 | Val(AVO)=0.612
2025-09-28 17:41:03 - No P3-val improvement; patience remaining: 10/20
2025-09-28 17:41:03 - Epoch 24/500 | LR=0.009948 | w_AVO=1.000 | w_P3=2.760 | lambda_MMD=0.300
2025-09-28 17:41:04 - Epoch Summary: TrainLoss=1.3418 | TrainAcc=0.643 | Val(P3)=0.545 | Val(AVO)=0.612
2025-09-28 17:41:04 - No P3-val improvement; patience remaining: 9/20
2025-09-28 17:41:04 - Epoch 25/500 | LR=0.009943 | w_AVO=1.000 | w_P3=2.760 | lambda_MMD=0.300
2025-09-28 17:41:04 - Epoch Summary: TrainLoss=1.2885 | TrainAcc=0.645 | Val(P3)=0.485 | Val(AVO)=0.593
2025-09-28 17:41:04 - No P3-val improvement; patience remaining: 8/20
2025-09-28 17:41:04 - Epoch 26/500 | LR=0.009938 | w_AVO=1.000 | w_P3=2.760 | lambda_MMD=0.300
2025-09-28 17:41:05 - Epoch Summary: TrainLoss=1.2701 | TrainAcc=0.650 | Val(P3)=0.515 | Val(AVO)=0.641
2025-09-28 17:41:05 - No P3-val improvement; patience remaining: 7/20
2025-09-28 17:41:05 - Epoch 27/500 | LR=0.009933 | w_AVO=1.000 | w_P3=2.760 | lambda_MMD=0.300
2025-09-28 17:41:05 - Epoch Summary: TrainLoss=1.2830 | TrainAcc=0.637 | Val(P3)=0.394 | Val(AVO)=0.631
2025-09-28 17:41:05 - No P3-val improvement; patience remaining: 6/20
2025-09-28 17:41:05 - Epoch 28/500 | LR=0.009928 | w_AVO=1.000 | w_P3=2.760 | lambda_MMD=0.300
2025-09-28 17:41:05 - Epoch Summary: TrainLoss=1.2952 | TrainAcc=0.643 | Val(P3)=0.485 | Val(AVO)=0.622
2025-09-28 17:41:05 - No P3-val improvement; patience remaining: 5/20
2025-09-28 17:41:05 - AVO val decreasing 3x. Reducing lambda_MMD to 0.210
2025-09-28 17:41:05 - Epoch 29/500 | LR=0.009923 | w_AVO=1.000 | w_P3=2.760 | lambda_MMD=0.210
2025-09-28 17:41:06 - Epoch Summary: TrainLoss=1.2491 | TrainAcc=0.654 | Val(P3)=0.545 | Val(AVO)=0.619
2025-09-28 17:41:06 - No P3-val improvement; patience remaining: 4/20
2025-09-28 17:41:06 - AVO val decreasing 3x. Reducing lambda_MMD to 0.210
2025-09-28 17:41:06 - Epoch 30/500 | LR=0.009917 | w_AVO=1.000 | w_P3=2.760 | lambda_MMD=0.210
2025-09-28 17:41:06 - Epoch Summary: TrainLoss=1.2725 | TrainAcc=0.639 | Val(P3)=0.485 | Val(AVO)=0.612
2025-09-28 17:41:06 - No P3-val improvement; patience remaining: 3/20
2025-09-28 17:41:06 - AVO val decreasing 3x. Reducing lambda_MMD to 0.210
2025-09-28 17:41:06 - Epoch 31/500 | LR=0.009911 | w_AVO=1.000 | w_P3=2.760 | lambda_MMD=0.210
2025-09-28 17:41:07 - Epoch Summary: TrainLoss=1.2527 | TrainAcc=0.650 | Val(P3)=0.485 | Val(AVO)=0.603
2025-09-28 17:41:07 - No P3-val improvement; patience remaining: 2/20
2025-09-28 17:41:07 - AVO val decreasing 3x. Reducing lambda_MMD to 0.210
2025-09-28 17:41:07 - Epoch 32/500 | LR=0.009905 | w_AVO=1.000 | w_P3=2.760 | lambda_MMD=0.210
2025-09-28 17:41:07 - Epoch Summary: TrainLoss=1.2251 | TrainAcc=0.636 | Val(P3)=0.606 | Val(AVO)=0.609
2025-09-28 17:41:07 - No P3-val improvement; patience remaining: 1/20
2025-09-28 17:41:07 - Epoch 33/500 | LR=0.009899 | w_AVO=1.000 | w_P3=2.760 | lambda_MMD=0.300
2025-09-28 17:41:07 - Epoch Summary: TrainLoss=1.2586 | TrainAcc=0.635 | Val(P3)=0.576 | Val(AVO)=0.625
2025-09-28 17:41:07 - No P3-val improvement; patience remaining: 0/20
2025-09-28 17:41:07 - Early stopping triggered (P3-val)
2025-09-28 17:41:07 -     P3 Test | Acc=0.6092 P=0.6341 R=0.5778 F1=0.6047 AUC=0.6222 (n=87)
2025-09-28 17:41:07 -     AVO Test | Acc=0.6285 P=0.5927 R=0.8100 F1=0.6845 AUC=0.7076 (n=603)
2025-09-28 17:41:07 -     Overall Test Acc=0.6261
2025-09-28 17:41:07 -   Fold 2/5
2025-09-28 17:41:08 - Fold domains: small=P3 (n=278), large=AVO (n=2135)
2025-09-28 17:41:08 - Auto adjustments (symmetric): w_small≈1.000, lambda_MMD_target=0.300, warmup_epochs=5
2025-09-28 17:41:08 - Epoch 1/500 | LR=0.010000 | w_AVO=1.000 | w_P3=1.354 | lambda_MMD=0.060
2025-09-28 17:41:08 - Epoch Summary: TrainLoss=1.7518 | TrainAcc=0.558 | Val(P3)=0.629 | Val(AVO)=0.603
2025-09-28 17:41:08 - New best P3-val; checkpoint updated
2025-09-28 17:41:08 - Epoch 2/500 | LR=0.010000 | w_AVO=1.000 | w_P3=1.709 | lambda_MMD=0.120
2025-09-28 17:41:08 - Epoch Summary: TrainLoss=1.6420 | TrainAcc=0.609 | Val(P3)=0.571 | Val(AVO)=0.616
2025-09-28 17:41:08 - No P3-val improvement; patience remaining: 19/20
2025-09-28 17:41:08 - Epoch 3/500 | LR=0.010000 | w_AVO=1.000 | w_P3=2.063 | lambda_MMD=0.180
2025-09-28 17:41:09 - Epoch Summary: TrainLoss=1.6773 | TrainAcc=0.605 | Val(P3)=0.600 | Val(AVO)=0.616
2025-09-28 17:41:09 - No P3-val improvement; patience remaining: 18/20
2025-09-28 17:41:09 - Epoch 4/500 | LR=0.009999 | w_AVO=1.000 | w_P3=2.417 | lambda_MMD=0.240
2025-09-28 17:41:09 - Epoch Summary: TrainLoss=1.7611 | TrainAcc=0.608 | Val(P3)=0.543 | Val(AVO)=0.552
2025-09-28 17:41:09 - No P3-val improvement; patience remaining: 17/20
2025-09-28 17:41:09 - Epoch 5/500 | LR=0.009998 | w_AVO=1.000 | w_P3=2.771 | lambda_MMD=0.300
2025-09-28 17:41:09 - Epoch Summary: TrainLoss=1.7927 | TrainAcc=0.603 | Val(P3)=0.571 | Val(AVO)=0.571
2025-09-28 17:41:09 - No P3-val improvement; patience remaining: 16/20
2025-09-28 17:41:09 - Epoch 6/500 | LR=0.009998 | w_AVO=1.000 | w_P3=2.771 | lambda_MMD=0.300
2025-09-28 17:41:10 - Epoch Summary: TrainLoss=1.6902 | TrainAcc=0.610 | Val(P3)=0.629 | Val(AVO)=0.565
2025-09-28 17:41:10 - No P3-val improvement; patience remaining: 15/20
2025-09-28 17:41:10 - Epoch 7/500 | LR=0.009996 | w_AVO=1.000 | w_P3=2.771 | lambda_MMD=0.300
2025-09-28 17:41:10 - Epoch Summary: TrainLoss=1.6233 | TrainAcc=0.603 | Val(P3)=0.571 | Val(AVO)=0.616
2025-09-28 17:41:10 - No P3-val improvement; patience remaining: 14/20
2025-09-28 17:41:10 - Epoch 8/500 | LR=0.009995 | w_AVO=1.000 | w_P3=2.771 | lambda_MMD=0.300
2025-09-28 17:41:11 - Epoch Summary: TrainLoss=1.6174 | TrainAcc=0.608 | Val(P3)=0.543 | Val(AVO)=0.584
2025-09-28 17:41:11 - No P3-val improvement; patience remaining: 13/20
2025-09-28 17:41:11 - P3 val decreasing 3x. Reducing w_small to 2.217, lambda_MMD to 0.150
2025-09-28 17:41:11 - Epoch 9/500 | LR=0.009994 | w_AVO=1.000 | w_P3=2.217 | lambda_MMD=0.150
2025-09-28 17:41:11 - Epoch Summary: TrainLoss=1.3832 | TrainAcc=0.611 | Val(P3)=0.400 | Val(AVO)=0.581
2025-09-28 17:41:11 - No P3-val improvement; patience remaining: 12/20
2025-09-28 17:41:11 - P3 val decreasing 3x. Reducing w_small to 2.217, lambda_MMD to 0.150
2025-09-28 17:41:11 - AVO val decreasing 3x. Reducing lambda_MMD to 0.105
2025-09-28 17:41:11 - Epoch 10/500 | LR=0.009992 | w_AVO=1.000 | w_P3=2.217 | lambda_MMD=0.105
2025-09-28 17:41:11 - Epoch Summary: TrainLoss=1.3575 | TrainAcc=0.635 | Val(P3)=0.543 | Val(AVO)=0.577
2025-09-28 17:41:11 - No P3-val improvement; patience remaining: 11/20
2025-09-28 17:41:11 - AVO val decreasing 3x. Reducing lambda_MMD to 0.210
2025-09-28 17:41:11 - Epoch 11/500 | LR=0.009990 | w_AVO=1.000 | w_P3=2.771 | lambda_MMD=0.210
2025-09-28 17:41:12 - Epoch Summary: TrainLoss=1.4538 | TrainAcc=0.634 | Val(P3)=0.571 | Val(AVO)=0.594
2025-09-28 17:41:12 - No P3-val improvement; patience remaining: 10/20
2025-09-28 17:41:12 - Epoch 12/500 | LR=0.009988 | w_AVO=1.000 | w_P3=2.771 | lambda_MMD=0.300
2025-09-28 17:41:12 - Epoch Summary: TrainLoss=1.4907 | TrainAcc=0.624 | Val(P3)=0.514 | Val(AVO)=0.587
2025-09-28 17:41:12 - No P3-val improvement; patience remaining: 9/20
2025-09-28 17:41:12 - Epoch 13/500 | LR=0.009986 | w_AVO=1.000 | w_P3=2.771 | lambda_MMD=0.300
2025-09-28 17:41:13 - Epoch Summary: TrainLoss=1.4253 | TrainAcc=0.631 | Val(P3)=0.514 | Val(AVO)=0.558
2025-09-28 17:41:13 - No P3-val improvement; patience remaining: 8/20
2025-09-28 17:41:13 - AVO val decreasing 3x. Reducing lambda_MMD to 0.210
2025-09-28 17:41:13 - Epoch 14/500 | LR=0.009983 | w_AVO=1.000 | w_P3=2.771 | lambda_MMD=0.210
2025-09-28 17:41:13 - Epoch Summary: TrainLoss=1.4436 | TrainAcc=0.621 | Val(P3)=0.543 | Val(AVO)=0.581
2025-09-28 17:41:13 - No P3-val improvement; patience remaining: 7/20
2025-09-28 17:41:13 - Epoch 15/500 | LR=0.009981 | w_AVO=1.000 | w_P3=2.771 | lambda_MMD=0.300
2025-09-28 17:41:13 - Epoch Summary: TrainLoss=1.4444 | TrainAcc=0.609 | Val(P3)=0.543 | Val(AVO)=0.600
2025-09-28 17:41:13 - No P3-val improvement; patience remaining: 6/20
2025-09-28 17:41:13 - Epoch 16/500 | LR=0.009978 | w_AVO=1.000 | w_P3=2.771 | lambda_MMD=0.300
2025-09-28 17:41:14 - Epoch Summary: TrainLoss=1.3611 | TrainAcc=0.613 | Val(P3)=0.543 | Val(AVO)=0.610
2025-09-28 17:41:14 - No P3-val improvement; patience remaining: 5/20
2025-09-28 17:41:14 - Epoch 17/500 | LR=0.009975 | w_AVO=1.000 | w_P3=2.771 | lambda_MMD=0.300
2025-09-28 17:41:14 - Epoch Summary: TrainLoss=1.3674 | TrainAcc=0.619 | Val(P3)=0.486 | Val(AVO)=0.555
2025-09-28 17:41:14 - No P3-val improvement; patience remaining: 4/20
2025-09-28 17:41:14 - Epoch 18/500 | LR=0.009972 | w_AVO=1.000 | w_P3=2.771 | lambda_MMD=0.300
2025-09-28 17:41:15 - Epoch Summary: TrainLoss=1.3669 | TrainAcc=0.629 | Val(P3)=0.514 | Val(AVO)=0.597
2025-09-28 17:41:15 - No P3-val improvement; patience remaining: 3/20
2025-09-28 17:41:15 - Epoch 19/500 | LR=0.009968 | w_AVO=1.000 | w_P3=2.771 | lambda_MMD=0.300
2025-09-28 17:41:15 - Epoch Summary: TrainLoss=1.3189 | TrainAcc=0.630 | Val(P3)=0.400 | Val(AVO)=0.597
2025-09-28 17:41:15 - No P3-val improvement; patience remaining: 2/20
2025-09-28 17:41:15 - Epoch 20/500 | LR=0.009964 | w_AVO=1.000 | w_P3=2.771 | lambda_MMD=0.300
2025-09-28 17:41:16 - Epoch Summary: TrainLoss=1.3478 | TrainAcc=0.642 | Val(P3)=0.514 | Val(AVO)=0.629
2025-09-28 17:41:16 - No P3-val improvement; patience remaining: 1/20
2025-09-28 17:41:16 - Epoch 21/500 | LR=0.009961 | w_AVO=1.000 | w_P3=2.771 | lambda_MMD=0.300
2025-09-28 17:41:16 - Epoch Summary: TrainLoss=1.2992 | TrainAcc=0.639 | Val(P3)=0.543 | Val(AVO)=0.616
2025-09-28 17:41:16 - No P3-val improvement; patience remaining: 0/20
2025-09-28 17:41:16 - Early stopping triggered (P3-val)
2025-09-28 17:41:16 -     P3 Test | Acc=0.5632 P=0.7000 R=0.5185 F1=0.5957 AUC=0.6055 (n=87)
2025-09-28 17:41:16 -     AVO Test | Acc=0.6551 P=0.6239 R=0.7182 F1=0.6677 AUC=0.7245 (n=603)
2025-09-28 17:41:16 -     Overall Test Acc=0.6435
2025-09-28 17:41:16 -   Fold 3/5
2025-09-28 17:41:16 - Fold domains: small=P3 (n=291), large=AVO (n=2122)
2025-09-28 17:41:16 - Auto adjustments (symmetric): w_small≈1.000, lambda_MMD_target=0.300, warmup_epochs=5
2025-09-28 17:41:16 - Epoch 1/500 | LR=0.010000 | w_AVO=1.000 | w_P3=1.340 | lambda_MMD=0.060
2025-09-28 17:41:16 - Epoch Summary: TrainLoss=1.7426 | TrainAcc=0.569 | Val(P3)=0.618 | Val(AVO)=0.566
2025-09-28 17:41:16 - New best P3-val; checkpoint updated
2025-09-28 17:41:16 - Epoch 2/500 | LR=0.010000 | w_AVO=1.000 | w_P3=1.680 | lambda_MMD=0.120
2025-09-28 17:41:17 - Epoch Summary: TrainLoss=1.6229 | TrainAcc=0.614 | Val(P3)=0.647 | Val(AVO)=0.608
2025-09-28 17:41:17 - New best P3-val; checkpoint updated
2025-09-28 17:41:17 - Epoch 3/500 | LR=0.010000 | w_AVO=1.000 | w_P3=2.020 | lambda_MMD=0.180
2025-09-28 17:41:17 - Epoch Summary: TrainLoss=1.7292 | TrainAcc=0.615 | Val(P3)=0.588 | Val(AVO)=0.598
2025-09-28 17:41:17 - No P3-val improvement; patience remaining: 19/20
2025-09-28 17:41:17 - Epoch 4/500 | LR=0.009999 | w_AVO=1.000 | w_P3=2.360 | lambda_MMD=0.240
2025-09-28 17:41:18 - Epoch Summary: TrainLoss=1.8004 | TrainAcc=0.627 | Val(P3)=0.618 | Val(AVO)=0.592
2025-09-28 17:41:18 - No P3-val improvement; patience remaining: 18/20
2025-09-28 17:41:18 - AVO val decreasing 3x. Reducing lambda_MMD to 0.210
2025-09-28 17:41:18 - Epoch 5/500 | LR=0.009998 | w_AVO=1.000 | w_P3=2.700 | lambda_MMD=0.210
2025-09-28 17:41:18 - Epoch Summary: TrainLoss=1.9104 | TrainAcc=0.617 | Val(P3)=0.618 | Val(AVO)=0.646
2025-09-28 17:41:18 - No P3-val improvement; patience remaining: 17/20
2025-09-28 17:41:18 - Epoch 6/500 | LR=0.009998 | w_AVO=1.000 | w_P3=2.700 | lambda_MMD=0.300
2025-09-28 17:41:18 - Epoch Summary: TrainLoss=1.7916 | TrainAcc=0.630 | Val(P3)=0.647 | Val(AVO)=0.637
2025-09-28 17:41:18 - No P3-val improvement; patience remaining: 16/20
2025-09-28 17:41:18 - Epoch 7/500 | LR=0.009996 | w_AVO=1.000 | w_P3=2.700 | lambda_MMD=0.300
2025-09-28 17:41:19 - Epoch Summary: TrainLoss=1.6776 | TrainAcc=0.616 | Val(P3)=0.588 | Val(AVO)=0.627
2025-09-28 17:41:19 - No P3-val improvement; patience remaining: 15/20
2025-09-28 17:41:19 - AVO val decreasing 3x. Reducing lambda_MMD to 0.210
2025-09-28 17:41:19 - Epoch 8/500 | LR=0.009995 | w_AVO=1.000 | w_P3=2.700 | lambda_MMD=0.210
2025-09-28 17:41:19 - Epoch Summary: TrainLoss=1.6864 | TrainAcc=0.637 | Val(P3)=0.588 | Val(AVO)=0.659
2025-09-28 17:41:19 - No P3-val improvement; patience remaining: 14/20
2025-09-28 17:41:19 - Epoch 9/500 | LR=0.009994 | w_AVO=1.000 | w_P3=2.700 | lambda_MMD=0.300
2025-09-28 17:41:19 - Epoch Summary: TrainLoss=1.5977 | TrainAcc=0.640 | Val(P3)=0.618 | Val(AVO)=0.666
2025-09-28 17:41:19 - No P3-val improvement; patience remaining: 13/20
2025-09-28 17:41:19 - Epoch 10/500 | LR=0.009992 | w_AVO=1.000 | w_P3=2.700 | lambda_MMD=0.300
2025-09-28 17:41:20 - Epoch Summary: TrainLoss=1.6399 | TrainAcc=0.629 | Val(P3)=0.647 | Val(AVO)=0.630
2025-09-28 17:41:20 - No P3-val improvement; patience remaining: 12/20
2025-09-28 17:41:20 - Epoch 11/500 | LR=0.009990 | w_AVO=1.000 | w_P3=2.700 | lambda_MMD=0.300
2025-09-28 17:41:20 - Epoch Summary: TrainLoss=1.5332 | TrainAcc=0.631 | Val(P3)=0.618 | Val(AVO)=0.608
2025-09-28 17:41:20 - No P3-val improvement; patience remaining: 11/20
2025-09-28 17:41:20 - AVO val decreasing 3x. Reducing lambda_MMD to 0.210
2025-09-28 17:41:20 - Epoch 12/500 | LR=0.009988 | w_AVO=1.000 | w_P3=2.700 | lambda_MMD=0.210
2025-09-28 17:41:21 - Epoch Summary: TrainLoss=1.5952 | TrainAcc=0.639 | Val(P3)=0.618 | Val(AVO)=0.637
2025-09-28 17:41:21 - No P3-val improvement; patience remaining: 10/20
2025-09-28 17:41:21 - Epoch 13/500 | LR=0.009986 | w_AVO=1.000 | w_P3=2.700 | lambda_MMD=0.300
2025-09-28 17:41:21 - Epoch Summary: TrainLoss=1.5405 | TrainAcc=0.639 | Val(P3)=0.676 | Val(AVO)=0.637
2025-09-28 17:41:21 - New best P3-val; checkpoint updated
2025-09-28 17:41:21 - Epoch 14/500 | LR=0.009983 | w_AVO=1.000 | w_P3=2.700 | lambda_MMD=0.300
2025-09-28 17:41:21 - Epoch Summary: TrainLoss=1.4930 | TrainAcc=0.640 | Val(P3)=0.618 | Val(AVO)=0.643
2025-09-28 17:41:21 - No P3-val improvement; patience remaining: 19/20
2025-09-28 17:41:21 - Epoch 15/500 | LR=0.009981 | w_AVO=1.000 | w_P3=2.700 | lambda_MMD=0.300
2025-09-28 17:41:22 - Epoch Summary: TrainLoss=1.4755 | TrainAcc=0.635 | Val(P3)=0.618 | Val(AVO)=0.637
2025-09-28 17:41:22 - No P3-val improvement; patience remaining: 18/20
2025-09-28 17:41:22 - Epoch 16/500 | LR=0.009978 | w_AVO=1.000 | w_P3=2.700 | lambda_MMD=0.300
2025-09-28 17:41:22 - Epoch Summary: TrainLoss=1.4660 | TrainAcc=0.634 | Val(P3)=0.618 | Val(AVO)=0.669
2025-09-28 17:41:22 - No P3-val improvement; patience remaining: 17/20
2025-09-28 17:41:22 - Epoch 17/500 | LR=0.009975 | w_AVO=1.000 | w_P3=2.700 | lambda_MMD=0.300
2025-09-28 17:41:22 - Epoch Summary: TrainLoss=1.5000 | TrainAcc=0.631 | Val(P3)=0.647 | Val(AVO)=0.669
2025-09-28 17:41:22 - No P3-val improvement; patience remaining: 16/20
2025-09-28 17:41:22 - Epoch 18/500 | LR=0.009972 | w_AVO=1.000 | w_P3=2.700 | lambda_MMD=0.300
2025-09-28 17:41:23 - Epoch Summary: TrainLoss=1.4918 | TrainAcc=0.640 | Val(P3)=0.618 | Val(AVO)=0.650
2025-09-28 17:41:23 - No P3-val improvement; patience remaining: 15/20
2025-09-28 17:41:23 - Epoch 19/500 | LR=0.009968 | w_AVO=1.000 | w_P3=2.700 | lambda_MMD=0.300
2025-09-28 17:41:23 - Epoch Summary: TrainLoss=1.4144 | TrainAcc=0.639 | Val(P3)=0.559 | Val(AVO)=0.656
2025-09-28 17:41:23 - No P3-val improvement; patience remaining: 14/20
2025-09-28 17:41:23 - P3 val decreasing 3x. Reducing w_small to 2.160, lambda_MMD to 0.150
2025-09-28 17:41:23 - Epoch 20/500 | LR=0.009964 | w_AVO=1.000 | w_P3=2.160 | lambda_MMD=0.150
2025-09-28 17:41:24 - Epoch Summary: TrainLoss=1.3123 | TrainAcc=0.631 | Val(P3)=0.706 | Val(AVO)=0.666
2025-09-28 17:41:24 - New best P3-val; checkpoint updated
2025-09-28 17:41:24 - Epoch 21/500 | LR=0.009961 | w_AVO=1.000 | w_P3=2.700 | lambda_MMD=0.300
2025-09-28 17:41:24 - Epoch Summary: TrainLoss=1.3620 | TrainAcc=0.629 | Val(P3)=0.618 | Val(AVO)=0.669
2025-09-28 17:41:24 - No P3-val improvement; patience remaining: 19/20
2025-09-28 17:41:24 - Epoch 22/500 | LR=0.009957 | w_AVO=1.000 | w_P3=2.700 | lambda_MMD=0.300
2025-09-28 17:41:24 - Epoch Summary: TrainLoss=1.3630 | TrainAcc=0.649 | Val(P3)=0.647 | Val(AVO)=0.672
2025-09-28 17:41:24 - No P3-val improvement; patience remaining: 18/20
2025-09-28 17:41:24 - Epoch 23/500 | LR=0.009952 | w_AVO=1.000 | w_P3=2.700 | lambda_MMD=0.300
2025-09-28 17:41:25 - Epoch Summary: TrainLoss=1.4945 | TrainAcc=0.646 | Val(P3)=0.647 | Val(AVO)=0.666
2025-09-28 17:41:25 - No P3-val improvement; patience remaining: 17/20
2025-09-28 17:41:25 - Epoch 24/500 | LR=0.009948 | w_AVO=1.000 | w_P3=2.700 | lambda_MMD=0.300
2025-09-28 17:41:25 - Epoch Summary: TrainLoss=1.4149 | TrainAcc=0.635 | Val(P3)=0.676 | Val(AVO)=0.650
2025-09-28 17:41:25 - No P3-val improvement; patience remaining: 16/20
2025-09-28 17:41:25 - AVO val decreasing 3x. Reducing lambda_MMD to 0.210
2025-09-28 17:41:25 - Epoch 25/500 | LR=0.009943 | w_AVO=1.000 | w_P3=2.700 | lambda_MMD=0.210
2025-09-28 17:41:26 - Epoch Summary: TrainLoss=1.3318 | TrainAcc=0.658 | Val(P3)=0.618 | Val(AVO)=0.627
2025-09-28 17:41:26 - No P3-val improvement; patience remaining: 15/20
2025-09-28 17:41:26 - AVO val decreasing 3x. Reducing lambda_MMD to 0.210
2025-09-28 17:41:26 - Epoch 26/500 | LR=0.009938 | w_AVO=1.000 | w_P3=2.700 | lambda_MMD=0.210
2025-09-28 17:41:26 - Epoch Summary: TrainLoss=1.3639 | TrainAcc=0.656 | Val(P3)=0.647 | Val(AVO)=0.643
2025-09-28 17:41:26 - No P3-val improvement; patience remaining: 14/20
2025-09-28 17:41:26 - Epoch 27/500 | LR=0.009933 | w_AVO=1.000 | w_P3=2.700 | lambda_MMD=0.300
2025-09-28 17:41:26 - Epoch Summary: TrainLoss=1.3125 | TrainAcc=0.643 | Val(P3)=0.647 | Val(AVO)=0.653
2025-09-28 17:41:26 - No P3-val improvement; patience remaining: 13/20
2025-09-28 17:41:26 - Epoch 28/500 | LR=0.009928 | w_AVO=1.000 | w_P3=2.700 | lambda_MMD=0.300
2025-09-28 17:41:27 - Epoch Summary: TrainLoss=1.3782 | TrainAcc=0.652 | Val(P3)=0.647 | Val(AVO)=0.666
2025-09-28 17:41:27 - No P3-val improvement; patience remaining: 12/20
2025-09-28 17:41:27 - Epoch 29/500 | LR=0.009923 | w_AVO=1.000 | w_P3=2.700 | lambda_MMD=0.300
2025-09-28 17:41:27 - Epoch Summary: TrainLoss=1.3474 | TrainAcc=0.646 | Val(P3)=0.647 | Val(AVO)=0.672
2025-09-28 17:41:27 - No P3-val improvement; patience remaining: 11/20
2025-09-28 17:41:27 - Epoch 30/500 | LR=0.009917 | w_AVO=1.000 | w_P3=2.700 | lambda_MMD=0.300
2025-09-28 17:41:28 - Epoch Summary: TrainLoss=1.3398 | TrainAcc=0.645 | Val(P3)=0.647 | Val(AVO)=0.630
2025-09-28 17:41:28 - No P3-val improvement; patience remaining: 10/20
2025-09-28 17:41:28 - Epoch 31/500 | LR=0.009911 | w_AVO=1.000 | w_P3=2.700 | lambda_MMD=0.300
2025-09-28 17:41:28 - Epoch Summary: TrainLoss=1.2981 | TrainAcc=0.647 | Val(P3)=0.647 | Val(AVO)=0.656
2025-09-28 17:41:28 - No P3-val improvement; patience remaining: 9/20
2025-09-28 17:41:28 - Epoch 32/500 | LR=0.009905 | w_AVO=1.000 | w_P3=2.700 | lambda_MMD=0.300
2025-09-28 17:41:28 - Epoch Summary: TrainLoss=1.3463 | TrainAcc=0.630 | Val(P3)=0.676 | Val(AVO)=0.662
2025-09-28 17:41:28 - No P3-val improvement; patience remaining: 8/20
2025-09-28 17:41:28 - Epoch 33/500 | LR=0.009899 | w_AVO=1.000 | w_P3=2.700 | lambda_MMD=0.300
2025-09-28 17:41:29 - Epoch Summary: TrainLoss=1.3271 | TrainAcc=0.630 | Val(P3)=0.647 | Val(AVO)=0.650
2025-09-28 17:41:29 - No P3-val improvement; patience remaining: 7/20
2025-09-28 17:41:29 - Epoch 34/500 | LR=0.009893 | w_AVO=1.000 | w_P3=2.700 | lambda_MMD=0.300
2025-09-28 17:41:29 - Epoch Summary: TrainLoss=1.4044 | TrainAcc=0.637 | Val(P3)=0.647 | Val(AVO)=0.646
2025-09-28 17:41:29 - No P3-val improvement; patience remaining: 6/20
2025-09-28 17:41:29 - AVO val decreasing 3x. Reducing lambda_MMD to 0.210
2025-09-28 17:41:29 - Epoch 35/500 | LR=0.009886 | w_AVO=1.000 | w_P3=2.700 | lambda_MMD=0.210
2025-09-28 17:41:30 - Epoch Summary: TrainLoss=1.3458 | TrainAcc=0.647 | Val(P3)=0.676 | Val(AVO)=0.662
2025-09-28 17:41:30 - No P3-val improvement; patience remaining: 5/20
2025-09-28 17:41:30 - Epoch 36/500 | LR=0.009880 | w_AVO=1.000 | w_P3=2.700 | lambda_MMD=0.300
2025-09-28 17:41:30 - Epoch Summary: TrainLoss=1.2884 | TrainAcc=0.648 | Val(P3)=0.676 | Val(AVO)=0.675
2025-09-28 17:41:30 - No P3-val improvement; patience remaining: 4/20
2025-09-28 17:41:30 - Epoch 37/500 | LR=0.009873 | w_AVO=1.000 | w_P3=2.700 | lambda_MMD=0.300
2025-09-28 17:41:30 - Epoch Summary: TrainLoss=1.2870 | TrainAcc=0.651 | Val(P3)=0.676 | Val(AVO)=0.650
2025-09-28 17:41:30 - No P3-val improvement; patience remaining: 3/20
2025-09-28 17:41:30 - Epoch 38/500 | LR=0.009865 | w_AVO=1.000 | w_P3=2.700 | lambda_MMD=0.300
2025-09-28 17:41:31 - Epoch Summary: TrainLoss=1.2505 | TrainAcc=0.657 | Val(P3)=0.676 | Val(AVO)=0.678
2025-09-28 17:41:31 - No P3-val improvement; patience remaining: 2/20
2025-09-28 17:41:31 - Epoch 39/500 | LR=0.009858 | w_AVO=1.000 | w_P3=2.700 | lambda_MMD=0.300
2025-09-28 17:41:31 - Epoch Summary: TrainLoss=1.2648 | TrainAcc=0.640 | Val(P3)=0.676 | Val(AVO)=0.659
2025-09-28 17:41:31 - No P3-val improvement; patience remaining: 1/20
2025-09-28 17:41:31 - Epoch 40/500 | LR=0.009851 | w_AVO=1.000 | w_P3=2.700 | lambda_MMD=0.300
2025-09-28 17:41:31 - Epoch Summary: TrainLoss=1.2927 | TrainAcc=0.659 | Val(P3)=0.676 | Val(AVO)=0.656
2025-09-28 17:41:31 - No P3-val improvement; patience remaining: 0/20
2025-09-28 17:41:31 - Early stopping triggered (P3-val)
2025-09-28 17:41:32 -     P3 Test | Acc=0.5333 P=0.4595 R=0.5312 F1=0.4928 AUC=0.5429 (n=75)
2025-09-28 17:41:32 -     AVO Test | Acc=0.6358 P=0.6618 R=0.5815 F1=0.6190 AUC=0.6843 (n=615)
2025-09-28 17:41:32 -     Overall Test Acc=0.6246
2025-09-28 17:41:32 -   Fold 4/5
2025-09-28 17:41:32 - Fold domains: small=P3 (n=285), large=AVO (n=2129)
2025-09-28 17:41:32 - Auto adjustments (symmetric): w_small≈1.000, lambda_MMD_target=0.300, warmup_epochs=5
2025-09-28 17:41:32 - Epoch 1/500 | LR=0.010000 | w_AVO=1.000 | w_P3=1.347 | lambda_MMD=0.060
2025-09-28 17:41:32 - Epoch Summary: TrainLoss=1.6876 | TrainAcc=0.561 | Val(P3)=0.500 | Val(AVO)=0.556
2025-09-28 17:41:32 - New best P3-val; checkpoint updated
2025-09-28 17:41:32 - Epoch 2/500 | LR=0.010000 | w_AVO=1.000 | w_P3=1.693 | lambda_MMD=0.120
2025-09-28 17:41:32 - Epoch Summary: TrainLoss=1.6173 | TrainAcc=0.605 | Val(P3)=0.529 | Val(AVO)=0.630
2025-09-28 17:41:32 - New best P3-val; checkpoint updated
2025-09-28 17:41:32 - Epoch 3/500 | LR=0.010000 | w_AVO=1.000 | w_P3=2.040 | lambda_MMD=0.180
2025-09-28 17:41:33 - Epoch Summary: TrainLoss=1.6618 | TrainAcc=0.617 | Val(P3)=0.588 | Val(AVO)=0.592
2025-09-28 17:41:33 - New best P3-val; checkpoint updated
2025-09-28 17:41:33 - Epoch 4/500 | LR=0.009999 | w_AVO=1.000 | w_P3=2.387 | lambda_MMD=0.240
2025-09-28 17:41:33 - Epoch Summary: TrainLoss=1.7340 | TrainAcc=0.612 | Val(P3)=0.588 | Val(AVO)=0.662
2025-09-28 17:41:33 - No P3-val improvement; patience remaining: 19/20
2025-09-28 17:41:33 - Epoch 5/500 | LR=0.009998 | w_AVO=1.000 | w_P3=2.733 | lambda_MMD=0.300
2025-09-28 17:41:34 - Epoch Summary: TrainLoss=1.8326 | TrainAcc=0.620 | Val(P3)=0.588 | Val(AVO)=0.672
2025-09-28 17:41:34 - No P3-val improvement; patience remaining: 18/20
2025-09-28 17:41:34 - Epoch 6/500 | LR=0.009998 | w_AVO=1.000 | w_P3=2.733 | lambda_MMD=0.300
2025-09-28 17:41:34 - Epoch Summary: TrainLoss=1.7250 | TrainAcc=0.615 | Val(P3)=0.588 | Val(AVO)=0.601
2025-09-28 17:41:34 - No P3-val improvement; patience remaining: 17/20
2025-09-28 17:41:34 - Epoch 7/500 | LR=0.009996 | w_AVO=1.000 | w_P3=2.733 | lambda_MMD=0.300
2025-09-28 17:41:34 - Epoch Summary: TrainLoss=1.6817 | TrainAcc=0.620 | Val(P3)=0.559 | Val(AVO)=0.621
2025-09-28 17:41:34 - No P3-val improvement; patience remaining: 16/20
2025-09-28 17:41:34 - Epoch 8/500 | LR=0.009995 | w_AVO=1.000 | w_P3=2.733 | lambda_MMD=0.300
2025-09-28 17:41:35 - Epoch Summary: TrainLoss=1.6132 | TrainAcc=0.625 | Val(P3)=0.588 | Val(AVO)=0.633
2025-09-28 17:41:35 - No P3-val improvement; patience remaining: 15/20
2025-09-28 17:41:35 - Epoch 9/500 | LR=0.009994 | w_AVO=1.000 | w_P3=2.733 | lambda_MMD=0.300
2025-09-28 17:41:35 - Epoch Summary: TrainLoss=1.5995 | TrainAcc=0.618 | Val(P3)=0.559 | Val(AVO)=0.662
2025-09-28 17:41:35 - No P3-val improvement; patience remaining: 14/20
2025-09-28 17:41:35 - Epoch 10/500 | LR=0.009992 | w_AVO=1.000 | w_P3=2.733 | lambda_MMD=0.300
2025-09-28 17:41:36 - Epoch Summary: TrainLoss=1.5428 | TrainAcc=0.634 | Val(P3)=0.559 | Val(AVO)=0.624
2025-09-28 17:41:36 - No P3-val improvement; patience remaining: 13/20
2025-09-28 17:41:36 - Epoch 11/500 | LR=0.009990 | w_AVO=1.000 | w_P3=2.733 | lambda_MMD=0.300
2025-09-28 17:41:36 - Epoch Summary: TrainLoss=1.4843 | TrainAcc=0.634 | Val(P3)=0.559 | Val(AVO)=0.637
2025-09-28 17:41:36 - No P3-val improvement; patience remaining: 12/20
2025-09-28 17:41:36 - Epoch 12/500 | LR=0.009988 | w_AVO=1.000 | w_P3=2.733 | lambda_MMD=0.300
2025-09-28 17:41:36 - Epoch Summary: TrainLoss=1.4545 | TrainAcc=0.632 | Val(P3)=0.559 | Val(AVO)=0.637
2025-09-28 17:41:36 - No P3-val improvement; patience remaining: 11/20
2025-09-28 17:41:36 - Epoch 13/500 | LR=0.009986 | w_AVO=1.000 | w_P3=2.733 | lambda_MMD=0.300
2025-09-28 17:41:37 - Epoch Summary: TrainLoss=1.4818 | TrainAcc=0.638 | Val(P3)=0.559 | Val(AVO)=0.650
2025-09-28 17:41:37 - No P3-val improvement; patience remaining: 10/20
2025-09-28 17:41:37 - Epoch 14/500 | LR=0.009983 | w_AVO=1.000 | w_P3=2.733 | lambda_MMD=0.300
2025-09-28 17:41:37 - Epoch Summary: TrainLoss=1.4751 | TrainAcc=0.614 | Val(P3)=0.588 | Val(AVO)=0.624
2025-09-28 17:41:37 - No P3-val improvement; patience remaining: 9/20
2025-09-28 17:41:37 - Epoch 15/500 | LR=0.009981 | w_AVO=1.000 | w_P3=2.733 | lambda_MMD=0.300
2025-09-28 17:41:38 - Epoch Summary: TrainLoss=1.4355 | TrainAcc=0.631 | Val(P3)=0.559 | Val(AVO)=0.666
2025-09-28 17:41:38 - No P3-val improvement; patience remaining: 8/20
2025-09-28 17:41:38 - Epoch 16/500 | LR=0.009978 | w_AVO=1.000 | w_P3=2.733 | lambda_MMD=0.300
2025-09-28 17:41:38 - Epoch Summary: TrainLoss=1.4365 | TrainAcc=0.633 | Val(P3)=0.529 | Val(AVO)=0.637
2025-09-28 17:41:38 - No P3-val improvement; patience remaining: 7/20
2025-09-28 17:41:38 - P3 val decreasing 3x. Reducing w_small to 2.187, lambda_MMD to 0.150
2025-09-28 17:41:38 - Epoch 17/500 | LR=0.009975 | w_AVO=1.000 | w_P3=2.187 | lambda_MMD=0.150
2025-09-28 17:41:38 - Epoch Summary: TrainLoss=1.2615 | TrainAcc=0.631 | Val(P3)=0.559 | Val(AVO)=0.650
2025-09-28 17:41:38 - No P3-val improvement; patience remaining: 6/20
2025-09-28 17:41:38 - Epoch 18/500 | LR=0.009972 | w_AVO=1.000 | w_P3=2.733 | lambda_MMD=0.300
2025-09-28 17:41:39 - Epoch Summary: TrainLoss=1.4587 | TrainAcc=0.640 | Val(P3)=0.559 | Val(AVO)=0.624
2025-09-28 17:41:39 - No P3-val improvement; patience remaining: 5/20
2025-09-28 17:41:39 - Epoch 19/500 | LR=0.009968 | w_AVO=1.000 | w_P3=2.733 | lambda_MMD=0.300
2025-09-28 17:41:39 - Epoch Summary: TrainLoss=1.3971 | TrainAcc=0.630 | Val(P3)=0.529 | Val(AVO)=0.643
2025-09-28 17:41:39 - No P3-val improvement; patience remaining: 4/20
2025-09-28 17:41:39 - Epoch 20/500 | LR=0.009964 | w_AVO=1.000 | w_P3=2.733 | lambda_MMD=0.300
2025-09-28 17:41:40 - Epoch Summary: TrainLoss=1.3774 | TrainAcc=0.622 | Val(P3)=0.559 | Val(AVO)=0.650
2025-09-28 17:41:40 - No P3-val improvement; patience remaining: 3/20
2025-09-28 17:41:40 - Epoch 21/500 | LR=0.009961 | w_AVO=1.000 | w_P3=2.733 | lambda_MMD=0.300
2025-09-28 17:41:40 - Epoch Summary: TrainLoss=1.3683 | TrainAcc=0.625 | Val(P3)=0.529 | Val(AVO)=0.650
2025-09-28 17:41:40 - No P3-val improvement; patience remaining: 2/20
2025-09-28 17:41:40 - Epoch 22/500 | LR=0.009957 | w_AVO=1.000 | w_P3=2.733 | lambda_MMD=0.300
2025-09-28 17:41:41 - Epoch Summary: TrainLoss=1.3867 | TrainAcc=0.638 | Val(P3)=0.529 | Val(AVO)=0.595
2025-09-28 17:41:41 - No P3-val improvement; patience remaining: 1/20
2025-09-28 17:41:41 - Epoch 23/500 | LR=0.009952 | w_AVO=1.000 | w_P3=2.733 | lambda_MMD=0.300
2025-09-28 17:41:41 - Epoch Summary: TrainLoss=1.3367 | TrainAcc=0.640 | Val(P3)=0.529 | Val(AVO)=0.653
2025-09-28 17:41:41 - No P3-val improvement; patience remaining: 0/20
2025-09-28 17:41:41 - Early stopping triggered (P3-val)
2025-09-28 17:41:41 -     P3 Test | Acc=0.5309 P=0.4667 R=0.3889 F1=0.4242 AUC=0.5691 (n=81)
2025-09-28 17:41:41 -     AVO Test | Acc=0.6464 P=0.7123 R=0.5065 F1=0.5920 AUC=0.6949 (n=608)
2025-09-28 17:41:41 -     Overall Test Acc=0.6328
2025-09-28 17:41:41 -   Fold 5/5
2025-09-28 17:41:41 - Fold domains: small=P3 (n=295), large=AVO (n=2119)
2025-09-28 17:41:41 - Auto adjustments (symmetric): w_small≈1.000, lambda_MMD_target=0.300, warmup_epochs=5
2025-09-28 17:41:41 - Epoch 1/500 | LR=0.010000 | w_AVO=1.000 | w_P3=1.336 | lambda_MMD=0.060
2025-09-28 17:41:41 - Epoch Summary: TrainLoss=1.7618 | TrainAcc=0.528 | Val(P3)=0.457 | Val(AVO)=0.519
2025-09-28 17:41:41 - New best P3-val; checkpoint updated
2025-09-28 17:41:41 - Epoch 2/500 | LR=0.010000 | w_AVO=1.000 | w_P3=1.672 | lambda_MMD=0.120
2025-09-28 17:41:42 - Epoch Summary: TrainLoss=1.6146 | TrainAcc=0.584 | Val(P3)=0.400 | Val(AVO)=0.606
2025-09-28 17:41:42 - No P3-val improvement; patience remaining: 19/20
2025-09-28 17:41:42 - Epoch 3/500 | LR=0.010000 | w_AVO=1.000 | w_P3=2.008 | lambda_MMD=0.180
2025-09-28 17:41:42 - Epoch Summary: TrainLoss=1.6797 | TrainAcc=0.612 | Val(P3)=0.486 | Val(AVO)=0.561
2025-09-28 17:41:42 - New best P3-val; checkpoint updated
2025-09-28 17:41:42 - Epoch 4/500 | LR=0.009999 | w_AVO=1.000 | w_P3=2.344 | lambda_MMD=0.240
2025-09-28 17:41:43 - Epoch Summary: TrainLoss=1.7645 | TrainAcc=0.608 | Val(P3)=0.457 | Val(AVO)=0.555
2025-09-28 17:41:43 - No P3-val improvement; patience remaining: 19/20
2025-09-28 17:41:43 - AVO val decreasing 3x. Reducing lambda_MMD to 0.210
2025-09-28 17:41:43 - Epoch 5/500 | LR=0.009998 | w_AVO=1.000 | w_P3=2.680 | lambda_MMD=0.210
2025-09-28 17:41:43 - Epoch Summary: TrainLoss=1.7914 | TrainAcc=0.622 | Val(P3)=0.486 | Val(AVO)=0.561
2025-09-28 17:41:43 - No P3-val improvement; patience remaining: 18/20
2025-09-28 17:41:43 - Epoch 6/500 | LR=0.009998 | w_AVO=1.000 | w_P3=2.680 | lambda_MMD=0.300
2025-09-28 17:41:43 - Epoch Summary: TrainLoss=1.6891 | TrainAcc=0.613 | Val(P3)=0.514 | Val(AVO)=0.555
2025-09-28 17:41:43 - New best P3-val; checkpoint updated
2025-09-28 17:41:43 - Epoch 7/500 | LR=0.009996 | w_AVO=1.000 | w_P3=2.680 | lambda_MMD=0.300
2025-09-28 17:41:44 - Epoch Summary: TrainLoss=1.6449 | TrainAcc=0.598 | Val(P3)=0.429 | Val(AVO)=0.600
2025-09-28 17:41:44 - No P3-val improvement; patience remaining: 19/20
2025-09-28 17:41:44 - Epoch 8/500 | LR=0.009995 | w_AVO=1.000 | w_P3=2.680 | lambda_MMD=0.300
2025-09-28 17:41:44 - Epoch Summary: TrainLoss=1.5801 | TrainAcc=0.622 | Val(P3)=0.514 | Val(AVO)=0.581
2025-09-28 17:41:44 - No P3-val improvement; patience remaining: 18/20
2025-09-28 17:41:44 - Epoch 9/500 | LR=0.009994 | w_AVO=1.000 | w_P3=2.680 | lambda_MMD=0.300
2025-09-28 17:41:44 - Epoch Summary: TrainLoss=1.5313 | TrainAcc=0.613 | Val(P3)=0.429 | Val(AVO)=0.613
2025-09-28 17:41:44 - No P3-val improvement; patience remaining: 17/20
2025-09-28 17:41:44 - Epoch 10/500 | LR=0.009992 | w_AVO=1.000 | w_P3=2.680 | lambda_MMD=0.300
2025-09-28 17:41:45 - Epoch Summary: TrainLoss=1.5189 | TrainAcc=0.618 | Val(P3)=0.486 | Val(AVO)=0.535
2025-09-28 17:41:45 - No P3-val improvement; patience remaining: 16/20
2025-09-28 17:41:45 - Epoch 11/500 | LR=0.009990 | w_AVO=1.000 | w_P3=2.680 | lambda_MMD=0.300
2025-09-28 17:41:45 - Epoch Summary: TrainLoss=1.5455 | TrainAcc=0.609 | Val(P3)=0.429 | Val(AVO)=0.558
2025-09-28 17:41:45 - No P3-val improvement; patience remaining: 15/20
2025-09-28 17:41:45 - Epoch 12/500 | LR=0.009988 | w_AVO=1.000 | w_P3=2.680 | lambda_MMD=0.300
2025-09-28 17:41:46 - Epoch Summary: TrainLoss=1.4437 | TrainAcc=0.619 | Val(P3)=0.486 | Val(AVO)=0.590
2025-09-28 17:41:46 - No P3-val improvement; patience remaining: 14/20
2025-09-28 17:41:46 - Epoch 13/500 | LR=0.009986 | w_AVO=1.000 | w_P3=2.680 | lambda_MMD=0.300
2025-09-28 17:41:46 - Epoch Summary: TrainLoss=1.4971 | TrainAcc=0.612 | Val(P3)=0.457 | Val(AVO)=0.561
2025-09-28 17:41:46 - No P3-val improvement; patience remaining: 13/20
2025-09-28 17:41:46 - Epoch 14/500 | LR=0.009983 | w_AVO=1.000 | w_P3=2.680 | lambda_MMD=0.300
2025-09-28 17:41:46 - Epoch Summary: TrainLoss=1.4483 | TrainAcc=0.622 | Val(P3)=0.486 | Val(AVO)=0.571
2025-09-28 17:41:46 - No P3-val improvement; patience remaining: 12/20
2025-09-28 17:41:46 - Epoch 15/500 | LR=0.009981 | w_AVO=1.000 | w_P3=2.680 | lambda_MMD=0.300
2025-09-28 17:41:47 - Epoch Summary: TrainLoss=1.4136 | TrainAcc=0.619 | Val(P3)=0.457 | Val(AVO)=0.558
2025-09-28 17:41:47 - No P3-val improvement; patience remaining: 11/20
2025-09-28 17:41:47 - Epoch 16/500 | LR=0.009978 | w_AVO=1.000 | w_P3=2.680 | lambda_MMD=0.300
2025-09-28 17:41:47 - Epoch Summary: TrainLoss=1.4284 | TrainAcc=0.632 | Val(P3)=0.486 | Val(AVO)=0.597
2025-09-28 17:41:47 - No P3-val improvement; patience remaining: 10/20
2025-09-28 17:41:47 - Epoch 17/500 | LR=0.009975 | w_AVO=1.000 | w_P3=2.680 | lambda_MMD=0.300
2025-09-28 17:41:47 - Epoch Summary: TrainLoss=1.3801 | TrainAcc=0.642 | Val(P3)=0.486 | Val(AVO)=0.600
2025-09-28 17:41:47 - No P3-val improvement; patience remaining: 9/20
2025-09-28 17:41:47 - Epoch 18/500 | LR=0.009972 | w_AVO=1.000 | w_P3=2.680 | lambda_MMD=0.300
2025-09-28 17:41:48 - Epoch Summary: TrainLoss=1.3628 | TrainAcc=0.620 | Val(P3)=0.486 | Val(AVO)=0.584
2025-09-28 17:41:48 - No P3-val improvement; patience remaining: 8/20
2025-09-28 17:41:48 - Epoch 19/500 | LR=0.009968 | w_AVO=1.000 | w_P3=2.680 | lambda_MMD=0.300
2025-09-28 17:41:48 - Epoch Summary: TrainLoss=1.3681 | TrainAcc=0.642 | Val(P3)=0.486 | Val(AVO)=0.590
2025-09-28 17:41:48 - No P3-val improvement; patience remaining: 7/20
2025-09-28 17:41:48 - Epoch 20/500 | LR=0.009964 | w_AVO=1.000 | w_P3=2.680 | lambda_MMD=0.300
2025-09-28 17:41:49 - Epoch Summary: TrainLoss=1.3145 | TrainAcc=0.641 | Val(P3)=0.457 | Val(AVO)=0.600
2025-09-28 17:41:49 - No P3-val improvement; patience remaining: 6/20
2025-09-28 17:41:49 - Epoch 21/500 | LR=0.009961 | w_AVO=1.000 | w_P3=2.680 | lambda_MMD=0.300
2025-09-28 17:41:49 - Epoch Summary: TrainLoss=1.3218 | TrainAcc=0.647 | Val(P3)=0.486 | Val(AVO)=0.590
2025-09-28 17:41:49 - No P3-val improvement; patience remaining: 5/20
2025-09-28 17:41:49 - Epoch 22/500 | LR=0.009957 | w_AVO=1.000 | w_P3=2.680 | lambda_MMD=0.300
2025-09-28 17:41:49 - Epoch Summary: TrainLoss=1.2926 | TrainAcc=0.636 | Val(P3)=0.486 | Val(AVO)=0.571
2025-09-28 17:41:49 - No P3-val improvement; patience remaining: 4/20
2025-09-28 17:41:49 - AVO val decreasing 3x. Reducing lambda_MMD to 0.210
2025-09-28 17:41:49 - Epoch 23/500 | LR=0.009952 | w_AVO=1.000 | w_P3=2.680 | lambda_MMD=0.210
2025-09-28 17:41:50 - Epoch Summary: TrainLoss=1.2652 | TrainAcc=0.633 | Val(P3)=0.514 | Val(AVO)=0.590
2025-09-28 17:41:50 - No P3-val improvement; patience remaining: 3/20
2025-09-28 17:41:50 - Epoch 24/500 | LR=0.009948 | w_AVO=1.000 | w_P3=2.680 | lambda_MMD=0.300
2025-09-28 17:41:50 - Epoch Summary: TrainLoss=1.2742 | TrainAcc=0.638 | Val(P3)=0.514 | Val(AVO)=0.600
2025-09-28 17:41:50 - No P3-val improvement; patience remaining: 2/20
2025-09-28 17:41:50 - Epoch 25/500 | LR=0.009943 | w_AVO=1.000 | w_P3=2.680 | lambda_MMD=0.300
2025-09-28 17:41:51 - Epoch Summary: TrainLoss=1.2875 | TrainAcc=0.630 | Val(P3)=0.543 | Val(AVO)=0.606
2025-09-28 17:41:51 - New best P3-val; checkpoint updated
2025-09-28 17:41:51 - Epoch 26/500 | LR=0.009938 | w_AVO=1.000 | w_P3=2.680 | lambda_MMD=0.300
2025-09-28 17:41:51 - Epoch Summary: TrainLoss=1.2618 | TrainAcc=0.626 | Val(P3)=0.486 | Val(AVO)=0.584
2025-09-28 17:41:51 - No P3-val improvement; patience remaining: 19/20
2025-09-28 17:41:51 - Epoch 27/500 | LR=0.009933 | w_AVO=1.000 | w_P3=2.680 | lambda_MMD=0.300
2025-09-28 17:41:51 - Epoch Summary: TrainLoss=1.2374 | TrainAcc=0.639 | Val(P3)=0.457 | Val(AVO)=0.577
2025-09-28 17:41:51 - No P3-val improvement; patience remaining: 18/20
2025-09-28 17:41:51 - P3 val decreasing 3x. Reducing w_small to 2.144, lambda_MMD to 0.150
2025-09-28 17:41:51 - AVO val decreasing 3x. Reducing lambda_MMD to 0.105
2025-09-28 17:41:51 - Epoch 28/500 | LR=0.009928 | w_AVO=1.000 | w_P3=2.144 | lambda_MMD=0.105
2025-09-28 17:41:52 - Epoch Summary: TrainLoss=1.1272 | TrainAcc=0.649 | Val(P3)=0.514 | Val(AVO)=0.594
2025-09-28 17:41:52 - No P3-val improvement; patience remaining: 17/20
2025-09-28 17:41:52 - Epoch 29/500 | LR=0.009923 | w_AVO=1.000 | w_P3=2.680 | lambda_MMD=0.300
2025-09-28 17:41:52 - Epoch Summary: TrainLoss=1.2454 | TrainAcc=0.641 | Val(P3)=0.514 | Val(AVO)=0.571
2025-09-28 17:41:52 - No P3-val improvement; patience remaining: 16/20
2025-09-28 17:41:52 - Epoch 30/500 | LR=0.009917 | w_AVO=1.000 | w_P3=2.680 | lambda_MMD=0.300
2025-09-28 17:41:52 - Epoch Summary: TrainLoss=1.2449 | TrainAcc=0.628 | Val(P3)=0.486 | Val(AVO)=0.606
2025-09-28 17:41:52 - No P3-val improvement; patience remaining: 15/20
2025-09-28 17:41:52 - Epoch 31/500 | LR=0.009911 | w_AVO=1.000 | w_P3=2.680 | lambda_MMD=0.300
2025-09-28 17:41:53 - Epoch Summary: TrainLoss=1.1884 | TrainAcc=0.650 | Val(P3)=0.400 | Val(AVO)=0.597
2025-09-28 17:41:53 - No P3-val improvement; patience remaining: 14/20
2025-09-28 17:41:53 - P3 val decreasing 3x. Reducing w_small to 2.144, lambda_MMD to 0.150
2025-09-28 17:41:53 - Epoch 32/500 | LR=0.009905 | w_AVO=1.000 | w_P3=2.144 | lambda_MMD=0.150
2025-09-28 17:41:53 - Epoch Summary: TrainLoss=1.0999 | TrainAcc=0.642 | Val(P3)=0.486 | Val(AVO)=0.603
2025-09-28 17:41:53 - No P3-val improvement; patience remaining: 13/20
2025-09-28 17:41:53 - Epoch 33/500 | LR=0.009899 | w_AVO=1.000 | w_P3=2.680 | lambda_MMD=0.300
2025-09-28 17:41:54 - Epoch Summary: TrainLoss=1.2203 | TrainAcc=0.647 | Val(P3)=0.457 | Val(AVO)=0.584
2025-09-28 17:41:54 - No P3-val improvement; patience remaining: 12/20
2025-09-28 17:41:54 - Epoch 34/500 | LR=0.009893 | w_AVO=1.000 | w_P3=2.680 | lambda_MMD=0.300
2025-09-28 17:41:54 - Epoch Summary: TrainLoss=1.1994 | TrainAcc=0.645 | Val(P3)=0.457 | Val(AVO)=0.587
2025-09-28 17:41:54 - No P3-val improvement; patience remaining: 11/20
2025-09-28 17:41:54 - Epoch 35/500 | LR=0.009886 | w_AVO=1.000 | w_P3=2.680 | lambda_MMD=0.300
2025-09-28 17:41:54 - Epoch Summary: TrainLoss=1.2350 | TrainAcc=0.644 | Val(P3)=0.429 | Val(AVO)=0.606
2025-09-28 17:41:54 - No P3-val improvement; patience remaining: 10/20
2025-09-28 17:41:54 - Epoch 36/500 | LR=0.009880 | w_AVO=1.000 | w_P3=2.680 | lambda_MMD=0.300
2025-09-28 17:41:55 - Epoch Summary: TrainLoss=1.2174 | TrainAcc=0.636 | Val(P3)=0.486 | Val(AVO)=0.610
2025-09-28 17:41:55 - No P3-val improvement; patience remaining: 9/20
2025-09-28 17:41:55 - Epoch 37/500 | LR=0.009873 | w_AVO=1.000 | w_P3=2.680 | lambda_MMD=0.300
2025-09-28 17:41:55 - Epoch Summary: TrainLoss=1.2093 | TrainAcc=0.631 | Val(P3)=0.486 | Val(AVO)=0.597
2025-09-28 17:41:55 - No P3-val improvement; patience remaining: 8/20
2025-09-28 17:41:55 - Epoch 38/500 | LR=0.009865 | w_AVO=1.000 | w_P3=2.680 | lambda_MMD=0.300
2025-09-28 17:41:56 - Epoch Summary: TrainLoss=1.1994 | TrainAcc=0.638 | Val(P3)=0.486 | Val(AVO)=0.581
2025-09-28 17:41:56 - No P3-val improvement; patience remaining: 7/20
2025-09-28 17:41:56 - AVO val decreasing 3x. Reducing lambda_MMD to 0.210
2025-09-28 17:41:56 - Epoch 39/500 | LR=0.009858 | w_AVO=1.000 | w_P3=2.680 | lambda_MMD=0.210
2025-09-28 17:41:56 - Epoch Summary: TrainLoss=1.1898 | TrainAcc=0.647 | Val(P3)=0.457 | Val(AVO)=0.577
2025-09-28 17:41:56 - No P3-val improvement; patience remaining: 6/20
2025-09-28 17:41:56 - AVO val decreasing 3x. Reducing lambda_MMD to 0.210
2025-09-28 17:41:56 - Epoch 40/500 | LR=0.009851 | w_AVO=1.000 | w_P3=2.680 | lambda_MMD=0.210
2025-09-28 17:41:56 - Epoch Summary: TrainLoss=1.1941 | TrainAcc=0.641 | Val(P3)=0.457 | Val(AVO)=0.587
2025-09-28 17:41:56 - No P3-val improvement; patience remaining: 5/20
2025-09-28 17:41:56 - Epoch 41/500 | LR=0.009843 | w_AVO=1.000 | w_P3=2.680 | lambda_MMD=0.300
2025-09-28 17:41:57 - Epoch Summary: TrainLoss=1.2003 | TrainAcc=0.653 | Val(P3)=0.457 | Val(AVO)=0.577
2025-09-28 17:41:57 - No P3-val improvement; patience remaining: 4/20
2025-09-28 17:41:57 - Epoch 42/500 | LR=0.009835 | w_AVO=1.000 | w_P3=2.680 | lambda_MMD=0.300
2025-09-28 17:41:57 - Epoch Summary: TrainLoss=1.1697 | TrainAcc=0.654 | Val(P3)=0.486 | Val(AVO)=0.590
2025-09-28 17:41:57 - No P3-val improvement; patience remaining: 3/20
2025-09-28 17:41:57 - Epoch 43/500 | LR=0.009827 | w_AVO=1.000 | w_P3=2.680 | lambda_MMD=0.300
2025-09-28 17:41:57 - Epoch Summary: TrainLoss=1.1966 | TrainAcc=0.642 | Val(P3)=0.486 | Val(AVO)=0.594
2025-09-28 17:41:57 - No P3-val improvement; patience remaining: 2/20
2025-09-28 17:41:57 - Epoch 44/500 | LR=0.009819 | w_AVO=1.000 | w_P3=2.680 | lambda_MMD=0.300
2025-09-28 17:41:58 - Epoch Summary: TrainLoss=1.1890 | TrainAcc=0.634 | Val(P3)=0.457 | Val(AVO)=0.587
2025-09-28 17:41:58 - No P3-val improvement; patience remaining: 1/20
2025-09-28 17:41:58 - Epoch 45/500 | LR=0.009810 | w_AVO=1.000 | w_P3=2.680 | lambda_MMD=0.300
2025-09-28 17:41:58 - Epoch Summary: TrainLoss=1.1480 | TrainAcc=0.655 | Val(P3)=0.486 | Val(AVO)=0.600
2025-09-28 17:41:58 - No P3-val improvement; patience remaining: 0/20
2025-09-28 17:41:58 - Early stopping triggered (P3-val)
2025-09-28 17:41:58 -     P3 Test | Acc=0.6143 P=0.5833 R=0.6364 F1=0.6087 AUC=0.6241 (n=70)
2025-09-28 17:41:58 -     AVO Test | Acc=0.6220 P=0.6182 R=0.6538 F1=0.6355 AUC=0.6708 (n=619)
2025-09-28 17:41:58 -     Overall Test Acc=0.6212
2025-09-28 17:41:58 - 
==================================================
2025-09-28 17:41:58 - CROSS-VALIDATION RESULTS
2025-09-28 17:41:58 - ==================================================
2025-09-28 17:41:58 - Overall accuracy: 0.6201 ± 0.0226
2025-09-28 17:41:58 - 95% Confidence Interval: [0.6107, 0.6294]
2025-09-28 17:41:58 - P3 Dataset - Mean Accuracy: 0.5769 | 95% CI: [0.5573, 0.5965]
2025-09-28 17:41:58 - AVO Dataset - Mean Accuracy: 0.6256 | 95% CI: [0.6146, 0.6366]
2025-09-28 17:41:58 - Detailed results saved to: tfdwt_detailed_results_20250928_174158.csv
2025-09-28 17:41:58 - Summary statistics saved to: tfdwt_summary_stats_20250928_174158.csv
