2025-09-29 13:17:45 - 
==================================================
2025-09-29 13:17:45 - TF-DWT Joint Training (Auto-Adjusted)
2025-09-29 13:17:45 - ==================================================
2025-09-29 13:17:45 - 
Experiment Configuration:
2025-09-29 13:17:45 - --------------------------------------------------
2025-09-29 13:17:45 - electrode_list: all
2025-09-29 13:17:45 - fusion_method: none
2025-09-29 13:17:45 - domain_adaptation: none
2025-09-29 13:17:45 - use_enhanced_preprocessing: True
2025-09-29 13:17:45 - batch_size: 128
2025-09-29 13:17:45 - max_epochs: 500
2025-09-29 13:17:45 - learning_rate: 0.01
2025-09-29 13:17:45 - weight_decay: 0.0001
2025-09-29 13:17:45 - dropout_rate: 0.25
2025-09-29 13:17:45 - use_data_augmentation: True
2025-09-29 13:17:45 - noise_std: 0.005
2025-09-29 13:17:45 - time_shift_range: 5
2025-09-29 13:17:45 - label_smoothing: 0.05
2025-09-29 13:17:45 - trials_per_subject_P3: 10
2025-09-29 13:17:45 - trials_per_subject_AVO: 80
2025-09-29 13:17:45 - train/val/test: (0.7, 0.1, 0.2)
2025-09-29 13:17:45 - device_mode: cuda
2025-09-29 13:17:45 - --------------------------------------------------
2025-09-29 13:17:45 - 
==================================================
2025-09-29 13:17:45 - Running Nested Cross-Validation with TF-DWT
2025-09-29 13:17:45 - ==================================================
2025-09-29 13:17:45 - Loading dataset for CV: P3
2025-09-29 13:17:45 - Subject P3_sub-001: Sampled 10/80 trials
2025-09-29 13:17:45 -   Original distribution: {np.int64(0): np.float64(0.5), np.int64(1): np.float64(0.5)}
2025-09-29 13:17:45 -   Sampled distribution: {np.int64(0): np.float64(0.5), np.int64(1): np.float64(0.5)}
2025-09-29 13:17:45 - Subject P3_sub-002: Sampled 10/80 trials
2025-09-29 13:17:45 -   Original distribution: {np.int64(0): np.float64(0.5), np.int64(1): np.float64(0.5)}
2025-09-29 13:17:45 -   Sampled distribution: {np.int64(0): np.float64(0.5), np.int64(1): np.float64(0.5)}
2025-09-29 13:17:46 - Subject P3_sub-003: Sampled 10/80 trials
2025-09-29 13:17:46 -   Original distribution: {np.int64(0): np.float64(0.5), np.int64(1): np.float64(0.5)}
2025-09-29 13:17:46 -   Sampled distribution: {np.int64(0): np.float64(0.5), np.int64(1): np.float64(0.5)}
2025-09-29 13:17:46 - Subject P3_sub-004: Sampled 10/78 trials
2025-09-29 13:17:46 -   Original distribution: {np.int64(0): np.float64(0.5), np.int64(1): np.float64(0.5)}
2025-09-29 13:17:46 -   Sampled distribution: {np.int64(0): np.float64(0.5), np.int64(1): np.float64(0.5)}
2025-09-29 13:17:46 - Subject P3_sub-005: Sampled 10/80 trials
2025-09-29 13:17:46 -   Original distribution: {np.int64(0): np.float64(0.5), np.int64(1): np.float64(0.5)}
2025-09-29 13:17:46 -   Sampled distribution: {np.int64(0): np.float64(0.5), np.int64(1): np.float64(0.5)}
2025-09-29 13:17:46 - Subject P3_sub-006: Sampled 10/80 trials
2025-09-29 13:17:46 -   Original distribution: {np.int64(0): np.float64(0.5), np.int64(1): np.float64(0.5)}
2025-09-29 13:17:46 -   Sampled distribution: {np.int64(0): np.float64(0.5), np.int64(1): np.float64(0.5)}
2025-09-29 13:17:46 - Subject P3_sub-007: Sampled 10/80 trials
2025-09-29 13:17:46 -   Original distribution: {np.int64(0): np.float64(0.5), np.int64(1): np.float64(0.5)}
2025-09-29 13:17:46 -   Sampled distribution: {np.int64(0): np.float64(0.5), np.int64(1): np.float64(0.5)}
2025-09-29 13:17:46 - Subject P3_sub-008: Sampled 10/80 trials
2025-09-29 13:17:46 -   Original distribution: {np.int64(0): np.float64(0.5), np.int64(1): np.float64(0.5)}
2025-09-29 13:17:46 -   Sampled distribution: {np.int64(0): np.float64(0.5), np.int64(1): np.float64(0.5)}
2025-09-29 13:17:47 - Subject P3_sub-009: Sampled 10/80 trials
2025-09-29 13:17:47 -   Original distribution: {np.int64(0): np.float64(0.5), np.int64(1): np.float64(0.5)}
2025-09-29 13:17:47 -   Sampled distribution: {np.int64(0): np.float64(0.5), np.int64(1): np.float64(0.5)}
2025-09-29 13:17:47 - Subject P3_sub-010: Sampled 10/80 trials
2025-09-29 13:17:47 -   Original distribution: {np.int64(0): np.float64(0.5), np.int64(1): np.float64(0.5)}
2025-09-29 13:17:47 -   Sampled distribution: {np.int64(0): np.float64(0.5), np.int64(1): np.float64(0.5)}
2025-09-29 13:17:47 - Subject P3_sub-011: Sampled 10/80 trials
2025-09-29 13:17:47 -   Original distribution: {np.int64(0): np.float64(0.5), np.int64(1): np.float64(0.5)}
2025-09-29 13:17:47 -   Sampled distribution: {np.int64(0): np.float64(0.5), np.int64(1): np.float64(0.5)}
2025-09-29 13:17:47 - Subject P3_sub-012: Sampled 10/78 trials
2025-09-29 13:17:47 -   Original distribution: {np.int64(0): np.float64(0.5), np.int64(1): np.float64(0.5)}
2025-09-29 13:17:47 -   Sampled distribution: {np.int64(0): np.float64(0.5), np.int64(1): np.float64(0.5)}
2025-09-29 13:17:47 - Subject P3_sub-013: Sampled 10/80 trials
2025-09-29 13:17:47 -   Original distribution: {np.int64(0): np.float64(0.5), np.int64(1): np.float64(0.5)}
2025-09-29 13:17:47 -   Sampled distribution: {np.int64(0): np.float64(0.5), np.int64(1): np.float64(0.5)}
2025-09-29 13:17:47 - Subject P3_sub-014: Sampled 10/80 trials
2025-09-29 13:17:47 -   Original distribution: {np.int64(0): np.float64(0.5), np.int64(1): np.float64(0.5)}
2025-09-29 13:17:47 -   Sampled distribution: {np.int64(0): np.float64(0.5), np.int64(1): np.float64(0.5)}
2025-09-29 13:17:47 - Subject P3_sub-015: Sampled 10/80 trials
2025-09-29 13:17:47 -   Original distribution: {np.int64(0): np.float64(0.5), np.int64(1): np.float64(0.5)}
2025-09-29 13:17:47 -   Sampled distribution: {np.int64(0): np.float64(0.5), np.int64(1): np.float64(0.5)}
2025-09-29 13:17:48 - Subject P3_sub-016: Sampled 10/80 trials
2025-09-29 13:17:48 -   Original distribution: {np.int64(0): np.float64(0.5), np.int64(1): np.float64(0.5)}
2025-09-29 13:17:48 -   Sampled distribution: {np.int64(0): np.float64(0.5), np.int64(1): np.float64(0.5)}
2025-09-29 13:17:48 - Subject P3_sub-017: Sampled 10/80 trials
2025-09-29 13:17:48 -   Original distribution: {np.int64(0): np.float64(0.5), np.int64(1): np.float64(0.5)}
2025-09-29 13:17:48 -   Sampled distribution: {np.int64(0): np.float64(0.5), np.int64(1): np.float64(0.5)}
2025-09-29 13:17:48 - Subject P3_sub-018: Sampled 10/80 trials
2025-09-29 13:17:48 -   Original distribution: {np.int64(0): np.float64(0.5), np.int64(1): np.float64(0.5)}
2025-09-29 13:17:48 -   Sampled distribution: {np.int64(0): np.float64(0.5), np.int64(1): np.float64(0.5)}
2025-09-29 13:17:48 - Subject P3_sub-019: Sampled 10/80 trials
2025-09-29 13:17:48 -   Original distribution: {np.int64(0): np.float64(0.5), np.int64(1): np.float64(0.5)}
2025-09-29 13:17:48 -   Sampled distribution: {np.int64(0): np.float64(0.5), np.int64(1): np.float64(0.5)}
2025-09-29 13:17:48 - Subject P3_sub-020: Sampled 10/78 trials
2025-09-29 13:17:48 -   Original distribution: {np.int64(0): np.float64(0.5), np.int64(1): np.float64(0.5)}
2025-09-29 13:17:48 -   Sampled distribution: {np.int64(0): np.float64(0.5), np.int64(1): np.float64(0.5)}
2025-09-29 13:17:48 - Subject P3_sub-021: Sampled 10/80 trials
2025-09-29 13:17:48 -   Original distribution: {np.int64(0): np.float64(0.5), np.int64(1): np.float64(0.5)}
2025-09-29 13:17:48 -   Sampled distribution: {np.int64(0): np.float64(0.5), np.int64(1): np.float64(0.5)}
2025-09-29 13:17:48 - Subject P3_sub-022: Sampled 10/80 trials
2025-09-29 13:17:48 -   Original distribution: {np.int64(0): np.float64(0.5), np.int64(1): np.float64(0.5)}
2025-09-29 13:17:48 -   Sampled distribution: {np.int64(0): np.float64(0.5), np.int64(1): np.float64(0.5)}
2025-09-29 13:17:49 - Subject P3_sub-023: Sampled 10/78 trials
2025-09-29 13:17:49 -   Original distribution: {np.int64(0): np.float64(0.5), np.int64(1): np.float64(0.5)}
2025-09-29 13:17:49 -   Sampled distribution: {np.int64(0): np.float64(0.5), np.int64(1): np.float64(0.5)}
2025-09-29 13:17:49 - Subject P3_sub-024: Sampled 10/80 trials
2025-09-29 13:17:49 -   Original distribution: {np.int64(0): np.float64(0.5), np.int64(1): np.float64(0.5)}
2025-09-29 13:17:49 -   Sampled distribution: {np.int64(0): np.float64(0.5), np.int64(1): np.float64(0.5)}
2025-09-29 13:17:49 - Subject P3_sub-025: Sampled 10/80 trials
2025-09-29 13:17:49 -   Original distribution: {np.int64(0): np.float64(0.5), np.int64(1): np.float64(0.5)}
2025-09-29 13:17:49 -   Sampled distribution: {np.int64(0): np.float64(0.5), np.int64(1): np.float64(0.5)}
2025-09-29 13:17:49 - Subject P3_sub-026: Sampled 10/80 trials
2025-09-29 13:17:49 -   Original distribution: {np.int64(0): np.float64(0.5), np.int64(1): np.float64(0.5)}
2025-09-29 13:17:49 -   Sampled distribution: {np.int64(0): np.float64(0.5), np.int64(1): np.float64(0.5)}
2025-09-29 13:17:49 - Subject P3_sub-027: Sampled 10/80 trials
2025-09-29 13:17:49 -   Original distribution: {np.int64(0): np.float64(0.5), np.int64(1): np.float64(0.5)}
2025-09-29 13:17:49 -   Sampled distribution: {np.int64(0): np.float64(0.5), np.int64(1): np.float64(0.5)}
2025-09-29 13:17:49 - Subject P3_sub-028: Sampled 10/80 trials
2025-09-29 13:17:49 -   Original distribution: {np.int64(0): np.float64(0.5), np.int64(1): np.float64(0.5)}
2025-09-29 13:17:49 -   Sampled distribution: {np.int64(0): np.float64(0.5), np.int64(1): np.float64(0.5)}
2025-09-29 13:17:49 - Subject P3_sub-029: Sampled 10/80 trials
2025-09-29 13:17:49 -   Original distribution: {np.int64(0): np.float64(0.5), np.int64(1): np.float64(0.5)}
2025-09-29 13:17:49 -   Sampled distribution: {np.int64(0): np.float64(0.5), np.int64(1): np.float64(0.5)}
2025-09-29 13:17:50 - Subject P3_sub-030: Sampled 10/80 trials
2025-09-29 13:17:50 -   Original distribution: {np.int64(0): np.float64(0.5), np.int64(1): np.float64(0.5)}
2025-09-29 13:17:50 -   Sampled distribution: {np.int64(0): np.float64(0.5), np.int64(1): np.float64(0.5)}
2025-09-29 13:17:50 - Subject P3_sub-031: Sampled 10/80 trials
2025-09-29 13:17:50 -   Original distribution: {np.int64(0): np.float64(0.5), np.int64(1): np.float64(0.5)}
2025-09-29 13:17:50 -   Sampled distribution: {np.int64(0): np.float64(0.5), np.int64(1): np.float64(0.5)}
2025-09-29 13:17:50 - Subject P3_sub-032: Sampled 10/80 trials
2025-09-29 13:17:50 -   Original distribution: {np.int64(0): np.float64(0.5), np.int64(1): np.float64(0.5)}
2025-09-29 13:17:50 -   Sampled distribution: {np.int64(0): np.float64(0.5), np.int64(1): np.float64(0.5)}
2025-09-29 13:17:50 - Subject P3_sub-033: Sampled 10/80 trials
2025-09-29 13:17:50 -   Original distribution: {np.int64(0): np.float64(0.5), np.int64(1): np.float64(0.5)}
2025-09-29 13:17:50 -   Sampled distribution: {np.int64(0): np.float64(0.5), np.int64(1): np.float64(0.5)}
2025-09-29 13:17:50 - Subject P3_sub-034: Sampled 10/80 trials
2025-09-29 13:17:50 -   Original distribution: {np.int64(0): np.float64(0.5), np.int64(1): np.float64(0.5)}
2025-09-29 13:17:50 -   Sampled distribution: {np.int64(0): np.float64(0.5), np.int64(1): np.float64(0.5)}
2025-09-29 13:17:50 - Subject P3_sub-035: Sampled 10/78 trials
2025-09-29 13:17:50 -   Original distribution: {np.int64(0): np.float64(0.5), np.int64(1): np.float64(0.5)}
2025-09-29 13:17:50 -   Sampled distribution: {np.int64(0): np.float64(0.5), np.int64(1): np.float64(0.5)}
2025-09-29 13:17:51 - Subject P3_sub-036: Sampled 10/80 trials
2025-09-29 13:17:51 -   Original distribution: {np.int64(0): np.float64(0.5), np.int64(1): np.float64(0.5)}
2025-09-29 13:17:51 -   Sampled distribution: {np.int64(0): np.float64(0.5), np.int64(1): np.float64(0.5)}
2025-09-29 13:17:51 - Subject P3_sub-037: Sampled 10/78 trials
2025-09-29 13:17:51 -   Original distribution: {np.int64(0): np.float64(0.5), np.int64(1): np.float64(0.5)}
2025-09-29 13:17:51 -   Sampled distribution: {np.int64(0): np.float64(0.5), np.int64(1): np.float64(0.5)}
2025-09-29 13:17:51 - Subject P3_sub-038: Sampled 10/80 trials
2025-09-29 13:17:51 -   Original distribution: {np.int64(0): np.float64(0.5), np.int64(1): np.float64(0.5)}
2025-09-29 13:17:51 -   Sampled distribution: {np.int64(0): np.float64(0.5), np.int64(1): np.float64(0.5)}
2025-09-29 13:17:51 - Subject P3_sub-039: Sampled 10/80 trials
2025-09-29 13:17:51 -   Original distribution: {np.int64(0): np.float64(0.5), np.int64(1): np.float64(0.5)}
2025-09-29 13:17:51 -   Sampled distribution: {np.int64(0): np.float64(0.5), np.int64(1): np.float64(0.5)}
2025-09-29 13:17:51 - Subject P3_sub-040: Sampled 10/80 trials
2025-09-29 13:17:51 -   Original distribution: {np.int64(0): np.float64(0.5), np.int64(1): np.float64(0.5)}
2025-09-29 13:17:51 -   Sampled distribution: {np.int64(0): np.float64(0.5), np.int64(1): np.float64(0.5)}
2025-09-29 13:17:51 - Loading dataset for CV: AVO
2025-09-29 13:18:02 - Subject AVO_038: Sampled 80/100 trials
2025-09-29 13:18:02 -   Original distribution: {np.int64(0): np.float64(0.5), np.int64(1): np.float64(0.5)}
2025-09-29 13:18:02 -   Sampled distribution: {np.int64(0): np.float64(0.5), np.int64(1): np.float64(0.5)}
2025-09-29 13:18:02 - Subject AVO_032: Sampled 80/96 trials
2025-09-29 13:18:02 -   Original distribution: {np.int64(0): np.float64(0.5), np.int64(1): np.float64(0.5)}
2025-09-29 13:18:02 -   Sampled distribution: {np.int64(0): np.float64(0.5), np.int64(1): np.float64(0.5)}
2025-09-29 13:18:02 - Subject AVO_047: Sampled 80/94 trials
2025-09-29 13:18:02 -   Original distribution: {np.int64(0): np.float64(0.5), np.int64(1): np.float64(0.5)}
2025-09-29 13:18:02 -   Sampled distribution: {np.int64(0): np.float64(0.5), np.int64(1): np.float64(0.5)}
2025-09-29 13:18:02 - Subject AVO_024: Sampled 80/92 trials
2025-09-29 13:18:02 -   Original distribution: {np.int64(0): np.float64(0.5), np.int64(1): np.float64(0.5)}
2025-09-29 13:18:02 -   Sampled distribution: {np.int64(0): np.float64(0.5), np.int64(1): np.float64(0.5)}
2025-09-29 13:18:03 - Subject AVO_003: Sampled 80/88 trials
2025-09-29 13:18:03 -   Original distribution: {np.int64(0): np.float64(0.5), np.int64(1): np.float64(0.5)}
2025-09-29 13:18:03 -   Sampled distribution: {np.int64(0): np.float64(0.5), np.int64(1): np.float64(0.5)}
2025-09-29 13:18:03 - Subject AVO_031: Sampled 80/88 trials
2025-09-29 13:18:03 -   Original distribution: {np.int64(0): np.float64(0.5), np.int64(1): np.float64(0.5)}
2025-09-29 13:18:03 -   Sampled distribution: {np.int64(0): np.float64(0.5), np.int64(1): np.float64(0.5)}
2025-09-29 13:18:03 - Subject AVO_035: Sampled 80/88 trials
2025-09-29 13:18:03 -   Original distribution: {np.int64(0): np.float64(0.5), np.int64(1): np.float64(0.5)}
2025-09-29 13:18:03 -   Sampled distribution: {np.int64(0): np.float64(0.5), np.int64(1): np.float64(0.5)}
2025-09-29 13:18:03 - Subject AVO_048: Sampled 80/88 trials
2025-09-29 13:18:03 -   Original distribution: {np.int64(0): np.float64(0.5), np.int64(1): np.float64(0.5)}
2025-09-29 13:18:03 -   Sampled distribution: {np.int64(0): np.float64(0.5), np.int64(1): np.float64(0.5)}
2025-09-29 13:18:03 - Subject AVO_037: Sampled 80/86 trials
2025-09-29 13:18:03 -   Original distribution: {np.int64(0): np.float64(0.5), np.int64(1): np.float64(0.5)}
2025-09-29 13:18:03 -   Sampled distribution: {np.int64(0): np.float64(0.5), np.int64(1): np.float64(0.5)}
2025-09-29 13:18:03 - Subject AVO_041: Sampled 80/86 trials
2025-09-29 13:18:03 -   Original distribution: {np.int64(0): np.float64(0.5), np.int64(1): np.float64(0.5)}
2025-09-29 13:18:03 -   Sampled distribution: {np.int64(0): np.float64(0.5), np.int64(1): np.float64(0.5)}
2025-09-29 13:18:03 - Subject AVO_004: Sampled 80/84 trials
2025-09-29 13:18:03 -   Original distribution: {np.int64(0): np.float64(0.5), np.int64(1): np.float64(0.5)}
2025-09-29 13:18:03 -   Sampled distribution: {np.int64(0): np.float64(0.5), np.int64(1): np.float64(0.5)}
2025-09-29 13:18:03 - Subject AVO_029: Sampled 80/84 trials
2025-09-29 13:18:03 -   Original distribution: {np.int64(0): np.float64(0.5), np.int64(1): np.float64(0.5)}
2025-09-29 13:18:03 -   Sampled distribution: {np.int64(0): np.float64(0.5), np.int64(1): np.float64(0.5)}
2025-09-29 13:18:03 - Subject AVO_036: Sampled 80/84 trials
2025-09-29 13:18:03 -   Original distribution: {np.int64(0): np.float64(0.5), np.int64(1): np.float64(0.5)}
2025-09-29 13:18:03 -   Sampled distribution: {np.int64(0): np.float64(0.5), np.int64(1): np.float64(0.5)}
2025-09-29 13:18:04 - Subject AVO_040: Sampled 80/84 trials
2025-09-29 13:18:04 -   Original distribution: {np.int64(0): np.float64(0.5), np.int64(1): np.float64(0.5)}
2025-09-29 13:18:04 -   Sampled distribution: {np.int64(0): np.float64(0.5), np.int64(1): np.float64(0.5)}
2025-09-29 13:18:04 - Subject AVO_051: Sampled 80/84 trials
2025-09-29 13:18:04 -   Original distribution: {np.int64(0): np.float64(0.5), np.int64(1): np.float64(0.5)}
2025-09-29 13:18:04 -   Sampled distribution: {np.int64(0): np.float64(0.5), np.int64(1): np.float64(0.5)}
2025-09-29 13:18:04 - Subject AVO_026: Sampled 80/82 trials
2025-09-29 13:18:04 -   Original distribution: {np.int64(0): np.float64(0.5), np.int64(1): np.float64(0.5)}
2025-09-29 13:18:04 -   Sampled distribution: {np.int64(0): np.float64(0.5), np.int64(1): np.float64(0.5)}
2025-09-29 13:18:04 - Subject AVO_028: Sampled 80/82 trials
2025-09-29 13:18:04 -   Original distribution: {np.int64(0): np.float64(0.5), np.int64(1): np.float64(0.5)}
2025-09-29 13:18:04 -   Sampled distribution: {np.int64(0): np.float64(0.5), np.int64(1): np.float64(0.5)}
2025-09-29 13:18:07 - Combined dataset summary: total=3450, P3=400, AVO=3050
2025-09-29 13:18:07 - Repeat 1/5
2025-09-29 13:18:07 -   Fold 1/5
2025-09-29 13:18:07 - Fold domains: small=P3 (n=279), large=AVO (n=2136)
2025-09-29 13:18:07 - Auto adjustments (symmetric): w_small≈1.000, lambda_MMD_target=0.300, warmup_epochs=5
2025-09-29 13:18:07 - Epoch 1/500 | LR=0.010000 | w_AVO=1.000 | w_P3=1.353 | lambda_MMD=0.060
2025-09-29 13:18:08 - Epoch Summary: TrainLoss=1.5859 | TrainAcc=0.581 | Val(P3)=0.735 | Val(AVO)=0.601
2025-09-29 13:18:08 - New best P3-val; checkpoint updated
2025-09-29 13:18:08 - Epoch 2/500 | LR=0.010000 | w_AVO=1.000 | w_P3=1.707 | lambda_MMD=0.120
2025-09-29 13:18:08 - Epoch Summary: TrainLoss=1.7244 | TrainAcc=0.608 | Val(P3)=0.647 | Val(AVO)=0.621
2025-09-29 13:18:08 - No P3-val improvement; patience remaining: 49/50
2025-09-29 13:18:08 - Epoch 3/500 | LR=0.010000 | w_AVO=1.000 | w_P3=2.060 | lambda_MMD=0.180
2025-09-29 13:18:08 - Epoch Summary: TrainLoss=1.9444 | TrainAcc=0.627 | Val(P3)=0.618 | Val(AVO)=0.624
2025-09-29 13:18:08 - No P3-val improvement; patience remaining: 48/50
2025-09-29 13:18:08 - P3 val decreasing 3x. Reducing w_small to 1.931, lambda_MMD to 0.120
2025-09-29 13:18:08 - Epoch 4/500 | LR=0.009999 | w_AVO=1.000 | w_P3=1.931 | lambda_MMD=0.120
2025-09-29 13:18:08 - Epoch Summary: TrainLoss=1.8083 | TrainAcc=0.625 | Val(P3)=0.647 | Val(AVO)=0.621
2025-09-29 13:18:08 - No P3-val improvement; patience remaining: 47/50
2025-09-29 13:18:08 - Epoch 5/500 | LR=0.009998 | w_AVO=1.000 | w_P3=2.767 | lambda_MMD=0.300
2025-09-29 13:18:08 - Epoch Summary: TrainLoss=2.3006 | TrainAcc=0.616 | Val(P3)=0.647 | Val(AVO)=0.650
2025-09-29 13:18:08 - No P3-val improvement; patience remaining: 46/50
2025-09-29 13:18:08 - Epoch 6/500 | LR=0.009998 | w_AVO=1.000 | w_P3=2.767 | lambda_MMD=0.300
2025-09-29 13:18:08 - Epoch Summary: TrainLoss=2.2591 | TrainAcc=0.619 | Val(P3)=0.588 | Val(AVO)=0.585
2025-09-29 13:18:08 - No P3-val improvement; patience remaining: 45/50
2025-09-29 13:18:08 - Epoch 7/500 | LR=0.009996 | w_AVO=1.000 | w_P3=2.767 | lambda_MMD=0.300
2025-09-29 13:18:09 - Epoch Summary: TrainLoss=2.1598 | TrainAcc=0.616 | Val(P3)=0.647 | Val(AVO)=0.650
2025-09-29 13:18:09 - No P3-val improvement; patience remaining: 44/50
2025-09-29 13:18:09 - Epoch 8/500 | LR=0.009995 | w_AVO=1.000 | w_P3=2.767 | lambda_MMD=0.300
2025-09-29 13:18:09 - Epoch Summary: TrainLoss=2.0977 | TrainAcc=0.634 | Val(P3)=0.676 | Val(AVO)=0.662
2025-09-29 13:18:09 - No P3-val improvement; patience remaining: 43/50
2025-09-29 13:18:09 - Epoch 9/500 | LR=0.009994 | w_AVO=1.000 | w_P3=2.767 | lambda_MMD=0.300
2025-09-29 13:18:09 - Epoch Summary: TrainLoss=2.0269 | TrainAcc=0.637 | Val(P3)=0.647 | Val(AVO)=0.653
2025-09-29 13:18:09 - No P3-val improvement; patience remaining: 42/50
2025-09-29 13:18:09 - Epoch 10/500 | LR=0.009992 | w_AVO=1.000 | w_P3=2.767 | lambda_MMD=0.300
2025-09-29 13:18:09 - Epoch Summary: TrainLoss=1.9814 | TrainAcc=0.642 | Val(P3)=0.706 | Val(AVO)=0.675
2025-09-29 13:18:09 - No P3-val improvement; patience remaining: 41/50
2025-09-29 13:18:09 - Epoch 11/500 | LR=0.009990 | w_AVO=1.000 | w_P3=2.767 | lambda_MMD=0.300
2025-09-29 13:18:09 - Epoch Summary: TrainLoss=1.9543 | TrainAcc=0.634 | Val(P3)=0.706 | Val(AVO)=0.646
2025-09-29 13:18:09 - No P3-val improvement; patience remaining: 40/50
2025-09-29 13:18:09 - Epoch 12/500 | LR=0.009988 | w_AVO=1.000 | w_P3=2.767 | lambda_MMD=0.300
2025-09-29 13:18:09 - Epoch Summary: TrainLoss=1.8786 | TrainAcc=0.646 | Val(P3)=0.647 | Val(AVO)=0.633
2025-09-29 13:18:09 - No P3-val improvement; patience remaining: 39/50
2025-09-29 13:18:09 - AVO val decreasing 3x. Reducing lambda_MMD to 0.210
2025-09-29 13:18:09 - Epoch 13/500 | LR=0.009986 | w_AVO=1.000 | w_P3=2.767 | lambda_MMD=0.210
2025-09-29 13:18:10 - Epoch Summary: TrainLoss=1.8115 | TrainAcc=0.653 | Val(P3)=0.647 | Val(AVO)=0.630
2025-09-29 13:18:10 - No P3-val improvement; patience remaining: 38/50
2025-09-29 13:18:10 - AVO val decreasing 3x. Reducing lambda_MMD to 0.210
2025-09-29 13:18:10 - Epoch 14/500 | LR=0.009983 | w_AVO=1.000 | w_P3=2.767 | lambda_MMD=0.210
2025-09-29 13:18:10 - Epoch Summary: TrainLoss=1.8095 | TrainAcc=0.636 | Val(P3)=0.676 | Val(AVO)=0.643
2025-09-29 13:18:10 - No P3-val improvement; patience remaining: 37/50
2025-09-29 13:18:10 - Epoch 15/500 | LR=0.009981 | w_AVO=1.000 | w_P3=2.767 | lambda_MMD=0.300
2025-09-29 13:18:10 - Epoch Summary: TrainLoss=1.7936 | TrainAcc=0.646 | Val(P3)=0.618 | Val(AVO)=0.637
2025-09-29 13:18:10 - No P3-val improvement; patience remaining: 36/50
2025-09-29 13:18:10 - Epoch 16/500 | LR=0.009978 | w_AVO=1.000 | w_P3=2.767 | lambda_MMD=0.300
2025-09-29 13:18:10 - Epoch Summary: TrainLoss=1.7395 | TrainAcc=0.653 | Val(P3)=0.676 | Val(AVO)=0.621
2025-09-29 13:18:10 - No P3-val improvement; patience remaining: 35/50
2025-09-29 13:18:10 - AVO val decreasing 3x. Reducing lambda_MMD to 0.210
2025-09-29 13:18:10 - Epoch 17/500 | LR=0.009975 | w_AVO=1.000 | w_P3=2.767 | lambda_MMD=0.210
2025-09-29 13:18:10 - Epoch Summary: TrainLoss=1.7643 | TrainAcc=0.646 | Val(P3)=0.735 | Val(AVO)=0.611
2025-09-29 13:18:10 - No P3-val improvement; patience remaining: 34/50
2025-09-29 13:18:10 - AVO val decreasing 3x. Reducing lambda_MMD to 0.210
2025-09-29 13:18:10 - Epoch 18/500 | LR=0.009972 | w_AVO=1.000 | w_P3=2.767 | lambda_MMD=0.210
2025-09-29 13:18:10 - Epoch Summary: TrainLoss=1.6536 | TrainAcc=0.654 | Val(P3)=0.618 | Val(AVO)=0.621
2025-09-29 13:18:10 - No P3-val improvement; patience remaining: 33/50
2025-09-29 13:18:10 - Epoch 19/500 | LR=0.009968 | w_AVO=1.000 | w_P3=2.767 | lambda_MMD=0.300
2025-09-29 13:18:11 - Epoch Summary: TrainLoss=1.6347 | TrainAcc=0.654 | Val(P3)=0.706 | Val(AVO)=0.611
2025-09-29 13:18:11 - No P3-val improvement; patience remaining: 32/50
2025-09-29 13:18:11 - Epoch 20/500 | LR=0.009964 | w_AVO=1.000 | w_P3=2.767 | lambda_MMD=0.300
2025-09-29 13:18:11 - Epoch Summary: TrainLoss=1.5584 | TrainAcc=0.669 | Val(P3)=0.765 | Val(AVO)=0.637
2025-09-29 13:18:11 - New best P3-val; checkpoint updated
2025-09-29 13:18:11 - Epoch 21/500 | LR=0.009961 | w_AVO=1.000 | w_P3=2.767 | lambda_MMD=0.300
2025-09-29 13:18:11 - Epoch Summary: TrainLoss=1.5534 | TrainAcc=0.669 | Val(P3)=0.676 | Val(AVO)=0.621
2025-09-29 13:18:11 - No P3-val improvement; patience remaining: 49/50
2025-09-29 13:18:11 - Epoch 22/500 | LR=0.009957 | w_AVO=1.000 | w_P3=2.767 | lambda_MMD=0.300
2025-09-29 13:18:11 - Epoch Summary: TrainLoss=1.4819 | TrainAcc=0.667 | Val(P3)=0.706 | Val(AVO)=0.637
2025-09-29 13:18:11 - No P3-val improvement; patience remaining: 48/50
2025-09-29 13:18:11 - Epoch 23/500 | LR=0.009952 | w_AVO=1.000 | w_P3=2.767 | lambda_MMD=0.300
2025-09-29 13:18:11 - Epoch Summary: TrainLoss=1.4599 | TrainAcc=0.671 | Val(P3)=0.735 | Val(AVO)=0.640
2025-09-29 13:18:11 - No P3-val improvement; patience remaining: 47/50
2025-09-29 13:18:11 - Epoch 24/500 | LR=0.009948 | w_AVO=1.000 | w_P3=2.767 | lambda_MMD=0.300
2025-09-29 13:18:11 - Epoch Summary: TrainLoss=1.4327 | TrainAcc=0.681 | Val(P3)=0.735 | Val(AVO)=0.640
2025-09-29 13:18:11 - No P3-val improvement; patience remaining: 46/50
2025-09-29 13:18:11 - Epoch 25/500 | LR=0.009943 | w_AVO=1.000 | w_P3=2.767 | lambda_MMD=0.300
2025-09-29 13:18:12 - Epoch Summary: TrainLoss=1.3991 | TrainAcc=0.674 | Val(P3)=0.735 | Val(AVO)=0.614
2025-09-29 13:18:12 - No P3-val improvement; patience remaining: 45/50
2025-09-29 13:18:12 - Epoch 26/500 | LR=0.009938 | w_AVO=1.000 | w_P3=2.767 | lambda_MMD=0.300
2025-09-29 13:18:12 - Epoch Summary: TrainLoss=1.3464 | TrainAcc=0.686 | Val(P3)=0.647 | Val(AVO)=0.592
2025-09-29 13:18:12 - No P3-val improvement; patience remaining: 44/50
2025-09-29 13:18:12 - AVO val decreasing 3x. Reducing lambda_MMD to 0.210
2025-09-29 13:18:12 - Epoch 27/500 | LR=0.009933 | w_AVO=1.000 | w_P3=2.767 | lambda_MMD=0.210
2025-09-29 13:18:12 - Epoch Summary: TrainLoss=1.3129 | TrainAcc=0.670 | Val(P3)=0.647 | Val(AVO)=0.624
2025-09-29 13:18:12 - No P3-val improvement; patience remaining: 43/50
2025-09-29 13:18:12 - Epoch 28/500 | LR=0.009928 | w_AVO=1.000 | w_P3=2.767 | lambda_MMD=0.300
2025-09-29 13:18:12 - Epoch Summary: TrainLoss=1.3503 | TrainAcc=0.662 | Val(P3)=0.647 | Val(AVO)=0.617
2025-09-29 13:18:12 - No P3-val improvement; patience remaining: 42/50
2025-09-29 13:18:12 - Epoch 29/500 | LR=0.009923 | w_AVO=1.000 | w_P3=2.767 | lambda_MMD=0.300
2025-09-29 13:18:12 - Epoch Summary: TrainLoss=1.2798 | TrainAcc=0.682 | Val(P3)=0.735 | Val(AVO)=0.608
2025-09-29 13:18:12 - No P3-val improvement; patience remaining: 41/50
2025-09-29 13:18:12 - AVO val decreasing 3x. Reducing lambda_MMD to 0.210
2025-09-29 13:18:12 - Epoch 30/500 | LR=0.009917 | w_AVO=1.000 | w_P3=2.767 | lambda_MMD=0.210
2025-09-29 13:18:12 - Epoch Summary: TrainLoss=1.2497 | TrainAcc=0.680 | Val(P3)=0.647 | Val(AVO)=0.601
2025-09-29 13:18:12 - No P3-val improvement; patience remaining: 40/50
2025-09-29 13:18:12 - AVO val decreasing 3x. Reducing lambda_MMD to 0.210
2025-09-29 13:18:12 - Epoch 31/500 | LR=0.009911 | w_AVO=1.000 | w_P3=2.767 | lambda_MMD=0.210
2025-09-29 13:18:13 - Epoch Summary: TrainLoss=1.2082 | TrainAcc=0.684 | Val(P3)=0.618 | Val(AVO)=0.601
2025-09-29 13:18:13 - No P3-val improvement; patience remaining: 39/50
2025-09-29 13:18:13 - P3 val decreasing 3x. Reducing w_small to 2.214, lambda_MMD to 0.150
2025-09-29 13:18:13 - Epoch 32/500 | LR=0.009905 | w_AVO=1.000 | w_P3=2.214 | lambda_MMD=0.150
2025-09-29 13:18:13 - Epoch Summary: TrainLoss=1.0636 | TrainAcc=0.684 | Val(P3)=0.647 | Val(AVO)=0.624
2025-09-29 13:18:13 - No P3-val improvement; patience remaining: 38/50
2025-09-29 13:18:13 - Epoch 33/500 | LR=0.009899 | w_AVO=1.000 | w_P3=2.767 | lambda_MMD=0.300
2025-09-29 13:18:13 - Epoch Summary: TrainLoss=1.2019 | TrainAcc=0.692 | Val(P3)=0.618 | Val(AVO)=0.624
2025-09-29 13:18:13 - No P3-val improvement; patience remaining: 37/50
2025-09-29 13:18:13 - Epoch 34/500 | LR=0.009893 | w_AVO=1.000 | w_P3=2.767 | lambda_MMD=0.300
2025-09-29 13:18:13 - Epoch Summary: TrainLoss=1.1806 | TrainAcc=0.687 | Val(P3)=0.647 | Val(AVO)=0.611
2025-09-29 13:18:13 - No P3-val improvement; patience remaining: 36/50
2025-09-29 13:18:13 - Epoch 35/500 | LR=0.009886 | w_AVO=1.000 | w_P3=2.767 | lambda_MMD=0.300
2025-09-29 13:18:13 - Epoch Summary: TrainLoss=1.1839 | TrainAcc=0.680 | Val(P3)=0.647 | Val(AVO)=0.627
2025-09-29 13:18:13 - No P3-val improvement; patience remaining: 35/50
2025-09-29 13:18:13 - Epoch 36/500 | LR=0.009880 | w_AVO=1.000 | w_P3=2.767 | lambda_MMD=0.300
2025-09-29 13:18:13 - Epoch Summary: TrainLoss=1.1225 | TrainAcc=0.697 | Val(P3)=0.647 | Val(AVO)=0.627
2025-09-29 13:18:13 - No P3-val improvement; patience remaining: 34/50
2025-09-29 13:18:13 - Epoch 37/500 | LR=0.009873 | w_AVO=1.000 | w_P3=2.767 | lambda_MMD=0.300
2025-09-29 13:18:14 - Epoch Summary: TrainLoss=1.0941 | TrainAcc=0.694 | Val(P3)=0.676 | Val(AVO)=0.627
2025-09-29 13:18:14 - No P3-val improvement; patience remaining: 33/50
2025-09-29 13:18:14 - Epoch 38/500 | LR=0.009865 | w_AVO=1.000 | w_P3=2.767 | lambda_MMD=0.300
2025-09-29 13:18:14 - Epoch Summary: TrainLoss=1.0555 | TrainAcc=0.702 | Val(P3)=0.647 | Val(AVO)=0.633
2025-09-29 13:18:14 - No P3-val improvement; patience remaining: 32/50
2025-09-29 13:18:14 - Epoch 39/500 | LR=0.009858 | w_AVO=1.000 | w_P3=2.767 | lambda_MMD=0.300
2025-09-29 13:18:14 - Epoch Summary: TrainLoss=1.0443 | TrainAcc=0.699 | Val(P3)=0.618 | Val(AVO)=0.601
2025-09-29 13:18:14 - No P3-val improvement; patience remaining: 31/50
2025-09-29 13:18:14 - P3 val decreasing 3x. Reducing w_small to 2.214, lambda_MMD to 0.150
2025-09-29 13:18:14 - Epoch 40/500 | LR=0.009851 | w_AVO=1.000 | w_P3=2.214 | lambda_MMD=0.150
2025-09-29 13:18:14 - Epoch Summary: TrainLoss=0.9177 | TrainAcc=0.710 | Val(P3)=0.529 | Val(AVO)=0.595
2025-09-29 13:18:14 - No P3-val improvement; patience remaining: 30/50
2025-09-29 13:18:14 - P3 val decreasing 3x. Reducing w_small to 2.214, lambda_MMD to 0.150
2025-09-29 13:18:14 - AVO val decreasing 3x. Reducing lambda_MMD to 0.105
2025-09-29 13:18:14 - Epoch 41/500 | LR=0.009843 | w_AVO=1.000 | w_P3=2.214 | lambda_MMD=0.105
2025-09-29 13:18:14 - Epoch Summary: TrainLoss=0.9237 | TrainAcc=0.702 | Val(P3)=0.676 | Val(AVO)=0.643
2025-09-29 13:18:14 - No P3-val improvement; patience remaining: 29/50
2025-09-29 13:18:14 - Epoch 42/500 | LR=0.009835 | w_AVO=1.000 | w_P3=2.767 | lambda_MMD=0.300
2025-09-29 13:18:14 - Epoch Summary: TrainLoss=1.0256 | TrainAcc=0.708 | Val(P3)=0.647 | Val(AVO)=0.633
2025-09-29 13:18:14 - No P3-val improvement; patience remaining: 28/50
2025-09-29 13:18:14 - Epoch 43/500 | LR=0.009827 | w_AVO=1.000 | w_P3=2.767 | lambda_MMD=0.300
2025-09-29 13:18:15 - Epoch Summary: TrainLoss=0.9893 | TrainAcc=0.703 | Val(P3)=0.647 | Val(AVO)=0.611
2025-09-29 13:18:15 - No P3-val improvement; patience remaining: 27/50
2025-09-29 13:18:15 - AVO val decreasing 3x. Reducing lambda_MMD to 0.210
2025-09-29 13:18:15 - Epoch 44/500 | LR=0.009819 | w_AVO=1.000 | w_P3=2.767 | lambda_MMD=0.210
2025-09-29 13:18:15 - Epoch Summary: TrainLoss=0.9593 | TrainAcc=0.709 | Val(P3)=0.647 | Val(AVO)=0.608
2025-09-29 13:18:15 - No P3-val improvement; patience remaining: 26/50
2025-09-29 13:18:15 - AVO val decreasing 3x. Reducing lambda_MMD to 0.210
2025-09-29 13:18:15 - Epoch 45/500 | LR=0.009810 | w_AVO=1.000 | w_P3=2.767 | lambda_MMD=0.210
2025-09-29 13:18:15 - Epoch Summary: TrainLoss=0.9390 | TrainAcc=0.706 | Val(P3)=0.676 | Val(AVO)=0.624
2025-09-29 13:18:15 - No P3-val improvement; patience remaining: 25/50
2025-09-29 13:18:15 - Epoch 46/500 | LR=0.009801 | w_AVO=1.000 | w_P3=2.767 | lambda_MMD=0.300
2025-09-29 13:18:15 - Epoch Summary: TrainLoss=0.9174 | TrainAcc=0.721 | Val(P3)=0.647 | Val(AVO)=0.605
2025-09-29 13:18:15 - No P3-val improvement; patience remaining: 24/50
2025-09-29 13:18:15 - Epoch 47/500 | LR=0.009793 | w_AVO=1.000 | w_P3=2.767 | lambda_MMD=0.300
2025-09-29 13:18:15 - Epoch Summary: TrainLoss=0.9305 | TrainAcc=0.712 | Val(P3)=0.618 | Val(AVO)=0.617
2025-09-29 13:18:15 - No P3-val improvement; patience remaining: 23/50
2025-09-29 13:18:15 - P3 val decreasing 3x. Reducing w_small to 2.214, lambda_MMD to 0.150
2025-09-29 13:18:15 - Epoch 48/500 | LR=0.009784 | w_AVO=1.000 | w_P3=2.214 | lambda_MMD=0.150
2025-09-29 13:18:15 - Epoch Summary: TrainLoss=0.8455 | TrainAcc=0.721 | Val(P3)=0.676 | Val(AVO)=0.624
2025-09-29 13:18:15 - No P3-val improvement; patience remaining: 22/50
2025-09-29 13:18:15 - Epoch 49/500 | LR=0.009774 | w_AVO=1.000 | w_P3=2.767 | lambda_MMD=0.300
2025-09-29 13:18:16 - Epoch Summary: TrainLoss=0.8997 | TrainAcc=0.723 | Val(P3)=0.676 | Val(AVO)=0.633
2025-09-29 13:18:16 - No P3-val improvement; patience remaining: 21/50
2025-09-29 13:18:16 - Epoch 50/500 | LR=0.009765 | w_AVO=1.000 | w_P3=2.767 | lambda_MMD=0.300
2025-09-29 13:18:16 - Epoch Summary: TrainLoss=0.9425 | TrainAcc=0.713 | Val(P3)=0.647 | Val(AVO)=0.576
2025-09-29 13:18:16 - No P3-val improvement; patience remaining: 20/50
2025-09-29 13:18:16 - Epoch 51/500 | LR=0.009755 | w_AVO=1.000 | w_P3=2.767 | lambda_MMD=0.300
2025-09-29 13:18:16 - Epoch Summary: TrainLoss=0.9347 | TrainAcc=0.702 | Val(P3)=0.706 | Val(AVO)=0.627
2025-09-29 13:18:16 - No P3-val improvement; patience remaining: 19/50
2025-09-29 13:18:16 - Epoch 52/500 | LR=0.009745 | w_AVO=1.000 | w_P3=2.767 | lambda_MMD=0.300
2025-09-29 13:18:16 - Epoch Summary: TrainLoss=0.8436 | TrainAcc=0.724 | Val(P3)=0.618 | Val(AVO)=0.624
2025-09-29 13:18:16 - No P3-val improvement; patience remaining: 18/50
2025-09-29 13:18:16 - Epoch 53/500 | LR=0.009735 | w_AVO=1.000 | w_P3=2.767 | lambda_MMD=0.300
2025-09-29 13:18:16 - Epoch Summary: TrainLoss=0.8773 | TrainAcc=0.723 | Val(P3)=0.735 | Val(AVO)=0.630
2025-09-29 13:18:16 - No P3-val improvement; patience remaining: 17/50
2025-09-29 13:18:16 - Epoch 54/500 | LR=0.009725 | w_AVO=1.000 | w_P3=2.767 | lambda_MMD=0.300
2025-09-29 13:18:16 - Epoch Summary: TrainLoss=0.8327 | TrainAcc=0.738 | Val(P3)=0.647 | Val(AVO)=0.605
2025-09-29 13:18:16 - No P3-val improvement; patience remaining: 16/50
2025-09-29 13:18:16 - Epoch 55/500 | LR=0.009715 | w_AVO=1.000 | w_P3=2.767 | lambda_MMD=0.300
2025-09-29 13:18:17 - Epoch Summary: TrainLoss=0.8084 | TrainAcc=0.744 | Val(P3)=0.647 | Val(AVO)=0.624
2025-09-29 13:18:17 - No P3-val improvement; patience remaining: 15/50
2025-09-29 13:18:17 - Epoch 56/500 | LR=0.009704 | w_AVO=1.000 | w_P3=2.767 | lambda_MMD=0.300
2025-09-29 13:18:17 - Epoch Summary: TrainLoss=0.8390 | TrainAcc=0.727 | Val(P3)=0.676 | Val(AVO)=0.617
2025-09-29 13:18:17 - No P3-val improvement; patience remaining: 14/50
2025-09-29 13:18:17 - Epoch 57/500 | LR=0.009694 | w_AVO=1.000 | w_P3=2.767 | lambda_MMD=0.300
2025-09-29 13:18:17 - Epoch Summary: TrainLoss=0.8262 | TrainAcc=0.727 | Val(P3)=0.647 | Val(AVO)=0.595
2025-09-29 13:18:17 - No P3-val improvement; patience remaining: 13/50
2025-09-29 13:18:17 - AVO val decreasing 3x. Reducing lambda_MMD to 0.210
2025-09-29 13:18:17 - Epoch 58/500 | LR=0.009683 | w_AVO=1.000 | w_P3=2.767 | lambda_MMD=0.210
2025-09-29 13:18:17 - Epoch Summary: TrainLoss=0.7903 | TrainAcc=0.738 | Val(P3)=0.618 | Val(AVO)=0.627
2025-09-29 13:18:17 - No P3-val improvement; patience remaining: 12/50
2025-09-29 13:18:17 - P3 val decreasing 3x. Reducing w_small to 2.214, lambda_MMD to 0.150
2025-09-29 13:18:17 - Epoch 59/500 | LR=0.009672 | w_AVO=1.000 | w_P3=2.214 | lambda_MMD=0.150
2025-09-29 13:18:17 - Epoch Summary: TrainLoss=0.7290 | TrainAcc=0.740 | Val(P3)=0.559 | Val(AVO)=0.624
2025-09-29 13:18:17 - No P3-val improvement; patience remaining: 11/50
2025-09-29 13:18:17 - P3 val decreasing 3x. Reducing w_small to 2.214, lambda_MMD to 0.150
2025-09-29 13:18:17 - Epoch 60/500 | LR=0.009660 | w_AVO=1.000 | w_P3=2.214 | lambda_MMD=0.150
2025-09-29 13:18:17 - Epoch Summary: TrainLoss=0.7109 | TrainAcc=0.751 | Val(P3)=0.647 | Val(AVO)=0.624
2025-09-29 13:18:17 - No P3-val improvement; patience remaining: 10/50
2025-09-29 13:18:17 - Epoch 61/500 | LR=0.009649 | w_AVO=1.000 | w_P3=2.767 | lambda_MMD=0.300
2025-09-29 13:18:18 - Epoch Summary: TrainLoss=0.8143 | TrainAcc=0.746 | Val(P3)=0.529 | Val(AVO)=0.608
2025-09-29 13:18:18 - No P3-val improvement; patience remaining: 9/50
2025-09-29 13:18:18 - Epoch 62/500 | LR=0.009637 | w_AVO=1.000 | w_P3=2.767 | lambda_MMD=0.300
2025-09-29 13:18:18 - Epoch Summary: TrainLoss=0.8608 | TrainAcc=0.710 | Val(P3)=0.618 | Val(AVO)=0.650
2025-09-29 13:18:18 - No P3-val improvement; patience remaining: 8/50
2025-09-29 13:18:18 - Epoch 63/500 | LR=0.009625 | w_AVO=1.000 | w_P3=2.767 | lambda_MMD=0.300
2025-09-29 13:18:18 - Epoch Summary: TrainLoss=0.7639 | TrainAcc=0.739 | Val(P3)=0.529 | Val(AVO)=0.653
2025-09-29 13:18:18 - No P3-val improvement; patience remaining: 7/50
2025-09-29 13:18:18 - Epoch 64/500 | LR=0.009613 | w_AVO=1.000 | w_P3=2.767 | lambda_MMD=0.300
2025-09-29 13:18:18 - Epoch Summary: TrainLoss=0.7597 | TrainAcc=0.749 | Val(P3)=0.676 | Val(AVO)=0.617
2025-09-29 13:18:18 - No P3-val improvement; patience remaining: 6/50
2025-09-29 13:18:18 - Epoch 65/500 | LR=0.009601 | w_AVO=1.000 | w_P3=2.767 | lambda_MMD=0.300
2025-09-29 13:18:18 - Epoch Summary: TrainLoss=0.7431 | TrainAcc=0.744 | Val(P3)=0.676 | Val(AVO)=0.662
2025-09-29 13:18:18 - No P3-val improvement; patience remaining: 5/50
2025-09-29 13:18:18 - Epoch 66/500 | LR=0.009589 | w_AVO=1.000 | w_P3=2.767 | lambda_MMD=0.300
2025-09-29 13:18:18 - Epoch Summary: TrainLoss=0.7441 | TrainAcc=0.748 | Val(P3)=0.500 | Val(AVO)=0.605
2025-09-29 13:18:18 - No P3-val improvement; patience remaining: 4/50
2025-09-29 13:18:18 - Epoch 67/500 | LR=0.009576 | w_AVO=1.000 | w_P3=2.767 | lambda_MMD=0.300
2025-09-29 13:18:19 - Epoch Summary: TrainLoss=0.7768 | TrainAcc=0.746 | Val(P3)=0.676 | Val(AVO)=0.621
2025-09-29 13:18:19 - No P3-val improvement; patience remaining: 3/50
2025-09-29 13:18:19 - Epoch 68/500 | LR=0.009563 | w_AVO=1.000 | w_P3=2.767 | lambda_MMD=0.300
2025-09-29 13:18:19 - Epoch Summary: TrainLoss=0.7526 | TrainAcc=0.754 | Val(P3)=0.529 | Val(AVO)=0.595
2025-09-29 13:18:19 - No P3-val improvement; patience remaining: 2/50
2025-09-29 13:18:19 - Epoch 69/500 | LR=0.009551 | w_AVO=1.000 | w_P3=2.767 | lambda_MMD=0.300
2025-09-29 13:18:19 - Epoch Summary: TrainLoss=0.7399 | TrainAcc=0.744 | Val(P3)=0.676 | Val(AVO)=0.650
2025-09-29 13:18:19 - No P3-val improvement; patience remaining: 1/50
2025-09-29 13:18:19 - Epoch 70/500 | LR=0.009537 | w_AVO=1.000 | w_P3=2.767 | lambda_MMD=0.300
2025-09-29 13:18:19 - Epoch Summary: TrainLoss=0.7200 | TrainAcc=0.752 | Val(P3)=0.647 | Val(AVO)=0.614
2025-09-29 13:18:19 - No P3-val improvement; patience remaining: 0/50
2025-09-29 13:18:19 - Early stopping triggered (P3-val)
2025-09-29 13:18:19 -     P3 Test | Acc=0.5287 P=0.5439 R=0.6739 F1=0.6019 AUC=0.5355 (n=87)
2025-09-29 13:18:19 -     AVO Test | Acc=0.6053 P=0.5753 R=0.7793 F1=0.6619 AUC=0.6801 (n=603)
2025-09-29 13:18:19 -     Overall Test Acc=0.5957
2025-09-29 13:18:19 -   Fold 2/5
2025-09-29 13:18:19 - Fold domains: small=P3 (n=276), large=AVO (n=2139)
2025-09-29 13:18:19 - Auto adjustments (symmetric): w_small≈1.000, lambda_MMD_target=0.300, warmup_epochs=5
2025-09-29 13:18:19 - Epoch 1/500 | LR=0.010000 | w_AVO=1.000 | w_P3=1.357 | lambda_MMD=0.060
2025-09-29 13:18:19 - Epoch Summary: TrainLoss=1.6657 | TrainAcc=0.535 | Val(P3)=0.629 | Val(AVO)=0.584
2025-09-29 13:18:19 - New best P3-val; checkpoint updated
2025-09-29 13:18:19 - Epoch 2/500 | LR=0.010000 | w_AVO=1.000 | w_P3=1.714 | lambda_MMD=0.120
2025-09-29 13:18:20 - Epoch Summary: TrainLoss=1.7865 | TrainAcc=0.592 | Val(P3)=0.600 | Val(AVO)=0.552
2025-09-29 13:18:20 - No P3-val improvement; patience remaining: 49/50
2025-09-29 13:18:20 - Epoch 3/500 | LR=0.010000 | w_AVO=1.000 | w_P3=2.070 | lambda_MMD=0.180
2025-09-29 13:18:20 - Epoch Summary: TrainLoss=2.0060 | TrainAcc=0.596 | Val(P3)=0.600 | Val(AVO)=0.610
2025-09-29 13:18:20 - No P3-val improvement; patience remaining: 48/50
2025-09-29 13:18:20 - Epoch 4/500 | LR=0.009999 | w_AVO=1.000 | w_P3=2.427 | lambda_MMD=0.240
2025-09-29 13:18:20 - Epoch Summary: TrainLoss=2.2258 | TrainAcc=0.606 | Val(P3)=0.629 | Val(AVO)=0.568
2025-09-29 13:18:20 - No P3-val improvement; patience remaining: 47/50
2025-09-29 13:18:20 - Epoch 5/500 | LR=0.009998 | w_AVO=1.000 | w_P3=2.784 | lambda_MMD=0.300
2025-09-29 13:18:20 - Epoch Summary: TrainLoss=2.3535 | TrainAcc=0.604 | Val(P3)=0.571 | Val(AVO)=0.565
2025-09-29 13:18:20 - No P3-val improvement; patience remaining: 46/50
2025-09-29 13:18:20 - AVO val decreasing 3x. Reducing lambda_MMD to 0.210
2025-09-29 13:18:20 - Epoch 6/500 | LR=0.009998 | w_AVO=1.000 | w_P3=2.784 | lambda_MMD=0.210
2025-09-29 13:18:20 - Epoch Summary: TrainLoss=2.3347 | TrainAcc=0.620 | Val(P3)=0.686 | Val(AVO)=0.619
2025-09-29 13:18:20 - New best P3-val; checkpoint updated
2025-09-29 13:18:20 - Epoch 7/500 | LR=0.009996 | w_AVO=1.000 | w_P3=2.784 | lambda_MMD=0.300
2025-09-29 13:18:20 - Epoch Summary: TrainLoss=2.3090 | TrainAcc=0.614 | Val(P3)=0.657 | Val(AVO)=0.639
2025-09-29 13:18:20 - No P3-val improvement; patience remaining: 49/50
2025-09-29 13:18:20 - Epoch 8/500 | LR=0.009995 | w_AVO=1.000 | w_P3=2.784 | lambda_MMD=0.300
2025-09-29 13:18:21 - Epoch Summary: TrainLoss=2.2375 | TrainAcc=0.630 | Val(P3)=0.629 | Val(AVO)=0.600
2025-09-29 13:18:21 - No P3-val improvement; patience remaining: 48/50
2025-09-29 13:18:21 - P3 val decreasing 3x. Reducing w_small to 2.227, lambda_MMD to 0.150
2025-09-29 13:18:21 - Epoch 9/500 | LR=0.009994 | w_AVO=1.000 | w_P3=2.227 | lambda_MMD=0.150
2025-09-29 13:18:21 - Epoch Summary: TrainLoss=1.8582 | TrainAcc=0.629 | Val(P3)=0.657 | Val(AVO)=0.616
2025-09-29 13:18:21 - No P3-val improvement; patience remaining: 47/50
2025-09-29 13:18:21 - Epoch 10/500 | LR=0.009992 | w_AVO=1.000 | w_P3=2.784 | lambda_MMD=0.300
2025-09-29 13:18:21 - Epoch Summary: TrainLoss=2.1257 | TrainAcc=0.640 | Val(P3)=0.657 | Val(AVO)=0.623
2025-09-29 13:18:21 - No P3-val improvement; patience remaining: 46/50
2025-09-29 13:18:21 - Epoch 11/500 | LR=0.009990 | w_AVO=1.000 | w_P3=2.784 | lambda_MMD=0.300
2025-09-29 13:18:21 - Epoch Summary: TrainLoss=2.0895 | TrainAcc=0.640 | Val(P3)=0.571 | Val(AVO)=0.581
2025-09-29 13:18:21 - No P3-val improvement; patience remaining: 45/50
2025-09-29 13:18:21 - Epoch 12/500 | LR=0.009988 | w_AVO=1.000 | w_P3=2.784 | lambda_MMD=0.300
2025-09-29 13:18:21 - Epoch Summary: TrainLoss=2.0291 | TrainAcc=0.628 | Val(P3)=0.629 | Val(AVO)=0.603
2025-09-29 13:18:21 - No P3-val improvement; patience remaining: 44/50
2025-09-29 13:18:21 - Epoch 13/500 | LR=0.009986 | w_AVO=1.000 | w_P3=2.784 | lambda_MMD=0.300
2025-09-29 13:18:21 - Epoch Summary: TrainLoss=2.0416 | TrainAcc=0.637 | Val(P3)=0.657 | Val(AVO)=0.610
2025-09-29 13:18:21 - No P3-val improvement; patience remaining: 43/50
2025-09-29 13:18:21 - Epoch 14/500 | LR=0.009983 | w_AVO=1.000 | w_P3=2.784 | lambda_MMD=0.300
2025-09-29 13:18:22 - Epoch Summary: TrainLoss=1.9622 | TrainAcc=0.638 | Val(P3)=0.629 | Val(AVO)=0.523
2025-09-29 13:18:22 - No P3-val improvement; patience remaining: 42/50
2025-09-29 13:18:22 - Epoch 15/500 | LR=0.009981 | w_AVO=1.000 | w_P3=2.784 | lambda_MMD=0.300
2025-09-29 13:18:22 - Epoch Summary: TrainLoss=1.9272 | TrainAcc=0.641 | Val(P3)=0.600 | Val(AVO)=0.529
2025-09-29 13:18:22 - No P3-val improvement; patience remaining: 41/50
2025-09-29 13:18:22 - P3 val decreasing 3x. Reducing w_small to 2.227, lambda_MMD to 0.150
2025-09-29 13:18:22 - Epoch 16/500 | LR=0.009978 | w_AVO=1.000 | w_P3=2.227 | lambda_MMD=0.150
2025-09-29 13:18:22 - Epoch Summary: TrainLoss=1.6785 | TrainAcc=0.624 | Val(P3)=0.686 | Val(AVO)=0.648
2025-09-29 13:18:22 - No P3-val improvement; patience remaining: 40/50
2025-09-29 13:18:22 - Epoch 17/500 | LR=0.009975 | w_AVO=1.000 | w_P3=2.784 | lambda_MMD=0.300
2025-09-29 13:18:22 - Epoch Summary: TrainLoss=1.8917 | TrainAcc=0.639 | Val(P3)=0.657 | Val(AVO)=0.600
2025-09-29 13:18:22 - No P3-val improvement; patience remaining: 39/50
2025-09-29 13:18:22 - Epoch 18/500 | LR=0.009972 | w_AVO=1.000 | w_P3=2.784 | lambda_MMD=0.300
2025-09-29 13:18:22 - Epoch Summary: TrainLoss=1.8431 | TrainAcc=0.646 | Val(P3)=0.629 | Val(AVO)=0.603
2025-09-29 13:18:22 - No P3-val improvement; patience remaining: 38/50
2025-09-29 13:18:22 - P3 val decreasing 3x. Reducing w_small to 2.227, lambda_MMD to 0.150
2025-09-29 13:18:22 - Epoch 19/500 | LR=0.009968 | w_AVO=1.000 | w_P3=2.227 | lambda_MMD=0.150
2025-09-29 13:18:22 - Epoch Summary: TrainLoss=1.5628 | TrainAcc=0.640 | Val(P3)=0.629 | Val(AVO)=0.590
2025-09-29 13:18:22 - No P3-val improvement; patience remaining: 37/50
2025-09-29 13:18:22 - Epoch 20/500 | LR=0.009964 | w_AVO=1.000 | w_P3=2.784 | lambda_MMD=0.300
2025-09-29 13:18:23 - Epoch Summary: TrainLoss=1.7497 | TrainAcc=0.644 | Val(P3)=0.600 | Val(AVO)=0.532
2025-09-29 13:18:23 - No P3-val improvement; patience remaining: 36/50
2025-09-29 13:18:23 - AVO val decreasing 3x. Reducing lambda_MMD to 0.210
2025-09-29 13:18:23 - Epoch 21/500 | LR=0.009961 | w_AVO=1.000 | w_P3=2.784 | lambda_MMD=0.210
2025-09-29 13:18:23 - Epoch Summary: TrainLoss=1.6884 | TrainAcc=0.651 | Val(P3)=0.657 | Val(AVO)=0.597
2025-09-29 13:18:23 - No P3-val improvement; patience remaining: 35/50
2025-09-29 13:18:23 - Epoch 22/500 | LR=0.009957 | w_AVO=1.000 | w_P3=2.784 | lambda_MMD=0.300
2025-09-29 13:18:23 - Epoch Summary: TrainLoss=1.7029 | TrainAcc=0.639 | Val(P3)=0.600 | Val(AVO)=0.629
2025-09-29 13:18:23 - No P3-val improvement; patience remaining: 34/50
2025-09-29 13:18:23 - Epoch 23/500 | LR=0.009952 | w_AVO=1.000 | w_P3=2.784 | lambda_MMD=0.300
2025-09-29 13:18:23 - Epoch Summary: TrainLoss=1.6835 | TrainAcc=0.655 | Val(P3)=0.600 | Val(AVO)=0.571
2025-09-29 13:18:23 - No P3-val improvement; patience remaining: 33/50
2025-09-29 13:18:23 - Epoch 24/500 | LR=0.009948 | w_AVO=1.000 | w_P3=2.784 | lambda_MMD=0.300
2025-09-29 13:18:23 - Epoch Summary: TrainLoss=1.6183 | TrainAcc=0.647 | Val(P3)=0.571 | Val(AVO)=0.581
2025-09-29 13:18:23 - No P3-val improvement; patience remaining: 32/50
2025-09-29 13:18:23 - Epoch 25/500 | LR=0.009943 | w_AVO=1.000 | w_P3=2.784 | lambda_MMD=0.300
2025-09-29 13:18:23 - Epoch Summary: TrainLoss=1.6276 | TrainAcc=0.639 | Val(P3)=0.514 | Val(AVO)=0.542
2025-09-29 13:18:23 - No P3-val improvement; patience remaining: 31/50
2025-09-29 13:18:23 - P3 val decreasing 3x. Reducing w_small to 2.227, lambda_MMD to 0.150
2025-09-29 13:18:23 - Epoch 26/500 | LR=0.009938 | w_AVO=1.000 | w_P3=2.227 | lambda_MMD=0.150
2025-09-29 13:18:24 - Epoch Summary: TrainLoss=1.3499 | TrainAcc=0.664 | Val(P3)=0.571 | Val(AVO)=0.523
2025-09-29 13:18:24 - No P3-val improvement; patience remaining: 30/50
2025-09-29 13:18:24 - AVO val decreasing 3x. Reducing lambda_MMD to 0.210
2025-09-29 13:18:24 - Epoch 27/500 | LR=0.009933 | w_AVO=1.000 | w_P3=2.784 | lambda_MMD=0.210
2025-09-29 13:18:24 - Epoch Summary: TrainLoss=1.4916 | TrainAcc=0.643 | Val(P3)=0.629 | Val(AVO)=0.571
2025-09-29 13:18:24 - No P3-val improvement; patience remaining: 29/50
2025-09-29 13:18:24 - Epoch 28/500 | LR=0.009928 | w_AVO=1.000 | w_P3=2.784 | lambda_MMD=0.300
2025-09-29 13:18:24 - Epoch Summary: TrainLoss=1.5301 | TrainAcc=0.644 | Val(P3)=0.571 | Val(AVO)=0.568
2025-09-29 13:18:24 - No P3-val improvement; patience remaining: 28/50
2025-09-29 13:18:24 - Epoch 29/500 | LR=0.009923 | w_AVO=1.000 | w_P3=2.784 | lambda_MMD=0.300
2025-09-29 13:18:24 - Epoch Summary: TrainLoss=1.4775 | TrainAcc=0.660 | Val(P3)=0.629 | Val(AVO)=0.581
2025-09-29 13:18:24 - No P3-val improvement; patience remaining: 27/50
2025-09-29 13:18:24 - Epoch 30/500 | LR=0.009917 | w_AVO=1.000 | w_P3=2.784 | lambda_MMD=0.300
2025-09-29 13:18:24 - Epoch Summary: TrainLoss=1.4080 | TrainAcc=0.666 | Val(P3)=0.657 | Val(AVO)=0.581
2025-09-29 13:18:24 - No P3-val improvement; patience remaining: 26/50
2025-09-29 13:18:24 - Epoch 31/500 | LR=0.009911 | w_AVO=1.000 | w_P3=2.784 | lambda_MMD=0.300
2025-09-29 13:18:24 - Epoch Summary: TrainLoss=1.4099 | TrainAcc=0.650 | Val(P3)=0.657 | Val(AVO)=0.600
2025-09-29 13:18:24 - No P3-val improvement; patience remaining: 25/50
2025-09-29 13:18:24 - Epoch 32/500 | LR=0.009905 | w_AVO=1.000 | w_P3=2.784 | lambda_MMD=0.300
2025-09-29 13:18:25 - Epoch Summary: TrainLoss=1.3253 | TrainAcc=0.656 | Val(P3)=0.629 | Val(AVO)=0.552
2025-09-29 13:18:25 - No P3-val improvement; patience remaining: 24/50
2025-09-29 13:18:25 - Epoch 33/500 | LR=0.009899 | w_AVO=1.000 | w_P3=2.784 | lambda_MMD=0.300
2025-09-29 13:18:25 - Epoch Summary: TrainLoss=1.3825 | TrainAcc=0.658 | Val(P3)=0.571 | Val(AVO)=0.626
2025-09-29 13:18:25 - No P3-val improvement; patience remaining: 23/50
2025-09-29 13:18:25 - P3 val decreasing 3x. Reducing w_small to 2.227, lambda_MMD to 0.150
2025-09-29 13:18:25 - Epoch 34/500 | LR=0.009893 | w_AVO=1.000 | w_P3=2.227 | lambda_MMD=0.150
2025-09-29 13:18:25 - Epoch Summary: TrainLoss=1.2333 | TrainAcc=0.662 | Val(P3)=0.629 | Val(AVO)=0.597
2025-09-29 13:18:25 - No P3-val improvement; patience remaining: 22/50
2025-09-29 13:18:25 - Epoch 35/500 | LR=0.009886 | w_AVO=1.000 | w_P3=2.784 | lambda_MMD=0.300
2025-09-29 13:18:25 - Epoch Summary: TrainLoss=1.2899 | TrainAcc=0.665 | Val(P3)=0.629 | Val(AVO)=0.600
2025-09-29 13:18:25 - No P3-val improvement; patience remaining: 21/50
2025-09-29 13:18:25 - Epoch 36/500 | LR=0.009880 | w_AVO=1.000 | w_P3=2.784 | lambda_MMD=0.300
2025-09-29 13:18:25 - Epoch Summary: TrainLoss=1.2068 | TrainAcc=0.675 | Val(P3)=0.571 | Val(AVO)=0.532
2025-09-29 13:18:25 - No P3-val improvement; patience remaining: 20/50
2025-09-29 13:18:25 - Epoch 37/500 | LR=0.009873 | w_AVO=1.000 | w_P3=2.784 | lambda_MMD=0.300
2025-09-29 13:18:25 - Epoch Summary: TrainLoss=1.2258 | TrainAcc=0.677 | Val(P3)=0.629 | Val(AVO)=0.613
2025-09-29 13:18:25 - No P3-val improvement; patience remaining: 19/50
2025-09-29 13:18:25 - Epoch 38/500 | LR=0.009865 | w_AVO=1.000 | w_P3=2.784 | lambda_MMD=0.300
2025-09-29 13:18:26 - Epoch Summary: TrainLoss=1.2073 | TrainAcc=0.673 | Val(P3)=0.657 | Val(AVO)=0.587
2025-09-29 13:18:26 - No P3-val improvement; patience remaining: 18/50
2025-09-29 13:18:26 - Epoch 39/500 | LR=0.009858 | w_AVO=1.000 | w_P3=2.784 | lambda_MMD=0.300
2025-09-29 13:18:26 - Epoch Summary: TrainLoss=1.2042 | TrainAcc=0.683 | Val(P3)=0.571 | Val(AVO)=0.523
2025-09-29 13:18:26 - No P3-val improvement; patience remaining: 17/50
2025-09-29 13:18:26 - AVO val decreasing 3x. Reducing lambda_MMD to 0.210
2025-09-29 13:18:26 - Epoch 40/500 | LR=0.009851 | w_AVO=1.000 | w_P3=2.784 | lambda_MMD=0.210
2025-09-29 13:18:26 - Epoch Summary: TrainLoss=1.1695 | TrainAcc=0.677 | Val(P3)=0.514 | Val(AVO)=0.542
2025-09-29 13:18:26 - No P3-val improvement; patience remaining: 16/50
2025-09-29 13:18:26 - P3 val decreasing 3x. Reducing w_small to 2.227, lambda_MMD to 0.150
2025-09-29 13:18:26 - Epoch 41/500 | LR=0.009843 | w_AVO=1.000 | w_P3=2.227 | lambda_MMD=0.150
2025-09-29 13:18:26 - Epoch Summary: TrainLoss=1.0482 | TrainAcc=0.673 | Val(P3)=0.600 | Val(AVO)=0.535
2025-09-29 13:18:26 - No P3-val improvement; patience remaining: 15/50
2025-09-29 13:18:26 - Epoch 42/500 | LR=0.009835 | w_AVO=1.000 | w_P3=2.784 | lambda_MMD=0.300
2025-09-29 13:18:26 - Epoch Summary: TrainLoss=1.1257 | TrainAcc=0.690 | Val(P3)=0.514 | Val(AVO)=0.526
2025-09-29 13:18:26 - No P3-val improvement; patience remaining: 14/50
2025-09-29 13:18:26 - AVO val decreasing 3x. Reducing lambda_MMD to 0.210
2025-09-29 13:18:26 - Epoch 43/500 | LR=0.009827 | w_AVO=1.000 | w_P3=2.784 | lambda_MMD=0.210
2025-09-29 13:18:26 - Epoch Summary: TrainLoss=1.0842 | TrainAcc=0.684 | Val(P3)=0.571 | Val(AVO)=0.587
2025-09-29 13:18:26 - No P3-val improvement; patience remaining: 13/50
2025-09-29 13:18:26 - Epoch 44/500 | LR=0.009819 | w_AVO=1.000 | w_P3=2.784 | lambda_MMD=0.300
2025-09-29 13:18:27 - Epoch Summary: TrainLoss=1.1068 | TrainAcc=0.694 | Val(P3)=0.657 | Val(AVO)=0.635
2025-09-29 13:18:27 - No P3-val improvement; patience remaining: 12/50
2025-09-29 13:18:27 - Epoch 45/500 | LR=0.009810 | w_AVO=1.000 | w_P3=2.784 | lambda_MMD=0.300
2025-09-29 13:18:27 - Epoch Summary: TrainLoss=1.0789 | TrainAcc=0.691 | Val(P3)=0.686 | Val(AVO)=0.613
2025-09-29 13:18:27 - No P3-val improvement; patience remaining: 11/50
2025-09-29 13:18:27 - Epoch 46/500 | LR=0.009801 | w_AVO=1.000 | w_P3=2.784 | lambda_MMD=0.300
2025-09-29 13:18:27 - Epoch Summary: TrainLoss=1.0964 | TrainAcc=0.682 | Val(P3)=0.571 | Val(AVO)=0.619
2025-09-29 13:18:27 - No P3-val improvement; patience remaining: 10/50
2025-09-29 13:18:27 - Epoch 47/500 | LR=0.009793 | w_AVO=1.000 | w_P3=2.784 | lambda_MMD=0.300
2025-09-29 13:18:27 - Epoch Summary: TrainLoss=1.0553 | TrainAcc=0.688 | Val(P3)=0.629 | Val(AVO)=0.587
2025-09-29 13:18:27 - No P3-val improvement; patience remaining: 9/50
2025-09-29 13:18:27 - Epoch 48/500 | LR=0.009784 | w_AVO=1.000 | w_P3=2.784 | lambda_MMD=0.300
2025-09-29 13:18:27 - Epoch Summary: TrainLoss=0.9868 | TrainAcc=0.707 | Val(P3)=0.571 | Val(AVO)=0.603
2025-09-29 13:18:27 - No P3-val improvement; patience remaining: 8/50
2025-09-29 13:18:27 - Epoch 49/500 | LR=0.009774 | w_AVO=1.000 | w_P3=2.784 | lambda_MMD=0.300
2025-09-29 13:18:27 - Epoch Summary: TrainLoss=1.0568 | TrainAcc=0.695 | Val(P3)=0.514 | Val(AVO)=0.574
2025-09-29 13:18:27 - No P3-val improvement; patience remaining: 7/50
2025-09-29 13:18:27 - P3 val decreasing 3x. Reducing w_small to 2.227, lambda_MMD to 0.150
2025-09-29 13:18:27 - Epoch 50/500 | LR=0.009765 | w_AVO=1.000 | w_P3=2.227 | lambda_MMD=0.150
2025-09-29 13:18:28 - Epoch Summary: TrainLoss=0.8869 | TrainAcc=0.694 | Val(P3)=0.571 | Val(AVO)=0.639
2025-09-29 13:18:28 - No P3-val improvement; patience remaining: 6/50
2025-09-29 13:18:28 - Epoch 51/500 | LR=0.009755 | w_AVO=1.000 | w_P3=2.784 | lambda_MMD=0.300
2025-09-29 13:18:28 - Epoch Summary: TrainLoss=0.9393 | TrainAcc=0.719 | Val(P3)=0.514 | Val(AVO)=0.571
2025-09-29 13:18:28 - No P3-val improvement; patience remaining: 5/50
2025-09-29 13:18:28 - Epoch 52/500 | LR=0.009745 | w_AVO=1.000 | w_P3=2.784 | lambda_MMD=0.300
2025-09-29 13:18:28 - Epoch Summary: TrainLoss=0.9576 | TrainAcc=0.703 | Val(P3)=0.543 | Val(AVO)=0.555
2025-09-29 13:18:28 - No P3-val improvement; patience remaining: 4/50
2025-09-29 13:18:28 - AVO val decreasing 3x. Reducing lambda_MMD to 0.210
2025-09-29 13:18:28 - Epoch 53/500 | LR=0.009735 | w_AVO=1.000 | w_P3=2.784 | lambda_MMD=0.210
2025-09-29 13:18:28 - Epoch Summary: TrainLoss=0.9983 | TrainAcc=0.703 | Val(P3)=0.543 | Val(AVO)=0.532
2025-09-29 13:18:28 - No P3-val improvement; patience remaining: 3/50
2025-09-29 13:18:28 - AVO val decreasing 3x. Reducing lambda_MMD to 0.210
2025-09-29 13:18:28 - Epoch 54/500 | LR=0.009725 | w_AVO=1.000 | w_P3=2.784 | lambda_MMD=0.210
2025-09-29 13:18:28 - Epoch Summary: TrainLoss=0.9019 | TrainAcc=0.714 | Val(P3)=0.571 | Val(AVO)=0.548
2025-09-29 13:18:28 - No P3-val improvement; patience remaining: 2/50
2025-09-29 13:18:28 - Epoch 55/500 | LR=0.009715 | w_AVO=1.000 | w_P3=2.784 | lambda_MMD=0.300
2025-09-29 13:18:28 - Epoch Summary: TrainLoss=0.8989 | TrainAcc=0.717 | Val(P3)=0.600 | Val(AVO)=0.661
2025-09-29 13:18:28 - No P3-val improvement; patience remaining: 1/50
2025-09-29 13:18:28 - Epoch 56/500 | LR=0.009704 | w_AVO=1.000 | w_P3=2.784 | lambda_MMD=0.300
2025-09-29 13:18:29 - Epoch Summary: TrainLoss=0.8911 | TrainAcc=0.701 | Val(P3)=0.543 | Val(AVO)=0.597
2025-09-29 13:18:29 - No P3-val improvement; patience remaining: 0/50
2025-09-29 13:18:29 - Early stopping triggered (P3-val)
2025-09-29 13:18:29 -     P3 Test | Acc=0.6180 P=0.5641 R=0.5641 F1=0.5641 AUC=0.5949 (n=89)
2025-09-29 13:18:29 -     AVO Test | Acc=0.6007 P=0.7115 R=0.3627 F1=0.4805 AUC=0.6973 (n=601)
2025-09-29 13:18:29 -     Overall Test Acc=0.6029
2025-09-29 13:18:29 -   Fold 3/5
2025-09-29 13:18:29 - Fold domains: small=P3 (n=290), large=AVO (n=2125)
2025-09-29 13:18:29 - Auto adjustments (symmetric): w_small≈1.000, lambda_MMD_target=0.300, warmup_epochs=5
2025-09-29 13:18:29 - Epoch 1/500 | LR=0.010000 | w_AVO=1.000 | w_P3=1.341 | lambda_MMD=0.060
2025-09-29 13:18:29 - Epoch Summary: TrainLoss=1.7015 | TrainAcc=0.530 | Val(P3)=0.568 | Val(AVO)=0.513
2025-09-29 13:18:29 - New best P3-val; checkpoint updated
2025-09-29 13:18:29 - Epoch 2/500 | LR=0.010000 | w_AVO=1.000 | w_P3=1.683 | lambda_MMD=0.120
2025-09-29 13:18:29 - Epoch Summary: TrainLoss=1.7676 | TrainAcc=0.597 | Val(P3)=0.595 | Val(AVO)=0.627
2025-09-29 13:18:29 - New best P3-val; checkpoint updated
2025-09-29 13:18:29 - Epoch 3/500 | LR=0.010000 | w_AVO=1.000 | w_P3=2.024 | lambda_MMD=0.180
2025-09-29 13:18:29 - Epoch Summary: TrainLoss=1.9349 | TrainAcc=0.610 | Val(P3)=0.595 | Val(AVO)=0.604
2025-09-29 13:18:29 - No P3-val improvement; patience remaining: 49/50
2025-09-29 13:18:29 - Epoch 4/500 | LR=0.009999 | w_AVO=1.000 | w_P3=2.366 | lambda_MMD=0.240
2025-09-29 13:18:29 - Epoch Summary: TrainLoss=2.1807 | TrainAcc=0.621 | Val(P3)=0.649 | Val(AVO)=0.617
2025-09-29 13:18:29 - New best P3-val; checkpoint updated
2025-09-29 13:18:29 - Epoch 5/500 | LR=0.009998 | w_AVO=1.000 | w_P3=2.707 | lambda_MMD=0.300
2025-09-29 13:18:29 - Epoch Summary: TrainLoss=2.3292 | TrainAcc=0.628 | Val(P3)=0.649 | Val(AVO)=0.594
2025-09-29 13:18:29 - No P3-val improvement; patience remaining: 49/50
2025-09-29 13:18:29 - Epoch 6/500 | LR=0.009998 | w_AVO=1.000 | w_P3=2.707 | lambda_MMD=0.300
2025-09-29 13:18:30 - Epoch Summary: TrainLoss=2.2722 | TrainAcc=0.628 | Val(P3)=0.622 | Val(AVO)=0.565
2025-09-29 13:18:30 - No P3-val improvement; patience remaining: 48/50
2025-09-29 13:18:30 - AVO val decreasing 3x. Reducing lambda_MMD to 0.210
2025-09-29 13:18:30 - Epoch 7/500 | LR=0.009996 | w_AVO=1.000 | w_P3=2.707 | lambda_MMD=0.210
2025-09-29 13:18:30 - Epoch Summary: TrainLoss=2.2150 | TrainAcc=0.633 | Val(P3)=0.649 | Val(AVO)=0.617
2025-09-29 13:18:30 - No P3-val improvement; patience remaining: 47/50
2025-09-29 13:18:30 - Epoch 8/500 | LR=0.009995 | w_AVO=1.000 | w_P3=2.707 | lambda_MMD=0.300
2025-09-29 13:18:30 - Epoch Summary: TrainLoss=2.1570 | TrainAcc=0.655 | Val(P3)=0.622 | Val(AVO)=0.581
2025-09-29 13:18:30 - No P3-val improvement; patience remaining: 46/50
2025-09-29 13:18:30 - Epoch 9/500 | LR=0.009994 | w_AVO=1.000 | w_P3=2.707 | lambda_MMD=0.300
2025-09-29 13:18:30 - Epoch Summary: TrainLoss=2.0928 | TrainAcc=0.631 | Val(P3)=0.649 | Val(AVO)=0.578
2025-09-29 13:18:30 - No P3-val improvement; patience remaining: 45/50
2025-09-29 13:18:30 - AVO val decreasing 3x. Reducing lambda_MMD to 0.210
2025-09-29 13:18:30 - Epoch 10/500 | LR=0.009992 | w_AVO=1.000 | w_P3=2.707 | lambda_MMD=0.210
2025-09-29 13:18:30 - Epoch Summary: TrainLoss=2.0433 | TrainAcc=0.651 | Val(P3)=0.676 | Val(AVO)=0.584
2025-09-29 13:18:30 - New best P3-val; checkpoint updated
2025-09-29 13:18:30 - Epoch 11/500 | LR=0.009990 | w_AVO=1.000 | w_P3=2.707 | lambda_MMD=0.300
2025-09-29 13:18:30 - Epoch Summary: TrainLoss=1.9883 | TrainAcc=0.649 | Val(P3)=0.676 | Val(AVO)=0.591
2025-09-29 13:18:30 - No P3-val improvement; patience remaining: 49/50
2025-09-29 13:18:30 - Epoch 12/500 | LR=0.009988 | w_AVO=1.000 | w_P3=2.707 | lambda_MMD=0.300
2025-09-29 13:18:31 - Epoch Summary: TrainLoss=1.9755 | TrainAcc=0.653 | Val(P3)=0.703 | Val(AVO)=0.558
2025-09-29 13:18:31 - New best P3-val; checkpoint updated
2025-09-29 13:18:31 - Epoch 13/500 | LR=0.009986 | w_AVO=1.000 | w_P3=2.707 | lambda_MMD=0.300
2025-09-29 13:18:31 - Epoch Summary: TrainLoss=1.8854 | TrainAcc=0.656 | Val(P3)=0.622 | Val(AVO)=0.558
2025-09-29 13:18:31 - No P3-val improvement; patience remaining: 49/50
2025-09-29 13:18:31 - Epoch 14/500 | LR=0.009983 | w_AVO=1.000 | w_P3=2.707 | lambda_MMD=0.300
2025-09-29 13:18:31 - Epoch Summary: TrainLoss=1.8792 | TrainAcc=0.653 | Val(P3)=0.595 | Val(AVO)=0.601
2025-09-29 13:18:31 - No P3-val improvement; patience remaining: 48/50
2025-09-29 13:18:31 - P3 val decreasing 3x. Reducing w_small to 2.166, lambda_MMD to 0.150
2025-09-29 13:18:31 - Epoch 15/500 | LR=0.009981 | w_AVO=1.000 | w_P3=2.166 | lambda_MMD=0.150
2025-09-29 13:18:31 - Epoch Summary: TrainLoss=1.5708 | TrainAcc=0.662 | Val(P3)=0.676 | Val(AVO)=0.597
2025-09-29 13:18:31 - No P3-val improvement; patience remaining: 47/50
2025-09-29 13:18:31 - Epoch 16/500 | LR=0.009978 | w_AVO=1.000 | w_P3=2.707 | lambda_MMD=0.300
2025-09-29 13:18:31 - Epoch Summary: TrainLoss=1.7832 | TrainAcc=0.661 | Val(P3)=0.649 | Val(AVO)=0.581
2025-09-29 13:18:31 - No P3-val improvement; patience remaining: 46/50
2025-09-29 13:18:31 - AVO val decreasing 3x. Reducing lambda_MMD to 0.210
2025-09-29 13:18:31 - Epoch 17/500 | LR=0.009975 | w_AVO=1.000 | w_P3=2.707 | lambda_MMD=0.210
2025-09-29 13:18:31 - Epoch Summary: TrainLoss=1.7210 | TrainAcc=0.665 | Val(P3)=0.568 | Val(AVO)=0.555
2025-09-29 13:18:31 - No P3-val improvement; patience remaining: 45/50
2025-09-29 13:18:31 - P3 val decreasing 3x. Reducing w_small to 2.166, lambda_MMD to 0.150
2025-09-29 13:18:31 - AVO val decreasing 3x. Reducing lambda_MMD to 0.105
2025-09-29 13:18:31 - Epoch 18/500 | LR=0.009972 | w_AVO=1.000 | w_P3=2.166 | lambda_MMD=0.105
2025-09-29 13:18:32 - Epoch Summary: TrainLoss=1.4740 | TrainAcc=0.660 | Val(P3)=0.676 | Val(AVO)=0.607
2025-09-29 13:18:32 - No P3-val improvement; patience remaining: 44/50
2025-09-29 13:18:32 - Epoch 19/500 | LR=0.009968 | w_AVO=1.000 | w_P3=2.707 | lambda_MMD=0.300
2025-09-29 13:18:32 - Epoch Summary: TrainLoss=1.6446 | TrainAcc=0.664 | Val(P3)=0.622 | Val(AVO)=0.614
2025-09-29 13:18:32 - No P3-val improvement; patience remaining: 43/50
2025-09-29 13:18:32 - Epoch 20/500 | LR=0.009964 | w_AVO=1.000 | w_P3=2.707 | lambda_MMD=0.300
2025-09-29 13:18:32 - Epoch Summary: TrainLoss=1.5922 | TrainAcc=0.671 | Val(P3)=0.649 | Val(AVO)=0.591
2025-09-29 13:18:32 - No P3-val improvement; patience remaining: 42/50
2025-09-29 13:18:32 - Epoch 21/500 | LR=0.009961 | w_AVO=1.000 | w_P3=2.707 | lambda_MMD=0.300
2025-09-29 13:18:32 - Epoch Summary: TrainLoss=1.5824 | TrainAcc=0.667 | Val(P3)=0.622 | Val(AVO)=0.565
2025-09-29 13:18:32 - No P3-val improvement; patience remaining: 41/50
2025-09-29 13:18:32 - AVO val decreasing 3x. Reducing lambda_MMD to 0.210
2025-09-29 13:18:32 - Epoch 22/500 | LR=0.009957 | w_AVO=1.000 | w_P3=2.707 | lambda_MMD=0.210
2025-09-29 13:18:32 - Epoch Summary: TrainLoss=1.5339 | TrainAcc=0.662 | Val(P3)=0.649 | Val(AVO)=0.565
2025-09-29 13:18:32 - No P3-val improvement; patience remaining: 40/50
2025-09-29 13:18:32 - Epoch 23/500 | LR=0.009952 | w_AVO=1.000 | w_P3=2.707 | lambda_MMD=0.300
2025-09-29 13:18:32 - Epoch Summary: TrainLoss=1.5030 | TrainAcc=0.660 | Val(P3)=0.676 | Val(AVO)=0.536
2025-09-29 13:18:32 - No P3-val improvement; patience remaining: 39/50
2025-09-29 13:18:32 - Epoch 24/500 | LR=0.009948 | w_AVO=1.000 | w_P3=2.707 | lambda_MMD=0.300
2025-09-29 13:18:33 - Epoch Summary: TrainLoss=1.4892 | TrainAcc=0.670 | Val(P3)=0.703 | Val(AVO)=0.597
2025-09-29 13:18:33 - No P3-val improvement; patience remaining: 38/50
2025-09-29 13:18:33 - Epoch 25/500 | LR=0.009943 | w_AVO=1.000 | w_P3=2.707 | lambda_MMD=0.300
2025-09-29 13:18:33 - Epoch Summary: TrainLoss=1.4297 | TrainAcc=0.665 | Val(P3)=0.730 | Val(AVO)=0.523
2025-09-29 13:18:33 - New best P3-val; checkpoint updated
2025-09-29 13:18:33 - Epoch 26/500 | LR=0.009938 | w_AVO=1.000 | w_P3=2.707 | lambda_MMD=0.300
2025-09-29 13:18:33 - Epoch Summary: TrainLoss=1.3795 | TrainAcc=0.669 | Val(P3)=0.676 | Val(AVO)=0.588
2025-09-29 13:18:33 - No P3-val improvement; patience remaining: 49/50
2025-09-29 13:18:33 - Epoch 27/500 | LR=0.009933 | w_AVO=1.000 | w_P3=2.707 | lambda_MMD=0.300
2025-09-29 13:18:33 - Epoch Summary: TrainLoss=1.3468 | TrainAcc=0.670 | Val(P3)=0.622 | Val(AVO)=0.588
2025-09-29 13:18:33 - No P3-val improvement; patience remaining: 48/50
2025-09-29 13:18:33 - P3 val decreasing 3x. Reducing w_small to 2.166, lambda_MMD to 0.150
2025-09-29 13:18:33 - Epoch 28/500 | LR=0.009928 | w_AVO=1.000 | w_P3=2.166 | lambda_MMD=0.150
2025-09-29 13:18:33 - Epoch Summary: TrainLoss=1.1589 | TrainAcc=0.681 | Val(P3)=0.676 | Val(AVO)=0.604
2025-09-29 13:18:33 - No P3-val improvement; patience remaining: 47/50
2025-09-29 13:18:33 - Epoch 29/500 | LR=0.009923 | w_AVO=1.000 | w_P3=2.707 | lambda_MMD=0.300
2025-09-29 13:18:33 - Epoch Summary: TrainLoss=1.3259 | TrainAcc=0.668 | Val(P3)=0.568 | Val(AVO)=0.542
2025-09-29 13:18:33 - No P3-val improvement; patience remaining: 46/50
2025-09-29 13:18:33 - Epoch 30/500 | LR=0.009917 | w_AVO=1.000 | w_P3=2.707 | lambda_MMD=0.300
2025-09-29 13:18:34 - Epoch Summary: TrainLoss=1.2619 | TrainAcc=0.681 | Val(P3)=0.676 | Val(AVO)=0.597
2025-09-29 13:18:34 - No P3-val improvement; patience remaining: 45/50
2025-09-29 13:18:34 - Epoch 31/500 | LR=0.009911 | w_AVO=1.000 | w_P3=2.707 | lambda_MMD=0.300
2025-09-29 13:18:34 - Epoch Summary: TrainLoss=1.2453 | TrainAcc=0.673 | Val(P3)=0.676 | Val(AVO)=0.549
2025-09-29 13:18:34 - No P3-val improvement; patience remaining: 44/50
2025-09-29 13:18:34 - Epoch 32/500 | LR=0.009905 | w_AVO=1.000 | w_P3=2.707 | lambda_MMD=0.300
2025-09-29 13:18:34 - Epoch Summary: TrainLoss=1.2374 | TrainAcc=0.676 | Val(P3)=0.676 | Val(AVO)=0.542
2025-09-29 13:18:34 - No P3-val improvement; patience remaining: 43/50
2025-09-29 13:18:34 - AVO val decreasing 3x. Reducing lambda_MMD to 0.210
2025-09-29 13:18:34 - Epoch 33/500 | LR=0.009899 | w_AVO=1.000 | w_P3=2.707 | lambda_MMD=0.210
2025-09-29 13:18:34 - Epoch Summary: TrainLoss=1.1572 | TrainAcc=0.684 | Val(P3)=0.649 | Val(AVO)=0.555
2025-09-29 13:18:34 - No P3-val improvement; patience remaining: 42/50
2025-09-29 13:18:34 - Epoch 34/500 | LR=0.009893 | w_AVO=1.000 | w_P3=2.707 | lambda_MMD=0.300
2025-09-29 13:18:34 - Epoch Summary: TrainLoss=1.1576 | TrainAcc=0.683 | Val(P3)=0.595 | Val(AVO)=0.529
2025-09-29 13:18:34 - No P3-val improvement; patience remaining: 41/50
2025-09-29 13:18:34 - P3 val decreasing 3x. Reducing w_small to 2.166, lambda_MMD to 0.150
2025-09-29 13:18:34 - Epoch 35/500 | LR=0.009886 | w_AVO=1.000 | w_P3=2.166 | lambda_MMD=0.150
2025-09-29 13:18:34 - Epoch Summary: TrainLoss=1.0395 | TrainAcc=0.678 | Val(P3)=0.541 | Val(AVO)=0.555
2025-09-29 13:18:34 - No P3-val improvement; patience remaining: 40/50
2025-09-29 13:18:34 - P3 val decreasing 3x. Reducing w_small to 2.166, lambda_MMD to 0.150
2025-09-29 13:18:34 - Epoch 36/500 | LR=0.009880 | w_AVO=1.000 | w_P3=2.166 | lambda_MMD=0.150
2025-09-29 13:18:35 - Epoch Summary: TrainLoss=1.0134 | TrainAcc=0.703 | Val(P3)=0.703 | Val(AVO)=0.542
2025-09-29 13:18:35 - No P3-val improvement; patience remaining: 39/50
2025-09-29 13:18:35 - Epoch 37/500 | LR=0.009873 | w_AVO=1.000 | w_P3=2.707 | lambda_MMD=0.300
2025-09-29 13:18:35 - Epoch Summary: TrainLoss=1.0968 | TrainAcc=0.675 | Val(P3)=0.676 | Val(AVO)=0.510
2025-09-29 13:18:35 - No P3-val improvement; patience remaining: 38/50
2025-09-29 13:18:35 - AVO val decreasing 3x. Reducing lambda_MMD to 0.210
2025-09-29 13:18:35 - Epoch 38/500 | LR=0.009865 | w_AVO=1.000 | w_P3=2.707 | lambda_MMD=0.210
2025-09-29 13:18:35 - Epoch Summary: TrainLoss=1.1018 | TrainAcc=0.702 | Val(P3)=0.649 | Val(AVO)=0.545
2025-09-29 13:18:35 - No P3-val improvement; patience remaining: 37/50
2025-09-29 13:18:35 - P3 val decreasing 3x. Reducing w_small to 2.166, lambda_MMD to 0.150
2025-09-29 13:18:35 - Epoch 39/500 | LR=0.009858 | w_AVO=1.000 | w_P3=2.166 | lambda_MMD=0.150
2025-09-29 13:18:35 - Epoch Summary: TrainLoss=1.0164 | TrainAcc=0.688 | Val(P3)=0.622 | Val(AVO)=0.581
2025-09-29 13:18:35 - No P3-val improvement; patience remaining: 36/50
2025-09-29 13:18:35 - P3 val decreasing 3x. Reducing w_small to 2.166, lambda_MMD to 0.150
2025-09-29 13:18:35 - Epoch 40/500 | LR=0.009851 | w_AVO=1.000 | w_P3=2.166 | lambda_MMD=0.150
2025-09-29 13:18:35 - Epoch Summary: TrainLoss=0.9507 | TrainAcc=0.691 | Val(P3)=0.649 | Val(AVO)=0.523
2025-09-29 13:18:35 - No P3-val improvement; patience remaining: 35/50
2025-09-29 13:18:35 - Epoch 41/500 | LR=0.009843 | w_AVO=1.000 | w_P3=2.707 | lambda_MMD=0.300
2025-09-29 13:18:35 - Epoch Summary: TrainLoss=1.0158 | TrainAcc=0.699 | Val(P3)=0.649 | Val(AVO)=0.539
2025-09-29 13:18:35 - No P3-val improvement; patience remaining: 34/50
2025-09-29 13:18:35 - Epoch 42/500 | LR=0.009835 | w_AVO=1.000 | w_P3=2.707 | lambda_MMD=0.300
2025-09-29 13:18:36 - Epoch Summary: TrainLoss=1.0339 | TrainAcc=0.689 | Val(P3)=0.676 | Val(AVO)=0.513
2025-09-29 13:18:36 - No P3-val improvement; patience remaining: 33/50
2025-09-29 13:18:36 - Epoch 43/500 | LR=0.009827 | w_AVO=1.000 | w_P3=2.707 | lambda_MMD=0.300
2025-09-29 13:18:36 - Epoch Summary: TrainLoss=0.9969 | TrainAcc=0.688 | Val(P3)=0.622 | Val(AVO)=0.562
2025-09-29 13:18:36 - No P3-val improvement; patience remaining: 32/50
2025-09-29 13:18:36 - Epoch 44/500 | LR=0.009819 | w_AVO=1.000 | w_P3=2.707 | lambda_MMD=0.300
2025-09-29 13:18:36 - Epoch Summary: TrainLoss=1.0033 | TrainAcc=0.696 | Val(P3)=0.649 | Val(AVO)=0.510
2025-09-29 13:18:36 - No P3-val improvement; patience remaining: 31/50
2025-09-29 13:18:36 - Epoch 45/500 | LR=0.009810 | w_AVO=1.000 | w_P3=2.707 | lambda_MMD=0.300
2025-09-29 13:18:36 - Epoch Summary: TrainLoss=0.9898 | TrainAcc=0.697 | Val(P3)=0.649 | Val(AVO)=0.523
2025-09-29 13:18:36 - No P3-val improvement; patience remaining: 30/50
2025-09-29 13:18:36 - Epoch 46/500 | LR=0.009801 | w_AVO=1.000 | w_P3=2.707 | lambda_MMD=0.300
2025-09-29 13:18:36 - Epoch Summary: TrainLoss=0.9887 | TrainAcc=0.689 | Val(P3)=0.595 | Val(AVO)=0.519
2025-09-29 13:18:36 - No P3-val improvement; patience remaining: 29/50
2025-09-29 13:18:36 - Epoch 47/500 | LR=0.009793 | w_AVO=1.000 | w_P3=2.707 | lambda_MMD=0.300
2025-09-29 13:18:36 - Epoch Summary: TrainLoss=0.9770 | TrainAcc=0.694 | Val(P3)=0.514 | Val(AVO)=0.584
2025-09-29 13:18:36 - No P3-val improvement; patience remaining: 28/50
2025-09-29 13:18:36 - P3 val decreasing 3x. Reducing w_small to 2.166, lambda_MMD to 0.150
2025-09-29 13:18:36 - Epoch 48/500 | LR=0.009784 | w_AVO=1.000 | w_P3=2.166 | lambda_MMD=0.150
2025-09-29 13:18:37 - Epoch Summary: TrainLoss=0.8646 | TrainAcc=0.696 | Val(P3)=0.676 | Val(AVO)=0.529
2025-09-29 13:18:37 - No P3-val improvement; patience remaining: 27/50
2025-09-29 13:18:37 - Epoch 49/500 | LR=0.009774 | w_AVO=1.000 | w_P3=2.707 | lambda_MMD=0.300
2025-09-29 13:18:37 - Epoch Summary: TrainLoss=0.9225 | TrainAcc=0.698 | Val(P3)=0.703 | Val(AVO)=0.549
2025-09-29 13:18:37 - No P3-val improvement; patience remaining: 26/50
2025-09-29 13:18:37 - Epoch 50/500 | LR=0.009765 | w_AVO=1.000 | w_P3=2.707 | lambda_MMD=0.300
2025-09-29 13:18:37 - Epoch Summary: TrainLoss=0.8863 | TrainAcc=0.713 | Val(P3)=0.703 | Val(AVO)=0.529
2025-09-29 13:18:37 - No P3-val improvement; patience remaining: 25/50
2025-09-29 13:18:37 - Epoch 51/500 | LR=0.009755 | w_AVO=1.000 | w_P3=2.707 | lambda_MMD=0.300
2025-09-29 13:18:37 - Epoch Summary: TrainLoss=0.8696 | TrainAcc=0.719 | Val(P3)=0.622 | Val(AVO)=0.549
2025-09-29 13:18:37 - No P3-val improvement; patience remaining: 24/50
2025-09-29 13:18:37 - Epoch 52/500 | LR=0.009745 | w_AVO=1.000 | w_P3=2.707 | lambda_MMD=0.300
2025-09-29 13:18:37 - Epoch Summary: TrainLoss=0.8797 | TrainAcc=0.712 | Val(P3)=0.676 | Val(AVO)=0.516
2025-09-29 13:18:37 - No P3-val improvement; patience remaining: 23/50
2025-09-29 13:18:37 - Epoch 53/500 | LR=0.009735 | w_AVO=1.000 | w_P3=2.707 | lambda_MMD=0.300
2025-09-29 13:18:37 - Epoch Summary: TrainLoss=0.8684 | TrainAcc=0.714 | Val(P3)=0.676 | Val(AVO)=0.568
2025-09-29 13:18:37 - No P3-val improvement; patience remaining: 22/50
2025-09-29 13:18:37 - Epoch 54/500 | LR=0.009725 | w_AVO=1.000 | w_P3=2.707 | lambda_MMD=0.300
2025-09-29 13:18:38 - Epoch Summary: TrainLoss=0.8650 | TrainAcc=0.708 | Val(P3)=0.649 | Val(AVO)=0.529
2025-09-29 13:18:38 - No P3-val improvement; patience remaining: 21/50
2025-09-29 13:18:38 - Epoch 55/500 | LR=0.009715 | w_AVO=1.000 | w_P3=2.707 | lambda_MMD=0.300
2025-09-29 13:18:38 - Epoch Summary: TrainLoss=0.8472 | TrainAcc=0.713 | Val(P3)=0.649 | Val(AVO)=0.532
2025-09-29 13:18:38 - No P3-val improvement; patience remaining: 20/50
2025-09-29 13:18:38 - Epoch 56/500 | LR=0.009704 | w_AVO=1.000 | w_P3=2.707 | lambda_MMD=0.300
2025-09-29 13:18:38 - Epoch Summary: TrainLoss=0.8182 | TrainAcc=0.723 | Val(P3)=0.649 | Val(AVO)=0.549
2025-09-29 13:18:38 - No P3-val improvement; patience remaining: 19/50
2025-09-29 13:18:38 - Epoch 57/500 | LR=0.009694 | w_AVO=1.000 | w_P3=2.707 | lambda_MMD=0.300
2025-09-29 13:18:38 - Epoch Summary: TrainLoss=0.8093 | TrainAcc=0.729 | Val(P3)=0.649 | Val(AVO)=0.523
2025-09-29 13:18:38 - No P3-val improvement; patience remaining: 18/50
2025-09-29 13:18:38 - Epoch 58/500 | LR=0.009683 | w_AVO=1.000 | w_P3=2.707 | lambda_MMD=0.300
2025-09-29 13:18:38 - Epoch Summary: TrainLoss=0.8076 | TrainAcc=0.720 | Val(P3)=0.649 | Val(AVO)=0.552
2025-09-29 13:18:38 - No P3-val improvement; patience remaining: 17/50
2025-09-29 13:18:38 - Epoch 59/500 | LR=0.009672 | w_AVO=1.000 | w_P3=2.707 | lambda_MMD=0.300
2025-09-29 13:18:38 - Epoch Summary: TrainLoss=0.8079 | TrainAcc=0.727 | Val(P3)=0.622 | Val(AVO)=0.568
2025-09-29 13:18:38 - No P3-val improvement; patience remaining: 16/50
2025-09-29 13:18:38 - Epoch 60/500 | LR=0.009660 | w_AVO=1.000 | w_P3=2.707 | lambda_MMD=0.300
2025-09-29 13:18:39 - Epoch Summary: TrainLoss=0.7995 | TrainAcc=0.724 | Val(P3)=0.676 | Val(AVO)=0.549
2025-09-29 13:18:39 - No P3-val improvement; patience remaining: 15/50
2025-09-29 13:18:39 - Epoch 61/500 | LR=0.009649 | w_AVO=1.000 | w_P3=2.707 | lambda_MMD=0.300
2025-09-29 13:18:39 - Epoch Summary: TrainLoss=0.7844 | TrainAcc=0.720 | Val(P3)=0.649 | Val(AVO)=0.575
2025-09-29 13:18:39 - No P3-val improvement; patience remaining: 14/50
2025-09-29 13:18:39 - Epoch 62/500 | LR=0.009637 | w_AVO=1.000 | w_P3=2.707 | lambda_MMD=0.300
2025-09-29 13:18:39 - Epoch Summary: TrainLoss=0.7635 | TrainAcc=0.726 | Val(P3)=0.649 | Val(AVO)=0.532
2025-09-29 13:18:39 - No P3-val improvement; patience remaining: 13/50
2025-09-29 13:18:39 - Epoch 63/500 | LR=0.009625 | w_AVO=1.000 | w_P3=2.707 | lambda_MMD=0.300
2025-09-29 13:18:39 - Epoch Summary: TrainLoss=0.7658 | TrainAcc=0.730 | Val(P3)=0.676 | Val(AVO)=0.529
2025-09-29 13:18:39 - No P3-val improvement; patience remaining: 12/50
2025-09-29 13:18:39 - AVO val decreasing 3x. Reducing lambda_MMD to 0.210
2025-09-29 13:18:39 - Epoch 64/500 | LR=0.009613 | w_AVO=1.000 | w_P3=2.707 | lambda_MMD=0.210
2025-09-29 13:18:39 - Epoch Summary: TrainLoss=0.7623 | TrainAcc=0.731 | Val(P3)=0.676 | Val(AVO)=0.523
2025-09-29 13:18:39 - No P3-val improvement; patience remaining: 11/50
2025-09-29 13:18:39 - AVO val decreasing 3x. Reducing lambda_MMD to 0.210
2025-09-29 13:18:39 - Epoch 65/500 | LR=0.009601 | w_AVO=1.000 | w_P3=2.707 | lambda_MMD=0.210
2025-09-29 13:18:39 - Epoch Summary: TrainLoss=0.7470 | TrainAcc=0.728 | Val(P3)=0.622 | Val(AVO)=0.568
2025-09-29 13:18:39 - No P3-val improvement; patience remaining: 10/50
2025-09-29 13:18:39 - Epoch 66/500 | LR=0.009589 | w_AVO=1.000 | w_P3=2.707 | lambda_MMD=0.300
2025-09-29 13:18:40 - Epoch Summary: TrainLoss=0.7554 | TrainAcc=0.734 | Val(P3)=0.568 | Val(AVO)=0.552
2025-09-29 13:18:40 - No P3-val improvement; patience remaining: 9/50
2025-09-29 13:18:40 - P3 val decreasing 3x. Reducing w_small to 2.166, lambda_MMD to 0.150
2025-09-29 13:18:40 - Epoch 67/500 | LR=0.009576 | w_AVO=1.000 | w_P3=2.166 | lambda_MMD=0.150
2025-09-29 13:18:40 - Epoch Summary: TrainLoss=0.6772 | TrainAcc=0.739 | Val(P3)=0.676 | Val(AVO)=0.571
2025-09-29 13:18:40 - No P3-val improvement; patience remaining: 8/50
2025-09-29 13:18:40 - Epoch 68/500 | LR=0.009563 | w_AVO=1.000 | w_P3=2.707 | lambda_MMD=0.300
2025-09-29 13:18:40 - Epoch Summary: TrainLoss=0.7440 | TrainAcc=0.744 | Val(P3)=0.676 | Val(AVO)=0.532
2025-09-29 13:18:40 - No P3-val improvement; patience remaining: 7/50
2025-09-29 13:18:40 - Epoch 69/500 | LR=0.009551 | w_AVO=1.000 | w_P3=2.707 | lambda_MMD=0.300
2025-09-29 13:18:40 - Epoch Summary: TrainLoss=0.7251 | TrainAcc=0.750 | Val(P3)=0.676 | Val(AVO)=0.536
2025-09-29 13:18:40 - No P3-val improvement; patience remaining: 6/50
2025-09-29 13:18:40 - Epoch 70/500 | LR=0.009537 | w_AVO=1.000 | w_P3=2.707 | lambda_MMD=0.300
2025-09-29 13:18:40 - Epoch Summary: TrainLoss=0.7162 | TrainAcc=0.757 | Val(P3)=0.676 | Val(AVO)=0.555
2025-09-29 13:18:40 - No P3-val improvement; patience remaining: 5/50
2025-09-29 13:18:40 - Epoch 71/500 | LR=0.009524 | w_AVO=1.000 | w_P3=2.707 | lambda_MMD=0.300
2025-09-29 13:18:40 - Epoch Summary: TrainLoss=0.7194 | TrainAcc=0.749 | Val(P3)=0.649 | Val(AVO)=0.555
2025-09-29 13:18:40 - No P3-val improvement; patience remaining: 4/50
2025-09-29 13:18:40 - Epoch 72/500 | LR=0.009511 | w_AVO=1.000 | w_P3=2.707 | lambda_MMD=0.300
2025-09-29 13:18:41 - Epoch Summary: TrainLoss=0.7094 | TrainAcc=0.742 | Val(P3)=0.595 | Val(AVO)=0.555
2025-09-29 13:18:41 - No P3-val improvement; patience remaining: 3/50
2025-09-29 13:18:41 - P3 val decreasing 3x. Reducing w_small to 2.166, lambda_MMD to 0.150
2025-09-29 13:18:41 - Epoch 73/500 | LR=0.009497 | w_AVO=1.000 | w_P3=2.166 | lambda_MMD=0.150
2025-09-29 13:18:41 - Epoch Summary: TrainLoss=0.6989 | TrainAcc=0.730 | Val(P3)=0.676 | Val(AVO)=0.549
2025-09-29 13:18:41 - No P3-val improvement; patience remaining: 2/50
2025-09-29 13:18:41 - Epoch 74/500 | LR=0.009483 | w_AVO=1.000 | w_P3=2.707 | lambda_MMD=0.300
2025-09-29 13:18:41 - Epoch Summary: TrainLoss=0.6928 | TrainAcc=0.752 | Val(P3)=0.622 | Val(AVO)=0.552
2025-09-29 13:18:41 - No P3-val improvement; patience remaining: 1/50
2025-09-29 13:18:41 - Epoch 75/500 | LR=0.009469 | w_AVO=1.000 | w_P3=2.707 | lambda_MMD=0.300
2025-09-29 13:18:41 - Epoch Summary: TrainLoss=0.6787 | TrainAcc=0.758 | Val(P3)=0.676 | Val(AVO)=0.562
2025-09-29 13:18:41 - No P3-val improvement; patience remaining: 0/50
2025-09-29 13:18:41 - Early stopping triggered (P3-val)
2025-09-29 13:18:41 -     P3 Test | Acc=0.6849 P=0.7179 R=0.7000 F1=0.7089 AUC=0.6644 (n=73)
2025-09-29 13:18:41 -     AVO Test | Acc=0.5705 P=0.5389 R=0.9082 F1=0.6764 AUC=0.6730 (n=617)
2025-09-29 13:18:41 -     Overall Test Acc=0.5826
2025-09-29 13:18:41 -   Fold 4/5
2025-09-29 13:18:41 - Fold domains: small=P3 (n=293), large=AVO (n=2122)
2025-09-29 13:18:41 - Auto adjustments (symmetric): w_small≈1.000, lambda_MMD_target=0.300, warmup_epochs=5
2025-09-29 13:18:41 - Epoch 1/500 | LR=0.010000 | w_AVO=1.000 | w_P3=1.338 | lambda_MMD=0.060
2025-09-29 13:18:41 - Epoch Summary: TrainLoss=1.7430 | TrainAcc=0.515 | Val(P3)=0.583 | Val(AVO)=0.540
2025-09-29 13:18:41 - New best P3-val; checkpoint updated
2025-09-29 13:18:41 - Epoch 2/500 | LR=0.010000 | w_AVO=1.000 | w_P3=1.676 | lambda_MMD=0.120
2025-09-29 13:18:42 - Epoch Summary: TrainLoss=1.7417 | TrainAcc=0.589 | Val(P3)=0.694 | Val(AVO)=0.592
2025-09-29 13:18:42 - New best P3-val; checkpoint updated
2025-09-29 13:18:42 - Epoch 3/500 | LR=0.010000 | w_AVO=1.000 | w_P3=2.015 | lambda_MMD=0.180
2025-09-29 13:18:42 - Epoch Summary: TrainLoss=1.9314 | TrainAcc=0.599 | Val(P3)=0.694 | Val(AVO)=0.628
2025-09-29 13:18:42 - No P3-val improvement; patience remaining: 49/50
2025-09-29 13:18:42 - Epoch 4/500 | LR=0.009999 | w_AVO=1.000 | w_P3=2.353 | lambda_MMD=0.240
2025-09-29 13:18:42 - Epoch Summary: TrainLoss=2.1189 | TrainAcc=0.614 | Val(P3)=0.722 | Val(AVO)=0.641
2025-09-29 13:18:42 - New best P3-val; checkpoint updated
2025-09-29 13:18:42 - Epoch 5/500 | LR=0.009998 | w_AVO=1.000 | w_P3=2.691 | lambda_MMD=0.300
2025-09-29 13:18:42 - Epoch Summary: TrainLoss=2.3183 | TrainAcc=0.623 | Val(P3)=0.667 | Val(AVO)=0.595
2025-09-29 13:18:42 - No P3-val improvement; patience remaining: 49/50
2025-09-29 13:18:42 - Epoch 6/500 | LR=0.009998 | w_AVO=1.000 | w_P3=2.691 | lambda_MMD=0.300
2025-09-29 13:18:42 - Epoch Summary: TrainLoss=2.2245 | TrainAcc=0.618 | Val(P3)=0.667 | Val(AVO)=0.618
2025-09-29 13:18:42 - No P3-val improvement; patience remaining: 48/50
2025-09-29 13:18:42 - Epoch 7/500 | LR=0.009996 | w_AVO=1.000 | w_P3=2.691 | lambda_MMD=0.300
2025-09-29 13:18:42 - Epoch Summary: TrainLoss=2.2231 | TrainAcc=0.617 | Val(P3)=0.694 | Val(AVO)=0.618
2025-09-29 13:18:42 - No P3-val improvement; patience remaining: 47/50
2025-09-29 13:18:42 - Epoch 8/500 | LR=0.009995 | w_AVO=1.000 | w_P3=2.691 | lambda_MMD=0.300
2025-09-29 13:18:43 - Epoch Summary: TrainLoss=2.1654 | TrainAcc=0.619 | Val(P3)=0.639 | Val(AVO)=0.595
2025-09-29 13:18:43 - No P3-val improvement; patience remaining: 46/50
2025-09-29 13:18:43 - Epoch 9/500 | LR=0.009994 | w_AVO=1.000 | w_P3=2.691 | lambda_MMD=0.300
2025-09-29 13:18:43 - Epoch Summary: TrainLoss=2.1413 | TrainAcc=0.620 | Val(P3)=0.667 | Val(AVO)=0.605
2025-09-29 13:18:43 - No P3-val improvement; patience remaining: 45/50
2025-09-29 13:18:43 - Epoch 10/500 | LR=0.009992 | w_AVO=1.000 | w_P3=2.691 | lambda_MMD=0.300
2025-09-29 13:18:43 - Epoch Summary: TrainLoss=2.1547 | TrainAcc=0.626 | Val(P3)=0.694 | Val(AVO)=0.608
2025-09-29 13:18:43 - No P3-val improvement; patience remaining: 44/50
2025-09-29 13:18:43 - Epoch 11/500 | LR=0.009990 | w_AVO=1.000 | w_P3=2.691 | lambda_MMD=0.300
2025-09-29 13:18:43 - Epoch Summary: TrainLoss=2.1020 | TrainAcc=0.623 | Val(P3)=0.611 | Val(AVO)=0.608
2025-09-29 13:18:43 - No P3-val improvement; patience remaining: 43/50
2025-09-29 13:18:43 - Epoch 12/500 | LR=0.009988 | w_AVO=1.000 | w_P3=2.691 | lambda_MMD=0.300
2025-09-29 13:18:43 - Epoch Summary: TrainLoss=2.0386 | TrainAcc=0.637 | Val(P3)=0.722 | Val(AVO)=0.634
2025-09-29 13:18:43 - No P3-val improvement; patience remaining: 42/50
2025-09-29 13:18:43 - Epoch 13/500 | LR=0.009986 | w_AVO=1.000 | w_P3=2.691 | lambda_MMD=0.300
2025-09-29 13:18:43 - Epoch Summary: TrainLoss=2.0004 | TrainAcc=0.629 | Val(P3)=0.667 | Val(AVO)=0.599
2025-09-29 13:18:43 - No P3-val improvement; patience remaining: 41/50
2025-09-29 13:18:43 - Epoch 14/500 | LR=0.009983 | w_AVO=1.000 | w_P3=2.691 | lambda_MMD=0.300
2025-09-29 13:18:44 - Epoch Summary: TrainLoss=1.9342 | TrainAcc=0.644 | Val(P3)=0.667 | Val(AVO)=0.599
2025-09-29 13:18:44 - No P3-val improvement; patience remaining: 40/50
2025-09-29 13:18:44 - Epoch 15/500 | LR=0.009981 | w_AVO=1.000 | w_P3=2.691 | lambda_MMD=0.300
2025-09-29 13:18:44 - Epoch Summary: TrainLoss=1.9249 | TrainAcc=0.641 | Val(P3)=0.611 | Val(AVO)=0.618
2025-09-29 13:18:44 - No P3-val improvement; patience remaining: 39/50
2025-09-29 13:18:44 - Epoch 16/500 | LR=0.009978 | w_AVO=1.000 | w_P3=2.691 | lambda_MMD=0.300
2025-09-29 13:18:44 - Epoch Summary: TrainLoss=1.8718 | TrainAcc=0.647 | Val(P3)=0.611 | Val(AVO)=0.612
2025-09-29 13:18:44 - No P3-val improvement; patience remaining: 38/50
2025-09-29 13:18:44 - Epoch 17/500 | LR=0.009975 | w_AVO=1.000 | w_P3=2.691 | lambda_MMD=0.300
2025-09-29 13:18:44 - Epoch Summary: TrainLoss=1.8202 | TrainAcc=0.639 | Val(P3)=0.611 | Val(AVO)=0.625
2025-09-29 13:18:44 - No P3-val improvement; patience remaining: 37/50
2025-09-29 13:18:44 - Epoch 18/500 | LR=0.009972 | w_AVO=1.000 | w_P3=2.691 | lambda_MMD=0.300
2025-09-29 13:18:44 - Epoch Summary: TrainLoss=1.7860 | TrainAcc=0.640 | Val(P3)=0.583 | Val(AVO)=0.615
2025-09-29 13:18:44 - No P3-val improvement; patience remaining: 36/50
2025-09-29 13:18:44 - Epoch 19/500 | LR=0.009968 | w_AVO=1.000 | w_P3=2.691 | lambda_MMD=0.300
2025-09-29 13:18:44 - Epoch Summary: TrainLoss=1.7207 | TrainAcc=0.637 | Val(P3)=0.639 | Val(AVO)=0.589
2025-09-29 13:18:44 - No P3-val improvement; patience remaining: 35/50
2025-09-29 13:18:44 - AVO val decreasing 3x. Reducing lambda_MMD to 0.210
2025-09-29 13:18:44 - Epoch 20/500 | LR=0.009964 | w_AVO=1.000 | w_P3=2.691 | lambda_MMD=0.210
2025-09-29 13:18:45 - Epoch Summary: TrainLoss=1.7205 | TrainAcc=0.645 | Val(P3)=0.500 | Val(AVO)=0.599
2025-09-29 13:18:45 - No P3-val improvement; patience remaining: 34/50
2025-09-29 13:18:45 - Epoch 21/500 | LR=0.009961 | w_AVO=1.000 | w_P3=2.691 | lambda_MMD=0.300
2025-09-29 13:18:45 - Epoch Summary: TrainLoss=1.6731 | TrainAcc=0.647 | Val(P3)=0.611 | Val(AVO)=0.595
2025-09-29 13:18:45 - No P3-val improvement; patience remaining: 33/50
2025-09-29 13:18:45 - Epoch 22/500 | LR=0.009957 | w_AVO=1.000 | w_P3=2.691 | lambda_MMD=0.300
2025-09-29 13:18:45 - Epoch Summary: TrainLoss=1.6339 | TrainAcc=0.645 | Val(P3)=0.694 | Val(AVO)=0.566
2025-09-29 13:18:45 - No P3-val improvement; patience remaining: 32/50
2025-09-29 13:18:45 - AVO val decreasing 3x. Reducing lambda_MMD to 0.210
2025-09-29 13:18:45 - Epoch 23/500 | LR=0.009952 | w_AVO=1.000 | w_P3=2.691 | lambda_MMD=0.210
2025-09-29 13:18:45 - Epoch Summary: TrainLoss=1.5499 | TrainAcc=0.657 | Val(P3)=0.611 | Val(AVO)=0.618
2025-09-29 13:18:45 - No P3-val improvement; patience remaining: 31/50
2025-09-29 13:18:45 - Epoch 24/500 | LR=0.009948 | w_AVO=1.000 | w_P3=2.691 | lambda_MMD=0.300
2025-09-29 13:18:45 - Epoch Summary: TrainLoss=1.5320 | TrainAcc=0.658 | Val(P3)=0.583 | Val(AVO)=0.638
2025-09-29 13:18:45 - No P3-val improvement; patience remaining: 30/50
2025-09-29 13:18:45 - P3 val decreasing 3x. Reducing w_small to 2.153, lambda_MMD to 0.150
2025-09-29 13:18:45 - Epoch 25/500 | LR=0.009943 | w_AVO=1.000 | w_P3=2.153 | lambda_MMD=0.150
2025-09-29 13:18:46 - Epoch Summary: TrainLoss=1.3269 | TrainAcc=0.659 | Val(P3)=0.556 | Val(AVO)=0.647
2025-09-29 13:18:46 - No P3-val improvement; patience remaining: 29/50
2025-09-29 13:18:46 - P3 val decreasing 3x. Reducing w_small to 2.153, lambda_MMD to 0.150
2025-09-29 13:18:46 - Epoch 26/500 | LR=0.009938 | w_AVO=1.000 | w_P3=2.153 | lambda_MMD=0.150
2025-09-29 13:18:46 - Epoch Summary: TrainLoss=1.2813 | TrainAcc=0.670 | Val(P3)=0.639 | Val(AVO)=0.621
2025-09-29 13:18:46 - No P3-val improvement; patience remaining: 28/50
2025-09-29 13:18:46 - Epoch 27/500 | LR=0.009933 | w_AVO=1.000 | w_P3=2.691 | lambda_MMD=0.300
2025-09-29 13:18:46 - Epoch Summary: TrainLoss=1.4048 | TrainAcc=0.670 | Val(P3)=0.583 | Val(AVO)=0.638
2025-09-29 13:18:46 - No P3-val improvement; patience remaining: 27/50
2025-09-29 13:18:46 - Epoch 28/500 | LR=0.009928 | w_AVO=1.000 | w_P3=2.691 | lambda_MMD=0.300
2025-09-29 13:18:46 - Epoch Summary: TrainLoss=1.3845 | TrainAcc=0.663 | Val(P3)=0.556 | Val(AVO)=0.641
2025-09-29 13:18:46 - No P3-val improvement; patience remaining: 26/50
2025-09-29 13:18:46 - P3 val decreasing 3x. Reducing w_small to 2.153, lambda_MMD to 0.150
2025-09-29 13:18:46 - Epoch 29/500 | LR=0.009923 | w_AVO=1.000 | w_P3=2.153 | lambda_MMD=0.150
2025-09-29 13:18:46 - Epoch Summary: TrainLoss=1.2127 | TrainAcc=0.673 | Val(P3)=0.611 | Val(AVO)=0.641
2025-09-29 13:18:46 - No P3-val improvement; patience remaining: 25/50
2025-09-29 13:18:46 - Epoch 30/500 | LR=0.009917 | w_AVO=1.000 | w_P3=2.691 | lambda_MMD=0.300
2025-09-29 13:18:46 - Epoch Summary: TrainLoss=1.3438 | TrainAcc=0.666 | Val(P3)=0.667 | Val(AVO)=0.621
2025-09-29 13:18:46 - No P3-val improvement; patience remaining: 24/50
2025-09-29 13:18:46 - Epoch 31/500 | LR=0.009911 | w_AVO=1.000 | w_P3=2.691 | lambda_MMD=0.300
2025-09-29 13:18:47 - Epoch Summary: TrainLoss=1.3214 | TrainAcc=0.665 | Val(P3)=0.611 | Val(AVO)=0.628
2025-09-29 13:18:47 - No P3-val improvement; patience remaining: 23/50
2025-09-29 13:18:47 - Epoch 32/500 | LR=0.009905 | w_AVO=1.000 | w_P3=2.691 | lambda_MMD=0.300
2025-09-29 13:18:47 - Epoch Summary: TrainLoss=1.2962 | TrainAcc=0.673 | Val(P3)=0.611 | Val(AVO)=0.628
2025-09-29 13:18:47 - No P3-val improvement; patience remaining: 22/50
2025-09-29 13:18:47 - Epoch 33/500 | LR=0.009899 | w_AVO=1.000 | w_P3=2.691 | lambda_MMD=0.300
2025-09-29 13:18:47 - Epoch Summary: TrainLoss=1.2588 | TrainAcc=0.680 | Val(P3)=0.556 | Val(AVO)=0.612
2025-09-29 13:18:47 - No P3-val improvement; patience remaining: 21/50
2025-09-29 13:18:47 - Epoch 34/500 | LR=0.009893 | w_AVO=1.000 | w_P3=2.691 | lambda_MMD=0.300
2025-09-29 13:18:47 - Epoch Summary: TrainLoss=1.2419 | TrainAcc=0.684 | Val(P3)=0.639 | Val(AVO)=0.638
2025-09-29 13:18:47 - No P3-val improvement; patience remaining: 20/50
2025-09-29 13:18:47 - Epoch 35/500 | LR=0.009886 | w_AVO=1.000 | w_P3=2.691 | lambda_MMD=0.300
2025-09-29 13:18:47 - Epoch Summary: TrainLoss=1.2061 | TrainAcc=0.679 | Val(P3)=0.556 | Val(AVO)=0.628
2025-09-29 13:18:47 - No P3-val improvement; patience remaining: 19/50
2025-09-29 13:18:47 - Epoch 36/500 | LR=0.009880 | w_AVO=1.000 | w_P3=2.691 | lambda_MMD=0.300
2025-09-29 13:18:47 - Epoch Summary: TrainLoss=1.1549 | TrainAcc=0.689 | Val(P3)=0.667 | Val(AVO)=0.657
2025-09-29 13:18:47 - No P3-val improvement; patience remaining: 18/50
2025-09-29 13:18:47 - Epoch 37/500 | LR=0.009873 | w_AVO=1.000 | w_P3=2.691 | lambda_MMD=0.300
2025-09-29 13:18:48 - Epoch Summary: TrainLoss=1.1207 | TrainAcc=0.690 | Val(P3)=0.556 | Val(AVO)=0.641
2025-09-29 13:18:48 - No P3-val improvement; patience remaining: 17/50
2025-09-29 13:18:48 - Epoch 38/500 | LR=0.009865 | w_AVO=1.000 | w_P3=2.691 | lambda_MMD=0.300
2025-09-29 13:18:48 - Epoch Summary: TrainLoss=1.1468 | TrainAcc=0.683 | Val(P3)=0.611 | Val(AVO)=0.621
2025-09-29 13:18:48 - No P3-val improvement; patience remaining: 16/50
2025-09-29 13:18:48 - AVO val decreasing 3x. Reducing lambda_MMD to 0.210
2025-09-29 13:18:48 - Epoch 39/500 | LR=0.009858 | w_AVO=1.000 | w_P3=2.691 | lambda_MMD=0.210
2025-09-29 13:18:48 - Epoch Summary: TrainLoss=1.1088 | TrainAcc=0.683 | Val(P3)=0.583 | Val(AVO)=0.660
2025-09-29 13:18:48 - No P3-val improvement; patience remaining: 15/50
2025-09-29 13:18:48 - Epoch 40/500 | LR=0.009851 | w_AVO=1.000 | w_P3=2.691 | lambda_MMD=0.300
2025-09-29 13:18:48 - Epoch Summary: TrainLoss=1.0717 | TrainAcc=0.692 | Val(P3)=0.528 | Val(AVO)=0.654
2025-09-29 13:18:48 - No P3-val improvement; patience remaining: 14/50
2025-09-29 13:18:48 - P3 val decreasing 3x. Reducing w_small to 2.153, lambda_MMD to 0.150
2025-09-29 13:18:48 - Epoch 41/500 | LR=0.009843 | w_AVO=1.000 | w_P3=2.153 | lambda_MMD=0.150
2025-09-29 13:18:48 - Epoch Summary: TrainLoss=0.9646 | TrainAcc=0.701 | Val(P3)=0.583 | Val(AVO)=0.621
2025-09-29 13:18:48 - No P3-val improvement; patience remaining: 13/50
2025-09-29 13:18:48 - AVO val decreasing 3x. Reducing lambda_MMD to 0.210
2025-09-29 13:18:48 - Epoch 42/500 | LR=0.009835 | w_AVO=1.000 | w_P3=2.691 | lambda_MMD=0.210
2025-09-29 13:18:48 - Epoch Summary: TrainLoss=1.0527 | TrainAcc=0.690 | Val(P3)=0.611 | Val(AVO)=0.650
2025-09-29 13:18:48 - No P3-val improvement; patience remaining: 12/50
2025-09-29 13:18:48 - Epoch 43/500 | LR=0.009827 | w_AVO=1.000 | w_P3=2.691 | lambda_MMD=0.300
2025-09-29 13:18:49 - Epoch Summary: TrainLoss=1.0344 | TrainAcc=0.697 | Val(P3)=0.611 | Val(AVO)=0.631
2025-09-29 13:18:49 - No P3-val improvement; patience remaining: 11/50
2025-09-29 13:18:49 - Epoch 44/500 | LR=0.009819 | w_AVO=1.000 | w_P3=2.691 | lambda_MMD=0.300
2025-09-29 13:18:49 - Epoch Summary: TrainLoss=1.0088 | TrainAcc=0.704 | Val(P3)=0.583 | Val(AVO)=0.608
2025-09-29 13:18:49 - No P3-val improvement; patience remaining: 10/50
2025-09-29 13:18:49 - AVO val decreasing 3x. Reducing lambda_MMD to 0.210
2025-09-29 13:18:49 - Epoch 45/500 | LR=0.009810 | w_AVO=1.000 | w_P3=2.691 | lambda_MMD=0.210
2025-09-29 13:18:49 - Epoch Summary: TrainLoss=0.9898 | TrainAcc=0.688 | Val(P3)=0.639 | Val(AVO)=0.670
2025-09-29 13:18:49 - No P3-val improvement; patience remaining: 9/50
2025-09-29 13:18:49 - Epoch 46/500 | LR=0.009801 | w_AVO=1.000 | w_P3=2.691 | lambda_MMD=0.300
2025-09-29 13:18:49 - Epoch Summary: TrainLoss=0.9936 | TrainAcc=0.704 | Val(P3)=0.583 | Val(AVO)=0.618
2025-09-29 13:18:49 - No P3-val improvement; patience remaining: 8/50
2025-09-29 13:18:49 - Epoch 47/500 | LR=0.009793 | w_AVO=1.000 | w_P3=2.691 | lambda_MMD=0.300
2025-09-29 13:18:49 - Epoch Summary: TrainLoss=0.9511 | TrainAcc=0.702 | Val(P3)=0.583 | Val(AVO)=0.660
2025-09-29 13:18:49 - No P3-val improvement; patience remaining: 7/50
2025-09-29 13:18:49 - Epoch 48/500 | LR=0.009784 | w_AVO=1.000 | w_P3=2.691 | lambda_MMD=0.300
2025-09-29 13:18:50 - Epoch Summary: TrainLoss=0.9299 | TrainAcc=0.708 | Val(P3)=0.611 | Val(AVO)=0.628
2025-09-29 13:18:50 - No P3-val improvement; patience remaining: 6/50
2025-09-29 13:18:50 - Epoch 49/500 | LR=0.009774 | w_AVO=1.000 | w_P3=2.691 | lambda_MMD=0.300
2025-09-29 13:18:50 - Epoch Summary: TrainLoss=0.9120 | TrainAcc=0.716 | Val(P3)=0.583 | Val(AVO)=0.631
2025-09-29 13:18:50 - No P3-val improvement; patience remaining: 5/50
2025-09-29 13:18:50 - Epoch 50/500 | LR=0.009765 | w_AVO=1.000 | w_P3=2.691 | lambda_MMD=0.300
2025-09-29 13:18:50 - Epoch Summary: TrainLoss=0.8835 | TrainAcc=0.710 | Val(P3)=0.556 | Val(AVO)=0.628
2025-09-29 13:18:50 - No P3-val improvement; patience remaining: 4/50
2025-09-29 13:18:50 - P3 val decreasing 3x. Reducing w_small to 2.153, lambda_MMD to 0.150
2025-09-29 13:18:50 - Epoch 51/500 | LR=0.009755 | w_AVO=1.000 | w_P3=2.153 | lambda_MMD=0.150
2025-09-29 13:18:50 - Epoch Summary: TrainLoss=0.8017 | TrainAcc=0.718 | Val(P3)=0.583 | Val(AVO)=0.641
2025-09-29 13:18:50 - No P3-val improvement; patience remaining: 3/50
2025-09-29 13:18:50 - Epoch 52/500 | LR=0.009745 | w_AVO=1.000 | w_P3=2.691 | lambda_MMD=0.300
2025-09-29 13:18:50 - Epoch Summary: TrainLoss=0.8704 | TrainAcc=0.721 | Val(P3)=0.556 | Val(AVO)=0.634
2025-09-29 13:18:50 - No P3-val improvement; patience remaining: 2/50
2025-09-29 13:18:50 - Epoch 53/500 | LR=0.009735 | w_AVO=1.000 | w_P3=2.691 | lambda_MMD=0.300
2025-09-29 13:18:50 - Epoch Summary: TrainLoss=0.8728 | TrainAcc=0.728 | Val(P3)=0.611 | Val(AVO)=0.670
2025-09-29 13:18:50 - No P3-val improvement; patience remaining: 1/50
2025-09-29 13:18:50 - Epoch 54/500 | LR=0.009725 | w_AVO=1.000 | w_P3=2.691 | lambda_MMD=0.300
2025-09-29 13:18:51 - Epoch Summary: TrainLoss=0.8740 | TrainAcc=0.711 | Val(P3)=0.583 | Val(AVO)=0.660
2025-09-29 13:18:51 - No P3-val improvement; patience remaining: 0/50
2025-09-29 13:18:51 - Early stopping triggered (P3-val)
2025-09-29 13:18:51 -     P3 Test | Acc=0.5493 P=0.5217 R=0.7059 F1=0.6000 AUC=0.6057 (n=71)
2025-09-29 13:18:51 -     AVO Test | Acc=0.6381 P=0.6069 R=0.7942 F1=0.6880 AUC=0.7245 (n=619)
2025-09-29 13:18:51 -     Overall Test Acc=0.6290
2025-09-29 13:18:51 -   Fold 5/5
2025-09-29 13:18:51 - Fold domains: small=P3 (n=286), large=AVO (n=2129)
2025-09-29 13:18:51 - Auto adjustments (symmetric): w_small≈1.000, lambda_MMD_target=0.300, warmup_epochs=5
2025-09-29 13:18:51 - Epoch 1/500 | LR=0.010000 | w_AVO=1.000 | w_P3=1.346 | lambda_MMD=0.060
2025-09-29 13:18:51 - Epoch Summary: TrainLoss=1.7549 | TrainAcc=0.504 | Val(P3)=0.588 | Val(AVO)=0.527
2025-09-29 13:18:51 - New best P3-val; checkpoint updated
2025-09-29 13:18:51 - Epoch 2/500 | LR=0.010000 | w_AVO=1.000 | w_P3=1.691 | lambda_MMD=0.120
2025-09-29 13:18:51 - Epoch Summary: TrainLoss=1.7794 | TrainAcc=0.586 | Val(P3)=0.676 | Val(AVO)=0.608
2025-09-29 13:18:51 - New best P3-val; checkpoint updated
2025-09-29 13:18:51 - Epoch 3/500 | LR=0.010000 | w_AVO=1.000 | w_P3=2.037 | lambda_MMD=0.180
2025-09-29 13:18:51 - Epoch Summary: TrainLoss=1.9593 | TrainAcc=0.591 | Val(P3)=0.647 | Val(AVO)=0.588
2025-09-29 13:18:51 - No P3-val improvement; patience remaining: 49/50
2025-09-29 13:18:51 - Epoch 4/500 | LR=0.009999 | w_AVO=1.000 | w_P3=2.383 | lambda_MMD=0.240
2025-09-29 13:18:51 - Epoch Summary: TrainLoss=2.1142 | TrainAcc=0.615 | Val(P3)=0.735 | Val(AVO)=0.627
2025-09-29 13:18:51 - New best P3-val; checkpoint updated
2025-09-29 13:18:51 - Epoch 5/500 | LR=0.009998 | w_AVO=1.000 | w_P3=2.728 | lambda_MMD=0.300
2025-09-29 13:18:51 - Epoch Summary: TrainLoss=2.3542 | TrainAcc=0.603 | Val(P3)=0.706 | Val(AVO)=0.646
2025-09-29 13:18:51 - No P3-val improvement; patience remaining: 49/50
2025-09-29 13:18:51 - Epoch 6/500 | LR=0.009998 | w_AVO=1.000 | w_P3=2.728 | lambda_MMD=0.300
2025-09-29 13:18:52 - Epoch Summary: TrainLoss=2.2913 | TrainAcc=0.614 | Val(P3)=0.706 | Val(AVO)=0.640
2025-09-29 13:18:52 - No P3-val improvement; patience remaining: 48/50
2025-09-29 13:18:52 - Epoch 7/500 | LR=0.009996 | w_AVO=1.000 | w_P3=2.728 | lambda_MMD=0.300
2025-09-29 13:18:52 - Epoch Summary: TrainLoss=2.2309 | TrainAcc=0.620 | Val(P3)=0.735 | Val(AVO)=0.630
2025-09-29 13:18:52 - No P3-val improvement; patience remaining: 47/50
2025-09-29 13:18:52 - AVO val decreasing 3x. Reducing lambda_MMD to 0.210
2025-09-29 13:18:52 - Epoch 8/500 | LR=0.009995 | w_AVO=1.000 | w_P3=2.728 | lambda_MMD=0.210
2025-09-29 13:18:52 - Epoch Summary: TrainLoss=2.1619 | TrainAcc=0.633 | Val(P3)=0.676 | Val(AVO)=0.637
2025-09-29 13:18:52 - No P3-val improvement; patience remaining: 46/50
2025-09-29 13:18:52 - Epoch 9/500 | LR=0.009994 | w_AVO=1.000 | w_P3=2.728 | lambda_MMD=0.300
2025-09-29 13:18:52 - Epoch Summary: TrainLoss=2.1057 | TrainAcc=0.625 | Val(P3)=0.735 | Val(AVO)=0.624
2025-09-29 13:18:52 - No P3-val improvement; patience remaining: 45/50
2025-09-29 13:18:52 - Epoch 10/500 | LR=0.009992 | w_AVO=1.000 | w_P3=2.728 | lambda_MMD=0.300
2025-09-29 13:18:52 - Epoch Summary: TrainLoss=2.1092 | TrainAcc=0.631 | Val(P3)=0.647 | Val(AVO)=0.595
2025-09-29 13:18:52 - No P3-val improvement; patience remaining: 44/50
2025-09-29 13:18:52 - AVO val decreasing 3x. Reducing lambda_MMD to 0.210
2025-09-29 13:18:52 - Epoch 11/500 | LR=0.009990 | w_AVO=1.000 | w_P3=2.728 | lambda_MMD=0.210
2025-09-29 13:18:52 - Epoch Summary: TrainLoss=2.0478 | TrainAcc=0.630 | Val(P3)=0.647 | Val(AVO)=0.598
2025-09-29 13:18:52 - No P3-val improvement; patience remaining: 43/50
2025-09-29 13:18:52 - Epoch 12/500 | LR=0.009988 | w_AVO=1.000 | w_P3=2.728 | lambda_MMD=0.300
2025-09-29 13:18:53 - Epoch Summary: TrainLoss=1.9706 | TrainAcc=0.625 | Val(P3)=0.676 | Val(AVO)=0.614
2025-09-29 13:18:53 - No P3-val improvement; patience remaining: 42/50
2025-09-29 13:18:53 - Epoch 13/500 | LR=0.009986 | w_AVO=1.000 | w_P3=2.728 | lambda_MMD=0.300
2025-09-29 13:18:53 - Epoch Summary: TrainLoss=1.9445 | TrainAcc=0.628 | Val(P3)=0.706 | Val(AVO)=0.621
2025-09-29 13:18:53 - No P3-val improvement; patience remaining: 41/50
2025-09-29 13:18:53 - Epoch 14/500 | LR=0.009983 | w_AVO=1.000 | w_P3=2.728 | lambda_MMD=0.300
2025-09-29 13:18:53 - Epoch Summary: TrainLoss=1.8915 | TrainAcc=0.639 | Val(P3)=0.706 | Val(AVO)=0.646
2025-09-29 13:18:53 - No P3-val improvement; patience remaining: 40/50
2025-09-29 13:18:53 - Epoch 15/500 | LR=0.009981 | w_AVO=1.000 | w_P3=2.728 | lambda_MMD=0.300
2025-09-29 13:18:53 - Epoch Summary: TrainLoss=1.8557 | TrainAcc=0.639 | Val(P3)=0.676 | Val(AVO)=0.630
2025-09-29 13:18:53 - No P3-val improvement; patience remaining: 39/50
2025-09-29 13:18:53 - Epoch 16/500 | LR=0.009978 | w_AVO=1.000 | w_P3=2.728 | lambda_MMD=0.300
2025-09-29 13:18:53 - Epoch Summary: TrainLoss=1.8692 | TrainAcc=0.620 | Val(P3)=0.676 | Val(AVO)=0.666
2025-09-29 13:18:53 - No P3-val improvement; patience remaining: 38/50
2025-09-29 13:18:53 - Epoch 17/500 | LR=0.009975 | w_AVO=1.000 | w_P3=2.728 | lambda_MMD=0.300
2025-09-29 13:18:54 - Epoch Summary: TrainLoss=1.8288 | TrainAcc=0.634 | Val(P3)=0.618 | Val(AVO)=0.630
2025-09-29 13:18:54 - No P3-val improvement; patience remaining: 37/50
2025-09-29 13:18:54 - Epoch 18/500 | LR=0.009972 | w_AVO=1.000 | w_P3=2.728 | lambda_MMD=0.300
2025-09-29 13:18:54 - Epoch Summary: TrainLoss=1.7296 | TrainAcc=0.652 | Val(P3)=0.647 | Val(AVO)=0.630
2025-09-29 13:18:54 - No P3-val improvement; patience remaining: 36/50
2025-09-29 13:18:54 - Epoch 19/500 | LR=0.009968 | w_AVO=1.000 | w_P3=2.728 | lambda_MMD=0.300
2025-09-29 13:18:54 - Epoch Summary: TrainLoss=1.7019 | TrainAcc=0.650 | Val(P3)=0.647 | Val(AVO)=0.621
2025-09-29 13:18:54 - No P3-val improvement; patience remaining: 35/50
2025-09-29 13:18:54 - Epoch 20/500 | LR=0.009964 | w_AVO=1.000 | w_P3=2.728 | lambda_MMD=0.300
2025-09-29 13:18:54 - Epoch Summary: TrainLoss=1.6823 | TrainAcc=0.660 | Val(P3)=0.706 | Val(AVO)=0.637
2025-09-29 13:18:54 - No P3-val improvement; patience remaining: 34/50
2025-09-29 13:18:54 - Epoch 21/500 | LR=0.009961 | w_AVO=1.000 | w_P3=2.728 | lambda_MMD=0.300
2025-09-29 13:18:54 - Epoch Summary: TrainLoss=1.6246 | TrainAcc=0.652 | Val(P3)=0.647 | Val(AVO)=0.637
2025-09-29 13:18:54 - No P3-val improvement; patience remaining: 33/50
2025-09-29 13:18:54 - Epoch 22/500 | LR=0.009957 | w_AVO=1.000 | w_P3=2.728 | lambda_MMD=0.300
2025-09-29 13:18:54 - Epoch Summary: TrainLoss=1.6461 | TrainAcc=0.644 | Val(P3)=0.676 | Val(AVO)=0.633
2025-09-29 13:18:54 - No P3-val improvement; patience remaining: 32/50
2025-09-29 13:18:54 - Epoch 23/500 | LR=0.009952 | w_AVO=1.000 | w_P3=2.728 | lambda_MMD=0.300
2025-09-29 13:18:55 - Epoch Summary: TrainLoss=1.6328 | TrainAcc=0.651 | Val(P3)=0.676 | Val(AVO)=0.633
2025-09-29 13:18:55 - No P3-val improvement; patience remaining: 31/50
2025-09-29 13:18:55 - Epoch 24/500 | LR=0.009948 | w_AVO=1.000 | w_P3=2.728 | lambda_MMD=0.300
2025-09-29 13:18:55 - Epoch Summary: TrainLoss=1.5970 | TrainAcc=0.650 | Val(P3)=0.647 | Val(AVO)=0.588
2025-09-29 13:18:55 - No P3-val improvement; patience remaining: 30/50
2025-09-29 13:18:55 - Epoch 25/500 | LR=0.009943 | w_AVO=1.000 | w_P3=2.728 | lambda_MMD=0.300
2025-09-29 13:18:55 - Epoch Summary: TrainLoss=1.5200 | TrainAcc=0.655 | Val(P3)=0.647 | Val(AVO)=0.588
2025-09-29 13:18:55 - No P3-val improvement; patience remaining: 29/50
2025-09-29 13:18:55 - Epoch 26/500 | LR=0.009938 | w_AVO=1.000 | w_P3=2.728 | lambda_MMD=0.300
2025-09-29 13:18:55 - Epoch Summary: TrainLoss=1.4802 | TrainAcc=0.659 | Val(P3)=0.647 | Val(AVO)=0.608
2025-09-29 13:18:55 - No P3-val improvement; patience remaining: 28/50
2025-09-29 13:18:55 - Epoch 27/500 | LR=0.009933 | w_AVO=1.000 | w_P3=2.728 | lambda_MMD=0.300
2025-09-29 13:18:55 - Epoch Summary: TrainLoss=1.4605 | TrainAcc=0.666 | Val(P3)=0.647 | Val(AVO)=0.627
2025-09-29 13:18:55 - No P3-val improvement; patience remaining: 27/50
2025-09-29 13:18:55 - Epoch 28/500 | LR=0.009928 | w_AVO=1.000 | w_P3=2.728 | lambda_MMD=0.300
2025-09-29 13:18:55 - Epoch Summary: TrainLoss=1.4420 | TrainAcc=0.659 | Val(P3)=0.706 | Val(AVO)=0.650
2025-09-29 13:18:55 - No P3-val improvement; patience remaining: 26/50
2025-09-29 13:18:55 - Epoch 29/500 | LR=0.009923 | w_AVO=1.000 | w_P3=2.728 | lambda_MMD=0.300
2025-09-29 13:18:56 - Epoch Summary: TrainLoss=1.3846 | TrainAcc=0.667 | Val(P3)=0.676 | Val(AVO)=0.630
2025-09-29 13:18:56 - No P3-val improvement; patience remaining: 25/50
2025-09-29 13:18:56 - Epoch 30/500 | LR=0.009917 | w_AVO=1.000 | w_P3=2.728 | lambda_MMD=0.300
2025-09-29 13:18:56 - Epoch Summary: TrainLoss=1.3958 | TrainAcc=0.653 | Val(P3)=0.647 | Val(AVO)=0.630
2025-09-29 13:18:56 - No P3-val improvement; patience remaining: 24/50
2025-09-29 13:18:56 - P3 val decreasing 3x. Reducing w_small to 2.183, lambda_MMD to 0.150
2025-09-29 13:18:56 - Epoch 31/500 | LR=0.009911 | w_AVO=1.000 | w_P3=2.183 | lambda_MMD=0.150
2025-09-29 13:18:56 - Epoch Summary: TrainLoss=1.1809 | TrainAcc=0.655 | Val(P3)=0.618 | Val(AVO)=0.637
2025-09-29 13:18:56 - No P3-val improvement; patience remaining: 23/50
2025-09-29 13:18:56 - P3 val decreasing 3x. Reducing w_small to 2.183, lambda_MMD to 0.150
2025-09-29 13:18:56 - Epoch 32/500 | LR=0.009905 | w_AVO=1.000 | w_P3=2.183 | lambda_MMD=0.150
2025-09-29 13:18:56 - Epoch Summary: TrainLoss=1.1884 | TrainAcc=0.661 | Val(P3)=0.676 | Val(AVO)=0.637
2025-09-29 13:18:56 - No P3-val improvement; patience remaining: 22/50
2025-09-29 13:18:56 - Epoch 33/500 | LR=0.009899 | w_AVO=1.000 | w_P3=2.728 | lambda_MMD=0.300
2025-09-29 13:18:56 - Epoch Summary: TrainLoss=1.2973 | TrainAcc=0.679 | Val(P3)=0.676 | Val(AVO)=0.653
2025-09-29 13:18:56 - No P3-val improvement; patience remaining: 21/50
2025-09-29 13:18:56 - Epoch 34/500 | LR=0.009893 | w_AVO=1.000 | w_P3=2.728 | lambda_MMD=0.300
2025-09-29 13:18:56 - Epoch Summary: TrainLoss=1.3046 | TrainAcc=0.675 | Val(P3)=0.647 | Val(AVO)=0.592
2025-09-29 13:18:56 - No P3-val improvement; patience remaining: 20/50
2025-09-29 13:18:56 - Epoch 35/500 | LR=0.009886 | w_AVO=1.000 | w_P3=2.728 | lambda_MMD=0.300
2025-09-29 13:18:57 - Epoch Summary: TrainLoss=1.2782 | TrainAcc=0.669 | Val(P3)=0.735 | Val(AVO)=0.659
2025-09-29 13:18:57 - No P3-val improvement; patience remaining: 19/50
2025-09-29 13:18:57 - Epoch 36/500 | LR=0.009880 | w_AVO=1.000 | w_P3=2.728 | lambda_MMD=0.300
2025-09-29 13:18:57 - Epoch Summary: TrainLoss=1.1979 | TrainAcc=0.679 | Val(P3)=0.676 | Val(AVO)=0.633
2025-09-29 13:18:57 - No P3-val improvement; patience remaining: 18/50
2025-09-29 13:18:57 - Epoch 37/500 | LR=0.009873 | w_AVO=1.000 | w_P3=2.728 | lambda_MMD=0.300
2025-09-29 13:18:57 - Epoch Summary: TrainLoss=1.1587 | TrainAcc=0.679 | Val(P3)=0.676 | Val(AVO)=0.637
2025-09-29 13:18:57 - No P3-val improvement; patience remaining: 17/50
2025-09-29 13:18:57 - Epoch 38/500 | LR=0.009865 | w_AVO=1.000 | w_P3=2.728 | lambda_MMD=0.300
2025-09-29 13:18:57 - Epoch Summary: TrainLoss=1.1708 | TrainAcc=0.686 | Val(P3)=0.676 | Val(AVO)=0.637
2025-09-29 13:18:57 - No P3-val improvement; patience remaining: 16/50
2025-09-29 13:18:57 - Epoch 39/500 | LR=0.009858 | w_AVO=1.000 | w_P3=2.728 | lambda_MMD=0.300
2025-09-29 13:18:57 - Epoch Summary: TrainLoss=1.1306 | TrainAcc=0.678 | Val(P3)=0.706 | Val(AVO)=0.653
2025-09-29 13:18:57 - No P3-val improvement; patience remaining: 15/50
2025-09-29 13:18:57 - Epoch 40/500 | LR=0.009851 | w_AVO=1.000 | w_P3=2.728 | lambda_MMD=0.300
2025-09-29 13:18:57 - Epoch Summary: TrainLoss=1.1900 | TrainAcc=0.667 | Val(P3)=0.676 | Val(AVO)=0.656
2025-09-29 13:18:57 - No P3-val improvement; patience remaining: 14/50
2025-09-29 13:18:57 - Epoch 41/500 | LR=0.009843 | w_AVO=1.000 | w_P3=2.728 | lambda_MMD=0.300
2025-09-29 13:18:58 - Epoch Summary: TrainLoss=1.1931 | TrainAcc=0.683 | Val(P3)=0.676 | Val(AVO)=0.617
2025-09-29 13:18:58 - No P3-val improvement; patience remaining: 13/50
2025-09-29 13:18:58 - Epoch 42/500 | LR=0.009835 | w_AVO=1.000 | w_P3=2.728 | lambda_MMD=0.300
2025-09-29 13:18:58 - Epoch Summary: TrainLoss=1.1259 | TrainAcc=0.674 | Val(P3)=0.618 | Val(AVO)=0.617
2025-09-29 13:18:58 - No P3-val improvement; patience remaining: 12/50
2025-09-29 13:18:58 - Epoch 43/500 | LR=0.009827 | w_AVO=1.000 | w_P3=2.728 | lambda_MMD=0.300
2025-09-29 13:18:58 - Epoch Summary: TrainLoss=1.1400 | TrainAcc=0.659 | Val(P3)=0.647 | Val(AVO)=0.572
2025-09-29 13:18:58 - No P3-val improvement; patience remaining: 11/50
2025-09-29 13:18:58 - Epoch 44/500 | LR=0.009819 | w_AVO=1.000 | w_P3=2.728 | lambda_MMD=0.300
2025-09-29 13:18:58 - Epoch Summary: TrainLoss=1.1298 | TrainAcc=0.682 | Val(P3)=0.706 | Val(AVO)=0.640
2025-09-29 13:18:58 - No P3-val improvement; patience remaining: 10/50
2025-09-29 13:18:58 - Epoch 45/500 | LR=0.009810 | w_AVO=1.000 | w_P3=2.728 | lambda_MMD=0.300
2025-09-29 13:18:58 - Epoch Summary: TrainLoss=1.0506 | TrainAcc=0.688 | Val(P3)=0.618 | Val(AVO)=0.627
2025-09-29 13:18:58 - No P3-val improvement; patience remaining: 9/50
2025-09-29 13:18:58 - Epoch 46/500 | LR=0.009801 | w_AVO=1.000 | w_P3=2.728 | lambda_MMD=0.300
2025-09-29 13:18:58 - Epoch Summary: TrainLoss=1.1248 | TrainAcc=0.685 | Val(P3)=0.676 | Val(AVO)=0.630
2025-09-29 13:18:58 - No P3-val improvement; patience remaining: 8/50
2025-09-29 13:18:58 - Epoch 47/500 | LR=0.009793 | w_AVO=1.000 | w_P3=2.728 | lambda_MMD=0.300
2025-09-29 13:18:59 - Epoch Summary: TrainLoss=0.9895 | TrainAcc=0.701 | Val(P3)=0.706 | Val(AVO)=0.637
2025-09-29 13:18:59 - No P3-val improvement; patience remaining: 7/50
2025-09-29 13:18:59 - Epoch 48/500 | LR=0.009784 | w_AVO=1.000 | w_P3=2.728 | lambda_MMD=0.300
2025-09-29 13:18:59 - Epoch Summary: TrainLoss=0.9635 | TrainAcc=0.704 | Val(P3)=0.676 | Val(AVO)=0.598
2025-09-29 13:18:59 - No P3-val improvement; patience remaining: 6/50
2025-09-29 13:18:59 - Epoch 49/500 | LR=0.009774 | w_AVO=1.000 | w_P3=2.728 | lambda_MMD=0.300
2025-09-29 13:18:59 - Epoch Summary: TrainLoss=0.9614 | TrainAcc=0.703 | Val(P3)=0.676 | Val(AVO)=0.656
2025-09-29 13:18:59 - No P3-val improvement; patience remaining: 5/50
2025-09-29 13:18:59 - Epoch 50/500 | LR=0.009765 | w_AVO=1.000 | w_P3=2.728 | lambda_MMD=0.300
2025-09-29 13:18:59 - Epoch Summary: TrainLoss=1.0455 | TrainAcc=0.682 | Val(P3)=0.676 | Val(AVO)=0.579
2025-09-29 13:18:59 - No P3-val improvement; patience remaining: 4/50
2025-09-29 13:18:59 - Epoch 51/500 | LR=0.009755 | w_AVO=1.000 | w_P3=2.728 | lambda_MMD=0.300
2025-09-29 13:18:59 - Epoch Summary: TrainLoss=0.9562 | TrainAcc=0.702 | Val(P3)=0.676 | Val(AVO)=0.646
2025-09-29 13:18:59 - No P3-val improvement; patience remaining: 3/50
2025-09-29 13:18:59 - Epoch 52/500 | LR=0.009745 | w_AVO=1.000 | w_P3=2.728 | lambda_MMD=0.300
2025-09-29 13:18:59 - Epoch Summary: TrainLoss=0.9123 | TrainAcc=0.707 | Val(P3)=0.706 | Val(AVO)=0.624
2025-09-29 13:18:59 - No P3-val improvement; patience remaining: 2/50
2025-09-29 13:18:59 - Epoch 53/500 | LR=0.009735 | w_AVO=1.000 | w_P3=2.728 | lambda_MMD=0.300
2025-09-29 13:19:00 - Epoch Summary: TrainLoss=0.8933 | TrainAcc=0.720 | Val(P3)=0.706 | Val(AVO)=0.646
2025-09-29 13:19:00 - No P3-val improvement; patience remaining: 1/50
2025-09-29 13:19:00 - Epoch 54/500 | LR=0.009725 | w_AVO=1.000 | w_P3=2.728 | lambda_MMD=0.300
2025-09-29 13:19:00 - Epoch Summary: TrainLoss=0.8984 | TrainAcc=0.721 | Val(P3)=0.647 | Val(AVO)=0.633
2025-09-29 13:19:00 - No P3-val improvement; patience remaining: 0/50
2025-09-29 13:19:00 - Early stopping triggered (P3-val)
2025-09-29 13:19:00 -     P3 Test | Acc=0.5250 P=0.5405 R=0.4878 F1=0.5128 AUC=0.5822 (n=80)
2025-09-29 13:19:00 -     AVO Test | Acc=0.5934 P=0.5639 R=0.8125 F1=0.6658 AUC=0.6754 (n=610)
2025-09-29 13:19:00 -     Overall Test Acc=0.5855
2025-09-29 13:19:00 - Repeat 2/5
2025-09-29 13:19:00 -   Fold 1/5
2025-09-29 13:19:00 - Fold domains: small=P3 (n=293), large=AVO (n=2122)
2025-09-29 13:19:00 - Auto adjustments (symmetric): w_small≈1.000, lambda_MMD_target=0.300, warmup_epochs=5
2025-09-29 13:19:00 - Epoch 1/500 | LR=0.010000 | w_AVO=1.000 | w_P3=1.338 | lambda_MMD=0.060
2025-09-29 13:19:00 - Epoch Summary: TrainLoss=1.5823 | TrainAcc=0.580 | Val(P3)=0.600 | Val(AVO)=0.635
2025-09-29 13:19:00 - New best P3-val; checkpoint updated
2025-09-29 13:19:00 - Epoch 2/500 | LR=0.010000 | w_AVO=1.000 | w_P3=1.676 | lambda_MMD=0.120
2025-09-29 13:19:00 - Epoch Summary: TrainLoss=1.7325 | TrainAcc=0.610 | Val(P3)=0.629 | Val(AVO)=0.594
2025-09-29 13:19:00 - New best P3-val; checkpoint updated
2025-09-29 13:19:00 - Epoch 3/500 | LR=0.010000 | w_AVO=1.000 | w_P3=2.015 | lambda_MMD=0.180
2025-09-29 13:19:00 - Epoch Summary: TrainLoss=1.9401 | TrainAcc=0.621 | Val(P3)=0.600 | Val(AVO)=0.655
2025-09-29 13:19:00 - No P3-val improvement; patience remaining: 49/50
2025-09-29 13:19:00 - Epoch 4/500 | LR=0.009999 | w_AVO=1.000 | w_P3=2.353 | lambda_MMD=0.240
2025-09-29 13:19:01 - Epoch Summary: TrainLoss=2.1035 | TrainAcc=0.639 | Val(P3)=0.629 | Val(AVO)=0.561
2025-09-29 13:19:01 - No P3-val improvement; patience remaining: 48/50
2025-09-29 13:19:01 - Epoch 5/500 | LR=0.009998 | w_AVO=1.000 | w_P3=2.691 | lambda_MMD=0.300
2025-09-29 13:19:01 - Epoch Summary: TrainLoss=2.3124 | TrainAcc=0.649 | Val(P3)=0.686 | Val(AVO)=0.642
2025-09-29 13:19:01 - New best P3-val; checkpoint updated
2025-09-29 13:19:01 - Epoch 6/500 | LR=0.009998 | w_AVO=1.000 | w_P3=2.691 | lambda_MMD=0.300
2025-09-29 13:19:01 - Epoch Summary: TrainLoss=2.2478 | TrainAcc=0.639 | Val(P3)=0.600 | Val(AVO)=0.574
2025-09-29 13:19:01 - No P3-val improvement; patience remaining: 49/50
2025-09-29 13:19:01 - Epoch 7/500 | LR=0.009996 | w_AVO=1.000 | w_P3=2.691 | lambda_MMD=0.300
2025-09-29 13:19:01 - Epoch Summary: TrainLoss=2.1821 | TrainAcc=0.641 | Val(P3)=0.714 | Val(AVO)=0.635
2025-09-29 13:19:01 - New best P3-val; checkpoint updated
2025-09-29 13:19:01 - Epoch 8/500 | LR=0.009995 | w_AVO=1.000 | w_P3=2.691 | lambda_MMD=0.300
2025-09-29 13:19:01 - Epoch Summary: TrainLoss=2.1351 | TrainAcc=0.654 | Val(P3)=0.600 | Val(AVO)=0.590
2025-09-29 13:19:01 - No P3-val improvement; patience remaining: 49/50
2025-09-29 13:19:01 - Epoch 9/500 | LR=0.009994 | w_AVO=1.000 | w_P3=2.691 | lambda_MMD=0.300
2025-09-29 13:19:01 - Epoch Summary: TrainLoss=2.0719 | TrainAcc=0.655 | Val(P3)=0.657 | Val(AVO)=0.590
2025-09-29 13:19:01 - No P3-val improvement; patience remaining: 48/50
2025-09-29 13:19:01 - Epoch 10/500 | LR=0.009992 | w_AVO=1.000 | w_P3=2.691 | lambda_MMD=0.300
2025-09-29 13:19:02 - Epoch Summary: TrainLoss=2.0514 | TrainAcc=0.651 | Val(P3)=0.714 | Val(AVO)=0.587
2025-09-29 13:19:02 - No P3-val improvement; patience remaining: 47/50
2025-09-29 13:19:02 - Epoch 11/500 | LR=0.009990 | w_AVO=1.000 | w_P3=2.691 | lambda_MMD=0.300
2025-09-29 13:19:02 - Epoch Summary: TrainLoss=2.0146 | TrainAcc=0.649 | Val(P3)=0.686 | Val(AVO)=0.587
2025-09-29 13:19:02 - No P3-val improvement; patience remaining: 46/50
2025-09-29 13:19:02 - Epoch 12/500 | LR=0.009988 | w_AVO=1.000 | w_P3=2.691 | lambda_MMD=0.300
2025-09-29 13:19:02 - Epoch Summary: TrainLoss=1.9176 | TrainAcc=0.657 | Val(P3)=0.629 | Val(AVO)=0.629
2025-09-29 13:19:02 - No P3-val improvement; patience remaining: 45/50
2025-09-29 13:19:02 - P3 val decreasing 3x. Reducing w_small to 2.153, lambda_MMD to 0.150
2025-09-29 13:19:02 - Epoch 13/500 | LR=0.009986 | w_AVO=1.000 | w_P3=2.153 | lambda_MMD=0.150
2025-09-29 13:19:02 - Epoch Summary: TrainLoss=1.6180 | TrainAcc=0.644 | Val(P3)=0.657 | Val(AVO)=0.626
2025-09-29 13:19:02 - No P3-val improvement; patience remaining: 44/50
2025-09-29 13:19:02 - Epoch 14/500 | LR=0.009983 | w_AVO=1.000 | w_P3=2.691 | lambda_MMD=0.300
2025-09-29 13:19:02 - Epoch Summary: TrainLoss=1.8747 | TrainAcc=0.638 | Val(P3)=0.714 | Val(AVO)=0.548
2025-09-29 13:19:02 - No P3-val improvement; patience remaining: 43/50
2025-09-29 13:19:02 - AVO val decreasing 3x. Reducing lambda_MMD to 0.210
2025-09-29 13:19:02 - Epoch 15/500 | LR=0.009981 | w_AVO=1.000 | w_P3=2.691 | lambda_MMD=0.210
2025-09-29 13:19:02 - Epoch Summary: TrainLoss=1.8300 | TrainAcc=0.648 | Val(P3)=0.686 | Val(AVO)=0.526
2025-09-29 13:19:02 - No P3-val improvement; patience remaining: 42/50
2025-09-29 13:19:02 - AVO val decreasing 3x. Reducing lambda_MMD to 0.210
2025-09-29 13:19:02 - Epoch 16/500 | LR=0.009978 | w_AVO=1.000 | w_P3=2.691 | lambda_MMD=0.210
2025-09-29 13:19:03 - Epoch Summary: TrainLoss=1.7501 | TrainAcc=0.651 | Val(P3)=0.571 | Val(AVO)=0.610
2025-09-29 13:19:03 - No P3-val improvement; patience remaining: 41/50
2025-09-29 13:19:03 - P3 val decreasing 3x. Reducing w_small to 2.153, lambda_MMD to 0.150
2025-09-29 13:19:03 - Epoch 17/500 | LR=0.009975 | w_AVO=1.000 | w_P3=2.153 | lambda_MMD=0.150
2025-09-29 13:19:03 - Epoch Summary: TrainLoss=1.5118 | TrainAcc=0.646 | Val(P3)=0.600 | Val(AVO)=0.610
2025-09-29 13:19:03 - No P3-val improvement; patience remaining: 40/50
2025-09-29 13:19:03 - Epoch 18/500 | LR=0.009972 | w_AVO=1.000 | w_P3=2.691 | lambda_MMD=0.300
2025-09-29 13:19:03 - Epoch Summary: TrainLoss=1.7355 | TrainAcc=0.648 | Val(P3)=0.600 | Val(AVO)=0.616
2025-09-29 13:19:03 - No P3-val improvement; patience remaining: 39/50
2025-09-29 13:19:03 - Epoch 19/500 | LR=0.009968 | w_AVO=1.000 | w_P3=2.691 | lambda_MMD=0.300
2025-09-29 13:19:03 - Epoch Summary: TrainLoss=1.6484 | TrainAcc=0.655 | Val(P3)=0.571 | Val(AVO)=0.619
2025-09-29 13:19:03 - No P3-val improvement; patience remaining: 38/50
2025-09-29 13:19:03 - Epoch 20/500 | LR=0.009964 | w_AVO=1.000 | w_P3=2.691 | lambda_MMD=0.300
2025-09-29 13:19:03 - Epoch Summary: TrainLoss=1.6213 | TrainAcc=0.659 | Val(P3)=0.600 | Val(AVO)=0.635
2025-09-29 13:19:03 - No P3-val improvement; patience remaining: 37/50
2025-09-29 13:19:03 - Epoch 21/500 | LR=0.009961 | w_AVO=1.000 | w_P3=2.691 | lambda_MMD=0.300
2025-09-29 13:19:03 - Epoch Summary: TrainLoss=1.5791 | TrainAcc=0.656 | Val(P3)=0.600 | Val(AVO)=0.613
2025-09-29 13:19:03 - No P3-val improvement; patience remaining: 36/50
2025-09-29 13:19:03 - Epoch 22/500 | LR=0.009957 | w_AVO=1.000 | w_P3=2.691 | lambda_MMD=0.300
2025-09-29 13:19:04 - Epoch Summary: TrainLoss=1.5235 | TrainAcc=0.663 | Val(P3)=0.629 | Val(AVO)=0.574
2025-09-29 13:19:04 - No P3-val improvement; patience remaining: 35/50
2025-09-29 13:19:04 - AVO val decreasing 3x. Reducing lambda_MMD to 0.210
2025-09-29 13:19:04 - Epoch 23/500 | LR=0.009952 | w_AVO=1.000 | w_P3=2.691 | lambda_MMD=0.210
2025-09-29 13:19:04 - Epoch Summary: TrainLoss=1.4541 | TrainAcc=0.669 | Val(P3)=0.686 | Val(AVO)=0.581
2025-09-29 13:19:04 - No P3-val improvement; patience remaining: 34/50
2025-09-29 13:19:04 - Epoch 24/500 | LR=0.009948 | w_AVO=1.000 | w_P3=2.691 | lambda_MMD=0.300
2025-09-29 13:19:04 - Epoch Summary: TrainLoss=1.4132 | TrainAcc=0.672 | Val(P3)=0.629 | Val(AVO)=0.590
2025-09-29 13:19:04 - No P3-val improvement; patience remaining: 33/50
2025-09-29 13:19:04 - Epoch 25/500 | LR=0.009943 | w_AVO=1.000 | w_P3=2.691 | lambda_MMD=0.300
2025-09-29 13:19:04 - Epoch Summary: TrainLoss=1.3926 | TrainAcc=0.656 | Val(P3)=0.743 | Val(AVO)=0.529
2025-09-29 13:19:04 - New best P3-val; checkpoint updated
2025-09-29 13:19:04 - Epoch 26/500 | LR=0.009938 | w_AVO=1.000 | w_P3=2.691 | lambda_MMD=0.300
2025-09-29 13:19:04 - Epoch Summary: TrainLoss=1.4046 | TrainAcc=0.674 | Val(P3)=0.629 | Val(AVO)=0.600
2025-09-29 13:19:04 - No P3-val improvement; patience remaining: 49/50
2025-09-29 13:19:04 - Epoch 27/500 | LR=0.009933 | w_AVO=1.000 | w_P3=2.691 | lambda_MMD=0.300
2025-09-29 13:19:04 - Epoch Summary: TrainLoss=1.3527 | TrainAcc=0.673 | Val(P3)=0.629 | Val(AVO)=0.561
2025-09-29 13:19:04 - No P3-val improvement; patience remaining: 48/50
2025-09-29 13:19:04 - Epoch 28/500 | LR=0.009928 | w_AVO=1.000 | w_P3=2.691 | lambda_MMD=0.300
2025-09-29 13:19:05 - Epoch Summary: TrainLoss=1.2823 | TrainAcc=0.684 | Val(P3)=0.629 | Val(AVO)=0.548
2025-09-29 13:19:05 - No P3-val improvement; patience remaining: 47/50
2025-09-29 13:19:05 - AVO val decreasing 3x. Reducing lambda_MMD to 0.210
2025-09-29 13:19:05 - Epoch 29/500 | LR=0.009923 | w_AVO=1.000 | w_P3=2.691 | lambda_MMD=0.210
2025-09-29 13:19:05 - Epoch Summary: TrainLoss=1.2563 | TrainAcc=0.678 | Val(P3)=0.600 | Val(AVO)=0.629
2025-09-29 13:19:05 - No P3-val improvement; patience remaining: 46/50
2025-09-29 13:19:05 - Epoch 30/500 | LR=0.009917 | w_AVO=1.000 | w_P3=2.691 | lambda_MMD=0.300
2025-09-29 13:19:05 - Epoch Summary: TrainLoss=1.2538 | TrainAcc=0.674 | Val(P3)=0.600 | Val(AVO)=0.545
2025-09-29 13:19:05 - No P3-val improvement; patience remaining: 45/50
2025-09-29 13:19:05 - Epoch 31/500 | LR=0.009911 | w_AVO=1.000 | w_P3=2.691 | lambda_MMD=0.300
2025-09-29 13:19:05 - Epoch Summary: TrainLoss=1.2039 | TrainAcc=0.681 | Val(P3)=0.657 | Val(AVO)=0.600
2025-09-29 13:19:05 - No P3-val improvement; patience remaining: 44/50
2025-09-29 13:19:05 - Epoch 32/500 | LR=0.009905 | w_AVO=1.000 | w_P3=2.691 | lambda_MMD=0.300
2025-09-29 13:19:05 - Epoch Summary: TrainLoss=1.1527 | TrainAcc=0.696 | Val(P3)=0.657 | Val(AVO)=0.561
2025-09-29 13:19:05 - No P3-val improvement; patience remaining: 43/50
2025-09-29 13:19:05 - Epoch 33/500 | LR=0.009899 | w_AVO=1.000 | w_P3=2.691 | lambda_MMD=0.300
2025-09-29 13:19:05 - Epoch Summary: TrainLoss=1.1726 | TrainAcc=0.689 | Val(P3)=0.543 | Val(AVO)=0.629
2025-09-29 13:19:05 - No P3-val improvement; patience remaining: 42/50
2025-09-29 13:19:05 - Epoch 34/500 | LR=0.009893 | w_AVO=1.000 | w_P3=2.691 | lambda_MMD=0.300
2025-09-29 13:19:06 - Epoch Summary: TrainLoss=1.1399 | TrainAcc=0.684 | Val(P3)=0.600 | Val(AVO)=0.587
2025-09-29 13:19:06 - No P3-val improvement; patience remaining: 41/50
2025-09-29 13:19:06 - Epoch 35/500 | LR=0.009886 | w_AVO=1.000 | w_P3=2.691 | lambda_MMD=0.300
2025-09-29 13:19:06 - Epoch Summary: TrainLoss=1.1029 | TrainAcc=0.689 | Val(P3)=0.629 | Val(AVO)=0.571
2025-09-29 13:19:06 - No P3-val improvement; patience remaining: 40/50
2025-09-29 13:19:06 - AVO val decreasing 3x. Reducing lambda_MMD to 0.210
2025-09-29 13:19:06 - Epoch 36/500 | LR=0.009880 | w_AVO=1.000 | w_P3=2.691 | lambda_MMD=0.210
2025-09-29 13:19:06 - Epoch Summary: TrainLoss=1.0980 | TrainAcc=0.693 | Val(P3)=0.543 | Val(AVO)=0.613
2025-09-29 13:19:06 - No P3-val improvement; patience remaining: 39/50
2025-09-29 13:19:06 - Epoch 37/500 | LR=0.009873 | w_AVO=1.000 | w_P3=2.691 | lambda_MMD=0.300
2025-09-29 13:19:06 - Epoch Summary: TrainLoss=1.0921 | TrainAcc=0.690 | Val(P3)=0.600 | Val(AVO)=0.548
2025-09-29 13:19:06 - No P3-val improvement; patience remaining: 38/50
2025-09-29 13:19:06 - Epoch 38/500 | LR=0.009865 | w_AVO=1.000 | w_P3=2.691 | lambda_MMD=0.300
2025-09-29 13:19:06 - Epoch Summary: TrainLoss=1.0285 | TrainAcc=0.696 | Val(P3)=0.543 | Val(AVO)=0.623
2025-09-29 13:19:06 - No P3-val improvement; patience remaining: 37/50
2025-09-29 13:19:06 - Epoch 39/500 | LR=0.009858 | w_AVO=1.000 | w_P3=2.691 | lambda_MMD=0.300
2025-09-29 13:19:07 - Epoch Summary: TrainLoss=1.0155 | TrainAcc=0.701 | Val(P3)=0.629 | Val(AVO)=0.568
2025-09-29 13:19:07 - No P3-val improvement; patience remaining: 36/50
2025-09-29 13:19:07 - Epoch 40/500 | LR=0.009851 | w_AVO=1.000 | w_P3=2.691 | lambda_MMD=0.300
2025-09-29 13:19:07 - Epoch Summary: TrainLoss=0.9873 | TrainAcc=0.714 | Val(P3)=0.686 | Val(AVO)=0.613
2025-09-29 13:19:07 - No P3-val improvement; patience remaining: 35/50
2025-09-29 13:19:07 - Epoch 41/500 | LR=0.009843 | w_AVO=1.000 | w_P3=2.691 | lambda_MMD=0.300
2025-09-29 13:19:07 - Epoch Summary: TrainLoss=0.9684 | TrainAcc=0.708 | Val(P3)=0.543 | Val(AVO)=0.577
2025-09-29 13:19:07 - No P3-val improvement; patience remaining: 34/50
2025-09-29 13:19:07 - Epoch 42/500 | LR=0.009835 | w_AVO=1.000 | w_P3=2.691 | lambda_MMD=0.300
2025-09-29 13:19:07 - Epoch Summary: TrainLoss=0.9862 | TrainAcc=0.697 | Val(P3)=0.600 | Val(AVO)=0.623
2025-09-29 13:19:07 - No P3-val improvement; patience remaining: 33/50
2025-09-29 13:19:07 - Epoch 43/500 | LR=0.009827 | w_AVO=1.000 | w_P3=2.691 | lambda_MMD=0.300
2025-09-29 13:19:07 - Epoch Summary: TrainLoss=0.9338 | TrainAcc=0.716 | Val(P3)=0.600 | Val(AVO)=0.600
2025-09-29 13:19:07 - No P3-val improvement; patience remaining: 32/50
2025-09-29 13:19:07 - Epoch 44/500 | LR=0.009819 | w_AVO=1.000 | w_P3=2.691 | lambda_MMD=0.300
2025-09-29 13:19:07 - Epoch Summary: TrainLoss=0.9031 | TrainAcc=0.717 | Val(P3)=0.571 | Val(AVO)=0.645
2025-09-29 13:19:07 - No P3-val improvement; patience remaining: 31/50
2025-09-29 13:19:07 - Epoch 45/500 | LR=0.009810 | w_AVO=1.000 | w_P3=2.691 | lambda_MMD=0.300
2025-09-29 13:19:08 - Epoch Summary: TrainLoss=0.8971 | TrainAcc=0.720 | Val(P3)=0.657 | Val(AVO)=0.584
2025-09-29 13:19:08 - No P3-val improvement; patience remaining: 30/50
2025-09-29 13:19:08 - Epoch 46/500 | LR=0.009801 | w_AVO=1.000 | w_P3=2.691 | lambda_MMD=0.300
2025-09-29 13:19:08 - Epoch Summary: TrainLoss=0.8978 | TrainAcc=0.721 | Val(P3)=0.629 | Val(AVO)=0.577
2025-09-29 13:19:08 - No P3-val improvement; patience remaining: 29/50
2025-09-29 13:19:08 - AVO val decreasing 3x. Reducing lambda_MMD to 0.210
2025-09-29 13:19:08 - Epoch 47/500 | LR=0.009793 | w_AVO=1.000 | w_P3=2.691 | lambda_MMD=0.210
2025-09-29 13:19:08 - Epoch Summary: TrainLoss=0.8916 | TrainAcc=0.718 | Val(P3)=0.600 | Val(AVO)=0.603
2025-09-29 13:19:08 - No P3-val improvement; patience remaining: 28/50
2025-09-29 13:19:08 - P3 val decreasing 3x. Reducing w_small to 2.153, lambda_MMD to 0.150
2025-09-29 13:19:08 - Epoch 48/500 | LR=0.009784 | w_AVO=1.000 | w_P3=2.153 | lambda_MMD=0.150
2025-09-29 13:19:08 - Epoch Summary: TrainLoss=0.8059 | TrainAcc=0.721 | Val(P3)=0.543 | Val(AVO)=0.652
2025-09-29 13:19:08 - No P3-val improvement; patience remaining: 27/50
2025-09-29 13:19:08 - P3 val decreasing 3x. Reducing w_small to 2.153, lambda_MMD to 0.150
2025-09-29 13:19:08 - Epoch 49/500 | LR=0.009774 | w_AVO=1.000 | w_P3=2.153 | lambda_MMD=0.150
2025-09-29 13:19:08 - Epoch Summary: TrainLoss=0.8092 | TrainAcc=0.711 | Val(P3)=0.629 | Val(AVO)=0.600
2025-09-29 13:19:08 - No P3-val improvement; patience remaining: 26/50
2025-09-29 13:19:08 - Epoch 50/500 | LR=0.009765 | w_AVO=1.000 | w_P3=2.691 | lambda_MMD=0.300
2025-09-29 13:19:08 - Epoch Summary: TrainLoss=0.8714 | TrainAcc=0.729 | Val(P3)=0.543 | Val(AVO)=0.606
2025-09-29 13:19:08 - No P3-val improvement; patience remaining: 25/50
2025-09-29 13:19:08 - Epoch 51/500 | LR=0.009755 | w_AVO=1.000 | w_P3=2.691 | lambda_MMD=0.300
2025-09-29 13:19:09 - Epoch Summary: TrainLoss=0.8957 | TrainAcc=0.716 | Val(P3)=0.629 | Val(AVO)=0.590
2025-09-29 13:19:09 - No P3-val improvement; patience remaining: 24/50
2025-09-29 13:19:09 - Epoch 52/500 | LR=0.009745 | w_AVO=1.000 | w_P3=2.691 | lambda_MMD=0.300
2025-09-29 13:19:09 - Epoch Summary: TrainLoss=0.8751 | TrainAcc=0.722 | Val(P3)=0.629 | Val(AVO)=0.584
2025-09-29 13:19:09 - No P3-val improvement; patience remaining: 23/50
2025-09-29 13:19:09 - AVO val decreasing 3x. Reducing lambda_MMD to 0.210
2025-09-29 13:19:09 - Epoch 53/500 | LR=0.009735 | w_AVO=1.000 | w_P3=2.691 | lambda_MMD=0.210
2025-09-29 13:19:09 - Epoch Summary: TrainLoss=0.7897 | TrainAcc=0.739 | Val(P3)=0.600 | Val(AVO)=0.632
2025-09-29 13:19:09 - No P3-val improvement; patience remaining: 22/50
2025-09-29 13:19:09 - Epoch 54/500 | LR=0.009725 | w_AVO=1.000 | w_P3=2.691 | lambda_MMD=0.300
2025-09-29 13:19:09 - Epoch Summary: TrainLoss=0.7921 | TrainAcc=0.739 | Val(P3)=0.571 | Val(AVO)=0.603
2025-09-29 13:19:09 - No P3-val improvement; patience remaining: 21/50
2025-09-29 13:19:09 - P3 val decreasing 3x. Reducing w_small to 2.153, lambda_MMD to 0.150
2025-09-29 13:19:09 - Epoch 55/500 | LR=0.009715 | w_AVO=1.000 | w_P3=2.153 | lambda_MMD=0.150
2025-09-29 13:19:09 - Epoch Summary: TrainLoss=0.7244 | TrainAcc=0.742 | Val(P3)=0.657 | Val(AVO)=0.565
2025-09-29 13:19:09 - No P3-val improvement; patience remaining: 20/50
2025-09-29 13:19:09 - AVO val decreasing 3x. Reducing lambda_MMD to 0.210
2025-09-29 13:19:09 - Epoch 56/500 | LR=0.009704 | w_AVO=1.000 | w_P3=2.691 | lambda_MMD=0.210
2025-09-29 13:19:09 - Epoch Summary: TrainLoss=0.7946 | TrainAcc=0.735 | Val(P3)=0.571 | Val(AVO)=0.619
2025-09-29 13:19:09 - No P3-val improvement; patience remaining: 19/50
2025-09-29 13:19:09 - Epoch 57/500 | LR=0.009694 | w_AVO=1.000 | w_P3=2.691 | lambda_MMD=0.300
2025-09-29 13:19:10 - Epoch Summary: TrainLoss=0.7840 | TrainAcc=0.741 | Val(P3)=0.657 | Val(AVO)=0.610
2025-09-29 13:19:10 - No P3-val improvement; patience remaining: 18/50
2025-09-29 13:19:10 - Epoch 58/500 | LR=0.009683 | w_AVO=1.000 | w_P3=2.691 | lambda_MMD=0.300
2025-09-29 13:19:10 - Epoch Summary: TrainLoss=0.7567 | TrainAcc=0.742 | Val(P3)=0.514 | Val(AVO)=0.629
2025-09-29 13:19:10 - No P3-val improvement; patience remaining: 17/50
2025-09-29 13:19:10 - Epoch 59/500 | LR=0.009672 | w_AVO=1.000 | w_P3=2.691 | lambda_MMD=0.300
2025-09-29 13:19:10 - Epoch Summary: TrainLoss=0.7783 | TrainAcc=0.738 | Val(P3)=0.600 | Val(AVO)=0.577
2025-09-29 13:19:10 - No P3-val improvement; patience remaining: 16/50
2025-09-29 13:19:10 - Epoch 60/500 | LR=0.009660 | w_AVO=1.000 | w_P3=2.691 | lambda_MMD=0.300
2025-09-29 13:19:10 - Epoch Summary: TrainLoss=0.7638 | TrainAcc=0.753 | Val(P3)=0.571 | Val(AVO)=0.681
2025-09-29 13:19:10 - No P3-val improvement; patience remaining: 15/50
2025-09-29 13:19:10 - Epoch 61/500 | LR=0.009649 | w_AVO=1.000 | w_P3=2.691 | lambda_MMD=0.300
2025-09-29 13:19:10 - Epoch Summary: TrainLoss=0.7607 | TrainAcc=0.748 | Val(P3)=0.571 | Val(AVO)=0.668
2025-09-29 13:19:10 - No P3-val improvement; patience remaining: 14/50
2025-09-29 13:19:10 - Epoch 62/500 | LR=0.009637 | w_AVO=1.000 | w_P3=2.691 | lambda_MMD=0.300
2025-09-29 13:19:10 - Epoch Summary: TrainLoss=0.7748 | TrainAcc=0.746 | Val(P3)=0.600 | Val(AVO)=0.652
2025-09-29 13:19:10 - No P3-val improvement; patience remaining: 13/50
2025-09-29 13:19:10 - AVO val decreasing 3x. Reducing lambda_MMD to 0.210
2025-09-29 13:19:10 - Epoch 63/500 | LR=0.009625 | w_AVO=1.000 | w_P3=2.691 | lambda_MMD=0.210
2025-09-29 13:19:11 - Epoch Summary: TrainLoss=0.7806 | TrainAcc=0.747 | Val(P3)=0.600 | Val(AVO)=0.571
2025-09-29 13:19:11 - No P3-val improvement; patience remaining: 12/50
2025-09-29 13:19:11 - AVO val decreasing 3x. Reducing lambda_MMD to 0.210
2025-09-29 13:19:11 - Epoch 64/500 | LR=0.009613 | w_AVO=1.000 | w_P3=2.691 | lambda_MMD=0.210
2025-09-29 13:19:11 - Epoch Summary: TrainLoss=0.7742 | TrainAcc=0.738 | Val(P3)=0.543 | Val(AVO)=0.613
2025-09-29 13:19:11 - No P3-val improvement; patience remaining: 11/50
2025-09-29 13:19:11 - Epoch 65/500 | LR=0.009601 | w_AVO=1.000 | w_P3=2.691 | lambda_MMD=0.300
2025-09-29 13:19:11 - Epoch Summary: TrainLoss=0.6958 | TrainAcc=0.766 | Val(P3)=0.571 | Val(AVO)=0.603
2025-09-29 13:19:11 - No P3-val improvement; patience remaining: 10/50
2025-09-29 13:19:11 - Epoch 66/500 | LR=0.009589 | w_AVO=1.000 | w_P3=2.691 | lambda_MMD=0.300
2025-09-29 13:19:11 - Epoch Summary: TrainLoss=0.7245 | TrainAcc=0.759 | Val(P3)=0.543 | Val(AVO)=0.668
2025-09-29 13:19:11 - No P3-val improvement; patience remaining: 9/50
2025-09-29 13:19:11 - Epoch 67/500 | LR=0.009576 | w_AVO=1.000 | w_P3=2.691 | lambda_MMD=0.300
2025-09-29 13:19:11 - Epoch Summary: TrainLoss=0.7448 | TrainAcc=0.752 | Val(P3)=0.629 | Val(AVO)=0.590
2025-09-29 13:19:11 - No P3-val improvement; patience remaining: 8/50
2025-09-29 13:19:11 - Epoch 68/500 | LR=0.009563 | w_AVO=1.000 | w_P3=2.691 | lambda_MMD=0.300
2025-09-29 13:19:11 - Epoch Summary: TrainLoss=0.7189 | TrainAcc=0.749 | Val(P3)=0.543 | Val(AVO)=0.674
2025-09-29 13:19:11 - No P3-val improvement; patience remaining: 7/50
2025-09-29 13:19:11 - Epoch 69/500 | LR=0.009551 | w_AVO=1.000 | w_P3=2.691 | lambda_MMD=0.300
2025-09-29 13:19:12 - Epoch Summary: TrainLoss=0.7043 | TrainAcc=0.758 | Val(P3)=0.543 | Val(AVO)=0.684
2025-09-29 13:19:12 - No P3-val improvement; patience remaining: 6/50
2025-09-29 13:19:12 - Epoch 70/500 | LR=0.009537 | w_AVO=1.000 | w_P3=2.691 | lambda_MMD=0.300
2025-09-29 13:19:12 - Epoch Summary: TrainLoss=0.7147 | TrainAcc=0.768 | Val(P3)=0.600 | Val(AVO)=0.574
2025-09-29 13:19:12 - No P3-val improvement; patience remaining: 5/50
2025-09-29 13:19:12 - Epoch 71/500 | LR=0.009524 | w_AVO=1.000 | w_P3=2.691 | lambda_MMD=0.300
2025-09-29 13:19:12 - Epoch Summary: TrainLoss=0.7472 | TrainAcc=0.742 | Val(P3)=0.571 | Val(AVO)=0.648
2025-09-29 13:19:12 - No P3-val improvement; patience remaining: 4/50
2025-09-29 13:19:12 - Epoch 72/500 | LR=0.009511 | w_AVO=1.000 | w_P3=2.691 | lambda_MMD=0.300
2025-09-29 13:19:12 - Epoch Summary: TrainLoss=0.7112 | TrainAcc=0.762 | Val(P3)=0.571 | Val(AVO)=0.577
2025-09-29 13:19:12 - No P3-val improvement; patience remaining: 3/50
2025-09-29 13:19:12 - Epoch 73/500 | LR=0.009497 | w_AVO=1.000 | w_P3=2.691 | lambda_MMD=0.300
2025-09-29 13:19:12 - Epoch Summary: TrainLoss=0.7074 | TrainAcc=0.765 | Val(P3)=0.629 | Val(AVO)=0.610
2025-09-29 13:19:12 - No P3-val improvement; patience remaining: 2/50
2025-09-29 13:19:12 - Epoch 74/500 | LR=0.009483 | w_AVO=1.000 | w_P3=2.691 | lambda_MMD=0.300
2025-09-29 13:19:13 - Epoch Summary: TrainLoss=0.6711 | TrainAcc=0.773 | Val(P3)=0.543 | Val(AVO)=0.681
2025-09-29 13:19:13 - No P3-val improvement; patience remaining: 1/50
2025-09-29 13:19:13 - Epoch 75/500 | LR=0.009469 | w_AVO=1.000 | w_P3=2.691 | lambda_MMD=0.300
2025-09-29 13:19:13 - Epoch Summary: TrainLoss=0.6893 | TrainAcc=0.770 | Val(P3)=0.571 | Val(AVO)=0.616
2025-09-29 13:19:13 - No P3-val improvement; patience remaining: 0/50
2025-09-29 13:19:13 - Early stopping triggered (P3-val)
2025-09-29 13:19:13 -     P3 Test | Acc=0.5000 P=0.4231 R=0.3438 F1=0.3793 AUC=0.5211 (n=72)
2025-09-29 13:19:13 -     AVO Test | Acc=0.6181 P=0.7584 R=0.3610 F1=0.4892 AUC=0.7121 (n=618)
2025-09-29 13:19:13 -     Overall Test Acc=0.6058
2025-09-29 13:19:13 -   Fold 2/5
2025-09-29 13:19:13 - Fold domains: small=P3 (n=290), large=AVO (n=2125)
2025-09-29 13:19:13 - Auto adjustments (symmetric): w_small≈1.000, lambda_MMD_target=0.300, warmup_epochs=5
2025-09-29 13:19:13 - Epoch 1/500 | LR=0.010000 | w_AVO=1.000 | w_P3=1.341 | lambda_MMD=0.060
2025-09-29 13:19:13 - Epoch Summary: TrainLoss=1.6790 | TrainAcc=0.547 | Val(P3)=0.639 | Val(AVO)=0.537
2025-09-29 13:19:13 - New best P3-val; checkpoint updated
2025-09-29 13:19:13 - Epoch 2/500 | LR=0.010000 | w_AVO=1.000 | w_P3=1.683 | lambda_MMD=0.120
2025-09-29 13:19:13 - Epoch Summary: TrainLoss=1.7409 | TrainAcc=0.589 | Val(P3)=0.667 | Val(AVO)=0.586
2025-09-29 13:19:13 - New best P3-val; checkpoint updated
2025-09-29 13:19:13 - Epoch 3/500 | LR=0.010000 | w_AVO=1.000 | w_P3=2.024 | lambda_MMD=0.180
2025-09-29 13:19:13 - Epoch Summary: TrainLoss=1.9352 | TrainAcc=0.611 | Val(P3)=0.722 | Val(AVO)=0.563
2025-09-29 13:19:13 - New best P3-val; checkpoint updated
2025-09-29 13:19:13 - Epoch 4/500 | LR=0.009999 | w_AVO=1.000 | w_P3=2.366 | lambda_MMD=0.240
2025-09-29 13:19:13 - Epoch Summary: TrainLoss=2.1288 | TrainAcc=0.618 | Val(P3)=0.667 | Val(AVO)=0.592
2025-09-29 13:19:13 - No P3-val improvement; patience remaining: 49/50
2025-09-29 13:19:13 - Epoch 5/500 | LR=0.009998 | w_AVO=1.000 | w_P3=2.707 | lambda_MMD=0.300
2025-09-29 13:19:14 - Epoch Summary: TrainLoss=2.3063 | TrainAcc=0.624 | Val(P3)=0.694 | Val(AVO)=0.583
2025-09-29 13:19:14 - No P3-val improvement; patience remaining: 48/50
2025-09-29 13:19:14 - Epoch 6/500 | LR=0.009998 | w_AVO=1.000 | w_P3=2.707 | lambda_MMD=0.300
2025-09-29 13:19:14 - Epoch Summary: TrainLoss=2.2774 | TrainAcc=0.635 | Val(P3)=0.722 | Val(AVO)=0.557
2025-09-29 13:19:14 - No P3-val improvement; patience remaining: 47/50
2025-09-29 13:19:14 - AVO val decreasing 3x. Reducing lambda_MMD to 0.210
2025-09-29 13:19:14 - Epoch 7/500 | LR=0.009996 | w_AVO=1.000 | w_P3=2.707 | lambda_MMD=0.210
2025-09-29 13:19:14 - Epoch Summary: TrainLoss=2.1967 | TrainAcc=0.638 | Val(P3)=0.639 | Val(AVO)=0.573
2025-09-29 13:19:14 - No P3-val improvement; patience remaining: 46/50
2025-09-29 13:19:14 - Epoch 8/500 | LR=0.009995 | w_AVO=1.000 | w_P3=2.707 | lambda_MMD=0.300
2025-09-29 13:19:14 - Epoch Summary: TrainLoss=2.1665 | TrainAcc=0.636 | Val(P3)=0.667 | Val(AVO)=0.570
2025-09-29 13:19:14 - No P3-val improvement; patience remaining: 45/50
2025-09-29 13:19:14 - Epoch 9/500 | LR=0.009994 | w_AVO=1.000 | w_P3=2.707 | lambda_MMD=0.300
2025-09-29 13:19:14 - Epoch Summary: TrainLoss=2.1138 | TrainAcc=0.630 | Val(P3)=0.667 | Val(AVO)=0.573
2025-09-29 13:19:14 - No P3-val improvement; patience remaining: 44/50
2025-09-29 13:19:14 - Epoch 10/500 | LR=0.009992 | w_AVO=1.000 | w_P3=2.707 | lambda_MMD=0.300
2025-09-29 13:19:14 - Epoch Summary: TrainLoss=2.0611 | TrainAcc=0.642 | Val(P3)=0.694 | Val(AVO)=0.599
2025-09-29 13:19:14 - No P3-val improvement; patience remaining: 43/50
2025-09-29 13:19:14 - Epoch 11/500 | LR=0.009990 | w_AVO=1.000 | w_P3=2.707 | lambda_MMD=0.300
2025-09-29 13:19:15 - Epoch Summary: TrainLoss=1.9895 | TrainAcc=0.640 | Val(P3)=0.694 | Val(AVO)=0.586
2025-09-29 13:19:15 - No P3-val improvement; patience remaining: 42/50
2025-09-29 13:19:15 - Epoch 12/500 | LR=0.009988 | w_AVO=1.000 | w_P3=2.707 | lambda_MMD=0.300
2025-09-29 13:19:15 - Epoch Summary: TrainLoss=1.9799 | TrainAcc=0.639 | Val(P3)=0.667 | Val(AVO)=0.595
2025-09-29 13:19:15 - No P3-val improvement; patience remaining: 41/50
2025-09-29 13:19:15 - Epoch 13/500 | LR=0.009986 | w_AVO=1.000 | w_P3=2.707 | lambda_MMD=0.300
2025-09-29 13:19:15 - Epoch Summary: TrainLoss=1.9058 | TrainAcc=0.644 | Val(P3)=0.611 | Val(AVO)=0.579
2025-09-29 13:19:15 - No P3-val improvement; patience remaining: 40/50
2025-09-29 13:19:15 - P3 val decreasing 3x. Reducing w_small to 2.166, lambda_MMD to 0.150
2025-09-29 13:19:15 - Epoch 14/500 | LR=0.009983 | w_AVO=1.000 | w_P3=2.166 | lambda_MMD=0.150
2025-09-29 13:19:15 - Epoch Summary: TrainLoss=1.6023 | TrainAcc=0.641 | Val(P3)=0.694 | Val(AVO)=0.605
2025-09-29 13:19:15 - No P3-val improvement; patience remaining: 39/50
2025-09-29 13:19:15 - Epoch 15/500 | LR=0.009981 | w_AVO=1.000 | w_P3=2.707 | lambda_MMD=0.300
2025-09-29 13:19:15 - Epoch Summary: TrainLoss=1.7959 | TrainAcc=0.654 | Val(P3)=0.667 | Val(AVO)=0.573
2025-09-29 13:19:15 - No P3-val improvement; patience remaining: 38/50
2025-09-29 13:19:15 - Epoch 16/500 | LR=0.009978 | w_AVO=1.000 | w_P3=2.707 | lambda_MMD=0.300
2025-09-29 13:19:16 - Epoch Summary: TrainLoss=1.7540 | TrainAcc=0.644 | Val(P3)=0.694 | Val(AVO)=0.589
2025-09-29 13:19:16 - No P3-val improvement; patience remaining: 37/50
2025-09-29 13:19:16 - Epoch 17/500 | LR=0.009975 | w_AVO=1.000 | w_P3=2.707 | lambda_MMD=0.300
2025-09-29 13:19:16 - Epoch Summary: TrainLoss=1.7119 | TrainAcc=0.648 | Val(P3)=0.667 | Val(AVO)=0.586
2025-09-29 13:19:16 - No P3-val improvement; patience remaining: 36/50
2025-09-29 13:19:16 - Epoch 18/500 | LR=0.009972 | w_AVO=1.000 | w_P3=2.707 | lambda_MMD=0.300
2025-09-29 13:19:16 - Epoch Summary: TrainLoss=1.6262 | TrainAcc=0.648 | Val(P3)=0.667 | Val(AVO)=0.579
2025-09-29 13:19:16 - No P3-val improvement; patience remaining: 35/50
2025-09-29 13:19:16 - AVO val decreasing 3x. Reducing lambda_MMD to 0.210
2025-09-29 13:19:16 - Epoch 19/500 | LR=0.009968 | w_AVO=1.000 | w_P3=2.707 | lambda_MMD=0.210
2025-09-29 13:19:16 - Epoch Summary: TrainLoss=1.6271 | TrainAcc=0.653 | Val(P3)=0.611 | Val(AVO)=0.599
2025-09-29 13:19:16 - No P3-val improvement; patience remaining: 34/50
2025-09-29 13:19:16 - Epoch 20/500 | LR=0.009964 | w_AVO=1.000 | w_P3=2.707 | lambda_MMD=0.300
2025-09-29 13:19:16 - Epoch Summary: TrainLoss=1.5664 | TrainAcc=0.652 | Val(P3)=0.556 | Val(AVO)=0.599
2025-09-29 13:19:16 - No P3-val improvement; patience remaining: 33/50
2025-09-29 13:19:16 - P3 val decreasing 3x. Reducing w_small to 2.166, lambda_MMD to 0.150
2025-09-29 13:19:16 - Epoch 21/500 | LR=0.009961 | w_AVO=1.000 | w_P3=2.166 | lambda_MMD=0.150
2025-09-29 13:19:16 - Epoch Summary: TrainLoss=1.3710 | TrainAcc=0.656 | Val(P3)=0.667 | Val(AVO)=0.576
2025-09-29 13:19:16 - No P3-val improvement; patience remaining: 32/50
2025-09-29 13:19:16 - Epoch 22/500 | LR=0.009957 | w_AVO=1.000 | w_P3=2.707 | lambda_MMD=0.300
2025-09-29 13:19:17 - Epoch Summary: TrainLoss=1.5213 | TrainAcc=0.651 | Val(P3)=0.639 | Val(AVO)=0.550
2025-09-29 13:19:17 - No P3-val improvement; patience remaining: 31/50
2025-09-29 13:19:17 - AVO val decreasing 3x. Reducing lambda_MMD to 0.210
2025-09-29 13:19:17 - Epoch 23/500 | LR=0.009952 | w_AVO=1.000 | w_P3=2.707 | lambda_MMD=0.210
2025-09-29 13:19:17 - Epoch Summary: TrainLoss=1.4519 | TrainAcc=0.656 | Val(P3)=0.667 | Val(AVO)=0.605
2025-09-29 13:19:17 - No P3-val improvement; patience remaining: 30/50
2025-09-29 13:19:17 - Epoch 24/500 | LR=0.009948 | w_AVO=1.000 | w_P3=2.707 | lambda_MMD=0.300
2025-09-29 13:19:17 - Epoch Summary: TrainLoss=1.4158 | TrainAcc=0.664 | Val(P3)=0.556 | Val(AVO)=0.634
2025-09-29 13:19:17 - No P3-val improvement; patience remaining: 29/50
2025-09-29 13:19:17 - Epoch 25/500 | LR=0.009943 | w_AVO=1.000 | w_P3=2.707 | lambda_MMD=0.300
2025-09-29 13:19:17 - Epoch Summary: TrainLoss=1.4093 | TrainAcc=0.666 | Val(P3)=0.667 | Val(AVO)=0.557
2025-09-29 13:19:17 - No P3-val improvement; patience remaining: 28/50
2025-09-29 13:19:17 - Epoch 26/500 | LR=0.009938 | w_AVO=1.000 | w_P3=2.707 | lambda_MMD=0.300
2025-09-29 13:19:17 - Epoch Summary: TrainLoss=1.3553 | TrainAcc=0.663 | Val(P3)=0.639 | Val(AVO)=0.566
2025-09-29 13:19:17 - No P3-val improvement; patience remaining: 27/50
2025-09-29 13:19:17 - Epoch 27/500 | LR=0.009933 | w_AVO=1.000 | w_P3=2.707 | lambda_MMD=0.300
2025-09-29 13:19:17 - Epoch Summary: TrainLoss=1.3519 | TrainAcc=0.661 | Val(P3)=0.639 | Val(AVO)=0.586
2025-09-29 13:19:17 - No P3-val improvement; patience remaining: 26/50
2025-09-29 13:19:17 - Epoch 28/500 | LR=0.009928 | w_AVO=1.000 | w_P3=2.707 | lambda_MMD=0.300
2025-09-29 13:19:18 - Epoch Summary: TrainLoss=1.3087 | TrainAcc=0.678 | Val(P3)=0.583 | Val(AVO)=0.576
2025-09-29 13:19:18 - No P3-val improvement; patience remaining: 25/50
2025-09-29 13:19:18 - Epoch 29/500 | LR=0.009923 | w_AVO=1.000 | w_P3=2.707 | lambda_MMD=0.300
2025-09-29 13:19:18 - Epoch Summary: TrainLoss=1.2799 | TrainAcc=0.687 | Val(P3)=0.528 | Val(AVO)=0.631
2025-09-29 13:19:18 - No P3-val improvement; patience remaining: 24/50
2025-09-29 13:19:18 - P3 val decreasing 3x. Reducing w_small to 2.166, lambda_MMD to 0.150
2025-09-29 13:19:18 - Epoch 30/500 | LR=0.009917 | w_AVO=1.000 | w_P3=2.166 | lambda_MMD=0.150
2025-09-29 13:19:18 - Epoch Summary: TrainLoss=1.0935 | TrainAcc=0.681 | Val(P3)=0.639 | Val(AVO)=0.557
2025-09-29 13:19:18 - No P3-val improvement; patience remaining: 23/50
2025-09-29 13:19:18 - Epoch 31/500 | LR=0.009911 | w_AVO=1.000 | w_P3=2.707 | lambda_MMD=0.300
2025-09-29 13:19:18 - Epoch Summary: TrainLoss=1.2111 | TrainAcc=0.681 | Val(P3)=0.639 | Val(AVO)=0.599
2025-09-29 13:19:18 - No P3-val improvement; patience remaining: 22/50
2025-09-29 13:19:18 - Epoch 32/500 | LR=0.009905 | w_AVO=1.000 | w_P3=2.707 | lambda_MMD=0.300
2025-09-29 13:19:18 - Epoch Summary: TrainLoss=1.1791 | TrainAcc=0.682 | Val(P3)=0.611 | Val(AVO)=0.573
2025-09-29 13:19:18 - No P3-val improvement; patience remaining: 21/50
2025-09-29 13:19:18 - Epoch 33/500 | LR=0.009899 | w_AVO=1.000 | w_P3=2.707 | lambda_MMD=0.300
2025-09-29 13:19:18 - Epoch Summary: TrainLoss=1.1918 | TrainAcc=0.688 | Val(P3)=0.583 | Val(AVO)=0.625
2025-09-29 13:19:18 - No P3-val improvement; patience remaining: 20/50
2025-09-29 13:19:18 - P3 val decreasing 3x. Reducing w_small to 2.166, lambda_MMD to 0.150
2025-09-29 13:19:18 - Epoch 34/500 | LR=0.009893 | w_AVO=1.000 | w_P3=2.166 | lambda_MMD=0.150
2025-09-29 13:19:19 - Epoch Summary: TrainLoss=1.0305 | TrainAcc=0.683 | Val(P3)=0.583 | Val(AVO)=0.563
2025-09-29 13:19:19 - No P3-val improvement; patience remaining: 19/50
2025-09-29 13:19:19 - Epoch 35/500 | LR=0.009886 | w_AVO=1.000 | w_P3=2.707 | lambda_MMD=0.300
2025-09-29 13:19:19 - Epoch Summary: TrainLoss=1.1409 | TrainAcc=0.695 | Val(P3)=0.583 | Val(AVO)=0.563
2025-09-29 13:19:19 - No P3-val improvement; patience remaining: 18/50
2025-09-29 13:19:19 - Epoch 36/500 | LR=0.009880 | w_AVO=1.000 | w_P3=2.707 | lambda_MMD=0.300
2025-09-29 13:19:19 - Epoch Summary: TrainLoss=1.0904 | TrainAcc=0.696 | Val(P3)=0.611 | Val(AVO)=0.570
2025-09-29 13:19:19 - No P3-val improvement; patience remaining: 17/50
2025-09-29 13:19:19 - Epoch 37/500 | LR=0.009873 | w_AVO=1.000 | w_P3=2.707 | lambda_MMD=0.300
2025-09-29 13:19:19 - Epoch Summary: TrainLoss=1.0793 | TrainAcc=0.691 | Val(P3)=0.528 | Val(AVO)=0.570
2025-09-29 13:19:19 - No P3-val improvement; patience remaining: 16/50
2025-09-29 13:19:19 - Epoch 38/500 | LR=0.009865 | w_AVO=1.000 | w_P3=2.707 | lambda_MMD=0.300
2025-09-29 13:19:19 - Epoch Summary: TrainLoss=1.0500 | TrainAcc=0.697 | Val(P3)=0.500 | Val(AVO)=0.583
2025-09-29 13:19:19 - No P3-val improvement; patience remaining: 15/50
2025-09-29 13:19:19 - P3 val decreasing 3x. Reducing w_small to 2.166, lambda_MMD to 0.150
2025-09-29 13:19:19 - Epoch 39/500 | LR=0.009858 | w_AVO=1.000 | w_P3=2.166 | lambda_MMD=0.150
2025-09-29 13:19:19 - Epoch Summary: TrainLoss=0.9421 | TrainAcc=0.703 | Val(P3)=0.528 | Val(AVO)=0.570
2025-09-29 13:19:19 - No P3-val improvement; patience remaining: 14/50
2025-09-29 13:19:19 - Epoch 40/500 | LR=0.009851 | w_AVO=1.000 | w_P3=2.707 | lambda_MMD=0.300
2025-09-29 13:19:20 - Epoch Summary: TrainLoss=0.9938 | TrainAcc=0.703 | Val(P3)=0.583 | Val(AVO)=0.602
2025-09-29 13:19:20 - No P3-val improvement; patience remaining: 13/50
2025-09-29 13:19:20 - Epoch 41/500 | LR=0.009843 | w_AVO=1.000 | w_P3=2.707 | lambda_MMD=0.300
2025-09-29 13:19:20 - Epoch Summary: TrainLoss=0.9857 | TrainAcc=0.703 | Val(P3)=0.611 | Val(AVO)=0.641
2025-09-29 13:19:20 - No P3-val improvement; patience remaining: 12/50
2025-09-29 13:19:20 - Epoch 42/500 | LR=0.009835 | w_AVO=1.000 | w_P3=2.707 | lambda_MMD=0.300
2025-09-29 13:19:20 - Epoch Summary: TrainLoss=0.9611 | TrainAcc=0.709 | Val(P3)=0.500 | Val(AVO)=0.573
2025-09-29 13:19:20 - No P3-val improvement; patience remaining: 11/50
2025-09-29 13:19:20 - Epoch 43/500 | LR=0.009827 | w_AVO=1.000 | w_P3=2.707 | lambda_MMD=0.300
2025-09-29 13:19:20 - Epoch Summary: TrainLoss=0.9481 | TrainAcc=0.708 | Val(P3)=0.583 | Val(AVO)=0.586
2025-09-29 13:19:20 - No P3-val improvement; patience remaining: 10/50
2025-09-29 13:19:20 - Epoch 44/500 | LR=0.009819 | w_AVO=1.000 | w_P3=2.707 | lambda_MMD=0.300
2025-09-29 13:19:20 - Epoch Summary: TrainLoss=0.9327 | TrainAcc=0.708 | Val(P3)=0.556 | Val(AVO)=0.608
2025-09-29 13:19:20 - No P3-val improvement; patience remaining: 9/50
2025-09-29 13:19:20 - Epoch 45/500 | LR=0.009810 | w_AVO=1.000 | w_P3=2.707 | lambda_MMD=0.300
2025-09-29 13:19:21 - Epoch Summary: TrainLoss=0.9069 | TrainAcc=0.722 | Val(P3)=0.583 | Val(AVO)=0.612
2025-09-29 13:19:21 - No P3-val improvement; patience remaining: 8/50
2025-09-29 13:19:21 - Epoch 46/500 | LR=0.009801 | w_AVO=1.000 | w_P3=2.707 | lambda_MMD=0.300
2025-09-29 13:19:21 - Epoch Summary: TrainLoss=0.9342 | TrainAcc=0.722 | Val(P3)=0.472 | Val(AVO)=0.605
2025-09-29 13:19:21 - No P3-val improvement; patience remaining: 7/50
2025-09-29 13:19:21 - Epoch 47/500 | LR=0.009793 | w_AVO=1.000 | w_P3=2.707 | lambda_MMD=0.300
2025-09-29 13:19:21 - Epoch Summary: TrainLoss=0.8855 | TrainAcc=0.726 | Val(P3)=0.556 | Val(AVO)=0.595
2025-09-29 13:19:21 - No P3-val improvement; patience remaining: 6/50
2025-09-29 13:19:21 - AVO val decreasing 3x. Reducing lambda_MMD to 0.210
2025-09-29 13:19:21 - Epoch 48/500 | LR=0.009784 | w_AVO=1.000 | w_P3=2.707 | lambda_MMD=0.210
2025-09-29 13:19:21 - Epoch Summary: TrainLoss=0.8631 | TrainAcc=0.718 | Val(P3)=0.556 | Val(AVO)=0.641
2025-09-29 13:19:21 - No P3-val improvement; patience remaining: 5/50
2025-09-29 13:19:21 - Epoch 49/500 | LR=0.009774 | w_AVO=1.000 | w_P3=2.707 | lambda_MMD=0.300
2025-09-29 13:19:21 - Epoch Summary: TrainLoss=0.8638 | TrainAcc=0.723 | Val(P3)=0.528 | Val(AVO)=0.647
2025-09-29 13:19:21 - No P3-val improvement; patience remaining: 4/50
2025-09-29 13:19:21 - Epoch 50/500 | LR=0.009765 | w_AVO=1.000 | w_P3=2.707 | lambda_MMD=0.300
2025-09-29 13:19:21 - Epoch Summary: TrainLoss=0.8465 | TrainAcc=0.722 | Val(P3)=0.556 | Val(AVO)=0.570
2025-09-29 13:19:21 - No P3-val improvement; patience remaining: 3/50
2025-09-29 13:19:21 - Epoch 51/500 | LR=0.009755 | w_AVO=1.000 | w_P3=2.707 | lambda_MMD=0.300
2025-09-29 13:19:22 - Epoch Summary: TrainLoss=0.8647 | TrainAcc=0.728 | Val(P3)=0.500 | Val(AVO)=0.505
2025-09-29 13:19:22 - No P3-val improvement; patience remaining: 2/50
2025-09-29 13:19:22 - AVO val decreasing 3x. Reducing lambda_MMD to 0.210
2025-09-29 13:19:22 - Epoch 52/500 | LR=0.009745 | w_AVO=1.000 | w_P3=2.707 | lambda_MMD=0.210
2025-09-29 13:19:22 - Epoch Summary: TrainLoss=0.8230 | TrainAcc=0.725 | Val(P3)=0.528 | Val(AVO)=0.602
2025-09-29 13:19:22 - No P3-val improvement; patience remaining: 1/50
2025-09-29 13:19:22 - Epoch 53/500 | LR=0.009735 | w_AVO=1.000 | w_P3=2.707 | lambda_MMD=0.300
2025-09-29 13:19:22 - Epoch Summary: TrainLoss=0.8165 | TrainAcc=0.731 | Val(P3)=0.472 | Val(AVO)=0.631
2025-09-29 13:19:22 - No P3-val improvement; patience remaining: 0/50
2025-09-29 13:19:22 - Early stopping triggered (P3-val)
2025-09-29 13:19:22 -     P3 Test | Acc=0.5541 P=0.6304 R=0.6444 F1=0.6374 AUC=0.5034 (n=74)
2025-09-29 13:19:22 -     AVO Test | Acc=0.6331 P=0.6381 R=0.5700 F1=0.6021 AUC=0.6715 (n=616)
2025-09-29 13:19:22 -     Overall Test Acc=0.6246
2025-09-29 13:19:22 -   Fold 3/5
2025-09-29 13:19:22 - Fold domains: small=P3 (n=279), large=AVO (n=2136)
2025-09-29 13:19:22 - Auto adjustments (symmetric): w_small≈1.000, lambda_MMD_target=0.300, warmup_epochs=5
2025-09-29 13:19:22 - Epoch 1/500 | LR=0.010000 | w_AVO=1.000 | w_P3=1.353 | lambda_MMD=0.060
2025-09-29 13:19:22 - Epoch Summary: TrainLoss=1.7039 | TrainAcc=0.548 | Val(P3)=0.676 | Val(AVO)=0.550
2025-09-29 13:19:22 - New best P3-val; checkpoint updated
2025-09-29 13:19:22 - Epoch 2/500 | LR=0.010000 | w_AVO=1.000 | w_P3=1.707 | lambda_MMD=0.120
2025-09-29 13:19:22 - Epoch Summary: TrainLoss=1.7787 | TrainAcc=0.579 | Val(P3)=0.618 | Val(AVO)=0.595
2025-09-29 13:19:22 - No P3-val improvement; patience remaining: 49/50
2025-09-29 13:19:22 - Epoch 3/500 | LR=0.010000 | w_AVO=1.000 | w_P3=2.060 | lambda_MMD=0.180
2025-09-29 13:19:22 - Epoch Summary: TrainLoss=1.9686 | TrainAcc=0.587 | Val(P3)=0.618 | Val(AVO)=0.598
2025-09-29 13:19:22 - No P3-val improvement; patience remaining: 48/50
2025-09-29 13:19:22 - Epoch 4/500 | LR=0.009999 | w_AVO=1.000 | w_P3=2.414 | lambda_MMD=0.240
2025-09-29 13:19:23 - Epoch Summary: TrainLoss=2.1490 | TrainAcc=0.615 | Val(P3)=0.618 | Val(AVO)=0.633
2025-09-29 13:19:23 - No P3-val improvement; patience remaining: 47/50
2025-09-29 13:19:23 - Epoch 5/500 | LR=0.009998 | w_AVO=1.000 | w_P3=2.767 | lambda_MMD=0.300
2025-09-29 13:19:23 - Epoch Summary: TrainLoss=2.3391 | TrainAcc=0.607 | Val(P3)=0.647 | Val(AVO)=0.630
2025-09-29 13:19:23 - No P3-val improvement; patience remaining: 46/50
2025-09-29 13:19:23 - Epoch 6/500 | LR=0.009998 | w_AVO=1.000 | w_P3=2.767 | lambda_MMD=0.300
2025-09-29 13:19:23 - Epoch Summary: TrainLoss=2.3177 | TrainAcc=0.607 | Val(P3)=0.647 | Val(AVO)=0.630
2025-09-29 13:19:23 - No P3-val improvement; patience remaining: 45/50
2025-09-29 13:19:23 - Epoch 7/500 | LR=0.009996 | w_AVO=1.000 | w_P3=2.767 | lambda_MMD=0.300
2025-09-29 13:19:23 - Epoch Summary: TrainLoss=2.2406 | TrainAcc=0.599 | Val(P3)=0.676 | Val(AVO)=0.627
2025-09-29 13:19:23 - No P3-val improvement; patience remaining: 44/50
2025-09-29 13:19:23 - Epoch 8/500 | LR=0.009995 | w_AVO=1.000 | w_P3=2.767 | lambda_MMD=0.300
2025-09-29 13:19:23 - Epoch Summary: TrainLoss=2.2222 | TrainAcc=0.621 | Val(P3)=0.618 | Val(AVO)=0.637
2025-09-29 13:19:23 - No P3-val improvement; patience remaining: 43/50
2025-09-29 13:19:23 - Epoch 9/500 | LR=0.009994 | w_AVO=1.000 | w_P3=2.767 | lambda_MMD=0.300
2025-09-29 13:19:23 - Epoch Summary: TrainLoss=2.1744 | TrainAcc=0.602 | Val(P3)=0.706 | Val(AVO)=0.601
2025-09-29 13:19:23 - New best P3-val; checkpoint updated
2025-09-29 13:19:23 - Epoch 10/500 | LR=0.009992 | w_AVO=1.000 | w_P3=2.767 | lambda_MMD=0.300
2025-09-29 13:19:24 - Epoch Summary: TrainLoss=2.1392 | TrainAcc=0.632 | Val(P3)=0.676 | Val(AVO)=0.595
2025-09-29 13:19:24 - No P3-val improvement; patience remaining: 49/50
2025-09-29 13:19:24 - AVO val decreasing 3x. Reducing lambda_MMD to 0.210
2025-09-29 13:19:24 - Epoch 11/500 | LR=0.009990 | w_AVO=1.000 | w_P3=2.767 | lambda_MMD=0.210
2025-09-29 13:19:24 - Epoch Summary: TrainLoss=2.1397 | TrainAcc=0.614 | Val(P3)=0.706 | Val(AVO)=0.588
2025-09-29 13:19:24 - No P3-val improvement; patience remaining: 48/50
2025-09-29 13:19:24 - AVO val decreasing 3x. Reducing lambda_MMD to 0.210
2025-09-29 13:19:24 - Epoch 12/500 | LR=0.009988 | w_AVO=1.000 | w_P3=2.767 | lambda_MMD=0.210
2025-09-29 13:19:24 - Epoch Summary: TrainLoss=2.0710 | TrainAcc=0.626 | Val(P3)=0.676 | Val(AVO)=0.579
2025-09-29 13:19:24 - No P3-val improvement; patience remaining: 47/50
2025-09-29 13:19:24 - AVO val decreasing 3x. Reducing lambda_MMD to 0.210
2025-09-29 13:19:24 - Epoch 13/500 | LR=0.009986 | w_AVO=1.000 | w_P3=2.767 | lambda_MMD=0.210
2025-09-29 13:19:24 - Epoch Summary: TrainLoss=2.0267 | TrainAcc=0.640 | Val(P3)=0.676 | Val(AVO)=0.614
2025-09-29 13:19:24 - No P3-val improvement; patience remaining: 46/50
2025-09-29 13:19:24 - Epoch 14/500 | LR=0.009983 | w_AVO=1.000 | w_P3=2.767 | lambda_MMD=0.300
2025-09-29 13:19:24 - Epoch Summary: TrainLoss=1.9621 | TrainAcc=0.649 | Val(P3)=0.676 | Val(AVO)=0.617
2025-09-29 13:19:24 - No P3-val improvement; patience remaining: 45/50
2025-09-29 13:19:24 - Epoch 15/500 | LR=0.009981 | w_AVO=1.000 | w_P3=2.767 | lambda_MMD=0.300
2025-09-29 13:19:24 - Epoch Summary: TrainLoss=1.9320 | TrainAcc=0.640 | Val(P3)=0.676 | Val(AVO)=0.572
2025-09-29 13:19:24 - No P3-val improvement; patience remaining: 44/50
2025-09-29 13:19:24 - Epoch 16/500 | LR=0.009978 | w_AVO=1.000 | w_P3=2.767 | lambda_MMD=0.300
2025-09-29 13:19:25 - Epoch Summary: TrainLoss=1.9446 | TrainAcc=0.635 | Val(P3)=0.618 | Val(AVO)=0.569
2025-09-29 13:19:25 - No P3-val improvement; patience remaining: 43/50
2025-09-29 13:19:25 - AVO val decreasing 3x. Reducing lambda_MMD to 0.210
2025-09-29 13:19:25 - Epoch 17/500 | LR=0.009975 | w_AVO=1.000 | w_P3=2.767 | lambda_MMD=0.210
2025-09-29 13:19:25 - Epoch Summary: TrainLoss=1.8953 | TrainAcc=0.652 | Val(P3)=0.676 | Val(AVO)=0.556
2025-09-29 13:19:25 - No P3-val improvement; patience remaining: 42/50
2025-09-29 13:19:25 - AVO val decreasing 3x. Reducing lambda_MMD to 0.210
2025-09-29 13:19:25 - Epoch 18/500 | LR=0.009972 | w_AVO=1.000 | w_P3=2.767 | lambda_MMD=0.210
2025-09-29 13:19:25 - Epoch Summary: TrainLoss=1.8303 | TrainAcc=0.644 | Val(P3)=0.676 | Val(AVO)=0.592
2025-09-29 13:19:25 - No P3-val improvement; patience remaining: 41/50
2025-09-29 13:19:25 - Epoch 19/500 | LR=0.009968 | w_AVO=1.000 | w_P3=2.767 | lambda_MMD=0.300
2025-09-29 13:19:25 - Epoch Summary: TrainLoss=1.7596 | TrainAcc=0.650 | Val(P3)=0.647 | Val(AVO)=0.588
2025-09-29 13:19:25 - No P3-val improvement; patience remaining: 40/50
2025-09-29 13:19:25 - Epoch 20/500 | LR=0.009964 | w_AVO=1.000 | w_P3=2.767 | lambda_MMD=0.300
2025-09-29 13:19:25 - Epoch Summary: TrainLoss=1.7340 | TrainAcc=0.640 | Val(P3)=0.588 | Val(AVO)=0.563
2025-09-29 13:19:25 - No P3-val improvement; patience remaining: 39/50
2025-09-29 13:19:25 - P3 val decreasing 3x. Reducing w_small to 2.214, lambda_MMD to 0.150
2025-09-29 13:19:25 - AVO val decreasing 3x. Reducing lambda_MMD to 0.105
2025-09-29 13:19:25 - Epoch 21/500 | LR=0.009961 | w_AVO=1.000 | w_P3=2.214 | lambda_MMD=0.105
2025-09-29 13:19:26 - Epoch Summary: TrainLoss=1.4687 | TrainAcc=0.656 | Val(P3)=0.618 | Val(AVO)=0.595
2025-09-29 13:19:26 - No P3-val improvement; patience remaining: 38/50
2025-09-29 13:19:26 - Epoch 22/500 | LR=0.009957 | w_AVO=1.000 | w_P3=2.767 | lambda_MMD=0.300
2025-09-29 13:19:26 - Epoch Summary: TrainLoss=1.6411 | TrainAcc=0.652 | Val(P3)=0.676 | Val(AVO)=0.601
2025-09-29 13:19:26 - No P3-val improvement; patience remaining: 37/50
2025-09-29 13:19:26 - Epoch 23/500 | LR=0.009952 | w_AVO=1.000 | w_P3=2.767 | lambda_MMD=0.300
2025-09-29 13:19:26 - Epoch Summary: TrainLoss=1.6038 | TrainAcc=0.662 | Val(P3)=0.735 | Val(AVO)=0.608
2025-09-29 13:19:26 - New best P3-val; checkpoint updated
2025-09-29 13:19:26 - Epoch 24/500 | LR=0.009948 | w_AVO=1.000 | w_P3=2.767 | lambda_MMD=0.300
2025-09-29 13:19:26 - Epoch Summary: TrainLoss=1.5703 | TrainAcc=0.657 | Val(P3)=0.647 | Val(AVO)=0.559
2025-09-29 13:19:26 - No P3-val improvement; patience remaining: 49/50
2025-09-29 13:19:26 - Epoch 25/500 | LR=0.009943 | w_AVO=1.000 | w_P3=2.767 | lambda_MMD=0.300
2025-09-29 13:19:26 - Epoch Summary: TrainLoss=1.6060 | TrainAcc=0.641 | Val(P3)=0.618 | Val(AVO)=0.582
2025-09-29 13:19:26 - No P3-val improvement; patience remaining: 48/50
2025-09-29 13:19:26 - P3 val decreasing 3x. Reducing w_small to 2.214, lambda_MMD to 0.150
2025-09-29 13:19:26 - Epoch 26/500 | LR=0.009938 | w_AVO=1.000 | w_P3=2.214 | lambda_MMD=0.150
2025-09-29 13:19:26 - Epoch Summary: TrainLoss=1.3850 | TrainAcc=0.654 | Val(P3)=0.618 | Val(AVO)=0.592
2025-09-29 13:19:26 - No P3-val improvement; patience remaining: 47/50
2025-09-29 13:19:26 - Epoch 27/500 | LR=0.009933 | w_AVO=1.000 | w_P3=2.767 | lambda_MMD=0.300
2025-09-29 13:19:27 - Epoch Summary: TrainLoss=1.4894 | TrainAcc=0.662 | Val(P3)=0.676 | Val(AVO)=0.582
2025-09-29 13:19:27 - No P3-val improvement; patience remaining: 46/50
2025-09-29 13:19:27 - Epoch 28/500 | LR=0.009928 | w_AVO=1.000 | w_P3=2.767 | lambda_MMD=0.300
2025-09-29 13:19:27 - Epoch Summary: TrainLoss=1.4521 | TrainAcc=0.662 | Val(P3)=0.706 | Val(AVO)=0.576
2025-09-29 13:19:27 - No P3-val improvement; patience remaining: 45/50
2025-09-29 13:19:27 - AVO val decreasing 3x. Reducing lambda_MMD to 0.210
2025-09-29 13:19:27 - Epoch 29/500 | LR=0.009923 | w_AVO=1.000 | w_P3=2.767 | lambda_MMD=0.210
2025-09-29 13:19:27 - Epoch Summary: TrainLoss=1.4613 | TrainAcc=0.657 | Val(P3)=0.618 | Val(AVO)=0.579
2025-09-29 13:19:27 - No P3-val improvement; patience remaining: 44/50
2025-09-29 13:19:27 - Epoch 30/500 | LR=0.009917 | w_AVO=1.000 | w_P3=2.767 | lambda_MMD=0.300
2025-09-29 13:19:27 - Epoch Summary: TrainLoss=1.3877 | TrainAcc=0.668 | Val(P3)=0.647 | Val(AVO)=0.582
2025-09-29 13:19:27 - No P3-val improvement; patience remaining: 43/50
2025-09-29 13:19:27 - Epoch 31/500 | LR=0.009911 | w_AVO=1.000 | w_P3=2.767 | lambda_MMD=0.300
2025-09-29 13:19:27 - Epoch Summary: TrainLoss=1.3953 | TrainAcc=0.655 | Val(P3)=0.735 | Val(AVO)=0.556
2025-09-29 13:19:27 - No P3-val improvement; patience remaining: 42/50
2025-09-29 13:19:27 - Epoch 32/500 | LR=0.009905 | w_AVO=1.000 | w_P3=2.767 | lambda_MMD=0.300
2025-09-29 13:19:27 - Epoch Summary: TrainLoss=1.3136 | TrainAcc=0.652 | Val(P3)=0.647 | Val(AVO)=0.598
2025-09-29 13:19:27 - No P3-val improvement; patience remaining: 41/50
2025-09-29 13:19:27 - Epoch 33/500 | LR=0.009899 | w_AVO=1.000 | w_P3=2.767 | lambda_MMD=0.300
2025-09-29 13:19:28 - Epoch Summary: TrainLoss=1.3050 | TrainAcc=0.669 | Val(P3)=0.588 | Val(AVO)=0.582
2025-09-29 13:19:28 - No P3-val improvement; patience remaining: 40/50
2025-09-29 13:19:28 - P3 val decreasing 3x. Reducing w_small to 2.214, lambda_MMD to 0.150
2025-09-29 13:19:28 - Epoch 34/500 | LR=0.009893 | w_AVO=1.000 | w_P3=2.214 | lambda_MMD=0.150
2025-09-29 13:19:28 - Epoch Summary: TrainLoss=1.1288 | TrainAcc=0.671 | Val(P3)=0.588 | Val(AVO)=0.537
2025-09-29 13:19:28 - No P3-val improvement; patience remaining: 39/50
2025-09-29 13:19:28 - AVO val decreasing 3x. Reducing lambda_MMD to 0.210
2025-09-29 13:19:28 - Epoch 35/500 | LR=0.009886 | w_AVO=1.000 | w_P3=2.767 | lambda_MMD=0.210
2025-09-29 13:19:28 - Epoch Summary: TrainLoss=1.3142 | TrainAcc=0.662 | Val(P3)=0.676 | Val(AVO)=0.598
2025-09-29 13:19:28 - No P3-val improvement; patience remaining: 38/50
2025-09-29 13:19:28 - Epoch 36/500 | LR=0.009880 | w_AVO=1.000 | w_P3=2.767 | lambda_MMD=0.300
2025-09-29 13:19:28 - Epoch Summary: TrainLoss=1.2903 | TrainAcc=0.650 | Val(P3)=0.676 | Val(AVO)=0.576
2025-09-29 13:19:28 - No P3-val improvement; patience remaining: 37/50
2025-09-29 13:19:28 - Epoch 37/500 | LR=0.009873 | w_AVO=1.000 | w_P3=2.767 | lambda_MMD=0.300
2025-09-29 13:19:28 - Epoch Summary: TrainLoss=1.2630 | TrainAcc=0.662 | Val(P3)=0.647 | Val(AVO)=0.608
2025-09-29 13:19:28 - No P3-val improvement; patience remaining: 36/50
2025-09-29 13:19:28 - Epoch 38/500 | LR=0.009865 | w_AVO=1.000 | w_P3=2.767 | lambda_MMD=0.300
2025-09-29 13:19:28 - Epoch Summary: TrainLoss=1.2548 | TrainAcc=0.651 | Val(P3)=0.647 | Val(AVO)=0.605
2025-09-29 13:19:28 - No P3-val improvement; patience remaining: 35/50
2025-09-29 13:19:28 - Epoch 39/500 | LR=0.009858 | w_AVO=1.000 | w_P3=2.767 | lambda_MMD=0.300
2025-09-29 13:19:29 - Epoch Summary: TrainLoss=1.2110 | TrainAcc=0.661 | Val(P3)=0.618 | Val(AVO)=0.595
2025-09-29 13:19:29 - No P3-val improvement; patience remaining: 34/50
2025-09-29 13:19:29 - AVO val decreasing 3x. Reducing lambda_MMD to 0.210
2025-09-29 13:19:29 - Epoch 40/500 | LR=0.009851 | w_AVO=1.000 | w_P3=2.767 | lambda_MMD=0.210
2025-09-29 13:19:29 - Epoch Summary: TrainLoss=1.1339 | TrainAcc=0.675 | Val(P3)=0.588 | Val(AVO)=0.592
2025-09-29 13:19:29 - No P3-val improvement; patience remaining: 33/50
2025-09-29 13:19:29 - P3 val decreasing 3x. Reducing w_small to 2.214, lambda_MMD to 0.150
2025-09-29 13:19:29 - AVO val decreasing 3x. Reducing lambda_MMD to 0.105
2025-09-29 13:19:29 - Epoch 41/500 | LR=0.009843 | w_AVO=1.000 | w_P3=2.214 | lambda_MMD=0.105
2025-09-29 13:19:29 - Epoch Summary: TrainLoss=1.0431 | TrainAcc=0.669 | Val(P3)=0.647 | Val(AVO)=0.611
2025-09-29 13:19:29 - No P3-val improvement; patience remaining: 32/50
2025-09-29 13:19:29 - Epoch 42/500 | LR=0.009835 | w_AVO=1.000 | w_P3=2.767 | lambda_MMD=0.300
2025-09-29 13:19:29 - Epoch Summary: TrainLoss=1.1116 | TrainAcc=0.681 | Val(P3)=0.676 | Val(AVO)=0.582
2025-09-29 13:19:29 - No P3-val improvement; patience remaining: 31/50
2025-09-29 13:19:29 - Epoch 43/500 | LR=0.009827 | w_AVO=1.000 | w_P3=2.767 | lambda_MMD=0.300
2025-09-29 13:19:29 - Epoch Summary: TrainLoss=1.0842 | TrainAcc=0.697 | Val(P3)=0.647 | Val(AVO)=0.582
2025-09-29 13:19:29 - No P3-val improvement; patience remaining: 30/50
2025-09-29 13:19:29 - Epoch 44/500 | LR=0.009819 | w_AVO=1.000 | w_P3=2.767 | lambda_MMD=0.300
2025-09-29 13:19:29 - Epoch Summary: TrainLoss=1.0841 | TrainAcc=0.680 | Val(P3)=0.676 | Val(AVO)=0.617
2025-09-29 13:19:29 - No P3-val improvement; patience remaining: 29/50
2025-09-29 13:19:29 - Epoch 45/500 | LR=0.009810 | w_AVO=1.000 | w_P3=2.767 | lambda_MMD=0.300
2025-09-29 13:19:30 - Epoch Summary: TrainLoss=1.0455 | TrainAcc=0.687 | Val(P3)=0.647 | Val(AVO)=0.598
2025-09-29 13:19:30 - No P3-val improvement; patience remaining: 28/50
2025-09-29 13:19:30 - Epoch 46/500 | LR=0.009801 | w_AVO=1.000 | w_P3=2.767 | lambda_MMD=0.300
2025-09-29 13:19:30 - Epoch Summary: TrainLoss=1.0562 | TrainAcc=0.687 | Val(P3)=0.618 | Val(AVO)=0.598
2025-09-29 13:19:30 - No P3-val improvement; patience remaining: 27/50
2025-09-29 13:19:30 - P3 val decreasing 3x. Reducing w_small to 2.214, lambda_MMD to 0.150
2025-09-29 13:19:30 - Epoch 47/500 | LR=0.009793 | w_AVO=1.000 | w_P3=2.214 | lambda_MMD=0.150
2025-09-29 13:19:30 - Epoch Summary: TrainLoss=0.9459 | TrainAcc=0.690 | Val(P3)=0.618 | Val(AVO)=0.579
2025-09-29 13:19:30 - No P3-val improvement; patience remaining: 26/50
2025-09-29 13:19:30 - Epoch 48/500 | LR=0.009784 | w_AVO=1.000 | w_P3=2.767 | lambda_MMD=0.300
2025-09-29 13:19:30 - Epoch Summary: TrainLoss=0.9752 | TrainAcc=0.708 | Val(P3)=0.676 | Val(AVO)=0.566
2025-09-29 13:19:30 - No P3-val improvement; patience remaining: 25/50
2025-09-29 13:19:30 - AVO val decreasing 3x. Reducing lambda_MMD to 0.210
2025-09-29 13:19:30 - Epoch 49/500 | LR=0.009774 | w_AVO=1.000 | w_P3=2.767 | lambda_MMD=0.210
2025-09-29 13:19:30 - Epoch Summary: TrainLoss=1.0038 | TrainAcc=0.693 | Val(P3)=0.647 | Val(AVO)=0.566
2025-09-29 13:19:30 - No P3-val improvement; patience remaining: 24/50
2025-09-29 13:19:30 - Epoch 50/500 | LR=0.009765 | w_AVO=1.000 | w_P3=2.767 | lambda_MMD=0.300
2025-09-29 13:19:30 - Epoch Summary: TrainLoss=0.9604 | TrainAcc=0.700 | Val(P3)=0.647 | Val(AVO)=0.605
2025-09-29 13:19:30 - No P3-val improvement; patience remaining: 23/50
2025-09-29 13:19:30 - Epoch 51/500 | LR=0.009755 | w_AVO=1.000 | w_P3=2.767 | lambda_MMD=0.300
2025-09-29 13:19:31 - Epoch Summary: TrainLoss=0.9398 | TrainAcc=0.694 | Val(P3)=0.647 | Val(AVO)=0.585
2025-09-29 13:19:31 - No P3-val improvement; patience remaining: 22/50
2025-09-29 13:19:31 - Epoch 52/500 | LR=0.009745 | w_AVO=1.000 | w_P3=2.767 | lambda_MMD=0.300
2025-09-29 13:19:31 - Epoch Summary: TrainLoss=0.9411 | TrainAcc=0.703 | Val(P3)=0.618 | Val(AVO)=0.621
2025-09-29 13:19:31 - No P3-val improvement; patience remaining: 21/50
2025-09-29 13:19:31 - Epoch 53/500 | LR=0.009735 | w_AVO=1.000 | w_P3=2.767 | lambda_MMD=0.300
2025-09-29 13:19:31 - Epoch Summary: TrainLoss=0.9300 | TrainAcc=0.696 | Val(P3)=0.647 | Val(AVO)=0.576
2025-09-29 13:19:31 - No P3-val improvement; patience remaining: 20/50
2025-09-29 13:19:31 - Epoch 54/500 | LR=0.009725 | w_AVO=1.000 | w_P3=2.767 | lambda_MMD=0.300
2025-09-29 13:19:31 - Epoch Summary: TrainLoss=0.9520 | TrainAcc=0.706 | Val(P3)=0.618 | Val(AVO)=0.566
2025-09-29 13:19:31 - No P3-val improvement; patience remaining: 19/50
2025-09-29 13:19:31 - AVO val decreasing 3x. Reducing lambda_MMD to 0.210
2025-09-29 13:19:31 - Epoch 55/500 | LR=0.009715 | w_AVO=1.000 | w_P3=2.767 | lambda_MMD=0.210
2025-09-29 13:19:31 - Epoch Summary: TrainLoss=0.8906 | TrainAcc=0.708 | Val(P3)=0.676 | Val(AVO)=0.624
2025-09-29 13:19:31 - No P3-val improvement; patience remaining: 18/50
2025-09-29 13:19:31 - Epoch 56/500 | LR=0.009704 | w_AVO=1.000 | w_P3=2.767 | lambda_MMD=0.300
2025-09-29 13:19:31 - Epoch Summary: TrainLoss=0.9087 | TrainAcc=0.710 | Val(P3)=0.618 | Val(AVO)=0.547
2025-09-29 13:19:31 - No P3-val improvement; patience remaining: 17/50
2025-09-29 13:19:31 - Epoch 57/500 | LR=0.009694 | w_AVO=1.000 | w_P3=2.767 | lambda_MMD=0.300
2025-09-29 13:19:32 - Epoch Summary: TrainLoss=0.9060 | TrainAcc=0.706 | Val(P3)=0.618 | Val(AVO)=0.611
2025-09-29 13:19:32 - No P3-val improvement; patience remaining: 16/50
2025-09-29 13:19:32 - Epoch 58/500 | LR=0.009683 | w_AVO=1.000 | w_P3=2.767 | lambda_MMD=0.300
2025-09-29 13:19:32 - Epoch Summary: TrainLoss=0.9194 | TrainAcc=0.705 | Val(P3)=0.706 | Val(AVO)=0.598
2025-09-29 13:19:32 - No P3-val improvement; patience remaining: 15/50
2025-09-29 13:19:32 - Epoch 59/500 | LR=0.009672 | w_AVO=1.000 | w_P3=2.767 | lambda_MMD=0.300
2025-09-29 13:19:32 - Epoch Summary: TrainLoss=0.8665 | TrainAcc=0.715 | Val(P3)=0.647 | Val(AVO)=0.605
2025-09-29 13:19:32 - No P3-val improvement; patience remaining: 14/50
2025-09-29 13:19:32 - Epoch 60/500 | LR=0.009660 | w_AVO=1.000 | w_P3=2.767 | lambda_MMD=0.300
2025-09-29 13:19:32 - Epoch Summary: TrainLoss=0.8613 | TrainAcc=0.720 | Val(P3)=0.647 | Val(AVO)=0.605
2025-09-29 13:19:32 - No P3-val improvement; patience remaining: 13/50
2025-09-29 13:19:32 - Epoch 61/500 | LR=0.009649 | w_AVO=1.000 | w_P3=2.767 | lambda_MMD=0.300
2025-09-29 13:19:32 - Epoch Summary: TrainLoss=0.8430 | TrainAcc=0.720 | Val(P3)=0.647 | Val(AVO)=0.563
2025-09-29 13:19:32 - No P3-val improvement; patience remaining: 12/50
2025-09-29 13:19:32 - Epoch 62/500 | LR=0.009637 | w_AVO=1.000 | w_P3=2.767 | lambda_MMD=0.300
2025-09-29 13:19:32 - Epoch Summary: TrainLoss=0.8368 | TrainAcc=0.724 | Val(P3)=0.647 | Val(AVO)=0.547
2025-09-29 13:19:32 - No P3-val improvement; patience remaining: 11/50
2025-09-29 13:19:32 - AVO val decreasing 3x. Reducing lambda_MMD to 0.210
2025-09-29 13:19:32 - Epoch 63/500 | LR=0.009625 | w_AVO=1.000 | w_P3=2.767 | lambda_MMD=0.210
2025-09-29 13:19:33 - Epoch Summary: TrainLoss=0.7976 | TrainAcc=0.741 | Val(P3)=0.706 | Val(AVO)=0.595
2025-09-29 13:19:33 - No P3-val improvement; patience remaining: 10/50
2025-09-29 13:19:33 - Epoch 64/500 | LR=0.009613 | w_AVO=1.000 | w_P3=2.767 | lambda_MMD=0.300
2025-09-29 13:19:33 - Epoch Summary: TrainLoss=0.8027 | TrainAcc=0.725 | Val(P3)=0.618 | Val(AVO)=0.585
2025-09-29 13:19:33 - No P3-val improvement; patience remaining: 9/50
2025-09-29 13:19:33 - Epoch 65/500 | LR=0.009601 | w_AVO=1.000 | w_P3=2.767 | lambda_MMD=0.300
2025-09-29 13:19:33 - Epoch Summary: TrainLoss=0.8549 | TrainAcc=0.724 | Val(P3)=0.647 | Val(AVO)=0.630
2025-09-29 13:19:33 - No P3-val improvement; patience remaining: 8/50
2025-09-29 13:19:33 - Epoch 66/500 | LR=0.009589 | w_AVO=1.000 | w_P3=2.767 | lambda_MMD=0.300
2025-09-29 13:19:33 - Epoch Summary: TrainLoss=0.8031 | TrainAcc=0.726 | Val(P3)=0.647 | Val(AVO)=0.617
2025-09-29 13:19:33 - No P3-val improvement; patience remaining: 7/50
2025-09-29 13:19:33 - Epoch 67/500 | LR=0.009576 | w_AVO=1.000 | w_P3=2.767 | lambda_MMD=0.300
2025-09-29 13:19:33 - Epoch Summary: TrainLoss=0.7896 | TrainAcc=0.728 | Val(P3)=0.676 | Val(AVO)=0.566
2025-09-29 13:19:33 - No P3-val improvement; patience remaining: 6/50
2025-09-29 13:19:33 - AVO val decreasing 3x. Reducing lambda_MMD to 0.210
2025-09-29 13:19:33 - Epoch 68/500 | LR=0.009563 | w_AVO=1.000 | w_P3=2.767 | lambda_MMD=0.210
2025-09-29 13:19:33 - Epoch Summary: TrainLoss=0.7439 | TrainAcc=0.743 | Val(P3)=0.647 | Val(AVO)=0.630
2025-09-29 13:19:33 - No P3-val improvement; patience remaining: 5/50
2025-09-29 13:19:33 - Epoch 69/500 | LR=0.009551 | w_AVO=1.000 | w_P3=2.767 | lambda_MMD=0.300
2025-09-29 13:19:34 - Epoch Summary: TrainLoss=0.7822 | TrainAcc=0.732 | Val(P3)=0.647 | Val(AVO)=0.624
2025-09-29 13:19:34 - No P3-val improvement; patience remaining: 4/50
2025-09-29 13:19:34 - Epoch 70/500 | LR=0.009537 | w_AVO=1.000 | w_P3=2.767 | lambda_MMD=0.300
2025-09-29 13:19:34 - Epoch Summary: TrainLoss=0.7775 | TrainAcc=0.731 | Val(P3)=0.706 | Val(AVO)=0.556
2025-09-29 13:19:34 - No P3-val improvement; patience remaining: 3/50
2025-09-29 13:19:34 - AVO val decreasing 3x. Reducing lambda_MMD to 0.210
2025-09-29 13:19:34 - Epoch 71/500 | LR=0.009524 | w_AVO=1.000 | w_P3=2.767 | lambda_MMD=0.210
2025-09-29 13:19:34 - Epoch Summary: TrainLoss=0.7468 | TrainAcc=0.751 | Val(P3)=0.676 | Val(AVO)=0.582
2025-09-29 13:19:34 - No P3-val improvement; patience remaining: 2/50
2025-09-29 13:19:34 - Epoch 72/500 | LR=0.009511 | w_AVO=1.000 | w_P3=2.767 | lambda_MMD=0.300
2025-09-29 13:19:34 - Epoch Summary: TrainLoss=0.7564 | TrainAcc=0.736 | Val(P3)=0.706 | Val(AVO)=0.605
2025-09-29 13:19:34 - No P3-val improvement; patience remaining: 1/50
2025-09-29 13:19:34 - Epoch 73/500 | LR=0.009497 | w_AVO=1.000 | w_P3=2.767 | lambda_MMD=0.300
2025-09-29 13:19:34 - Epoch Summary: TrainLoss=0.7805 | TrainAcc=0.725 | Val(P3)=0.706 | Val(AVO)=0.556
2025-09-29 13:19:34 - No P3-val improvement; patience remaining: 0/50
2025-09-29 13:19:34 - Early stopping triggered (P3-val)
2025-09-29 13:19:34 -     P3 Test | Acc=0.6207 P=0.6230 R=0.7917 F1=0.6972 AUC=0.6749 (n=87)
2025-09-29 13:19:34 -     AVO Test | Acc=0.5854 P=0.5499 R=0.8721 F1=0.6745 AUC=0.6768 (n=603)
2025-09-29 13:19:34 -     Overall Test Acc=0.5899
2025-09-29 13:19:34 -   Fold 4/5
2025-09-29 13:19:34 - Fold domains: small=P3 (n=286), large=AVO (n=2129)
2025-09-29 13:19:34 - Auto adjustments (symmetric): w_small≈1.000, lambda_MMD_target=0.300, warmup_epochs=5
2025-09-29 13:19:34 - Epoch 1/500 | LR=0.010000 | w_AVO=1.000 | w_P3=1.346 | lambda_MMD=0.060
2025-09-29 13:19:35 - Epoch Summary: TrainLoss=1.6978 | TrainAcc=0.533 | Val(P3)=0.600 | Val(AVO)=0.510
2025-09-29 13:19:35 - New best P3-val; checkpoint updated
2025-09-29 13:19:35 - Epoch 2/500 | LR=0.010000 | w_AVO=1.000 | w_P3=1.691 | lambda_MMD=0.120
2025-09-29 13:19:35 - Epoch Summary: TrainLoss=1.7580 | TrainAcc=0.584 | Val(P3)=0.600 | Val(AVO)=0.587
2025-09-29 13:19:35 - No P3-val improvement; patience remaining: 49/50
2025-09-29 13:19:35 - Epoch 3/500 | LR=0.010000 | w_AVO=1.000 | w_P3=2.037 | lambda_MMD=0.180
2025-09-29 13:19:35 - Epoch Summary: TrainLoss=1.9347 | TrainAcc=0.597 | Val(P3)=0.657 | Val(AVO)=0.613
2025-09-29 13:19:35 - New best P3-val; checkpoint updated
2025-09-29 13:19:35 - Epoch 4/500 | LR=0.009999 | w_AVO=1.000 | w_P3=2.383 | lambda_MMD=0.240
2025-09-29 13:19:35 - Epoch Summary: TrainLoss=2.1026 | TrainAcc=0.615 | Val(P3)=0.686 | Val(AVO)=0.658
2025-09-29 13:19:35 - New best P3-val; checkpoint updated
2025-09-29 13:19:35 - Epoch 5/500 | LR=0.009998 | w_AVO=1.000 | w_P3=2.728 | lambda_MMD=0.300
2025-09-29 13:19:35 - Epoch Summary: TrainLoss=2.2491 | TrainAcc=0.606 | Val(P3)=0.657 | Val(AVO)=0.623
2025-09-29 13:19:35 - No P3-val improvement; patience remaining: 49/50
2025-09-29 13:19:35 - Epoch 6/500 | LR=0.009998 | w_AVO=1.000 | w_P3=2.728 | lambda_MMD=0.300
2025-09-29 13:19:35 - Epoch Summary: TrainLoss=2.1971 | TrainAcc=0.619 | Val(P3)=0.600 | Val(AVO)=0.674
2025-09-29 13:19:35 - No P3-val improvement; patience remaining: 48/50
2025-09-29 13:19:35 - P3 val decreasing 3x. Reducing w_small to 2.183, lambda_MMD to 0.150
2025-09-29 13:19:35 - Epoch 7/500 | LR=0.009996 | w_AVO=1.000 | w_P3=2.183 | lambda_MMD=0.150
2025-09-29 13:19:36 - Epoch Summary: TrainLoss=1.8343 | TrainAcc=0.609 | Val(P3)=0.571 | Val(AVO)=0.671
2025-09-29 13:19:36 - No P3-val improvement; patience remaining: 47/50
2025-09-29 13:19:36 - P3 val decreasing 3x. Reducing w_small to 2.183, lambda_MMD to 0.150
2025-09-29 13:19:36 - Epoch 8/500 | LR=0.009995 | w_AVO=1.000 | w_P3=2.183 | lambda_MMD=0.150
2025-09-29 13:19:36 - Epoch Summary: TrainLoss=1.7937 | TrainAcc=0.631 | Val(P3)=0.657 | Val(AVO)=0.658
2025-09-29 13:19:36 - No P3-val improvement; patience remaining: 46/50
2025-09-29 13:19:36 - AVO val decreasing 3x. Reducing lambda_MMD to 0.210
2025-09-29 13:19:36 - Epoch 9/500 | LR=0.009994 | w_AVO=1.000 | w_P3=2.728 | lambda_MMD=0.210
2025-09-29 13:19:36 - Epoch Summary: TrainLoss=2.0184 | TrainAcc=0.621 | Val(P3)=0.629 | Val(AVO)=0.661
2025-09-29 13:19:36 - No P3-val improvement; patience remaining: 45/50
2025-09-29 13:19:36 - Epoch 10/500 | LR=0.009992 | w_AVO=1.000 | w_P3=2.728 | lambda_MMD=0.300
2025-09-29 13:19:36 - Epoch Summary: TrainLoss=1.9907 | TrainAcc=0.631 | Val(P3)=0.571 | Val(AVO)=0.674
2025-09-29 13:19:36 - No P3-val improvement; patience remaining: 44/50
2025-09-29 13:19:36 - P3 val decreasing 3x. Reducing w_small to 2.183, lambda_MMD to 0.150
2025-09-29 13:19:36 - Epoch 11/500 | LR=0.009990 | w_AVO=1.000 | w_P3=2.183 | lambda_MMD=0.150
2025-09-29 13:19:36 - Epoch Summary: TrainLoss=1.6968 | TrainAcc=0.627 | Val(P3)=0.543 | Val(AVO)=0.665
2025-09-29 13:19:36 - No P3-val improvement; patience remaining: 43/50
2025-09-29 13:19:36 - P3 val decreasing 3x. Reducing w_small to 2.183, lambda_MMD to 0.150
2025-09-29 13:19:36 - Epoch 12/500 | LR=0.009988 | w_AVO=1.000 | w_P3=2.183 | lambda_MMD=0.150
2025-09-29 13:19:36 - Epoch Summary: TrainLoss=1.6322 | TrainAcc=0.636 | Val(P3)=0.600 | Val(AVO)=0.652
2025-09-29 13:19:36 - No P3-val improvement; patience remaining: 42/50
2025-09-29 13:19:36 - AVO val decreasing 3x. Reducing lambda_MMD to 0.210
2025-09-29 13:19:36 - Epoch 13/500 | LR=0.009986 | w_AVO=1.000 | w_P3=2.728 | lambda_MMD=0.210
2025-09-29 13:19:37 - Epoch Summary: TrainLoss=1.9223 | TrainAcc=0.645 | Val(P3)=0.571 | Val(AVO)=0.655
2025-09-29 13:19:37 - No P3-val improvement; patience remaining: 41/50
2025-09-29 13:19:37 - Epoch 14/500 | LR=0.009983 | w_AVO=1.000 | w_P3=2.728 | lambda_MMD=0.300
2025-09-29 13:19:37 - Epoch Summary: TrainLoss=1.8120 | TrainAcc=0.641 | Val(P3)=0.657 | Val(AVO)=0.655
2025-09-29 13:19:37 - No P3-val improvement; patience remaining: 40/50
2025-09-29 13:19:37 - Epoch 15/500 | LR=0.009981 | w_AVO=1.000 | w_P3=2.728 | lambda_MMD=0.300
2025-09-29 13:19:37 - Epoch Summary: TrainLoss=1.8143 | TrainAcc=0.644 | Val(P3)=0.600 | Val(AVO)=0.655
2025-09-29 13:19:37 - No P3-val improvement; patience remaining: 39/50
2025-09-29 13:19:37 - Epoch 16/500 | LR=0.009978 | w_AVO=1.000 | w_P3=2.728 | lambda_MMD=0.300
2025-09-29 13:19:37 - Epoch Summary: TrainLoss=1.7605 | TrainAcc=0.646 | Val(P3)=0.600 | Val(AVO)=0.652
2025-09-29 13:19:37 - No P3-val improvement; patience remaining: 38/50
2025-09-29 13:19:37 - Epoch 17/500 | LR=0.009975 | w_AVO=1.000 | w_P3=2.728 | lambda_MMD=0.300
2025-09-29 13:19:37 - Epoch Summary: TrainLoss=1.7447 | TrainAcc=0.631 | Val(P3)=0.600 | Val(AVO)=0.648
2025-09-29 13:19:37 - No P3-val improvement; patience remaining: 37/50
2025-09-29 13:19:37 - AVO val decreasing 3x. Reducing lambda_MMD to 0.210
2025-09-29 13:19:37 - Epoch 18/500 | LR=0.009972 | w_AVO=1.000 | w_P3=2.728 | lambda_MMD=0.210
2025-09-29 13:19:37 - Epoch Summary: TrainLoss=1.6647 | TrainAcc=0.635 | Val(P3)=0.657 | Val(AVO)=0.655
2025-09-29 13:19:37 - No P3-val improvement; patience remaining: 36/50
2025-09-29 13:19:37 - Epoch 19/500 | LR=0.009968 | w_AVO=1.000 | w_P3=2.728 | lambda_MMD=0.300
2025-09-29 13:19:38 - Epoch Summary: TrainLoss=1.6325 | TrainAcc=0.647 | Val(P3)=0.600 | Val(AVO)=0.658
2025-09-29 13:19:38 - No P3-val improvement; patience remaining: 35/50
2025-09-29 13:19:38 - Epoch 20/500 | LR=0.009964 | w_AVO=1.000 | w_P3=2.728 | lambda_MMD=0.300
2025-09-29 13:19:38 - Epoch Summary: TrainLoss=1.6017 | TrainAcc=0.652 | Val(P3)=0.600 | Val(AVO)=0.623
2025-09-29 13:19:38 - No P3-val improvement; patience remaining: 34/50
2025-09-29 13:19:38 - Epoch 21/500 | LR=0.009961 | w_AVO=1.000 | w_P3=2.728 | lambda_MMD=0.300
2025-09-29 13:19:38 - Epoch Summary: TrainLoss=1.5638 | TrainAcc=0.651 | Val(P3)=0.543 | Val(AVO)=0.648
2025-09-29 13:19:38 - No P3-val improvement; patience remaining: 33/50
2025-09-29 13:19:38 - Epoch 22/500 | LR=0.009957 | w_AVO=1.000 | w_P3=2.728 | lambda_MMD=0.300
2025-09-29 13:19:38 - Epoch Summary: TrainLoss=1.5471 | TrainAcc=0.657 | Val(P3)=0.571 | Val(AVO)=0.655
2025-09-29 13:19:38 - No P3-val improvement; patience remaining: 32/50
2025-09-29 13:19:38 - Epoch 23/500 | LR=0.009952 | w_AVO=1.000 | w_P3=2.728 | lambda_MMD=0.300
2025-09-29 13:19:38 - Epoch Summary: TrainLoss=1.5019 | TrainAcc=0.665 | Val(P3)=0.543 | Val(AVO)=0.639
2025-09-29 13:19:38 - No P3-val improvement; patience remaining: 31/50
2025-09-29 13:19:38 - Epoch 24/500 | LR=0.009948 | w_AVO=1.000 | w_P3=2.728 | lambda_MMD=0.300
2025-09-29 13:19:38 - Epoch Summary: TrainLoss=1.4706 | TrainAcc=0.671 | Val(P3)=0.629 | Val(AVO)=0.655
2025-09-29 13:19:38 - No P3-val improvement; patience remaining: 30/50
2025-09-29 13:19:38 - Epoch 25/500 | LR=0.009943 | w_AVO=1.000 | w_P3=2.728 | lambda_MMD=0.300
2025-09-29 13:19:39 - Epoch Summary: TrainLoss=1.4653 | TrainAcc=0.667 | Val(P3)=0.629 | Val(AVO)=0.648
2025-09-29 13:19:39 - No P3-val improvement; patience remaining: 29/50
2025-09-29 13:19:39 - Epoch 26/500 | LR=0.009938 | w_AVO=1.000 | w_P3=2.728 | lambda_MMD=0.300
2025-09-29 13:19:39 - Epoch Summary: TrainLoss=1.4415 | TrainAcc=0.663 | Val(P3)=0.600 | Val(AVO)=0.635
2025-09-29 13:19:39 - No P3-val improvement; patience remaining: 28/50
2025-09-29 13:19:39 - AVO val decreasing 3x. Reducing lambda_MMD to 0.210
2025-09-29 13:19:39 - Epoch 27/500 | LR=0.009933 | w_AVO=1.000 | w_P3=2.728 | lambda_MMD=0.210
2025-09-29 13:19:39 - Epoch Summary: TrainLoss=1.3932 | TrainAcc=0.667 | Val(P3)=0.543 | Val(AVO)=0.639
2025-09-29 13:19:39 - No P3-val improvement; patience remaining: 27/50
2025-09-29 13:19:39 - P3 val decreasing 3x. Reducing w_small to 2.183, lambda_MMD to 0.150
2025-09-29 13:19:39 - Epoch 28/500 | LR=0.009928 | w_AVO=1.000 | w_P3=2.183 | lambda_MMD=0.150
2025-09-29 13:19:39 - Epoch Summary: TrainLoss=1.1997 | TrainAcc=0.663 | Val(P3)=0.571 | Val(AVO)=0.635
2025-09-29 13:19:39 - No P3-val improvement; patience remaining: 26/50
2025-09-29 13:19:39 - Epoch 29/500 | LR=0.009923 | w_AVO=1.000 | w_P3=2.728 | lambda_MMD=0.300
2025-09-29 13:19:39 - Epoch Summary: TrainLoss=1.3409 | TrainAcc=0.675 | Val(P3)=0.571 | Val(AVO)=0.645
2025-09-29 13:19:39 - No P3-val improvement; patience remaining: 25/50
2025-09-29 13:19:39 - Epoch 30/500 | LR=0.009917 | w_AVO=1.000 | w_P3=2.728 | lambda_MMD=0.300
2025-09-29 13:19:40 - Epoch Summary: TrainLoss=1.3174 | TrainAcc=0.670 | Val(P3)=0.600 | Val(AVO)=0.606
2025-09-29 13:19:40 - No P3-val improvement; patience remaining: 24/50
2025-09-29 13:19:40 - Epoch 31/500 | LR=0.009911 | w_AVO=1.000 | w_P3=2.728 | lambda_MMD=0.300
2025-09-29 13:19:40 - Epoch Summary: TrainLoss=1.2563 | TrainAcc=0.673 | Val(P3)=0.629 | Val(AVO)=0.639
2025-09-29 13:19:40 - No P3-val improvement; patience remaining: 23/50
2025-09-29 13:19:40 - Epoch 32/500 | LR=0.009905 | w_AVO=1.000 | w_P3=2.728 | lambda_MMD=0.300
2025-09-29 13:19:40 - Epoch Summary: TrainLoss=1.2752 | TrainAcc=0.678 | Val(P3)=0.686 | Val(AVO)=0.616
2025-09-29 13:19:40 - No P3-val improvement; patience remaining: 22/50
2025-09-29 13:19:40 - Epoch 33/500 | LR=0.009899 | w_AVO=1.000 | w_P3=2.728 | lambda_MMD=0.300
2025-09-29 13:19:40 - Epoch Summary: TrainLoss=1.2280 | TrainAcc=0.668 | Val(P3)=0.600 | Val(AVO)=0.616
2025-09-29 13:19:40 - No P3-val improvement; patience remaining: 21/50
2025-09-29 13:19:40 - Epoch 34/500 | LR=0.009893 | w_AVO=1.000 | w_P3=2.728 | lambda_MMD=0.300
2025-09-29 13:19:40 - Epoch Summary: TrainLoss=1.2461 | TrainAcc=0.672 | Val(P3)=0.600 | Val(AVO)=0.610
2025-09-29 13:19:40 - No P3-val improvement; patience remaining: 20/50
2025-09-29 13:19:40 - Epoch 35/500 | LR=0.009886 | w_AVO=1.000 | w_P3=2.728 | lambda_MMD=0.300
2025-09-29 13:19:40 - Epoch Summary: TrainLoss=1.2260 | TrainAcc=0.673 | Val(P3)=0.600 | Val(AVO)=0.610
2025-09-29 13:19:40 - No P3-val improvement; patience remaining: 19/50
2025-09-29 13:19:40 - Epoch 36/500 | LR=0.009880 | w_AVO=1.000 | w_P3=2.728 | lambda_MMD=0.300
2025-09-29 13:19:41 - Epoch Summary: TrainLoss=1.1943 | TrainAcc=0.684 | Val(P3)=0.571 | Val(AVO)=0.619
2025-09-29 13:19:41 - No P3-val improvement; patience remaining: 18/50
2025-09-29 13:19:41 - Epoch 37/500 | LR=0.009873 | w_AVO=1.000 | w_P3=2.728 | lambda_MMD=0.300
2025-09-29 13:19:41 - Epoch Summary: TrainLoss=1.1657 | TrainAcc=0.666 | Val(P3)=0.629 | Val(AVO)=0.568
2025-09-29 13:19:41 - No P3-val improvement; patience remaining: 17/50
2025-09-29 13:19:41 - Epoch 38/500 | LR=0.009865 | w_AVO=1.000 | w_P3=2.728 | lambda_MMD=0.300
2025-09-29 13:19:41 - Epoch Summary: TrainLoss=1.1357 | TrainAcc=0.672 | Val(P3)=0.657 | Val(AVO)=0.603
2025-09-29 13:19:41 - No P3-val improvement; patience remaining: 16/50
2025-09-29 13:19:41 - Epoch 39/500 | LR=0.009858 | w_AVO=1.000 | w_P3=2.728 | lambda_MMD=0.300
2025-09-29 13:19:41 - Epoch Summary: TrainLoss=1.1213 | TrainAcc=0.680 | Val(P3)=0.629 | Val(AVO)=0.619
2025-09-29 13:19:41 - No P3-val improvement; patience remaining: 15/50
2025-09-29 13:19:41 - Epoch 40/500 | LR=0.009851 | w_AVO=1.000 | w_P3=2.728 | lambda_MMD=0.300
2025-09-29 13:19:41 - Epoch Summary: TrainLoss=1.1132 | TrainAcc=0.681 | Val(P3)=0.600 | Val(AVO)=0.639
2025-09-29 13:19:41 - No P3-val improvement; patience remaining: 14/50
2025-09-29 13:19:41 - P3 val decreasing 3x. Reducing w_small to 2.183, lambda_MMD to 0.150
2025-09-29 13:19:41 - Epoch 41/500 | LR=0.009843 | w_AVO=1.000 | w_P3=2.183 | lambda_MMD=0.150
2025-09-29 13:19:41 - Epoch Summary: TrainLoss=0.9628 | TrainAcc=0.683 | Val(P3)=0.600 | Val(AVO)=0.597
2025-09-29 13:19:41 - No P3-val improvement; patience remaining: 13/50
2025-09-29 13:19:41 - Epoch 42/500 | LR=0.009835 | w_AVO=1.000 | w_P3=2.728 | lambda_MMD=0.300
2025-09-29 13:19:42 - Epoch Summary: TrainLoss=1.0315 | TrainAcc=0.701 | Val(P3)=0.657 | Val(AVO)=0.558
2025-09-29 13:19:42 - No P3-val improvement; patience remaining: 12/50
2025-09-29 13:19:42 - AVO val decreasing 3x. Reducing lambda_MMD to 0.210
2025-09-29 13:19:42 - Epoch 43/500 | LR=0.009827 | w_AVO=1.000 | w_P3=2.728 | lambda_MMD=0.210
2025-09-29 13:19:42 - Epoch Summary: TrainLoss=1.0511 | TrainAcc=0.678 | Val(P3)=0.600 | Val(AVO)=0.581
2025-09-29 13:19:42 - No P3-val improvement; patience remaining: 11/50
2025-09-29 13:19:42 - Epoch 44/500 | LR=0.009819 | w_AVO=1.000 | w_P3=2.728 | lambda_MMD=0.300
2025-09-29 13:19:42 - Epoch Summary: TrainLoss=1.0296 | TrainAcc=0.693 | Val(P3)=0.657 | Val(AVO)=0.584
2025-09-29 13:19:42 - No P3-val improvement; patience remaining: 10/50
2025-09-29 13:19:42 - Epoch 45/500 | LR=0.009810 | w_AVO=1.000 | w_P3=2.728 | lambda_MMD=0.300
2025-09-29 13:19:42 - Epoch Summary: TrainLoss=0.9874 | TrainAcc=0.697 | Val(P3)=0.571 | Val(AVO)=0.584
2025-09-29 13:19:42 - No P3-val improvement; patience remaining: 9/50
2025-09-29 13:19:42 - Epoch 46/500 | LR=0.009801 | w_AVO=1.000 | w_P3=2.728 | lambda_MMD=0.300
2025-09-29 13:19:42 - Epoch Summary: TrainLoss=1.0178 | TrainAcc=0.694 | Val(P3)=0.629 | Val(AVO)=0.552
2025-09-29 13:19:42 - No P3-val improvement; patience remaining: 8/50
2025-09-29 13:19:42 - Epoch 47/500 | LR=0.009793 | w_AVO=1.000 | w_P3=2.728 | lambda_MMD=0.300
2025-09-29 13:19:42 - Epoch Summary: TrainLoss=1.0010 | TrainAcc=0.689 | Val(P3)=0.600 | Val(AVO)=0.597
2025-09-29 13:19:42 - No P3-val improvement; patience remaining: 7/50
2025-09-29 13:19:42 - Epoch 48/500 | LR=0.009784 | w_AVO=1.000 | w_P3=2.728 | lambda_MMD=0.300
2025-09-29 13:19:43 - Epoch Summary: TrainLoss=0.9726 | TrainAcc=0.694 | Val(P3)=0.657 | Val(AVO)=0.558
2025-09-29 13:19:43 - No P3-val improvement; patience remaining: 6/50
2025-09-29 13:19:43 - Epoch 49/500 | LR=0.009774 | w_AVO=1.000 | w_P3=2.728 | lambda_MMD=0.300
2025-09-29 13:19:43 - Epoch Summary: TrainLoss=0.9635 | TrainAcc=0.703 | Val(P3)=0.657 | Val(AVO)=0.584
2025-09-29 13:19:43 - No P3-val improvement; patience remaining: 5/50
2025-09-29 13:19:43 - Epoch 50/500 | LR=0.009765 | w_AVO=1.000 | w_P3=2.728 | lambda_MMD=0.300
2025-09-29 13:19:43 - Epoch Summary: TrainLoss=0.9238 | TrainAcc=0.710 | Val(P3)=0.657 | Val(AVO)=0.545
2025-09-29 13:19:43 - No P3-val improvement; patience remaining: 4/50
2025-09-29 13:19:43 - Epoch 51/500 | LR=0.009755 | w_AVO=1.000 | w_P3=2.728 | lambda_MMD=0.300
2025-09-29 13:19:43 - Epoch Summary: TrainLoss=0.9218 | TrainAcc=0.713 | Val(P3)=0.714 | Val(AVO)=0.616
2025-09-29 13:19:43 - New best P3-val; checkpoint updated
2025-09-29 13:19:43 - Epoch 52/500 | LR=0.009745 | w_AVO=1.000 | w_P3=2.728 | lambda_MMD=0.300
2025-09-29 13:19:43 - Epoch Summary: TrainLoss=0.9116 | TrainAcc=0.698 | Val(P3)=0.714 | Val(AVO)=0.610
2025-09-29 13:19:43 - No P3-val improvement; patience remaining: 49/50
2025-09-29 13:19:43 - Epoch 53/500 | LR=0.009735 | w_AVO=1.000 | w_P3=2.728 | lambda_MMD=0.300
2025-09-29 13:19:43 - Epoch Summary: TrainLoss=0.9069 | TrainAcc=0.710 | Val(P3)=0.743 | Val(AVO)=0.587
2025-09-29 13:19:43 - New best P3-val; checkpoint updated
2025-09-29 13:19:43 - AVO val decreasing 3x. Reducing lambda_MMD to 0.210
2025-09-29 13:19:43 - Epoch 54/500 | LR=0.009725 | w_AVO=1.000 | w_P3=2.728 | lambda_MMD=0.210
2025-09-29 13:19:44 - Epoch Summary: TrainLoss=0.8737 | TrainAcc=0.714 | Val(P3)=0.686 | Val(AVO)=0.594
2025-09-29 13:19:44 - No P3-val improvement; patience remaining: 49/50
2025-09-29 13:19:44 - Epoch 55/500 | LR=0.009715 | w_AVO=1.000 | w_P3=2.728 | lambda_MMD=0.300
2025-09-29 13:19:44 - Epoch Summary: TrainLoss=0.8944 | TrainAcc=0.708 | Val(P3)=0.686 | Val(AVO)=0.584
2025-09-29 13:19:44 - No P3-val improvement; patience remaining: 48/50
2025-09-29 13:19:44 - Epoch 56/500 | LR=0.009704 | w_AVO=1.000 | w_P3=2.728 | lambda_MMD=0.300
2025-09-29 13:19:44 - Epoch Summary: TrainLoss=0.8511 | TrainAcc=0.722 | Val(P3)=0.686 | Val(AVO)=0.590
2025-09-29 13:19:44 - No P3-val improvement; patience remaining: 47/50
2025-09-29 13:19:44 - Epoch 57/500 | LR=0.009694 | w_AVO=1.000 | w_P3=2.728 | lambda_MMD=0.300
2025-09-29 13:19:44 - Epoch Summary: TrainLoss=0.8557 | TrainAcc=0.719 | Val(P3)=0.600 | Val(AVO)=0.565
2025-09-29 13:19:44 - No P3-val improvement; patience remaining: 46/50
2025-09-29 13:19:44 - Epoch 58/500 | LR=0.009683 | w_AVO=1.000 | w_P3=2.728 | lambda_MMD=0.300
2025-09-29 13:19:44 - Epoch Summary: TrainLoss=0.8501 | TrainAcc=0.707 | Val(P3)=0.657 | Val(AVO)=0.574
2025-09-29 13:19:44 - No P3-val improvement; patience remaining: 45/50
2025-09-29 13:19:44 - Epoch 59/500 | LR=0.009672 | w_AVO=1.000 | w_P3=2.728 | lambda_MMD=0.300
2025-09-29 13:19:44 - Epoch Summary: TrainLoss=0.8817 | TrainAcc=0.712 | Val(P3)=0.714 | Val(AVO)=0.574
2025-09-29 13:19:44 - No P3-val improvement; patience remaining: 44/50
2025-09-29 13:19:44 - Epoch 60/500 | LR=0.009660 | w_AVO=1.000 | w_P3=2.728 | lambda_MMD=0.300
2025-09-29 13:19:45 - Epoch Summary: TrainLoss=0.8411 | TrainAcc=0.712 | Val(P3)=0.686 | Val(AVO)=0.581
2025-09-29 13:19:45 - No P3-val improvement; patience remaining: 43/50
2025-09-29 13:19:45 - Epoch 61/500 | LR=0.009649 | w_AVO=1.000 | w_P3=2.728 | lambda_MMD=0.300
2025-09-29 13:19:45 - Epoch Summary: TrainLoss=0.8337 | TrainAcc=0.725 | Val(P3)=0.714 | Val(AVO)=0.581
2025-09-29 13:19:45 - No P3-val improvement; patience remaining: 42/50
2025-09-29 13:19:45 - Epoch 62/500 | LR=0.009637 | w_AVO=1.000 | w_P3=2.728 | lambda_MMD=0.300
2025-09-29 13:19:45 - Epoch Summary: TrainLoss=0.8294 | TrainAcc=0.721 | Val(P3)=0.657 | Val(AVO)=0.552
2025-09-29 13:19:45 - No P3-val improvement; patience remaining: 41/50
2025-09-29 13:19:45 - Epoch 63/500 | LR=0.009625 | w_AVO=1.000 | w_P3=2.728 | lambda_MMD=0.300
2025-09-29 13:19:45 - Epoch Summary: TrainLoss=0.7943 | TrainAcc=0.727 | Val(P3)=0.657 | Val(AVO)=0.561
2025-09-29 13:19:45 - No P3-val improvement; patience remaining: 40/50
2025-09-29 13:19:45 - Epoch 64/500 | LR=0.009613 | w_AVO=1.000 | w_P3=2.728 | lambda_MMD=0.300
2025-09-29 13:19:45 - Epoch Summary: TrainLoss=0.8088 | TrainAcc=0.724 | Val(P3)=0.714 | Val(AVO)=0.590
2025-09-29 13:19:45 - No P3-val improvement; patience remaining: 39/50
2025-09-29 13:19:45 - Epoch 65/500 | LR=0.009601 | w_AVO=1.000 | w_P3=2.728 | lambda_MMD=0.300
2025-09-29 13:19:46 - Epoch Summary: TrainLoss=0.8414 | TrainAcc=0.713 | Val(P3)=0.714 | Val(AVO)=0.574
2025-09-29 13:19:46 - No P3-val improvement; patience remaining: 38/50
2025-09-29 13:19:46 - Epoch 66/500 | LR=0.009589 | w_AVO=1.000 | w_P3=2.728 | lambda_MMD=0.300
2025-09-29 13:19:46 - Epoch Summary: TrainLoss=0.7825 | TrainAcc=0.740 | Val(P3)=0.714 | Val(AVO)=0.558
2025-09-29 13:19:46 - No P3-val improvement; patience remaining: 37/50
2025-09-29 13:19:46 - AVO val decreasing 3x. Reducing lambda_MMD to 0.210
2025-09-29 13:19:46 - Epoch 67/500 | LR=0.009576 | w_AVO=1.000 | w_P3=2.728 | lambda_MMD=0.210
2025-09-29 13:19:46 - Epoch Summary: TrainLoss=0.7829 | TrainAcc=0.737 | Val(P3)=0.629 | Val(AVO)=0.529
2025-09-29 13:19:46 - No P3-val improvement; patience remaining: 36/50
2025-09-29 13:19:46 - AVO val decreasing 3x. Reducing lambda_MMD to 0.210
2025-09-29 13:19:46 - Epoch 68/500 | LR=0.009563 | w_AVO=1.000 | w_P3=2.728 | lambda_MMD=0.210
2025-09-29 13:19:46 - Epoch Summary: TrainLoss=0.8765 | TrainAcc=0.701 | Val(P3)=0.657 | Val(AVO)=0.616
2025-09-29 13:19:46 - No P3-val improvement; patience remaining: 35/50
2025-09-29 13:19:46 - Epoch 69/500 | LR=0.009551 | w_AVO=1.000 | w_P3=2.728 | lambda_MMD=0.300
2025-09-29 13:19:46 - Epoch Summary: TrainLoss=0.7848 | TrainAcc=0.729 | Val(P3)=0.686 | Val(AVO)=0.565
2025-09-29 13:19:46 - No P3-val improvement; patience remaining: 34/50
2025-09-29 13:19:46 - Epoch 70/500 | LR=0.009537 | w_AVO=1.000 | w_P3=2.728 | lambda_MMD=0.300
2025-09-29 13:19:46 - Epoch Summary: TrainLoss=0.7371 | TrainAcc=0.746 | Val(P3)=0.686 | Val(AVO)=0.610
2025-09-29 13:19:46 - No P3-val improvement; patience remaining: 33/50
2025-09-29 13:19:46 - Epoch 71/500 | LR=0.009524 | w_AVO=1.000 | w_P3=2.728 | lambda_MMD=0.300
2025-09-29 13:19:47 - Epoch Summary: TrainLoss=0.7474 | TrainAcc=0.735 | Val(P3)=0.686 | Val(AVO)=0.671
2025-09-29 13:19:47 - No P3-val improvement; patience remaining: 32/50
2025-09-29 13:19:47 - Epoch 72/500 | LR=0.009511 | w_AVO=1.000 | w_P3=2.728 | lambda_MMD=0.300
2025-09-29 13:19:47 - Epoch Summary: TrainLoss=0.7671 | TrainAcc=0.731 | Val(P3)=0.686 | Val(AVO)=0.565
2025-09-29 13:19:47 - No P3-val improvement; patience remaining: 31/50
2025-09-29 13:19:47 - Epoch 73/500 | LR=0.009497 | w_AVO=1.000 | w_P3=2.728 | lambda_MMD=0.300
2025-09-29 13:19:47 - Epoch Summary: TrainLoss=0.7828 | TrainAcc=0.726 | Val(P3)=0.714 | Val(AVO)=0.600
2025-09-29 13:19:47 - No P3-val improvement; patience remaining: 30/50
2025-09-29 13:19:47 - Epoch 74/500 | LR=0.009483 | w_AVO=1.000 | w_P3=2.728 | lambda_MMD=0.300
2025-09-29 13:19:47 - Epoch Summary: TrainLoss=0.7606 | TrainAcc=0.739 | Val(P3)=0.686 | Val(AVO)=0.594
2025-09-29 13:19:47 - No P3-val improvement; patience remaining: 29/50
2025-09-29 13:19:47 - Epoch 75/500 | LR=0.009469 | w_AVO=1.000 | w_P3=2.728 | lambda_MMD=0.300
2025-09-29 13:19:47 - Epoch Summary: TrainLoss=0.7384 | TrainAcc=0.736 | Val(P3)=0.571 | Val(AVO)=0.568
2025-09-29 13:19:47 - No P3-val improvement; patience remaining: 28/50
2025-09-29 13:19:47 - P3 val decreasing 3x. Reducing w_small to 2.183, lambda_MMD to 0.150
2025-09-29 13:19:47 - AVO val decreasing 3x. Reducing lambda_MMD to 0.105
2025-09-29 13:19:47 - Epoch 76/500 | LR=0.009455 | w_AVO=1.000 | w_P3=2.183 | lambda_MMD=0.105
2025-09-29 13:19:47 - Epoch Summary: TrainLoss=0.6499 | TrainAcc=0.743 | Val(P3)=0.657 | Val(AVO)=0.558
2025-09-29 13:19:47 - No P3-val improvement; patience remaining: 27/50
2025-09-29 13:19:47 - AVO val decreasing 3x. Reducing lambda_MMD to 0.210
2025-09-29 13:19:47 - Epoch 77/500 | LR=0.009441 | w_AVO=1.000 | w_P3=2.728 | lambda_MMD=0.210
2025-09-29 13:19:48 - Epoch Summary: TrainLoss=0.6945 | TrainAcc=0.756 | Val(P3)=0.657 | Val(AVO)=0.574
2025-09-29 13:19:48 - No P3-val improvement; patience remaining: 26/50
2025-09-29 13:19:48 - Epoch 78/500 | LR=0.009426 | w_AVO=1.000 | w_P3=2.728 | lambda_MMD=0.300
2025-09-29 13:19:48 - Epoch Summary: TrainLoss=0.7031 | TrainAcc=0.752 | Val(P3)=0.686 | Val(AVO)=0.639
2025-09-29 13:19:48 - No P3-val improvement; patience remaining: 25/50
2025-09-29 13:19:48 - Epoch 79/500 | LR=0.009411 | w_AVO=1.000 | w_P3=2.728 | lambda_MMD=0.300
2025-09-29 13:19:48 - Epoch Summary: TrainLoss=0.7191 | TrainAcc=0.752 | Val(P3)=0.600 | Val(AVO)=0.594
2025-09-29 13:19:48 - No P3-val improvement; patience remaining: 24/50
2025-09-29 13:19:48 - Epoch 80/500 | LR=0.009397 | w_AVO=1.000 | w_P3=2.728 | lambda_MMD=0.300
2025-09-29 13:19:48 - Epoch Summary: TrainLoss=0.7100 | TrainAcc=0.751 | Val(P3)=0.657 | Val(AVO)=0.632
2025-09-29 13:19:48 - No P3-val improvement; patience remaining: 23/50
2025-09-29 13:19:48 - Epoch 81/500 | LR=0.009382 | w_AVO=1.000 | w_P3=2.728 | lambda_MMD=0.300
2025-09-29 13:19:48 - Epoch Summary: TrainLoss=0.7074 | TrainAcc=0.745 | Val(P3)=0.743 | Val(AVO)=0.558
2025-09-29 13:19:48 - No P3-val improvement; patience remaining: 22/50
2025-09-29 13:19:48 - Epoch 82/500 | LR=0.009366 | w_AVO=1.000 | w_P3=2.728 | lambda_MMD=0.300
2025-09-29 13:19:48 - Epoch Summary: TrainLoss=0.6809 | TrainAcc=0.760 | Val(P3)=0.629 | Val(AVO)=0.584
2025-09-29 13:19:48 - No P3-val improvement; patience remaining: 21/50
2025-09-29 13:19:48 - Epoch 83/500 | LR=0.009351 | w_AVO=1.000 | w_P3=2.728 | lambda_MMD=0.300
2025-09-29 13:19:49 - Epoch Summary: TrainLoss=0.6773 | TrainAcc=0.757 | Val(P3)=0.629 | Val(AVO)=0.532
2025-09-29 13:19:49 - No P3-val improvement; patience remaining: 20/50
2025-09-29 13:19:49 - Epoch 84/500 | LR=0.009335 | w_AVO=1.000 | w_P3=2.728 | lambda_MMD=0.300
2025-09-29 13:19:49 - Epoch Summary: TrainLoss=0.6899 | TrainAcc=0.752 | Val(P3)=0.714 | Val(AVO)=0.571
2025-09-29 13:19:49 - No P3-val improvement; patience remaining: 19/50
2025-09-29 13:19:49 - Epoch 85/500 | LR=0.009320 | w_AVO=1.000 | w_P3=2.728 | lambda_MMD=0.300
2025-09-29 13:19:49 - Epoch Summary: TrainLoss=0.7296 | TrainAcc=0.747 | Val(P3)=0.714 | Val(AVO)=0.590
2025-09-29 13:19:49 - No P3-val improvement; patience remaining: 18/50
2025-09-29 13:19:49 - Epoch 86/500 | LR=0.009304 | w_AVO=1.000 | w_P3=2.728 | lambda_MMD=0.300
2025-09-29 13:19:49 - Epoch Summary: TrainLoss=0.6699 | TrainAcc=0.754 | Val(P3)=0.657 | Val(AVO)=0.616
2025-09-29 13:19:49 - No P3-val improvement; patience remaining: 17/50
2025-09-29 13:19:49 - Epoch 87/500 | LR=0.009288 | w_AVO=1.000 | w_P3=2.728 | lambda_MMD=0.300
2025-09-29 13:19:49 - Epoch Summary: TrainLoss=0.6741 | TrainAcc=0.766 | Val(P3)=0.686 | Val(AVO)=0.552
2025-09-29 13:19:49 - No P3-val improvement; patience remaining: 16/50
2025-09-29 13:19:49 - Epoch 88/500 | LR=0.009271 | w_AVO=1.000 | w_P3=2.728 | lambda_MMD=0.300
2025-09-29 13:19:49 - Epoch Summary: TrainLoss=0.6583 | TrainAcc=0.765 | Val(P3)=0.629 | Val(AVO)=0.542
2025-09-29 13:19:49 - No P3-val improvement; patience remaining: 15/50
2025-09-29 13:19:49 - AVO val decreasing 3x. Reducing lambda_MMD to 0.210
2025-09-29 13:19:49 - Epoch 89/500 | LR=0.009255 | w_AVO=1.000 | w_P3=2.728 | lambda_MMD=0.210
2025-09-29 13:19:50 - Epoch Summary: TrainLoss=0.6967 | TrainAcc=0.742 | Val(P3)=0.629 | Val(AVO)=0.552
2025-09-29 13:19:50 - No P3-val improvement; patience remaining: 14/50
2025-09-29 13:19:50 - Epoch 90/500 | LR=0.009238 | w_AVO=1.000 | w_P3=2.728 | lambda_MMD=0.300
2025-09-29 13:19:50 - Epoch Summary: TrainLoss=0.6645 | TrainAcc=0.768 | Val(P3)=0.629 | Val(AVO)=0.600
2025-09-29 13:19:50 - No P3-val improvement; patience remaining: 13/50
2025-09-29 13:19:50 - Epoch 91/500 | LR=0.009222 | w_AVO=1.000 | w_P3=2.728 | lambda_MMD=0.300
2025-09-29 13:19:50 - Epoch Summary: TrainLoss=0.6669 | TrainAcc=0.777 | Val(P3)=0.686 | Val(AVO)=0.600
2025-09-29 13:19:50 - No P3-val improvement; patience remaining: 12/50
2025-09-29 13:19:50 - Epoch 92/500 | LR=0.009205 | w_AVO=1.000 | w_P3=2.728 | lambda_MMD=0.300
2025-09-29 13:19:50 - Epoch Summary: TrainLoss=0.6580 | TrainAcc=0.770 | Val(P3)=0.686 | Val(AVO)=0.532
2025-09-29 13:19:50 - No P3-val improvement; patience remaining: 11/50
2025-09-29 13:19:50 - Epoch 93/500 | LR=0.009188 | w_AVO=1.000 | w_P3=2.728 | lambda_MMD=0.300
2025-09-29 13:19:50 - Epoch Summary: TrainLoss=0.6768 | TrainAcc=0.762 | Val(P3)=0.657 | Val(AVO)=0.548
2025-09-29 13:19:50 - No P3-val improvement; patience remaining: 10/50
2025-09-29 13:19:50 - Epoch 94/500 | LR=0.009170 | w_AVO=1.000 | w_P3=2.728 | lambda_MMD=0.300
2025-09-29 13:19:51 - Epoch Summary: TrainLoss=0.6311 | TrainAcc=0.776 | Val(P3)=0.629 | Val(AVO)=0.632
2025-09-29 13:19:51 - No P3-val improvement; patience remaining: 9/50
2025-09-29 13:19:51 - P3 val decreasing 3x. Reducing w_small to 2.183, lambda_MMD to 0.150
2025-09-29 13:19:51 - Epoch 95/500 | LR=0.009153 | w_AVO=1.000 | w_P3=2.183 | lambda_MMD=0.150
2025-09-29 13:19:51 - Epoch Summary: TrainLoss=0.5725 | TrainAcc=0.776 | Val(P3)=0.714 | Val(AVO)=0.548
2025-09-29 13:19:51 - No P3-val improvement; patience remaining: 8/50
2025-09-29 13:19:51 - Epoch 96/500 | LR=0.009135 | w_AVO=1.000 | w_P3=2.728 | lambda_MMD=0.300
2025-09-29 13:19:51 - Epoch Summary: TrainLoss=0.6407 | TrainAcc=0.775 | Val(P3)=0.686 | Val(AVO)=0.561
2025-09-29 13:19:51 - No P3-val improvement; patience remaining: 7/50
2025-09-29 13:19:51 - Epoch 97/500 | LR=0.009118 | w_AVO=1.000 | w_P3=2.728 | lambda_MMD=0.300
2025-09-29 13:19:51 - Epoch Summary: TrainLoss=0.6310 | TrainAcc=0.784 | Val(P3)=0.714 | Val(AVO)=0.581
2025-09-29 13:19:51 - No P3-val improvement; patience remaining: 6/50
2025-09-29 13:19:51 - Epoch 98/500 | LR=0.009100 | w_AVO=1.000 | w_P3=2.728 | lambda_MMD=0.300
2025-09-29 13:19:51 - Epoch Summary: TrainLoss=0.6231 | TrainAcc=0.771 | Val(P3)=0.686 | Val(AVO)=0.590
2025-09-29 13:19:51 - No P3-val improvement; patience remaining: 5/50
2025-09-29 13:19:51 - Epoch 99/500 | LR=0.009082 | w_AVO=1.000 | w_P3=2.728 | lambda_MMD=0.300
2025-09-29 13:19:51 - Epoch Summary: TrainLoss=0.6380 | TrainAcc=0.780 | Val(P3)=0.629 | Val(AVO)=0.555
2025-09-29 13:19:51 - No P3-val improvement; patience remaining: 4/50
2025-09-29 13:19:51 - P3 val decreasing 3x. Reducing w_small to 2.183, lambda_MMD to 0.150
2025-09-29 13:19:51 - Epoch 100/500 | LR=0.009063 | w_AVO=1.000 | w_P3=2.183 | lambda_MMD=0.150
2025-09-29 13:19:52 - Epoch Summary: TrainLoss=0.6094 | TrainAcc=0.765 | Val(P3)=0.657 | Val(AVO)=0.668
2025-09-29 13:19:52 - No P3-val improvement; patience remaining: 3/50
2025-09-29 13:19:52 - Epoch 101/500 | LR=0.009045 | w_AVO=1.000 | w_P3=2.728 | lambda_MMD=0.300
2025-09-29 13:19:52 - Epoch Summary: TrainLoss=0.6208 | TrainAcc=0.776 | Val(P3)=0.686 | Val(AVO)=0.613
2025-09-29 13:19:52 - No P3-val improvement; patience remaining: 2/50
2025-09-29 13:19:52 - Epoch 102/500 | LR=0.009027 | w_AVO=1.000 | w_P3=2.728 | lambda_MMD=0.300
2025-09-29 13:19:52 - Epoch Summary: TrainLoss=0.6300 | TrainAcc=0.770 | Val(P3)=0.686 | Val(AVO)=0.571
2025-09-29 13:19:52 - No P3-val improvement; patience remaining: 1/50
2025-09-29 13:19:52 - AVO val decreasing 3x. Reducing lambda_MMD to 0.210
2025-09-29 13:19:52 - Epoch 103/500 | LR=0.009008 | w_AVO=1.000 | w_P3=2.728 | lambda_MMD=0.210
2025-09-29 13:19:52 - Epoch Summary: TrainLoss=0.6103 | TrainAcc=0.764 | Val(P3)=0.686 | Val(AVO)=0.555
2025-09-29 13:19:52 - No P3-val improvement; patience remaining: 0/50
2025-09-29 13:19:52 - Early stopping triggered (P3-val)
2025-09-29 13:19:52 -     P3 Test | Acc=0.5063 P=0.4390 R=0.5294 F1=0.4800 AUC=0.5425 (n=79)
2025-09-29 13:19:52 -     AVO Test | Acc=0.6023 P=0.5646 R=0.9550 F1=0.7097 AUC=0.7170 (n=611)
2025-09-29 13:19:52 -     Overall Test Acc=0.5913
2025-09-29 13:19:52 -   Fold 5/5
2025-09-29 13:19:52 - Fold domains: small=P3 (n=278), large=AVO (n=2137)
2025-09-29 13:19:52 - Auto adjustments (symmetric): w_small≈1.000, lambda_MMD_target=0.300, warmup_epochs=5
2025-09-29 13:19:52 - Epoch 1/500 | LR=0.010000 | w_AVO=1.000 | w_P3=1.355 | lambda_MMD=0.060
2025-09-29 13:19:52 - Epoch Summary: TrainLoss=1.6857 | TrainAcc=0.527 | Val(P3)=0.559 | Val(AVO)=0.531
2025-09-29 13:19:52 - New best P3-val; checkpoint updated
2025-09-29 13:19:52 - Epoch 2/500 | LR=0.010000 | w_AVO=1.000 | w_P3=1.709 | lambda_MMD=0.120
2025-09-29 13:19:52 - Epoch Summary: TrainLoss=1.7740 | TrainAcc=0.584 | Val(P3)=0.471 | Val(AVO)=0.637
2025-09-29 13:19:52 - No P3-val improvement; patience remaining: 49/50
2025-09-29 13:19:52 - Epoch 3/500 | LR=0.010000 | w_AVO=1.000 | w_P3=2.064 | lambda_MMD=0.180
2025-09-29 13:19:53 - Epoch Summary: TrainLoss=1.9688 | TrainAcc=0.587 | Val(P3)=0.441 | Val(AVO)=0.595
2025-09-29 13:19:53 - No P3-val improvement; patience remaining: 48/50
2025-09-29 13:19:53 - P3 val decreasing 3x. Reducing w_small to 1.934, lambda_MMD to 0.120
2025-09-29 13:19:53 - Epoch 4/500 | LR=0.009999 | w_AVO=1.000 | w_P3=1.934 | lambda_MMD=0.120
2025-09-29 13:19:53 - Epoch Summary: TrainLoss=1.8629 | TrainAcc=0.603 | Val(P3)=0.471 | Val(AVO)=0.630
2025-09-29 13:19:53 - No P3-val improvement; patience remaining: 47/50
2025-09-29 13:19:53 - Epoch 5/500 | LR=0.009998 | w_AVO=1.000 | w_P3=2.773 | lambda_MMD=0.300
2025-09-29 13:19:53 - Epoch Summary: TrainLoss=2.3312 | TrainAcc=0.610 | Val(P3)=0.529 | Val(AVO)=0.672
2025-09-29 13:19:53 - No P3-val improvement; patience remaining: 46/50
2025-09-29 13:19:53 - Epoch 6/500 | LR=0.009998 | w_AVO=1.000 | w_P3=2.773 | lambda_MMD=0.300
2025-09-29 13:19:53 - Epoch Summary: TrainLoss=2.2717 | TrainAcc=0.604 | Val(P3)=0.529 | Val(AVO)=0.653
2025-09-29 13:19:53 - No P3-val improvement; patience remaining: 45/50
2025-09-29 13:19:53 - Epoch 7/500 | LR=0.009996 | w_AVO=1.000 | w_P3=2.773 | lambda_MMD=0.300
2025-09-29 13:19:53 - Epoch Summary: TrainLoss=2.2184 | TrainAcc=0.620 | Val(P3)=0.618 | Val(AVO)=0.624
2025-09-29 13:19:53 - New best P3-val; checkpoint updated
2025-09-29 13:19:53 - AVO val decreasing 3x. Reducing lambda_MMD to 0.210
2025-09-29 13:19:53 - Epoch 8/500 | LR=0.009995 | w_AVO=1.000 | w_P3=2.773 | lambda_MMD=0.210
2025-09-29 13:19:53 - Epoch Summary: TrainLoss=2.1752 | TrainAcc=0.619 | Val(P3)=0.559 | Val(AVO)=0.643
2025-09-29 13:19:53 - No P3-val improvement; patience remaining: 49/50
2025-09-29 13:19:53 - Epoch 9/500 | LR=0.009994 | w_AVO=1.000 | w_P3=2.773 | lambda_MMD=0.300
2025-09-29 13:19:54 - Epoch Summary: TrainLoss=2.1353 | TrainAcc=0.630 | Val(P3)=0.588 | Val(AVO)=0.630
2025-09-29 13:19:54 - No P3-val improvement; patience remaining: 48/50
2025-09-29 13:19:54 - Epoch 10/500 | LR=0.009992 | w_AVO=1.000 | w_P3=2.773 | lambda_MMD=0.300
2025-09-29 13:19:54 - Epoch Summary: TrainLoss=2.0784 | TrainAcc=0.615 | Val(P3)=0.588 | Val(AVO)=0.656
2025-09-29 13:19:54 - No P3-val improvement; patience remaining: 47/50
2025-09-29 13:19:54 - Epoch 11/500 | LR=0.009990 | w_AVO=1.000 | w_P3=2.773 | lambda_MMD=0.300
2025-09-29 13:19:54 - Epoch Summary: TrainLoss=2.0523 | TrainAcc=0.634 | Val(P3)=0.706 | Val(AVO)=0.637
2025-09-29 13:19:54 - New best P3-val; checkpoint updated
2025-09-29 13:19:54 - Epoch 12/500 | LR=0.009988 | w_AVO=1.000 | w_P3=2.773 | lambda_MMD=0.300
2025-09-29 13:19:54 - Epoch Summary: TrainLoss=2.0006 | TrainAcc=0.634 | Val(P3)=0.559 | Val(AVO)=0.666
2025-09-29 13:19:54 - No P3-val improvement; patience remaining: 49/50
2025-09-29 13:19:54 - Epoch 13/500 | LR=0.009986 | w_AVO=1.000 | w_P3=2.773 | lambda_MMD=0.300
2025-09-29 13:19:54 - Epoch Summary: TrainLoss=1.9453 | TrainAcc=0.641 | Val(P3)=0.588 | Val(AVO)=0.640
2025-09-29 13:19:54 - No P3-val improvement; patience remaining: 48/50
2025-09-29 13:19:54 - Epoch 14/500 | LR=0.009983 | w_AVO=1.000 | w_P3=2.773 | lambda_MMD=0.300
2025-09-29 13:19:54 - Epoch Summary: TrainLoss=1.9538 | TrainAcc=0.627 | Val(P3)=0.618 | Val(AVO)=0.653
2025-09-29 13:19:54 - No P3-val improvement; patience remaining: 47/50
2025-09-29 13:19:54 - Epoch 15/500 | LR=0.009981 | w_AVO=1.000 | w_P3=2.773 | lambda_MMD=0.300
2025-09-29 13:19:55 - Epoch Summary: TrainLoss=1.8803 | TrainAcc=0.641 | Val(P3)=0.529 | Val(AVO)=0.643
2025-09-29 13:19:55 - No P3-val improvement; patience remaining: 46/50
2025-09-29 13:19:55 - Epoch 16/500 | LR=0.009978 | w_AVO=1.000 | w_P3=2.773 | lambda_MMD=0.300
2025-09-29 13:19:55 - Epoch Summary: TrainLoss=1.8668 | TrainAcc=0.635 | Val(P3)=0.559 | Val(AVO)=0.653
2025-09-29 13:19:55 - No P3-val improvement; patience remaining: 45/50
2025-09-29 13:19:55 - Epoch 17/500 | LR=0.009975 | w_AVO=1.000 | w_P3=2.773 | lambda_MMD=0.300
2025-09-29 13:19:55 - Epoch Summary: TrainLoss=1.9122 | TrainAcc=0.627 | Val(P3)=0.559 | Val(AVO)=0.624
2025-09-29 13:19:55 - No P3-val improvement; patience remaining: 44/50
2025-09-29 13:19:55 - Epoch 18/500 | LR=0.009972 | w_AVO=1.000 | w_P3=2.773 | lambda_MMD=0.300
2025-09-29 13:19:55 - Epoch Summary: TrainLoss=1.7847 | TrainAcc=0.647 | Val(P3)=0.647 | Val(AVO)=0.659
2025-09-29 13:19:55 - No P3-val improvement; patience remaining: 43/50
2025-09-29 13:19:55 - Epoch 19/500 | LR=0.009968 | w_AVO=1.000 | w_P3=2.773 | lambda_MMD=0.300
2025-09-29 13:19:55 - Epoch Summary: TrainLoss=1.7387 | TrainAcc=0.646 | Val(P3)=0.618 | Val(AVO)=0.630
2025-09-29 13:19:55 - No P3-val improvement; patience remaining: 42/50
2025-09-29 13:19:55 - Epoch 20/500 | LR=0.009964 | w_AVO=1.000 | w_P3=2.773 | lambda_MMD=0.300
2025-09-29 13:19:55 - Epoch Summary: TrainLoss=1.7173 | TrainAcc=0.639 | Val(P3)=0.559 | Val(AVO)=0.621
2025-09-29 13:19:55 - No P3-val improvement; patience remaining: 41/50
2025-09-29 13:19:55 - P3 val decreasing 3x. Reducing w_small to 2.218, lambda_MMD to 0.150
2025-09-29 13:19:55 - AVO val decreasing 3x. Reducing lambda_MMD to 0.105
2025-09-29 13:19:55 - Epoch 21/500 | LR=0.009961 | w_AVO=1.000 | w_P3=2.218 | lambda_MMD=0.105
2025-09-29 13:19:56 - Epoch Summary: TrainLoss=1.4792 | TrainAcc=0.652 | Val(P3)=0.588 | Val(AVO)=0.666
2025-09-29 13:19:56 - No P3-val improvement; patience remaining: 40/50
2025-09-29 13:19:56 - Epoch 22/500 | LR=0.009957 | w_AVO=1.000 | w_P3=2.773 | lambda_MMD=0.300
2025-09-29 13:19:56 - Epoch Summary: TrainLoss=1.6449 | TrainAcc=0.657 | Val(P3)=0.529 | Val(AVO)=0.653
2025-09-29 13:19:56 - No P3-val improvement; patience remaining: 39/50
2025-09-29 13:19:56 - Epoch 23/500 | LR=0.009952 | w_AVO=1.000 | w_P3=2.773 | lambda_MMD=0.300
2025-09-29 13:19:56 - Epoch Summary: TrainLoss=1.6300 | TrainAcc=0.652 | Val(P3)=0.618 | Val(AVO)=0.621
2025-09-29 13:19:56 - No P3-val improvement; patience remaining: 38/50
2025-09-29 13:19:56 - AVO val decreasing 3x. Reducing lambda_MMD to 0.210
2025-09-29 13:19:56 - Epoch 24/500 | LR=0.009948 | w_AVO=1.000 | w_P3=2.773 | lambda_MMD=0.210
2025-09-29 13:19:56 - Epoch Summary: TrainLoss=1.5735 | TrainAcc=0.643 | Val(P3)=0.618 | Val(AVO)=0.633
2025-09-29 13:19:56 - No P3-val improvement; patience remaining: 37/50
2025-09-29 13:19:56 - Epoch 25/500 | LR=0.009943 | w_AVO=1.000 | w_P3=2.773 | lambda_MMD=0.300
2025-09-29 13:19:56 - Epoch Summary: TrainLoss=1.5490 | TrainAcc=0.642 | Val(P3)=0.618 | Val(AVO)=0.672
2025-09-29 13:19:56 - No P3-val improvement; patience remaining: 36/50
2025-09-29 13:19:56 - Epoch 26/500 | LR=0.009938 | w_AVO=1.000 | w_P3=2.773 | lambda_MMD=0.300
2025-09-29 13:19:57 - Epoch Summary: TrainLoss=1.5254 | TrainAcc=0.660 | Val(P3)=0.588 | Val(AVO)=0.630
2025-09-29 13:19:57 - No P3-val improvement; patience remaining: 35/50
2025-09-29 13:19:57 - Epoch 27/500 | LR=0.009933 | w_AVO=1.000 | w_P3=2.773 | lambda_MMD=0.300
2025-09-29 13:19:57 - Epoch Summary: TrainLoss=1.4741 | TrainAcc=0.667 | Val(P3)=0.618 | Val(AVO)=0.637
2025-09-29 13:19:57 - No P3-val improvement; patience remaining: 34/50
2025-09-29 13:19:57 - Epoch 28/500 | LR=0.009928 | w_AVO=1.000 | w_P3=2.773 | lambda_MMD=0.300
2025-09-29 13:19:57 - Epoch Summary: TrainLoss=1.4950 | TrainAcc=0.649 | Val(P3)=0.618 | Val(AVO)=0.621
2025-09-29 13:19:57 - No P3-val improvement; patience remaining: 33/50
2025-09-29 13:19:57 - Epoch 29/500 | LR=0.009923 | w_AVO=1.000 | w_P3=2.773 | lambda_MMD=0.300
2025-09-29 13:19:57 - Epoch Summary: TrainLoss=1.4240 | TrainAcc=0.665 | Val(P3)=0.559 | Val(AVO)=0.624
2025-09-29 13:19:57 - No P3-val improvement; patience remaining: 32/50
2025-09-29 13:19:57 - Epoch 30/500 | LR=0.009917 | w_AVO=1.000 | w_P3=2.773 | lambda_MMD=0.300
2025-09-29 13:19:57 - Epoch Summary: TrainLoss=1.3834 | TrainAcc=0.663 | Val(P3)=0.588 | Val(AVO)=0.637
2025-09-29 13:19:57 - No P3-val improvement; patience remaining: 31/50
2025-09-29 13:19:57 - Epoch 31/500 | LR=0.009911 | w_AVO=1.000 | w_P3=2.773 | lambda_MMD=0.300
2025-09-29 13:19:57 - Epoch Summary: TrainLoss=1.4360 | TrainAcc=0.658 | Val(P3)=0.647 | Val(AVO)=0.653
2025-09-29 13:19:57 - No P3-val improvement; patience remaining: 30/50
2025-09-29 13:19:57 - Epoch 32/500 | LR=0.009905 | w_AVO=1.000 | w_P3=2.773 | lambda_MMD=0.300
2025-09-29 13:19:58 - Epoch Summary: TrainLoss=1.3465 | TrainAcc=0.659 | Val(P3)=0.588 | Val(AVO)=0.630
2025-09-29 13:19:58 - No P3-val improvement; patience remaining: 29/50
2025-09-29 13:19:58 - Epoch 33/500 | LR=0.009899 | w_AVO=1.000 | w_P3=2.773 | lambda_MMD=0.300
2025-09-29 13:19:58 - Epoch Summary: TrainLoss=1.3903 | TrainAcc=0.664 | Val(P3)=0.588 | Val(AVO)=0.585
2025-09-29 13:19:58 - No P3-val improvement; patience remaining: 28/50
2025-09-29 13:19:58 - AVO val decreasing 3x. Reducing lambda_MMD to 0.210
2025-09-29 13:19:58 - Epoch 34/500 | LR=0.009893 | w_AVO=1.000 | w_P3=2.773 | lambda_MMD=0.210
2025-09-29 13:19:58 - Epoch Summary: TrainLoss=1.2788 | TrainAcc=0.669 | Val(P3)=0.618 | Val(AVO)=0.640
2025-09-29 13:19:58 - No P3-val improvement; patience remaining: 27/50
2025-09-29 13:19:58 - Epoch 35/500 | LR=0.009886 | w_AVO=1.000 | w_P3=2.773 | lambda_MMD=0.300
2025-09-29 13:19:58 - Epoch Summary: TrainLoss=1.2241 | TrainAcc=0.659 | Val(P3)=0.618 | Val(AVO)=0.669
2025-09-29 13:19:58 - No P3-val improvement; patience remaining: 26/50
2025-09-29 13:19:58 - Epoch 36/500 | LR=0.009880 | w_AVO=1.000 | w_P3=2.773 | lambda_MMD=0.300
2025-09-29 13:19:58 - Epoch Summary: TrainLoss=1.2069 | TrainAcc=0.678 | Val(P3)=0.618 | Val(AVO)=0.643
2025-09-29 13:19:58 - No P3-val improvement; patience remaining: 25/50
2025-09-29 13:19:58 - Epoch 37/500 | LR=0.009873 | w_AVO=1.000 | w_P3=2.773 | lambda_MMD=0.300
2025-09-29 13:19:58 - Epoch Summary: TrainLoss=1.2152 | TrainAcc=0.670 | Val(P3)=0.588 | Val(AVO)=0.659
2025-09-29 13:19:58 - No P3-val improvement; patience remaining: 24/50
2025-09-29 13:19:58 - Epoch 38/500 | LR=0.009865 | w_AVO=1.000 | w_P3=2.773 | lambda_MMD=0.300
2025-09-29 13:19:59 - Epoch Summary: TrainLoss=1.1971 | TrainAcc=0.680 | Val(P3)=0.647 | Val(AVO)=0.643
2025-09-29 13:19:59 - No P3-val improvement; patience remaining: 23/50
2025-09-29 13:19:59 - Epoch 39/500 | LR=0.009858 | w_AVO=1.000 | w_P3=2.773 | lambda_MMD=0.300
2025-09-29 13:19:59 - Epoch Summary: TrainLoss=1.1612 | TrainAcc=0.663 | Val(P3)=0.618 | Val(AVO)=0.650
2025-09-29 13:19:59 - No P3-val improvement; patience remaining: 22/50
2025-09-29 13:19:59 - Epoch 40/500 | LR=0.009851 | w_AVO=1.000 | w_P3=2.773 | lambda_MMD=0.300
2025-09-29 13:19:59 - Epoch Summary: TrainLoss=1.2266 | TrainAcc=0.676 | Val(P3)=0.647 | Val(AVO)=0.650
2025-09-29 13:19:59 - No P3-val improvement; patience remaining: 21/50
2025-09-29 13:19:59 - Epoch 41/500 | LR=0.009843 | w_AVO=1.000 | w_P3=2.773 | lambda_MMD=0.300
2025-09-29 13:19:59 - Epoch Summary: TrainLoss=1.1115 | TrainAcc=0.674 | Val(P3)=0.618 | Val(AVO)=0.653
2025-09-29 13:19:59 - No P3-val improvement; patience remaining: 20/50
2025-09-29 13:19:59 - Epoch 42/500 | LR=0.009835 | w_AVO=1.000 | w_P3=2.773 | lambda_MMD=0.300
2025-09-29 13:19:59 - Epoch Summary: TrainLoss=1.1269 | TrainAcc=0.676 | Val(P3)=0.618 | Val(AVO)=0.598
2025-09-29 13:19:59 - No P3-val improvement; patience remaining: 19/50
2025-09-29 13:19:59 - Epoch 43/500 | LR=0.009827 | w_AVO=1.000 | w_P3=2.773 | lambda_MMD=0.300
2025-09-29 13:19:59 - Epoch Summary: TrainLoss=1.1182 | TrainAcc=0.676 | Val(P3)=0.618 | Val(AVO)=0.630
2025-09-29 13:19:59 - No P3-val improvement; patience remaining: 18/50
2025-09-29 13:19:59 - Epoch 44/500 | LR=0.009819 | w_AVO=1.000 | w_P3=2.773 | lambda_MMD=0.300
2025-09-29 13:20:00 - Epoch Summary: TrainLoss=1.0950 | TrainAcc=0.679 | Val(P3)=0.529 | Val(AVO)=0.637
2025-09-29 13:20:00 - No P3-val improvement; patience remaining: 17/50
2025-09-29 13:20:00 - Epoch 45/500 | LR=0.009810 | w_AVO=1.000 | w_P3=2.773 | lambda_MMD=0.300
2025-09-29 13:20:00 - Epoch Summary: TrainLoss=1.0361 | TrainAcc=0.679 | Val(P3)=0.588 | Val(AVO)=0.659
2025-09-29 13:20:00 - No P3-val improvement; patience remaining: 16/50
2025-09-29 13:20:00 - Epoch 46/500 | LR=0.009801 | w_AVO=1.000 | w_P3=2.773 | lambda_MMD=0.300
2025-09-29 13:20:00 - Epoch Summary: TrainLoss=1.0476 | TrainAcc=0.685 | Val(P3)=0.618 | Val(AVO)=0.675
2025-09-29 13:20:00 - No P3-val improvement; patience remaining: 15/50
2025-09-29 13:20:00 - Epoch 47/500 | LR=0.009793 | w_AVO=1.000 | w_P3=2.773 | lambda_MMD=0.300
2025-09-29 13:20:00 - Epoch Summary: TrainLoss=1.0184 | TrainAcc=0.679 | Val(P3)=0.618 | Val(AVO)=0.605
2025-09-29 13:20:00 - No P3-val improvement; patience remaining: 14/50
2025-09-29 13:20:00 - Epoch 48/500 | LR=0.009784 | w_AVO=1.000 | w_P3=2.773 | lambda_MMD=0.300
2025-09-29 13:20:00 - Epoch Summary: TrainLoss=1.0184 | TrainAcc=0.674 | Val(P3)=0.618 | Val(AVO)=0.688
2025-09-29 13:20:00 - No P3-val improvement; patience remaining: 13/50
2025-09-29 13:20:00 - Epoch 49/500 | LR=0.009774 | w_AVO=1.000 | w_P3=2.773 | lambda_MMD=0.300
2025-09-29 13:20:00 - Epoch Summary: TrainLoss=0.9940 | TrainAcc=0.680 | Val(P3)=0.618 | Val(AVO)=0.682
2025-09-29 13:20:00 - No P3-val improvement; patience remaining: 12/50
2025-09-29 13:20:00 - Epoch 50/500 | LR=0.009765 | w_AVO=1.000 | w_P3=2.773 | lambda_MMD=0.300
2025-09-29 13:20:01 - Epoch Summary: TrainLoss=0.9988 | TrainAcc=0.688 | Val(P3)=0.618 | Val(AVO)=0.646
2025-09-29 13:20:01 - No P3-val improvement; patience remaining: 11/50
2025-09-29 13:20:01 - AVO val decreasing 3x. Reducing lambda_MMD to 0.210
2025-09-29 13:20:01 - Epoch 51/500 | LR=0.009755 | w_AVO=1.000 | w_P3=2.773 | lambda_MMD=0.210
2025-09-29 13:20:01 - Epoch Summary: TrainLoss=0.9395 | TrainAcc=0.698 | Val(P3)=0.676 | Val(AVO)=0.675
2025-09-29 13:20:01 - No P3-val improvement; patience remaining: 10/50
2025-09-29 13:20:01 - Epoch 52/500 | LR=0.009745 | w_AVO=1.000 | w_P3=2.773 | lambda_MMD=0.300
2025-09-29 13:20:01 - Epoch Summary: TrainLoss=0.9341 | TrainAcc=0.700 | Val(P3)=0.588 | Val(AVO)=0.659
2025-09-29 13:20:01 - No P3-val improvement; patience remaining: 9/50
2025-09-29 13:20:01 - Epoch 53/500 | LR=0.009735 | w_AVO=1.000 | w_P3=2.773 | lambda_MMD=0.300
2025-09-29 13:20:01 - Epoch Summary: TrainLoss=0.9554 | TrainAcc=0.699 | Val(P3)=0.559 | Val(AVO)=0.672
2025-09-29 13:20:01 - No P3-val improvement; patience remaining: 8/50
2025-09-29 13:20:01 - P3 val decreasing 3x. Reducing w_small to 2.218, lambda_MMD to 0.150
2025-09-29 13:20:01 - Epoch 54/500 | LR=0.009725 | w_AVO=1.000 | w_P3=2.218 | lambda_MMD=0.150
2025-09-29 13:20:01 - Epoch Summary: TrainLoss=0.8888 | TrainAcc=0.683 | Val(P3)=0.618 | Val(AVO)=0.675
2025-09-29 13:20:01 - No P3-val improvement; patience remaining: 7/50
2025-09-29 13:20:01 - Epoch 55/500 | LR=0.009715 | w_AVO=1.000 | w_P3=2.773 | lambda_MMD=0.300
2025-09-29 13:20:01 - Epoch Summary: TrainLoss=0.9183 | TrainAcc=0.703 | Val(P3)=0.588 | Val(AVO)=0.653
2025-09-29 13:20:01 - No P3-val improvement; patience remaining: 6/50
2025-09-29 13:20:01 - Epoch 56/500 | LR=0.009704 | w_AVO=1.000 | w_P3=2.773 | lambda_MMD=0.300
2025-09-29 13:20:02 - Epoch Summary: TrainLoss=0.8963 | TrainAcc=0.704 | Val(P3)=0.647 | Val(AVO)=0.624
2025-09-29 13:20:02 - No P3-val improvement; patience remaining: 5/50
2025-09-29 13:20:02 - AVO val decreasing 3x. Reducing lambda_MMD to 0.210
2025-09-29 13:20:02 - Epoch 57/500 | LR=0.009694 | w_AVO=1.000 | w_P3=2.773 | lambda_MMD=0.210
2025-09-29 13:20:02 - Epoch Summary: TrainLoss=0.8819 | TrainAcc=0.703 | Val(P3)=0.588 | Val(AVO)=0.695
2025-09-29 13:20:02 - No P3-val improvement; patience remaining: 4/50
2025-09-29 13:20:02 - Epoch 58/500 | LR=0.009683 | w_AVO=1.000 | w_P3=2.773 | lambda_MMD=0.300
2025-09-29 13:20:02 - Epoch Summary: TrainLoss=0.8668 | TrainAcc=0.711 | Val(P3)=0.647 | Val(AVO)=0.701
2025-09-29 13:20:02 - No P3-val improvement; patience remaining: 3/50
2025-09-29 13:20:02 - Epoch 59/500 | LR=0.009672 | w_AVO=1.000 | w_P3=2.773 | lambda_MMD=0.300
2025-09-29 13:20:02 - Epoch Summary: TrainLoss=0.8637 | TrainAcc=0.707 | Val(P3)=0.588 | Val(AVO)=0.688
2025-09-29 13:20:02 - No P3-val improvement; patience remaining: 2/50
2025-09-29 13:20:02 - Epoch 60/500 | LR=0.009660 | w_AVO=1.000 | w_P3=2.773 | lambda_MMD=0.300
2025-09-29 13:20:02 - Epoch Summary: TrainLoss=0.8594 | TrainAcc=0.700 | Val(P3)=0.618 | Val(AVO)=0.675
2025-09-29 13:20:02 - No P3-val improvement; patience remaining: 1/50
2025-09-29 13:20:02 - AVO val decreasing 3x. Reducing lambda_MMD to 0.210
2025-09-29 13:20:02 - Epoch 61/500 | LR=0.009649 | w_AVO=1.000 | w_P3=2.773 | lambda_MMD=0.210
2025-09-29 13:20:02 - Epoch Summary: TrainLoss=0.8568 | TrainAcc=0.708 | Val(P3)=0.588 | Val(AVO)=0.711
2025-09-29 13:20:02 - No P3-val improvement; patience remaining: 0/50
2025-09-29 13:20:02 - Early stopping triggered (P3-val)
2025-09-29 13:20:02 -     P3 Test | Acc=0.6705 P=0.6667 R=0.5854 F1=0.6234 AUC=0.7068 (n=88)
2025-09-29 13:20:02 -     AVO Test | Acc=0.6545 P=0.7051 R=0.5428 F1=0.6134 AUC=0.7300 (n=602)
2025-09-29 13:20:02 -     Overall Test Acc=0.6565
2025-09-29 13:20:02 - Repeat 3/5
2025-09-29 13:20:02 -   Fold 1/5
2025-09-29 13:20:02 - Fold domains: small=P3 (n=267), large=AVO (n=2148)
2025-09-29 13:20:02 - Auto adjustments (symmetric): w_small≈1.000, lambda_MMD_target=0.300, warmup_epochs=5
2025-09-29 13:20:02 - Epoch 1/500 | LR=0.010000 | w_AVO=1.000 | w_P3=1.367 | lambda_MMD=0.060
2025-09-29 13:20:03 - Epoch Summary: TrainLoss=1.7365 | TrainAcc=0.515 | Val(P3)=0.588 | Val(AVO)=0.495
2025-09-29 13:20:03 - New best P3-val; checkpoint updated
2025-09-29 13:20:03 - Epoch 2/500 | LR=0.010000 | w_AVO=1.000 | w_P3=1.735 | lambda_MMD=0.120
2025-09-29 13:20:03 - Epoch Summary: TrainLoss=1.7878 | TrainAcc=0.575 | Val(P3)=0.618 | Val(AVO)=0.550
2025-09-29 13:20:03 - New best P3-val; checkpoint updated
2025-09-29 13:20:03 - Epoch 3/500 | LR=0.010000 | w_AVO=1.000 | w_P3=2.102 | lambda_MMD=0.180
2025-09-29 13:20:03 - Epoch Summary: TrainLoss=1.9955 | TrainAcc=0.576 | Val(P3)=0.735 | Val(AVO)=0.592
2025-09-29 13:20:03 - New best P3-val; checkpoint updated
2025-09-29 13:20:03 - Epoch 4/500 | LR=0.009999 | w_AVO=1.000 | w_P3=2.469 | lambda_MMD=0.240
2025-09-29 13:20:03 - Epoch Summary: TrainLoss=2.2561 | TrainAcc=0.592 | Val(P3)=0.676 | Val(AVO)=0.576
2025-09-29 13:20:03 - No P3-val improvement; patience remaining: 49/50
2025-09-29 13:20:03 - Epoch 5/500 | LR=0.009998 | w_AVO=1.000 | w_P3=2.836 | lambda_MMD=0.300
2025-09-29 13:20:03 - Epoch Summary: TrainLoss=2.4714 | TrainAcc=0.594 | Val(P3)=0.618 | Val(AVO)=0.585
2025-09-29 13:20:03 - No P3-val improvement; patience remaining: 48/50
2025-09-29 13:20:03 - P3 val decreasing 3x. Reducing w_small to 2.269, lambda_MMD to 0.150
2025-09-29 13:20:03 - Epoch 6/500 | LR=0.009998 | w_AVO=1.000 | w_P3=2.269 | lambda_MMD=0.150
2025-09-29 13:20:04 - Epoch Summary: TrainLoss=2.0431 | TrainAcc=0.621 | Val(P3)=0.676 | Val(AVO)=0.598
2025-09-29 13:20:04 - No P3-val improvement; patience remaining: 47/50
2025-09-29 13:20:04 - Epoch 7/500 | LR=0.009996 | w_AVO=1.000 | w_P3=2.836 | lambda_MMD=0.300
2025-09-29 13:20:04 - Epoch Summary: TrainLoss=2.3409 | TrainAcc=0.606 | Val(P3)=0.676 | Val(AVO)=0.556
2025-09-29 13:20:04 - No P3-val improvement; patience remaining: 46/50
2025-09-29 13:20:04 - Epoch 8/500 | LR=0.009995 | w_AVO=1.000 | w_P3=2.836 | lambda_MMD=0.300
2025-09-29 13:20:04 - Epoch Summary: TrainLoss=2.3364 | TrainAcc=0.608 | Val(P3)=0.529 | Val(AVO)=0.556
2025-09-29 13:20:04 - No P3-val improvement; patience remaining: 45/50
2025-09-29 13:20:04 - Epoch 9/500 | LR=0.009994 | w_AVO=1.000 | w_P3=2.836 | lambda_MMD=0.300
2025-09-29 13:20:04 - Epoch Summary: TrainLoss=2.4034 | TrainAcc=0.629 | Val(P3)=0.706 | Val(AVO)=0.563
2025-09-29 13:20:04 - No P3-val improvement; patience remaining: 44/50
2025-09-29 13:20:04 - Epoch 10/500 | LR=0.009992 | w_AVO=1.000 | w_P3=2.836 | lambda_MMD=0.300
2025-09-29 13:20:04 - Epoch Summary: TrainLoss=2.3220 | TrainAcc=0.610 | Val(P3)=0.618 | Val(AVO)=0.556
2025-09-29 13:20:04 - No P3-val improvement; patience remaining: 43/50
2025-09-29 13:20:04 - Epoch 11/500 | LR=0.009990 | w_AVO=1.000 | w_P3=2.836 | lambda_MMD=0.300
2025-09-29 13:20:04 - Epoch Summary: TrainLoss=2.2919 | TrainAcc=0.634 | Val(P3)=0.588 | Val(AVO)=0.553
2025-09-29 13:20:04 - No P3-val improvement; patience remaining: 42/50
2025-09-29 13:20:04 - P3 val decreasing 3x. Reducing w_small to 2.269, lambda_MMD to 0.150
2025-09-29 13:20:04 - AVO val decreasing 3x. Reducing lambda_MMD to 0.105
2025-09-29 13:20:04 - Epoch 12/500 | LR=0.009988 | w_AVO=1.000 | w_P3=2.269 | lambda_MMD=0.105
2025-09-29 13:20:04 - Epoch Summary: TrainLoss=1.9560 | TrainAcc=0.626 | Val(P3)=0.676 | Val(AVO)=0.576
2025-09-29 13:20:04 - No P3-val improvement; patience remaining: 41/50
2025-09-29 13:20:04 - Epoch 13/500 | LR=0.009986 | w_AVO=1.000 | w_P3=2.836 | lambda_MMD=0.300
2025-09-29 13:20:05 - Epoch Summary: TrainLoss=2.2575 | TrainAcc=0.630 | Val(P3)=0.676 | Val(AVO)=0.572
2025-09-29 13:20:05 - No P3-val improvement; patience remaining: 40/50
2025-09-29 13:20:05 - Epoch 14/500 | LR=0.009983 | w_AVO=1.000 | w_P3=2.836 | lambda_MMD=0.300
2025-09-29 13:20:05 - Epoch Summary: TrainLoss=2.2781 | TrainAcc=0.620 | Val(P3)=0.676 | Val(AVO)=0.595
2025-09-29 13:20:05 - No P3-val improvement; patience remaining: 39/50
2025-09-29 13:20:05 - Epoch 15/500 | LR=0.009981 | w_AVO=1.000 | w_P3=2.836 | lambda_MMD=0.300
2025-09-29 13:20:05 - Epoch Summary: TrainLoss=2.1186 | TrainAcc=0.639 | Val(P3)=0.676 | Val(AVO)=0.569
2025-09-29 13:20:05 - No P3-val improvement; patience remaining: 38/50
2025-09-29 13:20:05 - Epoch 16/500 | LR=0.009978 | w_AVO=1.000 | w_P3=2.836 | lambda_MMD=0.300
2025-09-29 13:20:05 - Epoch Summary: TrainLoss=2.1291 | TrainAcc=0.629 | Val(P3)=0.676 | Val(AVO)=0.566
2025-09-29 13:20:05 - No P3-val improvement; patience remaining: 37/50
2025-09-29 13:20:05 - AVO val decreasing 3x. Reducing lambda_MMD to 0.210
2025-09-29 13:20:05 - Epoch 17/500 | LR=0.009975 | w_AVO=1.000 | w_P3=2.836 | lambda_MMD=0.210
2025-09-29 13:20:05 - Epoch Summary: TrainLoss=2.0899 | TrainAcc=0.636 | Val(P3)=0.706 | Val(AVO)=0.592
2025-09-29 13:20:05 - No P3-val improvement; patience remaining: 36/50
2025-09-29 13:20:05 - Epoch 18/500 | LR=0.009972 | w_AVO=1.000 | w_P3=2.836 | lambda_MMD=0.300
2025-09-29 13:20:06 - Epoch Summary: TrainLoss=2.0939 | TrainAcc=0.635 | Val(P3)=0.618 | Val(AVO)=0.550
2025-09-29 13:20:06 - No P3-val improvement; patience remaining: 35/50
2025-09-29 13:20:06 - Epoch 19/500 | LR=0.009968 | w_AVO=1.000 | w_P3=2.836 | lambda_MMD=0.300
2025-09-29 13:20:06 - Epoch Summary: TrainLoss=2.0457 | TrainAcc=0.635 | Val(P3)=0.706 | Val(AVO)=0.563
2025-09-29 13:20:06 - No P3-val improvement; patience remaining: 34/50
2025-09-29 13:20:06 - Epoch 20/500 | LR=0.009964 | w_AVO=1.000 | w_P3=2.836 | lambda_MMD=0.300
2025-09-29 13:20:06 - Epoch Summary: TrainLoss=1.9660 | TrainAcc=0.651 | Val(P3)=0.647 | Val(AVO)=0.556
2025-09-29 13:20:06 - No P3-val improvement; patience remaining: 33/50
2025-09-29 13:20:06 - Epoch 21/500 | LR=0.009961 | w_AVO=1.000 | w_P3=2.836 | lambda_MMD=0.300
2025-09-29 13:20:06 - Epoch Summary: TrainLoss=1.9415 | TrainAcc=0.650 | Val(P3)=0.735 | Val(AVO)=0.556
2025-09-29 13:20:06 - No P3-val improvement; patience remaining: 32/50
2025-09-29 13:20:06 - Epoch 22/500 | LR=0.009957 | w_AVO=1.000 | w_P3=2.836 | lambda_MMD=0.300
2025-09-29 13:20:06 - Epoch Summary: TrainLoss=1.8967 | TrainAcc=0.649 | Val(P3)=0.706 | Val(AVO)=0.556
2025-09-29 13:20:06 - No P3-val improvement; patience remaining: 31/50
2025-09-29 13:20:06 - Epoch 23/500 | LR=0.009952 | w_AVO=1.000 | w_P3=2.836 | lambda_MMD=0.300
2025-09-29 13:20:06 - Epoch Summary: TrainLoss=1.8865 | TrainAcc=0.639 | Val(P3)=0.676 | Val(AVO)=0.601
2025-09-29 13:20:06 - No P3-val improvement; patience remaining: 30/50
2025-09-29 13:20:06 - P3 val decreasing 3x. Reducing w_small to 2.269, lambda_MMD to 0.150
2025-09-29 13:20:06 - Epoch 24/500 | LR=0.009948 | w_AVO=1.000 | w_P3=2.269 | lambda_MMD=0.150
2025-09-29 13:20:07 - Epoch Summary: TrainLoss=1.6362 | TrainAcc=0.645 | Val(P3)=0.647 | Val(AVO)=0.540
2025-09-29 13:20:07 - No P3-val improvement; patience remaining: 29/50
2025-09-29 13:20:07 - P3 val decreasing 3x. Reducing w_small to 2.269, lambda_MMD to 0.150
2025-09-29 13:20:07 - Epoch 25/500 | LR=0.009943 | w_AVO=1.000 | w_P3=2.269 | lambda_MMD=0.150
2025-09-29 13:20:07 - Epoch Summary: TrainLoss=1.5754 | TrainAcc=0.657 | Val(P3)=0.618 | Val(AVO)=0.572
2025-09-29 13:20:07 - No P3-val improvement; patience remaining: 28/50
2025-09-29 13:20:07 - P3 val decreasing 3x. Reducing w_small to 2.269, lambda_MMD to 0.150
2025-09-29 13:20:07 - Epoch 26/500 | LR=0.009938 | w_AVO=1.000 | w_P3=2.269 | lambda_MMD=0.150
2025-09-29 13:20:07 - Epoch Summary: TrainLoss=1.5345 | TrainAcc=0.651 | Val(P3)=0.647 | Val(AVO)=0.595
2025-09-29 13:20:07 - No P3-val improvement; patience remaining: 27/50
2025-09-29 13:20:07 - Epoch 27/500 | LR=0.009933 | w_AVO=1.000 | w_P3=2.836 | lambda_MMD=0.300
2025-09-29 13:20:07 - Epoch Summary: TrainLoss=1.7600 | TrainAcc=0.646 | Val(P3)=0.647 | Val(AVO)=0.531
2025-09-29 13:20:07 - No P3-val improvement; patience remaining: 26/50
2025-09-29 13:20:07 - Epoch 28/500 | LR=0.009928 | w_AVO=1.000 | w_P3=2.836 | lambda_MMD=0.300
2025-09-29 13:20:07 - Epoch Summary: TrainLoss=1.6785 | TrainAcc=0.664 | Val(P3)=0.618 | Val(AVO)=0.559
2025-09-29 13:20:07 - No P3-val improvement; patience remaining: 25/50
2025-09-29 13:20:07 - Epoch 29/500 | LR=0.009923 | w_AVO=1.000 | w_P3=2.836 | lambda_MMD=0.300
2025-09-29 13:20:07 - Epoch Summary: TrainLoss=1.6595 | TrainAcc=0.672 | Val(P3)=0.588 | Val(AVO)=0.572
2025-09-29 13:20:07 - No P3-val improvement; patience remaining: 24/50
2025-09-29 13:20:07 - P3 val decreasing 3x. Reducing w_small to 2.269, lambda_MMD to 0.150
2025-09-29 13:20:07 - Epoch 30/500 | LR=0.009917 | w_AVO=1.000 | w_P3=2.269 | lambda_MMD=0.150
2025-09-29 13:20:08 - Epoch Summary: TrainLoss=1.4396 | TrainAcc=0.654 | Val(P3)=0.618 | Val(AVO)=0.582
2025-09-29 13:20:08 - No P3-val improvement; patience remaining: 23/50
2025-09-29 13:20:08 - Epoch 31/500 | LR=0.009911 | w_AVO=1.000 | w_P3=2.836 | lambda_MMD=0.300
2025-09-29 13:20:08 - Epoch Summary: TrainLoss=1.6007 | TrainAcc=0.669 | Val(P3)=0.676 | Val(AVO)=0.566
2025-09-29 13:20:08 - No P3-val improvement; patience remaining: 22/50
2025-09-29 13:20:08 - Epoch 32/500 | LR=0.009905 | w_AVO=1.000 | w_P3=2.836 | lambda_MMD=0.300
2025-09-29 13:20:08 - Epoch Summary: TrainLoss=1.5450 | TrainAcc=0.664 | Val(P3)=0.618 | Val(AVO)=0.550
2025-09-29 13:20:08 - No P3-val improvement; patience remaining: 21/50
2025-09-29 13:20:08 - AVO val decreasing 3x. Reducing lambda_MMD to 0.210
2025-09-29 13:20:08 - Epoch 33/500 | LR=0.009899 | w_AVO=1.000 | w_P3=2.836 | lambda_MMD=0.210
2025-09-29 13:20:08 - Epoch Summary: TrainLoss=1.6208 | TrainAcc=0.658 | Val(P3)=0.676 | Val(AVO)=0.556
2025-09-29 13:20:08 - No P3-val improvement; patience remaining: 20/50
2025-09-29 13:20:08 - Epoch 34/500 | LR=0.009893 | w_AVO=1.000 | w_P3=2.836 | lambda_MMD=0.300
2025-09-29 13:20:08 - Epoch Summary: TrainLoss=1.5166 | TrainAcc=0.665 | Val(P3)=0.618 | Val(AVO)=0.621
2025-09-29 13:20:08 - No P3-val improvement; patience remaining: 19/50
2025-09-29 13:20:08 - Epoch 35/500 | LR=0.009886 | w_AVO=1.000 | w_P3=2.836 | lambda_MMD=0.300
2025-09-29 13:20:08 - Epoch Summary: TrainLoss=1.5012 | TrainAcc=0.651 | Val(P3)=0.588 | Val(AVO)=0.550
2025-09-29 13:20:08 - No P3-val improvement; patience remaining: 18/50
2025-09-29 13:20:08 - P3 val decreasing 3x. Reducing w_small to 2.269, lambda_MMD to 0.150
2025-09-29 13:20:08 - Epoch 36/500 | LR=0.009880 | w_AVO=1.000 | w_P3=2.269 | lambda_MMD=0.150
2025-09-29 13:20:09 - Epoch Summary: TrainLoss=1.3093 | TrainAcc=0.676 | Val(P3)=0.588 | Val(AVO)=0.547
2025-09-29 13:20:09 - No P3-val improvement; patience remaining: 17/50
2025-09-29 13:20:09 - AVO val decreasing 3x. Reducing lambda_MMD to 0.210
2025-09-29 13:20:09 - Epoch 37/500 | LR=0.009873 | w_AVO=1.000 | w_P3=2.836 | lambda_MMD=0.210
2025-09-29 13:20:09 - Epoch Summary: TrainLoss=1.4998 | TrainAcc=0.669 | Val(P3)=0.706 | Val(AVO)=0.563
2025-09-29 13:20:09 - No P3-val improvement; patience remaining: 16/50
2025-09-29 13:20:09 - Epoch 38/500 | LR=0.009865 | w_AVO=1.000 | w_P3=2.836 | lambda_MMD=0.300
2025-09-29 13:20:09 - Epoch Summary: TrainLoss=1.4038 | TrainAcc=0.669 | Val(P3)=0.647 | Val(AVO)=0.547
2025-09-29 13:20:09 - No P3-val improvement; patience remaining: 15/50
2025-09-29 13:20:09 - Epoch 39/500 | LR=0.009858 | w_AVO=1.000 | w_P3=2.836 | lambda_MMD=0.300
2025-09-29 13:20:09 - Epoch Summary: TrainLoss=1.3784 | TrainAcc=0.669 | Val(P3)=0.618 | Val(AVO)=0.611
2025-09-29 13:20:09 - No P3-val improvement; patience remaining: 14/50
2025-09-29 13:20:09 - P3 val decreasing 3x. Reducing w_small to 2.269, lambda_MMD to 0.150
2025-09-29 13:20:09 - Epoch 40/500 | LR=0.009851 | w_AVO=1.000 | w_P3=2.269 | lambda_MMD=0.150
2025-09-29 13:20:09 - Epoch Summary: TrainLoss=1.2148 | TrainAcc=0.673 | Val(P3)=0.559 | Val(AVO)=0.543
2025-09-29 13:20:09 - No P3-val improvement; patience remaining: 13/50
2025-09-29 13:20:09 - P3 val decreasing 3x. Reducing w_small to 2.269, lambda_MMD to 0.150
2025-09-29 13:20:09 - Epoch 41/500 | LR=0.009843 | w_AVO=1.000 | w_P3=2.269 | lambda_MMD=0.150
2025-09-29 13:20:09 - Epoch Summary: TrainLoss=1.2604 | TrainAcc=0.657 | Val(P3)=0.618 | Val(AVO)=0.547
2025-09-29 13:20:09 - No P3-val improvement; patience remaining: 12/50
2025-09-29 13:20:09 - Epoch 42/500 | LR=0.009835 | w_AVO=1.000 | w_P3=2.836 | lambda_MMD=0.300
2025-09-29 13:20:10 - Epoch Summary: TrainLoss=1.3110 | TrainAcc=0.673 | Val(P3)=0.529 | Val(AVO)=0.595
2025-09-29 13:20:10 - No P3-val improvement; patience remaining: 11/50
2025-09-29 13:20:10 - Epoch 43/500 | LR=0.009827 | w_AVO=1.000 | w_P3=2.836 | lambda_MMD=0.300
2025-09-29 13:20:10 - Epoch Summary: TrainLoss=1.3852 | TrainAcc=0.657 | Val(P3)=0.559 | Val(AVO)=0.611
2025-09-29 13:20:10 - No P3-val improvement; patience remaining: 10/50
2025-09-29 13:20:10 - Epoch 44/500 | LR=0.009819 | w_AVO=1.000 | w_P3=2.836 | lambda_MMD=0.300
2025-09-29 13:20:10 - Epoch Summary: TrainLoss=1.2909 | TrainAcc=0.674 | Val(P3)=0.588 | Val(AVO)=0.559
2025-09-29 13:20:10 - No P3-val improvement; patience remaining: 9/50
2025-09-29 13:20:10 - Epoch 45/500 | LR=0.009810 | w_AVO=1.000 | w_P3=2.836 | lambda_MMD=0.300
2025-09-29 13:20:10 - Epoch Summary: TrainLoss=1.3093 | TrainAcc=0.673 | Val(P3)=0.588 | Val(AVO)=0.563
2025-09-29 13:20:10 - No P3-val improvement; patience remaining: 8/50
2025-09-29 13:20:10 - Epoch 46/500 | LR=0.009801 | w_AVO=1.000 | w_P3=2.836 | lambda_MMD=0.300
2025-09-29 13:20:10 - Epoch Summary: TrainLoss=1.2514 | TrainAcc=0.662 | Val(P3)=0.647 | Val(AVO)=0.537
2025-09-29 13:20:10 - No P3-val improvement; patience remaining: 7/50
2025-09-29 13:20:10 - Epoch 47/500 | LR=0.009793 | w_AVO=1.000 | w_P3=2.836 | lambda_MMD=0.300
2025-09-29 13:20:10 - Epoch Summary: TrainLoss=1.2337 | TrainAcc=0.669 | Val(P3)=0.559 | Val(AVO)=0.524
2025-09-29 13:20:10 - No P3-val improvement; patience remaining: 6/50
2025-09-29 13:20:10 - AVO val decreasing 3x. Reducing lambda_MMD to 0.210
2025-09-29 13:20:10 - Epoch 48/500 | LR=0.009784 | w_AVO=1.000 | w_P3=2.836 | lambda_MMD=0.210
2025-09-29 13:20:11 - Epoch Summary: TrainLoss=1.1758 | TrainAcc=0.676 | Val(P3)=0.647 | Val(AVO)=0.566
2025-09-29 13:20:11 - No P3-val improvement; patience remaining: 5/50
2025-09-29 13:20:11 - Epoch 49/500 | LR=0.009774 | w_AVO=1.000 | w_P3=2.836 | lambda_MMD=0.300
2025-09-29 13:20:11 - Epoch Summary: TrainLoss=1.1268 | TrainAcc=0.689 | Val(P3)=0.588 | Val(AVO)=0.514
2025-09-29 13:20:11 - No P3-val improvement; patience remaining: 4/50
2025-09-29 13:20:11 - Epoch 50/500 | LR=0.009765 | w_AVO=1.000 | w_P3=2.836 | lambda_MMD=0.300
2025-09-29 13:20:11 - Epoch Summary: TrainLoss=1.1526 | TrainAcc=0.688 | Val(P3)=0.559 | Val(AVO)=0.556
2025-09-29 13:20:11 - No P3-val improvement; patience remaining: 3/50
2025-09-29 13:20:11 - P3 val decreasing 3x. Reducing w_small to 2.269, lambda_MMD to 0.150
2025-09-29 13:20:11 - Epoch 51/500 | LR=0.009755 | w_AVO=1.000 | w_P3=2.269 | lambda_MMD=0.150
2025-09-29 13:20:11 - Epoch Summary: TrainLoss=1.0291 | TrainAcc=0.683 | Val(P3)=0.588 | Val(AVO)=0.592
2025-09-29 13:20:11 - No P3-val improvement; patience remaining: 2/50
2025-09-29 13:20:11 - Epoch 52/500 | LR=0.009745 | w_AVO=1.000 | w_P3=2.836 | lambda_MMD=0.300
2025-09-29 13:20:11 - Epoch Summary: TrainLoss=1.0969 | TrainAcc=0.685 | Val(P3)=0.559 | Val(AVO)=0.598
2025-09-29 13:20:11 - No P3-val improvement; patience remaining: 1/50
2025-09-29 13:20:11 - Epoch 53/500 | LR=0.009735 | w_AVO=1.000 | w_P3=2.836 | lambda_MMD=0.300
2025-09-29 13:20:11 - Epoch Summary: TrainLoss=1.0692 | TrainAcc=0.696 | Val(P3)=0.647 | Val(AVO)=0.559
2025-09-29 13:20:11 - No P3-val improvement; patience remaining: 0/50
2025-09-29 13:20:11 - Early stopping triggered (P3-val)
2025-09-29 13:20:11 -     P3 Test | Acc=0.6364 P=0.6444 R=0.5918 F1=0.6170 AUC=0.6543 (n=99)
2025-09-29 13:20:11 -     AVO Test | Acc=0.5787 P=0.6497 R=0.3446 F1=0.4503 AUC=0.6317 (n=591)
2025-09-29 13:20:11 -     Overall Test Acc=0.5870
2025-09-29 13:20:11 -   Fold 2/5
2025-09-29 13:20:11 - Fold domains: small=P3 (n=281), large=AVO (n=2134)
2025-09-29 13:20:11 - Auto adjustments (symmetric): w_small≈1.000, lambda_MMD_target=0.300, warmup_epochs=5
2025-09-29 13:20:11 - Epoch 1/500 | LR=0.010000 | w_AVO=1.000 | w_P3=1.351 | lambda_MMD=0.060
2025-09-29 13:20:12 - Epoch Summary: TrainLoss=1.7179 | TrainAcc=0.522 | Val(P3)=0.559 | Val(AVO)=0.521
2025-09-29 13:20:12 - New best P3-val; checkpoint updated
2025-09-29 13:20:12 - Epoch 2/500 | LR=0.010000 | w_AVO=1.000 | w_P3=1.702 | lambda_MMD=0.120
2025-09-29 13:20:12 - Epoch Summary: TrainLoss=1.8081 | TrainAcc=0.584 | Val(P3)=0.588 | Val(AVO)=0.559
2025-09-29 13:20:12 - New best P3-val; checkpoint updated
2025-09-29 13:20:12 - Epoch 3/500 | LR=0.010000 | w_AVO=1.000 | w_P3=2.053 | lambda_MMD=0.180
2025-09-29 13:20:12 - Epoch Summary: TrainLoss=2.0078 | TrainAcc=0.619 | Val(P3)=0.500 | Val(AVO)=0.608
2025-09-29 13:20:12 - No P3-val improvement; patience remaining: 49/50
2025-09-29 13:20:12 - Epoch 4/500 | LR=0.009999 | w_AVO=1.000 | w_P3=2.405 | lambda_MMD=0.240
2025-09-29 13:20:12 - Epoch Summary: TrainLoss=2.1569 | TrainAcc=0.622 | Val(P3)=0.529 | Val(AVO)=0.633
2025-09-29 13:20:12 - No P3-val improvement; patience remaining: 48/50
2025-09-29 13:20:12 - Epoch 5/500 | LR=0.009998 | w_AVO=1.000 | w_P3=2.756 | lambda_MMD=0.300
2025-09-29 13:20:12 - Epoch Summary: TrainLoss=2.2964 | TrainAcc=0.617 | Val(P3)=0.559 | Val(AVO)=0.601
2025-09-29 13:20:12 - No P3-val improvement; patience remaining: 47/50
2025-09-29 13:20:12 - Epoch 6/500 | LR=0.009998 | w_AVO=1.000 | w_P3=2.756 | lambda_MMD=0.300
2025-09-29 13:20:12 - Epoch Summary: TrainLoss=2.2716 | TrainAcc=0.624 | Val(P3)=0.588 | Val(AVO)=0.601
2025-09-29 13:20:12 - No P3-val improvement; patience remaining: 46/50
2025-09-29 13:20:12 - Epoch 7/500 | LR=0.009996 | w_AVO=1.000 | w_P3=2.756 | lambda_MMD=0.300
2025-09-29 13:20:13 - Epoch Summary: TrainLoss=2.2263 | TrainAcc=0.619 | Val(P3)=0.471 | Val(AVO)=0.614
2025-09-29 13:20:13 - No P3-val improvement; patience remaining: 45/50
2025-09-29 13:20:13 - Epoch 8/500 | LR=0.009995 | w_AVO=1.000 | w_P3=2.756 | lambda_MMD=0.300
2025-09-29 13:20:13 - Epoch Summary: TrainLoss=2.1811 | TrainAcc=0.604 | Val(P3)=0.529 | Val(AVO)=0.588
2025-09-29 13:20:13 - No P3-val improvement; patience remaining: 44/50
2025-09-29 13:20:13 - Epoch 9/500 | LR=0.009994 | w_AVO=1.000 | w_P3=2.756 | lambda_MMD=0.300
2025-09-29 13:20:13 - Epoch Summary: TrainLoss=2.1634 | TrainAcc=0.621 | Val(P3)=0.529 | Val(AVO)=0.637
2025-09-29 13:20:13 - No P3-val improvement; patience remaining: 43/50
2025-09-29 13:20:13 - Epoch 10/500 | LR=0.009992 | w_AVO=1.000 | w_P3=2.756 | lambda_MMD=0.300
2025-09-29 13:20:13 - Epoch Summary: TrainLoss=2.0576 | TrainAcc=0.634 | Val(P3)=0.588 | Val(AVO)=0.633
2025-09-29 13:20:13 - No P3-val improvement; patience remaining: 42/50
2025-09-29 13:20:13 - Epoch 11/500 | LR=0.009990 | w_AVO=1.000 | w_P3=2.756 | lambda_MMD=0.300
2025-09-29 13:20:13 - Epoch Summary: TrainLoss=2.0269 | TrainAcc=0.629 | Val(P3)=0.559 | Val(AVO)=0.621
2025-09-29 13:20:13 - No P3-val improvement; patience remaining: 41/50
2025-09-29 13:20:13 - AVO val decreasing 3x. Reducing lambda_MMD to 0.210
2025-09-29 13:20:13 - Epoch 12/500 | LR=0.009988 | w_AVO=1.000 | w_P3=2.756 | lambda_MMD=0.210
2025-09-29 13:20:13 - Epoch Summary: TrainLoss=2.0101 | TrainAcc=0.633 | Val(P3)=0.441 | Val(AVO)=0.601
2025-09-29 13:20:13 - No P3-val improvement; patience remaining: 40/50
2025-09-29 13:20:13 - P3 val decreasing 3x. Reducing w_small to 2.205, lambda_MMD to 0.150
2025-09-29 13:20:13 - AVO val decreasing 3x. Reducing lambda_MMD to 0.105
2025-09-29 13:20:13 - Epoch 13/500 | LR=0.009986 | w_AVO=1.000 | w_P3=2.205 | lambda_MMD=0.105
2025-09-29 13:20:14 - Epoch Summary: TrainLoss=1.6850 | TrainAcc=0.639 | Val(P3)=0.500 | Val(AVO)=0.611
2025-09-29 13:20:14 - No P3-val improvement; patience remaining: 39/50
2025-09-29 13:20:14 - Epoch 14/500 | LR=0.009983 | w_AVO=1.000 | w_P3=2.756 | lambda_MMD=0.300
2025-09-29 13:20:14 - Epoch Summary: TrainLoss=1.9094 | TrainAcc=0.637 | Val(P3)=0.500 | Val(AVO)=0.601
2025-09-29 13:20:14 - No P3-val improvement; patience remaining: 38/50
2025-09-29 13:20:14 - Epoch 15/500 | LR=0.009981 | w_AVO=1.000 | w_P3=2.756 | lambda_MMD=0.300
2025-09-29 13:20:14 - Epoch Summary: TrainLoss=1.8663 | TrainAcc=0.638 | Val(P3)=0.559 | Val(AVO)=0.595
2025-09-29 13:20:14 - No P3-val improvement; patience remaining: 37/50
2025-09-29 13:20:14 - AVO val decreasing 3x. Reducing lambda_MMD to 0.210
2025-09-29 13:20:14 - Epoch 16/500 | LR=0.009978 | w_AVO=1.000 | w_P3=2.756 | lambda_MMD=0.210
2025-09-29 13:20:14 - Epoch Summary: TrainLoss=1.8112 | TrainAcc=0.640 | Val(P3)=0.529 | Val(AVO)=0.585
2025-09-29 13:20:14 - No P3-val improvement; patience remaining: 36/50
2025-09-29 13:20:14 - AVO val decreasing 3x. Reducing lambda_MMD to 0.210
2025-09-29 13:20:14 - Epoch 17/500 | LR=0.009975 | w_AVO=1.000 | w_P3=2.756 | lambda_MMD=0.210
2025-09-29 13:20:14 - Epoch Summary: TrainLoss=1.7627 | TrainAcc=0.636 | Val(P3)=0.471 | Val(AVO)=0.617
2025-09-29 13:20:14 - No P3-val improvement; patience remaining: 35/50
2025-09-29 13:20:14 - P3 val decreasing 3x. Reducing w_small to 2.205, lambda_MMD to 0.150
2025-09-29 13:20:14 - Epoch 18/500 | LR=0.009972 | w_AVO=1.000 | w_P3=2.205 | lambda_MMD=0.150
2025-09-29 13:20:15 - Epoch Summary: TrainLoss=1.4867 | TrainAcc=0.644 | Val(P3)=0.559 | Val(AVO)=0.592
2025-09-29 13:20:15 - No P3-val improvement; patience remaining: 34/50
2025-09-29 13:20:15 - Epoch 19/500 | LR=0.009968 | w_AVO=1.000 | w_P3=2.756 | lambda_MMD=0.300
2025-09-29 13:20:15 - Epoch Summary: TrainLoss=1.6623 | TrainAcc=0.646 | Val(P3)=0.559 | Val(AVO)=0.617
2025-09-29 13:20:15 - No P3-val improvement; patience remaining: 33/50
2025-09-29 13:20:15 - Epoch 20/500 | LR=0.009964 | w_AVO=1.000 | w_P3=2.756 | lambda_MMD=0.300
2025-09-29 13:20:15 - Epoch Summary: TrainLoss=1.6084 | TrainAcc=0.648 | Val(P3)=0.500 | Val(AVO)=0.621
2025-09-29 13:20:15 - No P3-val improvement; patience remaining: 32/50
2025-09-29 13:20:15 - Epoch 21/500 | LR=0.009961 | w_AVO=1.000 | w_P3=2.756 | lambda_MMD=0.300
2025-09-29 13:20:15 - Epoch Summary: TrainLoss=1.6644 | TrainAcc=0.638 | Val(P3)=0.529 | Val(AVO)=0.617
2025-09-29 13:20:15 - No P3-val improvement; patience remaining: 31/50
2025-09-29 13:20:15 - Epoch 22/500 | LR=0.009957 | w_AVO=1.000 | w_P3=2.756 | lambda_MMD=0.300
2025-09-29 13:20:15 - Epoch Summary: TrainLoss=1.5552 | TrainAcc=0.653 | Val(P3)=0.618 | Val(AVO)=0.556
2025-09-29 13:20:15 - New best P3-val; checkpoint updated
2025-09-29 13:20:15 - AVO val decreasing 3x. Reducing lambda_MMD to 0.210
2025-09-29 13:20:15 - Epoch 23/500 | LR=0.009952 | w_AVO=1.000 | w_P3=2.756 | lambda_MMD=0.210
2025-09-29 13:20:15 - Epoch Summary: TrainLoss=1.5376 | TrainAcc=0.658 | Val(P3)=0.588 | Val(AVO)=0.611
2025-09-29 13:20:15 - No P3-val improvement; patience remaining: 49/50
2025-09-29 13:20:15 - Epoch 24/500 | LR=0.009948 | w_AVO=1.000 | w_P3=2.756 | lambda_MMD=0.300
2025-09-29 13:20:16 - Epoch Summary: TrainLoss=1.5227 | TrainAcc=0.656 | Val(P3)=0.559 | Val(AVO)=0.605
2025-09-29 13:20:16 - No P3-val improvement; patience remaining: 48/50
2025-09-29 13:20:16 - P3 val decreasing 3x. Reducing w_small to 2.205, lambda_MMD to 0.150
2025-09-29 13:20:16 - Epoch 25/500 | LR=0.009943 | w_AVO=1.000 | w_P3=2.205 | lambda_MMD=0.150
2025-09-29 13:20:16 - Epoch Summary: TrainLoss=1.3061 | TrainAcc=0.656 | Val(P3)=0.529 | Val(AVO)=0.617
2025-09-29 13:20:16 - No P3-val improvement; patience remaining: 47/50
2025-09-29 13:20:16 - P3 val decreasing 3x. Reducing w_small to 2.205, lambda_MMD to 0.150
2025-09-29 13:20:16 - Epoch 26/500 | LR=0.009938 | w_AVO=1.000 | w_P3=2.205 | lambda_MMD=0.150
2025-09-29 13:20:16 - Epoch Summary: TrainLoss=1.2989 | TrainAcc=0.659 | Val(P3)=0.588 | Val(AVO)=0.621
2025-09-29 13:20:16 - No P3-val improvement; patience remaining: 46/50
2025-09-29 13:20:16 - Epoch 27/500 | LR=0.009933 | w_AVO=1.000 | w_P3=2.756 | lambda_MMD=0.300
2025-09-29 13:20:16 - Epoch Summary: TrainLoss=1.4287 | TrainAcc=0.658 | Val(P3)=0.647 | Val(AVO)=0.563
2025-09-29 13:20:16 - New best P3-val; checkpoint updated
2025-09-29 13:20:16 - Epoch 28/500 | LR=0.009928 | w_AVO=1.000 | w_P3=2.756 | lambda_MMD=0.300
2025-09-29 13:20:16 - Epoch Summary: TrainLoss=1.4185 | TrainAcc=0.649 | Val(P3)=0.529 | Val(AVO)=0.601
2025-09-29 13:20:16 - No P3-val improvement; patience remaining: 49/50
2025-09-29 13:20:16 - Epoch 29/500 | LR=0.009923 | w_AVO=1.000 | w_P3=2.756 | lambda_MMD=0.300
2025-09-29 13:20:16 - Epoch Summary: TrainLoss=1.4210 | TrainAcc=0.656 | Val(P3)=0.618 | Val(AVO)=0.614
2025-09-29 13:20:16 - No P3-val improvement; patience remaining: 48/50
2025-09-29 13:20:16 - Epoch 30/500 | LR=0.009917 | w_AVO=1.000 | w_P3=2.756 | lambda_MMD=0.300
2025-09-29 13:20:17 - Epoch Summary: TrainLoss=1.3646 | TrainAcc=0.668 | Val(P3)=0.588 | Val(AVO)=0.633
2025-09-29 13:20:17 - No P3-val improvement; patience remaining: 47/50
2025-09-29 13:20:17 - Epoch 31/500 | LR=0.009911 | w_AVO=1.000 | w_P3=2.756 | lambda_MMD=0.300
2025-09-29 13:20:17 - Epoch Summary: TrainLoss=1.3561 | TrainAcc=0.672 | Val(P3)=0.559 | Val(AVO)=0.582
2025-09-29 13:20:17 - No P3-val improvement; patience remaining: 46/50
2025-09-29 13:20:17 - P3 val decreasing 3x. Reducing w_small to 2.205, lambda_MMD to 0.150
2025-09-29 13:20:17 - Epoch 32/500 | LR=0.009905 | w_AVO=1.000 | w_P3=2.205 | lambda_MMD=0.150
2025-09-29 13:20:17 - Epoch Summary: TrainLoss=1.1274 | TrainAcc=0.668 | Val(P3)=0.559 | Val(AVO)=0.598
2025-09-29 13:20:17 - No P3-val improvement; patience remaining: 45/50
2025-09-29 13:20:17 - Epoch 33/500 | LR=0.009899 | w_AVO=1.000 | w_P3=2.756 | lambda_MMD=0.300
2025-09-29 13:20:17 - Epoch Summary: TrainLoss=1.2428 | TrainAcc=0.671 | Val(P3)=0.588 | Val(AVO)=0.592
2025-09-29 13:20:17 - No P3-val improvement; patience remaining: 44/50
2025-09-29 13:20:17 - Epoch 34/500 | LR=0.009893 | w_AVO=1.000 | w_P3=2.756 | lambda_MMD=0.300
2025-09-29 13:20:17 - Epoch Summary: TrainLoss=1.2506 | TrainAcc=0.665 | Val(P3)=0.618 | Val(AVO)=0.598
2025-09-29 13:20:17 - No P3-val improvement; patience remaining: 43/50
2025-09-29 13:20:17 - Epoch 35/500 | LR=0.009886 | w_AVO=1.000 | w_P3=2.756 | lambda_MMD=0.300
2025-09-29 13:20:17 - Epoch Summary: TrainLoss=1.2338 | TrainAcc=0.668 | Val(P3)=0.618 | Val(AVO)=0.563
2025-09-29 13:20:17 - No P3-val improvement; patience remaining: 42/50
2025-09-29 13:20:17 - Epoch 36/500 | LR=0.009880 | w_AVO=1.000 | w_P3=2.756 | lambda_MMD=0.300
2025-09-29 13:20:18 - Epoch Summary: TrainLoss=1.2432 | TrainAcc=0.665 | Val(P3)=0.559 | Val(AVO)=0.608
2025-09-29 13:20:18 - No P3-val improvement; patience remaining: 41/50
2025-09-29 13:20:18 - Epoch 37/500 | LR=0.009873 | w_AVO=1.000 | w_P3=2.756 | lambda_MMD=0.300
2025-09-29 13:20:18 - Epoch Summary: TrainLoss=1.1933 | TrainAcc=0.661 | Val(P3)=0.529 | Val(AVO)=0.585
2025-09-29 13:20:18 - No P3-val improvement; patience remaining: 40/50
2025-09-29 13:20:18 - P3 val decreasing 3x. Reducing w_small to 2.205, lambda_MMD to 0.150
2025-09-29 13:20:18 - Epoch 38/500 | LR=0.009865 | w_AVO=1.000 | w_P3=2.205 | lambda_MMD=0.150
2025-09-29 13:20:18 - Epoch Summary: TrainLoss=1.0435 | TrainAcc=0.679 | Val(P3)=0.529 | Val(AVO)=0.608
2025-09-29 13:20:18 - No P3-val improvement; patience remaining: 39/50
2025-09-29 13:20:18 - Epoch 39/500 | LR=0.009858 | w_AVO=1.000 | w_P3=2.756 | lambda_MMD=0.300
2025-09-29 13:20:18 - Epoch Summary: TrainLoss=1.1779 | TrainAcc=0.660 | Val(P3)=0.618 | Val(AVO)=0.588
2025-09-29 13:20:18 - No P3-val improvement; patience remaining: 38/50
2025-09-29 13:20:18 - Epoch 40/500 | LR=0.009851 | w_AVO=1.000 | w_P3=2.756 | lambda_MMD=0.300
2025-09-29 13:20:18 - Epoch Summary: TrainLoss=1.1806 | TrainAcc=0.678 | Val(P3)=0.618 | Val(AVO)=0.595
2025-09-29 13:20:18 - No P3-val improvement; patience remaining: 37/50
2025-09-29 13:20:18 - Epoch 41/500 | LR=0.009843 | w_AVO=1.000 | w_P3=2.756 | lambda_MMD=0.300
2025-09-29 13:20:18 - Epoch Summary: TrainLoss=1.1316 | TrainAcc=0.677 | Val(P3)=0.618 | Val(AVO)=0.633
2025-09-29 13:20:18 - No P3-val improvement; patience remaining: 36/50
2025-09-29 13:20:18 - Epoch 42/500 | LR=0.009835 | w_AVO=1.000 | w_P3=2.756 | lambda_MMD=0.300
2025-09-29 13:20:19 - Epoch Summary: TrainLoss=1.0713 | TrainAcc=0.683 | Val(P3)=0.588 | Val(AVO)=0.630
2025-09-29 13:20:19 - No P3-val improvement; patience remaining: 35/50
2025-09-29 13:20:19 - Epoch 43/500 | LR=0.009827 | w_AVO=1.000 | w_P3=2.756 | lambda_MMD=0.300
2025-09-29 13:20:19 - Epoch Summary: TrainLoss=1.0673 | TrainAcc=0.683 | Val(P3)=0.588 | Val(AVO)=0.611
2025-09-29 13:20:19 - No P3-val improvement; patience remaining: 34/50
2025-09-29 13:20:19 - AVO val decreasing 3x. Reducing lambda_MMD to 0.210
2025-09-29 13:20:19 - Epoch 44/500 | LR=0.009819 | w_AVO=1.000 | w_P3=2.756 | lambda_MMD=0.210
2025-09-29 13:20:19 - Epoch Summary: TrainLoss=1.0701 | TrainAcc=0.688 | Val(P3)=0.618 | Val(AVO)=0.643
2025-09-29 13:20:19 - No P3-val improvement; patience remaining: 33/50
2025-09-29 13:20:19 - Epoch 45/500 | LR=0.009810 | w_AVO=1.000 | w_P3=2.756 | lambda_MMD=0.300
2025-09-29 13:20:19 - Epoch Summary: TrainLoss=1.0412 | TrainAcc=0.690 | Val(P3)=0.588 | Val(AVO)=0.617
2025-09-29 13:20:19 - No P3-val improvement; patience remaining: 32/50
2025-09-29 13:20:19 - Epoch 46/500 | LR=0.009801 | w_AVO=1.000 | w_P3=2.756 | lambda_MMD=0.300
2025-09-29 13:20:19 - Epoch Summary: TrainLoss=1.0212 | TrainAcc=0.687 | Val(P3)=0.618 | Val(AVO)=0.585
2025-09-29 13:20:19 - No P3-val improvement; patience remaining: 31/50
2025-09-29 13:20:19 - AVO val decreasing 3x. Reducing lambda_MMD to 0.210
2025-09-29 13:20:19 - Epoch 47/500 | LR=0.009793 | w_AVO=1.000 | w_P3=2.756 | lambda_MMD=0.210
2025-09-29 13:20:19 - Epoch Summary: TrainLoss=0.9926 | TrainAcc=0.694 | Val(P3)=0.618 | Val(AVO)=0.633
2025-09-29 13:20:19 - No P3-val improvement; patience remaining: 30/50
2025-09-29 13:20:19 - Epoch 48/500 | LR=0.009784 | w_AVO=1.000 | w_P3=2.756 | lambda_MMD=0.300
2025-09-29 13:20:20 - Epoch Summary: TrainLoss=1.0158 | TrainAcc=0.684 | Val(P3)=0.588 | Val(AVO)=0.608
2025-09-29 13:20:20 - No P3-val improvement; patience remaining: 29/50
2025-09-29 13:20:20 - Epoch 49/500 | LR=0.009774 | w_AVO=1.000 | w_P3=2.756 | lambda_MMD=0.300
2025-09-29 13:20:20 - Epoch Summary: TrainLoss=0.9745 | TrainAcc=0.692 | Val(P3)=0.529 | Val(AVO)=0.588
2025-09-29 13:20:20 - No P3-val improvement; patience remaining: 28/50
2025-09-29 13:20:20 - P3 val decreasing 3x. Reducing w_small to 2.205, lambda_MMD to 0.150
2025-09-29 13:20:20 - AVO val decreasing 3x. Reducing lambda_MMD to 0.105
2025-09-29 13:20:20 - Epoch 50/500 | LR=0.009765 | w_AVO=1.000 | w_P3=2.205 | lambda_MMD=0.105
2025-09-29 13:20:20 - Epoch Summary: TrainLoss=0.8605 | TrainAcc=0.699 | Val(P3)=0.618 | Val(AVO)=0.608
2025-09-29 13:20:20 - No P3-val improvement; patience remaining: 27/50
2025-09-29 13:20:20 - Epoch 51/500 | LR=0.009755 | w_AVO=1.000 | w_P3=2.756 | lambda_MMD=0.300
2025-09-29 13:20:20 - Epoch Summary: TrainLoss=1.0409 | TrainAcc=0.693 | Val(P3)=0.647 | Val(AVO)=0.585
2025-09-29 13:20:20 - No P3-val improvement; patience remaining: 26/50
2025-09-29 13:20:20 - Epoch 52/500 | LR=0.009745 | w_AVO=1.000 | w_P3=2.756 | lambda_MMD=0.300
2025-09-29 13:20:20 - Epoch Summary: TrainLoss=0.9827 | TrainAcc=0.691 | Val(P3)=0.500 | Val(AVO)=0.617
2025-09-29 13:20:20 - No P3-val improvement; patience remaining: 25/50
2025-09-29 13:20:20 - Epoch 53/500 | LR=0.009735 | w_AVO=1.000 | w_P3=2.756 | lambda_MMD=0.300
2025-09-29 13:20:20 - Epoch Summary: TrainLoss=1.0434 | TrainAcc=0.684 | Val(P3)=0.471 | Val(AVO)=0.637
2025-09-29 13:20:20 - No P3-val improvement; patience remaining: 24/50
2025-09-29 13:20:20 - P3 val decreasing 3x. Reducing w_small to 2.205, lambda_MMD to 0.150
2025-09-29 13:20:20 - Epoch 54/500 | LR=0.009725 | w_AVO=1.000 | w_P3=2.205 | lambda_MMD=0.150
2025-09-29 13:20:21 - Epoch Summary: TrainLoss=0.8505 | TrainAcc=0.698 | Val(P3)=0.559 | Val(AVO)=0.608
2025-09-29 13:20:21 - No P3-val improvement; patience remaining: 23/50
2025-09-29 13:20:21 - Epoch 55/500 | LR=0.009715 | w_AVO=1.000 | w_P3=2.756 | lambda_MMD=0.300
2025-09-29 13:20:21 - Epoch Summary: TrainLoss=0.9142 | TrainAcc=0.709 | Val(P3)=0.588 | Val(AVO)=0.614
2025-09-29 13:20:21 - No P3-val improvement; patience remaining: 22/50
2025-09-29 13:20:21 - Epoch 56/500 | LR=0.009704 | w_AVO=1.000 | w_P3=2.756 | lambda_MMD=0.300
2025-09-29 13:20:21 - Epoch Summary: TrainLoss=0.9289 | TrainAcc=0.698 | Val(P3)=0.618 | Val(AVO)=0.611
2025-09-29 13:20:21 - No P3-val improvement; patience remaining: 21/50
2025-09-29 13:20:21 - Epoch 57/500 | LR=0.009694 | w_AVO=1.000 | w_P3=2.756 | lambda_MMD=0.300
2025-09-29 13:20:21 - Epoch Summary: TrainLoss=0.8947 | TrainAcc=0.715 | Val(P3)=0.618 | Val(AVO)=0.621
2025-09-29 13:20:21 - No P3-val improvement; patience remaining: 20/50
2025-09-29 13:20:21 - Epoch 58/500 | LR=0.009683 | w_AVO=1.000 | w_P3=2.756 | lambda_MMD=0.300
2025-09-29 13:20:21 - Epoch Summary: TrainLoss=0.8810 | TrainAcc=0.714 | Val(P3)=0.618 | Val(AVO)=0.627
2025-09-29 13:20:21 - No P3-val improvement; patience remaining: 19/50
2025-09-29 13:20:21 - Epoch 59/500 | LR=0.009672 | w_AVO=1.000 | w_P3=2.756 | lambda_MMD=0.300
2025-09-29 13:20:21 - Epoch Summary: TrainLoss=0.8820 | TrainAcc=0.714 | Val(P3)=0.588 | Val(AVO)=0.614
2025-09-29 13:20:21 - No P3-val improvement; patience remaining: 18/50
2025-09-29 13:20:21 - Epoch 60/500 | LR=0.009660 | w_AVO=1.000 | w_P3=2.756 | lambda_MMD=0.300
2025-09-29 13:20:22 - Epoch Summary: TrainLoss=0.8708 | TrainAcc=0.709 | Val(P3)=0.529 | Val(AVO)=0.637
2025-09-29 13:20:22 - No P3-val improvement; patience remaining: 17/50
2025-09-29 13:20:22 - P3 val decreasing 3x. Reducing w_small to 2.205, lambda_MMD to 0.150
2025-09-29 13:20:22 - Epoch 61/500 | LR=0.009649 | w_AVO=1.000 | w_P3=2.205 | lambda_MMD=0.150
2025-09-29 13:20:22 - Epoch Summary: TrainLoss=0.7871 | TrainAcc=0.716 | Val(P3)=0.588 | Val(AVO)=0.633
2025-09-29 13:20:22 - No P3-val improvement; patience remaining: 16/50
2025-09-29 13:20:22 - Epoch 62/500 | LR=0.009637 | w_AVO=1.000 | w_P3=2.756 | lambda_MMD=0.300
2025-09-29 13:20:22 - Epoch Summary: TrainLoss=0.8911 | TrainAcc=0.707 | Val(P3)=0.588 | Val(AVO)=0.624
2025-09-29 13:20:22 - No P3-val improvement; patience remaining: 15/50
2025-09-29 13:20:22 - AVO val decreasing 3x. Reducing lambda_MMD to 0.210
2025-09-29 13:20:22 - Epoch 63/500 | LR=0.009625 | w_AVO=1.000 | w_P3=2.756 | lambda_MMD=0.210
2025-09-29 13:20:22 - Epoch Summary: TrainLoss=0.8627 | TrainAcc=0.724 | Val(P3)=0.588 | Val(AVO)=0.585
2025-09-29 13:20:22 - No P3-val improvement; patience remaining: 14/50
2025-09-29 13:20:22 - AVO val decreasing 3x. Reducing lambda_MMD to 0.210
2025-09-29 13:20:22 - Epoch 64/500 | LR=0.009613 | w_AVO=1.000 | w_P3=2.756 | lambda_MMD=0.210
2025-09-29 13:20:22 - Epoch Summary: TrainLoss=0.8874 | TrainAcc=0.706 | Val(P3)=0.529 | Val(AVO)=0.633
2025-09-29 13:20:22 - No P3-val improvement; patience remaining: 13/50
2025-09-29 13:20:22 - Epoch 65/500 | LR=0.009601 | w_AVO=1.000 | w_P3=2.756 | lambda_MMD=0.300
2025-09-29 13:20:22 - Epoch Summary: TrainLoss=0.8562 | TrainAcc=0.700 | Val(P3)=0.588 | Val(AVO)=0.630
2025-09-29 13:20:22 - No P3-val improvement; patience remaining: 12/50
2025-09-29 13:20:22 - Epoch 66/500 | LR=0.009589 | w_AVO=1.000 | w_P3=2.756 | lambda_MMD=0.300
2025-09-29 13:20:23 - Epoch Summary: TrainLoss=0.8048 | TrainAcc=0.730 | Val(P3)=0.529 | Val(AVO)=0.611
2025-09-29 13:20:23 - No P3-val improvement; patience remaining: 11/50
2025-09-29 13:20:23 - AVO val decreasing 3x. Reducing lambda_MMD to 0.210
2025-09-29 13:20:23 - Epoch 67/500 | LR=0.009576 | w_AVO=1.000 | w_P3=2.756 | lambda_MMD=0.210
2025-09-29 13:20:23 - Epoch Summary: TrainLoss=0.7805 | TrainAcc=0.726 | Val(P3)=0.588 | Val(AVO)=0.621
2025-09-29 13:20:23 - No P3-val improvement; patience remaining: 10/50
2025-09-29 13:20:23 - Epoch 68/500 | LR=0.009563 | w_AVO=1.000 | w_P3=2.756 | lambda_MMD=0.300
2025-09-29 13:20:23 - Epoch Summary: TrainLoss=0.7854 | TrainAcc=0.739 | Val(P3)=0.529 | Val(AVO)=0.643
2025-09-29 13:20:23 - No P3-val improvement; patience remaining: 9/50
2025-09-29 13:20:23 - Epoch 69/500 | LR=0.009551 | w_AVO=1.000 | w_P3=2.756 | lambda_MMD=0.300
2025-09-29 13:20:23 - Epoch Summary: TrainLoss=0.7897 | TrainAcc=0.725 | Val(P3)=0.529 | Val(AVO)=0.624
2025-09-29 13:20:23 - No P3-val improvement; patience remaining: 8/50
2025-09-29 13:20:23 - Epoch 70/500 | LR=0.009537 | w_AVO=1.000 | w_P3=2.756 | lambda_MMD=0.300
2025-09-29 13:20:23 - Epoch Summary: TrainLoss=0.7613 | TrainAcc=0.730 | Val(P3)=0.559 | Val(AVO)=0.633
2025-09-29 13:20:23 - No P3-val improvement; patience remaining: 7/50
2025-09-29 13:20:23 - Epoch 71/500 | LR=0.009524 | w_AVO=1.000 | w_P3=2.756 | lambda_MMD=0.300
2025-09-29 13:20:23 - Epoch Summary: TrainLoss=0.8082 | TrainAcc=0.726 | Val(P3)=0.529 | Val(AVO)=0.621
2025-09-29 13:20:23 - No P3-val improvement; patience remaining: 6/50
2025-09-29 13:20:23 - Epoch 72/500 | LR=0.009511 | w_AVO=1.000 | w_P3=2.756 | lambda_MMD=0.300
2025-09-29 13:20:24 - Epoch Summary: TrainLoss=0.8282 | TrainAcc=0.722 | Val(P3)=0.588 | Val(AVO)=0.621
2025-09-29 13:20:24 - No P3-val improvement; patience remaining: 5/50
2025-09-29 13:20:24 - Epoch 73/500 | LR=0.009497 | w_AVO=1.000 | w_P3=2.756 | lambda_MMD=0.300
2025-09-29 13:20:24 - Epoch Summary: TrainLoss=0.8456 | TrainAcc=0.718 | Val(P3)=0.500 | Val(AVO)=0.624
2025-09-29 13:20:24 - No P3-val improvement; patience remaining: 4/50
2025-09-29 13:20:24 - Epoch 74/500 | LR=0.009483 | w_AVO=1.000 | w_P3=2.756 | lambda_MMD=0.300
2025-09-29 13:20:24 - Epoch Summary: TrainLoss=0.7751 | TrainAcc=0.735 | Val(P3)=0.588 | Val(AVO)=0.608
2025-09-29 13:20:24 - No P3-val improvement; patience remaining: 3/50
2025-09-29 13:20:24 - Epoch 75/500 | LR=0.009469 | w_AVO=1.000 | w_P3=2.756 | lambda_MMD=0.300
2025-09-29 13:20:24 - Epoch Summary: TrainLoss=0.7616 | TrainAcc=0.733 | Val(P3)=0.559 | Val(AVO)=0.637
2025-09-29 13:20:24 - No P3-val improvement; patience remaining: 2/50
2025-09-29 13:20:24 - Epoch 76/500 | LR=0.009455 | w_AVO=1.000 | w_P3=2.756 | lambda_MMD=0.300
2025-09-29 13:20:24 - Epoch Summary: TrainLoss=0.7635 | TrainAcc=0.730 | Val(P3)=0.500 | Val(AVO)=0.627
2025-09-29 13:20:24 - No P3-val improvement; patience remaining: 1/50
2025-09-29 13:20:24 - P3 val decreasing 3x. Reducing w_small to 2.205, lambda_MMD to 0.150
2025-09-29 13:20:24 - Epoch 77/500 | LR=0.009441 | w_AVO=1.000 | w_P3=2.205 | lambda_MMD=0.150
2025-09-29 13:20:24 - Epoch Summary: TrainLoss=0.6665 | TrainAcc=0.746 | Val(P3)=0.529 | Val(AVO)=0.643
2025-09-29 13:20:24 - No P3-val improvement; patience remaining: 0/50
2025-09-29 13:20:24 - Early stopping triggered (P3-val)
2025-09-29 13:20:25 -     P3 Test | Acc=0.5647 P=0.5897 R=0.5227 F1=0.5542 AUC=0.6131 (n=85)
2025-09-29 13:20:25 -     AVO Test | Acc=0.6579 P=0.6667 R=0.6246 F1=0.6449 AUC=0.7185 (n=605)
2025-09-29 13:20:25 -     Overall Test Acc=0.6464
2025-09-29 13:20:25 -   Fold 3/5
2025-09-29 13:20:25 - Fold domains: small=P3 (n=295), large=AVO (n=2120)
2025-09-29 13:20:25 - Auto adjustments (symmetric): w_small≈1.000, lambda_MMD_target=0.300, warmup_epochs=5
2025-09-29 13:20:25 - Epoch 1/500 | LR=0.010000 | w_AVO=1.000 | w_P3=1.336 | lambda_MMD=0.060
2025-09-29 13:20:25 - Epoch Summary: TrainLoss=1.6944 | TrainAcc=0.525 | Val(P3)=0.595 | Val(AVO)=0.571
2025-09-29 13:20:25 - New best P3-val; checkpoint updated
2025-09-29 13:20:25 - Epoch 2/500 | LR=0.010000 | w_AVO=1.000 | w_P3=1.672 | lambda_MMD=0.120
2025-09-29 13:20:25 - Epoch Summary: TrainLoss=1.7448 | TrainAcc=0.589 | Val(P3)=0.622 | Val(AVO)=0.636
2025-09-29 13:20:25 - New best P3-val; checkpoint updated
2025-09-29 13:20:25 - Epoch 3/500 | LR=0.010000 | w_AVO=1.000 | w_P3=2.008 | lambda_MMD=0.180
2025-09-29 13:20:25 - Epoch Summary: TrainLoss=1.9708 | TrainAcc=0.598 | Val(P3)=0.622 | Val(AVO)=0.633
2025-09-29 13:20:25 - No P3-val improvement; patience remaining: 49/50
2025-09-29 13:20:25 - Epoch 4/500 | LR=0.009999 | w_AVO=1.000 | w_P3=2.345 | lambda_MMD=0.240
2025-09-29 13:20:25 - Epoch Summary: TrainLoss=2.1367 | TrainAcc=0.603 | Val(P3)=0.676 | Val(AVO)=0.623
2025-09-29 13:20:25 - New best P3-val; checkpoint updated
2025-09-29 13:20:25 - AVO val decreasing 3x. Reducing lambda_MMD to 0.210
2025-09-29 13:20:25 - Epoch 5/500 | LR=0.009998 | w_AVO=1.000 | w_P3=2.681 | lambda_MMD=0.210
2025-09-29 13:20:25 - Epoch Summary: TrainLoss=2.3082 | TrainAcc=0.608 | Val(P3)=0.703 | Val(AVO)=0.633
2025-09-29 13:20:25 - New best P3-val; checkpoint updated
2025-09-29 13:20:25 - Epoch 6/500 | LR=0.009998 | w_AVO=1.000 | w_P3=2.681 | lambda_MMD=0.300
2025-09-29 13:20:26 - Epoch Summary: TrainLoss=2.2467 | TrainAcc=0.637 | Val(P3)=0.622 | Val(AVO)=0.636
2025-09-29 13:20:26 - No P3-val improvement; patience remaining: 49/50
2025-09-29 13:20:26 - Epoch 7/500 | LR=0.009996 | w_AVO=1.000 | w_P3=2.681 | lambda_MMD=0.300
2025-09-29 13:20:26 - Epoch Summary: TrainLoss=2.1860 | TrainAcc=0.628 | Val(P3)=0.649 | Val(AVO)=0.591
2025-09-29 13:20:26 - No P3-val improvement; patience remaining: 48/50
2025-09-29 13:20:26 - Epoch 8/500 | LR=0.009995 | w_AVO=1.000 | w_P3=2.681 | lambda_MMD=0.300
2025-09-29 13:20:26 - Epoch Summary: TrainLoss=2.1449 | TrainAcc=0.634 | Val(P3)=0.703 | Val(AVO)=0.607
2025-09-29 13:20:26 - No P3-val improvement; patience remaining: 47/50
2025-09-29 13:20:26 - Epoch 9/500 | LR=0.009994 | w_AVO=1.000 | w_P3=2.681 | lambda_MMD=0.300
2025-09-29 13:20:26 - Epoch Summary: TrainLoss=2.0597 | TrainAcc=0.646 | Val(P3)=0.676 | Val(AVO)=0.623
2025-09-29 13:20:26 - No P3-val improvement; patience remaining: 46/50
2025-09-29 13:20:26 - Epoch 10/500 | LR=0.009992 | w_AVO=1.000 | w_P3=2.681 | lambda_MMD=0.300
2025-09-29 13:20:26 - Epoch Summary: TrainLoss=2.0264 | TrainAcc=0.646 | Val(P3)=0.703 | Val(AVO)=0.584
2025-09-29 13:20:26 - No P3-val improvement; patience remaining: 45/50
2025-09-29 13:20:26 - Epoch 11/500 | LR=0.009990 | w_AVO=1.000 | w_P3=2.681 | lambda_MMD=0.300
2025-09-29 13:20:26 - Epoch Summary: TrainLoss=1.9937 | TrainAcc=0.648 | Val(P3)=0.622 | Val(AVO)=0.588
2025-09-29 13:20:26 - No P3-val improvement; patience remaining: 44/50
2025-09-29 13:20:26 - Epoch 12/500 | LR=0.009988 | w_AVO=1.000 | w_P3=2.681 | lambda_MMD=0.300
2025-09-29 13:20:27 - Epoch Summary: TrainLoss=1.9388 | TrainAcc=0.653 | Val(P3)=0.595 | Val(AVO)=0.617
2025-09-29 13:20:27 - No P3-val improvement; patience remaining: 43/50
2025-09-29 13:20:27 - P3 val decreasing 3x. Reducing w_small to 2.145, lambda_MMD to 0.150
2025-09-29 13:20:27 - Epoch 13/500 | LR=0.009986 | w_AVO=1.000 | w_P3=2.145 | lambda_MMD=0.150
2025-09-29 13:20:27 - Epoch Summary: TrainLoss=1.6434 | TrainAcc=0.650 | Val(P3)=0.703 | Val(AVO)=0.601
2025-09-29 13:20:27 - No P3-val improvement; patience remaining: 42/50
2025-09-29 13:20:27 - Epoch 14/500 | LR=0.009983 | w_AVO=1.000 | w_P3=2.681 | lambda_MMD=0.300
2025-09-29 13:20:27 - Epoch Summary: TrainLoss=1.8811 | TrainAcc=0.652 | Val(P3)=0.541 | Val(AVO)=0.578
2025-09-29 13:20:27 - No P3-val improvement; patience remaining: 41/50
2025-09-29 13:20:27 - AVO val decreasing 3x. Reducing lambda_MMD to 0.210
2025-09-29 13:20:27 - Epoch 15/500 | LR=0.009981 | w_AVO=1.000 | w_P3=2.681 | lambda_MMD=0.210
2025-09-29 13:20:27 - Epoch Summary: TrainLoss=1.8038 | TrainAcc=0.659 | Val(P3)=0.730 | Val(AVO)=0.549
2025-09-29 13:20:27 - New best P3-val; checkpoint updated
2025-09-29 13:20:27 - AVO val decreasing 3x. Reducing lambda_MMD to 0.210
2025-09-29 13:20:27 - Epoch 16/500 | LR=0.009978 | w_AVO=1.000 | w_P3=2.681 | lambda_MMD=0.210
2025-09-29 13:20:27 - Epoch Summary: TrainLoss=1.7461 | TrainAcc=0.665 | Val(P3)=0.649 | Val(AVO)=0.578
2025-09-29 13:20:27 - No P3-val improvement; patience remaining: 49/50
2025-09-29 13:20:27 - Epoch 17/500 | LR=0.009975 | w_AVO=1.000 | w_P3=2.681 | lambda_MMD=0.300
2025-09-29 13:20:27 - Epoch Summary: TrainLoss=1.6951 | TrainAcc=0.663 | Val(P3)=0.622 | Val(AVO)=0.610
2025-09-29 13:20:27 - No P3-val improvement; patience remaining: 48/50
2025-09-29 13:20:27 - P3 val decreasing 3x. Reducing w_small to 2.145, lambda_MMD to 0.150
2025-09-29 13:20:27 - Epoch 18/500 | LR=0.009972 | w_AVO=1.000 | w_P3=2.145 | lambda_MMD=0.150
2025-09-29 13:20:28 - Epoch Summary: TrainLoss=1.4437 | TrainAcc=0.662 | Val(P3)=0.676 | Val(AVO)=0.601
2025-09-29 13:20:28 - No P3-val improvement; patience remaining: 47/50
2025-09-29 13:20:28 - Epoch 19/500 | LR=0.009968 | w_AVO=1.000 | w_P3=2.681 | lambda_MMD=0.300
2025-09-29 13:20:28 - Epoch Summary: TrainLoss=1.6430 | TrainAcc=0.673 | Val(P3)=0.703 | Val(AVO)=0.578
2025-09-29 13:20:28 - No P3-val improvement; patience remaining: 46/50
2025-09-29 13:20:28 - AVO val decreasing 3x. Reducing lambda_MMD to 0.210
2025-09-29 13:20:28 - Epoch 20/500 | LR=0.009964 | w_AVO=1.000 | w_P3=2.681 | lambda_MMD=0.210
2025-09-29 13:20:28 - Epoch Summary: TrainLoss=1.5801 | TrainAcc=0.664 | Val(P3)=0.649 | Val(AVO)=0.562
2025-09-29 13:20:28 - No P3-val improvement; patience remaining: 45/50
2025-09-29 13:20:28 - AVO val decreasing 3x. Reducing lambda_MMD to 0.210
2025-09-29 13:20:28 - Epoch 21/500 | LR=0.009961 | w_AVO=1.000 | w_P3=2.681 | lambda_MMD=0.210
2025-09-29 13:20:28 - Epoch Summary: TrainLoss=1.5442 | TrainAcc=0.678 | Val(P3)=0.757 | Val(AVO)=0.591
2025-09-29 13:20:28 - New best P3-val; checkpoint updated
2025-09-29 13:20:28 - Epoch 22/500 | LR=0.009957 | w_AVO=1.000 | w_P3=2.681 | lambda_MMD=0.300
2025-09-29 13:20:28 - Epoch Summary: TrainLoss=1.5063 | TrainAcc=0.674 | Val(P3)=0.757 | Val(AVO)=0.581
2025-09-29 13:20:28 - No P3-val improvement; patience remaining: 49/50
2025-09-29 13:20:28 - Epoch 23/500 | LR=0.009952 | w_AVO=1.000 | w_P3=2.681 | lambda_MMD=0.300
2025-09-29 13:20:29 - Epoch Summary: TrainLoss=1.4524 | TrainAcc=0.671 | Val(P3)=0.730 | Val(AVO)=0.588
2025-09-29 13:20:29 - No P3-val improvement; patience remaining: 48/50
2025-09-29 13:20:29 - Epoch 24/500 | LR=0.009948 | w_AVO=1.000 | w_P3=2.681 | lambda_MMD=0.300
2025-09-29 13:20:29 - Epoch Summary: TrainLoss=1.4369 | TrainAcc=0.678 | Val(P3)=0.649 | Val(AVO)=0.558
2025-09-29 13:20:29 - No P3-val improvement; patience remaining: 47/50
2025-09-29 13:20:29 - P3 val decreasing 3x. Reducing w_small to 2.145, lambda_MMD to 0.150
2025-09-29 13:20:29 - Epoch 25/500 | LR=0.009943 | w_AVO=1.000 | w_P3=2.145 | lambda_MMD=0.150
2025-09-29 13:20:29 - Epoch Summary: TrainLoss=1.2273 | TrainAcc=0.684 | Val(P3)=0.649 | Val(AVO)=0.571
2025-09-29 13:20:29 - No P3-val improvement; patience remaining: 46/50
2025-09-29 13:20:29 - Epoch 26/500 | LR=0.009938 | w_AVO=1.000 | w_P3=2.681 | lambda_MMD=0.300
2025-09-29 13:20:29 - Epoch Summary: TrainLoss=1.3520 | TrainAcc=0.681 | Val(P3)=0.730 | Val(AVO)=0.571
2025-09-29 13:20:29 - No P3-val improvement; patience remaining: 45/50
2025-09-29 13:20:29 - Epoch 27/500 | LR=0.009933 | w_AVO=1.000 | w_P3=2.681 | lambda_MMD=0.300
2025-09-29 13:20:29 - Epoch Summary: TrainLoss=1.3532 | TrainAcc=0.688 | Val(P3)=0.703 | Val(AVO)=0.584
2025-09-29 13:20:29 - No P3-val improvement; patience remaining: 44/50
2025-09-29 13:20:29 - Epoch 28/500 | LR=0.009928 | w_AVO=1.000 | w_P3=2.681 | lambda_MMD=0.300
2025-09-29 13:20:29 - Epoch Summary: TrainLoss=1.3029 | TrainAcc=0.688 | Val(P3)=0.730 | Val(AVO)=0.562
2025-09-29 13:20:29 - No P3-val improvement; patience remaining: 43/50
2025-09-29 13:20:29 - Epoch 29/500 | LR=0.009923 | w_AVO=1.000 | w_P3=2.681 | lambda_MMD=0.300
2025-09-29 13:20:30 - Epoch Summary: TrainLoss=1.3217 | TrainAcc=0.680 | Val(P3)=0.595 | Val(AVO)=0.558
2025-09-29 13:20:30 - No P3-val improvement; patience remaining: 42/50
2025-09-29 13:20:30 - AVO val decreasing 3x. Reducing lambda_MMD to 0.210
2025-09-29 13:20:30 - Epoch 30/500 | LR=0.009917 | w_AVO=1.000 | w_P3=2.681 | lambda_MMD=0.210
2025-09-29 13:20:30 - Epoch Summary: TrainLoss=1.2865 | TrainAcc=0.686 | Val(P3)=0.703 | Val(AVO)=0.601
2025-09-29 13:20:30 - No P3-val improvement; patience remaining: 41/50
2025-09-29 13:20:30 - Epoch 31/500 | LR=0.009911 | w_AVO=1.000 | w_P3=2.681 | lambda_MMD=0.300
2025-09-29 13:20:30 - Epoch Summary: TrainLoss=1.2366 | TrainAcc=0.691 | Val(P3)=0.757 | Val(AVO)=0.581
2025-09-29 13:20:30 - No P3-val improvement; patience remaining: 40/50
2025-09-29 13:20:30 - Epoch 32/500 | LR=0.009905 | w_AVO=1.000 | w_P3=2.681 | lambda_MMD=0.300
2025-09-29 13:20:30 - Epoch Summary: TrainLoss=1.1706 | TrainAcc=0.693 | Val(P3)=0.568 | Val(AVO)=0.571
2025-09-29 13:20:30 - No P3-val improvement; patience remaining: 39/50
2025-09-29 13:20:30 - AVO val decreasing 3x. Reducing lambda_MMD to 0.210
2025-09-29 13:20:30 - Epoch 33/500 | LR=0.009899 | w_AVO=1.000 | w_P3=2.681 | lambda_MMD=0.210
2025-09-29 13:20:30 - Epoch Summary: TrainLoss=1.1589 | TrainAcc=0.686 | Val(P3)=0.703 | Val(AVO)=0.568
2025-09-29 13:20:30 - No P3-val improvement; patience remaining: 38/50
2025-09-29 13:20:30 - AVO val decreasing 3x. Reducing lambda_MMD to 0.210
2025-09-29 13:20:30 - Epoch 34/500 | LR=0.009893 | w_AVO=1.000 | w_P3=2.681 | lambda_MMD=0.210
2025-09-29 13:20:30 - Epoch Summary: TrainLoss=1.1427 | TrainAcc=0.697 | Val(P3)=0.676 | Val(AVO)=0.591
2025-09-29 13:20:30 - No P3-val improvement; patience remaining: 37/50
2025-09-29 13:20:30 - Epoch 35/500 | LR=0.009886 | w_AVO=1.000 | w_P3=2.681 | lambda_MMD=0.300
2025-09-29 13:20:31 - Epoch Summary: TrainLoss=1.1248 | TrainAcc=0.695 | Val(P3)=0.676 | Val(AVO)=0.584
2025-09-29 13:20:31 - No P3-val improvement; patience remaining: 36/50
2025-09-29 13:20:31 - Epoch 36/500 | LR=0.009880 | w_AVO=1.000 | w_P3=2.681 | lambda_MMD=0.300
2025-09-29 13:20:31 - Epoch Summary: TrainLoss=1.1014 | TrainAcc=0.687 | Val(P3)=0.649 | Val(AVO)=0.568
2025-09-29 13:20:31 - No P3-val improvement; patience remaining: 35/50
2025-09-29 13:20:31 - AVO val decreasing 3x. Reducing lambda_MMD to 0.210
2025-09-29 13:20:31 - Epoch 37/500 | LR=0.009873 | w_AVO=1.000 | w_P3=2.681 | lambda_MMD=0.210
2025-09-29 13:20:31 - Epoch Summary: TrainLoss=1.0779 | TrainAcc=0.701 | Val(P3)=0.649 | Val(AVO)=0.571
2025-09-29 13:20:31 - No P3-val improvement; patience remaining: 34/50
2025-09-29 13:20:31 - Epoch 38/500 | LR=0.009865 | w_AVO=1.000 | w_P3=2.681 | lambda_MMD=0.300
2025-09-29 13:20:31 - Epoch Summary: TrainLoss=1.0795 | TrainAcc=0.700 | Val(P3)=0.676 | Val(AVO)=0.568
2025-09-29 13:20:31 - No P3-val improvement; patience remaining: 33/50
2025-09-29 13:20:31 - Epoch 39/500 | LR=0.009858 | w_AVO=1.000 | w_P3=2.681 | lambda_MMD=0.300
2025-09-29 13:20:31 - Epoch Summary: TrainLoss=1.0253 | TrainAcc=0.699 | Val(P3)=0.730 | Val(AVO)=0.575
2025-09-29 13:20:31 - No P3-val improvement; patience remaining: 32/50
2025-09-29 13:20:31 - Epoch 40/500 | LR=0.009851 | w_AVO=1.000 | w_P3=2.681 | lambda_MMD=0.300
2025-09-29 13:20:31 - Epoch Summary: TrainLoss=1.0166 | TrainAcc=0.702 | Val(P3)=0.676 | Val(AVO)=0.571
2025-09-29 13:20:31 - No P3-val improvement; patience remaining: 31/50
2025-09-29 13:20:31 - Epoch 41/500 | LR=0.009843 | w_AVO=1.000 | w_P3=2.681 | lambda_MMD=0.300
2025-09-29 13:20:32 - Epoch Summary: TrainLoss=0.9885 | TrainAcc=0.710 | Val(P3)=0.730 | Val(AVO)=0.588
2025-09-29 13:20:32 - No P3-val improvement; patience remaining: 30/50
2025-09-29 13:20:32 - Epoch 42/500 | LR=0.009835 | w_AVO=1.000 | w_P3=2.681 | lambda_MMD=0.300
2025-09-29 13:20:32 - Epoch Summary: TrainLoss=0.9749 | TrainAcc=0.717 | Val(P3)=0.568 | Val(AVO)=0.565
2025-09-29 13:20:32 - No P3-val improvement; patience remaining: 29/50
2025-09-29 13:20:32 - Epoch 43/500 | LR=0.009827 | w_AVO=1.000 | w_P3=2.681 | lambda_MMD=0.300
2025-09-29 13:20:32 - Epoch Summary: TrainLoss=0.9936 | TrainAcc=0.714 | Val(P3)=0.703 | Val(AVO)=0.578
2025-09-29 13:20:32 - No P3-val improvement; patience remaining: 28/50
2025-09-29 13:20:32 - Epoch 44/500 | LR=0.009819 | w_AVO=1.000 | w_P3=2.681 | lambda_MMD=0.300
2025-09-29 13:20:32 - Epoch Summary: TrainLoss=0.9520 | TrainAcc=0.708 | Val(P3)=0.730 | Val(AVO)=0.594
2025-09-29 13:20:32 - No P3-val improvement; patience remaining: 27/50
2025-09-29 13:20:32 - Epoch 45/500 | LR=0.009810 | w_AVO=1.000 | w_P3=2.681 | lambda_MMD=0.300
2025-09-29 13:20:32 - Epoch Summary: TrainLoss=0.9110 | TrainAcc=0.720 | Val(P3)=0.622 | Val(AVO)=0.597
2025-09-29 13:20:32 - No P3-val improvement; patience remaining: 26/50
2025-09-29 13:20:32 - Epoch 46/500 | LR=0.009801 | w_AVO=1.000 | w_P3=2.681 | lambda_MMD=0.300
2025-09-29 13:20:33 - Epoch Summary: TrainLoss=0.9303 | TrainAcc=0.711 | Val(P3)=0.703 | Val(AVO)=0.604
2025-09-29 13:20:33 - No P3-val improvement; patience remaining: 25/50
2025-09-29 13:20:33 - Epoch 47/500 | LR=0.009793 | w_AVO=1.000 | w_P3=2.681 | lambda_MMD=0.300
2025-09-29 13:20:33 - Epoch Summary: TrainLoss=0.9032 | TrainAcc=0.723 | Val(P3)=0.703 | Val(AVO)=0.601
2025-09-29 13:20:33 - No P3-val improvement; patience remaining: 24/50
2025-09-29 13:20:33 - Epoch 48/500 | LR=0.009784 | w_AVO=1.000 | w_P3=2.681 | lambda_MMD=0.300
2025-09-29 13:20:33 - Epoch Summary: TrainLoss=0.8792 | TrainAcc=0.719 | Val(P3)=0.703 | Val(AVO)=0.601
2025-09-29 13:20:33 - No P3-val improvement; patience remaining: 23/50
2025-09-29 13:20:33 - Epoch 49/500 | LR=0.009774 | w_AVO=1.000 | w_P3=2.681 | lambda_MMD=0.300
2025-09-29 13:20:33 - Epoch Summary: TrainLoss=0.8493 | TrainAcc=0.731 | Val(P3)=0.757 | Val(AVO)=0.591
2025-09-29 13:20:33 - No P3-val improvement; patience remaining: 22/50
2025-09-29 13:20:33 - Epoch 50/500 | LR=0.009765 | w_AVO=1.000 | w_P3=2.681 | lambda_MMD=0.300
2025-09-29 13:20:33 - Epoch Summary: TrainLoss=0.8869 | TrainAcc=0.717 | Val(P3)=0.730 | Val(AVO)=0.575
2025-09-29 13:20:33 - No P3-val improvement; patience remaining: 21/50
2025-09-29 13:20:33 - AVO val decreasing 3x. Reducing lambda_MMD to 0.210
2025-09-29 13:20:33 - Epoch 51/500 | LR=0.009755 | w_AVO=1.000 | w_P3=2.681 | lambda_MMD=0.210
2025-09-29 13:20:33 - Epoch Summary: TrainLoss=0.8782 | TrainAcc=0.719 | Val(P3)=0.730 | Val(AVO)=0.581
2025-09-29 13:20:33 - No P3-val improvement; patience remaining: 20/50
2025-09-29 13:20:33 - Epoch 52/500 | LR=0.009745 | w_AVO=1.000 | w_P3=2.681 | lambda_MMD=0.300
2025-09-29 13:20:34 - Epoch Summary: TrainLoss=0.8591 | TrainAcc=0.730 | Val(P3)=0.649 | Val(AVO)=0.614
2025-09-29 13:20:34 - No P3-val improvement; patience remaining: 19/50
2025-09-29 13:20:34 - Epoch 53/500 | LR=0.009735 | w_AVO=1.000 | w_P3=2.681 | lambda_MMD=0.300
2025-09-29 13:20:34 - Epoch Summary: TrainLoss=0.8237 | TrainAcc=0.742 | Val(P3)=0.649 | Val(AVO)=0.575
2025-09-29 13:20:34 - No P3-val improvement; patience remaining: 18/50
2025-09-29 13:20:34 - Epoch 54/500 | LR=0.009725 | w_AVO=1.000 | w_P3=2.681 | lambda_MMD=0.300
2025-09-29 13:20:34 - Epoch Summary: TrainLoss=0.8039 | TrainAcc=0.741 | Val(P3)=0.757 | Val(AVO)=0.594
2025-09-29 13:20:34 - No P3-val improvement; patience remaining: 17/50
2025-09-29 13:20:34 - Epoch 55/500 | LR=0.009715 | w_AVO=1.000 | w_P3=2.681 | lambda_MMD=0.300
2025-09-29 13:20:34 - Epoch Summary: TrainLoss=0.8747 | TrainAcc=0.723 | Val(P3)=0.730 | Val(AVO)=0.588
2025-09-29 13:20:34 - No P3-val improvement; patience remaining: 16/50
2025-09-29 13:20:34 - Epoch 56/500 | LR=0.009704 | w_AVO=1.000 | w_P3=2.681 | lambda_MMD=0.300
2025-09-29 13:20:34 - Epoch Summary: TrainLoss=0.8456 | TrainAcc=0.726 | Val(P3)=0.649 | Val(AVO)=0.588
2025-09-29 13:20:34 - No P3-val improvement; patience remaining: 15/50
2025-09-29 13:20:34 - P3 val decreasing 3x. Reducing w_small to 2.145, lambda_MMD to 0.150
2025-09-29 13:20:34 - Epoch 57/500 | LR=0.009694 | w_AVO=1.000 | w_P3=2.145 | lambda_MMD=0.150
2025-09-29 13:20:34 - Epoch Summary: TrainLoss=0.7618 | TrainAcc=0.725 | Val(P3)=0.676 | Val(AVO)=0.601
2025-09-29 13:20:34 - No P3-val improvement; patience remaining: 14/50
2025-09-29 13:20:34 - Epoch 58/500 | LR=0.009683 | w_AVO=1.000 | w_P3=2.681 | lambda_MMD=0.300
2025-09-29 13:20:35 - Epoch Summary: TrainLoss=0.8043 | TrainAcc=0.732 | Val(P3)=0.703 | Val(AVO)=0.617
2025-09-29 13:20:35 - No P3-val improvement; patience remaining: 13/50
2025-09-29 13:20:35 - Epoch 59/500 | LR=0.009672 | w_AVO=1.000 | w_P3=2.681 | lambda_MMD=0.300
2025-09-29 13:20:35 - Epoch Summary: TrainLoss=0.7819 | TrainAcc=0.749 | Val(P3)=0.676 | Val(AVO)=0.604
2025-09-29 13:20:35 - No P3-val improvement; patience remaining: 12/50
2025-09-29 13:20:35 - Epoch 60/500 | LR=0.009660 | w_AVO=1.000 | w_P3=2.681 | lambda_MMD=0.300
2025-09-29 13:20:35 - Epoch Summary: TrainLoss=0.8125 | TrainAcc=0.743 | Val(P3)=0.730 | Val(AVO)=0.571
2025-09-29 13:20:35 - No P3-val improvement; patience remaining: 11/50
2025-09-29 13:20:35 - AVO val decreasing 3x. Reducing lambda_MMD to 0.210
2025-09-29 13:20:35 - Epoch 61/500 | LR=0.009649 | w_AVO=1.000 | w_P3=2.681 | lambda_MMD=0.210
2025-09-29 13:20:35 - Epoch Summary: TrainLoss=0.7525 | TrainAcc=0.752 | Val(P3)=0.730 | Val(AVO)=0.588
2025-09-29 13:20:35 - No P3-val improvement; patience remaining: 10/50
2025-09-29 13:20:35 - Epoch 62/500 | LR=0.009637 | w_AVO=1.000 | w_P3=2.681 | lambda_MMD=0.300
2025-09-29 13:20:35 - Epoch Summary: TrainLoss=0.7416 | TrainAcc=0.757 | Val(P3)=0.703 | Val(AVO)=0.584
2025-09-29 13:20:35 - No P3-val improvement; patience remaining: 9/50
2025-09-29 13:20:35 - Epoch 63/500 | LR=0.009625 | w_AVO=1.000 | w_P3=2.681 | lambda_MMD=0.300
2025-09-29 13:20:35 - Epoch Summary: TrainLoss=0.7458 | TrainAcc=0.747 | Val(P3)=0.703 | Val(AVO)=0.607
2025-09-29 13:20:35 - No P3-val improvement; patience remaining: 8/50
2025-09-29 13:20:35 - Epoch 64/500 | LR=0.009613 | w_AVO=1.000 | w_P3=2.681 | lambda_MMD=0.300
2025-09-29 13:20:36 - Epoch Summary: TrainLoss=0.7396 | TrainAcc=0.749 | Val(P3)=0.703 | Val(AVO)=0.604
2025-09-29 13:20:36 - No P3-val improvement; patience remaining: 7/50
2025-09-29 13:20:36 - Epoch 65/500 | LR=0.009601 | w_AVO=1.000 | w_P3=2.681 | lambda_MMD=0.300
2025-09-29 13:20:36 - Epoch Summary: TrainLoss=0.7284 | TrainAcc=0.754 | Val(P3)=0.730 | Val(AVO)=0.594
2025-09-29 13:20:36 - No P3-val improvement; patience remaining: 6/50
2025-09-29 13:20:36 - AVO val decreasing 3x. Reducing lambda_MMD to 0.210
2025-09-29 13:20:36 - Epoch 66/500 | LR=0.009589 | w_AVO=1.000 | w_P3=2.681 | lambda_MMD=0.210
2025-09-29 13:20:36 - Epoch Summary: TrainLoss=0.7062 | TrainAcc=0.767 | Val(P3)=0.757 | Val(AVO)=0.601
2025-09-29 13:20:36 - No P3-val improvement; patience remaining: 5/50
2025-09-29 13:20:36 - Epoch 67/500 | LR=0.009576 | w_AVO=1.000 | w_P3=2.681 | lambda_MMD=0.300
2025-09-29 13:20:36 - Epoch Summary: TrainLoss=0.7102 | TrainAcc=0.766 | Val(P3)=0.649 | Val(AVO)=0.594
2025-09-29 13:20:36 - No P3-val improvement; patience remaining: 4/50
2025-09-29 13:20:36 - Epoch 68/500 | LR=0.009563 | w_AVO=1.000 | w_P3=2.681 | lambda_MMD=0.300
2025-09-29 13:20:36 - Epoch Summary: TrainLoss=0.7290 | TrainAcc=0.767 | Val(P3)=0.595 | Val(AVO)=0.604
2025-09-29 13:20:36 - No P3-val improvement; patience remaining: 3/50
2025-09-29 13:20:36 - P3 val decreasing 3x. Reducing w_small to 2.145, lambda_MMD to 0.150
2025-09-29 13:20:36 - Epoch 69/500 | LR=0.009551 | w_AVO=1.000 | w_P3=2.145 | lambda_MMD=0.150
2025-09-29 13:20:37 - Epoch Summary: TrainLoss=0.6454 | TrainAcc=0.769 | Val(P3)=0.676 | Val(AVO)=0.614
2025-09-29 13:20:37 - No P3-val improvement; patience remaining: 2/50
2025-09-29 13:20:37 - Epoch 70/500 | LR=0.009537 | w_AVO=1.000 | w_P3=2.681 | lambda_MMD=0.300
2025-09-29 13:20:37 - Epoch Summary: TrainLoss=0.6758 | TrainAcc=0.783 | Val(P3)=0.757 | Val(AVO)=0.614
2025-09-29 13:20:37 - No P3-val improvement; patience remaining: 1/50
2025-09-29 13:20:37 - Epoch 71/500 | LR=0.009524 | w_AVO=1.000 | w_P3=2.681 | lambda_MMD=0.300
2025-09-29 13:20:37 - Epoch Summary: TrainLoss=0.6700 | TrainAcc=0.780 | Val(P3)=0.730 | Val(AVO)=0.581
2025-09-29 13:20:37 - No P3-val improvement; patience remaining: 0/50
2025-09-29 13:20:37 - Early stopping triggered (P3-val)
2025-09-29 13:20:37 -     P3 Test | Acc=0.5441 P=0.5641 R=0.6111 F1=0.5867 AUC=0.5321 (n=68)
2025-09-29 13:20:37 -     AVO Test | Acc=0.5370 P=0.5184 R=0.9579 F1=0.6727 AUC=0.7005 (n=622)
2025-09-29 13:20:37 -     Overall Test Acc=0.5377
2025-09-29 13:20:37 -   Fold 4/5
2025-09-29 13:20:37 - Fold domains: small=P3 (n=289), large=AVO (n=2126)
2025-09-29 13:20:37 - Auto adjustments (symmetric): w_small≈1.000, lambda_MMD_target=0.300, warmup_epochs=5
2025-09-29 13:20:37 - Epoch 1/500 | LR=0.010000 | w_AVO=1.000 | w_P3=1.342 | lambda_MMD=0.060
2025-09-29 13:20:37 - Epoch Summary: TrainLoss=1.6469 | TrainAcc=0.549 | Val(P3)=0.571 | Val(AVO)=0.616
2025-09-29 13:20:37 - New best P3-val; checkpoint updated
2025-09-29 13:20:37 - Epoch 2/500 | LR=0.010000 | w_AVO=1.000 | w_P3=1.685 | lambda_MMD=0.120
2025-09-29 13:20:37 - Epoch Summary: TrainLoss=1.7492 | TrainAcc=0.599 | Val(P3)=0.571 | Val(AVO)=0.610
2025-09-29 13:20:37 - No P3-val improvement; patience remaining: 49/50
2025-09-29 13:20:37 - Epoch 3/500 | LR=0.010000 | w_AVO=1.000 | w_P3=2.027 | lambda_MMD=0.180
2025-09-29 13:20:37 - Epoch Summary: TrainLoss=1.9328 | TrainAcc=0.611 | Val(P3)=0.543 | Val(AVO)=0.603
2025-09-29 13:20:37 - No P3-val improvement; patience remaining: 48/50
2025-09-29 13:20:37 - AVO val decreasing 3x. Reducing lambda_MMD to 0.168
2025-09-29 13:20:37 - Epoch 4/500 | LR=0.009999 | w_AVO=1.000 | w_P3=2.370 | lambda_MMD=0.168
2025-09-29 13:20:38 - Epoch Summary: TrainLoss=2.1009 | TrainAcc=0.614 | Val(P3)=0.600 | Val(AVO)=0.632
2025-09-29 13:20:38 - New best P3-val; checkpoint updated
2025-09-29 13:20:38 - Epoch 5/500 | LR=0.009998 | w_AVO=1.000 | w_P3=2.712 | lambda_MMD=0.300
2025-09-29 13:20:38 - Epoch Summary: TrainLoss=2.2810 | TrainAcc=0.627 | Val(P3)=0.571 | Val(AVO)=0.613
2025-09-29 13:20:38 - No P3-val improvement; patience remaining: 49/50
2025-09-29 13:20:38 - Epoch 6/500 | LR=0.009998 | w_AVO=1.000 | w_P3=2.712 | lambda_MMD=0.300
2025-09-29 13:20:38 - Epoch Summary: TrainLoss=2.2086 | TrainAcc=0.637 | Val(P3)=0.600 | Val(AVO)=0.665
2025-09-29 13:20:38 - No P3-val improvement; patience remaining: 48/50
2025-09-29 13:20:38 - Epoch 7/500 | LR=0.009996 | w_AVO=1.000 | w_P3=2.712 | lambda_MMD=0.300
2025-09-29 13:20:38 - Epoch Summary: TrainLoss=2.1437 | TrainAcc=0.642 | Val(P3)=0.543 | Val(AVO)=0.694
2025-09-29 13:20:38 - No P3-val improvement; patience remaining: 47/50
2025-09-29 13:20:38 - Epoch 8/500 | LR=0.009995 | w_AVO=1.000 | w_P3=2.712 | lambda_MMD=0.300
2025-09-29 13:20:38 - Epoch Summary: TrainLoss=2.0967 | TrainAcc=0.638 | Val(P3)=0.543 | Val(AVO)=0.690
2025-09-29 13:20:38 - No P3-val improvement; patience remaining: 46/50
2025-09-29 13:20:38 - Epoch 9/500 | LR=0.009994 | w_AVO=1.000 | w_P3=2.712 | lambda_MMD=0.300
2025-09-29 13:20:38 - Epoch Summary: TrainLoss=2.0491 | TrainAcc=0.639 | Val(P3)=0.571 | Val(AVO)=0.635
2025-09-29 13:20:38 - No P3-val improvement; patience remaining: 45/50
2025-09-29 13:20:38 - AVO val decreasing 3x. Reducing lambda_MMD to 0.210
2025-09-29 13:20:38 - Epoch 10/500 | LR=0.009992 | w_AVO=1.000 | w_P3=2.712 | lambda_MMD=0.210
2025-09-29 13:20:39 - Epoch Summary: TrainLoss=2.0198 | TrainAcc=0.638 | Val(P3)=0.571 | Val(AVO)=0.687
2025-09-29 13:20:39 - No P3-val improvement; patience remaining: 44/50
2025-09-29 13:20:39 - Epoch 11/500 | LR=0.009990 | w_AVO=1.000 | w_P3=2.712 | lambda_MMD=0.300
2025-09-29 13:20:39 - Epoch Summary: TrainLoss=1.9228 | TrainAcc=0.648 | Val(P3)=0.543 | Val(AVO)=0.684
2025-09-29 13:20:39 - No P3-val improvement; patience remaining: 43/50
2025-09-29 13:20:39 - Epoch 12/500 | LR=0.009988 | w_AVO=1.000 | w_P3=2.712 | lambda_MMD=0.300
2025-09-29 13:20:39 - Epoch Summary: TrainLoss=1.9008 | TrainAcc=0.652 | Val(P3)=0.457 | Val(AVO)=0.687
2025-09-29 13:20:39 - No P3-val improvement; patience remaining: 42/50
2025-09-29 13:20:39 - P3 val decreasing 3x. Reducing w_small to 2.170, lambda_MMD to 0.150
2025-09-29 13:20:39 - Epoch 13/500 | LR=0.009986 | w_AVO=1.000 | w_P3=2.170 | lambda_MMD=0.150
2025-09-29 13:20:39 - Epoch Summary: TrainLoss=1.6039 | TrainAcc=0.651 | Val(P3)=0.543 | Val(AVO)=0.697
2025-09-29 13:20:39 - No P3-val improvement; patience remaining: 41/50
2025-09-29 13:20:39 - Epoch 14/500 | LR=0.009983 | w_AVO=1.000 | w_P3=2.712 | lambda_MMD=0.300
2025-09-29 13:20:39 - Epoch Summary: TrainLoss=1.8308 | TrainAcc=0.653 | Val(P3)=0.543 | Val(AVO)=0.687
2025-09-29 13:20:39 - No P3-val improvement; patience remaining: 40/50
2025-09-29 13:20:39 - Epoch 15/500 | LR=0.009981 | w_AVO=1.000 | w_P3=2.712 | lambda_MMD=0.300
2025-09-29 13:20:40 - Epoch Summary: TrainLoss=1.7744 | TrainAcc=0.658 | Val(P3)=0.514 | Val(AVO)=0.668
2025-09-29 13:20:40 - No P3-val improvement; patience remaining: 39/50
2025-09-29 13:20:40 - AVO val decreasing 3x. Reducing lambda_MMD to 0.210
2025-09-29 13:20:40 - Epoch 16/500 | LR=0.009978 | w_AVO=1.000 | w_P3=2.712 | lambda_MMD=0.210
2025-09-29 13:20:40 - Epoch Summary: TrainLoss=1.6993 | TrainAcc=0.658 | Val(P3)=0.514 | Val(AVO)=0.713
2025-09-29 13:20:40 - No P3-val improvement; patience remaining: 38/50
2025-09-29 13:20:40 - Epoch 17/500 | LR=0.009975 | w_AVO=1.000 | w_P3=2.712 | lambda_MMD=0.300
2025-09-29 13:20:40 - Epoch Summary: TrainLoss=1.6638 | TrainAcc=0.667 | Val(P3)=0.486 | Val(AVO)=0.674
2025-09-29 13:20:40 - No P3-val improvement; patience remaining: 37/50
2025-09-29 13:20:40 - Epoch 18/500 | LR=0.009972 | w_AVO=1.000 | w_P3=2.712 | lambda_MMD=0.300
2025-09-29 13:20:40 - Epoch Summary: TrainLoss=1.6477 | TrainAcc=0.646 | Val(P3)=0.514 | Val(AVO)=0.684
2025-09-29 13:20:40 - No P3-val improvement; patience remaining: 36/50
2025-09-29 13:20:40 - Epoch 19/500 | LR=0.009968 | w_AVO=1.000 | w_P3=2.712 | lambda_MMD=0.300
2025-09-29 13:20:40 - Epoch Summary: TrainLoss=1.5494 | TrainAcc=0.660 | Val(P3)=0.514 | Val(AVO)=0.671
2025-09-29 13:20:40 - No P3-val improvement; patience remaining: 35/50
2025-09-29 13:20:40 - Epoch 20/500 | LR=0.009964 | w_AVO=1.000 | w_P3=2.712 | lambda_MMD=0.300
2025-09-29 13:20:40 - Epoch Summary: TrainLoss=1.5320 | TrainAcc=0.662 | Val(P3)=0.486 | Val(AVO)=0.674
2025-09-29 13:20:40 - No P3-val improvement; patience remaining: 34/50
2025-09-29 13:20:40 - Epoch 21/500 | LR=0.009961 | w_AVO=1.000 | w_P3=2.712 | lambda_MMD=0.300
2025-09-29 13:20:41 - Epoch Summary: TrainLoss=1.5242 | TrainAcc=0.652 | Val(P3)=0.457 | Val(AVO)=0.690
2025-09-29 13:20:41 - No P3-val improvement; patience remaining: 33/50
2025-09-29 13:20:41 - P3 val decreasing 3x. Reducing w_small to 2.170, lambda_MMD to 0.150
2025-09-29 13:20:41 - Epoch 22/500 | LR=0.009957 | w_AVO=1.000 | w_P3=2.170 | lambda_MMD=0.150
2025-09-29 13:20:41 - Epoch Summary: TrainLoss=1.3029 | TrainAcc=0.664 | Val(P3)=0.486 | Val(AVO)=0.697
2025-09-29 13:20:41 - No P3-val improvement; patience remaining: 32/50
2025-09-29 13:20:41 - Epoch 23/500 | LR=0.009952 | w_AVO=1.000 | w_P3=2.712 | lambda_MMD=0.300
2025-09-29 13:20:41 - Epoch Summary: TrainLoss=1.4925 | TrainAcc=0.654 | Val(P3)=0.486 | Val(AVO)=0.697
2025-09-29 13:20:41 - No P3-val improvement; patience remaining: 31/50
2025-09-29 13:20:41 - Epoch 24/500 | LR=0.009948 | w_AVO=1.000 | w_P3=2.712 | lambda_MMD=0.300
2025-09-29 13:20:41 - Epoch Summary: TrainLoss=1.4339 | TrainAcc=0.674 | Val(P3)=0.486 | Val(AVO)=0.694
2025-09-29 13:20:41 - No P3-val improvement; patience remaining: 30/50
2025-09-29 13:20:41 - Epoch 25/500 | LR=0.009943 | w_AVO=1.000 | w_P3=2.712 | lambda_MMD=0.300
2025-09-29 13:20:41 - Epoch Summary: TrainLoss=1.3707 | TrainAcc=0.670 | Val(P3)=0.486 | Val(AVO)=0.668
2025-09-29 13:20:41 - No P3-val improvement; patience remaining: 29/50
2025-09-29 13:20:41 - AVO val decreasing 3x. Reducing lambda_MMD to 0.210
2025-09-29 13:20:41 - Epoch 26/500 | LR=0.009938 | w_AVO=1.000 | w_P3=2.712 | lambda_MMD=0.210
2025-09-29 13:20:41 - Epoch Summary: TrainLoss=1.3205 | TrainAcc=0.668 | Val(P3)=0.571 | Val(AVO)=0.703
2025-09-29 13:20:41 - No P3-val improvement; patience remaining: 28/50
2025-09-29 13:20:41 - Epoch 27/500 | LR=0.009933 | w_AVO=1.000 | w_P3=2.712 | lambda_MMD=0.300
2025-09-29 13:20:42 - Epoch Summary: TrainLoss=1.3005 | TrainAcc=0.686 | Val(P3)=0.514 | Val(AVO)=0.684
2025-09-29 13:20:42 - No P3-val improvement; patience remaining: 27/50
2025-09-29 13:20:42 - Epoch 28/500 | LR=0.009928 | w_AVO=1.000 | w_P3=2.712 | lambda_MMD=0.300
2025-09-29 13:20:42 - Epoch Summary: TrainLoss=1.3428 | TrainAcc=0.666 | Val(P3)=0.543 | Val(AVO)=0.681
2025-09-29 13:20:42 - No P3-val improvement; patience remaining: 26/50
2025-09-29 13:20:42 - AVO val decreasing 3x. Reducing lambda_MMD to 0.210
2025-09-29 13:20:42 - Epoch 29/500 | LR=0.009923 | w_AVO=1.000 | w_P3=2.712 | lambda_MMD=0.210
2025-09-29 13:20:42 - Epoch Summary: TrainLoss=1.3024 | TrainAcc=0.668 | Val(P3)=0.457 | Val(AVO)=0.655
2025-09-29 13:20:42 - No P3-val improvement; patience remaining: 25/50
2025-09-29 13:20:42 - AVO val decreasing 3x. Reducing lambda_MMD to 0.210
2025-09-29 13:20:42 - Epoch 30/500 | LR=0.009917 | w_AVO=1.000 | w_P3=2.712 | lambda_MMD=0.210
2025-09-29 13:20:42 - Epoch Summary: TrainLoss=1.2291 | TrainAcc=0.674 | Val(P3)=0.571 | Val(AVO)=0.652
2025-09-29 13:20:42 - No P3-val improvement; patience remaining: 24/50
2025-09-29 13:20:42 - AVO val decreasing 3x. Reducing lambda_MMD to 0.210
2025-09-29 13:20:42 - Epoch 31/500 | LR=0.009911 | w_AVO=1.000 | w_P3=2.712 | lambda_MMD=0.210
2025-09-29 13:20:42 - Epoch Summary: TrainLoss=1.1872 | TrainAcc=0.675 | Val(P3)=0.457 | Val(AVO)=0.665
2025-09-29 13:20:42 - No P3-val improvement; patience remaining: 23/50
2025-09-29 13:20:42 - Epoch 32/500 | LR=0.009905 | w_AVO=1.000 | w_P3=2.712 | lambda_MMD=0.300
2025-09-29 13:20:42 - Epoch Summary: TrainLoss=1.1778 | TrainAcc=0.683 | Val(P3)=0.514 | Val(AVO)=0.613
2025-09-29 13:20:42 - No P3-val improvement; patience remaining: 22/50
2025-09-29 13:20:42 - Epoch 33/500 | LR=0.009899 | w_AVO=1.000 | w_P3=2.712 | lambda_MMD=0.300
2025-09-29 13:20:43 - Epoch Summary: TrainLoss=1.1419 | TrainAcc=0.681 | Val(P3)=0.514 | Val(AVO)=0.684
2025-09-29 13:20:43 - No P3-val improvement; patience remaining: 21/50
2025-09-29 13:20:43 - Epoch 34/500 | LR=0.009893 | w_AVO=1.000 | w_P3=2.712 | lambda_MMD=0.300
2025-09-29 13:20:43 - Epoch Summary: TrainLoss=1.1079 | TrainAcc=0.686 | Val(P3)=0.486 | Val(AVO)=0.658
2025-09-29 13:20:43 - No P3-val improvement; patience remaining: 20/50
2025-09-29 13:20:43 - Epoch 35/500 | LR=0.009886 | w_AVO=1.000 | w_P3=2.712 | lambda_MMD=0.300
2025-09-29 13:20:43 - Epoch Summary: TrainLoss=1.1487 | TrainAcc=0.681 | Val(P3)=0.429 | Val(AVO)=0.626
2025-09-29 13:20:43 - No P3-val improvement; patience remaining: 19/50
2025-09-29 13:20:43 - P3 val decreasing 3x. Reducing w_small to 2.170, lambda_MMD to 0.150
2025-09-29 13:20:43 - AVO val decreasing 3x. Reducing lambda_MMD to 0.105
2025-09-29 13:20:43 - Epoch 36/500 | LR=0.009880 | w_AVO=1.000 | w_P3=2.170 | lambda_MMD=0.105
2025-09-29 13:20:43 - Epoch Summary: TrainLoss=0.9863 | TrainAcc=0.687 | Val(P3)=0.486 | Val(AVO)=0.661
2025-09-29 13:20:43 - No P3-val improvement; patience remaining: 18/50
2025-09-29 13:20:43 - Epoch 37/500 | LR=0.009873 | w_AVO=1.000 | w_P3=2.712 | lambda_MMD=0.300
2025-09-29 13:20:43 - Epoch Summary: TrainLoss=1.0755 | TrainAcc=0.692 | Val(P3)=0.486 | Val(AVO)=0.668
2025-09-29 13:20:43 - No P3-val improvement; patience remaining: 17/50
2025-09-29 13:20:43 - Epoch 38/500 | LR=0.009865 | w_AVO=1.000 | w_P3=2.712 | lambda_MMD=0.300
2025-09-29 13:20:44 - Epoch Summary: TrainLoss=1.0472 | TrainAcc=0.689 | Val(P3)=0.543 | Val(AVO)=0.658
2025-09-29 13:20:44 - No P3-val improvement; patience remaining: 16/50
2025-09-29 13:20:44 - Epoch 39/500 | LR=0.009858 | w_AVO=1.000 | w_P3=2.712 | lambda_MMD=0.300
2025-09-29 13:20:44 - Epoch Summary: TrainLoss=1.0450 | TrainAcc=0.686 | Val(P3)=0.543 | Val(AVO)=0.635
2025-09-29 13:20:44 - No P3-val improvement; patience remaining: 15/50
2025-09-29 13:20:44 - AVO val decreasing 3x. Reducing lambda_MMD to 0.210
2025-09-29 13:20:44 - Epoch 40/500 | LR=0.009851 | w_AVO=1.000 | w_P3=2.712 | lambda_MMD=0.210
2025-09-29 13:20:44 - Epoch Summary: TrainLoss=1.0251 | TrainAcc=0.688 | Val(P3)=0.514 | Val(AVO)=0.681
2025-09-29 13:20:44 - No P3-val improvement; patience remaining: 14/50
2025-09-29 13:20:44 - Epoch 41/500 | LR=0.009843 | w_AVO=1.000 | w_P3=2.712 | lambda_MMD=0.300
2025-09-29 13:20:44 - Epoch Summary: TrainLoss=1.0480 | TrainAcc=0.695 | Val(P3)=0.543 | Val(AVO)=0.655
2025-09-29 13:20:44 - No P3-val improvement; patience remaining: 13/50
2025-09-29 13:20:44 - Epoch 42/500 | LR=0.009835 | w_AVO=1.000 | w_P3=2.712 | lambda_MMD=0.300
2025-09-29 13:20:44 - Epoch Summary: TrainLoss=1.0150 | TrainAcc=0.701 | Val(P3)=0.429 | Val(AVO)=0.671
2025-09-29 13:20:44 - No P3-val improvement; patience remaining: 12/50
2025-09-29 13:20:44 - Epoch 43/500 | LR=0.009827 | w_AVO=1.000 | w_P3=2.712 | lambda_MMD=0.300
2025-09-29 13:20:44 - Epoch Summary: TrainLoss=0.9838 | TrainAcc=0.698 | Val(P3)=0.543 | Val(AVO)=0.645
2025-09-29 13:20:44 - No P3-val improvement; patience remaining: 11/50
2025-09-29 13:20:44 - Epoch 44/500 | LR=0.009819 | w_AVO=1.000 | w_P3=2.712 | lambda_MMD=0.300
2025-09-29 13:20:45 - Epoch Summary: TrainLoss=0.9634 | TrainAcc=0.698 | Val(P3)=0.457 | Val(AVO)=0.674
2025-09-29 13:20:45 - No P3-val improvement; patience remaining: 10/50
2025-09-29 13:20:45 - Epoch 45/500 | LR=0.009810 | w_AVO=1.000 | w_P3=2.712 | lambda_MMD=0.300
2025-09-29 13:20:45 - Epoch Summary: TrainLoss=0.9101 | TrainAcc=0.702 | Val(P3)=0.457 | Val(AVO)=0.658
2025-09-29 13:20:45 - No P3-val improvement; patience remaining: 9/50
2025-09-29 13:20:45 - Epoch 46/500 | LR=0.009801 | w_AVO=1.000 | w_P3=2.712 | lambda_MMD=0.300
2025-09-29 13:20:45 - Epoch Summary: TrainLoss=0.9388 | TrainAcc=0.698 | Val(P3)=0.486 | Val(AVO)=0.658
2025-09-29 13:20:45 - No P3-val improvement; patience remaining: 8/50
2025-09-29 13:20:45 - Epoch 47/500 | LR=0.009793 | w_AVO=1.000 | w_P3=2.712 | lambda_MMD=0.300
2025-09-29 13:20:45 - Epoch Summary: TrainLoss=0.9371 | TrainAcc=0.699 | Val(P3)=0.429 | Val(AVO)=0.613
2025-09-29 13:20:45 - No P3-val improvement; patience remaining: 7/50
2025-09-29 13:20:45 - Epoch 48/500 | LR=0.009784 | w_AVO=1.000 | w_P3=2.712 | lambda_MMD=0.300
2025-09-29 13:20:45 - Epoch Summary: TrainLoss=0.9834 | TrainAcc=0.690 | Val(P3)=0.429 | Val(AVO)=0.681
2025-09-29 13:20:45 - No P3-val improvement; patience remaining: 6/50
2025-09-29 13:20:45 - Epoch 49/500 | LR=0.009774 | w_AVO=1.000 | w_P3=2.712 | lambda_MMD=0.300
2025-09-29 13:20:45 - Epoch Summary: TrainLoss=0.9188 | TrainAcc=0.698 | Val(P3)=0.457 | Val(AVO)=0.694
2025-09-29 13:20:45 - No P3-val improvement; patience remaining: 5/50
2025-09-29 13:20:45 - Epoch 50/500 | LR=0.009765 | w_AVO=1.000 | w_P3=2.712 | lambda_MMD=0.300
2025-09-29 13:20:46 - Epoch Summary: TrainLoss=0.9418 | TrainAcc=0.689 | Val(P3)=0.514 | Val(AVO)=0.665
2025-09-29 13:20:46 - No P3-val improvement; patience remaining: 4/50
2025-09-29 13:20:46 - Epoch 51/500 | LR=0.009755 | w_AVO=1.000 | w_P3=2.712 | lambda_MMD=0.300
2025-09-29 13:20:46 - Epoch Summary: TrainLoss=1.0061 | TrainAcc=0.699 | Val(P3)=0.486 | Val(AVO)=0.655
2025-09-29 13:20:46 - No P3-val improvement; patience remaining: 3/50
2025-09-29 13:20:46 - AVO val decreasing 3x. Reducing lambda_MMD to 0.210
2025-09-29 13:20:46 - Epoch 52/500 | LR=0.009745 | w_AVO=1.000 | w_P3=2.712 | lambda_MMD=0.210
2025-09-29 13:20:46 - Epoch Summary: TrainLoss=0.8438 | TrainAcc=0.709 | Val(P3)=0.514 | Val(AVO)=0.658
2025-09-29 13:20:46 - No P3-val improvement; patience remaining: 2/50
2025-09-29 13:20:46 - Epoch 53/500 | LR=0.009735 | w_AVO=1.000 | w_P3=2.712 | lambda_MMD=0.300
2025-09-29 13:20:46 - Epoch Summary: TrainLoss=0.8314 | TrainAcc=0.716 | Val(P3)=0.457 | Val(AVO)=0.681
2025-09-29 13:20:46 - No P3-val improvement; patience remaining: 1/50
2025-09-29 13:20:46 - Epoch 54/500 | LR=0.009725 | w_AVO=1.000 | w_P3=2.712 | lambda_MMD=0.300
2025-09-29 13:20:46 - Epoch Summary: TrainLoss=0.8373 | TrainAcc=0.714 | Val(P3)=0.514 | Val(AVO)=0.694
2025-09-29 13:20:46 - No P3-val improvement; patience remaining: 0/50
2025-09-29 13:20:46 - Early stopping triggered (P3-val)
2025-09-29 13:20:46 -     P3 Test | Acc=0.5658 P=0.5385 R=0.5833 F1=0.5600 AUC=0.6104 (n=76)
2025-09-29 13:20:46 -     AVO Test | Acc=0.6710 P=0.6516 R=0.7443 F1=0.6949 AUC=0.7193 (n=614)
2025-09-29 13:20:46 -     Overall Test Acc=0.6594
2025-09-29 13:20:46 -   Fold 5/5
2025-09-29 13:20:46 - Fold domains: small=P3 (n=292), large=AVO (n=2123)
2025-09-29 13:20:46 - Auto adjustments (symmetric): w_small≈1.000, lambda_MMD_target=0.300, warmup_epochs=5
2025-09-29 13:20:46 - Epoch 1/500 | LR=0.010000 | w_AVO=1.000 | w_P3=1.339 | lambda_MMD=0.060
2025-09-29 13:20:47 - Epoch Summary: TrainLoss=1.6472 | TrainAcc=0.526 | Val(P3)=0.556 | Val(AVO)=0.553
2025-09-29 13:20:47 - New best P3-val; checkpoint updated
2025-09-29 13:20:47 - Epoch 2/500 | LR=0.010000 | w_AVO=1.000 | w_P3=1.679 | lambda_MMD=0.120
2025-09-29 13:20:47 - Epoch Summary: TrainLoss=1.7375 | TrainAcc=0.576 | Val(P3)=0.528 | Val(AVO)=0.599
2025-09-29 13:20:47 - No P3-val improvement; patience remaining: 49/50
2025-09-29 13:20:47 - Epoch 3/500 | LR=0.010000 | w_AVO=1.000 | w_P3=2.018 | lambda_MMD=0.180
2025-09-29 13:20:47 - Epoch Summary: TrainLoss=1.8989 | TrainAcc=0.599 | Val(P3)=0.556 | Val(AVO)=0.592
2025-09-29 13:20:47 - No P3-val improvement; patience remaining: 48/50
2025-09-29 13:20:47 - Epoch 4/500 | LR=0.009999 | w_AVO=1.000 | w_P3=2.357 | lambda_MMD=0.240
2025-09-29 13:20:47 - Epoch Summary: TrainLoss=2.0753 | TrainAcc=0.609 | Val(P3)=0.556 | Val(AVO)=0.638
2025-09-29 13:20:47 - No P3-val improvement; patience remaining: 47/50
2025-09-29 13:20:47 - Epoch 5/500 | LR=0.009998 | w_AVO=1.000 | w_P3=2.696 | lambda_MMD=0.300
2025-09-29 13:20:47 - Epoch Summary: TrainLoss=2.1920 | TrainAcc=0.608 | Val(P3)=0.528 | Val(AVO)=0.621
2025-09-29 13:20:47 - No P3-val improvement; patience remaining: 46/50
2025-09-29 13:20:47 - Epoch 6/500 | LR=0.009998 | w_AVO=1.000 | w_P3=2.696 | lambda_MMD=0.300
2025-09-29 13:20:47 - Epoch Summary: TrainLoss=2.1636 | TrainAcc=0.610 | Val(P3)=0.500 | Val(AVO)=0.644
2025-09-29 13:20:47 - No P3-val improvement; patience remaining: 45/50
2025-09-29 13:20:47 - P3 val decreasing 3x. Reducing w_small to 2.157, lambda_MMD to 0.150
2025-09-29 13:20:47 - Epoch 7/500 | LR=0.009996 | w_AVO=1.000 | w_P3=2.157 | lambda_MMD=0.150
2025-09-29 13:20:48 - Epoch Summary: TrainLoss=1.8128 | TrainAcc=0.613 | Val(P3)=0.500 | Val(AVO)=0.641
2025-09-29 13:20:48 - No P3-val improvement; patience remaining: 44/50
2025-09-29 13:20:48 - Epoch 8/500 | LR=0.009995 | w_AVO=1.000 | w_P3=2.696 | lambda_MMD=0.300
2025-09-29 13:20:48 - Epoch Summary: TrainLoss=2.0967 | TrainAcc=0.613 | Val(P3)=0.500 | Val(AVO)=0.621
2025-09-29 13:20:48 - No P3-val improvement; patience remaining: 43/50
2025-09-29 13:20:48 - AVO val decreasing 3x. Reducing lambda_MMD to 0.210
2025-09-29 13:20:48 - Epoch 9/500 | LR=0.009994 | w_AVO=1.000 | w_P3=2.696 | lambda_MMD=0.210
2025-09-29 13:20:48 - Epoch Summary: TrainLoss=2.0036 | TrainAcc=0.618 | Val(P3)=0.528 | Val(AVO)=0.641
2025-09-29 13:20:48 - No P3-val improvement; patience remaining: 42/50
2025-09-29 13:20:48 - Epoch 10/500 | LR=0.009992 | w_AVO=1.000 | w_P3=2.696 | lambda_MMD=0.300
2025-09-29 13:20:48 - Epoch Summary: TrainLoss=1.9481 | TrainAcc=0.624 | Val(P3)=0.500 | Val(AVO)=0.638
2025-09-29 13:20:48 - No P3-val improvement; patience remaining: 41/50
2025-09-29 13:20:48 - Epoch 11/500 | LR=0.009990 | w_AVO=1.000 | w_P3=2.696 | lambda_MMD=0.300
2025-09-29 13:20:48 - Epoch Summary: TrainLoss=1.9062 | TrainAcc=0.632 | Val(P3)=0.500 | Val(AVO)=0.625
2025-09-29 13:20:48 - No P3-val improvement; patience remaining: 40/50
2025-09-29 13:20:48 - AVO val decreasing 3x. Reducing lambda_MMD to 0.210
2025-09-29 13:20:48 - Epoch 12/500 | LR=0.009988 | w_AVO=1.000 | w_P3=2.696 | lambda_MMD=0.210
2025-09-29 13:20:48 - Epoch Summary: TrainLoss=1.8905 | TrainAcc=0.633 | Val(P3)=0.556 | Val(AVO)=0.634
2025-09-29 13:20:48 - No P3-val improvement; patience remaining: 39/50
2025-09-29 13:20:48 - Epoch 13/500 | LR=0.009986 | w_AVO=1.000 | w_P3=2.696 | lambda_MMD=0.300
2025-09-29 13:20:49 - Epoch Summary: TrainLoss=1.8242 | TrainAcc=0.635 | Val(P3)=0.500 | Val(AVO)=0.650
2025-09-29 13:20:49 - No P3-val improvement; patience remaining: 38/50
2025-09-29 13:20:49 - Epoch 14/500 | LR=0.009983 | w_AVO=1.000 | w_P3=2.696 | lambda_MMD=0.300
2025-09-29 13:20:49 - Epoch Summary: TrainLoss=1.8234 | TrainAcc=0.644 | Val(P3)=0.500 | Val(AVO)=0.657
2025-09-29 13:20:49 - No P3-val improvement; patience remaining: 37/50
2025-09-29 13:20:49 - Epoch 15/500 | LR=0.009981 | w_AVO=1.000 | w_P3=2.696 | lambda_MMD=0.300
2025-09-29 13:20:49 - Epoch Summary: TrainLoss=1.7223 | TrainAcc=0.650 | Val(P3)=0.500 | Val(AVO)=0.641
2025-09-29 13:20:49 - No P3-val improvement; patience remaining: 36/50
2025-09-29 13:20:49 - Epoch 16/500 | LR=0.009978 | w_AVO=1.000 | w_P3=2.696 | lambda_MMD=0.300
2025-09-29 13:20:49 - Epoch Summary: TrainLoss=1.7198 | TrainAcc=0.641 | Val(P3)=0.472 | Val(AVO)=0.638
2025-09-29 13:20:49 - No P3-val improvement; patience remaining: 35/50
2025-09-29 13:20:49 - AVO val decreasing 3x. Reducing lambda_MMD to 0.210
2025-09-29 13:20:49 - Epoch 17/500 | LR=0.009975 | w_AVO=1.000 | w_P3=2.696 | lambda_MMD=0.210
2025-09-29 13:20:49 - Epoch Summary: TrainLoss=1.6608 | TrainAcc=0.655 | Val(P3)=0.500 | Val(AVO)=0.641
2025-09-29 13:20:49 - No P3-val improvement; patience remaining: 34/50
2025-09-29 13:20:49 - Epoch 18/500 | LR=0.009972 | w_AVO=1.000 | w_P3=2.696 | lambda_MMD=0.300
2025-09-29 13:20:49 - Epoch Summary: TrainLoss=1.6704 | TrainAcc=0.651 | Val(P3)=0.500 | Val(AVO)=0.615
2025-09-29 13:20:49 - No P3-val improvement; patience remaining: 33/50
2025-09-29 13:20:49 - Epoch 19/500 | LR=0.009968 | w_AVO=1.000 | w_P3=2.696 | lambda_MMD=0.300
2025-09-29 13:20:50 - Epoch Summary: TrainLoss=1.6224 | TrainAcc=0.657 | Val(P3)=0.528 | Val(AVO)=0.647
2025-09-29 13:20:50 - No P3-val improvement; patience remaining: 32/50
2025-09-29 13:20:50 - Epoch 20/500 | LR=0.009964 | w_AVO=1.000 | w_P3=2.696 | lambda_MMD=0.300
2025-09-29 13:20:50 - Epoch Summary: TrainLoss=1.5685 | TrainAcc=0.662 | Val(P3)=0.556 | Val(AVO)=0.634
2025-09-29 13:20:50 - No P3-val improvement; patience remaining: 31/50
2025-09-29 13:20:50 - Epoch 21/500 | LR=0.009961 | w_AVO=1.000 | w_P3=2.696 | lambda_MMD=0.300
2025-09-29 13:20:50 - Epoch Summary: TrainLoss=1.5527 | TrainAcc=0.661 | Val(P3)=0.500 | Val(AVO)=0.647
2025-09-29 13:20:50 - No P3-val improvement; patience remaining: 30/50
2025-09-29 13:20:50 - Epoch 22/500 | LR=0.009957 | w_AVO=1.000 | w_P3=2.696 | lambda_MMD=0.300
2025-09-29 13:20:50 - Epoch Summary: TrainLoss=1.5366 | TrainAcc=0.664 | Val(P3)=0.472 | Val(AVO)=0.631
2025-09-29 13:20:50 - No P3-val improvement; patience remaining: 29/50
2025-09-29 13:20:50 - P3 val decreasing 3x. Reducing w_small to 2.157, lambda_MMD to 0.150
2025-09-29 13:20:50 - Epoch 23/500 | LR=0.009952 | w_AVO=1.000 | w_P3=2.157 | lambda_MMD=0.150
2025-09-29 13:20:50 - Epoch Summary: TrainLoss=1.2828 | TrainAcc=0.658 | Val(P3)=0.500 | Val(AVO)=0.641
2025-09-29 13:20:50 - No P3-val improvement; patience remaining: 28/50
2025-09-29 13:20:50 - Epoch 24/500 | LR=0.009948 | w_AVO=1.000 | w_P3=2.696 | lambda_MMD=0.300
2025-09-29 13:20:50 - Epoch Summary: TrainLoss=1.4374 | TrainAcc=0.661 | Val(P3)=0.500 | Val(AVO)=0.625
2025-09-29 13:20:50 - No P3-val improvement; patience remaining: 27/50
2025-09-29 13:20:50 - Epoch 25/500 | LR=0.009943 | w_AVO=1.000 | w_P3=2.696 | lambda_MMD=0.300
2025-09-29 13:20:51 - Epoch Summary: TrainLoss=1.3908 | TrainAcc=0.670 | Val(P3)=0.472 | Val(AVO)=0.654
2025-09-29 13:20:51 - No P3-val improvement; patience remaining: 26/50
2025-09-29 13:20:51 - Epoch 26/500 | LR=0.009938 | w_AVO=1.000 | w_P3=2.696 | lambda_MMD=0.300
2025-09-29 13:20:51 - Epoch Summary: TrainLoss=1.3626 | TrainAcc=0.680 | Val(P3)=0.528 | Val(AVO)=0.647
2025-09-29 13:20:51 - No P3-val improvement; patience remaining: 25/50
2025-09-29 13:20:51 - Epoch 27/500 | LR=0.009933 | w_AVO=1.000 | w_P3=2.696 | lambda_MMD=0.300
2025-09-29 13:20:51 - Epoch Summary: TrainLoss=1.3729 | TrainAcc=0.672 | Val(P3)=0.500 | Val(AVO)=0.625
2025-09-29 13:20:51 - No P3-val improvement; patience remaining: 24/50
2025-09-29 13:20:51 - AVO val decreasing 3x. Reducing lambda_MMD to 0.210
2025-09-29 13:20:51 - Epoch 28/500 | LR=0.009928 | w_AVO=1.000 | w_P3=2.696 | lambda_MMD=0.210
2025-09-29 13:20:51 - Epoch Summary: TrainLoss=1.3310 | TrainAcc=0.670 | Val(P3)=0.500 | Val(AVO)=0.625
2025-09-29 13:20:51 - No P3-val improvement; patience remaining: 23/50
2025-09-29 13:20:51 - Epoch 29/500 | LR=0.009923 | w_AVO=1.000 | w_P3=2.696 | lambda_MMD=0.300
2025-09-29 13:20:51 - Epoch Summary: TrainLoss=1.2780 | TrainAcc=0.682 | Val(P3)=0.500 | Val(AVO)=0.644
2025-09-29 13:20:51 - No P3-val improvement; patience remaining: 22/50
2025-09-29 13:20:51 - Epoch 30/500 | LR=0.009917 | w_AVO=1.000 | w_P3=2.696 | lambda_MMD=0.300
2025-09-29 13:20:52 - Epoch Summary: TrainLoss=1.2792 | TrainAcc=0.674 | Val(P3)=0.500 | Val(AVO)=0.612
2025-09-29 13:20:52 - No P3-val improvement; patience remaining: 21/50
2025-09-29 13:20:52 - Epoch 31/500 | LR=0.009911 | w_AVO=1.000 | w_P3=2.696 | lambda_MMD=0.300
2025-09-29 13:20:52 - Epoch Summary: TrainLoss=1.2412 | TrainAcc=0.679 | Val(P3)=0.500 | Val(AVO)=0.634
2025-09-29 13:20:52 - No P3-val improvement; patience remaining: 20/50
2025-09-29 13:20:52 - Epoch 32/500 | LR=0.009905 | w_AVO=1.000 | w_P3=2.696 | lambda_MMD=0.300
2025-09-29 13:20:52 - Epoch Summary: TrainLoss=1.2287 | TrainAcc=0.683 | Val(P3)=0.528 | Val(AVO)=0.634
2025-09-29 13:20:52 - No P3-val improvement; patience remaining: 19/50
2025-09-29 13:20:52 - Epoch 33/500 | LR=0.009899 | w_AVO=1.000 | w_P3=2.696 | lambda_MMD=0.300
2025-09-29 13:20:52 - Epoch Summary: TrainLoss=1.1727 | TrainAcc=0.678 | Val(P3)=0.472 | Val(AVO)=0.644
2025-09-29 13:20:52 - No P3-val improvement; patience remaining: 18/50
2025-09-29 13:20:52 - Epoch 34/500 | LR=0.009893 | w_AVO=1.000 | w_P3=2.696 | lambda_MMD=0.300
2025-09-29 13:20:52 - Epoch Summary: TrainLoss=1.1930 | TrainAcc=0.675 | Val(P3)=0.500 | Val(AVO)=0.644
2025-09-29 13:20:52 - No P3-val improvement; patience remaining: 17/50
2025-09-29 13:20:52 - Epoch 35/500 | LR=0.009886 | w_AVO=1.000 | w_P3=2.696 | lambda_MMD=0.300
2025-09-29 13:20:52 - Epoch Summary: TrainLoss=1.1815 | TrainAcc=0.667 | Val(P3)=0.583 | Val(AVO)=0.634
2025-09-29 13:20:52 - New best P3-val; checkpoint updated
2025-09-29 13:20:52 - Epoch 36/500 | LR=0.009880 | w_AVO=1.000 | w_P3=2.696 | lambda_MMD=0.300
2025-09-29 13:20:53 - Epoch Summary: TrainLoss=1.1474 | TrainAcc=0.688 | Val(P3)=0.556 | Val(AVO)=0.654
2025-09-29 13:20:53 - No P3-val improvement; patience remaining: 49/50
2025-09-29 13:20:53 - Epoch 37/500 | LR=0.009873 | w_AVO=1.000 | w_P3=2.696 | lambda_MMD=0.300
2025-09-29 13:20:53 - Epoch Summary: TrainLoss=1.1148 | TrainAcc=0.699 | Val(P3)=0.528 | Val(AVO)=0.625
2025-09-29 13:20:53 - No P3-val improvement; patience remaining: 48/50
2025-09-29 13:20:53 - P3 val decreasing 3x. Reducing w_small to 2.157, lambda_MMD to 0.150
2025-09-29 13:20:53 - Epoch 38/500 | LR=0.009865 | w_AVO=1.000 | w_P3=2.157 | lambda_MMD=0.150
2025-09-29 13:20:53 - Epoch Summary: TrainLoss=0.9649 | TrainAcc=0.695 | Val(P3)=0.528 | Val(AVO)=0.641
2025-09-29 13:20:53 - No P3-val improvement; patience remaining: 47/50
2025-09-29 13:20:53 - Epoch 39/500 | LR=0.009858 | w_AVO=1.000 | w_P3=2.696 | lambda_MMD=0.300
2025-09-29 13:20:53 - Epoch Summary: TrainLoss=1.0650 | TrainAcc=0.691 | Val(P3)=0.528 | Val(AVO)=0.644
2025-09-29 13:20:53 - No P3-val improvement; patience remaining: 46/50
2025-09-29 13:20:53 - Epoch 40/500 | LR=0.009851 | w_AVO=1.000 | w_P3=2.696 | lambda_MMD=0.300
2025-09-29 13:20:53 - Epoch Summary: TrainLoss=1.0444 | TrainAcc=0.697 | Val(P3)=0.528 | Val(AVO)=0.638
2025-09-29 13:20:53 - No P3-val improvement; patience remaining: 45/50
2025-09-29 13:20:53 - Epoch 41/500 | LR=0.009843 | w_AVO=1.000 | w_P3=2.696 | lambda_MMD=0.300
2025-09-29 13:20:53 - Epoch Summary: TrainLoss=1.0296 | TrainAcc=0.691 | Val(P3)=0.528 | Val(AVO)=0.644
2025-09-29 13:20:53 - No P3-val improvement; patience remaining: 44/50
2025-09-29 13:20:53 - Epoch 42/500 | LR=0.009835 | w_AVO=1.000 | w_P3=2.696 | lambda_MMD=0.300
2025-09-29 13:20:54 - Epoch Summary: TrainLoss=0.9864 | TrainAcc=0.707 | Val(P3)=0.500 | Val(AVO)=0.650
2025-09-29 13:20:54 - No P3-val improvement; patience remaining: 43/50
2025-09-29 13:20:54 - Epoch 43/500 | LR=0.009827 | w_AVO=1.000 | w_P3=2.696 | lambda_MMD=0.300
2025-09-29 13:20:54 - Epoch Summary: TrainLoss=1.0271 | TrainAcc=0.698 | Val(P3)=0.472 | Val(AVO)=0.663
2025-09-29 13:20:54 - No P3-val improvement; patience remaining: 42/50
2025-09-29 13:20:54 - P3 val decreasing 3x. Reducing w_small to 2.157, lambda_MMD to 0.150
2025-09-29 13:20:54 - Epoch 44/500 | LR=0.009819 | w_AVO=1.000 | w_P3=2.157 | lambda_MMD=0.150
2025-09-29 13:20:54 - Epoch Summary: TrainLoss=0.9035 | TrainAcc=0.691 | Val(P3)=0.500 | Val(AVO)=0.628
2025-09-29 13:20:54 - No P3-val improvement; patience remaining: 41/50
2025-09-29 13:20:54 - Epoch 45/500 | LR=0.009810 | w_AVO=1.000 | w_P3=2.696 | lambda_MMD=0.300
2025-09-29 13:20:54 - Epoch Summary: TrainLoss=1.0223 | TrainAcc=0.694 | Val(P3)=0.556 | Val(AVO)=0.647
2025-09-29 13:20:54 - No P3-val improvement; patience remaining: 40/50
2025-09-29 13:20:54 - Epoch 46/500 | LR=0.009801 | w_AVO=1.000 | w_P3=2.696 | lambda_MMD=0.300
2025-09-29 13:20:54 - Epoch Summary: TrainLoss=0.9320 | TrainAcc=0.707 | Val(P3)=0.472 | Val(AVO)=0.628
2025-09-29 13:20:54 - No P3-val improvement; patience remaining: 39/50
2025-09-29 13:20:54 - Epoch 47/500 | LR=0.009793 | w_AVO=1.000 | w_P3=2.696 | lambda_MMD=0.300
2025-09-29 13:20:54 - Epoch Summary: TrainLoss=0.9524 | TrainAcc=0.704 | Val(P3)=0.528 | Val(AVO)=0.628
2025-09-29 13:20:54 - No P3-val improvement; patience remaining: 38/50
2025-09-29 13:20:54 - Epoch 48/500 | LR=0.009784 | w_AVO=1.000 | w_P3=2.696 | lambda_MMD=0.300
2025-09-29 13:20:55 - Epoch Summary: TrainLoss=0.9168 | TrainAcc=0.723 | Val(P3)=0.472 | Val(AVO)=0.638
2025-09-29 13:20:55 - No P3-val improvement; patience remaining: 37/50
2025-09-29 13:20:55 - Epoch 49/500 | LR=0.009774 | w_AVO=1.000 | w_P3=2.696 | lambda_MMD=0.300
2025-09-29 13:20:55 - Epoch Summary: TrainLoss=0.9288 | TrainAcc=0.707 | Val(P3)=0.472 | Val(AVO)=0.641
2025-09-29 13:20:55 - No P3-val improvement; patience remaining: 36/50
2025-09-29 13:20:55 - Epoch 50/500 | LR=0.009765 | w_AVO=1.000 | w_P3=2.696 | lambda_MMD=0.300
2025-09-29 13:20:55 - Epoch Summary: TrainLoss=0.9035 | TrainAcc=0.709 | Val(P3)=0.472 | Val(AVO)=0.663
2025-09-29 13:20:55 - No P3-val improvement; patience remaining: 35/50
2025-09-29 13:20:55 - Epoch 51/500 | LR=0.009755 | w_AVO=1.000 | w_P3=2.696 | lambda_MMD=0.300
2025-09-29 13:20:55 - Epoch Summary: TrainLoss=0.8855 | TrainAcc=0.713 | Val(P3)=0.472 | Val(AVO)=0.634
2025-09-29 13:20:55 - No P3-val improvement; patience remaining: 34/50
2025-09-29 13:20:55 - Epoch 52/500 | LR=0.009745 | w_AVO=1.000 | w_P3=2.696 | lambda_MMD=0.300
2025-09-29 13:20:55 - Epoch Summary: TrainLoss=0.8613 | TrainAcc=0.712 | Val(P3)=0.472 | Val(AVO)=0.634
2025-09-29 13:20:55 - No P3-val improvement; patience remaining: 33/50
2025-09-29 13:20:55 - Epoch 53/500 | LR=0.009735 | w_AVO=1.000 | w_P3=2.696 | lambda_MMD=0.300
2025-09-29 13:20:56 - Epoch Summary: TrainLoss=0.8979 | TrainAcc=0.711 | Val(P3)=0.472 | Val(AVO)=0.621
2025-09-29 13:20:56 - No P3-val improvement; patience remaining: 32/50
2025-09-29 13:20:56 - Epoch 54/500 | LR=0.009725 | w_AVO=1.000 | w_P3=2.696 | lambda_MMD=0.300
2025-09-29 13:20:56 - Epoch Summary: TrainLoss=0.8535 | TrainAcc=0.726 | Val(P3)=0.556 | Val(AVO)=0.644
2025-09-29 13:20:56 - No P3-val improvement; patience remaining: 31/50
2025-09-29 13:20:56 - Epoch 55/500 | LR=0.009715 | w_AVO=1.000 | w_P3=2.696 | lambda_MMD=0.300
2025-09-29 13:20:56 - Epoch Summary: TrainLoss=0.8597 | TrainAcc=0.707 | Val(P3)=0.500 | Val(AVO)=0.644
2025-09-29 13:20:56 - No P3-val improvement; patience remaining: 30/50
2025-09-29 13:20:56 - Epoch 56/500 | LR=0.009704 | w_AVO=1.000 | w_P3=2.696 | lambda_MMD=0.300
2025-09-29 13:20:56 - Epoch Summary: TrainLoss=0.8157 | TrainAcc=0.724 | Val(P3)=0.500 | Val(AVO)=0.625
2025-09-29 13:20:56 - No P3-val improvement; patience remaining: 29/50
2025-09-29 13:20:56 - Epoch 57/500 | LR=0.009694 | w_AVO=1.000 | w_P3=2.696 | lambda_MMD=0.300
2025-09-29 13:20:56 - Epoch Summary: TrainLoss=0.8346 | TrainAcc=0.719 | Val(P3)=0.500 | Val(AVO)=0.680
2025-09-29 13:20:56 - No P3-val improvement; patience remaining: 28/50
2025-09-29 13:20:56 - Epoch 58/500 | LR=0.009683 | w_AVO=1.000 | w_P3=2.696 | lambda_MMD=0.300
2025-09-29 13:20:56 - Epoch Summary: TrainLoss=0.8250 | TrainAcc=0.718 | Val(P3)=0.472 | Val(AVO)=0.657
2025-09-29 13:20:56 - No P3-val improvement; patience remaining: 27/50
2025-09-29 13:20:56 - Epoch 59/500 | LR=0.009672 | w_AVO=1.000 | w_P3=2.696 | lambda_MMD=0.300
2025-09-29 13:20:57 - Epoch Summary: TrainLoss=0.8037 | TrainAcc=0.725 | Val(P3)=0.556 | Val(AVO)=0.641
2025-09-29 13:20:57 - No P3-val improvement; patience remaining: 26/50
2025-09-29 13:20:57 - AVO val decreasing 3x. Reducing lambda_MMD to 0.210
2025-09-29 13:20:57 - Epoch 60/500 | LR=0.009660 | w_AVO=1.000 | w_P3=2.696 | lambda_MMD=0.210
2025-09-29 13:20:57 - Epoch Summary: TrainLoss=0.7950 | TrainAcc=0.730 | Val(P3)=0.444 | Val(AVO)=0.654
2025-09-29 13:20:57 - No P3-val improvement; patience remaining: 25/50
2025-09-29 13:20:57 - Epoch 61/500 | LR=0.009649 | w_AVO=1.000 | w_P3=2.696 | lambda_MMD=0.300
2025-09-29 13:20:57 - Epoch Summary: TrainLoss=0.8120 | TrainAcc=0.719 | Val(P3)=0.472 | Val(AVO)=0.644
2025-09-29 13:20:57 - No P3-val improvement; patience remaining: 24/50
2025-09-29 13:20:57 - Epoch 62/500 | LR=0.009637 | w_AVO=1.000 | w_P3=2.696 | lambda_MMD=0.300
2025-09-29 13:20:57 - Epoch Summary: TrainLoss=0.7879 | TrainAcc=0.727 | Val(P3)=0.528 | Val(AVO)=0.650
2025-09-29 13:20:57 - No P3-val improvement; patience remaining: 23/50
2025-09-29 13:20:57 - Epoch 63/500 | LR=0.009625 | w_AVO=1.000 | w_P3=2.696 | lambda_MMD=0.300
2025-09-29 13:20:57 - Epoch Summary: TrainLoss=0.8247 | TrainAcc=0.727 | Val(P3)=0.472 | Val(AVO)=0.628
2025-09-29 13:20:57 - No P3-val improvement; patience remaining: 22/50
2025-09-29 13:20:57 - Epoch 64/500 | LR=0.009613 | w_AVO=1.000 | w_P3=2.696 | lambda_MMD=0.300
2025-09-29 13:20:57 - Epoch Summary: TrainLoss=0.7812 | TrainAcc=0.723 | Val(P3)=0.500 | Val(AVO)=0.657
2025-09-29 13:20:57 - No P3-val improvement; patience remaining: 21/50
2025-09-29 13:20:57 - Epoch 65/500 | LR=0.009601 | w_AVO=1.000 | w_P3=2.696 | lambda_MMD=0.300
2025-09-29 13:20:58 - Epoch Summary: TrainLoss=0.7898 | TrainAcc=0.724 | Val(P3)=0.472 | Val(AVO)=0.644
2025-09-29 13:20:58 - No P3-val improvement; patience remaining: 20/50
2025-09-29 13:20:58 - Epoch 66/500 | LR=0.009589 | w_AVO=1.000 | w_P3=2.696 | lambda_MMD=0.300
2025-09-29 13:20:58 - Epoch Summary: TrainLoss=0.7609 | TrainAcc=0.734 | Val(P3)=0.500 | Val(AVO)=0.634
2025-09-29 13:20:58 - No P3-val improvement; patience remaining: 19/50
2025-09-29 13:20:58 - AVO val decreasing 3x. Reducing lambda_MMD to 0.210
2025-09-29 13:20:58 - Epoch 67/500 | LR=0.009576 | w_AVO=1.000 | w_P3=2.696 | lambda_MMD=0.210
2025-09-29 13:20:58 - Epoch Summary: TrainLoss=0.7413 | TrainAcc=0.741 | Val(P3)=0.556 | Val(AVO)=0.618
2025-09-29 13:20:58 - No P3-val improvement; patience remaining: 18/50
2025-09-29 13:20:58 - AVO val decreasing 3x. Reducing lambda_MMD to 0.210
2025-09-29 13:20:58 - Epoch 68/500 | LR=0.009563 | w_AVO=1.000 | w_P3=2.696 | lambda_MMD=0.210
2025-09-29 13:20:58 - Epoch Summary: TrainLoss=0.7182 | TrainAcc=0.736 | Val(P3)=0.500 | Val(AVO)=0.638
2025-09-29 13:20:58 - No P3-val improvement; patience remaining: 17/50
2025-09-29 13:20:58 - Epoch 69/500 | LR=0.009551 | w_AVO=1.000 | w_P3=2.696 | lambda_MMD=0.300
2025-09-29 13:20:58 - Epoch Summary: TrainLoss=0.7210 | TrainAcc=0.748 | Val(P3)=0.472 | Val(AVO)=0.654
2025-09-29 13:20:58 - No P3-val improvement; patience remaining: 16/50
2025-09-29 13:20:58 - P3 val decreasing 3x. Reducing w_small to 2.157, lambda_MMD to 0.150
2025-09-29 13:20:58 - Epoch 70/500 | LR=0.009537 | w_AVO=1.000 | w_P3=2.157 | lambda_MMD=0.150
2025-09-29 13:20:58 - Epoch Summary: TrainLoss=0.6615 | TrainAcc=0.748 | Val(P3)=0.528 | Val(AVO)=0.670
2025-09-29 13:20:58 - No P3-val improvement; patience remaining: 15/50
2025-09-29 13:20:58 - Epoch 71/500 | LR=0.009524 | w_AVO=1.000 | w_P3=2.696 | lambda_MMD=0.300
2025-09-29 13:20:59 - Epoch Summary: TrainLoss=0.7775 | TrainAcc=0.727 | Val(P3)=0.472 | Val(AVO)=0.650
2025-09-29 13:20:59 - No P3-val improvement; patience remaining: 14/50
2025-09-29 13:20:59 - Epoch 72/500 | LR=0.009511 | w_AVO=1.000 | w_P3=2.696 | lambda_MMD=0.300
2025-09-29 13:20:59 - Epoch Summary: TrainLoss=0.7256 | TrainAcc=0.749 | Val(P3)=0.528 | Val(AVO)=0.660
2025-09-29 13:20:59 - No P3-val improvement; patience remaining: 13/50
2025-09-29 13:20:59 - Epoch 73/500 | LR=0.009497 | w_AVO=1.000 | w_P3=2.696 | lambda_MMD=0.300
2025-09-29 13:20:59 - Epoch Summary: TrainLoss=0.7156 | TrainAcc=0.751 | Val(P3)=0.500 | Val(AVO)=0.676
2025-09-29 13:20:59 - No P3-val improvement; patience remaining: 12/50
2025-09-29 13:20:59 - Epoch 74/500 | LR=0.009483 | w_AVO=1.000 | w_P3=2.696 | lambda_MMD=0.300
2025-09-29 13:20:59 - Epoch Summary: TrainLoss=0.7098 | TrainAcc=0.746 | Val(P3)=0.528 | Val(AVO)=0.631
2025-09-29 13:20:59 - No P3-val improvement; patience remaining: 11/50
2025-09-29 13:20:59 - Epoch 75/500 | LR=0.009469 | w_AVO=1.000 | w_P3=2.696 | lambda_MMD=0.300
2025-09-29 13:20:59 - Epoch Summary: TrainLoss=0.6992 | TrainAcc=0.764 | Val(P3)=0.528 | Val(AVO)=0.650
2025-09-29 13:20:59 - No P3-val improvement; patience remaining: 10/50
2025-09-29 13:20:59 - Epoch 76/500 | LR=0.009455 | w_AVO=1.000 | w_P3=2.696 | lambda_MMD=0.300
2025-09-29 13:20:59 - Epoch Summary: TrainLoss=0.7012 | TrainAcc=0.744 | Val(P3)=0.472 | Val(AVO)=0.680
2025-09-29 13:20:59 - No P3-val improvement; patience remaining: 9/50
2025-09-29 13:20:59 - Epoch 77/500 | LR=0.009441 | w_AVO=1.000 | w_P3=2.696 | lambda_MMD=0.300
2025-09-29 13:21:00 - Epoch Summary: TrainLoss=0.7056 | TrainAcc=0.753 | Val(P3)=0.528 | Val(AVO)=0.657
2025-09-29 13:21:00 - No P3-val improvement; patience remaining: 8/50
2025-09-29 13:21:00 - Epoch 78/500 | LR=0.009426 | w_AVO=1.000 | w_P3=2.696 | lambda_MMD=0.300
2025-09-29 13:21:00 - Epoch Summary: TrainLoss=0.6837 | TrainAcc=0.759 | Val(P3)=0.528 | Val(AVO)=0.657
2025-09-29 13:21:00 - No P3-val improvement; patience remaining: 7/50
2025-09-29 13:21:00 - Epoch 79/500 | LR=0.009411 | w_AVO=1.000 | w_P3=2.696 | lambda_MMD=0.300
2025-09-29 13:21:00 - Epoch Summary: TrainLoss=0.6818 | TrainAcc=0.760 | Val(P3)=0.528 | Val(AVO)=0.650
2025-09-29 13:21:00 - No P3-val improvement; patience remaining: 6/50
2025-09-29 13:21:00 - Epoch 80/500 | LR=0.009397 | w_AVO=1.000 | w_P3=2.696 | lambda_MMD=0.300
2025-09-29 13:21:00 - Epoch Summary: TrainLoss=0.6798 | TrainAcc=0.758 | Val(P3)=0.472 | Val(AVO)=0.647
2025-09-29 13:21:00 - No P3-val improvement; patience remaining: 5/50
2025-09-29 13:21:00 - AVO val decreasing 3x. Reducing lambda_MMD to 0.210
2025-09-29 13:21:00 - Epoch 81/500 | LR=0.009382 | w_AVO=1.000 | w_P3=2.696 | lambda_MMD=0.210
2025-09-29 13:21:00 - Epoch Summary: TrainLoss=0.6380 | TrainAcc=0.771 | Val(P3)=0.528 | Val(AVO)=0.644
2025-09-29 13:21:00 - No P3-val improvement; patience remaining: 4/50
2025-09-29 13:21:00 - AVO val decreasing 3x. Reducing lambda_MMD to 0.210
2025-09-29 13:21:00 - Epoch 82/500 | LR=0.009366 | w_AVO=1.000 | w_P3=2.696 | lambda_MMD=0.210
2025-09-29 13:21:01 - Epoch Summary: TrainLoss=0.6498 | TrainAcc=0.765 | Val(P3)=0.472 | Val(AVO)=0.657
2025-09-29 13:21:01 - No P3-val improvement; patience remaining: 3/50
2025-09-29 13:21:01 - Epoch 83/500 | LR=0.009351 | w_AVO=1.000 | w_P3=2.696 | lambda_MMD=0.300
2025-09-29 13:21:01 - Epoch Summary: TrainLoss=0.6692 | TrainAcc=0.761 | Val(P3)=0.500 | Val(AVO)=0.676
2025-09-29 13:21:01 - No P3-val improvement; patience remaining: 2/50
2025-09-29 13:21:01 - Epoch 84/500 | LR=0.009335 | w_AVO=1.000 | w_P3=2.696 | lambda_MMD=0.300
2025-09-29 13:21:01 - Epoch Summary: TrainLoss=0.7034 | TrainAcc=0.743 | Val(P3)=0.583 | Val(AVO)=0.628
2025-09-29 13:21:01 - No P3-val improvement; patience remaining: 1/50
2025-09-29 13:21:01 - Epoch 85/500 | LR=0.009320 | w_AVO=1.000 | w_P3=2.696 | lambda_MMD=0.300
2025-09-29 13:21:01 - Epoch Summary: TrainLoss=0.6840 | TrainAcc=0.762 | Val(P3)=0.444 | Val(AVO)=0.667
2025-09-29 13:21:01 - No P3-val improvement; patience remaining: 0/50
2025-09-29 13:21:01 - Early stopping triggered (P3-val)
2025-09-29 13:21:01 -     P3 Test | Acc=0.5000 P=0.4737 R=0.2571 F1=0.3333 AUC=0.4772 (n=72)
2025-09-29 13:21:01 -     AVO Test | Acc=0.6683 P=0.6804 R=0.6387 F1=0.6589 AUC=0.7180 (n=618)
2025-09-29 13:21:01 -     Overall Test Acc=0.6507
2025-09-29 13:21:01 - Repeat 4/5
2025-09-29 13:21:01 -   Fold 1/5
2025-09-29 13:21:01 - Fold domains: small=P3 (n=278), large=AVO (n=2137)
2025-09-29 13:21:01 - Auto adjustments (symmetric): w_small≈1.000, lambda_MMD_target=0.300, warmup_epochs=5
2025-09-29 13:21:01 - Epoch 1/500 | LR=0.010000 | w_AVO=1.000 | w_P3=1.355 | lambda_MMD=0.060
2025-09-29 13:21:01 - Epoch Summary: TrainLoss=1.7195 | TrainAcc=0.515 | Val(P3)=0.571 | Val(AVO)=0.581
2025-09-29 13:21:01 - New best P3-val; checkpoint updated
2025-09-29 13:21:01 - Epoch 2/500 | LR=0.010000 | w_AVO=1.000 | w_P3=1.709 | lambda_MMD=0.120
2025-09-29 13:21:01 - Epoch Summary: TrainLoss=1.7677 | TrainAcc=0.596 | Val(P3)=0.371 | Val(AVO)=0.632
2025-09-29 13:21:01 - No P3-val improvement; patience remaining: 49/50
2025-09-29 13:21:01 - Epoch 3/500 | LR=0.010000 | w_AVO=1.000 | w_P3=2.064 | lambda_MMD=0.180
2025-09-29 13:21:02 - Epoch Summary: TrainLoss=1.9435 | TrainAcc=0.607 | Val(P3)=0.429 | Val(AVO)=0.632
2025-09-29 13:21:02 - No P3-val improvement; patience remaining: 48/50
2025-09-29 13:21:02 - Epoch 4/500 | LR=0.009999 | w_AVO=1.000 | w_P3=2.418 | lambda_MMD=0.240
2025-09-29 13:21:02 - Epoch Summary: TrainLoss=2.1734 | TrainAcc=0.608 | Val(P3)=0.371 | Val(AVO)=0.606
2025-09-29 13:21:02 - No P3-val improvement; patience remaining: 47/50
2025-09-29 13:21:02 - Epoch 5/500 | LR=0.009998 | w_AVO=1.000 | w_P3=2.773 | lambda_MMD=0.300
2025-09-29 13:21:02 - Epoch Summary: TrainLoss=2.3233 | TrainAcc=0.624 | Val(P3)=0.457 | Val(AVO)=0.613
2025-09-29 13:21:02 - No P3-val improvement; patience remaining: 46/50
2025-09-29 13:21:02 - Epoch 6/500 | LR=0.009998 | w_AVO=1.000 | w_P3=2.773 | lambda_MMD=0.300
2025-09-29 13:21:02 - Epoch Summary: TrainLoss=2.2459 | TrainAcc=0.625 | Val(P3)=0.486 | Val(AVO)=0.577
2025-09-29 13:21:02 - No P3-val improvement; patience remaining: 45/50
2025-09-29 13:21:02 - Epoch 7/500 | LR=0.009996 | w_AVO=1.000 | w_P3=2.773 | lambda_MMD=0.300
2025-09-29 13:21:02 - Epoch Summary: TrainLoss=2.2577 | TrainAcc=0.628 | Val(P3)=0.457 | Val(AVO)=0.610
2025-09-29 13:21:02 - No P3-val improvement; patience remaining: 44/50
2025-09-29 13:21:02 - Epoch 8/500 | LR=0.009995 | w_AVO=1.000 | w_P3=2.773 | lambda_MMD=0.300
2025-09-29 13:21:02 - Epoch Summary: TrainLoss=2.1458 | TrainAcc=0.632 | Val(P3)=0.514 | Val(AVO)=0.603
2025-09-29 13:21:02 - No P3-val improvement; patience remaining: 43/50
2025-09-29 13:21:02 - Epoch 9/500 | LR=0.009994 | w_AVO=1.000 | w_P3=2.773 | lambda_MMD=0.300
2025-09-29 13:21:03 - Epoch Summary: TrainLoss=2.1238 | TrainAcc=0.631 | Val(P3)=0.457 | Val(AVO)=0.594
2025-09-29 13:21:03 - No P3-val improvement; patience remaining: 42/50
2025-09-29 13:21:03 - AVO val decreasing 3x. Reducing lambda_MMD to 0.210
2025-09-29 13:21:03 - Epoch 10/500 | LR=0.009992 | w_AVO=1.000 | w_P3=2.773 | lambda_MMD=0.210
2025-09-29 13:21:03 - Epoch Summary: TrainLoss=2.0916 | TrainAcc=0.651 | Val(P3)=0.371 | Val(AVO)=0.613
2025-09-29 13:21:03 - No P3-val improvement; patience remaining: 41/50
2025-09-29 13:21:03 - P3 val decreasing 3x. Reducing w_small to 2.218, lambda_MMD to 0.150
2025-09-29 13:21:03 - Epoch 11/500 | LR=0.009990 | w_AVO=1.000 | w_P3=2.218 | lambda_MMD=0.150
2025-09-29 13:21:03 - Epoch Summary: TrainLoss=1.7661 | TrainAcc=0.634 | Val(P3)=0.486 | Val(AVO)=0.613
2025-09-29 13:21:03 - No P3-val improvement; patience remaining: 40/50
2025-09-29 13:21:03 - Epoch 12/500 | LR=0.009988 | w_AVO=1.000 | w_P3=2.773 | lambda_MMD=0.300
2025-09-29 13:21:03 - Epoch Summary: TrainLoss=2.0009 | TrainAcc=0.645 | Val(P3)=0.486 | Val(AVO)=0.603
2025-09-29 13:21:03 - No P3-val improvement; patience remaining: 39/50
2025-09-29 13:21:03 - Epoch 13/500 | LR=0.009986 | w_AVO=1.000 | w_P3=2.773 | lambda_MMD=0.300
2025-09-29 13:21:03 - Epoch Summary: TrainLoss=1.9623 | TrainAcc=0.650 | Val(P3)=0.543 | Val(AVO)=0.587
2025-09-29 13:21:03 - No P3-val improvement; patience remaining: 38/50
2025-09-29 13:21:03 - AVO val decreasing 3x. Reducing lambda_MMD to 0.210
2025-09-29 13:21:03 - Epoch 14/500 | LR=0.009983 | w_AVO=1.000 | w_P3=2.773 | lambda_MMD=0.210
2025-09-29 13:21:03 - Epoch Summary: TrainLoss=1.9348 | TrainAcc=0.656 | Val(P3)=0.400 | Val(AVO)=0.590
2025-09-29 13:21:03 - No P3-val improvement; patience remaining: 37/50
2025-09-29 13:21:03 - Epoch 15/500 | LR=0.009981 | w_AVO=1.000 | w_P3=2.773 | lambda_MMD=0.300
2025-09-29 13:21:04 - Epoch Summary: TrainLoss=1.8528 | TrainAcc=0.653 | Val(P3)=0.486 | Val(AVO)=0.616
2025-09-29 13:21:04 - No P3-val improvement; patience remaining: 36/50
2025-09-29 13:21:04 - Epoch 16/500 | LR=0.009978 | w_AVO=1.000 | w_P3=2.773 | lambda_MMD=0.300
2025-09-29 13:21:04 - Epoch Summary: TrainLoss=1.8609 | TrainAcc=0.649 | Val(P3)=0.400 | Val(AVO)=0.635
2025-09-29 13:21:04 - No P3-val improvement; patience remaining: 35/50
2025-09-29 13:21:04 - Epoch 17/500 | LR=0.009975 | w_AVO=1.000 | w_P3=2.773 | lambda_MMD=0.300
2025-09-29 13:21:04 - Epoch Summary: TrainLoss=1.7758 | TrainAcc=0.655 | Val(P3)=0.457 | Val(AVO)=0.577
2025-09-29 13:21:04 - No P3-val improvement; patience remaining: 34/50
2025-09-29 13:21:04 - Epoch 18/500 | LR=0.009972 | w_AVO=1.000 | w_P3=2.773 | lambda_MMD=0.300
2025-09-29 13:21:04 - Epoch Summary: TrainLoss=1.7475 | TrainAcc=0.658 | Val(P3)=0.571 | Val(AVO)=0.587
2025-09-29 13:21:04 - No P3-val improvement; patience remaining: 33/50
2025-09-29 13:21:04 - Epoch 19/500 | LR=0.009968 | w_AVO=1.000 | w_P3=2.773 | lambda_MMD=0.300
2025-09-29 13:21:04 - Epoch Summary: TrainLoss=1.6960 | TrainAcc=0.667 | Val(P3)=0.486 | Val(AVO)=0.606
2025-09-29 13:21:04 - No P3-val improvement; patience remaining: 32/50
2025-09-29 13:21:04 - Epoch 20/500 | LR=0.009964 | w_AVO=1.000 | w_P3=2.773 | lambda_MMD=0.300
2025-09-29 13:21:04 - Epoch Summary: TrainLoss=1.6451 | TrainAcc=0.661 | Val(P3)=0.486 | Val(AVO)=0.619
2025-09-29 13:21:04 - No P3-val improvement; patience remaining: 31/50
2025-09-29 13:21:04 - Epoch 21/500 | LR=0.009961 | w_AVO=1.000 | w_P3=2.773 | lambda_MMD=0.300
2025-09-29 13:21:05 - Epoch Summary: TrainLoss=1.6213 | TrainAcc=0.661 | Val(P3)=0.429 | Val(AVO)=0.606
2025-09-29 13:21:05 - No P3-val improvement; patience remaining: 30/50
2025-09-29 13:21:05 - Epoch 22/500 | LR=0.009957 | w_AVO=1.000 | w_P3=2.773 | lambda_MMD=0.300
2025-09-29 13:21:05 - Epoch Summary: TrainLoss=1.6283 | TrainAcc=0.658 | Val(P3)=0.429 | Val(AVO)=0.619
2025-09-29 13:21:05 - No P3-val improvement; patience remaining: 29/50
2025-09-29 13:21:05 - Epoch 23/500 | LR=0.009952 | w_AVO=1.000 | w_P3=2.773 | lambda_MMD=0.300
2025-09-29 13:21:05 - Epoch Summary: TrainLoss=1.6399 | TrainAcc=0.654 | Val(P3)=0.429 | Val(AVO)=0.613
2025-09-29 13:21:05 - No P3-val improvement; patience remaining: 28/50
2025-09-29 13:21:05 - Epoch 24/500 | LR=0.009948 | w_AVO=1.000 | w_P3=2.773 | lambda_MMD=0.300
2025-09-29 13:21:05 - Epoch Summary: TrainLoss=1.5472 | TrainAcc=0.659 | Val(P3)=0.457 | Val(AVO)=0.594
2025-09-29 13:21:05 - No P3-val improvement; patience remaining: 27/50
2025-09-29 13:21:05 - AVO val decreasing 3x. Reducing lambda_MMD to 0.210
2025-09-29 13:21:05 - Epoch 25/500 | LR=0.009943 | w_AVO=1.000 | w_P3=2.773 | lambda_MMD=0.210
2025-09-29 13:21:05 - Epoch Summary: TrainLoss=1.4904 | TrainAcc=0.667 | Val(P3)=0.429 | Val(AVO)=0.623
2025-09-29 13:21:05 - No P3-val improvement; patience remaining: 26/50
2025-09-29 13:21:05 - Epoch 26/500 | LR=0.009938 | w_AVO=1.000 | w_P3=2.773 | lambda_MMD=0.300
2025-09-29 13:21:06 - Epoch Summary: TrainLoss=1.4494 | TrainAcc=0.669 | Val(P3)=0.429 | Val(AVO)=0.635
2025-09-29 13:21:06 - No P3-val improvement; patience remaining: 25/50
2025-09-29 13:21:06 - Epoch 27/500 | LR=0.009933 | w_AVO=1.000 | w_P3=2.773 | lambda_MMD=0.300
2025-09-29 13:21:06 - Epoch Summary: TrainLoss=1.4342 | TrainAcc=0.670 | Val(P3)=0.400 | Val(AVO)=0.616
2025-09-29 13:21:06 - No P3-val improvement; patience remaining: 24/50
2025-09-29 13:21:06 - Epoch 28/500 | LR=0.009928 | w_AVO=1.000 | w_P3=2.773 | lambda_MMD=0.300
2025-09-29 13:21:06 - Epoch Summary: TrainLoss=1.3846 | TrainAcc=0.668 | Val(P3)=0.429 | Val(AVO)=0.606
2025-09-29 13:21:06 - No P3-val improvement; patience remaining: 23/50
2025-09-29 13:21:06 - AVO val decreasing 3x. Reducing lambda_MMD to 0.210
2025-09-29 13:21:06 - Epoch 29/500 | LR=0.009923 | w_AVO=1.000 | w_P3=2.773 | lambda_MMD=0.210
2025-09-29 13:21:06 - Epoch Summary: TrainLoss=1.3620 | TrainAcc=0.667 | Val(P3)=0.457 | Val(AVO)=0.619
2025-09-29 13:21:06 - No P3-val improvement; patience remaining: 22/50
2025-09-29 13:21:06 - Epoch 30/500 | LR=0.009917 | w_AVO=1.000 | w_P3=2.773 | lambda_MMD=0.300
2025-09-29 13:21:06 - Epoch Summary: TrainLoss=1.3100 | TrainAcc=0.682 | Val(P3)=0.486 | Val(AVO)=0.619
2025-09-29 13:21:06 - No P3-val improvement; patience remaining: 21/50
2025-09-29 13:21:06 - Epoch 31/500 | LR=0.009911 | w_AVO=1.000 | w_P3=2.773 | lambda_MMD=0.300
2025-09-29 13:21:06 - Epoch Summary: TrainLoss=1.3441 | TrainAcc=0.662 | Val(P3)=0.429 | Val(AVO)=0.626
2025-09-29 13:21:06 - No P3-val improvement; patience remaining: 20/50
2025-09-29 13:21:06 - Epoch 32/500 | LR=0.009905 | w_AVO=1.000 | w_P3=2.773 | lambda_MMD=0.300
2025-09-29 13:21:07 - Epoch Summary: TrainLoss=1.3188 | TrainAcc=0.675 | Val(P3)=0.457 | Val(AVO)=0.626
2025-09-29 13:21:07 - No P3-val improvement; patience remaining: 19/50
2025-09-29 13:21:07 - Epoch 33/500 | LR=0.009899 | w_AVO=1.000 | w_P3=2.773 | lambda_MMD=0.300
2025-09-29 13:21:07 - Epoch Summary: TrainLoss=1.2839 | TrainAcc=0.676 | Val(P3)=0.514 | Val(AVO)=0.616
2025-09-29 13:21:07 - No P3-val improvement; patience remaining: 18/50
2025-09-29 13:21:07 - Epoch 34/500 | LR=0.009893 | w_AVO=1.000 | w_P3=2.773 | lambda_MMD=0.300
2025-09-29 13:21:07 - Epoch Summary: TrainLoss=1.2541 | TrainAcc=0.675 | Val(P3)=0.400 | Val(AVO)=0.613
2025-09-29 13:21:07 - No P3-val improvement; patience remaining: 17/50
2025-09-29 13:21:07 - AVO val decreasing 3x. Reducing lambda_MMD to 0.210
2025-09-29 13:21:07 - Epoch 35/500 | LR=0.009886 | w_AVO=1.000 | w_P3=2.773 | lambda_MMD=0.210
2025-09-29 13:21:07 - Epoch Summary: TrainLoss=1.2328 | TrainAcc=0.680 | Val(P3)=0.486 | Val(AVO)=0.623
2025-09-29 13:21:07 - No P3-val improvement; patience remaining: 16/50
2025-09-29 13:21:07 - Epoch 36/500 | LR=0.009880 | w_AVO=1.000 | w_P3=2.773 | lambda_MMD=0.300
2025-09-29 13:21:07 - Epoch Summary: TrainLoss=1.2102 | TrainAcc=0.667 | Val(P3)=0.400 | Val(AVO)=0.613
2025-09-29 13:21:07 - No P3-val improvement; patience remaining: 15/50
2025-09-29 13:21:07 - Epoch 37/500 | LR=0.009873 | w_AVO=1.000 | w_P3=2.773 | lambda_MMD=0.300
2025-09-29 13:21:07 - Epoch Summary: TrainLoss=1.1694 | TrainAcc=0.679 | Val(P3)=0.457 | Val(AVO)=0.594
2025-09-29 13:21:07 - No P3-val improvement; patience remaining: 14/50
2025-09-29 13:21:07 - AVO val decreasing 3x. Reducing lambda_MMD to 0.210
2025-09-29 13:21:07 - Epoch 38/500 | LR=0.009865 | w_AVO=1.000 | w_P3=2.773 | lambda_MMD=0.210
2025-09-29 13:21:08 - Epoch Summary: TrainLoss=1.1415 | TrainAcc=0.678 | Val(P3)=0.429 | Val(AVO)=0.645
2025-09-29 13:21:08 - No P3-val improvement; patience remaining: 13/50
2025-09-29 13:21:08 - Epoch 39/500 | LR=0.009858 | w_AVO=1.000 | w_P3=2.773 | lambda_MMD=0.300
2025-09-29 13:21:08 - Epoch Summary: TrainLoss=1.1207 | TrainAcc=0.681 | Val(P3)=0.486 | Val(AVO)=0.587
2025-09-29 13:21:08 - No P3-val improvement; patience remaining: 12/50
2025-09-29 13:21:08 - Epoch 40/500 | LR=0.009851 | w_AVO=1.000 | w_P3=2.773 | lambda_MMD=0.300
2025-09-29 13:21:08 - Epoch Summary: TrainLoss=1.0965 | TrainAcc=0.684 | Val(P3)=0.429 | Val(AVO)=0.613
2025-09-29 13:21:08 - No P3-val improvement; patience remaining: 11/50
2025-09-29 13:21:08 - Epoch 41/500 | LR=0.009843 | w_AVO=1.000 | w_P3=2.773 | lambda_MMD=0.300
2025-09-29 13:21:08 - Epoch Summary: TrainLoss=1.0630 | TrainAcc=0.688 | Val(P3)=0.514 | Val(AVO)=0.606
2025-09-29 13:21:08 - No P3-val improvement; patience remaining: 10/50
2025-09-29 13:21:08 - Epoch 42/500 | LR=0.009835 | w_AVO=1.000 | w_P3=2.773 | lambda_MMD=0.300
2025-09-29 13:21:08 - Epoch Summary: TrainLoss=1.0770 | TrainAcc=0.690 | Val(P3)=0.486 | Val(AVO)=0.545
2025-09-29 13:21:08 - No P3-val improvement; patience remaining: 9/50
2025-09-29 13:21:08 - AVO val decreasing 3x. Reducing lambda_MMD to 0.210
2025-09-29 13:21:08 - Epoch 43/500 | LR=0.009827 | w_AVO=1.000 | w_P3=2.773 | lambda_MMD=0.210
2025-09-29 13:21:08 - Epoch Summary: TrainLoss=1.0432 | TrainAcc=0.676 | Val(P3)=0.371 | Val(AVO)=0.606
2025-09-29 13:21:08 - No P3-val improvement; patience remaining: 8/50
2025-09-29 13:21:08 - P3 val decreasing 3x. Reducing w_small to 2.218, lambda_MMD to 0.150
2025-09-29 13:21:08 - Epoch 44/500 | LR=0.009819 | w_AVO=1.000 | w_P3=2.218 | lambda_MMD=0.150
2025-09-29 13:21:09 - Epoch Summary: TrainLoss=0.9354 | TrainAcc=0.705 | Val(P3)=0.486 | Val(AVO)=0.548
2025-09-29 13:21:09 - No P3-val improvement; patience remaining: 7/50
2025-09-29 13:21:09 - Epoch 45/500 | LR=0.009810 | w_AVO=1.000 | w_P3=2.773 | lambda_MMD=0.300
2025-09-29 13:21:09 - Epoch Summary: TrainLoss=1.0275 | TrainAcc=0.694 | Val(P3)=0.457 | Val(AVO)=0.597
2025-09-29 13:21:09 - No P3-val improvement; patience remaining: 6/50
2025-09-29 13:21:09 - Epoch 46/500 | LR=0.009801 | w_AVO=1.000 | w_P3=2.773 | lambda_MMD=0.300
2025-09-29 13:21:09 - Epoch Summary: TrainLoss=0.9767 | TrainAcc=0.689 | Val(P3)=0.429 | Val(AVO)=0.574
2025-09-29 13:21:09 - No P3-val improvement; patience remaining: 5/50
2025-09-29 13:21:09 - P3 val decreasing 3x. Reducing w_small to 2.218, lambda_MMD to 0.150
2025-09-29 13:21:09 - Epoch 47/500 | LR=0.009793 | w_AVO=1.000 | w_P3=2.218 | lambda_MMD=0.150
2025-09-29 13:21:09 - Epoch Summary: TrainLoss=0.8809 | TrainAcc=0.694 | Val(P3)=0.429 | Val(AVO)=0.597
2025-09-29 13:21:09 - No P3-val improvement; patience remaining: 4/50
2025-09-29 13:21:09 - Epoch 48/500 | LR=0.009784 | w_AVO=1.000 | w_P3=2.773 | lambda_MMD=0.300
2025-09-29 13:21:09 - Epoch Summary: TrainLoss=0.9845 | TrainAcc=0.701 | Val(P3)=0.457 | Val(AVO)=0.597
2025-09-29 13:21:09 - No P3-val improvement; patience remaining: 3/50
2025-09-29 13:21:09 - Epoch 49/500 | LR=0.009774 | w_AVO=1.000 | w_P3=2.773 | lambda_MMD=0.300
2025-09-29 13:21:09 - Epoch Summary: TrainLoss=0.9828 | TrainAcc=0.704 | Val(P3)=0.514 | Val(AVO)=0.548
2025-09-29 13:21:09 - No P3-val improvement; patience remaining: 2/50
2025-09-29 13:21:09 - Epoch 50/500 | LR=0.009765 | w_AVO=1.000 | w_P3=2.773 | lambda_MMD=0.300
2025-09-29 13:21:10 - Epoch Summary: TrainLoss=0.9644 | TrainAcc=0.693 | Val(P3)=0.400 | Val(AVO)=0.648
2025-09-29 13:21:10 - No P3-val improvement; patience remaining: 1/50
2025-09-29 13:21:10 - Epoch 51/500 | LR=0.009755 | w_AVO=1.000 | w_P3=2.773 | lambda_MMD=0.300
2025-09-29 13:21:10 - Epoch Summary: TrainLoss=0.9647 | TrainAcc=0.701 | Val(P3)=0.429 | Val(AVO)=0.606
2025-09-29 13:21:10 - No P3-val improvement; patience remaining: 0/50
2025-09-29 13:21:10 - Early stopping triggered (P3-val)
2025-09-29 13:21:10 -     P3 Test | Acc=0.6322 P=0.6667 R=0.6939 F1=0.6800 AUC=0.6520 (n=87)
2025-09-29 13:21:10 -     AVO Test | Acc=0.6584 P=0.6092 R=0.8480 F1=0.7090 AUC=0.7396 (n=603)
2025-09-29 13:21:10 -     Overall Test Acc=0.6551
2025-09-29 13:21:10 -   Fold 2/5
2025-09-29 13:21:10 - Fold domains: small=P3 (n=277), large=AVO (n=2138)
2025-09-29 13:21:10 - Auto adjustments (symmetric): w_small≈1.000, lambda_MMD_target=0.300, warmup_epochs=5
2025-09-29 13:21:10 - Epoch 1/500 | LR=0.010000 | w_AVO=1.000 | w_P3=1.356 | lambda_MMD=0.060
2025-09-29 13:21:10 - Epoch Summary: TrainLoss=1.6663 | TrainAcc=0.562 | Val(P3)=0.686 | Val(AVO)=0.603
2025-09-29 13:21:10 - New best P3-val; checkpoint updated
2025-09-29 13:21:10 - Epoch 2/500 | LR=0.010000 | w_AVO=1.000 | w_P3=1.711 | lambda_MMD=0.120
2025-09-29 13:21:10 - Epoch Summary: TrainLoss=1.7542 | TrainAcc=0.602 | Val(P3)=0.514 | Val(AVO)=0.606
2025-09-29 13:21:10 - No P3-val improvement; patience remaining: 49/50
2025-09-29 13:21:10 - Epoch 3/500 | LR=0.010000 | w_AVO=1.000 | w_P3=2.067 | lambda_MMD=0.180
2025-09-29 13:21:10 - Epoch Summary: TrainLoss=1.9621 | TrainAcc=0.618 | Val(P3)=0.629 | Val(AVO)=0.619
2025-09-29 13:21:10 - No P3-val improvement; patience remaining: 48/50
2025-09-29 13:21:10 - Epoch 4/500 | LR=0.009999 | w_AVO=1.000 | w_P3=2.423 | lambda_MMD=0.240
2025-09-29 13:21:10 - Epoch Summary: TrainLoss=2.1427 | TrainAcc=0.625 | Val(P3)=0.629 | Val(AVO)=0.626
2025-09-29 13:21:10 - No P3-val improvement; patience remaining: 47/50
2025-09-29 13:21:10 - Epoch 5/500 | LR=0.009998 | w_AVO=1.000 | w_P3=2.778 | lambda_MMD=0.300
2025-09-29 13:21:11 - Epoch Summary: TrainLoss=2.3417 | TrainAcc=0.623 | Val(P3)=0.629 | Val(AVO)=0.635
2025-09-29 13:21:11 - No P3-val improvement; patience remaining: 46/50
2025-09-29 13:21:11 - Epoch 6/500 | LR=0.009998 | w_AVO=1.000 | w_P3=2.778 | lambda_MMD=0.300
2025-09-29 13:21:11 - Epoch Summary: TrainLoss=2.2954 | TrainAcc=0.614 | Val(P3)=0.600 | Val(AVO)=0.632
2025-09-29 13:21:11 - No P3-val improvement; patience remaining: 45/50
2025-09-29 13:21:11 - Epoch 7/500 | LR=0.009996 | w_AVO=1.000 | w_P3=2.778 | lambda_MMD=0.300
2025-09-29 13:21:11 - Epoch Summary: TrainLoss=2.1919 | TrainAcc=0.625 | Val(P3)=0.543 | Val(AVO)=0.645
2025-09-29 13:21:11 - No P3-val improvement; patience remaining: 44/50
2025-09-29 13:21:11 - P3 val decreasing 3x. Reducing w_small to 2.223, lambda_MMD to 0.150
2025-09-29 13:21:11 - Epoch 8/500 | LR=0.009995 | w_AVO=1.000 | w_P3=2.223 | lambda_MMD=0.150
2025-09-29 13:21:11 - Epoch Summary: TrainLoss=1.8765 | TrainAcc=0.635 | Val(P3)=0.543 | Val(AVO)=0.619
2025-09-29 13:21:11 - No P3-val improvement; patience remaining: 43/50
2025-09-29 13:21:11 - Epoch 9/500 | LR=0.009994 | w_AVO=1.000 | w_P3=2.778 | lambda_MMD=0.300
2025-09-29 13:21:11 - Epoch Summary: TrainLoss=2.1324 | TrainAcc=0.637 | Val(P3)=0.543 | Val(AVO)=0.632
2025-09-29 13:21:11 - No P3-val improvement; patience remaining: 42/50
2025-09-29 13:21:11 - Epoch 10/500 | LR=0.009992 | w_AVO=1.000 | w_P3=2.778 | lambda_MMD=0.300
2025-09-29 13:21:11 - Epoch Summary: TrainLoss=2.0851 | TrainAcc=0.638 | Val(P3)=0.600 | Val(AVO)=0.616
2025-09-29 13:21:11 - No P3-val improvement; patience remaining: 41/50
2025-09-29 13:21:11 - Epoch 11/500 | LR=0.009990 | w_AVO=1.000 | w_P3=2.778 | lambda_MMD=0.300
2025-09-29 13:21:12 - Epoch Summary: TrainLoss=2.0766 | TrainAcc=0.631 | Val(P3)=0.657 | Val(AVO)=0.658
2025-09-29 13:21:12 - No P3-val improvement; patience remaining: 40/50
2025-09-29 13:21:12 - Epoch 12/500 | LR=0.009988 | w_AVO=1.000 | w_P3=2.778 | lambda_MMD=0.300
2025-09-29 13:21:12 - Epoch Summary: TrainLoss=2.0323 | TrainAcc=0.643 | Val(P3)=0.600 | Val(AVO)=0.632
2025-09-29 13:21:12 - No P3-val improvement; patience remaining: 39/50
2025-09-29 13:21:12 - Epoch 13/500 | LR=0.009986 | w_AVO=1.000 | w_P3=2.778 | lambda_MMD=0.300
2025-09-29 13:21:12 - Epoch Summary: TrainLoss=1.9755 | TrainAcc=0.657 | Val(P3)=0.571 | Val(AVO)=0.600
2025-09-29 13:21:12 - No P3-val improvement; patience remaining: 38/50
2025-09-29 13:21:12 - P3 val decreasing 3x. Reducing w_small to 2.223, lambda_MMD to 0.150
2025-09-29 13:21:12 - AVO val decreasing 3x. Reducing lambda_MMD to 0.105
2025-09-29 13:21:12 - Epoch 14/500 | LR=0.009983 | w_AVO=1.000 | w_P3=2.223 | lambda_MMD=0.105
2025-09-29 13:21:12 - Epoch Summary: TrainLoss=1.6486 | TrainAcc=0.658 | Val(P3)=0.571 | Val(AVO)=0.648
2025-09-29 13:21:12 - No P3-val improvement; patience remaining: 37/50
2025-09-29 13:21:12 - Epoch 15/500 | LR=0.009981 | w_AVO=1.000 | w_P3=2.778 | lambda_MMD=0.300
2025-09-29 13:21:12 - Epoch Summary: TrainLoss=1.9025 | TrainAcc=0.642 | Val(P3)=0.543 | Val(AVO)=0.629
2025-09-29 13:21:12 - No P3-val improvement; patience remaining: 36/50
2025-09-29 13:21:12 - Epoch 16/500 | LR=0.009978 | w_AVO=1.000 | w_P3=2.778 | lambda_MMD=0.300
2025-09-29 13:21:12 - Epoch Summary: TrainLoss=1.8626 | TrainAcc=0.652 | Val(P3)=0.571 | Val(AVO)=0.616
2025-09-29 13:21:12 - No P3-val improvement; patience remaining: 35/50
2025-09-29 13:21:12 - AVO val decreasing 3x. Reducing lambda_MMD to 0.210
2025-09-29 13:21:12 - Epoch 17/500 | LR=0.009975 | w_AVO=1.000 | w_P3=2.778 | lambda_MMD=0.210
2025-09-29 13:21:13 - Epoch Summary: TrainLoss=1.7732 | TrainAcc=0.662 | Val(P3)=0.571 | Val(AVO)=0.635
2025-09-29 13:21:13 - No P3-val improvement; patience remaining: 34/50
2025-09-29 13:21:13 - Epoch 18/500 | LR=0.009972 | w_AVO=1.000 | w_P3=2.778 | lambda_MMD=0.300
2025-09-29 13:21:13 - Epoch Summary: TrainLoss=1.7374 | TrainAcc=0.666 | Val(P3)=0.514 | Val(AVO)=0.645
2025-09-29 13:21:13 - No P3-val improvement; patience remaining: 33/50
2025-09-29 13:21:13 - Epoch 19/500 | LR=0.009968 | w_AVO=1.000 | w_P3=2.778 | lambda_MMD=0.300
2025-09-29 13:21:13 - Epoch Summary: TrainLoss=1.7290 | TrainAcc=0.660 | Val(P3)=0.600 | Val(AVO)=0.629
2025-09-29 13:21:13 - No P3-val improvement; patience remaining: 32/50
2025-09-29 13:21:13 - Epoch 20/500 | LR=0.009964 | w_AVO=1.000 | w_P3=2.778 | lambda_MMD=0.300
2025-09-29 13:21:13 - Epoch Summary: TrainLoss=1.6735 | TrainAcc=0.656 | Val(P3)=0.486 | Val(AVO)=0.665
2025-09-29 13:21:13 - No P3-val improvement; patience remaining: 31/50
2025-09-29 13:21:13 - Epoch 21/500 | LR=0.009961 | w_AVO=1.000 | w_P3=2.778 | lambda_MMD=0.300
2025-09-29 13:21:13 - Epoch Summary: TrainLoss=1.6509 | TrainAcc=0.661 | Val(P3)=0.571 | Val(AVO)=0.658
2025-09-29 13:21:13 - No P3-val improvement; patience remaining: 30/50
2025-09-29 13:21:13 - Epoch 22/500 | LR=0.009957 | w_AVO=1.000 | w_P3=2.778 | lambda_MMD=0.300
2025-09-29 13:21:13 - Epoch Summary: TrainLoss=1.6235 | TrainAcc=0.662 | Val(P3)=0.571 | Val(AVO)=0.597
2025-09-29 13:21:13 - No P3-val improvement; patience remaining: 29/50
2025-09-29 13:21:13 - AVO val decreasing 3x. Reducing lambda_MMD to 0.210
2025-09-29 13:21:13 - Epoch 23/500 | LR=0.009952 | w_AVO=1.000 | w_P3=2.778 | lambda_MMD=0.210
2025-09-29 13:21:14 - Epoch Summary: TrainLoss=1.5630 | TrainAcc=0.677 | Val(P3)=0.571 | Val(AVO)=0.594
2025-09-29 13:21:14 - No P3-val improvement; patience remaining: 28/50
2025-09-29 13:21:14 - AVO val decreasing 3x. Reducing lambda_MMD to 0.210
2025-09-29 13:21:14 - Epoch 24/500 | LR=0.009948 | w_AVO=1.000 | w_P3=2.778 | lambda_MMD=0.210
2025-09-29 13:21:14 - Epoch Summary: TrainLoss=1.5879 | TrainAcc=0.664 | Val(P3)=0.571 | Val(AVO)=0.623
2025-09-29 13:21:14 - No P3-val improvement; patience remaining: 27/50
2025-09-29 13:21:14 - Epoch 25/500 | LR=0.009943 | w_AVO=1.000 | w_P3=2.778 | lambda_MMD=0.300
2025-09-29 13:21:14 - Epoch Summary: TrainLoss=1.5126 | TrainAcc=0.668 | Val(P3)=0.571 | Val(AVO)=0.623
2025-09-29 13:21:14 - No P3-val improvement; patience remaining: 26/50
2025-09-29 13:21:14 - Epoch 26/500 | LR=0.009938 | w_AVO=1.000 | w_P3=2.778 | lambda_MMD=0.300
2025-09-29 13:21:14 - Epoch Summary: TrainLoss=1.4300 | TrainAcc=0.673 | Val(P3)=0.514 | Val(AVO)=0.629
2025-09-29 13:21:14 - No P3-val improvement; patience remaining: 25/50
2025-09-29 13:21:14 - Epoch 27/500 | LR=0.009933 | w_AVO=1.000 | w_P3=2.778 | lambda_MMD=0.300
2025-09-29 13:21:14 - Epoch Summary: TrainLoss=1.4487 | TrainAcc=0.658 | Val(P3)=0.600 | Val(AVO)=0.635
2025-09-29 13:21:14 - No P3-val improvement; patience remaining: 24/50
2025-09-29 13:21:14 - Epoch 28/500 | LR=0.009928 | w_AVO=1.000 | w_P3=2.778 | lambda_MMD=0.300
2025-09-29 13:21:15 - Epoch Summary: TrainLoss=1.4337 | TrainAcc=0.679 | Val(P3)=0.543 | Val(AVO)=0.635
2025-09-29 13:21:15 - No P3-val improvement; patience remaining: 23/50
2025-09-29 13:21:15 - Epoch 29/500 | LR=0.009923 | w_AVO=1.000 | w_P3=2.778 | lambda_MMD=0.300
2025-09-29 13:21:15 - Epoch Summary: TrainLoss=1.3862 | TrainAcc=0.674 | Val(P3)=0.543 | Val(AVO)=0.635
2025-09-29 13:21:15 - No P3-val improvement; patience remaining: 22/50
2025-09-29 13:21:15 - Epoch 30/500 | LR=0.009917 | w_AVO=1.000 | w_P3=2.778 | lambda_MMD=0.300
2025-09-29 13:21:15 - Epoch Summary: TrainLoss=1.3669 | TrainAcc=0.676 | Val(P3)=0.514 | Val(AVO)=0.635
2025-09-29 13:21:15 - No P3-val improvement; patience remaining: 21/50
2025-09-29 13:21:15 - Epoch 31/500 | LR=0.009911 | w_AVO=1.000 | w_P3=2.778 | lambda_MMD=0.300
2025-09-29 13:21:15 - Epoch Summary: TrainLoss=1.2937 | TrainAcc=0.674 | Val(P3)=0.543 | Val(AVO)=0.632
2025-09-29 13:21:15 - No P3-val improvement; patience remaining: 20/50
2025-09-29 13:21:15 - Epoch 32/500 | LR=0.009905 | w_AVO=1.000 | w_P3=2.778 | lambda_MMD=0.300
2025-09-29 13:21:15 - Epoch Summary: TrainLoss=1.2662 | TrainAcc=0.681 | Val(P3)=0.543 | Val(AVO)=0.661
2025-09-29 13:21:15 - No P3-val improvement; patience remaining: 19/50
2025-09-29 13:21:15 - Epoch 33/500 | LR=0.009899 | w_AVO=1.000 | w_P3=2.778 | lambda_MMD=0.300
2025-09-29 13:21:15 - Epoch Summary: TrainLoss=1.2450 | TrainAcc=0.678 | Val(P3)=0.571 | Val(AVO)=0.635
2025-09-29 13:21:15 - No P3-val improvement; patience remaining: 18/50
2025-09-29 13:21:15 - Epoch 34/500 | LR=0.009893 | w_AVO=1.000 | w_P3=2.778 | lambda_MMD=0.300
2025-09-29 13:21:16 - Epoch Summary: TrainLoss=1.2008 | TrainAcc=0.686 | Val(P3)=0.543 | Val(AVO)=0.645
2025-09-29 13:21:16 - No P3-val improvement; patience remaining: 17/50
2025-09-29 13:21:16 - Epoch 35/500 | LR=0.009886 | w_AVO=1.000 | w_P3=2.778 | lambda_MMD=0.300
2025-09-29 13:21:16 - Epoch Summary: TrainLoss=1.1757 | TrainAcc=0.684 | Val(P3)=0.514 | Val(AVO)=0.613
2025-09-29 13:21:16 - No P3-val improvement; patience remaining: 16/50
2025-09-29 13:21:16 - P3 val decreasing 3x. Reducing w_small to 2.223, lambda_MMD to 0.150
2025-09-29 13:21:16 - Epoch 36/500 | LR=0.009880 | w_AVO=1.000 | w_P3=2.223 | lambda_MMD=0.150
2025-09-29 13:21:16 - Epoch Summary: TrainLoss=1.0588 | TrainAcc=0.684 | Val(P3)=0.543 | Val(AVO)=0.639
2025-09-29 13:21:16 - No P3-val improvement; patience remaining: 15/50
2025-09-29 13:21:16 - Epoch 37/500 | LR=0.009873 | w_AVO=1.000 | w_P3=2.778 | lambda_MMD=0.300
2025-09-29 13:21:16 - Epoch Summary: TrainLoss=1.1489 | TrainAcc=0.688 | Val(P3)=0.457 | Val(AVO)=0.639
2025-09-29 13:21:16 - No P3-val improvement; patience remaining: 14/50
2025-09-29 13:21:16 - Epoch 38/500 | LR=0.009865 | w_AVO=1.000 | w_P3=2.778 | lambda_MMD=0.300
2025-09-29 13:21:16 - Epoch Summary: TrainLoss=1.1651 | TrainAcc=0.697 | Val(P3)=0.543 | Val(AVO)=0.681
2025-09-29 13:21:16 - No P3-val improvement; patience remaining: 13/50
2025-09-29 13:21:16 - Epoch 39/500 | LR=0.009858 | w_AVO=1.000 | w_P3=2.778 | lambda_MMD=0.300
2025-09-29 13:21:16 - Epoch Summary: TrainLoss=1.1051 | TrainAcc=0.690 | Val(P3)=0.543 | Val(AVO)=0.652
2025-09-29 13:21:16 - No P3-val improvement; patience remaining: 12/50
2025-09-29 13:21:16 - Epoch 40/500 | LR=0.009851 | w_AVO=1.000 | w_P3=2.778 | lambda_MMD=0.300
2025-09-29 13:21:17 - Epoch Summary: TrainLoss=1.0939 | TrainAcc=0.697 | Val(P3)=0.543 | Val(AVO)=0.645
2025-09-29 13:21:17 - No P3-val improvement; patience remaining: 11/50
2025-09-29 13:21:17 - AVO val decreasing 3x. Reducing lambda_MMD to 0.210
2025-09-29 13:21:17 - Epoch 41/500 | LR=0.009843 | w_AVO=1.000 | w_P3=2.778 | lambda_MMD=0.210
2025-09-29 13:21:17 - Epoch Summary: TrainLoss=1.0680 | TrainAcc=0.689 | Val(P3)=0.486 | Val(AVO)=0.577
2025-09-29 13:21:17 - No P3-val improvement; patience remaining: 10/50
2025-09-29 13:21:17 - AVO val decreasing 3x. Reducing lambda_MMD to 0.210
2025-09-29 13:21:17 - Epoch 42/500 | LR=0.009835 | w_AVO=1.000 | w_P3=2.778 | lambda_MMD=0.210
2025-09-29 13:21:17 - Epoch Summary: TrainLoss=1.0375 | TrainAcc=0.693 | Val(P3)=0.571 | Val(AVO)=0.665
2025-09-29 13:21:17 - No P3-val improvement; patience remaining: 9/50
2025-09-29 13:21:17 - Epoch 43/500 | LR=0.009827 | w_AVO=1.000 | w_P3=2.778 | lambda_MMD=0.300
2025-09-29 13:21:17 - Epoch Summary: TrainLoss=1.0542 | TrainAcc=0.695 | Val(P3)=0.543 | Val(AVO)=0.626
2025-09-29 13:21:17 - No P3-val improvement; patience remaining: 8/50
2025-09-29 13:21:17 - Epoch 44/500 | LR=0.009819 | w_AVO=1.000 | w_P3=2.778 | lambda_MMD=0.300
2025-09-29 13:21:17 - Epoch Summary: TrainLoss=1.0399 | TrainAcc=0.691 | Val(P3)=0.543 | Val(AVO)=0.648
2025-09-29 13:21:17 - No P3-val improvement; patience remaining: 7/50
2025-09-29 13:21:17 - Epoch 45/500 | LR=0.009810 | w_AVO=1.000 | w_P3=2.778 | lambda_MMD=0.300
2025-09-29 13:21:17 - Epoch Summary: TrainLoss=1.0313 | TrainAcc=0.692 | Val(P3)=0.514 | Val(AVO)=0.661
2025-09-29 13:21:17 - No P3-val improvement; patience remaining: 6/50
2025-09-29 13:21:17 - Epoch 46/500 | LR=0.009801 | w_AVO=1.000 | w_P3=2.778 | lambda_MMD=0.300
2025-09-29 13:21:18 - Epoch Summary: TrainLoss=0.9771 | TrainAcc=0.704 | Val(P3)=0.514 | Val(AVO)=0.658
2025-09-29 13:21:18 - No P3-val improvement; patience remaining: 5/50
2025-09-29 13:21:18 - Epoch 47/500 | LR=0.009793 | w_AVO=1.000 | w_P3=2.778 | lambda_MMD=0.300
2025-09-29 13:21:18 - Epoch Summary: TrainLoss=0.9812 | TrainAcc=0.692 | Val(P3)=0.514 | Val(AVO)=0.623
2025-09-29 13:21:18 - No P3-val improvement; patience remaining: 4/50
2025-09-29 13:21:18 - AVO val decreasing 3x. Reducing lambda_MMD to 0.210
2025-09-29 13:21:18 - Epoch 48/500 | LR=0.009784 | w_AVO=1.000 | w_P3=2.778 | lambda_MMD=0.210
2025-09-29 13:21:18 - Epoch Summary: TrainLoss=0.9763 | TrainAcc=0.684 | Val(P3)=0.514 | Val(AVO)=0.661
2025-09-29 13:21:18 - No P3-val improvement; patience remaining: 3/50
2025-09-29 13:21:18 - Epoch 49/500 | LR=0.009774 | w_AVO=1.000 | w_P3=2.778 | lambda_MMD=0.300
2025-09-29 13:21:18 - Epoch Summary: TrainLoss=0.9480 | TrainAcc=0.699 | Val(P3)=0.514 | Val(AVO)=0.665
2025-09-29 13:21:18 - No P3-val improvement; patience remaining: 2/50
2025-09-29 13:21:18 - Epoch 50/500 | LR=0.009765 | w_AVO=1.000 | w_P3=2.778 | lambda_MMD=0.300
2025-09-29 13:21:18 - Epoch Summary: TrainLoss=0.9188 | TrainAcc=0.705 | Val(P3)=0.514 | Val(AVO)=0.629
2025-09-29 13:21:18 - No P3-val improvement; patience remaining: 1/50
2025-09-29 13:21:18 - Epoch 51/500 | LR=0.009755 | w_AVO=1.000 | w_P3=2.778 | lambda_MMD=0.300
2025-09-29 13:21:18 - Epoch Summary: TrainLoss=0.8911 | TrainAcc=0.708 | Val(P3)=0.543 | Val(AVO)=0.674
2025-09-29 13:21:18 - No P3-val improvement; patience remaining: 0/50
2025-09-29 13:21:18 - Early stopping triggered (P3-val)
2025-09-29 13:21:18 -     P3 Test | Acc=0.5455 P=0.4694 R=0.6216 F1=0.5349 AUC=0.5702 (n=88)
2025-09-29 13:21:18 -     AVO Test | Acc=0.6163 P=0.6522 R=0.5357 F1=0.5882 AUC=0.6803 (n=602)
2025-09-29 13:21:18 -     Overall Test Acc=0.6072
2025-09-29 13:21:18 -   Fold 3/5
2025-09-29 13:21:18 - Fold domains: small=P3 (n=286), large=AVO (n=2129)
2025-09-29 13:21:18 - Auto adjustments (symmetric): w_small≈1.000, lambda_MMD_target=0.300, warmup_epochs=5
2025-09-29 13:21:18 - Epoch 1/500 | LR=0.010000 | w_AVO=1.000 | w_P3=1.346 | lambda_MMD=0.060
2025-09-29 13:21:19 - Epoch Summary: TrainLoss=1.6722 | TrainAcc=0.529 | Val(P3)=0.528 | Val(AVO)=0.579
2025-09-29 13:21:19 - New best P3-val; checkpoint updated
2025-09-29 13:21:19 - Epoch 2/500 | LR=0.010000 | w_AVO=1.000 | w_P3=1.691 | lambda_MMD=0.120
2025-09-29 13:21:19 - Epoch Summary: TrainLoss=1.7437 | TrainAcc=0.580 | Val(P3)=0.556 | Val(AVO)=0.615
2025-09-29 13:21:19 - New best P3-val; checkpoint updated
2025-09-29 13:21:19 - Epoch 3/500 | LR=0.010000 | w_AVO=1.000 | w_P3=2.037 | lambda_MMD=0.180
2025-09-29 13:21:19 - Epoch Summary: TrainLoss=1.8878 | TrainAcc=0.598 | Val(P3)=0.500 | Val(AVO)=0.641
2025-09-29 13:21:19 - No P3-val improvement; patience remaining: 49/50
2025-09-29 13:21:19 - Epoch 4/500 | LR=0.009999 | w_AVO=1.000 | w_P3=2.383 | lambda_MMD=0.240
2025-09-29 13:21:19 - Epoch Summary: TrainLoss=2.0717 | TrainAcc=0.607 | Val(P3)=0.528 | Val(AVO)=0.608
2025-09-29 13:21:19 - No P3-val improvement; patience remaining: 48/50
2025-09-29 13:21:19 - Epoch 5/500 | LR=0.009998 | w_AVO=1.000 | w_P3=2.728 | lambda_MMD=0.300
2025-09-29 13:21:19 - Epoch Summary: TrainLoss=2.2249 | TrainAcc=0.604 | Val(P3)=0.556 | Val(AVO)=0.605
2025-09-29 13:21:19 - No P3-val improvement; patience remaining: 47/50
2025-09-29 13:21:19 - AVO val decreasing 3x. Reducing lambda_MMD to 0.210
2025-09-29 13:21:19 - Epoch 6/500 | LR=0.009998 | w_AVO=1.000 | w_P3=2.728 | lambda_MMD=0.210
2025-09-29 13:21:19 - Epoch Summary: TrainLoss=2.1248 | TrainAcc=0.606 | Val(P3)=0.500 | Val(AVO)=0.631
2025-09-29 13:21:19 - No P3-val improvement; patience remaining: 46/50
2025-09-29 13:21:19 - Epoch 7/500 | LR=0.009996 | w_AVO=1.000 | w_P3=2.728 | lambda_MMD=0.300
2025-09-29 13:21:20 - Epoch Summary: TrainLoss=2.1028 | TrainAcc=0.618 | Val(P3)=0.528 | Val(AVO)=0.615
2025-09-29 13:21:20 - No P3-val improvement; patience remaining: 45/50
2025-09-29 13:21:20 - Epoch 8/500 | LR=0.009995 | w_AVO=1.000 | w_P3=2.728 | lambda_MMD=0.300
2025-09-29 13:21:20 - Epoch Summary: TrainLoss=2.0490 | TrainAcc=0.624 | Val(P3)=0.611 | Val(AVO)=0.612
2025-09-29 13:21:20 - New best P3-val; checkpoint updated
2025-09-29 13:21:20 - AVO val decreasing 3x. Reducing lambda_MMD to 0.210
2025-09-29 13:21:20 - Epoch 9/500 | LR=0.009994 | w_AVO=1.000 | w_P3=2.728 | lambda_MMD=0.210
2025-09-29 13:21:20 - Epoch Summary: TrainLoss=1.9781 | TrainAcc=0.634 | Val(P3)=0.556 | Val(AVO)=0.621
2025-09-29 13:21:20 - No P3-val improvement; patience remaining: 49/50
2025-09-29 13:21:20 - Epoch 10/500 | LR=0.009992 | w_AVO=1.000 | w_P3=2.728 | lambda_MMD=0.300
2025-09-29 13:21:20 - Epoch Summary: TrainLoss=1.9112 | TrainAcc=0.640 | Val(P3)=0.556 | Val(AVO)=0.631
2025-09-29 13:21:20 - No P3-val improvement; patience remaining: 48/50
2025-09-29 13:21:20 - Epoch 11/500 | LR=0.009990 | w_AVO=1.000 | w_P3=2.728 | lambda_MMD=0.300
2025-09-29 13:21:20 - Epoch Summary: TrainLoss=1.8623 | TrainAcc=0.640 | Val(P3)=0.639 | Val(AVO)=0.634
2025-09-29 13:21:20 - New best P3-val; checkpoint updated
2025-09-29 13:21:20 - Epoch 12/500 | LR=0.009988 | w_AVO=1.000 | w_P3=2.728 | lambda_MMD=0.300
2025-09-29 13:21:21 - Epoch Summary: TrainLoss=1.8419 | TrainAcc=0.639 | Val(P3)=0.639 | Val(AVO)=0.631
2025-09-29 13:21:21 - No P3-val improvement; patience remaining: 49/50
2025-09-29 13:21:21 - Epoch 13/500 | LR=0.009986 | w_AVO=1.000 | w_P3=2.728 | lambda_MMD=0.300
2025-09-29 13:21:21 - Epoch Summary: TrainLoss=1.7647 | TrainAcc=0.643 | Val(P3)=0.639 | Val(AVO)=0.631
2025-09-29 13:21:21 - No P3-val improvement; patience remaining: 48/50
2025-09-29 13:21:21 - Epoch 14/500 | LR=0.009983 | w_AVO=1.000 | w_P3=2.728 | lambda_MMD=0.300
2025-09-29 13:21:21 - Epoch Summary: TrainLoss=1.7213 | TrainAcc=0.652 | Val(P3)=0.694 | Val(AVO)=0.602
2025-09-29 13:21:21 - New best P3-val; checkpoint updated
2025-09-29 13:21:21 - Epoch 15/500 | LR=0.009981 | w_AVO=1.000 | w_P3=2.728 | lambda_MMD=0.300
2025-09-29 13:21:21 - Epoch Summary: TrainLoss=1.7142 | TrainAcc=0.639 | Val(P3)=0.667 | Val(AVO)=0.638
2025-09-29 13:21:21 - No P3-val improvement; patience remaining: 49/50
2025-09-29 13:21:21 - Epoch 16/500 | LR=0.009978 | w_AVO=1.000 | w_P3=2.728 | lambda_MMD=0.300
2025-09-29 13:21:21 - Epoch Summary: TrainLoss=1.6482 | TrainAcc=0.657 | Val(P3)=0.611 | Val(AVO)=0.657
2025-09-29 13:21:21 - No P3-val improvement; patience remaining: 48/50
2025-09-29 13:21:21 - P3 val decreasing 3x. Reducing w_small to 2.183, lambda_MMD to 0.150
2025-09-29 13:21:21 - Epoch 17/500 | LR=0.009975 | w_AVO=1.000 | w_P3=2.183 | lambda_MMD=0.150
2025-09-29 13:21:21 - Epoch Summary: TrainLoss=1.3852 | TrainAcc=0.660 | Val(P3)=0.667 | Val(AVO)=0.638
2025-09-29 13:21:21 - No P3-val improvement; patience remaining: 47/50
2025-09-29 13:21:21 - Epoch 18/500 | LR=0.009972 | w_AVO=1.000 | w_P3=2.728 | lambda_MMD=0.300
2025-09-29 13:21:22 - Epoch Summary: TrainLoss=1.5722 | TrainAcc=0.659 | Val(P3)=0.611 | Val(AVO)=0.641
2025-09-29 13:21:22 - No P3-val improvement; patience remaining: 46/50
2025-09-29 13:21:22 - Epoch 19/500 | LR=0.009968 | w_AVO=1.000 | w_P3=2.728 | lambda_MMD=0.300
2025-09-29 13:21:22 - Epoch Summary: TrainLoss=1.5226 | TrainAcc=0.669 | Val(P3)=0.639 | Val(AVO)=0.625
2025-09-29 13:21:22 - No P3-val improvement; patience remaining: 45/50
2025-09-29 13:21:22 - Epoch 20/500 | LR=0.009964 | w_AVO=1.000 | w_P3=2.728 | lambda_MMD=0.300
2025-09-29 13:21:22 - Epoch Summary: TrainLoss=1.6077 | TrainAcc=0.638 | Val(P3)=0.556 | Val(AVO)=0.628
2025-09-29 13:21:22 - No P3-val improvement; patience remaining: 44/50
2025-09-29 13:21:22 - Epoch 21/500 | LR=0.009961 | w_AVO=1.000 | w_P3=2.728 | lambda_MMD=0.300
2025-09-29 13:21:22 - Epoch Summary: TrainLoss=1.5327 | TrainAcc=0.656 | Val(P3)=0.611 | Val(AVO)=0.628
2025-09-29 13:21:22 - No P3-val improvement; patience remaining: 43/50
2025-09-29 13:21:22 - Epoch 22/500 | LR=0.009957 | w_AVO=1.000 | w_P3=2.728 | lambda_MMD=0.300
2025-09-29 13:21:22 - Epoch Summary: TrainLoss=1.4773 | TrainAcc=0.662 | Val(P3)=0.639 | Val(AVO)=0.641
2025-09-29 13:21:22 - No P3-val improvement; patience remaining: 42/50
2025-09-29 13:21:22 - Epoch 23/500 | LR=0.009952 | w_AVO=1.000 | w_P3=2.728 | lambda_MMD=0.300
2025-09-29 13:21:22 - Epoch Summary: TrainLoss=1.3980 | TrainAcc=0.666 | Val(P3)=0.611 | Val(AVO)=0.634
2025-09-29 13:21:22 - No P3-val improvement; patience remaining: 41/50
2025-09-29 13:21:22 - Epoch 24/500 | LR=0.009948 | w_AVO=1.000 | w_P3=2.728 | lambda_MMD=0.300
2025-09-29 13:21:23 - Epoch Summary: TrainLoss=1.3653 | TrainAcc=0.677 | Val(P3)=0.694 | Val(AVO)=0.647
2025-09-29 13:21:23 - No P3-val improvement; patience remaining: 40/50
2025-09-29 13:21:23 - Epoch 25/500 | LR=0.009943 | w_AVO=1.000 | w_P3=2.728 | lambda_MMD=0.300
2025-09-29 13:21:23 - Epoch Summary: TrainLoss=1.3592 | TrainAcc=0.666 | Val(P3)=0.639 | Val(AVO)=0.631
2025-09-29 13:21:23 - No P3-val improvement; patience remaining: 39/50
2025-09-29 13:21:23 - Epoch 26/500 | LR=0.009938 | w_AVO=1.000 | w_P3=2.728 | lambda_MMD=0.300
2025-09-29 13:21:23 - Epoch Summary: TrainLoss=1.3259 | TrainAcc=0.675 | Val(P3)=0.611 | Val(AVO)=0.628
2025-09-29 13:21:23 - No P3-val improvement; patience remaining: 38/50
2025-09-29 13:21:23 - P3 val decreasing 3x. Reducing w_small to 2.183, lambda_MMD to 0.150
2025-09-29 13:21:23 - AVO val decreasing 3x. Reducing lambda_MMD to 0.105
2025-09-29 13:21:23 - Epoch 27/500 | LR=0.009933 | w_AVO=1.000 | w_P3=2.183 | lambda_MMD=0.105
2025-09-29 13:21:23 - Epoch Summary: TrainLoss=1.1388 | TrainAcc=0.674 | Val(P3)=0.639 | Val(AVO)=0.647
2025-09-29 13:21:23 - No P3-val improvement; patience remaining: 37/50
2025-09-29 13:21:23 - Epoch 28/500 | LR=0.009928 | w_AVO=1.000 | w_P3=2.728 | lambda_MMD=0.300
2025-09-29 13:21:23 - Epoch Summary: TrainLoss=1.2544 | TrainAcc=0.676 | Val(P3)=0.583 | Val(AVO)=0.638
2025-09-29 13:21:23 - No P3-val improvement; patience remaining: 36/50
2025-09-29 13:21:23 - Epoch 29/500 | LR=0.009923 | w_AVO=1.000 | w_P3=2.728 | lambda_MMD=0.300
2025-09-29 13:21:23 - Epoch Summary: TrainLoss=1.2315 | TrainAcc=0.680 | Val(P3)=0.583 | Val(AVO)=0.625
2025-09-29 13:21:23 - No P3-val improvement; patience remaining: 35/50
2025-09-29 13:21:23 - AVO val decreasing 3x. Reducing lambda_MMD to 0.210
2025-09-29 13:21:23 - Epoch 30/500 | LR=0.009917 | w_AVO=1.000 | w_P3=2.728 | lambda_MMD=0.210
2025-09-29 13:21:24 - Epoch Summary: TrainLoss=1.1978 | TrainAcc=0.669 | Val(P3)=0.611 | Val(AVO)=0.592
2025-09-29 13:21:24 - No P3-val improvement; patience remaining: 34/50
2025-09-29 13:21:24 - AVO val decreasing 3x. Reducing lambda_MMD to 0.210
2025-09-29 13:21:24 - Epoch 31/500 | LR=0.009911 | w_AVO=1.000 | w_P3=2.728 | lambda_MMD=0.210
2025-09-29 13:21:24 - Epoch Summary: TrainLoss=1.2384 | TrainAcc=0.661 | Val(P3)=0.583 | Val(AVO)=0.660
2025-09-29 13:21:24 - No P3-val improvement; patience remaining: 33/50
2025-09-29 13:21:24 - Epoch 32/500 | LR=0.009905 | w_AVO=1.000 | w_P3=2.728 | lambda_MMD=0.300
2025-09-29 13:21:24 - Epoch Summary: TrainLoss=1.1611 | TrainAcc=0.680 | Val(P3)=0.639 | Val(AVO)=0.650
2025-09-29 13:21:24 - No P3-val improvement; patience remaining: 32/50
2025-09-29 13:21:24 - Epoch 33/500 | LR=0.009899 | w_AVO=1.000 | w_P3=2.728 | lambda_MMD=0.300
2025-09-29 13:21:24 - Epoch Summary: TrainLoss=1.1471 | TrainAcc=0.676 | Val(P3)=0.667 | Val(AVO)=0.621
2025-09-29 13:21:24 - No P3-val improvement; patience remaining: 31/50
2025-09-29 13:21:24 - AVO val decreasing 3x. Reducing lambda_MMD to 0.210
2025-09-29 13:21:24 - Epoch 34/500 | LR=0.009893 | w_AVO=1.000 | w_P3=2.728 | lambda_MMD=0.210
2025-09-29 13:21:24 - Epoch Summary: TrainLoss=1.0963 | TrainAcc=0.684 | Val(P3)=0.667 | Val(AVO)=0.631
2025-09-29 13:21:24 - No P3-val improvement; patience remaining: 30/50
2025-09-29 13:21:24 - Epoch 35/500 | LR=0.009886 | w_AVO=1.000 | w_P3=2.728 | lambda_MMD=0.300
2025-09-29 13:21:24 - Epoch Summary: TrainLoss=1.0995 | TrainAcc=0.686 | Val(P3)=0.611 | Val(AVO)=0.634
2025-09-29 13:21:24 - No P3-val improvement; patience remaining: 29/50
2025-09-29 13:21:24 - Epoch 36/500 | LR=0.009880 | w_AVO=1.000 | w_P3=2.728 | lambda_MMD=0.300
2025-09-29 13:21:25 - Epoch Summary: TrainLoss=1.0657 | TrainAcc=0.685 | Val(P3)=0.611 | Val(AVO)=0.641
2025-09-29 13:21:25 - No P3-val improvement; patience remaining: 28/50
2025-09-29 13:21:25 - Epoch 37/500 | LR=0.009873 | w_AVO=1.000 | w_P3=2.728 | lambda_MMD=0.300
2025-09-29 13:21:25 - Epoch Summary: TrainLoss=1.0549 | TrainAcc=0.697 | Val(P3)=0.583 | Val(AVO)=0.631
2025-09-29 13:21:25 - No P3-val improvement; patience remaining: 27/50
2025-09-29 13:21:25 - Epoch 38/500 | LR=0.009865 | w_AVO=1.000 | w_P3=2.728 | lambda_MMD=0.300
2025-09-29 13:21:25 - Epoch Summary: TrainLoss=1.0533 | TrainAcc=0.684 | Val(P3)=0.639 | Val(AVO)=0.654
2025-09-29 13:21:25 - No P3-val improvement; patience remaining: 26/50
2025-09-29 13:21:25 - Epoch 39/500 | LR=0.009858 | w_AVO=1.000 | w_P3=2.728 | lambda_MMD=0.300
2025-09-29 13:21:25 - Epoch Summary: TrainLoss=0.9898 | TrainAcc=0.679 | Val(P3)=0.667 | Val(AVO)=0.650
2025-09-29 13:21:25 - No P3-val improvement; patience remaining: 25/50
2025-09-29 13:21:25 - Epoch 40/500 | LR=0.009851 | w_AVO=1.000 | w_P3=2.728 | lambda_MMD=0.300
2025-09-29 13:21:25 - Epoch Summary: TrainLoss=0.9826 | TrainAcc=0.687 | Val(P3)=0.694 | Val(AVO)=0.644
2025-09-29 13:21:25 - No P3-val improvement; patience remaining: 24/50
2025-09-29 13:21:25 - AVO val decreasing 3x. Reducing lambda_MMD to 0.210
2025-09-29 13:21:25 - Epoch 41/500 | LR=0.009843 | w_AVO=1.000 | w_P3=2.728 | lambda_MMD=0.210
2025-09-29 13:21:26 - Epoch Summary: TrainLoss=0.9628 | TrainAcc=0.694 | Val(P3)=0.611 | Val(AVO)=0.638
2025-09-29 13:21:26 - No P3-val improvement; patience remaining: 23/50
2025-09-29 13:21:26 - AVO val decreasing 3x. Reducing lambda_MMD to 0.210
2025-09-29 13:21:26 - Epoch 42/500 | LR=0.009835 | w_AVO=1.000 | w_P3=2.728 | lambda_MMD=0.210
2025-09-29 13:21:26 - Epoch Summary: TrainLoss=0.9520 | TrainAcc=0.691 | Val(P3)=0.639 | Val(AVO)=0.660
2025-09-29 13:21:26 - No P3-val improvement; patience remaining: 22/50
2025-09-29 13:21:26 - Epoch 43/500 | LR=0.009827 | w_AVO=1.000 | w_P3=2.728 | lambda_MMD=0.300
2025-09-29 13:21:26 - Epoch Summary: TrainLoss=0.9397 | TrainAcc=0.689 | Val(P3)=0.639 | Val(AVO)=0.650
2025-09-29 13:21:26 - No P3-val improvement; patience remaining: 21/50
2025-09-29 13:21:26 - Epoch 44/500 | LR=0.009819 | w_AVO=1.000 | w_P3=2.728 | lambda_MMD=0.300
2025-09-29 13:21:26 - Epoch Summary: TrainLoss=0.9328 | TrainAcc=0.694 | Val(P3)=0.639 | Val(AVO)=0.641
2025-09-29 13:21:26 - No P3-val improvement; patience remaining: 20/50
2025-09-29 13:21:26 - AVO val decreasing 3x. Reducing lambda_MMD to 0.210
2025-09-29 13:21:26 - Epoch 45/500 | LR=0.009810 | w_AVO=1.000 | w_P3=2.728 | lambda_MMD=0.210
2025-09-29 13:21:26 - Epoch Summary: TrainLoss=0.8981 | TrainAcc=0.697 | Val(P3)=0.639 | Val(AVO)=0.650
2025-09-29 13:21:26 - No P3-val improvement; patience remaining: 19/50
2025-09-29 13:21:26 - Epoch 46/500 | LR=0.009801 | w_AVO=1.000 | w_P3=2.728 | lambda_MMD=0.300
2025-09-29 13:21:26 - Epoch Summary: TrainLoss=0.8927 | TrainAcc=0.701 | Val(P3)=0.694 | Val(AVO)=0.673
2025-09-29 13:21:26 - No P3-val improvement; patience remaining: 18/50
2025-09-29 13:21:26 - Epoch 47/500 | LR=0.009793 | w_AVO=1.000 | w_P3=2.728 | lambda_MMD=0.300
2025-09-29 13:21:27 - Epoch Summary: TrainLoss=0.8897 | TrainAcc=0.699 | Val(P3)=0.639 | Val(AVO)=0.621
2025-09-29 13:21:27 - No P3-val improvement; patience remaining: 17/50
2025-09-29 13:21:27 - Epoch 48/500 | LR=0.009784 | w_AVO=1.000 | w_P3=2.728 | lambda_MMD=0.300
2025-09-29 13:21:27 - Epoch Summary: TrainLoss=0.9061 | TrainAcc=0.708 | Val(P3)=0.583 | Val(AVO)=0.631
2025-09-29 13:21:27 - No P3-val improvement; patience remaining: 16/50
2025-09-29 13:21:27 - P3 val decreasing 3x. Reducing w_small to 2.183, lambda_MMD to 0.150
2025-09-29 13:21:27 - Epoch 49/500 | LR=0.009774 | w_AVO=1.000 | w_P3=2.183 | lambda_MMD=0.150
2025-09-29 13:21:27 - Epoch Summary: TrainLoss=0.8633 | TrainAcc=0.698 | Val(P3)=0.667 | Val(AVO)=0.634
2025-09-29 13:21:27 - No P3-val improvement; patience remaining: 15/50
2025-09-29 13:21:27 - Epoch 50/500 | LR=0.009765 | w_AVO=1.000 | w_P3=2.728 | lambda_MMD=0.300
2025-09-29 13:21:27 - Epoch Summary: TrainLoss=0.8805 | TrainAcc=0.710 | Val(P3)=0.667 | Val(AVO)=0.644
2025-09-29 13:21:27 - No P3-val improvement; patience remaining: 14/50
2025-09-29 13:21:27 - Epoch 51/500 | LR=0.009755 | w_AVO=1.000 | w_P3=2.728 | lambda_MMD=0.300
2025-09-29 13:21:27 - Epoch Summary: TrainLoss=0.8597 | TrainAcc=0.709 | Val(P3)=0.667 | Val(AVO)=0.667
2025-09-29 13:21:27 - No P3-val improvement; patience remaining: 13/50
2025-09-29 13:21:27 - Epoch 52/500 | LR=0.009745 | w_AVO=1.000 | w_P3=2.728 | lambda_MMD=0.300
2025-09-29 13:21:27 - Epoch Summary: TrainLoss=0.8643 | TrainAcc=0.702 | Val(P3)=0.667 | Val(AVO)=0.634
2025-09-29 13:21:27 - No P3-val improvement; patience remaining: 12/50
2025-09-29 13:21:27 - Epoch 53/500 | LR=0.009735 | w_AVO=1.000 | w_P3=2.728 | lambda_MMD=0.300
2025-09-29 13:21:28 - Epoch Summary: TrainLoss=0.8426 | TrainAcc=0.707 | Val(P3)=0.694 | Val(AVO)=0.644
2025-09-29 13:21:28 - No P3-val improvement; patience remaining: 11/50
2025-09-29 13:21:28 - Epoch 54/500 | LR=0.009725 | w_AVO=1.000 | w_P3=2.728 | lambda_MMD=0.300
2025-09-29 13:21:28 - Epoch Summary: TrainLoss=0.8235 | TrainAcc=0.712 | Val(P3)=0.611 | Val(AVO)=0.621
2025-09-29 13:21:28 - No P3-val improvement; patience remaining: 10/50
2025-09-29 13:21:28 - Epoch 55/500 | LR=0.009715 | w_AVO=1.000 | w_P3=2.728 | lambda_MMD=0.300
2025-09-29 13:21:28 - Epoch Summary: TrainLoss=0.8230 | TrainAcc=0.718 | Val(P3)=0.639 | Val(AVO)=0.663
2025-09-29 13:21:28 - No P3-val improvement; patience remaining: 9/50
2025-09-29 13:21:28 - Epoch 56/500 | LR=0.009704 | w_AVO=1.000 | w_P3=2.728 | lambda_MMD=0.300
2025-09-29 13:21:28 - Epoch Summary: TrainLoss=0.8024 | TrainAcc=0.710 | Val(P3)=0.611 | Val(AVO)=0.663
2025-09-29 13:21:28 - No P3-val improvement; patience remaining: 8/50
2025-09-29 13:21:28 - Epoch 57/500 | LR=0.009694 | w_AVO=1.000 | w_P3=2.728 | lambda_MMD=0.300
2025-09-29 13:21:28 - Epoch Summary: TrainLoss=0.7947 | TrainAcc=0.709 | Val(P3)=0.611 | Val(AVO)=0.654
2025-09-29 13:21:28 - No P3-val improvement; patience remaining: 7/50
2025-09-29 13:21:28 - Epoch 58/500 | LR=0.009683 | w_AVO=1.000 | w_P3=2.728 | lambda_MMD=0.300
2025-09-29 13:21:28 - Epoch Summary: TrainLoss=0.8105 | TrainAcc=0.714 | Val(P3)=0.667 | Val(AVO)=0.670
2025-09-29 13:21:28 - No P3-val improvement; patience remaining: 6/50
2025-09-29 13:21:28 - Epoch 59/500 | LR=0.009672 | w_AVO=1.000 | w_P3=2.728 | lambda_MMD=0.300
2025-09-29 13:21:29 - Epoch Summary: TrainLoss=0.7902 | TrainAcc=0.720 | Val(P3)=0.639 | Val(AVO)=0.650
2025-09-29 13:21:29 - No P3-val improvement; patience remaining: 5/50
2025-09-29 13:21:29 - Epoch 60/500 | LR=0.009660 | w_AVO=1.000 | w_P3=2.728 | lambda_MMD=0.300
2025-09-29 13:21:29 - Epoch Summary: TrainLoss=0.7739 | TrainAcc=0.731 | Val(P3)=0.667 | Val(AVO)=0.638
2025-09-29 13:21:29 - No P3-val improvement; patience remaining: 4/50
2025-09-29 13:21:29 - AVO val decreasing 3x. Reducing lambda_MMD to 0.210
2025-09-29 13:21:29 - Epoch 61/500 | LR=0.009649 | w_AVO=1.000 | w_P3=2.728 | lambda_MMD=0.210
2025-09-29 13:21:29 - Epoch Summary: TrainLoss=0.7383 | TrainAcc=0.729 | Val(P3)=0.694 | Val(AVO)=0.644
2025-09-29 13:21:29 - No P3-val improvement; patience remaining: 3/50
2025-09-29 13:21:29 - Epoch 62/500 | LR=0.009637 | w_AVO=1.000 | w_P3=2.728 | lambda_MMD=0.300
2025-09-29 13:21:29 - Epoch Summary: TrainLoss=0.8058 | TrainAcc=0.720 | Val(P3)=0.611 | Val(AVO)=0.650
2025-09-29 13:21:29 - No P3-val improvement; patience remaining: 2/50
2025-09-29 13:21:29 - Epoch 63/500 | LR=0.009625 | w_AVO=1.000 | w_P3=2.728 | lambda_MMD=0.300
2025-09-29 13:21:29 - Epoch Summary: TrainLoss=0.7616 | TrainAcc=0.729 | Val(P3)=0.639 | Val(AVO)=0.657
2025-09-29 13:21:29 - No P3-val improvement; patience remaining: 1/50
2025-09-29 13:21:29 - Epoch 64/500 | LR=0.009613 | w_AVO=1.000 | w_P3=2.728 | lambda_MMD=0.300
2025-09-29 13:21:30 - Epoch Summary: TrainLoss=0.7756 | TrainAcc=0.734 | Val(P3)=0.694 | Val(AVO)=0.634
2025-09-29 13:21:30 - No P3-val improvement; patience remaining: 0/50
2025-09-29 13:21:30 - Early stopping triggered (P3-val)
2025-09-29 13:21:30 -     P3 Test | Acc=0.5385 P=0.5556 R=0.5000 F1=0.5263 AUC=0.5349 (n=78)
2025-09-29 13:21:30 -     AVO Test | Acc=0.6046 P=0.5705 R=0.8361 F1=0.6782 AUC=0.6829 (n=612)
2025-09-29 13:21:30 -     Overall Test Acc=0.5971
2025-09-29 13:21:30 -   Fold 4/5
2025-09-29 13:21:30 - Fold domains: small=P3 (n=293), large=AVO (n=2122)
2025-09-29 13:21:30 - Auto adjustments (symmetric): w_small≈1.000, lambda_MMD_target=0.300, warmup_epochs=5
2025-09-29 13:21:30 - Epoch 1/500 | LR=0.010000 | w_AVO=1.000 | w_P3=1.338 | lambda_MMD=0.060
2025-09-29 13:21:30 - Epoch Summary: TrainLoss=1.7143 | TrainAcc=0.544 | Val(P3)=0.541 | Val(AVO)=0.545
2025-09-29 13:21:30 - New best P3-val; checkpoint updated
2025-09-29 13:21:30 - Epoch 2/500 | LR=0.010000 | w_AVO=1.000 | w_P3=1.676 | lambda_MMD=0.120
2025-09-29 13:21:30 - Epoch Summary: TrainLoss=1.7522 | TrainAcc=0.612 | Val(P3)=0.568 | Val(AVO)=0.571
2025-09-29 13:21:30 - New best P3-val; checkpoint updated
2025-09-29 13:21:30 - Epoch 3/500 | LR=0.010000 | w_AVO=1.000 | w_P3=2.015 | lambda_MMD=0.180
2025-09-29 13:21:30 - Epoch Summary: TrainLoss=1.9237 | TrainAcc=0.614 | Val(P3)=0.595 | Val(AVO)=0.562
2025-09-29 13:21:30 - New best P3-val; checkpoint updated
2025-09-29 13:21:30 - Epoch 4/500 | LR=0.009999 | w_AVO=1.000 | w_P3=2.353 | lambda_MMD=0.240
2025-09-29 13:21:30 - Epoch Summary: TrainLoss=2.0970 | TrainAcc=0.631 | Val(P3)=0.459 | Val(AVO)=0.591
2025-09-29 13:21:30 - No P3-val improvement; patience remaining: 49/50
2025-09-29 13:21:30 - Epoch 5/500 | LR=0.009998 | w_AVO=1.000 | w_P3=2.691 | lambda_MMD=0.300
2025-09-29 13:21:30 - Epoch Summary: TrainLoss=2.2813 | TrainAcc=0.622 | Val(P3)=0.486 | Val(AVO)=0.597
2025-09-29 13:21:30 - No P3-val improvement; patience remaining: 48/50
2025-09-29 13:21:30 - Epoch 6/500 | LR=0.009998 | w_AVO=1.000 | w_P3=2.691 | lambda_MMD=0.300
2025-09-29 13:21:31 - Epoch Summary: TrainLoss=2.1949 | TrainAcc=0.631 | Val(P3)=0.459 | Val(AVO)=0.607
2025-09-29 13:21:31 - No P3-val improvement; patience remaining: 47/50
2025-09-29 13:21:31 - Epoch 7/500 | LR=0.009996 | w_AVO=1.000 | w_P3=2.691 | lambda_MMD=0.300
2025-09-29 13:21:31 - Epoch Summary: TrainLoss=2.1582 | TrainAcc=0.623 | Val(P3)=0.486 | Val(AVO)=0.610
2025-09-29 13:21:31 - No P3-val improvement; patience remaining: 46/50
2025-09-29 13:21:31 - Epoch 8/500 | LR=0.009995 | w_AVO=1.000 | w_P3=2.691 | lambda_MMD=0.300
2025-09-29 13:21:31 - Epoch Summary: TrainLoss=2.1231 | TrainAcc=0.622 | Val(P3)=0.568 | Val(AVO)=0.588
2025-09-29 13:21:31 - No P3-val improvement; patience remaining: 45/50
2025-09-29 13:21:31 - Epoch 9/500 | LR=0.009994 | w_AVO=1.000 | w_P3=2.691 | lambda_MMD=0.300
2025-09-29 13:21:31 - Epoch Summary: TrainLoss=2.1049 | TrainAcc=0.640 | Val(P3)=0.514 | Val(AVO)=0.627
2025-09-29 13:21:31 - No P3-val improvement; patience remaining: 44/50
2025-09-29 13:21:31 - Epoch 10/500 | LR=0.009992 | w_AVO=1.000 | w_P3=2.691 | lambda_MMD=0.300
2025-09-29 13:21:31 - Epoch Summary: TrainLoss=2.0241 | TrainAcc=0.647 | Val(P3)=0.486 | Val(AVO)=0.620
2025-09-29 13:21:31 - No P3-val improvement; patience remaining: 43/50
2025-09-29 13:21:31 - P3 val decreasing 3x. Reducing w_small to 2.153, lambda_MMD to 0.150
2025-09-29 13:21:31 - Epoch 11/500 | LR=0.009990 | w_AVO=1.000 | w_P3=2.153 | lambda_MMD=0.150
2025-09-29 13:21:31 - Epoch Summary: TrainLoss=1.7039 | TrainAcc=0.650 | Val(P3)=0.541 | Val(AVO)=0.591
2025-09-29 13:21:31 - No P3-val improvement; patience remaining: 42/50
2025-09-29 13:21:31 - AVO val decreasing 3x. Reducing lambda_MMD to 0.210
2025-09-29 13:21:31 - Epoch 12/500 | LR=0.009988 | w_AVO=1.000 | w_P3=2.691 | lambda_MMD=0.210
2025-09-29 13:21:32 - Epoch Summary: TrainLoss=1.9514 | TrainAcc=0.647 | Val(P3)=0.595 | Val(AVO)=0.597
2025-09-29 13:21:32 - No P3-val improvement; patience remaining: 41/50
2025-09-29 13:21:32 - Epoch 13/500 | LR=0.009986 | w_AVO=1.000 | w_P3=2.691 | lambda_MMD=0.300
2025-09-29 13:21:32 - Epoch Summary: TrainLoss=1.9102 | TrainAcc=0.649 | Val(P3)=0.541 | Val(AVO)=0.581
2025-09-29 13:21:32 - No P3-val improvement; patience remaining: 40/50
2025-09-29 13:21:32 - Epoch 14/500 | LR=0.009983 | w_AVO=1.000 | w_P3=2.691 | lambda_MMD=0.300
2025-09-29 13:21:32 - Epoch Summary: TrainLoss=1.8748 | TrainAcc=0.648 | Val(P3)=0.595 | Val(AVO)=0.594
2025-09-29 13:21:32 - No P3-val improvement; patience remaining: 39/50
2025-09-29 13:21:32 - Epoch 15/500 | LR=0.009981 | w_AVO=1.000 | w_P3=2.691 | lambda_MMD=0.300
2025-09-29 13:21:32 - Epoch Summary: TrainLoss=1.8041 | TrainAcc=0.665 | Val(P3)=0.568 | Val(AVO)=0.646
2025-09-29 13:21:32 - No P3-val improvement; patience remaining: 38/50
2025-09-29 13:21:32 - Epoch 16/500 | LR=0.009978 | w_AVO=1.000 | w_P3=2.691 | lambda_MMD=0.300
2025-09-29 13:21:32 - Epoch Summary: TrainLoss=1.7595 | TrainAcc=0.670 | Val(P3)=0.486 | Val(AVO)=0.623
2025-09-29 13:21:32 - No P3-val improvement; patience remaining: 37/50
2025-09-29 13:21:32 - P3 val decreasing 3x. Reducing w_small to 2.153, lambda_MMD to 0.150
2025-09-29 13:21:32 - Epoch 17/500 | LR=0.009975 | w_AVO=1.000 | w_P3=2.153 | lambda_MMD=0.150
2025-09-29 13:21:32 - Epoch Summary: TrainLoss=1.4960 | TrainAcc=0.644 | Val(P3)=0.568 | Val(AVO)=0.588
2025-09-29 13:21:32 - No P3-val improvement; patience remaining: 36/50
2025-09-29 13:21:32 - AVO val decreasing 3x. Reducing lambda_MMD to 0.210
2025-09-29 13:21:32 - Epoch 18/500 | LR=0.009972 | w_AVO=1.000 | w_P3=2.691 | lambda_MMD=0.210
2025-09-29 13:21:33 - Epoch Summary: TrainLoss=1.6667 | TrainAcc=0.664 | Val(P3)=0.459 | Val(AVO)=0.607
2025-09-29 13:21:33 - No P3-val improvement; patience remaining: 35/50
2025-09-29 13:21:33 - Epoch 19/500 | LR=0.009968 | w_AVO=1.000 | w_P3=2.691 | lambda_MMD=0.300
2025-09-29 13:21:33 - Epoch Summary: TrainLoss=1.6312 | TrainAcc=0.658 | Val(P3)=0.595 | Val(AVO)=0.601
2025-09-29 13:21:33 - No P3-val improvement; patience remaining: 34/50
2025-09-29 13:21:33 - Epoch 20/500 | LR=0.009964 | w_AVO=1.000 | w_P3=2.691 | lambda_MMD=0.300
2025-09-29 13:21:33 - Epoch Summary: TrainLoss=1.5686 | TrainAcc=0.656 | Val(P3)=0.486 | Val(AVO)=0.633
2025-09-29 13:21:33 - No P3-val improvement; patience remaining: 33/50
2025-09-29 13:21:33 - Epoch 21/500 | LR=0.009961 | w_AVO=1.000 | w_P3=2.691 | lambda_MMD=0.300
2025-09-29 13:21:33 - Epoch Summary: TrainLoss=1.5707 | TrainAcc=0.659 | Val(P3)=0.514 | Val(AVO)=0.614
2025-09-29 13:21:33 - No P3-val improvement; patience remaining: 32/50
2025-09-29 13:21:33 - Epoch 22/500 | LR=0.009957 | w_AVO=1.000 | w_P3=2.691 | lambda_MMD=0.300
2025-09-29 13:21:33 - Epoch Summary: TrainLoss=1.5178 | TrainAcc=0.664 | Val(P3)=0.486 | Val(AVO)=0.604
2025-09-29 13:21:33 - No P3-val improvement; patience remaining: 31/50
2025-09-29 13:21:33 - AVO val decreasing 3x. Reducing lambda_MMD to 0.210
2025-09-29 13:21:33 - Epoch 23/500 | LR=0.009952 | w_AVO=1.000 | w_P3=2.691 | lambda_MMD=0.210
2025-09-29 13:21:34 - Epoch Summary: TrainLoss=1.4736 | TrainAcc=0.666 | Val(P3)=0.595 | Val(AVO)=0.597
2025-09-29 13:21:34 - No P3-val improvement; patience remaining: 30/50
2025-09-29 13:21:34 - AVO val decreasing 3x. Reducing lambda_MMD to 0.210
2025-09-29 13:21:34 - Epoch 24/500 | LR=0.009948 | w_AVO=1.000 | w_P3=2.691 | lambda_MMD=0.210
2025-09-29 13:21:34 - Epoch Summary: TrainLoss=1.4871 | TrainAcc=0.655 | Val(P3)=0.514 | Val(AVO)=0.610
2025-09-29 13:21:34 - No P3-val improvement; patience remaining: 29/50
2025-09-29 13:21:34 - Epoch 25/500 | LR=0.009943 | w_AVO=1.000 | w_P3=2.691 | lambda_MMD=0.300
2025-09-29 13:21:34 - Epoch Summary: TrainLoss=1.4417 | TrainAcc=0.669 | Val(P3)=0.486 | Val(AVO)=0.584
2025-09-29 13:21:34 - No P3-val improvement; patience remaining: 28/50
2025-09-29 13:21:34 - P3 val decreasing 3x. Reducing w_small to 2.153, lambda_MMD to 0.150
2025-09-29 13:21:34 - Epoch 26/500 | LR=0.009938 | w_AVO=1.000 | w_P3=2.153 | lambda_MMD=0.150
2025-09-29 13:21:34 - Epoch Summary: TrainLoss=1.2263 | TrainAcc=0.666 | Val(P3)=0.541 | Val(AVO)=0.594
2025-09-29 13:21:34 - No P3-val improvement; patience remaining: 27/50
2025-09-29 13:21:34 - Epoch 27/500 | LR=0.009933 | w_AVO=1.000 | w_P3=2.691 | lambda_MMD=0.300
2025-09-29 13:21:34 - Epoch Summary: TrainLoss=1.3356 | TrainAcc=0.677 | Val(P3)=0.486 | Val(AVO)=0.565
2025-09-29 13:21:34 - No P3-val improvement; patience remaining: 26/50
2025-09-29 13:21:34 - Epoch 28/500 | LR=0.009928 | w_AVO=1.000 | w_P3=2.691 | lambda_MMD=0.300
2025-09-29 13:21:34 - Epoch Summary: TrainLoss=1.3250 | TrainAcc=0.669 | Val(P3)=0.486 | Val(AVO)=0.620
2025-09-29 13:21:34 - No P3-val improvement; patience remaining: 25/50
2025-09-29 13:21:34 - Epoch 29/500 | LR=0.009923 | w_AVO=1.000 | w_P3=2.691 | lambda_MMD=0.300
2025-09-29 13:21:35 - Epoch Summary: TrainLoss=1.2825 | TrainAcc=0.683 | Val(P3)=0.514 | Val(AVO)=0.565
2025-09-29 13:21:35 - No P3-val improvement; patience remaining: 24/50
2025-09-29 13:21:35 - Epoch 30/500 | LR=0.009917 | w_AVO=1.000 | w_P3=2.691 | lambda_MMD=0.300
2025-09-29 13:21:35 - Epoch Summary: TrainLoss=1.2636 | TrainAcc=0.673 | Val(P3)=0.595 | Val(AVO)=0.549
2025-09-29 13:21:35 - No P3-val improvement; patience remaining: 23/50
2025-09-29 13:21:35 - AVO val decreasing 3x. Reducing lambda_MMD to 0.210
2025-09-29 13:21:35 - Epoch 31/500 | LR=0.009911 | w_AVO=1.000 | w_P3=2.691 | lambda_MMD=0.210
2025-09-29 13:21:35 - Epoch Summary: TrainLoss=1.2399 | TrainAcc=0.673 | Val(P3)=0.486 | Val(AVO)=0.588
2025-09-29 13:21:35 - No P3-val improvement; patience remaining: 22/50
2025-09-29 13:21:35 - Epoch 32/500 | LR=0.009905 | w_AVO=1.000 | w_P3=2.691 | lambda_MMD=0.300
2025-09-29 13:21:35 - Epoch Summary: TrainLoss=1.2179 | TrainAcc=0.675 | Val(P3)=0.486 | Val(AVO)=0.604
2025-09-29 13:21:35 - No P3-val improvement; patience remaining: 21/50
2025-09-29 13:21:35 - Epoch 33/500 | LR=0.009899 | w_AVO=1.000 | w_P3=2.691 | lambda_MMD=0.300
2025-09-29 13:21:35 - Epoch Summary: TrainLoss=1.2303 | TrainAcc=0.678 | Val(P3)=0.568 | Val(AVO)=0.584
2025-09-29 13:21:35 - No P3-val improvement; patience remaining: 20/50
2025-09-29 13:21:35 - Epoch 34/500 | LR=0.009893 | w_AVO=1.000 | w_P3=2.691 | lambda_MMD=0.300
2025-09-29 13:21:35 - Epoch Summary: TrainLoss=1.1990 | TrainAcc=0.685 | Val(P3)=0.459 | Val(AVO)=0.594
2025-09-29 13:21:35 - No P3-val improvement; patience remaining: 19/50
2025-09-29 13:21:35 - Epoch 35/500 | LR=0.009886 | w_AVO=1.000 | w_P3=2.691 | lambda_MMD=0.300
2025-09-29 13:21:36 - Epoch Summary: TrainLoss=1.1387 | TrainAcc=0.681 | Val(P3)=0.514 | Val(AVO)=0.620
2025-09-29 13:21:36 - No P3-val improvement; patience remaining: 18/50
2025-09-29 13:21:36 - Epoch 36/500 | LR=0.009880 | w_AVO=1.000 | w_P3=2.691 | lambda_MMD=0.300
2025-09-29 13:21:36 - Epoch Summary: TrainLoss=1.1202 | TrainAcc=0.689 | Val(P3)=0.514 | Val(AVO)=0.620
2025-09-29 13:21:36 - No P3-val improvement; patience remaining: 17/50
2025-09-29 13:21:36 - Epoch 37/500 | LR=0.009873 | w_AVO=1.000 | w_P3=2.691 | lambda_MMD=0.300
2025-09-29 13:21:36 - Epoch Summary: TrainLoss=1.0707 | TrainAcc=0.690 | Val(P3)=0.459 | Val(AVO)=0.562
2025-09-29 13:21:36 - No P3-val improvement; patience remaining: 16/50
2025-09-29 13:21:36 - Epoch 38/500 | LR=0.009865 | w_AVO=1.000 | w_P3=2.691 | lambda_MMD=0.300
2025-09-29 13:21:36 - Epoch Summary: TrainLoss=1.0862 | TrainAcc=0.691 | Val(P3)=0.568 | Val(AVO)=0.591
2025-09-29 13:21:36 - No P3-val improvement; patience remaining: 15/50
2025-09-29 13:21:36 - Epoch 39/500 | LR=0.009858 | w_AVO=1.000 | w_P3=2.691 | lambda_MMD=0.300
2025-09-29 13:21:36 - Epoch Summary: TrainLoss=1.1145 | TrainAcc=0.686 | Val(P3)=0.486 | Val(AVO)=0.594
2025-09-29 13:21:36 - No P3-val improvement; patience remaining: 14/50
2025-09-29 13:21:36 - Epoch 40/500 | LR=0.009851 | w_AVO=1.000 | w_P3=2.691 | lambda_MMD=0.300
2025-09-29 13:21:36 - Epoch Summary: TrainLoss=1.0439 | TrainAcc=0.689 | Val(P3)=0.405 | Val(AVO)=0.536
2025-09-29 13:21:36 - No P3-val improvement; patience remaining: 13/50
2025-09-29 13:21:36 - P3 val decreasing 3x. Reducing w_small to 2.153, lambda_MMD to 0.150
2025-09-29 13:21:36 - Epoch 41/500 | LR=0.009843 | w_AVO=1.000 | w_P3=2.153 | lambda_MMD=0.150
2025-09-29 13:21:37 - Epoch Summary: TrainLoss=0.9429 | TrainAcc=0.695 | Val(P3)=0.459 | Val(AVO)=0.597
2025-09-29 13:21:37 - No P3-val improvement; patience remaining: 12/50
2025-09-29 13:21:37 - Epoch 42/500 | LR=0.009835 | w_AVO=1.000 | w_P3=2.691 | lambda_MMD=0.300
2025-09-29 13:21:37 - Epoch Summary: TrainLoss=1.0357 | TrainAcc=0.694 | Val(P3)=0.432 | Val(AVO)=0.594
2025-09-29 13:21:37 - No P3-val improvement; patience remaining: 11/50
2025-09-29 13:21:37 - Epoch 43/500 | LR=0.009827 | w_AVO=1.000 | w_P3=2.691 | lambda_MMD=0.300
2025-09-29 13:21:37 - Epoch Summary: TrainLoss=1.0292 | TrainAcc=0.696 | Val(P3)=0.459 | Val(AVO)=0.617
2025-09-29 13:21:37 - No P3-val improvement; patience remaining: 10/50
2025-09-29 13:21:37 - Epoch 44/500 | LR=0.009819 | w_AVO=1.000 | w_P3=2.691 | lambda_MMD=0.300
2025-09-29 13:21:37 - Epoch Summary: TrainLoss=0.9893 | TrainAcc=0.697 | Val(P3)=0.486 | Val(AVO)=0.542
2025-09-29 13:21:37 - No P3-val improvement; patience remaining: 9/50
2025-09-29 13:21:37 - Epoch 45/500 | LR=0.009810 | w_AVO=1.000 | w_P3=2.691 | lambda_MMD=0.300
2025-09-29 13:21:37 - Epoch Summary: TrainLoss=0.9755 | TrainAcc=0.696 | Val(P3)=0.405 | Val(AVO)=0.601
2025-09-29 13:21:37 - No P3-val improvement; patience remaining: 8/50
2025-09-29 13:21:37 - Epoch 46/500 | LR=0.009801 | w_AVO=1.000 | w_P3=2.691 | lambda_MMD=0.300
2025-09-29 13:21:37 - Epoch Summary: TrainLoss=0.9425 | TrainAcc=0.713 | Val(P3)=0.405 | Val(AVO)=0.555
2025-09-29 13:21:37 - No P3-val improvement; patience remaining: 7/50
2025-09-29 13:21:37 - Epoch 47/500 | LR=0.009793 | w_AVO=1.000 | w_P3=2.691 | lambda_MMD=0.300
2025-09-29 13:21:38 - Epoch Summary: TrainLoss=0.9963 | TrainAcc=0.691 | Val(P3)=0.405 | Val(AVO)=0.614
2025-09-29 13:21:38 - No P3-val improvement; patience remaining: 6/50
2025-09-29 13:21:38 - Epoch 48/500 | LR=0.009784 | w_AVO=1.000 | w_P3=2.691 | lambda_MMD=0.300
2025-09-29 13:21:38 - Epoch Summary: TrainLoss=1.0402 | TrainAcc=0.693 | Val(P3)=0.459 | Val(AVO)=0.562
2025-09-29 13:21:38 - No P3-val improvement; patience remaining: 5/50
2025-09-29 13:21:38 - Epoch 49/500 | LR=0.009774 | w_AVO=1.000 | w_P3=2.691 | lambda_MMD=0.300
2025-09-29 13:21:38 - Epoch Summary: TrainLoss=0.9543 | TrainAcc=0.702 | Val(P3)=0.432 | Val(AVO)=0.568
2025-09-29 13:21:38 - No P3-val improvement; patience remaining: 4/50
2025-09-29 13:21:38 - Epoch 50/500 | LR=0.009765 | w_AVO=1.000 | w_P3=2.691 | lambda_MMD=0.300
2025-09-29 13:21:38 - Epoch Summary: TrainLoss=0.9369 | TrainAcc=0.701 | Val(P3)=0.351 | Val(AVO)=0.555
2025-09-29 13:21:38 - No P3-val improvement; patience remaining: 3/50
2025-09-29 13:21:38 - P3 val decreasing 3x. Reducing w_small to 2.153, lambda_MMD to 0.150
2025-09-29 13:21:38 - Epoch 51/500 | LR=0.009755 | w_AVO=1.000 | w_P3=2.153 | lambda_MMD=0.150
2025-09-29 13:21:38 - Epoch Summary: TrainLoss=0.7911 | TrainAcc=0.719 | Val(P3)=0.405 | Val(AVO)=0.578
2025-09-29 13:21:38 - No P3-val improvement; patience remaining: 2/50
2025-09-29 13:21:38 - Epoch 52/500 | LR=0.009745 | w_AVO=1.000 | w_P3=2.691 | lambda_MMD=0.300
2025-09-29 13:21:39 - Epoch Summary: TrainLoss=0.8617 | TrainAcc=0.721 | Val(P3)=0.378 | Val(AVO)=0.575
2025-09-29 13:21:39 - No P3-val improvement; patience remaining: 1/50
2025-09-29 13:21:39 - Epoch 53/500 | LR=0.009735 | w_AVO=1.000 | w_P3=2.691 | lambda_MMD=0.300
2025-09-29 13:21:39 - Epoch Summary: TrainLoss=0.8786 | TrainAcc=0.710 | Val(P3)=0.378 | Val(AVO)=0.578
2025-09-29 13:21:39 - No P3-val improvement; patience remaining: 0/50
2025-09-29 13:21:39 - Early stopping triggered (P3-val)
2025-09-29 13:21:39 -     P3 Test | Acc=0.5714 P=0.6000 R=0.6316 F1=0.6154 AUC=0.5929 (n=70)
2025-09-29 13:21:39 -     AVO Test | Acc=0.5919 P=0.5577 R=0.8502 F1=0.6735 AUC=0.6662 (n=620)
2025-09-29 13:21:39 -     Overall Test Acc=0.5899
2025-09-29 13:21:39 -   Fold 5/5
2025-09-29 13:21:39 - Fold domains: small=P3 (n=288), large=AVO (n=2127)
2025-09-29 13:21:39 - Auto adjustments (symmetric): w_small≈1.000, lambda_MMD_target=0.300, warmup_epochs=5
2025-09-29 13:21:39 - Epoch 1/500 | LR=0.010000 | w_AVO=1.000 | w_P3=1.344 | lambda_MMD=0.060
2025-09-29 13:21:39 - Epoch Summary: TrainLoss=1.6933 | TrainAcc=0.524 | Val(P3)=0.571 | Val(AVO)=0.532
2025-09-29 13:21:39 - New best P3-val; checkpoint updated
2025-09-29 13:21:39 - Epoch 2/500 | LR=0.010000 | w_AVO=1.000 | w_P3=1.687 | lambda_MMD=0.120
2025-09-29 13:21:39 - Epoch Summary: TrainLoss=1.7693 | TrainAcc=0.576 | Val(P3)=0.514 | Val(AVO)=0.590
2025-09-29 13:21:39 - No P3-val improvement; patience remaining: 49/50
2025-09-29 13:21:39 - Epoch 3/500 | LR=0.010000 | w_AVO=1.000 | w_P3=2.031 | lambda_MMD=0.180
2025-09-29 13:21:39 - Epoch Summary: TrainLoss=1.9444 | TrainAcc=0.593 | Val(P3)=0.486 | Val(AVO)=0.581
2025-09-29 13:21:39 - No P3-val improvement; patience remaining: 48/50
2025-09-29 13:21:39 - P3 val decreasing 3x. Reducing w_small to 1.899, lambda_MMD to 0.120
2025-09-29 13:21:39 - Epoch 4/500 | LR=0.009999 | w_AVO=1.000 | w_P3=1.899 | lambda_MMD=0.120
2025-09-29 13:21:39 - Epoch Summary: TrainLoss=1.8459 | TrainAcc=0.604 | Val(P3)=0.514 | Val(AVO)=0.590
2025-09-29 13:21:39 - No P3-val improvement; patience remaining: 47/50
2025-09-29 13:21:39 - Epoch 5/500 | LR=0.009998 | w_AVO=1.000 | w_P3=2.718 | lambda_MMD=0.300
2025-09-29 13:21:40 - Epoch Summary: TrainLoss=2.2802 | TrainAcc=0.596 | Val(P3)=0.686 | Val(AVO)=0.642
2025-09-29 13:21:40 - New best P3-val; checkpoint updated
2025-09-29 13:21:40 - Epoch 6/500 | LR=0.009998 | w_AVO=1.000 | w_P3=2.718 | lambda_MMD=0.300
2025-09-29 13:21:40 - Epoch Summary: TrainLoss=2.2582 | TrainAcc=0.620 | Val(P3)=0.629 | Val(AVO)=0.642
2025-09-29 13:21:40 - No P3-val improvement; patience remaining: 49/50
2025-09-29 13:21:40 - Epoch 7/500 | LR=0.009996 | w_AVO=1.000 | w_P3=2.718 | lambda_MMD=0.300
2025-09-29 13:21:40 - Epoch Summary: TrainLoss=2.1825 | TrainAcc=0.622 | Val(P3)=0.686 | Val(AVO)=0.626
2025-09-29 13:21:40 - No P3-val improvement; patience remaining: 48/50
2025-09-29 13:21:40 - Epoch 8/500 | LR=0.009995 | w_AVO=1.000 | w_P3=2.718 | lambda_MMD=0.300
2025-09-29 13:21:40 - Epoch Summary: TrainLoss=2.1722 | TrainAcc=0.633 | Val(P3)=0.657 | Val(AVO)=0.652
2025-09-29 13:21:40 - No P3-val improvement; patience remaining: 47/50
2025-09-29 13:21:40 - Epoch 9/500 | LR=0.009994 | w_AVO=1.000 | w_P3=2.718 | lambda_MMD=0.300
2025-09-29 13:21:40 - Epoch Summary: TrainLoss=2.1279 | TrainAcc=0.637 | Val(P3)=0.600 | Val(AVO)=0.626
2025-09-29 13:21:40 - No P3-val improvement; patience remaining: 46/50
2025-09-29 13:21:40 - P3 val decreasing 3x. Reducing w_small to 2.174, lambda_MMD to 0.150
2025-09-29 13:21:40 - Epoch 10/500 | LR=0.009992 | w_AVO=1.000 | w_P3=2.174 | lambda_MMD=0.150
2025-09-29 13:21:40 - Epoch Summary: TrainLoss=1.7806 | TrainAcc=0.650 | Val(P3)=0.629 | Val(AVO)=0.661
2025-09-29 13:21:40 - No P3-val improvement; patience remaining: 45/50
2025-09-29 13:21:40 - Epoch 11/500 | LR=0.009990 | w_AVO=1.000 | w_P3=2.718 | lambda_MMD=0.300
2025-09-29 13:21:41 - Epoch Summary: TrainLoss=2.0288 | TrainAcc=0.665 | Val(P3)=0.629 | Val(AVO)=0.645
2025-09-29 13:21:41 - No P3-val improvement; patience remaining: 44/50
2025-09-29 13:21:41 - Epoch 12/500 | LR=0.009988 | w_AVO=1.000 | w_P3=2.718 | lambda_MMD=0.300
2025-09-29 13:21:41 - Epoch Summary: TrainLoss=1.9496 | TrainAcc=0.657 | Val(P3)=0.600 | Val(AVO)=0.626
2025-09-29 13:21:41 - No P3-val improvement; patience remaining: 43/50
2025-09-29 13:21:41 - AVO val decreasing 3x. Reducing lambda_MMD to 0.210
2025-09-29 13:21:41 - Epoch 13/500 | LR=0.009986 | w_AVO=1.000 | w_P3=2.718 | lambda_MMD=0.210
2025-09-29 13:21:41 - Epoch Summary: TrainLoss=1.9416 | TrainAcc=0.663 | Val(P3)=0.600 | Val(AVO)=0.603
2025-09-29 13:21:41 - No P3-val improvement; patience remaining: 42/50
2025-09-29 13:21:41 - AVO val decreasing 3x. Reducing lambda_MMD to 0.210
2025-09-29 13:21:41 - Epoch 14/500 | LR=0.009983 | w_AVO=1.000 | w_P3=2.718 | lambda_MMD=0.210
2025-09-29 13:21:41 - Epoch Summary: TrainLoss=1.8853 | TrainAcc=0.663 | Val(P3)=0.543 | Val(AVO)=0.626
2025-09-29 13:21:41 - No P3-val improvement; patience remaining: 41/50
2025-09-29 13:21:41 - Epoch 15/500 | LR=0.009981 | w_AVO=1.000 | w_P3=2.718 | lambda_MMD=0.300
2025-09-29 13:21:41 - Epoch Summary: TrainLoss=1.8484 | TrainAcc=0.656 | Val(P3)=0.571 | Val(AVO)=0.642
2025-09-29 13:21:41 - No P3-val improvement; patience remaining: 40/50
2025-09-29 13:21:41 - Epoch 16/500 | LR=0.009978 | w_AVO=1.000 | w_P3=2.718 | lambda_MMD=0.300
2025-09-29 13:21:42 - Epoch Summary: TrainLoss=1.7995 | TrainAcc=0.666 | Val(P3)=0.571 | Val(AVO)=0.648
2025-09-29 13:21:42 - No P3-val improvement; patience remaining: 39/50
2025-09-29 13:21:42 - Epoch 17/500 | LR=0.009975 | w_AVO=1.000 | w_P3=2.718 | lambda_MMD=0.300
2025-09-29 13:21:42 - Epoch Summary: TrainLoss=1.7443 | TrainAcc=0.666 | Val(P3)=0.571 | Val(AVO)=0.619
2025-09-29 13:21:42 - No P3-val improvement; patience remaining: 38/50
2025-09-29 13:21:42 - Epoch 18/500 | LR=0.009972 | w_AVO=1.000 | w_P3=2.718 | lambda_MMD=0.300
2025-09-29 13:21:42 - Epoch Summary: TrainLoss=1.7415 | TrainAcc=0.649 | Val(P3)=0.543 | Val(AVO)=0.639
2025-09-29 13:21:42 - No P3-val improvement; patience remaining: 37/50
2025-09-29 13:21:42 - Epoch 19/500 | LR=0.009968 | w_AVO=1.000 | w_P3=2.718 | lambda_MMD=0.300
2025-09-29 13:21:42 - Epoch Summary: TrainLoss=1.6969 | TrainAcc=0.667 | Val(P3)=0.543 | Val(AVO)=0.635
2025-09-29 13:21:42 - No P3-val improvement; patience remaining: 36/50
2025-09-29 13:21:42 - Epoch 20/500 | LR=0.009964 | w_AVO=1.000 | w_P3=2.718 | lambda_MMD=0.300
2025-09-29 13:21:42 - Epoch Summary: TrainLoss=1.6434 | TrainAcc=0.670 | Val(P3)=0.543 | Val(AVO)=0.600
2025-09-29 13:21:42 - No P3-val improvement; patience remaining: 35/50
2025-09-29 13:21:42 - AVO val decreasing 3x. Reducing lambda_MMD to 0.210
2025-09-29 13:21:42 - Epoch 21/500 | LR=0.009961 | w_AVO=1.000 | w_P3=2.718 | lambda_MMD=0.210
2025-09-29 13:21:42 - Epoch Summary: TrainLoss=1.5934 | TrainAcc=0.667 | Val(P3)=0.571 | Val(AVO)=0.594
2025-09-29 13:21:42 - No P3-val improvement; patience remaining: 34/50
2025-09-29 13:21:42 - AVO val decreasing 3x. Reducing lambda_MMD to 0.210
2025-09-29 13:21:42 - Epoch 22/500 | LR=0.009957 | w_AVO=1.000 | w_P3=2.718 | lambda_MMD=0.210
2025-09-29 13:21:43 - Epoch Summary: TrainLoss=1.5688 | TrainAcc=0.676 | Val(P3)=0.600 | Val(AVO)=0.616
2025-09-29 13:21:43 - No P3-val improvement; patience remaining: 33/50
2025-09-29 13:21:43 - Epoch 23/500 | LR=0.009952 | w_AVO=1.000 | w_P3=2.718 | lambda_MMD=0.300
2025-09-29 13:21:43 - Epoch Summary: TrainLoss=1.5303 | TrainAcc=0.666 | Val(P3)=0.486 | Val(AVO)=0.626
2025-09-29 13:21:43 - No P3-val improvement; patience remaining: 32/50
2025-09-29 13:21:43 - Epoch 24/500 | LR=0.009948 | w_AVO=1.000 | w_P3=2.718 | lambda_MMD=0.300
2025-09-29 13:21:43 - Epoch Summary: TrainLoss=1.4890 | TrainAcc=0.664 | Val(P3)=0.514 | Val(AVO)=0.623
2025-09-29 13:21:43 - No P3-val improvement; patience remaining: 31/50
2025-09-29 13:21:43 - Epoch 25/500 | LR=0.009943 | w_AVO=1.000 | w_P3=2.718 | lambda_MMD=0.300
2025-09-29 13:21:43 - Epoch Summary: TrainLoss=1.4375 | TrainAcc=0.667 | Val(P3)=0.571 | Val(AVO)=0.632
2025-09-29 13:21:43 - No P3-val improvement; patience remaining: 30/50
2025-09-29 13:21:43 - Epoch 26/500 | LR=0.009938 | w_AVO=1.000 | w_P3=2.718 | lambda_MMD=0.300
2025-09-29 13:21:43 - Epoch Summary: TrainLoss=1.4182 | TrainAcc=0.659 | Val(P3)=0.543 | Val(AVO)=0.645
2025-09-29 13:21:43 - No P3-val improvement; patience remaining: 29/50
2025-09-29 13:21:43 - Epoch 27/500 | LR=0.009933 | w_AVO=1.000 | w_P3=2.718 | lambda_MMD=0.300
2025-09-29 13:21:43 - Epoch Summary: TrainLoss=1.4031 | TrainAcc=0.657 | Val(P3)=0.543 | Val(AVO)=0.639
2025-09-29 13:21:43 - No P3-val improvement; patience remaining: 28/50
2025-09-29 13:21:43 - Epoch 28/500 | LR=0.009928 | w_AVO=1.000 | w_P3=2.718 | lambda_MMD=0.300
2025-09-29 13:21:44 - Epoch Summary: TrainLoss=1.4142 | TrainAcc=0.663 | Val(P3)=0.543 | Val(AVO)=0.642
2025-09-29 13:21:44 - No P3-val improvement; patience remaining: 27/50
2025-09-29 13:21:44 - Epoch 29/500 | LR=0.009923 | w_AVO=1.000 | w_P3=2.718 | lambda_MMD=0.300
2025-09-29 13:21:44 - Epoch Summary: TrainLoss=1.3873 | TrainAcc=0.664 | Val(P3)=0.514 | Val(AVO)=0.632
2025-09-29 13:21:44 - No P3-val improvement; patience remaining: 26/50
2025-09-29 13:21:44 - Epoch 30/500 | LR=0.009917 | w_AVO=1.000 | w_P3=2.718 | lambda_MMD=0.300
2025-09-29 13:21:44 - Epoch Summary: TrainLoss=1.2599 | TrainAcc=0.677 | Val(P3)=0.600 | Val(AVO)=0.623
2025-09-29 13:21:44 - No P3-val improvement; patience remaining: 25/50
2025-09-29 13:21:44 - AVO val decreasing 3x. Reducing lambda_MMD to 0.210
2025-09-29 13:21:44 - Epoch 31/500 | LR=0.009911 | w_AVO=1.000 | w_P3=2.718 | lambda_MMD=0.210
2025-09-29 13:21:44 - Epoch Summary: TrainLoss=1.2467 | TrainAcc=0.679 | Val(P3)=0.514 | Val(AVO)=0.635
2025-09-29 13:21:44 - No P3-val improvement; patience remaining: 24/50
2025-09-29 13:21:44 - Epoch 32/500 | LR=0.009905 | w_AVO=1.000 | w_P3=2.718 | lambda_MMD=0.300
2025-09-29 13:21:44 - Epoch Summary: TrainLoss=1.2495 | TrainAcc=0.674 | Val(P3)=0.571 | Val(AVO)=0.613
2025-09-29 13:21:44 - No P3-val improvement; patience remaining: 23/50
2025-09-29 13:21:44 - Epoch 33/500 | LR=0.009899 | w_AVO=1.000 | w_P3=2.718 | lambda_MMD=0.300
2025-09-29 13:21:44 - Epoch Summary: TrainLoss=1.2104 | TrainAcc=0.666 | Val(P3)=0.514 | Val(AVO)=0.632
2025-09-29 13:21:44 - No P3-val improvement; patience remaining: 22/50
2025-09-29 13:21:44 - Epoch 34/500 | LR=0.009893 | w_AVO=1.000 | w_P3=2.718 | lambda_MMD=0.300
2025-09-29 13:21:45 - Epoch Summary: TrainLoss=1.2096 | TrainAcc=0.675 | Val(P3)=0.486 | Val(AVO)=0.619
2025-09-29 13:21:45 - No P3-val improvement; patience remaining: 21/50
2025-09-29 13:21:45 - P3 val decreasing 3x. Reducing w_small to 2.174, lambda_MMD to 0.150
2025-09-29 13:21:45 - Epoch 35/500 | LR=0.009886 | w_AVO=1.000 | w_P3=2.174 | lambda_MMD=0.150
2025-09-29 13:21:45 - Epoch Summary: TrainLoss=1.0423 | TrainAcc=0.679 | Val(P3)=0.571 | Val(AVO)=0.655
2025-09-29 13:21:45 - No P3-val improvement; patience remaining: 20/50
2025-09-29 13:21:45 - Epoch 36/500 | LR=0.009880 | w_AVO=1.000 | w_P3=2.718 | lambda_MMD=0.300
2025-09-29 13:21:45 - Epoch Summary: TrainLoss=1.1535 | TrainAcc=0.676 | Val(P3)=0.600 | Val(AVO)=0.623
2025-09-29 13:21:45 - No P3-val improvement; patience remaining: 19/50
2025-09-29 13:21:45 - Epoch 37/500 | LR=0.009873 | w_AVO=1.000 | w_P3=2.718 | lambda_MMD=0.300
2025-09-29 13:21:45 - Epoch Summary: TrainLoss=1.1565 | TrainAcc=0.669 | Val(P3)=0.571 | Val(AVO)=0.616
2025-09-29 13:21:45 - No P3-val improvement; patience remaining: 18/50
2025-09-29 13:21:45 - AVO val decreasing 3x. Reducing lambda_MMD to 0.210
2025-09-29 13:21:45 - Epoch 38/500 | LR=0.009865 | w_AVO=1.000 | w_P3=2.718 | lambda_MMD=0.210
2025-09-29 13:21:45 - Epoch Summary: TrainLoss=1.1373 | TrainAcc=0.671 | Val(P3)=0.571 | Val(AVO)=0.639
2025-09-29 13:21:45 - No P3-val improvement; patience remaining: 17/50
2025-09-29 13:21:45 - Epoch 39/500 | LR=0.009858 | w_AVO=1.000 | w_P3=2.718 | lambda_MMD=0.300
2025-09-29 13:21:45 - Epoch Summary: TrainLoss=1.1191 | TrainAcc=0.689 | Val(P3)=0.600 | Val(AVO)=0.652
2025-09-29 13:21:45 - No P3-val improvement; patience remaining: 16/50
2025-09-29 13:21:45 - Epoch 40/500 | LR=0.009851 | w_AVO=1.000 | w_P3=2.718 | lambda_MMD=0.300
2025-09-29 13:21:46 - Epoch Summary: TrainLoss=1.0630 | TrainAcc=0.686 | Val(P3)=0.514 | Val(AVO)=0.642
2025-09-29 13:21:46 - No P3-val improvement; patience remaining: 15/50
2025-09-29 13:21:46 - Epoch 41/500 | LR=0.009843 | w_AVO=1.000 | w_P3=2.718 | lambda_MMD=0.300
2025-09-29 13:21:46 - Epoch Summary: TrainLoss=1.1250 | TrainAcc=0.673 | Val(P3)=0.486 | Val(AVO)=0.655
2025-09-29 13:21:46 - No P3-val improvement; patience remaining: 14/50
2025-09-29 13:21:46 - P3 val decreasing 3x. Reducing w_small to 2.174, lambda_MMD to 0.150
2025-09-29 13:21:46 - Epoch 42/500 | LR=0.009835 | w_AVO=1.000 | w_P3=2.174 | lambda_MMD=0.150
2025-09-29 13:21:46 - Epoch Summary: TrainLoss=0.9984 | TrainAcc=0.678 | Val(P3)=0.543 | Val(AVO)=0.606
2025-09-29 13:21:46 - No P3-val improvement; patience remaining: 13/50
2025-09-29 13:21:46 - Epoch 43/500 | LR=0.009827 | w_AVO=1.000 | w_P3=2.718 | lambda_MMD=0.300
2025-09-29 13:21:46 - Epoch Summary: TrainLoss=1.0620 | TrainAcc=0.692 | Val(P3)=0.514 | Val(AVO)=0.648
2025-09-29 13:21:46 - No P3-val improvement; patience remaining: 12/50
2025-09-29 13:21:46 - Epoch 44/500 | LR=0.009819 | w_AVO=1.000 | w_P3=2.718 | lambda_MMD=0.300
2025-09-29 13:21:46 - Epoch Summary: TrainLoss=1.0207 | TrainAcc=0.693 | Val(P3)=0.571 | Val(AVO)=0.645
2025-09-29 13:21:46 - No P3-val improvement; patience remaining: 11/50
2025-09-29 13:21:46 - Epoch 45/500 | LR=0.009810 | w_AVO=1.000 | w_P3=2.718 | lambda_MMD=0.300
2025-09-29 13:21:47 - Epoch Summary: TrainLoss=1.0006 | TrainAcc=0.697 | Val(P3)=0.543 | Val(AVO)=0.626
2025-09-29 13:21:47 - No P3-val improvement; patience remaining: 10/50
2025-09-29 13:21:47 - AVO val decreasing 3x. Reducing lambda_MMD to 0.210
2025-09-29 13:21:47 - Epoch 46/500 | LR=0.009801 | w_AVO=1.000 | w_P3=2.718 | lambda_MMD=0.210
2025-09-29 13:21:47 - Epoch Summary: TrainLoss=0.9603 | TrainAcc=0.694 | Val(P3)=0.486 | Val(AVO)=0.635
2025-09-29 13:21:47 - No P3-val improvement; patience remaining: 9/50
2025-09-29 13:21:47 - P3 val decreasing 3x. Reducing w_small to 2.174, lambda_MMD to 0.150
2025-09-29 13:21:47 - Epoch 47/500 | LR=0.009793 | w_AVO=1.000 | w_P3=2.174 | lambda_MMD=0.150
2025-09-29 13:21:47 - Epoch Summary: TrainLoss=0.8649 | TrainAcc=0.701 | Val(P3)=0.600 | Val(AVO)=0.635
2025-09-29 13:21:47 - No P3-val improvement; patience remaining: 8/50
2025-09-29 13:21:47 - Epoch 48/500 | LR=0.009784 | w_AVO=1.000 | w_P3=2.718 | lambda_MMD=0.300
2025-09-29 13:21:47 - Epoch Summary: TrainLoss=1.0001 | TrainAcc=0.682 | Val(P3)=0.600 | Val(AVO)=0.642
2025-09-29 13:21:47 - No P3-val improvement; patience remaining: 7/50
2025-09-29 13:21:47 - Epoch 49/500 | LR=0.009774 | w_AVO=1.000 | w_P3=2.718 | lambda_MMD=0.300
2025-09-29 13:21:47 - Epoch Summary: TrainLoss=0.9645 | TrainAcc=0.710 | Val(P3)=0.600 | Val(AVO)=0.613
2025-09-29 13:21:47 - No P3-val improvement; patience remaining: 6/50
2025-09-29 13:21:47 - Epoch 50/500 | LR=0.009765 | w_AVO=1.000 | w_P3=2.718 | lambda_MMD=0.300
2025-09-29 13:21:47 - Epoch Summary: TrainLoss=0.9484 | TrainAcc=0.698 | Val(P3)=0.571 | Val(AVO)=0.639
2025-09-29 13:21:47 - No P3-val improvement; patience remaining: 5/50
2025-09-29 13:21:47 - Epoch 51/500 | LR=0.009755 | w_AVO=1.000 | w_P3=2.718 | lambda_MMD=0.300
2025-09-29 13:21:48 - Epoch Summary: TrainLoss=0.9132 | TrainAcc=0.711 | Val(P3)=0.571 | Val(AVO)=0.652
2025-09-29 13:21:48 - No P3-val improvement; patience remaining: 4/50
2025-09-29 13:21:48 - Epoch 52/500 | LR=0.009745 | w_AVO=1.000 | w_P3=2.718 | lambda_MMD=0.300
2025-09-29 13:21:48 - Epoch Summary: TrainLoss=0.8917 | TrainAcc=0.705 | Val(P3)=0.514 | Val(AVO)=0.665
2025-09-29 13:21:48 - No P3-val improvement; patience remaining: 3/50
2025-09-29 13:21:48 - Epoch 53/500 | LR=0.009735 | w_AVO=1.000 | w_P3=2.718 | lambda_MMD=0.300
2025-09-29 13:21:48 - Epoch Summary: TrainLoss=0.9268 | TrainAcc=0.703 | Val(P3)=0.514 | Val(AVO)=0.632
2025-09-29 13:21:48 - No P3-val improvement; patience remaining: 2/50
2025-09-29 13:21:48 - Epoch 54/500 | LR=0.009725 | w_AVO=1.000 | w_P3=2.718 | lambda_MMD=0.300
2025-09-29 13:21:48 - Epoch Summary: TrainLoss=0.8710 | TrainAcc=0.710 | Val(P3)=0.600 | Val(AVO)=0.632
2025-09-29 13:21:48 - No P3-val improvement; patience remaining: 1/50
2025-09-29 13:21:48 - Epoch 55/500 | LR=0.009715 | w_AVO=1.000 | w_P3=2.718 | lambda_MMD=0.300
2025-09-29 13:21:48 - Epoch Summary: TrainLoss=0.8758 | TrainAcc=0.710 | Val(P3)=0.571 | Val(AVO)=0.661
2025-09-29 13:21:48 - No P3-val improvement; patience remaining: 0/50
2025-09-29 13:21:48 - Early stopping triggered (P3-val)
2025-09-29 13:21:48 -     P3 Test | Acc=0.6234 P=0.6129 R=0.5278 F1=0.5672 AUC=0.6443 (n=77)
2025-09-29 13:21:48 -     AVO Test | Acc=0.6313 P=0.6590 R=0.5566 F1=0.6035 AUC=0.6796 (n=613)
2025-09-29 13:21:48 -     Overall Test Acc=0.6304
2025-09-29 13:21:48 - Repeat 5/5
2025-09-29 13:21:48 -   Fold 1/5
2025-09-29 13:21:48 - Fold domains: small=P3 (n=276), large=AVO (n=2139)
2025-09-29 13:21:48 - Auto adjustments (symmetric): w_small≈1.000, lambda_MMD_target=0.300, warmup_epochs=5
2025-09-29 13:21:48 - Epoch 1/500 | LR=0.010000 | w_AVO=1.000 | w_P3=1.357 | lambda_MMD=0.060
2025-09-29 13:21:48 - Epoch Summary: TrainLoss=1.6992 | TrainAcc=0.545 | Val(P3)=0.559 | Val(AVO)=0.547
2025-09-29 13:21:48 - New best P3-val; checkpoint updated
2025-09-29 13:21:48 - Epoch 2/500 | LR=0.010000 | w_AVO=1.000 | w_P3=1.714 | lambda_MMD=0.120
2025-09-29 13:21:49 - Epoch Summary: TrainLoss=1.7907 | TrainAcc=0.596 | Val(P3)=0.588 | Val(AVO)=0.569
2025-09-29 13:21:49 - New best P3-val; checkpoint updated
2025-09-29 13:21:49 - Epoch 3/500 | LR=0.010000 | w_AVO=1.000 | w_P3=2.070 | lambda_MMD=0.180
2025-09-29 13:21:49 - Epoch Summary: TrainLoss=2.0119 | TrainAcc=0.620 | Val(P3)=0.559 | Val(AVO)=0.534
2025-09-29 13:21:49 - No P3-val improvement; patience remaining: 49/50
2025-09-29 13:21:49 - Epoch 4/500 | LR=0.009999 | w_AVO=1.000 | w_P3=2.427 | lambda_MMD=0.240
2025-09-29 13:21:49 - Epoch Summary: TrainLoss=2.1808 | TrainAcc=0.633 | Val(P3)=0.559 | Val(AVO)=0.572
2025-09-29 13:21:49 - No P3-val improvement; patience remaining: 48/50
2025-09-29 13:21:49 - Epoch 5/500 | LR=0.009998 | w_AVO=1.000 | w_P3=2.784 | lambda_MMD=0.300
2025-09-29 13:21:49 - Epoch Summary: TrainLoss=2.3436 | TrainAcc=0.651 | Val(P3)=0.559 | Val(AVO)=0.569
2025-09-29 13:21:49 - No P3-val improvement; patience remaining: 47/50
2025-09-29 13:21:49 - Epoch 6/500 | LR=0.009998 | w_AVO=1.000 | w_P3=2.784 | lambda_MMD=0.300
2025-09-29 13:21:49 - Epoch Summary: TrainLoss=2.2833 | TrainAcc=0.652 | Val(P3)=0.618 | Val(AVO)=0.543
2025-09-29 13:21:49 - New best P3-val; checkpoint updated
2025-09-29 13:21:49 - AVO val decreasing 3x. Reducing lambda_MMD to 0.210
2025-09-29 13:21:49 - Epoch 7/500 | LR=0.009996 | w_AVO=1.000 | w_P3=2.784 | lambda_MMD=0.210
2025-09-29 13:21:49 - Epoch Summary: TrainLoss=2.2843 | TrainAcc=0.655 | Val(P3)=0.500 | Val(AVO)=0.569
2025-09-29 13:21:49 - No P3-val improvement; patience remaining: 49/50
2025-09-29 13:21:49 - Epoch 8/500 | LR=0.009995 | w_AVO=1.000 | w_P3=2.784 | lambda_MMD=0.300
2025-09-29 13:21:50 - Epoch Summary: TrainLoss=2.2362 | TrainAcc=0.653 | Val(P3)=0.588 | Val(AVO)=0.572
2025-09-29 13:21:50 - No P3-val improvement; patience remaining: 48/50
2025-09-29 13:21:50 - Epoch 9/500 | LR=0.009994 | w_AVO=1.000 | w_P3=2.784 | lambda_MMD=0.300
2025-09-29 13:21:50 - Epoch Summary: TrainLoss=2.1637 | TrainAcc=0.660 | Val(P3)=0.618 | Val(AVO)=0.566
2025-09-29 13:21:50 - No P3-val improvement; patience remaining: 47/50
2025-09-29 13:21:50 - Epoch 10/500 | LR=0.009992 | w_AVO=1.000 | w_P3=2.784 | lambda_MMD=0.300
2025-09-29 13:21:50 - Epoch Summary: TrainLoss=2.1454 | TrainAcc=0.667 | Val(P3)=0.618 | Val(AVO)=0.579
2025-09-29 13:21:50 - No P3-val improvement; patience remaining: 46/50
2025-09-29 13:21:50 - Epoch 11/500 | LR=0.009990 | w_AVO=1.000 | w_P3=2.784 | lambda_MMD=0.300
2025-09-29 13:21:50 - Epoch Summary: TrainLoss=2.0940 | TrainAcc=0.659 | Val(P3)=0.647 | Val(AVO)=0.553
2025-09-29 13:21:50 - New best P3-val; checkpoint updated
2025-09-29 13:21:50 - Epoch 12/500 | LR=0.009988 | w_AVO=1.000 | w_P3=2.784 | lambda_MMD=0.300
2025-09-29 13:21:50 - Epoch Summary: TrainLoss=2.1159 | TrainAcc=0.662 | Val(P3)=0.618 | Val(AVO)=0.563
2025-09-29 13:21:50 - No P3-val improvement; patience remaining: 49/50
2025-09-29 13:21:50 - Epoch 13/500 | LR=0.009986 | w_AVO=1.000 | w_P3=2.784 | lambda_MMD=0.300
2025-09-29 13:21:50 - Epoch Summary: TrainLoss=2.0876 | TrainAcc=0.655 | Val(P3)=0.588 | Val(AVO)=0.576
2025-09-29 13:21:50 - No P3-val improvement; patience remaining: 48/50
2025-09-29 13:21:50 - P3 val decreasing 3x. Reducing w_small to 2.227, lambda_MMD to 0.150
2025-09-29 13:21:50 - Epoch 14/500 | LR=0.009983 | w_AVO=1.000 | w_P3=2.227 | lambda_MMD=0.150
2025-09-29 13:21:51 - Epoch Summary: TrainLoss=1.7333 | TrainAcc=0.674 | Val(P3)=0.588 | Val(AVO)=0.605
2025-09-29 13:21:51 - No P3-val improvement; patience remaining: 47/50
2025-09-29 13:21:51 - Epoch 15/500 | LR=0.009981 | w_AVO=1.000 | w_P3=2.784 | lambda_MMD=0.300
2025-09-29 13:21:51 - Epoch Summary: TrainLoss=1.9667 | TrainAcc=0.672 | Val(P3)=0.559 | Val(AVO)=0.569
2025-09-29 13:21:51 - No P3-val improvement; patience remaining: 46/50
2025-09-29 13:21:51 - Epoch 16/500 | LR=0.009978 | w_AVO=1.000 | w_P3=2.784 | lambda_MMD=0.300
2025-09-29 13:21:51 - Epoch Summary: TrainLoss=1.8762 | TrainAcc=0.665 | Val(P3)=0.618 | Val(AVO)=0.601
2025-09-29 13:21:51 - No P3-val improvement; patience remaining: 45/50
2025-09-29 13:21:51 - Epoch 17/500 | LR=0.009975 | w_AVO=1.000 | w_P3=2.784 | lambda_MMD=0.300
2025-09-29 13:21:51 - Epoch Summary: TrainLoss=1.9152 | TrainAcc=0.677 | Val(P3)=0.618 | Val(AVO)=0.611
2025-09-29 13:21:51 - No P3-val improvement; patience remaining: 44/50
2025-09-29 13:21:51 - Epoch 18/500 | LR=0.009972 | w_AVO=1.000 | w_P3=2.784 | lambda_MMD=0.300
2025-09-29 13:21:51 - Epoch Summary: TrainLoss=1.8832 | TrainAcc=0.662 | Val(P3)=0.618 | Val(AVO)=0.572
2025-09-29 13:21:51 - No P3-val improvement; patience remaining: 43/50
2025-09-29 13:21:51 - Epoch 19/500 | LR=0.009968 | w_AVO=1.000 | w_P3=2.784 | lambda_MMD=0.300
2025-09-29 13:21:51 - Epoch Summary: TrainLoss=1.8155 | TrainAcc=0.681 | Val(P3)=0.588 | Val(AVO)=0.576
2025-09-29 13:21:51 - No P3-val improvement; patience remaining: 42/50
2025-09-29 13:21:51 - Epoch 20/500 | LR=0.009964 | w_AVO=1.000 | w_P3=2.784 | lambda_MMD=0.300
2025-09-29 13:21:52 - Epoch Summary: TrainLoss=1.8209 | TrainAcc=0.664 | Val(P3)=0.618 | Val(AVO)=0.576
2025-09-29 13:21:52 - No P3-val improvement; patience remaining: 41/50
2025-09-29 13:21:52 - Epoch 21/500 | LR=0.009961 | w_AVO=1.000 | w_P3=2.784 | lambda_MMD=0.300
2025-09-29 13:21:52 - Epoch Summary: TrainLoss=1.7647 | TrainAcc=0.683 | Val(P3)=0.618 | Val(AVO)=0.559
2025-09-29 13:21:52 - No P3-val improvement; patience remaining: 40/50
2025-09-29 13:21:52 - Epoch 22/500 | LR=0.009957 | w_AVO=1.000 | w_P3=2.784 | lambda_MMD=0.300
2025-09-29 13:21:52 - Epoch Summary: TrainLoss=1.6675 | TrainAcc=0.676 | Val(P3)=0.618 | Val(AVO)=0.566
2025-09-29 13:21:52 - No P3-val improvement; patience remaining: 39/50
2025-09-29 13:21:52 - Epoch 23/500 | LR=0.009952 | w_AVO=1.000 | w_P3=2.784 | lambda_MMD=0.300
2025-09-29 13:21:52 - Epoch Summary: TrainLoss=1.6432 | TrainAcc=0.682 | Val(P3)=0.647 | Val(AVO)=0.601
2025-09-29 13:21:52 - No P3-val improvement; patience remaining: 38/50
2025-09-29 13:21:52 - Epoch 24/500 | LR=0.009948 | w_AVO=1.000 | w_P3=2.784 | lambda_MMD=0.300
2025-09-29 13:21:52 - Epoch Summary: TrainLoss=1.6589 | TrainAcc=0.674 | Val(P3)=0.647 | Val(AVO)=0.576
2025-09-29 13:21:52 - No P3-val improvement; patience remaining: 37/50
2025-09-29 13:21:52 - Epoch 25/500 | LR=0.009943 | w_AVO=1.000 | w_P3=2.784 | lambda_MMD=0.300
2025-09-29 13:21:52 - Epoch Summary: TrainLoss=1.5797 | TrainAcc=0.687 | Val(P3)=0.647 | Val(AVO)=0.540
2025-09-29 13:21:52 - No P3-val improvement; patience remaining: 36/50
2025-09-29 13:21:52 - AVO val decreasing 3x. Reducing lambda_MMD to 0.210
2025-09-29 13:21:52 - Epoch 26/500 | LR=0.009938 | w_AVO=1.000 | w_P3=2.784 | lambda_MMD=0.210
2025-09-29 13:21:53 - Epoch Summary: TrainLoss=1.5201 | TrainAcc=0.681 | Val(P3)=0.618 | Val(AVO)=0.588
2025-09-29 13:21:53 - No P3-val improvement; patience remaining: 35/50
2025-09-29 13:21:53 - Epoch 27/500 | LR=0.009933 | w_AVO=1.000 | w_P3=2.784 | lambda_MMD=0.300
2025-09-29 13:21:53 - Epoch Summary: TrainLoss=1.4617 | TrainAcc=0.693 | Val(P3)=0.618 | Val(AVO)=0.566
2025-09-29 13:21:53 - No P3-val improvement; patience remaining: 34/50
2025-09-29 13:21:53 - Epoch 28/500 | LR=0.009928 | w_AVO=1.000 | w_P3=2.784 | lambda_MMD=0.300
2025-09-29 13:21:53 - Epoch Summary: TrainLoss=1.4800 | TrainAcc=0.672 | Val(P3)=0.588 | Val(AVO)=0.585
2025-09-29 13:21:53 - No P3-val improvement; patience remaining: 33/50
2025-09-29 13:21:53 - Epoch 29/500 | LR=0.009923 | w_AVO=1.000 | w_P3=2.784 | lambda_MMD=0.300
2025-09-29 13:21:53 - Epoch Summary: TrainLoss=1.4618 | TrainAcc=0.689 | Val(P3)=0.588 | Val(AVO)=0.582
2025-09-29 13:21:53 - No P3-val improvement; patience remaining: 32/50
2025-09-29 13:21:53 - Epoch 30/500 | LR=0.009917 | w_AVO=1.000 | w_P3=2.784 | lambda_MMD=0.300
2025-09-29 13:21:53 - Epoch Summary: TrainLoss=1.4691 | TrainAcc=0.675 | Val(P3)=0.559 | Val(AVO)=0.579
2025-09-29 13:21:53 - No P3-val improvement; patience remaining: 31/50
2025-09-29 13:21:53 - AVO val decreasing 3x. Reducing lambda_MMD to 0.210
2025-09-29 13:21:53 - Epoch 31/500 | LR=0.009911 | w_AVO=1.000 | w_P3=2.784 | lambda_MMD=0.210
2025-09-29 13:21:53 - Epoch Summary: TrainLoss=1.4271 | TrainAcc=0.692 | Val(P3)=0.618 | Val(AVO)=0.576
2025-09-29 13:21:53 - No P3-val improvement; patience remaining: 30/50
2025-09-29 13:21:53 - AVO val decreasing 3x. Reducing lambda_MMD to 0.210
2025-09-29 13:21:53 - Epoch 32/500 | LR=0.009905 | w_AVO=1.000 | w_P3=2.784 | lambda_MMD=0.210
2025-09-29 13:21:54 - Epoch Summary: TrainLoss=1.3836 | TrainAcc=0.684 | Val(P3)=0.676 | Val(AVO)=0.563
2025-09-29 13:21:54 - New best P3-val; checkpoint updated
2025-09-29 13:21:54 - AVO val decreasing 3x. Reducing lambda_MMD to 0.210
2025-09-29 13:21:54 - Epoch 33/500 | LR=0.009899 | w_AVO=1.000 | w_P3=2.784 | lambda_MMD=0.210
2025-09-29 13:21:54 - Epoch Summary: TrainLoss=1.2957 | TrainAcc=0.692 | Val(P3)=0.676 | Val(AVO)=0.579
2025-09-29 13:21:54 - No P3-val improvement; patience remaining: 49/50
2025-09-29 13:21:54 - Epoch 34/500 | LR=0.009893 | w_AVO=1.000 | w_P3=2.784 | lambda_MMD=0.300
2025-09-29 13:21:54 - Epoch Summary: TrainLoss=1.3080 | TrainAcc=0.695 | Val(P3)=0.676 | Val(AVO)=0.563
2025-09-29 13:21:54 - No P3-val improvement; patience remaining: 48/50
2025-09-29 13:21:54 - Epoch 35/500 | LR=0.009886 | w_AVO=1.000 | w_P3=2.784 | lambda_MMD=0.300
2025-09-29 13:21:54 - Epoch Summary: TrainLoss=1.3125 | TrainAcc=0.684 | Val(P3)=0.588 | Val(AVO)=0.582
2025-09-29 13:21:54 - No P3-val improvement; patience remaining: 47/50
2025-09-29 13:21:54 - Epoch 36/500 | LR=0.009880 | w_AVO=1.000 | w_P3=2.784 | lambda_MMD=0.300
2025-09-29 13:21:54 - Epoch Summary: TrainLoss=1.2739 | TrainAcc=0.694 | Val(P3)=0.647 | Val(AVO)=0.592
2025-09-29 13:21:54 - No P3-val improvement; patience remaining: 46/50
2025-09-29 13:21:54 - Epoch 37/500 | LR=0.009873 | w_AVO=1.000 | w_P3=2.784 | lambda_MMD=0.300
2025-09-29 13:21:55 - Epoch Summary: TrainLoss=1.2240 | TrainAcc=0.697 | Val(P3)=0.647 | Val(AVO)=0.540
2025-09-29 13:21:55 - No P3-val improvement; patience remaining: 45/50
2025-09-29 13:21:55 - Epoch 38/500 | LR=0.009865 | w_AVO=1.000 | w_P3=2.784 | lambda_MMD=0.300
2025-09-29 13:21:55 - Epoch Summary: TrainLoss=1.1632 | TrainAcc=0.705 | Val(P3)=0.618 | Val(AVO)=0.569
2025-09-29 13:21:55 - No P3-val improvement; patience remaining: 44/50
2025-09-29 13:21:55 - Epoch 39/500 | LR=0.009858 | w_AVO=1.000 | w_P3=2.784 | lambda_MMD=0.300
2025-09-29 13:21:55 - Epoch Summary: TrainLoss=1.1673 | TrainAcc=0.708 | Val(P3)=0.559 | Val(AVO)=0.585
2025-09-29 13:21:55 - No P3-val improvement; patience remaining: 43/50
2025-09-29 13:21:55 - P3 val decreasing 3x. Reducing w_small to 2.227, lambda_MMD to 0.150
2025-09-29 13:21:55 - Epoch 40/500 | LR=0.009851 | w_AVO=1.000 | w_P3=2.227 | lambda_MMD=0.150
2025-09-29 13:21:55 - Epoch Summary: TrainLoss=1.0379 | TrainAcc=0.719 | Val(P3)=0.559 | Val(AVO)=0.592
2025-09-29 13:21:55 - No P3-val improvement; patience remaining: 42/50
2025-09-29 13:21:55 - Epoch 41/500 | LR=0.009843 | w_AVO=1.000 | w_P3=2.784 | lambda_MMD=0.300
2025-09-29 13:21:55 - Epoch Summary: TrainLoss=1.1617 | TrainAcc=0.695 | Val(P3)=0.588 | Val(AVO)=0.592
2025-09-29 13:21:55 - No P3-val improvement; patience remaining: 41/50
2025-09-29 13:21:55 - Epoch 42/500 | LR=0.009835 | w_AVO=1.000 | w_P3=2.784 | lambda_MMD=0.300
2025-09-29 13:21:55 - Epoch Summary: TrainLoss=1.1087 | TrainAcc=0.708 | Val(P3)=0.647 | Val(AVO)=0.595
2025-09-29 13:21:55 - No P3-val improvement; patience remaining: 40/50
2025-09-29 13:21:55 - Epoch 43/500 | LR=0.009827 | w_AVO=1.000 | w_P3=2.784 | lambda_MMD=0.300
2025-09-29 13:21:56 - Epoch Summary: TrainLoss=1.1254 | TrainAcc=0.694 | Val(P3)=0.618 | Val(AVO)=0.585
2025-09-29 13:21:56 - No P3-val improvement; patience remaining: 39/50
2025-09-29 13:21:56 - Epoch 44/500 | LR=0.009819 | w_AVO=1.000 | w_P3=2.784 | lambda_MMD=0.300
2025-09-29 13:21:56 - Epoch Summary: TrainLoss=1.1163 | TrainAcc=0.715 | Val(P3)=0.647 | Val(AVO)=0.588
2025-09-29 13:21:56 - No P3-val improvement; patience remaining: 38/50
2025-09-29 13:21:56 - Epoch 45/500 | LR=0.009810 | w_AVO=1.000 | w_P3=2.784 | lambda_MMD=0.300
2025-09-29 13:21:56 - Epoch Summary: TrainLoss=1.0406 | TrainAcc=0.717 | Val(P3)=0.588 | Val(AVO)=0.566
2025-09-29 13:21:56 - No P3-val improvement; patience remaining: 37/50
2025-09-29 13:21:56 - Epoch 46/500 | LR=0.009801 | w_AVO=1.000 | w_P3=2.784 | lambda_MMD=0.300
2025-09-29 13:21:56 - Epoch Summary: TrainLoss=1.0239 | TrainAcc=0.715 | Val(P3)=0.647 | Val(AVO)=0.579
2025-09-29 13:21:56 - No P3-val improvement; patience remaining: 36/50
2025-09-29 13:21:56 - Epoch 47/500 | LR=0.009793 | w_AVO=1.000 | w_P3=2.784 | lambda_MMD=0.300
2025-09-29 13:21:56 - Epoch Summary: TrainLoss=1.0390 | TrainAcc=0.706 | Val(P3)=0.618 | Val(AVO)=0.588
2025-09-29 13:21:56 - No P3-val improvement; patience remaining: 35/50
2025-09-29 13:21:56 - Epoch 48/500 | LR=0.009784 | w_AVO=1.000 | w_P3=2.784 | lambda_MMD=0.300
2025-09-29 13:21:56 - Epoch Summary: TrainLoss=1.0008 | TrainAcc=0.718 | Val(P3)=0.647 | Val(AVO)=0.595
2025-09-29 13:21:56 - No P3-val improvement; patience remaining: 34/50
2025-09-29 13:21:56 - Epoch 49/500 | LR=0.009774 | w_AVO=1.000 | w_P3=2.784 | lambda_MMD=0.300
2025-09-29 13:21:57 - Epoch Summary: TrainLoss=1.0258 | TrainAcc=0.714 | Val(P3)=0.529 | Val(AVO)=0.569
2025-09-29 13:21:57 - No P3-val improvement; patience remaining: 33/50
2025-09-29 13:21:57 - Epoch 50/500 | LR=0.009765 | w_AVO=1.000 | w_P3=2.784 | lambda_MMD=0.300
2025-09-29 13:21:57 - Epoch Summary: TrainLoss=0.9769 | TrainAcc=0.726 | Val(P3)=0.647 | Val(AVO)=0.547
2025-09-29 13:21:57 - No P3-val improvement; patience remaining: 32/50
2025-09-29 13:21:57 - AVO val decreasing 3x. Reducing lambda_MMD to 0.210
2025-09-29 13:21:57 - Epoch 51/500 | LR=0.009755 | w_AVO=1.000 | w_P3=2.784 | lambda_MMD=0.210
2025-09-29 13:21:57 - Epoch Summary: TrainLoss=0.9532 | TrainAcc=0.720 | Val(P3)=0.618 | Val(AVO)=0.572
2025-09-29 13:21:57 - No P3-val improvement; patience remaining: 31/50
2025-09-29 13:21:57 - Epoch 52/500 | LR=0.009745 | w_AVO=1.000 | w_P3=2.784 | lambda_MMD=0.300
2025-09-29 13:21:57 - Epoch Summary: TrainLoss=0.9600 | TrainAcc=0.716 | Val(P3)=0.588 | Val(AVO)=0.579
2025-09-29 13:21:57 - No P3-val improvement; patience remaining: 30/50
2025-09-29 13:21:57 - P3 val decreasing 3x. Reducing w_small to 2.227, lambda_MMD to 0.150
2025-09-29 13:21:57 - Epoch 53/500 | LR=0.009735 | w_AVO=1.000 | w_P3=2.227 | lambda_MMD=0.150
2025-09-29 13:21:57 - Epoch Summary: TrainLoss=0.8543 | TrainAcc=0.721 | Val(P3)=0.588 | Val(AVO)=0.576
2025-09-29 13:21:57 - No P3-val improvement; patience remaining: 29/50
2025-09-29 13:21:57 - Epoch 54/500 | LR=0.009725 | w_AVO=1.000 | w_P3=2.784 | lambda_MMD=0.300
2025-09-29 13:21:57 - Epoch Summary: TrainLoss=0.9061 | TrainAcc=0.732 | Val(P3)=0.588 | Val(AVO)=0.582
2025-09-29 13:21:57 - No P3-val improvement; patience remaining: 28/50
2025-09-29 13:21:57 - Epoch 55/500 | LR=0.009715 | w_AVO=1.000 | w_P3=2.784 | lambda_MMD=0.300
2025-09-29 13:21:58 - Epoch Summary: TrainLoss=0.8902 | TrainAcc=0.729 | Val(P3)=0.618 | Val(AVO)=0.576
2025-09-29 13:21:58 - No P3-val improvement; patience remaining: 27/50
2025-09-29 13:21:58 - Epoch 56/500 | LR=0.009704 | w_AVO=1.000 | w_P3=2.784 | lambda_MMD=0.300
2025-09-29 13:21:58 - Epoch Summary: TrainLoss=0.8930 | TrainAcc=0.731 | Val(P3)=0.588 | Val(AVO)=0.598
2025-09-29 13:21:58 - No P3-val improvement; patience remaining: 26/50
2025-09-29 13:21:58 - Epoch 57/500 | LR=0.009694 | w_AVO=1.000 | w_P3=2.784 | lambda_MMD=0.300
2025-09-29 13:21:58 - Epoch Summary: TrainLoss=0.8942 | TrainAcc=0.737 | Val(P3)=0.588 | Val(AVO)=0.576
2025-09-29 13:21:58 - No P3-val improvement; patience remaining: 25/50
2025-09-29 13:21:58 - Epoch 58/500 | LR=0.009683 | w_AVO=1.000 | w_P3=2.784 | lambda_MMD=0.300
2025-09-29 13:21:58 - Epoch Summary: TrainLoss=0.8866 | TrainAcc=0.727 | Val(P3)=0.559 | Val(AVO)=0.569
2025-09-29 13:21:58 - No P3-val improvement; patience remaining: 24/50
2025-09-29 13:21:58 - AVO val decreasing 3x. Reducing lambda_MMD to 0.210
2025-09-29 13:21:58 - Epoch 59/500 | LR=0.009672 | w_AVO=1.000 | w_P3=2.784 | lambda_MMD=0.210
2025-09-29 13:21:58 - Epoch Summary: TrainLoss=0.8902 | TrainAcc=0.716 | Val(P3)=0.559 | Val(AVO)=0.556
2025-09-29 13:21:58 - No P3-val improvement; patience remaining: 23/50
2025-09-29 13:21:58 - AVO val decreasing 3x. Reducing lambda_MMD to 0.210
2025-09-29 13:21:58 - Epoch 60/500 | LR=0.009660 | w_AVO=1.000 | w_P3=2.784 | lambda_MMD=0.210
2025-09-29 13:21:58 - Epoch Summary: TrainLoss=0.8571 | TrainAcc=0.734 | Val(P3)=0.588 | Val(AVO)=0.588
2025-09-29 13:21:58 - No P3-val improvement; patience remaining: 22/50
2025-09-29 13:21:58 - Epoch 61/500 | LR=0.009649 | w_AVO=1.000 | w_P3=2.784 | lambda_MMD=0.300
2025-09-29 13:21:59 - Epoch Summary: TrainLoss=0.8372 | TrainAcc=0.737 | Val(P3)=0.647 | Val(AVO)=0.617
2025-09-29 13:21:59 - No P3-val improvement; patience remaining: 21/50
2025-09-29 13:21:59 - Epoch 62/500 | LR=0.009637 | w_AVO=1.000 | w_P3=2.784 | lambda_MMD=0.300
2025-09-29 13:21:59 - Epoch Summary: TrainLoss=0.8380 | TrainAcc=0.733 | Val(P3)=0.559 | Val(AVO)=0.543
2025-09-29 13:21:59 - No P3-val improvement; patience remaining: 20/50
2025-09-29 13:21:59 - Epoch 63/500 | LR=0.009625 | w_AVO=1.000 | w_P3=2.784 | lambda_MMD=0.300
2025-09-29 13:21:59 - Epoch Summary: TrainLoss=0.8539 | TrainAcc=0.726 | Val(P3)=0.618 | Val(AVO)=0.559
2025-09-29 13:21:59 - No P3-val improvement; patience remaining: 19/50
2025-09-29 13:21:59 - Epoch 64/500 | LR=0.009613 | w_AVO=1.000 | w_P3=2.784 | lambda_MMD=0.300
2025-09-29 13:21:59 - Epoch Summary: TrainLoss=0.8634 | TrainAcc=0.725 | Val(P3)=0.647 | Val(AVO)=0.595
2025-09-29 13:21:59 - No P3-val improvement; patience remaining: 18/50
2025-09-29 13:21:59 - Epoch 65/500 | LR=0.009601 | w_AVO=1.000 | w_P3=2.784 | lambda_MMD=0.300
2025-09-29 13:21:59 - Epoch Summary: TrainLoss=0.9086 | TrainAcc=0.731 | Val(P3)=0.588 | Val(AVO)=0.569
2025-09-29 13:21:59 - No P3-val improvement; patience remaining: 17/50
2025-09-29 13:21:59 - Epoch 66/500 | LR=0.009589 | w_AVO=1.000 | w_P3=2.784 | lambda_MMD=0.300
2025-09-29 13:21:59 - Epoch Summary: TrainLoss=0.8002 | TrainAcc=0.738 | Val(P3)=0.588 | Val(AVO)=0.556
2025-09-29 13:21:59 - No P3-val improvement; patience remaining: 16/50
2025-09-29 13:21:59 - AVO val decreasing 3x. Reducing lambda_MMD to 0.210
2025-09-29 13:21:59 - Epoch 67/500 | LR=0.009576 | w_AVO=1.000 | w_P3=2.784 | lambda_MMD=0.210
2025-09-29 13:22:00 - Epoch Summary: TrainLoss=0.7418 | TrainAcc=0.750 | Val(P3)=0.588 | Val(AVO)=0.563
2025-09-29 13:22:00 - No P3-val improvement; patience remaining: 15/50
2025-09-29 13:22:00 - Epoch 68/500 | LR=0.009563 | w_AVO=1.000 | w_P3=2.784 | lambda_MMD=0.300
2025-09-29 13:22:00 - Epoch Summary: TrainLoss=0.7669 | TrainAcc=0.746 | Val(P3)=0.588 | Val(AVO)=0.585
2025-09-29 13:22:00 - No P3-val improvement; patience remaining: 14/50
2025-09-29 13:22:00 - Epoch 69/500 | LR=0.009551 | w_AVO=1.000 | w_P3=2.784 | lambda_MMD=0.300
2025-09-29 13:22:00 - Epoch Summary: TrainLoss=0.7605 | TrainAcc=0.744 | Val(P3)=0.559 | Val(AVO)=0.547
2025-09-29 13:22:00 - No P3-val improvement; patience remaining: 13/50
2025-09-29 13:22:00 - Epoch 70/500 | LR=0.009537 | w_AVO=1.000 | w_P3=2.784 | lambda_MMD=0.300
2025-09-29 13:22:00 - Epoch Summary: TrainLoss=0.7394 | TrainAcc=0.756 | Val(P3)=0.529 | Val(AVO)=0.572
2025-09-29 13:22:00 - No P3-val improvement; patience remaining: 12/50
2025-09-29 13:22:00 - P3 val decreasing 3x. Reducing w_small to 2.227, lambda_MMD to 0.150
2025-09-29 13:22:00 - Epoch 71/500 | LR=0.009524 | w_AVO=1.000 | w_P3=2.227 | lambda_MMD=0.150
2025-09-29 13:22:00 - Epoch Summary: TrainLoss=0.6701 | TrainAcc=0.757 | Val(P3)=0.588 | Val(AVO)=0.547
2025-09-29 13:22:00 - No P3-val improvement; patience remaining: 11/50
2025-09-29 13:22:00 - Epoch 72/500 | LR=0.009511 | w_AVO=1.000 | w_P3=2.784 | lambda_MMD=0.300
2025-09-29 13:22:00 - Epoch Summary: TrainLoss=0.7891 | TrainAcc=0.742 | Val(P3)=0.559 | Val(AVO)=0.534
2025-09-29 13:22:00 - No P3-val improvement; patience remaining: 10/50
2025-09-29 13:22:00 - AVO val decreasing 3x. Reducing lambda_MMD to 0.210
2025-09-29 13:22:00 - Epoch 73/500 | LR=0.009497 | w_AVO=1.000 | w_P3=2.784 | lambda_MMD=0.210
2025-09-29 13:22:01 - Epoch Summary: TrainLoss=0.7431 | TrainAcc=0.746 | Val(P3)=0.559 | Val(AVO)=0.563
2025-09-29 13:22:01 - No P3-val improvement; patience remaining: 9/50
2025-09-29 13:22:01 - Epoch 74/500 | LR=0.009483 | w_AVO=1.000 | w_P3=2.784 | lambda_MMD=0.300
2025-09-29 13:22:01 - Epoch Summary: TrainLoss=0.7402 | TrainAcc=0.749 | Val(P3)=0.529 | Val(AVO)=0.576
2025-09-29 13:22:01 - No P3-val improvement; patience remaining: 8/50
2025-09-29 13:22:01 - Epoch 75/500 | LR=0.009469 | w_AVO=1.000 | w_P3=2.784 | lambda_MMD=0.300
2025-09-29 13:22:01 - Epoch Summary: TrainLoss=0.7027 | TrainAcc=0.761 | Val(P3)=0.529 | Val(AVO)=0.598
2025-09-29 13:22:01 - No P3-val improvement; patience remaining: 7/50
2025-09-29 13:22:01 - Epoch 76/500 | LR=0.009455 | w_AVO=1.000 | w_P3=2.784 | lambda_MMD=0.300
2025-09-29 13:22:01 - Epoch Summary: TrainLoss=0.7339 | TrainAcc=0.757 | Val(P3)=0.588 | Val(AVO)=0.572
2025-09-29 13:22:01 - No P3-val improvement; patience remaining: 6/50
2025-09-29 13:22:01 - Epoch 77/500 | LR=0.009441 | w_AVO=1.000 | w_P3=2.784 | lambda_MMD=0.300
2025-09-29 13:22:01 - Epoch Summary: TrainLoss=0.7014 | TrainAcc=0.763 | Val(P3)=0.529 | Val(AVO)=0.566
2025-09-29 13:22:01 - No P3-val improvement; patience remaining: 5/50
2025-09-29 13:22:01 - AVO val decreasing 3x. Reducing lambda_MMD to 0.210
2025-09-29 13:22:01 - Epoch 78/500 | LR=0.009426 | w_AVO=1.000 | w_P3=2.784 | lambda_MMD=0.210
2025-09-29 13:22:01 - Epoch Summary: TrainLoss=0.6847 | TrainAcc=0.755 | Val(P3)=0.588 | Val(AVO)=0.572
2025-09-29 13:22:01 - No P3-val improvement; patience remaining: 4/50
2025-09-29 13:22:01 - Epoch 79/500 | LR=0.009411 | w_AVO=1.000 | w_P3=2.784 | lambda_MMD=0.300
2025-09-29 13:22:02 - Epoch Summary: TrainLoss=0.7028 | TrainAcc=0.761 | Val(P3)=0.559 | Val(AVO)=0.588
2025-09-29 13:22:02 - No P3-val improvement; patience remaining: 3/50
2025-09-29 13:22:02 - Epoch 80/500 | LR=0.009397 | w_AVO=1.000 | w_P3=2.784 | lambda_MMD=0.300
2025-09-29 13:22:02 - Epoch Summary: TrainLoss=0.7843 | TrainAcc=0.755 | Val(P3)=0.588 | Val(AVO)=0.566
2025-09-29 13:22:02 - No P3-val improvement; patience remaining: 2/50
2025-09-29 13:22:02 - Epoch 81/500 | LR=0.009382 | w_AVO=1.000 | w_P3=2.784 | lambda_MMD=0.300
2025-09-29 13:22:02 - Epoch Summary: TrainLoss=0.7030 | TrainAcc=0.762 | Val(P3)=0.500 | Val(AVO)=0.592
2025-09-29 13:22:02 - No P3-val improvement; patience remaining: 1/50
2025-09-29 13:22:02 - Epoch 82/500 | LR=0.009366 | w_AVO=1.000 | w_P3=2.784 | lambda_MMD=0.300
2025-09-29 13:22:02 - Epoch Summary: TrainLoss=0.6615 | TrainAcc=0.769 | Val(P3)=0.559 | Val(AVO)=0.608
2025-09-29 13:22:02 - No P3-val improvement; patience remaining: 0/50
2025-09-29 13:22:02 - Early stopping triggered (P3-val)
2025-09-29 13:22:02 -     P3 Test | Acc=0.6000 P=0.6250 R=0.6250 F1=0.6250 AUC=0.6349 (n=90)
2025-09-29 13:22:02 -     AVO Test | Acc=0.6133 P=0.5881 R=0.7306 F1=0.6517 AUC=0.6619 (n=600)
2025-09-29 13:22:02 -     Overall Test Acc=0.6116
2025-09-29 13:22:02 -   Fold 2/5
2025-09-29 13:22:02 - Fold domains: small=P3 (n=290), large=AVO (n=2125)
2025-09-29 13:22:02 - Auto adjustments (symmetric): w_small≈1.000, lambda_MMD_target=0.300, warmup_epochs=5
2025-09-29 13:22:02 - Epoch 1/500 | LR=0.010000 | w_AVO=1.000 | w_P3=1.341 | lambda_MMD=0.060
2025-09-29 13:22:02 - Epoch Summary: TrainLoss=1.6714 | TrainAcc=0.547 | Val(P3)=0.611 | Val(AVO)=0.566
2025-09-29 13:22:02 - New best P3-val; checkpoint updated
2025-09-29 13:22:02 - Epoch 2/500 | LR=0.010000 | w_AVO=1.000 | w_P3=1.683 | lambda_MMD=0.120
2025-09-29 13:22:02 - Epoch Summary: TrainLoss=1.7434 | TrainAcc=0.589 | Val(P3)=0.611 | Val(AVO)=0.634
2025-09-29 13:22:02 - No P3-val improvement; patience remaining: 49/50
2025-09-29 13:22:02 - Epoch 3/500 | LR=0.010000 | w_AVO=1.000 | w_P3=2.024 | lambda_MMD=0.180
2025-09-29 13:22:03 - Epoch Summary: TrainLoss=1.8997 | TrainAcc=0.619 | Val(P3)=0.639 | Val(AVO)=0.644
2025-09-29 13:22:03 - New best P3-val; checkpoint updated
2025-09-29 13:22:03 - Epoch 4/500 | LR=0.009999 | w_AVO=1.000 | w_P3=2.366 | lambda_MMD=0.240
2025-09-29 13:22:03 - Epoch Summary: TrainLoss=2.0989 | TrainAcc=0.616 | Val(P3)=0.556 | Val(AVO)=0.647
2025-09-29 13:22:03 - No P3-val improvement; patience remaining: 49/50
2025-09-29 13:22:03 - Epoch 5/500 | LR=0.009998 | w_AVO=1.000 | w_P3=2.707 | lambda_MMD=0.300
2025-09-29 13:22:03 - Epoch Summary: TrainLoss=2.2456 | TrainAcc=0.619 | Val(P3)=0.583 | Val(AVO)=0.660
2025-09-29 13:22:03 - No P3-val improvement; patience remaining: 48/50
2025-09-29 13:22:03 - Epoch 6/500 | LR=0.009998 | w_AVO=1.000 | w_P3=2.707 | lambda_MMD=0.300
2025-09-29 13:22:03 - Epoch Summary: TrainLoss=2.1712 | TrainAcc=0.619 | Val(P3)=0.556 | Val(AVO)=0.631
2025-09-29 13:22:03 - No P3-val improvement; patience remaining: 47/50
2025-09-29 13:22:03 - Epoch 7/500 | LR=0.009996 | w_AVO=1.000 | w_P3=2.707 | lambda_MMD=0.300
2025-09-29 13:22:03 - Epoch Summary: TrainLoss=2.1225 | TrainAcc=0.621 | Val(P3)=0.611 | Val(AVO)=0.641
2025-09-29 13:22:03 - No P3-val improvement; patience remaining: 46/50
2025-09-29 13:22:03 - Epoch 8/500 | LR=0.009995 | w_AVO=1.000 | w_P3=2.707 | lambda_MMD=0.300
2025-09-29 13:22:04 - Epoch Summary: TrainLoss=2.0502 | TrainAcc=0.621 | Val(P3)=0.667 | Val(AVO)=0.647
2025-09-29 13:22:04 - New best P3-val; checkpoint updated
2025-09-29 13:22:04 - Epoch 9/500 | LR=0.009994 | w_AVO=1.000 | w_P3=2.707 | lambda_MMD=0.300
2025-09-29 13:22:04 - Epoch Summary: TrainLoss=2.0001 | TrainAcc=0.624 | Val(P3)=0.583 | Val(AVO)=0.654
2025-09-29 13:22:04 - No P3-val improvement; patience remaining: 49/50
2025-09-29 13:22:04 - Epoch 10/500 | LR=0.009992 | w_AVO=1.000 | w_P3=2.707 | lambda_MMD=0.300
2025-09-29 13:22:04 - Epoch Summary: TrainLoss=1.9637 | TrainAcc=0.630 | Val(P3)=0.694 | Val(AVO)=0.631
2025-09-29 13:22:04 - New best P3-val; checkpoint updated
2025-09-29 13:22:04 - Epoch 11/500 | LR=0.009990 | w_AVO=1.000 | w_P3=2.707 | lambda_MMD=0.300
2025-09-29 13:22:04 - Epoch Summary: TrainLoss=1.9338 | TrainAcc=0.640 | Val(P3)=0.667 | Val(AVO)=0.628
2025-09-29 13:22:04 - No P3-val improvement; patience remaining: 49/50
2025-09-29 13:22:04 - AVO val decreasing 3x. Reducing lambda_MMD to 0.210
2025-09-29 13:22:04 - Epoch 12/500 | LR=0.009988 | w_AVO=1.000 | w_P3=2.707 | lambda_MMD=0.210
2025-09-29 13:22:04 - Epoch Summary: TrainLoss=1.8739 | TrainAcc=0.651 | Val(P3)=0.639 | Val(AVO)=0.615
2025-09-29 13:22:04 - No P3-val improvement; patience remaining: 48/50
2025-09-29 13:22:04 - P3 val decreasing 3x. Reducing w_small to 2.166, lambda_MMD to 0.150
2025-09-29 13:22:04 - AVO val decreasing 3x. Reducing lambda_MMD to 0.105
2025-09-29 13:22:04 - Epoch 13/500 | LR=0.009986 | w_AVO=1.000 | w_P3=2.166 | lambda_MMD=0.105
2025-09-29 13:22:04 - Epoch Summary: TrainLoss=1.5854 | TrainAcc=0.648 | Val(P3)=0.694 | Val(AVO)=0.638
2025-09-29 13:22:04 - No P3-val improvement; patience remaining: 47/50
2025-09-29 13:22:04 - Epoch 14/500 | LR=0.009983 | w_AVO=1.000 | w_P3=2.707 | lambda_MMD=0.300
2025-09-29 13:22:05 - Epoch Summary: TrainLoss=1.8429 | TrainAcc=0.640 | Val(P3)=0.611 | Val(AVO)=0.579
2025-09-29 13:22:05 - No P3-val improvement; patience remaining: 46/50
2025-09-29 13:22:05 - Epoch 15/500 | LR=0.009981 | w_AVO=1.000 | w_P3=2.707 | lambda_MMD=0.300
2025-09-29 13:22:05 - Epoch Summary: TrainLoss=1.7728 | TrainAcc=0.651 | Val(P3)=0.639 | Val(AVO)=0.618
2025-09-29 13:22:05 - No P3-val improvement; patience remaining: 45/50
2025-09-29 13:22:05 - Epoch 16/500 | LR=0.009978 | w_AVO=1.000 | w_P3=2.707 | lambda_MMD=0.300
2025-09-29 13:22:05 - Epoch Summary: TrainLoss=1.7148 | TrainAcc=0.667 | Val(P3)=0.667 | Val(AVO)=0.647
2025-09-29 13:22:05 - No P3-val improvement; patience remaining: 44/50
2025-09-29 13:22:05 - Epoch 17/500 | LR=0.009975 | w_AVO=1.000 | w_P3=2.707 | lambda_MMD=0.300
2025-09-29 13:22:05 - Epoch Summary: TrainLoss=1.6826 | TrainAcc=0.658 | Val(P3)=0.667 | Val(AVO)=0.618
2025-09-29 13:22:05 - No P3-val improvement; patience remaining: 43/50
2025-09-29 13:22:05 - Epoch 18/500 | LR=0.009972 | w_AVO=1.000 | w_P3=2.707 | lambda_MMD=0.300
2025-09-29 13:22:05 - Epoch Summary: TrainLoss=1.6441 | TrainAcc=0.671 | Val(P3)=0.694 | Val(AVO)=0.641
2025-09-29 13:22:05 - No P3-val improvement; patience remaining: 42/50
2025-09-29 13:22:05 - Epoch 19/500 | LR=0.009968 | w_AVO=1.000 | w_P3=2.707 | lambda_MMD=0.300
2025-09-29 13:22:05 - Epoch Summary: TrainLoss=1.5731 | TrainAcc=0.674 | Val(P3)=0.639 | Val(AVO)=0.602
2025-09-29 13:22:05 - No P3-val improvement; patience remaining: 41/50
2025-09-29 13:22:05 - Epoch 20/500 | LR=0.009964 | w_AVO=1.000 | w_P3=2.707 | lambda_MMD=0.300
2025-09-29 13:22:06 - Epoch Summary: TrainLoss=1.5524 | TrainAcc=0.655 | Val(P3)=0.667 | Val(AVO)=0.615
2025-09-29 13:22:06 - No P3-val improvement; patience remaining: 40/50
2025-09-29 13:22:06 - Epoch 21/500 | LR=0.009961 | w_AVO=1.000 | w_P3=2.707 | lambda_MMD=0.300
2025-09-29 13:22:06 - Epoch Summary: TrainLoss=1.5309 | TrainAcc=0.670 | Val(P3)=0.694 | Val(AVO)=0.628
2025-09-29 13:22:06 - No P3-val improvement; patience remaining: 39/50
2025-09-29 13:22:06 - Epoch 22/500 | LR=0.009957 | w_AVO=1.000 | w_P3=2.707 | lambda_MMD=0.300
2025-09-29 13:22:06 - Epoch Summary: TrainLoss=1.4763 | TrainAcc=0.666 | Val(P3)=0.583 | Val(AVO)=0.612
2025-09-29 13:22:06 - No P3-val improvement; patience remaining: 38/50
2025-09-29 13:22:06 - Epoch 23/500 | LR=0.009952 | w_AVO=1.000 | w_P3=2.707 | lambda_MMD=0.300
2025-09-29 13:22:06 - Epoch Summary: TrainLoss=1.4625 | TrainAcc=0.664 | Val(P3)=0.528 | Val(AVO)=0.589
2025-09-29 13:22:06 - No P3-val improvement; patience remaining: 37/50
2025-09-29 13:22:06 - P3 val decreasing 3x. Reducing w_small to 2.166, lambda_MMD to 0.150
2025-09-29 13:22:06 - AVO val decreasing 3x. Reducing lambda_MMD to 0.105
2025-09-29 13:22:06 - Epoch 24/500 | LR=0.009948 | w_AVO=1.000 | w_P3=2.166 | lambda_MMD=0.105
2025-09-29 13:22:06 - Epoch Summary: TrainLoss=1.2728 | TrainAcc=0.656 | Val(P3)=0.639 | Val(AVO)=0.634
2025-09-29 13:22:06 - No P3-val improvement; patience remaining: 36/50
2025-09-29 13:22:06 - Epoch 25/500 | LR=0.009943 | w_AVO=1.000 | w_P3=2.707 | lambda_MMD=0.300
2025-09-29 13:22:06 - Epoch Summary: TrainLoss=1.3824 | TrainAcc=0.664 | Val(P3)=0.639 | Val(AVO)=0.605
2025-09-29 13:22:06 - No P3-val improvement; patience remaining: 35/50
2025-09-29 13:22:06 - Epoch 26/500 | LR=0.009938 | w_AVO=1.000 | w_P3=2.707 | lambda_MMD=0.300
2025-09-29 13:22:07 - Epoch Summary: TrainLoss=1.3352 | TrainAcc=0.676 | Val(P3)=0.667 | Val(AVO)=0.628
2025-09-29 13:22:07 - No P3-val improvement; patience remaining: 34/50
2025-09-29 13:22:07 - Epoch 27/500 | LR=0.009933 | w_AVO=1.000 | w_P3=2.707 | lambda_MMD=0.300
2025-09-29 13:22:07 - Epoch Summary: TrainLoss=1.3384 | TrainAcc=0.674 | Val(P3)=0.583 | Val(AVO)=0.625
2025-09-29 13:22:07 - No P3-val improvement; patience remaining: 33/50
2025-09-29 13:22:07 - Epoch 28/500 | LR=0.009928 | w_AVO=1.000 | w_P3=2.707 | lambda_MMD=0.300
2025-09-29 13:22:07 - Epoch Summary: TrainLoss=1.2928 | TrainAcc=0.670 | Val(P3)=0.639 | Val(AVO)=0.631
2025-09-29 13:22:07 - No P3-val improvement; patience remaining: 32/50
2025-09-29 13:22:07 - Epoch 29/500 | LR=0.009923 | w_AVO=1.000 | w_P3=2.707 | lambda_MMD=0.300
2025-09-29 13:22:07 - Epoch Summary: TrainLoss=1.3340 | TrainAcc=0.666 | Val(P3)=0.750 | Val(AVO)=0.615
2025-09-29 13:22:07 - New best P3-val; checkpoint updated
2025-09-29 13:22:07 - Epoch 30/500 | LR=0.009917 | w_AVO=1.000 | w_P3=2.707 | lambda_MMD=0.300
2025-09-29 13:22:07 - Epoch Summary: TrainLoss=1.2919 | TrainAcc=0.673 | Val(P3)=0.639 | Val(AVO)=0.631
2025-09-29 13:22:07 - No P3-val improvement; patience remaining: 49/50
2025-09-29 13:22:07 - Epoch 31/500 | LR=0.009911 | w_AVO=1.000 | w_P3=2.707 | lambda_MMD=0.300
2025-09-29 13:22:07 - Epoch Summary: TrainLoss=1.2143 | TrainAcc=0.683 | Val(P3)=0.639 | Val(AVO)=0.634
2025-09-29 13:22:07 - No P3-val improvement; patience remaining: 48/50
2025-09-29 13:22:07 - Epoch 32/500 | LR=0.009905 | w_AVO=1.000 | w_P3=2.707 | lambda_MMD=0.300
2025-09-29 13:22:08 - Epoch Summary: TrainLoss=1.1874 | TrainAcc=0.666 | Val(P3)=0.722 | Val(AVO)=0.618
2025-09-29 13:22:08 - No P3-val improvement; patience remaining: 47/50
2025-09-29 13:22:08 - Epoch 33/500 | LR=0.009899 | w_AVO=1.000 | w_P3=2.707 | lambda_MMD=0.300
2025-09-29 13:22:08 - Epoch Summary: TrainLoss=1.1796 | TrainAcc=0.673 | Val(P3)=0.694 | Val(AVO)=0.638
2025-09-29 13:22:08 - No P3-val improvement; patience remaining: 46/50
2025-09-29 13:22:08 - Epoch 34/500 | LR=0.009893 | w_AVO=1.000 | w_P3=2.707 | lambda_MMD=0.300
2025-09-29 13:22:08 - Epoch Summary: TrainLoss=1.1372 | TrainAcc=0.685 | Val(P3)=0.722 | Val(AVO)=0.631
2025-09-29 13:22:08 - No P3-val improvement; patience remaining: 45/50
2025-09-29 13:22:08 - Epoch 35/500 | LR=0.009886 | w_AVO=1.000 | w_P3=2.707 | lambda_MMD=0.300
2025-09-29 13:22:08 - Epoch Summary: TrainLoss=1.1284 | TrainAcc=0.678 | Val(P3)=0.694 | Val(AVO)=0.621
2025-09-29 13:22:08 - No P3-val improvement; patience remaining: 44/50
2025-09-29 13:22:08 - AVO val decreasing 3x. Reducing lambda_MMD to 0.210
2025-09-29 13:22:08 - Epoch 36/500 | LR=0.009880 | w_AVO=1.000 | w_P3=2.707 | lambda_MMD=0.210
2025-09-29 13:22:08 - Epoch Summary: TrainLoss=1.0935 | TrainAcc=0.678 | Val(P3)=0.667 | Val(AVO)=0.638
2025-09-29 13:22:08 - No P3-val improvement; patience remaining: 43/50
2025-09-29 13:22:08 - P3 val decreasing 3x. Reducing w_small to 2.166, lambda_MMD to 0.150
2025-09-29 13:22:08 - Epoch 37/500 | LR=0.009873 | w_AVO=1.000 | w_P3=2.166 | lambda_MMD=0.150
2025-09-29 13:22:09 - Epoch Summary: TrainLoss=0.9775 | TrainAcc=0.686 | Val(P3)=0.722 | Val(AVO)=0.608
2025-09-29 13:22:09 - No P3-val improvement; patience remaining: 42/50
2025-09-29 13:22:09 - Epoch 38/500 | LR=0.009865 | w_AVO=1.000 | w_P3=2.707 | lambda_MMD=0.300
2025-09-29 13:22:09 - Epoch Summary: TrainLoss=1.0456 | TrainAcc=0.686 | Val(P3)=0.694 | Val(AVO)=0.618
2025-09-29 13:22:09 - No P3-val improvement; patience remaining: 41/50
2025-09-29 13:22:09 - Epoch 39/500 | LR=0.009858 | w_AVO=1.000 | w_P3=2.707 | lambda_MMD=0.300
2025-09-29 13:22:09 - Epoch Summary: TrainLoss=1.0224 | TrainAcc=0.693 | Val(P3)=0.667 | Val(AVO)=0.625
2025-09-29 13:22:09 - No P3-val improvement; patience remaining: 40/50
2025-09-29 13:22:09 - P3 val decreasing 3x. Reducing w_small to 2.166, lambda_MMD to 0.150
2025-09-29 13:22:09 - Epoch 40/500 | LR=0.009851 | w_AVO=1.000 | w_P3=2.166 | lambda_MMD=0.150
2025-09-29 13:22:09 - Epoch Summary: TrainLoss=0.9556 | TrainAcc=0.696 | Val(P3)=0.694 | Val(AVO)=0.621
2025-09-29 13:22:09 - No P3-val improvement; patience remaining: 39/50
2025-09-29 13:22:09 - Epoch 41/500 | LR=0.009843 | w_AVO=1.000 | w_P3=2.707 | lambda_MMD=0.300
2025-09-29 13:22:09 - Epoch Summary: TrainLoss=1.0264 | TrainAcc=0.703 | Val(P3)=0.667 | Val(AVO)=0.634
2025-09-29 13:22:09 - No P3-val improvement; patience remaining: 38/50
2025-09-29 13:22:09 - Epoch 42/500 | LR=0.009835 | w_AVO=1.000 | w_P3=2.707 | lambda_MMD=0.300
2025-09-29 13:22:09 - Epoch Summary: TrainLoss=0.9900 | TrainAcc=0.701 | Val(P3)=0.750 | Val(AVO)=0.625
2025-09-29 13:22:09 - No P3-val improvement; patience remaining: 37/50
2025-09-29 13:22:09 - Epoch 43/500 | LR=0.009827 | w_AVO=1.000 | w_P3=2.707 | lambda_MMD=0.300
2025-09-29 13:22:10 - Epoch Summary: TrainLoss=0.9733 | TrainAcc=0.696 | Val(P3)=0.667 | Val(AVO)=0.628
2025-09-29 13:22:10 - No P3-val improvement; patience remaining: 36/50
2025-09-29 13:22:10 - Epoch 44/500 | LR=0.009819 | w_AVO=1.000 | w_P3=2.707 | lambda_MMD=0.300
2025-09-29 13:22:10 - Epoch Summary: TrainLoss=0.9259 | TrainAcc=0.705 | Val(P3)=0.583 | Val(AVO)=0.628
2025-09-29 13:22:10 - No P3-val improvement; patience remaining: 35/50
2025-09-29 13:22:10 - P3 val decreasing 3x. Reducing w_small to 2.166, lambda_MMD to 0.150
2025-09-29 13:22:10 - Epoch 45/500 | LR=0.009810 | w_AVO=1.000 | w_P3=2.166 | lambda_MMD=0.150
2025-09-29 13:22:10 - Epoch Summary: TrainLoss=0.8666 | TrainAcc=0.714 | Val(P3)=0.722 | Val(AVO)=0.618
2025-09-29 13:22:10 - No P3-val improvement; patience remaining: 34/50
2025-09-29 13:22:10 - Epoch 46/500 | LR=0.009801 | w_AVO=1.000 | w_P3=2.707 | lambda_MMD=0.300
2025-09-29 13:22:10 - Epoch Summary: TrainLoss=0.9123 | TrainAcc=0.712 | Val(P3)=0.667 | Val(AVO)=0.618
2025-09-29 13:22:10 - No P3-val improvement; patience remaining: 33/50
2025-09-29 13:22:10 - Epoch 47/500 | LR=0.009793 | w_AVO=1.000 | w_P3=2.707 | lambda_MMD=0.300
2025-09-29 13:22:10 - Epoch Summary: TrainLoss=0.9751 | TrainAcc=0.689 | Val(P3)=0.639 | Val(AVO)=0.670
2025-09-29 13:22:10 - No P3-val improvement; patience remaining: 32/50
2025-09-29 13:22:10 - P3 val decreasing 3x. Reducing w_small to 2.166, lambda_MMD to 0.150
2025-09-29 13:22:10 - Epoch 48/500 | LR=0.009784 | w_AVO=1.000 | w_P3=2.166 | lambda_MMD=0.150
2025-09-29 13:22:10 - Epoch Summary: TrainLoss=0.8394 | TrainAcc=0.707 | Val(P3)=0.694 | Val(AVO)=0.621
2025-09-29 13:22:10 - No P3-val improvement; patience remaining: 31/50
2025-09-29 13:22:10 - Epoch 49/500 | LR=0.009774 | w_AVO=1.000 | w_P3=2.707 | lambda_MMD=0.300
2025-09-29 13:22:11 - Epoch Summary: TrainLoss=0.9169 | TrainAcc=0.712 | Val(P3)=0.583 | Val(AVO)=0.644
2025-09-29 13:22:11 - No P3-val improvement; patience remaining: 30/50
2025-09-29 13:22:11 - Epoch 50/500 | LR=0.009765 | w_AVO=1.000 | w_P3=2.707 | lambda_MMD=0.300
2025-09-29 13:22:11 - Epoch Summary: TrainLoss=0.9089 | TrainAcc=0.717 | Val(P3)=0.694 | Val(AVO)=0.621
2025-09-29 13:22:11 - No P3-val improvement; patience remaining: 29/50
2025-09-29 13:22:11 - Epoch 51/500 | LR=0.009755 | w_AVO=1.000 | w_P3=2.707 | lambda_MMD=0.300
2025-09-29 13:22:11 - Epoch Summary: TrainLoss=0.8699 | TrainAcc=0.713 | Val(P3)=0.639 | Val(AVO)=0.670
2025-09-29 13:22:11 - No P3-val improvement; patience remaining: 28/50
2025-09-29 13:22:11 - Epoch 52/500 | LR=0.009745 | w_AVO=1.000 | w_P3=2.707 | lambda_MMD=0.300
2025-09-29 13:22:11 - Epoch Summary: TrainLoss=0.8626 | TrainAcc=0.712 | Val(P3)=0.722 | Val(AVO)=0.612
2025-09-29 13:22:11 - No P3-val improvement; patience remaining: 27/50
2025-09-29 13:22:11 - Epoch 53/500 | LR=0.009735 | w_AVO=1.000 | w_P3=2.707 | lambda_MMD=0.300
2025-09-29 13:22:11 - Epoch Summary: TrainLoss=0.9002 | TrainAcc=0.707 | Val(P3)=0.667 | Val(AVO)=0.586
2025-09-29 13:22:11 - No P3-val improvement; patience remaining: 26/50
2025-09-29 13:22:11 - AVO val decreasing 3x. Reducing lambda_MMD to 0.210
2025-09-29 13:22:11 - Epoch 54/500 | LR=0.009725 | w_AVO=1.000 | w_P3=2.707 | lambda_MMD=0.210
2025-09-29 13:22:11 - Epoch Summary: TrainLoss=0.8302 | TrainAcc=0.729 | Val(P3)=0.556 | Val(AVO)=0.657
2025-09-29 13:22:11 - No P3-val improvement; patience remaining: 25/50
2025-09-29 13:22:11 - P3 val decreasing 3x. Reducing w_small to 2.166, lambda_MMD to 0.150
2025-09-29 13:22:11 - Epoch 55/500 | LR=0.009715 | w_AVO=1.000 | w_P3=2.166 | lambda_MMD=0.150
2025-09-29 13:22:12 - Epoch Summary: TrainLoss=0.7876 | TrainAcc=0.722 | Val(P3)=0.639 | Val(AVO)=0.625
2025-09-29 13:22:12 - No P3-val improvement; patience remaining: 24/50
2025-09-29 13:22:12 - Epoch 56/500 | LR=0.009704 | w_AVO=1.000 | w_P3=2.707 | lambda_MMD=0.300
2025-09-29 13:22:12 - Epoch Summary: TrainLoss=0.8282 | TrainAcc=0.734 | Val(P3)=0.694 | Val(AVO)=0.625
2025-09-29 13:22:12 - No P3-val improvement; patience remaining: 23/50
2025-09-29 13:22:12 - Epoch 57/500 | LR=0.009694 | w_AVO=1.000 | w_P3=2.707 | lambda_MMD=0.300
2025-09-29 13:22:12 - Epoch Summary: TrainLoss=0.8448 | TrainAcc=0.721 | Val(P3)=0.722 | Val(AVO)=0.644
2025-09-29 13:22:12 - No P3-val improvement; patience remaining: 22/50
2025-09-29 13:22:12 - Epoch 58/500 | LR=0.009683 | w_AVO=1.000 | w_P3=2.707 | lambda_MMD=0.300
2025-09-29 13:22:12 - Epoch Summary: TrainLoss=0.8333 | TrainAcc=0.718 | Val(P3)=0.750 | Val(AVO)=0.615
2025-09-29 13:22:12 - No P3-val improvement; patience remaining: 21/50
2025-09-29 13:22:12 - Epoch 59/500 | LR=0.009672 | w_AVO=1.000 | w_P3=2.707 | lambda_MMD=0.300
2025-09-29 13:22:12 - Epoch Summary: TrainLoss=0.8720 | TrainAcc=0.715 | Val(P3)=0.556 | Val(AVO)=0.608
2025-09-29 13:22:12 - No P3-val improvement; patience remaining: 20/50
2025-09-29 13:22:12 - AVO val decreasing 3x. Reducing lambda_MMD to 0.210
2025-09-29 13:22:12 - Epoch 60/500 | LR=0.009660 | w_AVO=1.000 | w_P3=2.707 | lambda_MMD=0.210
2025-09-29 13:22:12 - Epoch Summary: TrainLoss=0.8121 | TrainAcc=0.720 | Val(P3)=0.694 | Val(AVO)=0.628
2025-09-29 13:22:12 - No P3-val improvement; patience remaining: 19/50
2025-09-29 13:22:12 - Epoch 61/500 | LR=0.009649 | w_AVO=1.000 | w_P3=2.707 | lambda_MMD=0.300
2025-09-29 13:22:13 - Epoch Summary: TrainLoss=0.7844 | TrainAcc=0.728 | Val(P3)=0.722 | Val(AVO)=0.618
2025-09-29 13:22:13 - No P3-val improvement; patience remaining: 18/50
2025-09-29 13:22:13 - Epoch 62/500 | LR=0.009637 | w_AVO=1.000 | w_P3=2.707 | lambda_MMD=0.300
2025-09-29 13:22:13 - Epoch Summary: TrainLoss=0.8216 | TrainAcc=0.736 | Val(P3)=0.556 | Val(AVO)=0.579
2025-09-29 13:22:13 - No P3-val improvement; patience remaining: 17/50
2025-09-29 13:22:13 - AVO val decreasing 3x. Reducing lambda_MMD to 0.210
2025-09-29 13:22:13 - Epoch 63/500 | LR=0.009625 | w_AVO=1.000 | w_P3=2.707 | lambda_MMD=0.210
2025-09-29 13:22:13 - Epoch Summary: TrainLoss=0.7947 | TrainAcc=0.724 | Val(P3)=0.694 | Val(AVO)=0.641
2025-09-29 13:22:13 - No P3-val improvement; patience remaining: 16/50
2025-09-29 13:22:13 - Epoch 64/500 | LR=0.009613 | w_AVO=1.000 | w_P3=2.707 | lambda_MMD=0.300
2025-09-29 13:22:13 - Epoch Summary: TrainLoss=0.7921 | TrainAcc=0.736 | Val(P3)=0.722 | Val(AVO)=0.638
2025-09-29 13:22:13 - No P3-val improvement; patience remaining: 15/50
2025-09-29 13:22:13 - Epoch 65/500 | LR=0.009601 | w_AVO=1.000 | w_P3=2.707 | lambda_MMD=0.300
2025-09-29 13:22:13 - Epoch Summary: TrainLoss=0.7770 | TrainAcc=0.736 | Val(P3)=0.667 | Val(AVO)=0.631
2025-09-29 13:22:13 - No P3-val improvement; patience remaining: 14/50
2025-09-29 13:22:13 - AVO val decreasing 3x. Reducing lambda_MMD to 0.210
2025-09-29 13:22:13 - Epoch 66/500 | LR=0.009589 | w_AVO=1.000 | w_P3=2.707 | lambda_MMD=0.210
2025-09-29 13:22:14 - Epoch Summary: TrainLoss=0.8165 | TrainAcc=0.723 | Val(P3)=0.667 | Val(AVO)=0.612
2025-09-29 13:22:14 - No P3-val improvement; patience remaining: 13/50
2025-09-29 13:22:14 - AVO val decreasing 3x. Reducing lambda_MMD to 0.210
2025-09-29 13:22:14 - Epoch 67/500 | LR=0.009576 | w_AVO=1.000 | w_P3=2.707 | lambda_MMD=0.210
2025-09-29 13:22:14 - Epoch Summary: TrainLoss=0.7251 | TrainAcc=0.743 | Val(P3)=0.694 | Val(AVO)=0.638
2025-09-29 13:22:14 - No P3-val improvement; patience remaining: 12/50
2025-09-29 13:22:14 - Epoch 68/500 | LR=0.009563 | w_AVO=1.000 | w_P3=2.707 | lambda_MMD=0.300
2025-09-29 13:22:14 - Epoch Summary: TrainLoss=0.7487 | TrainAcc=0.738 | Val(P3)=0.694 | Val(AVO)=0.605
2025-09-29 13:22:14 - No P3-val improvement; patience remaining: 11/50
2025-09-29 13:22:14 - Epoch 69/500 | LR=0.009551 | w_AVO=1.000 | w_P3=2.707 | lambda_MMD=0.300
2025-09-29 13:22:14 - Epoch Summary: TrainLoss=0.7482 | TrainAcc=0.752 | Val(P3)=0.694 | Val(AVO)=0.647
2025-09-29 13:22:14 - No P3-val improvement; patience remaining: 10/50
2025-09-29 13:22:14 - Epoch 70/500 | LR=0.009537 | w_AVO=1.000 | w_P3=2.707 | lambda_MMD=0.300
2025-09-29 13:22:14 - Epoch Summary: TrainLoss=0.7338 | TrainAcc=0.747 | Val(P3)=0.722 | Val(AVO)=0.663
2025-09-29 13:22:14 - No P3-val improvement; patience remaining: 9/50
2025-09-29 13:22:14 - Epoch 71/500 | LR=0.009524 | w_AVO=1.000 | w_P3=2.707 | lambda_MMD=0.300
2025-09-29 13:22:14 - Epoch Summary: TrainLoss=0.6963 | TrainAcc=0.754 | Val(P3)=0.694 | Val(AVO)=0.631
2025-09-29 13:22:14 - No P3-val improvement; patience remaining: 8/50
2025-09-29 13:22:14 - Epoch 72/500 | LR=0.009511 | w_AVO=1.000 | w_P3=2.707 | lambda_MMD=0.300
2025-09-29 13:22:15 - Epoch Summary: TrainLoss=0.7158 | TrainAcc=0.748 | Val(P3)=0.722 | Val(AVO)=0.631
2025-09-29 13:22:15 - No P3-val improvement; patience remaining: 7/50
2025-09-29 13:22:15 - Epoch 73/500 | LR=0.009497 | w_AVO=1.000 | w_P3=2.707 | lambda_MMD=0.300
2025-09-29 13:22:15 - Epoch Summary: TrainLoss=0.7037 | TrainAcc=0.754 | Val(P3)=0.639 | Val(AVO)=0.634
2025-09-29 13:22:15 - No P3-val improvement; patience remaining: 6/50
2025-09-29 13:22:15 - Epoch 74/500 | LR=0.009483 | w_AVO=1.000 | w_P3=2.707 | lambda_MMD=0.300
2025-09-29 13:22:15 - Epoch Summary: TrainLoss=0.6916 | TrainAcc=0.754 | Val(P3)=0.694 | Val(AVO)=0.644
2025-09-29 13:22:15 - No P3-val improvement; patience remaining: 5/50
2025-09-29 13:22:15 - Epoch 75/500 | LR=0.009469 | w_AVO=1.000 | w_P3=2.707 | lambda_MMD=0.300
2025-09-29 13:22:15 - Epoch Summary: TrainLoss=0.6841 | TrainAcc=0.759 | Val(P3)=0.694 | Val(AVO)=0.615
2025-09-29 13:22:15 - No P3-val improvement; patience remaining: 4/50
2025-09-29 13:22:15 - Epoch 76/500 | LR=0.009455 | w_AVO=1.000 | w_P3=2.707 | lambda_MMD=0.300
2025-09-29 13:22:15 - Epoch Summary: TrainLoss=0.6946 | TrainAcc=0.754 | Val(P3)=0.694 | Val(AVO)=0.634
2025-09-29 13:22:15 - No P3-val improvement; patience remaining: 3/50
2025-09-29 13:22:15 - Epoch 77/500 | LR=0.009441 | w_AVO=1.000 | w_P3=2.707 | lambda_MMD=0.300
2025-09-29 13:22:15 - Epoch Summary: TrainLoss=0.6802 | TrainAcc=0.760 | Val(P3)=0.750 | Val(AVO)=0.638
2025-09-29 13:22:15 - No P3-val improvement; patience remaining: 2/50
2025-09-29 13:22:15 - Epoch 78/500 | LR=0.009426 | w_AVO=1.000 | w_P3=2.707 | lambda_MMD=0.300
2025-09-29 13:22:16 - Epoch Summary: TrainLoss=0.6951 | TrainAcc=0.749 | Val(P3)=0.722 | Val(AVO)=0.638
2025-09-29 13:22:16 - No P3-val improvement; patience remaining: 1/50
2025-09-29 13:22:16 - Epoch 79/500 | LR=0.009411 | w_AVO=1.000 | w_P3=2.707 | lambda_MMD=0.300
2025-09-29 13:22:16 - Epoch Summary: TrainLoss=0.6699 | TrainAcc=0.758 | Val(P3)=0.667 | Val(AVO)=0.631
2025-09-29 13:22:16 - No P3-val improvement; patience remaining: 0/50
2025-09-29 13:22:16 - Early stopping triggered (P3-val)
2025-09-29 13:22:16 -     P3 Test | Acc=0.5676 P=0.6098 R=0.6098 F1=0.6098 AUC=0.6415 (n=74)
2025-09-29 13:22:16 -     AVO Test | Acc=0.6266 P=0.5755 R=0.9276 F1=0.7103 AUC=0.7527 (n=616)
2025-09-29 13:22:16 -     Overall Test Acc=0.6203
2025-09-29 13:22:16 -   Fold 3/5
2025-09-29 13:22:16 - Fold domains: small=P3 (n=278), large=AVO (n=2137)
2025-09-29 13:22:16 - Auto adjustments (symmetric): w_small≈1.000, lambda_MMD_target=0.300, warmup_epochs=5
2025-09-29 13:22:16 - Epoch 1/500 | LR=0.010000 | w_AVO=1.000 | w_P3=1.355 | lambda_MMD=0.060
2025-09-29 13:22:16 - Epoch Summary: TrainLoss=1.7059 | TrainAcc=0.534 | Val(P3)=0.706 | Val(AVO)=0.637
2025-09-29 13:22:16 - New best P3-val; checkpoint updated
2025-09-29 13:22:16 - Epoch 2/500 | LR=0.010000 | w_AVO=1.000 | w_P3=1.709 | lambda_MMD=0.120
2025-09-29 13:22:16 - Epoch Summary: TrainLoss=1.7845 | TrainAcc=0.582 | Val(P3)=0.676 | Val(AVO)=0.627
2025-09-29 13:22:16 - No P3-val improvement; patience remaining: 49/50
2025-09-29 13:22:16 - Epoch 3/500 | LR=0.010000 | w_AVO=1.000 | w_P3=2.064 | lambda_MMD=0.180
2025-09-29 13:22:16 - Epoch Summary: TrainLoss=2.0148 | TrainAcc=0.599 | Val(P3)=0.765 | Val(AVO)=0.624
2025-09-29 13:22:16 - New best P3-val; checkpoint updated
2025-09-29 13:22:16 - AVO val decreasing 3x. Reducing lambda_MMD to 0.168
2025-09-29 13:22:16 - Epoch 4/500 | LR=0.009999 | w_AVO=1.000 | w_P3=2.418 | lambda_MMD=0.168
2025-09-29 13:22:16 - Epoch Summary: TrainLoss=2.1712 | TrainAcc=0.598 | Val(P3)=0.676 | Val(AVO)=0.643
2025-09-29 13:22:16 - No P3-val improvement; patience remaining: 49/50
2025-09-29 13:22:16 - Epoch 5/500 | LR=0.009998 | w_AVO=1.000 | w_P3=2.773 | lambda_MMD=0.300
2025-09-29 13:22:17 - Epoch Summary: TrainLoss=2.4010 | TrainAcc=0.608 | Val(P3)=0.618 | Val(AVO)=0.637
2025-09-29 13:22:17 - No P3-val improvement; patience remaining: 48/50
2025-09-29 13:22:17 - P3 val decreasing 3x. Reducing w_small to 2.218, lambda_MMD to 0.150
2025-09-29 13:22:17 - Epoch 6/500 | LR=0.009998 | w_AVO=1.000 | w_P3=2.218 | lambda_MMD=0.150
2025-09-29 13:22:17 - Epoch Summary: TrainLoss=2.0323 | TrainAcc=0.604 | Val(P3)=0.765 | Val(AVO)=0.685
2025-09-29 13:22:17 - No P3-val improvement; patience remaining: 47/50
2025-09-29 13:22:17 - Epoch 7/500 | LR=0.009996 | w_AVO=1.000 | w_P3=2.773 | lambda_MMD=0.300
2025-09-29 13:22:17 - Epoch Summary: TrainLoss=2.3229 | TrainAcc=0.614 | Val(P3)=0.765 | Val(AVO)=0.659
2025-09-29 13:22:17 - No P3-val improvement; patience remaining: 46/50
2025-09-29 13:22:17 - Epoch 8/500 | LR=0.009995 | w_AVO=1.000 | w_P3=2.773 | lambda_MMD=0.300
2025-09-29 13:22:17 - Epoch Summary: TrainLoss=2.2789 | TrainAcc=0.628 | Val(P3)=0.765 | Val(AVO)=0.653
2025-09-29 13:22:17 - No P3-val improvement; patience remaining: 45/50
2025-09-29 13:22:17 - AVO val decreasing 3x. Reducing lambda_MMD to 0.210
2025-09-29 13:22:17 - Epoch 9/500 | LR=0.009994 | w_AVO=1.000 | w_P3=2.773 | lambda_MMD=0.210
2025-09-29 13:22:17 - Epoch Summary: TrainLoss=2.2457 | TrainAcc=0.626 | Val(P3)=0.765 | Val(AVO)=0.698
2025-09-29 13:22:17 - No P3-val improvement; patience remaining: 44/50
2025-09-29 13:22:17 - Epoch 10/500 | LR=0.009992 | w_AVO=1.000 | w_P3=2.773 | lambda_MMD=0.300
2025-09-29 13:22:18 - Epoch Summary: TrainLoss=2.1977 | TrainAcc=0.625 | Val(P3)=0.824 | Val(AVO)=0.682
2025-09-29 13:22:18 - New best P3-val; checkpoint updated
2025-09-29 13:22:18 - Epoch 11/500 | LR=0.009990 | w_AVO=1.000 | w_P3=2.773 | lambda_MMD=0.300
2025-09-29 13:22:18 - Epoch Summary: TrainLoss=2.0931 | TrainAcc=0.631 | Val(P3)=0.794 | Val(AVO)=0.682
2025-09-29 13:22:18 - No P3-val improvement; patience remaining: 49/50
2025-09-29 13:22:18 - Epoch 12/500 | LR=0.009988 | w_AVO=1.000 | w_P3=2.773 | lambda_MMD=0.300
2025-09-29 13:22:18 - Epoch Summary: TrainLoss=2.0664 | TrainAcc=0.633 | Val(P3)=0.853 | Val(AVO)=0.698
2025-09-29 13:22:18 - New best P3-val; checkpoint updated
2025-09-29 13:22:18 - Epoch 13/500 | LR=0.009986 | w_AVO=1.000 | w_P3=2.773 | lambda_MMD=0.300
2025-09-29 13:22:18 - Epoch Summary: TrainLoss=2.0296 | TrainAcc=0.629 | Val(P3)=0.765 | Val(AVO)=0.627
2025-09-29 13:22:18 - No P3-val improvement; patience remaining: 49/50
2025-09-29 13:22:18 - Epoch 14/500 | LR=0.009983 | w_AVO=1.000 | w_P3=2.773 | lambda_MMD=0.300
2025-09-29 13:22:18 - Epoch Summary: TrainLoss=2.0486 | TrainAcc=0.625 | Val(P3)=0.824 | Val(AVO)=0.691
2025-09-29 13:22:18 - No P3-val improvement; patience remaining: 48/50
2025-09-29 13:22:18 - Epoch 15/500 | LR=0.009981 | w_AVO=1.000 | w_P3=2.773 | lambda_MMD=0.300
2025-09-29 13:22:18 - Epoch Summary: TrainLoss=1.9183 | TrainAcc=0.637 | Val(P3)=0.765 | Val(AVO)=0.666
2025-09-29 13:22:18 - No P3-val improvement; patience remaining: 47/50
2025-09-29 13:22:18 - Epoch 16/500 | LR=0.009978 | w_AVO=1.000 | w_P3=2.773 | lambda_MMD=0.300
2025-09-29 13:22:19 - Epoch Summary: TrainLoss=1.9314 | TrainAcc=0.637 | Val(P3)=0.735 | Val(AVO)=0.662
2025-09-29 13:22:19 - No P3-val improvement; patience remaining: 46/50
2025-09-29 13:22:19 - P3 val decreasing 3x. Reducing w_small to 2.218, lambda_MMD to 0.150
2025-09-29 13:22:19 - AVO val decreasing 3x. Reducing lambda_MMD to 0.105
2025-09-29 13:22:19 - Epoch 17/500 | LR=0.009975 | w_AVO=1.000 | w_P3=2.218 | lambda_MMD=0.105
2025-09-29 13:22:19 - Epoch Summary: TrainLoss=1.6117 | TrainAcc=0.642 | Val(P3)=0.735 | Val(AVO)=0.669
2025-09-29 13:22:19 - No P3-val improvement; patience remaining: 45/50
2025-09-29 13:22:19 - Epoch 18/500 | LR=0.009972 | w_AVO=1.000 | w_P3=2.773 | lambda_MMD=0.300
2025-09-29 13:22:19 - Epoch Summary: TrainLoss=1.8205 | TrainAcc=0.641 | Val(P3)=0.735 | Val(AVO)=0.682
2025-09-29 13:22:19 - No P3-val improvement; patience remaining: 44/50
2025-09-29 13:22:19 - Epoch 19/500 | LR=0.009968 | w_AVO=1.000 | w_P3=2.773 | lambda_MMD=0.300
2025-09-29 13:22:19 - Epoch Summary: TrainLoss=1.8194 | TrainAcc=0.629 | Val(P3)=0.676 | Val(AVO)=0.688
2025-09-29 13:22:19 - No P3-val improvement; patience remaining: 43/50
2025-09-29 13:22:19 - Epoch 20/500 | LR=0.009964 | w_AVO=1.000 | w_P3=2.773 | lambda_MMD=0.300
2025-09-29 13:22:19 - Epoch Summary: TrainLoss=1.7420 | TrainAcc=0.630 | Val(P3)=0.765 | Val(AVO)=0.704
2025-09-29 13:22:19 - No P3-val improvement; patience remaining: 42/50
2025-09-29 13:22:19 - Epoch 21/500 | LR=0.009961 | w_AVO=1.000 | w_P3=2.773 | lambda_MMD=0.300
2025-09-29 13:22:19 - Epoch Summary: TrainLoss=1.7225 | TrainAcc=0.643 | Val(P3)=0.824 | Val(AVO)=0.672
2025-09-29 13:22:19 - No P3-val improvement; patience remaining: 41/50
2025-09-29 13:22:19 - Epoch 22/500 | LR=0.009957 | w_AVO=1.000 | w_P3=2.773 | lambda_MMD=0.300
2025-09-29 13:22:20 - Epoch Summary: TrainLoss=1.7677 | TrainAcc=0.634 | Val(P3)=0.676 | Val(AVO)=0.608
2025-09-29 13:22:20 - No P3-val improvement; patience remaining: 40/50
2025-09-29 13:22:20 - AVO val decreasing 3x. Reducing lambda_MMD to 0.210
2025-09-29 13:22:20 - Epoch 23/500 | LR=0.009952 | w_AVO=1.000 | w_P3=2.773 | lambda_MMD=0.210
2025-09-29 13:22:20 - Epoch Summary: TrainLoss=1.6482 | TrainAcc=0.630 | Val(P3)=0.765 | Val(AVO)=0.653
2025-09-29 13:22:20 - No P3-val improvement; patience remaining: 39/50
2025-09-29 13:22:20 - Epoch 24/500 | LR=0.009948 | w_AVO=1.000 | w_P3=2.773 | lambda_MMD=0.300
2025-09-29 13:22:20 - Epoch Summary: TrainLoss=1.6130 | TrainAcc=0.630 | Val(P3)=0.735 | Val(AVO)=0.659
2025-09-29 13:22:20 - No P3-val improvement; patience remaining: 38/50
2025-09-29 13:22:20 - Epoch 25/500 | LR=0.009943 | w_AVO=1.000 | w_P3=2.773 | lambda_MMD=0.300
2025-09-29 13:22:20 - Epoch Summary: TrainLoss=1.5708 | TrainAcc=0.652 | Val(P3)=0.765 | Val(AVO)=0.621
2025-09-29 13:22:20 - No P3-val improvement; patience remaining: 37/50
2025-09-29 13:22:20 - Epoch 26/500 | LR=0.009938 | w_AVO=1.000 | w_P3=2.773 | lambda_MMD=0.300
2025-09-29 13:22:20 - Epoch Summary: TrainLoss=1.5762 | TrainAcc=0.648 | Val(P3)=0.765 | Val(AVO)=0.672
2025-09-29 13:22:20 - No P3-val improvement; patience remaining: 36/50
2025-09-29 13:22:20 - Epoch 27/500 | LR=0.009933 | w_AVO=1.000 | w_P3=2.773 | lambda_MMD=0.300
2025-09-29 13:22:20 - Epoch Summary: TrainLoss=1.4852 | TrainAcc=0.659 | Val(P3)=0.853 | Val(AVO)=0.672
2025-09-29 13:22:20 - No P3-val improvement; patience remaining: 35/50
2025-09-29 13:22:20 - Epoch 28/500 | LR=0.009928 | w_AVO=1.000 | w_P3=2.773 | lambda_MMD=0.300
2025-09-29 13:22:21 - Epoch Summary: TrainLoss=1.4409 | TrainAcc=0.650 | Val(P3)=0.765 | Val(AVO)=0.691
2025-09-29 13:22:21 - No P3-val improvement; patience remaining: 34/50
2025-09-29 13:22:21 - Epoch 29/500 | LR=0.009923 | w_AVO=1.000 | w_P3=2.773 | lambda_MMD=0.300
2025-09-29 13:22:21 - Epoch Summary: TrainLoss=1.4054 | TrainAcc=0.658 | Val(P3)=0.706 | Val(AVO)=0.621
2025-09-29 13:22:21 - No P3-val improvement; patience remaining: 33/50
2025-09-29 13:22:21 - P3 val decreasing 3x. Reducing w_small to 2.218, lambda_MMD to 0.150
2025-09-29 13:22:21 - Epoch 30/500 | LR=0.009917 | w_AVO=1.000 | w_P3=2.218 | lambda_MMD=0.150
2025-09-29 13:22:21 - Epoch Summary: TrainLoss=1.2597 | TrainAcc=0.642 | Val(P3)=0.735 | Val(AVO)=0.666
2025-09-29 13:22:21 - No P3-val improvement; patience remaining: 32/50
2025-09-29 13:22:21 - Epoch 31/500 | LR=0.009911 | w_AVO=1.000 | w_P3=2.773 | lambda_MMD=0.300
2025-09-29 13:22:21 - Epoch Summary: TrainLoss=1.3614 | TrainAcc=0.657 | Val(P3)=0.735 | Val(AVO)=0.643
2025-09-29 13:22:21 - No P3-val improvement; patience remaining: 31/50
2025-09-29 13:22:21 - Epoch 32/500 | LR=0.009905 | w_AVO=1.000 | w_P3=2.773 | lambda_MMD=0.300
2025-09-29 13:22:21 - Epoch Summary: TrainLoss=1.4536 | TrainAcc=0.651 | Val(P3)=0.765 | Val(AVO)=0.659
2025-09-29 13:22:21 - No P3-val improvement; patience remaining: 30/50
2025-09-29 13:22:21 - Epoch 33/500 | LR=0.009899 | w_AVO=1.000 | w_P3=2.773 | lambda_MMD=0.300
2025-09-29 13:22:21 - Epoch Summary: TrainLoss=1.3647 | TrainAcc=0.653 | Val(P3)=0.735 | Val(AVO)=0.672
2025-09-29 13:22:21 - No P3-val improvement; patience remaining: 29/50
2025-09-29 13:22:21 - Epoch 34/500 | LR=0.009893 | w_AVO=1.000 | w_P3=2.773 | lambda_MMD=0.300
2025-09-29 13:22:22 - Epoch Summary: TrainLoss=1.3779 | TrainAcc=0.661 | Val(P3)=0.765 | Val(AVO)=0.678
2025-09-29 13:22:22 - No P3-val improvement; patience remaining: 28/50
2025-09-29 13:22:22 - Epoch 35/500 | LR=0.009886 | w_AVO=1.000 | w_P3=2.773 | lambda_MMD=0.300
2025-09-29 13:22:22 - Epoch Summary: TrainLoss=1.2862 | TrainAcc=0.657 | Val(P3)=0.735 | Val(AVO)=0.646
2025-09-29 13:22:22 - No P3-val improvement; patience remaining: 27/50
2025-09-29 13:22:22 - Epoch 36/500 | LR=0.009880 | w_AVO=1.000 | w_P3=2.773 | lambda_MMD=0.300
2025-09-29 13:22:22 - Epoch Summary: TrainLoss=1.2382 | TrainAcc=0.667 | Val(P3)=0.706 | Val(AVO)=0.630
2025-09-29 13:22:22 - No P3-val improvement; patience remaining: 26/50
2025-09-29 13:22:22 - P3 val decreasing 3x. Reducing w_small to 2.218, lambda_MMD to 0.150
2025-09-29 13:22:22 - AVO val decreasing 3x. Reducing lambda_MMD to 0.105
2025-09-29 13:22:22 - Epoch 37/500 | LR=0.009873 | w_AVO=1.000 | w_P3=2.218 | lambda_MMD=0.105
2025-09-29 13:22:22 - Epoch Summary: TrainLoss=1.1068 | TrainAcc=0.640 | Val(P3)=0.735 | Val(AVO)=0.650
2025-09-29 13:22:22 - No P3-val improvement; patience remaining: 25/50
2025-09-29 13:22:22 - Epoch 38/500 | LR=0.009865 | w_AVO=1.000 | w_P3=2.773 | lambda_MMD=0.300
2025-09-29 13:22:22 - Epoch Summary: TrainLoss=1.2015 | TrainAcc=0.658 | Val(P3)=0.794 | Val(AVO)=0.601
2025-09-29 13:22:22 - No P3-val improvement; patience remaining: 24/50
2025-09-29 13:22:22 - Epoch 39/500 | LR=0.009858 | w_AVO=1.000 | w_P3=2.773 | lambda_MMD=0.300
2025-09-29 13:22:22 - Epoch Summary: TrainLoss=1.1403 | TrainAcc=0.668 | Val(P3)=0.853 | Val(AVO)=0.656
2025-09-29 13:22:22 - No P3-val improvement; patience remaining: 23/50
2025-09-29 13:22:22 - Epoch 40/500 | LR=0.009851 | w_AVO=1.000 | w_P3=2.773 | lambda_MMD=0.300
2025-09-29 13:22:23 - Epoch Summary: TrainLoss=1.2044 | TrainAcc=0.650 | Val(P3)=0.794 | Val(AVO)=0.675
2025-09-29 13:22:23 - No P3-val improvement; patience remaining: 22/50
2025-09-29 13:22:23 - Epoch 41/500 | LR=0.009843 | w_AVO=1.000 | w_P3=2.773 | lambda_MMD=0.300
2025-09-29 13:22:23 - Epoch Summary: TrainLoss=1.0980 | TrainAcc=0.684 | Val(P3)=0.706 | Val(AVO)=0.633
2025-09-29 13:22:23 - No P3-val improvement; patience remaining: 21/50
2025-09-29 13:22:23 - P3 val decreasing 3x. Reducing w_small to 2.218, lambda_MMD to 0.150
2025-09-29 13:22:23 - Epoch 42/500 | LR=0.009835 | w_AVO=1.000 | w_P3=2.218 | lambda_MMD=0.150
2025-09-29 13:22:23 - Epoch Summary: TrainLoss=0.9876 | TrainAcc=0.667 | Val(P3)=0.765 | Val(AVO)=0.588
2025-09-29 13:22:23 - No P3-val improvement; patience remaining: 20/50
2025-09-29 13:22:23 - AVO val decreasing 3x. Reducing lambda_MMD to 0.210
2025-09-29 13:22:23 - Epoch 43/500 | LR=0.009827 | w_AVO=1.000 | w_P3=2.773 | lambda_MMD=0.210
2025-09-29 13:22:23 - Epoch Summary: TrainLoss=1.0747 | TrainAcc=0.675 | Val(P3)=0.765 | Val(AVO)=0.582
2025-09-29 13:22:23 - No P3-val improvement; patience remaining: 19/50
2025-09-29 13:22:23 - AVO val decreasing 3x. Reducing lambda_MMD to 0.210
2025-09-29 13:22:23 - Epoch 44/500 | LR=0.009819 | w_AVO=1.000 | w_P3=2.773 | lambda_MMD=0.210
2025-09-29 13:22:23 - Epoch Summary: TrainLoss=1.0703 | TrainAcc=0.675 | Val(P3)=0.824 | Val(AVO)=0.608
2025-09-29 13:22:23 - No P3-val improvement; patience remaining: 18/50
2025-09-29 13:22:23 - Epoch 45/500 | LR=0.009810 | w_AVO=1.000 | w_P3=2.773 | lambda_MMD=0.300
2025-09-29 13:22:23 - Epoch Summary: TrainLoss=1.0771 | TrainAcc=0.682 | Val(P3)=0.853 | Val(AVO)=0.688
2025-09-29 13:22:23 - No P3-val improvement; patience remaining: 17/50
2025-09-29 13:22:23 - Epoch 46/500 | LR=0.009801 | w_AVO=1.000 | w_P3=2.773 | lambda_MMD=0.300
2025-09-29 13:22:24 - Epoch Summary: TrainLoss=1.0268 | TrainAcc=0.681 | Val(P3)=0.794 | Val(AVO)=0.585
2025-09-29 13:22:24 - No P3-val improvement; patience remaining: 16/50
2025-09-29 13:22:24 - Epoch 47/500 | LR=0.009793 | w_AVO=1.000 | w_P3=2.773 | lambda_MMD=0.300
2025-09-29 13:22:24 - Epoch Summary: TrainLoss=1.0222 | TrainAcc=0.684 | Val(P3)=0.735 | Val(AVO)=0.637
2025-09-29 13:22:24 - No P3-val improvement; patience remaining: 15/50
2025-09-29 13:22:24 - P3 val decreasing 3x. Reducing w_small to 2.218, lambda_MMD to 0.150
2025-09-29 13:22:24 - Epoch 48/500 | LR=0.009784 | w_AVO=1.000 | w_P3=2.218 | lambda_MMD=0.150
2025-09-29 13:22:24 - Epoch Summary: TrainLoss=0.9023 | TrainAcc=0.678 | Val(P3)=0.824 | Val(AVO)=0.672
2025-09-29 13:22:24 - No P3-val improvement; patience remaining: 14/50
2025-09-29 13:22:24 - Epoch 49/500 | LR=0.009774 | w_AVO=1.000 | w_P3=2.773 | lambda_MMD=0.300
2025-09-29 13:22:24 - Epoch Summary: TrainLoss=1.0145 | TrainAcc=0.678 | Val(P3)=0.794 | Val(AVO)=0.556
2025-09-29 13:22:24 - No P3-val improvement; patience remaining: 13/50
2025-09-29 13:22:24 - Epoch 50/500 | LR=0.009765 | w_AVO=1.000 | w_P3=2.773 | lambda_MMD=0.300
2025-09-29 13:22:24 - Epoch Summary: TrainLoss=0.9776 | TrainAcc=0.690 | Val(P3)=0.794 | Val(AVO)=0.675
2025-09-29 13:22:24 - No P3-val improvement; patience remaining: 12/50
2025-09-29 13:22:24 - Epoch 51/500 | LR=0.009755 | w_AVO=1.000 | w_P3=2.773 | lambda_MMD=0.300
2025-09-29 13:22:24 - Epoch Summary: TrainLoss=0.9329 | TrainAcc=0.687 | Val(P3)=0.824 | Val(AVO)=0.653
2025-09-29 13:22:24 - No P3-val improvement; patience remaining: 11/50
2025-09-29 13:22:24 - Epoch 52/500 | LR=0.009745 | w_AVO=1.000 | w_P3=2.773 | lambda_MMD=0.300
2025-09-29 13:22:25 - Epoch Summary: TrainLoss=0.9673 | TrainAcc=0.687 | Val(P3)=0.765 | Val(AVO)=0.550
2025-09-29 13:22:25 - No P3-val improvement; patience remaining: 10/50
2025-09-29 13:22:25 - AVO val decreasing 3x. Reducing lambda_MMD to 0.210
2025-09-29 13:22:25 - Epoch 53/500 | LR=0.009735 | w_AVO=1.000 | w_P3=2.773 | lambda_MMD=0.210
2025-09-29 13:22:25 - Epoch Summary: TrainLoss=0.9133 | TrainAcc=0.703 | Val(P3)=0.794 | Val(AVO)=0.691
2025-09-29 13:22:25 - No P3-val improvement; patience remaining: 9/50
2025-09-29 13:22:25 - Epoch 54/500 | LR=0.009725 | w_AVO=1.000 | w_P3=2.773 | lambda_MMD=0.300
2025-09-29 13:22:25 - Epoch Summary: TrainLoss=0.9335 | TrainAcc=0.699 | Val(P3)=0.735 | Val(AVO)=0.595
2025-09-29 13:22:25 - No P3-val improvement; patience remaining: 8/50
2025-09-29 13:22:25 - Epoch 55/500 | LR=0.009715 | w_AVO=1.000 | w_P3=2.773 | lambda_MMD=0.300
2025-09-29 13:22:25 - Epoch Summary: TrainLoss=0.9133 | TrainAcc=0.697 | Val(P3)=0.735 | Val(AVO)=0.685
2025-09-29 13:22:25 - No P3-val improvement; patience remaining: 7/50
2025-09-29 13:22:25 - Epoch 56/500 | LR=0.009704 | w_AVO=1.000 | w_P3=2.773 | lambda_MMD=0.300
2025-09-29 13:22:25 - Epoch Summary: TrainLoss=0.8702 | TrainAcc=0.702 | Val(P3)=0.824 | Val(AVO)=0.643
2025-09-29 13:22:25 - No P3-val improvement; patience remaining: 6/50
2025-09-29 13:22:25 - Epoch 57/500 | LR=0.009694 | w_AVO=1.000 | w_P3=2.773 | lambda_MMD=0.300
2025-09-29 13:22:25 - Epoch Summary: TrainLoss=0.9153 | TrainAcc=0.692 | Val(P3)=0.735 | Val(AVO)=0.569
2025-09-29 13:22:25 - No P3-val improvement; patience remaining: 5/50
2025-09-29 13:22:25 - AVO val decreasing 3x. Reducing lambda_MMD to 0.210
2025-09-29 13:22:25 - Epoch 58/500 | LR=0.009683 | w_AVO=1.000 | w_P3=2.773 | lambda_MMD=0.210
2025-09-29 13:22:26 - Epoch Summary: TrainLoss=0.9264 | TrainAcc=0.698 | Val(P3)=0.824 | Val(AVO)=0.653
2025-09-29 13:22:26 - No P3-val improvement; patience remaining: 4/50
2025-09-29 13:22:26 - Epoch 59/500 | LR=0.009672 | w_AVO=1.000 | w_P3=2.773 | lambda_MMD=0.300
2025-09-29 13:22:26 - Epoch Summary: TrainLoss=0.8573 | TrainAcc=0.709 | Val(P3)=0.794 | Val(AVO)=0.678
2025-09-29 13:22:26 - No P3-val improvement; patience remaining: 3/50
2025-09-29 13:22:26 - Epoch 60/500 | LR=0.009660 | w_AVO=1.000 | w_P3=2.773 | lambda_MMD=0.300
2025-09-29 13:22:26 - Epoch Summary: TrainLoss=0.8265 | TrainAcc=0.723 | Val(P3)=0.794 | Val(AVO)=0.601
2025-09-29 13:22:26 - No P3-val improvement; patience remaining: 2/50
2025-09-29 13:22:26 - Epoch 61/500 | LR=0.009649 | w_AVO=1.000 | w_P3=2.773 | lambda_MMD=0.300
2025-09-29 13:22:26 - Epoch Summary: TrainLoss=0.8312 | TrainAcc=0.719 | Val(P3)=0.765 | Val(AVO)=0.685
2025-09-29 13:22:26 - No P3-val improvement; patience remaining: 1/50
2025-09-29 13:22:26 - Epoch 62/500 | LR=0.009637 | w_AVO=1.000 | w_P3=2.773 | lambda_MMD=0.300
2025-09-29 13:22:26 - Epoch Summary: TrainLoss=0.8301 | TrainAcc=0.716 | Val(P3)=0.794 | Val(AVO)=0.595
2025-09-29 13:22:26 - No P3-val improvement; patience remaining: 0/50
2025-09-29 13:22:26 - Early stopping triggered (P3-val)
2025-09-29 13:22:26 -     P3 Test | Acc=0.5341 P=0.5400 R=0.6000 F1=0.5684 AUC=0.5437 (n=88)
2025-09-29 13:22:26 -     AVO Test | Acc=0.5963 P=0.5564 R=0.9367 F1=0.6981 AUC=0.7162 (n=602)
2025-09-29 13:22:26 -     Overall Test Acc=0.5884
2025-09-29 13:22:26 -   Fold 4/5
2025-09-29 13:22:26 - Fold domains: small=P3 (n=286), large=AVO (n=2129)
2025-09-29 13:22:26 - Auto adjustments (symmetric): w_small≈1.000, lambda_MMD_target=0.300, warmup_epochs=5
2025-09-29 13:22:26 - Epoch 1/500 | LR=0.010000 | w_AVO=1.000 | w_P3=1.346 | lambda_MMD=0.060
2025-09-29 13:22:26 - Epoch Summary: TrainLoss=1.6229 | TrainAcc=0.558 | Val(P3)=0.571 | Val(AVO)=0.516
2025-09-29 13:22:26 - New best P3-val; checkpoint updated
2025-09-29 13:22:26 - Epoch 2/500 | LR=0.010000 | w_AVO=1.000 | w_P3=1.691 | lambda_MMD=0.120
2025-09-29 13:22:27 - Epoch Summary: TrainLoss=1.7375 | TrainAcc=0.582 | Val(P3)=0.657 | Val(AVO)=0.590
2025-09-29 13:22:27 - New best P3-val; checkpoint updated
2025-09-29 13:22:27 - Epoch 3/500 | LR=0.010000 | w_AVO=1.000 | w_P3=2.037 | lambda_MMD=0.180
2025-09-29 13:22:27 - Epoch Summary: TrainLoss=1.9373 | TrainAcc=0.603 | Val(P3)=0.686 | Val(AVO)=0.565
2025-09-29 13:22:27 - New best P3-val; checkpoint updated
2025-09-29 13:22:27 - Epoch 4/500 | LR=0.009999 | w_AVO=1.000 | w_P3=2.383 | lambda_MMD=0.240
2025-09-29 13:22:27 - Epoch Summary: TrainLoss=2.1053 | TrainAcc=0.613 | Val(P3)=0.714 | Val(AVO)=0.552
2025-09-29 13:22:27 - New best P3-val; checkpoint updated
2025-09-29 13:22:27 - AVO val decreasing 3x. Reducing lambda_MMD to 0.210
2025-09-29 13:22:27 - Epoch 5/500 | LR=0.009998 | w_AVO=1.000 | w_P3=2.728 | lambda_MMD=0.210
2025-09-29 13:22:27 - Epoch Summary: TrainLoss=2.2578 | TrainAcc=0.620 | Val(P3)=0.714 | Val(AVO)=0.629
2025-09-29 13:22:27 - No P3-val improvement; patience remaining: 49/50
2025-09-29 13:22:27 - Epoch 6/500 | LR=0.009998 | w_AVO=1.000 | w_P3=2.728 | lambda_MMD=0.300
2025-09-29 13:22:27 - Epoch Summary: TrainLoss=2.2374 | TrainAcc=0.617 | Val(P3)=0.629 | Val(AVO)=0.606
2025-09-29 13:22:27 - No P3-val improvement; patience remaining: 48/50
2025-09-29 13:22:27 - Epoch 7/500 | LR=0.009996 | w_AVO=1.000 | w_P3=2.728 | lambda_MMD=0.300
2025-09-29 13:22:27 - Epoch Summary: TrainLoss=2.1587 | TrainAcc=0.625 | Val(P3)=0.571 | Val(AVO)=0.587
2025-09-29 13:22:27 - No P3-val improvement; patience remaining: 47/50
2025-09-29 13:22:27 - P3 val decreasing 3x. Reducing w_small to 2.183, lambda_MMD to 0.150
2025-09-29 13:22:27 - AVO val decreasing 3x. Reducing lambda_MMD to 0.105
2025-09-29 13:22:27 - Epoch 8/500 | LR=0.009995 | w_AVO=1.000 | w_P3=2.183 | lambda_MMD=0.105
2025-09-29 13:22:28 - Epoch Summary: TrainLoss=1.8307 | TrainAcc=0.627 | Val(P3)=0.571 | Val(AVO)=0.603
2025-09-29 13:22:28 - No P3-val improvement; patience remaining: 46/50
2025-09-29 13:22:28 - Epoch 9/500 | LR=0.009994 | w_AVO=1.000 | w_P3=2.728 | lambda_MMD=0.300
2025-09-29 13:22:28 - Epoch Summary: TrainLoss=2.0447 | TrainAcc=0.633 | Val(P3)=0.543 | Val(AVO)=0.600
2025-09-29 13:22:28 - No P3-val improvement; patience remaining: 45/50
2025-09-29 13:22:28 - Epoch 10/500 | LR=0.009992 | w_AVO=1.000 | w_P3=2.728 | lambda_MMD=0.300
2025-09-29 13:22:28 - Epoch Summary: TrainLoss=2.0122 | TrainAcc=0.633 | Val(P3)=0.514 | Val(AVO)=0.594
2025-09-29 13:22:28 - No P3-val improvement; patience remaining: 44/50
2025-09-29 13:22:28 - P3 val decreasing 3x. Reducing w_small to 2.183, lambda_MMD to 0.150
2025-09-29 13:22:28 - AVO val decreasing 3x. Reducing lambda_MMD to 0.105
2025-09-29 13:22:28 - Epoch 11/500 | LR=0.009990 | w_AVO=1.000 | w_P3=2.183 | lambda_MMD=0.105
2025-09-29 13:22:28 - Epoch Summary: TrainLoss=1.7100 | TrainAcc=0.625 | Val(P3)=0.571 | Val(AVO)=0.623
2025-09-29 13:22:28 - No P3-val improvement; patience remaining: 43/50
2025-09-29 13:22:28 - Epoch 12/500 | LR=0.009988 | w_AVO=1.000 | w_P3=2.728 | lambda_MMD=0.300
2025-09-29 13:22:28 - Epoch Summary: TrainLoss=1.9363 | TrainAcc=0.637 | Val(P3)=0.571 | Val(AVO)=0.603
2025-09-29 13:22:28 - No P3-val improvement; patience remaining: 42/50
2025-09-29 13:22:28 - Epoch 13/500 | LR=0.009986 | w_AVO=1.000 | w_P3=2.728 | lambda_MMD=0.300
2025-09-29 13:22:29 - Epoch Summary: TrainLoss=1.8889 | TrainAcc=0.639 | Val(P3)=0.486 | Val(AVO)=0.590
2025-09-29 13:22:29 - No P3-val improvement; patience remaining: 41/50
2025-09-29 13:22:29 - AVO val decreasing 3x. Reducing lambda_MMD to 0.210
2025-09-29 13:22:29 - Epoch 14/500 | LR=0.009983 | w_AVO=1.000 | w_P3=2.728 | lambda_MMD=0.210
2025-09-29 13:22:29 - Epoch Summary: TrainLoss=1.8325 | TrainAcc=0.644 | Val(P3)=0.543 | Val(AVO)=0.594
2025-09-29 13:22:29 - No P3-val improvement; patience remaining: 40/50
2025-09-29 13:22:29 - Epoch 15/500 | LR=0.009981 | w_AVO=1.000 | w_P3=2.728 | lambda_MMD=0.300
2025-09-29 13:22:29 - Epoch Summary: TrainLoss=1.7818 | TrainAcc=0.647 | Val(P3)=0.514 | Val(AVO)=0.597
2025-09-29 13:22:29 - No P3-val improvement; patience remaining: 39/50
2025-09-29 13:22:29 - Epoch 16/500 | LR=0.009978 | w_AVO=1.000 | w_P3=2.728 | lambda_MMD=0.300
2025-09-29 13:22:29 - Epoch Summary: TrainLoss=1.7284 | TrainAcc=0.661 | Val(P3)=0.457 | Val(AVO)=0.616
2025-09-29 13:22:29 - No P3-val improvement; patience remaining: 38/50
2025-09-29 13:22:29 - P3 val decreasing 3x. Reducing w_small to 2.183, lambda_MMD to 0.150
2025-09-29 13:22:29 - Epoch 17/500 | LR=0.009975 | w_AVO=1.000 | w_P3=2.183 | lambda_MMD=0.150
2025-09-29 13:22:29 - Epoch Summary: TrainLoss=1.4554 | TrainAcc=0.653 | Val(P3)=0.514 | Val(AVO)=0.606
2025-09-29 13:22:29 - No P3-val improvement; patience remaining: 37/50
2025-09-29 13:22:29 - Epoch 18/500 | LR=0.009972 | w_AVO=1.000 | w_P3=2.728 | lambda_MMD=0.300
2025-09-29 13:22:29 - Epoch Summary: TrainLoss=1.6372 | TrainAcc=0.659 | Val(P3)=0.543 | Val(AVO)=0.581
2025-09-29 13:22:29 - No P3-val improvement; patience remaining: 36/50
2025-09-29 13:22:29 - AVO val decreasing 3x. Reducing lambda_MMD to 0.210
2025-09-29 13:22:29 - Epoch 19/500 | LR=0.009968 | w_AVO=1.000 | w_P3=2.728 | lambda_MMD=0.210
2025-09-29 13:22:30 - Epoch Summary: TrainLoss=1.6773 | TrainAcc=0.641 | Val(P3)=0.457 | Val(AVO)=0.594
2025-09-29 13:22:30 - No P3-val improvement; patience remaining: 35/50
2025-09-29 13:22:30 - Epoch 20/500 | LR=0.009964 | w_AVO=1.000 | w_P3=2.728 | lambda_MMD=0.300
2025-09-29 13:22:30 - Epoch Summary: TrainLoss=1.5513 | TrainAcc=0.667 | Val(P3)=0.514 | Val(AVO)=0.574
2025-09-29 13:22:30 - No P3-val improvement; patience remaining: 34/50
2025-09-29 13:22:30 - Epoch 21/500 | LR=0.009961 | w_AVO=1.000 | w_P3=2.728 | lambda_MMD=0.300
2025-09-29 13:22:30 - Epoch Summary: TrainLoss=1.4910 | TrainAcc=0.671 | Val(P3)=0.486 | Val(AVO)=0.584
2025-09-29 13:22:30 - No P3-val improvement; patience remaining: 33/50
2025-09-29 13:22:30 - Epoch 22/500 | LR=0.009957 | w_AVO=1.000 | w_P3=2.728 | lambda_MMD=0.300
2025-09-29 13:22:30 - Epoch Summary: TrainLoss=1.4972 | TrainAcc=0.669 | Val(P3)=0.486 | Val(AVO)=0.632
2025-09-29 13:22:30 - No P3-val improvement; patience remaining: 32/50
2025-09-29 13:22:30 - Epoch 23/500 | LR=0.009952 | w_AVO=1.000 | w_P3=2.728 | lambda_MMD=0.300
2025-09-29 13:22:30 - Epoch Summary: TrainLoss=1.4795 | TrainAcc=0.648 | Val(P3)=0.514 | Val(AVO)=0.603
2025-09-29 13:22:30 - No P3-val improvement; patience remaining: 31/50
2025-09-29 13:22:30 - Epoch 24/500 | LR=0.009948 | w_AVO=1.000 | w_P3=2.728 | lambda_MMD=0.300
2025-09-29 13:22:30 - Epoch Summary: TrainLoss=1.4504 | TrainAcc=0.660 | Val(P3)=0.486 | Val(AVO)=0.581
2025-09-29 13:22:30 - No P3-val improvement; patience remaining: 30/50
2025-09-29 13:22:30 - AVO val decreasing 3x. Reducing lambda_MMD to 0.210
2025-09-29 13:22:30 - Epoch 25/500 | LR=0.009943 | w_AVO=1.000 | w_P3=2.728 | lambda_MMD=0.210
2025-09-29 13:22:31 - Epoch Summary: TrainLoss=1.3600 | TrainAcc=0.662 | Val(P3)=0.457 | Val(AVO)=0.590
2025-09-29 13:22:31 - No P3-val improvement; patience remaining: 29/50
2025-09-29 13:22:31 - P3 val decreasing 3x. Reducing w_small to 2.183, lambda_MMD to 0.150
2025-09-29 13:22:31 - Epoch 26/500 | LR=0.009938 | w_AVO=1.000 | w_P3=2.183 | lambda_MMD=0.150
2025-09-29 13:22:31 - Epoch Summary: TrainLoss=1.1883 | TrainAcc=0.659 | Val(P3)=0.486 | Val(AVO)=0.603
2025-09-29 13:22:31 - No P3-val improvement; patience remaining: 28/50
2025-09-29 13:22:31 - Epoch 27/500 | LR=0.009933 | w_AVO=1.000 | w_P3=2.728 | lambda_MMD=0.300
2025-09-29 13:22:31 - Epoch Summary: TrainLoss=1.2964 | TrainAcc=0.674 | Val(P3)=0.514 | Val(AVO)=0.606
2025-09-29 13:22:31 - No P3-val improvement; patience remaining: 27/50
2025-09-29 13:22:31 - Epoch 28/500 | LR=0.009928 | w_AVO=1.000 | w_P3=2.728 | lambda_MMD=0.300
2025-09-29 13:22:31 - Epoch Summary: TrainLoss=1.2863 | TrainAcc=0.661 | Val(P3)=0.514 | Val(AVO)=0.545
2025-09-29 13:22:31 - No P3-val improvement; patience remaining: 26/50
2025-09-29 13:22:31 - Epoch 29/500 | LR=0.009923 | w_AVO=1.000 | w_P3=2.728 | lambda_MMD=0.300
2025-09-29 13:22:31 - Epoch Summary: TrainLoss=1.2859 | TrainAcc=0.663 | Val(P3)=0.429 | Val(AVO)=0.594
2025-09-29 13:22:31 - No P3-val improvement; patience remaining: 25/50
2025-09-29 13:22:31 - Epoch 30/500 | LR=0.009917 | w_AVO=1.000 | w_P3=2.728 | lambda_MMD=0.300
2025-09-29 13:22:31 - Epoch Summary: TrainLoss=1.2713 | TrainAcc=0.667 | Val(P3)=0.514 | Val(AVO)=0.613
2025-09-29 13:22:31 - No P3-val improvement; patience remaining: 24/50
2025-09-29 13:22:31 - Epoch 31/500 | LR=0.009911 | w_AVO=1.000 | w_P3=2.728 | lambda_MMD=0.300
2025-09-29 13:22:32 - Epoch Summary: TrainLoss=1.2204 | TrainAcc=0.668 | Val(P3)=0.486 | Val(AVO)=0.587
2025-09-29 13:22:32 - No P3-val improvement; patience remaining: 23/50
2025-09-29 13:22:32 - Epoch 32/500 | LR=0.009905 | w_AVO=1.000 | w_P3=2.728 | lambda_MMD=0.300
2025-09-29 13:22:32 - Epoch Summary: TrainLoss=1.1921 | TrainAcc=0.676 | Val(P3)=0.486 | Val(AVO)=0.597
2025-09-29 13:22:32 - No P3-val improvement; patience remaining: 22/50
2025-09-29 13:22:32 - Epoch 33/500 | LR=0.009899 | w_AVO=1.000 | w_P3=2.728 | lambda_MMD=0.300
2025-09-29 13:22:32 - Epoch Summary: TrainLoss=1.1580 | TrainAcc=0.674 | Val(P3)=0.457 | Val(AVO)=0.587
2025-09-29 13:22:32 - No P3-val improvement; patience remaining: 21/50
2025-09-29 13:22:32 - Epoch 34/500 | LR=0.009893 | w_AVO=1.000 | w_P3=2.728 | lambda_MMD=0.300
2025-09-29 13:22:32 - Epoch Summary: TrainLoss=1.1487 | TrainAcc=0.683 | Val(P3)=0.486 | Val(AVO)=0.600
2025-09-29 13:22:32 - No P3-val improvement; patience remaining: 20/50
2025-09-29 13:22:32 - Epoch 35/500 | LR=0.009886 | w_AVO=1.000 | w_P3=2.728 | lambda_MMD=0.300
2025-09-29 13:22:32 - Epoch Summary: TrainLoss=1.0956 | TrainAcc=0.683 | Val(P3)=0.514 | Val(AVO)=0.587
2025-09-29 13:22:32 - No P3-val improvement; patience remaining: 19/50
2025-09-29 13:22:32 - Epoch 36/500 | LR=0.009880 | w_AVO=1.000 | w_P3=2.728 | lambda_MMD=0.300
2025-09-29 13:22:32 - Epoch Summary: TrainLoss=1.0813 | TrainAcc=0.691 | Val(P3)=0.514 | Val(AVO)=0.616
2025-09-29 13:22:32 - No P3-val improvement; patience remaining: 18/50
2025-09-29 13:22:32 - Epoch 37/500 | LR=0.009873 | w_AVO=1.000 | w_P3=2.728 | lambda_MMD=0.300
2025-09-29 13:22:33 - Epoch Summary: TrainLoss=1.0575 | TrainAcc=0.691 | Val(P3)=0.486 | Val(AVO)=0.600
2025-09-29 13:22:33 - No P3-val improvement; patience remaining: 17/50
2025-09-29 13:22:33 - Epoch 38/500 | LR=0.009865 | w_AVO=1.000 | w_P3=2.728 | lambda_MMD=0.300
2025-09-29 13:22:33 - Epoch Summary: TrainLoss=1.0426 | TrainAcc=0.703 | Val(P3)=0.543 | Val(AVO)=0.594
2025-09-29 13:22:33 - No P3-val improvement; patience remaining: 16/50
2025-09-29 13:22:33 - AVO val decreasing 3x. Reducing lambda_MMD to 0.210
2025-09-29 13:22:33 - Epoch 39/500 | LR=0.009858 | w_AVO=1.000 | w_P3=2.728 | lambda_MMD=0.210
2025-09-29 13:22:33 - Epoch Summary: TrainLoss=1.0150 | TrainAcc=0.695 | Val(P3)=0.543 | Val(AVO)=0.594
2025-09-29 13:22:33 - No P3-val improvement; patience remaining: 15/50
2025-09-29 13:22:33 - Epoch 40/500 | LR=0.009851 | w_AVO=1.000 | w_P3=2.728 | lambda_MMD=0.300
2025-09-29 13:22:33 - Epoch Summary: TrainLoss=1.0909 | TrainAcc=0.685 | Val(P3)=0.514 | Val(AVO)=0.587
2025-09-29 13:22:33 - No P3-val improvement; patience remaining: 14/50
2025-09-29 13:22:33 - Epoch 41/500 | LR=0.009843 | w_AVO=1.000 | w_P3=2.728 | lambda_MMD=0.300
2025-09-29 13:22:33 - Epoch Summary: TrainLoss=1.0269 | TrainAcc=0.691 | Val(P3)=0.486 | Val(AVO)=0.577
2025-09-29 13:22:33 - No P3-val improvement; patience remaining: 13/50
2025-09-29 13:22:33 - P3 val decreasing 3x. Reducing w_small to 2.183, lambda_MMD to 0.150
2025-09-29 13:22:33 - AVO val decreasing 3x. Reducing lambda_MMD to 0.105
2025-09-29 13:22:33 - Epoch 42/500 | LR=0.009835 | w_AVO=1.000 | w_P3=2.183 | lambda_MMD=0.105
2025-09-29 13:22:34 - Epoch Summary: TrainLoss=0.9862 | TrainAcc=0.669 | Val(P3)=0.486 | Val(AVO)=0.581
2025-09-29 13:22:34 - No P3-val improvement; patience remaining: 12/50
2025-09-29 13:22:34 - Epoch 43/500 | LR=0.009827 | w_AVO=1.000 | w_P3=2.728 | lambda_MMD=0.300
2025-09-29 13:22:34 - Epoch Summary: TrainLoss=1.0095 | TrainAcc=0.690 | Val(P3)=0.514 | Val(AVO)=0.613
2025-09-29 13:22:34 - No P3-val improvement; patience remaining: 11/50
2025-09-29 13:22:34 - Epoch 44/500 | LR=0.009819 | w_AVO=1.000 | w_P3=2.728 | lambda_MMD=0.300
2025-09-29 13:22:34 - Epoch Summary: TrainLoss=0.9880 | TrainAcc=0.695 | Val(P3)=0.486 | Val(AVO)=0.571
2025-09-29 13:22:34 - No P3-val improvement; patience remaining: 10/50
2025-09-29 13:22:34 - Epoch 45/500 | LR=0.009810 | w_AVO=1.000 | w_P3=2.728 | lambda_MMD=0.300
2025-09-29 13:22:34 - Epoch Summary: TrainLoss=0.9550 | TrainAcc=0.701 | Val(P3)=0.571 | Val(AVO)=0.606
2025-09-29 13:22:34 - No P3-val improvement; patience remaining: 9/50
2025-09-29 13:22:34 - Epoch 46/500 | LR=0.009801 | w_AVO=1.000 | w_P3=2.728 | lambda_MMD=0.300
2025-09-29 13:22:34 - Epoch Summary: TrainLoss=0.9619 | TrainAcc=0.701 | Val(P3)=0.514 | Val(AVO)=0.603
2025-09-29 13:22:34 - No P3-val improvement; patience remaining: 8/50
2025-09-29 13:22:34 - Epoch 47/500 | LR=0.009793 | w_AVO=1.000 | w_P3=2.728 | lambda_MMD=0.300
2025-09-29 13:22:34 - Epoch Summary: TrainLoss=0.9518 | TrainAcc=0.692 | Val(P3)=0.457 | Val(AVO)=0.600
2025-09-29 13:22:34 - No P3-val improvement; patience remaining: 7/50
2025-09-29 13:22:34 - P3 val decreasing 3x. Reducing w_small to 2.183, lambda_MMD to 0.150
2025-09-29 13:22:34 - AVO val decreasing 3x. Reducing lambda_MMD to 0.105
2025-09-29 13:22:34 - Epoch 48/500 | LR=0.009784 | w_AVO=1.000 | w_P3=2.183 | lambda_MMD=0.105
2025-09-29 13:22:35 - Epoch Summary: TrainLoss=0.8669 | TrainAcc=0.695 | Val(P3)=0.571 | Val(AVO)=0.613
2025-09-29 13:22:35 - No P3-val improvement; patience remaining: 6/50
2025-09-29 13:22:35 - Epoch 49/500 | LR=0.009774 | w_AVO=1.000 | w_P3=2.728 | lambda_MMD=0.300
2025-09-29 13:22:35 - Epoch Summary: TrainLoss=0.9136 | TrainAcc=0.702 | Val(P3)=0.457 | Val(AVO)=0.610
2025-09-29 13:22:35 - No P3-val improvement; patience remaining: 5/50
2025-09-29 13:22:35 - Epoch 50/500 | LR=0.009765 | w_AVO=1.000 | w_P3=2.728 | lambda_MMD=0.300
2025-09-29 13:22:35 - Epoch Summary: TrainLoss=0.8924 | TrainAcc=0.705 | Val(P3)=0.514 | Val(AVO)=0.584
2025-09-29 13:22:35 - No P3-val improvement; patience remaining: 4/50
2025-09-29 13:22:35 - AVO val decreasing 3x. Reducing lambda_MMD to 0.210
2025-09-29 13:22:35 - Epoch 51/500 | LR=0.009755 | w_AVO=1.000 | w_P3=2.728 | lambda_MMD=0.210
2025-09-29 13:22:35 - Epoch Summary: TrainLoss=0.8859 | TrainAcc=0.713 | Val(P3)=0.543 | Val(AVO)=0.610
2025-09-29 13:22:35 - No P3-val improvement; patience remaining: 3/50
2025-09-29 13:22:35 - Epoch 52/500 | LR=0.009745 | w_AVO=1.000 | w_P3=2.728 | lambda_MMD=0.300
2025-09-29 13:22:35 - Epoch Summary: TrainLoss=0.8644 | TrainAcc=0.710 | Val(P3)=0.514 | Val(AVO)=0.616
2025-09-29 13:22:35 - No P3-val improvement; patience remaining: 2/50
2025-09-29 13:22:35 - Epoch 53/500 | LR=0.009735 | w_AVO=1.000 | w_P3=2.728 | lambda_MMD=0.300
2025-09-29 13:22:35 - Epoch Summary: TrainLoss=0.9304 | TrainAcc=0.707 | Val(P3)=0.486 | Val(AVO)=0.574
2025-09-29 13:22:35 - No P3-val improvement; patience remaining: 1/50
2025-09-29 13:22:35 - P3 val decreasing 3x. Reducing w_small to 2.183, lambda_MMD to 0.150
2025-09-29 13:22:35 - Epoch 54/500 | LR=0.009725 | w_AVO=1.000 | w_P3=2.183 | lambda_MMD=0.150
2025-09-29 13:22:36 - Epoch Summary: TrainLoss=0.8301 | TrainAcc=0.705 | Val(P3)=0.543 | Val(AVO)=0.603
2025-09-29 13:22:36 - No P3-val improvement; patience remaining: 0/50
2025-09-29 13:22:36 - Early stopping triggered (P3-val)
2025-09-29 13:22:36 -     P3 Test | Acc=0.5316 P=0.4762 R=0.8824 F1=0.6186 AUC=0.5712 (n=79)
2025-09-29 13:22:36 -     AVO Test | Acc=0.6121 P=0.5916 R=0.7685 F1=0.6685 AUC=0.6889 (n=611)
2025-09-29 13:22:36 -     Overall Test Acc=0.6029
2025-09-29 13:22:36 -   Fold 5/5
2025-09-29 13:22:36 - Fold domains: small=P3 (n=295), large=AVO (n=2120)
2025-09-29 13:22:36 - Auto adjustments (symmetric): w_small≈1.000, lambda_MMD_target=0.300, warmup_epochs=5
2025-09-29 13:22:36 - Epoch 1/500 | LR=0.010000 | w_AVO=1.000 | w_P3=1.336 | lambda_MMD=0.060
2025-09-29 13:22:36 - Epoch Summary: TrainLoss=1.6059 | TrainAcc=0.558 | Val(P3)=0.639 | Val(AVO)=0.563
2025-09-29 13:22:36 - New best P3-val; checkpoint updated
2025-09-29 13:22:36 - Epoch 2/500 | LR=0.010000 | w_AVO=1.000 | w_P3=1.672 | lambda_MMD=0.120
2025-09-29 13:22:36 - Epoch Summary: TrainLoss=1.7184 | TrainAcc=0.600 | Val(P3)=0.528 | Val(AVO)=0.586
2025-09-29 13:22:36 - No P3-val improvement; patience remaining: 49/50
2025-09-29 13:22:36 - Epoch 3/500 | LR=0.010000 | w_AVO=1.000 | w_P3=2.008 | lambda_MMD=0.180
2025-09-29 13:22:36 - Epoch Summary: TrainLoss=1.9174 | TrainAcc=0.606 | Val(P3)=0.694 | Val(AVO)=0.605
2025-09-29 13:22:36 - New best P3-val; checkpoint updated
2025-09-29 13:22:36 - Epoch 4/500 | LR=0.009999 | w_AVO=1.000 | w_P3=2.345 | lambda_MMD=0.240
2025-09-29 13:22:36 - Epoch Summary: TrainLoss=2.0563 | TrainAcc=0.615 | Val(P3)=0.611 | Val(AVO)=0.634
2025-09-29 13:22:36 - No P3-val improvement; patience remaining: 49/50
2025-09-29 13:22:36 - Epoch 5/500 | LR=0.009998 | w_AVO=1.000 | w_P3=2.681 | lambda_MMD=0.300
2025-09-29 13:22:36 - Epoch Summary: TrainLoss=2.1622 | TrainAcc=0.634 | Val(P3)=0.667 | Val(AVO)=0.657
2025-09-29 13:22:36 - No P3-val improvement; patience remaining: 48/50
2025-09-29 13:22:36 - Epoch 6/500 | LR=0.009998 | w_AVO=1.000 | w_P3=2.681 | lambda_MMD=0.300
2025-09-29 13:22:37 - Epoch Summary: TrainLoss=2.1029 | TrainAcc=0.630 | Val(P3)=0.611 | Val(AVO)=0.615
2025-09-29 13:22:37 - No P3-val improvement; patience remaining: 47/50
2025-09-29 13:22:37 - Epoch 7/500 | LR=0.009996 | w_AVO=1.000 | w_P3=2.681 | lambda_MMD=0.300
2025-09-29 13:22:37 - Epoch Summary: TrainLoss=2.0477 | TrainAcc=0.639 | Val(P3)=0.528 | Val(AVO)=0.595
2025-09-29 13:22:37 - No P3-val improvement; patience remaining: 46/50
2025-09-29 13:22:37 - P3 val decreasing 3x. Reducing w_small to 2.145, lambda_MMD to 0.150
2025-09-29 13:22:37 - AVO val decreasing 3x. Reducing lambda_MMD to 0.105
2025-09-29 13:22:37 - Epoch 8/500 | LR=0.009995 | w_AVO=1.000 | w_P3=2.145 | lambda_MMD=0.105
2025-09-29 13:22:37 - Epoch Summary: TrainLoss=1.7154 | TrainAcc=0.650 | Val(P3)=0.694 | Val(AVO)=0.618
2025-09-29 13:22:37 - No P3-val improvement; patience remaining: 45/50
2025-09-29 13:22:37 - Epoch 9/500 | LR=0.009994 | w_AVO=1.000 | w_P3=2.681 | lambda_MMD=0.300
2025-09-29 13:22:37 - Epoch Summary: TrainLoss=1.9179 | TrainAcc=0.640 | Val(P3)=0.639 | Val(AVO)=0.650
2025-09-29 13:22:37 - No P3-val improvement; patience remaining: 44/50
2025-09-29 13:22:37 - Epoch 10/500 | LR=0.009992 | w_AVO=1.000 | w_P3=2.681 | lambda_MMD=0.300
2025-09-29 13:22:37 - Epoch Summary: TrainLoss=1.8966 | TrainAcc=0.638 | Val(P3)=0.639 | Val(AVO)=0.602
2025-09-29 13:22:37 - No P3-val improvement; patience remaining: 43/50
2025-09-29 13:22:37 - Epoch 11/500 | LR=0.009990 | w_AVO=1.000 | w_P3=2.681 | lambda_MMD=0.300
2025-09-29 13:22:38 - Epoch Summary: TrainLoss=1.8122 | TrainAcc=0.656 | Val(P3)=0.639 | Val(AVO)=0.628
2025-09-29 13:22:38 - No P3-val improvement; patience remaining: 42/50
2025-09-29 13:22:38 - Epoch 12/500 | LR=0.009988 | w_AVO=1.000 | w_P3=2.681 | lambda_MMD=0.300
2025-09-29 13:22:38 - Epoch Summary: TrainLoss=1.7974 | TrainAcc=0.650 | Val(P3)=0.611 | Val(AVO)=0.592
2025-09-29 13:22:38 - No P3-val improvement; patience remaining: 41/50
2025-09-29 13:22:38 - Epoch 13/500 | LR=0.009986 | w_AVO=1.000 | w_P3=2.681 | lambda_MMD=0.300
2025-09-29 13:22:38 - Epoch Summary: TrainLoss=1.7518 | TrainAcc=0.655 | Val(P3)=0.583 | Val(AVO)=0.625
2025-09-29 13:22:38 - No P3-val improvement; patience remaining: 40/50
2025-09-29 13:22:38 - P3 val decreasing 3x. Reducing w_small to 2.145, lambda_MMD to 0.150
2025-09-29 13:22:38 - Epoch 14/500 | LR=0.009983 | w_AVO=1.000 | w_P3=2.145 | lambda_MMD=0.150
2025-09-29 13:22:38 - Epoch Summary: TrainLoss=1.4487 | TrainAcc=0.653 | Val(P3)=0.583 | Val(AVO)=0.615
2025-09-29 13:22:38 - No P3-val improvement; patience remaining: 39/50
2025-09-29 13:22:38 - Epoch 15/500 | LR=0.009981 | w_AVO=1.000 | w_P3=2.681 | lambda_MMD=0.300
2025-09-29 13:22:38 - Epoch Summary: TrainLoss=1.6153 | TrainAcc=0.663 | Val(P3)=0.583 | Val(AVO)=0.634
2025-09-29 13:22:38 - No P3-val improvement; patience remaining: 38/50
2025-09-29 13:22:38 - Epoch 16/500 | LR=0.009978 | w_AVO=1.000 | w_P3=2.681 | lambda_MMD=0.300
2025-09-29 13:22:38 - Epoch Summary: TrainLoss=1.6422 | TrainAcc=0.651 | Val(P3)=0.639 | Val(AVO)=0.586
2025-09-29 13:22:38 - No P3-val improvement; patience remaining: 37/50
2025-09-29 13:22:38 - Epoch 17/500 | LR=0.009975 | w_AVO=1.000 | w_P3=2.681 | lambda_MMD=0.300
2025-09-29 13:22:39 - Epoch Summary: TrainLoss=1.5499 | TrainAcc=0.653 | Val(P3)=0.556 | Val(AVO)=0.599
2025-09-29 13:22:39 - No P3-val improvement; patience remaining: 36/50
2025-09-29 13:22:39 - Epoch 18/500 | LR=0.009972 | w_AVO=1.000 | w_P3=2.681 | lambda_MMD=0.300
2025-09-29 13:22:39 - Epoch Summary: TrainLoss=1.4865 | TrainAcc=0.661 | Val(P3)=0.611 | Val(AVO)=0.592
2025-09-29 13:22:39 - No P3-val improvement; patience remaining: 35/50
2025-09-29 13:22:39 - Epoch 19/500 | LR=0.009968 | w_AVO=1.000 | w_P3=2.681 | lambda_MMD=0.300
2025-09-29 13:22:39 - Epoch Summary: TrainLoss=1.4635 | TrainAcc=0.661 | Val(P3)=0.639 | Val(AVO)=0.579
2025-09-29 13:22:39 - No P3-val improvement; patience remaining: 34/50
2025-09-29 13:22:39 - AVO val decreasing 3x. Reducing lambda_MMD to 0.210
2025-09-29 13:22:39 - Epoch 20/500 | LR=0.009964 | w_AVO=1.000 | w_P3=2.681 | lambda_MMD=0.210
2025-09-29 13:22:39 - Epoch Summary: TrainLoss=1.4136 | TrainAcc=0.672 | Val(P3)=0.611 | Val(AVO)=0.579
2025-09-29 13:22:39 - No P3-val improvement; patience remaining: 33/50
2025-09-29 13:22:39 - Epoch 21/500 | LR=0.009961 | w_AVO=1.000 | w_P3=2.681 | lambda_MMD=0.300
2025-09-29 13:22:39 - Epoch Summary: TrainLoss=1.3688 | TrainAcc=0.667 | Val(P3)=0.444 | Val(AVO)=0.612
2025-09-29 13:22:39 - No P3-val improvement; patience remaining: 32/50
2025-09-29 13:22:39 - P3 val decreasing 3x. Reducing w_small to 2.145, lambda_MMD to 0.150
2025-09-29 13:22:39 - Epoch 22/500 | LR=0.009957 | w_AVO=1.000 | w_P3=2.145 | lambda_MMD=0.150
2025-09-29 13:22:39 - Epoch Summary: TrainLoss=1.2113 | TrainAcc=0.666 | Val(P3)=0.583 | Val(AVO)=0.641
2025-09-29 13:22:39 - No P3-val improvement; patience remaining: 31/50
2025-09-29 13:22:39 - Epoch 23/500 | LR=0.009952 | w_AVO=1.000 | w_P3=2.681 | lambda_MMD=0.300
2025-09-29 13:22:40 - Epoch Summary: TrainLoss=1.3107 | TrainAcc=0.679 | Val(P3)=0.583 | Val(AVO)=0.592
2025-09-29 13:22:40 - No P3-val improvement; patience remaining: 30/50
2025-09-29 13:22:40 - Epoch 24/500 | LR=0.009948 | w_AVO=1.000 | w_P3=2.681 | lambda_MMD=0.300
2025-09-29 13:22:40 - Epoch Summary: TrainLoss=1.2911 | TrainAcc=0.672 | Val(P3)=0.556 | Val(AVO)=0.579
2025-09-29 13:22:40 - No P3-val improvement; patience remaining: 29/50
2025-09-29 13:22:40 - AVO val decreasing 3x. Reducing lambda_MMD to 0.210
2025-09-29 13:22:40 - Epoch 25/500 | LR=0.009943 | w_AVO=1.000 | w_P3=2.681 | lambda_MMD=0.210
2025-09-29 13:22:40 - Epoch Summary: TrainLoss=1.2623 | TrainAcc=0.673 | Val(P3)=0.583 | Val(AVO)=0.621
2025-09-29 13:22:40 - No P3-val improvement; patience remaining: 28/50
2025-09-29 13:22:40 - Epoch 26/500 | LR=0.009938 | w_AVO=1.000 | w_P3=2.681 | lambda_MMD=0.300
2025-09-29 13:22:40 - Epoch Summary: TrainLoss=1.2283 | TrainAcc=0.678 | Val(P3)=0.583 | Val(AVO)=0.560
2025-09-29 13:22:40 - No P3-val improvement; patience remaining: 27/50
2025-09-29 13:22:40 - Epoch 27/500 | LR=0.009933 | w_AVO=1.000 | w_P3=2.681 | lambda_MMD=0.300
2025-09-29 13:22:40 - Epoch Summary: TrainLoss=1.1757 | TrainAcc=0.672 | Val(P3)=0.528 | Val(AVO)=0.595
2025-09-29 13:22:40 - No P3-val improvement; patience remaining: 26/50
2025-09-29 13:22:40 - Epoch 28/500 | LR=0.009928 | w_AVO=1.000 | w_P3=2.681 | lambda_MMD=0.300
2025-09-29 13:22:40 - Epoch Summary: TrainLoss=1.1698 | TrainAcc=0.678 | Val(P3)=0.583 | Val(AVO)=0.615
2025-09-29 13:22:40 - No P3-val improvement; patience remaining: 25/50
2025-09-29 13:22:40 - Epoch 29/500 | LR=0.009923 | w_AVO=1.000 | w_P3=2.681 | lambda_MMD=0.300
2025-09-29 13:22:41 - Epoch Summary: TrainLoss=1.1539 | TrainAcc=0.672 | Val(P3)=0.556 | Val(AVO)=0.589
2025-09-29 13:22:41 - No P3-val improvement; patience remaining: 24/50
2025-09-29 13:22:41 - Epoch 30/500 | LR=0.009917 | w_AVO=1.000 | w_P3=2.681 | lambda_MMD=0.300
2025-09-29 13:22:41 - Epoch Summary: TrainLoss=1.1307 | TrainAcc=0.681 | Val(P3)=0.583 | Val(AVO)=0.560
2025-09-29 13:22:41 - No P3-val improvement; patience remaining: 23/50
2025-09-29 13:22:41 - AVO val decreasing 3x. Reducing lambda_MMD to 0.210
2025-09-29 13:22:41 - Epoch 31/500 | LR=0.009911 | w_AVO=1.000 | w_P3=2.681 | lambda_MMD=0.210
2025-09-29 13:22:41 - Epoch Summary: TrainLoss=1.1159 | TrainAcc=0.677 | Val(P3)=0.500 | Val(AVO)=0.573
2025-09-29 13:22:41 - No P3-val improvement; patience remaining: 22/50
2025-09-29 13:22:41 - Epoch 32/500 | LR=0.009905 | w_AVO=1.000 | w_P3=2.681 | lambda_MMD=0.300
2025-09-29 13:22:41 - Epoch Summary: TrainLoss=1.0647 | TrainAcc=0.694 | Val(P3)=0.611 | Val(AVO)=0.602
2025-09-29 13:22:41 - No P3-val improvement; patience remaining: 21/50
2025-09-29 13:22:41 - Epoch 33/500 | LR=0.009899 | w_AVO=1.000 | w_P3=2.681 | lambda_MMD=0.300
2025-09-29 13:22:41 - Epoch Summary: TrainLoss=1.0271 | TrainAcc=0.687 | Val(P3)=0.583 | Val(AVO)=0.602
2025-09-29 13:22:41 - No P3-val improvement; patience remaining: 20/50
2025-09-29 13:22:41 - Epoch 34/500 | LR=0.009893 | w_AVO=1.000 | w_P3=2.681 | lambda_MMD=0.300
2025-09-29 13:22:42 - Epoch Summary: TrainLoss=1.0188 | TrainAcc=0.698 | Val(P3)=0.556 | Val(AVO)=0.576
2025-09-29 13:22:42 - No P3-val improvement; patience remaining: 19/50
2025-09-29 13:22:42 - P3 val decreasing 3x. Reducing w_small to 2.145, lambda_MMD to 0.150
2025-09-29 13:22:42 - Epoch 35/500 | LR=0.009886 | w_AVO=1.000 | w_P3=2.145 | lambda_MMD=0.150
2025-09-29 13:22:42 - Epoch Summary: TrainLoss=0.8955 | TrainAcc=0.700 | Val(P3)=0.556 | Val(AVO)=0.595
2025-09-29 13:22:42 - No P3-val improvement; patience remaining: 18/50
2025-09-29 13:22:42 - Epoch 36/500 | LR=0.009880 | w_AVO=1.000 | w_P3=2.681 | lambda_MMD=0.300
2025-09-29 13:22:42 - Epoch Summary: TrainLoss=0.9995 | TrainAcc=0.707 | Val(P3)=0.556 | Val(AVO)=0.579
2025-09-29 13:22:42 - No P3-val improvement; patience remaining: 17/50
2025-09-29 13:22:42 - Epoch 37/500 | LR=0.009873 | w_AVO=1.000 | w_P3=2.681 | lambda_MMD=0.300
2025-09-29 13:22:42 - Epoch Summary: TrainLoss=0.9870 | TrainAcc=0.690 | Val(P3)=0.556 | Val(AVO)=0.602
2025-09-29 13:22:42 - No P3-val improvement; patience remaining: 16/50
2025-09-29 13:22:42 - Epoch 38/500 | LR=0.009865 | w_AVO=1.000 | w_P3=2.681 | lambda_MMD=0.300
2025-09-29 13:22:42 - Epoch Summary: TrainLoss=0.9832 | TrainAcc=0.699 | Val(P3)=0.583 | Val(AVO)=0.592
2025-09-29 13:22:42 - No P3-val improvement; patience remaining: 15/50
2025-09-29 13:22:42 - Epoch 39/500 | LR=0.009858 | w_AVO=1.000 | w_P3=2.681 | lambda_MMD=0.300
2025-09-29 13:22:42 - Epoch Summary: TrainLoss=0.9679 | TrainAcc=0.702 | Val(P3)=0.528 | Val(AVO)=0.583
2025-09-29 13:22:42 - No P3-val improvement; patience remaining: 14/50
2025-09-29 13:22:42 - AVO val decreasing 3x. Reducing lambda_MMD to 0.210
2025-09-29 13:22:42 - Epoch 40/500 | LR=0.009851 | w_AVO=1.000 | w_P3=2.681 | lambda_MMD=0.210
2025-09-29 13:22:43 - Epoch Summary: TrainLoss=0.9258 | TrainAcc=0.701 | Val(P3)=0.472 | Val(AVO)=0.595
2025-09-29 13:22:43 - No P3-val improvement; patience remaining: 13/50
2025-09-29 13:22:43 - P3 val decreasing 3x. Reducing w_small to 2.145, lambda_MMD to 0.150
2025-09-29 13:22:43 - Epoch 41/500 | LR=0.009843 | w_AVO=1.000 | w_P3=2.145 | lambda_MMD=0.150
2025-09-29 13:22:43 - Epoch Summary: TrainLoss=0.8141 | TrainAcc=0.709 | Val(P3)=0.556 | Val(AVO)=0.592
2025-09-29 13:22:43 - No P3-val improvement; patience remaining: 12/50
2025-09-29 13:22:43 - Epoch 42/500 | LR=0.009835 | w_AVO=1.000 | w_P3=2.681 | lambda_MMD=0.300
2025-09-29 13:22:43 - Epoch Summary: TrainLoss=0.8813 | TrainAcc=0.715 | Val(P3)=0.556 | Val(AVO)=0.605
2025-09-29 13:22:43 - No P3-val improvement; patience remaining: 11/50
2025-09-29 13:22:43 - Epoch 43/500 | LR=0.009827 | w_AVO=1.000 | w_P3=2.681 | lambda_MMD=0.300
2025-09-29 13:22:43 - Epoch Summary: TrainLoss=0.8951 | TrainAcc=0.718 | Val(P3)=0.528 | Val(AVO)=0.608
2025-09-29 13:22:43 - No P3-val improvement; patience remaining: 10/50
2025-09-29 13:22:43 - Epoch 44/500 | LR=0.009819 | w_AVO=1.000 | w_P3=2.681 | lambda_MMD=0.300
2025-09-29 13:22:43 - Epoch Summary: TrainLoss=0.8805 | TrainAcc=0.702 | Val(P3)=0.556 | Val(AVO)=0.608
2025-09-29 13:22:43 - No P3-val improvement; patience remaining: 9/50
2025-09-29 13:22:43 - Epoch 45/500 | LR=0.009810 | w_AVO=1.000 | w_P3=2.681 | lambda_MMD=0.300
2025-09-29 13:22:43 - Epoch Summary: TrainLoss=0.9201 | TrainAcc=0.710 | Val(P3)=0.556 | Val(AVO)=0.589
2025-09-29 13:22:43 - No P3-val improvement; patience remaining: 8/50
2025-09-29 13:22:43 - Epoch 46/500 | LR=0.009801 | w_AVO=1.000 | w_P3=2.681 | lambda_MMD=0.300
2025-09-29 13:22:44 - Epoch Summary: TrainLoss=0.8652 | TrainAcc=0.708 | Val(P3)=0.556 | Val(AVO)=0.628
2025-09-29 13:22:44 - No P3-val improvement; patience remaining: 7/50
2025-09-29 13:22:44 - Epoch 47/500 | LR=0.009793 | w_AVO=1.000 | w_P3=2.681 | lambda_MMD=0.300
2025-09-29 13:22:44 - Epoch Summary: TrainLoss=0.8460 | TrainAcc=0.717 | Val(P3)=0.611 | Val(AVO)=0.631
2025-09-29 13:22:44 - No P3-val improvement; patience remaining: 6/50
2025-09-29 13:22:44 - Epoch 48/500 | LR=0.009784 | w_AVO=1.000 | w_P3=2.681 | lambda_MMD=0.300
2025-09-29 13:22:44 - Epoch Summary: TrainLoss=0.8843 | TrainAcc=0.712 | Val(P3)=0.472 | Val(AVO)=0.602
2025-09-29 13:22:44 - No P3-val improvement; patience remaining: 5/50
2025-09-29 13:22:44 - Epoch 49/500 | LR=0.009774 | w_AVO=1.000 | w_P3=2.681 | lambda_MMD=0.300
2025-09-29 13:22:44 - Epoch Summary: TrainLoss=0.8369 | TrainAcc=0.727 | Val(P3)=0.639 | Val(AVO)=0.595
2025-09-29 13:22:44 - No P3-val improvement; patience remaining: 4/50
2025-09-29 13:22:44 - AVO val decreasing 3x. Reducing lambda_MMD to 0.210
2025-09-29 13:22:44 - Epoch 50/500 | LR=0.009765 | w_AVO=1.000 | w_P3=2.681 | lambda_MMD=0.210
2025-09-29 13:22:44 - Epoch Summary: TrainLoss=0.7964 | TrainAcc=0.721 | Val(P3)=0.583 | Val(AVO)=0.602
2025-09-29 13:22:44 - No P3-val improvement; patience remaining: 3/50
2025-09-29 13:22:44 - Epoch 51/500 | LR=0.009755 | w_AVO=1.000 | w_P3=2.681 | lambda_MMD=0.300
2025-09-29 13:22:44 - Epoch Summary: TrainLoss=0.8110 | TrainAcc=0.718 | Val(P3)=0.611 | Val(AVO)=0.579
2025-09-29 13:22:44 - No P3-val improvement; patience remaining: 2/50
2025-09-29 13:22:44 - Epoch 52/500 | LR=0.009745 | w_AVO=1.000 | w_P3=2.681 | lambda_MMD=0.300
2025-09-29 13:22:45 - Epoch Summary: TrainLoss=0.8685 | TrainAcc=0.722 | Val(P3)=0.500 | Val(AVO)=0.615
2025-09-29 13:22:45 - No P3-val improvement; patience remaining: 1/50
2025-09-29 13:22:45 - Epoch 53/500 | LR=0.009735 | w_AVO=1.000 | w_P3=2.681 | lambda_MMD=0.300
2025-09-29 13:22:45 - Epoch Summary: TrainLoss=0.8020 | TrainAcc=0.730 | Val(P3)=0.611 | Val(AVO)=0.621
2025-09-29 13:22:45 - No P3-val improvement; patience remaining: 0/50
2025-09-29 13:22:45 - Early stopping triggered (P3-val)
2025-09-29 13:22:45 -     P3 Test | Acc=0.4638 P=0.4000 R=0.3125 F1=0.3509 AUC=0.4586 (n=69)
2025-09-29 13:22:45 -     AVO Test | Acc=0.6329 P=0.6534 R=0.5783 F1=0.6136 AUC=0.6850 (n=621)
2025-09-29 13:22:45 -     Overall Test Acc=0.6159
2025-09-29 13:22:45 - 
==================================================
2025-09-29 13:22:45 - CROSS-VALIDATION RESULTS
2025-09-29 13:22:45 - ==================================================
2025-09-29 13:22:45 - Overall accuracy: 0.6106 ± 0.0289
2025-09-29 13:22:45 - 95% Confidence Interval: [0.5986, 0.6225]
2025-09-29 13:22:45 - P3 Dataset - Mean Accuracy: 0.5671 | 95% CI: [0.5440, 0.5901]
2025-09-29 13:22:45 - AVO Dataset - Mean Accuracy: 0.6159 | 95% CI: [0.6026, 0.6292]
2025-09-29 13:22:45 - Detailed results saved to: tfdwt_detailed_results_20250929_132245.csv
2025-09-29 13:22:45 - Summary statistics saved to: tfdwt_summary_stats_20250929_132245.csv
