2025-09-28 23:25:16 - 
==================================================
2025-09-28 23:25:16 - TF-DWT Joint Training (Auto-Adjusted)
2025-09-28 23:25:16 - ==================================================
2025-09-28 23:25:16 - 
Experiment Configuration:
2025-09-28 23:25:16 - --------------------------------------------------
2025-09-28 23:25:16 - electrode_list: all
2025-09-28 23:25:16 - fusion_method: none
2025-09-28 23:25:16 - domain_adaptation: none
2025-09-28 23:25:16 - use_enhanced_preprocessing: True
2025-09-28 23:25:16 - batch_size: 128
2025-09-28 23:25:16 - max_epochs: 500
2025-09-28 23:25:16 - learning_rate: 0.01
2025-09-28 23:25:16 - weight_decay: 0.0001
2025-09-28 23:25:16 - dropout_rate: 0.25
2025-09-28 23:25:16 - use_data_augmentation: True
2025-09-28 23:25:16 - noise_std: 0.005
2025-09-28 23:25:16 - time_shift_range: 5
2025-09-28 23:25:16 - label_smoothing: 0.05
2025-09-28 23:25:16 - trials_per_subject_P3: 10
2025-09-28 23:25:16 - trials_per_subject_AVO: 80
2025-09-28 23:25:16 - train/val/test: (0.7, 0.1, 0.2)
2025-09-28 23:25:16 - device_mode: cuda
2025-09-28 23:25:16 - --------------------------------------------------
2025-09-28 23:25:16 - 
==================================================
2025-09-28 23:25:16 - Running Nested Cross-Validation with TF-DWT
2025-09-28 23:25:16 - ==================================================
2025-09-28 23:25:16 - Loading dataset for CV: P3
2025-09-28 23:25:17 - Subject P3_sub-001: Sampled 10/80 trials
2025-09-28 23:25:17 -   Original distribution: {np.int64(0): np.float64(0.5), np.int64(1): np.float64(0.5)}
2025-09-28 23:25:17 -   Sampled distribution: {np.int64(0): np.float64(0.5), np.int64(1): np.float64(0.5)}
2025-09-28 23:25:17 - Subject P3_sub-002: Sampled 10/80 trials
2025-09-28 23:25:17 -   Original distribution: {np.int64(0): np.float64(0.5), np.int64(1): np.float64(0.5)}
2025-09-28 23:25:17 -   Sampled distribution: {np.int64(0): np.float64(0.5), np.int64(1): np.float64(0.5)}
2025-09-28 23:25:17 - Subject P3_sub-003: Sampled 10/80 trials
2025-09-28 23:25:17 -   Original distribution: {np.int64(0): np.float64(0.5), np.int64(1): np.float64(0.5)}
2025-09-28 23:25:17 -   Sampled distribution: {np.int64(0): np.float64(0.5), np.int64(1): np.float64(0.5)}
2025-09-28 23:25:17 - Subject P3_sub-004: Sampled 10/78 trials
2025-09-28 23:25:17 -   Original distribution: {np.int64(0): np.float64(0.5), np.int64(1): np.float64(0.5)}
2025-09-28 23:25:17 -   Sampled distribution: {np.int64(0): np.float64(0.5), np.int64(1): np.float64(0.5)}
2025-09-28 23:25:18 - Subject P3_sub-005: Sampled 10/80 trials
2025-09-28 23:25:18 -   Original distribution: {np.int64(0): np.float64(0.5), np.int64(1): np.float64(0.5)}
2025-09-28 23:25:18 -   Sampled distribution: {np.int64(0): np.float64(0.5), np.int64(1): np.float64(0.5)}
2025-09-28 23:25:18 - Subject P3_sub-006: Sampled 10/80 trials
2025-09-28 23:25:18 -   Original distribution: {np.int64(0): np.float64(0.5), np.int64(1): np.float64(0.5)}
2025-09-28 23:25:18 -   Sampled distribution: {np.int64(0): np.float64(0.5), np.int64(1): np.float64(0.5)}
2025-09-28 23:25:18 - Subject P3_sub-007: Sampled 10/80 trials
2025-09-28 23:25:18 -   Original distribution: {np.int64(0): np.float64(0.5), np.int64(1): np.float64(0.5)}
2025-09-28 23:25:18 -   Sampled distribution: {np.int64(0): np.float64(0.5), np.int64(1): np.float64(0.5)}
2025-09-28 23:25:18 - Subject P3_sub-008: Sampled 10/80 trials
2025-09-28 23:25:18 -   Original distribution: {np.int64(0): np.float64(0.5), np.int64(1): np.float64(0.5)}
2025-09-28 23:25:18 -   Sampled distribution: {np.int64(0): np.float64(0.5), np.int64(1): np.float64(0.5)}
2025-09-28 23:25:19 - Subject P3_sub-009: Sampled 10/80 trials
2025-09-28 23:25:19 -   Original distribution: {np.int64(0): np.float64(0.5), np.int64(1): np.float64(0.5)}
2025-09-28 23:25:19 -   Sampled distribution: {np.int64(0): np.float64(0.5), np.int64(1): np.float64(0.5)}
2025-09-28 23:25:19 - Subject P3_sub-010: Sampled 10/80 trials
2025-09-28 23:25:19 -   Original distribution: {np.int64(0): np.float64(0.5), np.int64(1): np.float64(0.5)}
2025-09-28 23:25:19 -   Sampled distribution: {np.int64(0): np.float64(0.5), np.int64(1): np.float64(0.5)}
2025-09-28 23:25:19 - Subject P3_sub-011: Sampled 10/80 trials
2025-09-28 23:25:19 -   Original distribution: {np.int64(0): np.float64(0.5), np.int64(1): np.float64(0.5)}
2025-09-28 23:25:19 -   Sampled distribution: {np.int64(0): np.float64(0.5), np.int64(1): np.float64(0.5)}
2025-09-28 23:25:19 - Subject P3_sub-012: Sampled 10/78 trials
2025-09-28 23:25:19 -   Original distribution: {np.int64(0): np.float64(0.5), np.int64(1): np.float64(0.5)}
2025-09-28 23:25:19 -   Sampled distribution: {np.int64(0): np.float64(0.5), np.int64(1): np.float64(0.5)}
2025-09-28 23:25:20 - Subject P3_sub-013: Sampled 10/80 trials
2025-09-28 23:25:20 -   Original distribution: {np.int64(0): np.float64(0.5), np.int64(1): np.float64(0.5)}
2025-09-28 23:25:20 -   Sampled distribution: {np.int64(0): np.float64(0.5), np.int64(1): np.float64(0.5)}
2025-09-28 23:25:20 - Subject P3_sub-014: Sampled 10/80 trials
2025-09-28 23:25:20 -   Original distribution: {np.int64(0): np.float64(0.5), np.int64(1): np.float64(0.5)}
2025-09-28 23:25:20 -   Sampled distribution: {np.int64(0): np.float64(0.5), np.int64(1): np.float64(0.5)}
2025-09-28 23:25:20 - Subject P3_sub-015: Sampled 10/80 trials
2025-09-28 23:25:20 -   Original distribution: {np.int64(0): np.float64(0.5), np.int64(1): np.float64(0.5)}
2025-09-28 23:25:20 -   Sampled distribution: {np.int64(0): np.float64(0.5), np.int64(1): np.float64(0.5)}
2025-09-28 23:25:20 - Subject P3_sub-016: Sampled 10/80 trials
2025-09-28 23:25:20 -   Original distribution: {np.int64(0): np.float64(0.5), np.int64(1): np.float64(0.5)}
2025-09-28 23:25:20 -   Sampled distribution: {np.int64(0): np.float64(0.5), np.int64(1): np.float64(0.5)}
2025-09-28 23:25:20 - Subject P3_sub-017: Sampled 10/80 trials
2025-09-28 23:25:20 -   Original distribution: {np.int64(0): np.float64(0.5), np.int64(1): np.float64(0.5)}
2025-09-28 23:25:20 -   Sampled distribution: {np.int64(0): np.float64(0.5), np.int64(1): np.float64(0.5)}
2025-09-28 23:25:21 - Subject P3_sub-018: Sampled 10/80 trials
2025-09-28 23:25:21 -   Original distribution: {np.int64(0): np.float64(0.5), np.int64(1): np.float64(0.5)}
2025-09-28 23:25:21 -   Sampled distribution: {np.int64(0): np.float64(0.5), np.int64(1): np.float64(0.5)}
2025-09-28 23:25:21 - Subject P3_sub-019: Sampled 10/80 trials
2025-09-28 23:25:21 -   Original distribution: {np.int64(0): np.float64(0.5), np.int64(1): np.float64(0.5)}
2025-09-28 23:25:21 -   Sampled distribution: {np.int64(0): np.float64(0.5), np.int64(1): np.float64(0.5)}
2025-09-28 23:25:21 - Subject P3_sub-020: Sampled 10/78 trials
2025-09-28 23:25:21 -   Original distribution: {np.int64(0): np.float64(0.5), np.int64(1): np.float64(0.5)}
2025-09-28 23:25:21 -   Sampled distribution: {np.int64(0): np.float64(0.5), np.int64(1): np.float64(0.5)}
2025-09-28 23:25:21 - Subject P3_sub-021: Sampled 10/80 trials
2025-09-28 23:25:21 -   Original distribution: {np.int64(0): np.float64(0.5), np.int64(1): np.float64(0.5)}
2025-09-28 23:25:21 -   Sampled distribution: {np.int64(0): np.float64(0.5), np.int64(1): np.float64(0.5)}
2025-09-28 23:25:21 - Subject P3_sub-022: Sampled 10/80 trials
2025-09-28 23:25:21 -   Original distribution: {np.int64(0): np.float64(0.5), np.int64(1): np.float64(0.5)}
2025-09-28 23:25:21 -   Sampled distribution: {np.int64(0): np.float64(0.5), np.int64(1): np.float64(0.5)}
2025-09-28 23:25:22 - Subject P3_sub-023: Sampled 10/78 trials
2025-09-28 23:25:22 -   Original distribution: {np.int64(0): np.float64(0.5), np.int64(1): np.float64(0.5)}
2025-09-28 23:25:22 -   Sampled distribution: {np.int64(0): np.float64(0.5), np.int64(1): np.float64(0.5)}
2025-09-28 23:25:22 - Subject P3_sub-024: Sampled 10/80 trials
2025-09-28 23:25:22 -   Original distribution: {np.int64(0): np.float64(0.5), np.int64(1): np.float64(0.5)}
2025-09-28 23:25:22 -   Sampled distribution: {np.int64(0): np.float64(0.5), np.int64(1): np.float64(0.5)}
2025-09-28 23:25:22 - Subject P3_sub-025: Sampled 10/80 trials
2025-09-28 23:25:22 -   Original distribution: {np.int64(0): np.float64(0.5), np.int64(1): np.float64(0.5)}
2025-09-28 23:25:22 -   Sampled distribution: {np.int64(0): np.float64(0.5), np.int64(1): np.float64(0.5)}
2025-09-28 23:25:22 - Subject P3_sub-026: Sampled 10/80 trials
2025-09-28 23:25:22 -   Original distribution: {np.int64(0): np.float64(0.5), np.int64(1): np.float64(0.5)}
2025-09-28 23:25:22 -   Sampled distribution: {np.int64(0): np.float64(0.5), np.int64(1): np.float64(0.5)}
2025-09-28 23:25:22 - Subject P3_sub-027: Sampled 10/80 trials
2025-09-28 23:25:22 -   Original distribution: {np.int64(0): np.float64(0.5), np.int64(1): np.float64(0.5)}
2025-09-28 23:25:22 -   Sampled distribution: {np.int64(0): np.float64(0.5), np.int64(1): np.float64(0.5)}
2025-09-28 23:25:22 - Subject P3_sub-028: Sampled 10/80 trials
2025-09-28 23:25:22 -   Original distribution: {np.int64(0): np.float64(0.5), np.int64(1): np.float64(0.5)}
2025-09-28 23:25:22 -   Sampled distribution: {np.int64(0): np.float64(0.5), np.int64(1): np.float64(0.5)}
2025-09-28 23:25:23 - Subject P3_sub-029: Sampled 10/80 trials
2025-09-28 23:25:23 -   Original distribution: {np.int64(0): np.float64(0.5), np.int64(1): np.float64(0.5)}
2025-09-28 23:25:23 -   Sampled distribution: {np.int64(0): np.float64(0.5), np.int64(1): np.float64(0.5)}
2025-09-28 23:25:23 - Subject P3_sub-030: Sampled 10/80 trials
2025-09-28 23:25:23 -   Original distribution: {np.int64(0): np.float64(0.5), np.int64(1): np.float64(0.5)}
2025-09-28 23:25:23 -   Sampled distribution: {np.int64(0): np.float64(0.5), np.int64(1): np.float64(0.5)}
2025-09-28 23:25:23 - Subject P3_sub-031: Sampled 10/80 trials
2025-09-28 23:25:23 -   Original distribution: {np.int64(0): np.float64(0.5), np.int64(1): np.float64(0.5)}
2025-09-28 23:25:23 -   Sampled distribution: {np.int64(0): np.float64(0.5), np.int64(1): np.float64(0.5)}
2025-09-28 23:25:23 - Subject P3_sub-032: Sampled 10/80 trials
2025-09-28 23:25:23 -   Original distribution: {np.int64(0): np.float64(0.5), np.int64(1): np.float64(0.5)}
2025-09-28 23:25:23 -   Sampled distribution: {np.int64(0): np.float64(0.5), np.int64(1): np.float64(0.5)}
2025-09-28 23:25:23 - Subject P3_sub-033: Sampled 10/80 trials
2025-09-28 23:25:23 -   Original distribution: {np.int64(0): np.float64(0.5), np.int64(1): np.float64(0.5)}
2025-09-28 23:25:23 -   Sampled distribution: {np.int64(0): np.float64(0.5), np.int64(1): np.float64(0.5)}
2025-09-28 23:25:23 - Subject P3_sub-034: Sampled 10/80 trials
2025-09-28 23:25:23 -   Original distribution: {np.int64(0): np.float64(0.5), np.int64(1): np.float64(0.5)}
2025-09-28 23:25:23 -   Sampled distribution: {np.int64(0): np.float64(0.5), np.int64(1): np.float64(0.5)}
2025-09-28 23:25:24 - Subject P3_sub-035: Sampled 10/78 trials
2025-09-28 23:25:24 -   Original distribution: {np.int64(0): np.float64(0.5), np.int64(1): np.float64(0.5)}
2025-09-28 23:25:24 -   Sampled distribution: {np.int64(0): np.float64(0.5), np.int64(1): np.float64(0.5)}
2025-09-28 23:25:24 - Subject P3_sub-036: Sampled 10/80 trials
2025-09-28 23:25:24 -   Original distribution: {np.int64(0): np.float64(0.5), np.int64(1): np.float64(0.5)}
2025-09-28 23:25:24 -   Sampled distribution: {np.int64(0): np.float64(0.5), np.int64(1): np.float64(0.5)}
2025-09-28 23:25:24 - Subject P3_sub-037: Sampled 10/78 trials
2025-09-28 23:25:24 -   Original distribution: {np.int64(0): np.float64(0.5), np.int64(1): np.float64(0.5)}
2025-09-28 23:25:24 -   Sampled distribution: {np.int64(0): np.float64(0.5), np.int64(1): np.float64(0.5)}
2025-09-28 23:25:25 - Subject P3_sub-038: Sampled 10/80 trials
2025-09-28 23:25:25 -   Original distribution: {np.int64(0): np.float64(0.5), np.int64(1): np.float64(0.5)}
2025-09-28 23:25:25 -   Sampled distribution: {np.int64(0): np.float64(0.5), np.int64(1): np.float64(0.5)}
2025-09-28 23:25:25 - Subject P3_sub-039: Sampled 10/80 trials
2025-09-28 23:25:25 -   Original distribution: {np.int64(0): np.float64(0.5), np.int64(1): np.float64(0.5)}
2025-09-28 23:25:25 -   Sampled distribution: {np.int64(0): np.float64(0.5), np.int64(1): np.float64(0.5)}
2025-09-28 23:25:25 - Subject P3_sub-040: Sampled 10/80 trials
2025-09-28 23:25:25 -   Original distribution: {np.int64(0): np.float64(0.5), np.int64(1): np.float64(0.5)}
2025-09-28 23:25:25 -   Sampled distribution: {np.int64(0): np.float64(0.5), np.int64(1): np.float64(0.5)}
2025-09-28 23:25:25 - Loading dataset for CV: AVO
2025-09-28 23:25:38 - Subject AVO_038: Sampled 80/100 trials
2025-09-28 23:25:38 -   Original distribution: {np.int64(0): np.float64(0.5), np.int64(1): np.float64(0.5)}
2025-09-28 23:25:38 -   Sampled distribution: {np.int64(0): np.float64(0.5), np.int64(1): np.float64(0.5)}
2025-09-28 23:25:38 - Subject AVO_032: Sampled 80/96 trials
2025-09-28 23:25:38 -   Original distribution: {np.int64(0): np.float64(0.5), np.int64(1): np.float64(0.5)}
2025-09-28 23:25:38 -   Sampled distribution: {np.int64(0): np.float64(0.5), np.int64(1): np.float64(0.5)}
2025-09-28 23:25:38 - Subject AVO_047: Sampled 80/94 trials
2025-09-28 23:25:38 -   Original distribution: {np.int64(0): np.float64(0.5), np.int64(1): np.float64(0.5)}
2025-09-28 23:25:38 -   Sampled distribution: {np.int64(0): np.float64(0.5), np.int64(1): np.float64(0.5)}
2025-09-28 23:25:38 - Subject AVO_024: Sampled 80/92 trials
2025-09-28 23:25:38 -   Original distribution: {np.int64(0): np.float64(0.5), np.int64(1): np.float64(0.5)}
2025-09-28 23:25:38 -   Sampled distribution: {np.int64(0): np.float64(0.5), np.int64(1): np.float64(0.5)}
2025-09-28 23:25:38 - Subject AVO_003: Sampled 80/88 trials
2025-09-28 23:25:38 -   Original distribution: {np.int64(0): np.float64(0.5), np.int64(1): np.float64(0.5)}
2025-09-28 23:25:38 -   Sampled distribution: {np.int64(0): np.float64(0.5), np.int64(1): np.float64(0.5)}
2025-09-28 23:25:39 - Subject AVO_031: Sampled 80/88 trials
2025-09-28 23:25:39 -   Original distribution: {np.int64(0): np.float64(0.5), np.int64(1): np.float64(0.5)}
2025-09-28 23:25:39 -   Sampled distribution: {np.int64(0): np.float64(0.5), np.int64(1): np.float64(0.5)}
2025-09-28 23:25:39 - Subject AVO_035: Sampled 80/88 trials
2025-09-28 23:25:39 -   Original distribution: {np.int64(0): np.float64(0.5), np.int64(1): np.float64(0.5)}
2025-09-28 23:25:39 -   Sampled distribution: {np.int64(0): np.float64(0.5), np.int64(1): np.float64(0.5)}
2025-09-28 23:25:39 - Subject AVO_048: Sampled 80/88 trials
2025-09-28 23:25:39 -   Original distribution: {np.int64(0): np.float64(0.5), np.int64(1): np.float64(0.5)}
2025-09-28 23:25:39 -   Sampled distribution: {np.int64(0): np.float64(0.5), np.int64(1): np.float64(0.5)}
2025-09-28 23:25:39 - Subject AVO_037: Sampled 80/86 trials
2025-09-28 23:25:39 -   Original distribution: {np.int64(0): np.float64(0.5), np.int64(1): np.float64(0.5)}
2025-09-28 23:25:39 -   Sampled distribution: {np.int64(0): np.float64(0.5), np.int64(1): np.float64(0.5)}
2025-09-28 23:25:39 - Subject AVO_041: Sampled 80/86 trials
2025-09-28 23:25:39 -   Original distribution: {np.int64(0): np.float64(0.5), np.int64(1): np.float64(0.5)}
2025-09-28 23:25:39 -   Sampled distribution: {np.int64(0): np.float64(0.5), np.int64(1): np.float64(0.5)}
2025-09-28 23:25:39 - Subject AVO_004: Sampled 80/84 trials
2025-09-28 23:25:39 -   Original distribution: {np.int64(0): np.float64(0.5), np.int64(1): np.float64(0.5)}
2025-09-28 23:25:39 -   Sampled distribution: {np.int64(0): np.float64(0.5), np.int64(1): np.float64(0.5)}
2025-09-28 23:25:39 - Subject AVO_029: Sampled 80/84 trials
2025-09-28 23:25:39 -   Original distribution: {np.int64(0): np.float64(0.5), np.int64(1): np.float64(0.5)}
2025-09-28 23:25:39 -   Sampled distribution: {np.int64(0): np.float64(0.5), np.int64(1): np.float64(0.5)}
2025-09-28 23:25:39 - Subject AVO_036: Sampled 80/84 trials
2025-09-28 23:25:39 -   Original distribution: {np.int64(0): np.float64(0.5), np.int64(1): np.float64(0.5)}
2025-09-28 23:25:39 -   Sampled distribution: {np.int64(0): np.float64(0.5), np.int64(1): np.float64(0.5)}
2025-09-28 23:25:40 - Subject AVO_040: Sampled 80/84 trials
2025-09-28 23:25:40 -   Original distribution: {np.int64(0): np.float64(0.5), np.int64(1): np.float64(0.5)}
2025-09-28 23:25:40 -   Sampled distribution: {np.int64(0): np.float64(0.5), np.int64(1): np.float64(0.5)}
2025-09-28 23:25:40 - Subject AVO_051: Sampled 80/84 trials
2025-09-28 23:25:40 -   Original distribution: {np.int64(0): np.float64(0.5), np.int64(1): np.float64(0.5)}
2025-09-28 23:25:40 -   Sampled distribution: {np.int64(0): np.float64(0.5), np.int64(1): np.float64(0.5)}
2025-09-28 23:25:40 - Subject AVO_026: Sampled 80/82 trials
2025-09-28 23:25:40 -   Original distribution: {np.int64(0): np.float64(0.5), np.int64(1): np.float64(0.5)}
2025-09-28 23:25:40 -   Sampled distribution: {np.int64(0): np.float64(0.5), np.int64(1): np.float64(0.5)}
2025-09-28 23:25:40 - Subject AVO_028: Sampled 80/82 trials
2025-09-28 23:25:40 -   Original distribution: {np.int64(0): np.float64(0.5), np.int64(1): np.float64(0.5)}
2025-09-28 23:25:40 -   Sampled distribution: {np.int64(0): np.float64(0.5), np.int64(1): np.float64(0.5)}
2025-09-28 23:25:44 - Combined dataset summary: total=3450, P3=400, AVO=3050
2025-09-28 23:25:44 - Repeat 1/5
2025-09-28 23:25:44 -   Fold 1/5
2025-09-28 23:25:45 - Fold domains: small=P3 (n=279), large=AVO (n=2136)
2025-09-28 23:25:45 - Auto adjustments (symmetric): w_small≈1.000, lambda_MMD_target=0.300, warmup_epochs=5
2025-09-28 23:25:45 - Epoch 1/500 | LR=0.010000 | w_AVO=1.000 | w_P3=1.353 | lambda_MMD=0.060
2025-09-28 23:25:47 - Epoch Summary: TrainLoss=1.5759 | TrainAcc=0.585 | Val(P3)=0.735 | Val(AVO)=0.595
2025-09-28 23:25:47 - New best P3-val; checkpoint updated
2025-09-28 23:25:47 - Epoch 2/500 | LR=0.010000 | w_AVO=1.000 | w_P3=1.707 | lambda_MMD=0.120
2025-09-28 23:25:49 - Epoch Summary: TrainLoss=1.6951 | TrainAcc=0.610 | Val(P3)=0.765 | Val(AVO)=0.627
2025-09-28 23:25:49 - New best P3-val; checkpoint updated
2025-09-28 23:25:49 - Epoch 3/500 | LR=0.010000 | w_AVO=1.000 | w_P3=2.060 | lambda_MMD=0.180
2025-09-28 23:25:49 - Epoch Summary: TrainLoss=1.8709 | TrainAcc=0.631 | Val(P3)=0.735 | Val(AVO)=0.643
2025-09-28 23:25:49 - No P3-val improvement; patience remaining: 49/50
2025-09-28 23:25:49 - Epoch 4/500 | LR=0.009999 | w_AVO=1.000 | w_P3=2.414 | lambda_MMD=0.240
2025-09-28 23:25:50 - Epoch Summary: TrainLoss=2.0298 | TrainAcc=0.625 | Val(P3)=0.706 | Val(AVO)=0.659
2025-09-28 23:25:50 - No P3-val improvement; patience remaining: 48/50
2025-09-28 23:25:50 - P3 val decreasing 3x. Reducing w_small to 2.214, lambda_MMD to 0.150
2025-09-28 23:25:50 - Epoch 5/500 | LR=0.009998 | w_AVO=1.000 | w_P3=2.214 | lambda_MMD=0.150
2025-09-28 23:25:51 - Epoch Summary: TrainLoss=1.8721 | TrainAcc=0.639 | Val(P3)=0.735 | Val(AVO)=0.659
2025-09-28 23:25:51 - No P3-val improvement; patience remaining: 47/50
2025-09-28 23:25:51 - Epoch 6/500 | LR=0.009998 | w_AVO=1.000 | w_P3=2.767 | lambda_MMD=0.300
2025-09-28 23:25:52 - Epoch Summary: TrainLoss=2.1896 | TrainAcc=0.631 | Val(P3)=0.735 | Val(AVO)=0.633
2025-09-28 23:25:52 - No P3-val improvement; patience remaining: 46/50
2025-09-28 23:25:52 - Epoch 7/500 | LR=0.009996 | w_AVO=1.000 | w_P3=2.767 | lambda_MMD=0.300
2025-09-28 23:25:54 - Epoch Summary: TrainLoss=2.0717 | TrainAcc=0.654 | Val(P3)=0.735 | Val(AVO)=0.653
2025-09-28 23:25:54 - No P3-val improvement; patience remaining: 45/50
2025-09-28 23:25:54 - Epoch 8/500 | LR=0.009995 | w_AVO=1.000 | w_P3=2.767 | lambda_MMD=0.300
2025-09-28 23:25:55 - Epoch Summary: TrainLoss=1.9953 | TrainAcc=0.648 | Val(P3)=0.735 | Val(AVO)=0.614
2025-09-28 23:25:55 - No P3-val improvement; patience remaining: 44/50
2025-09-28 23:25:55 - Epoch 9/500 | LR=0.009994 | w_AVO=1.000 | w_P3=2.767 | lambda_MMD=0.300
2025-09-28 23:25:56 - Epoch Summary: TrainLoss=1.9671 | TrainAcc=0.660 | Val(P3)=0.794 | Val(AVO)=0.601
2025-09-28 23:25:56 - New best P3-val; checkpoint updated
2025-09-28 23:25:56 - AVO val decreasing 3x. Reducing lambda_MMD to 0.210
2025-09-28 23:25:56 - Epoch 10/500 | LR=0.009992 | w_AVO=1.000 | w_P3=2.767 | lambda_MMD=0.210
2025-09-28 23:25:56 - Epoch Summary: TrainLoss=1.8615 | TrainAcc=0.656 | Val(P3)=0.706 | Val(AVO)=0.598
2025-09-28 23:25:56 - No P3-val improvement; patience remaining: 49/50
2025-09-28 23:25:56 - AVO val decreasing 3x. Reducing lambda_MMD to 0.210
2025-09-28 23:25:56 - Epoch 11/500 | LR=0.009990 | w_AVO=1.000 | w_P3=2.767 | lambda_MMD=0.210
2025-09-28 23:25:57 - Epoch Summary: TrainLoss=1.7894 | TrainAcc=0.651 | Val(P3)=0.735 | Val(AVO)=0.621
2025-09-28 23:25:57 - No P3-val improvement; patience remaining: 48/50
2025-09-28 23:25:57 - Epoch 12/500 | LR=0.009988 | w_AVO=1.000 | w_P3=2.767 | lambda_MMD=0.300
2025-09-28 23:25:58 - Epoch Summary: TrainLoss=1.7714 | TrainAcc=0.658 | Val(P3)=0.735 | Val(AVO)=0.601
2025-09-28 23:25:58 - No P3-val improvement; patience remaining: 47/50
2025-09-28 23:25:58 - Epoch 13/500 | LR=0.009986 | w_AVO=1.000 | w_P3=2.767 | lambda_MMD=0.300
2025-09-28 23:25:59 - Epoch Summary: TrainLoss=1.7409 | TrainAcc=0.647 | Val(P3)=0.706 | Val(AVO)=0.585
2025-09-28 23:25:59 - No P3-val improvement; patience remaining: 46/50
2025-09-28 23:25:59 - AVO val decreasing 3x. Reducing lambda_MMD to 0.210
2025-09-28 23:25:59 - Epoch 14/500 | LR=0.009983 | w_AVO=1.000 | w_P3=2.767 | lambda_MMD=0.210
2025-09-28 23:26:00 - Epoch Summary: TrainLoss=1.6883 | TrainAcc=0.669 | Val(P3)=0.706 | Val(AVO)=0.611
2025-09-28 23:26:00 - No P3-val improvement; patience remaining: 45/50
2025-09-28 23:26:00 - Epoch 15/500 | LR=0.009981 | w_AVO=1.000 | w_P3=2.767 | lambda_MMD=0.300
2025-09-28 23:26:00 - Epoch Summary: TrainLoss=1.6932 | TrainAcc=0.668 | Val(P3)=0.706 | Val(AVO)=0.592
2025-09-28 23:26:00 - No P3-val improvement; patience remaining: 44/50
2025-09-28 23:26:00 - Epoch 16/500 | LR=0.009978 | w_AVO=1.000 | w_P3=2.767 | lambda_MMD=0.300
2025-09-28 23:26:00 - Epoch Summary: TrainLoss=1.6204 | TrainAcc=0.657 | Val(P3)=0.735 | Val(AVO)=0.588
2025-09-28 23:26:00 - No P3-val improvement; patience remaining: 43/50
2025-09-28 23:26:00 - AVO val decreasing 3x. Reducing lambda_MMD to 0.210
2025-09-28 23:26:00 - Epoch 17/500 | LR=0.009975 | w_AVO=1.000 | w_P3=2.767 | lambda_MMD=0.210
2025-09-28 23:26:03 - Epoch Summary: TrainLoss=1.5941 | TrainAcc=0.657 | Val(P3)=0.765 | Val(AVO)=0.582
2025-09-28 23:26:03 - No P3-val improvement; patience remaining: 42/50
2025-09-28 23:26:03 - AVO val decreasing 3x. Reducing lambda_MMD to 0.210
2025-09-28 23:26:03 - Epoch 18/500 | LR=0.009972 | w_AVO=1.000 | w_P3=2.767 | lambda_MMD=0.210
2025-09-28 23:26:05 - Epoch Summary: TrainLoss=1.5164 | TrainAcc=0.662 | Val(P3)=0.735 | Val(AVO)=0.592
2025-09-28 23:26:05 - No P3-val improvement; patience remaining: 41/50
2025-09-28 23:26:05 - Epoch 19/500 | LR=0.009968 | w_AVO=1.000 | w_P3=2.767 | lambda_MMD=0.300
2025-09-28 23:26:06 - Epoch Summary: TrainLoss=1.4786 | TrainAcc=0.667 | Val(P3)=0.676 | Val(AVO)=0.605
2025-09-28 23:26:06 - No P3-val improvement; patience remaining: 40/50
2025-09-28 23:26:06 - P3 val decreasing 3x. Reducing w_small to 2.214, lambda_MMD to 0.150
2025-09-28 23:26:06 - Epoch 20/500 | LR=0.009964 | w_AVO=1.000 | w_P3=2.214 | lambda_MMD=0.150
2025-09-28 23:26:07 - Epoch Summary: TrainLoss=1.3180 | TrainAcc=0.677 | Val(P3)=0.676 | Val(AVO)=0.617
2025-09-28 23:26:07 - No P3-val improvement; patience remaining: 39/50
2025-09-28 23:26:07 - Epoch 21/500 | LR=0.009961 | w_AVO=1.000 | w_P3=2.767 | lambda_MMD=0.300
2025-09-28 23:26:09 - Epoch Summary: TrainLoss=1.4218 | TrainAcc=0.660 | Val(P3)=0.735 | Val(AVO)=0.582
2025-09-28 23:26:09 - No P3-val improvement; patience remaining: 38/50
2025-09-28 23:26:09 - Epoch 22/500 | LR=0.009957 | w_AVO=1.000 | w_P3=2.767 | lambda_MMD=0.300
2025-09-28 23:26:10 - Epoch Summary: TrainLoss=1.4034 | TrainAcc=0.669 | Val(P3)=0.676 | Val(AVO)=0.605
2025-09-28 23:26:10 - No P3-val improvement; patience remaining: 37/50
2025-09-28 23:26:10 - Epoch 23/500 | LR=0.009952 | w_AVO=1.000 | w_P3=2.767 | lambda_MMD=0.300
2025-09-28 23:26:11 - Epoch Summary: TrainLoss=1.3590 | TrainAcc=0.667 | Val(P3)=0.765 | Val(AVO)=0.588
2025-09-28 23:26:11 - No P3-val improvement; patience remaining: 36/50
2025-09-28 23:26:11 - Epoch 24/500 | LR=0.009948 | w_AVO=1.000 | w_P3=2.767 | lambda_MMD=0.300
2025-09-28 23:26:12 - Epoch Summary: TrainLoss=1.3182 | TrainAcc=0.666 | Val(P3)=0.735 | Val(AVO)=0.614
2025-09-28 23:26:12 - No P3-val improvement; patience remaining: 35/50
2025-09-28 23:26:12 - Epoch 25/500 | LR=0.009943 | w_AVO=1.000 | w_P3=2.767 | lambda_MMD=0.300
2025-09-28 23:26:13 - Epoch Summary: TrainLoss=1.3004 | TrainAcc=0.666 | Val(P3)=0.735 | Val(AVO)=0.579
2025-09-28 23:26:13 - No P3-val improvement; patience remaining: 34/50
2025-09-28 23:26:13 - Epoch 26/500 | LR=0.009938 | w_AVO=1.000 | w_P3=2.767 | lambda_MMD=0.300
2025-09-28 23:26:14 - Epoch Summary: TrainLoss=1.2768 | TrainAcc=0.684 | Val(P3)=0.735 | Val(AVO)=0.585
2025-09-28 23:26:14 - No P3-val improvement; patience remaining: 33/50
2025-09-28 23:26:14 - Epoch 27/500 | LR=0.009933 | w_AVO=1.000 | w_P3=2.767 | lambda_MMD=0.300
2025-09-28 23:26:15 - Epoch Summary: TrainLoss=1.2886 | TrainAcc=0.683 | Val(P3)=0.706 | Val(AVO)=0.627
2025-09-28 23:26:15 - No P3-val improvement; patience remaining: 32/50
2025-09-28 23:26:15 - Epoch 28/500 | LR=0.009928 | w_AVO=1.000 | w_P3=2.767 | lambda_MMD=0.300
2025-09-28 23:26:16 - Epoch Summary: TrainLoss=1.2654 | TrainAcc=0.669 | Val(P3)=0.735 | Val(AVO)=0.592
2025-09-28 23:26:16 - No P3-val improvement; patience remaining: 31/50
2025-09-28 23:26:16 - Epoch 29/500 | LR=0.009923 | w_AVO=1.000 | w_P3=2.767 | lambda_MMD=0.300
2025-09-28 23:26:17 - Epoch Summary: TrainLoss=1.1917 | TrainAcc=0.682 | Val(P3)=0.676 | Val(AVO)=0.614
2025-09-28 23:26:17 - No P3-val improvement; patience remaining: 30/50
2025-09-28 23:26:17 - Epoch 30/500 | LR=0.009917 | w_AVO=1.000 | w_P3=2.767 | lambda_MMD=0.300
2025-09-28 23:26:17 - Epoch Summary: TrainLoss=1.1617 | TrainAcc=0.688 | Val(P3)=0.765 | Val(AVO)=0.582
2025-09-28 23:26:17 - No P3-val improvement; patience remaining: 29/50
2025-09-28 23:26:17 - Epoch 31/500 | LR=0.009911 | w_AVO=1.000 | w_P3=2.767 | lambda_MMD=0.300
2025-09-28 23:26:18 - Epoch Summary: TrainLoss=1.1712 | TrainAcc=0.687 | Val(P3)=0.706 | Val(AVO)=0.569
2025-09-28 23:26:18 - No P3-val improvement; patience remaining: 28/50
2025-09-28 23:26:18 - AVO val decreasing 3x. Reducing lambda_MMD to 0.210
2025-09-28 23:26:18 - Epoch 32/500 | LR=0.009905 | w_AVO=1.000 | w_P3=2.767 | lambda_MMD=0.210
2025-09-28 23:26:19 - Epoch Summary: TrainLoss=1.1240 | TrainAcc=0.696 | Val(P3)=0.735 | Val(AVO)=0.605
2025-09-28 23:26:19 - No P3-val improvement; patience remaining: 27/50
2025-09-28 23:26:19 - Epoch 33/500 | LR=0.009899 | w_AVO=1.000 | w_P3=2.767 | lambda_MMD=0.300
2025-09-28 23:26:20 - Epoch Summary: TrainLoss=1.0602 | TrainAcc=0.688 | Val(P3)=0.706 | Val(AVO)=0.588
2025-09-28 23:26:20 - No P3-val improvement; patience remaining: 26/50
2025-09-28 23:26:20 - Epoch 34/500 | LR=0.009893 | w_AVO=1.000 | w_P3=2.767 | lambda_MMD=0.300
2025-09-28 23:26:21 - Epoch Summary: TrainLoss=1.0600 | TrainAcc=0.683 | Val(P3)=0.706 | Val(AVO)=0.611
2025-09-28 23:26:21 - No P3-val improvement; patience remaining: 25/50
2025-09-28 23:26:21 - Epoch 35/500 | LR=0.009886 | w_AVO=1.000 | w_P3=2.767 | lambda_MMD=0.300
2025-09-28 23:26:22 - Epoch Summary: TrainLoss=1.0509 | TrainAcc=0.686 | Val(P3)=0.647 | Val(AVO)=0.608
2025-09-28 23:26:22 - No P3-val improvement; patience remaining: 24/50
2025-09-28 23:26:22 - Epoch 36/500 | LR=0.009880 | w_AVO=1.000 | w_P3=2.767 | lambda_MMD=0.300
2025-09-28 23:26:23 - Epoch Summary: TrainLoss=1.0616 | TrainAcc=0.693 | Val(P3)=0.735 | Val(AVO)=0.569
2025-09-28 23:26:23 - No P3-val improvement; patience remaining: 23/50
2025-09-28 23:26:23 - AVO val decreasing 3x. Reducing lambda_MMD to 0.210
2025-09-28 23:26:23 - Epoch 37/500 | LR=0.009873 | w_AVO=1.000 | w_P3=2.767 | lambda_MMD=0.210
2025-09-28 23:26:23 - Epoch Summary: TrainLoss=1.0391 | TrainAcc=0.697 | Val(P3)=0.647 | Val(AVO)=0.621
2025-09-28 23:26:23 - No P3-val improvement; patience remaining: 22/50
2025-09-28 23:26:23 - Epoch 38/500 | LR=0.009865 | w_AVO=1.000 | w_P3=2.767 | lambda_MMD=0.300
2025-09-28 23:26:23 - Epoch Summary: TrainLoss=1.0215 | TrainAcc=0.687 | Val(P3)=0.735 | Val(AVO)=0.563
2025-09-28 23:26:23 - No P3-val improvement; patience remaining: 21/50
2025-09-28 23:26:23 - Epoch 39/500 | LR=0.009858 | w_AVO=1.000 | w_P3=2.767 | lambda_MMD=0.300
2025-09-28 23:26:24 - Epoch Summary: TrainLoss=0.9763 | TrainAcc=0.697 | Val(P3)=0.735 | Val(AVO)=0.617
2025-09-28 23:26:24 - No P3-val improvement; patience remaining: 20/50
2025-09-28 23:26:24 - Epoch 40/500 | LR=0.009851 | w_AVO=1.000 | w_P3=2.767 | lambda_MMD=0.300
2025-09-28 23:26:25 - Epoch Summary: TrainLoss=0.9373 | TrainAcc=0.711 | Val(P3)=0.706 | Val(AVO)=0.605
2025-09-28 23:26:25 - No P3-val improvement; patience remaining: 19/50
2025-09-28 23:26:25 - Epoch 41/500 | LR=0.009843 | w_AVO=1.000 | w_P3=2.767 | lambda_MMD=0.300
2025-09-28 23:26:27 - Epoch Summary: TrainLoss=0.9495 | TrainAcc=0.703 | Val(P3)=0.765 | Val(AVO)=0.592
2025-09-28 23:26:27 - No P3-val improvement; patience remaining: 18/50
2025-09-28 23:26:27 - AVO val decreasing 3x. Reducing lambda_MMD to 0.210
2025-09-28 23:26:27 - Epoch 42/500 | LR=0.009835 | w_AVO=1.000 | w_P3=2.767 | lambda_MMD=0.210
2025-09-28 23:26:27 - Epoch Summary: TrainLoss=0.9128 | TrainAcc=0.707 | Val(P3)=0.765 | Val(AVO)=0.566
2025-09-28 23:26:27 - No P3-val improvement; patience remaining: 17/50
2025-09-28 23:26:27 - AVO val decreasing 3x. Reducing lambda_MMD to 0.210
2025-09-28 23:26:27 - Epoch 43/500 | LR=0.009827 | w_AVO=1.000 | w_P3=2.767 | lambda_MMD=0.210
2025-09-28 23:26:27 - Epoch Summary: TrainLoss=0.8871 | TrainAcc=0.701 | Val(P3)=0.794 | Val(AVO)=0.605
2025-09-28 23:26:27 - No P3-val improvement; patience remaining: 16/50
2025-09-28 23:26:27 - Epoch 44/500 | LR=0.009819 | w_AVO=1.000 | w_P3=2.767 | lambda_MMD=0.300
2025-09-28 23:26:28 - Epoch Summary: TrainLoss=0.9054 | TrainAcc=0.704 | Val(P3)=0.735 | Val(AVO)=0.566
2025-09-28 23:26:28 - No P3-val improvement; patience remaining: 15/50
2025-09-28 23:26:28 - Epoch 45/500 | LR=0.009810 | w_AVO=1.000 | w_P3=2.767 | lambda_MMD=0.300
2025-09-28 23:26:28 - Epoch Summary: TrainLoss=0.8895 | TrainAcc=0.712 | Val(P3)=0.765 | Val(AVO)=0.614
2025-09-28 23:26:28 - No P3-val improvement; patience remaining: 14/50
2025-09-28 23:26:28 - Epoch 46/500 | LR=0.009801 | w_AVO=1.000 | w_P3=2.767 | lambda_MMD=0.300
2025-09-28 23:26:29 - Epoch Summary: TrainLoss=0.8341 | TrainAcc=0.727 | Val(P3)=0.706 | Val(AVO)=0.614
2025-09-28 23:26:29 - No P3-val improvement; patience remaining: 13/50
2025-09-28 23:26:29 - Epoch 47/500 | LR=0.009793 | w_AVO=1.000 | w_P3=2.767 | lambda_MMD=0.300
2025-09-28 23:26:30 - Epoch Summary: TrainLoss=0.8459 | TrainAcc=0.714 | Val(P3)=0.765 | Val(AVO)=0.633
2025-09-28 23:26:30 - No P3-val improvement; patience remaining: 12/50
2025-09-28 23:26:30 - Epoch 48/500 | LR=0.009784 | w_AVO=1.000 | w_P3=2.767 | lambda_MMD=0.300
2025-09-28 23:26:31 - Epoch Summary: TrainLoss=0.8565 | TrainAcc=0.726 | Val(P3)=0.735 | Val(AVO)=0.576
2025-09-28 23:26:31 - No P3-val improvement; patience remaining: 11/50
2025-09-28 23:26:31 - Epoch 49/500 | LR=0.009774 | w_AVO=1.000 | w_P3=2.767 | lambda_MMD=0.300
2025-09-28 23:26:32 - Epoch Summary: TrainLoss=0.8300 | TrainAcc=0.724 | Val(P3)=0.735 | Val(AVO)=0.566
2025-09-28 23:26:32 - No P3-val improvement; patience remaining: 10/50
2025-09-28 23:26:32 - AVO val decreasing 3x. Reducing lambda_MMD to 0.210
2025-09-28 23:26:32 - Epoch 50/500 | LR=0.009765 | w_AVO=1.000 | w_P3=2.767 | lambda_MMD=0.210
2025-09-28 23:26:33 - Epoch Summary: TrainLoss=0.8665 | TrainAcc=0.720 | Val(P3)=0.588 | Val(AVO)=0.662
2025-09-28 23:26:33 - No P3-val improvement; patience remaining: 9/50
2025-09-28 23:26:33 - Epoch 51/500 | LR=0.009755 | w_AVO=1.000 | w_P3=2.767 | lambda_MMD=0.300
2025-09-28 23:26:33 - Epoch Summary: TrainLoss=0.9100 | TrainAcc=0.710 | Val(P3)=0.706 | Val(AVO)=0.585
2025-09-28 23:26:33 - No P3-val improvement; patience remaining: 8/50
2025-09-28 23:26:33 - Epoch 52/500 | LR=0.009745 | w_AVO=1.000 | w_P3=2.767 | lambda_MMD=0.300
2025-09-28 23:26:35 - Epoch Summary: TrainLoss=0.8021 | TrainAcc=0.735 | Val(P3)=0.735 | Val(AVO)=0.592
2025-09-28 23:26:35 - No P3-val improvement; patience remaining: 7/50
2025-09-28 23:26:35 - Epoch 53/500 | LR=0.009735 | w_AVO=1.000 | w_P3=2.767 | lambda_MMD=0.300
2025-09-28 23:26:36 - Epoch Summary: TrainLoss=0.9094 | TrainAcc=0.694 | Val(P3)=0.706 | Val(AVO)=0.531
2025-09-28 23:26:36 - No P3-val improvement; patience remaining: 6/50
2025-09-28 23:26:36 - Epoch 54/500 | LR=0.009725 | w_AVO=1.000 | w_P3=2.767 | lambda_MMD=0.300
2025-09-28 23:26:37 - Epoch Summary: TrainLoss=0.8171 | TrainAcc=0.730 | Val(P3)=0.735 | Val(AVO)=0.601
2025-09-28 23:26:37 - No P3-val improvement; patience remaining: 5/50
2025-09-28 23:26:37 - Epoch 55/500 | LR=0.009715 | w_AVO=1.000 | w_P3=2.767 | lambda_MMD=0.300
2025-09-28 23:26:38 - Epoch Summary: TrainLoss=0.7854 | TrainAcc=0.728 | Val(P3)=0.765 | Val(AVO)=0.569
2025-09-28 23:26:38 - No P3-val improvement; patience remaining: 4/50
2025-09-28 23:26:38 - Epoch 56/500 | LR=0.009704 | w_AVO=1.000 | w_P3=2.767 | lambda_MMD=0.300
2025-09-28 23:26:39 - Epoch Summary: TrainLoss=0.7890 | TrainAcc=0.722 | Val(P3)=0.765 | Val(AVO)=0.582
2025-09-28 23:26:39 - No P3-val improvement; patience remaining: 3/50
2025-09-28 23:26:39 - Epoch 57/500 | LR=0.009694 | w_AVO=1.000 | w_P3=2.767 | lambda_MMD=0.300
2025-09-28 23:26:42 - Epoch Summary: TrainLoss=0.7798 | TrainAcc=0.745 | Val(P3)=0.794 | Val(AVO)=0.601
2025-09-28 23:26:42 - No P3-val improvement; patience remaining: 2/50
2025-09-28 23:26:42 - Epoch 58/500 | LR=0.009683 | w_AVO=1.000 | w_P3=2.767 | lambda_MMD=0.300
2025-09-28 23:26:43 - Epoch Summary: TrainLoss=0.7905 | TrainAcc=0.733 | Val(P3)=0.735 | Val(AVO)=0.592
2025-09-28 23:26:43 - No P3-val improvement; patience remaining: 1/50
2025-09-28 23:26:43 - Epoch 59/500 | LR=0.009672 | w_AVO=1.000 | w_P3=2.767 | lambda_MMD=0.300
2025-09-28 23:26:45 - Epoch Summary: TrainLoss=0.7774 | TrainAcc=0.735 | Val(P3)=0.735 | Val(AVO)=0.630
2025-09-28 23:26:45 - No P3-val improvement; patience remaining: 0/50
2025-09-28 23:26:45 - Early stopping triggered (P3-val)
2025-09-28 23:26:45 -     P3 Test | Acc=0.5862 P=0.6786 R=0.4130 F1=0.5135 AUC=0.6060 (n=87)
2025-09-28 23:26:45 -     AVO Test | Acc=0.6302 P=0.5880 R=0.8495 F1=0.6949 AUC=0.7360 (n=603)
2025-09-28 23:26:45 -     Overall Test Acc=0.6246
2025-09-28 23:26:45 -   Fold 2/5
2025-09-28 23:26:45 - Fold domains: small=P3 (n=276), large=AVO (n=2139)
2025-09-28 23:26:45 - Auto adjustments (symmetric): w_small≈1.000, lambda_MMD_target=0.300, warmup_epochs=5
2025-09-28 23:26:45 - Epoch 1/500 | LR=0.010000 | w_AVO=1.000 | w_P3=1.357 | lambda_MMD=0.060
2025-09-28 23:26:46 - Epoch Summary: TrainLoss=1.6241 | TrainAcc=0.537 | Val(P3)=0.543 | Val(AVO)=0.577
2025-09-28 23:26:46 - New best P3-val; checkpoint updated
2025-09-28 23:26:46 - Epoch 2/500 | LR=0.010000 | w_AVO=1.000 | w_P3=1.714 | lambda_MMD=0.120
2025-09-28 23:26:47 - Epoch Summary: TrainLoss=1.6510 | TrainAcc=0.609 | Val(P3)=0.571 | Val(AVO)=0.574
2025-09-28 23:26:47 - New best P3-val; checkpoint updated
2025-09-28 23:26:47 - Epoch 3/500 | LR=0.010000 | w_AVO=1.000 | w_P3=2.070 | lambda_MMD=0.180
2025-09-28 23:26:48 - Epoch Summary: TrainLoss=1.8179 | TrainAcc=0.636 | Val(P3)=0.429 | Val(AVO)=0.600
2025-09-28 23:26:48 - No P3-val improvement; patience remaining: 49/50
2025-09-28 23:26:48 - Epoch 4/500 | LR=0.009999 | w_AVO=1.000 | w_P3=2.427 | lambda_MMD=0.240
2025-09-28 23:26:48 - Epoch Summary: TrainLoss=2.0048 | TrainAcc=0.635 | Val(P3)=0.457 | Val(AVO)=0.590
2025-09-28 23:26:48 - No P3-val improvement; patience remaining: 48/50
2025-09-28 23:26:48 - Epoch 5/500 | LR=0.009998 | w_AVO=1.000 | w_P3=2.784 | lambda_MMD=0.300
2025-09-28 23:26:50 - Epoch Summary: TrainLoss=2.1494 | TrainAcc=0.630 | Val(P3)=0.429 | Val(AVO)=0.610
2025-09-28 23:26:50 - No P3-val improvement; patience remaining: 47/50
2025-09-28 23:26:50 - Epoch 6/500 | LR=0.009998 | w_AVO=1.000 | w_P3=2.784 | lambda_MMD=0.300
2025-09-28 23:26:50 - Epoch Summary: TrainLoss=2.0512 | TrainAcc=0.651 | Val(P3)=0.486 | Val(AVO)=0.548
2025-09-28 23:26:50 - No P3-val improvement; patience remaining: 46/50
2025-09-28 23:26:50 - Epoch 7/500 | LR=0.009996 | w_AVO=1.000 | w_P3=2.784 | lambda_MMD=0.300
2025-09-28 23:26:51 - Epoch Summary: TrainLoss=2.0265 | TrainAcc=0.642 | Val(P3)=0.514 | Val(AVO)=0.616
2025-09-28 23:26:51 - No P3-val improvement; patience remaining: 45/50
2025-09-28 23:26:51 - Epoch 8/500 | LR=0.009995 | w_AVO=1.000 | w_P3=2.784 | lambda_MMD=0.300
2025-09-28 23:26:51 - Epoch Summary: TrainLoss=1.9092 | TrainAcc=0.655 | Val(P3)=0.457 | Val(AVO)=0.568
2025-09-28 23:26:51 - No P3-val improvement; patience remaining: 44/50
2025-09-28 23:26:51 - Epoch 9/500 | LR=0.009994 | w_AVO=1.000 | w_P3=2.784 | lambda_MMD=0.300
2025-09-28 23:26:52 - Epoch Summary: TrainLoss=1.8653 | TrainAcc=0.651 | Val(P3)=0.429 | Val(AVO)=0.561
2025-09-28 23:26:52 - No P3-val improvement; patience remaining: 43/50
2025-09-28 23:26:52 - P3 val decreasing 3x. Reducing w_small to 2.227, lambda_MMD to 0.150
2025-09-28 23:26:52 - AVO val decreasing 3x. Reducing lambda_MMD to 0.105
2025-09-28 23:26:52 - Epoch 10/500 | LR=0.009992 | w_AVO=1.000 | w_P3=2.227 | lambda_MMD=0.105
2025-09-28 23:26:53 - Epoch Summary: TrainLoss=1.5788 | TrainAcc=0.662 | Val(P3)=0.457 | Val(AVO)=0.558
2025-09-28 23:26:53 - No P3-val improvement; patience remaining: 42/50
2025-09-28 23:26:53 - AVO val decreasing 3x. Reducing lambda_MMD to 0.210
2025-09-28 23:26:53 - Epoch 11/500 | LR=0.009990 | w_AVO=1.000 | w_P3=2.784 | lambda_MMD=0.210
2025-09-28 23:26:53 - Epoch Summary: TrainLoss=1.7727 | TrainAcc=0.650 | Val(P3)=0.429 | Val(AVO)=0.584
2025-09-28 23:26:53 - No P3-val improvement; patience remaining: 41/50
2025-09-28 23:26:53 - Epoch 12/500 | LR=0.009988 | w_AVO=1.000 | w_P3=2.784 | lambda_MMD=0.300
2025-09-28 23:26:54 - Epoch Summary: TrainLoss=1.7150 | TrainAcc=0.653 | Val(P3)=0.514 | Val(AVO)=0.584
2025-09-28 23:26:54 - No P3-val improvement; patience remaining: 40/50
2025-09-28 23:26:54 - Epoch 13/500 | LR=0.009986 | w_AVO=1.000 | w_P3=2.784 | lambda_MMD=0.300
2025-09-28 23:26:55 - Epoch Summary: TrainLoss=1.6720 | TrainAcc=0.659 | Val(P3)=0.457 | Val(AVO)=0.616
2025-09-28 23:26:55 - No P3-val improvement; patience remaining: 39/50
2025-09-28 23:26:55 - Epoch 14/500 | LR=0.009983 | w_AVO=1.000 | w_P3=2.784 | lambda_MMD=0.300
2025-09-28 23:26:57 - Epoch Summary: TrainLoss=1.6213 | TrainAcc=0.676 | Val(P3)=0.486 | Val(AVO)=0.639
2025-09-28 23:26:57 - No P3-val improvement; patience remaining: 38/50
2025-09-28 23:26:57 - Epoch 15/500 | LR=0.009981 | w_AVO=1.000 | w_P3=2.784 | lambda_MMD=0.300
2025-09-28 23:26:59 - Epoch Summary: TrainLoss=1.5616 | TrainAcc=0.667 | Val(P3)=0.429 | Val(AVO)=0.584
2025-09-28 23:26:59 - No P3-val improvement; patience remaining: 37/50
2025-09-28 23:26:59 - Epoch 16/500 | LR=0.009978 | w_AVO=1.000 | w_P3=2.784 | lambda_MMD=0.300
2025-09-28 23:27:00 - Epoch Summary: TrainLoss=1.5757 | TrainAcc=0.661 | Val(P3)=0.486 | Val(AVO)=0.581
2025-09-28 23:27:00 - No P3-val improvement; patience remaining: 36/50
2025-09-28 23:27:00 - AVO val decreasing 3x. Reducing lambda_MMD to 0.210
2025-09-28 23:27:00 - Epoch 17/500 | LR=0.009975 | w_AVO=1.000 | w_P3=2.784 | lambda_MMD=0.210
2025-09-28 23:27:01 - Epoch Summary: TrainLoss=1.5293 | TrainAcc=0.676 | Val(P3)=0.514 | Val(AVO)=0.581
2025-09-28 23:27:01 - No P3-val improvement; patience remaining: 35/50
2025-09-28 23:27:01 - Epoch 18/500 | LR=0.009972 | w_AVO=1.000 | w_P3=2.784 | lambda_MMD=0.300
2025-09-28 23:27:02 - Epoch Summary: TrainLoss=1.5413 | TrainAcc=0.660 | Val(P3)=0.486 | Val(AVO)=0.574
2025-09-28 23:27:02 - No P3-val improvement; patience remaining: 34/50
2025-09-28 23:27:02 - Epoch 19/500 | LR=0.009968 | w_AVO=1.000 | w_P3=2.784 | lambda_MMD=0.300
2025-09-28 23:27:03 - Epoch Summary: TrainLoss=1.4615 | TrainAcc=0.673 | Val(P3)=0.486 | Val(AVO)=0.626
2025-09-28 23:27:03 - No P3-val improvement; patience remaining: 33/50
2025-09-28 23:27:03 - Epoch 20/500 | LR=0.009964 | w_AVO=1.000 | w_P3=2.784 | lambda_MMD=0.300
2025-09-28 23:27:04 - Epoch Summary: TrainLoss=1.4453 | TrainAcc=0.682 | Val(P3)=0.486 | Val(AVO)=0.606
2025-09-28 23:27:04 - No P3-val improvement; patience remaining: 32/50
2025-09-28 23:27:04 - Epoch 21/500 | LR=0.009961 | w_AVO=1.000 | w_P3=2.784 | lambda_MMD=0.300
2025-09-28 23:27:05 - Epoch Summary: TrainLoss=1.3637 | TrainAcc=0.688 | Val(P3)=0.457 | Val(AVO)=0.577
2025-09-28 23:27:05 - No P3-val improvement; patience remaining: 31/50
2025-09-28 23:27:05 - AVO val decreasing 3x. Reducing lambda_MMD to 0.210
2025-09-28 23:27:05 - Epoch 22/500 | LR=0.009957 | w_AVO=1.000 | w_P3=2.784 | lambda_MMD=0.210
2025-09-28 23:27:06 - Epoch Summary: TrainLoss=1.3401 | TrainAcc=0.692 | Val(P3)=0.486 | Val(AVO)=0.597
2025-09-28 23:27:06 - No P3-val improvement; patience remaining: 30/50
2025-09-28 23:27:06 - Epoch 23/500 | LR=0.009952 | w_AVO=1.000 | w_P3=2.784 | lambda_MMD=0.300
2025-09-28 23:27:08 - Epoch Summary: TrainLoss=1.3556 | TrainAcc=0.674 | Val(P3)=0.457 | Val(AVO)=0.626
2025-09-28 23:27:08 - No P3-val improvement; patience remaining: 29/50
2025-09-28 23:27:08 - Epoch 24/500 | LR=0.009948 | w_AVO=1.000 | w_P3=2.784 | lambda_MMD=0.300
2025-09-28 23:27:09 - Epoch Summary: TrainLoss=1.3329 | TrainAcc=0.678 | Val(P3)=0.514 | Val(AVO)=0.574
2025-09-28 23:27:09 - No P3-val improvement; patience remaining: 28/50
2025-09-28 23:27:09 - Epoch 25/500 | LR=0.009943 | w_AVO=1.000 | w_P3=2.784 | lambda_MMD=0.300
2025-09-28 23:27:11 - Epoch Summary: TrainLoss=1.2871 | TrainAcc=0.698 | Val(P3)=0.457 | Val(AVO)=0.577
2025-09-28 23:27:11 - No P3-val improvement; patience remaining: 27/50
2025-09-28 23:27:11 - Epoch 26/500 | LR=0.009938 | w_AVO=1.000 | w_P3=2.784 | lambda_MMD=0.300
2025-09-28 23:27:12 - Epoch Summary: TrainLoss=1.2286 | TrainAcc=0.693 | Val(P3)=0.486 | Val(AVO)=0.597
2025-09-28 23:27:12 - No P3-val improvement; patience remaining: 26/50
2025-09-28 23:27:12 - Epoch 27/500 | LR=0.009933 | w_AVO=1.000 | w_P3=2.784 | lambda_MMD=0.300
2025-09-28 23:27:13 - Epoch Summary: TrainLoss=1.2416 | TrainAcc=0.680 | Val(P3)=0.514 | Val(AVO)=0.619
2025-09-28 23:27:13 - No P3-val improvement; patience remaining: 25/50
2025-09-28 23:27:13 - Epoch 28/500 | LR=0.009928 | w_AVO=1.000 | w_P3=2.784 | lambda_MMD=0.300
2025-09-28 23:27:13 - Epoch Summary: TrainLoss=1.2152 | TrainAcc=0.693 | Val(P3)=0.514 | Val(AVO)=0.603
2025-09-28 23:27:13 - No P3-val improvement; patience remaining: 24/50
2025-09-28 23:27:13 - Epoch 29/500 | LR=0.009923 | w_AVO=1.000 | w_P3=2.784 | lambda_MMD=0.300
2025-09-28 23:27:13 - Epoch Summary: TrainLoss=1.1714 | TrainAcc=0.694 | Val(P3)=0.486 | Val(AVO)=0.606
2025-09-28 23:27:13 - No P3-val improvement; patience remaining: 23/50
2025-09-28 23:27:13 - Epoch 30/500 | LR=0.009917 | w_AVO=1.000 | w_P3=2.784 | lambda_MMD=0.300
2025-09-28 23:27:15 - Epoch Summary: TrainLoss=1.1332 | TrainAcc=0.693 | Val(P3)=0.514 | Val(AVO)=0.581
2025-09-28 23:27:15 - No P3-val improvement; patience remaining: 22/50
2025-09-28 23:27:15 - Epoch 31/500 | LR=0.009911 | w_AVO=1.000 | w_P3=2.784 | lambda_MMD=0.300
2025-09-28 23:27:17 - Epoch Summary: TrainLoss=1.1490 | TrainAcc=0.692 | Val(P3)=0.543 | Val(AVO)=0.577
2025-09-28 23:27:17 - No P3-val improvement; patience remaining: 21/50
2025-09-28 23:27:17 - AVO val decreasing 3x. Reducing lambda_MMD to 0.210
2025-09-28 23:27:17 - Epoch 32/500 | LR=0.009905 | w_AVO=1.000 | w_P3=2.784 | lambda_MMD=0.210
2025-09-28 23:27:19 - Epoch Summary: TrainLoss=1.1040 | TrainAcc=0.688 | Val(P3)=0.571 | Val(AVO)=0.616
2025-09-28 23:27:19 - No P3-val improvement; patience remaining: 20/50
2025-09-28 23:27:19 - Epoch 33/500 | LR=0.009899 | w_AVO=1.000 | w_P3=2.784 | lambda_MMD=0.300
2025-09-28 23:27:19 - Epoch Summary: TrainLoss=1.1103 | TrainAcc=0.697 | Val(P3)=0.543 | Val(AVO)=0.600
2025-09-28 23:27:19 - No P3-val improvement; patience remaining: 19/50
2025-09-28 23:27:19 - Epoch 34/500 | LR=0.009893 | w_AVO=1.000 | w_P3=2.784 | lambda_MMD=0.300
2025-09-28 23:27:20 - Epoch Summary: TrainLoss=1.1248 | TrainAcc=0.692 | Val(P3)=0.486 | Val(AVO)=0.574
2025-09-28 23:27:20 - No P3-val improvement; patience remaining: 18/50
2025-09-28 23:27:20 - P3 val decreasing 3x. Reducing w_small to 2.227, lambda_MMD to 0.150
2025-09-28 23:27:20 - AVO val decreasing 3x. Reducing lambda_MMD to 0.105
2025-09-28 23:27:20 - Epoch 35/500 | LR=0.009886 | w_AVO=1.000 | w_P3=2.227 | lambda_MMD=0.105
2025-09-28 23:27:22 - Epoch Summary: TrainLoss=0.9708 | TrainAcc=0.695 | Val(P3)=0.514 | Val(AVO)=0.629
2025-09-28 23:27:22 - No P3-val improvement; patience remaining: 17/50
2025-09-28 23:27:22 - Epoch 36/500 | LR=0.009880 | w_AVO=1.000 | w_P3=2.784 | lambda_MMD=0.300
2025-09-28 23:27:23 - Epoch Summary: TrainLoss=1.0289 | TrainAcc=0.703 | Val(P3)=0.571 | Val(AVO)=0.600
2025-09-28 23:27:23 - No P3-val improvement; patience remaining: 16/50
2025-09-28 23:27:23 - Epoch 37/500 | LR=0.009873 | w_AVO=1.000 | w_P3=2.784 | lambda_MMD=0.300
2025-09-28 23:27:24 - Epoch Summary: TrainLoss=0.9974 | TrainAcc=0.709 | Val(P3)=0.571 | Val(AVO)=0.581
2025-09-28 23:27:24 - No P3-val improvement; patience remaining: 15/50
2025-09-28 23:27:24 - AVO val decreasing 3x. Reducing lambda_MMD to 0.210
2025-09-28 23:27:24 - Epoch 38/500 | LR=0.009865 | w_AVO=1.000 | w_P3=2.784 | lambda_MMD=0.210
2025-09-28 23:27:24 - Epoch Summary: TrainLoss=1.0117 | TrainAcc=0.693 | Val(P3)=0.514 | Val(AVO)=0.610
2025-09-28 23:27:24 - No P3-val improvement; patience remaining: 14/50
2025-09-28 23:27:24 - Epoch 39/500 | LR=0.009858 | w_AVO=1.000 | w_P3=2.784 | lambda_MMD=0.300
2025-09-28 23:27:25 - Epoch Summary: TrainLoss=1.0595 | TrainAcc=0.704 | Val(P3)=0.514 | Val(AVO)=0.619
2025-09-28 23:27:25 - No P3-val improvement; patience remaining: 13/50
2025-09-28 23:27:25 - Epoch 40/500 | LR=0.009851 | w_AVO=1.000 | w_P3=2.784 | lambda_MMD=0.300
2025-09-28 23:27:27 - Epoch Summary: TrainLoss=1.0209 | TrainAcc=0.698 | Val(P3)=0.486 | Val(AVO)=0.616
2025-09-28 23:27:27 - No P3-val improvement; patience remaining: 12/50
2025-09-28 23:27:27 - Epoch 41/500 | LR=0.009843 | w_AVO=1.000 | w_P3=2.784 | lambda_MMD=0.300
2025-09-28 23:27:28 - Epoch Summary: TrainLoss=0.9736 | TrainAcc=0.709 | Val(P3)=0.514 | Val(AVO)=0.623
2025-09-28 23:27:28 - No P3-val improvement; patience remaining: 11/50
2025-09-28 23:27:28 - Epoch 42/500 | LR=0.009835 | w_AVO=1.000 | w_P3=2.784 | lambda_MMD=0.300
2025-09-28 23:27:29 - Epoch Summary: TrainLoss=0.9476 | TrainAcc=0.718 | Val(P3)=0.543 | Val(AVO)=0.642
2025-09-28 23:27:29 - No P3-val improvement; patience remaining: 10/50
2025-09-28 23:27:29 - Epoch 43/500 | LR=0.009827 | w_AVO=1.000 | w_P3=2.784 | lambda_MMD=0.300
2025-09-28 23:27:30 - Epoch Summary: TrainLoss=0.9578 | TrainAcc=0.709 | Val(P3)=0.514 | Val(AVO)=0.600
2025-09-28 23:27:30 - No P3-val improvement; patience remaining: 9/50
2025-09-28 23:27:30 - Epoch 44/500 | LR=0.009819 | w_AVO=1.000 | w_P3=2.784 | lambda_MMD=0.300
2025-09-28 23:27:31 - Epoch Summary: TrainLoss=0.9429 | TrainAcc=0.708 | Val(P3)=0.514 | Val(AVO)=0.574
2025-09-28 23:27:31 - No P3-val improvement; patience remaining: 8/50
2025-09-28 23:27:31 - AVO val decreasing 3x. Reducing lambda_MMD to 0.210
2025-09-28 23:27:31 - Epoch 45/500 | LR=0.009810 | w_AVO=1.000 | w_P3=2.784 | lambda_MMD=0.210
2025-09-28 23:27:32 - Epoch Summary: TrainLoss=0.9253 | TrainAcc=0.710 | Val(P3)=0.514 | Val(AVO)=0.590
2025-09-28 23:27:32 - No P3-val improvement; patience remaining: 7/50
2025-09-28 23:27:32 - Epoch 46/500 | LR=0.009801 | w_AVO=1.000 | w_P3=2.784 | lambda_MMD=0.300
2025-09-28 23:27:33 - Epoch Summary: TrainLoss=0.8886 | TrainAcc=0.723 | Val(P3)=0.543 | Val(AVO)=0.610
2025-09-28 23:27:33 - No P3-val improvement; patience remaining: 6/50
2025-09-28 23:27:33 - Epoch 47/500 | LR=0.009793 | w_AVO=1.000 | w_P3=2.784 | lambda_MMD=0.300
2025-09-28 23:27:35 - Epoch Summary: TrainLoss=0.8671 | TrainAcc=0.725 | Val(P3)=0.514 | Val(AVO)=0.606
2025-09-28 23:27:35 - No P3-val improvement; patience remaining: 5/50
2025-09-28 23:27:35 - Epoch 48/500 | LR=0.009784 | w_AVO=1.000 | w_P3=2.784 | lambda_MMD=0.300
2025-09-28 23:27:36 - Epoch Summary: TrainLoss=0.8551 | TrainAcc=0.724 | Val(P3)=0.514 | Val(AVO)=0.616
2025-09-28 23:27:36 - No P3-val improvement; patience remaining: 4/50
2025-09-28 23:27:36 - Epoch 49/500 | LR=0.009774 | w_AVO=1.000 | w_P3=2.784 | lambda_MMD=0.300
2025-09-28 23:27:36 - Epoch Summary: TrainLoss=0.8743 | TrainAcc=0.726 | Val(P3)=0.514 | Val(AVO)=0.594
2025-09-28 23:27:36 - No P3-val improvement; patience remaining: 3/50
2025-09-28 23:27:36 - Epoch 50/500 | LR=0.009765 | w_AVO=1.000 | w_P3=2.784 | lambda_MMD=0.300
2025-09-28 23:27:38 - Epoch Summary: TrainLoss=0.8362 | TrainAcc=0.729 | Val(P3)=0.543 | Val(AVO)=0.600
2025-09-28 23:27:38 - No P3-val improvement; patience remaining: 2/50
2025-09-28 23:27:38 - Epoch 51/500 | LR=0.009755 | w_AVO=1.000 | w_P3=2.784 | lambda_MMD=0.300
2025-09-28 23:27:39 - Epoch Summary: TrainLoss=0.8265 | TrainAcc=0.728 | Val(P3)=0.543 | Val(AVO)=0.600
2025-09-28 23:27:39 - No P3-val improvement; patience remaining: 1/50
2025-09-28 23:27:39 - Epoch 52/500 | LR=0.009745 | w_AVO=1.000 | w_P3=2.784 | lambda_MMD=0.300
2025-09-28 23:27:41 - Epoch Summary: TrainLoss=0.8619 | TrainAcc=0.726 | Val(P3)=0.543 | Val(AVO)=0.665
2025-09-28 23:27:41 - No P3-val improvement; patience remaining: 0/50
2025-09-28 23:27:41 - Early stopping triggered (P3-val)
2025-09-28 23:27:41 -     P3 Test | Acc=0.6180 P=0.5641 R=0.5641 F1=0.5641 AUC=0.6103 (n=89)
2025-09-28 23:27:41 -     AVO Test | Acc=0.6522 P=0.6678 R=0.6307 F1=0.6487 AUC=0.7220 (n=601)
2025-09-28 23:27:41 -     Overall Test Acc=0.6478
2025-09-28 23:27:41 -   Fold 3/5
2025-09-28 23:27:41 - Fold domains: small=P3 (n=290), large=AVO (n=2125)
2025-09-28 23:27:41 - Auto adjustments (symmetric): w_small≈1.000, lambda_MMD_target=0.300, warmup_epochs=5
2025-09-28 23:27:41 - Epoch 1/500 | LR=0.010000 | w_AVO=1.000 | w_P3=1.341 | lambda_MMD=0.060
2025-09-28 23:27:42 - Epoch Summary: TrainLoss=1.6666 | TrainAcc=0.536 | Val(P3)=0.703 | Val(AVO)=0.519
2025-09-28 23:27:42 - New best P3-val; checkpoint updated
2025-09-28 23:27:42 - Epoch 2/500 | LR=0.010000 | w_AVO=1.000 | w_P3=1.683 | lambda_MMD=0.120
2025-09-28 23:27:43 - Epoch Summary: TrainLoss=1.7224 | TrainAcc=0.596 | Val(P3)=0.649 | Val(AVO)=0.591
2025-09-28 23:27:43 - No P3-val improvement; patience remaining: 49/50
2025-09-28 23:27:43 - Epoch 3/500 | LR=0.010000 | w_AVO=1.000 | w_P3=2.024 | lambda_MMD=0.180
2025-09-28 23:27:45 - Epoch Summary: TrainLoss=1.9057 | TrainAcc=0.627 | Val(P3)=0.622 | Val(AVO)=0.558
2025-09-28 23:27:45 - No P3-val improvement; patience remaining: 48/50
2025-09-28 23:27:45 - P3 val decreasing 3x. Reducing w_small to 1.892, lambda_MMD to 0.120
2025-09-28 23:27:45 - Epoch 4/500 | LR=0.009999 | w_AVO=1.000 | w_P3=1.892 | lambda_MMD=0.120
2025-09-28 23:27:46 - Epoch Summary: TrainLoss=1.7840 | TrainAcc=0.628 | Val(P3)=0.784 | Val(AVO)=0.581
2025-09-28 23:27:46 - New best P3-val; checkpoint updated
2025-09-28 23:27:46 - Epoch 5/500 | LR=0.009998 | w_AVO=1.000 | w_P3=2.707 | lambda_MMD=0.300
2025-09-28 23:27:46 - Epoch Summary: TrainLoss=2.2227 | TrainAcc=0.636 | Val(P3)=0.703 | Val(AVO)=0.591
2025-09-28 23:27:46 - No P3-val improvement; patience remaining: 49/50
2025-09-28 23:27:46 - Epoch 6/500 | LR=0.009998 | w_AVO=1.000 | w_P3=2.707 | lambda_MMD=0.300
2025-09-28 23:27:47 - Epoch Summary: TrainLoss=2.1861 | TrainAcc=0.662 | Val(P3)=0.703 | Val(AVO)=0.578
2025-09-28 23:27:47 - No P3-val improvement; patience remaining: 48/50
2025-09-28 23:27:47 - Epoch 7/500 | LR=0.009996 | w_AVO=1.000 | w_P3=2.707 | lambda_MMD=0.300
2025-09-28 23:27:49 - Epoch Summary: TrainLoss=2.1196 | TrainAcc=0.640 | Val(P3)=0.757 | Val(AVO)=0.562
2025-09-28 23:27:49 - No P3-val improvement; patience remaining: 47/50
2025-09-28 23:27:49 - AVO val decreasing 3x. Reducing lambda_MMD to 0.210
2025-09-28 23:27:49 - Epoch 8/500 | LR=0.009995 | w_AVO=1.000 | w_P3=2.707 | lambda_MMD=0.210
2025-09-28 23:27:50 - Epoch Summary: TrainLoss=2.0870 | TrainAcc=0.656 | Val(P3)=0.757 | Val(AVO)=0.568
2025-09-28 23:27:50 - No P3-val improvement; patience remaining: 46/50
2025-09-28 23:27:50 - Epoch 9/500 | LR=0.009994 | w_AVO=1.000 | w_P3=2.707 | lambda_MMD=0.300
2025-09-28 23:27:51 - Epoch Summary: TrainLoss=2.0259 | TrainAcc=0.656 | Val(P3)=0.676 | Val(AVO)=0.571
2025-09-28 23:27:51 - No P3-val improvement; patience remaining: 45/50
2025-09-28 23:27:51 - Epoch 10/500 | LR=0.009992 | w_AVO=1.000 | w_P3=2.707 | lambda_MMD=0.300
2025-09-28 23:27:52 - Epoch Summary: TrainLoss=1.9327 | TrainAcc=0.667 | Val(P3)=0.730 | Val(AVO)=0.584
2025-09-28 23:27:52 - No P3-val improvement; patience remaining: 44/50
2025-09-28 23:27:52 - Epoch 11/500 | LR=0.009990 | w_AVO=1.000 | w_P3=2.707 | lambda_MMD=0.300
2025-09-28 23:27:53 - Epoch Summary: TrainLoss=1.8639 | TrainAcc=0.663 | Val(P3)=0.730 | Val(AVO)=0.584
2025-09-28 23:27:53 - No P3-val improvement; patience remaining: 43/50
2025-09-28 23:27:53 - Epoch 12/500 | LR=0.009988 | w_AVO=1.000 | w_P3=2.707 | lambda_MMD=0.300
2025-09-28 23:27:54 - Epoch Summary: TrainLoss=1.8270 | TrainAcc=0.664 | Val(P3)=0.649 | Val(AVO)=0.539
2025-09-28 23:27:54 - No P3-val improvement; patience remaining: 42/50
2025-09-28 23:27:54 - Epoch 13/500 | LR=0.009986 | w_AVO=1.000 | w_P3=2.707 | lambda_MMD=0.300
2025-09-28 23:27:56 - Epoch Summary: TrainLoss=1.7669 | TrainAcc=0.670 | Val(P3)=0.676 | Val(AVO)=0.575
2025-09-28 23:27:56 - No P3-val improvement; patience remaining: 41/50
2025-09-28 23:27:56 - Epoch 14/500 | LR=0.009983 | w_AVO=1.000 | w_P3=2.707 | lambda_MMD=0.300
2025-09-28 23:27:56 - Epoch Summary: TrainLoss=1.6854 | TrainAcc=0.678 | Val(P3)=0.730 | Val(AVO)=0.562
2025-09-28 23:27:56 - No P3-val improvement; patience remaining: 40/50
2025-09-28 23:27:56 - Epoch 15/500 | LR=0.009981 | w_AVO=1.000 | w_P3=2.707 | lambda_MMD=0.300
2025-09-28 23:27:57 - Epoch Summary: TrainLoss=1.6948 | TrainAcc=0.673 | Val(P3)=0.649 | Val(AVO)=0.575
2025-09-28 23:27:57 - No P3-val improvement; patience remaining: 39/50
2025-09-28 23:27:57 - Epoch 16/500 | LR=0.009978 | w_AVO=1.000 | w_P3=2.707 | lambda_MMD=0.300
2025-09-28 23:27:59 - Epoch Summary: TrainLoss=1.6003 | TrainAcc=0.664 | Val(P3)=0.649 | Val(AVO)=0.565
2025-09-28 23:27:59 - No P3-val improvement; patience remaining: 38/50
2025-09-28 23:27:59 - Epoch 17/500 | LR=0.009975 | w_AVO=1.000 | w_P3=2.707 | lambda_MMD=0.300
2025-09-28 23:28:00 - Epoch Summary: TrainLoss=1.5515 | TrainAcc=0.671 | Val(P3)=0.703 | Val(AVO)=0.526
2025-09-28 23:28:00 - No P3-val improvement; patience remaining: 37/50
2025-09-28 23:28:00 - AVO val decreasing 3x. Reducing lambda_MMD to 0.210
2025-09-28 23:28:00 - Epoch 18/500 | LR=0.009972 | w_AVO=1.000 | w_P3=2.707 | lambda_MMD=0.210
2025-09-28 23:28:01 - Epoch Summary: TrainLoss=1.4885 | TrainAcc=0.670 | Val(P3)=0.676 | Val(AVO)=0.555
2025-09-28 23:28:01 - No P3-val improvement; patience remaining: 36/50
2025-09-28 23:28:01 - Epoch 19/500 | LR=0.009968 | w_AVO=1.000 | w_P3=2.707 | lambda_MMD=0.300
2025-09-28 23:28:03 - Epoch Summary: TrainLoss=1.4763 | TrainAcc=0.669 | Val(P3)=0.676 | Val(AVO)=0.565
2025-09-28 23:28:03 - No P3-val improvement; patience remaining: 35/50
2025-09-28 23:28:03 - Epoch 20/500 | LR=0.009964 | w_AVO=1.000 | w_P3=2.707 | lambda_MMD=0.300
2025-09-28 23:28:04 - Epoch Summary: TrainLoss=1.4183 | TrainAcc=0.672 | Val(P3)=0.730 | Val(AVO)=0.542
2025-09-28 23:28:04 - No P3-val improvement; patience remaining: 34/50
2025-09-28 23:28:04 - Epoch 21/500 | LR=0.009961 | w_AVO=1.000 | w_P3=2.707 | lambda_MMD=0.300
2025-09-28 23:28:05 - Epoch Summary: TrainLoss=1.4086 | TrainAcc=0.669 | Val(P3)=0.676 | Val(AVO)=0.558
2025-09-28 23:28:05 - No P3-val improvement; patience remaining: 33/50
2025-09-28 23:28:05 - Epoch 22/500 | LR=0.009957 | w_AVO=1.000 | w_P3=2.707 | lambda_MMD=0.300
2025-09-28 23:28:05 - Epoch Summary: TrainLoss=1.3801 | TrainAcc=0.688 | Val(P3)=0.730 | Val(AVO)=0.532
2025-09-28 23:28:05 - No P3-val improvement; patience remaining: 32/50
2025-09-28 23:28:05 - Epoch 23/500 | LR=0.009952 | w_AVO=1.000 | w_P3=2.707 | lambda_MMD=0.300
2025-09-28 23:28:06 - Epoch Summary: TrainLoss=1.3403 | TrainAcc=0.680 | Val(P3)=0.622 | Val(AVO)=0.532
2025-09-28 23:28:06 - No P3-val improvement; patience remaining: 31/50
2025-09-28 23:28:06 - Epoch 24/500 | LR=0.009948 | w_AVO=1.000 | w_P3=2.707 | lambda_MMD=0.300
2025-09-28 23:28:08 - Epoch Summary: TrainLoss=1.3152 | TrainAcc=0.688 | Val(P3)=0.649 | Val(AVO)=0.562
2025-09-28 23:28:08 - No P3-val improvement; patience remaining: 30/50
2025-09-28 23:28:08 - Epoch 25/500 | LR=0.009943 | w_AVO=1.000 | w_P3=2.707 | lambda_MMD=0.300
2025-09-28 23:28:10 - Epoch Summary: TrainLoss=1.3395 | TrainAcc=0.668 | Val(P3)=0.730 | Val(AVO)=0.529
2025-09-28 23:28:10 - No P3-val improvement; patience remaining: 29/50
2025-09-28 23:28:10 - Epoch 26/500 | LR=0.009938 | w_AVO=1.000 | w_P3=2.707 | lambda_MMD=0.300
2025-09-28 23:28:10 - Epoch Summary: TrainLoss=1.2425 | TrainAcc=0.675 | Val(P3)=0.676 | Val(AVO)=0.549
2025-09-28 23:28:10 - No P3-val improvement; patience remaining: 28/50
2025-09-28 23:28:10 - Epoch 27/500 | LR=0.009933 | w_AVO=1.000 | w_P3=2.707 | lambda_MMD=0.300
2025-09-28 23:28:12 - Epoch Summary: TrainLoss=1.2143 | TrainAcc=0.694 | Val(P3)=0.703 | Val(AVO)=0.581
2025-09-28 23:28:12 - No P3-val improvement; patience remaining: 27/50
2025-09-28 23:28:12 - Epoch 28/500 | LR=0.009928 | w_AVO=1.000 | w_P3=2.707 | lambda_MMD=0.300
2025-09-28 23:28:12 - Epoch Summary: TrainLoss=1.1594 | TrainAcc=0.687 | Val(P3)=0.703 | Val(AVO)=0.532
2025-09-28 23:28:12 - No P3-val improvement; patience remaining: 26/50
2025-09-28 23:28:12 - Epoch 29/500 | LR=0.009923 | w_AVO=1.000 | w_P3=2.707 | lambda_MMD=0.300
2025-09-28 23:28:13 - Epoch Summary: TrainLoss=1.1421 | TrainAcc=0.691 | Val(P3)=0.676 | Val(AVO)=0.506
2025-09-28 23:28:13 - No P3-val improvement; patience remaining: 25/50
2025-09-28 23:28:13 - AVO val decreasing 3x. Reducing lambda_MMD to 0.210
2025-09-28 23:28:13 - Epoch 30/500 | LR=0.009917 | w_AVO=1.000 | w_P3=2.707 | lambda_MMD=0.210
2025-09-28 23:28:13 - Epoch Summary: TrainLoss=1.0968 | TrainAcc=0.691 | Val(P3)=0.757 | Val(AVO)=0.545
2025-09-28 23:28:13 - No P3-val improvement; patience remaining: 24/50
2025-09-28 23:28:13 - Epoch 31/500 | LR=0.009911 | w_AVO=1.000 | w_P3=2.707 | lambda_MMD=0.300
2025-09-28 23:28:14 - Epoch Summary: TrainLoss=1.1056 | TrainAcc=0.690 | Val(P3)=0.757 | Val(AVO)=0.539
2025-09-28 23:28:14 - No P3-val improvement; patience remaining: 23/50
2025-09-28 23:28:14 - Epoch 32/500 | LR=0.009905 | w_AVO=1.000 | w_P3=2.707 | lambda_MMD=0.300
2025-09-28 23:28:15 - Epoch Summary: TrainLoss=1.0765 | TrainAcc=0.706 | Val(P3)=0.703 | Val(AVO)=0.542
2025-09-28 23:28:15 - No P3-val improvement; patience remaining: 22/50
2025-09-28 23:28:15 - Epoch 33/500 | LR=0.009899 | w_AVO=1.000 | w_P3=2.707 | lambda_MMD=0.300
2025-09-28 23:28:16 - Epoch Summary: TrainLoss=1.0956 | TrainAcc=0.692 | Val(P3)=0.622 | Val(AVO)=0.506
2025-09-28 23:28:16 - No P3-val improvement; patience remaining: 21/50
2025-09-28 23:28:16 - P3 val decreasing 3x. Reducing w_small to 2.166, lambda_MMD to 0.150
2025-09-28 23:28:16 - Epoch 34/500 | LR=0.009893 | w_AVO=1.000 | w_P3=2.166 | lambda_MMD=0.150
2025-09-28 23:28:17 - Epoch Summary: TrainLoss=0.9307 | TrainAcc=0.706 | Val(P3)=0.703 | Val(AVO)=0.526
2025-09-28 23:28:17 - No P3-val improvement; patience remaining: 20/50
2025-09-28 23:28:17 - Epoch 35/500 | LR=0.009886 | w_AVO=1.000 | w_P3=2.707 | lambda_MMD=0.300
2025-09-28 23:28:17 - Epoch Summary: TrainLoss=0.9916 | TrainAcc=0.707 | Val(P3)=0.757 | Val(AVO)=0.529
2025-09-28 23:28:17 - No P3-val improvement; patience remaining: 19/50
2025-09-28 23:28:17 - Epoch 36/500 | LR=0.009880 | w_AVO=1.000 | w_P3=2.707 | lambda_MMD=0.300
2025-09-28 23:28:18 - Epoch Summary: TrainLoss=1.0104 | TrainAcc=0.704 | Val(P3)=0.703 | Val(AVO)=0.555
2025-09-28 23:28:18 - No P3-val improvement; patience remaining: 18/50
2025-09-28 23:28:18 - Epoch 37/500 | LR=0.009873 | w_AVO=1.000 | w_P3=2.707 | lambda_MMD=0.300
2025-09-28 23:28:18 - Epoch Summary: TrainLoss=1.0012 | TrainAcc=0.698 | Val(P3)=0.730 | Val(AVO)=0.526
2025-09-28 23:28:18 - No P3-val improvement; patience remaining: 17/50
2025-09-28 23:28:18 - Epoch 38/500 | LR=0.009865 | w_AVO=1.000 | w_P3=2.707 | lambda_MMD=0.300
2025-09-28 23:28:19 - Epoch Summary: TrainLoss=0.9969 | TrainAcc=0.706 | Val(P3)=0.703 | Val(AVO)=0.516
2025-09-28 23:28:19 - No P3-val improvement; patience remaining: 16/50
2025-09-28 23:28:19 - AVO val decreasing 3x. Reducing lambda_MMD to 0.210
2025-09-28 23:28:19 - Epoch 39/500 | LR=0.009858 | w_AVO=1.000 | w_P3=2.707 | lambda_MMD=0.210
2025-09-28 23:28:19 - Epoch Summary: TrainLoss=1.0502 | TrainAcc=0.687 | Val(P3)=0.730 | Val(AVO)=0.536
2025-09-28 23:28:19 - No P3-val improvement; patience remaining: 15/50
2025-09-28 23:28:19 - Epoch 40/500 | LR=0.009851 | w_AVO=1.000 | w_P3=2.707 | lambda_MMD=0.300
2025-09-28 23:28:19 - Epoch Summary: TrainLoss=1.0276 | TrainAcc=0.704 | Val(P3)=0.622 | Val(AVO)=0.552
2025-09-28 23:28:19 - No P3-val improvement; patience remaining: 14/50
2025-09-28 23:28:19 - Epoch 41/500 | LR=0.009843 | w_AVO=1.000 | w_P3=2.707 | lambda_MMD=0.300
2025-09-28 23:28:19 - Epoch Summary: TrainLoss=0.9501 | TrainAcc=0.712 | Val(P3)=0.703 | Val(AVO)=0.510
2025-09-28 23:28:19 - No P3-val improvement; patience remaining: 13/50
2025-09-28 23:28:19 - Epoch 42/500 | LR=0.009835 | w_AVO=1.000 | w_P3=2.707 | lambda_MMD=0.300
2025-09-28 23:28:20 - Epoch Summary: TrainLoss=0.9180 | TrainAcc=0.712 | Val(P3)=0.703 | Val(AVO)=0.523
2025-09-28 23:28:20 - No P3-val improvement; patience remaining: 12/50
2025-09-28 23:28:20 - Epoch 43/500 | LR=0.009827 | w_AVO=1.000 | w_P3=2.707 | lambda_MMD=0.300
2025-09-28 23:28:21 - Epoch Summary: TrainLoss=0.8949 | TrainAcc=0.716 | Val(P3)=0.676 | Val(AVO)=0.571
2025-09-28 23:28:21 - No P3-val improvement; patience remaining: 11/50
2025-09-28 23:28:21 - Epoch 44/500 | LR=0.009819 | w_AVO=1.000 | w_P3=2.707 | lambda_MMD=0.300
2025-09-28 23:28:22 - Epoch Summary: TrainLoss=0.9106 | TrainAcc=0.707 | Val(P3)=0.730 | Val(AVO)=0.519
2025-09-28 23:28:22 - No P3-val improvement; patience remaining: 10/50
2025-09-28 23:28:22 - Epoch 45/500 | LR=0.009810 | w_AVO=1.000 | w_P3=2.707 | lambda_MMD=0.300
2025-09-28 23:28:23 - Epoch Summary: TrainLoss=0.8817 | TrainAcc=0.721 | Val(P3)=0.730 | Val(AVO)=0.526
2025-09-28 23:28:23 - No P3-val improvement; patience remaining: 9/50
2025-09-28 23:28:23 - Epoch 46/500 | LR=0.009801 | w_AVO=1.000 | w_P3=2.707 | lambda_MMD=0.300
2025-09-28 23:28:24 - Epoch Summary: TrainLoss=0.8430 | TrainAcc=0.721 | Val(P3)=0.703 | Val(AVO)=0.503
2025-09-28 23:28:24 - No P3-val improvement; patience remaining: 8/50
2025-09-28 23:28:24 - Epoch 47/500 | LR=0.009793 | w_AVO=1.000 | w_P3=2.707 | lambda_MMD=0.300
2025-09-28 23:28:26 - Epoch Summary: TrainLoss=0.8505 | TrainAcc=0.724 | Val(P3)=0.649 | Val(AVO)=0.536
2025-09-28 23:28:26 - No P3-val improvement; patience remaining: 7/50
2025-09-28 23:28:26 - P3 val decreasing 3x. Reducing w_small to 2.166, lambda_MMD to 0.150
2025-09-28 23:28:26 - Epoch 48/500 | LR=0.009784 | w_AVO=1.000 | w_P3=2.166 | lambda_MMD=0.150
2025-09-28 23:28:26 - Epoch Summary: TrainLoss=0.7564 | TrainAcc=0.730 | Val(P3)=0.757 | Val(AVO)=0.519
2025-09-28 23:28:26 - No P3-val improvement; patience remaining: 6/50
2025-09-28 23:28:26 - Epoch 49/500 | LR=0.009774 | w_AVO=1.000 | w_P3=2.707 | lambda_MMD=0.300
2025-09-28 23:28:27 - Epoch Summary: TrainLoss=0.8231 | TrainAcc=0.738 | Val(P3)=0.730 | Val(AVO)=0.549
2025-09-28 23:28:27 - No P3-val improvement; patience remaining: 5/50
2025-09-28 23:28:27 - Epoch 50/500 | LR=0.009765 | w_AVO=1.000 | w_P3=2.707 | lambda_MMD=0.300
2025-09-28 23:28:28 - Epoch Summary: TrainLoss=0.7993 | TrainAcc=0.731 | Val(P3)=0.730 | Val(AVO)=0.526
2025-09-28 23:28:28 - No P3-val improvement; patience remaining: 4/50
2025-09-28 23:28:28 - Epoch 51/500 | LR=0.009755 | w_AVO=1.000 | w_P3=2.707 | lambda_MMD=0.300
2025-09-28 23:28:30 - Epoch Summary: TrainLoss=0.7993 | TrainAcc=0.725 | Val(P3)=0.730 | Val(AVO)=0.529
2025-09-28 23:28:30 - No P3-val improvement; patience remaining: 3/50
2025-09-28 23:28:30 - Epoch 52/500 | LR=0.009745 | w_AVO=1.000 | w_P3=2.707 | lambda_MMD=0.300
2025-09-28 23:28:31 - Epoch Summary: TrainLoss=0.7958 | TrainAcc=0.731 | Val(P3)=0.730 | Val(AVO)=0.510
2025-09-28 23:28:31 - No P3-val improvement; patience remaining: 2/50
2025-09-28 23:28:31 - Epoch 53/500 | LR=0.009735 | w_AVO=1.000 | w_P3=2.707 | lambda_MMD=0.300
2025-09-28 23:28:32 - Epoch Summary: TrainLoss=0.7905 | TrainAcc=0.738 | Val(P3)=0.676 | Val(AVO)=0.545
2025-09-28 23:28:32 - No P3-val improvement; patience remaining: 1/50
2025-09-28 23:28:32 - Epoch 54/500 | LR=0.009725 | w_AVO=1.000 | w_P3=2.707 | lambda_MMD=0.300
2025-09-28 23:28:33 - Epoch Summary: TrainLoss=0.8062 | TrainAcc=0.738 | Val(P3)=0.676 | Val(AVO)=0.519
2025-09-28 23:28:33 - No P3-val improvement; patience remaining: 0/50
2025-09-28 23:28:33 - Early stopping triggered (P3-val)
2025-09-28 23:28:33 -     P3 Test | Acc=0.5616 P=0.6111 R=0.5500 F1=0.5789 AUC=0.5917 (n=73)
2025-09-28 23:28:33 -     AVO Test | Acc=0.5219 P=0.5087 R=0.9639 F1=0.6659 AUC=0.6697 (n=617)
2025-09-28 23:28:33 -     Overall Test Acc=0.5261
2025-09-28 23:28:33 -   Fold 4/5
2025-09-28 23:28:33 - Fold domains: small=P3 (n=293), large=AVO (n=2122)
2025-09-28 23:28:33 - Auto adjustments (symmetric): w_small≈1.000, lambda_MMD_target=0.300, warmup_epochs=5
2025-09-28 23:28:33 - Epoch 1/500 | LR=0.010000 | w_AVO=1.000 | w_P3=1.338 | lambda_MMD=0.060
2025-09-28 23:28:34 - Epoch Summary: TrainLoss=1.7121 | TrainAcc=0.530 | Val(P3)=0.639 | Val(AVO)=0.576
2025-09-28 23:28:34 - New best P3-val; checkpoint updated
2025-09-28 23:28:34 - Epoch 2/500 | LR=0.010000 | w_AVO=1.000 | w_P3=1.676 | lambda_MMD=0.120
2025-09-28 23:28:35 - Epoch Summary: TrainLoss=1.6910 | TrainAcc=0.607 | Val(P3)=0.611 | Val(AVO)=0.599
2025-09-28 23:28:35 - No P3-val improvement; patience remaining: 49/50
2025-09-28 23:28:35 - Epoch 3/500 | LR=0.010000 | w_AVO=1.000 | w_P3=2.015 | lambda_MMD=0.180
2025-09-28 23:28:36 - Epoch Summary: TrainLoss=1.8509 | TrainAcc=0.618 | Val(P3)=0.611 | Val(AVO)=0.641
2025-09-28 23:28:36 - No P3-val improvement; patience remaining: 48/50
2025-09-28 23:28:36 - Epoch 4/500 | LR=0.009999 | w_AVO=1.000 | w_P3=2.353 | lambda_MMD=0.240
2025-09-28 23:28:38 - Epoch Summary: TrainLoss=2.0009 | TrainAcc=0.623 | Val(P3)=0.583 | Val(AVO)=0.667
2025-09-28 23:28:38 - No P3-val improvement; patience remaining: 47/50
2025-09-28 23:28:38 - Epoch 5/500 | LR=0.009998 | w_AVO=1.000 | w_P3=2.691 | lambda_MMD=0.300
2025-09-28 23:28:39 - Epoch Summary: TrainLoss=2.1468 | TrainAcc=0.640 | Val(P3)=0.639 | Val(AVO)=0.602
2025-09-28 23:28:39 - No P3-val improvement; patience remaining: 46/50
2025-09-28 23:28:39 - Epoch 6/500 | LR=0.009998 | w_AVO=1.000 | w_P3=2.691 | lambda_MMD=0.300
2025-09-28 23:28:41 - Epoch Summary: TrainLoss=2.0962 | TrainAcc=0.656 | Val(P3)=0.611 | Val(AVO)=0.605
2025-09-28 23:28:41 - No P3-val improvement; patience remaining: 45/50
2025-09-28 23:28:41 - Epoch 7/500 | LR=0.009996 | w_AVO=1.000 | w_P3=2.691 | lambda_MMD=0.300
2025-09-28 23:28:43 - Epoch Summary: TrainLoss=2.0477 | TrainAcc=0.655 | Val(P3)=0.583 | Val(AVO)=0.638
2025-09-28 23:28:43 - No P3-val improvement; patience remaining: 44/50
2025-09-28 23:28:43 - P3 val decreasing 3x. Reducing w_small to 2.153, lambda_MMD to 0.150
2025-09-28 23:28:43 - Epoch 8/500 | LR=0.009995 | w_AVO=1.000 | w_P3=2.153 | lambda_MMD=0.150
2025-09-28 23:28:43 - Epoch Summary: TrainLoss=1.6933 | TrainAcc=0.666 | Val(P3)=0.583 | Val(AVO)=0.563
2025-09-28 23:28:43 - No P3-val improvement; patience remaining: 43/50
2025-09-28 23:28:43 - Epoch 9/500 | LR=0.009994 | w_AVO=1.000 | w_P3=2.691 | lambda_MMD=0.300
2025-09-28 23:28:44 - Epoch Summary: TrainLoss=1.8849 | TrainAcc=0.670 | Val(P3)=0.556 | Val(AVO)=0.589
2025-09-28 23:28:44 - No P3-val improvement; patience remaining: 42/50
2025-09-28 23:28:44 - Epoch 10/500 | LR=0.009992 | w_AVO=1.000 | w_P3=2.691 | lambda_MMD=0.300
2025-09-28 23:28:45 - Epoch Summary: TrainLoss=1.8402 | TrainAcc=0.670 | Val(P3)=0.583 | Val(AVO)=0.634
2025-09-28 23:28:45 - No P3-val improvement; patience remaining: 41/50
2025-09-28 23:28:45 - Epoch 11/500 | LR=0.009990 | w_AVO=1.000 | w_P3=2.691 | lambda_MMD=0.300
2025-09-28 23:28:47 - Epoch Summary: TrainLoss=1.7898 | TrainAcc=0.674 | Val(P3)=0.611 | Val(AVO)=0.647
2025-09-28 23:28:47 - No P3-val improvement; patience remaining: 40/50
2025-09-28 23:28:47 - Epoch 12/500 | LR=0.009988 | w_AVO=1.000 | w_P3=2.691 | lambda_MMD=0.300
2025-09-28 23:28:48 - Epoch Summary: TrainLoss=1.7367 | TrainAcc=0.681 | Val(P3)=0.639 | Val(AVO)=0.589
2025-09-28 23:28:48 - No P3-val improvement; patience remaining: 39/50
2025-09-28 23:28:48 - Epoch 13/500 | LR=0.009986 | w_AVO=1.000 | w_P3=2.691 | lambda_MMD=0.300
2025-09-28 23:28:49 - Epoch Summary: TrainLoss=1.6944 | TrainAcc=0.674 | Val(P3)=0.611 | Val(AVO)=0.592
2025-09-28 23:28:49 - No P3-val improvement; patience remaining: 38/50
2025-09-28 23:28:49 - Epoch 14/500 | LR=0.009983 | w_AVO=1.000 | w_P3=2.691 | lambda_MMD=0.300
2025-09-28 23:28:51 - Epoch Summary: TrainLoss=1.6258 | TrainAcc=0.672 | Val(P3)=0.583 | Val(AVO)=0.602
2025-09-28 23:28:51 - No P3-val improvement; patience remaining: 37/50
2025-09-28 23:28:51 - P3 val decreasing 3x. Reducing w_small to 2.153, lambda_MMD to 0.150
2025-09-28 23:28:51 - Epoch 15/500 | LR=0.009981 | w_AVO=1.000 | w_P3=2.153 | lambda_MMD=0.150
2025-09-28 23:28:52 - Epoch Summary: TrainLoss=1.3943 | TrainAcc=0.672 | Val(P3)=0.583 | Val(AVO)=0.621
2025-09-28 23:28:52 - No P3-val improvement; patience remaining: 36/50
2025-09-28 23:28:52 - Epoch 16/500 | LR=0.009978 | w_AVO=1.000 | w_P3=2.691 | lambda_MMD=0.300
2025-09-28 23:28:54 - Epoch Summary: TrainLoss=1.5683 | TrainAcc=0.666 | Val(P3)=0.528 | Val(AVO)=0.537
2025-09-28 23:28:54 - No P3-val improvement; patience remaining: 35/50
2025-09-28 23:28:54 - Epoch 17/500 | LR=0.009975 | w_AVO=1.000 | w_P3=2.691 | lambda_MMD=0.300
2025-09-28 23:28:55 - Epoch Summary: TrainLoss=1.5196 | TrainAcc=0.670 | Val(P3)=0.556 | Val(AVO)=0.550
2025-09-28 23:28:55 - No P3-val improvement; patience remaining: 34/50
2025-09-28 23:28:55 - Epoch 18/500 | LR=0.009972 | w_AVO=1.000 | w_P3=2.691 | lambda_MMD=0.300
2025-09-28 23:28:56 - Epoch Summary: TrainLoss=1.4615 | TrainAcc=0.672 | Val(P3)=0.639 | Val(AVO)=0.605
2025-09-28 23:28:56 - No P3-val improvement; patience remaining: 33/50
2025-09-28 23:28:56 - Epoch 19/500 | LR=0.009968 | w_AVO=1.000 | w_P3=2.691 | lambda_MMD=0.300
2025-09-28 23:28:57 - Epoch Summary: TrainLoss=1.4115 | TrainAcc=0.686 | Val(P3)=0.556 | Val(AVO)=0.553
2025-09-28 23:28:57 - No P3-val improvement; patience remaining: 32/50
2025-09-28 23:28:57 - Epoch 20/500 | LR=0.009964 | w_AVO=1.000 | w_P3=2.691 | lambda_MMD=0.300
2025-09-28 23:28:58 - Epoch Summary: TrainLoss=1.4119 | TrainAcc=0.683 | Val(P3)=0.611 | Val(AVO)=0.557
2025-09-28 23:28:58 - No P3-val improvement; patience remaining: 31/50
2025-09-28 23:28:58 - Epoch 21/500 | LR=0.009961 | w_AVO=1.000 | w_P3=2.691 | lambda_MMD=0.300
2025-09-28 23:28:58 - Epoch Summary: TrainLoss=1.3637 | TrainAcc=0.683 | Val(P3)=0.528 | Val(AVO)=0.608
2025-09-28 23:28:58 - No P3-val improvement; patience remaining: 30/50
2025-09-28 23:28:58 - Epoch 22/500 | LR=0.009957 | w_AVO=1.000 | w_P3=2.691 | lambda_MMD=0.300
2025-09-28 23:28:59 - Epoch Summary: TrainLoss=1.3142 | TrainAcc=0.671 | Val(P3)=0.583 | Val(AVO)=0.579
2025-09-28 23:28:59 - No P3-val improvement; patience remaining: 29/50
2025-09-28 23:28:59 - Epoch 23/500 | LR=0.009952 | w_AVO=1.000 | w_P3=2.691 | lambda_MMD=0.300
2025-09-28 23:29:02 - Epoch Summary: TrainLoss=1.2891 | TrainAcc=0.686 | Val(P3)=0.583 | Val(AVO)=0.586
2025-09-28 23:29:02 - No P3-val improvement; patience remaining: 28/50
2025-09-28 23:29:02 - Epoch 24/500 | LR=0.009948 | w_AVO=1.000 | w_P3=2.691 | lambda_MMD=0.300
2025-09-28 23:29:02 - Epoch Summary: TrainLoss=1.2410 | TrainAcc=0.680 | Val(P3)=0.444 | Val(AVO)=0.553
2025-09-28 23:29:02 - No P3-val improvement; patience remaining: 27/50
2025-09-28 23:29:02 - Epoch 25/500 | LR=0.009943 | w_AVO=1.000 | w_P3=2.691 | lambda_MMD=0.300
2025-09-28 23:29:03 - Epoch Summary: TrainLoss=1.2076 | TrainAcc=0.681 | Val(P3)=0.500 | Val(AVO)=0.615
2025-09-28 23:29:03 - No P3-val improvement; patience remaining: 26/50
2025-09-28 23:29:03 - Epoch 26/500 | LR=0.009938 | w_AVO=1.000 | w_P3=2.691 | lambda_MMD=0.300
2025-09-28 23:29:04 - Epoch Summary: TrainLoss=1.1790 | TrainAcc=0.693 | Val(P3)=0.556 | Val(AVO)=0.573
2025-09-28 23:29:04 - No P3-val improvement; patience remaining: 25/50
2025-09-28 23:29:04 - Epoch 27/500 | LR=0.009933 | w_AVO=1.000 | w_P3=2.691 | lambda_MMD=0.300
2025-09-28 23:29:04 - Epoch Summary: TrainLoss=1.1414 | TrainAcc=0.698 | Val(P3)=0.444 | Val(AVO)=0.557
2025-09-28 23:29:04 - No P3-val improvement; patience remaining: 24/50
2025-09-28 23:29:04 - AVO val decreasing 3x. Reducing lambda_MMD to 0.210
2025-09-28 23:29:04 - Epoch 28/500 | LR=0.009928 | w_AVO=1.000 | w_P3=2.691 | lambda_MMD=0.210
2025-09-28 23:29:05 - Epoch Summary: TrainLoss=1.1120 | TrainAcc=0.700 | Val(P3)=0.500 | Val(AVO)=0.570
2025-09-28 23:29:05 - No P3-val improvement; patience remaining: 23/50
2025-09-28 23:29:05 - Epoch 29/500 | LR=0.009923 | w_AVO=1.000 | w_P3=2.691 | lambda_MMD=0.300
2025-09-28 23:29:05 - Epoch Summary: TrainLoss=1.1070 | TrainAcc=0.696 | Val(P3)=0.500 | Val(AVO)=0.583
2025-09-28 23:29:05 - No P3-val improvement; patience remaining: 22/50
2025-09-28 23:29:05 - Epoch 30/500 | LR=0.009917 | w_AVO=1.000 | w_P3=2.691 | lambda_MMD=0.300
2025-09-28 23:29:06 - Epoch Summary: TrainLoss=1.0465 | TrainAcc=0.703 | Val(P3)=0.528 | Val(AVO)=0.586
2025-09-28 23:29:06 - No P3-val improvement; patience remaining: 21/50
2025-09-28 23:29:06 - Epoch 31/500 | LR=0.009911 | w_AVO=1.000 | w_P3=2.691 | lambda_MMD=0.300
2025-09-28 23:29:08 - Epoch Summary: TrainLoss=1.0473 | TrainAcc=0.697 | Val(P3)=0.583 | Val(AVO)=0.599
2025-09-28 23:29:08 - No P3-val improvement; patience remaining: 20/50
2025-09-28 23:29:08 - Epoch 32/500 | LR=0.009905 | w_AVO=1.000 | w_P3=2.691 | lambda_MMD=0.300
2025-09-28 23:29:10 - Epoch Summary: TrainLoss=1.0343 | TrainAcc=0.702 | Val(P3)=0.500 | Val(AVO)=0.605
2025-09-28 23:29:10 - No P3-val improvement; patience remaining: 19/50
2025-09-28 23:29:10 - Epoch 33/500 | LR=0.009899 | w_AVO=1.000 | w_P3=2.691 | lambda_MMD=0.300
2025-09-28 23:29:11 - Epoch Summary: TrainLoss=1.0397 | TrainAcc=0.699 | Val(P3)=0.528 | Val(AVO)=0.566
2025-09-28 23:29:11 - No P3-val improvement; patience remaining: 18/50
2025-09-28 23:29:11 - Epoch 34/500 | LR=0.009893 | w_AVO=1.000 | w_P3=2.691 | lambda_MMD=0.300
2025-09-28 23:29:12 - Epoch Summary: TrainLoss=1.0238 | TrainAcc=0.697 | Val(P3)=0.556 | Val(AVO)=0.547
2025-09-28 23:29:12 - No P3-val improvement; patience remaining: 17/50
2025-09-28 23:29:12 - AVO val decreasing 3x. Reducing lambda_MMD to 0.210
2025-09-28 23:29:12 - Epoch 35/500 | LR=0.009886 | w_AVO=1.000 | w_P3=2.691 | lambda_MMD=0.210
2025-09-28 23:29:13 - Epoch Summary: TrainLoss=1.0052 | TrainAcc=0.700 | Val(P3)=0.556 | Val(AVO)=0.605
2025-09-28 23:29:13 - No P3-val improvement; patience remaining: 16/50
2025-09-28 23:29:13 - Epoch 36/500 | LR=0.009880 | w_AVO=1.000 | w_P3=2.691 | lambda_MMD=0.300
2025-09-28 23:29:15 - Epoch Summary: TrainLoss=0.9752 | TrainAcc=0.700 | Val(P3)=0.528 | Val(AVO)=0.537
2025-09-28 23:29:15 - No P3-val improvement; patience remaining: 15/50
2025-09-28 23:29:15 - Epoch 37/500 | LR=0.009873 | w_AVO=1.000 | w_P3=2.691 | lambda_MMD=0.300
2025-09-28 23:29:16 - Epoch Summary: TrainLoss=0.9416 | TrainAcc=0.713 | Val(P3)=0.556 | Val(AVO)=0.599
2025-09-28 23:29:16 - No P3-val improvement; patience remaining: 14/50
2025-09-28 23:29:16 - Epoch 38/500 | LR=0.009865 | w_AVO=1.000 | w_P3=2.691 | lambda_MMD=0.300
2025-09-28 23:29:17 - Epoch Summary: TrainLoss=0.9182 | TrainAcc=0.717 | Val(P3)=0.500 | Val(AVO)=0.557
2025-09-28 23:29:17 - No P3-val improvement; patience remaining: 13/50
2025-09-28 23:29:17 - Epoch 39/500 | LR=0.009858 | w_AVO=1.000 | w_P3=2.691 | lambda_MMD=0.300
2025-09-28 23:29:18 - Epoch Summary: TrainLoss=0.9283 | TrainAcc=0.705 | Val(P3)=0.528 | Val(AVO)=0.602
2025-09-28 23:29:18 - No P3-val improvement; patience remaining: 12/50
2025-09-28 23:29:18 - Epoch 40/500 | LR=0.009851 | w_AVO=1.000 | w_P3=2.691 | lambda_MMD=0.300
2025-09-28 23:29:19 - Epoch Summary: TrainLoss=0.9102 | TrainAcc=0.713 | Val(P3)=0.500 | Val(AVO)=0.547
2025-09-28 23:29:19 - No P3-val improvement; patience remaining: 11/50
2025-09-28 23:29:19 - Epoch 41/500 | LR=0.009843 | w_AVO=1.000 | w_P3=2.691 | lambda_MMD=0.300
2025-09-28 23:29:20 - Epoch Summary: TrainLoss=0.8785 | TrainAcc=0.717 | Val(P3)=0.528 | Val(AVO)=0.563
2025-09-28 23:29:20 - No P3-val improvement; patience remaining: 10/50
2025-09-28 23:29:20 - Epoch 42/500 | LR=0.009835 | w_AVO=1.000 | w_P3=2.691 | lambda_MMD=0.300
2025-09-28 23:29:20 - Epoch Summary: TrainLoss=0.9078 | TrainAcc=0.707 | Val(P3)=0.500 | Val(AVO)=0.621
2025-09-28 23:29:20 - No P3-val improvement; patience remaining: 9/50
2025-09-28 23:29:20 - Epoch 43/500 | LR=0.009827 | w_AVO=1.000 | w_P3=2.691 | lambda_MMD=0.300
2025-09-28 23:29:21 - Epoch Summary: TrainLoss=0.8805 | TrainAcc=0.729 | Val(P3)=0.528 | Val(AVO)=0.595
2025-09-28 23:29:21 - No P3-val improvement; patience remaining: 8/50
2025-09-28 23:29:21 - Epoch 44/500 | LR=0.009819 | w_AVO=1.000 | w_P3=2.691 | lambda_MMD=0.300
2025-09-28 23:29:23 - Epoch Summary: TrainLoss=0.8773 | TrainAcc=0.720 | Val(P3)=0.556 | Val(AVO)=0.586
2025-09-28 23:29:23 - No P3-val improvement; patience remaining: 7/50
2025-09-28 23:29:23 - AVO val decreasing 3x. Reducing lambda_MMD to 0.210
2025-09-28 23:29:23 - Epoch 45/500 | LR=0.009810 | w_AVO=1.000 | w_P3=2.691 | lambda_MMD=0.210
2025-09-28 23:29:25 - Epoch Summary: TrainLoss=0.8519 | TrainAcc=0.713 | Val(P3)=0.472 | Val(AVO)=0.592
2025-09-28 23:29:25 - No P3-val improvement; patience remaining: 6/50
2025-09-28 23:29:25 - Epoch 46/500 | LR=0.009801 | w_AVO=1.000 | w_P3=2.691 | lambda_MMD=0.300
2025-09-28 23:29:26 - Epoch Summary: TrainLoss=0.8731 | TrainAcc=0.723 | Val(P3)=0.528 | Val(AVO)=0.576
2025-09-28 23:29:26 - No P3-val improvement; patience remaining: 5/50
2025-09-28 23:29:26 - Epoch 47/500 | LR=0.009793 | w_AVO=1.000 | w_P3=2.691 | lambda_MMD=0.300
2025-09-28 23:29:26 - Epoch Summary: TrainLoss=0.8182 | TrainAcc=0.730 | Val(P3)=0.500 | Val(AVO)=0.595
2025-09-28 23:29:26 - No P3-val improvement; patience remaining: 4/50
2025-09-28 23:29:26 - Epoch 48/500 | LR=0.009784 | w_AVO=1.000 | w_P3=2.691 | lambda_MMD=0.300
2025-09-28 23:29:28 - Epoch Summary: TrainLoss=0.8069 | TrainAcc=0.731 | Val(P3)=0.472 | Val(AVO)=0.563
2025-09-28 23:29:28 - No P3-val improvement; patience remaining: 3/50
2025-09-28 23:29:28 - P3 val decreasing 3x. Reducing w_small to 2.153, lambda_MMD to 0.150
2025-09-28 23:29:28 - Epoch 49/500 | LR=0.009774 | w_AVO=1.000 | w_P3=2.153 | lambda_MMD=0.150
2025-09-28 23:29:29 - Epoch Summary: TrainLoss=0.7701 | TrainAcc=0.730 | Val(P3)=0.528 | Val(AVO)=0.544
2025-09-28 23:29:29 - No P3-val improvement; patience remaining: 2/50
2025-09-28 23:29:29 - AVO val decreasing 3x. Reducing lambda_MMD to 0.210
2025-09-28 23:29:29 - Epoch 50/500 | LR=0.009765 | w_AVO=1.000 | w_P3=2.691 | lambda_MMD=0.210
2025-09-28 23:29:30 - Epoch Summary: TrainLoss=0.8121 | TrainAcc=0.728 | Val(P3)=0.611 | Val(AVO)=0.599
2025-09-28 23:29:30 - No P3-val improvement; patience remaining: 1/50
2025-09-28 23:29:30 - Epoch 51/500 | LR=0.009755 | w_AVO=1.000 | w_P3=2.691 | lambda_MMD=0.300
2025-09-28 23:29:31 - Epoch Summary: TrainLoss=0.7771 | TrainAcc=0.746 | Val(P3)=0.556 | Val(AVO)=0.641
2025-09-28 23:29:31 - No P3-val improvement; patience remaining: 0/50
2025-09-28 23:29:31 - Early stopping triggered (P3-val)
2025-09-28 23:29:31 -     P3 Test | Acc=0.6479 P=0.6552 R=0.5588 F1=0.6032 AUC=0.6852 (n=71)
2025-09-28 23:29:31 -     AVO Test | Acc=0.6462 P=0.5966 R=0.9132 F1=0.7217 AUC=0.7371 (n=619)
2025-09-28 23:29:31 -     Overall Test Acc=0.6464
2025-09-28 23:29:31 -   Fold 5/5
2025-09-28 23:29:31 - Fold domains: small=P3 (n=286), large=AVO (n=2129)
2025-09-28 23:29:31 - Auto adjustments (symmetric): w_small≈1.000, lambda_MMD_target=0.300, warmup_epochs=5
2025-09-28 23:29:31 - Epoch 1/500 | LR=0.010000 | w_AVO=1.000 | w_P3=1.346 | lambda_MMD=0.060
2025-09-28 23:29:32 - Epoch Summary: TrainLoss=1.7140 | TrainAcc=0.515 | Val(P3)=0.647 | Val(AVO)=0.527
2025-09-28 23:29:32 - New best P3-val; checkpoint updated
2025-09-28 23:29:32 - Epoch 2/500 | LR=0.010000 | w_AVO=1.000 | w_P3=1.691 | lambda_MMD=0.120
2025-09-28 23:29:33 - Epoch Summary: TrainLoss=1.7344 | TrainAcc=0.590 | Val(P3)=0.588 | Val(AVO)=0.617
2025-09-28 23:29:33 - No P3-val improvement; patience remaining: 49/50
2025-09-28 23:29:33 - Epoch 3/500 | LR=0.010000 | w_AVO=1.000 | w_P3=2.037 | lambda_MMD=0.180
2025-09-28 23:29:35 - Epoch Summary: TrainLoss=1.9011 | TrainAcc=0.614 | Val(P3)=0.559 | Val(AVO)=0.582
2025-09-28 23:29:35 - No P3-val improvement; patience remaining: 48/50
2025-09-28 23:29:35 - P3 val decreasing 3x. Reducing w_small to 1.906, lambda_MMD to 0.120
2025-09-28 23:29:35 - Epoch 4/500 | LR=0.009999 | w_AVO=1.000 | w_P3=1.906 | lambda_MMD=0.120
2025-09-28 23:29:37 - Epoch Summary: TrainLoss=1.7933 | TrainAcc=0.621 | Val(P3)=0.588 | Val(AVO)=0.627
2025-09-28 23:29:37 - No P3-val improvement; patience remaining: 47/50
2025-09-28 23:29:37 - Epoch 5/500 | LR=0.009998 | w_AVO=1.000 | w_P3=2.728 | lambda_MMD=0.300
2025-09-28 23:29:38 - Epoch Summary: TrainLoss=2.3141 | TrainAcc=0.620 | Val(P3)=0.559 | Val(AVO)=0.637
2025-09-28 23:29:38 - No P3-val improvement; patience remaining: 46/50
2025-09-28 23:29:38 - Epoch 6/500 | LR=0.009998 | w_AVO=1.000 | w_P3=2.728 | lambda_MMD=0.300
2025-09-28 23:29:40 - Epoch Summary: TrainLoss=2.2421 | TrainAcc=0.625 | Val(P3)=0.618 | Val(AVO)=0.633
2025-09-28 23:29:40 - No P3-val improvement; patience remaining: 45/50
2025-09-28 23:29:40 - Epoch 7/500 | LR=0.009996 | w_AVO=1.000 | w_P3=2.728 | lambda_MMD=0.300
2025-09-28 23:29:42 - Epoch Summary: TrainLoss=2.1782 | TrainAcc=0.637 | Val(P3)=0.529 | Val(AVO)=0.621
2025-09-28 23:29:42 - No P3-val improvement; patience remaining: 44/50
2025-09-28 23:29:42 - AVO val decreasing 3x. Reducing lambda_MMD to 0.210
2025-09-28 23:29:42 - Epoch 8/500 | LR=0.009995 | w_AVO=1.000 | w_P3=2.728 | lambda_MMD=0.210
2025-09-28 23:29:43 - Epoch Summary: TrainLoss=2.0510 | TrainAcc=0.631 | Val(P3)=0.529 | Val(AVO)=0.611
2025-09-28 23:29:43 - No P3-val improvement; patience remaining: 43/50
2025-09-28 23:29:43 - AVO val decreasing 3x. Reducing lambda_MMD to 0.210
2025-09-28 23:29:43 - Epoch 9/500 | LR=0.009994 | w_AVO=1.000 | w_P3=2.728 | lambda_MMD=0.210
2025-09-28 23:29:44 - Epoch Summary: TrainLoss=2.0053 | TrainAcc=0.626 | Val(P3)=0.529 | Val(AVO)=0.608
2025-09-28 23:29:44 - No P3-val improvement; patience remaining: 42/50
2025-09-28 23:29:44 - AVO val decreasing 3x. Reducing lambda_MMD to 0.210
2025-09-28 23:29:44 - Epoch 10/500 | LR=0.009992 | w_AVO=1.000 | w_P3=2.728 | lambda_MMD=0.210
2025-09-28 23:29:44 - Epoch Summary: TrainLoss=1.9215 | TrainAcc=0.657 | Val(P3)=0.588 | Val(AVO)=0.588
2025-09-28 23:29:44 - No P3-val improvement; patience remaining: 41/50
2025-09-28 23:29:44 - AVO val decreasing 3x. Reducing lambda_MMD to 0.210
2025-09-28 23:29:44 - Epoch 11/500 | LR=0.009990 | w_AVO=1.000 | w_P3=2.728 | lambda_MMD=0.210
2025-09-28 23:29:45 - Epoch Summary: TrainLoss=1.8806 | TrainAcc=0.652 | Val(P3)=0.559 | Val(AVO)=0.576
2025-09-28 23:29:45 - No P3-val improvement; patience remaining: 40/50
2025-09-28 23:29:45 - AVO val decreasing 3x. Reducing lambda_MMD to 0.210
2025-09-28 23:29:45 - Epoch 12/500 | LR=0.009988 | w_AVO=1.000 | w_P3=2.728 | lambda_MMD=0.210
2025-09-28 23:29:46 - Epoch Summary: TrainLoss=1.8555 | TrainAcc=0.643 | Val(P3)=0.529 | Val(AVO)=0.569
2025-09-28 23:29:46 - No P3-val improvement; patience remaining: 39/50
2025-09-28 23:29:46 - P3 val decreasing 3x. Reducing w_small to 2.183, lambda_MMD to 0.150
2025-09-28 23:29:46 - AVO val decreasing 3x. Reducing lambda_MMD to 0.105
2025-09-28 23:29:46 - Epoch 13/500 | LR=0.009986 | w_AVO=1.000 | w_P3=2.183 | lambda_MMD=0.105
2025-09-28 23:29:47 - Epoch Summary: TrainLoss=1.5741 | TrainAcc=0.638 | Val(P3)=0.500 | Val(AVO)=0.614
2025-09-28 23:29:47 - No P3-val improvement; patience remaining: 38/50
2025-09-28 23:29:47 - P3 val decreasing 3x. Reducing w_small to 2.183, lambda_MMD to 0.150
2025-09-28 23:29:47 - Epoch 14/500 | LR=0.009983 | w_AVO=1.000 | w_P3=2.183 | lambda_MMD=0.150
2025-09-28 23:29:47 - Epoch Summary: TrainLoss=1.5059 | TrainAcc=0.655 | Val(P3)=0.559 | Val(AVO)=0.617
2025-09-28 23:29:47 - No P3-val improvement; patience remaining: 37/50
2025-09-28 23:29:47 - Epoch 15/500 | LR=0.009981 | w_AVO=1.000 | w_P3=2.728 | lambda_MMD=0.300
2025-09-28 23:29:48 - Epoch Summary: TrainLoss=1.7387 | TrainAcc=0.662 | Val(P3)=0.588 | Val(AVO)=0.624
2025-09-28 23:29:48 - No P3-val improvement; patience remaining: 36/50
2025-09-28 23:29:48 - Epoch 16/500 | LR=0.009978 | w_AVO=1.000 | w_P3=2.728 | lambda_MMD=0.300
2025-09-28 23:29:50 - Epoch Summary: TrainLoss=1.7733 | TrainAcc=0.652 | Val(P3)=0.559 | Val(AVO)=0.666
2025-09-28 23:29:50 - No P3-val improvement; patience remaining: 35/50
2025-09-28 23:29:50 - Epoch 17/500 | LR=0.009975 | w_AVO=1.000 | w_P3=2.728 | lambda_MMD=0.300
2025-09-28 23:29:51 - Epoch Summary: TrainLoss=1.6690 | TrainAcc=0.653 | Val(P3)=0.471 | Val(AVO)=0.640
2025-09-28 23:29:51 - No P3-val improvement; patience remaining: 34/50
2025-09-28 23:29:51 - P3 val decreasing 3x. Reducing w_small to 2.183, lambda_MMD to 0.150
2025-09-28 23:29:51 - Epoch 18/500 | LR=0.009972 | w_AVO=1.000 | w_P3=2.183 | lambda_MMD=0.150
2025-09-28 23:29:53 - Epoch Summary: TrainLoss=1.3741 | TrainAcc=0.662 | Val(P3)=0.618 | Val(AVO)=0.595
2025-09-28 23:29:53 - No P3-val improvement; patience remaining: 33/50
2025-09-28 23:29:53 - AVO val decreasing 3x. Reducing lambda_MMD to 0.210
2025-09-28 23:29:53 - Epoch 19/500 | LR=0.009968 | w_AVO=1.000 | w_P3=2.728 | lambda_MMD=0.210
2025-09-28 23:29:54 - Epoch Summary: TrainLoss=1.5274 | TrainAcc=0.678 | Val(P3)=0.529 | Val(AVO)=0.576
2025-09-28 23:29:54 - No P3-val improvement; patience remaining: 32/50
2025-09-28 23:29:54 - AVO val decreasing 3x. Reducing lambda_MMD to 0.210
2025-09-28 23:29:54 - Epoch 20/500 | LR=0.009964 | w_AVO=1.000 | w_P3=2.728 | lambda_MMD=0.210
2025-09-28 23:29:55 - Epoch Summary: TrainLoss=1.5114 | TrainAcc=0.668 | Val(P3)=0.559 | Val(AVO)=0.592
2025-09-28 23:29:55 - No P3-val improvement; patience remaining: 31/50
2025-09-28 23:29:55 - Epoch 21/500 | LR=0.009961 | w_AVO=1.000 | w_P3=2.728 | lambda_MMD=0.300
2025-09-28 23:29:56 - Epoch Summary: TrainLoss=1.4816 | TrainAcc=0.672 | Val(P3)=0.588 | Val(AVO)=0.572
2025-09-28 23:29:56 - No P3-val improvement; patience remaining: 30/50
2025-09-28 23:29:56 - Epoch 22/500 | LR=0.009957 | w_AVO=1.000 | w_P3=2.728 | lambda_MMD=0.300
2025-09-28 23:29:57 - Epoch Summary: TrainLoss=1.4696 | TrainAcc=0.658 | Val(P3)=0.559 | Val(AVO)=0.637
2025-09-28 23:29:57 - No P3-val improvement; patience remaining: 29/50
2025-09-28 23:29:57 - Epoch 23/500 | LR=0.009952 | w_AVO=1.000 | w_P3=2.728 | lambda_MMD=0.300
2025-09-28 23:29:58 - Epoch Summary: TrainLoss=1.4536 | TrainAcc=0.678 | Val(P3)=0.500 | Val(AVO)=0.662
2025-09-28 23:29:58 - No P3-val improvement; patience remaining: 28/50
2025-09-28 23:29:58 - P3 val decreasing 3x. Reducing w_small to 2.183, lambda_MMD to 0.150
2025-09-28 23:29:58 - Epoch 24/500 | LR=0.009948 | w_AVO=1.000 | w_P3=2.183 | lambda_MMD=0.150
2025-09-28 23:29:58 - Epoch Summary: TrainLoss=1.2793 | TrainAcc=0.668 | Val(P3)=0.588 | Val(AVO)=0.633
2025-09-28 23:29:58 - No P3-val improvement; patience remaining: 27/50
2025-09-28 23:29:58 - Epoch 25/500 | LR=0.009943 | w_AVO=1.000 | w_P3=2.728 | lambda_MMD=0.300
2025-09-28 23:30:00 - Epoch Summary: TrainLoss=1.3544 | TrainAcc=0.667 | Val(P3)=0.588 | Val(AVO)=0.582
2025-09-28 23:30:00 - No P3-val improvement; patience remaining: 26/50
2025-09-28 23:30:00 - AVO val decreasing 3x. Reducing lambda_MMD to 0.210
2025-09-28 23:30:00 - Epoch 26/500 | LR=0.009938 | w_AVO=1.000 | w_P3=2.728 | lambda_MMD=0.210
2025-09-28 23:30:01 - Epoch Summary: TrainLoss=1.3205 | TrainAcc=0.683 | Val(P3)=0.588 | Val(AVO)=0.585
2025-09-28 23:30:01 - No P3-val improvement; patience remaining: 25/50
2025-09-28 23:30:01 - Epoch 27/500 | LR=0.009933 | w_AVO=1.000 | w_P3=2.728 | lambda_MMD=0.300
2025-09-28 23:30:02 - Epoch Summary: TrainLoss=1.3001 | TrainAcc=0.680 | Val(P3)=0.500 | Val(AVO)=0.588
2025-09-28 23:30:02 - No P3-val improvement; patience remaining: 24/50
2025-09-28 23:30:02 - Epoch 28/500 | LR=0.009928 | w_AVO=1.000 | w_P3=2.728 | lambda_MMD=0.300
2025-09-28 23:30:03 - Epoch Summary: TrainLoss=1.2954 | TrainAcc=0.674 | Val(P3)=0.471 | Val(AVO)=0.637
2025-09-28 23:30:03 - No P3-val improvement; patience remaining: 23/50
2025-09-28 23:30:03 - P3 val decreasing 3x. Reducing w_small to 2.183, lambda_MMD to 0.150
2025-09-28 23:30:03 - Epoch 29/500 | LR=0.009923 | w_AVO=1.000 | w_P3=2.183 | lambda_MMD=0.150
2025-09-28 23:30:03 - Epoch Summary: TrainLoss=1.0976 | TrainAcc=0.686 | Val(P3)=0.500 | Val(AVO)=0.640
2025-09-28 23:30:03 - No P3-val improvement; patience remaining: 22/50
2025-09-28 23:30:03 - Epoch 30/500 | LR=0.009917 | w_AVO=1.000 | w_P3=2.728 | lambda_MMD=0.300
2025-09-28 23:30:05 - Epoch Summary: TrainLoss=1.2228 | TrainAcc=0.682 | Val(P3)=0.559 | Val(AVO)=0.582
2025-09-28 23:30:05 - No P3-val improvement; patience remaining: 21/50
2025-09-28 23:30:05 - Epoch 31/500 | LR=0.009911 | w_AVO=1.000 | w_P3=2.728 | lambda_MMD=0.300
2025-09-28 23:30:05 - Epoch Summary: TrainLoss=1.1860 | TrainAcc=0.674 | Val(P3)=0.588 | Val(AVO)=0.617
2025-09-28 23:30:05 - No P3-val improvement; patience remaining: 20/50
2025-09-28 23:30:05 - Epoch 32/500 | LR=0.009905 | w_AVO=1.000 | w_P3=2.728 | lambda_MMD=0.300
2025-09-28 23:30:06 - Epoch Summary: TrainLoss=1.1840 | TrainAcc=0.684 | Val(P3)=0.559 | Val(AVO)=0.601
2025-09-28 23:30:06 - No P3-val improvement; patience remaining: 19/50
2025-09-28 23:30:06 - Epoch 33/500 | LR=0.009899 | w_AVO=1.000 | w_P3=2.728 | lambda_MMD=0.300
2025-09-28 23:30:07 - Epoch Summary: TrainLoss=1.1406 | TrainAcc=0.689 | Val(P3)=0.559 | Val(AVO)=0.608
2025-09-28 23:30:07 - No P3-val improvement; patience remaining: 18/50
2025-09-28 23:30:07 - Epoch 34/500 | LR=0.009893 | w_AVO=1.000 | w_P3=2.728 | lambda_MMD=0.300
2025-09-28 23:30:08 - Epoch Summary: TrainLoss=1.1653 | TrainAcc=0.682 | Val(P3)=0.559 | Val(AVO)=0.566
2025-09-28 23:30:08 - No P3-val improvement; patience remaining: 17/50
2025-09-28 23:30:08 - Epoch 35/500 | LR=0.009886 | w_AVO=1.000 | w_P3=2.728 | lambda_MMD=0.300
2025-09-28 23:30:09 - Epoch Summary: TrainLoss=1.0960 | TrainAcc=0.690 | Val(P3)=0.529 | Val(AVO)=0.621
2025-09-28 23:30:09 - No P3-val improvement; patience remaining: 16/50
2025-09-28 23:30:09 - Epoch 36/500 | LR=0.009880 | w_AVO=1.000 | w_P3=2.728 | lambda_MMD=0.300
2025-09-28 23:30:10 - Epoch Summary: TrainLoss=1.0560 | TrainAcc=0.697 | Val(P3)=0.529 | Val(AVO)=0.537
2025-09-28 23:30:10 - No P3-val improvement; patience remaining: 15/50
2025-09-28 23:30:10 - Epoch 37/500 | LR=0.009873 | w_AVO=1.000 | w_P3=2.728 | lambda_MMD=0.300
2025-09-28 23:30:11 - Epoch Summary: TrainLoss=1.0577 | TrainAcc=0.696 | Val(P3)=0.588 | Val(AVO)=0.543
2025-09-28 23:30:11 - No P3-val improvement; patience remaining: 14/50
2025-09-28 23:30:11 - Epoch 38/500 | LR=0.009865 | w_AVO=1.000 | w_P3=2.728 | lambda_MMD=0.300
2025-09-28 23:30:12 - Epoch Summary: TrainLoss=1.0616 | TrainAcc=0.694 | Val(P3)=0.559 | Val(AVO)=0.605
2025-09-28 23:30:12 - No P3-val improvement; patience remaining: 13/50
2025-09-28 23:30:12 - Epoch 39/500 | LR=0.009858 | w_AVO=1.000 | w_P3=2.728 | lambda_MMD=0.300
2025-09-28 23:30:13 - Epoch Summary: TrainLoss=1.0063 | TrainAcc=0.699 | Val(P3)=0.529 | Val(AVO)=0.611
2025-09-28 23:30:13 - No P3-val improvement; patience remaining: 12/50
2025-09-28 23:30:13 - P3 val decreasing 3x. Reducing w_small to 2.183, lambda_MMD to 0.150
2025-09-28 23:30:13 - Epoch 40/500 | LR=0.009851 | w_AVO=1.000 | w_P3=2.183 | lambda_MMD=0.150
2025-09-28 23:30:13 - Epoch Summary: TrainLoss=0.9362 | TrainAcc=0.691 | Val(P3)=0.441 | Val(AVO)=0.659
2025-09-28 23:30:13 - No P3-val improvement; patience remaining: 11/50
2025-09-28 23:30:13 - P3 val decreasing 3x. Reducing w_small to 2.183, lambda_MMD to 0.150
2025-09-28 23:30:13 - Epoch 41/500 | LR=0.009843 | w_AVO=1.000 | w_P3=2.183 | lambda_MMD=0.150
2025-09-28 23:30:15 - Epoch Summary: TrainLoss=0.8933 | TrainAcc=0.713 | Val(P3)=0.529 | Val(AVO)=0.550
2025-09-28 23:30:15 - No P3-val improvement; patience remaining: 10/50
2025-09-28 23:30:15 - Epoch 42/500 | LR=0.009835 | w_AVO=1.000 | w_P3=2.728 | lambda_MMD=0.300
2025-09-28 23:30:17 - Epoch Summary: TrainLoss=0.9394 | TrainAcc=0.719 | Val(P3)=0.588 | Val(AVO)=0.559
2025-09-28 23:30:17 - No P3-val improvement; patience remaining: 9/50
2025-09-28 23:30:17 - Epoch 43/500 | LR=0.009827 | w_AVO=1.000 | w_P3=2.728 | lambda_MMD=0.300
2025-09-28 23:30:17 - Epoch Summary: TrainLoss=0.9774 | TrainAcc=0.705 | Val(P3)=0.529 | Val(AVO)=0.579
2025-09-28 23:30:17 - No P3-val improvement; patience remaining: 8/50
2025-09-28 23:30:17 - Epoch 44/500 | LR=0.009819 | w_AVO=1.000 | w_P3=2.728 | lambda_MMD=0.300
2025-09-28 23:30:17 - Epoch Summary: TrainLoss=0.9115 | TrainAcc=0.712 | Val(P3)=0.529 | Val(AVO)=0.559
2025-09-28 23:30:17 - No P3-val improvement; patience remaining: 7/50
2025-09-28 23:30:17 - Epoch 45/500 | LR=0.009810 | w_AVO=1.000 | w_P3=2.728 | lambda_MMD=0.300
2025-09-28 23:30:18 - Epoch Summary: TrainLoss=0.8847 | TrainAcc=0.715 | Val(P3)=0.500 | Val(AVO)=0.601
2025-09-28 23:30:18 - No P3-val improvement; patience remaining: 6/50
2025-09-28 23:30:18 - Epoch 46/500 | LR=0.009801 | w_AVO=1.000 | w_P3=2.728 | lambda_MMD=0.300
2025-09-28 23:30:20 - Epoch Summary: TrainLoss=0.9532 | TrainAcc=0.707 | Val(P3)=0.618 | Val(AVO)=0.537
2025-09-28 23:30:20 - No P3-val improvement; patience remaining: 5/50
2025-09-28 23:30:20 - Epoch 47/500 | LR=0.009793 | w_AVO=1.000 | w_P3=2.728 | lambda_MMD=0.300
2025-09-28 23:30:20 - Epoch Summary: TrainLoss=0.8975 | TrainAcc=0.698 | Val(P3)=0.529 | Val(AVO)=0.601
2025-09-28 23:30:20 - No P3-val improvement; patience remaining: 4/50
2025-09-28 23:30:20 - Epoch 48/500 | LR=0.009784 | w_AVO=1.000 | w_P3=2.728 | lambda_MMD=0.300
2025-09-28 23:30:21 - Epoch Summary: TrainLoss=0.8808 | TrainAcc=0.719 | Val(P3)=0.500 | Val(AVO)=0.579
2025-09-28 23:30:21 - No P3-val improvement; patience remaining: 3/50
2025-09-28 23:30:21 - P3 val decreasing 3x. Reducing w_small to 2.183, lambda_MMD to 0.150
2025-09-28 23:30:21 - Epoch 49/500 | LR=0.009774 | w_AVO=1.000 | w_P3=2.183 | lambda_MMD=0.150
2025-09-28 23:30:22 - Epoch Summary: TrainLoss=0.7919 | TrainAcc=0.722 | Val(P3)=0.529 | Val(AVO)=0.611
2025-09-28 23:30:22 - No P3-val improvement; patience remaining: 2/50
2025-09-28 23:30:22 - Epoch 50/500 | LR=0.009765 | w_AVO=1.000 | w_P3=2.728 | lambda_MMD=0.300
2025-09-28 23:30:22 - Epoch Summary: TrainLoss=0.9268 | TrainAcc=0.704 | Val(P3)=0.588 | Val(AVO)=0.527
2025-09-28 23:30:22 - No P3-val improvement; patience remaining: 1/50
2025-09-28 23:30:22 - Epoch 51/500 | LR=0.009755 | w_AVO=1.000 | w_P3=2.728 | lambda_MMD=0.300
2025-09-28 23:30:23 - Epoch Summary: TrainLoss=0.8595 | TrainAcc=0.714 | Val(P3)=0.559 | Val(AVO)=0.563
2025-09-28 23:30:23 - No P3-val improvement; patience remaining: 0/50
2025-09-28 23:30:23 - Early stopping triggered (P3-val)
2025-09-28 23:30:23 -     P3 Test | Acc=0.6125 P=0.6562 R=0.5122 F1=0.5753 AUC=0.7079 (n=80)
2025-09-28 23:30:23 -     AVO Test | Acc=0.5639 P=0.5360 R=0.9309 F1=0.6803 AUC=0.6860 (n=610)
2025-09-28 23:30:23 -     Overall Test Acc=0.5696
2025-09-28 23:30:23 - Repeat 2/5
2025-09-28 23:30:23 -   Fold 1/5
2025-09-28 23:30:23 - Fold domains: small=P3 (n=293), large=AVO (n=2122)
2025-09-28 23:30:23 - Auto adjustments (symmetric): w_small≈1.000, lambda_MMD_target=0.300, warmup_epochs=5
2025-09-28 23:30:23 - Epoch 1/500 | LR=0.010000 | w_AVO=1.000 | w_P3=1.338 | lambda_MMD=0.060
2025-09-28 23:30:24 - Epoch Summary: TrainLoss=1.5583 | TrainAcc=0.573 | Val(P3)=0.657 | Val(AVO)=0.571
2025-09-28 23:30:24 - New best P3-val; checkpoint updated
2025-09-28 23:30:24 - Epoch 2/500 | LR=0.010000 | w_AVO=1.000 | w_P3=1.676 | lambda_MMD=0.120
2025-09-28 23:30:25 - Epoch Summary: TrainLoss=1.6860 | TrainAcc=0.597 | Val(P3)=0.686 | Val(AVO)=0.616
2025-09-28 23:30:25 - New best P3-val; checkpoint updated
2025-09-28 23:30:25 - Epoch 3/500 | LR=0.010000 | w_AVO=1.000 | w_P3=2.015 | lambda_MMD=0.180
2025-09-28 23:30:27 - Epoch Summary: TrainLoss=1.8542 | TrainAcc=0.607 | Val(P3)=0.771 | Val(AVO)=0.597
2025-09-28 23:30:27 - New best P3-val; checkpoint updated
2025-09-28 23:30:27 - Epoch 4/500 | LR=0.009999 | w_AVO=1.000 | w_P3=2.353 | lambda_MMD=0.240
2025-09-28 23:30:27 - Epoch Summary: TrainLoss=1.9888 | TrainAcc=0.615 | Val(P3)=0.657 | Val(AVO)=0.613
2025-09-28 23:30:27 - No P3-val improvement; patience remaining: 49/50
2025-09-28 23:30:27 - Epoch 5/500 | LR=0.009998 | w_AVO=1.000 | w_P3=2.691 | lambda_MMD=0.300
2025-09-28 23:30:29 - Epoch Summary: TrainLoss=2.1449 | TrainAcc=0.621 | Val(P3)=0.686 | Val(AVO)=0.568
2025-09-28 23:30:29 - No P3-val improvement; patience remaining: 48/50
2025-09-28 23:30:29 - Epoch 6/500 | LR=0.009998 | w_AVO=1.000 | w_P3=2.691 | lambda_MMD=0.300
2025-09-28 23:30:29 - Epoch Summary: TrainLoss=2.0598 | TrainAcc=0.627 | Val(P3)=0.629 | Val(AVO)=0.626
2025-09-28 23:30:29 - No P3-val improvement; patience remaining: 47/50
2025-09-28 23:30:29 - Epoch 7/500 | LR=0.009996 | w_AVO=1.000 | w_P3=2.691 | lambda_MMD=0.300
2025-09-28 23:30:30 - Epoch Summary: TrainLoss=1.9790 | TrainAcc=0.642 | Val(P3)=0.743 | Val(AVO)=0.597
2025-09-28 23:30:30 - No P3-val improvement; patience remaining: 46/50
2025-09-28 23:30:30 - Epoch 8/500 | LR=0.009995 | w_AVO=1.000 | w_P3=2.691 | lambda_MMD=0.300
2025-09-28 23:30:32 - Epoch Summary: TrainLoss=1.9184 | TrainAcc=0.652 | Val(P3)=0.657 | Val(AVO)=0.603
2025-09-28 23:30:32 - No P3-val improvement; patience remaining: 45/50
2025-09-28 23:30:32 - Epoch 9/500 | LR=0.009994 | w_AVO=1.000 | w_P3=2.691 | lambda_MMD=0.300
2025-09-28 23:30:32 - Epoch Summary: TrainLoss=1.8455 | TrainAcc=0.650 | Val(P3)=0.686 | Val(AVO)=0.616
2025-09-28 23:30:32 - No P3-val improvement; patience remaining: 44/50
2025-09-28 23:30:32 - Epoch 10/500 | LR=0.009992 | w_AVO=1.000 | w_P3=2.691 | lambda_MMD=0.300
2025-09-28 23:30:33 - Epoch Summary: TrainLoss=1.8054 | TrainAcc=0.656 | Val(P3)=0.771 | Val(AVO)=0.606
2025-09-28 23:30:33 - No P3-val improvement; patience remaining: 43/50
2025-09-28 23:30:33 - Epoch 11/500 | LR=0.009990 | w_AVO=1.000 | w_P3=2.691 | lambda_MMD=0.300
2025-09-28 23:30:36 - Epoch Summary: TrainLoss=1.7612 | TrainAcc=0.662 | Val(P3)=0.743 | Val(AVO)=0.574
2025-09-28 23:30:36 - No P3-val improvement; patience remaining: 42/50
2025-09-28 23:30:36 - AVO val decreasing 3x. Reducing lambda_MMD to 0.210
2025-09-28 23:30:36 - Epoch 12/500 | LR=0.009988 | w_AVO=1.000 | w_P3=2.691 | lambda_MMD=0.210
2025-09-28 23:30:37 - Epoch Summary: TrainLoss=1.6775 | TrainAcc=0.654 | Val(P3)=0.686 | Val(AVO)=0.587
2025-09-28 23:30:37 - No P3-val improvement; patience remaining: 41/50
2025-09-28 23:30:37 - P3 val decreasing 3x. Reducing w_small to 2.153, lambda_MMD to 0.150
2025-09-28 23:30:37 - Epoch 13/500 | LR=0.009986 | w_AVO=1.000 | w_P3=2.153 | lambda_MMD=0.150
2025-09-28 23:30:38 - Epoch Summary: TrainLoss=1.4188 | TrainAcc=0.657 | Val(P3)=0.657 | Val(AVO)=0.639
2025-09-28 23:30:38 - No P3-val improvement; patience remaining: 40/50
2025-09-28 23:30:38 - P3 val decreasing 3x. Reducing w_small to 2.153, lambda_MMD to 0.150
2025-09-28 23:30:38 - Epoch 14/500 | LR=0.009983 | w_AVO=1.000 | w_P3=2.153 | lambda_MMD=0.150
2025-09-28 23:30:39 - Epoch Summary: TrainLoss=1.4099 | TrainAcc=0.672 | Val(P3)=0.657 | Val(AVO)=0.597
2025-09-28 23:30:39 - No P3-val improvement; patience remaining: 39/50
2025-09-28 23:30:39 - Epoch 15/500 | LR=0.009981 | w_AVO=1.000 | w_P3=2.691 | lambda_MMD=0.300
2025-09-28 23:30:40 - Epoch Summary: TrainLoss=1.5696 | TrainAcc=0.671 | Val(P3)=0.600 | Val(AVO)=0.616
2025-09-28 23:30:40 - No P3-val improvement; patience remaining: 38/50
2025-09-28 23:30:40 - Epoch 16/500 | LR=0.009978 | w_AVO=1.000 | w_P3=2.691 | lambda_MMD=0.300
2025-09-28 23:30:41 - Epoch Summary: TrainLoss=1.5297 | TrainAcc=0.657 | Val(P3)=0.714 | Val(AVO)=0.571
2025-09-28 23:30:41 - No P3-val improvement; patience remaining: 37/50
2025-09-28 23:30:41 - Epoch 17/500 | LR=0.009975 | w_AVO=1.000 | w_P3=2.691 | lambda_MMD=0.300
2025-09-28 23:30:41 - Epoch Summary: TrainLoss=1.4946 | TrainAcc=0.655 | Val(P3)=0.657 | Val(AVO)=0.613
2025-09-28 23:30:41 - No P3-val improvement; patience remaining: 36/50
2025-09-28 23:30:41 - Epoch 18/500 | LR=0.009972 | w_AVO=1.000 | w_P3=2.691 | lambda_MMD=0.300
2025-09-28 23:30:43 - Epoch Summary: TrainLoss=1.5118 | TrainAcc=0.664 | Val(P3)=0.686 | Val(AVO)=0.613
2025-09-28 23:30:43 - No P3-val improvement; patience remaining: 35/50
2025-09-28 23:30:43 - Epoch 19/500 | LR=0.009968 | w_AVO=1.000 | w_P3=2.691 | lambda_MMD=0.300
2025-09-28 23:30:44 - Epoch Summary: TrainLoss=1.3913 | TrainAcc=0.662 | Val(P3)=0.686 | Val(AVO)=0.619
2025-09-28 23:30:44 - No P3-val improvement; patience remaining: 34/50
2025-09-28 23:30:44 - Epoch 20/500 | LR=0.009964 | w_AVO=1.000 | w_P3=2.691 | lambda_MMD=0.300
2025-09-28 23:30:47 - Epoch Summary: TrainLoss=1.3585 | TrainAcc=0.672 | Val(P3)=0.657 | Val(AVO)=0.587
2025-09-28 23:30:47 - No P3-val improvement; patience remaining: 33/50
2025-09-28 23:30:47 - Epoch 21/500 | LR=0.009961 | w_AVO=1.000 | w_P3=2.691 | lambda_MMD=0.300
2025-09-28 23:30:49 - Epoch Summary: TrainLoss=1.3460 | TrainAcc=0.666 | Val(P3)=0.629 | Val(AVO)=0.548
2025-09-28 23:30:49 - No P3-val improvement; patience remaining: 32/50
2025-09-28 23:30:49 - P3 val decreasing 3x. Reducing w_small to 2.153, lambda_MMD to 0.150
2025-09-28 23:30:49 - AVO val decreasing 3x. Reducing lambda_MMD to 0.105
2025-09-28 23:30:49 - Epoch 22/500 | LR=0.009957 | w_AVO=1.000 | w_P3=2.153 | lambda_MMD=0.105
2025-09-28 23:30:50 - Epoch Summary: TrainLoss=1.1269 | TrainAcc=0.684 | Val(P3)=0.714 | Val(AVO)=0.600
2025-09-28 23:30:50 - No P3-val improvement; patience remaining: 31/50
2025-09-28 23:30:50 - Epoch 23/500 | LR=0.009952 | w_AVO=1.000 | w_P3=2.691 | lambda_MMD=0.300
2025-09-28 23:30:50 - Epoch Summary: TrainLoss=1.2316 | TrainAcc=0.682 | Val(P3)=0.714 | Val(AVO)=0.652
2025-09-28 23:30:50 - No P3-val improvement; patience remaining: 30/50
2025-09-28 23:30:50 - Epoch 24/500 | LR=0.009948 | w_AVO=1.000 | w_P3=2.691 | lambda_MMD=0.300
2025-09-28 23:30:51 - Epoch Summary: TrainLoss=1.2199 | TrainAcc=0.689 | Val(P3)=0.686 | Val(AVO)=0.635
2025-09-28 23:30:51 - No P3-val improvement; patience remaining: 29/50
2025-09-28 23:30:51 - Epoch 25/500 | LR=0.009943 | w_AVO=1.000 | w_P3=2.691 | lambda_MMD=0.300
2025-09-28 23:30:51 - Epoch Summary: TrainLoss=1.1817 | TrainAcc=0.686 | Val(P3)=0.600 | Val(AVO)=0.594
2025-09-28 23:30:51 - No P3-val improvement; patience remaining: 28/50
2025-09-28 23:30:51 - P3 val decreasing 3x. Reducing w_small to 2.153, lambda_MMD to 0.150
2025-09-28 23:30:51 - AVO val decreasing 3x. Reducing lambda_MMD to 0.105
2025-09-28 23:30:51 - Epoch 26/500 | LR=0.009938 | w_AVO=1.000 | w_P3=2.153 | lambda_MMD=0.105
2025-09-28 23:30:52 - Epoch Summary: TrainLoss=1.0432 | TrainAcc=0.692 | Val(P3)=0.743 | Val(AVO)=0.632
2025-09-28 23:30:52 - No P3-val improvement; patience remaining: 27/50
2025-09-28 23:30:52 - Epoch 27/500 | LR=0.009933 | w_AVO=1.000 | w_P3=2.691 | lambda_MMD=0.300
2025-09-28 23:30:53 - Epoch Summary: TrainLoss=1.1973 | TrainAcc=0.694 | Val(P3)=0.714 | Val(AVO)=0.603
2025-09-28 23:30:53 - No P3-val improvement; patience remaining: 26/50
2025-09-28 23:30:53 - Epoch 28/500 | LR=0.009928 | w_AVO=1.000 | w_P3=2.691 | lambda_MMD=0.300
2025-09-28 23:30:54 - Epoch Summary: TrainLoss=1.1202 | TrainAcc=0.689 | Val(P3)=0.743 | Val(AVO)=0.577
2025-09-28 23:30:54 - No P3-val improvement; patience remaining: 25/50
2025-09-28 23:30:54 - AVO val decreasing 3x. Reducing lambda_MMD to 0.210
2025-09-28 23:30:54 - Epoch 29/500 | LR=0.009923 | w_AVO=1.000 | w_P3=2.691 | lambda_MMD=0.210
2025-09-28 23:30:55 - Epoch Summary: TrainLoss=1.0988 | TrainAcc=0.686 | Val(P3)=0.686 | Val(AVO)=0.590
2025-09-28 23:30:55 - No P3-val improvement; patience remaining: 24/50
2025-09-28 23:30:55 - Epoch 30/500 | LR=0.009917 | w_AVO=1.000 | w_P3=2.691 | lambda_MMD=0.300
2025-09-28 23:30:56 - Epoch Summary: TrainLoss=1.0728 | TrainAcc=0.692 | Val(P3)=0.629 | Val(AVO)=0.565
2025-09-28 23:30:56 - No P3-val improvement; patience remaining: 23/50
2025-09-28 23:30:56 - P3 val decreasing 3x. Reducing w_small to 2.153, lambda_MMD to 0.150
2025-09-28 23:30:56 - Epoch 31/500 | LR=0.009911 | w_AVO=1.000 | w_P3=2.153 | lambda_MMD=0.150
2025-09-28 23:30:56 - Epoch Summary: TrainLoss=0.9195 | TrainAcc=0.701 | Val(P3)=0.714 | Val(AVO)=0.613
2025-09-28 23:30:56 - No P3-val improvement; patience remaining: 22/50
2025-09-28 23:30:56 - Epoch 32/500 | LR=0.009905 | w_AVO=1.000 | w_P3=2.691 | lambda_MMD=0.300
2025-09-28 23:30:57 - Epoch Summary: TrainLoss=1.0069 | TrainAcc=0.717 | Val(P3)=0.657 | Val(AVO)=0.619
2025-09-28 23:30:57 - No P3-val improvement; patience remaining: 21/50
2025-09-28 23:30:57 - Epoch 33/500 | LR=0.009899 | w_AVO=1.000 | w_P3=2.691 | lambda_MMD=0.300
2025-09-28 23:30:59 - Epoch Summary: TrainLoss=1.0411 | TrainAcc=0.697 | Val(P3)=0.657 | Val(AVO)=0.577
2025-09-28 23:30:59 - No P3-val improvement; patience remaining: 20/50
2025-09-28 23:30:59 - Epoch 34/500 | LR=0.009893 | w_AVO=1.000 | w_P3=2.691 | lambda_MMD=0.300
2025-09-28 23:31:00 - Epoch Summary: TrainLoss=1.0721 | TrainAcc=0.677 | Val(P3)=0.743 | Val(AVO)=0.632
2025-09-28 23:31:00 - No P3-val improvement; patience remaining: 19/50
2025-09-28 23:31:00 - Epoch 35/500 | LR=0.009886 | w_AVO=1.000 | w_P3=2.691 | lambda_MMD=0.300
2025-09-28 23:31:02 - Epoch Summary: TrainLoss=0.9958 | TrainAcc=0.693 | Val(P3)=0.657 | Val(AVO)=0.616
2025-09-28 23:31:02 - No P3-val improvement; patience remaining: 18/50
2025-09-28 23:31:02 - Epoch 36/500 | LR=0.009880 | w_AVO=1.000 | w_P3=2.691 | lambda_MMD=0.300
2025-09-28 23:31:02 - Epoch Summary: TrainLoss=0.9763 | TrainAcc=0.704 | Val(P3)=0.629 | Val(AVO)=0.565
2025-09-28 23:31:02 - No P3-val improvement; patience remaining: 17/50
2025-09-28 23:31:02 - P3 val decreasing 3x. Reducing w_small to 2.153, lambda_MMD to 0.150
2025-09-28 23:31:02 - AVO val decreasing 3x. Reducing lambda_MMD to 0.105
2025-09-28 23:31:02 - Epoch 37/500 | LR=0.009873 | w_AVO=1.000 | w_P3=2.153 | lambda_MMD=0.105
2025-09-28 23:31:03 - Epoch Summary: TrainLoss=0.8487 | TrainAcc=0.714 | Val(P3)=0.743 | Val(AVO)=0.648
2025-09-28 23:31:03 - No P3-val improvement; patience remaining: 16/50
2025-09-28 23:31:03 - Epoch 38/500 | LR=0.009865 | w_AVO=1.000 | w_P3=2.691 | lambda_MMD=0.300
2025-09-28 23:31:04 - Epoch Summary: TrainLoss=0.9183 | TrainAcc=0.706 | Val(P3)=0.714 | Val(AVO)=0.587
2025-09-28 23:31:04 - No P3-val improvement; patience remaining: 15/50
2025-09-28 23:31:04 - Epoch 39/500 | LR=0.009858 | w_AVO=1.000 | w_P3=2.691 | lambda_MMD=0.300
2025-09-28 23:31:06 - Epoch Summary: TrainLoss=0.8979 | TrainAcc=0.717 | Val(P3)=0.686 | Val(AVO)=0.600
2025-09-28 23:31:06 - No P3-val improvement; patience remaining: 14/50
2025-09-28 23:31:06 - P3 val decreasing 3x. Reducing w_small to 2.153, lambda_MMD to 0.150
2025-09-28 23:31:06 - Epoch 40/500 | LR=0.009851 | w_AVO=1.000 | w_P3=2.153 | lambda_MMD=0.150
2025-09-28 23:31:06 - Epoch Summary: TrainLoss=0.8399 | TrainAcc=0.716 | Val(P3)=0.743 | Val(AVO)=0.635
2025-09-28 23:31:06 - No P3-val improvement; patience remaining: 13/50
2025-09-28 23:31:06 - Epoch 41/500 | LR=0.009843 | w_AVO=1.000 | w_P3=2.691 | lambda_MMD=0.300
2025-09-28 23:31:07 - Epoch Summary: TrainLoss=0.8725 | TrainAcc=0.729 | Val(P3)=0.686 | Val(AVO)=0.632
2025-09-28 23:31:07 - No P3-val improvement; patience remaining: 12/50
2025-09-28 23:31:07 - Epoch 42/500 | LR=0.009835 | w_AVO=1.000 | w_P3=2.691 | lambda_MMD=0.300
2025-09-28 23:31:08 - Epoch Summary: TrainLoss=0.8953 | TrainAcc=0.716 | Val(P3)=0.743 | Val(AVO)=0.594
2025-09-28 23:31:08 - No P3-val improvement; patience remaining: 11/50
2025-09-28 23:31:08 - AVO val decreasing 3x. Reducing lambda_MMD to 0.210
2025-09-28 23:31:08 - Epoch 43/500 | LR=0.009827 | w_AVO=1.000 | w_P3=2.691 | lambda_MMD=0.210
2025-09-28 23:31:09 - Epoch Summary: TrainLoss=0.8923 | TrainAcc=0.722 | Val(P3)=0.743 | Val(AVO)=0.594
2025-09-28 23:31:09 - No P3-val improvement; patience remaining: 10/50
2025-09-28 23:31:09 - Epoch 44/500 | LR=0.009819 | w_AVO=1.000 | w_P3=2.691 | lambda_MMD=0.300
2025-09-28 23:31:09 - Epoch Summary: TrainLoss=0.8666 | TrainAcc=0.721 | Val(P3)=0.714 | Val(AVO)=0.648
2025-09-28 23:31:09 - No P3-val improvement; patience remaining: 9/50
2025-09-28 23:31:09 - Epoch 45/500 | LR=0.009810 | w_AVO=1.000 | w_P3=2.691 | lambda_MMD=0.300
2025-09-28 23:31:10 - Epoch Summary: TrainLoss=0.8304 | TrainAcc=0.726 | Val(P3)=0.657 | Val(AVO)=0.648
2025-09-28 23:31:10 - No P3-val improvement; patience remaining: 8/50
2025-09-28 23:31:10 - P3 val decreasing 3x. Reducing w_small to 2.153, lambda_MMD to 0.150
2025-09-28 23:31:10 - Epoch 46/500 | LR=0.009801 | w_AVO=1.000 | w_P3=2.153 | lambda_MMD=0.150
2025-09-28 23:31:12 - Epoch Summary: TrainLoss=0.7591 | TrainAcc=0.724 | Val(P3)=0.743 | Val(AVO)=0.606
2025-09-28 23:31:12 - No P3-val improvement; patience remaining: 7/50
2025-09-28 23:31:12 - Epoch 47/500 | LR=0.009793 | w_AVO=1.000 | w_P3=2.691 | lambda_MMD=0.300
2025-09-28 23:31:12 - Epoch Summary: TrainLoss=0.8596 | TrainAcc=0.716 | Val(P3)=0.629 | Val(AVO)=0.548
2025-09-28 23:31:12 - No P3-val improvement; patience remaining: 6/50
2025-09-28 23:31:12 - AVO val decreasing 3x. Reducing lambda_MMD to 0.210
2025-09-28 23:31:12 - Epoch 48/500 | LR=0.009784 | w_AVO=1.000 | w_P3=2.691 | lambda_MMD=0.210
2025-09-28 23:31:13 - Epoch Summary: TrainLoss=0.8717 | TrainAcc=0.715 | Val(P3)=0.657 | Val(AVO)=0.623
2025-09-28 23:31:13 - No P3-val improvement; patience remaining: 5/50
2025-09-28 23:31:13 - Epoch 49/500 | LR=0.009774 | w_AVO=1.000 | w_P3=2.691 | lambda_MMD=0.300
2025-09-28 23:31:14 - Epoch Summary: TrainLoss=0.8082 | TrainAcc=0.731 | Val(P3)=0.657 | Val(AVO)=0.652
2025-09-28 23:31:14 - No P3-val improvement; patience remaining: 4/50
2025-09-28 23:31:14 - Epoch 50/500 | LR=0.009765 | w_AVO=1.000 | w_P3=2.691 | lambda_MMD=0.300
2025-09-28 23:31:16 - Epoch Summary: TrainLoss=0.7923 | TrainAcc=0.739 | Val(P3)=0.686 | Val(AVO)=0.648
2025-09-28 23:31:16 - No P3-val improvement; patience remaining: 3/50
2025-09-28 23:31:16 - Epoch 51/500 | LR=0.009755 | w_AVO=1.000 | w_P3=2.691 | lambda_MMD=0.300
2025-09-28 23:31:17 - Epoch Summary: TrainLoss=0.7848 | TrainAcc=0.736 | Val(P3)=0.743 | Val(AVO)=0.613
2025-09-28 23:31:17 - No P3-val improvement; patience remaining: 2/50
2025-09-28 23:31:17 - AVO val decreasing 3x. Reducing lambda_MMD to 0.210
2025-09-28 23:31:17 - Epoch 52/500 | LR=0.009745 | w_AVO=1.000 | w_P3=2.691 | lambda_MMD=0.210
2025-09-28 23:31:18 - Epoch Summary: TrainLoss=0.7730 | TrainAcc=0.729 | Val(P3)=0.714 | Val(AVO)=0.600
2025-09-28 23:31:18 - No P3-val improvement; patience remaining: 1/50
2025-09-28 23:31:18 - AVO val decreasing 3x. Reducing lambda_MMD to 0.210
2025-09-28 23:31:18 - Epoch 53/500 | LR=0.009735 | w_AVO=1.000 | w_P3=2.691 | lambda_MMD=0.210
2025-09-28 23:31:18 - Epoch Summary: TrainLoss=0.7408 | TrainAcc=0.748 | Val(P3)=0.743 | Val(AVO)=0.600
2025-09-28 23:31:18 - No P3-val improvement; patience remaining: 0/50
2025-09-28 23:31:18 - Early stopping triggered (P3-val)
2025-09-28 23:31:18 -     P3 Test | Acc=0.6111 P=0.5588 R=0.5938 F1=0.5758 AUC=0.6125 (n=72)
2025-09-28 23:31:18 -     AVO Test | Acc=0.5906 P=0.5575 R=0.9297 F1=0.6970 AUC=0.7093 (n=618)
2025-09-28 23:31:18 -     Overall Test Acc=0.5928
2025-09-28 23:31:18 -   Fold 2/5
2025-09-28 23:31:19 - Fold domains: small=P3 (n=290), large=AVO (n=2125)
2025-09-28 23:31:19 - Auto adjustments (symmetric): w_small≈1.000, lambda_MMD_target=0.300, warmup_epochs=5
2025-09-28 23:31:19 - Epoch 1/500 | LR=0.010000 | w_AVO=1.000 | w_P3=1.341 | lambda_MMD=0.060
2025-09-28 23:31:20 - Epoch Summary: TrainLoss=1.6512 | TrainAcc=0.539 | Val(P3)=0.528 | Val(AVO)=0.553
2025-09-28 23:31:20 - New best P3-val; checkpoint updated
2025-09-28 23:31:20 - Epoch 2/500 | LR=0.010000 | w_AVO=1.000 | w_P3=1.683 | lambda_MMD=0.120
2025-09-28 23:31:22 - Epoch Summary: TrainLoss=1.7076 | TrainAcc=0.612 | Val(P3)=0.611 | Val(AVO)=0.592
2025-09-28 23:31:22 - New best P3-val; checkpoint updated
2025-09-28 23:31:22 - Epoch 3/500 | LR=0.010000 | w_AVO=1.000 | w_P3=2.024 | lambda_MMD=0.180
2025-09-28 23:31:23 - Epoch Summary: TrainLoss=1.8739 | TrainAcc=0.619 | Val(P3)=0.583 | Val(AVO)=0.621
2025-09-28 23:31:23 - No P3-val improvement; patience remaining: 49/50
2025-09-28 23:31:23 - Epoch 4/500 | LR=0.009999 | w_AVO=1.000 | w_P3=2.366 | lambda_MMD=0.240
2025-09-28 23:31:23 - Epoch Summary: TrainLoss=2.0274 | TrainAcc=0.640 | Val(P3)=0.528 | Val(AVO)=0.638
2025-09-28 23:31:23 - No P3-val improvement; patience remaining: 48/50
2025-09-28 23:31:23 - P3 val decreasing 3x. Reducing w_small to 2.166, lambda_MMD to 0.150
2025-09-28 23:31:23 - Epoch 5/500 | LR=0.009998 | w_AVO=1.000 | w_P3=2.166 | lambda_MMD=0.150
2025-09-28 23:31:24 - Epoch Summary: TrainLoss=1.8740 | TrainAcc=0.648 | Val(P3)=0.639 | Val(AVO)=0.644
2025-09-28 23:31:24 - New best P3-val; checkpoint updated
2025-09-28 23:31:24 - Epoch 6/500 | LR=0.009998 | w_AVO=1.000 | w_P3=2.707 | lambda_MMD=0.300
2025-09-28 23:31:24 - Epoch Summary: TrainLoss=2.1407 | TrainAcc=0.662 | Val(P3)=0.583 | Val(AVO)=0.589
2025-09-28 23:31:24 - No P3-val improvement; patience remaining: 49/50
2025-09-28 23:31:24 - Epoch 7/500 | LR=0.009996 | w_AVO=1.000 | w_P3=2.707 | lambda_MMD=0.300
2025-09-28 23:31:26 - Epoch Summary: TrainLoss=2.0773 | TrainAcc=0.654 | Val(P3)=0.694 | Val(AVO)=0.673
2025-09-28 23:31:26 - New best P3-val; checkpoint updated
2025-09-28 23:31:26 - Epoch 8/500 | LR=0.009995 | w_AVO=1.000 | w_P3=2.707 | lambda_MMD=0.300
2025-09-28 23:31:27 - Epoch Summary: TrainLoss=2.1068 | TrainAcc=0.649 | Val(P3)=0.472 | Val(AVO)=0.586
2025-09-28 23:31:27 - No P3-val improvement; patience remaining: 49/50
2025-09-28 23:31:27 - Epoch 9/500 | LR=0.009994 | w_AVO=1.000 | w_P3=2.707 | lambda_MMD=0.300
2025-09-28 23:31:29 - Epoch Summary: TrainLoss=2.0095 | TrainAcc=0.650 | Val(P3)=0.639 | Val(AVO)=0.583
2025-09-28 23:31:29 - No P3-val improvement; patience remaining: 48/50
2025-09-28 23:31:29 - AVO val decreasing 3x. Reducing lambda_MMD to 0.210
2025-09-28 23:31:29 - Epoch 10/500 | LR=0.009992 | w_AVO=1.000 | w_P3=2.707 | lambda_MMD=0.210
2025-09-28 23:31:29 - Epoch Summary: TrainLoss=1.9618 | TrainAcc=0.654 | Val(P3)=0.611 | Val(AVO)=0.657
2025-09-28 23:31:29 - No P3-val improvement; patience remaining: 47/50
2025-09-28 23:31:29 - Epoch 11/500 | LR=0.009990 | w_AVO=1.000 | w_P3=2.707 | lambda_MMD=0.300
2025-09-28 23:31:30 - Epoch Summary: TrainLoss=1.9119 | TrainAcc=0.646 | Val(P3)=0.611 | Val(AVO)=0.592
2025-09-28 23:31:30 - No P3-val improvement; patience remaining: 46/50
2025-09-28 23:31:30 - Epoch 12/500 | LR=0.009988 | w_AVO=1.000 | w_P3=2.707 | lambda_MMD=0.300
2025-09-28 23:31:32 - Epoch Summary: TrainLoss=1.8903 | TrainAcc=0.660 | Val(P3)=0.611 | Val(AVO)=0.595
2025-09-28 23:31:32 - No P3-val improvement; patience remaining: 45/50
2025-09-28 23:31:32 - Epoch 13/500 | LR=0.009986 | w_AVO=1.000 | w_P3=2.707 | lambda_MMD=0.300
2025-09-28 23:31:32 - Epoch Summary: TrainLoss=1.7837 | TrainAcc=0.670 | Val(P3)=0.583 | Val(AVO)=0.576
2025-09-28 23:31:32 - No P3-val improvement; patience remaining: 44/50
2025-09-28 23:31:32 - Epoch 14/500 | LR=0.009983 | w_AVO=1.000 | w_P3=2.707 | lambda_MMD=0.300
2025-09-28 23:31:33 - Epoch Summary: TrainLoss=1.7343 | TrainAcc=0.668 | Val(P3)=0.611 | Val(AVO)=0.628
2025-09-28 23:31:33 - No P3-val improvement; patience remaining: 43/50
2025-09-28 23:31:33 - Epoch 15/500 | LR=0.009981 | w_AVO=1.000 | w_P3=2.707 | lambda_MMD=0.300
2025-09-28 23:31:34 - Epoch Summary: TrainLoss=1.7291 | TrainAcc=0.662 | Val(P3)=0.611 | Val(AVO)=0.583
2025-09-28 23:31:34 - No P3-val improvement; patience remaining: 42/50
2025-09-28 23:31:34 - Epoch 16/500 | LR=0.009978 | w_AVO=1.000 | w_P3=2.707 | lambda_MMD=0.300
2025-09-28 23:31:36 - Epoch Summary: TrainLoss=1.6795 | TrainAcc=0.663 | Val(P3)=0.556 | Val(AVO)=0.566
2025-09-28 23:31:36 - No P3-val improvement; patience remaining: 41/50
2025-09-28 23:31:36 - AVO val decreasing 3x. Reducing lambda_MMD to 0.210
2025-09-28 23:31:36 - Epoch 17/500 | LR=0.009975 | w_AVO=1.000 | w_P3=2.707 | lambda_MMD=0.210
2025-09-28 23:31:36 - Epoch Summary: TrainLoss=1.6351 | TrainAcc=0.666 | Val(P3)=0.639 | Val(AVO)=0.605
2025-09-28 23:31:36 - No P3-val improvement; patience remaining: 40/50
2025-09-28 23:31:36 - Epoch 18/500 | LR=0.009972 | w_AVO=1.000 | w_P3=2.707 | lambda_MMD=0.300
2025-09-28 23:31:38 - Epoch Summary: TrainLoss=1.5898 | TrainAcc=0.669 | Val(P3)=0.611 | Val(AVO)=0.641
2025-09-28 23:31:38 - No P3-val improvement; patience remaining: 39/50
2025-09-28 23:31:38 - Epoch 19/500 | LR=0.009968 | w_AVO=1.000 | w_P3=2.707 | lambda_MMD=0.300
2025-09-28 23:31:39 - Epoch Summary: TrainLoss=1.5518 | TrainAcc=0.666 | Val(P3)=0.611 | Val(AVO)=0.628
2025-09-28 23:31:39 - No P3-val improvement; patience remaining: 38/50
2025-09-28 23:31:39 - Epoch 20/500 | LR=0.009964 | w_AVO=1.000 | w_P3=2.707 | lambda_MMD=0.300
2025-09-28 23:31:40 - Epoch Summary: TrainLoss=1.4907 | TrainAcc=0.667 | Val(P3)=0.611 | Val(AVO)=0.599
2025-09-28 23:31:40 - No P3-val improvement; patience remaining: 37/50
2025-09-28 23:31:40 - AVO val decreasing 3x. Reducing lambda_MMD to 0.210
2025-09-28 23:31:40 - Epoch 21/500 | LR=0.009961 | w_AVO=1.000 | w_P3=2.707 | lambda_MMD=0.210
2025-09-28 23:31:42 - Epoch Summary: TrainLoss=1.4783 | TrainAcc=0.658 | Val(P3)=0.500 | Val(AVO)=0.592
2025-09-28 23:31:42 - No P3-val improvement; patience remaining: 36/50
2025-09-28 23:31:42 - AVO val decreasing 3x. Reducing lambda_MMD to 0.210
2025-09-28 23:31:42 - Epoch 22/500 | LR=0.009957 | w_AVO=1.000 | w_P3=2.707 | lambda_MMD=0.210
2025-09-28 23:31:44 - Epoch Summary: TrainLoss=1.3929 | TrainAcc=0.670 | Val(P3)=0.611 | Val(AVO)=0.589
2025-09-28 23:31:44 - No P3-val improvement; patience remaining: 35/50
2025-09-28 23:31:44 - AVO val decreasing 3x. Reducing lambda_MMD to 0.210
2025-09-28 23:31:44 - Epoch 23/500 | LR=0.009952 | w_AVO=1.000 | w_P3=2.707 | lambda_MMD=0.210
2025-09-28 23:31:45 - Epoch Summary: TrainLoss=1.3769 | TrainAcc=0.670 | Val(P3)=0.556 | Val(AVO)=0.595
2025-09-28 23:31:45 - No P3-val improvement; patience remaining: 34/50
2025-09-28 23:31:45 - Epoch 24/500 | LR=0.009948 | w_AVO=1.000 | w_P3=2.707 | lambda_MMD=0.300
2025-09-28 23:31:46 - Epoch Summary: TrainLoss=1.3293 | TrainAcc=0.676 | Val(P3)=0.583 | Val(AVO)=0.602
2025-09-28 23:31:46 - No P3-val improvement; patience remaining: 33/50
2025-09-28 23:31:46 - Epoch 25/500 | LR=0.009943 | w_AVO=1.000 | w_P3=2.707 | lambda_MMD=0.300
2025-09-28 23:31:46 - Epoch Summary: TrainLoss=1.3053 | TrainAcc=0.687 | Val(P3)=0.500 | Val(AVO)=0.621
2025-09-28 23:31:46 - No P3-val improvement; patience remaining: 32/50
2025-09-28 23:31:46 - Epoch 26/500 | LR=0.009938 | w_AVO=1.000 | w_P3=2.707 | lambda_MMD=0.300
2025-09-28 23:31:47 - Epoch Summary: TrainLoss=1.2706 | TrainAcc=0.683 | Val(P3)=0.583 | Val(AVO)=0.605
2025-09-28 23:31:47 - No P3-val improvement; patience remaining: 31/50
2025-09-28 23:31:47 - Epoch 27/500 | LR=0.009933 | w_AVO=1.000 | w_P3=2.707 | lambda_MMD=0.300
2025-09-28 23:31:48 - Epoch Summary: TrainLoss=1.2145 | TrainAcc=0.688 | Val(P3)=0.583 | Val(AVO)=0.650
2025-09-28 23:31:48 - No P3-val improvement; patience remaining: 30/50
2025-09-28 23:31:48 - Epoch 28/500 | LR=0.009928 | w_AVO=1.000 | w_P3=2.707 | lambda_MMD=0.300
2025-09-28 23:31:50 - Epoch Summary: TrainLoss=1.2181 | TrainAcc=0.692 | Val(P3)=0.556 | Val(AVO)=0.592
2025-09-28 23:31:50 - No P3-val improvement; patience remaining: 29/50
2025-09-28 23:31:50 - Epoch 29/500 | LR=0.009923 | w_AVO=1.000 | w_P3=2.707 | lambda_MMD=0.300
2025-09-28 23:31:51 - Epoch Summary: TrainLoss=1.1599 | TrainAcc=0.691 | Val(P3)=0.556 | Val(AVO)=0.570
2025-09-28 23:31:51 - No P3-val improvement; patience remaining: 28/50
2025-09-28 23:31:51 - AVO val decreasing 3x. Reducing lambda_MMD to 0.210
2025-09-28 23:31:51 - Epoch 30/500 | LR=0.009917 | w_AVO=1.000 | w_P3=2.707 | lambda_MMD=0.210
2025-09-28 23:31:52 - Epoch Summary: TrainLoss=1.1074 | TrainAcc=0.689 | Val(P3)=0.583 | Val(AVO)=0.602
2025-09-28 23:31:52 - No P3-val improvement; patience remaining: 27/50
2025-09-28 23:31:52 - Epoch 31/500 | LR=0.009911 | w_AVO=1.000 | w_P3=2.707 | lambda_MMD=0.300
2025-09-28 23:31:52 - Epoch Summary: TrainLoss=1.1334 | TrainAcc=0.685 | Val(P3)=0.583 | Val(AVO)=0.570
2025-09-28 23:31:52 - No P3-val improvement; patience remaining: 26/50
2025-09-28 23:31:52 - Epoch 32/500 | LR=0.009905 | w_AVO=1.000 | w_P3=2.707 | lambda_MMD=0.300
2025-09-28 23:31:53 - Epoch Summary: TrainLoss=1.0972 | TrainAcc=0.687 | Val(P3)=0.611 | Val(AVO)=0.615
2025-09-28 23:31:53 - No P3-val improvement; patience remaining: 25/50
2025-09-28 23:31:53 - Epoch 33/500 | LR=0.009899 | w_AVO=1.000 | w_P3=2.707 | lambda_MMD=0.300
2025-09-28 23:31:54 - Epoch Summary: TrainLoss=1.0711 | TrainAcc=0.698 | Val(P3)=0.528 | Val(AVO)=0.605
2025-09-28 23:31:54 - No P3-val improvement; patience remaining: 24/50
2025-09-28 23:31:54 - Epoch 34/500 | LR=0.009893 | w_AVO=1.000 | w_P3=2.707 | lambda_MMD=0.300
2025-09-28 23:31:55 - Epoch Summary: TrainLoss=1.0353 | TrainAcc=0.706 | Val(P3)=0.500 | Val(AVO)=0.618
2025-09-28 23:31:55 - No P3-val improvement; patience remaining: 23/50
2025-09-28 23:31:55 - P3 val decreasing 3x. Reducing w_small to 2.166, lambda_MMD to 0.150
2025-09-28 23:31:55 - Epoch 35/500 | LR=0.009886 | w_AVO=1.000 | w_P3=2.166 | lambda_MMD=0.150
2025-09-28 23:31:56 - Epoch Summary: TrainLoss=0.9112 | TrainAcc=0.710 | Val(P3)=0.556 | Val(AVO)=0.641
2025-09-28 23:31:56 - No P3-val improvement; patience remaining: 22/50
2025-09-28 23:31:56 - Epoch 36/500 | LR=0.009880 | w_AVO=1.000 | w_P3=2.707 | lambda_MMD=0.300
2025-09-28 23:31:56 - Epoch Summary: TrainLoss=0.9853 | TrainAcc=0.714 | Val(P3)=0.583 | Val(AVO)=0.644
2025-09-28 23:31:56 - No P3-val improvement; patience remaining: 21/50
2025-09-28 23:31:56 - Epoch 37/500 | LR=0.009873 | w_AVO=1.000 | w_P3=2.707 | lambda_MMD=0.300
2025-09-28 23:31:57 - Epoch Summary: TrainLoss=0.9833 | TrainAcc=0.706 | Val(P3)=0.500 | Val(AVO)=0.660
2025-09-28 23:31:57 - No P3-val improvement; patience remaining: 20/50
2025-09-28 23:31:57 - Epoch 38/500 | LR=0.009865 | w_AVO=1.000 | w_P3=2.707 | lambda_MMD=0.300
2025-09-28 23:31:59 - Epoch Summary: TrainLoss=0.9622 | TrainAcc=0.702 | Val(P3)=0.583 | Val(AVO)=0.589
2025-09-28 23:31:59 - No P3-val improvement; patience remaining: 19/50
2025-09-28 23:31:59 - Epoch 39/500 | LR=0.009858 | w_AVO=1.000 | w_P3=2.707 | lambda_MMD=0.300
2025-09-28 23:31:59 - Epoch Summary: TrainLoss=0.9290 | TrainAcc=0.711 | Val(P3)=0.500 | Val(AVO)=0.654
2025-09-28 23:31:59 - No P3-val improvement; patience remaining: 18/50
2025-09-28 23:31:59 - Epoch 40/500 | LR=0.009851 | w_AVO=1.000 | w_P3=2.707 | lambda_MMD=0.300
2025-09-28 23:32:01 - Epoch Summary: TrainLoss=0.9225 | TrainAcc=0.717 | Val(P3)=0.500 | Val(AVO)=0.641
2025-09-28 23:32:01 - No P3-val improvement; patience remaining: 17/50
2025-09-28 23:32:01 - Epoch 41/500 | LR=0.009843 | w_AVO=1.000 | w_P3=2.707 | lambda_MMD=0.300
2025-09-28 23:32:03 - Epoch Summary: TrainLoss=0.9069 | TrainAcc=0.710 | Val(P3)=0.556 | Val(AVO)=0.615
2025-09-28 23:32:03 - No P3-val improvement; patience remaining: 16/50
2025-09-28 23:32:03 - AVO val decreasing 3x. Reducing lambda_MMD to 0.210
2025-09-28 23:32:03 - Epoch 42/500 | LR=0.009835 | w_AVO=1.000 | w_P3=2.707 | lambda_MMD=0.210
2025-09-28 23:32:04 - Epoch Summary: TrainLoss=0.8992 | TrainAcc=0.719 | Val(P3)=0.611 | Val(AVO)=0.550
2025-09-28 23:32:04 - No P3-val improvement; patience remaining: 15/50
2025-09-28 23:32:04 - AVO val decreasing 3x. Reducing lambda_MMD to 0.210
2025-09-28 23:32:04 - Epoch 43/500 | LR=0.009827 | w_AVO=1.000 | w_P3=2.707 | lambda_MMD=0.210
2025-09-28 23:32:05 - Epoch Summary: TrainLoss=0.8691 | TrainAcc=0.728 | Val(P3)=0.528 | Val(AVO)=0.673
2025-09-28 23:32:05 - No P3-val improvement; patience remaining: 14/50
2025-09-28 23:32:05 - Epoch 44/500 | LR=0.009819 | w_AVO=1.000 | w_P3=2.707 | lambda_MMD=0.300
2025-09-28 23:32:06 - Epoch Summary: TrainLoss=0.8773 | TrainAcc=0.724 | Val(P3)=0.500 | Val(AVO)=0.625
2025-09-28 23:32:06 - No P3-val improvement; patience remaining: 13/50
2025-09-28 23:32:06 - P3 val decreasing 3x. Reducing w_small to 2.166, lambda_MMD to 0.150
2025-09-28 23:32:06 - Epoch 45/500 | LR=0.009810 | w_AVO=1.000 | w_P3=2.166 | lambda_MMD=0.150
2025-09-28 23:32:07 - Epoch Summary: TrainLoss=0.8029 | TrainAcc=0.722 | Val(P3)=0.528 | Val(AVO)=0.657
2025-09-28 23:32:07 - No P3-val improvement; patience remaining: 12/50
2025-09-28 23:32:07 - Epoch 46/500 | LR=0.009801 | w_AVO=1.000 | w_P3=2.707 | lambda_MMD=0.300
2025-09-28 23:32:08 - Epoch Summary: TrainLoss=0.8712 | TrainAcc=0.732 | Val(P3)=0.639 | Val(AVO)=0.566
2025-09-28 23:32:08 - No P3-val improvement; patience remaining: 11/50
2025-09-28 23:32:08 - Epoch 47/500 | LR=0.009793 | w_AVO=1.000 | w_P3=2.707 | lambda_MMD=0.300
2025-09-28 23:32:09 - Epoch Summary: TrainLoss=0.8432 | TrainAcc=0.722 | Val(P3)=0.500 | Val(AVO)=0.634
2025-09-28 23:32:09 - No P3-val improvement; patience remaining: 10/50
2025-09-28 23:32:09 - Epoch 48/500 | LR=0.009784 | w_AVO=1.000 | w_P3=2.707 | lambda_MMD=0.300
2025-09-28 23:32:10 - Epoch Summary: TrainLoss=0.8131 | TrainAcc=0.726 | Val(P3)=0.528 | Val(AVO)=0.628
2025-09-28 23:32:10 - No P3-val improvement; patience remaining: 9/50
2025-09-28 23:32:10 - Epoch 49/500 | LR=0.009774 | w_AVO=1.000 | w_P3=2.707 | lambda_MMD=0.300
2025-09-28 23:32:12 - Epoch Summary: TrainLoss=0.8200 | TrainAcc=0.735 | Val(P3)=0.500 | Val(AVO)=0.683
2025-09-28 23:32:12 - No P3-val improvement; patience remaining: 8/50
2025-09-28 23:32:12 - Epoch 50/500 | LR=0.009765 | w_AVO=1.000 | w_P3=2.707 | lambda_MMD=0.300
2025-09-28 23:32:12 - Epoch Summary: TrainLoss=0.7897 | TrainAcc=0.725 | Val(P3)=0.472 | Val(AVO)=0.615
2025-09-28 23:32:12 - No P3-val improvement; patience remaining: 7/50
2025-09-28 23:32:12 - P3 val decreasing 3x. Reducing w_small to 2.166, lambda_MMD to 0.150
2025-09-28 23:32:12 - Epoch 51/500 | LR=0.009755 | w_AVO=1.000 | w_P3=2.166 | lambda_MMD=0.150
2025-09-28 23:32:14 - Epoch Summary: TrainLoss=0.7503 | TrainAcc=0.729 | Val(P3)=0.556 | Val(AVO)=0.686
2025-09-28 23:32:14 - No P3-val improvement; patience remaining: 6/50
2025-09-28 23:32:14 - Epoch 52/500 | LR=0.009745 | w_AVO=1.000 | w_P3=2.707 | lambda_MMD=0.300
2025-09-28 23:32:16 - Epoch Summary: TrainLoss=0.8046 | TrainAcc=0.740 | Val(P3)=0.500 | Val(AVO)=0.654
2025-09-28 23:32:16 - No P3-val improvement; patience remaining: 5/50
2025-09-28 23:32:16 - Epoch 53/500 | LR=0.009735 | w_AVO=1.000 | w_P3=2.707 | lambda_MMD=0.300
2025-09-28 23:32:17 - Epoch Summary: TrainLoss=0.7701 | TrainAcc=0.754 | Val(P3)=0.500 | Val(AVO)=0.625
2025-09-28 23:32:17 - No P3-val improvement; patience remaining: 4/50
2025-09-28 23:32:17 - AVO val decreasing 3x. Reducing lambda_MMD to 0.210
2025-09-28 23:32:17 - Epoch 54/500 | LR=0.009725 | w_AVO=1.000 | w_P3=2.707 | lambda_MMD=0.210
2025-09-28 23:32:17 - Epoch Summary: TrainLoss=0.7448 | TrainAcc=0.734 | Val(P3)=0.528 | Val(AVO)=0.670
2025-09-28 23:32:17 - No P3-val improvement; patience remaining: 3/50
2025-09-28 23:32:17 - Epoch 55/500 | LR=0.009715 | w_AVO=1.000 | w_P3=2.707 | lambda_MMD=0.300
2025-09-28 23:32:19 - Epoch Summary: TrainLoss=0.7610 | TrainAcc=0.749 | Val(P3)=0.472 | Val(AVO)=0.673
2025-09-28 23:32:19 - No P3-val improvement; patience remaining: 2/50
2025-09-28 23:32:19 - Epoch 56/500 | LR=0.009704 | w_AVO=1.000 | w_P3=2.707 | lambda_MMD=0.300
2025-09-28 23:32:19 - Epoch Summary: TrainLoss=0.7387 | TrainAcc=0.752 | Val(P3)=0.528 | Val(AVO)=0.634
2025-09-28 23:32:19 - No P3-val improvement; patience remaining: 1/50
2025-09-28 23:32:19 - Epoch 57/500 | LR=0.009694 | w_AVO=1.000 | w_P3=2.707 | lambda_MMD=0.300
2025-09-28 23:32:21 - Epoch Summary: TrainLoss=0.7486 | TrainAcc=0.745 | Val(P3)=0.472 | Val(AVO)=0.650
2025-09-28 23:32:21 - No P3-val improvement; patience remaining: 0/50
2025-09-28 23:32:21 - Early stopping triggered (P3-val)
2025-09-28 23:32:21 -     P3 Test | Acc=0.6622 P=0.7500 R=0.6667 F1=0.7059 AUC=0.6935 (n=74)
2025-09-28 23:32:21 -     AVO Test | Acc=0.6104 P=0.5714 R=0.8000 F1=0.6667 AUC=0.7070 (n=616)
2025-09-28 23:32:21 -     Overall Test Acc=0.6159
2025-09-28 23:32:21 -   Fold 3/5
2025-09-28 23:32:21 - Fold domains: small=P3 (n=279), large=AVO (n=2136)
2025-09-28 23:32:21 - Auto adjustments (symmetric): w_small≈1.000, lambda_MMD_target=0.300, warmup_epochs=5
2025-09-28 23:32:21 - Epoch 1/500 | LR=0.010000 | w_AVO=1.000 | w_P3=1.353 | lambda_MMD=0.060
2025-09-28 23:32:21 - Epoch Summary: TrainLoss=1.6731 | TrainAcc=0.554 | Val(P3)=0.676 | Val(AVO)=0.556
2025-09-28 23:32:21 - New best P3-val; checkpoint updated
2025-09-28 23:32:21 - Epoch 2/500 | LR=0.010000 | w_AVO=1.000 | w_P3=1.707 | lambda_MMD=0.120
2025-09-28 23:32:23 - Epoch Summary: TrainLoss=1.7144 | TrainAcc=0.602 | Val(P3)=0.588 | Val(AVO)=0.588
2025-09-28 23:32:23 - No P3-val improvement; patience remaining: 49/50
2025-09-28 23:32:23 - Epoch 3/500 | LR=0.010000 | w_AVO=1.000 | w_P3=2.060 | lambda_MMD=0.180
2025-09-28 23:32:25 - Epoch Summary: TrainLoss=1.8772 | TrainAcc=0.630 | Val(P3)=0.706 | Val(AVO)=0.572
2025-09-28 23:32:25 - New best P3-val; checkpoint updated
2025-09-28 23:32:25 - Epoch 4/500 | LR=0.009999 | w_AVO=1.000 | w_P3=2.414 | lambda_MMD=0.240
2025-09-28 23:32:26 - Epoch Summary: TrainLoss=2.0613 | TrainAcc=0.640 | Val(P3)=0.588 | Val(AVO)=0.605
2025-09-28 23:32:26 - No P3-val improvement; patience remaining: 49/50
2025-09-28 23:32:26 - Epoch 5/500 | LR=0.009998 | w_AVO=1.000 | w_P3=2.767 | lambda_MMD=0.300
2025-09-28 23:32:27 - Epoch Summary: TrainLoss=2.2338 | TrainAcc=0.642 | Val(P3)=0.588 | Val(AVO)=0.630
2025-09-28 23:32:27 - No P3-val improvement; patience remaining: 48/50
2025-09-28 23:32:27 - Epoch 6/500 | LR=0.009998 | w_AVO=1.000 | w_P3=2.767 | lambda_MMD=0.300
2025-09-28 23:32:28 - Epoch Summary: TrainLoss=2.1301 | TrainAcc=0.639 | Val(P3)=0.706 | Val(AVO)=0.588
2025-09-28 23:32:28 - No P3-val improvement; patience remaining: 47/50
2025-09-28 23:32:28 - Epoch 7/500 | LR=0.009996 | w_AVO=1.000 | w_P3=2.767 | lambda_MMD=0.300
2025-09-28 23:32:28 - Epoch Summary: TrainLoss=2.1284 | TrainAcc=0.644 | Val(P3)=0.618 | Val(AVO)=0.585
2025-09-28 23:32:28 - No P3-val improvement; patience remaining: 46/50
2025-09-28 23:32:28 - AVO val decreasing 3x. Reducing lambda_MMD to 0.210
2025-09-28 23:32:28 - Epoch 8/500 | LR=0.009995 | w_AVO=1.000 | w_P3=2.767 | lambda_MMD=0.210
2025-09-28 23:32:29 - Epoch Summary: TrainLoss=2.0543 | TrainAcc=0.651 | Val(P3)=0.588 | Val(AVO)=0.601
2025-09-28 23:32:29 - No P3-val improvement; patience remaining: 45/50
2025-09-28 23:32:29 - P3 val decreasing 3x. Reducing w_small to 2.214, lambda_MMD to 0.150
2025-09-28 23:32:29 - Epoch 9/500 | LR=0.009994 | w_AVO=1.000 | w_P3=2.214 | lambda_MMD=0.150
2025-09-28 23:32:31 - Epoch Summary: TrainLoss=1.7362 | TrainAcc=0.647 | Val(P3)=0.559 | Val(AVO)=0.633
2025-09-28 23:32:31 - No P3-val improvement; patience remaining: 44/50
2025-09-28 23:32:31 - P3 val decreasing 3x. Reducing w_small to 2.214, lambda_MMD to 0.150
2025-09-28 23:32:31 - Epoch 10/500 | LR=0.009992 | w_AVO=1.000 | w_P3=2.214 | lambda_MMD=0.150
2025-09-28 23:32:33 - Epoch Summary: TrainLoss=1.6902 | TrainAcc=0.667 | Val(P3)=0.647 | Val(AVO)=0.582
2025-09-28 23:32:33 - No P3-val improvement; patience remaining: 43/50
2025-09-28 23:32:33 - Epoch 11/500 | LR=0.009990 | w_AVO=1.000 | w_P3=2.767 | lambda_MMD=0.300
2025-09-28 23:32:34 - Epoch Summary: TrainLoss=1.9529 | TrainAcc=0.661 | Val(P3)=0.618 | Val(AVO)=0.592
2025-09-28 23:32:34 - No P3-val improvement; patience remaining: 42/50
2025-09-28 23:32:34 - Epoch 12/500 | LR=0.009988 | w_AVO=1.000 | w_P3=2.767 | lambda_MMD=0.300
2025-09-28 23:32:36 - Epoch Summary: TrainLoss=1.8039 | TrainAcc=0.665 | Val(P3)=0.559 | Val(AVO)=0.608
2025-09-28 23:32:36 - No P3-val improvement; patience remaining: 41/50
2025-09-28 23:32:36 - P3 val decreasing 3x. Reducing w_small to 2.214, lambda_MMD to 0.150
2025-09-28 23:32:36 - Epoch 13/500 | LR=0.009986 | w_AVO=1.000 | w_P3=2.214 | lambda_MMD=0.150
2025-09-28 23:32:37 - Epoch Summary: TrainLoss=1.5664 | TrainAcc=0.664 | Val(P3)=0.588 | Val(AVO)=0.630
2025-09-28 23:32:37 - No P3-val improvement; patience remaining: 40/50
2025-09-28 23:32:37 - Epoch 14/500 | LR=0.009983 | w_AVO=1.000 | w_P3=2.767 | lambda_MMD=0.300
2025-09-28 23:32:38 - Epoch Summary: TrainLoss=1.7450 | TrainAcc=0.671 | Val(P3)=0.500 | Val(AVO)=0.598
2025-09-28 23:32:38 - No P3-val improvement; patience remaining: 39/50
2025-09-28 23:32:38 - Epoch 15/500 | LR=0.009981 | w_AVO=1.000 | w_P3=2.767 | lambda_MMD=0.300
2025-09-28 23:32:40 - Epoch Summary: TrainLoss=1.7162 | TrainAcc=0.652 | Val(P3)=0.588 | Val(AVO)=0.605
2025-09-28 23:32:40 - No P3-val improvement; patience remaining: 38/50
2025-09-28 23:32:40 - Epoch 16/500 | LR=0.009978 | w_AVO=1.000 | w_P3=2.767 | lambda_MMD=0.300
2025-09-28 23:32:40 - Epoch Summary: TrainLoss=1.6470 | TrainAcc=0.677 | Val(P3)=0.647 | Val(AVO)=0.595
2025-09-28 23:32:40 - No P3-val improvement; patience remaining: 37/50
2025-09-28 23:32:40 - Epoch 17/500 | LR=0.009975 | w_AVO=1.000 | w_P3=2.767 | lambda_MMD=0.300
2025-09-28 23:32:40 - Epoch Summary: TrainLoss=1.6143 | TrainAcc=0.677 | Val(P3)=0.647 | Val(AVO)=0.572
2025-09-28 23:32:40 - No P3-val improvement; patience remaining: 36/50
2025-09-28 23:32:40 - AVO val decreasing 3x. Reducing lambda_MMD to 0.210
2025-09-28 23:32:40 - Epoch 18/500 | LR=0.009972 | w_AVO=1.000 | w_P3=2.767 | lambda_MMD=0.210
2025-09-28 23:32:40 - Epoch Summary: TrainLoss=1.5994 | TrainAcc=0.668 | Val(P3)=0.647 | Val(AVO)=0.553
2025-09-28 23:32:40 - No P3-val improvement; patience remaining: 35/50
2025-09-28 23:32:40 - AVO val decreasing 3x. Reducing lambda_MMD to 0.210
2025-09-28 23:32:40 - Epoch 19/500 | LR=0.009968 | w_AVO=1.000 | w_P3=2.767 | lambda_MMD=0.210
2025-09-28 23:32:40 - Epoch Summary: TrainLoss=1.5211 | TrainAcc=0.664 | Val(P3)=0.706 | Val(AVO)=0.592
2025-09-28 23:32:40 - No P3-val improvement; patience remaining: 34/50
2025-09-28 23:32:40 - Epoch 20/500 | LR=0.009964 | w_AVO=1.000 | w_P3=2.767 | lambda_MMD=0.300
2025-09-28 23:32:40 - Epoch Summary: TrainLoss=1.5644 | TrainAcc=0.679 | Val(P3)=0.588 | Val(AVO)=0.553
2025-09-28 23:32:40 - No P3-val improvement; patience remaining: 33/50
2025-09-28 23:32:40 - Epoch 21/500 | LR=0.009961 | w_AVO=1.000 | w_P3=2.767 | lambda_MMD=0.300
2025-09-28 23:32:41 - Epoch Summary: TrainLoss=1.4846 | TrainAcc=0.662 | Val(P3)=0.588 | Val(AVO)=0.588
2025-09-28 23:32:41 - No P3-val improvement; patience remaining: 32/50
2025-09-28 23:32:41 - Epoch 22/500 | LR=0.009957 | w_AVO=1.000 | w_P3=2.767 | lambda_MMD=0.300
2025-09-28 23:32:41 - Epoch Summary: TrainLoss=1.4327 | TrainAcc=0.682 | Val(P3)=0.529 | Val(AVO)=0.595
2025-09-28 23:32:41 - No P3-val improvement; patience remaining: 31/50
2025-09-28 23:32:41 - Epoch 23/500 | LR=0.009952 | w_AVO=1.000 | w_P3=2.767 | lambda_MMD=0.300
2025-09-28 23:32:41 - Epoch Summary: TrainLoss=1.3789 | TrainAcc=0.673 | Val(P3)=0.559 | Val(AVO)=0.576
2025-09-28 23:32:41 - No P3-val improvement; patience remaining: 30/50
2025-09-28 23:32:41 - Epoch 24/500 | LR=0.009948 | w_AVO=1.000 | w_P3=2.767 | lambda_MMD=0.300
2025-09-28 23:32:41 - Epoch Summary: TrainLoss=1.3337 | TrainAcc=0.681 | Val(P3)=0.647 | Val(AVO)=0.566
2025-09-28 23:32:41 - No P3-val improvement; patience remaining: 29/50
2025-09-28 23:32:41 - AVO val decreasing 3x. Reducing lambda_MMD to 0.210
2025-09-28 23:32:41 - Epoch 25/500 | LR=0.009943 | w_AVO=1.000 | w_P3=2.767 | lambda_MMD=0.210
2025-09-28 23:32:41 - Epoch Summary: TrainLoss=1.3388 | TrainAcc=0.669 | Val(P3)=0.588 | Val(AVO)=0.563
2025-09-28 23:32:41 - No P3-val improvement; patience remaining: 28/50
2025-09-28 23:32:41 - AVO val decreasing 3x. Reducing lambda_MMD to 0.210
2025-09-28 23:32:41 - Epoch 26/500 | LR=0.009938 | w_AVO=1.000 | w_P3=2.767 | lambda_MMD=0.210
2025-09-28 23:32:42 - Epoch Summary: TrainLoss=1.3583 | TrainAcc=0.685 | Val(P3)=0.588 | Val(AVO)=0.559
2025-09-28 23:32:42 - No P3-val improvement; patience remaining: 27/50
2025-09-28 23:32:42 - AVO val decreasing 3x. Reducing lambda_MMD to 0.210
2025-09-28 23:32:42 - Epoch 27/500 | LR=0.009933 | w_AVO=1.000 | w_P3=2.767 | lambda_MMD=0.210
2025-09-28 23:32:42 - Epoch Summary: TrainLoss=1.2727 | TrainAcc=0.687 | Val(P3)=0.559 | Val(AVO)=0.592
2025-09-28 23:32:42 - No P3-val improvement; patience remaining: 26/50
2025-09-28 23:32:42 - Epoch 28/500 | LR=0.009928 | w_AVO=1.000 | w_P3=2.767 | lambda_MMD=0.300
2025-09-28 23:32:42 - Epoch Summary: TrainLoss=1.2245 | TrainAcc=0.696 | Val(P3)=0.588 | Val(AVO)=0.556
2025-09-28 23:32:42 - No P3-val improvement; patience remaining: 25/50
2025-09-28 23:32:42 - Epoch 29/500 | LR=0.009923 | w_AVO=1.000 | w_P3=2.767 | lambda_MMD=0.300
2025-09-28 23:32:42 - Epoch Summary: TrainLoss=1.2151 | TrainAcc=0.683 | Val(P3)=0.559 | Val(AVO)=0.592
2025-09-28 23:32:42 - No P3-val improvement; patience remaining: 24/50
2025-09-28 23:32:42 - Epoch 30/500 | LR=0.009917 | w_AVO=1.000 | w_P3=2.767 | lambda_MMD=0.300
2025-09-28 23:32:42 - Epoch Summary: TrainLoss=1.1850 | TrainAcc=0.691 | Val(P3)=0.588 | Val(AVO)=0.553
2025-09-28 23:32:42 - No P3-val improvement; patience remaining: 23/50
2025-09-28 23:32:42 - Epoch 31/500 | LR=0.009911 | w_AVO=1.000 | w_P3=2.767 | lambda_MMD=0.300
2025-09-28 23:32:42 - Epoch Summary: TrainLoss=1.1929 | TrainAcc=0.691 | Val(P3)=0.676 | Val(AVO)=0.563
2025-09-28 23:32:42 - No P3-val improvement; patience remaining: 22/50
2025-09-28 23:32:42 - Epoch 32/500 | LR=0.009905 | w_AVO=1.000 | w_P3=2.767 | lambda_MMD=0.300
2025-09-28 23:32:43 - Epoch Summary: TrainLoss=1.1979 | TrainAcc=0.691 | Val(P3)=0.588 | Val(AVO)=0.592
2025-09-28 23:32:43 - No P3-val improvement; patience remaining: 21/50
2025-09-28 23:32:43 - Epoch 33/500 | LR=0.009899 | w_AVO=1.000 | w_P3=2.767 | lambda_MMD=0.300
2025-09-28 23:32:43 - Epoch Summary: TrainLoss=1.1446 | TrainAcc=0.694 | Val(P3)=0.588 | Val(AVO)=0.579
2025-09-28 23:32:43 - No P3-val improvement; patience remaining: 20/50
2025-09-28 23:32:43 - Epoch 34/500 | LR=0.009893 | w_AVO=1.000 | w_P3=2.767 | lambda_MMD=0.300
2025-09-28 23:32:43 - Epoch Summary: TrainLoss=1.1152 | TrainAcc=0.694 | Val(P3)=0.647 | Val(AVO)=0.566
2025-09-28 23:32:43 - No P3-val improvement; patience remaining: 19/50
2025-09-28 23:32:43 - AVO val decreasing 3x. Reducing lambda_MMD to 0.210
2025-09-28 23:32:43 - Epoch 35/500 | LR=0.009886 | w_AVO=1.000 | w_P3=2.767 | lambda_MMD=0.210
2025-09-28 23:32:43 - Epoch Summary: TrainLoss=1.1148 | TrainAcc=0.687 | Val(P3)=0.559 | Val(AVO)=0.592
2025-09-28 23:32:43 - No P3-val improvement; patience remaining: 18/50
2025-09-28 23:32:43 - Epoch 36/500 | LR=0.009880 | w_AVO=1.000 | w_P3=2.767 | lambda_MMD=0.300
2025-09-28 23:32:43 - Epoch Summary: TrainLoss=1.0954 | TrainAcc=0.697 | Val(P3)=0.588 | Val(AVO)=0.601
2025-09-28 23:32:43 - No P3-val improvement; patience remaining: 17/50
2025-09-28 23:32:43 - Epoch 37/500 | LR=0.009873 | w_AVO=1.000 | w_P3=2.767 | lambda_MMD=0.300
2025-09-28 23:32:44 - Epoch Summary: TrainLoss=1.0555 | TrainAcc=0.701 | Val(P3)=0.618 | Val(AVO)=0.611
2025-09-28 23:32:44 - No P3-val improvement; patience remaining: 16/50
2025-09-28 23:32:44 - Epoch 38/500 | LR=0.009865 | w_AVO=1.000 | w_P3=2.767 | lambda_MMD=0.300
2025-09-28 23:32:44 - Epoch Summary: TrainLoss=1.0099 | TrainAcc=0.709 | Val(P3)=0.559 | Val(AVO)=0.569
2025-09-28 23:32:44 - No P3-val improvement; patience remaining: 15/50
2025-09-28 23:32:44 - Epoch 39/500 | LR=0.009858 | w_AVO=1.000 | w_P3=2.767 | lambda_MMD=0.300
2025-09-28 23:32:44 - Epoch Summary: TrainLoss=0.9774 | TrainAcc=0.708 | Val(P3)=0.647 | Val(AVO)=0.572
2025-09-28 23:32:44 - No P3-val improvement; patience remaining: 14/50
2025-09-28 23:32:44 - Epoch 40/500 | LR=0.009851 | w_AVO=1.000 | w_P3=2.767 | lambda_MMD=0.300
2025-09-28 23:32:44 - Epoch Summary: TrainLoss=0.9833 | TrainAcc=0.703 | Val(P3)=0.588 | Val(AVO)=0.611
2025-09-28 23:32:44 - No P3-val improvement; patience remaining: 13/50
2025-09-28 23:32:44 - Epoch 41/500 | LR=0.009843 | w_AVO=1.000 | w_P3=2.767 | lambda_MMD=0.300
2025-09-28 23:32:44 - Epoch Summary: TrainLoss=1.0441 | TrainAcc=0.704 | Val(P3)=0.588 | Val(AVO)=0.592
2025-09-28 23:32:44 - No P3-val improvement; patience remaining: 12/50
2025-09-28 23:32:44 - Epoch 42/500 | LR=0.009835 | w_AVO=1.000 | w_P3=2.767 | lambda_MMD=0.300
2025-09-28 23:32:44 - Epoch Summary: TrainLoss=1.0063 | TrainAcc=0.704 | Val(P3)=0.647 | Val(AVO)=0.556
2025-09-28 23:32:44 - No P3-val improvement; patience remaining: 11/50
2025-09-28 23:32:44 - AVO val decreasing 3x. Reducing lambda_MMD to 0.210
2025-09-28 23:32:44 - Epoch 43/500 | LR=0.009827 | w_AVO=1.000 | w_P3=2.767 | lambda_MMD=0.210
2025-09-28 23:32:45 - Epoch Summary: TrainLoss=0.9897 | TrainAcc=0.710 | Val(P3)=0.588 | Val(AVO)=0.563
2025-09-28 23:32:45 - No P3-val improvement; patience remaining: 10/50
2025-09-28 23:32:45 - Epoch 44/500 | LR=0.009819 | w_AVO=1.000 | w_P3=2.767 | lambda_MMD=0.300
2025-09-28 23:32:45 - Epoch Summary: TrainLoss=0.9622 | TrainAcc=0.712 | Val(P3)=0.618 | Val(AVO)=0.588
2025-09-28 23:32:45 - No P3-val improvement; patience remaining: 9/50
2025-09-28 23:32:45 - Epoch 45/500 | LR=0.009810 | w_AVO=1.000 | w_P3=2.767 | lambda_MMD=0.300
2025-09-28 23:32:45 - Epoch Summary: TrainLoss=0.9382 | TrainAcc=0.718 | Val(P3)=0.588 | Val(AVO)=0.572
2025-09-28 23:32:45 - No P3-val improvement; patience remaining: 8/50
2025-09-28 23:32:45 - Epoch 46/500 | LR=0.009801 | w_AVO=1.000 | w_P3=2.767 | lambda_MMD=0.300
2025-09-28 23:32:45 - Epoch Summary: TrainLoss=0.9032 | TrainAcc=0.722 | Val(P3)=0.618 | Val(AVO)=0.601
2025-09-28 23:32:45 - No P3-val improvement; patience remaining: 7/50
2025-09-28 23:32:45 - Epoch 47/500 | LR=0.009793 | w_AVO=1.000 | w_P3=2.767 | lambda_MMD=0.300
2025-09-28 23:32:45 - Epoch Summary: TrainLoss=0.9069 | TrainAcc=0.713 | Val(P3)=0.618 | Val(AVO)=0.556
2025-09-28 23:32:45 - No P3-val improvement; patience remaining: 6/50
2025-09-28 23:32:45 - Epoch 48/500 | LR=0.009784 | w_AVO=1.000 | w_P3=2.767 | lambda_MMD=0.300
2025-09-28 23:32:46 - Epoch Summary: TrainLoss=0.8720 | TrainAcc=0.733 | Val(P3)=0.618 | Val(AVO)=0.556
2025-09-28 23:32:46 - No P3-val improvement; patience remaining: 5/50
2025-09-28 23:32:46 - Epoch 49/500 | LR=0.009774 | w_AVO=1.000 | w_P3=2.767 | lambda_MMD=0.300
2025-09-28 23:32:46 - Epoch Summary: TrainLoss=0.8583 | TrainAcc=0.724 | Val(P3)=0.559 | Val(AVO)=0.582
2025-09-28 23:32:46 - No P3-val improvement; patience remaining: 4/50
2025-09-28 23:32:46 - Epoch 50/500 | LR=0.009765 | w_AVO=1.000 | w_P3=2.767 | lambda_MMD=0.300
2025-09-28 23:32:46 - Epoch Summary: TrainLoss=0.8692 | TrainAcc=0.729 | Val(P3)=0.647 | Val(AVO)=0.566
2025-09-28 23:32:46 - No P3-val improvement; patience remaining: 3/50
2025-09-28 23:32:46 - Epoch 51/500 | LR=0.009755 | w_AVO=1.000 | w_P3=2.767 | lambda_MMD=0.300
2025-09-28 23:32:46 - Epoch Summary: TrainLoss=0.8284 | TrainAcc=0.730 | Val(P3)=0.618 | Val(AVO)=0.582
2025-09-28 23:32:46 - No P3-val improvement; patience remaining: 2/50
2025-09-28 23:32:46 - Epoch 52/500 | LR=0.009745 | w_AVO=1.000 | w_P3=2.767 | lambda_MMD=0.300
2025-09-28 23:32:46 - Epoch Summary: TrainLoss=0.8375 | TrainAcc=0.739 | Val(P3)=0.618 | Val(AVO)=0.566
2025-09-28 23:32:46 - No P3-val improvement; patience remaining: 1/50
2025-09-28 23:32:46 - Epoch 53/500 | LR=0.009735 | w_AVO=1.000 | w_P3=2.767 | lambda_MMD=0.300
2025-09-28 23:32:46 - Epoch Summary: TrainLoss=0.8368 | TrainAcc=0.734 | Val(P3)=0.588 | Val(AVO)=0.569
2025-09-28 23:32:46 - No P3-val improvement; patience remaining: 0/50
2025-09-28 23:32:46 - Early stopping triggered (P3-val)
2025-09-28 23:32:47 -     P3 Test | Acc=0.5747 P=0.6571 R=0.4792 F1=0.5542 AUC=0.6255 (n=87)
2025-09-28 23:32:47 -     AVO Test | Acc=0.6020 P=0.5580 R=0.9226 F1=0.6954 AUC=0.7329 (n=603)
2025-09-28 23:32:47 -     Overall Test Acc=0.5986
2025-09-28 23:32:47 -   Fold 4/5
2025-09-28 23:32:47 - Fold domains: small=P3 (n=286), large=AVO (n=2129)
2025-09-28 23:32:47 - Auto adjustments (symmetric): w_small≈1.000, lambda_MMD_target=0.300, warmup_epochs=5
2025-09-28 23:32:47 - Epoch 1/500 | LR=0.010000 | w_AVO=1.000 | w_P3=1.346 | lambda_MMD=0.060
2025-09-28 23:32:47 - Epoch Summary: TrainLoss=1.6767 | TrainAcc=0.525 | Val(P3)=0.514 | Val(AVO)=0.519
2025-09-28 23:32:47 - New best P3-val; checkpoint updated
2025-09-28 23:32:47 - Epoch 2/500 | LR=0.010000 | w_AVO=1.000 | w_P3=1.691 | lambda_MMD=0.120
2025-09-28 23:32:47 - Epoch Summary: TrainLoss=1.7460 | TrainAcc=0.589 | Val(P3)=0.571 | Val(AVO)=0.558
2025-09-28 23:32:47 - New best P3-val; checkpoint updated
2025-09-28 23:32:47 - Epoch 3/500 | LR=0.010000 | w_AVO=1.000 | w_P3=2.037 | lambda_MMD=0.180
2025-09-28 23:32:47 - Epoch Summary: TrainLoss=1.8804 | TrainAcc=0.605 | Val(P3)=0.543 | Val(AVO)=0.590
2025-09-28 23:32:47 - No P3-val improvement; patience remaining: 49/50
2025-09-28 23:32:47 - Epoch 4/500 | LR=0.009999 | w_AVO=1.000 | w_P3=2.383 | lambda_MMD=0.240
2025-09-28 23:32:47 - Epoch Summary: TrainLoss=2.0713 | TrainAcc=0.619 | Val(P3)=0.629 | Val(AVO)=0.610
2025-09-28 23:32:47 - New best P3-val; checkpoint updated
2025-09-28 23:32:47 - Epoch 5/500 | LR=0.009998 | w_AVO=1.000 | w_P3=2.728 | lambda_MMD=0.300
2025-09-28 23:32:47 - Epoch Summary: TrainLoss=2.2340 | TrainAcc=0.634 | Val(P3)=0.571 | Val(AVO)=0.639
2025-09-28 23:32:47 - No P3-val improvement; patience remaining: 49/50
2025-09-28 23:32:47 - Epoch 6/500 | LR=0.009998 | w_AVO=1.000 | w_P3=2.728 | lambda_MMD=0.300
2025-09-28 23:32:48 - Epoch Summary: TrainLoss=2.2340 | TrainAcc=0.628 | Val(P3)=0.629 | Val(AVO)=0.616
2025-09-28 23:32:48 - No P3-val improvement; patience remaining: 48/50
2025-09-28 23:32:48 - Epoch 7/500 | LR=0.009996 | w_AVO=1.000 | w_P3=2.728 | lambda_MMD=0.300
2025-09-28 23:32:48 - Epoch Summary: TrainLoss=2.1290 | TrainAcc=0.651 | Val(P3)=0.571 | Val(AVO)=0.594
2025-09-28 23:32:48 - No P3-val improvement; patience remaining: 47/50
2025-09-28 23:32:48 - AVO val decreasing 3x. Reducing lambda_MMD to 0.210
2025-09-28 23:32:48 - Epoch 8/500 | LR=0.009995 | w_AVO=1.000 | w_P3=2.728 | lambda_MMD=0.210
2025-09-28 23:32:48 - Epoch Summary: TrainLoss=2.1087 | TrainAcc=0.649 | Val(P3)=0.600 | Val(AVO)=0.597
2025-09-28 23:32:48 - No P3-val improvement; patience remaining: 46/50
2025-09-28 23:32:48 - Epoch 9/500 | LR=0.009994 | w_AVO=1.000 | w_P3=2.728 | lambda_MMD=0.300
2025-09-28 23:32:48 - Epoch Summary: TrainLoss=2.0190 | TrainAcc=0.660 | Val(P3)=0.600 | Val(AVO)=0.584
2025-09-28 23:32:48 - No P3-val improvement; patience remaining: 45/50
2025-09-28 23:32:48 - Epoch 10/500 | LR=0.009992 | w_AVO=1.000 | w_P3=2.728 | lambda_MMD=0.300
2025-09-28 23:32:48 - Epoch Summary: TrainLoss=2.0046 | TrainAcc=0.636 | Val(P3)=0.571 | Val(AVO)=0.574
2025-09-28 23:32:48 - No P3-val improvement; patience remaining: 44/50
2025-09-28 23:32:48 - AVO val decreasing 3x. Reducing lambda_MMD to 0.210
2025-09-28 23:32:48 - Epoch 11/500 | LR=0.009990 | w_AVO=1.000 | w_P3=2.728 | lambda_MMD=0.210
2025-09-28 23:32:49 - Epoch Summary: TrainLoss=1.9489 | TrainAcc=0.669 | Val(P3)=0.543 | Val(AVO)=0.594
2025-09-28 23:32:49 - No P3-val improvement; patience remaining: 43/50
2025-09-28 23:32:49 - P3 val decreasing 3x. Reducing w_small to 2.183, lambda_MMD to 0.150
2025-09-28 23:32:49 - Epoch 12/500 | LR=0.009988 | w_AVO=1.000 | w_P3=2.183 | lambda_MMD=0.150
2025-09-28 23:32:49 - Epoch Summary: TrainLoss=1.6300 | TrainAcc=0.651 | Val(P3)=0.629 | Val(AVO)=0.558
2025-09-28 23:32:49 - No P3-val improvement; patience remaining: 42/50
2025-09-28 23:32:49 - Epoch 13/500 | LR=0.009986 | w_AVO=1.000 | w_P3=2.728 | lambda_MMD=0.300
2025-09-28 23:32:49 - Epoch Summary: TrainLoss=1.8390 | TrainAcc=0.663 | Val(P3)=0.629 | Val(AVO)=0.548
2025-09-28 23:32:49 - No P3-val improvement; patience remaining: 41/50
2025-09-28 23:32:49 - AVO val decreasing 3x. Reducing lambda_MMD to 0.210
2025-09-28 23:32:49 - Epoch 14/500 | LR=0.009983 | w_AVO=1.000 | w_P3=2.728 | lambda_MMD=0.210
2025-09-28 23:32:49 - Epoch Summary: TrainLoss=1.8228 | TrainAcc=0.653 | Val(P3)=0.629 | Val(AVO)=0.532
2025-09-28 23:32:49 - No P3-val improvement; patience remaining: 40/50
2025-09-28 23:32:49 - AVO val decreasing 3x. Reducing lambda_MMD to 0.210
2025-09-28 23:32:49 - Epoch 15/500 | LR=0.009981 | w_AVO=1.000 | w_P3=2.728 | lambda_MMD=0.210
2025-09-28 23:32:49 - Epoch Summary: TrainLoss=1.7511 | TrainAcc=0.673 | Val(P3)=0.600 | Val(AVO)=0.584
2025-09-28 23:32:49 - No P3-val improvement; patience remaining: 39/50
2025-09-28 23:32:49 - Epoch 16/500 | LR=0.009978 | w_AVO=1.000 | w_P3=2.728 | lambda_MMD=0.300
2025-09-28 23:32:49 - Epoch Summary: TrainLoss=1.7234 | TrainAcc=0.672 | Val(P3)=0.571 | Val(AVO)=0.616
2025-09-28 23:32:49 - No P3-val improvement; patience remaining: 38/50
2025-09-28 23:32:49 - P3 val decreasing 3x. Reducing w_small to 2.183, lambda_MMD to 0.150
2025-09-28 23:32:49 - Epoch 17/500 | LR=0.009975 | w_AVO=1.000 | w_P3=2.183 | lambda_MMD=0.150
2025-09-28 23:32:50 - Epoch Summary: TrainLoss=1.5180 | TrainAcc=0.659 | Val(P3)=0.600 | Val(AVO)=0.545
2025-09-28 23:32:50 - No P3-val improvement; patience remaining: 37/50
2025-09-28 23:32:50 - Epoch 18/500 | LR=0.009972 | w_AVO=1.000 | w_P3=2.728 | lambda_MMD=0.300
2025-09-28 23:32:50 - Epoch Summary: TrainLoss=1.6548 | TrainAcc=0.668 | Val(P3)=0.600 | Val(AVO)=0.581
2025-09-28 23:32:50 - No P3-val improvement; patience remaining: 36/50
2025-09-28 23:32:50 - Epoch 19/500 | LR=0.009968 | w_AVO=1.000 | w_P3=2.728 | lambda_MMD=0.300
2025-09-28 23:32:50 - Epoch Summary: TrainLoss=1.6311 | TrainAcc=0.671 | Val(P3)=0.629 | Val(AVO)=0.545
2025-09-28 23:32:50 - No P3-val improvement; patience remaining: 35/50
2025-09-28 23:32:50 - Epoch 20/500 | LR=0.009964 | w_AVO=1.000 | w_P3=2.728 | lambda_MMD=0.300
2025-09-28 23:32:50 - Epoch Summary: TrainLoss=1.5823 | TrainAcc=0.665 | Val(P3)=0.629 | Val(AVO)=0.613
2025-09-28 23:32:50 - No P3-val improvement; patience remaining: 34/50
2025-09-28 23:32:50 - Epoch 21/500 | LR=0.009961 | w_AVO=1.000 | w_P3=2.728 | lambda_MMD=0.300
2025-09-28 23:32:50 - Epoch Summary: TrainLoss=1.5803 | TrainAcc=0.666 | Val(P3)=0.657 | Val(AVO)=0.552
2025-09-28 23:32:50 - New best P3-val; checkpoint updated
2025-09-28 23:32:50 - Epoch 22/500 | LR=0.009957 | w_AVO=1.000 | w_P3=2.728 | lambda_MMD=0.300
2025-09-28 23:32:51 - Epoch Summary: TrainLoss=1.5318 | TrainAcc=0.674 | Val(P3)=0.686 | Val(AVO)=0.603
2025-09-28 23:32:51 - New best P3-val; checkpoint updated
2025-09-28 23:32:51 - Epoch 23/500 | LR=0.009952 | w_AVO=1.000 | w_P3=2.728 | lambda_MMD=0.300
2025-09-28 23:32:51 - Epoch Summary: TrainLoss=1.5475 | TrainAcc=0.669 | Val(P3)=0.600 | Val(AVO)=0.642
2025-09-28 23:32:51 - No P3-val improvement; patience remaining: 49/50
2025-09-28 23:32:51 - Epoch 24/500 | LR=0.009948 | w_AVO=1.000 | w_P3=2.728 | lambda_MMD=0.300
2025-09-28 23:32:51 - Epoch Summary: TrainLoss=1.4923 | TrainAcc=0.674 | Val(P3)=0.686 | Val(AVO)=0.548
2025-09-28 23:32:51 - No P3-val improvement; patience remaining: 48/50
2025-09-28 23:32:51 - Epoch 25/500 | LR=0.009943 | w_AVO=1.000 | w_P3=2.728 | lambda_MMD=0.300
2025-09-28 23:32:51 - Epoch Summary: TrainLoss=1.4052 | TrainAcc=0.681 | Val(P3)=0.714 | Val(AVO)=0.568
2025-09-28 23:32:51 - New best P3-val; checkpoint updated
2025-09-28 23:32:51 - Epoch 26/500 | LR=0.009938 | w_AVO=1.000 | w_P3=2.728 | lambda_MMD=0.300
2025-09-28 23:32:51 - Epoch Summary: TrainLoss=1.3793 | TrainAcc=0.679 | Val(P3)=0.686 | Val(AVO)=0.548
2025-09-28 23:32:51 - No P3-val improvement; patience remaining: 49/50
2025-09-28 23:32:51 - Epoch 27/500 | LR=0.009933 | w_AVO=1.000 | w_P3=2.728 | lambda_MMD=0.300
2025-09-28 23:32:52 - Epoch Summary: TrainLoss=1.3546 | TrainAcc=0.686 | Val(P3)=0.657 | Val(AVO)=0.616
2025-09-28 23:32:52 - No P3-val improvement; patience remaining: 48/50
2025-09-28 23:32:52 - P3 val decreasing 3x. Reducing w_small to 2.183, lambda_MMD to 0.150
2025-09-28 23:32:52 - Epoch 28/500 | LR=0.009928 | w_AVO=1.000 | w_P3=2.183 | lambda_MMD=0.150
2025-09-28 23:32:52 - Epoch Summary: TrainLoss=1.1511 | TrainAcc=0.688 | Val(P3)=0.714 | Val(AVO)=0.548
2025-09-28 23:32:52 - No P3-val improvement; patience remaining: 47/50
2025-09-28 23:32:52 - Epoch 29/500 | LR=0.009923 | w_AVO=1.000 | w_P3=2.728 | lambda_MMD=0.300
2025-09-28 23:32:52 - Epoch Summary: TrainLoss=1.2757 | TrainAcc=0.692 | Val(P3)=0.771 | Val(AVO)=0.555
2025-09-28 23:32:52 - New best P3-val; checkpoint updated
2025-09-28 23:32:52 - Epoch 30/500 | LR=0.009917 | w_AVO=1.000 | w_P3=2.728 | lambda_MMD=0.300
2025-09-28 23:32:52 - Epoch Summary: TrainLoss=1.2723 | TrainAcc=0.683 | Val(P3)=0.657 | Val(AVO)=0.532
2025-09-28 23:32:52 - No P3-val improvement; patience remaining: 49/50
2025-09-28 23:32:52 - Epoch 31/500 | LR=0.009911 | w_AVO=1.000 | w_P3=2.728 | lambda_MMD=0.300
2025-09-28 23:32:52 - Epoch Summary: TrainLoss=1.2287 | TrainAcc=0.695 | Val(P3)=0.714 | Val(AVO)=0.526
2025-09-28 23:32:52 - No P3-val improvement; patience remaining: 48/50
2025-09-28 23:32:52 - AVO val decreasing 3x. Reducing lambda_MMD to 0.210
2025-09-28 23:32:52 - Epoch 32/500 | LR=0.009905 | w_AVO=1.000 | w_P3=2.728 | lambda_MMD=0.210
2025-09-28 23:32:52 - Epoch Summary: TrainLoss=1.1918 | TrainAcc=0.695 | Val(P3)=0.686 | Val(AVO)=0.532
2025-09-28 23:32:52 - No P3-val improvement; patience remaining: 47/50
2025-09-28 23:32:52 - Epoch 33/500 | LR=0.009899 | w_AVO=1.000 | w_P3=2.728 | lambda_MMD=0.300
2025-09-28 23:32:53 - Epoch Summary: TrainLoss=1.2056 | TrainAcc=0.693 | Val(P3)=0.714 | Val(AVO)=0.619
2025-09-28 23:32:53 - No P3-val improvement; patience remaining: 46/50
2025-09-28 23:32:53 - Epoch 34/500 | LR=0.009893 | w_AVO=1.000 | w_P3=2.728 | lambda_MMD=0.300
2025-09-28 23:32:53 - Epoch Summary: TrainLoss=1.1879 | TrainAcc=0.687 | Val(P3)=0.629 | Val(AVO)=0.526
2025-09-28 23:32:53 - No P3-val improvement; patience remaining: 45/50
2025-09-28 23:32:53 - Epoch 35/500 | LR=0.009886 | w_AVO=1.000 | w_P3=2.728 | lambda_MMD=0.300
2025-09-28 23:32:53 - Epoch Summary: TrainLoss=1.1454 | TrainAcc=0.699 | Val(P3)=0.657 | Val(AVO)=0.584
2025-09-28 23:32:53 - No P3-val improvement; patience remaining: 44/50
2025-09-28 23:32:53 - Epoch 36/500 | LR=0.009880 | w_AVO=1.000 | w_P3=2.728 | lambda_MMD=0.300
2025-09-28 23:32:53 - Epoch Summary: TrainLoss=1.1066 | TrainAcc=0.707 | Val(P3)=0.743 | Val(AVO)=0.577
2025-09-28 23:32:53 - No P3-val improvement; patience remaining: 43/50
2025-09-28 23:32:53 - Epoch 37/500 | LR=0.009873 | w_AVO=1.000 | w_P3=2.728 | lambda_MMD=0.300
2025-09-28 23:32:53 - Epoch Summary: TrainLoss=1.1421 | TrainAcc=0.700 | Val(P3)=0.686 | Val(AVO)=0.548
2025-09-28 23:32:53 - No P3-val improvement; patience remaining: 42/50
2025-09-28 23:32:53 - AVO val decreasing 3x. Reducing lambda_MMD to 0.210
2025-09-28 23:32:53 - Epoch 38/500 | LR=0.009865 | w_AVO=1.000 | w_P3=2.728 | lambda_MMD=0.210
2025-09-28 23:32:53 - Epoch Summary: TrainLoss=1.0547 | TrainAcc=0.698 | Val(P3)=0.743 | Val(AVO)=0.542
2025-09-28 23:32:53 - No P3-val improvement; patience remaining: 41/50
2025-09-28 23:32:53 - AVO val decreasing 3x. Reducing lambda_MMD to 0.210
2025-09-28 23:32:53 - Epoch 39/500 | LR=0.009858 | w_AVO=1.000 | w_P3=2.728 | lambda_MMD=0.210
2025-09-28 23:32:54 - Epoch Summary: TrainLoss=1.0386 | TrainAcc=0.706 | Val(P3)=0.743 | Val(AVO)=0.545
2025-09-28 23:32:54 - No P3-val improvement; patience remaining: 40/50
2025-09-28 23:32:54 - Epoch 40/500 | LR=0.009851 | w_AVO=1.000 | w_P3=2.728 | lambda_MMD=0.300
2025-09-28 23:32:54 - Epoch Summary: TrainLoss=1.0038 | TrainAcc=0.718 | Val(P3)=0.714 | Val(AVO)=0.587
2025-09-28 23:32:54 - No P3-val improvement; patience remaining: 39/50
2025-09-28 23:32:54 - Epoch 41/500 | LR=0.009843 | w_AVO=1.000 | w_P3=2.728 | lambda_MMD=0.300
2025-09-28 23:32:54 - Epoch Summary: TrainLoss=1.0073 | TrainAcc=0.712 | Val(P3)=0.714 | Val(AVO)=0.581
2025-09-28 23:32:54 - No P3-val improvement; patience remaining: 38/50
2025-09-28 23:32:54 - Epoch 42/500 | LR=0.009835 | w_AVO=1.000 | w_P3=2.728 | lambda_MMD=0.300
2025-09-28 23:32:54 - Epoch Summary: TrainLoss=0.9638 | TrainAcc=0.719 | Val(P3)=0.657 | Val(AVO)=0.552
2025-09-28 23:32:54 - No P3-val improvement; patience remaining: 37/50
2025-09-28 23:32:54 - AVO val decreasing 3x. Reducing lambda_MMD to 0.210
2025-09-28 23:32:54 - Epoch 43/500 | LR=0.009827 | w_AVO=1.000 | w_P3=2.728 | lambda_MMD=0.210
2025-09-28 23:32:54 - Epoch Summary: TrainLoss=0.9415 | TrainAcc=0.705 | Val(P3)=0.743 | Val(AVO)=0.539
2025-09-28 23:32:54 - No P3-val improvement; patience remaining: 36/50
2025-09-28 23:32:54 - AVO val decreasing 3x. Reducing lambda_MMD to 0.210
2025-09-28 23:32:54 - Epoch 44/500 | LR=0.009819 | w_AVO=1.000 | w_P3=2.728 | lambda_MMD=0.210
2025-09-28 23:32:55 - Epoch Summary: TrainLoss=0.9194 | TrainAcc=0.722 | Val(P3)=0.657 | Val(AVO)=0.581
2025-09-28 23:32:55 - No P3-val improvement; patience remaining: 35/50
2025-09-28 23:32:55 - Epoch 45/500 | LR=0.009810 | w_AVO=1.000 | w_P3=2.728 | lambda_MMD=0.300
2025-09-28 23:32:55 - Epoch Summary: TrainLoss=0.9143 | TrainAcc=0.729 | Val(P3)=0.743 | Val(AVO)=0.535
2025-09-28 23:32:55 - No P3-val improvement; patience remaining: 34/50
2025-09-28 23:32:55 - Epoch 46/500 | LR=0.009801 | w_AVO=1.000 | w_P3=2.728 | lambda_MMD=0.300
2025-09-28 23:32:55 - Epoch Summary: TrainLoss=0.9057 | TrainAcc=0.735 | Val(P3)=0.657 | Val(AVO)=0.523
2025-09-28 23:32:55 - No P3-val improvement; patience remaining: 33/50
2025-09-28 23:32:55 - AVO val decreasing 3x. Reducing lambda_MMD to 0.210
2025-09-28 23:32:55 - Epoch 47/500 | LR=0.009793 | w_AVO=1.000 | w_P3=2.728 | lambda_MMD=0.210
2025-09-28 23:32:55 - Epoch Summary: TrainLoss=0.8869 | TrainAcc=0.730 | Val(P3)=0.714 | Val(AVO)=0.565
2025-09-28 23:32:55 - No P3-val improvement; patience remaining: 32/50
2025-09-28 23:32:55 - Epoch 48/500 | LR=0.009784 | w_AVO=1.000 | w_P3=2.728 | lambda_MMD=0.300
2025-09-28 23:32:55 - Epoch Summary: TrainLoss=0.8864 | TrainAcc=0.728 | Val(P3)=0.714 | Val(AVO)=0.519
2025-09-28 23:32:55 - No P3-val improvement; patience remaining: 31/50
2025-09-28 23:32:55 - Epoch 49/500 | LR=0.009774 | w_AVO=1.000 | w_P3=2.728 | lambda_MMD=0.300
2025-09-28 23:32:55 - Epoch Summary: TrainLoss=0.8520 | TrainAcc=0.739 | Val(P3)=0.771 | Val(AVO)=0.529
2025-09-28 23:32:55 - No P3-val improvement; patience remaining: 30/50
2025-09-28 23:32:55 - Epoch 50/500 | LR=0.009765 | w_AVO=1.000 | w_P3=2.728 | lambda_MMD=0.300
2025-09-28 23:32:56 - Epoch Summary: TrainLoss=0.8543 | TrainAcc=0.737 | Val(P3)=0.714 | Val(AVO)=0.516
2025-09-28 23:32:56 - No P3-val improvement; patience remaining: 29/50
2025-09-28 23:32:56 - Epoch 51/500 | LR=0.009755 | w_AVO=1.000 | w_P3=2.728 | lambda_MMD=0.300
2025-09-28 23:32:56 - Epoch Summary: TrainLoss=0.8479 | TrainAcc=0.733 | Val(P3)=0.686 | Val(AVO)=0.568
2025-09-28 23:32:56 - No P3-val improvement; patience remaining: 28/50
2025-09-28 23:32:56 - P3 val decreasing 3x. Reducing w_small to 2.183, lambda_MMD to 0.150
2025-09-28 23:32:56 - Epoch 52/500 | LR=0.009745 | w_AVO=1.000 | w_P3=2.183 | lambda_MMD=0.150
2025-09-28 23:32:56 - Epoch Summary: TrainLoss=0.7509 | TrainAcc=0.740 | Val(P3)=0.743 | Val(AVO)=0.577
2025-09-28 23:32:56 - No P3-val improvement; patience remaining: 27/50
2025-09-28 23:32:56 - Epoch 53/500 | LR=0.009735 | w_AVO=1.000 | w_P3=2.728 | lambda_MMD=0.300
2025-09-28 23:32:56 - Epoch Summary: TrainLoss=0.7987 | TrainAcc=0.746 | Val(P3)=0.714 | Val(AVO)=0.568
2025-09-28 23:32:56 - No P3-val improvement; patience remaining: 26/50
2025-09-28 23:32:56 - Epoch 54/500 | LR=0.009725 | w_AVO=1.000 | w_P3=2.728 | lambda_MMD=0.300
2025-09-28 23:32:56 - Epoch Summary: TrainLoss=0.8260 | TrainAcc=0.734 | Val(P3)=0.686 | Val(AVO)=0.539
2025-09-28 23:32:56 - No P3-val improvement; patience remaining: 25/50
2025-09-28 23:32:56 - P3 val decreasing 3x. Reducing w_small to 2.183, lambda_MMD to 0.150
2025-09-28 23:32:56 - AVO val decreasing 3x. Reducing lambda_MMD to 0.105
2025-09-28 23:32:56 - Epoch 55/500 | LR=0.009715 | w_AVO=1.000 | w_P3=2.183 | lambda_MMD=0.105
2025-09-28 23:32:57 - Epoch Summary: TrainLoss=0.7361 | TrainAcc=0.739 | Val(P3)=0.771 | Val(AVO)=0.542
2025-09-28 23:32:57 - No P3-val improvement; patience remaining: 24/50
2025-09-28 23:32:57 - Epoch 56/500 | LR=0.009704 | w_AVO=1.000 | w_P3=2.728 | lambda_MMD=0.300
2025-09-28 23:32:57 - Epoch Summary: TrainLoss=0.7818 | TrainAcc=0.745 | Val(P3)=0.714 | Val(AVO)=0.558
2025-09-28 23:32:57 - No P3-val improvement; patience remaining: 23/50
2025-09-28 23:32:57 - Epoch 57/500 | LR=0.009694 | w_AVO=1.000 | w_P3=2.728 | lambda_MMD=0.300
2025-09-28 23:32:57 - Epoch Summary: TrainLoss=0.7870 | TrainAcc=0.752 | Val(P3)=0.686 | Val(AVO)=0.626
2025-09-28 23:32:57 - No P3-val improvement; patience remaining: 22/50
2025-09-28 23:32:57 - P3 val decreasing 3x. Reducing w_small to 2.183, lambda_MMD to 0.150
2025-09-28 23:32:57 - Epoch 58/500 | LR=0.009683 | w_AVO=1.000 | w_P3=2.183 | lambda_MMD=0.150
2025-09-28 23:32:57 - Epoch Summary: TrainLoss=0.7166 | TrainAcc=0.739 | Val(P3)=0.657 | Val(AVO)=0.542
2025-09-28 23:32:57 - No P3-val improvement; patience remaining: 21/50
2025-09-28 23:32:57 - P3 val decreasing 3x. Reducing w_small to 2.183, lambda_MMD to 0.150
2025-09-28 23:32:57 - Epoch 59/500 | LR=0.009672 | w_AVO=1.000 | w_P3=2.183 | lambda_MMD=0.150
2025-09-28 23:32:57 - Epoch Summary: TrainLoss=0.7164 | TrainAcc=0.740 | Val(P3)=0.657 | Val(AVO)=0.565
2025-09-28 23:32:57 - No P3-val improvement; patience remaining: 20/50
2025-09-28 23:32:57 - Epoch 60/500 | LR=0.009660 | w_AVO=1.000 | w_P3=2.728 | lambda_MMD=0.300
2025-09-28 23:32:57 - Epoch Summary: TrainLoss=0.7713 | TrainAcc=0.752 | Val(P3)=0.657 | Val(AVO)=0.529
2025-09-28 23:32:57 - No P3-val improvement; patience remaining: 19/50
2025-09-28 23:32:57 - Epoch 61/500 | LR=0.009649 | w_AVO=1.000 | w_P3=2.728 | lambda_MMD=0.300
2025-09-28 23:32:58 - Epoch Summary: TrainLoss=0.7515 | TrainAcc=0.748 | Val(P3)=0.686 | Val(AVO)=0.577
2025-09-28 23:32:58 - No P3-val improvement; patience remaining: 18/50
2025-09-28 23:32:58 - Epoch 62/500 | LR=0.009637 | w_AVO=1.000 | w_P3=2.728 | lambda_MMD=0.300
2025-09-28 23:32:58 - Epoch Summary: TrainLoss=0.7406 | TrainAcc=0.752 | Val(P3)=0.686 | Val(AVO)=0.513
2025-09-28 23:32:58 - No P3-val improvement; patience remaining: 17/50
2025-09-28 23:32:58 - Epoch 63/500 | LR=0.009625 | w_AVO=1.000 | w_P3=2.728 | lambda_MMD=0.300
2025-09-28 23:32:58 - Epoch Summary: TrainLoss=0.7345 | TrainAcc=0.752 | Val(P3)=0.714 | Val(AVO)=0.548
2025-09-28 23:32:58 - No P3-val improvement; patience remaining: 16/50
2025-09-28 23:32:58 - Epoch 64/500 | LR=0.009613 | w_AVO=1.000 | w_P3=2.728 | lambda_MMD=0.300
2025-09-28 23:32:58 - Epoch Summary: TrainLoss=0.7267 | TrainAcc=0.757 | Val(P3)=0.686 | Val(AVO)=0.529
2025-09-28 23:32:58 - No P3-val improvement; patience remaining: 15/50
2025-09-28 23:32:58 - Epoch 65/500 | LR=0.009601 | w_AVO=1.000 | w_P3=2.728 | lambda_MMD=0.300
2025-09-28 23:32:58 - Epoch Summary: TrainLoss=0.7703 | TrainAcc=0.744 | Val(P3)=0.714 | Val(AVO)=0.548
2025-09-28 23:32:58 - No P3-val improvement; patience remaining: 14/50
2025-09-28 23:32:58 - Epoch 66/500 | LR=0.009589 | w_AVO=1.000 | w_P3=2.728 | lambda_MMD=0.300
2025-09-28 23:32:58 - Epoch Summary: TrainLoss=0.7071 | TrainAcc=0.753 | Val(P3)=0.714 | Val(AVO)=0.523
2025-09-28 23:32:58 - No P3-val improvement; patience remaining: 13/50
2025-09-28 23:32:58 - Epoch 67/500 | LR=0.009576 | w_AVO=1.000 | w_P3=2.728 | lambda_MMD=0.300
2025-09-28 23:32:59 - Epoch Summary: TrainLoss=0.7165 | TrainAcc=0.766 | Val(P3)=0.686 | Val(AVO)=0.526
2025-09-28 23:32:59 - No P3-val improvement; patience remaining: 12/50
2025-09-28 23:32:59 - Epoch 68/500 | LR=0.009563 | w_AVO=1.000 | w_P3=2.728 | lambda_MMD=0.300
2025-09-28 23:32:59 - Epoch Summary: TrainLoss=0.7247 | TrainAcc=0.754 | Val(P3)=0.714 | Val(AVO)=0.568
2025-09-28 23:32:59 - No P3-val improvement; patience remaining: 11/50
2025-09-28 23:32:59 - Epoch 69/500 | LR=0.009551 | w_AVO=1.000 | w_P3=2.728 | lambda_MMD=0.300
2025-09-28 23:32:59 - Epoch Summary: TrainLoss=0.7182 | TrainAcc=0.762 | Val(P3)=0.629 | Val(AVO)=0.571
2025-09-28 23:32:59 - No P3-val improvement; patience remaining: 10/50
2025-09-28 23:32:59 - Epoch 70/500 | LR=0.009537 | w_AVO=1.000 | w_P3=2.728 | lambda_MMD=0.300
2025-09-28 23:32:59 - Epoch Summary: TrainLoss=0.7214 | TrainAcc=0.760 | Val(P3)=0.657 | Val(AVO)=0.590
2025-09-28 23:32:59 - No P3-val improvement; patience remaining: 9/50
2025-09-28 23:32:59 - Epoch 71/500 | LR=0.009524 | w_AVO=1.000 | w_P3=2.728 | lambda_MMD=0.300
2025-09-28 23:32:59 - Epoch Summary: TrainLoss=0.6811 | TrainAcc=0.763 | Val(P3)=0.629 | Val(AVO)=0.539
2025-09-28 23:32:59 - No P3-val improvement; patience remaining: 8/50
2025-09-28 23:32:59 - Epoch 72/500 | LR=0.009511 | w_AVO=1.000 | w_P3=2.728 | lambda_MMD=0.300
2025-09-28 23:33:00 - Epoch Summary: TrainLoss=0.6594 | TrainAcc=0.776 | Val(P3)=0.743 | Val(AVO)=0.519
2025-09-28 23:33:00 - No P3-val improvement; patience remaining: 7/50
2025-09-28 23:33:00 - AVO val decreasing 3x. Reducing lambda_MMD to 0.210
2025-09-28 23:33:00 - Epoch 73/500 | LR=0.009497 | w_AVO=1.000 | w_P3=2.728 | lambda_MMD=0.210
2025-09-28 23:33:00 - Epoch Summary: TrainLoss=0.6584 | TrainAcc=0.763 | Val(P3)=0.686 | Val(AVO)=0.584
2025-09-28 23:33:00 - No P3-val improvement; patience remaining: 6/50
2025-09-28 23:33:00 - Epoch 74/500 | LR=0.009483 | w_AVO=1.000 | w_P3=2.728 | lambda_MMD=0.300
2025-09-28 23:33:00 - Epoch Summary: TrainLoss=0.6565 | TrainAcc=0.770 | Val(P3)=0.714 | Val(AVO)=0.532
2025-09-28 23:33:00 - No P3-val improvement; patience remaining: 5/50
2025-09-28 23:33:00 - Epoch 75/500 | LR=0.009469 | w_AVO=1.000 | w_P3=2.728 | lambda_MMD=0.300
2025-09-28 23:33:00 - Epoch Summary: TrainLoss=0.6761 | TrainAcc=0.760 | Val(P3)=0.686 | Val(AVO)=0.539
2025-09-28 23:33:00 - No P3-val improvement; patience remaining: 4/50
2025-09-28 23:33:00 - Epoch 76/500 | LR=0.009455 | w_AVO=1.000 | w_P3=2.728 | lambda_MMD=0.300
2025-09-28 23:33:00 - Epoch Summary: TrainLoss=0.6396 | TrainAcc=0.780 | Val(P3)=0.686 | Val(AVO)=0.552
2025-09-28 23:33:00 - No P3-val improvement; patience remaining: 3/50
2025-09-28 23:33:00 - Epoch 77/500 | LR=0.009441 | w_AVO=1.000 | w_P3=2.728 | lambda_MMD=0.300
2025-09-28 23:33:00 - Epoch Summary: TrainLoss=0.6703 | TrainAcc=0.776 | Val(P3)=0.657 | Val(AVO)=0.590
2025-09-28 23:33:00 - No P3-val improvement; patience remaining: 2/50
2025-09-28 23:33:00 - Epoch 78/500 | LR=0.009426 | w_AVO=1.000 | w_P3=2.728 | lambda_MMD=0.300
2025-09-28 23:33:01 - Epoch Summary: TrainLoss=0.6364 | TrainAcc=0.787 | Val(P3)=0.657 | Val(AVO)=0.535
2025-09-28 23:33:01 - No P3-val improvement; patience remaining: 1/50
2025-09-28 23:33:01 - Epoch 79/500 | LR=0.009411 | w_AVO=1.000 | w_P3=2.728 | lambda_MMD=0.300
2025-09-28 23:33:01 - Epoch Summary: TrainLoss=0.6597 | TrainAcc=0.778 | Val(P3)=0.714 | Val(AVO)=0.558
2025-09-28 23:33:01 - No P3-val improvement; patience remaining: 0/50
2025-09-28 23:33:01 - Early stopping triggered (P3-val)
2025-09-28 23:33:01 -     P3 Test | Acc=0.6709 P=0.6538 R=0.5000 F1=0.5667 AUC=0.6856 (n=79)
2025-09-28 23:33:01 -     AVO Test | Acc=0.5794 P=0.5489 R=0.9743 F1=0.7022 AUC=0.7150 (n=611)
2025-09-28 23:33:01 -     Overall Test Acc=0.5899
2025-09-28 23:33:01 -   Fold 5/5
2025-09-28 23:33:01 - Fold domains: small=P3 (n=278), large=AVO (n=2137)
2025-09-28 23:33:01 - Auto adjustments (symmetric): w_small≈1.000, lambda_MMD_target=0.300, warmup_epochs=5
2025-09-28 23:33:01 - Epoch 1/500 | LR=0.010000 | w_AVO=1.000 | w_P3=1.355 | lambda_MMD=0.060
2025-09-28 23:33:01 - Epoch Summary: TrainLoss=1.6766 | TrainAcc=0.529 | Val(P3)=0.559 | Val(AVO)=0.540
2025-09-28 23:33:01 - New best P3-val; checkpoint updated
2025-09-28 23:33:01 - Epoch 2/500 | LR=0.010000 | w_AVO=1.000 | w_P3=1.709 | lambda_MMD=0.120
2025-09-28 23:33:01 - Epoch Summary: TrainLoss=1.7203 | TrainAcc=0.582 | Val(P3)=0.647 | Val(AVO)=0.630
2025-09-28 23:33:01 - New best P3-val; checkpoint updated
2025-09-28 23:33:01 - Epoch 3/500 | LR=0.010000 | w_AVO=1.000 | w_P3=2.064 | lambda_MMD=0.180
2025-09-28 23:33:01 - Epoch Summary: TrainLoss=1.9075 | TrainAcc=0.586 | Val(P3)=0.588 | Val(AVO)=0.614
2025-09-28 23:33:01 - No P3-val improvement; patience remaining: 49/50
2025-09-28 23:33:01 - Epoch 4/500 | LR=0.009999 | w_AVO=1.000 | w_P3=2.418 | lambda_MMD=0.240
2025-09-28 23:33:01 - Epoch Summary: TrainLoss=2.0830 | TrainAcc=0.607 | Val(P3)=0.618 | Val(AVO)=0.588
2025-09-28 23:33:01 - No P3-val improvement; patience remaining: 48/50
2025-09-28 23:33:01 - AVO val decreasing 3x. Reducing lambda_MMD to 0.210
2025-09-28 23:33:01 - Epoch 5/500 | LR=0.009998 | w_AVO=1.000 | w_P3=2.773 | lambda_MMD=0.210
2025-09-28 23:33:02 - Epoch Summary: TrainLoss=2.2733 | TrainAcc=0.603 | Val(P3)=0.559 | Val(AVO)=0.592
2025-09-28 23:33:02 - No P3-val improvement; patience remaining: 47/50
2025-09-28 23:33:02 - Epoch 6/500 | LR=0.009998 | w_AVO=1.000 | w_P3=2.773 | lambda_MMD=0.300
2025-09-28 23:33:02 - Epoch Summary: TrainLoss=2.2007 | TrainAcc=0.630 | Val(P3)=0.588 | Val(AVO)=0.579
2025-09-28 23:33:02 - No P3-val improvement; patience remaining: 46/50
2025-09-28 23:33:02 - Epoch 7/500 | LR=0.009996 | w_AVO=1.000 | w_P3=2.773 | lambda_MMD=0.300
2025-09-28 23:33:02 - Epoch Summary: TrainLoss=2.1339 | TrainAcc=0.640 | Val(P3)=0.588 | Val(AVO)=0.611
2025-09-28 23:33:02 - No P3-val improvement; patience remaining: 45/50
2025-09-28 23:33:02 - Epoch 8/500 | LR=0.009995 | w_AVO=1.000 | w_P3=2.773 | lambda_MMD=0.300
2025-09-28 23:33:02 - Epoch Summary: TrainLoss=2.0204 | TrainAcc=0.649 | Val(P3)=0.529 | Val(AVO)=0.627
2025-09-28 23:33:02 - No P3-val improvement; patience remaining: 44/50
2025-09-28 23:33:02 - Epoch 9/500 | LR=0.009994 | w_AVO=1.000 | w_P3=2.773 | lambda_MMD=0.300
2025-09-28 23:33:02 - Epoch Summary: TrainLoss=2.0140 | TrainAcc=0.643 | Val(P3)=0.588 | Val(AVO)=0.582
2025-09-28 23:33:02 - No P3-val improvement; patience remaining: 43/50
2025-09-28 23:33:02 - Epoch 10/500 | LR=0.009992 | w_AVO=1.000 | w_P3=2.773 | lambda_MMD=0.300
2025-09-28 23:33:02 - Epoch Summary: TrainLoss=2.0043 | TrainAcc=0.648 | Val(P3)=0.647 | Val(AVO)=0.662
2025-09-28 23:33:02 - No P3-val improvement; patience remaining: 42/50
2025-09-28 23:33:02 - Epoch 11/500 | LR=0.009990 | w_AVO=1.000 | w_P3=2.773 | lambda_MMD=0.300
2025-09-28 23:33:03 - Epoch Summary: TrainLoss=1.8874 | TrainAcc=0.649 | Val(P3)=0.588 | Val(AVO)=0.601
2025-09-28 23:33:03 - No P3-val improvement; patience remaining: 41/50
2025-09-28 23:33:03 - Epoch 12/500 | LR=0.009988 | w_AVO=1.000 | w_P3=2.773 | lambda_MMD=0.300
2025-09-28 23:33:03 - Epoch Summary: TrainLoss=1.8758 | TrainAcc=0.652 | Val(P3)=0.559 | Val(AVO)=0.579
2025-09-28 23:33:03 - No P3-val improvement; patience remaining: 40/50
2025-09-28 23:33:03 - P3 val decreasing 3x. Reducing w_small to 2.218, lambda_MMD to 0.150
2025-09-28 23:33:03 - AVO val decreasing 3x. Reducing lambda_MMD to 0.105
2025-09-28 23:33:03 - Epoch 13/500 | LR=0.009986 | w_AVO=1.000 | w_P3=2.218 | lambda_MMD=0.105
2025-09-28 23:33:03 - Epoch Summary: TrainLoss=1.6041 | TrainAcc=0.649 | Val(P3)=0.588 | Val(AVO)=0.550
2025-09-28 23:33:03 - No P3-val improvement; patience remaining: 39/50
2025-09-28 23:33:03 - AVO val decreasing 3x. Reducing lambda_MMD to 0.210
2025-09-28 23:33:03 - Epoch 14/500 | LR=0.009983 | w_AVO=1.000 | w_P3=2.773 | lambda_MMD=0.210
2025-09-28 23:33:03 - Epoch Summary: TrainLoss=1.8327 | TrainAcc=0.650 | Val(P3)=0.559 | Val(AVO)=0.608
2025-09-28 23:33:03 - No P3-val improvement; patience remaining: 38/50
2025-09-28 23:33:03 - Epoch 15/500 | LR=0.009981 | w_AVO=1.000 | w_P3=2.773 | lambda_MMD=0.300
2025-09-28 23:33:03 - Epoch Summary: TrainLoss=1.7781 | TrainAcc=0.647 | Val(P3)=0.588 | Val(AVO)=0.595
2025-09-28 23:33:03 - No P3-val improvement; patience remaining: 37/50
2025-09-28 23:33:03 - Epoch 16/500 | LR=0.009978 | w_AVO=1.000 | w_P3=2.773 | lambda_MMD=0.300
2025-09-28 23:33:03 - Epoch Summary: TrainLoss=1.7154 | TrainAcc=0.650 | Val(P3)=0.618 | Val(AVO)=0.582
2025-09-28 23:33:03 - No P3-val improvement; patience remaining: 36/50
2025-09-28 23:33:03 - AVO val decreasing 3x. Reducing lambda_MMD to 0.210
2025-09-28 23:33:03 - Epoch 17/500 | LR=0.009975 | w_AVO=1.000 | w_P3=2.773 | lambda_MMD=0.210
2025-09-28 23:33:04 - Epoch Summary: TrainLoss=1.6972 | TrainAcc=0.649 | Val(P3)=0.588 | Val(AVO)=0.559
2025-09-28 23:33:04 - No P3-val improvement; patience remaining: 35/50
2025-09-28 23:33:04 - AVO val decreasing 3x. Reducing lambda_MMD to 0.210
2025-09-28 23:33:04 - Epoch 18/500 | LR=0.009972 | w_AVO=1.000 | w_P3=2.773 | lambda_MMD=0.210
2025-09-28 23:33:04 - Epoch Summary: TrainLoss=1.6110 | TrainAcc=0.659 | Val(P3)=0.529 | Val(AVO)=0.630
2025-09-28 23:33:04 - No P3-val improvement; patience remaining: 34/50
2025-09-28 23:33:04 - P3 val decreasing 3x. Reducing w_small to 2.218, lambda_MMD to 0.150
2025-09-28 23:33:04 - Epoch 19/500 | LR=0.009968 | w_AVO=1.000 | w_P3=2.218 | lambda_MMD=0.150
2025-09-28 23:33:04 - Epoch Summary: TrainLoss=1.4003 | TrainAcc=0.659 | Val(P3)=0.588 | Val(AVO)=0.524
2025-09-28 23:33:04 - No P3-val improvement; patience remaining: 33/50
2025-09-28 23:33:04 - Epoch 20/500 | LR=0.009964 | w_AVO=1.000 | w_P3=2.773 | lambda_MMD=0.300
2025-09-28 23:33:04 - Epoch Summary: TrainLoss=1.5790 | TrainAcc=0.658 | Val(P3)=0.588 | Val(AVO)=0.556
2025-09-28 23:33:04 - No P3-val improvement; patience remaining: 32/50
2025-09-28 23:33:04 - Epoch 21/500 | LR=0.009961 | w_AVO=1.000 | w_P3=2.773 | lambda_MMD=0.300
2025-09-28 23:33:04 - Epoch Summary: TrainLoss=1.5421 | TrainAcc=0.673 | Val(P3)=0.559 | Val(AVO)=0.605
2025-09-28 23:33:04 - No P3-val improvement; patience remaining: 31/50
2025-09-28 23:33:04 - Epoch 22/500 | LR=0.009957 | w_AVO=1.000 | w_P3=2.773 | lambda_MMD=0.300
2025-09-28 23:33:04 - Epoch Summary: TrainLoss=1.5098 | TrainAcc=0.673 | Val(P3)=0.588 | Val(AVO)=0.572
2025-09-28 23:33:04 - No P3-val improvement; patience remaining: 30/50
2025-09-28 23:33:04 - Epoch 23/500 | LR=0.009952 | w_AVO=1.000 | w_P3=2.773 | lambda_MMD=0.300
2025-09-28 23:33:05 - Epoch Summary: TrainLoss=1.4727 | TrainAcc=0.669 | Val(P3)=0.588 | Val(AVO)=0.576
2025-09-28 23:33:05 - No P3-val improvement; patience remaining: 29/50
2025-09-28 23:33:05 - Epoch 24/500 | LR=0.009948 | w_AVO=1.000 | w_P3=2.773 | lambda_MMD=0.300
2025-09-28 23:33:05 - Epoch Summary: TrainLoss=1.4117 | TrainAcc=0.675 | Val(P3)=0.559 | Val(AVO)=0.601
2025-09-28 23:33:05 - No P3-val improvement; patience remaining: 28/50
2025-09-28 23:33:05 - Epoch 25/500 | LR=0.009943 | w_AVO=1.000 | w_P3=2.773 | lambda_MMD=0.300
2025-09-28 23:33:05 - Epoch Summary: TrainLoss=1.4199 | TrainAcc=0.668 | Val(P3)=0.588 | Val(AVO)=0.608
2025-09-28 23:33:05 - No P3-val improvement; patience remaining: 27/50
2025-09-28 23:33:05 - Epoch 26/500 | LR=0.009938 | w_AVO=1.000 | w_P3=2.773 | lambda_MMD=0.300
2025-09-28 23:33:05 - Epoch Summary: TrainLoss=1.4375 | TrainAcc=0.669 | Val(P3)=0.529 | Val(AVO)=0.598
2025-09-28 23:33:05 - No P3-val improvement; patience remaining: 26/50
2025-09-28 23:33:05 - Epoch 27/500 | LR=0.009933 | w_AVO=1.000 | w_P3=2.773 | lambda_MMD=0.300
2025-09-28 23:33:05 - Epoch Summary: TrainLoss=1.3779 | TrainAcc=0.673 | Val(P3)=0.588 | Val(AVO)=0.569
2025-09-28 23:33:05 - No P3-val improvement; patience remaining: 25/50
2025-09-28 23:33:05 - AVO val decreasing 3x. Reducing lambda_MMD to 0.210
2025-09-28 23:33:05 - Epoch 28/500 | LR=0.009928 | w_AVO=1.000 | w_P3=2.773 | lambda_MMD=0.210
2025-09-28 23:33:06 - Epoch Summary: TrainLoss=1.3328 | TrainAcc=0.675 | Val(P3)=0.559 | Val(AVO)=0.592
2025-09-28 23:33:06 - No P3-val improvement; patience remaining: 24/50
2025-09-28 23:33:06 - Epoch 29/500 | LR=0.009923 | w_AVO=1.000 | w_P3=2.773 | lambda_MMD=0.300
2025-09-28 23:33:06 - Epoch Summary: TrainLoss=1.3025 | TrainAcc=0.682 | Val(P3)=0.647 | Val(AVO)=0.540
2025-09-28 23:33:06 - No P3-val improvement; patience remaining: 23/50
2025-09-28 23:33:06 - Epoch 30/500 | LR=0.009917 | w_AVO=1.000 | w_P3=2.773 | lambda_MMD=0.300
2025-09-28 23:33:06 - Epoch Summary: TrainLoss=1.2730 | TrainAcc=0.682 | Val(P3)=0.559 | Val(AVO)=0.617
2025-09-28 23:33:06 - No P3-val improvement; patience remaining: 22/50
2025-09-28 23:33:06 - Epoch 31/500 | LR=0.009911 | w_AVO=1.000 | w_P3=2.773 | lambda_MMD=0.300
2025-09-28 23:33:06 - Epoch Summary: TrainLoss=1.2992 | TrainAcc=0.683 | Val(P3)=0.559 | Val(AVO)=0.582
2025-09-28 23:33:06 - No P3-val improvement; patience remaining: 21/50
2025-09-28 23:33:06 - Epoch 32/500 | LR=0.009905 | w_AVO=1.000 | w_P3=2.773 | lambda_MMD=0.300
2025-09-28 23:33:06 - Epoch Summary: TrainLoss=1.2418 | TrainAcc=0.682 | Val(P3)=0.618 | Val(AVO)=0.537
2025-09-28 23:33:06 - No P3-val improvement; patience remaining: 20/50
2025-09-28 23:33:06 - AVO val decreasing 3x. Reducing lambda_MMD to 0.210
2025-09-28 23:33:06 - Epoch 33/500 | LR=0.009899 | w_AVO=1.000 | w_P3=2.773 | lambda_MMD=0.210
2025-09-28 23:33:06 - Epoch Summary: TrainLoss=1.2602 | TrainAcc=0.695 | Val(P3)=0.676 | Val(AVO)=0.534
2025-09-28 23:33:06 - New best P3-val; checkpoint updated
2025-09-28 23:33:06 - AVO val decreasing 3x. Reducing lambda_MMD to 0.210
2025-09-28 23:33:06 - Epoch 34/500 | LR=0.009893 | w_AVO=1.000 | w_P3=2.773 | lambda_MMD=0.210
2025-09-28 23:33:07 - Epoch Summary: TrainLoss=1.1942 | TrainAcc=0.684 | Val(P3)=0.588 | Val(AVO)=0.524
2025-09-28 23:33:07 - No P3-val improvement; patience remaining: 49/50
2025-09-28 23:33:07 - AVO val decreasing 3x. Reducing lambda_MMD to 0.210
2025-09-28 23:33:07 - Epoch 35/500 | LR=0.009886 | w_AVO=1.000 | w_P3=2.773 | lambda_MMD=0.210
2025-09-28 23:33:07 - Epoch Summary: TrainLoss=1.1127 | TrainAcc=0.686 | Val(P3)=0.647 | Val(AVO)=0.556
2025-09-28 23:33:07 - No P3-val improvement; patience remaining: 48/50
2025-09-28 23:33:07 - Epoch 36/500 | LR=0.009880 | w_AVO=1.000 | w_P3=2.773 | lambda_MMD=0.300
2025-09-28 23:33:07 - Epoch Summary: TrainLoss=1.1471 | TrainAcc=0.688 | Val(P3)=0.588 | Val(AVO)=0.537
2025-09-28 23:33:07 - No P3-val improvement; patience remaining: 47/50
2025-09-28 23:33:07 - Epoch 37/500 | LR=0.009873 | w_AVO=1.000 | w_P3=2.773 | lambda_MMD=0.300
2025-09-28 23:33:07 - Epoch Summary: TrainLoss=1.1255 | TrainAcc=0.694 | Val(P3)=0.559 | Val(AVO)=0.556
2025-09-28 23:33:07 - No P3-val improvement; patience remaining: 46/50
2025-09-28 23:33:07 - P3 val decreasing 3x. Reducing w_small to 2.218, lambda_MMD to 0.150
2025-09-28 23:33:07 - Epoch 38/500 | LR=0.009865 | w_AVO=1.000 | w_P3=2.218 | lambda_MMD=0.150
2025-09-28 23:33:07 - Epoch Summary: TrainLoss=0.9991 | TrainAcc=0.697 | Val(P3)=0.647 | Val(AVO)=0.527
2025-09-28 23:33:07 - No P3-val improvement; patience remaining: 45/50
2025-09-28 23:33:07 - Epoch 39/500 | LR=0.009858 | w_AVO=1.000 | w_P3=2.773 | lambda_MMD=0.300
2025-09-28 23:33:07 - Epoch Summary: TrainLoss=1.1305 | TrainAcc=0.690 | Val(P3)=0.647 | Val(AVO)=0.527
2025-09-28 23:33:07 - No P3-val improvement; patience remaining: 44/50
2025-09-28 23:33:07 - Epoch 40/500 | LR=0.009851 | w_AVO=1.000 | w_P3=2.773 | lambda_MMD=0.300
2025-09-28 23:33:08 - Epoch Summary: TrainLoss=1.0757 | TrainAcc=0.702 | Val(P3)=0.559 | Val(AVO)=0.566
2025-09-28 23:33:08 - No P3-val improvement; patience remaining: 43/50
2025-09-28 23:33:08 - Epoch 41/500 | LR=0.009843 | w_AVO=1.000 | w_P3=2.773 | lambda_MMD=0.300
2025-09-28 23:33:08 - Epoch Summary: TrainLoss=1.0209 | TrainAcc=0.702 | Val(P3)=0.529 | Val(AVO)=0.582
2025-09-28 23:33:08 - No P3-val improvement; patience remaining: 42/50
2025-09-28 23:33:08 - P3 val decreasing 3x. Reducing w_small to 2.218, lambda_MMD to 0.150
2025-09-28 23:33:08 - Epoch 42/500 | LR=0.009835 | w_AVO=1.000 | w_P3=2.218 | lambda_MMD=0.150
2025-09-28 23:33:08 - Epoch Summary: TrainLoss=0.9175 | TrainAcc=0.702 | Val(P3)=0.618 | Val(AVO)=0.518
2025-09-28 23:33:08 - No P3-val improvement; patience remaining: 41/50
2025-09-28 23:33:08 - Epoch 43/500 | LR=0.009827 | w_AVO=1.000 | w_P3=2.773 | lambda_MMD=0.300
2025-09-28 23:33:08 - Epoch Summary: TrainLoss=1.0677 | TrainAcc=0.701 | Val(P3)=0.618 | Val(AVO)=0.534
2025-09-28 23:33:08 - No P3-val improvement; patience remaining: 40/50
2025-09-28 23:33:08 - Epoch 44/500 | LR=0.009819 | w_AVO=1.000 | w_P3=2.773 | lambda_MMD=0.300
2025-09-28 23:33:08 - Epoch Summary: TrainLoss=1.0441 | TrainAcc=0.701 | Val(P3)=0.618 | Val(AVO)=0.527
2025-09-28 23:33:08 - No P3-val improvement; patience remaining: 39/50
2025-09-28 23:33:08 - Epoch 45/500 | LR=0.009810 | w_AVO=1.000 | w_P3=2.773 | lambda_MMD=0.300
2025-09-28 23:33:08 - Epoch Summary: TrainLoss=1.0056 | TrainAcc=0.706 | Val(P3)=0.647 | Val(AVO)=0.514
2025-09-28 23:33:08 - No P3-val improvement; patience remaining: 38/50
2025-09-28 23:33:08 - AVO val decreasing 3x. Reducing lambda_MMD to 0.210
2025-09-28 23:33:08 - Epoch 46/500 | LR=0.009801 | w_AVO=1.000 | w_P3=2.773 | lambda_MMD=0.210
2025-09-28 23:33:09 - Epoch Summary: TrainLoss=0.9778 | TrainAcc=0.701 | Val(P3)=0.588 | Val(AVO)=0.592
2025-09-28 23:33:09 - No P3-val improvement; patience remaining: 37/50
2025-09-28 23:33:09 - Epoch 47/500 | LR=0.009793 | w_AVO=1.000 | w_P3=2.773 | lambda_MMD=0.300
2025-09-28 23:33:09 - Epoch Summary: TrainLoss=0.9751 | TrainAcc=0.704 | Val(P3)=0.647 | Val(AVO)=0.537
2025-09-28 23:33:09 - No P3-val improvement; patience remaining: 36/50
2025-09-28 23:33:09 - Epoch 48/500 | LR=0.009784 | w_AVO=1.000 | w_P3=2.773 | lambda_MMD=0.300
2025-09-28 23:33:09 - Epoch Summary: TrainLoss=0.9828 | TrainAcc=0.700 | Val(P3)=0.559 | Val(AVO)=0.611
2025-09-28 23:33:09 - No P3-val improvement; patience remaining: 35/50
2025-09-28 23:33:09 - Epoch 49/500 | LR=0.009774 | w_AVO=1.000 | w_P3=2.773 | lambda_MMD=0.300
2025-09-28 23:33:09 - Epoch Summary: TrainLoss=0.9237 | TrainAcc=0.706 | Val(P3)=0.559 | Val(AVO)=0.579
2025-09-28 23:33:09 - No P3-val improvement; patience remaining: 34/50
2025-09-28 23:33:09 - Epoch 50/500 | LR=0.009765 | w_AVO=1.000 | w_P3=2.773 | lambda_MMD=0.300
2025-09-28 23:33:09 - Epoch Summary: TrainLoss=0.9304 | TrainAcc=0.713 | Val(P3)=0.559 | Val(AVO)=0.553
2025-09-28 23:33:09 - No P3-val improvement; patience remaining: 33/50
2025-09-28 23:33:09 - AVO val decreasing 3x. Reducing lambda_MMD to 0.210
2025-09-28 23:33:09 - Epoch 51/500 | LR=0.009755 | w_AVO=1.000 | w_P3=2.773 | lambda_MMD=0.210
2025-09-28 23:33:10 - Epoch Summary: TrainLoss=0.9075 | TrainAcc=0.722 | Val(P3)=0.588 | Val(AVO)=0.540
2025-09-28 23:33:10 - No P3-val improvement; patience remaining: 32/50
2025-09-28 23:33:10 - AVO val decreasing 3x. Reducing lambda_MMD to 0.210
2025-09-28 23:33:10 - Epoch 52/500 | LR=0.009745 | w_AVO=1.000 | w_P3=2.773 | lambda_MMD=0.210
2025-09-28 23:33:10 - Epoch Summary: TrainLoss=0.9132 | TrainAcc=0.706 | Val(P3)=0.588 | Val(AVO)=0.547
2025-09-28 23:33:10 - No P3-val improvement; patience remaining: 31/50
2025-09-28 23:33:10 - Epoch 53/500 | LR=0.009735 | w_AVO=1.000 | w_P3=2.773 | lambda_MMD=0.300
2025-09-28 23:33:10 - Epoch Summary: TrainLoss=0.8835 | TrainAcc=0.724 | Val(P3)=0.529 | Val(AVO)=0.601
2025-09-28 23:33:10 - No P3-val improvement; patience remaining: 30/50
2025-09-28 23:33:10 - Epoch 54/500 | LR=0.009725 | w_AVO=1.000 | w_P3=2.773 | lambda_MMD=0.300
2025-09-28 23:33:10 - Epoch Summary: TrainLoss=0.8919 | TrainAcc=0.708 | Val(P3)=0.529 | Val(AVO)=0.540
2025-09-28 23:33:10 - No P3-val improvement; patience remaining: 29/50
2025-09-28 23:33:10 - Epoch 55/500 | LR=0.009715 | w_AVO=1.000 | w_P3=2.773 | lambda_MMD=0.300
2025-09-28 23:33:10 - Epoch Summary: TrainLoss=0.8792 | TrainAcc=0.719 | Val(P3)=0.529 | Val(AVO)=0.559
2025-09-28 23:33:10 - No P3-val improvement; patience remaining: 28/50
2025-09-28 23:33:10 - Epoch 56/500 | LR=0.009704 | w_AVO=1.000 | w_P3=2.773 | lambda_MMD=0.300
2025-09-28 23:33:10 - Epoch Summary: TrainLoss=0.8585 | TrainAcc=0.714 | Val(P3)=0.588 | Val(AVO)=0.540
2025-09-28 23:33:10 - No P3-val improvement; patience remaining: 27/50
2025-09-28 23:33:10 - Epoch 57/500 | LR=0.009694 | w_AVO=1.000 | w_P3=2.773 | lambda_MMD=0.300
2025-09-28 23:33:11 - Epoch Summary: TrainLoss=0.8753 | TrainAcc=0.711 | Val(P3)=0.618 | Val(AVO)=0.582
2025-09-28 23:33:11 - No P3-val improvement; patience remaining: 26/50
2025-09-28 23:33:11 - Epoch 58/500 | LR=0.009683 | w_AVO=1.000 | w_P3=2.773 | lambda_MMD=0.300
2025-09-28 23:33:11 - Epoch Summary: TrainLoss=0.8208 | TrainAcc=0.737 | Val(P3)=0.529 | Val(AVO)=0.556
2025-09-28 23:33:11 - No P3-val improvement; patience remaining: 25/50
2025-09-28 23:33:11 - Epoch 59/500 | LR=0.009672 | w_AVO=1.000 | w_P3=2.773 | lambda_MMD=0.300
2025-09-28 23:33:11 - Epoch Summary: TrainLoss=0.8175 | TrainAcc=0.722 | Val(P3)=0.500 | Val(AVO)=0.547
2025-09-28 23:33:11 - No P3-val improvement; patience remaining: 24/50
2025-09-28 23:33:11 - P3 val decreasing 3x. Reducing w_small to 2.218, lambda_MMD to 0.150
2025-09-28 23:33:11 - AVO val decreasing 3x. Reducing lambda_MMD to 0.105
2025-09-28 23:33:11 - Epoch 60/500 | LR=0.009660 | w_AVO=1.000 | w_P3=2.218 | lambda_MMD=0.105
2025-09-28 23:33:12 - Epoch Summary: TrainLoss=0.7973 | TrainAcc=0.715 | Val(P3)=0.588 | Val(AVO)=0.531
2025-09-28 23:33:12 - No P3-val improvement; patience remaining: 23/50
2025-09-28 23:33:12 - AVO val decreasing 3x. Reducing lambda_MMD to 0.210
2025-09-28 23:33:12 - Epoch 61/500 | LR=0.009649 | w_AVO=1.000 | w_P3=2.773 | lambda_MMD=0.210
2025-09-28 23:33:13 - Epoch Summary: TrainLoss=0.8020 | TrainAcc=0.738 | Val(P3)=0.588 | Val(AVO)=0.566
2025-09-28 23:33:13 - No P3-val improvement; patience remaining: 22/50
2025-09-28 23:33:13 - Epoch 62/500 | LR=0.009637 | w_AVO=1.000 | w_P3=2.773 | lambda_MMD=0.300
2025-09-28 23:33:13 - Epoch Summary: TrainLoss=0.8183 | TrainAcc=0.730 | Val(P3)=0.559 | Val(AVO)=0.588
2025-09-28 23:33:13 - No P3-val improvement; patience remaining: 21/50
2025-09-28 23:33:13 - Epoch 63/500 | LR=0.009625 | w_AVO=1.000 | w_P3=2.773 | lambda_MMD=0.300
2025-09-28 23:33:14 - Epoch Summary: TrainLoss=0.8255 | TrainAcc=0.714 | Val(P3)=0.618 | Val(AVO)=0.556
2025-09-28 23:33:14 - No P3-val improvement; patience remaining: 20/50
2025-09-28 23:33:14 - Epoch 64/500 | LR=0.009613 | w_AVO=1.000 | w_P3=2.773 | lambda_MMD=0.300
2025-09-28 23:33:15 - Epoch Summary: TrainLoss=0.8085 | TrainAcc=0.729 | Val(P3)=0.559 | Val(AVO)=0.579
2025-09-28 23:33:15 - No P3-val improvement; patience remaining: 19/50
2025-09-28 23:33:15 - Epoch 65/500 | LR=0.009601 | w_AVO=1.000 | w_P3=2.773 | lambda_MMD=0.300
2025-09-28 23:33:17 - Epoch Summary: TrainLoss=0.7960 | TrainAcc=0.747 | Val(P3)=0.559 | Val(AVO)=0.563
2025-09-28 23:33:17 - No P3-val improvement; patience remaining: 18/50
2025-09-28 23:33:17 - Epoch 66/500 | LR=0.009589 | w_AVO=1.000 | w_P3=2.773 | lambda_MMD=0.300
2025-09-28 23:33:19 - Epoch Summary: TrainLoss=0.7604 | TrainAcc=0.741 | Val(P3)=0.529 | Val(AVO)=0.608
2025-09-28 23:33:19 - No P3-val improvement; patience remaining: 17/50
2025-09-28 23:33:19 - Epoch 67/500 | LR=0.009576 | w_AVO=1.000 | w_P3=2.773 | lambda_MMD=0.300
2025-09-28 23:33:20 - Epoch Summary: TrainLoss=0.7443 | TrainAcc=0.738 | Val(P3)=0.588 | Val(AVO)=0.521
2025-09-28 23:33:20 - No P3-val improvement; patience remaining: 16/50
2025-09-28 23:33:20 - Epoch 68/500 | LR=0.009563 | w_AVO=1.000 | w_P3=2.773 | lambda_MMD=0.300
2025-09-28 23:33:20 - Epoch Summary: TrainLoss=0.7693 | TrainAcc=0.746 | Val(P3)=0.588 | Val(AVO)=0.537
2025-09-28 23:33:20 - No P3-val improvement; patience remaining: 15/50
2025-09-28 23:33:20 - Epoch 69/500 | LR=0.009551 | w_AVO=1.000 | w_P3=2.773 | lambda_MMD=0.300
2025-09-28 23:33:21 - Epoch Summary: TrainLoss=0.7470 | TrainAcc=0.748 | Val(P3)=0.618 | Val(AVO)=0.550
2025-09-28 23:33:21 - No P3-val improvement; patience remaining: 14/50
2025-09-28 23:33:21 - Epoch 70/500 | LR=0.009537 | w_AVO=1.000 | w_P3=2.773 | lambda_MMD=0.300
2025-09-28 23:33:21 - Epoch Summary: TrainLoss=0.7236 | TrainAcc=0.750 | Val(P3)=0.559 | Val(AVO)=0.534
2025-09-28 23:33:21 - No P3-val improvement; patience remaining: 13/50
2025-09-28 23:33:21 - Epoch 71/500 | LR=0.009524 | w_AVO=1.000 | w_P3=2.773 | lambda_MMD=0.300
2025-09-28 23:33:22 - Epoch Summary: TrainLoss=0.7288 | TrainAcc=0.743 | Val(P3)=0.529 | Val(AVO)=0.550
2025-09-28 23:33:22 - No P3-val improvement; patience remaining: 12/50
2025-09-28 23:33:22 - P3 val decreasing 3x. Reducing w_small to 2.218, lambda_MMD to 0.150
2025-09-28 23:33:22 - Epoch 72/500 | LR=0.009511 | w_AVO=1.000 | w_P3=2.218 | lambda_MMD=0.150
2025-09-28 23:33:22 - Epoch Summary: TrainLoss=0.6797 | TrainAcc=0.754 | Val(P3)=0.588 | Val(AVO)=0.595
2025-09-28 23:33:22 - No P3-val improvement; patience remaining: 11/50
2025-09-28 23:33:22 - Epoch 73/500 | LR=0.009497 | w_AVO=1.000 | w_P3=2.773 | lambda_MMD=0.300
2025-09-28 23:33:23 - Epoch Summary: TrainLoss=0.7372 | TrainAcc=0.735 | Val(P3)=0.529 | Val(AVO)=0.534
2025-09-28 23:33:23 - No P3-val improvement; patience remaining: 10/50
2025-09-28 23:33:23 - Epoch 74/500 | LR=0.009483 | w_AVO=1.000 | w_P3=2.773 | lambda_MMD=0.300
2025-09-28 23:33:24 - Epoch Summary: TrainLoss=0.7080 | TrainAcc=0.752 | Val(P3)=0.588 | Val(AVO)=0.550
2025-09-28 23:33:24 - No P3-val improvement; patience remaining: 9/50
2025-09-28 23:33:24 - Epoch 75/500 | LR=0.009469 | w_AVO=1.000 | w_P3=2.773 | lambda_MMD=0.300
2025-09-28 23:33:25 - Epoch Summary: TrainLoss=0.7189 | TrainAcc=0.751 | Val(P3)=0.588 | Val(AVO)=0.540
2025-09-28 23:33:25 - No P3-val improvement; patience remaining: 8/50
2025-09-28 23:33:25 - Epoch 76/500 | LR=0.009455 | w_AVO=1.000 | w_P3=2.773 | lambda_MMD=0.300
2025-09-28 23:33:27 - Epoch Summary: TrainLoss=0.7196 | TrainAcc=0.747 | Val(P3)=0.588 | Val(AVO)=0.588
2025-09-28 23:33:27 - No P3-val improvement; patience remaining: 7/50
2025-09-28 23:33:27 - Epoch 77/500 | LR=0.009441 | w_AVO=1.000 | w_P3=2.773 | lambda_MMD=0.300
2025-09-28 23:33:28 - Epoch Summary: TrainLoss=0.7083 | TrainAcc=0.749 | Val(P3)=0.588 | Val(AVO)=0.547
2025-09-28 23:33:28 - No P3-val improvement; patience remaining: 6/50
2025-09-28 23:33:28 - Epoch 78/500 | LR=0.009426 | w_AVO=1.000 | w_P3=2.773 | lambda_MMD=0.300
2025-09-28 23:33:29 - Epoch Summary: TrainLoss=0.6814 | TrainAcc=0.765 | Val(P3)=0.618 | Val(AVO)=0.540
2025-09-28 23:33:29 - No P3-val improvement; patience remaining: 5/50
2025-09-28 23:33:29 - AVO val decreasing 3x. Reducing lambda_MMD to 0.210
2025-09-28 23:33:29 - Epoch 79/500 | LR=0.009411 | w_AVO=1.000 | w_P3=2.773 | lambda_MMD=0.210
2025-09-28 23:33:30 - Epoch Summary: TrainLoss=0.6894 | TrainAcc=0.750 | Val(P3)=0.618 | Val(AVO)=0.582
2025-09-28 23:33:30 - No P3-val improvement; patience remaining: 4/50
2025-09-28 23:33:30 - Epoch 80/500 | LR=0.009397 | w_AVO=1.000 | w_P3=2.773 | lambda_MMD=0.300
2025-09-28 23:33:32 - Epoch Summary: TrainLoss=0.6745 | TrainAcc=0.763 | Val(P3)=0.559 | Val(AVO)=0.614
2025-09-28 23:33:32 - No P3-val improvement; patience remaining: 3/50
2025-09-28 23:33:32 - Epoch 81/500 | LR=0.009382 | w_AVO=1.000 | w_P3=2.773 | lambda_MMD=0.300
2025-09-28 23:33:32 - Epoch Summary: TrainLoss=0.6994 | TrainAcc=0.748 | Val(P3)=0.647 | Val(AVO)=0.505
2025-09-28 23:33:32 - No P3-val improvement; patience remaining: 2/50
2025-09-28 23:33:32 - Epoch 82/500 | LR=0.009366 | w_AVO=1.000 | w_P3=2.773 | lambda_MMD=0.300
2025-09-28 23:33:33 - Epoch Summary: TrainLoss=0.7177 | TrainAcc=0.756 | Val(P3)=0.529 | Val(AVO)=0.624
2025-09-28 23:33:33 - No P3-val improvement; patience remaining: 1/50
2025-09-28 23:33:33 - Epoch 83/500 | LR=0.009351 | w_AVO=1.000 | w_P3=2.773 | lambda_MMD=0.300
2025-09-28 23:33:33 - Epoch Summary: TrainLoss=0.6746 | TrainAcc=0.754 | Val(P3)=0.618 | Val(AVO)=0.521
2025-09-28 23:33:33 - No P3-val improvement; patience remaining: 0/50
2025-09-28 23:33:33 - Early stopping triggered (P3-val)
2025-09-28 23:33:33 -     P3 Test | Acc=0.6250 P=0.5714 R=0.7805 F1=0.6598 AUC=0.6772 (n=88)
2025-09-28 23:33:33 -     AVO Test | Acc=0.5465 P=0.5274 R=0.9803 F1=0.6858 AUC=0.7326 (n=602)
2025-09-28 23:33:33 -     Overall Test Acc=0.5565
2025-09-28 23:33:33 - Repeat 3/5
2025-09-28 23:33:33 -   Fold 1/5
2025-09-28 23:33:33 - Fold domains: small=P3 (n=267), large=AVO (n=2148)
2025-09-28 23:33:33 - Auto adjustments (symmetric): w_small≈1.000, lambda_MMD_target=0.300, warmup_epochs=5
2025-09-28 23:33:33 - Epoch 1/500 | LR=0.010000 | w_AVO=1.000 | w_P3=1.367 | lambda_MMD=0.060
2025-09-28 23:33:34 - Epoch Summary: TrainLoss=1.7236 | TrainAcc=0.536 | Val(P3)=0.559 | Val(AVO)=0.489
2025-09-28 23:33:34 - New best P3-val; checkpoint updated
2025-09-28 23:33:34 - Epoch 2/500 | LR=0.010000 | w_AVO=1.000 | w_P3=1.735 | lambda_MMD=0.120
2025-09-28 23:33:35 - Epoch Summary: TrainLoss=1.7594 | TrainAcc=0.587 | Val(P3)=0.529 | Val(AVO)=0.537
2025-09-28 23:33:35 - No P3-val improvement; patience remaining: 49/50
2025-09-28 23:33:35 - Epoch 3/500 | LR=0.010000 | w_AVO=1.000 | w_P3=2.102 | lambda_MMD=0.180
2025-09-28 23:33:36 - Epoch Summary: TrainLoss=1.9783 | TrainAcc=0.614 | Val(P3)=0.588 | Val(AVO)=0.550
2025-09-28 23:33:36 - New best P3-val; checkpoint updated
2025-09-28 23:33:36 - Epoch 4/500 | LR=0.009999 | w_AVO=1.000 | w_P3=2.469 | lambda_MMD=0.240
2025-09-28 23:33:37 - Epoch Summary: TrainLoss=2.1713 | TrainAcc=0.612 | Val(P3)=0.529 | Val(AVO)=0.582
2025-09-28 23:33:37 - No P3-val improvement; patience remaining: 49/50
2025-09-28 23:33:37 - Epoch 5/500 | LR=0.009998 | w_AVO=1.000 | w_P3=2.836 | lambda_MMD=0.300
2025-09-28 23:33:38 - Epoch Summary: TrainLoss=2.4559 | TrainAcc=0.621 | Val(P3)=0.618 | Val(AVO)=0.614
2025-09-28 23:33:38 - New best P3-val; checkpoint updated
2025-09-28 23:33:38 - Epoch 6/500 | LR=0.009998 | w_AVO=1.000 | w_P3=2.836 | lambda_MMD=0.300
2025-09-28 23:33:38 - Epoch Summary: TrainLoss=2.3729 | TrainAcc=0.632 | Val(P3)=0.618 | Val(AVO)=0.582
2025-09-28 23:33:38 - No P3-val improvement; patience remaining: 49/50
2025-09-28 23:33:38 - Epoch 7/500 | LR=0.009996 | w_AVO=1.000 | w_P3=2.836 | lambda_MMD=0.300
2025-09-28 23:33:40 - Epoch Summary: TrainLoss=2.3171 | TrainAcc=0.613 | Val(P3)=0.529 | Val(AVO)=0.559
2025-09-28 23:33:40 - No P3-val improvement; patience remaining: 48/50
2025-09-28 23:33:40 - AVO val decreasing 3x. Reducing lambda_MMD to 0.210
2025-09-28 23:33:40 - Epoch 8/500 | LR=0.009995 | w_AVO=1.000 | w_P3=2.836 | lambda_MMD=0.210
2025-09-28 23:33:43 - Epoch Summary: TrainLoss=2.2698 | TrainAcc=0.642 | Val(P3)=0.559 | Val(AVO)=0.553
2025-09-28 23:33:43 - No P3-val improvement; patience remaining: 47/50
2025-09-28 23:33:43 - AVO val decreasing 3x. Reducing lambda_MMD to 0.210
2025-09-28 23:33:43 - Epoch 9/500 | LR=0.009994 | w_AVO=1.000 | w_P3=2.836 | lambda_MMD=0.210
2025-09-28 23:33:43 - Epoch Summary: TrainLoss=2.2775 | TrainAcc=0.635 | Val(P3)=0.588 | Val(AVO)=0.553
2025-09-28 23:33:43 - No P3-val improvement; patience remaining: 46/50
2025-09-28 23:33:43 - Epoch 10/500 | LR=0.009992 | w_AVO=1.000 | w_P3=2.836 | lambda_MMD=0.300
2025-09-28 23:33:45 - Epoch Summary: TrainLoss=2.2297 | TrainAcc=0.629 | Val(P3)=0.471 | Val(AVO)=0.514
2025-09-28 23:33:45 - No P3-val improvement; patience remaining: 45/50
2025-09-28 23:33:45 - Epoch 11/500 | LR=0.009990 | w_AVO=1.000 | w_P3=2.836 | lambda_MMD=0.300
2025-09-28 23:33:48 - Epoch Summary: TrainLoss=2.1873 | TrainAcc=0.643 | Val(P3)=0.559 | Val(AVO)=0.598
2025-09-28 23:33:48 - No P3-val improvement; patience remaining: 44/50
2025-09-28 23:33:48 - Epoch 12/500 | LR=0.009988 | w_AVO=1.000 | w_P3=2.836 | lambda_MMD=0.300
2025-09-28 23:33:48 - Epoch Summary: TrainLoss=2.1797 | TrainAcc=0.662 | Val(P3)=0.676 | Val(AVO)=0.627
2025-09-28 23:33:48 - New best P3-val; checkpoint updated
2025-09-28 23:33:48 - Epoch 13/500 | LR=0.009986 | w_AVO=1.000 | w_P3=2.836 | lambda_MMD=0.300
2025-09-28 23:33:49 - Epoch Summary: TrainLoss=2.1703 | TrainAcc=0.648 | Val(P3)=0.618 | Val(AVO)=0.582
2025-09-28 23:33:49 - No P3-val improvement; patience remaining: 49/50
2025-09-28 23:33:49 - Epoch 14/500 | LR=0.009983 | w_AVO=1.000 | w_P3=2.836 | lambda_MMD=0.300
2025-09-28 23:33:51 - Epoch Summary: TrainLoss=2.1240 | TrainAcc=0.638 | Val(P3)=0.559 | Val(AVO)=0.563
2025-09-28 23:33:51 - No P3-val improvement; patience remaining: 48/50
2025-09-28 23:33:51 - P3 val decreasing 3x. Reducing w_small to 2.269, lambda_MMD to 0.150
2025-09-28 23:33:51 - AVO val decreasing 3x. Reducing lambda_MMD to 0.105
2025-09-28 23:33:51 - Epoch 15/500 | LR=0.009981 | w_AVO=1.000 | w_P3=2.269 | lambda_MMD=0.105
2025-09-28 23:33:52 - Epoch Summary: TrainLoss=1.6984 | TrainAcc=0.651 | Val(P3)=0.618 | Val(AVO)=0.595
2025-09-28 23:33:52 - No P3-val improvement; patience remaining: 47/50
2025-09-28 23:33:52 - Epoch 16/500 | LR=0.009978 | w_AVO=1.000 | w_P3=2.836 | lambda_MMD=0.300
2025-09-28 23:33:53 - Epoch Summary: TrainLoss=2.0261 | TrainAcc=0.642 | Val(P3)=0.559 | Val(AVO)=0.624
2025-09-28 23:33:53 - No P3-val improvement; patience remaining: 46/50
2025-09-28 23:33:53 - Epoch 17/500 | LR=0.009975 | w_AVO=1.000 | w_P3=2.836 | lambda_MMD=0.300
2025-09-28 23:33:55 - Epoch Summary: TrainLoss=1.9553 | TrainAcc=0.645 | Val(P3)=0.588 | Val(AVO)=0.585
2025-09-28 23:33:55 - No P3-val improvement; patience remaining: 45/50
2025-09-28 23:33:55 - Epoch 18/500 | LR=0.009972 | w_AVO=1.000 | w_P3=2.836 | lambda_MMD=0.300
2025-09-28 23:33:55 - Epoch Summary: TrainLoss=1.9134 | TrainAcc=0.640 | Val(P3)=0.618 | Val(AVO)=0.643
2025-09-28 23:33:55 - No P3-val improvement; patience remaining: 44/50
2025-09-28 23:33:55 - Epoch 19/500 | LR=0.009968 | w_AVO=1.000 | w_P3=2.836 | lambda_MMD=0.300
2025-09-28 23:33:56 - Epoch Summary: TrainLoss=1.9425 | TrainAcc=0.626 | Val(P3)=0.618 | Val(AVO)=0.595
2025-09-28 23:33:56 - No P3-val improvement; patience remaining: 43/50
2025-09-28 23:33:56 - Epoch 20/500 | LR=0.009964 | w_AVO=1.000 | w_P3=2.836 | lambda_MMD=0.300
2025-09-28 23:33:56 - Epoch Summary: TrainLoss=1.8128 | TrainAcc=0.648 | Val(P3)=0.588 | Val(AVO)=0.611
2025-09-28 23:33:56 - No P3-val improvement; patience remaining: 42/50
2025-09-28 23:33:56 - Epoch 21/500 | LR=0.009961 | w_AVO=1.000 | w_P3=2.836 | lambda_MMD=0.300
2025-09-28 23:33:56 - Epoch Summary: TrainLoss=1.8291 | TrainAcc=0.652 | Val(P3)=0.647 | Val(AVO)=0.627
2025-09-28 23:33:56 - No P3-val improvement; patience remaining: 41/50
2025-09-28 23:33:56 - Epoch 22/500 | LR=0.009957 | w_AVO=1.000 | w_P3=2.836 | lambda_MMD=0.300
2025-09-28 23:33:57 - Epoch Summary: TrainLoss=1.7484 | TrainAcc=0.667 | Val(P3)=0.529 | Val(AVO)=0.640
2025-09-28 23:33:57 - No P3-val improvement; patience remaining: 40/50
2025-09-28 23:33:57 - Epoch 23/500 | LR=0.009952 | w_AVO=1.000 | w_P3=2.836 | lambda_MMD=0.300
2025-09-28 23:33:58 - Epoch Summary: TrainLoss=1.7641 | TrainAcc=0.669 | Val(P3)=0.588 | Val(AVO)=0.592
2025-09-28 23:33:58 - No P3-val improvement; patience remaining: 39/50
2025-09-28 23:33:58 - Epoch 24/500 | LR=0.009948 | w_AVO=1.000 | w_P3=2.836 | lambda_MMD=0.300
2025-09-28 23:34:01 - Epoch Summary: TrainLoss=1.8069 | TrainAcc=0.651 | Val(P3)=0.618 | Val(AVO)=0.624
2025-09-28 23:34:01 - No P3-val improvement; patience remaining: 38/50
2025-09-28 23:34:01 - Epoch 25/500 | LR=0.009943 | w_AVO=1.000 | w_P3=2.836 | lambda_MMD=0.300
2025-09-28 23:34:03 - Epoch Summary: TrainLoss=1.7202 | TrainAcc=0.657 | Val(P3)=0.559 | Val(AVO)=0.621
2025-09-28 23:34:03 - No P3-val improvement; patience remaining: 37/50
2025-09-28 23:34:03 - Epoch 26/500 | LR=0.009938 | w_AVO=1.000 | w_P3=2.836 | lambda_MMD=0.300
2025-09-28 23:34:04 - Epoch Summary: TrainLoss=1.6222 | TrainAcc=0.658 | Val(P3)=0.559 | Val(AVO)=0.566
2025-09-28 23:34:04 - No P3-val improvement; patience remaining: 36/50
2025-09-28 23:34:04 - AVO val decreasing 3x. Reducing lambda_MMD to 0.210
2025-09-28 23:34:04 - Epoch 27/500 | LR=0.009933 | w_AVO=1.000 | w_P3=2.836 | lambda_MMD=0.210
2025-09-28 23:34:06 - Epoch Summary: TrainLoss=1.6359 | TrainAcc=0.650 | Val(P3)=0.500 | Val(AVO)=0.653
2025-09-28 23:34:06 - No P3-val improvement; patience remaining: 35/50
2025-09-28 23:34:06 - Epoch 28/500 | LR=0.009928 | w_AVO=1.000 | w_P3=2.836 | lambda_MMD=0.300
2025-09-28 23:34:07 - Epoch Summary: TrainLoss=1.6328 | TrainAcc=0.662 | Val(P3)=0.500 | Val(AVO)=0.640
2025-09-28 23:34:07 - No P3-val improvement; patience remaining: 34/50
2025-09-28 23:34:07 - Epoch 29/500 | LR=0.009923 | w_AVO=1.000 | w_P3=2.836 | lambda_MMD=0.300
2025-09-28 23:34:08 - Epoch Summary: TrainLoss=1.6351 | TrainAcc=0.656 | Val(P3)=0.588 | Val(AVO)=0.621
2025-09-28 23:34:08 - No P3-val improvement; patience remaining: 33/50
2025-09-28 23:34:08 - AVO val decreasing 3x. Reducing lambda_MMD to 0.210
2025-09-28 23:34:08 - Epoch 30/500 | LR=0.009917 | w_AVO=1.000 | w_P3=2.836 | lambda_MMD=0.210
2025-09-28 23:34:10 - Epoch Summary: TrainLoss=1.5450 | TrainAcc=0.656 | Val(P3)=0.618 | Val(AVO)=0.598
2025-09-28 23:34:10 - No P3-val improvement; patience remaining: 32/50
2025-09-28 23:34:10 - AVO val decreasing 3x. Reducing lambda_MMD to 0.210
2025-09-28 23:34:10 - Epoch 31/500 | LR=0.009911 | w_AVO=1.000 | w_P3=2.836 | lambda_MMD=0.210
2025-09-28 23:34:11 - Epoch Summary: TrainLoss=1.5284 | TrainAcc=0.673 | Val(P3)=0.559 | Val(AVO)=0.637
2025-09-28 23:34:11 - No P3-val improvement; patience remaining: 31/50
2025-09-28 23:34:11 - Epoch 32/500 | LR=0.009905 | w_AVO=1.000 | w_P3=2.836 | lambda_MMD=0.300
2025-09-28 23:34:13 - Epoch Summary: TrainLoss=1.4817 | TrainAcc=0.662 | Val(P3)=0.500 | Val(AVO)=0.588
2025-09-28 23:34:13 - No P3-val improvement; patience remaining: 30/50
2025-09-28 23:34:13 - P3 val decreasing 3x. Reducing w_small to 2.269, lambda_MMD to 0.150
2025-09-28 23:34:13 - Epoch 33/500 | LR=0.009899 | w_AVO=1.000 | w_P3=2.269 | lambda_MMD=0.150
2025-09-28 23:34:13 - Epoch Summary: TrainLoss=1.2644 | TrainAcc=0.671 | Val(P3)=0.588 | Val(AVO)=0.624
2025-09-28 23:34:13 - No P3-val improvement; patience remaining: 29/50
2025-09-28 23:34:13 - Epoch 34/500 | LR=0.009893 | w_AVO=1.000 | w_P3=2.836 | lambda_MMD=0.300
2025-09-28 23:34:14 - Epoch Summary: TrainLoss=1.3896 | TrainAcc=0.674 | Val(P3)=0.500 | Val(AVO)=0.598
2025-09-28 23:34:14 - No P3-val improvement; patience remaining: 28/50
2025-09-28 23:34:14 - Epoch 35/500 | LR=0.009886 | w_AVO=1.000 | w_P3=2.836 | lambda_MMD=0.300
2025-09-28 23:34:14 - Epoch Summary: TrainLoss=1.4371 | TrainAcc=0.668 | Val(P3)=0.559 | Val(AVO)=0.605
2025-09-28 23:34:14 - No P3-val improvement; patience remaining: 27/50
2025-09-28 23:34:14 - Epoch 36/500 | LR=0.009880 | w_AVO=1.000 | w_P3=2.836 | lambda_MMD=0.300
2025-09-28 23:34:16 - Epoch Summary: TrainLoss=1.4274 | TrainAcc=0.671 | Val(P3)=0.588 | Val(AVO)=0.624
2025-09-28 23:34:16 - No P3-val improvement; patience remaining: 26/50
2025-09-28 23:34:16 - Epoch 37/500 | LR=0.009873 | w_AVO=1.000 | w_P3=2.836 | lambda_MMD=0.300
2025-09-28 23:34:17 - Epoch Summary: TrainLoss=1.3278 | TrainAcc=0.668 | Val(P3)=0.588 | Val(AVO)=0.624
2025-09-28 23:34:17 - No P3-val improvement; patience remaining: 25/50
2025-09-28 23:34:17 - Epoch 38/500 | LR=0.009865 | w_AVO=1.000 | w_P3=2.836 | lambda_MMD=0.300
2025-09-28 23:34:18 - Epoch Summary: TrainLoss=1.3367 | TrainAcc=0.654 | Val(P3)=0.618 | Val(AVO)=0.650
2025-09-28 23:34:18 - No P3-val improvement; patience remaining: 24/50
2025-09-28 23:34:18 - Epoch 39/500 | LR=0.009858 | w_AVO=1.000 | w_P3=2.836 | lambda_MMD=0.300
2025-09-28 23:34:19 - Epoch Summary: TrainLoss=1.3090 | TrainAcc=0.677 | Val(P3)=0.559 | Val(AVO)=0.621
2025-09-28 23:34:19 - No P3-val improvement; patience remaining: 23/50
2025-09-28 23:34:19 - Epoch 40/500 | LR=0.009851 | w_AVO=1.000 | w_P3=2.836 | lambda_MMD=0.300
2025-09-28 23:34:20 - Epoch Summary: TrainLoss=1.3534 | TrainAcc=0.658 | Val(P3)=0.559 | Val(AVO)=0.630
2025-09-28 23:34:20 - No P3-val improvement; patience remaining: 22/50
2025-09-28 23:34:20 - Epoch 41/500 | LR=0.009843 | w_AVO=1.000 | w_P3=2.836 | lambda_MMD=0.300
2025-09-28 23:34:22 - Epoch Summary: TrainLoss=1.3163 | TrainAcc=0.670 | Val(P3)=0.588 | Val(AVO)=0.572
2025-09-28 23:34:22 - No P3-val improvement; patience remaining: 21/50
2025-09-28 23:34:22 - Epoch 42/500 | LR=0.009835 | w_AVO=1.000 | w_P3=2.836 | lambda_MMD=0.300
2025-09-28 23:34:23 - Epoch Summary: TrainLoss=1.2575 | TrainAcc=0.675 | Val(P3)=0.500 | Val(AVO)=0.559
2025-09-28 23:34:23 - No P3-val improvement; patience remaining: 20/50
2025-09-28 23:34:23 - AVO val decreasing 3x. Reducing lambda_MMD to 0.210
2025-09-28 23:34:23 - Epoch 43/500 | LR=0.009827 | w_AVO=1.000 | w_P3=2.836 | lambda_MMD=0.210
2025-09-28 23:34:23 - Epoch Summary: TrainLoss=1.2601 | TrainAcc=0.678 | Val(P3)=0.500 | Val(AVO)=0.566
2025-09-28 23:34:23 - No P3-val improvement; patience remaining: 19/50
2025-09-28 23:34:23 - Epoch 44/500 | LR=0.009819 | w_AVO=1.000 | w_P3=2.836 | lambda_MMD=0.300
2025-09-28 23:34:24 - Epoch Summary: TrainLoss=1.2944 | TrainAcc=0.673 | Val(P3)=0.559 | Val(AVO)=0.624
2025-09-28 23:34:24 - No P3-val improvement; patience remaining: 18/50
2025-09-28 23:34:24 - Epoch 45/500 | LR=0.009810 | w_AVO=1.000 | w_P3=2.836 | lambda_MMD=0.300
2025-09-28 23:34:24 - Epoch Summary: TrainLoss=1.2862 | TrainAcc=0.673 | Val(P3)=0.559 | Val(AVO)=0.543
2025-09-28 23:34:24 - No P3-val improvement; patience remaining: 17/50
2025-09-28 23:34:24 - Epoch 46/500 | LR=0.009801 | w_AVO=1.000 | w_P3=2.836 | lambda_MMD=0.300
2025-09-28 23:34:25 - Epoch Summary: TrainLoss=1.2607 | TrainAcc=0.682 | Val(P3)=0.588 | Val(AVO)=0.592
2025-09-28 23:34:25 - No P3-val improvement; patience remaining: 16/50
2025-09-28 23:34:25 - Epoch 47/500 | LR=0.009793 | w_AVO=1.000 | w_P3=2.836 | lambda_MMD=0.300
2025-09-28 23:34:27 - Epoch Summary: TrainLoss=1.1695 | TrainAcc=0.684 | Val(P3)=0.588 | Val(AVO)=0.579
2025-09-28 23:34:27 - No P3-val improvement; patience remaining: 15/50
2025-09-28 23:34:27 - Epoch 48/500 | LR=0.009784 | w_AVO=1.000 | w_P3=2.836 | lambda_MMD=0.300
2025-09-28 23:34:27 - Epoch Summary: TrainLoss=1.1770 | TrainAcc=0.688 | Val(P3)=0.559 | Val(AVO)=0.576
2025-09-28 23:34:27 - No P3-val improvement; patience remaining: 14/50
2025-09-28 23:34:27 - AVO val decreasing 3x. Reducing lambda_MMD to 0.210
2025-09-28 23:34:27 - Epoch 49/500 | LR=0.009774 | w_AVO=1.000 | w_P3=2.836 | lambda_MMD=0.210
2025-09-28 23:34:28 - Epoch Summary: TrainLoss=1.1030 | TrainAcc=0.692 | Val(P3)=0.500 | Val(AVO)=0.646
2025-09-28 23:34:28 - No P3-val improvement; patience remaining: 13/50
2025-09-28 23:34:28 - P3 val decreasing 3x. Reducing w_small to 2.269, lambda_MMD to 0.150
2025-09-28 23:34:28 - Epoch 50/500 | LR=0.009765 | w_AVO=1.000 | w_P3=2.269 | lambda_MMD=0.150
2025-09-28 23:34:30 - Epoch Summary: TrainLoss=1.0279 | TrainAcc=0.695 | Val(P3)=0.588 | Val(AVO)=0.630
2025-09-28 23:34:30 - No P3-val improvement; patience remaining: 12/50
2025-09-28 23:34:30 - Epoch 51/500 | LR=0.009755 | w_AVO=1.000 | w_P3=2.836 | lambda_MMD=0.300
2025-09-28 23:34:31 - Epoch Summary: TrainLoss=1.1141 | TrainAcc=0.695 | Val(P3)=0.559 | Val(AVO)=0.572
2025-09-28 23:34:31 - No P3-val improvement; patience remaining: 11/50
2025-09-28 23:34:31 - AVO val decreasing 3x. Reducing lambda_MMD to 0.210
2025-09-28 23:34:31 - Epoch 52/500 | LR=0.009745 | w_AVO=1.000 | w_P3=2.836 | lambda_MMD=0.210
2025-09-28 23:34:33 - Epoch Summary: TrainLoss=1.0474 | TrainAcc=0.692 | Val(P3)=0.529 | Val(AVO)=0.576
2025-09-28 23:34:33 - No P3-val improvement; patience remaining: 10/50
2025-09-28 23:34:33 - P3 val decreasing 3x. Reducing w_small to 2.269, lambda_MMD to 0.150
2025-09-28 23:34:33 - Epoch 53/500 | LR=0.009735 | w_AVO=1.000 | w_P3=2.269 | lambda_MMD=0.150
2025-09-28 23:34:35 - Epoch Summary: TrainLoss=0.9757 | TrainAcc=0.688 | Val(P3)=0.559 | Val(AVO)=0.627
2025-09-28 23:34:35 - No P3-val improvement; patience remaining: 9/50
2025-09-28 23:34:35 - Epoch 54/500 | LR=0.009725 | w_AVO=1.000 | w_P3=2.836 | lambda_MMD=0.300
2025-09-28 23:34:35 - Epoch Summary: TrainLoss=1.0537 | TrainAcc=0.703 | Val(P3)=0.559 | Val(AVO)=0.579
2025-09-28 23:34:35 - No P3-val improvement; patience remaining: 8/50
2025-09-28 23:34:35 - Epoch 55/500 | LR=0.009715 | w_AVO=1.000 | w_P3=2.836 | lambda_MMD=0.300
2025-09-28 23:34:36 - Epoch Summary: TrainLoss=1.0509 | TrainAcc=0.688 | Val(P3)=0.529 | Val(AVO)=0.576
2025-09-28 23:34:36 - No P3-val improvement; patience remaining: 7/50
2025-09-28 23:34:36 - AVO val decreasing 3x. Reducing lambda_MMD to 0.210
2025-09-28 23:34:36 - Epoch 56/500 | LR=0.009704 | w_AVO=1.000 | w_P3=2.836 | lambda_MMD=0.210
2025-09-28 23:34:37 - Epoch Summary: TrainLoss=1.0718 | TrainAcc=0.693 | Val(P3)=0.559 | Val(AVO)=0.621
2025-09-28 23:34:37 - No P3-val improvement; patience remaining: 6/50
2025-09-28 23:34:37 - Epoch 57/500 | LR=0.009694 | w_AVO=1.000 | w_P3=2.836 | lambda_MMD=0.300
2025-09-28 23:34:37 - Epoch Summary: TrainLoss=1.0112 | TrainAcc=0.694 | Val(P3)=0.529 | Val(AVO)=0.640
2025-09-28 23:34:37 - No P3-val improvement; patience remaining: 5/50
2025-09-28 23:34:37 - Epoch 58/500 | LR=0.009683 | w_AVO=1.000 | w_P3=2.836 | lambda_MMD=0.300
2025-09-28 23:34:38 - Epoch Summary: TrainLoss=0.9916 | TrainAcc=0.694 | Val(P3)=0.529 | Val(AVO)=0.543
2025-09-28 23:34:38 - No P3-val improvement; patience remaining: 4/50
2025-09-28 23:34:38 - Epoch 59/500 | LR=0.009672 | w_AVO=1.000 | w_P3=2.836 | lambda_MMD=0.300
2025-09-28 23:34:40 - Epoch Summary: TrainLoss=0.9867 | TrainAcc=0.699 | Val(P3)=0.471 | Val(AVO)=0.630
2025-09-28 23:34:40 - No P3-val improvement; patience remaining: 3/50
2025-09-28 23:34:40 - Epoch 60/500 | LR=0.009660 | w_AVO=1.000 | w_P3=2.836 | lambda_MMD=0.300
2025-09-28 23:34:41 - Epoch Summary: TrainLoss=0.9792 | TrainAcc=0.697 | Val(P3)=0.529 | Val(AVO)=0.605
2025-09-28 23:34:41 - No P3-val improvement; patience remaining: 2/50
2025-09-28 23:34:41 - Epoch 61/500 | LR=0.009649 | w_AVO=1.000 | w_P3=2.836 | lambda_MMD=0.300
2025-09-28 23:34:43 - Epoch Summary: TrainLoss=0.9772 | TrainAcc=0.709 | Val(P3)=0.529 | Val(AVO)=0.559
2025-09-28 23:34:43 - No P3-val improvement; patience remaining: 1/50
2025-09-28 23:34:43 - AVO val decreasing 3x. Reducing lambda_MMD to 0.210
2025-09-28 23:34:43 - Epoch 62/500 | LR=0.009637 | w_AVO=1.000 | w_P3=2.836 | lambda_MMD=0.210
2025-09-28 23:34:45 - Epoch Summary: TrainLoss=0.9166 | TrainAcc=0.710 | Val(P3)=0.500 | Val(AVO)=0.598
2025-09-28 23:34:45 - No P3-val improvement; patience remaining: 0/50
2025-09-28 23:34:45 - Early stopping triggered (P3-val)
2025-09-28 23:34:45 -     P3 Test | Acc=0.6869 P=0.6500 R=0.7959 F1=0.7156 AUC=0.7718 (n=99)
2025-09-28 23:34:45 -     AVO Test | Acc=0.5871 P=0.5520 R=0.9324 F1=0.6935 AUC=0.7188 (n=591)
2025-09-28 23:34:45 -     Overall Test Acc=0.6014
2025-09-28 23:34:45 -   Fold 2/5
2025-09-28 23:34:45 - Fold domains: small=P3 (n=281), large=AVO (n=2134)
2025-09-28 23:34:45 - Auto adjustments (symmetric): w_small≈1.000, lambda_MMD_target=0.300, warmup_epochs=5
2025-09-28 23:34:45 - Epoch 1/500 | LR=0.010000 | w_AVO=1.000 | w_P3=1.351 | lambda_MMD=0.060
2025-09-28 23:34:47 - Epoch Summary: TrainLoss=1.6805 | TrainAcc=0.540 | Val(P3)=0.529 | Val(AVO)=0.489
2025-09-28 23:34:47 - New best P3-val; checkpoint updated
2025-09-28 23:34:47 - Epoch 2/500 | LR=0.010000 | w_AVO=1.000 | w_P3=1.702 | lambda_MMD=0.120
2025-09-28 23:34:48 - Epoch Summary: TrainLoss=1.7251 | TrainAcc=0.588 | Val(P3)=0.706 | Val(AVO)=0.569
2025-09-28 23:34:48 - New best P3-val; checkpoint updated
2025-09-28 23:34:48 - Epoch 3/500 | LR=0.010000 | w_AVO=1.000 | w_P3=2.053 | lambda_MMD=0.180
2025-09-28 23:34:49 - Epoch Summary: TrainLoss=1.8930 | TrainAcc=0.610 | Val(P3)=0.765 | Val(AVO)=0.585
2025-09-28 23:34:49 - New best P3-val; checkpoint updated
2025-09-28 23:34:49 - Epoch 4/500 | LR=0.009999 | w_AVO=1.000 | w_P3=2.405 | lambda_MMD=0.240
2025-09-28 23:34:51 - Epoch Summary: TrainLoss=2.0788 | TrainAcc=0.618 | Val(P3)=0.706 | Val(AVO)=0.617
2025-09-28 23:34:51 - No P3-val improvement; patience remaining: 49/50
2025-09-28 23:34:51 - Epoch 5/500 | LR=0.009998 | w_AVO=1.000 | w_P3=2.756 | lambda_MMD=0.300
2025-09-28 23:34:52 - Epoch Summary: TrainLoss=2.2137 | TrainAcc=0.616 | Val(P3)=0.676 | Val(AVO)=0.540
2025-09-28 23:34:52 - No P3-val improvement; patience remaining: 48/50
2025-09-28 23:34:52 - P3 val decreasing 3x. Reducing w_small to 2.205, lambda_MMD to 0.150
2025-09-28 23:34:52 - Epoch 6/500 | LR=0.009998 | w_AVO=1.000 | w_P3=2.205 | lambda_MMD=0.150
2025-09-28 23:34:52 - Epoch Summary: TrainLoss=1.8546 | TrainAcc=0.640 | Val(P3)=0.706 | Val(AVO)=0.572
2025-09-28 23:34:52 - No P3-val improvement; patience remaining: 47/50
2025-09-28 23:34:52 - Epoch 7/500 | LR=0.009996 | w_AVO=1.000 | w_P3=2.756 | lambda_MMD=0.300
2025-09-28 23:34:52 - Epoch Summary: TrainLoss=2.1084 | TrainAcc=0.641 | Val(P3)=0.794 | Val(AVO)=0.572
2025-09-28 23:34:52 - New best P3-val; checkpoint updated
2025-09-28 23:34:52 - Epoch 8/500 | LR=0.009995 | w_AVO=1.000 | w_P3=2.756 | lambda_MMD=0.300
2025-09-28 23:34:54 - Epoch Summary: TrainLoss=2.0458 | TrainAcc=0.629 | Val(P3)=0.676 | Val(AVO)=0.559
2025-09-28 23:34:54 - No P3-val improvement; patience remaining: 49/50
2025-09-28 23:34:54 - Epoch 9/500 | LR=0.009994 | w_AVO=1.000 | w_P3=2.756 | lambda_MMD=0.300
2025-09-28 23:34:55 - Epoch Summary: TrainLoss=1.9885 | TrainAcc=0.645 | Val(P3)=0.706 | Val(AVO)=0.566
2025-09-28 23:34:55 - No P3-val improvement; patience remaining: 48/50
2025-09-28 23:34:55 - Epoch 10/500 | LR=0.009992 | w_AVO=1.000 | w_P3=2.756 | lambda_MMD=0.300
2025-09-28 23:34:56 - Epoch Summary: TrainLoss=1.9728 | TrainAcc=0.655 | Val(P3)=0.676 | Val(AVO)=0.531
2025-09-28 23:34:56 - No P3-val improvement; patience remaining: 47/50
2025-09-28 23:34:56 - Epoch 11/500 | LR=0.009990 | w_AVO=1.000 | w_P3=2.756 | lambda_MMD=0.300
2025-09-28 23:34:57 - Epoch Summary: TrainLoss=1.8989 | TrainAcc=0.656 | Val(P3)=0.735 | Val(AVO)=0.572
2025-09-28 23:34:57 - No P3-val improvement; patience remaining: 46/50
2025-09-28 23:34:57 - Epoch 12/500 | LR=0.009988 | w_AVO=1.000 | w_P3=2.756 | lambda_MMD=0.300
2025-09-28 23:34:59 - Epoch Summary: TrainLoss=1.8875 | TrainAcc=0.654 | Val(P3)=0.735 | Val(AVO)=0.543
2025-09-28 23:34:59 - No P3-val improvement; patience remaining: 45/50
2025-09-28 23:34:59 - Epoch 13/500 | LR=0.009986 | w_AVO=1.000 | w_P3=2.756 | lambda_MMD=0.300
2025-09-28 23:35:00 - Epoch Summary: TrainLoss=1.8391 | TrainAcc=0.657 | Val(P3)=0.765 | Val(AVO)=0.547
2025-09-28 23:35:00 - No P3-val improvement; patience remaining: 44/50
2025-09-28 23:35:00 - Epoch 14/500 | LR=0.009983 | w_AVO=1.000 | w_P3=2.756 | lambda_MMD=0.300
2025-09-28 23:35:02 - Epoch Summary: TrainLoss=1.7686 | TrainAcc=0.654 | Val(P3)=0.735 | Val(AVO)=0.543
2025-09-28 23:35:02 - No P3-val improvement; patience remaining: 43/50
2025-09-28 23:35:02 - Epoch 15/500 | LR=0.009981 | w_AVO=1.000 | w_P3=2.756 | lambda_MMD=0.300
2025-09-28 23:35:03 - Epoch Summary: TrainLoss=1.7049 | TrainAcc=0.656 | Val(P3)=0.735 | Val(AVO)=0.534
2025-09-28 23:35:03 - No P3-val improvement; patience remaining: 42/50
2025-09-28 23:35:03 - AVO val decreasing 3x. Reducing lambda_MMD to 0.210
2025-09-28 23:35:03 - Epoch 16/500 | LR=0.009978 | w_AVO=1.000 | w_P3=2.756 | lambda_MMD=0.210
2025-09-28 23:35:04 - Epoch Summary: TrainLoss=1.6855 | TrainAcc=0.644 | Val(P3)=0.706 | Val(AVO)=0.537
2025-09-28 23:35:04 - No P3-val improvement; patience remaining: 41/50
2025-09-28 23:35:04 - Epoch 17/500 | LR=0.009975 | w_AVO=1.000 | w_P3=2.756 | lambda_MMD=0.300
2025-09-28 23:35:04 - Epoch Summary: TrainLoss=1.6796 | TrainAcc=0.658 | Val(P3)=0.676 | Val(AVO)=0.534
2025-09-28 23:35:04 - No P3-val improvement; patience remaining: 40/50
2025-09-28 23:35:04 - P3 val decreasing 3x. Reducing w_small to 2.205, lambda_MMD to 0.150
2025-09-28 23:35:04 - Epoch 18/500 | LR=0.009972 | w_AVO=1.000 | w_P3=2.205 | lambda_MMD=0.150
2025-09-28 23:35:05 - Epoch Summary: TrainLoss=1.4251 | TrainAcc=0.664 | Val(P3)=0.735 | Val(AVO)=0.537
2025-09-28 23:35:05 - No P3-val improvement; patience remaining: 39/50
2025-09-28 23:35:05 - Epoch 19/500 | LR=0.009968 | w_AVO=1.000 | w_P3=2.756 | lambda_MMD=0.300
2025-09-28 23:35:06 - Epoch Summary: TrainLoss=1.6095 | TrainAcc=0.666 | Val(P3)=0.706 | Val(AVO)=0.514
2025-09-28 23:35:06 - No P3-val improvement; patience remaining: 38/50
2025-09-28 23:35:06 - Epoch 20/500 | LR=0.009964 | w_AVO=1.000 | w_P3=2.756 | lambda_MMD=0.300
2025-09-28 23:35:08 - Epoch Summary: TrainLoss=1.5847 | TrainAcc=0.662 | Val(P3)=0.765 | Val(AVO)=0.527
2025-09-28 23:35:08 - No P3-val improvement; patience remaining: 37/50
2025-09-28 23:35:08 - Epoch 21/500 | LR=0.009961 | w_AVO=1.000 | w_P3=2.756 | lambda_MMD=0.300
2025-09-28 23:35:09 - Epoch Summary: TrainLoss=1.5397 | TrainAcc=0.659 | Val(P3)=0.676 | Val(AVO)=0.527
2025-09-28 23:35:09 - No P3-val improvement; patience remaining: 36/50
2025-09-28 23:35:09 - Epoch 22/500 | LR=0.009957 | w_AVO=1.000 | w_P3=2.756 | lambda_MMD=0.300
2025-09-28 23:35:10 - Epoch Summary: TrainLoss=1.4486 | TrainAcc=0.671 | Val(P3)=0.735 | Val(AVO)=0.556
2025-09-28 23:35:10 - No P3-val improvement; patience remaining: 35/50
2025-09-28 23:35:10 - Epoch 23/500 | LR=0.009952 | w_AVO=1.000 | w_P3=2.756 | lambda_MMD=0.300
2025-09-28 23:35:11 - Epoch Summary: TrainLoss=1.4098 | TrainAcc=0.667 | Val(P3)=0.794 | Val(AVO)=0.527
2025-09-28 23:35:11 - No P3-val improvement; patience remaining: 34/50
2025-09-28 23:35:11 - Epoch 24/500 | LR=0.009948 | w_AVO=1.000 | w_P3=2.756 | lambda_MMD=0.300
2025-09-28 23:35:11 - Epoch Summary: TrainLoss=1.4532 | TrainAcc=0.670 | Val(P3)=0.735 | Val(AVO)=0.505
2025-09-28 23:35:11 - No P3-val improvement; patience remaining: 33/50
2025-09-28 23:35:11 - AVO val decreasing 3x. Reducing lambda_MMD to 0.210
2025-09-28 23:35:11 - Epoch 25/500 | LR=0.009943 | w_AVO=1.000 | w_P3=2.756 | lambda_MMD=0.210
2025-09-28 23:35:12 - Epoch Summary: TrainLoss=1.3581 | TrainAcc=0.666 | Val(P3)=0.706 | Val(AVO)=0.508
2025-09-28 23:35:12 - No P3-val improvement; patience remaining: 32/50
2025-09-28 23:35:12 - P3 val decreasing 3x. Reducing w_small to 2.205, lambda_MMD to 0.150
2025-09-28 23:35:12 - Epoch 26/500 | LR=0.009938 | w_AVO=1.000 | w_P3=2.205 | lambda_MMD=0.150
2025-09-28 23:35:13 - Epoch Summary: TrainLoss=1.1826 | TrainAcc=0.672 | Val(P3)=0.706 | Val(AVO)=0.521
2025-09-28 23:35:13 - No P3-val improvement; patience remaining: 31/50
2025-09-28 23:35:13 - Epoch 27/500 | LR=0.009933 | w_AVO=1.000 | w_P3=2.756 | lambda_MMD=0.300
2025-09-28 23:35:15 - Epoch Summary: TrainLoss=1.2846 | TrainAcc=0.687 | Val(P3)=0.706 | Val(AVO)=0.540
2025-09-28 23:35:15 - No P3-val improvement; patience remaining: 30/50
2025-09-28 23:35:15 - Epoch 28/500 | LR=0.009928 | w_AVO=1.000 | w_P3=2.756 | lambda_MMD=0.300
2025-09-28 23:35:16 - Epoch Summary: TrainLoss=1.2530 | TrainAcc=0.678 | Val(P3)=0.765 | Val(AVO)=0.514
2025-09-28 23:35:16 - No P3-val improvement; patience remaining: 29/50
2025-09-28 23:35:16 - Epoch 29/500 | LR=0.009923 | w_AVO=1.000 | w_P3=2.756 | lambda_MMD=0.300
2025-09-28 23:35:17 - Epoch Summary: TrainLoss=1.2423 | TrainAcc=0.680 | Val(P3)=0.706 | Val(AVO)=0.531
2025-09-28 23:35:17 - No P3-val improvement; patience remaining: 28/50
2025-09-28 23:35:17 - Epoch 30/500 | LR=0.009917 | w_AVO=1.000 | w_P3=2.756 | lambda_MMD=0.300
2025-09-28 23:35:19 - Epoch Summary: TrainLoss=1.2218 | TrainAcc=0.680 | Val(P3)=0.765 | Val(AVO)=0.527
2025-09-28 23:35:19 - No P3-val improvement; patience remaining: 27/50
2025-09-28 23:35:19 - Epoch 31/500 | LR=0.009911 | w_AVO=1.000 | w_P3=2.756 | lambda_MMD=0.300
2025-09-28 23:35:20 - Epoch Summary: TrainLoss=1.1869 | TrainAcc=0.686 | Val(P3)=0.706 | Val(AVO)=0.521
2025-09-28 23:35:20 - No P3-val improvement; patience remaining: 26/50
2025-09-28 23:35:20 - AVO val decreasing 3x. Reducing lambda_MMD to 0.210
2025-09-28 23:35:20 - Epoch 32/500 | LR=0.009905 | w_AVO=1.000 | w_P3=2.756 | lambda_MMD=0.210
2025-09-28 23:35:21 - Epoch Summary: TrainLoss=1.1764 | TrainAcc=0.685 | Val(P3)=0.706 | Val(AVO)=0.543
2025-09-28 23:35:21 - No P3-val improvement; patience remaining: 25/50
2025-09-28 23:35:21 - Epoch 33/500 | LR=0.009899 | w_AVO=1.000 | w_P3=2.756 | lambda_MMD=0.300
2025-09-28 23:35:22 - Epoch Summary: TrainLoss=1.1202 | TrainAcc=0.683 | Val(P3)=0.706 | Val(AVO)=0.534
2025-09-28 23:35:22 - No P3-val improvement; patience remaining: 24/50
2025-09-28 23:35:22 - Epoch 34/500 | LR=0.009893 | w_AVO=1.000 | w_P3=2.756 | lambda_MMD=0.300
2025-09-28 23:35:23 - Epoch Summary: TrainLoss=1.0943 | TrainAcc=0.691 | Val(P3)=0.765 | Val(AVO)=0.521
2025-09-28 23:35:23 - No P3-val improvement; patience remaining: 23/50
2025-09-28 23:35:23 - AVO val decreasing 3x. Reducing lambda_MMD to 0.210
2025-09-28 23:35:23 - Epoch 35/500 | LR=0.009886 | w_AVO=1.000 | w_P3=2.756 | lambda_MMD=0.210
2025-09-28 23:35:24 - Epoch Summary: TrainLoss=1.0914 | TrainAcc=0.682 | Val(P3)=0.735 | Val(AVO)=0.524
2025-09-28 23:35:24 - No P3-val improvement; patience remaining: 22/50
2025-09-28 23:35:24 - Epoch 36/500 | LR=0.009880 | w_AVO=1.000 | w_P3=2.756 | lambda_MMD=0.300
2025-09-28 23:35:26 - Epoch Summary: TrainLoss=1.0657 | TrainAcc=0.694 | Val(P3)=0.706 | Val(AVO)=0.514
2025-09-28 23:35:26 - No P3-val improvement; patience remaining: 21/50
2025-09-28 23:35:26 - P3 val decreasing 3x. Reducing w_small to 2.205, lambda_MMD to 0.150
2025-09-28 23:35:26 - Epoch 37/500 | LR=0.009873 | w_AVO=1.000 | w_P3=2.205 | lambda_MMD=0.150
2025-09-28 23:35:28 - Epoch Summary: TrainLoss=0.9743 | TrainAcc=0.692 | Val(P3)=0.647 | Val(AVO)=0.495
2025-09-28 23:35:28 - No P3-val improvement; patience remaining: 20/50
2025-09-28 23:35:28 - P3 val decreasing 3x. Reducing w_small to 2.205, lambda_MMD to 0.150
2025-09-28 23:35:28 - AVO val decreasing 3x. Reducing lambda_MMD to 0.105
2025-09-28 23:35:28 - Epoch 38/500 | LR=0.009865 | w_AVO=1.000 | w_P3=2.205 | lambda_MMD=0.105
2025-09-28 23:35:30 - Epoch Summary: TrainLoss=0.9322 | TrainAcc=0.691 | Val(P3)=0.676 | Val(AVO)=0.537
2025-09-28 23:35:30 - No P3-val improvement; patience remaining: 19/50
2025-09-28 23:35:30 - Epoch 39/500 | LR=0.009858 | w_AVO=1.000 | w_P3=2.756 | lambda_MMD=0.300
2025-09-28 23:35:31 - Epoch Summary: TrainLoss=1.0051 | TrainAcc=0.705 | Val(P3)=0.735 | Val(AVO)=0.521
2025-09-28 23:35:31 - No P3-val improvement; patience remaining: 18/50
2025-09-28 23:35:31 - Epoch 40/500 | LR=0.009851 | w_AVO=1.000 | w_P3=2.756 | lambda_MMD=0.300
2025-09-28 23:35:32 - Epoch Summary: TrainLoss=1.0094 | TrainAcc=0.696 | Val(P3)=0.706 | Val(AVO)=0.556
2025-09-28 23:35:32 - No P3-val improvement; patience remaining: 17/50
2025-09-28 23:35:32 - Epoch 41/500 | LR=0.009843 | w_AVO=1.000 | w_P3=2.756 | lambda_MMD=0.300
2025-09-28 23:35:33 - Epoch Summary: TrainLoss=0.9815 | TrainAcc=0.699 | Val(P3)=0.676 | Val(AVO)=0.508
2025-09-28 23:35:33 - No P3-val improvement; patience remaining: 16/50
2025-09-28 23:35:33 - P3 val decreasing 3x. Reducing w_small to 2.205, lambda_MMD to 0.150
2025-09-28 23:35:33 - Epoch 42/500 | LR=0.009835 | w_AVO=1.000 | w_P3=2.205 | lambda_MMD=0.150
2025-09-28 23:35:34 - Epoch Summary: TrainLoss=0.8779 | TrainAcc=0.706 | Val(P3)=0.706 | Val(AVO)=0.543
2025-09-28 23:35:34 - No P3-val improvement; patience remaining: 15/50
2025-09-28 23:35:34 - Epoch 43/500 | LR=0.009827 | w_AVO=1.000 | w_P3=2.756 | lambda_MMD=0.300
2025-09-28 23:35:35 - Epoch Summary: TrainLoss=0.9396 | TrainAcc=0.691 | Val(P3)=0.706 | Val(AVO)=0.534
2025-09-28 23:35:35 - No P3-val improvement; patience remaining: 14/50
2025-09-28 23:35:35 - Epoch 44/500 | LR=0.009819 | w_AVO=1.000 | w_P3=2.756 | lambda_MMD=0.300
2025-09-28 23:35:36 - Epoch Summary: TrainLoss=0.9403 | TrainAcc=0.702 | Val(P3)=0.706 | Val(AVO)=0.559
2025-09-28 23:35:36 - No P3-val improvement; patience remaining: 13/50
2025-09-28 23:35:36 - Epoch 45/500 | LR=0.009810 | w_AVO=1.000 | w_P3=2.756 | lambda_MMD=0.300
2025-09-28 23:35:38 - Epoch Summary: TrainLoss=0.9071 | TrainAcc=0.711 | Val(P3)=0.706 | Val(AVO)=0.550
2025-09-28 23:35:38 - No P3-val improvement; patience remaining: 12/50
2025-09-28 23:35:38 - Epoch 46/500 | LR=0.009801 | w_AVO=1.000 | w_P3=2.756 | lambda_MMD=0.300
2025-09-28 23:35:38 - Epoch Summary: TrainLoss=0.9014 | TrainAcc=0.715 | Val(P3)=0.706 | Val(AVO)=0.514
2025-09-28 23:35:38 - No P3-val improvement; patience remaining: 11/50
2025-09-28 23:35:38 - AVO val decreasing 3x. Reducing lambda_MMD to 0.210
2025-09-28 23:35:38 - Epoch 47/500 | LR=0.009793 | w_AVO=1.000 | w_P3=2.756 | lambda_MMD=0.210
2025-09-28 23:35:39 - Epoch Summary: TrainLoss=0.9051 | TrainAcc=0.700 | Val(P3)=0.706 | Val(AVO)=0.559
2025-09-28 23:35:39 - No P3-val improvement; patience remaining: 10/50
2025-09-28 23:35:39 - Epoch 48/500 | LR=0.009784 | w_AVO=1.000 | w_P3=2.756 | lambda_MMD=0.300
2025-09-28 23:35:41 - Epoch Summary: TrainLoss=0.8695 | TrainAcc=0.710 | Val(P3)=0.706 | Val(AVO)=0.540
2025-09-28 23:35:41 - No P3-val improvement; patience remaining: 9/50
2025-09-28 23:35:41 - Epoch 49/500 | LR=0.009774 | w_AVO=1.000 | w_P3=2.756 | lambda_MMD=0.300
2025-09-28 23:35:41 - Epoch Summary: TrainLoss=0.8537 | TrainAcc=0.703 | Val(P3)=0.706 | Val(AVO)=0.531
2025-09-28 23:35:41 - No P3-val improvement; patience remaining: 8/50
2025-09-28 23:35:41 - AVO val decreasing 3x. Reducing lambda_MMD to 0.210
2025-09-28 23:35:41 - Epoch 50/500 | LR=0.009765 | w_AVO=1.000 | w_P3=2.756 | lambda_MMD=0.210
2025-09-28 23:35:42 - Epoch Summary: TrainLoss=0.8355 | TrainAcc=0.702 | Val(P3)=0.676 | Val(AVO)=0.543
2025-09-28 23:35:42 - No P3-val improvement; patience remaining: 7/50
2025-09-28 23:35:42 - Epoch 51/500 | LR=0.009755 | w_AVO=1.000 | w_P3=2.756 | lambda_MMD=0.300
2025-09-28 23:35:43 - Epoch Summary: TrainLoss=0.8793 | TrainAcc=0.715 | Val(P3)=0.706 | Val(AVO)=0.524
2025-09-28 23:35:43 - No P3-val improvement; patience remaining: 6/50
2025-09-28 23:35:43 - Epoch 52/500 | LR=0.009745 | w_AVO=1.000 | w_P3=2.756 | lambda_MMD=0.300
2025-09-28 23:35:44 - Epoch Summary: TrainLoss=0.8407 | TrainAcc=0.717 | Val(P3)=0.706 | Val(AVO)=0.540
2025-09-28 23:35:44 - No P3-val improvement; patience remaining: 5/50
2025-09-28 23:35:44 - Epoch 53/500 | LR=0.009735 | w_AVO=1.000 | w_P3=2.756 | lambda_MMD=0.300
2025-09-28 23:35:45 - Epoch Summary: TrainLoss=0.8745 | TrainAcc=0.703 | Val(P3)=0.676 | Val(AVO)=0.553
2025-09-28 23:35:45 - No P3-val improvement; patience remaining: 4/50
2025-09-28 23:35:45 - Epoch 54/500 | LR=0.009725 | w_AVO=1.000 | w_P3=2.756 | lambda_MMD=0.300
2025-09-28 23:35:45 - Epoch Summary: TrainLoss=0.8383 | TrainAcc=0.716 | Val(P3)=0.647 | Val(AVO)=0.518
2025-09-28 23:35:45 - No P3-val improvement; patience remaining: 3/50
2025-09-28 23:35:45 - P3 val decreasing 3x. Reducing w_small to 2.205, lambda_MMD to 0.150
2025-09-28 23:35:45 - Epoch 55/500 | LR=0.009715 | w_AVO=1.000 | w_P3=2.205 | lambda_MMD=0.150
2025-09-28 23:35:46 - Epoch Summary: TrainLoss=0.7453 | TrainAcc=0.720 | Val(P3)=0.706 | Val(AVO)=0.524
2025-09-28 23:35:46 - No P3-val improvement; patience remaining: 2/50
2025-09-28 23:35:46 - Epoch 56/500 | LR=0.009704 | w_AVO=1.000 | w_P3=2.756 | lambda_MMD=0.300
2025-09-28 23:35:47 - Epoch Summary: TrainLoss=0.8011 | TrainAcc=0.730 | Val(P3)=0.676 | Val(AVO)=0.543
2025-09-28 23:35:47 - No P3-val improvement; patience remaining: 1/50
2025-09-28 23:35:47 - Epoch 57/500 | LR=0.009694 | w_AVO=1.000 | w_P3=2.756 | lambda_MMD=0.300
2025-09-28 23:35:49 - Epoch Summary: TrainLoss=0.7925 | TrainAcc=0.715 | Val(P3)=0.676 | Val(AVO)=0.518
2025-09-28 23:35:49 - No P3-val improvement; patience remaining: 0/50
2025-09-28 23:35:49 - Early stopping triggered (P3-val)
2025-09-28 23:35:49 -     P3 Test | Acc=0.5647 P=0.5814 R=0.5682 F1=0.5747 AUC=0.5898 (n=85)
2025-09-28 23:35:49 -     AVO Test | Acc=0.5306 P=0.5148 R=0.9834 F1=0.6758 AUC=0.7326 (n=605)
2025-09-28 23:35:49 -     Overall Test Acc=0.5348
2025-09-28 23:35:49 -   Fold 3/5
2025-09-28 23:35:49 - Fold domains: small=P3 (n=295), large=AVO (n=2120)
2025-09-28 23:35:49 - Auto adjustments (symmetric): w_small≈1.000, lambda_MMD_target=0.300, warmup_epochs=5
2025-09-28 23:35:49 - Epoch 1/500 | LR=0.010000 | w_AVO=1.000 | w_P3=1.336 | lambda_MMD=0.060
2025-09-28 23:35:51 - Epoch Summary: TrainLoss=1.6486 | TrainAcc=0.534 | Val(P3)=0.541 | Val(AVO)=0.549
2025-09-28 23:35:51 - New best P3-val; checkpoint updated
2025-09-28 23:35:51 - Epoch 2/500 | LR=0.010000 | w_AVO=1.000 | w_P3=1.672 | lambda_MMD=0.120
2025-09-28 23:35:53 - Epoch Summary: TrainLoss=1.6958 | TrainAcc=0.590 | Val(P3)=0.595 | Val(AVO)=0.627
2025-09-28 23:35:53 - New best P3-val; checkpoint updated
2025-09-28 23:35:53 - Epoch 3/500 | LR=0.010000 | w_AVO=1.000 | w_P3=2.008 | lambda_MMD=0.180
2025-09-28 23:35:54 - Epoch Summary: TrainLoss=1.8746 | TrainAcc=0.616 | Val(P3)=0.595 | Val(AVO)=0.636
2025-09-28 23:35:54 - No P3-val improvement; patience remaining: 49/50
2025-09-28 23:35:54 - Epoch 4/500 | LR=0.009999 | w_AVO=1.000 | w_P3=2.345 | lambda_MMD=0.240
2025-09-28 23:35:55 - Epoch Summary: TrainLoss=2.0249 | TrainAcc=0.613 | Val(P3)=0.595 | Val(AVO)=0.584
2025-09-28 23:35:55 - No P3-val improvement; patience remaining: 48/50
2025-09-28 23:35:55 - Epoch 5/500 | LR=0.009998 | w_AVO=1.000 | w_P3=2.681 | lambda_MMD=0.300
2025-09-28 23:35:55 - Epoch Summary: TrainLoss=2.2041 | TrainAcc=0.610 | Val(P3)=0.622 | Val(AVO)=0.581
2025-09-28 23:35:55 - New best P3-val; checkpoint updated
2025-09-28 23:35:55 - AVO val decreasing 3x. Reducing lambda_MMD to 0.210
2025-09-28 23:35:55 - Epoch 6/500 | LR=0.009998 | w_AVO=1.000 | w_P3=2.681 | lambda_MMD=0.210
2025-09-28 23:35:57 - Epoch Summary: TrainLoss=2.1439 | TrainAcc=0.640 | Val(P3)=0.568 | Val(AVO)=0.597
2025-09-28 23:35:57 - No P3-val improvement; patience remaining: 49/50
2025-09-28 23:35:57 - Epoch 7/500 | LR=0.009996 | w_AVO=1.000 | w_P3=2.681 | lambda_MMD=0.300
2025-09-28 23:35:58 - Epoch Summary: TrainLoss=2.0738 | TrainAcc=0.648 | Val(P3)=0.595 | Val(AVO)=0.604
2025-09-28 23:35:58 - No P3-val improvement; patience remaining: 48/50
2025-09-28 23:35:58 - Epoch 8/500 | LR=0.009995 | w_AVO=1.000 | w_P3=2.681 | lambda_MMD=0.300
2025-09-28 23:36:00 - Epoch Summary: TrainLoss=2.0129 | TrainAcc=0.649 | Val(P3)=0.622 | Val(AVO)=0.562
2025-09-28 23:36:00 - No P3-val improvement; patience remaining: 47/50
2025-09-28 23:36:00 - Epoch 9/500 | LR=0.009994 | w_AVO=1.000 | w_P3=2.681 | lambda_MMD=0.300
2025-09-28 23:36:01 - Epoch Summary: TrainLoss=1.9322 | TrainAcc=0.667 | Val(P3)=0.541 | Val(AVO)=0.597
2025-09-28 23:36:01 - No P3-val improvement; patience remaining: 46/50
2025-09-28 23:36:01 - Epoch 10/500 | LR=0.009992 | w_AVO=1.000 | w_P3=2.681 | lambda_MMD=0.300
2025-09-28 23:36:03 - Epoch Summary: TrainLoss=1.8733 | TrainAcc=0.659 | Val(P3)=0.568 | Val(AVO)=0.571
2025-09-28 23:36:03 - No P3-val improvement; patience remaining: 45/50
2025-09-28 23:36:03 - Epoch 11/500 | LR=0.009990 | w_AVO=1.000 | w_P3=2.681 | lambda_MMD=0.300
2025-09-28 23:36:04 - Epoch Summary: TrainLoss=1.8107 | TrainAcc=0.667 | Val(P3)=0.568 | Val(AVO)=0.578
2025-09-28 23:36:04 - No P3-val improvement; patience remaining: 44/50
2025-09-28 23:36:04 - Epoch 12/500 | LR=0.009988 | w_AVO=1.000 | w_P3=2.681 | lambda_MMD=0.300
2025-09-28 23:36:04 - Epoch Summary: TrainLoss=1.7561 | TrainAcc=0.660 | Val(P3)=0.595 | Val(AVO)=0.588
2025-09-28 23:36:04 - No P3-val improvement; patience remaining: 43/50
2025-09-28 23:36:04 - Epoch 13/500 | LR=0.009986 | w_AVO=1.000 | w_P3=2.681 | lambda_MMD=0.300
2025-09-28 23:36:05 - Epoch Summary: TrainLoss=1.7352 | TrainAcc=0.665 | Val(P3)=0.541 | Val(AVO)=0.591
2025-09-28 23:36:05 - No P3-val improvement; patience remaining: 42/50
2025-09-28 23:36:05 - Epoch 14/500 | LR=0.009983 | w_AVO=1.000 | w_P3=2.681 | lambda_MMD=0.300
2025-09-28 23:36:07 - Epoch Summary: TrainLoss=1.6605 | TrainAcc=0.670 | Val(P3)=0.568 | Val(AVO)=0.604
2025-09-28 23:36:07 - No P3-val improvement; patience remaining: 41/50
2025-09-28 23:36:07 - Epoch 15/500 | LR=0.009981 | w_AVO=1.000 | w_P3=2.681 | lambda_MMD=0.300
2025-09-28 23:36:10 - Epoch Summary: TrainLoss=1.5986 | TrainAcc=0.682 | Val(P3)=0.649 | Val(AVO)=0.614
2025-09-28 23:36:10 - New best P3-val; checkpoint updated
2025-09-28 23:36:10 - Epoch 16/500 | LR=0.009978 | w_AVO=1.000 | w_P3=2.681 | lambda_MMD=0.300
2025-09-28 23:36:12 - Epoch Summary: TrainLoss=1.5675 | TrainAcc=0.669 | Val(P3)=0.622 | Val(AVO)=0.607
2025-09-28 23:36:12 - No P3-val improvement; patience remaining: 49/50
2025-09-28 23:36:12 - Epoch 17/500 | LR=0.009975 | w_AVO=1.000 | w_P3=2.681 | lambda_MMD=0.300
2025-09-28 23:36:13 - Epoch Summary: TrainLoss=1.5030 | TrainAcc=0.689 | Val(P3)=0.595 | Val(AVO)=0.545
2025-09-28 23:36:13 - No P3-val improvement; patience remaining: 48/50
2025-09-28 23:36:13 - P3 val decreasing 3x. Reducing w_small to 2.145, lambda_MMD to 0.150
2025-09-28 23:36:13 - AVO val decreasing 3x. Reducing lambda_MMD to 0.105
2025-09-28 23:36:13 - Epoch 18/500 | LR=0.009972 | w_AVO=1.000 | w_P3=2.145 | lambda_MMD=0.105
2025-09-28 23:36:14 - Epoch Summary: TrainLoss=1.2992 | TrainAcc=0.680 | Val(P3)=0.622 | Val(AVO)=0.614
2025-09-28 23:36:14 - No P3-val improvement; patience remaining: 47/50
2025-09-28 23:36:14 - Epoch 19/500 | LR=0.009968 | w_AVO=1.000 | w_P3=2.681 | lambda_MMD=0.300
2025-09-28 23:36:16 - Epoch Summary: TrainLoss=1.4507 | TrainAcc=0.681 | Val(P3)=0.649 | Val(AVO)=0.636
2025-09-28 23:36:16 - No P3-val improvement; patience remaining: 46/50
2025-09-28 23:36:16 - Epoch 20/500 | LR=0.009964 | w_AVO=1.000 | w_P3=2.681 | lambda_MMD=0.300
2025-09-28 23:36:17 - Epoch Summary: TrainLoss=1.4219 | TrainAcc=0.685 | Val(P3)=0.622 | Val(AVO)=0.620
2025-09-28 23:36:17 - No P3-val improvement; patience remaining: 45/50
2025-09-28 23:36:17 - Epoch 21/500 | LR=0.009961 | w_AVO=1.000 | w_P3=2.681 | lambda_MMD=0.300
2025-09-28 23:36:18 - Epoch Summary: TrainLoss=1.4079 | TrainAcc=0.687 | Val(P3)=0.649 | Val(AVO)=0.594
2025-09-28 23:36:18 - No P3-val improvement; patience remaining: 44/50
2025-09-28 23:36:18 - AVO val decreasing 3x. Reducing lambda_MMD to 0.210
2025-09-28 23:36:18 - Epoch 22/500 | LR=0.009957 | w_AVO=1.000 | w_P3=2.681 | lambda_MMD=0.210
2025-09-28 23:36:21 - Epoch Summary: TrainLoss=1.3472 | TrainAcc=0.680 | Val(P3)=0.703 | Val(AVO)=0.627
2025-09-28 23:36:21 - New best P3-val; checkpoint updated
2025-09-28 23:36:21 - Epoch 23/500 | LR=0.009952 | w_AVO=1.000 | w_P3=2.681 | lambda_MMD=0.300
2025-09-28 23:36:22 - Epoch Summary: TrainLoss=1.2946 | TrainAcc=0.682 | Val(P3)=0.649 | Val(AVO)=0.643
2025-09-28 23:36:22 - No P3-val improvement; patience remaining: 49/50
2025-09-28 23:36:22 - Epoch 24/500 | LR=0.009948 | w_AVO=1.000 | w_P3=2.681 | lambda_MMD=0.300
2025-09-28 23:36:22 - Epoch Summary: TrainLoss=1.2767 | TrainAcc=0.685 | Val(P3)=0.649 | Val(AVO)=0.620
2025-09-28 23:36:22 - No P3-val improvement; patience remaining: 48/50
2025-09-28 23:36:22 - Epoch 25/500 | LR=0.009943 | w_AVO=1.000 | w_P3=2.681 | lambda_MMD=0.300
2025-09-28 23:36:23 - Epoch Summary: TrainLoss=1.2619 | TrainAcc=0.683 | Val(P3)=0.703 | Val(AVO)=0.610
2025-09-28 23:36:23 - No P3-val improvement; patience remaining: 47/50
2025-09-28 23:36:23 - AVO val decreasing 3x. Reducing lambda_MMD to 0.210
2025-09-28 23:36:23 - Epoch 26/500 | LR=0.009938 | w_AVO=1.000 | w_P3=2.681 | lambda_MMD=0.210
2025-09-28 23:36:24 - Epoch Summary: TrainLoss=1.1967 | TrainAcc=0.697 | Val(P3)=0.649 | Val(AVO)=0.558
2025-09-28 23:36:24 - No P3-val improvement; patience remaining: 46/50
2025-09-28 23:36:24 - AVO val decreasing 3x. Reducing lambda_MMD to 0.210
2025-09-28 23:36:24 - Epoch 27/500 | LR=0.009933 | w_AVO=1.000 | w_P3=2.681 | lambda_MMD=0.210
2025-09-28 23:36:25 - Epoch Summary: TrainLoss=1.1900 | TrainAcc=0.696 | Val(P3)=0.676 | Val(AVO)=0.646
2025-09-28 23:36:25 - No P3-val improvement; patience remaining: 45/50
2025-09-28 23:36:25 - Epoch 28/500 | LR=0.009928 | w_AVO=1.000 | w_P3=2.681 | lambda_MMD=0.300
2025-09-28 23:36:27 - Epoch Summary: TrainLoss=1.1649 | TrainAcc=0.694 | Val(P3)=0.730 | Val(AVO)=0.568
2025-09-28 23:36:27 - New best P3-val; checkpoint updated
2025-09-28 23:36:27 - Epoch 29/500 | LR=0.009923 | w_AVO=1.000 | w_P3=2.681 | lambda_MMD=0.300
2025-09-28 23:36:28 - Epoch Summary: TrainLoss=1.2199 | TrainAcc=0.679 | Val(P3)=0.595 | Val(AVO)=0.614
2025-09-28 23:36:28 - No P3-val improvement; patience remaining: 49/50
2025-09-28 23:36:28 - Epoch 30/500 | LR=0.009917 | w_AVO=1.000 | w_P3=2.681 | lambda_MMD=0.300
2025-09-28 23:36:28 - Epoch Summary: TrainLoss=1.2217 | TrainAcc=0.681 | Val(P3)=0.595 | Val(AVO)=0.630
2025-09-28 23:36:28 - No P3-val improvement; patience remaining: 48/50
2025-09-28 23:36:28 - Epoch 31/500 | LR=0.009911 | w_AVO=1.000 | w_P3=2.681 | lambda_MMD=0.300
2025-09-28 23:36:29 - Epoch Summary: TrainLoss=1.1395 | TrainAcc=0.699 | Val(P3)=0.676 | Val(AVO)=0.594
2025-09-28 23:36:29 - No P3-val improvement; patience remaining: 47/50
2025-09-28 23:36:29 - Epoch 32/500 | LR=0.009905 | w_AVO=1.000 | w_P3=2.681 | lambda_MMD=0.300
2025-09-28 23:36:30 - Epoch Summary: TrainLoss=1.0703 | TrainAcc=0.708 | Val(P3)=0.622 | Val(AVO)=0.614
2025-09-28 23:36:30 - No P3-val improvement; patience remaining: 46/50
2025-09-28 23:36:30 - Epoch 33/500 | LR=0.009899 | w_AVO=1.000 | w_P3=2.681 | lambda_MMD=0.300
2025-09-28 23:36:31 - Epoch Summary: TrainLoss=1.0555 | TrainAcc=0.705 | Val(P3)=0.649 | Val(AVO)=0.617
2025-09-28 23:36:31 - No P3-val improvement; patience remaining: 45/50
2025-09-28 23:36:31 - Epoch 34/500 | LR=0.009893 | w_AVO=1.000 | w_P3=2.681 | lambda_MMD=0.300
2025-09-28 23:36:32 - Epoch Summary: TrainLoss=1.0153 | TrainAcc=0.711 | Val(P3)=0.676 | Val(AVO)=0.623
2025-09-28 23:36:32 - No P3-val improvement; patience remaining: 44/50
2025-09-28 23:36:32 - Epoch 35/500 | LR=0.009886 | w_AVO=1.000 | w_P3=2.681 | lambda_MMD=0.300
2025-09-28 23:36:33 - Epoch Summary: TrainLoss=1.0395 | TrainAcc=0.702 | Val(P3)=0.622 | Val(AVO)=0.620
2025-09-28 23:36:33 - No P3-val improvement; patience remaining: 43/50
2025-09-28 23:36:33 - Epoch 36/500 | LR=0.009880 | w_AVO=1.000 | w_P3=2.681 | lambda_MMD=0.300
2025-09-28 23:36:35 - Epoch Summary: TrainLoss=0.9923 | TrainAcc=0.715 | Val(P3)=0.622 | Val(AVO)=0.620
2025-09-28 23:36:35 - No P3-val improvement; patience remaining: 42/50
2025-09-28 23:36:35 - Epoch 37/500 | LR=0.009873 | w_AVO=1.000 | w_P3=2.681 | lambda_MMD=0.300
2025-09-28 23:36:36 - Epoch Summary: TrainLoss=0.9869 | TrainAcc=0.705 | Val(P3)=0.703 | Val(AVO)=0.620
2025-09-28 23:36:36 - No P3-val improvement; patience remaining: 41/50
2025-09-28 23:36:36 - Epoch 38/500 | LR=0.009865 | w_AVO=1.000 | w_P3=2.681 | lambda_MMD=0.300
2025-09-28 23:36:38 - Epoch Summary: TrainLoss=0.9812 | TrainAcc=0.710 | Val(P3)=0.649 | Val(AVO)=0.620
2025-09-28 23:36:38 - No P3-val improvement; patience remaining: 40/50
2025-09-28 23:36:38 - Epoch 39/500 | LR=0.009858 | w_AVO=1.000 | w_P3=2.681 | lambda_MMD=0.300
2025-09-28 23:36:40 - Epoch Summary: TrainLoss=0.9478 | TrainAcc=0.715 | Val(P3)=0.649 | Val(AVO)=0.578
2025-09-28 23:36:40 - No P3-val improvement; patience remaining: 39/50
2025-09-28 23:36:40 - Epoch 40/500 | LR=0.009851 | w_AVO=1.000 | w_P3=2.681 | lambda_MMD=0.300
2025-09-28 23:36:40 - Epoch Summary: TrainLoss=0.9260 | TrainAcc=0.720 | Val(P3)=0.649 | Val(AVO)=0.614
2025-09-28 23:36:40 - No P3-val improvement; patience remaining: 38/50
2025-09-28 23:36:40 - Epoch 41/500 | LR=0.009843 | w_AVO=1.000 | w_P3=2.681 | lambda_MMD=0.300
2025-09-28 23:36:42 - Epoch Summary: TrainLoss=0.9156 | TrainAcc=0.710 | Val(P3)=0.622 | Val(AVO)=0.578
2025-09-28 23:36:42 - No P3-val improvement; patience remaining: 37/50
2025-09-28 23:36:42 - Epoch 42/500 | LR=0.009835 | w_AVO=1.000 | w_P3=2.681 | lambda_MMD=0.300
2025-09-28 23:36:42 - Epoch Summary: TrainLoss=0.9055 | TrainAcc=0.730 | Val(P3)=0.595 | Val(AVO)=0.601
2025-09-28 23:36:42 - No P3-val improvement; patience remaining: 36/50
2025-09-28 23:36:42 - P3 val decreasing 3x. Reducing w_small to 2.145, lambda_MMD to 0.150
2025-09-28 23:36:42 - Epoch 43/500 | LR=0.009827 | w_AVO=1.000 | w_P3=2.145 | lambda_MMD=0.150
2025-09-28 23:36:42 - Epoch Summary: TrainLoss=0.8060 | TrainAcc=0.720 | Val(P3)=0.649 | Val(AVO)=0.597
2025-09-28 23:36:42 - No P3-val improvement; patience remaining: 35/50
2025-09-28 23:36:42 - Epoch 44/500 | LR=0.009819 | w_AVO=1.000 | w_P3=2.681 | lambda_MMD=0.300
2025-09-28 23:36:44 - Epoch Summary: TrainLoss=0.8894 | TrainAcc=0.724 | Val(P3)=0.595 | Val(AVO)=0.597
2025-09-28 23:36:44 - No P3-val improvement; patience remaining: 34/50
2025-09-28 23:36:44 - Epoch 45/500 | LR=0.009810 | w_AVO=1.000 | w_P3=2.681 | lambda_MMD=0.300
2025-09-28 23:36:46 - Epoch Summary: TrainLoss=0.8516 | TrainAcc=0.733 | Val(P3)=0.649 | Val(AVO)=0.623
2025-09-28 23:36:46 - No P3-val improvement; patience remaining: 33/50
2025-09-28 23:36:46 - Epoch 46/500 | LR=0.009801 | w_AVO=1.000 | w_P3=2.681 | lambda_MMD=0.300
2025-09-28 23:36:47 - Epoch Summary: TrainLoss=0.8505 | TrainAcc=0.731 | Val(P3)=0.649 | Val(AVO)=0.633
2025-09-28 23:36:47 - No P3-val improvement; patience remaining: 32/50
2025-09-28 23:36:47 - Epoch 47/500 | LR=0.009793 | w_AVO=1.000 | w_P3=2.681 | lambda_MMD=0.300
2025-09-28 23:36:47 - Epoch Summary: TrainLoss=0.8468 | TrainAcc=0.731 | Val(P3)=0.595 | Val(AVO)=0.568
2025-09-28 23:36:47 - No P3-val improvement; patience remaining: 31/50
2025-09-28 23:36:47 - Epoch 48/500 | LR=0.009784 | w_AVO=1.000 | w_P3=2.681 | lambda_MMD=0.300
2025-09-28 23:36:48 - Epoch Summary: TrainLoss=0.8265 | TrainAcc=0.733 | Val(P3)=0.622 | Val(AVO)=0.614
2025-09-28 23:36:48 - No P3-val improvement; patience remaining: 30/50
2025-09-28 23:36:48 - Epoch 49/500 | LR=0.009774 | w_AVO=1.000 | w_P3=2.681 | lambda_MMD=0.300
2025-09-28 23:36:50 - Epoch Summary: TrainLoss=0.8178 | TrainAcc=0.731 | Val(P3)=0.622 | Val(AVO)=0.614
2025-09-28 23:36:50 - No P3-val improvement; patience remaining: 29/50
2025-09-28 23:36:50 - Epoch 50/500 | LR=0.009765 | w_AVO=1.000 | w_P3=2.681 | lambda_MMD=0.300
2025-09-28 23:36:51 - Epoch Summary: TrainLoss=0.8608 | TrainAcc=0.721 | Val(P3)=0.649 | Val(AVO)=0.643
2025-09-28 23:36:51 - No P3-val improvement; patience remaining: 28/50
2025-09-28 23:36:51 - Epoch 51/500 | LR=0.009755 | w_AVO=1.000 | w_P3=2.681 | lambda_MMD=0.300
2025-09-28 23:36:51 - Epoch Summary: TrainLoss=0.8023 | TrainAcc=0.739 | Val(P3)=0.676 | Val(AVO)=0.581
2025-09-28 23:36:51 - No P3-val improvement; patience remaining: 27/50
2025-09-28 23:36:51 - Epoch 52/500 | LR=0.009745 | w_AVO=1.000 | w_P3=2.681 | lambda_MMD=0.300
2025-09-28 23:36:51 - Epoch Summary: TrainLoss=0.8068 | TrainAcc=0.745 | Val(P3)=0.649 | Val(AVO)=0.588
2025-09-28 23:36:51 - No P3-val improvement; patience remaining: 26/50
2025-09-28 23:36:51 - Epoch 53/500 | LR=0.009735 | w_AVO=1.000 | w_P3=2.681 | lambda_MMD=0.300
2025-09-28 23:36:52 - Epoch Summary: TrainLoss=0.7975 | TrainAcc=0.737 | Val(P3)=0.676 | Val(AVO)=0.646
2025-09-28 23:36:52 - No P3-val improvement; patience remaining: 25/50
2025-09-28 23:36:52 - Epoch 54/500 | LR=0.009725 | w_AVO=1.000 | w_P3=2.681 | lambda_MMD=0.300
2025-09-28 23:36:52 - Epoch Summary: TrainLoss=0.8075 | TrainAcc=0.734 | Val(P3)=0.703 | Val(AVO)=0.578
2025-09-28 23:36:52 - No P3-val improvement; patience remaining: 24/50
2025-09-28 23:36:52 - Epoch 55/500 | LR=0.009715 | w_AVO=1.000 | w_P3=2.681 | lambda_MMD=0.300
2025-09-28 23:36:52 - Epoch Summary: TrainLoss=0.8112 | TrainAcc=0.731 | Val(P3)=0.622 | Val(AVO)=0.617
2025-09-28 23:36:52 - No P3-val improvement; patience remaining: 23/50
2025-09-28 23:36:52 - Epoch 56/500 | LR=0.009704 | w_AVO=1.000 | w_P3=2.681 | lambda_MMD=0.300
2025-09-28 23:36:54 - Epoch Summary: TrainLoss=0.7467 | TrainAcc=0.756 | Val(P3)=0.595 | Val(AVO)=0.584
2025-09-28 23:36:54 - No P3-val improvement; patience remaining: 22/50
2025-09-28 23:36:54 - P3 val decreasing 3x. Reducing w_small to 2.145, lambda_MMD to 0.150
2025-09-28 23:36:54 - Epoch 57/500 | LR=0.009694 | w_AVO=1.000 | w_P3=2.145 | lambda_MMD=0.150
2025-09-28 23:36:55 - Epoch Summary: TrainLoss=0.6852 | TrainAcc=0.742 | Val(P3)=0.649 | Val(AVO)=0.623
2025-09-28 23:36:55 - No P3-val improvement; patience remaining: 21/50
2025-09-28 23:36:55 - Epoch 58/500 | LR=0.009683 | w_AVO=1.000 | w_P3=2.681 | lambda_MMD=0.300
2025-09-28 23:36:55 - Epoch Summary: TrainLoss=0.7615 | TrainAcc=0.743 | Val(P3)=0.622 | Val(AVO)=0.630
2025-09-28 23:36:55 - No P3-val improvement; patience remaining: 20/50
2025-09-28 23:36:55 - Epoch 59/500 | LR=0.009672 | w_AVO=1.000 | w_P3=2.681 | lambda_MMD=0.300
2025-09-28 23:36:56 - Epoch Summary: TrainLoss=0.7355 | TrainAcc=0.744 | Val(P3)=0.622 | Val(AVO)=0.575
2025-09-28 23:36:56 - No P3-val improvement; patience remaining: 19/50
2025-09-28 23:36:56 - Epoch 60/500 | LR=0.009660 | w_AVO=1.000 | w_P3=2.681 | lambda_MMD=0.300
2025-09-28 23:36:57 - Epoch Summary: TrainLoss=0.7939 | TrainAcc=0.747 | Val(P3)=0.676 | Val(AVO)=0.549
2025-09-28 23:36:57 - No P3-val improvement; patience remaining: 18/50
2025-09-28 23:36:57 - AVO val decreasing 3x. Reducing lambda_MMD to 0.210
2025-09-28 23:36:57 - Epoch 61/500 | LR=0.009649 | w_AVO=1.000 | w_P3=2.681 | lambda_MMD=0.210
2025-09-28 23:36:59 - Epoch Summary: TrainLoss=0.7504 | TrainAcc=0.737 | Val(P3)=0.622 | Val(AVO)=0.601
2025-09-28 23:36:59 - No P3-val improvement; patience remaining: 17/50
2025-09-28 23:36:59 - Epoch 62/500 | LR=0.009637 | w_AVO=1.000 | w_P3=2.681 | lambda_MMD=0.300
2025-09-28 23:37:00 - Epoch Summary: TrainLoss=0.7154 | TrainAcc=0.757 | Val(P3)=0.622 | Val(AVO)=0.636
2025-09-28 23:37:00 - No P3-val improvement; patience remaining: 16/50
2025-09-28 23:37:00 - Epoch 63/500 | LR=0.009625 | w_AVO=1.000 | w_P3=2.681 | lambda_MMD=0.300
2025-09-28 23:37:01 - Epoch Summary: TrainLoss=0.7007 | TrainAcc=0.764 | Val(P3)=0.649 | Val(AVO)=0.640
2025-09-28 23:37:01 - No P3-val improvement; patience remaining: 15/50
2025-09-28 23:37:01 - Epoch 64/500 | LR=0.009613 | w_AVO=1.000 | w_P3=2.681 | lambda_MMD=0.300
2025-09-28 23:37:03 - Epoch Summary: TrainLoss=0.6919 | TrainAcc=0.760 | Val(P3)=0.622 | Val(AVO)=0.578
2025-09-28 23:37:03 - No P3-val improvement; patience remaining: 14/50
2025-09-28 23:37:03 - Epoch 65/500 | LR=0.009601 | w_AVO=1.000 | w_P3=2.681 | lambda_MMD=0.300
2025-09-28 23:37:05 - Epoch Summary: TrainLoss=0.7033 | TrainAcc=0.761 | Val(P3)=0.622 | Val(AVO)=0.610
2025-09-28 23:37:05 - No P3-val improvement; patience remaining: 13/50
2025-09-28 23:37:05 - Epoch 66/500 | LR=0.009589 | w_AVO=1.000 | w_P3=2.681 | lambda_MMD=0.300
2025-09-28 23:37:07 - Epoch Summary: TrainLoss=0.6881 | TrainAcc=0.762 | Val(P3)=0.595 | Val(AVO)=0.614
2025-09-28 23:37:07 - No P3-val improvement; patience remaining: 12/50
2025-09-28 23:37:07 - Epoch 67/500 | LR=0.009576 | w_AVO=1.000 | w_P3=2.681 | lambda_MMD=0.300
2025-09-28 23:37:07 - Epoch Summary: TrainLoss=0.6818 | TrainAcc=0.764 | Val(P3)=0.649 | Val(AVO)=0.643
2025-09-28 23:37:07 - No P3-val improvement; patience remaining: 11/50
2025-09-28 23:37:07 - Epoch 68/500 | LR=0.009563 | w_AVO=1.000 | w_P3=2.681 | lambda_MMD=0.300
2025-09-28 23:37:08 - Epoch Summary: TrainLoss=0.7316 | TrainAcc=0.758 | Val(P3)=0.595 | Val(AVO)=0.640
2025-09-28 23:37:08 - No P3-val improvement; patience remaining: 10/50
2025-09-28 23:37:08 - Epoch 69/500 | LR=0.009551 | w_AVO=1.000 | w_P3=2.681 | lambda_MMD=0.300
2025-09-28 23:37:10 - Epoch Summary: TrainLoss=0.6990 | TrainAcc=0.766 | Val(P3)=0.649 | Val(AVO)=0.610
2025-09-28 23:37:10 - No P3-val improvement; patience remaining: 9/50
2025-09-28 23:37:10 - AVO val decreasing 3x. Reducing lambda_MMD to 0.210
2025-09-28 23:37:10 - Epoch 70/500 | LR=0.009537 | w_AVO=1.000 | w_P3=2.681 | lambda_MMD=0.210
2025-09-28 23:37:11 - Epoch Summary: TrainLoss=0.6535 | TrainAcc=0.767 | Val(P3)=0.622 | Val(AVO)=0.601
2025-09-28 23:37:11 - No P3-val improvement; patience remaining: 8/50
2025-09-28 23:37:11 - AVO val decreasing 3x. Reducing lambda_MMD to 0.210
2025-09-28 23:37:11 - Epoch 71/500 | LR=0.009524 | w_AVO=1.000 | w_P3=2.681 | lambda_MMD=0.210
2025-09-28 23:37:12 - Epoch Summary: TrainLoss=0.6436 | TrainAcc=0.765 | Val(P3)=0.676 | Val(AVO)=0.594
2025-09-28 23:37:12 - No P3-val improvement; patience remaining: 7/50
2025-09-28 23:37:12 - AVO val decreasing 3x. Reducing lambda_MMD to 0.210
2025-09-28 23:37:12 - Epoch 72/500 | LR=0.009511 | w_AVO=1.000 | w_P3=2.681 | lambda_MMD=0.210
2025-09-28 23:37:12 - Epoch Summary: TrainLoss=0.6954 | TrainAcc=0.759 | Val(P3)=0.595 | Val(AVO)=0.649
2025-09-28 23:37:12 - No P3-val improvement; patience remaining: 6/50
2025-09-28 23:37:12 - Epoch 73/500 | LR=0.009497 | w_AVO=1.000 | w_P3=2.681 | lambda_MMD=0.300
2025-09-28 23:37:12 - Epoch Summary: TrainLoss=0.6711 | TrainAcc=0.762 | Val(P3)=0.649 | Val(AVO)=0.614
2025-09-28 23:37:12 - No P3-val improvement; patience remaining: 5/50
2025-09-28 23:37:12 - Epoch 74/500 | LR=0.009483 | w_AVO=1.000 | w_P3=2.681 | lambda_MMD=0.300
2025-09-28 23:37:13 - Epoch Summary: TrainLoss=0.6841 | TrainAcc=0.759 | Val(P3)=0.649 | Val(AVO)=0.617
2025-09-28 23:37:13 - No P3-val improvement; patience remaining: 4/50
2025-09-28 23:37:13 - Epoch 75/500 | LR=0.009469 | w_AVO=1.000 | w_P3=2.681 | lambda_MMD=0.300
2025-09-28 23:37:15 - Epoch Summary: TrainLoss=0.6505 | TrainAcc=0.779 | Val(P3)=0.622 | Val(AVO)=0.604
2025-09-28 23:37:15 - No P3-val improvement; patience remaining: 3/50
2025-09-28 23:37:15 - Epoch 76/500 | LR=0.009455 | w_AVO=1.000 | w_P3=2.681 | lambda_MMD=0.300
2025-09-28 23:37:17 - Epoch Summary: TrainLoss=0.6892 | TrainAcc=0.752 | Val(P3)=0.703 | Val(AVO)=0.571
2025-09-28 23:37:17 - No P3-val improvement; patience remaining: 2/50
2025-09-28 23:37:17 - AVO val decreasing 3x. Reducing lambda_MMD to 0.210
2025-09-28 23:37:17 - Epoch 77/500 | LR=0.009441 | w_AVO=1.000 | w_P3=2.681 | lambda_MMD=0.210
2025-09-28 23:37:19 - Epoch Summary: TrainLoss=0.6257 | TrainAcc=0.785 | Val(P3)=0.622 | Val(AVO)=0.623
2025-09-28 23:37:19 - No P3-val improvement; patience remaining: 1/50
2025-09-28 23:37:19 - Epoch 78/500 | LR=0.009426 | w_AVO=1.000 | w_P3=2.681 | lambda_MMD=0.300
2025-09-28 23:37:20 - Epoch Summary: TrainLoss=0.6245 | TrainAcc=0.786 | Val(P3)=0.622 | Val(AVO)=0.610
2025-09-28 23:37:20 - No P3-val improvement; patience remaining: 0/50
2025-09-28 23:37:20 - Early stopping triggered (P3-val)
2025-09-28 23:37:20 -     P3 Test | Acc=0.5441 P=0.5862 R=0.4722 F1=0.5231 AUC=0.6033 (n=68)
2025-09-28 23:37:20 -     AVO Test | Acc=0.6447 P=0.5936 R=0.9029 F1=0.7163 AUC=0.7386 (n=622)
2025-09-28 23:37:20 -     Overall Test Acc=0.6348
2025-09-28 23:37:20 -   Fold 4/5
2025-09-28 23:37:21 - Fold domains: small=P3 (n=289), large=AVO (n=2126)
2025-09-28 23:37:21 - Auto adjustments (symmetric): w_small≈1.000, lambda_MMD_target=0.300, warmup_epochs=5
2025-09-28 23:37:21 - Epoch 1/500 | LR=0.010000 | w_AVO=1.000 | w_P3=1.342 | lambda_MMD=0.060
2025-09-28 23:37:22 - Epoch Summary: TrainLoss=1.5986 | TrainAcc=0.559 | Val(P3)=0.571 | Val(AVO)=0.577
2025-09-28 23:37:22 - New best P3-val; checkpoint updated
2025-09-28 23:37:22 - Epoch 2/500 | LR=0.010000 | w_AVO=1.000 | w_P3=1.685 | lambda_MMD=0.120
2025-09-28 23:37:23 - Epoch Summary: TrainLoss=1.6748 | TrainAcc=0.612 | Val(P3)=0.486 | Val(AVO)=0.606
2025-09-28 23:37:23 - No P3-val improvement; patience remaining: 49/50
2025-09-28 23:37:23 - Epoch 3/500 | LR=0.010000 | w_AVO=1.000 | w_P3=2.027 | lambda_MMD=0.180
2025-09-28 23:37:24 - Epoch Summary: TrainLoss=1.8331 | TrainAcc=0.628 | Val(P3)=0.514 | Val(AVO)=0.577
2025-09-28 23:37:24 - No P3-val improvement; patience remaining: 48/50
2025-09-28 23:37:24 - Epoch 4/500 | LR=0.009999 | w_AVO=1.000 | w_P3=2.370 | lambda_MMD=0.240
2025-09-28 23:37:27 - Epoch Summary: TrainLoss=1.9991 | TrainAcc=0.642 | Val(P3)=0.486 | Val(AVO)=0.606
2025-09-28 23:37:27 - No P3-val improvement; patience remaining: 47/50
2025-09-28 23:37:27 - Epoch 5/500 | LR=0.009998 | w_AVO=1.000 | w_P3=2.712 | lambda_MMD=0.300
2025-09-28 23:37:27 - Epoch Summary: TrainLoss=2.1712 | TrainAcc=0.645 | Val(P3)=0.629 | Val(AVO)=0.565
2025-09-28 23:37:27 - New best P3-val; checkpoint updated
2025-09-28 23:37:27 - Epoch 6/500 | LR=0.009998 | w_AVO=1.000 | w_P3=2.712 | lambda_MMD=0.300
2025-09-28 23:37:29 - Epoch Summary: TrainLoss=2.0797 | TrainAcc=0.652 | Val(P3)=0.543 | Val(AVO)=0.613
2025-09-28 23:37:29 - No P3-val improvement; patience remaining: 49/50
2025-09-28 23:37:29 - Epoch 7/500 | LR=0.009996 | w_AVO=1.000 | w_P3=2.712 | lambda_MMD=0.300
2025-09-28 23:37:29 - Epoch Summary: TrainLoss=2.0251 | TrainAcc=0.657 | Val(P3)=0.514 | Val(AVO)=0.603
2025-09-28 23:37:29 - No P3-val improvement; patience remaining: 48/50
2025-09-28 23:37:29 - P3 val decreasing 3x. Reducing w_small to 2.170, lambda_MMD to 0.150
2025-09-28 23:37:29 - Epoch 8/500 | LR=0.009995 | w_AVO=1.000 | w_P3=2.170 | lambda_MMD=0.150
2025-09-28 23:37:30 - Epoch Summary: TrainLoss=1.7149 | TrainAcc=0.652 | Val(P3)=0.600 | Val(AVO)=0.652
2025-09-28 23:37:30 - No P3-val improvement; patience remaining: 47/50
2025-09-28 23:37:30 - Epoch 9/500 | LR=0.009994 | w_AVO=1.000 | w_P3=2.712 | lambda_MMD=0.300
2025-09-28 23:37:32 - Epoch Summary: TrainLoss=1.9527 | TrainAcc=0.665 | Val(P3)=0.571 | Val(AVO)=0.623
2025-09-28 23:37:32 - No P3-val improvement; patience remaining: 46/50
2025-09-28 23:37:32 - Epoch 10/500 | LR=0.009992 | w_AVO=1.000 | w_P3=2.712 | lambda_MMD=0.300
2025-09-28 23:37:33 - Epoch Summary: TrainLoss=1.8936 | TrainAcc=0.663 | Val(P3)=0.543 | Val(AVO)=0.626
2025-09-28 23:37:33 - No P3-val improvement; patience remaining: 45/50
2025-09-28 23:37:33 - P3 val decreasing 3x. Reducing w_small to 2.170, lambda_MMD to 0.150
2025-09-28 23:37:33 - Epoch 11/500 | LR=0.009990 | w_AVO=1.000 | w_P3=2.170 | lambda_MMD=0.150
2025-09-28 23:37:34 - Epoch Summary: TrainLoss=1.6196 | TrainAcc=0.668 | Val(P3)=0.571 | Val(AVO)=0.635
2025-09-28 23:37:34 - No P3-val improvement; patience remaining: 44/50
2025-09-28 23:37:34 - Epoch 12/500 | LR=0.009988 | w_AVO=1.000 | w_P3=2.712 | lambda_MMD=0.300
2025-09-28 23:37:34 - Epoch Summary: TrainLoss=1.7810 | TrainAcc=0.677 | Val(P3)=0.543 | Val(AVO)=0.626
2025-09-28 23:37:34 - No P3-val improvement; patience remaining: 43/50
2025-09-28 23:37:34 - Epoch 13/500 | LR=0.009986 | w_AVO=1.000 | w_P3=2.712 | lambda_MMD=0.300
2025-09-28 23:37:35 - Epoch Summary: TrainLoss=1.7675 | TrainAcc=0.667 | Val(P3)=0.600 | Val(AVO)=0.658
2025-09-28 23:37:35 - No P3-val improvement; patience remaining: 42/50
2025-09-28 23:37:35 - Epoch 14/500 | LR=0.009983 | w_AVO=1.000 | w_P3=2.712 | lambda_MMD=0.300
2025-09-28 23:37:37 - Epoch Summary: TrainLoss=1.6945 | TrainAcc=0.678 | Val(P3)=0.571 | Val(AVO)=0.639
2025-09-28 23:37:37 - No P3-val improvement; patience remaining: 41/50
2025-09-28 23:37:37 - Epoch 15/500 | LR=0.009981 | w_AVO=1.000 | w_P3=2.712 | lambda_MMD=0.300
2025-09-28 23:37:39 - Epoch Summary: TrainLoss=1.6556 | TrainAcc=0.677 | Val(P3)=0.571 | Val(AVO)=0.632
2025-09-28 23:37:39 - No P3-val improvement; patience remaining: 40/50
2025-09-28 23:37:39 - AVO val decreasing 3x. Reducing lambda_MMD to 0.210
2025-09-28 23:37:39 - Epoch 16/500 | LR=0.009978 | w_AVO=1.000 | w_P3=2.712 | lambda_MMD=0.210
2025-09-28 23:37:40 - Epoch Summary: TrainLoss=1.6300 | TrainAcc=0.675 | Val(P3)=0.600 | Val(AVO)=0.632
2025-09-28 23:37:40 - No P3-val improvement; patience remaining: 39/50
2025-09-28 23:37:40 - Epoch 17/500 | LR=0.009975 | w_AVO=1.000 | w_P3=2.712 | lambda_MMD=0.300
2025-09-28 23:37:40 - Epoch Summary: TrainLoss=1.5504 | TrainAcc=0.675 | Val(P3)=0.629 | Val(AVO)=0.652
2025-09-28 23:37:40 - No P3-val improvement; patience remaining: 38/50
2025-09-28 23:37:40 - Epoch 18/500 | LR=0.009972 | w_AVO=1.000 | w_P3=2.712 | lambda_MMD=0.300
2025-09-28 23:37:41 - Epoch Summary: TrainLoss=1.5093 | TrainAcc=0.683 | Val(P3)=0.629 | Val(AVO)=0.606
2025-09-28 23:37:41 - No P3-val improvement; patience remaining: 37/50
2025-09-28 23:37:41 - Epoch 19/500 | LR=0.009968 | w_AVO=1.000 | w_P3=2.712 | lambda_MMD=0.300
2025-09-28 23:37:42 - Epoch Summary: TrainLoss=1.4768 | TrainAcc=0.690 | Val(P3)=0.600 | Val(AVO)=0.606
2025-09-28 23:37:42 - No P3-val improvement; patience remaining: 36/50
2025-09-28 23:37:42 - Epoch 20/500 | LR=0.009964 | w_AVO=1.000 | w_P3=2.712 | lambda_MMD=0.300
2025-09-28 23:37:44 - Epoch Summary: TrainLoss=1.4642 | TrainAcc=0.667 | Val(P3)=0.657 | Val(AVO)=0.603
2025-09-28 23:37:44 - New best P3-val; checkpoint updated
2025-09-28 23:37:44 - Epoch 21/500 | LR=0.009961 | w_AVO=1.000 | w_P3=2.712 | lambda_MMD=0.300
2025-09-28 23:37:45 - Epoch Summary: TrainLoss=1.4454 | TrainAcc=0.682 | Val(P3)=0.600 | Val(AVO)=0.619
2025-09-28 23:37:45 - No P3-val improvement; patience remaining: 49/50
2025-09-28 23:37:45 - Epoch 22/500 | LR=0.009957 | w_AVO=1.000 | w_P3=2.712 | lambda_MMD=0.300
2025-09-28 23:37:45 - Epoch Summary: TrainLoss=1.4213 | TrainAcc=0.667 | Val(P3)=0.629 | Val(AVO)=0.603
2025-09-28 23:37:45 - No P3-val improvement; patience remaining: 48/50
2025-09-28 23:37:45 - Epoch 23/500 | LR=0.009952 | w_AVO=1.000 | w_P3=2.712 | lambda_MMD=0.300
2025-09-28 23:37:47 - Epoch Summary: TrainLoss=1.3670 | TrainAcc=0.684 | Val(P3)=0.686 | Val(AVO)=0.597
2025-09-28 23:37:47 - New best P3-val; checkpoint updated
2025-09-28 23:37:47 - AVO val decreasing 3x. Reducing lambda_MMD to 0.210
2025-09-28 23:37:47 - Epoch 24/500 | LR=0.009948 | w_AVO=1.000 | w_P3=2.712 | lambda_MMD=0.210
2025-09-28 23:37:47 - Epoch Summary: TrainLoss=1.3109 | TrainAcc=0.675 | Val(P3)=0.600 | Val(AVO)=0.623
2025-09-28 23:37:47 - No P3-val improvement; patience remaining: 49/50
2025-09-28 23:37:47 - Epoch 25/500 | LR=0.009943 | w_AVO=1.000 | w_P3=2.712 | lambda_MMD=0.300
2025-09-28 23:37:48 - Epoch Summary: TrainLoss=1.2646 | TrainAcc=0.693 | Val(P3)=0.629 | Val(AVO)=0.616
2025-09-28 23:37:48 - No P3-val improvement; patience remaining: 48/50
2025-09-28 23:37:48 - Epoch 26/500 | LR=0.009938 | w_AVO=1.000 | w_P3=2.712 | lambda_MMD=0.300
2025-09-28 23:37:49 - Epoch Summary: TrainLoss=1.2409 | TrainAcc=0.689 | Val(P3)=0.629 | Val(AVO)=0.600
2025-09-28 23:37:49 - No P3-val improvement; patience remaining: 47/50
2025-09-28 23:37:49 - AVO val decreasing 3x. Reducing lambda_MMD to 0.210
2025-09-28 23:37:49 - Epoch 27/500 | LR=0.009933 | w_AVO=1.000 | w_P3=2.712 | lambda_MMD=0.210
2025-09-28 23:37:50 - Epoch Summary: TrainLoss=1.2141 | TrainAcc=0.690 | Val(P3)=0.600 | Val(AVO)=0.635
2025-09-28 23:37:50 - No P3-val improvement; patience remaining: 46/50
2025-09-28 23:37:50 - Epoch 28/500 | LR=0.009928 | w_AVO=1.000 | w_P3=2.712 | lambda_MMD=0.300
2025-09-28 23:37:52 - Epoch Summary: TrainLoss=1.2445 | TrainAcc=0.683 | Val(P3)=0.600 | Val(AVO)=0.590
2025-09-28 23:37:52 - No P3-val improvement; patience remaining: 45/50
2025-09-28 23:37:52 - Epoch 29/500 | LR=0.009923 | w_AVO=1.000 | w_P3=2.712 | lambda_MMD=0.300
2025-09-28 23:37:53 - Epoch Summary: TrainLoss=1.2132 | TrainAcc=0.696 | Val(P3)=0.600 | Val(AVO)=0.616
2025-09-28 23:37:53 - No P3-val improvement; patience remaining: 44/50
2025-09-28 23:37:53 - Epoch 30/500 | LR=0.009917 | w_AVO=1.000 | w_P3=2.712 | lambda_MMD=0.300
2025-09-28 23:37:55 - Epoch Summary: TrainLoss=1.1323 | TrainAcc=0.703 | Val(P3)=0.600 | Val(AVO)=0.623
2025-09-28 23:37:55 - No P3-val improvement; patience remaining: 43/50
2025-09-28 23:37:55 - Epoch 31/500 | LR=0.009911 | w_AVO=1.000 | w_P3=2.712 | lambda_MMD=0.300
2025-09-28 23:37:56 - Epoch Summary: TrainLoss=1.1211 | TrainAcc=0.704 | Val(P3)=0.629 | Val(AVO)=0.610
2025-09-28 23:37:56 - No P3-val improvement; patience remaining: 42/50
2025-09-28 23:37:56 - Epoch 32/500 | LR=0.009905 | w_AVO=1.000 | w_P3=2.712 | lambda_MMD=0.300
2025-09-28 23:37:58 - Epoch Summary: TrainLoss=1.1041 | TrainAcc=0.691 | Val(P3)=0.686 | Val(AVO)=0.571
2025-09-28 23:37:58 - No P3-val improvement; patience remaining: 41/50
2025-09-28 23:37:58 - AVO val decreasing 3x. Reducing lambda_MMD to 0.210
2025-09-28 23:37:58 - Epoch 33/500 | LR=0.009899 | w_AVO=1.000 | w_P3=2.712 | lambda_MMD=0.210
2025-09-28 23:38:00 - Epoch Summary: TrainLoss=1.0522 | TrainAcc=0.705 | Val(P3)=0.657 | Val(AVO)=0.623
2025-09-28 23:38:00 - No P3-val improvement; patience remaining: 40/50
2025-09-28 23:38:00 - Epoch 34/500 | LR=0.009893 | w_AVO=1.000 | w_P3=2.712 | lambda_MMD=0.300
2025-09-28 23:38:00 - Epoch Summary: TrainLoss=1.0540 | TrainAcc=0.701 | Val(P3)=0.629 | Val(AVO)=0.606
2025-09-28 23:38:00 - No P3-val improvement; patience remaining: 39/50
2025-09-28 23:38:00 - P3 val decreasing 3x. Reducing w_small to 2.170, lambda_MMD to 0.150
2025-09-28 23:38:00 - Epoch 35/500 | LR=0.009886 | w_AVO=1.000 | w_P3=2.170 | lambda_MMD=0.150
2025-09-28 23:38:01 - Epoch Summary: TrainLoss=0.9210 | TrainAcc=0.709 | Val(P3)=0.629 | Val(AVO)=0.603
2025-09-28 23:38:01 - No P3-val improvement; patience remaining: 38/50
2025-09-28 23:38:01 - AVO val decreasing 3x. Reducing lambda_MMD to 0.210
2025-09-28 23:38:01 - Epoch 36/500 | LR=0.009880 | w_AVO=1.000 | w_P3=2.712 | lambda_MMD=0.210
2025-09-28 23:38:02 - Epoch Summary: TrainLoss=1.0142 | TrainAcc=0.711 | Val(P3)=0.657 | Val(AVO)=0.581
2025-09-28 23:38:02 - No P3-val improvement; patience remaining: 37/50
2025-09-28 23:38:02 - AVO val decreasing 3x. Reducing lambda_MMD to 0.210
2025-09-28 23:38:02 - Epoch 37/500 | LR=0.009873 | w_AVO=1.000 | w_P3=2.712 | lambda_MMD=0.210
2025-09-28 23:38:02 - Epoch Summary: TrainLoss=1.0196 | TrainAcc=0.691 | Val(P3)=0.600 | Val(AVO)=0.619
2025-09-28 23:38:02 - No P3-val improvement; patience remaining: 36/50
2025-09-28 23:38:02 - Epoch 38/500 | LR=0.009865 | w_AVO=1.000 | w_P3=2.712 | lambda_MMD=0.300
2025-09-28 23:38:03 - Epoch Summary: TrainLoss=0.9679 | TrainAcc=0.702 | Val(P3)=0.600 | Val(AVO)=0.610
2025-09-28 23:38:03 - No P3-val improvement; patience remaining: 35/50
2025-09-28 23:38:03 - Epoch 39/500 | LR=0.009858 | w_AVO=1.000 | w_P3=2.712 | lambda_MMD=0.300
2025-09-28 23:38:04 - Epoch Summary: TrainLoss=0.9495 | TrainAcc=0.714 | Val(P3)=0.686 | Val(AVO)=0.565
2025-09-28 23:38:04 - No P3-val improvement; patience remaining: 34/50
2025-09-28 23:38:04 - AVO val decreasing 3x. Reducing lambda_MMD to 0.210
2025-09-28 23:38:04 - Epoch 40/500 | LR=0.009851 | w_AVO=1.000 | w_P3=2.712 | lambda_MMD=0.210
2025-09-28 23:38:05 - Epoch Summary: TrainLoss=0.9538 | TrainAcc=0.711 | Val(P3)=0.629 | Val(AVO)=0.616
2025-09-28 23:38:05 - No P3-val improvement; patience remaining: 33/50
2025-09-28 23:38:05 - Epoch 41/500 | LR=0.009843 | w_AVO=1.000 | w_P3=2.712 | lambda_MMD=0.300
2025-09-28 23:38:06 - Epoch Summary: TrainLoss=0.9427 | TrainAcc=0.710 | Val(P3)=0.657 | Val(AVO)=0.590
2025-09-28 23:38:06 - No P3-val improvement; patience remaining: 32/50
2025-09-28 23:38:06 - Epoch 42/500 | LR=0.009835 | w_AVO=1.000 | w_P3=2.712 | lambda_MMD=0.300
2025-09-28 23:38:07 - Epoch Summary: TrainLoss=0.8935 | TrainAcc=0.727 | Val(P3)=0.600 | Val(AVO)=0.632
2025-09-28 23:38:07 - No P3-val improvement; patience remaining: 31/50
2025-09-28 23:38:07 - Epoch 43/500 | LR=0.009827 | w_AVO=1.000 | w_P3=2.712 | lambda_MMD=0.300
2025-09-28 23:38:09 - Epoch Summary: TrainLoss=0.8771 | TrainAcc=0.722 | Val(P3)=0.714 | Val(AVO)=0.552
2025-09-28 23:38:09 - New best P3-val; checkpoint updated
2025-09-28 23:38:09 - Epoch 44/500 | LR=0.009819 | w_AVO=1.000 | w_P3=2.712 | lambda_MMD=0.300
2025-09-28 23:38:10 - Epoch Summary: TrainLoss=0.8892 | TrainAcc=0.717 | Val(P3)=0.657 | Val(AVO)=0.645
2025-09-28 23:38:10 - No P3-val improvement; patience remaining: 49/50
2025-09-28 23:38:10 - Epoch 45/500 | LR=0.009810 | w_AVO=1.000 | w_P3=2.712 | lambda_MMD=0.300
2025-09-28 23:38:11 - Epoch Summary: TrainLoss=0.8505 | TrainAcc=0.721 | Val(P3)=0.657 | Val(AVO)=0.542
2025-09-28 23:38:11 - No P3-val improvement; patience remaining: 48/50
2025-09-28 23:38:11 - Epoch 46/500 | LR=0.009801 | w_AVO=1.000 | w_P3=2.712 | lambda_MMD=0.300
2025-09-28 23:38:12 - Epoch Summary: TrainLoss=0.8536 | TrainAcc=0.727 | Val(P3)=0.629 | Val(AVO)=0.652
2025-09-28 23:38:12 - No P3-val improvement; patience remaining: 47/50
2025-09-28 23:38:12 - Epoch 47/500 | LR=0.009793 | w_AVO=1.000 | w_P3=2.712 | lambda_MMD=0.300
2025-09-28 23:38:13 - Epoch Summary: TrainLoss=0.8331 | TrainAcc=0.736 | Val(P3)=0.629 | Val(AVO)=0.587
2025-09-28 23:38:13 - No P3-val improvement; patience remaining: 46/50
2025-09-28 23:38:13 - Epoch 48/500 | LR=0.009784 | w_AVO=1.000 | w_P3=2.712 | lambda_MMD=0.300
2025-09-28 23:38:14 - Epoch Summary: TrainLoss=0.8197 | TrainAcc=0.738 | Val(P3)=0.600 | Val(AVO)=0.542
2025-09-28 23:38:14 - No P3-val improvement; patience remaining: 45/50
2025-09-28 23:38:14 - AVO val decreasing 3x. Reducing lambda_MMD to 0.210
2025-09-28 23:38:14 - Epoch 49/500 | LR=0.009774 | w_AVO=1.000 | w_P3=2.712 | lambda_MMD=0.210
2025-09-28 23:38:15 - Epoch Summary: TrainLoss=0.8022 | TrainAcc=0.734 | Val(P3)=0.629 | Val(AVO)=0.590
2025-09-28 23:38:15 - No P3-val improvement; patience remaining: 44/50
2025-09-28 23:38:15 - Epoch 50/500 | LR=0.009765 | w_AVO=1.000 | w_P3=2.712 | lambda_MMD=0.300
2025-09-28 23:38:16 - Epoch Summary: TrainLoss=0.8120 | TrainAcc=0.731 | Val(P3)=0.600 | Val(AVO)=0.626
2025-09-28 23:38:16 - No P3-val improvement; patience remaining: 43/50
2025-09-28 23:38:16 - Epoch 51/500 | LR=0.009755 | w_AVO=1.000 | w_P3=2.712 | lambda_MMD=0.300
2025-09-28 23:38:16 - Epoch Summary: TrainLoss=0.8383 | TrainAcc=0.733 | Val(P3)=0.657 | Val(AVO)=0.616
2025-09-28 23:38:16 - No P3-val improvement; patience remaining: 42/50
2025-09-28 23:38:16 - Epoch 52/500 | LR=0.009745 | w_AVO=1.000 | w_P3=2.712 | lambda_MMD=0.300
2025-09-28 23:38:17 - Epoch Summary: TrainLoss=0.7982 | TrainAcc=0.745 | Val(P3)=0.714 | Val(AVO)=0.626
2025-09-28 23:38:17 - No P3-val improvement; patience remaining: 41/50
2025-09-28 23:38:17 - Epoch 53/500 | LR=0.009735 | w_AVO=1.000 | w_P3=2.712 | lambda_MMD=0.300
2025-09-28 23:38:18 - Epoch Summary: TrainLoss=0.7718 | TrainAcc=0.743 | Val(P3)=0.629 | Val(AVO)=0.590
2025-09-28 23:38:18 - No P3-val improvement; patience remaining: 40/50
2025-09-28 23:38:18 - Epoch 54/500 | LR=0.009725 | w_AVO=1.000 | w_P3=2.712 | lambda_MMD=0.300
2025-09-28 23:38:19 - Epoch Summary: TrainLoss=0.7522 | TrainAcc=0.749 | Val(P3)=0.600 | Val(AVO)=0.597
2025-09-28 23:38:19 - No P3-val improvement; patience remaining: 39/50
2025-09-28 23:38:19 - P3 val decreasing 3x. Reducing w_small to 2.170, lambda_MMD to 0.150
2025-09-28 23:38:19 - Epoch 55/500 | LR=0.009715 | w_AVO=1.000 | w_P3=2.170 | lambda_MMD=0.150
2025-09-28 23:38:20 - Epoch Summary: TrainLoss=0.7067 | TrainAcc=0.748 | Val(P3)=0.600 | Val(AVO)=0.610
2025-09-28 23:38:20 - No P3-val improvement; patience remaining: 38/50
2025-09-28 23:38:20 - Epoch 56/500 | LR=0.009704 | w_AVO=1.000 | w_P3=2.712 | lambda_MMD=0.300
2025-09-28 23:38:21 - Epoch Summary: TrainLoss=0.7571 | TrainAcc=0.751 | Val(P3)=0.629 | Val(AVO)=0.648
2025-09-28 23:38:21 - No P3-val improvement; patience remaining: 37/50
2025-09-28 23:38:21 - Epoch 57/500 | LR=0.009694 | w_AVO=1.000 | w_P3=2.712 | lambda_MMD=0.300
2025-09-28 23:38:22 - Epoch Summary: TrainLoss=0.7595 | TrainAcc=0.741 | Val(P3)=0.600 | Val(AVO)=0.658
2025-09-28 23:38:22 - No P3-val improvement; patience remaining: 36/50
2025-09-28 23:38:22 - Epoch 58/500 | LR=0.009683 | w_AVO=1.000 | w_P3=2.712 | lambda_MMD=0.300
2025-09-28 23:38:23 - Epoch Summary: TrainLoss=0.7532 | TrainAcc=0.741 | Val(P3)=0.600 | Val(AVO)=0.610
2025-09-28 23:38:23 - No P3-val improvement; patience remaining: 35/50
2025-09-28 23:38:23 - Epoch 59/500 | LR=0.009672 | w_AVO=1.000 | w_P3=2.712 | lambda_MMD=0.300
2025-09-28 23:38:25 - Epoch Summary: TrainLoss=0.7187 | TrainAcc=0.754 | Val(P3)=0.600 | Val(AVO)=0.635
2025-09-28 23:38:25 - No P3-val improvement; patience remaining: 34/50
2025-09-28 23:38:25 - Epoch 60/500 | LR=0.009660 | w_AVO=1.000 | w_P3=2.712 | lambda_MMD=0.300
2025-09-28 23:38:25 - Epoch Summary: TrainLoss=0.7132 | TrainAcc=0.762 | Val(P3)=0.600 | Val(AVO)=0.613
2025-09-28 23:38:25 - No P3-val improvement; patience remaining: 33/50
2025-09-28 23:38:25 - Epoch 61/500 | LR=0.009649 | w_AVO=1.000 | w_P3=2.712 | lambda_MMD=0.300
2025-09-28 23:38:26 - Epoch Summary: TrainLoss=0.6966 | TrainAcc=0.767 | Val(P3)=0.629 | Val(AVO)=0.568
2025-09-28 23:38:26 - No P3-val improvement; patience remaining: 32/50
2025-09-28 23:38:26 - AVO val decreasing 3x. Reducing lambda_MMD to 0.210
2025-09-28 23:38:26 - Epoch 62/500 | LR=0.009637 | w_AVO=1.000 | w_P3=2.712 | lambda_MMD=0.210
2025-09-28 23:38:26 - Epoch Summary: TrainLoss=0.7296 | TrainAcc=0.756 | Val(P3)=0.686 | Val(AVO)=0.519
2025-09-28 23:38:26 - No P3-val improvement; patience remaining: 31/50
2025-09-28 23:38:26 - AVO val decreasing 3x. Reducing lambda_MMD to 0.210
2025-09-28 23:38:26 - Epoch 63/500 | LR=0.009625 | w_AVO=1.000 | w_P3=2.712 | lambda_MMD=0.210
2025-09-28 23:38:27 - Epoch Summary: TrainLoss=0.7919 | TrainAcc=0.735 | Val(P3)=0.629 | Val(AVO)=0.632
2025-09-28 23:38:27 - No P3-val improvement; patience remaining: 30/50
2025-09-28 23:38:27 - Epoch 64/500 | LR=0.009613 | w_AVO=1.000 | w_P3=2.712 | lambda_MMD=0.300
2025-09-28 23:38:28 - Epoch Summary: TrainLoss=0.6959 | TrainAcc=0.764 | Val(P3)=0.600 | Val(AVO)=0.597
2025-09-28 23:38:28 - No P3-val improvement; patience remaining: 29/50
2025-09-28 23:38:28 - P3 val decreasing 3x. Reducing w_small to 2.170, lambda_MMD to 0.150
2025-09-28 23:38:28 - Epoch 65/500 | LR=0.009601 | w_AVO=1.000 | w_P3=2.170 | lambda_MMD=0.150
2025-09-28 23:38:29 - Epoch Summary: TrainLoss=0.6073 | TrainAcc=0.781 | Val(P3)=0.600 | Val(AVO)=0.613
2025-09-28 23:38:29 - No P3-val improvement; patience remaining: 28/50
2025-09-28 23:38:29 - Epoch 66/500 | LR=0.009589 | w_AVO=1.000 | w_P3=2.712 | lambda_MMD=0.300
2025-09-28 23:38:30 - Epoch Summary: TrainLoss=0.6660 | TrainAcc=0.774 | Val(P3)=0.571 | Val(AVO)=0.594
2025-09-28 23:38:30 - No P3-val improvement; patience remaining: 27/50
2025-09-28 23:38:30 - Epoch 67/500 | LR=0.009576 | w_AVO=1.000 | w_P3=2.712 | lambda_MMD=0.300
2025-09-28 23:38:31 - Epoch Summary: TrainLoss=0.6839 | TrainAcc=0.767 | Val(P3)=0.714 | Val(AVO)=0.661
2025-09-28 23:38:31 - No P3-val improvement; patience remaining: 26/50
2025-09-28 23:38:31 - Epoch 68/500 | LR=0.009563 | w_AVO=1.000 | w_P3=2.712 | lambda_MMD=0.300
2025-09-28 23:38:33 - Epoch Summary: TrainLoss=0.6729 | TrainAcc=0.774 | Val(P3)=0.686 | Val(AVO)=0.661
2025-09-28 23:38:33 - No P3-val improvement; patience remaining: 25/50
2025-09-28 23:38:33 - Epoch 69/500 | LR=0.009551 | w_AVO=1.000 | w_P3=2.712 | lambda_MMD=0.300
2025-09-28 23:38:34 - Epoch Summary: TrainLoss=0.6602 | TrainAcc=0.773 | Val(P3)=0.600 | Val(AVO)=0.626
2025-09-28 23:38:34 - No P3-val improvement; patience remaining: 24/50
2025-09-28 23:38:34 - P3 val decreasing 3x. Reducing w_small to 2.170, lambda_MMD to 0.150
2025-09-28 23:38:34 - Epoch 70/500 | LR=0.009537 | w_AVO=1.000 | w_P3=2.170 | lambda_MMD=0.150
2025-09-28 23:38:35 - Epoch Summary: TrainLoss=0.5892 | TrainAcc=0.784 | Val(P3)=0.629 | Val(AVO)=0.606
2025-09-28 23:38:35 - No P3-val improvement; patience remaining: 23/50
2025-09-28 23:38:35 - AVO val decreasing 3x. Reducing lambda_MMD to 0.210
2025-09-28 23:38:35 - Epoch 71/500 | LR=0.009524 | w_AVO=1.000 | w_P3=2.712 | lambda_MMD=0.210
2025-09-28 23:38:36 - Epoch Summary: TrainLoss=0.6285 | TrainAcc=0.782 | Val(P3)=0.571 | Val(AVO)=0.658
2025-09-28 23:38:36 - No P3-val improvement; patience remaining: 22/50
2025-09-28 23:38:36 - Epoch 72/500 | LR=0.009511 | w_AVO=1.000 | w_P3=2.712 | lambda_MMD=0.300
2025-09-28 23:38:37 - Epoch Summary: TrainLoss=0.6754 | TrainAcc=0.782 | Val(P3)=0.657 | Val(AVO)=0.658
2025-09-28 23:38:37 - No P3-val improvement; patience remaining: 21/50
2025-09-28 23:38:37 - Epoch 73/500 | LR=0.009497 | w_AVO=1.000 | w_P3=2.712 | lambda_MMD=0.300
2025-09-28 23:38:39 - Epoch Summary: TrainLoss=0.6747 | TrainAcc=0.773 | Val(P3)=0.600 | Val(AVO)=0.655
2025-09-28 23:38:39 - No P3-val improvement; patience remaining: 20/50
2025-09-28 23:38:39 - Epoch 74/500 | LR=0.009483 | w_AVO=1.000 | w_P3=2.712 | lambda_MMD=0.300
2025-09-28 23:38:39 - Epoch Summary: TrainLoss=0.6554 | TrainAcc=0.778 | Val(P3)=0.571 | Val(AVO)=0.623
2025-09-28 23:38:39 - No P3-val improvement; patience remaining: 19/50
2025-09-28 23:38:39 - P3 val decreasing 3x. Reducing w_small to 2.170, lambda_MMD to 0.150
2025-09-28 23:38:39 - AVO val decreasing 3x. Reducing lambda_MMD to 0.105
2025-09-28 23:38:39 - Epoch 75/500 | LR=0.009469 | w_AVO=1.000 | w_P3=2.170 | lambda_MMD=0.105
2025-09-28 23:38:40 - Epoch Summary: TrainLoss=0.6217 | TrainAcc=0.770 | Val(P3)=0.629 | Val(AVO)=0.613
2025-09-28 23:38:40 - No P3-val improvement; patience remaining: 18/50
2025-09-28 23:38:40 - AVO val decreasing 3x. Reducing lambda_MMD to 0.210
2025-09-28 23:38:40 - Epoch 76/500 | LR=0.009455 | w_AVO=1.000 | w_P3=2.712 | lambda_MMD=0.210
2025-09-28 23:38:43 - Epoch Summary: TrainLoss=0.6294 | TrainAcc=0.777 | Val(P3)=0.629 | Val(AVO)=0.674
2025-09-28 23:38:43 - No P3-val improvement; patience remaining: 17/50
2025-09-28 23:38:43 - Epoch 77/500 | LR=0.009441 | w_AVO=1.000 | w_P3=2.712 | lambda_MMD=0.300
2025-09-28 23:38:44 - Epoch Summary: TrainLoss=0.6193 | TrainAcc=0.796 | Val(P3)=0.571 | Val(AVO)=0.600
2025-09-28 23:38:44 - No P3-val improvement; patience remaining: 16/50
2025-09-28 23:38:44 - Epoch 78/500 | LR=0.009426 | w_AVO=1.000 | w_P3=2.712 | lambda_MMD=0.300
2025-09-28 23:38:46 - Epoch Summary: TrainLoss=0.6156 | TrainAcc=0.795 | Val(P3)=0.600 | Val(AVO)=0.658
2025-09-28 23:38:46 - No P3-val improvement; patience remaining: 15/50
2025-09-28 23:38:46 - Epoch 79/500 | LR=0.009411 | w_AVO=1.000 | w_P3=2.712 | lambda_MMD=0.300
2025-09-28 23:38:46 - Epoch Summary: TrainLoss=0.6258 | TrainAcc=0.787 | Val(P3)=0.571 | Val(AVO)=0.577
2025-09-28 23:38:46 - No P3-val improvement; patience remaining: 14/50
2025-09-28 23:38:46 - Epoch 80/500 | LR=0.009397 | w_AVO=1.000 | w_P3=2.712 | lambda_MMD=0.300
2025-09-28 23:38:47 - Epoch Summary: TrainLoss=0.6205 | TrainAcc=0.796 | Val(P3)=0.629 | Val(AVO)=0.574
2025-09-28 23:38:47 - No P3-val improvement; patience remaining: 13/50
2025-09-28 23:38:47 - AVO val decreasing 3x. Reducing lambda_MMD to 0.210
2025-09-28 23:38:47 - Epoch 81/500 | LR=0.009382 | w_AVO=1.000 | w_P3=2.712 | lambda_MMD=0.210
2025-09-28 23:38:47 - Epoch Summary: TrainLoss=0.6252 | TrainAcc=0.788 | Val(P3)=0.657 | Val(AVO)=0.535
2025-09-28 23:38:47 - No P3-val improvement; patience remaining: 12/50
2025-09-28 23:38:47 - AVO val decreasing 3x. Reducing lambda_MMD to 0.210
2025-09-28 23:38:47 - Epoch 82/500 | LR=0.009366 | w_AVO=1.000 | w_P3=2.712 | lambda_MMD=0.210
2025-09-28 23:38:49 - Epoch Summary: TrainLoss=0.6094 | TrainAcc=0.785 | Val(P3)=0.657 | Val(AVO)=0.661
2025-09-28 23:38:49 - No P3-val improvement; patience remaining: 11/50
2025-09-28 23:38:49 - Epoch 83/500 | LR=0.009351 | w_AVO=1.000 | w_P3=2.712 | lambda_MMD=0.300
2025-09-28 23:38:50 - Epoch Summary: TrainLoss=0.5872 | TrainAcc=0.802 | Val(P3)=0.600 | Val(AVO)=0.616
2025-09-28 23:38:50 - No P3-val improvement; patience remaining: 10/50
2025-09-28 23:38:50 - Epoch 84/500 | LR=0.009335 | w_AVO=1.000 | w_P3=2.712 | lambda_MMD=0.300
2025-09-28 23:38:51 - Epoch Summary: TrainLoss=0.5881 | TrainAcc=0.805 | Val(P3)=0.629 | Val(AVO)=0.639
2025-09-28 23:38:51 - No P3-val improvement; patience remaining: 9/50
2025-09-28 23:38:51 - Epoch 85/500 | LR=0.009320 | w_AVO=1.000 | w_P3=2.712 | lambda_MMD=0.300
2025-09-28 23:38:52 - Epoch Summary: TrainLoss=0.5852 | TrainAcc=0.808 | Val(P3)=0.600 | Val(AVO)=0.619
2025-09-28 23:38:52 - No P3-val improvement; patience remaining: 8/50
2025-09-28 23:38:52 - Epoch 86/500 | LR=0.009304 | w_AVO=1.000 | w_P3=2.712 | lambda_MMD=0.300
2025-09-28 23:38:54 - Epoch Summary: TrainLoss=0.6027 | TrainAcc=0.792 | Val(P3)=0.600 | Val(AVO)=0.632
2025-09-28 23:38:54 - No P3-val improvement; patience remaining: 7/50
2025-09-28 23:38:54 - Epoch 87/500 | LR=0.009288 | w_AVO=1.000 | w_P3=2.712 | lambda_MMD=0.300
2025-09-28 23:38:56 - Epoch Summary: TrainLoss=0.5933 | TrainAcc=0.800 | Val(P3)=0.657 | Val(AVO)=0.619
2025-09-28 23:38:56 - No P3-val improvement; patience remaining: 6/50
2025-09-28 23:38:56 - Epoch 88/500 | LR=0.009271 | w_AVO=1.000 | w_P3=2.712 | lambda_MMD=0.300
2025-09-28 23:38:57 - Epoch Summary: TrainLoss=0.5905 | TrainAcc=0.804 | Val(P3)=0.657 | Val(AVO)=0.632
2025-09-28 23:38:57 - No P3-val improvement; patience remaining: 5/50
2025-09-28 23:38:57 - Epoch 89/500 | LR=0.009255 | w_AVO=1.000 | w_P3=2.712 | lambda_MMD=0.300
2025-09-28 23:38:58 - Epoch Summary: TrainLoss=0.6263 | TrainAcc=0.778 | Val(P3)=0.571 | Val(AVO)=0.574
2025-09-28 23:38:58 - No P3-val improvement; patience remaining: 4/50
2025-09-28 23:38:58 - Epoch 90/500 | LR=0.009238 | w_AVO=1.000 | w_P3=2.712 | lambda_MMD=0.300
2025-09-28 23:38:59 - Epoch Summary: TrainLoss=0.6287 | TrainAcc=0.786 | Val(P3)=0.657 | Val(AVO)=0.642
2025-09-28 23:38:59 - No P3-val improvement; patience remaining: 3/50
2025-09-28 23:38:59 - Epoch 91/500 | LR=0.009222 | w_AVO=1.000 | w_P3=2.712 | lambda_MMD=0.300
2025-09-28 23:39:01 - Epoch Summary: TrainLoss=0.5766 | TrainAcc=0.802 | Val(P3)=0.657 | Val(AVO)=0.639
2025-09-28 23:39:01 - No P3-val improvement; patience remaining: 2/50
2025-09-28 23:39:01 - Epoch 92/500 | LR=0.009205 | w_AVO=1.000 | w_P3=2.712 | lambda_MMD=0.300
2025-09-28 23:39:01 - Epoch Summary: TrainLoss=0.5506 | TrainAcc=0.817 | Val(P3)=0.629 | Val(AVO)=0.648
2025-09-28 23:39:01 - No P3-val improvement; patience remaining: 1/50
2025-09-28 23:39:01 - Epoch 93/500 | LR=0.009188 | w_AVO=1.000 | w_P3=2.712 | lambda_MMD=0.300
2025-09-28 23:39:03 - Epoch Summary: TrainLoss=0.5477 | TrainAcc=0.824 | Val(P3)=0.714 | Val(AVO)=0.655
2025-09-28 23:39:03 - No P3-val improvement; patience remaining: 0/50
2025-09-28 23:39:03 - Early stopping triggered (P3-val)
2025-09-28 23:39:03 -     P3 Test | Acc=0.6447 P=0.6800 R=0.4722 F1=0.5574 AUC=0.6562 (n=76)
2025-09-28 23:39:03 -     AVO Test | Acc=0.5945 P=0.5568 R=0.9515 F1=0.7025 AUC=0.7218 (n=614)
2025-09-28 23:39:03 -     Overall Test Acc=0.6000
2025-09-28 23:39:03 -   Fold 5/5
2025-09-28 23:39:03 - Fold domains: small=P3 (n=292), large=AVO (n=2123)
2025-09-28 23:39:03 - Auto adjustments (symmetric): w_small≈1.000, lambda_MMD_target=0.300, warmup_epochs=5
2025-09-28 23:39:03 - Epoch 1/500 | LR=0.010000 | w_AVO=1.000 | w_P3=1.339 | lambda_MMD=0.060
2025-09-28 23:39:04 - Epoch Summary: TrainLoss=1.6074 | TrainAcc=0.542 | Val(P3)=0.528 | Val(AVO)=0.553
2025-09-28 23:39:04 - New best P3-val; checkpoint updated
2025-09-28 23:39:04 - Epoch 2/500 | LR=0.010000 | w_AVO=1.000 | w_P3=1.679 | lambda_MMD=0.120
2025-09-28 23:39:05 - Epoch Summary: TrainLoss=1.6961 | TrainAcc=0.589 | Val(P3)=0.528 | Val(AVO)=0.608
2025-09-28 23:39:05 - No P3-val improvement; patience remaining: 49/50
2025-09-28 23:39:05 - Epoch 3/500 | LR=0.010000 | w_AVO=1.000 | w_P3=2.018 | lambda_MMD=0.180
2025-09-28 23:39:07 - Epoch Summary: TrainLoss=1.8721 | TrainAcc=0.625 | Val(P3)=0.556 | Val(AVO)=0.608
2025-09-28 23:39:07 - New best P3-val; checkpoint updated
2025-09-28 23:39:07 - Epoch 4/500 | LR=0.009999 | w_AVO=1.000 | w_P3=2.357 | lambda_MMD=0.240
2025-09-28 23:39:08 - Epoch Summary: TrainLoss=2.0683 | TrainAcc=0.628 | Val(P3)=0.528 | Val(AVO)=0.621
2025-09-28 23:39:08 - No P3-val improvement; patience remaining: 49/50
2025-09-28 23:39:08 - Epoch 5/500 | LR=0.009998 | w_AVO=1.000 | w_P3=2.696 | lambda_MMD=0.300
2025-09-28 23:39:08 - Epoch Summary: TrainLoss=2.1907 | TrainAcc=0.634 | Val(P3)=0.583 | Val(AVO)=0.615
2025-09-28 23:39:08 - New best P3-val; checkpoint updated
2025-09-28 23:39:08 - Epoch 6/500 | LR=0.009998 | w_AVO=1.000 | w_P3=2.696 | lambda_MMD=0.300
2025-09-28 23:39:09 - Epoch Summary: TrainLoss=2.1706 | TrainAcc=0.635 | Val(P3)=0.611 | Val(AVO)=0.625
2025-09-28 23:39:09 - New best P3-val; checkpoint updated
2025-09-28 23:39:09 - Epoch 7/500 | LR=0.009996 | w_AVO=1.000 | w_P3=2.696 | lambda_MMD=0.300
2025-09-28 23:39:10 - Epoch Summary: TrainLoss=2.1256 | TrainAcc=0.653 | Val(P3)=0.583 | Val(AVO)=0.625
2025-09-28 23:39:10 - No P3-val improvement; patience remaining: 49/50
2025-09-28 23:39:10 - Epoch 8/500 | LR=0.009995 | w_AVO=1.000 | w_P3=2.696 | lambda_MMD=0.300
2025-09-28 23:39:10 - Epoch Summary: TrainLoss=2.0560 | TrainAcc=0.657 | Val(P3)=0.556 | Val(AVO)=0.599
2025-09-28 23:39:10 - No P3-val improvement; patience remaining: 48/50
2025-09-28 23:39:10 - P3 val decreasing 3x. Reducing w_small to 2.157, lambda_MMD to 0.150
2025-09-28 23:39:10 - Epoch 9/500 | LR=0.009994 | w_AVO=1.000 | w_P3=2.157 | lambda_MMD=0.150
2025-09-28 23:39:10 - Epoch Summary: TrainLoss=1.6781 | TrainAcc=0.670 | Val(P3)=0.444 | Val(AVO)=0.631
2025-09-28 23:39:10 - No P3-val improvement; patience remaining: 47/50
2025-09-28 23:39:10 - P3 val decreasing 3x. Reducing w_small to 2.157, lambda_MMD to 0.150
2025-09-28 23:39:10 - Epoch 10/500 | LR=0.009992 | w_AVO=1.000 | w_P3=2.157 | lambda_MMD=0.150
2025-09-28 23:39:12 - Epoch Summary: TrainLoss=1.6547 | TrainAcc=0.675 | Val(P3)=0.500 | Val(AVO)=0.641
2025-09-28 23:39:12 - No P3-val improvement; patience remaining: 46/50
2025-09-28 23:39:12 - Epoch 11/500 | LR=0.009990 | w_AVO=1.000 | w_P3=2.696 | lambda_MMD=0.300
2025-09-28 23:39:12 - Epoch Summary: TrainLoss=1.8759 | TrainAcc=0.673 | Val(P3)=0.528 | Val(AVO)=0.621
2025-09-28 23:39:12 - No P3-val improvement; patience remaining: 45/50
2025-09-28 23:39:12 - Epoch 12/500 | LR=0.009988 | w_AVO=1.000 | w_P3=2.696 | lambda_MMD=0.300
2025-09-28 23:39:13 - Epoch Summary: TrainLoss=1.7992 | TrainAcc=0.677 | Val(P3)=0.639 | Val(AVO)=0.595
2025-09-28 23:39:13 - New best P3-val; checkpoint updated
2025-09-28 23:39:13 - AVO val decreasing 3x. Reducing lambda_MMD to 0.210
2025-09-28 23:39:13 - Epoch 13/500 | LR=0.009986 | w_AVO=1.000 | w_P3=2.696 | lambda_MMD=0.210
2025-09-28 23:39:13 - Epoch Summary: TrainLoss=1.7189 | TrainAcc=0.669 | Val(P3)=0.444 | Val(AVO)=0.608
2025-09-28 23:39:13 - No P3-val improvement; patience remaining: 49/50
2025-09-28 23:39:13 - Epoch 14/500 | LR=0.009983 | w_AVO=1.000 | w_P3=2.696 | lambda_MMD=0.300
2025-09-28 23:39:14 - Epoch Summary: TrainLoss=1.6980 | TrainAcc=0.659 | Val(P3)=0.611 | Val(AVO)=0.583
2025-09-28 23:39:14 - No P3-val improvement; patience remaining: 48/50
2025-09-28 23:39:14 - Epoch 15/500 | LR=0.009981 | w_AVO=1.000 | w_P3=2.696 | lambda_MMD=0.300
2025-09-28 23:39:15 - Epoch Summary: TrainLoss=1.6884 | TrainAcc=0.667 | Val(P3)=0.611 | Val(AVO)=0.589
2025-09-28 23:39:15 - No P3-val improvement; patience remaining: 47/50
2025-09-28 23:39:15 - Epoch 16/500 | LR=0.009978 | w_AVO=1.000 | w_P3=2.696 | lambda_MMD=0.300
2025-09-28 23:39:16 - Epoch Summary: TrainLoss=1.6437 | TrainAcc=0.663 | Val(P3)=0.528 | Val(AVO)=0.621
2025-09-28 23:39:16 - No P3-val improvement; patience remaining: 46/50
2025-09-28 23:39:16 - Epoch 17/500 | LR=0.009975 | w_AVO=1.000 | w_P3=2.696 | lambda_MMD=0.300
2025-09-28 23:39:17 - Epoch Summary: TrainLoss=1.5337 | TrainAcc=0.684 | Val(P3)=0.583 | Val(AVO)=0.589
2025-09-28 23:39:17 - No P3-val improvement; patience remaining: 45/50
2025-09-28 23:39:17 - Epoch 18/500 | LR=0.009972 | w_AVO=1.000 | w_P3=2.696 | lambda_MMD=0.300
2025-09-28 23:39:18 - Epoch Summary: TrainLoss=1.5338 | TrainAcc=0.670 | Val(P3)=0.583 | Val(AVO)=0.589
2025-09-28 23:39:18 - No P3-val improvement; patience remaining: 44/50
2025-09-28 23:39:18 - Epoch 19/500 | LR=0.009968 | w_AVO=1.000 | w_P3=2.696 | lambda_MMD=0.300
2025-09-28 23:39:20 - Epoch Summary: TrainLoss=1.4635 | TrainAcc=0.690 | Val(P3)=0.500 | Val(AVO)=0.618
2025-09-28 23:39:20 - No P3-val improvement; patience remaining: 43/50
2025-09-28 23:39:20 - Epoch 20/500 | LR=0.009964 | w_AVO=1.000 | w_P3=2.696 | lambda_MMD=0.300
2025-09-28 23:39:21 - Epoch Summary: TrainLoss=1.4282 | TrainAcc=0.690 | Val(P3)=0.556 | Val(AVO)=0.638
2025-09-28 23:39:21 - No P3-val improvement; patience remaining: 42/50
2025-09-28 23:39:21 - Epoch 21/500 | LR=0.009961 | w_AVO=1.000 | w_P3=2.696 | lambda_MMD=0.300
2025-09-28 23:39:21 - Epoch Summary: TrainLoss=1.3980 | TrainAcc=0.685 | Val(P3)=0.528 | Val(AVO)=0.654
2025-09-28 23:39:21 - No P3-val improvement; patience remaining: 41/50
2025-09-28 23:39:21 - Epoch 22/500 | LR=0.009957 | w_AVO=1.000 | w_P3=2.696 | lambda_MMD=0.300
2025-09-28 23:39:22 - Epoch Summary: TrainLoss=1.3828 | TrainAcc=0.693 | Val(P3)=0.528 | Val(AVO)=0.608
2025-09-28 23:39:22 - No P3-val improvement; patience remaining: 40/50
2025-09-28 23:39:22 - Epoch 23/500 | LR=0.009952 | w_AVO=1.000 | w_P3=2.696 | lambda_MMD=0.300
2025-09-28 23:39:24 - Epoch Summary: TrainLoss=1.2958 | TrainAcc=0.687 | Val(P3)=0.583 | Val(AVO)=0.631
2025-09-28 23:39:24 - No P3-val improvement; patience remaining: 39/50
2025-09-28 23:39:24 - Epoch 24/500 | LR=0.009948 | w_AVO=1.000 | w_P3=2.696 | lambda_MMD=0.300
2025-09-28 23:39:25 - Epoch Summary: TrainLoss=1.2505 | TrainAcc=0.704 | Val(P3)=0.556 | Val(AVO)=0.641
2025-09-28 23:39:25 - No P3-val improvement; patience remaining: 38/50
2025-09-28 23:39:25 - Epoch 25/500 | LR=0.009943 | w_AVO=1.000 | w_P3=2.696 | lambda_MMD=0.300
2025-09-28 23:39:25 - Epoch Summary: TrainLoss=1.2316 | TrainAcc=0.697 | Val(P3)=0.556 | Val(AVO)=0.628
2025-09-28 23:39:25 - No P3-val improvement; patience remaining: 37/50
2025-09-28 23:39:25 - Epoch 26/500 | LR=0.009938 | w_AVO=1.000 | w_P3=2.696 | lambda_MMD=0.300
2025-09-28 23:39:27 - Epoch Summary: TrainLoss=1.1720 | TrainAcc=0.717 | Val(P3)=0.583 | Val(AVO)=0.631
2025-09-28 23:39:27 - No P3-val improvement; patience remaining: 36/50
2025-09-28 23:39:27 - Epoch 27/500 | LR=0.009933 | w_AVO=1.000 | w_P3=2.696 | lambda_MMD=0.300
2025-09-28 23:39:28 - Epoch Summary: TrainLoss=1.1724 | TrainAcc=0.698 | Val(P3)=0.528 | Val(AVO)=0.595
2025-09-28 23:39:28 - No P3-val improvement; patience remaining: 35/50
2025-09-28 23:39:28 - Epoch 28/500 | LR=0.009928 | w_AVO=1.000 | w_P3=2.696 | lambda_MMD=0.300
2025-09-28 23:39:30 - Epoch Summary: TrainLoss=1.1492 | TrainAcc=0.702 | Val(P3)=0.583 | Val(AVO)=0.599
2025-09-28 23:39:30 - No P3-val improvement; patience remaining: 34/50
2025-09-28 23:39:30 - Epoch 29/500 | LR=0.009923 | w_AVO=1.000 | w_P3=2.696 | lambda_MMD=0.300
2025-09-28 23:39:31 - Epoch Summary: TrainLoss=1.1678 | TrainAcc=0.695 | Val(P3)=0.556 | Val(AVO)=0.650
2025-09-28 23:39:31 - No P3-val improvement; patience remaining: 33/50
2025-09-28 23:39:31 - Epoch 30/500 | LR=0.009917 | w_AVO=1.000 | w_P3=2.696 | lambda_MMD=0.300
2025-09-28 23:39:31 - Epoch Summary: TrainLoss=1.1060 | TrainAcc=0.694 | Val(P3)=0.500 | Val(AVO)=0.644
2025-09-28 23:39:31 - No P3-val improvement; patience remaining: 32/50
2025-09-28 23:39:31 - P3 val decreasing 3x. Reducing w_small to 2.157, lambda_MMD to 0.150
2025-09-28 23:39:31 - Epoch 31/500 | LR=0.009911 | w_AVO=1.000 | w_P3=2.157 | lambda_MMD=0.150
2025-09-28 23:39:33 - Epoch Summary: TrainLoss=0.9579 | TrainAcc=0.705 | Val(P3)=0.556 | Val(AVO)=0.589
2025-09-28 23:39:33 - No P3-val improvement; patience remaining: 31/50
2025-09-28 23:39:33 - AVO val decreasing 3x. Reducing lambda_MMD to 0.210
2025-09-28 23:39:33 - Epoch 32/500 | LR=0.009905 | w_AVO=1.000 | w_P3=2.696 | lambda_MMD=0.210
2025-09-28 23:39:33 - Epoch Summary: TrainLoss=1.0234 | TrainAcc=0.718 | Val(P3)=0.500 | Val(AVO)=0.657
2025-09-28 23:39:33 - No P3-val improvement; patience remaining: 30/50
2025-09-28 23:39:33 - Epoch 33/500 | LR=0.009899 | w_AVO=1.000 | w_P3=2.696 | lambda_MMD=0.300
2025-09-28 23:39:34 - Epoch Summary: TrainLoss=1.0411 | TrainAcc=0.716 | Val(P3)=0.528 | Val(AVO)=0.644
2025-09-28 23:39:34 - No P3-val improvement; patience remaining: 29/50
2025-09-28 23:39:34 - Epoch 34/500 | LR=0.009893 | w_AVO=1.000 | w_P3=2.696 | lambda_MMD=0.300
2025-09-28 23:39:35 - Epoch Summary: TrainLoss=1.0224 | TrainAcc=0.709 | Val(P3)=0.528 | Val(AVO)=0.618
2025-09-28 23:39:35 - No P3-val improvement; patience remaining: 28/50
2025-09-28 23:39:35 - AVO val decreasing 3x. Reducing lambda_MMD to 0.210
2025-09-28 23:39:35 - Epoch 35/500 | LR=0.009886 | w_AVO=1.000 | w_P3=2.696 | lambda_MMD=0.210
2025-09-28 23:39:36 - Epoch Summary: TrainLoss=0.9702 | TrainAcc=0.714 | Val(P3)=0.528 | Val(AVO)=0.638
2025-09-28 23:39:36 - No P3-val improvement; patience remaining: 27/50
2025-09-28 23:39:36 - Epoch 36/500 | LR=0.009880 | w_AVO=1.000 | w_P3=2.696 | lambda_MMD=0.300
2025-09-28 23:39:37 - Epoch Summary: TrainLoss=0.9693 | TrainAcc=0.708 | Val(P3)=0.528 | Val(AVO)=0.667
2025-09-28 23:39:37 - No P3-val improvement; patience remaining: 26/50
2025-09-28 23:39:37 - Epoch 37/500 | LR=0.009873 | w_AVO=1.000 | w_P3=2.696 | lambda_MMD=0.300
2025-09-28 23:39:39 - Epoch Summary: TrainLoss=0.9510 | TrainAcc=0.718 | Val(P3)=0.583 | Val(AVO)=0.608
2025-09-28 23:39:39 - No P3-val improvement; patience remaining: 25/50
2025-09-28 23:39:39 - Epoch 38/500 | LR=0.009865 | w_AVO=1.000 | w_P3=2.696 | lambda_MMD=0.300
2025-09-28 23:39:41 - Epoch Summary: TrainLoss=0.9337 | TrainAcc=0.719 | Val(P3)=0.528 | Val(AVO)=0.657
2025-09-28 23:39:41 - No P3-val improvement; patience remaining: 24/50
2025-09-28 23:39:41 - Epoch 39/500 | LR=0.009858 | w_AVO=1.000 | w_P3=2.696 | lambda_MMD=0.300
2025-09-28 23:39:42 - Epoch Summary: TrainLoss=0.9124 | TrainAcc=0.734 | Val(P3)=0.667 | Val(AVO)=0.621
2025-09-28 23:39:42 - New best P3-val; checkpoint updated
2025-09-28 23:39:42 - Epoch 40/500 | LR=0.009851 | w_AVO=1.000 | w_P3=2.696 | lambda_MMD=0.300
2025-09-28 23:39:42 - Epoch Summary: TrainLoss=0.9374 | TrainAcc=0.727 | Val(P3)=0.556 | Val(AVO)=0.647
2025-09-28 23:39:42 - No P3-val improvement; patience remaining: 49/50
2025-09-28 23:39:42 - Epoch 41/500 | LR=0.009843 | w_AVO=1.000 | w_P3=2.696 | lambda_MMD=0.300
2025-09-28 23:39:43 - Epoch Summary: TrainLoss=0.8910 | TrainAcc=0.715 | Val(P3)=0.472 | Val(AVO)=0.650
2025-09-28 23:39:43 - No P3-val improvement; patience remaining: 48/50
2025-09-28 23:39:43 - P3 val decreasing 3x. Reducing w_small to 2.157, lambda_MMD to 0.150
2025-09-28 23:39:43 - Epoch 42/500 | LR=0.009835 | w_AVO=1.000 | w_P3=2.157 | lambda_MMD=0.150
2025-09-28 23:39:46 - Epoch Summary: TrainLoss=0.7731 | TrainAcc=0.738 | Val(P3)=0.611 | Val(AVO)=0.573
2025-09-28 23:39:46 - No P3-val improvement; patience remaining: 47/50
2025-09-28 23:39:46 - Epoch 43/500 | LR=0.009827 | w_AVO=1.000 | w_P3=2.696 | lambda_MMD=0.300
2025-09-28 23:39:46 - Epoch Summary: TrainLoss=0.9062 | TrainAcc=0.717 | Val(P3)=0.500 | Val(AVO)=0.644
2025-09-28 23:39:46 - No P3-val improvement; patience remaining: 46/50
2025-09-28 23:39:46 - Epoch 44/500 | LR=0.009819 | w_AVO=1.000 | w_P3=2.696 | lambda_MMD=0.300
2025-09-28 23:39:47 - Epoch Summary: TrainLoss=0.9327 | TrainAcc=0.703 | Val(P3)=0.417 | Val(AVO)=0.650
2025-09-28 23:39:47 - No P3-val improvement; patience remaining: 45/50
2025-09-28 23:39:47 - P3 val decreasing 3x. Reducing w_small to 2.157, lambda_MMD to 0.150
2025-09-28 23:39:47 - Epoch 45/500 | LR=0.009810 | w_AVO=1.000 | w_P3=2.157 | lambda_MMD=0.150
2025-09-28 23:39:47 - Epoch Summary: TrainLoss=0.8250 | TrainAcc=0.709 | Val(P3)=0.500 | Val(AVO)=0.647
2025-09-28 23:39:47 - No P3-val improvement; patience remaining: 44/50
2025-09-28 23:39:47 - Epoch 46/500 | LR=0.009801 | w_AVO=1.000 | w_P3=2.696 | lambda_MMD=0.300
2025-09-28 23:39:47 - Epoch Summary: TrainLoss=0.8216 | TrainAcc=0.732 | Val(P3)=0.556 | Val(AVO)=0.586
2025-09-28 23:39:47 - No P3-val improvement; patience remaining: 43/50
2025-09-28 23:39:47 - AVO val decreasing 3x. Reducing lambda_MMD to 0.210
2025-09-28 23:39:47 - Epoch 47/500 | LR=0.009793 | w_AVO=1.000 | w_P3=2.696 | lambda_MMD=0.210
2025-09-28 23:39:47 - Epoch Summary: TrainLoss=0.8147 | TrainAcc=0.741 | Val(P3)=0.583 | Val(AVO)=0.634
2025-09-28 23:39:47 - No P3-val improvement; patience remaining: 42/50
2025-09-28 23:39:47 - Epoch 48/500 | LR=0.009784 | w_AVO=1.000 | w_P3=2.696 | lambda_MMD=0.300
2025-09-28 23:39:47 - Epoch Summary: TrainLoss=0.8076 | TrainAcc=0.747 | Val(P3)=0.528 | Val(AVO)=0.650
2025-09-28 23:39:47 - No P3-val improvement; patience remaining: 41/50
2025-09-28 23:39:47 - Epoch 49/500 | LR=0.009774 | w_AVO=1.000 | w_P3=2.696 | lambda_MMD=0.300
2025-09-28 23:39:47 - Epoch Summary: TrainLoss=0.8429 | TrainAcc=0.732 | Val(P3)=0.556 | Val(AVO)=0.628
2025-09-28 23:39:47 - No P3-val improvement; patience remaining: 40/50
2025-09-28 23:39:47 - Epoch 50/500 | LR=0.009765 | w_AVO=1.000 | w_P3=2.696 | lambda_MMD=0.300
2025-09-28 23:39:48 - Epoch Summary: TrainLoss=0.7913 | TrainAcc=0.736 | Val(P3)=0.611 | Val(AVO)=0.618
2025-09-28 23:39:48 - No P3-val improvement; patience remaining: 39/50
2025-09-28 23:39:48 - AVO val decreasing 3x. Reducing lambda_MMD to 0.210
2025-09-28 23:39:48 - Epoch 51/500 | LR=0.009755 | w_AVO=1.000 | w_P3=2.696 | lambda_MMD=0.210
2025-09-28 23:39:48 - Epoch Summary: TrainLoss=0.7622 | TrainAcc=0.738 | Val(P3)=0.500 | Val(AVO)=0.683
2025-09-28 23:39:48 - No P3-val improvement; patience remaining: 38/50
2025-09-28 23:39:48 - Epoch 52/500 | LR=0.009745 | w_AVO=1.000 | w_P3=2.696 | lambda_MMD=0.300
2025-09-28 23:39:48 - Epoch Summary: TrainLoss=0.7634 | TrainAcc=0.740 | Val(P3)=0.583 | Val(AVO)=0.644
2025-09-28 23:39:48 - No P3-val improvement; patience remaining: 37/50
2025-09-28 23:39:48 - Epoch 53/500 | LR=0.009735 | w_AVO=1.000 | w_P3=2.696 | lambda_MMD=0.300
2025-09-28 23:39:48 - Epoch Summary: TrainLoss=0.7976 | TrainAcc=0.740 | Val(P3)=0.694 | Val(AVO)=0.583
2025-09-28 23:39:48 - New best P3-val; checkpoint updated
2025-09-28 23:39:48 - AVO val decreasing 3x. Reducing lambda_MMD to 0.210
2025-09-28 23:39:48 - Epoch 54/500 | LR=0.009725 | w_AVO=1.000 | w_P3=2.696 | lambda_MMD=0.210
2025-09-28 23:39:48 - Epoch Summary: TrainLoss=0.7972 | TrainAcc=0.737 | Val(P3)=0.472 | Val(AVO)=0.683
2025-09-28 23:39:48 - No P3-val improvement; patience remaining: 49/50
2025-09-28 23:39:48 - Epoch 55/500 | LR=0.009715 | w_AVO=1.000 | w_P3=2.696 | lambda_MMD=0.300
2025-09-28 23:39:48 - Epoch Summary: TrainLoss=0.8831 | TrainAcc=0.704 | Val(P3)=0.667 | Val(AVO)=0.638
2025-09-28 23:39:48 - No P3-val improvement; patience remaining: 48/50
2025-09-28 23:39:48 - Epoch 56/500 | LR=0.009704 | w_AVO=1.000 | w_P3=2.696 | lambda_MMD=0.300
2025-09-28 23:39:48 - Epoch Summary: TrainLoss=0.7665 | TrainAcc=0.749 | Val(P3)=0.528 | Val(AVO)=0.663
2025-09-28 23:39:48 - No P3-val improvement; patience remaining: 47/50
2025-09-28 23:39:48 - Epoch 57/500 | LR=0.009694 | w_AVO=1.000 | w_P3=2.696 | lambda_MMD=0.300
2025-09-28 23:39:49 - Epoch Summary: TrainLoss=0.7646 | TrainAcc=0.748 | Val(P3)=0.528 | Val(AVO)=0.586
2025-09-28 23:39:49 - No P3-val improvement; patience remaining: 46/50
2025-09-28 23:39:49 - Epoch 58/500 | LR=0.009683 | w_AVO=1.000 | w_P3=2.696 | lambda_MMD=0.300
2025-09-28 23:39:49 - Epoch Summary: TrainLoss=0.7318 | TrainAcc=0.758 | Val(P3)=0.528 | Val(AVO)=0.676
2025-09-28 23:39:49 - No P3-val improvement; patience remaining: 45/50
2025-09-28 23:39:49 - Epoch 59/500 | LR=0.009672 | w_AVO=1.000 | w_P3=2.696 | lambda_MMD=0.300
2025-09-28 23:39:49 - Epoch Summary: TrainLoss=0.7375 | TrainAcc=0.759 | Val(P3)=0.556 | Val(AVO)=0.615
2025-09-28 23:39:49 - No P3-val improvement; patience remaining: 44/50
2025-09-28 23:39:49 - Epoch 60/500 | LR=0.009660 | w_AVO=1.000 | w_P3=2.696 | lambda_MMD=0.300
2025-09-28 23:39:49 - Epoch Summary: TrainLoss=0.7336 | TrainAcc=0.746 | Val(P3)=0.556 | Val(AVO)=0.689
2025-09-28 23:39:49 - No P3-val improvement; patience remaining: 43/50
2025-09-28 23:39:49 - Epoch 61/500 | LR=0.009649 | w_AVO=1.000 | w_P3=2.696 | lambda_MMD=0.300
2025-09-28 23:39:49 - Epoch Summary: TrainLoss=0.6997 | TrainAcc=0.758 | Val(P3)=0.611 | Val(AVO)=0.638
2025-09-28 23:39:49 - No P3-val improvement; patience remaining: 42/50
2025-09-28 23:39:49 - Epoch 62/500 | LR=0.009637 | w_AVO=1.000 | w_P3=2.696 | lambda_MMD=0.300
2025-09-28 23:39:49 - Epoch Summary: TrainLoss=0.6915 | TrainAcc=0.761 | Val(P3)=0.528 | Val(AVO)=0.657
2025-09-28 23:39:49 - No P3-val improvement; patience remaining: 41/50
2025-09-28 23:39:49 - Epoch 63/500 | LR=0.009625 | w_AVO=1.000 | w_P3=2.696 | lambda_MMD=0.300
2025-09-28 23:39:50 - Epoch Summary: TrainLoss=0.6887 | TrainAcc=0.755 | Val(P3)=0.667 | Val(AVO)=0.605
2025-09-28 23:39:50 - No P3-val improvement; patience remaining: 40/50
2025-09-28 23:39:50 - Epoch 64/500 | LR=0.009613 | w_AVO=1.000 | w_P3=2.696 | lambda_MMD=0.300
2025-09-28 23:39:50 - Epoch Summary: TrainLoss=0.6731 | TrainAcc=0.766 | Val(P3)=0.556 | Val(AVO)=0.663
2025-09-28 23:39:50 - No P3-val improvement; patience remaining: 39/50
2025-09-28 23:39:50 - Epoch 65/500 | LR=0.009601 | w_AVO=1.000 | w_P3=2.696 | lambda_MMD=0.300
2025-09-28 23:39:50 - Epoch Summary: TrainLoss=0.6728 | TrainAcc=0.763 | Val(P3)=0.556 | Val(AVO)=0.641
2025-09-28 23:39:50 - No P3-val improvement; patience remaining: 38/50
2025-09-28 23:39:50 - Epoch 66/500 | LR=0.009589 | w_AVO=1.000 | w_P3=2.696 | lambda_MMD=0.300
2025-09-28 23:39:50 - Epoch Summary: TrainLoss=0.6644 | TrainAcc=0.765 | Val(P3)=0.611 | Val(AVO)=0.608
2025-09-28 23:39:50 - No P3-val improvement; patience remaining: 37/50
2025-09-28 23:39:50 - AVO val decreasing 3x. Reducing lambda_MMD to 0.210
2025-09-28 23:39:50 - Epoch 67/500 | LR=0.009576 | w_AVO=1.000 | w_P3=2.696 | lambda_MMD=0.210
2025-09-28 23:39:50 - Epoch Summary: TrainLoss=0.6460 | TrainAcc=0.772 | Val(P3)=0.556 | Val(AVO)=0.638
2025-09-28 23:39:50 - No P3-val improvement; patience remaining: 36/50
2025-09-28 23:39:50 - Epoch 68/500 | LR=0.009563 | w_AVO=1.000 | w_P3=2.696 | lambda_MMD=0.300
2025-09-28 23:39:50 - Epoch Summary: TrainLoss=0.6704 | TrainAcc=0.767 | Val(P3)=0.611 | Val(AVO)=0.621
2025-09-28 23:39:50 - No P3-val improvement; patience remaining: 35/50
2025-09-28 23:39:50 - Epoch 69/500 | LR=0.009551 | w_AVO=1.000 | w_P3=2.696 | lambda_MMD=0.300
2025-09-28 23:39:51 - Epoch Summary: TrainLoss=0.6460 | TrainAcc=0.761 | Val(P3)=0.583 | Val(AVO)=0.599
2025-09-28 23:39:51 - No P3-val improvement; patience remaining: 34/50
2025-09-28 23:39:51 - AVO val decreasing 3x. Reducing lambda_MMD to 0.210
2025-09-28 23:39:51 - Epoch 70/500 | LR=0.009537 | w_AVO=1.000 | w_P3=2.696 | lambda_MMD=0.210
2025-09-28 23:39:51 - Epoch Summary: TrainLoss=0.6514 | TrainAcc=0.771 | Val(P3)=0.639 | Val(AVO)=0.599
2025-09-28 23:39:51 - No P3-val improvement; patience remaining: 33/50
2025-09-28 23:39:51 - Epoch 71/500 | LR=0.009524 | w_AVO=1.000 | w_P3=2.696 | lambda_MMD=0.300
2025-09-28 23:39:51 - Epoch Summary: TrainLoss=0.7571 | TrainAcc=0.747 | Val(P3)=0.639 | Val(AVO)=0.667
2025-09-28 23:39:51 - No P3-val improvement; patience remaining: 32/50
2025-09-28 23:39:51 - Epoch 72/500 | LR=0.009511 | w_AVO=1.000 | w_P3=2.696 | lambda_MMD=0.300
2025-09-28 23:39:51 - Epoch Summary: TrainLoss=0.6610 | TrainAcc=0.763 | Val(P3)=0.556 | Val(AVO)=0.621
2025-09-28 23:39:51 - No P3-val improvement; patience remaining: 31/50
2025-09-28 23:39:51 - Epoch 73/500 | LR=0.009497 | w_AVO=1.000 | w_P3=2.696 | lambda_MMD=0.300
2025-09-28 23:39:51 - Epoch Summary: TrainLoss=0.6186 | TrainAcc=0.778 | Val(P3)=0.639 | Val(AVO)=0.689
2025-09-28 23:39:51 - No P3-val improvement; patience remaining: 30/50
2025-09-28 23:39:51 - Epoch 74/500 | LR=0.009483 | w_AVO=1.000 | w_P3=2.696 | lambda_MMD=0.300
2025-09-28 23:39:51 - Epoch Summary: TrainLoss=0.6506 | TrainAcc=0.762 | Val(P3)=0.528 | Val(AVO)=0.673
2025-09-28 23:39:51 - No P3-val improvement; patience remaining: 29/50
2025-09-28 23:39:51 - Epoch 75/500 | LR=0.009469 | w_AVO=1.000 | w_P3=2.696 | lambda_MMD=0.300
2025-09-28 23:39:52 - Epoch Summary: TrainLoss=0.6565 | TrainAcc=0.787 | Val(P3)=0.528 | Val(AVO)=0.686
2025-09-28 23:39:52 - No P3-val improvement; patience remaining: 28/50
2025-09-28 23:39:52 - Epoch 76/500 | LR=0.009455 | w_AVO=1.000 | w_P3=2.696 | lambda_MMD=0.300
2025-09-28 23:39:52 - Epoch Summary: TrainLoss=0.6194 | TrainAcc=0.777 | Val(P3)=0.583 | Val(AVO)=0.641
2025-09-28 23:39:52 - No P3-val improvement; patience remaining: 27/50
2025-09-28 23:39:52 - Epoch 77/500 | LR=0.009441 | w_AVO=1.000 | w_P3=2.696 | lambda_MMD=0.300
2025-09-28 23:39:52 - Epoch Summary: TrainLoss=0.6497 | TrainAcc=0.768 | Val(P3)=0.611 | Val(AVO)=0.654
2025-09-28 23:39:52 - No P3-val improvement; patience remaining: 26/50
2025-09-28 23:39:52 - Epoch 78/500 | LR=0.009426 | w_AVO=1.000 | w_P3=2.696 | lambda_MMD=0.300
2025-09-28 23:39:52 - Epoch Summary: TrainLoss=0.6249 | TrainAcc=0.777 | Val(P3)=0.583 | Val(AVO)=0.647
2025-09-28 23:39:52 - No P3-val improvement; patience remaining: 25/50
2025-09-28 23:39:52 - Epoch 79/500 | LR=0.009411 | w_AVO=1.000 | w_P3=2.696 | lambda_MMD=0.300
2025-09-28 23:39:52 - Epoch Summary: TrainLoss=0.6082 | TrainAcc=0.785 | Val(P3)=0.611 | Val(AVO)=0.595
2025-09-28 23:39:52 - No P3-val improvement; patience remaining: 24/50
2025-09-28 23:39:52 - AVO val decreasing 3x. Reducing lambda_MMD to 0.210
2025-09-28 23:39:52 - Epoch 80/500 | LR=0.009397 | w_AVO=1.000 | w_P3=2.696 | lambda_MMD=0.210
2025-09-28 23:39:52 - Epoch Summary: TrainLoss=0.5816 | TrainAcc=0.780 | Val(P3)=0.528 | Val(AVO)=0.608
2025-09-28 23:39:52 - No P3-val improvement; patience remaining: 23/50
2025-09-28 23:39:52 - Epoch 81/500 | LR=0.009382 | w_AVO=1.000 | w_P3=2.696 | lambda_MMD=0.300
2025-09-28 23:39:53 - Epoch Summary: TrainLoss=0.5906 | TrainAcc=0.787 | Val(P3)=0.528 | Val(AVO)=0.595
2025-09-28 23:39:53 - No P3-val improvement; patience remaining: 22/50
2025-09-28 23:39:53 - Epoch 82/500 | LR=0.009366 | w_AVO=1.000 | w_P3=2.696 | lambda_MMD=0.300
2025-09-28 23:39:53 - Epoch Summary: TrainLoss=0.6020 | TrainAcc=0.784 | Val(P3)=0.500 | Val(AVO)=0.689
2025-09-28 23:39:53 - No P3-val improvement; patience remaining: 21/50
2025-09-28 23:39:53 - Epoch 83/500 | LR=0.009351 | w_AVO=1.000 | w_P3=2.696 | lambda_MMD=0.300
2025-09-28 23:39:53 - Epoch Summary: TrainLoss=0.6234 | TrainAcc=0.787 | Val(P3)=0.556 | Val(AVO)=0.693
2025-09-28 23:39:53 - No P3-val improvement; patience remaining: 20/50
2025-09-28 23:39:53 - Epoch 84/500 | LR=0.009335 | w_AVO=1.000 | w_P3=2.696 | lambda_MMD=0.300
2025-09-28 23:39:53 - Epoch Summary: TrainLoss=0.6318 | TrainAcc=0.782 | Val(P3)=0.583 | Val(AVO)=0.550
2025-09-28 23:39:53 - No P3-val improvement; patience remaining: 19/50
2025-09-28 23:39:53 - Epoch 85/500 | LR=0.009320 | w_AVO=1.000 | w_P3=2.696 | lambda_MMD=0.300
2025-09-28 23:39:53 - Epoch Summary: TrainLoss=0.6564 | TrainAcc=0.772 | Val(P3)=0.583 | Val(AVO)=0.683
2025-09-28 23:39:53 - No P3-val improvement; patience remaining: 18/50
2025-09-28 23:39:53 - Epoch 86/500 | LR=0.009304 | w_AVO=1.000 | w_P3=2.696 | lambda_MMD=0.300
2025-09-28 23:39:53 - Epoch Summary: TrainLoss=0.6116 | TrainAcc=0.767 | Val(P3)=0.556 | Val(AVO)=0.686
2025-09-28 23:39:53 - No P3-val improvement; patience remaining: 17/50
2025-09-28 23:39:53 - Epoch 87/500 | LR=0.009288 | w_AVO=1.000 | w_P3=2.696 | lambda_MMD=0.300
2025-09-28 23:39:54 - Epoch Summary: TrainLoss=0.5904 | TrainAcc=0.790 | Val(P3)=0.556 | Val(AVO)=0.663
2025-09-28 23:39:54 - No P3-val improvement; patience remaining: 16/50
2025-09-28 23:39:54 - Epoch 88/500 | LR=0.009271 | w_AVO=1.000 | w_P3=2.696 | lambda_MMD=0.300
2025-09-28 23:39:54 - Epoch Summary: TrainLoss=0.5986 | TrainAcc=0.801 | Val(P3)=0.556 | Val(AVO)=0.670
2025-09-28 23:39:54 - No P3-val improvement; patience remaining: 15/50
2025-09-28 23:39:54 - Epoch 89/500 | LR=0.009255 | w_AVO=1.000 | w_P3=2.696 | lambda_MMD=0.300
2025-09-28 23:39:54 - Epoch Summary: TrainLoss=0.5933 | TrainAcc=0.794 | Val(P3)=0.583 | Val(AVO)=0.638
2025-09-28 23:39:54 - No P3-val improvement; patience remaining: 14/50
2025-09-28 23:39:54 - Epoch 90/500 | LR=0.009238 | w_AVO=1.000 | w_P3=2.696 | lambda_MMD=0.300
2025-09-28 23:39:54 - Epoch Summary: TrainLoss=0.5808 | TrainAcc=0.808 | Val(P3)=0.583 | Val(AVO)=0.722
2025-09-28 23:39:54 - No P3-val improvement; patience remaining: 13/50
2025-09-28 23:39:54 - Epoch 91/500 | LR=0.009222 | w_AVO=1.000 | w_P3=2.696 | lambda_MMD=0.300
2025-09-28 23:39:54 - Epoch Summary: TrainLoss=0.5908 | TrainAcc=0.797 | Val(P3)=0.556 | Val(AVO)=0.650
2025-09-28 23:39:54 - No P3-val improvement; patience remaining: 12/50
2025-09-28 23:39:54 - Epoch 92/500 | LR=0.009205 | w_AVO=1.000 | w_P3=2.696 | lambda_MMD=0.300
2025-09-28 23:39:54 - Epoch Summary: TrainLoss=0.5759 | TrainAcc=0.798 | Val(P3)=0.583 | Val(AVO)=0.657
2025-09-28 23:39:54 - No P3-val improvement; patience remaining: 11/50
2025-09-28 23:39:54 - Epoch 93/500 | LR=0.009188 | w_AVO=1.000 | w_P3=2.696 | lambda_MMD=0.300
2025-09-28 23:39:55 - Epoch Summary: TrainLoss=0.5788 | TrainAcc=0.788 | Val(P3)=0.556 | Val(AVO)=0.693
2025-09-28 23:39:55 - No P3-val improvement; patience remaining: 10/50
2025-09-28 23:39:55 - Epoch 94/500 | LR=0.009170 | w_AVO=1.000 | w_P3=2.696 | lambda_MMD=0.300
2025-09-28 23:39:55 - Epoch Summary: TrainLoss=0.5587 | TrainAcc=0.806 | Val(P3)=0.611 | Val(AVO)=0.641
2025-09-28 23:39:55 - No P3-val improvement; patience remaining: 9/50
2025-09-28 23:39:55 - Epoch 95/500 | LR=0.009153 | w_AVO=1.000 | w_P3=2.696 | lambda_MMD=0.300
2025-09-28 23:39:55 - Epoch Summary: TrainLoss=0.5814 | TrainAcc=0.798 | Val(P3)=0.556 | Val(AVO)=0.693
2025-09-28 23:39:55 - No P3-val improvement; patience remaining: 8/50
2025-09-28 23:39:55 - Epoch 96/500 | LR=0.009135 | w_AVO=1.000 | w_P3=2.696 | lambda_MMD=0.300
2025-09-28 23:39:55 - Epoch Summary: TrainLoss=0.5946 | TrainAcc=0.802 | Val(P3)=0.583 | Val(AVO)=0.647
2025-09-28 23:39:55 - No P3-val improvement; patience remaining: 7/50
2025-09-28 23:39:55 - Epoch 97/500 | LR=0.009118 | w_AVO=1.000 | w_P3=2.696 | lambda_MMD=0.300
2025-09-28 23:39:55 - Epoch Summary: TrainLoss=0.5521 | TrainAcc=0.802 | Val(P3)=0.639 | Val(AVO)=0.647
2025-09-28 23:39:55 - No P3-val improvement; patience remaining: 6/50
2025-09-28 23:39:55 - Epoch 98/500 | LR=0.009100 | w_AVO=1.000 | w_P3=2.696 | lambda_MMD=0.300
2025-09-28 23:39:55 - Epoch Summary: TrainLoss=0.5581 | TrainAcc=0.796 | Val(P3)=0.611 | Val(AVO)=0.667
2025-09-28 23:39:55 - No P3-val improvement; patience remaining: 5/50
2025-09-28 23:39:55 - Epoch 99/500 | LR=0.009082 | w_AVO=1.000 | w_P3=2.696 | lambda_MMD=0.300
2025-09-28 23:39:56 - Epoch Summary: TrainLoss=0.5404 | TrainAcc=0.809 | Val(P3)=0.611 | Val(AVO)=0.650
2025-09-28 23:39:56 - No P3-val improvement; patience remaining: 4/50
2025-09-28 23:39:56 - Epoch 100/500 | LR=0.009063 | w_AVO=1.000 | w_P3=2.696 | lambda_MMD=0.300
2025-09-28 23:39:56 - Epoch Summary: TrainLoss=0.5175 | TrainAcc=0.827 | Val(P3)=0.583 | Val(AVO)=0.641
2025-09-28 23:39:56 - No P3-val improvement; patience remaining: 3/50
2025-09-28 23:39:56 - AVO val decreasing 3x. Reducing lambda_MMD to 0.210
2025-09-28 23:39:56 - Epoch 101/500 | LR=0.009045 | w_AVO=1.000 | w_P3=2.696 | lambda_MMD=0.210
2025-09-28 23:39:56 - Epoch Summary: TrainLoss=0.5028 | TrainAcc=0.827 | Val(P3)=0.528 | Val(AVO)=0.673
2025-09-28 23:39:56 - No P3-val improvement; patience remaining: 2/50
2025-09-28 23:39:56 - P3 val decreasing 3x. Reducing w_small to 2.157, lambda_MMD to 0.150
2025-09-28 23:39:56 - Epoch 102/500 | LR=0.009027 | w_AVO=1.000 | w_P3=2.157 | lambda_MMD=0.150
2025-09-28 23:39:56 - Epoch Summary: TrainLoss=0.5094 | TrainAcc=0.808 | Val(P3)=0.556 | Val(AVO)=0.663
2025-09-28 23:39:56 - No P3-val improvement; patience remaining: 1/50
2025-09-28 23:39:56 - Epoch 103/500 | LR=0.009008 | w_AVO=1.000 | w_P3=2.696 | lambda_MMD=0.300
2025-09-28 23:39:56 - Epoch Summary: TrainLoss=0.5227 | TrainAcc=0.824 | Val(P3)=0.611 | Val(AVO)=0.576
2025-09-28 23:39:56 - No P3-val improvement; patience remaining: 0/50
2025-09-28 23:39:56 - Early stopping triggered (P3-val)
2025-09-28 23:39:56 -     P3 Test | Acc=0.6389 P=0.5882 R=0.8571 F1=0.6977 AUC=0.7174 (n=72)
2025-09-28 23:39:56 -     AVO Test | Acc=0.5696 P=0.5390 R=0.9806 F1=0.6957 AUC=0.7785 (n=618)
2025-09-28 23:39:56 -     Overall Test Acc=0.5768
2025-09-28 23:39:56 - Repeat 4/5
2025-09-28 23:39:56 -   Fold 1/5
2025-09-28 23:39:56 - Fold domains: small=P3 (n=278), large=AVO (n=2137)
2025-09-28 23:39:56 - Auto adjustments (symmetric): w_small≈1.000, lambda_MMD_target=0.300, warmup_epochs=5
2025-09-28 23:39:56 - Epoch 1/500 | LR=0.010000 | w_AVO=1.000 | w_P3=1.355 | lambda_MMD=0.060
2025-09-28 23:39:57 - Epoch Summary: TrainLoss=1.7135 | TrainAcc=0.522 | Val(P3)=0.543 | Val(AVO)=0.581
2025-09-28 23:39:57 - New best P3-val; checkpoint updated
2025-09-28 23:39:57 - Epoch 2/500 | LR=0.010000 | w_AVO=1.000 | w_P3=1.709 | lambda_MMD=0.120
2025-09-28 23:39:57 - Epoch Summary: TrainLoss=1.7573 | TrainAcc=0.589 | Val(P3)=0.657 | Val(AVO)=0.623
2025-09-28 23:39:57 - New best P3-val; checkpoint updated
2025-09-28 23:39:57 - Epoch 3/500 | LR=0.010000 | w_AVO=1.000 | w_P3=2.064 | lambda_MMD=0.180
2025-09-28 23:39:57 - Epoch Summary: TrainLoss=1.9650 | TrainAcc=0.612 | Val(P3)=0.600 | Val(AVO)=0.648
2025-09-28 23:39:57 - No P3-val improvement; patience remaining: 49/50
2025-09-28 23:39:57 - Epoch 4/500 | LR=0.009999 | w_AVO=1.000 | w_P3=2.418 | lambda_MMD=0.240
2025-09-28 23:39:57 - Epoch Summary: TrainLoss=2.1661 | TrainAcc=0.610 | Val(P3)=0.629 | Val(AVO)=0.655
2025-09-28 23:39:57 - No P3-val improvement; patience remaining: 48/50
2025-09-28 23:39:57 - Epoch 5/500 | LR=0.009998 | w_AVO=1.000 | w_P3=2.773 | lambda_MMD=0.300
2025-09-28 23:39:57 - Epoch Summary: TrainLoss=2.3606 | TrainAcc=0.616 | Val(P3)=0.657 | Val(AVO)=0.584
2025-09-28 23:39:57 - No P3-val improvement; patience remaining: 47/50
2025-09-28 23:39:57 - Epoch 6/500 | LR=0.009998 | w_AVO=1.000 | w_P3=2.773 | lambda_MMD=0.300
2025-09-28 23:39:57 - Epoch Summary: TrainLoss=2.2770 | TrainAcc=0.635 | Val(P3)=0.486 | Val(AVO)=0.568
2025-09-28 23:39:57 - No P3-val improvement; patience remaining: 46/50
2025-09-28 23:39:57 - AVO val decreasing 3x. Reducing lambda_MMD to 0.210
2025-09-28 23:39:57 - Epoch 7/500 | LR=0.009996 | w_AVO=1.000 | w_P3=2.773 | lambda_MMD=0.210
2025-09-28 23:39:58 - Epoch Summary: TrainLoss=2.2334 | TrainAcc=0.627 | Val(P3)=0.629 | Val(AVO)=0.584
2025-09-28 23:39:58 - No P3-val improvement; patience remaining: 45/50
2025-09-28 23:39:58 - Epoch 8/500 | LR=0.009995 | w_AVO=1.000 | w_P3=2.773 | lambda_MMD=0.300
2025-09-28 23:39:58 - Epoch Summary: TrainLoss=2.2439 | TrainAcc=0.644 | Val(P3)=0.629 | Val(AVO)=0.568
2025-09-28 23:39:58 - No P3-val improvement; patience remaining: 44/50
2025-09-28 23:39:58 - Epoch 9/500 | LR=0.009994 | w_AVO=1.000 | w_P3=2.773 | lambda_MMD=0.300
2025-09-28 23:39:58 - Epoch Summary: TrainLoss=2.1461 | TrainAcc=0.645 | Val(P3)=0.600 | Val(AVO)=0.577
2025-09-28 23:39:58 - No P3-val improvement; patience remaining: 43/50
2025-09-28 23:39:58 - Epoch 10/500 | LR=0.009992 | w_AVO=1.000 | w_P3=2.773 | lambda_MMD=0.300
2025-09-28 23:39:58 - Epoch Summary: TrainLoss=2.1696 | TrainAcc=0.648 | Val(P3)=0.714 | Val(AVO)=0.606
2025-09-28 23:39:58 - New best P3-val; checkpoint updated
2025-09-28 23:39:58 - Epoch 11/500 | LR=0.009990 | w_AVO=1.000 | w_P3=2.773 | lambda_MMD=0.300
2025-09-28 23:39:58 - Epoch Summary: TrainLoss=2.1000 | TrainAcc=0.652 | Val(P3)=0.686 | Val(AVO)=0.535
2025-09-28 23:39:58 - No P3-val improvement; patience remaining: 49/50
2025-09-28 23:39:58 - Epoch 12/500 | LR=0.009988 | w_AVO=1.000 | w_P3=2.773 | lambda_MMD=0.300
2025-09-28 23:39:58 - Epoch Summary: TrainLoss=2.0373 | TrainAcc=0.641 | Val(P3)=0.543 | Val(AVO)=0.568
2025-09-28 23:39:58 - No P3-val improvement; patience remaining: 48/50
2025-09-28 23:39:58 - P3 val decreasing 3x. Reducing w_small to 2.218, lambda_MMD to 0.150
2025-09-28 23:39:58 - Epoch 13/500 | LR=0.009986 | w_AVO=1.000 | w_P3=2.218 | lambda_MMD=0.150
2025-09-28 23:39:59 - Epoch Summary: TrainLoss=1.7711 | TrainAcc=0.642 | Val(P3)=0.629 | Val(AVO)=0.565
2025-09-28 23:39:59 - No P3-val improvement; patience remaining: 47/50
2025-09-28 23:39:59 - Epoch 14/500 | LR=0.009983 | w_AVO=1.000 | w_P3=2.773 | lambda_MMD=0.300
2025-09-28 23:39:59 - Epoch Summary: TrainLoss=1.9729 | TrainAcc=0.664 | Val(P3)=0.629 | Val(AVO)=0.532
2025-09-28 23:39:59 - No P3-val improvement; patience remaining: 46/50
2025-09-28 23:39:59 - AVO val decreasing 3x. Reducing lambda_MMD to 0.210
2025-09-28 23:39:59 - Epoch 15/500 | LR=0.009981 | w_AVO=1.000 | w_P3=2.773 | lambda_MMD=0.210
2025-09-28 23:39:59 - Epoch Summary: TrainLoss=1.8962 | TrainAcc=0.661 | Val(P3)=0.600 | Val(AVO)=0.561
2025-09-28 23:39:59 - No P3-val improvement; patience remaining: 45/50
2025-09-28 23:39:59 - Epoch 16/500 | LR=0.009978 | w_AVO=1.000 | w_P3=2.773 | lambda_MMD=0.300
2025-09-28 23:39:59 - Epoch Summary: TrainLoss=1.8678 | TrainAcc=0.666 | Val(P3)=0.600 | Val(AVO)=0.539
2025-09-28 23:39:59 - No P3-val improvement; patience remaining: 44/50
2025-09-28 23:39:59 - Epoch 17/500 | LR=0.009975 | w_AVO=1.000 | w_P3=2.773 | lambda_MMD=0.300
2025-09-28 23:39:59 - Epoch Summary: TrainLoss=1.8030 | TrainAcc=0.669 | Val(P3)=0.486 | Val(AVO)=0.532
2025-09-28 23:39:59 - No P3-val improvement; patience remaining: 43/50
2025-09-28 23:39:59 - AVO val decreasing 3x. Reducing lambda_MMD to 0.210
2025-09-28 23:39:59 - Epoch 18/500 | LR=0.009972 | w_AVO=1.000 | w_P3=2.773 | lambda_MMD=0.210
2025-09-28 23:39:59 - Epoch Summary: TrainLoss=1.7946 | TrainAcc=0.676 | Val(P3)=0.657 | Val(AVO)=0.535
2025-09-28 23:39:59 - No P3-val improvement; patience remaining: 42/50
2025-09-28 23:39:59 - Epoch 19/500 | LR=0.009968 | w_AVO=1.000 | w_P3=2.773 | lambda_MMD=0.300
2025-09-28 23:39:59 - Epoch Summary: TrainLoss=1.7243 | TrainAcc=0.673 | Val(P3)=0.657 | Val(AVO)=0.539
2025-09-28 23:39:59 - No P3-val improvement; patience remaining: 41/50
2025-09-28 23:39:59 - Epoch 20/500 | LR=0.009964 | w_AVO=1.000 | w_P3=2.773 | lambda_MMD=0.300
2025-09-28 23:40:00 - Epoch Summary: TrainLoss=1.6941 | TrainAcc=0.679 | Val(P3)=0.600 | Val(AVO)=0.510
2025-09-28 23:40:00 - No P3-val improvement; patience remaining: 40/50
2025-09-28 23:40:00 - Epoch 21/500 | LR=0.009961 | w_AVO=1.000 | w_P3=2.773 | lambda_MMD=0.300
2025-09-28 23:40:00 - Epoch Summary: TrainLoss=1.6392 | TrainAcc=0.682 | Val(P3)=0.571 | Val(AVO)=0.523
2025-09-28 23:40:00 - No P3-val improvement; patience remaining: 39/50
2025-09-28 23:40:00 - P3 val decreasing 3x. Reducing w_small to 2.218, lambda_MMD to 0.150
2025-09-28 23:40:00 - Epoch 22/500 | LR=0.009957 | w_AVO=1.000 | w_P3=2.218 | lambda_MMD=0.150
2025-09-28 23:40:00 - Epoch Summary: TrainLoss=1.3864 | TrainAcc=0.674 | Val(P3)=0.657 | Val(AVO)=0.526
2025-09-28 23:40:00 - No P3-val improvement; patience remaining: 38/50
2025-09-28 23:40:00 - Epoch 23/500 | LR=0.009952 | w_AVO=1.000 | w_P3=2.773 | lambda_MMD=0.300
2025-09-28 23:40:00 - Epoch Summary: TrainLoss=1.6418 | TrainAcc=0.676 | Val(P3)=0.600 | Val(AVO)=0.558
2025-09-28 23:40:00 - No P3-val improvement; patience remaining: 37/50
2025-09-28 23:40:00 - Epoch 24/500 | LR=0.009948 | w_AVO=1.000 | w_P3=2.773 | lambda_MMD=0.300
2025-09-28 23:40:00 - Epoch Summary: TrainLoss=1.5637 | TrainAcc=0.669 | Val(P3)=0.543 | Val(AVO)=0.503
2025-09-28 23:40:00 - No P3-val improvement; patience remaining: 36/50
2025-09-28 23:40:00 - P3 val decreasing 3x. Reducing w_small to 2.218, lambda_MMD to 0.150
2025-09-28 23:40:00 - Epoch 25/500 | LR=0.009943 | w_AVO=1.000 | w_P3=2.218 | lambda_MMD=0.150
2025-09-28 23:40:00 - Epoch Summary: TrainLoss=1.3241 | TrainAcc=0.683 | Val(P3)=0.629 | Val(AVO)=0.523
2025-09-28 23:40:00 - No P3-val improvement; patience remaining: 35/50
2025-09-28 23:40:00 - Epoch 26/500 | LR=0.009938 | w_AVO=1.000 | w_P3=2.773 | lambda_MMD=0.300
2025-09-28 23:40:01 - Epoch Summary: TrainLoss=1.4580 | TrainAcc=0.690 | Val(P3)=0.543 | Val(AVO)=0.506
2025-09-28 23:40:01 - No P3-val improvement; patience remaining: 34/50
2025-09-28 23:40:01 - Epoch 27/500 | LR=0.009933 | w_AVO=1.000 | w_P3=2.773 | lambda_MMD=0.300
2025-09-28 23:40:01 - Epoch Summary: TrainLoss=1.4589 | TrainAcc=0.699 | Val(P3)=0.543 | Val(AVO)=0.503
2025-09-28 23:40:01 - No P3-val improvement; patience remaining: 33/50
2025-09-28 23:40:01 - AVO val decreasing 3x. Reducing lambda_MMD to 0.210
2025-09-28 23:40:01 - Epoch 28/500 | LR=0.009928 | w_AVO=1.000 | w_P3=2.773 | lambda_MMD=0.210
2025-09-28 23:40:01 - Epoch Summary: TrainLoss=1.4298 | TrainAcc=0.679 | Val(P3)=0.600 | Val(AVO)=0.503
2025-09-28 23:40:01 - No P3-val improvement; patience remaining: 32/50
2025-09-28 23:40:01 - Epoch 29/500 | LR=0.009923 | w_AVO=1.000 | w_P3=2.773 | lambda_MMD=0.300
2025-09-28 23:40:01 - Epoch Summary: TrainLoss=1.3574 | TrainAcc=0.674 | Val(P3)=0.600 | Val(AVO)=0.503
2025-09-28 23:40:01 - No P3-val improvement; patience remaining: 31/50
2025-09-28 23:40:01 - Epoch 30/500 | LR=0.009917 | w_AVO=1.000 | w_P3=2.773 | lambda_MMD=0.300
2025-09-28 23:40:01 - Epoch Summary: TrainLoss=1.3568 | TrainAcc=0.683 | Val(P3)=0.571 | Val(AVO)=0.500
2025-09-28 23:40:01 - No P3-val improvement; patience remaining: 30/50
2025-09-28 23:40:01 - Epoch 31/500 | LR=0.009911 | w_AVO=1.000 | w_P3=2.773 | lambda_MMD=0.300
2025-09-28 23:40:01 - Epoch Summary: TrainLoss=1.3335 | TrainAcc=0.690 | Val(P3)=0.571 | Val(AVO)=0.494
2025-09-28 23:40:01 - No P3-val improvement; patience remaining: 29/50
2025-09-28 23:40:01 - AVO val decreasing 3x. Reducing lambda_MMD to 0.210
2025-09-28 23:40:01 - Epoch 32/500 | LR=0.009905 | w_AVO=1.000 | w_P3=2.773 | lambda_MMD=0.210
2025-09-28 23:40:02 - Epoch Summary: TrainLoss=1.2479 | TrainAcc=0.693 | Val(P3)=0.571 | Val(AVO)=0.506
2025-09-28 23:40:02 - No P3-val improvement; patience remaining: 28/50
2025-09-28 23:40:02 - Epoch 33/500 | LR=0.009899 | w_AVO=1.000 | w_P3=2.773 | lambda_MMD=0.300
2025-09-28 23:40:02 - Epoch Summary: TrainLoss=1.3184 | TrainAcc=0.705 | Val(P3)=0.600 | Val(AVO)=0.552
2025-09-28 23:40:02 - No P3-val improvement; patience remaining: 27/50
2025-09-28 23:40:02 - Epoch 34/500 | LR=0.009893 | w_AVO=1.000 | w_P3=2.773 | lambda_MMD=0.300
2025-09-28 23:40:02 - Epoch Summary: TrainLoss=1.2509 | TrainAcc=0.686 | Val(P3)=0.486 | Val(AVO)=0.519
2025-09-28 23:40:02 - No P3-val improvement; patience remaining: 26/50
2025-09-28 23:40:02 - Epoch 35/500 | LR=0.009886 | w_AVO=1.000 | w_P3=2.773 | lambda_MMD=0.300
2025-09-28 23:40:02 - Epoch Summary: TrainLoss=1.1952 | TrainAcc=0.701 | Val(P3)=0.543 | Val(AVO)=0.500
2025-09-28 23:40:02 - No P3-val improvement; patience remaining: 25/50
2025-09-28 23:40:02 - AVO val decreasing 3x. Reducing lambda_MMD to 0.210
2025-09-28 23:40:02 - Epoch 36/500 | LR=0.009880 | w_AVO=1.000 | w_P3=2.773 | lambda_MMD=0.210
2025-09-28 23:40:02 - Epoch Summary: TrainLoss=1.1521 | TrainAcc=0.694 | Val(P3)=0.571 | Val(AVO)=0.500
2025-09-28 23:40:02 - No P3-val improvement; patience remaining: 24/50
2025-09-28 23:40:02 - Epoch 37/500 | LR=0.009873 | w_AVO=1.000 | w_P3=2.773 | lambda_MMD=0.300
2025-09-28 23:40:02 - Epoch Summary: TrainLoss=1.1345 | TrainAcc=0.709 | Val(P3)=0.571 | Val(AVO)=0.510
2025-09-28 23:40:02 - No P3-val improvement; patience remaining: 23/50
2025-09-28 23:40:02 - Epoch 38/500 | LR=0.009865 | w_AVO=1.000 | w_P3=2.773 | lambda_MMD=0.300
2025-09-28 23:40:03 - Epoch Summary: TrainLoss=1.1490 | TrainAcc=0.701 | Val(P3)=0.571 | Val(AVO)=0.529
2025-09-28 23:40:03 - No P3-val improvement; patience remaining: 22/50
2025-09-28 23:40:03 - Epoch 39/500 | LR=0.009858 | w_AVO=1.000 | w_P3=2.773 | lambda_MMD=0.300
2025-09-28 23:40:03 - Epoch Summary: TrainLoss=1.0927 | TrainAcc=0.700 | Val(P3)=0.629 | Val(AVO)=0.500
2025-09-28 23:40:03 - No P3-val improvement; patience remaining: 21/50
2025-09-28 23:40:03 - Epoch 40/500 | LR=0.009851 | w_AVO=1.000 | w_P3=2.773 | lambda_MMD=0.300
2025-09-28 23:40:03 - Epoch Summary: TrainLoss=1.0966 | TrainAcc=0.699 | Val(P3)=0.543 | Val(AVO)=0.503
2025-09-28 23:40:03 - No P3-val improvement; patience remaining: 20/50
2025-09-28 23:40:03 - Epoch 41/500 | LR=0.009843 | w_AVO=1.000 | w_P3=2.773 | lambda_MMD=0.300
2025-09-28 23:40:03 - Epoch Summary: TrainLoss=1.1055 | TrainAcc=0.698 | Val(P3)=0.571 | Val(AVO)=0.500
2025-09-28 23:40:03 - No P3-val improvement; patience remaining: 19/50
2025-09-28 23:40:03 - Epoch 42/500 | LR=0.009835 | w_AVO=1.000 | w_P3=2.773 | lambda_MMD=0.300
2025-09-28 23:40:03 - Epoch Summary: TrainLoss=1.0688 | TrainAcc=0.701 | Val(P3)=0.600 | Val(AVO)=0.497
2025-09-28 23:40:03 - No P3-val improvement; patience remaining: 18/50
2025-09-28 23:40:03 - AVO val decreasing 3x. Reducing lambda_MMD to 0.210
2025-09-28 23:40:03 - Epoch 43/500 | LR=0.009827 | w_AVO=1.000 | w_P3=2.773 | lambda_MMD=0.210
2025-09-28 23:40:03 - Epoch Summary: TrainLoss=1.0319 | TrainAcc=0.707 | Val(P3)=0.543 | Val(AVO)=0.500
2025-09-28 23:40:03 - No P3-val improvement; patience remaining: 17/50
2025-09-28 23:40:03 - Epoch 44/500 | LR=0.009819 | w_AVO=1.000 | w_P3=2.773 | lambda_MMD=0.300
2025-09-28 23:40:04 - Epoch Summary: TrainLoss=1.0366 | TrainAcc=0.710 | Val(P3)=0.543 | Val(AVO)=0.497
2025-09-28 23:40:04 - No P3-val improvement; patience remaining: 16/50
2025-09-28 23:40:04 - Epoch 45/500 | LR=0.009810 | w_AVO=1.000 | w_P3=2.773 | lambda_MMD=0.300
2025-09-28 23:40:04 - Epoch Summary: TrainLoss=0.9980 | TrainAcc=0.711 | Val(P3)=0.571 | Val(AVO)=0.500
2025-09-28 23:40:04 - No P3-val improvement; patience remaining: 15/50
2025-09-28 23:40:04 - Epoch 46/500 | LR=0.009801 | w_AVO=1.000 | w_P3=2.773 | lambda_MMD=0.300
2025-09-28 23:40:04 - Epoch Summary: TrainLoss=0.9813 | TrainAcc=0.703 | Val(P3)=0.486 | Val(AVO)=0.506
2025-09-28 23:40:04 - No P3-val improvement; patience remaining: 14/50
2025-09-28 23:40:04 - Epoch 47/500 | LR=0.009793 | w_AVO=1.000 | w_P3=2.773 | lambda_MMD=0.300
2025-09-28 23:40:04 - Epoch Summary: TrainLoss=0.9826 | TrainAcc=0.709 | Val(P3)=0.600 | Val(AVO)=0.510
2025-09-28 23:40:04 - No P3-val improvement; patience remaining: 13/50
2025-09-28 23:40:04 - Epoch 48/500 | LR=0.009784 | w_AVO=1.000 | w_P3=2.773 | lambda_MMD=0.300
2025-09-28 23:40:04 - Epoch Summary: TrainLoss=0.9579 | TrainAcc=0.721 | Val(P3)=0.514 | Val(AVO)=0.506
2025-09-28 23:40:04 - No P3-val improvement; patience remaining: 12/50
2025-09-28 23:40:04 - Epoch 49/500 | LR=0.009774 | w_AVO=1.000 | w_P3=2.773 | lambda_MMD=0.300
2025-09-28 23:40:04 - Epoch Summary: TrainLoss=0.9577 | TrainAcc=0.706 | Val(P3)=0.543 | Val(AVO)=0.503
2025-09-28 23:40:04 - No P3-val improvement; patience remaining: 11/50
2025-09-28 23:40:04 - AVO val decreasing 3x. Reducing lambda_MMD to 0.210
2025-09-28 23:40:04 - Epoch 50/500 | LR=0.009765 | w_AVO=1.000 | w_P3=2.773 | lambda_MMD=0.210
2025-09-28 23:40:04 - Epoch Summary: TrainLoss=0.9630 | TrainAcc=0.717 | Val(P3)=0.600 | Val(AVO)=0.529
2025-09-28 23:40:04 - No P3-val improvement; patience remaining: 10/50
2025-09-28 23:40:04 - Epoch 51/500 | LR=0.009755 | w_AVO=1.000 | w_P3=2.773 | lambda_MMD=0.300
2025-09-28 23:40:05 - Epoch Summary: TrainLoss=0.9498 | TrainAcc=0.715 | Val(P3)=0.543 | Val(AVO)=0.506
2025-09-28 23:40:05 - No P3-val improvement; patience remaining: 9/50
2025-09-28 23:40:05 - Epoch 52/500 | LR=0.009745 | w_AVO=1.000 | w_P3=2.773 | lambda_MMD=0.300
2025-09-28 23:40:05 - Epoch Summary: TrainLoss=0.8855 | TrainAcc=0.720 | Val(P3)=0.543 | Val(AVO)=0.497
2025-09-28 23:40:05 - No P3-val improvement; patience remaining: 8/50
2025-09-28 23:40:05 - AVO val decreasing 3x. Reducing lambda_MMD to 0.210
2025-09-28 23:40:05 - Epoch 53/500 | LR=0.009735 | w_AVO=1.000 | w_P3=2.773 | lambda_MMD=0.210
2025-09-28 23:40:05 - Epoch Summary: TrainLoss=0.8624 | TrainAcc=0.727 | Val(P3)=0.514 | Val(AVO)=0.506
2025-09-28 23:40:05 - No P3-val improvement; patience remaining: 7/50
2025-09-28 23:40:05 - Epoch 54/500 | LR=0.009725 | w_AVO=1.000 | w_P3=2.773 | lambda_MMD=0.300
2025-09-28 23:40:05 - Epoch Summary: TrainLoss=0.8577 | TrainAcc=0.733 | Val(P3)=0.600 | Val(AVO)=0.500
2025-09-28 23:40:05 - No P3-val improvement; patience remaining: 6/50
2025-09-28 23:40:05 - Epoch 55/500 | LR=0.009715 | w_AVO=1.000 | w_P3=2.773 | lambda_MMD=0.300
2025-09-28 23:40:05 - Epoch Summary: TrainLoss=0.8651 | TrainAcc=0.719 | Val(P3)=0.543 | Val(AVO)=0.500
2025-09-28 23:40:05 - No P3-val improvement; patience remaining: 5/50
2025-09-28 23:40:05 - Epoch 56/500 | LR=0.009704 | w_AVO=1.000 | w_P3=2.773 | lambda_MMD=0.300
2025-09-28 23:40:05 - Epoch Summary: TrainLoss=0.8569 | TrainAcc=0.717 | Val(P3)=0.457 | Val(AVO)=0.523
2025-09-28 23:40:05 - No P3-val improvement; patience remaining: 4/50
2025-09-28 23:40:05 - P3 val decreasing 3x. Reducing w_small to 2.218, lambda_MMD to 0.150
2025-09-28 23:40:05 - Epoch 57/500 | LR=0.009694 | w_AVO=1.000 | w_P3=2.218 | lambda_MMD=0.150
2025-09-28 23:40:06 - Epoch Summary: TrainLoss=0.7951 | TrainAcc=0.712 | Val(P3)=0.514 | Val(AVO)=0.526
2025-09-28 23:40:06 - No P3-val improvement; patience remaining: 3/50
2025-09-28 23:40:06 - Epoch 58/500 | LR=0.009683 | w_AVO=1.000 | w_P3=2.773 | lambda_MMD=0.300
2025-09-28 23:40:06 - Epoch Summary: TrainLoss=0.8441 | TrainAcc=0.724 | Val(P3)=0.514 | Val(AVO)=0.503
2025-09-28 23:40:06 - No P3-val improvement; patience remaining: 2/50
2025-09-28 23:40:06 - Epoch 59/500 | LR=0.009672 | w_AVO=1.000 | w_P3=2.773 | lambda_MMD=0.300
2025-09-28 23:40:06 - Epoch Summary: TrainLoss=0.8478 | TrainAcc=0.725 | Val(P3)=0.543 | Val(AVO)=0.497
2025-09-28 23:40:06 - No P3-val improvement; patience remaining: 1/50
2025-09-28 23:40:06 - AVO val decreasing 3x. Reducing lambda_MMD to 0.210
2025-09-28 23:40:06 - Epoch 60/500 | LR=0.009660 | w_AVO=1.000 | w_P3=2.773 | lambda_MMD=0.210
2025-09-28 23:40:06 - Epoch Summary: TrainLoss=0.8031 | TrainAcc=0.730 | Val(P3)=0.543 | Val(AVO)=0.510
2025-09-28 23:40:06 - No P3-val improvement; patience remaining: 0/50
2025-09-28 23:40:06 - Early stopping triggered (P3-val)
2025-09-28 23:40:06 -     P3 Test | Acc=0.7126 P=0.8158 R=0.6327 F1=0.7126 AUC=0.7798 (n=87)
2025-09-28 23:40:06 -     AVO Test | Acc=0.5240 P=0.5078 R=0.9899 F1=0.6712 AUC=0.7320 (n=603)
2025-09-28 23:40:06 -     Overall Test Acc=0.5478
2025-09-28 23:40:06 -   Fold 2/5
2025-09-28 23:40:06 - Fold domains: small=P3 (n=277), large=AVO (n=2138)
2025-09-28 23:40:06 - Auto adjustments (symmetric): w_small≈1.000, lambda_MMD_target=0.300, warmup_epochs=5
2025-09-28 23:40:06 - Epoch 1/500 | LR=0.010000 | w_AVO=1.000 | w_P3=1.356 | lambda_MMD=0.060
2025-09-28 23:40:06 - Epoch Summary: TrainLoss=1.6495 | TrainAcc=0.563 | Val(P3)=0.486 | Val(AVO)=0.600
2025-09-28 23:40:06 - New best P3-val; checkpoint updated
2025-09-28 23:40:06 - Epoch 2/500 | LR=0.010000 | w_AVO=1.000 | w_P3=1.711 | lambda_MMD=0.120
2025-09-28 23:40:06 - Epoch Summary: TrainLoss=1.6677 | TrainAcc=0.594 | Val(P3)=0.514 | Val(AVO)=0.616
2025-09-28 23:40:06 - New best P3-val; checkpoint updated
2025-09-28 23:40:06 - Epoch 3/500 | LR=0.010000 | w_AVO=1.000 | w_P3=2.067 | lambda_MMD=0.180
2025-09-28 23:40:07 - Epoch Summary: TrainLoss=1.8302 | TrainAcc=0.614 | Val(P3)=0.571 | Val(AVO)=0.597
2025-09-28 23:40:07 - New best P3-val; checkpoint updated
2025-09-28 23:40:07 - Epoch 4/500 | LR=0.009999 | w_AVO=1.000 | w_P3=2.423 | lambda_MMD=0.240
2025-09-28 23:40:07 - Epoch Summary: TrainLoss=1.9718 | TrainAcc=0.629 | Val(P3)=0.543 | Val(AVO)=0.600
2025-09-28 23:40:07 - No P3-val improvement; patience remaining: 49/50
2025-09-28 23:40:07 - Epoch 5/500 | LR=0.009998 | w_AVO=1.000 | w_P3=2.778 | lambda_MMD=0.300
2025-09-28 23:40:07 - Epoch Summary: TrainLoss=2.1159 | TrainAcc=0.651 | Val(P3)=0.514 | Val(AVO)=0.616
2025-09-28 23:40:07 - No P3-val improvement; patience remaining: 48/50
2025-09-28 23:40:07 - P3 val decreasing 3x. Reducing w_small to 2.223, lambda_MMD to 0.150
2025-09-28 23:40:07 - Epoch 6/500 | LR=0.009998 | w_AVO=1.000 | w_P3=2.223 | lambda_MMD=0.150
2025-09-28 23:40:07 - Epoch Summary: TrainLoss=1.7454 | TrainAcc=0.644 | Val(P3)=0.457 | Val(AVO)=0.629
2025-09-28 23:40:07 - No P3-val improvement; patience remaining: 47/50
2025-09-28 23:40:07 - P3 val decreasing 3x. Reducing w_small to 2.223, lambda_MMD to 0.150
2025-09-28 23:40:07 - Epoch 7/500 | LR=0.009996 | w_AVO=1.000 | w_P3=2.223 | lambda_MMD=0.150
2025-09-28 23:40:07 - Epoch Summary: TrainLoss=1.7357 | TrainAcc=0.660 | Val(P3)=0.543 | Val(AVO)=0.577
2025-09-28 23:40:07 - No P3-val improvement; patience remaining: 46/50
2025-09-28 23:40:07 - Epoch 8/500 | LR=0.009995 | w_AVO=1.000 | w_P3=2.778 | lambda_MMD=0.300
2025-09-28 23:40:07 - Epoch Summary: TrainLoss=1.9337 | TrainAcc=0.660 | Val(P3)=0.457 | Val(AVO)=0.603
2025-09-28 23:40:07 - No P3-val improvement; patience remaining: 45/50
2025-09-28 23:40:07 - Epoch 9/500 | LR=0.009994 | w_AVO=1.000 | w_P3=2.778 | lambda_MMD=0.300
2025-09-28 23:40:08 - Epoch Summary: TrainLoss=1.8483 | TrainAcc=0.642 | Val(P3)=0.629 | Val(AVO)=0.594
2025-09-28 23:40:08 - New best P3-val; checkpoint updated
2025-09-28 23:40:08 - Epoch 10/500 | LR=0.009992 | w_AVO=1.000 | w_P3=2.778 | lambda_MMD=0.300
2025-09-28 23:40:08 - Epoch Summary: TrainLoss=1.8358 | TrainAcc=0.660 | Val(P3)=0.600 | Val(AVO)=0.558
2025-09-28 23:40:08 - No P3-val improvement; patience remaining: 49/50
2025-09-28 23:40:08 - AVO val decreasing 3x. Reducing lambda_MMD to 0.210
2025-09-28 23:40:08 - Epoch 11/500 | LR=0.009990 | w_AVO=1.000 | w_P3=2.778 | lambda_MMD=0.210
2025-09-28 23:40:08 - Epoch Summary: TrainLoss=1.8027 | TrainAcc=0.658 | Val(P3)=0.486 | Val(AVO)=0.648
2025-09-28 23:40:08 - No P3-val improvement; patience remaining: 48/50
2025-09-28 23:40:08 - P3 val decreasing 3x. Reducing w_small to 2.223, lambda_MMD to 0.150
2025-09-28 23:40:08 - Epoch 12/500 | LR=0.009988 | w_AVO=1.000 | w_P3=2.223 | lambda_MMD=0.150
2025-09-28 23:40:08 - Epoch Summary: TrainLoss=1.4643 | TrainAcc=0.672 | Val(P3)=0.571 | Val(AVO)=0.603
2025-09-28 23:40:08 - No P3-val improvement; patience remaining: 47/50
2025-09-28 23:40:08 - Epoch 13/500 | LR=0.009986 | w_AVO=1.000 | w_P3=2.778 | lambda_MMD=0.300
2025-09-28 23:40:08 - Epoch Summary: TrainLoss=1.6637 | TrainAcc=0.675 | Val(P3)=0.486 | Val(AVO)=0.574
2025-09-28 23:40:08 - No P3-val improvement; patience remaining: 46/50
2025-09-28 23:40:08 - AVO val decreasing 3x. Reducing lambda_MMD to 0.210
2025-09-28 23:40:08 - Epoch 14/500 | LR=0.009983 | w_AVO=1.000 | w_P3=2.778 | lambda_MMD=0.210
2025-09-28 23:40:08 - Epoch Summary: TrainLoss=1.6059 | TrainAcc=0.664 | Val(P3)=0.571 | Val(AVO)=0.606
2025-09-28 23:40:08 - No P3-val improvement; patience remaining: 45/50
2025-09-28 23:40:08 - Epoch 15/500 | LR=0.009981 | w_AVO=1.000 | w_P3=2.778 | lambda_MMD=0.300
2025-09-28 23:40:09 - Epoch Summary: TrainLoss=1.5743 | TrainAcc=0.647 | Val(P3)=0.543 | Val(AVO)=0.600
2025-09-28 23:40:09 - No P3-val improvement; patience remaining: 44/50
2025-09-28 23:40:09 - Epoch 16/500 | LR=0.009978 | w_AVO=1.000 | w_P3=2.778 | lambda_MMD=0.300
2025-09-28 23:40:09 - Epoch Summary: TrainLoss=1.5323 | TrainAcc=0.658 | Val(P3)=0.514 | Val(AVO)=0.587
2025-09-28 23:40:09 - No P3-val improvement; patience remaining: 43/50
2025-09-28 23:40:09 - P3 val decreasing 3x. Reducing w_small to 2.223, lambda_MMD to 0.150
2025-09-28 23:40:09 - AVO val decreasing 3x. Reducing lambda_MMD to 0.105
2025-09-28 23:40:09 - Epoch 17/500 | LR=0.009975 | w_AVO=1.000 | w_P3=2.223 | lambda_MMD=0.105
2025-09-28 23:40:09 - Epoch Summary: TrainLoss=1.3025 | TrainAcc=0.666 | Val(P3)=0.514 | Val(AVO)=0.606
2025-09-28 23:40:09 - No P3-val improvement; patience remaining: 42/50
2025-09-28 23:40:09 - Epoch 18/500 | LR=0.009972 | w_AVO=1.000 | w_P3=2.778 | lambda_MMD=0.300
2025-09-28 23:40:09 - Epoch Summary: TrainLoss=1.4416 | TrainAcc=0.678 | Val(P3)=0.457 | Val(AVO)=0.584
2025-09-28 23:40:09 - No P3-val improvement; patience remaining: 41/50
2025-09-28 23:40:09 - Epoch 19/500 | LR=0.009968 | w_AVO=1.000 | w_P3=2.778 | lambda_MMD=0.300
2025-09-28 23:40:09 - Epoch Summary: TrainLoss=1.3821 | TrainAcc=0.687 | Val(P3)=0.543 | Val(AVO)=0.590
2025-09-28 23:40:09 - No P3-val improvement; patience remaining: 40/50
2025-09-28 23:40:09 - Epoch 20/500 | LR=0.009964 | w_AVO=1.000 | w_P3=2.778 | lambda_MMD=0.300
2025-09-28 23:40:09 - Epoch Summary: TrainLoss=1.3795 | TrainAcc=0.674 | Val(P3)=0.429 | Val(AVO)=0.610
2025-09-28 23:40:09 - No P3-val improvement; patience remaining: 39/50
2025-09-28 23:40:09 - Epoch 21/500 | LR=0.009961 | w_AVO=1.000 | w_P3=2.778 | lambda_MMD=0.300
2025-09-28 23:40:10 - Epoch Summary: TrainLoss=1.3692 | TrainAcc=0.674 | Val(P3)=0.457 | Val(AVO)=0.613
2025-09-28 23:40:10 - No P3-val improvement; patience remaining: 38/50
2025-09-28 23:40:10 - Epoch 22/500 | LR=0.009957 | w_AVO=1.000 | w_P3=2.778 | lambda_MMD=0.300
2025-09-28 23:40:10 - Epoch Summary: TrainLoss=1.3123 | TrainAcc=0.677 | Val(P3)=0.543 | Val(AVO)=0.571
2025-09-28 23:40:10 - No P3-val improvement; patience remaining: 37/50
2025-09-28 23:40:10 - Epoch 23/500 | LR=0.009952 | w_AVO=1.000 | w_P3=2.778 | lambda_MMD=0.300
2025-09-28 23:40:10 - Epoch Summary: TrainLoss=1.2681 | TrainAcc=0.680 | Val(P3)=0.571 | Val(AVO)=0.548
2025-09-28 23:40:10 - No P3-val improvement; patience remaining: 36/50
2025-09-28 23:40:10 - AVO val decreasing 3x. Reducing lambda_MMD to 0.210
2025-09-28 23:40:10 - Epoch 24/500 | LR=0.009948 | w_AVO=1.000 | w_P3=2.778 | lambda_MMD=0.210
2025-09-28 23:40:10 - Epoch Summary: TrainLoss=1.2638 | TrainAcc=0.679 | Val(P3)=0.571 | Val(AVO)=0.603
2025-09-28 23:40:10 - No P3-val improvement; patience remaining: 35/50
2025-09-28 23:40:10 - Epoch 25/500 | LR=0.009943 | w_AVO=1.000 | w_P3=2.778 | lambda_MMD=0.300
2025-09-28 23:40:10 - Epoch Summary: TrainLoss=1.2334 | TrainAcc=0.681 | Val(P3)=0.629 | Val(AVO)=0.555
2025-09-28 23:40:10 - No P3-val improvement; patience remaining: 34/50
2025-09-28 23:40:10 - Epoch 26/500 | LR=0.009938 | w_AVO=1.000 | w_P3=2.778 | lambda_MMD=0.300
2025-09-28 23:40:10 - Epoch Summary: TrainLoss=1.2376 | TrainAcc=0.681 | Val(P3)=0.514 | Val(AVO)=0.606
2025-09-28 23:40:10 - No P3-val improvement; patience remaining: 33/50
2025-09-28 23:40:10 - Epoch 27/500 | LR=0.009933 | w_AVO=1.000 | w_P3=2.778 | lambda_MMD=0.300
2025-09-28 23:40:10 - Epoch Summary: TrainLoss=1.1775 | TrainAcc=0.685 | Val(P3)=0.571 | Val(AVO)=0.545
2025-09-28 23:40:10 - No P3-val improvement; patience remaining: 32/50
2025-09-28 23:40:10 - Epoch 28/500 | LR=0.009928 | w_AVO=1.000 | w_P3=2.778 | lambda_MMD=0.300
2025-09-28 23:40:11 - Epoch Summary: TrainLoss=1.2038 | TrainAcc=0.689 | Val(P3)=0.543 | Val(AVO)=0.594
2025-09-28 23:40:11 - No P3-val improvement; patience remaining: 31/50
2025-09-28 23:40:11 - Epoch 29/500 | LR=0.009923 | w_AVO=1.000 | w_P3=2.778 | lambda_MMD=0.300
2025-09-28 23:40:11 - Epoch Summary: TrainLoss=1.1198 | TrainAcc=0.687 | Val(P3)=0.543 | Val(AVO)=0.577
2025-09-28 23:40:11 - No P3-val improvement; patience remaining: 30/50
2025-09-28 23:40:11 - Epoch 30/500 | LR=0.009917 | w_AVO=1.000 | w_P3=2.778 | lambda_MMD=0.300
2025-09-28 23:40:11 - Epoch Summary: TrainLoss=1.1127 | TrainAcc=0.688 | Val(P3)=0.486 | Val(AVO)=0.574
2025-09-28 23:40:11 - No P3-val improvement; patience remaining: 29/50
2025-09-28 23:40:11 - AVO val decreasing 3x. Reducing lambda_MMD to 0.210
2025-09-28 23:40:11 - Epoch 31/500 | LR=0.009911 | w_AVO=1.000 | w_P3=2.778 | lambda_MMD=0.210
2025-09-28 23:40:11 - Epoch Summary: TrainLoss=1.0690 | TrainAcc=0.702 | Val(P3)=0.486 | Val(AVO)=0.610
2025-09-28 23:40:11 - No P3-val improvement; patience remaining: 28/50
2025-09-28 23:40:11 - Epoch 32/500 | LR=0.009905 | w_AVO=1.000 | w_P3=2.778 | lambda_MMD=0.300
2025-09-28 23:40:11 - Epoch Summary: TrainLoss=1.0472 | TrainAcc=0.699 | Val(P3)=0.571 | Val(AVO)=0.571
2025-09-28 23:40:11 - No P3-val improvement; patience remaining: 27/50
2025-09-28 23:40:11 - Epoch 33/500 | LR=0.009899 | w_AVO=1.000 | w_P3=2.778 | lambda_MMD=0.300
2025-09-28 23:40:11 - Epoch Summary: TrainLoss=1.0110 | TrainAcc=0.703 | Val(P3)=0.486 | Val(AVO)=0.606
2025-09-28 23:40:11 - No P3-val improvement; patience remaining: 26/50
2025-09-28 23:40:11 - Epoch 34/500 | LR=0.009893 | w_AVO=1.000 | w_P3=2.778 | lambda_MMD=0.300
2025-09-28 23:40:12 - Epoch Summary: TrainLoss=1.0094 | TrainAcc=0.701 | Val(P3)=0.514 | Val(AVO)=0.571
2025-09-28 23:40:12 - No P3-val improvement; patience remaining: 25/50
2025-09-28 23:40:12 - Epoch 35/500 | LR=0.009886 | w_AVO=1.000 | w_P3=2.778 | lambda_MMD=0.300
2025-09-28 23:40:12 - Epoch Summary: TrainLoss=1.0174 | TrainAcc=0.695 | Val(P3)=0.571 | Val(AVO)=0.616
2025-09-28 23:40:12 - No P3-val improvement; patience remaining: 24/50
2025-09-28 23:40:12 - Epoch 36/500 | LR=0.009880 | w_AVO=1.000 | w_P3=2.778 | lambda_MMD=0.300
2025-09-28 23:40:12 - Epoch Summary: TrainLoss=0.9517 | TrainAcc=0.709 | Val(P3)=0.514 | Val(AVO)=0.606
2025-09-28 23:40:12 - No P3-val improvement; patience remaining: 23/50
2025-09-28 23:40:12 - Epoch 37/500 | LR=0.009873 | w_AVO=1.000 | w_P3=2.778 | lambda_MMD=0.300
2025-09-28 23:40:12 - Epoch Summary: TrainLoss=0.9591 | TrainAcc=0.712 | Val(P3)=0.457 | Val(AVO)=0.642
2025-09-28 23:40:12 - No P3-val improvement; patience remaining: 22/50
2025-09-28 23:40:12 - P3 val decreasing 3x. Reducing w_small to 2.223, lambda_MMD to 0.150
2025-09-28 23:40:12 - Epoch 38/500 | LR=0.009865 | w_AVO=1.000 | w_P3=2.223 | lambda_MMD=0.150
2025-09-28 23:40:12 - Epoch Summary: TrainLoss=0.8683 | TrainAcc=0.712 | Val(P3)=0.543 | Val(AVO)=0.545
2025-09-28 23:40:12 - No P3-val improvement; patience remaining: 21/50
2025-09-28 23:40:12 - Epoch 39/500 | LR=0.009858 | w_AVO=1.000 | w_P3=2.778 | lambda_MMD=0.300
2025-09-28 23:40:12 - Epoch Summary: TrainLoss=0.9562 | TrainAcc=0.714 | Val(P3)=0.486 | Val(AVO)=0.623
2025-09-28 23:40:12 - No P3-val improvement; patience remaining: 20/50
2025-09-28 23:40:12 - Epoch 40/500 | LR=0.009851 | w_AVO=1.000 | w_P3=2.778 | lambda_MMD=0.300
2025-09-28 23:40:13 - Epoch Summary: TrainLoss=0.9180 | TrainAcc=0.712 | Val(P3)=0.543 | Val(AVO)=0.613
2025-09-28 23:40:13 - No P3-val improvement; patience remaining: 19/50
2025-09-28 23:40:13 - Epoch 41/500 | LR=0.009843 | w_AVO=1.000 | w_P3=2.778 | lambda_MMD=0.300
2025-09-28 23:40:13 - Epoch Summary: TrainLoss=0.9187 | TrainAcc=0.721 | Val(P3)=0.457 | Val(AVO)=0.610
2025-09-28 23:40:13 - No P3-val improvement; patience remaining: 18/50
2025-09-28 23:40:13 - AVO val decreasing 3x. Reducing lambda_MMD to 0.210
2025-09-28 23:40:13 - Epoch 42/500 | LR=0.009835 | w_AVO=1.000 | w_P3=2.778 | lambda_MMD=0.210
2025-09-28 23:40:13 - Epoch Summary: TrainLoss=0.8855 | TrainAcc=0.719 | Val(P3)=0.514 | Val(AVO)=0.594
2025-09-28 23:40:13 - No P3-val improvement; patience remaining: 17/50
2025-09-28 23:40:13 - AVO val decreasing 3x. Reducing lambda_MMD to 0.210
2025-09-28 23:40:13 - Epoch 43/500 | LR=0.009827 | w_AVO=1.000 | w_P3=2.778 | lambda_MMD=0.210
2025-09-28 23:40:13 - Epoch Summary: TrainLoss=0.8831 | TrainAcc=0.722 | Val(P3)=0.543 | Val(AVO)=0.613
2025-09-28 23:40:13 - No P3-val improvement; patience remaining: 16/50
2025-09-28 23:40:13 - Epoch 44/500 | LR=0.009819 | w_AVO=1.000 | w_P3=2.778 | lambda_MMD=0.300
2025-09-28 23:40:13 - Epoch Summary: TrainLoss=0.9019 | TrainAcc=0.714 | Val(P3)=0.629 | Val(AVO)=0.539
2025-09-28 23:40:13 - No P3-val improvement; patience remaining: 15/50
2025-09-28 23:40:13 - Epoch 45/500 | LR=0.009810 | w_AVO=1.000 | w_P3=2.778 | lambda_MMD=0.300
2025-09-28 23:40:13 - Epoch Summary: TrainLoss=0.9043 | TrainAcc=0.713 | Val(P3)=0.600 | Val(AVO)=0.600
2025-09-28 23:40:13 - No P3-val improvement; patience remaining: 14/50
2025-09-28 23:40:13 - Epoch 46/500 | LR=0.009801 | w_AVO=1.000 | w_P3=2.778 | lambda_MMD=0.300
2025-09-28 23:40:14 - Epoch Summary: TrainLoss=0.8938 | TrainAcc=0.710 | Val(P3)=0.629 | Val(AVO)=0.532
2025-09-28 23:40:14 - No P3-val improvement; patience remaining: 13/50
2025-09-28 23:40:14 - Epoch 47/500 | LR=0.009793 | w_AVO=1.000 | w_P3=2.778 | lambda_MMD=0.300
2025-09-28 23:40:14 - Epoch Summary: TrainLoss=0.8475 | TrainAcc=0.729 | Val(P3)=0.486 | Val(AVO)=0.600
2025-09-28 23:40:14 - No P3-val improvement; patience remaining: 12/50
2025-09-28 23:40:14 - Epoch 48/500 | LR=0.009784 | w_AVO=1.000 | w_P3=2.778 | lambda_MMD=0.300
2025-09-28 23:40:14 - Epoch Summary: TrainLoss=0.8703 | TrainAcc=0.711 | Val(P3)=0.486 | Val(AVO)=0.603
2025-09-28 23:40:14 - No P3-val improvement; patience remaining: 11/50
2025-09-28 23:40:14 - Epoch 49/500 | LR=0.009774 | w_AVO=1.000 | w_P3=2.778 | lambda_MMD=0.300
2025-09-28 23:40:14 - Epoch Summary: TrainLoss=0.8831 | TrainAcc=0.718 | Val(P3)=0.629 | Val(AVO)=0.581
2025-09-28 23:40:14 - No P3-val improvement; patience remaining: 10/50
2025-09-28 23:40:14 - Epoch 50/500 | LR=0.009765 | w_AVO=1.000 | w_P3=2.778 | lambda_MMD=0.300
2025-09-28 23:40:14 - Epoch Summary: TrainLoss=0.8235 | TrainAcc=0.716 | Val(P3)=0.543 | Val(AVO)=0.600
2025-09-28 23:40:14 - No P3-val improvement; patience remaining: 9/50
2025-09-28 23:40:14 - Epoch 51/500 | LR=0.009755 | w_AVO=1.000 | w_P3=2.778 | lambda_MMD=0.300
2025-09-28 23:40:14 - Epoch Summary: TrainLoss=0.8258 | TrainAcc=0.723 | Val(P3)=0.429 | Val(AVO)=0.606
2025-09-28 23:40:14 - No P3-val improvement; patience remaining: 8/50
2025-09-28 23:40:14 - P3 val decreasing 3x. Reducing w_small to 2.223, lambda_MMD to 0.150
2025-09-28 23:40:14 - Epoch 52/500 | LR=0.009745 | w_AVO=1.000 | w_P3=2.223 | lambda_MMD=0.150
2025-09-28 23:40:15 - Epoch Summary: TrainLoss=0.7254 | TrainAcc=0.738 | Val(P3)=0.629 | Val(AVO)=0.587
2025-09-28 23:40:15 - No P3-val improvement; patience remaining: 7/50
2025-09-28 23:40:15 - Epoch 53/500 | LR=0.009735 | w_AVO=1.000 | w_P3=2.778 | lambda_MMD=0.300
2025-09-28 23:40:15 - Epoch Summary: TrainLoss=0.7897 | TrainAcc=0.736 | Val(P3)=0.543 | Val(AVO)=0.561
2025-09-28 23:40:15 - No P3-val improvement; patience remaining: 6/50
2025-09-28 23:40:15 - AVO val decreasing 3x. Reducing lambda_MMD to 0.210
2025-09-28 23:40:15 - Epoch 54/500 | LR=0.009725 | w_AVO=1.000 | w_P3=2.778 | lambda_MMD=0.210
2025-09-28 23:40:15 - Epoch Summary: TrainLoss=0.7926 | TrainAcc=0.739 | Val(P3)=0.514 | Val(AVO)=0.548
2025-09-28 23:40:15 - No P3-val improvement; patience remaining: 5/50
2025-09-28 23:40:15 - P3 val decreasing 3x. Reducing w_small to 2.223, lambda_MMD to 0.150
2025-09-28 23:40:15 - AVO val decreasing 3x. Reducing lambda_MMD to 0.105
2025-09-28 23:40:15 - Epoch 55/500 | LR=0.009715 | w_AVO=1.000 | w_P3=2.223 | lambda_MMD=0.105
2025-09-28 23:40:15 - Epoch Summary: TrainLoss=0.6914 | TrainAcc=0.748 | Val(P3)=0.514 | Val(AVO)=0.568
2025-09-28 23:40:15 - No P3-val improvement; patience remaining: 4/50
2025-09-28 23:40:15 - Epoch 56/500 | LR=0.009704 | w_AVO=1.000 | w_P3=2.778 | lambda_MMD=0.300
2025-09-28 23:40:15 - Epoch Summary: TrainLoss=0.8433 | TrainAcc=0.726 | Val(P3)=0.571 | Val(AVO)=0.626
2025-09-28 23:40:15 - No P3-val improvement; patience remaining: 3/50
2025-09-28 23:40:15 - Epoch 57/500 | LR=0.009694 | w_AVO=1.000 | w_P3=2.778 | lambda_MMD=0.300
2025-09-28 23:40:15 - Epoch Summary: TrainLoss=0.7784 | TrainAcc=0.747 | Val(P3)=0.543 | Val(AVO)=0.581
2025-09-28 23:40:15 - No P3-val improvement; patience remaining: 2/50
2025-09-28 23:40:15 - Epoch 58/500 | LR=0.009683 | w_AVO=1.000 | w_P3=2.778 | lambda_MMD=0.300
2025-09-28 23:40:16 - Epoch Summary: TrainLoss=0.7417 | TrainAcc=0.744 | Val(P3)=0.600 | Val(AVO)=0.555
2025-09-28 23:40:16 - No P3-val improvement; patience remaining: 1/50
2025-09-28 23:40:16 - AVO val decreasing 3x. Reducing lambda_MMD to 0.210
2025-09-28 23:40:16 - Epoch 59/500 | LR=0.009672 | w_AVO=1.000 | w_P3=2.778 | lambda_MMD=0.210
2025-09-28 23:40:16 - Epoch Summary: TrainLoss=0.7330 | TrainAcc=0.756 | Val(P3)=0.486 | Val(AVO)=0.642
2025-09-28 23:40:16 - No P3-val improvement; patience remaining: 0/50
2025-09-28 23:40:16 - Early stopping triggered (P3-val)
2025-09-28 23:40:16 -     P3 Test | Acc=0.5795 P=0.5000 R=0.4054 F1=0.4478 AUC=0.5554 (n=88)
2025-09-28 23:40:16 -     AVO Test | Acc=0.6329 P=0.6130 R=0.7662 F1=0.6811 AUC=0.7038 (n=602)
2025-09-28 23:40:16 -     Overall Test Acc=0.6261
2025-09-28 23:40:16 -   Fold 3/5
2025-09-28 23:40:16 - Fold domains: small=P3 (n=286), large=AVO (n=2129)
2025-09-28 23:40:16 - Auto adjustments (symmetric): w_small≈1.000, lambda_MMD_target=0.300, warmup_epochs=5
2025-09-28 23:40:16 - Epoch 1/500 | LR=0.010000 | w_AVO=1.000 | w_P3=1.346 | lambda_MMD=0.060
2025-09-28 23:40:16 - Epoch Summary: TrainLoss=1.6814 | TrainAcc=0.523 | Val(P3)=0.667 | Val(AVO)=0.524
2025-09-28 23:40:16 - New best P3-val; checkpoint updated
2025-09-28 23:40:16 - Epoch 2/500 | LR=0.010000 | w_AVO=1.000 | w_P3=1.691 | lambda_MMD=0.120
2025-09-28 23:40:16 - Epoch Summary: TrainLoss=1.7180 | TrainAcc=0.600 | Val(P3)=0.694 | Val(AVO)=0.608
2025-09-28 23:40:16 - New best P3-val; checkpoint updated
2025-09-28 23:40:16 - Epoch 3/500 | LR=0.010000 | w_AVO=1.000 | w_P3=2.037 | lambda_MMD=0.180
2025-09-28 23:40:16 - Epoch Summary: TrainLoss=1.8999 | TrainAcc=0.602 | Val(P3)=0.667 | Val(AVO)=0.612
2025-09-28 23:40:16 - No P3-val improvement; patience remaining: 49/50
2025-09-28 23:40:16 - Epoch 4/500 | LR=0.009999 | w_AVO=1.000 | w_P3=2.383 | lambda_MMD=0.240
2025-09-28 23:40:16 - Epoch Summary: TrainLoss=2.0774 | TrainAcc=0.611 | Val(P3)=0.639 | Val(AVO)=0.615
2025-09-28 23:40:16 - No P3-val improvement; patience remaining: 48/50
2025-09-28 23:40:16 - P3 val decreasing 3x. Reducing w_small to 2.183, lambda_MMD to 0.150
2025-09-28 23:40:16 - Epoch 5/500 | LR=0.009998 | w_AVO=1.000 | w_P3=2.183 | lambda_MMD=0.150
2025-09-28 23:40:17 - Epoch Summary: TrainLoss=1.9171 | TrainAcc=0.626 | Val(P3)=0.694 | Val(AVO)=0.612
2025-09-28 23:40:17 - No P3-val improvement; patience remaining: 47/50
2025-09-28 23:40:17 - Epoch 6/500 | LR=0.009998 | w_AVO=1.000 | w_P3=2.728 | lambda_MMD=0.300
2025-09-28 23:40:17 - Epoch Summary: TrainLoss=2.1543 | TrainAcc=0.630 | Val(P3)=0.750 | Val(AVO)=0.573
2025-09-28 23:40:17 - New best P3-val; checkpoint updated
2025-09-28 23:40:17 - AVO val decreasing 3x. Reducing lambda_MMD to 0.210
2025-09-28 23:40:17 - Epoch 7/500 | LR=0.009996 | w_AVO=1.000 | w_P3=2.728 | lambda_MMD=0.210
2025-09-28 23:40:17 - Epoch Summary: TrainLoss=2.1151 | TrainAcc=0.632 | Val(P3)=0.667 | Val(AVO)=0.602
2025-09-28 23:40:17 - No P3-val improvement; patience remaining: 49/50
2025-09-28 23:40:17 - Epoch 8/500 | LR=0.009995 | w_AVO=1.000 | w_P3=2.728 | lambda_MMD=0.300
2025-09-28 23:40:17 - Epoch Summary: TrainLoss=2.0129 | TrainAcc=0.639 | Val(P3)=0.694 | Val(AVO)=0.618
2025-09-28 23:40:17 - No P3-val improvement; patience remaining: 48/50
2025-09-28 23:40:17 - Epoch 9/500 | LR=0.009994 | w_AVO=1.000 | w_P3=2.728 | lambda_MMD=0.300
2025-09-28 23:40:17 - Epoch Summary: TrainLoss=1.9687 | TrainAcc=0.646 | Val(P3)=0.667 | Val(AVO)=0.608
2025-09-28 23:40:17 - No P3-val improvement; patience remaining: 47/50
2025-09-28 23:40:17 - Epoch 10/500 | LR=0.009992 | w_AVO=1.000 | w_P3=2.728 | lambda_MMD=0.300
2025-09-28 23:40:17 - Epoch Summary: TrainLoss=1.9380 | TrainAcc=0.643 | Val(P3)=0.639 | Val(AVO)=0.605
2025-09-28 23:40:17 - No P3-val improvement; patience remaining: 46/50
2025-09-28 23:40:17 - P3 val decreasing 3x. Reducing w_small to 2.183, lambda_MMD to 0.150
2025-09-28 23:40:17 - AVO val decreasing 3x. Reducing lambda_MMD to 0.105
2025-09-28 23:40:17 - Epoch 11/500 | LR=0.009990 | w_AVO=1.000 | w_P3=2.183 | lambda_MMD=0.105
2025-09-28 23:40:18 - Epoch Summary: TrainLoss=1.6138 | TrainAcc=0.660 | Val(P3)=0.694 | Val(AVO)=0.592
2025-09-28 23:40:18 - No P3-val improvement; patience remaining: 45/50
2025-09-28 23:40:18 - AVO val decreasing 3x. Reducing lambda_MMD to 0.210
2025-09-28 23:40:18 - Epoch 12/500 | LR=0.009988 | w_AVO=1.000 | w_P3=2.728 | lambda_MMD=0.210
2025-09-28 23:40:18 - Epoch Summary: TrainLoss=1.8305 | TrainAcc=0.667 | Val(P3)=0.667 | Val(AVO)=0.592
2025-09-28 23:40:18 - No P3-val improvement; patience remaining: 44/50
2025-09-28 23:40:18 - Epoch 13/500 | LR=0.009986 | w_AVO=1.000 | w_P3=2.728 | lambda_MMD=0.300
2025-09-28 23:40:18 - Epoch Summary: TrainLoss=1.7857 | TrainAcc=0.660 | Val(P3)=0.722 | Val(AVO)=0.605
2025-09-28 23:40:18 - No P3-val improvement; patience remaining: 43/50
2025-09-28 23:40:18 - Epoch 14/500 | LR=0.009983 | w_AVO=1.000 | w_P3=2.728 | lambda_MMD=0.300
2025-09-28 23:40:18 - Epoch Summary: TrainLoss=1.7292 | TrainAcc=0.666 | Val(P3)=0.667 | Val(AVO)=0.586
2025-09-28 23:40:18 - No P3-val improvement; patience remaining: 42/50
2025-09-28 23:40:18 - Epoch 15/500 | LR=0.009981 | w_AVO=1.000 | w_P3=2.728 | lambda_MMD=0.300
2025-09-28 23:40:18 - Epoch Summary: TrainLoss=1.6798 | TrainAcc=0.668 | Val(P3)=0.806 | Val(AVO)=0.589
2025-09-28 23:40:18 - New best P3-val; checkpoint updated
2025-09-28 23:40:18 - Epoch 16/500 | LR=0.009978 | w_AVO=1.000 | w_P3=2.728 | lambda_MMD=0.300
2025-09-28 23:40:18 - Epoch Summary: TrainLoss=1.6367 | TrainAcc=0.672 | Val(P3)=0.778 | Val(AVO)=0.576
2025-09-28 23:40:18 - No P3-val improvement; patience remaining: 49/50
2025-09-28 23:40:18 - Epoch 17/500 | LR=0.009975 | w_AVO=1.000 | w_P3=2.728 | lambda_MMD=0.300
2025-09-28 23:40:19 - Epoch Summary: TrainLoss=1.6290 | TrainAcc=0.671 | Val(P3)=0.694 | Val(AVO)=0.576
2025-09-28 23:40:19 - No P3-val improvement; patience remaining: 48/50
2025-09-28 23:40:19 - P3 val decreasing 3x. Reducing w_small to 2.183, lambda_MMD to 0.150
2025-09-28 23:40:19 - Epoch 18/500 | LR=0.009972 | w_AVO=1.000 | w_P3=2.183 | lambda_MMD=0.150
2025-09-28 23:40:19 - Epoch Summary: TrainLoss=1.3756 | TrainAcc=0.662 | Val(P3)=0.694 | Val(AVO)=0.592
2025-09-28 23:40:19 - No P3-val improvement; patience remaining: 47/50
2025-09-28 23:40:19 - Epoch 19/500 | LR=0.009968 | w_AVO=1.000 | w_P3=2.728 | lambda_MMD=0.300
2025-09-28 23:40:19 - Epoch Summary: TrainLoss=1.5047 | TrainAcc=0.676 | Val(P3)=0.778 | Val(AVO)=0.583
2025-09-28 23:40:19 - No P3-val improvement; patience remaining: 46/50
2025-09-28 23:40:19 - Epoch 20/500 | LR=0.009964 | w_AVO=1.000 | w_P3=2.728 | lambda_MMD=0.300
2025-09-28 23:40:19 - Epoch Summary: TrainLoss=1.5466 | TrainAcc=0.662 | Val(P3)=0.722 | Val(AVO)=0.595
2025-09-28 23:40:19 - No P3-val improvement; patience remaining: 45/50
2025-09-28 23:40:19 - Epoch 21/500 | LR=0.009961 | w_AVO=1.000 | w_P3=2.728 | lambda_MMD=0.300
2025-09-28 23:40:19 - Epoch Summary: TrainLoss=1.4885 | TrainAcc=0.670 | Val(P3)=0.750 | Val(AVO)=0.573
2025-09-28 23:40:19 - No P3-val improvement; patience remaining: 44/50
2025-09-28 23:40:19 - Epoch 22/500 | LR=0.009957 | w_AVO=1.000 | w_P3=2.728 | lambda_MMD=0.300
2025-09-28 23:40:19 - Epoch Summary: TrainLoss=1.4264 | TrainAcc=0.667 | Val(P3)=0.667 | Val(AVO)=0.595
2025-09-28 23:40:19 - No P3-val improvement; patience remaining: 43/50
2025-09-28 23:40:19 - Epoch 23/500 | LR=0.009952 | w_AVO=1.000 | w_P3=2.728 | lambda_MMD=0.300
2025-09-28 23:40:20 - Epoch Summary: TrainLoss=1.3780 | TrainAcc=0.674 | Val(P3)=0.750 | Val(AVO)=0.570
2025-09-28 23:40:20 - No P3-val improvement; patience remaining: 42/50
2025-09-28 23:40:20 - Epoch 24/500 | LR=0.009948 | w_AVO=1.000 | w_P3=2.728 | lambda_MMD=0.300
2025-09-28 23:40:20 - Epoch Summary: TrainLoss=1.3520 | TrainAcc=0.681 | Val(P3)=0.750 | Val(AVO)=0.602
2025-09-28 23:40:20 - No P3-val improvement; patience remaining: 41/50
2025-09-28 23:40:20 - Epoch 25/500 | LR=0.009943 | w_AVO=1.000 | w_P3=2.728 | lambda_MMD=0.300
2025-09-28 23:40:20 - Epoch Summary: TrainLoss=1.3222 | TrainAcc=0.677 | Val(P3)=0.750 | Val(AVO)=0.592
2025-09-28 23:40:20 - No P3-val improvement; patience remaining: 40/50
2025-09-28 23:40:20 - Epoch 26/500 | LR=0.009938 | w_AVO=1.000 | w_P3=2.728 | lambda_MMD=0.300
2025-09-28 23:40:20 - Epoch Summary: TrainLoss=1.2695 | TrainAcc=0.682 | Val(P3)=0.778 | Val(AVO)=0.553
2025-09-28 23:40:20 - No P3-val improvement; patience remaining: 39/50
2025-09-28 23:40:20 - AVO val decreasing 3x. Reducing lambda_MMD to 0.210
2025-09-28 23:40:20 - Epoch 27/500 | LR=0.009933 | w_AVO=1.000 | w_P3=2.728 | lambda_MMD=0.210
2025-09-28 23:40:20 - Epoch Summary: TrainLoss=1.2532 | TrainAcc=0.687 | Val(P3)=0.833 | Val(AVO)=0.537
2025-09-28 23:40:20 - New best P3-val; checkpoint updated
2025-09-28 23:40:20 - AVO val decreasing 3x. Reducing lambda_MMD to 0.210
2025-09-28 23:40:20 - Epoch 28/500 | LR=0.009928 | w_AVO=1.000 | w_P3=2.728 | lambda_MMD=0.210
2025-09-28 23:40:20 - Epoch Summary: TrainLoss=1.2336 | TrainAcc=0.674 | Val(P3)=0.722 | Val(AVO)=0.625
2025-09-28 23:40:20 - No P3-val improvement; patience remaining: 49/50
2025-09-28 23:40:20 - Epoch 29/500 | LR=0.009923 | w_AVO=1.000 | w_P3=2.728 | lambda_MMD=0.300
2025-09-28 23:40:21 - Epoch Summary: TrainLoss=1.1971 | TrainAcc=0.706 | Val(P3)=0.750 | Val(AVO)=0.625
2025-09-28 23:40:21 - No P3-val improvement; patience remaining: 48/50
2025-09-28 23:40:21 - Epoch 30/500 | LR=0.009917 | w_AVO=1.000 | w_P3=2.728 | lambda_MMD=0.300
2025-09-28 23:40:21 - Epoch Summary: TrainLoss=1.1617 | TrainAcc=0.692 | Val(P3)=0.667 | Val(AVO)=0.621
2025-09-28 23:40:21 - No P3-val improvement; patience remaining: 47/50
2025-09-28 23:40:21 - Epoch 31/500 | LR=0.009911 | w_AVO=1.000 | w_P3=2.728 | lambda_MMD=0.300
2025-09-28 23:40:21 - Epoch Summary: TrainLoss=1.1959 | TrainAcc=0.685 | Val(P3)=0.778 | Val(AVO)=0.521
2025-09-28 23:40:21 - No P3-val improvement; patience remaining: 46/50
2025-09-28 23:40:21 - AVO val decreasing 3x. Reducing lambda_MMD to 0.210
2025-09-28 23:40:21 - Epoch 32/500 | LR=0.009905 | w_AVO=1.000 | w_P3=2.728 | lambda_MMD=0.210
2025-09-28 23:40:21 - Epoch Summary: TrainLoss=1.1286 | TrainAcc=0.693 | Val(P3)=0.694 | Val(AVO)=0.583
2025-09-28 23:40:21 - No P3-val improvement; patience remaining: 45/50
2025-09-28 23:40:21 - Epoch 33/500 | LR=0.009899 | w_AVO=1.000 | w_P3=2.728 | lambda_MMD=0.300
2025-09-28 23:40:21 - Epoch Summary: TrainLoss=1.0876 | TrainAcc=0.697 | Val(P3)=0.750 | Val(AVO)=0.595
2025-09-28 23:40:21 - No P3-val improvement; patience remaining: 44/50
2025-09-28 23:40:21 - Epoch 34/500 | LR=0.009893 | w_AVO=1.000 | w_P3=2.728 | lambda_MMD=0.300
2025-09-28 23:40:21 - Epoch Summary: TrainLoss=1.0685 | TrainAcc=0.698 | Val(P3)=0.778 | Val(AVO)=0.550
2025-09-28 23:40:21 - No P3-val improvement; patience remaining: 43/50
2025-09-28 23:40:21 - Epoch 35/500 | LR=0.009886 | w_AVO=1.000 | w_P3=2.728 | lambda_MMD=0.300
2025-09-28 23:40:21 - Epoch Summary: TrainLoss=1.0518 | TrainAcc=0.701 | Val(P3)=0.722 | Val(AVO)=0.625
2025-09-28 23:40:21 - No P3-val improvement; patience remaining: 42/50
2025-09-28 23:40:21 - Epoch 36/500 | LR=0.009880 | w_AVO=1.000 | w_P3=2.728 | lambda_MMD=0.300
2025-09-28 23:40:22 - Epoch Summary: TrainLoss=1.0390 | TrainAcc=0.700 | Val(P3)=0.722 | Val(AVO)=0.579
2025-09-28 23:40:22 - No P3-val improvement; patience remaining: 41/50
2025-09-28 23:40:22 - Epoch 37/500 | LR=0.009873 | w_AVO=1.000 | w_P3=2.728 | lambda_MMD=0.300
2025-09-28 23:40:22 - Epoch Summary: TrainLoss=1.0396 | TrainAcc=0.692 | Val(P3)=0.722 | Val(AVO)=0.608
2025-09-28 23:40:22 - No P3-val improvement; patience remaining: 40/50
2025-09-28 23:40:22 - Epoch 38/500 | LR=0.009865 | w_AVO=1.000 | w_P3=2.728 | lambda_MMD=0.300
2025-09-28 23:40:22 - Epoch Summary: TrainLoss=1.0487 | TrainAcc=0.700 | Val(P3)=0.694 | Val(AVO)=0.625
2025-09-28 23:40:22 - No P3-val improvement; patience remaining: 39/50
2025-09-28 23:40:22 - Epoch 39/500 | LR=0.009858 | w_AVO=1.000 | w_P3=2.728 | lambda_MMD=0.300
2025-09-28 23:40:22 - Epoch Summary: TrainLoss=0.9983 | TrainAcc=0.708 | Val(P3)=0.778 | Val(AVO)=0.511
2025-09-28 23:40:22 - No P3-val improvement; patience remaining: 38/50
2025-09-28 23:40:22 - Epoch 40/500 | LR=0.009851 | w_AVO=1.000 | w_P3=2.728 | lambda_MMD=0.300
2025-09-28 23:40:22 - Epoch Summary: TrainLoss=0.9677 | TrainAcc=0.709 | Val(P3)=0.722 | Val(AVO)=0.644
2025-09-28 23:40:22 - No P3-val improvement; patience remaining: 37/50
2025-09-28 23:40:22 - Epoch 41/500 | LR=0.009843 | w_AVO=1.000 | w_P3=2.728 | lambda_MMD=0.300
2025-09-28 23:40:22 - Epoch Summary: TrainLoss=0.9726 | TrainAcc=0.712 | Val(P3)=0.750 | Val(AVO)=0.550
2025-09-28 23:40:22 - No P3-val improvement; patience remaining: 36/50
2025-09-28 23:40:22 - Epoch 42/500 | LR=0.009835 | w_AVO=1.000 | w_P3=2.728 | lambda_MMD=0.300
2025-09-28 23:40:23 - Epoch Summary: TrainLoss=0.9419 | TrainAcc=0.720 | Val(P3)=0.667 | Val(AVO)=0.576
2025-09-28 23:40:23 - No P3-val improvement; patience remaining: 35/50
2025-09-28 23:40:23 - Epoch 43/500 | LR=0.009827 | w_AVO=1.000 | w_P3=2.728 | lambda_MMD=0.300
2025-09-28 23:40:23 - Epoch Summary: TrainLoss=0.9346 | TrainAcc=0.720 | Val(P3)=0.722 | Val(AVO)=0.615
2025-09-28 23:40:23 - No P3-val improvement; patience remaining: 34/50
2025-09-28 23:40:23 - Epoch 44/500 | LR=0.009819 | w_AVO=1.000 | w_P3=2.728 | lambda_MMD=0.300
2025-09-28 23:40:23 - Epoch Summary: TrainLoss=0.9108 | TrainAcc=0.713 | Val(P3)=0.722 | Val(AVO)=0.563
2025-09-28 23:40:23 - No P3-val improvement; patience remaining: 33/50
2025-09-28 23:40:23 - Epoch 45/500 | LR=0.009810 | w_AVO=1.000 | w_P3=2.728 | lambda_MMD=0.300
2025-09-28 23:40:23 - Epoch Summary: TrainLoss=0.8627 | TrainAcc=0.725 | Val(P3)=0.694 | Val(AVO)=0.563
2025-09-28 23:40:23 - No P3-val improvement; patience remaining: 32/50
2025-09-28 23:40:23 - Epoch 46/500 | LR=0.009801 | w_AVO=1.000 | w_P3=2.728 | lambda_MMD=0.300
2025-09-28 23:40:23 - Epoch Summary: TrainLoss=0.8561 | TrainAcc=0.726 | Val(P3)=0.750 | Val(AVO)=0.557
2025-09-28 23:40:23 - No P3-val improvement; patience remaining: 31/50
2025-09-28 23:40:23 - Epoch 47/500 | LR=0.009793 | w_AVO=1.000 | w_P3=2.728 | lambda_MMD=0.300
2025-09-28 23:40:23 - Epoch Summary: TrainLoss=0.8866 | TrainAcc=0.713 | Val(P3)=0.694 | Val(AVO)=0.657
2025-09-28 23:40:23 - No P3-val improvement; patience remaining: 30/50
2025-09-28 23:40:23 - Epoch 48/500 | LR=0.009784 | w_AVO=1.000 | w_P3=2.728 | lambda_MMD=0.300
2025-09-28 23:40:24 - Epoch Summary: TrainLoss=0.8989 | TrainAcc=0.705 | Val(P3)=0.778 | Val(AVO)=0.550
2025-09-28 23:40:24 - No P3-val improvement; patience remaining: 29/50
2025-09-28 23:40:24 - Epoch 49/500 | LR=0.009774 | w_AVO=1.000 | w_P3=2.728 | lambda_MMD=0.300
2025-09-28 23:40:24 - Epoch Summary: TrainLoss=0.9181 | TrainAcc=0.708 | Val(P3)=0.694 | Val(AVO)=0.547
2025-09-28 23:40:24 - No P3-val improvement; patience remaining: 28/50
2025-09-28 23:40:24 - AVO val decreasing 3x. Reducing lambda_MMD to 0.210
2025-09-28 23:40:24 - Epoch 50/500 | LR=0.009765 | w_AVO=1.000 | w_P3=2.728 | lambda_MMD=0.210
2025-09-28 23:40:24 - Epoch Summary: TrainLoss=0.8274 | TrainAcc=0.727 | Val(P3)=0.694 | Val(AVO)=0.566
2025-09-28 23:40:24 - No P3-val improvement; patience remaining: 27/50
2025-09-28 23:40:24 - Epoch 51/500 | LR=0.009755 | w_AVO=1.000 | w_P3=2.728 | lambda_MMD=0.300
2025-09-28 23:40:24 - Epoch Summary: TrainLoss=0.8246 | TrainAcc=0.727 | Val(P3)=0.694 | Val(AVO)=0.599
2025-09-28 23:40:24 - No P3-val improvement; patience remaining: 26/50
2025-09-28 23:40:24 - Epoch 52/500 | LR=0.009745 | w_AVO=1.000 | w_P3=2.728 | lambda_MMD=0.300
2025-09-28 23:40:24 - Epoch Summary: TrainLoss=0.8011 | TrainAcc=0.731 | Val(P3)=0.778 | Val(AVO)=0.531
2025-09-28 23:40:24 - No P3-val improvement; patience remaining: 25/50
2025-09-28 23:40:24 - Epoch 53/500 | LR=0.009735 | w_AVO=1.000 | w_P3=2.728 | lambda_MMD=0.300
2025-09-28 23:40:24 - Epoch Summary: TrainLoss=0.8252 | TrainAcc=0.723 | Val(P3)=0.694 | Val(AVO)=0.631
2025-09-28 23:40:24 - No P3-val improvement; patience remaining: 24/50
2025-09-28 23:40:24 - Epoch 54/500 | LR=0.009725 | w_AVO=1.000 | w_P3=2.728 | lambda_MMD=0.300
2025-09-28 23:40:25 - Epoch Summary: TrainLoss=0.8056 | TrainAcc=0.734 | Val(P3)=0.750 | Val(AVO)=0.608
2025-09-28 23:40:25 - No P3-val improvement; patience remaining: 23/50
2025-09-28 23:40:25 - Epoch 55/500 | LR=0.009715 | w_AVO=1.000 | w_P3=2.728 | lambda_MMD=0.300
2025-09-28 23:40:25 - Epoch Summary: TrainLoss=0.7784 | TrainAcc=0.735 | Val(P3)=0.722 | Val(AVO)=0.612
2025-09-28 23:40:25 - No P3-val improvement; patience remaining: 22/50
2025-09-28 23:40:25 - Epoch 56/500 | LR=0.009704 | w_AVO=1.000 | w_P3=2.728 | lambda_MMD=0.300
2025-09-28 23:40:25 - Epoch Summary: TrainLoss=0.7791 | TrainAcc=0.738 | Val(P3)=0.667 | Val(AVO)=0.592
2025-09-28 23:40:25 - No P3-val improvement; patience remaining: 21/50
2025-09-28 23:40:25 - P3 val decreasing 3x. Reducing w_small to 2.183, lambda_MMD to 0.150
2025-09-28 23:40:25 - Epoch 57/500 | LR=0.009694 | w_AVO=1.000 | w_P3=2.183 | lambda_MMD=0.150
2025-09-28 23:40:25 - Epoch Summary: TrainLoss=0.6930 | TrainAcc=0.737 | Val(P3)=0.806 | Val(AVO)=0.508
2025-09-28 23:40:25 - No P3-val improvement; patience remaining: 20/50
2025-09-28 23:40:25 - AVO val decreasing 3x. Reducing lambda_MMD to 0.210
2025-09-28 23:40:25 - Epoch 58/500 | LR=0.009683 | w_AVO=1.000 | w_P3=2.728 | lambda_MMD=0.210
2025-09-28 23:40:25 - Epoch Summary: TrainLoss=0.7348 | TrainAcc=0.743 | Val(P3)=0.778 | Val(AVO)=0.544
2025-09-28 23:40:25 - No P3-val improvement; patience remaining: 19/50
2025-09-28 23:40:25 - Epoch 59/500 | LR=0.009672 | w_AVO=1.000 | w_P3=2.728 | lambda_MMD=0.300
2025-09-28 23:40:25 - Epoch Summary: TrainLoss=0.7335 | TrainAcc=0.750 | Val(P3)=0.667 | Val(AVO)=0.615
2025-09-28 23:40:25 - No P3-val improvement; patience remaining: 18/50
2025-09-28 23:40:25 - P3 val decreasing 3x. Reducing w_small to 2.183, lambda_MMD to 0.150
2025-09-28 23:40:25 - Epoch 60/500 | LR=0.009660 | w_AVO=1.000 | w_P3=2.183 | lambda_MMD=0.150
2025-09-28 23:40:26 - Epoch Summary: TrainLoss=0.6749 | TrainAcc=0.744 | Val(P3)=0.750 | Val(AVO)=0.605
2025-09-28 23:40:26 - No P3-val improvement; patience remaining: 17/50
2025-09-28 23:40:26 - Epoch 61/500 | LR=0.009649 | w_AVO=1.000 | w_P3=2.728 | lambda_MMD=0.300
2025-09-28 23:40:26 - Epoch Summary: TrainLoss=0.7235 | TrainAcc=0.750 | Val(P3)=0.750 | Val(AVO)=0.583
2025-09-28 23:40:26 - No P3-val improvement; patience remaining: 16/50
2025-09-28 23:40:26 - AVO val decreasing 3x. Reducing lambda_MMD to 0.210
2025-09-28 23:40:26 - Epoch 62/500 | LR=0.009637 | w_AVO=1.000 | w_P3=2.728 | lambda_MMD=0.210
2025-09-28 23:40:26 - Epoch Summary: TrainLoss=0.7290 | TrainAcc=0.755 | Val(P3)=0.722 | Val(AVO)=0.515
2025-09-28 23:40:26 - No P3-val improvement; patience remaining: 15/50
2025-09-28 23:40:26 - AVO val decreasing 3x. Reducing lambda_MMD to 0.210
2025-09-28 23:40:26 - Epoch 63/500 | LR=0.009625 | w_AVO=1.000 | w_P3=2.728 | lambda_MMD=0.210
2025-09-28 23:40:26 - Epoch Summary: TrainLoss=0.7352 | TrainAcc=0.748 | Val(P3)=0.722 | Val(AVO)=0.570
2025-09-28 23:40:26 - No P3-val improvement; patience remaining: 14/50
2025-09-28 23:40:26 - Epoch 64/500 | LR=0.009613 | w_AVO=1.000 | w_P3=2.728 | lambda_MMD=0.300
2025-09-28 23:40:26 - Epoch Summary: TrainLoss=0.7121 | TrainAcc=0.754 | Val(P3)=0.722 | Val(AVO)=0.524
2025-09-28 23:40:26 - No P3-val improvement; patience remaining: 13/50
2025-09-28 23:40:26 - Epoch 65/500 | LR=0.009601 | w_AVO=1.000 | w_P3=2.728 | lambda_MMD=0.300
2025-09-28 23:40:26 - Epoch Summary: TrainLoss=0.7483 | TrainAcc=0.753 | Val(P3)=0.667 | Val(AVO)=0.550
2025-09-28 23:40:26 - No P3-val improvement; patience remaining: 12/50
2025-09-28 23:40:26 - Epoch 66/500 | LR=0.009589 | w_AVO=1.000 | w_P3=2.728 | lambda_MMD=0.300
2025-09-28 23:40:26 - Epoch Summary: TrainLoss=0.7069 | TrainAcc=0.762 | Val(P3)=0.833 | Val(AVO)=0.557
2025-09-28 23:40:26 - No P3-val improvement; patience remaining: 11/50
2025-09-28 23:40:26 - Epoch 67/500 | LR=0.009576 | w_AVO=1.000 | w_P3=2.728 | lambda_MMD=0.300
2025-09-28 23:40:27 - Epoch Summary: TrainLoss=0.7314 | TrainAcc=0.756 | Val(P3)=0.694 | Val(AVO)=0.579
2025-09-28 23:40:27 - No P3-val improvement; patience remaining: 10/50
2025-09-28 23:40:27 - Epoch 68/500 | LR=0.009563 | w_AVO=1.000 | w_P3=2.728 | lambda_MMD=0.300
2025-09-28 23:40:27 - Epoch Summary: TrainLoss=0.6999 | TrainAcc=0.767 | Val(P3)=0.694 | Val(AVO)=0.589
2025-09-28 23:40:27 - No P3-val improvement; patience remaining: 9/50
2025-09-28 23:40:27 - Epoch 69/500 | LR=0.009551 | w_AVO=1.000 | w_P3=2.728 | lambda_MMD=0.300
2025-09-28 23:40:27 - Epoch Summary: TrainLoss=0.6931 | TrainAcc=0.753 | Val(P3)=0.778 | Val(AVO)=0.544
2025-09-28 23:40:27 - No P3-val improvement; patience remaining: 8/50
2025-09-28 23:40:27 - Epoch 70/500 | LR=0.009537 | w_AVO=1.000 | w_P3=2.728 | lambda_MMD=0.300
2025-09-28 23:40:27 - Epoch Summary: TrainLoss=0.6986 | TrainAcc=0.755 | Val(P3)=0.722 | Val(AVO)=0.547
2025-09-28 23:40:27 - No P3-val improvement; patience remaining: 7/50
2025-09-28 23:40:27 - Epoch 71/500 | LR=0.009524 | w_AVO=1.000 | w_P3=2.728 | lambda_MMD=0.300
2025-09-28 23:40:27 - Epoch Summary: TrainLoss=0.6839 | TrainAcc=0.762 | Val(P3)=0.667 | Val(AVO)=0.570
2025-09-28 23:40:27 - No P3-val improvement; patience remaining: 6/50
2025-09-28 23:40:27 - P3 val decreasing 3x. Reducing w_small to 2.183, lambda_MMD to 0.150
2025-09-28 23:40:27 - Epoch 72/500 | LR=0.009511 | w_AVO=1.000 | w_P3=2.183 | lambda_MMD=0.150
2025-09-28 23:40:27 - Epoch Summary: TrainLoss=0.6339 | TrainAcc=0.756 | Val(P3)=0.722 | Val(AVO)=0.550
2025-09-28 23:40:27 - No P3-val improvement; patience remaining: 5/50
2025-09-28 23:40:27 - Epoch 73/500 | LR=0.009497 | w_AVO=1.000 | w_P3=2.728 | lambda_MMD=0.300
2025-09-28 23:40:28 - Epoch Summary: TrainLoss=0.6869 | TrainAcc=0.760 | Val(P3)=0.778 | Val(AVO)=0.576
2025-09-28 23:40:28 - No P3-val improvement; patience remaining: 4/50
2025-09-28 23:40:28 - Epoch 74/500 | LR=0.009483 | w_AVO=1.000 | w_P3=2.728 | lambda_MMD=0.300
2025-09-28 23:40:28 - Epoch Summary: TrainLoss=0.6716 | TrainAcc=0.759 | Val(P3)=0.694 | Val(AVO)=0.518
2025-09-28 23:40:28 - No P3-val improvement; patience remaining: 3/50
2025-09-28 23:40:28 - Epoch 75/500 | LR=0.009469 | w_AVO=1.000 | w_P3=2.728 | lambda_MMD=0.300
2025-09-28 23:40:28 - Epoch Summary: TrainLoss=0.6742 | TrainAcc=0.769 | Val(P3)=0.667 | Val(AVO)=0.570
2025-09-28 23:40:28 - No P3-val improvement; patience remaining: 2/50
2025-09-28 23:40:28 - P3 val decreasing 3x. Reducing w_small to 2.183, lambda_MMD to 0.150
2025-09-28 23:40:28 - Epoch 76/500 | LR=0.009455 | w_AVO=1.000 | w_P3=2.183 | lambda_MMD=0.150
2025-09-28 23:40:28 - Epoch Summary: TrainLoss=0.6125 | TrainAcc=0.775 | Val(P3)=0.667 | Val(AVO)=0.621
2025-09-28 23:40:28 - No P3-val improvement; patience remaining: 1/50
2025-09-28 23:40:28 - Epoch 77/500 | LR=0.009441 | w_AVO=1.000 | w_P3=2.728 | lambda_MMD=0.300
2025-09-28 23:40:28 - Epoch Summary: TrainLoss=0.6428 | TrainAcc=0.760 | Val(P3)=0.694 | Val(AVO)=0.553
2025-09-28 23:40:28 - No P3-val improvement; patience remaining: 0/50
2025-09-28 23:40:28 - Early stopping triggered (P3-val)
2025-09-28 23:40:28 -     P3 Test | Acc=0.5897 P=0.6333 R=0.4750 F1=0.5429 AUC=0.6671 (n=78)
2025-09-28 23:40:28 -     AVO Test | Acc=0.5376 P=0.5196 R=0.9541 F1=0.6728 AUC=0.7133 (n=612)
2025-09-28 23:40:28 -     Overall Test Acc=0.5435
2025-09-28 23:40:28 -   Fold 4/5
2025-09-28 23:40:28 - Fold domains: small=P3 (n=293), large=AVO (n=2122)
2025-09-28 23:40:28 - Auto adjustments (symmetric): w_small≈1.000, lambda_MMD_target=0.300, warmup_epochs=5
2025-09-28 23:40:28 - Epoch 1/500 | LR=0.010000 | w_AVO=1.000 | w_P3=1.338 | lambda_MMD=0.060
2025-09-28 23:40:28 - Epoch Summary: TrainLoss=1.6818 | TrainAcc=0.547 | Val(P3)=0.622 | Val(AVO)=0.584
2025-09-28 23:40:28 - New best P3-val; checkpoint updated
2025-09-28 23:40:28 - Epoch 2/500 | LR=0.010000 | w_AVO=1.000 | w_P3=1.676 | lambda_MMD=0.120
2025-09-28 23:40:29 - Epoch Summary: TrainLoss=1.6915 | TrainAcc=0.609 | Val(P3)=0.595 | Val(AVO)=0.607
2025-09-28 23:40:29 - No P3-val improvement; patience remaining: 49/50
2025-09-28 23:40:29 - Epoch 3/500 | LR=0.010000 | w_AVO=1.000 | w_P3=2.015 | lambda_MMD=0.180
2025-09-28 23:40:29 - Epoch Summary: TrainLoss=1.8557 | TrainAcc=0.618 | Val(P3)=0.595 | Val(AVO)=0.591
2025-09-28 23:40:29 - No P3-val improvement; patience remaining: 48/50
2025-09-28 23:40:29 - Epoch 4/500 | LR=0.009999 | w_AVO=1.000 | w_P3=2.353 | lambda_MMD=0.240
2025-09-28 23:40:29 - Epoch Summary: TrainLoss=1.9898 | TrainAcc=0.626 | Val(P3)=0.514 | Val(AVO)=0.575
2025-09-28 23:40:29 - No P3-val improvement; patience remaining: 47/50
2025-09-28 23:40:29 - AVO val decreasing 3x. Reducing lambda_MMD to 0.210
2025-09-28 23:40:29 - Epoch 5/500 | LR=0.009998 | w_AVO=1.000 | w_P3=2.691 | lambda_MMD=0.210
2025-09-28 23:40:29 - Epoch Summary: TrainLoss=2.1638 | TrainAcc=0.640 | Val(P3)=0.568 | Val(AVO)=0.604
2025-09-28 23:40:29 - No P3-val improvement; patience remaining: 46/50
2025-09-28 23:40:29 - Epoch 6/500 | LR=0.009998 | w_AVO=1.000 | w_P3=2.691 | lambda_MMD=0.300
2025-09-28 23:40:29 - Epoch Summary: TrainLoss=2.1200 | TrainAcc=0.645 | Val(P3)=0.514 | Val(AVO)=0.607
2025-09-28 23:40:29 - No P3-val improvement; patience remaining: 45/50
2025-09-28 23:40:29 - Epoch 7/500 | LR=0.009996 | w_AVO=1.000 | w_P3=2.691 | lambda_MMD=0.300
2025-09-28 23:40:30 - Epoch Summary: TrainLoss=2.0492 | TrainAcc=0.644 | Val(P3)=0.541 | Val(AVO)=0.581
2025-09-28 23:40:30 - No P3-val improvement; patience remaining: 44/50
2025-09-28 23:40:30 - Epoch 8/500 | LR=0.009995 | w_AVO=1.000 | w_P3=2.691 | lambda_MMD=0.300
2025-09-28 23:40:30 - Epoch Summary: TrainLoss=1.9812 | TrainAcc=0.655 | Val(P3)=0.514 | Val(AVO)=0.594
2025-09-28 23:40:30 - No P3-val improvement; patience remaining: 43/50
2025-09-28 23:40:30 - Epoch 9/500 | LR=0.009994 | w_AVO=1.000 | w_P3=2.691 | lambda_MMD=0.300
2025-09-28 23:40:30 - Epoch Summary: TrainLoss=1.9511 | TrainAcc=0.661 | Val(P3)=0.541 | Val(AVO)=0.594
2025-09-28 23:40:30 - No P3-val improvement; patience remaining: 42/50
2025-09-28 23:40:30 - Epoch 10/500 | LR=0.009992 | w_AVO=1.000 | w_P3=2.691 | lambda_MMD=0.300
2025-09-28 23:40:30 - Epoch Summary: TrainLoss=1.9053 | TrainAcc=0.656 | Val(P3)=0.459 | Val(AVO)=0.584
2025-09-28 23:40:30 - No P3-val improvement; patience remaining: 41/50
2025-09-28 23:40:30 - Epoch 11/500 | LR=0.009990 | w_AVO=1.000 | w_P3=2.691 | lambda_MMD=0.300
2025-09-28 23:40:30 - Epoch Summary: TrainLoss=1.8429 | TrainAcc=0.660 | Val(P3)=0.486 | Val(AVO)=0.562
2025-09-28 23:40:30 - No P3-val improvement; patience remaining: 40/50
2025-09-28 23:40:30 - AVO val decreasing 3x. Reducing lambda_MMD to 0.210
2025-09-28 23:40:30 - Epoch 12/500 | LR=0.009988 | w_AVO=1.000 | w_P3=2.691 | lambda_MMD=0.210
2025-09-28 23:40:30 - Epoch Summary: TrainLoss=1.7845 | TrainAcc=0.659 | Val(P3)=0.514 | Val(AVO)=0.552
2025-09-28 23:40:30 - No P3-val improvement; patience remaining: 39/50
2025-09-28 23:40:30 - AVO val decreasing 3x. Reducing lambda_MMD to 0.210
2025-09-28 23:40:30 - Epoch 13/500 | LR=0.009986 | w_AVO=1.000 | w_P3=2.691 | lambda_MMD=0.210
2025-09-28 23:40:30 - Epoch Summary: TrainLoss=1.6947 | TrainAcc=0.666 | Val(P3)=0.541 | Val(AVO)=0.562
2025-09-28 23:40:30 - No P3-val improvement; patience remaining: 38/50
2025-09-28 23:40:30 - Epoch 14/500 | LR=0.009983 | w_AVO=1.000 | w_P3=2.691 | lambda_MMD=0.300
2025-09-28 23:40:31 - Epoch Summary: TrainLoss=1.6768 | TrainAcc=0.656 | Val(P3)=0.541 | Val(AVO)=0.568
2025-09-28 23:40:31 - No P3-val improvement; patience remaining: 37/50
2025-09-28 23:40:31 - Epoch 15/500 | LR=0.009981 | w_AVO=1.000 | w_P3=2.691 | lambda_MMD=0.300
2025-09-28 23:40:31 - Epoch Summary: TrainLoss=1.5849 | TrainAcc=0.677 | Val(P3)=0.568 | Val(AVO)=0.601
2025-09-28 23:40:31 - No P3-val improvement; patience remaining: 36/50
2025-09-28 23:40:31 - Epoch 16/500 | LR=0.009978 | w_AVO=1.000 | w_P3=2.691 | lambda_MMD=0.300
2025-09-28 23:40:31 - Epoch Summary: TrainLoss=1.5868 | TrainAcc=0.671 | Val(P3)=0.676 | Val(AVO)=0.623
2025-09-28 23:40:31 - New best P3-val; checkpoint updated
2025-09-28 23:40:31 - Epoch 17/500 | LR=0.009975 | w_AVO=1.000 | w_P3=2.691 | lambda_MMD=0.300
2025-09-28 23:40:31 - Epoch Summary: TrainLoss=1.5208 | TrainAcc=0.664 | Val(P3)=0.568 | Val(AVO)=0.581
2025-09-28 23:40:31 - No P3-val improvement; patience remaining: 49/50
2025-09-28 23:40:31 - Epoch 18/500 | LR=0.009972 | w_AVO=1.000 | w_P3=2.691 | lambda_MMD=0.300
2025-09-28 23:40:31 - Epoch Summary: TrainLoss=1.4918 | TrainAcc=0.667 | Val(P3)=0.622 | Val(AVO)=0.565
2025-09-28 23:40:31 - No P3-val improvement; patience remaining: 48/50
2025-09-28 23:40:31 - AVO val decreasing 3x. Reducing lambda_MMD to 0.210
2025-09-28 23:40:31 - Epoch 19/500 | LR=0.009968 | w_AVO=1.000 | w_P3=2.691 | lambda_MMD=0.210
2025-09-28 23:40:31 - Epoch Summary: TrainLoss=1.4516 | TrainAcc=0.692 | Val(P3)=0.568 | Val(AVO)=0.581
2025-09-28 23:40:31 - No P3-val improvement; patience remaining: 47/50
2025-09-28 23:40:31 - Epoch 20/500 | LR=0.009964 | w_AVO=1.000 | w_P3=2.691 | lambda_MMD=0.300
2025-09-28 23:40:32 - Epoch Summary: TrainLoss=1.4068 | TrainAcc=0.693 | Val(P3)=0.568 | Val(AVO)=0.597
2025-09-28 23:40:32 - No P3-val improvement; patience remaining: 46/50
2025-09-28 23:40:32 - Epoch 21/500 | LR=0.009961 | w_AVO=1.000 | w_P3=2.691 | lambda_MMD=0.300
2025-09-28 23:40:32 - Epoch Summary: TrainLoss=1.3735 | TrainAcc=0.676 | Val(P3)=0.649 | Val(AVO)=0.597
2025-09-28 23:40:32 - No P3-val improvement; patience remaining: 45/50
2025-09-28 23:40:32 - Epoch 22/500 | LR=0.009957 | w_AVO=1.000 | w_P3=2.691 | lambda_MMD=0.300
2025-09-28 23:40:32 - Epoch Summary: TrainLoss=1.3441 | TrainAcc=0.684 | Val(P3)=0.649 | Val(AVO)=0.562
2025-09-28 23:40:32 - No P3-val improvement; patience remaining: 44/50
2025-09-28 23:40:32 - Epoch 23/500 | LR=0.009952 | w_AVO=1.000 | w_P3=2.691 | lambda_MMD=0.300
2025-09-28 23:40:32 - Epoch Summary: TrainLoss=1.3060 | TrainAcc=0.680 | Val(P3)=0.622 | Val(AVO)=0.581
2025-09-28 23:40:32 - No P3-val improvement; patience remaining: 43/50
2025-09-28 23:40:32 - Epoch 24/500 | LR=0.009948 | w_AVO=1.000 | w_P3=2.691 | lambda_MMD=0.300
2025-09-28 23:40:32 - Epoch Summary: TrainLoss=1.2728 | TrainAcc=0.687 | Val(P3)=0.676 | Val(AVO)=0.607
2025-09-28 23:40:32 - No P3-val improvement; patience remaining: 42/50
2025-09-28 23:40:32 - Epoch 25/500 | LR=0.009943 | w_AVO=1.000 | w_P3=2.691 | lambda_MMD=0.300
2025-09-28 23:40:32 - Epoch Summary: TrainLoss=1.2534 | TrainAcc=0.685 | Val(P3)=0.622 | Val(AVO)=0.588
2025-09-28 23:40:32 - No P3-val improvement; patience remaining: 41/50
2025-09-28 23:40:32 - Epoch 26/500 | LR=0.009938 | w_AVO=1.000 | w_P3=2.691 | lambda_MMD=0.300
2025-09-28 23:40:33 - Epoch Summary: TrainLoss=1.2082 | TrainAcc=0.693 | Val(P3)=0.649 | Val(AVO)=0.614
2025-09-28 23:40:33 - No P3-val improvement; patience remaining: 40/50
2025-09-28 23:40:33 - Epoch 27/500 | LR=0.009933 | w_AVO=1.000 | w_P3=2.691 | lambda_MMD=0.300
2025-09-28 23:40:33 - Epoch Summary: TrainLoss=1.1833 | TrainAcc=0.683 | Val(P3)=0.622 | Val(AVO)=0.584
2025-09-28 23:40:33 - No P3-val improvement; patience remaining: 39/50
2025-09-28 23:40:33 - Epoch 28/500 | LR=0.009928 | w_AVO=1.000 | w_P3=2.691 | lambda_MMD=0.300
2025-09-28 23:40:33 - Epoch Summary: TrainLoss=1.1572 | TrainAcc=0.690 | Val(P3)=0.730 | Val(AVO)=0.627
2025-09-28 23:40:33 - New best P3-val; checkpoint updated
2025-09-28 23:40:33 - Epoch 29/500 | LR=0.009923 | w_AVO=1.000 | w_P3=2.691 | lambda_MMD=0.300
2025-09-28 23:40:33 - Epoch Summary: TrainLoss=1.1500 | TrainAcc=0.687 | Val(P3)=0.649 | Val(AVO)=0.555
2025-09-28 23:40:33 - No P3-val improvement; patience remaining: 49/50
2025-09-28 23:40:33 - Epoch 30/500 | LR=0.009917 | w_AVO=1.000 | w_P3=2.691 | lambda_MMD=0.300
2025-09-28 23:40:33 - Epoch Summary: TrainLoss=1.1096 | TrainAcc=0.701 | Val(P3)=0.622 | Val(AVO)=0.578
2025-09-28 23:40:33 - No P3-val improvement; patience remaining: 48/50
2025-09-28 23:40:33 - P3 val decreasing 3x. Reducing w_small to 2.153, lambda_MMD to 0.150
2025-09-28 23:40:33 - Epoch 31/500 | LR=0.009911 | w_AVO=1.000 | w_P3=2.153 | lambda_MMD=0.150
2025-09-28 23:40:33 - Epoch Summary: TrainLoss=0.9753 | TrainAcc=0.695 | Val(P3)=0.676 | Val(AVO)=0.565
2025-09-28 23:40:33 - No P3-val improvement; patience remaining: 47/50
2025-09-28 23:40:33 - Epoch 32/500 | LR=0.009905 | w_AVO=1.000 | w_P3=2.691 | lambda_MMD=0.300
2025-09-28 23:40:34 - Epoch Summary: TrainLoss=1.1045 | TrainAcc=0.690 | Val(P3)=0.703 | Val(AVO)=0.646
2025-09-28 23:40:34 - No P3-val improvement; patience remaining: 46/50
2025-09-28 23:40:34 - Epoch 33/500 | LR=0.009899 | w_AVO=1.000 | w_P3=2.691 | lambda_MMD=0.300
2025-09-28 23:40:34 - Epoch Summary: TrainLoss=1.0755 | TrainAcc=0.688 | Val(P3)=0.676 | Val(AVO)=0.584
2025-09-28 23:40:34 - No P3-val improvement; patience remaining: 45/50
2025-09-28 23:40:34 - Epoch 34/500 | LR=0.009893 | w_AVO=1.000 | w_P3=2.691 | lambda_MMD=0.300
2025-09-28 23:40:34 - Epoch Summary: TrainLoss=1.0469 | TrainAcc=0.700 | Val(P3)=0.649 | Val(AVO)=0.610
2025-09-28 23:40:34 - No P3-val improvement; patience remaining: 44/50
2025-09-28 23:40:34 - P3 val decreasing 3x. Reducing w_small to 2.153, lambda_MMD to 0.150
2025-09-28 23:40:34 - Epoch 35/500 | LR=0.009886 | w_AVO=1.000 | w_P3=2.153 | lambda_MMD=0.150
2025-09-28 23:40:34 - Epoch Summary: TrainLoss=0.9237 | TrainAcc=0.700 | Val(P3)=0.622 | Val(AVO)=0.568
2025-09-28 23:40:34 - No P3-val improvement; patience remaining: 43/50
2025-09-28 23:40:34 - P3 val decreasing 3x. Reducing w_small to 2.153, lambda_MMD to 0.150
2025-09-28 23:40:34 - Epoch 36/500 | LR=0.009880 | w_AVO=1.000 | w_P3=2.153 | lambda_MMD=0.150
2025-09-28 23:40:34 - Epoch Summary: TrainLoss=0.8945 | TrainAcc=0.706 | Val(P3)=0.649 | Val(AVO)=0.555
2025-09-28 23:40:34 - No P3-val improvement; patience remaining: 42/50
2025-09-28 23:40:34 - AVO val decreasing 3x. Reducing lambda_MMD to 0.210
2025-09-28 23:40:34 - Epoch 37/500 | LR=0.009873 | w_AVO=1.000 | w_P3=2.691 | lambda_MMD=0.210
2025-09-28 23:40:34 - Epoch Summary: TrainLoss=0.9811 | TrainAcc=0.707 | Val(P3)=0.595 | Val(AVO)=0.588
2025-09-28 23:40:34 - No P3-val improvement; patience remaining: 41/50
2025-09-28 23:40:34 - Epoch 38/500 | LR=0.009865 | w_AVO=1.000 | w_P3=2.691 | lambda_MMD=0.300
2025-09-28 23:40:35 - Epoch Summary: TrainLoss=0.9721 | TrainAcc=0.709 | Val(P3)=0.649 | Val(AVO)=0.588
2025-09-28 23:40:35 - No P3-val improvement; patience remaining: 40/50
2025-09-28 23:40:35 - Epoch 39/500 | LR=0.009858 | w_AVO=1.000 | w_P3=2.691 | lambda_MMD=0.300
2025-09-28 23:40:35 - Epoch Summary: TrainLoss=0.9573 | TrainAcc=0.718 | Val(P3)=0.622 | Val(AVO)=0.565
2025-09-28 23:40:35 - No P3-val improvement; patience remaining: 39/50
2025-09-28 23:40:35 - Epoch 40/500 | LR=0.009851 | w_AVO=1.000 | w_P3=2.691 | lambda_MMD=0.300
2025-09-28 23:40:35 - Epoch Summary: TrainLoss=0.9201 | TrainAcc=0.708 | Val(P3)=0.649 | Val(AVO)=0.581
2025-09-28 23:40:35 - No P3-val improvement; patience remaining: 38/50
2025-09-28 23:40:35 - Epoch 41/500 | LR=0.009843 | w_AVO=1.000 | w_P3=2.691 | lambda_MMD=0.300
2025-09-28 23:40:35 - Epoch Summary: TrainLoss=0.9490 | TrainAcc=0.713 | Val(P3)=0.676 | Val(AVO)=0.630
2025-09-28 23:40:35 - No P3-val improvement; patience remaining: 37/50
2025-09-28 23:40:35 - Epoch 42/500 | LR=0.009835 | w_AVO=1.000 | w_P3=2.691 | lambda_MMD=0.300
2025-09-28 23:40:35 - Epoch Summary: TrainLoss=0.9106 | TrainAcc=0.719 | Val(P3)=0.676 | Val(AVO)=0.627
2025-09-28 23:40:35 - No P3-val improvement; patience remaining: 36/50
2025-09-28 23:40:35 - Epoch 43/500 | LR=0.009827 | w_AVO=1.000 | w_P3=2.691 | lambda_MMD=0.300
2025-09-28 23:40:35 - Epoch Summary: TrainLoss=0.8929 | TrainAcc=0.726 | Val(P3)=0.676 | Val(AVO)=0.633
2025-09-28 23:40:35 - No P3-val improvement; patience remaining: 35/50
2025-09-28 23:40:35 - Epoch 44/500 | LR=0.009819 | w_AVO=1.000 | w_P3=2.691 | lambda_MMD=0.300
2025-09-28 23:40:36 - Epoch Summary: TrainLoss=0.8530 | TrainAcc=0.724 | Val(P3)=0.649 | Val(AVO)=0.620
2025-09-28 23:40:36 - No P3-val improvement; patience remaining: 34/50
2025-09-28 23:40:36 - Epoch 45/500 | LR=0.009810 | w_AVO=1.000 | w_P3=2.691 | lambda_MMD=0.300
2025-09-28 23:40:36 - Epoch Summary: TrainLoss=0.8912 | TrainAcc=0.710 | Val(P3)=0.676 | Val(AVO)=0.607
2025-09-28 23:40:36 - No P3-val improvement; patience remaining: 33/50
2025-09-28 23:40:36 - AVO val decreasing 3x. Reducing lambda_MMD to 0.210
2025-09-28 23:40:36 - Epoch 46/500 | LR=0.009801 | w_AVO=1.000 | w_P3=2.691 | lambda_MMD=0.210
2025-09-28 23:40:36 - Epoch Summary: TrainLoss=0.8386 | TrainAcc=0.722 | Val(P3)=0.676 | Val(AVO)=0.581
2025-09-28 23:40:36 - No P3-val improvement; patience remaining: 32/50
2025-09-28 23:40:36 - AVO val decreasing 3x. Reducing lambda_MMD to 0.210
2025-09-28 23:40:36 - Epoch 47/500 | LR=0.009793 | w_AVO=1.000 | w_P3=2.691 | lambda_MMD=0.210
2025-09-28 23:40:36 - Epoch Summary: TrainLoss=0.8600 | TrainAcc=0.721 | Val(P3)=0.676 | Val(AVO)=0.643
2025-09-28 23:40:36 - No P3-val improvement; patience remaining: 31/50
2025-09-28 23:40:36 - Epoch 48/500 | LR=0.009784 | w_AVO=1.000 | w_P3=2.691 | lambda_MMD=0.300
2025-09-28 23:40:36 - Epoch Summary: TrainLoss=0.8737 | TrainAcc=0.713 | Val(P3)=0.595 | Val(AVO)=0.575
2025-09-28 23:40:36 - No P3-val improvement; patience remaining: 30/50
2025-09-28 23:40:36 - Epoch 49/500 | LR=0.009774 | w_AVO=1.000 | w_P3=2.691 | lambda_MMD=0.300
2025-09-28 23:40:36 - Epoch Summary: TrainLoss=0.8698 | TrainAcc=0.711 | Val(P3)=0.676 | Val(AVO)=0.649
2025-09-28 23:40:36 - No P3-val improvement; patience remaining: 29/50
2025-09-28 23:40:36 - Epoch 50/500 | LR=0.009765 | w_AVO=1.000 | w_P3=2.691 | lambda_MMD=0.300
2025-09-28 23:40:37 - Epoch Summary: TrainLoss=0.8409 | TrainAcc=0.720 | Val(P3)=0.649 | Val(AVO)=0.568
2025-09-28 23:40:37 - No P3-val improvement; patience remaining: 28/50
2025-09-28 23:40:37 - Epoch 51/500 | LR=0.009755 | w_AVO=1.000 | w_P3=2.691 | lambda_MMD=0.300
2025-09-28 23:40:37 - Epoch Summary: TrainLoss=0.7780 | TrainAcc=0.737 | Val(P3)=0.649 | Val(AVO)=0.571
2025-09-28 23:40:37 - No P3-val improvement; patience remaining: 27/50
2025-09-28 23:40:37 - Epoch 52/500 | LR=0.009745 | w_AVO=1.000 | w_P3=2.691 | lambda_MMD=0.300
2025-09-28 23:40:37 - Epoch Summary: TrainLoss=0.7931 | TrainAcc=0.729 | Val(P3)=0.676 | Val(AVO)=0.614
2025-09-28 23:40:37 - No P3-val improvement; patience remaining: 26/50
2025-09-28 23:40:37 - Epoch 53/500 | LR=0.009735 | w_AVO=1.000 | w_P3=2.691 | lambda_MMD=0.300
2025-09-28 23:40:37 - Epoch Summary: TrainLoss=0.7641 | TrainAcc=0.736 | Val(P3)=0.622 | Val(AVO)=0.591
2025-09-28 23:40:37 - No P3-val improvement; patience remaining: 25/50
2025-09-28 23:40:37 - Epoch 54/500 | LR=0.009725 | w_AVO=1.000 | w_P3=2.691 | lambda_MMD=0.300
2025-09-28 23:40:37 - Epoch Summary: TrainLoss=0.7693 | TrainAcc=0.746 | Val(P3)=0.595 | Val(AVO)=0.549
2025-09-28 23:40:37 - No P3-val improvement; patience remaining: 24/50
2025-09-28 23:40:37 - P3 val decreasing 3x. Reducing w_small to 2.153, lambda_MMD to 0.150
2025-09-28 23:40:37 - AVO val decreasing 3x. Reducing lambda_MMD to 0.105
2025-09-28 23:40:37 - Epoch 55/500 | LR=0.009715 | w_AVO=1.000 | w_P3=2.153 | lambda_MMD=0.105
2025-09-28 23:40:37 - Epoch Summary: TrainLoss=0.6909 | TrainAcc=0.743 | Val(P3)=0.649 | Val(AVO)=0.571
2025-09-28 23:40:37 - No P3-val improvement; patience remaining: 23/50
2025-09-28 23:40:37 - Epoch 56/500 | LR=0.009704 | w_AVO=1.000 | w_P3=2.691 | lambda_MMD=0.300
2025-09-28 23:40:38 - Epoch Summary: TrainLoss=0.7598 | TrainAcc=0.742 | Val(P3)=0.649 | Val(AVO)=0.604
2025-09-28 23:40:38 - No P3-val improvement; patience remaining: 22/50
2025-09-28 23:40:38 - Epoch 57/500 | LR=0.009694 | w_AVO=1.000 | w_P3=2.691 | lambda_MMD=0.300
2025-09-28 23:40:38 - Epoch Summary: TrainLoss=0.7371 | TrainAcc=0.747 | Val(P3)=0.676 | Val(AVO)=0.607
2025-09-28 23:40:38 - No P3-val improvement; patience remaining: 21/50
2025-09-28 23:40:38 - Epoch 58/500 | LR=0.009683 | w_AVO=1.000 | w_P3=2.691 | lambda_MMD=0.300
2025-09-28 23:40:38 - Epoch Summary: TrainLoss=0.7404 | TrainAcc=0.754 | Val(P3)=0.622 | Val(AVO)=0.594
2025-09-28 23:40:38 - No P3-val improvement; patience remaining: 20/50
2025-09-28 23:40:38 - Epoch 59/500 | LR=0.009672 | w_AVO=1.000 | w_P3=2.691 | lambda_MMD=0.300
2025-09-28 23:40:38 - Epoch Summary: TrainLoss=0.7608 | TrainAcc=0.741 | Val(P3)=0.676 | Val(AVO)=0.614
2025-09-28 23:40:38 - No P3-val improvement; patience remaining: 19/50
2025-09-28 23:40:38 - Epoch 60/500 | LR=0.009660 | w_AVO=1.000 | w_P3=2.691 | lambda_MMD=0.300
2025-09-28 23:40:38 - Epoch Summary: TrainLoss=0.7477 | TrainAcc=0.744 | Val(P3)=0.622 | Val(AVO)=0.571
2025-09-28 23:40:38 - No P3-val improvement; patience remaining: 18/50
2025-09-28 23:40:38 - Epoch 61/500 | LR=0.009649 | w_AVO=1.000 | w_P3=2.691 | lambda_MMD=0.300
2025-09-28 23:40:38 - Epoch Summary: TrainLoss=0.7177 | TrainAcc=0.751 | Val(P3)=0.649 | Val(AVO)=0.643
2025-09-28 23:40:38 - No P3-val improvement; patience remaining: 17/50
2025-09-28 23:40:38 - Epoch 62/500 | LR=0.009637 | w_AVO=1.000 | w_P3=2.691 | lambda_MMD=0.300
2025-09-28 23:40:38 - Epoch Summary: TrainLoss=0.7123 | TrainAcc=0.749 | Val(P3)=0.595 | Val(AVO)=0.607
2025-09-28 23:40:38 - No P3-val improvement; patience remaining: 16/50
2025-09-28 23:40:38 - Epoch 63/500 | LR=0.009625 | w_AVO=1.000 | w_P3=2.691 | lambda_MMD=0.300
2025-09-28 23:40:39 - Epoch Summary: TrainLoss=0.7423 | TrainAcc=0.747 | Val(P3)=0.676 | Val(AVO)=0.636
2025-09-28 23:40:39 - No P3-val improvement; patience remaining: 15/50
2025-09-28 23:40:39 - Epoch 64/500 | LR=0.009613 | w_AVO=1.000 | w_P3=2.691 | lambda_MMD=0.300
2025-09-28 23:40:39 - Epoch Summary: TrainLoss=0.7314 | TrainAcc=0.751 | Val(P3)=0.676 | Val(AVO)=0.581
2025-09-28 23:40:39 - No P3-val improvement; patience remaining: 14/50
2025-09-28 23:40:39 - Epoch 65/500 | LR=0.009601 | w_AVO=1.000 | w_P3=2.691 | lambda_MMD=0.300
2025-09-28 23:40:39 - Epoch Summary: TrainLoss=0.7325 | TrainAcc=0.736 | Val(P3)=0.595 | Val(AVO)=0.591
2025-09-28 23:40:39 - No P3-val improvement; patience remaining: 13/50
2025-09-28 23:40:39 - Epoch 66/500 | LR=0.009589 | w_AVO=1.000 | w_P3=2.691 | lambda_MMD=0.300
2025-09-28 23:40:39 - Epoch Summary: TrainLoss=0.6823 | TrainAcc=0.757 | Val(P3)=0.649 | Val(AVO)=0.588
2025-09-28 23:40:39 - No P3-val improvement; patience remaining: 12/50
2025-09-28 23:40:39 - Epoch 67/500 | LR=0.009576 | w_AVO=1.000 | w_P3=2.691 | lambda_MMD=0.300
2025-09-28 23:40:39 - Epoch Summary: TrainLoss=0.6629 | TrainAcc=0.764 | Val(P3)=0.676 | Val(AVO)=0.633
2025-09-28 23:40:39 - No P3-val improvement; patience remaining: 11/50
2025-09-28 23:40:39 - Epoch 68/500 | LR=0.009563 | w_AVO=1.000 | w_P3=2.691 | lambda_MMD=0.300
2025-09-28 23:40:39 - Epoch Summary: TrainLoss=0.6626 | TrainAcc=0.759 | Val(P3)=0.622 | Val(AVO)=0.575
2025-09-28 23:40:39 - No P3-val improvement; patience remaining: 10/50
2025-09-28 23:40:39 - Epoch 69/500 | LR=0.009551 | w_AVO=1.000 | w_P3=2.691 | lambda_MMD=0.300
2025-09-28 23:40:40 - Epoch Summary: TrainLoss=0.6931 | TrainAcc=0.762 | Val(P3)=0.622 | Val(AVO)=0.588
2025-09-28 23:40:40 - No P3-val improvement; patience remaining: 9/50
2025-09-28 23:40:40 - Epoch 70/500 | LR=0.009537 | w_AVO=1.000 | w_P3=2.691 | lambda_MMD=0.300
2025-09-28 23:40:40 - Epoch Summary: TrainLoss=0.6760 | TrainAcc=0.762 | Val(P3)=0.649 | Val(AVO)=0.604
2025-09-28 23:40:40 - No P3-val improvement; patience remaining: 8/50
2025-09-28 23:40:40 - Epoch 71/500 | LR=0.009524 | w_AVO=1.000 | w_P3=2.691 | lambda_MMD=0.300
2025-09-28 23:40:40 - Epoch Summary: TrainLoss=0.6433 | TrainAcc=0.772 | Val(P3)=0.649 | Val(AVO)=0.614
2025-09-28 23:40:40 - No P3-val improvement; patience remaining: 7/50
2025-09-28 23:40:40 - Epoch 72/500 | LR=0.009511 | w_AVO=1.000 | w_P3=2.691 | lambda_MMD=0.300
2025-09-28 23:40:40 - Epoch Summary: TrainLoss=0.6415 | TrainAcc=0.774 | Val(P3)=0.649 | Val(AVO)=0.614
2025-09-28 23:40:40 - No P3-val improvement; patience remaining: 6/50
2025-09-28 23:40:40 - Epoch 73/500 | LR=0.009497 | w_AVO=1.000 | w_P3=2.691 | lambda_MMD=0.300
2025-09-28 23:40:40 - Epoch Summary: TrainLoss=0.6487 | TrainAcc=0.785 | Val(P3)=0.649 | Val(AVO)=0.591
2025-09-28 23:40:40 - No P3-val improvement; patience remaining: 5/50
2025-09-28 23:40:40 - Epoch 74/500 | LR=0.009483 | w_AVO=1.000 | w_P3=2.691 | lambda_MMD=0.300
2025-09-28 23:40:40 - Epoch Summary: TrainLoss=0.6747 | TrainAcc=0.762 | Val(P3)=0.622 | Val(AVO)=0.607
2025-09-28 23:40:40 - No P3-val improvement; patience remaining: 4/50
2025-09-28 23:40:40 - Epoch 75/500 | LR=0.009469 | w_AVO=1.000 | w_P3=2.691 | lambda_MMD=0.300
2025-09-28 23:40:40 - Epoch Summary: TrainLoss=0.6512 | TrainAcc=0.773 | Val(P3)=0.649 | Val(AVO)=0.633
2025-09-28 23:40:40 - No P3-val improvement; patience remaining: 3/50
2025-09-28 23:40:40 - Epoch 76/500 | LR=0.009455 | w_AVO=1.000 | w_P3=2.691 | lambda_MMD=0.300
2025-09-28 23:40:41 - Epoch Summary: TrainLoss=0.6156 | TrainAcc=0.781 | Val(P3)=0.649 | Val(AVO)=0.623
2025-09-28 23:40:41 - No P3-val improvement; patience remaining: 2/50
2025-09-28 23:40:41 - Epoch 77/500 | LR=0.009441 | w_AVO=1.000 | w_P3=2.691 | lambda_MMD=0.300
2025-09-28 23:40:41 - Epoch Summary: TrainLoss=0.6319 | TrainAcc=0.776 | Val(P3)=0.649 | Val(AVO)=0.607
2025-09-28 23:40:41 - No P3-val improvement; patience remaining: 1/50
2025-09-28 23:40:41 - AVO val decreasing 3x. Reducing lambda_MMD to 0.210
2025-09-28 23:40:41 - Epoch 78/500 | LR=0.009426 | w_AVO=1.000 | w_P3=2.691 | lambda_MMD=0.210
2025-09-28 23:40:41 - Epoch Summary: TrainLoss=0.6099 | TrainAcc=0.783 | Val(P3)=0.622 | Val(AVO)=0.653
2025-09-28 23:40:41 - No P3-val improvement; patience remaining: 0/50
2025-09-28 23:40:41 - Early stopping triggered (P3-val)
2025-09-28 23:40:41 -     P3 Test | Acc=0.6286 P=0.6765 R=0.6053 F1=0.6389 AUC=0.6891 (n=70)
2025-09-28 23:40:41 -     AVO Test | Acc=0.6629 P=0.6225 R=0.8111 F1=0.7044 AUC=0.7396 (n=620)
2025-09-28 23:40:41 -     Overall Test Acc=0.6594
2025-09-28 23:40:41 -   Fold 5/5
2025-09-28 23:40:41 - Fold domains: small=P3 (n=288), large=AVO (n=2127)
2025-09-28 23:40:41 - Auto adjustments (symmetric): w_small≈1.000, lambda_MMD_target=0.300, warmup_epochs=5
2025-09-28 23:40:41 - Epoch 1/500 | LR=0.010000 | w_AVO=1.000 | w_P3=1.344 | lambda_MMD=0.060
2025-09-28 23:40:41 - Epoch Summary: TrainLoss=1.6394 | TrainAcc=0.550 | Val(P3)=0.543 | Val(AVO)=0.552
2025-09-28 23:40:41 - New best P3-val; checkpoint updated
2025-09-28 23:40:41 - Epoch 2/500 | LR=0.010000 | w_AVO=1.000 | w_P3=1.687 | lambda_MMD=0.120
2025-09-28 23:40:41 - Epoch Summary: TrainLoss=1.6971 | TrainAcc=0.604 | Val(P3)=0.543 | Val(AVO)=0.587
2025-09-28 23:40:41 - No P3-val improvement; patience remaining: 49/50
2025-09-28 23:40:41 - Epoch 3/500 | LR=0.010000 | w_AVO=1.000 | w_P3=2.031 | lambda_MMD=0.180
2025-09-28 23:40:41 - Epoch Summary: TrainLoss=1.8562 | TrainAcc=0.605 | Val(P3)=0.514 | Val(AVO)=0.590
2025-09-28 23:40:41 - No P3-val improvement; patience remaining: 48/50
2025-09-28 23:40:41 - Epoch 4/500 | LR=0.009999 | w_AVO=1.000 | w_P3=2.374 | lambda_MMD=0.240
2025-09-28 23:40:42 - Epoch Summary: TrainLoss=2.0487 | TrainAcc=0.632 | Val(P3)=0.514 | Val(AVO)=0.574
2025-09-28 23:40:42 - No P3-val improvement; patience remaining: 47/50
2025-09-28 23:40:42 - Epoch 5/500 | LR=0.009998 | w_AVO=1.000 | w_P3=2.718 | lambda_MMD=0.300
2025-09-28 23:40:42 - Epoch Summary: TrainLoss=2.2157 | TrainAcc=0.629 | Val(P3)=0.543 | Val(AVO)=0.565
2025-09-28 23:40:42 - No P3-val improvement; patience remaining: 46/50
2025-09-28 23:40:42 - AVO val decreasing 3x. Reducing lambda_MMD to 0.210
2025-09-28 23:40:42 - Epoch 6/500 | LR=0.009998 | w_AVO=1.000 | w_P3=2.718 | lambda_MMD=0.210
2025-09-28 23:40:42 - Epoch Summary: TrainLoss=2.1300 | TrainAcc=0.652 | Val(P3)=0.514 | Val(AVO)=0.571
2025-09-28 23:40:42 - No P3-val improvement; patience remaining: 45/50
2025-09-28 23:40:42 - Epoch 7/500 | LR=0.009996 | w_AVO=1.000 | w_P3=2.718 | lambda_MMD=0.300
2025-09-28 23:40:42 - Epoch Summary: TrainLoss=2.0726 | TrainAcc=0.661 | Val(P3)=0.514 | Val(AVO)=0.594
2025-09-28 23:40:42 - No P3-val improvement; patience remaining: 44/50
2025-09-28 23:40:42 - Epoch 8/500 | LR=0.009995 | w_AVO=1.000 | w_P3=2.718 | lambda_MMD=0.300
2025-09-28 23:40:42 - Epoch Summary: TrainLoss=2.0237 | TrainAcc=0.650 | Val(P3)=0.543 | Val(AVO)=0.606
2025-09-28 23:40:42 - No P3-val improvement; patience remaining: 43/50
2025-09-28 23:40:42 - Epoch 9/500 | LR=0.009994 | w_AVO=1.000 | w_P3=2.718 | lambda_MMD=0.300
2025-09-28 23:40:42 - Epoch Summary: TrainLoss=1.9577 | TrainAcc=0.660 | Val(P3)=0.514 | Val(AVO)=0.574
2025-09-28 23:40:42 - No P3-val improvement; patience remaining: 42/50
2025-09-28 23:40:42 - Epoch 10/500 | LR=0.009992 | w_AVO=1.000 | w_P3=2.718 | lambda_MMD=0.300
2025-09-28 23:40:43 - Epoch Summary: TrainLoss=1.9478 | TrainAcc=0.654 | Val(P3)=0.514 | Val(AVO)=0.577
2025-09-28 23:40:43 - No P3-val improvement; patience remaining: 41/50
2025-09-28 23:40:43 - Epoch 11/500 | LR=0.009990 | w_AVO=1.000 | w_P3=2.718 | lambda_MMD=0.300
2025-09-28 23:40:43 - Epoch Summary: TrainLoss=1.8560 | TrainAcc=0.658 | Val(P3)=0.600 | Val(AVO)=0.558
2025-09-28 23:40:43 - New best P3-val; checkpoint updated
2025-09-28 23:40:43 - Epoch 12/500 | LR=0.009988 | w_AVO=1.000 | w_P3=2.718 | lambda_MMD=0.300
2025-09-28 23:40:43 - Epoch Summary: TrainLoss=1.8280 | TrainAcc=0.651 | Val(P3)=0.571 | Val(AVO)=0.565
2025-09-28 23:40:43 - No P3-val improvement; patience remaining: 49/50
2025-09-28 23:40:43 - Epoch 13/500 | LR=0.009986 | w_AVO=1.000 | w_P3=2.718 | lambda_MMD=0.300
2025-09-28 23:40:43 - Epoch Summary: TrainLoss=1.7444 | TrainAcc=0.664 | Val(P3)=0.629 | Val(AVO)=0.552
2025-09-28 23:40:43 - New best P3-val; checkpoint updated
2025-09-28 23:40:43 - Epoch 14/500 | LR=0.009983 | w_AVO=1.000 | w_P3=2.718 | lambda_MMD=0.300
2025-09-28 23:40:43 - Epoch Summary: TrainLoss=1.6832 | TrainAcc=0.661 | Val(P3)=0.571 | Val(AVO)=0.545
2025-09-28 23:40:43 - No P3-val improvement; patience remaining: 49/50
2025-09-28 23:40:43 - AVO val decreasing 3x. Reducing lambda_MMD to 0.210
2025-09-28 23:40:43 - Epoch 15/500 | LR=0.009981 | w_AVO=1.000 | w_P3=2.718 | lambda_MMD=0.210
2025-09-28 23:40:43 - Epoch Summary: TrainLoss=1.6511 | TrainAcc=0.676 | Val(P3)=0.571 | Val(AVO)=0.558
2025-09-28 23:40:43 - No P3-val improvement; patience remaining: 48/50
2025-09-28 23:40:43 - Epoch 16/500 | LR=0.009978 | w_AVO=1.000 | w_P3=2.718 | lambda_MMD=0.300
2025-09-28 23:40:44 - Epoch Summary: TrainLoss=1.5894 | TrainAcc=0.675 | Val(P3)=0.571 | Val(AVO)=0.626
2025-09-28 23:40:44 - No P3-val improvement; patience remaining: 47/50
2025-09-28 23:40:44 - Epoch 17/500 | LR=0.009975 | w_AVO=1.000 | w_P3=2.718 | lambda_MMD=0.300
2025-09-28 23:40:44 - Epoch Summary: TrainLoss=1.5547 | TrainAcc=0.696 | Val(P3)=0.486 | Val(AVO)=0.574
2025-09-28 23:40:44 - No P3-val improvement; patience remaining: 46/50
2025-09-28 23:40:44 - Epoch 18/500 | LR=0.009972 | w_AVO=1.000 | w_P3=2.718 | lambda_MMD=0.300
2025-09-28 23:40:44 - Epoch Summary: TrainLoss=1.4996 | TrainAcc=0.668 | Val(P3)=0.543 | Val(AVO)=0.552
2025-09-28 23:40:44 - No P3-val improvement; patience remaining: 45/50
2025-09-28 23:40:44 - AVO val decreasing 3x. Reducing lambda_MMD to 0.210
2025-09-28 23:40:44 - Epoch 19/500 | LR=0.009968 | w_AVO=1.000 | w_P3=2.718 | lambda_MMD=0.210
2025-09-28 23:40:44 - Epoch Summary: TrainLoss=1.5308 | TrainAcc=0.659 | Val(P3)=0.514 | Val(AVO)=0.568
2025-09-28 23:40:44 - No P3-val improvement; patience remaining: 44/50
2025-09-28 23:40:44 - Epoch 20/500 | LR=0.009964 | w_AVO=1.000 | w_P3=2.718 | lambda_MMD=0.300
2025-09-28 23:40:44 - Epoch Summary: TrainLoss=1.4442 | TrainAcc=0.683 | Val(P3)=0.514 | Val(AVO)=0.574
2025-09-28 23:40:44 - No P3-val improvement; patience remaining: 43/50
2025-09-28 23:40:44 - Epoch 21/500 | LR=0.009961 | w_AVO=1.000 | w_P3=2.718 | lambda_MMD=0.300
2025-09-28 23:40:44 - Epoch Summary: TrainLoss=1.3929 | TrainAcc=0.697 | Val(P3)=0.514 | Val(AVO)=0.542
2025-09-28 23:40:44 - No P3-val improvement; patience remaining: 42/50
2025-09-28 23:40:44 - Epoch 22/500 | LR=0.009957 | w_AVO=1.000 | w_P3=2.718 | lambda_MMD=0.300
2025-09-28 23:40:45 - Epoch Summary: TrainLoss=1.3750 | TrainAcc=0.681 | Val(P3)=0.514 | Val(AVO)=0.561
2025-09-28 23:40:45 - No P3-val improvement; patience remaining: 41/50
2025-09-28 23:40:45 - Epoch 23/500 | LR=0.009952 | w_AVO=1.000 | w_P3=2.718 | lambda_MMD=0.300
2025-09-28 23:40:45 - Epoch Summary: TrainLoss=1.3876 | TrainAcc=0.675 | Val(P3)=0.571 | Val(AVO)=0.616
2025-09-28 23:40:45 - No P3-val improvement; patience remaining: 40/50
2025-09-28 23:40:45 - Epoch 24/500 | LR=0.009948 | w_AVO=1.000 | w_P3=2.718 | lambda_MMD=0.300
2025-09-28 23:40:45 - Epoch Summary: TrainLoss=1.3285 | TrainAcc=0.674 | Val(P3)=0.514 | Val(AVO)=0.545
2025-09-28 23:40:45 - No P3-val improvement; patience remaining: 39/50
2025-09-28 23:40:45 - Epoch 25/500 | LR=0.009943 | w_AVO=1.000 | w_P3=2.718 | lambda_MMD=0.300
2025-09-28 23:40:45 - Epoch Summary: TrainLoss=1.2844 | TrainAcc=0.688 | Val(P3)=0.514 | Val(AVO)=0.552
2025-09-28 23:40:45 - No P3-val improvement; patience remaining: 38/50
2025-09-28 23:40:45 - Epoch 26/500 | LR=0.009938 | w_AVO=1.000 | w_P3=2.718 | lambda_MMD=0.300
2025-09-28 23:40:45 - Epoch Summary: TrainLoss=1.2826 | TrainAcc=0.685 | Val(P3)=0.514 | Val(AVO)=0.545
2025-09-28 23:40:45 - No P3-val improvement; patience remaining: 37/50
2025-09-28 23:40:45 - Epoch 27/500 | LR=0.009933 | w_AVO=1.000 | w_P3=2.718 | lambda_MMD=0.300
2025-09-28 23:40:45 - Epoch Summary: TrainLoss=1.2271 | TrainAcc=0.685 | Val(P3)=0.486 | Val(AVO)=0.542
2025-09-28 23:40:45 - No P3-val improvement; patience remaining: 36/50
2025-09-28 23:40:45 - AVO val decreasing 3x. Reducing lambda_MMD to 0.210
2025-09-28 23:40:45 - Epoch 28/500 | LR=0.009928 | w_AVO=1.000 | w_P3=2.718 | lambda_MMD=0.210
2025-09-28 23:40:46 - Epoch Summary: TrainLoss=1.2310 | TrainAcc=0.685 | Val(P3)=0.514 | Val(AVO)=0.545
2025-09-28 23:40:46 - No P3-val improvement; patience remaining: 35/50
2025-09-28 23:40:46 - Epoch 29/500 | LR=0.009923 | w_AVO=1.000 | w_P3=2.718 | lambda_MMD=0.300
2025-09-28 23:40:46 - Epoch Summary: TrainLoss=1.2159 | TrainAcc=0.696 | Val(P3)=0.543 | Val(AVO)=0.532
2025-09-28 23:40:46 - No P3-val improvement; patience remaining: 34/50
2025-09-28 23:40:46 - Epoch 30/500 | LR=0.009917 | w_AVO=1.000 | w_P3=2.718 | lambda_MMD=0.300
2025-09-28 23:40:46 - Epoch Summary: TrainLoss=1.1361 | TrainAcc=0.697 | Val(P3)=0.514 | Val(AVO)=0.545
2025-09-28 23:40:46 - No P3-val improvement; patience remaining: 33/50
2025-09-28 23:40:46 - Epoch 31/500 | LR=0.009911 | w_AVO=1.000 | w_P3=2.718 | lambda_MMD=0.300
2025-09-28 23:40:46 - Epoch Summary: TrainLoss=1.1230 | TrainAcc=0.704 | Val(P3)=0.486 | Val(AVO)=0.532
2025-09-28 23:40:46 - No P3-val improvement; patience remaining: 32/50
2025-09-28 23:40:46 - P3 val decreasing 3x. Reducing w_small to 2.174, lambda_MMD to 0.150
2025-09-28 23:40:46 - Epoch 32/500 | LR=0.009905 | w_AVO=1.000 | w_P3=2.174 | lambda_MMD=0.150
2025-09-28 23:40:46 - Epoch Summary: TrainLoss=1.0361 | TrainAcc=0.692 | Val(P3)=0.486 | Val(AVO)=0.526
2025-09-28 23:40:46 - No P3-val improvement; patience remaining: 31/50
2025-09-28 23:40:46 - AVO val decreasing 3x. Reducing lambda_MMD to 0.210
2025-09-28 23:40:46 - Epoch 33/500 | LR=0.009899 | w_AVO=1.000 | w_P3=2.718 | lambda_MMD=0.210
2025-09-28 23:40:46 - Epoch Summary: TrainLoss=1.1024 | TrainAcc=0.705 | Val(P3)=0.457 | Val(AVO)=0.561
2025-09-28 23:40:46 - No P3-val improvement; patience remaining: 30/50
2025-09-28 23:40:46 - Epoch 34/500 | LR=0.009893 | w_AVO=1.000 | w_P3=2.718 | lambda_MMD=0.300
2025-09-28 23:40:47 - Epoch Summary: TrainLoss=1.0693 | TrainAcc=0.697 | Val(P3)=0.514 | Val(AVO)=0.606
2025-09-28 23:40:47 - No P3-val improvement; patience remaining: 29/50
2025-09-28 23:40:47 - Epoch 35/500 | LR=0.009886 | w_AVO=1.000 | w_P3=2.718 | lambda_MMD=0.300
2025-09-28 23:40:47 - Epoch Summary: TrainLoss=1.0932 | TrainAcc=0.697 | Val(P3)=0.514 | Val(AVO)=0.529
2025-09-28 23:40:47 - No P3-val improvement; patience remaining: 28/50
2025-09-28 23:40:47 - Epoch 36/500 | LR=0.009880 | w_AVO=1.000 | w_P3=2.718 | lambda_MMD=0.300
2025-09-28 23:40:47 - Epoch Summary: TrainLoss=1.0609 | TrainAcc=0.682 | Val(P3)=0.543 | Val(AVO)=0.558
2025-09-28 23:40:47 - No P3-val improvement; patience remaining: 27/50
2025-09-28 23:40:47 - Epoch 37/500 | LR=0.009873 | w_AVO=1.000 | w_P3=2.718 | lambda_MMD=0.300
2025-09-28 23:40:47 - Epoch Summary: TrainLoss=1.0162 | TrainAcc=0.706 | Val(P3)=0.543 | Val(AVO)=0.545
2025-09-28 23:40:47 - No P3-val improvement; patience remaining: 26/50
2025-09-28 23:40:47 - Epoch 38/500 | LR=0.009865 | w_AVO=1.000 | w_P3=2.718 | lambda_MMD=0.300
2025-09-28 23:40:47 - Epoch Summary: TrainLoss=1.0422 | TrainAcc=0.715 | Val(P3)=0.457 | Val(AVO)=0.555
2025-09-28 23:40:47 - No P3-val improvement; patience remaining: 25/50
2025-09-28 23:40:47 - Epoch 39/500 | LR=0.009858 | w_AVO=1.000 | w_P3=2.718 | lambda_MMD=0.300
2025-09-28 23:40:47 - Epoch Summary: TrainLoss=1.0017 | TrainAcc=0.697 | Val(P3)=0.486 | Val(AVO)=0.558
2025-09-28 23:40:47 - No P3-val improvement; patience remaining: 24/50
2025-09-28 23:40:47 - Epoch 40/500 | LR=0.009851 | w_AVO=1.000 | w_P3=2.718 | lambda_MMD=0.300
2025-09-28 23:40:48 - Epoch Summary: TrainLoss=0.9660 | TrainAcc=0.705 | Val(P3)=0.543 | Val(AVO)=0.542
2025-09-28 23:40:48 - No P3-val improvement; patience remaining: 23/50
2025-09-28 23:40:48 - Epoch 41/500 | LR=0.009843 | w_AVO=1.000 | w_P3=2.718 | lambda_MMD=0.300
2025-09-28 23:40:48 - Epoch Summary: TrainLoss=1.0012 | TrainAcc=0.688 | Val(P3)=0.543 | Val(AVO)=0.571
2025-09-28 23:40:48 - No P3-val improvement; patience remaining: 22/50
2025-09-28 23:40:48 - Epoch 42/500 | LR=0.009835 | w_AVO=1.000 | w_P3=2.718 | lambda_MMD=0.300
2025-09-28 23:40:48 - Epoch Summary: TrainLoss=0.9500 | TrainAcc=0.710 | Val(P3)=0.543 | Val(AVO)=0.542
2025-09-28 23:40:48 - No P3-val improvement; patience remaining: 21/50
2025-09-28 23:40:48 - Epoch 43/500 | LR=0.009827 | w_AVO=1.000 | w_P3=2.718 | lambda_MMD=0.300
2025-09-28 23:40:48 - Epoch Summary: TrainLoss=0.9396 | TrainAcc=0.715 | Val(P3)=0.457 | Val(AVO)=0.558
2025-09-28 23:40:48 - No P3-val improvement; patience remaining: 20/50
2025-09-28 23:40:48 - Epoch 44/500 | LR=0.009819 | w_AVO=1.000 | w_P3=2.718 | lambda_MMD=0.300
2025-09-28 23:40:48 - Epoch Summary: TrainLoss=0.9021 | TrainAcc=0.717 | Val(P3)=0.457 | Val(AVO)=0.568
2025-09-28 23:40:48 - No P3-val improvement; patience remaining: 19/50
2025-09-28 23:40:48 - Epoch 45/500 | LR=0.009810 | w_AVO=1.000 | w_P3=2.718 | lambda_MMD=0.300
2025-09-28 23:40:48 - Epoch Summary: TrainLoss=0.9149 | TrainAcc=0.711 | Val(P3)=0.486 | Val(AVO)=0.532
2025-09-28 23:40:48 - No P3-val improvement; patience remaining: 18/50
2025-09-28 23:40:48 - Epoch 46/500 | LR=0.009801 | w_AVO=1.000 | w_P3=2.718 | lambda_MMD=0.300
2025-09-28 23:40:48 - Epoch Summary: TrainLoss=0.8686 | TrainAcc=0.728 | Val(P3)=0.543 | Val(AVO)=0.552
2025-09-28 23:40:48 - No P3-val improvement; patience remaining: 17/50
2025-09-28 23:40:48 - Epoch 47/500 | LR=0.009793 | w_AVO=1.000 | w_P3=2.718 | lambda_MMD=0.300
2025-09-28 23:40:49 - Epoch Summary: TrainLoss=0.8522 | TrainAcc=0.717 | Val(P3)=0.543 | Val(AVO)=0.548
2025-09-28 23:40:49 - No P3-val improvement; patience remaining: 16/50
2025-09-28 23:40:49 - Epoch 48/500 | LR=0.009784 | w_AVO=1.000 | w_P3=2.718 | lambda_MMD=0.300
2025-09-28 23:40:49 - Epoch Summary: TrainLoss=0.9450 | TrainAcc=0.713 | Val(P3)=0.543 | Val(AVO)=0.555
2025-09-28 23:40:49 - No P3-val improvement; patience remaining: 15/50
2025-09-28 23:40:49 - Epoch 49/500 | LR=0.009774 | w_AVO=1.000 | w_P3=2.718 | lambda_MMD=0.300
2025-09-28 23:40:49 - Epoch Summary: TrainLoss=0.8914 | TrainAcc=0.716 | Val(P3)=0.543 | Val(AVO)=0.500
2025-09-28 23:40:49 - No P3-val improvement; patience remaining: 14/50
2025-09-28 23:40:49 - Epoch 50/500 | LR=0.009765 | w_AVO=1.000 | w_P3=2.718 | lambda_MMD=0.300
2025-09-28 23:40:49 - Epoch Summary: TrainLoss=0.8629 | TrainAcc=0.720 | Val(P3)=0.543 | Val(AVO)=0.571
2025-09-28 23:40:49 - No P3-val improvement; patience remaining: 13/50
2025-09-28 23:40:49 - Epoch 51/500 | LR=0.009755 | w_AVO=1.000 | w_P3=2.718 | lambda_MMD=0.300
2025-09-28 23:40:49 - Epoch Summary: TrainLoss=0.8193 | TrainAcc=0.723 | Val(P3)=0.457 | Val(AVO)=0.561
2025-09-28 23:40:49 - No P3-val improvement; patience remaining: 12/50
2025-09-28 23:40:49 - Epoch 52/500 | LR=0.009745 | w_AVO=1.000 | w_P3=2.718 | lambda_MMD=0.300
2025-09-28 23:40:49 - Epoch Summary: TrainLoss=0.8368 | TrainAcc=0.732 | Val(P3)=0.514 | Val(AVO)=0.526
2025-09-28 23:40:49 - No P3-val improvement; patience remaining: 11/50
2025-09-28 23:40:49 - AVO val decreasing 3x. Reducing lambda_MMD to 0.210
2025-09-28 23:40:49 - Epoch 53/500 | LR=0.009735 | w_AVO=1.000 | w_P3=2.718 | lambda_MMD=0.210
2025-09-28 23:40:50 - Epoch Summary: TrainLoss=0.8468 | TrainAcc=0.722 | Val(P3)=0.514 | Val(AVO)=0.594
2025-09-28 23:40:50 - No P3-val improvement; patience remaining: 10/50
2025-09-28 23:40:50 - Epoch 54/500 | LR=0.009725 | w_AVO=1.000 | w_P3=2.718 | lambda_MMD=0.300
2025-09-28 23:40:50 - Epoch Summary: TrainLoss=0.7984 | TrainAcc=0.732 | Val(P3)=0.486 | Val(AVO)=0.568
2025-09-28 23:40:50 - No P3-val improvement; patience remaining: 9/50
2025-09-28 23:40:50 - Epoch 55/500 | LR=0.009715 | w_AVO=1.000 | w_P3=2.718 | lambda_MMD=0.300
2025-09-28 23:40:50 - Epoch Summary: TrainLoss=0.7838 | TrainAcc=0.743 | Val(P3)=0.486 | Val(AVO)=0.555
2025-09-28 23:40:50 - No P3-val improvement; patience remaining: 8/50
2025-09-28 23:40:50 - AVO val decreasing 3x. Reducing lambda_MMD to 0.210
2025-09-28 23:40:50 - Epoch 56/500 | LR=0.009704 | w_AVO=1.000 | w_P3=2.718 | lambda_MMD=0.210
2025-09-28 23:40:50 - Epoch Summary: TrainLoss=0.7926 | TrainAcc=0.735 | Val(P3)=0.486 | Val(AVO)=0.584
2025-09-28 23:40:50 - No P3-val improvement; patience remaining: 7/50
2025-09-28 23:40:50 - Epoch 57/500 | LR=0.009694 | w_AVO=1.000 | w_P3=2.718 | lambda_MMD=0.300
2025-09-28 23:40:50 - Epoch Summary: TrainLoss=0.7838 | TrainAcc=0.737 | Val(P3)=0.514 | Val(AVO)=0.542
2025-09-28 23:40:50 - No P3-val improvement; patience remaining: 6/50
2025-09-28 23:40:50 - Epoch 58/500 | LR=0.009683 | w_AVO=1.000 | w_P3=2.718 | lambda_MMD=0.300
2025-09-28 23:40:50 - Epoch Summary: TrainLoss=0.7656 | TrainAcc=0.743 | Val(P3)=0.514 | Val(AVO)=0.558
2025-09-28 23:40:50 - No P3-val improvement; patience remaining: 5/50
2025-09-28 23:40:50 - Epoch 59/500 | LR=0.009672 | w_AVO=1.000 | w_P3=2.718 | lambda_MMD=0.300
2025-09-28 23:40:51 - Epoch Summary: TrainLoss=0.7714 | TrainAcc=0.735 | Val(P3)=0.486 | Val(AVO)=0.523
2025-09-28 23:40:51 - No P3-val improvement; patience remaining: 4/50
2025-09-28 23:40:51 - Epoch 60/500 | LR=0.009660 | w_AVO=1.000 | w_P3=2.718 | lambda_MMD=0.300
2025-09-28 23:40:51 - Epoch Summary: TrainLoss=0.7905 | TrainAcc=0.727 | Val(P3)=0.486 | Val(AVO)=0.594
2025-09-28 23:40:51 - No P3-val improvement; patience remaining: 3/50
2025-09-28 23:40:51 - Epoch 61/500 | LR=0.009649 | w_AVO=1.000 | w_P3=2.718 | lambda_MMD=0.300
2025-09-28 23:40:51 - Epoch Summary: TrainLoss=0.8014 | TrainAcc=0.717 | Val(P3)=0.514 | Val(AVO)=0.548
2025-09-28 23:40:51 - No P3-val improvement; patience remaining: 2/50
2025-09-28 23:40:51 - Epoch 62/500 | LR=0.009637 | w_AVO=1.000 | w_P3=2.718 | lambda_MMD=0.300
2025-09-28 23:40:51 - Epoch Summary: TrainLoss=0.7453 | TrainAcc=0.743 | Val(P3)=0.486 | Val(AVO)=0.545
2025-09-28 23:40:51 - No P3-val improvement; patience remaining: 1/50
2025-09-28 23:40:51 - AVO val decreasing 3x. Reducing lambda_MMD to 0.210
2025-09-28 23:40:51 - Epoch 63/500 | LR=0.009625 | w_AVO=1.000 | w_P3=2.718 | lambda_MMD=0.210
2025-09-28 23:40:51 - Epoch Summary: TrainLoss=0.7168 | TrainAcc=0.747 | Val(P3)=0.486 | Val(AVO)=0.539
2025-09-28 23:40:51 - No P3-val improvement; patience remaining: 0/50
2025-09-28 23:40:51 - Early stopping triggered (P3-val)
2025-09-28 23:40:51 -     P3 Test | Acc=0.6494 P=0.6000 R=0.7500 F1=0.6667 AUC=0.6728 (n=77)
2025-09-28 23:40:51 -     AVO Test | Acc=0.5612 P=0.5358 R=0.9676 F1=0.6897 AUC=0.7161 (n=613)
2025-09-28 23:40:51 -     Overall Test Acc=0.5710
2025-09-28 23:40:51 - Repeat 5/5
2025-09-28 23:40:51 -   Fold 1/5
2025-09-28 23:40:51 - Fold domains: small=P3 (n=276), large=AVO (n=2139)
2025-09-28 23:40:51 - Auto adjustments (symmetric): w_small≈1.000, lambda_MMD_target=0.300, warmup_epochs=5
2025-09-28 23:40:51 - Epoch 1/500 | LR=0.010000 | w_AVO=1.000 | w_P3=1.357 | lambda_MMD=0.060
2025-09-28 23:40:51 - Epoch Summary: TrainLoss=1.6605 | TrainAcc=0.545 | Val(P3)=0.647 | Val(AVO)=0.566
2025-09-28 23:40:51 - New best P3-val; checkpoint updated
2025-09-28 23:40:51 - Epoch 2/500 | LR=0.010000 | w_AVO=1.000 | w_P3=1.714 | lambda_MMD=0.120
2025-09-28 23:40:52 - Epoch Summary: TrainLoss=1.7470 | TrainAcc=0.583 | Val(P3)=0.618 | Val(AVO)=0.569
2025-09-28 23:40:52 - No P3-val improvement; patience remaining: 49/50
2025-09-28 23:40:52 - Epoch 3/500 | LR=0.010000 | w_AVO=1.000 | w_P3=2.070 | lambda_MMD=0.180
2025-09-28 23:40:52 - Epoch Summary: TrainLoss=1.9717 | TrainAcc=0.614 | Val(P3)=0.618 | Val(AVO)=0.595
2025-09-28 23:40:52 - No P3-val improvement; patience remaining: 48/50
2025-09-28 23:40:52 - Epoch 4/500 | LR=0.009999 | w_AVO=1.000 | w_P3=2.427 | lambda_MMD=0.240
2025-09-28 23:40:52 - Epoch Summary: TrainLoss=2.1608 | TrainAcc=0.614 | Val(P3)=0.647 | Val(AVO)=0.598
2025-09-28 23:40:52 - No P3-val improvement; patience remaining: 47/50
2025-09-28 23:40:52 - Epoch 5/500 | LR=0.009998 | w_AVO=1.000 | w_P3=2.784 | lambda_MMD=0.300
2025-09-28 23:40:52 - Epoch Summary: TrainLoss=2.2764 | TrainAcc=0.637 | Val(P3)=0.559 | Val(AVO)=0.633
2025-09-28 23:40:52 - No P3-val improvement; patience remaining: 46/50
2025-09-28 23:40:52 - Epoch 6/500 | LR=0.009998 | w_AVO=1.000 | w_P3=2.784 | lambda_MMD=0.300
2025-09-28 23:40:52 - Epoch Summary: TrainLoss=2.2460 | TrainAcc=0.629 | Val(P3)=0.559 | Val(AVO)=0.621
2025-09-28 23:40:52 - No P3-val improvement; patience remaining: 45/50
2025-09-28 23:40:52 - Epoch 7/500 | LR=0.009996 | w_AVO=1.000 | w_P3=2.784 | lambda_MMD=0.300
2025-09-28 23:40:52 - Epoch Summary: TrainLoss=2.1873 | TrainAcc=0.654 | Val(P3)=0.559 | Val(AVO)=0.633
2025-09-28 23:40:52 - No P3-val improvement; patience remaining: 44/50
2025-09-28 23:40:52 - Epoch 8/500 | LR=0.009995 | w_AVO=1.000 | w_P3=2.784 | lambda_MMD=0.300
2025-09-28 23:40:53 - Epoch Summary: TrainLoss=2.1348 | TrainAcc=0.645 | Val(P3)=0.559 | Val(AVO)=0.547
2025-09-28 23:40:53 - No P3-val improvement; patience remaining: 43/50
2025-09-28 23:40:53 - Epoch 9/500 | LR=0.009994 | w_AVO=1.000 | w_P3=2.784 | lambda_MMD=0.300
2025-09-28 23:40:53 - Epoch Summary: TrainLoss=2.0733 | TrainAcc=0.665 | Val(P3)=0.559 | Val(AVO)=0.582
2025-09-28 23:40:53 - No P3-val improvement; patience remaining: 42/50
2025-09-28 23:40:53 - Epoch 10/500 | LR=0.009992 | w_AVO=1.000 | w_P3=2.784 | lambda_MMD=0.300
2025-09-28 23:40:53 - Epoch Summary: TrainLoss=1.9692 | TrainAcc=0.655 | Val(P3)=0.588 | Val(AVO)=0.643
2025-09-28 23:40:53 - No P3-val improvement; patience remaining: 41/50
2025-09-28 23:40:53 - Epoch 11/500 | LR=0.009990 | w_AVO=1.000 | w_P3=2.784 | lambda_MMD=0.300
2025-09-28 23:40:53 - Epoch Summary: TrainLoss=1.9339 | TrainAcc=0.663 | Val(P3)=0.588 | Val(AVO)=0.576
2025-09-28 23:40:53 - No P3-val improvement; patience remaining: 40/50
2025-09-28 23:40:53 - Epoch 12/500 | LR=0.009988 | w_AVO=1.000 | w_P3=2.784 | lambda_MMD=0.300
2025-09-28 23:40:53 - Epoch Summary: TrainLoss=1.9464 | TrainAcc=0.651 | Val(P3)=0.559 | Val(AVO)=0.563
2025-09-28 23:40:53 - No P3-val improvement; patience remaining: 39/50
2025-09-28 23:40:53 - AVO val decreasing 3x. Reducing lambda_MMD to 0.210
2025-09-28 23:40:53 - Epoch 13/500 | LR=0.009986 | w_AVO=1.000 | w_P3=2.784 | lambda_MMD=0.210
2025-09-28 23:40:53 - Epoch Summary: TrainLoss=1.8390 | TrainAcc=0.669 | Val(P3)=0.559 | Val(AVO)=0.572
2025-09-28 23:40:53 - No P3-val improvement; patience remaining: 38/50
2025-09-28 23:40:53 - Epoch 14/500 | LR=0.009983 | w_AVO=1.000 | w_P3=2.784 | lambda_MMD=0.300
2025-09-28 23:40:54 - Epoch Summary: TrainLoss=1.8641 | TrainAcc=0.657 | Val(P3)=0.529 | Val(AVO)=0.569
2025-09-28 23:40:54 - No P3-val improvement; patience remaining: 37/50
2025-09-28 23:40:54 - Epoch 15/500 | LR=0.009981 | w_AVO=1.000 | w_P3=2.784 | lambda_MMD=0.300
2025-09-28 23:40:54 - Epoch Summary: TrainLoss=1.8124 | TrainAcc=0.649 | Val(P3)=0.559 | Val(AVO)=0.566
2025-09-28 23:40:54 - No P3-val improvement; patience remaining: 36/50
2025-09-28 23:40:54 - AVO val decreasing 3x. Reducing lambda_MMD to 0.210
2025-09-28 23:40:54 - Epoch 16/500 | LR=0.009978 | w_AVO=1.000 | w_P3=2.784 | lambda_MMD=0.210
2025-09-28 23:40:54 - Epoch Summary: TrainLoss=1.7733 | TrainAcc=0.649 | Val(P3)=0.588 | Val(AVO)=0.595
2025-09-28 23:40:54 - No P3-val improvement; patience remaining: 35/50
2025-09-28 23:40:54 - Epoch 17/500 | LR=0.009975 | w_AVO=1.000 | w_P3=2.784 | lambda_MMD=0.300
2025-09-28 23:40:54 - Epoch Summary: TrainLoss=1.6908 | TrainAcc=0.675 | Val(P3)=0.588 | Val(AVO)=0.556
2025-09-28 23:40:54 - No P3-val improvement; patience remaining: 34/50
2025-09-28 23:40:54 - Epoch 18/500 | LR=0.009972 | w_AVO=1.000 | w_P3=2.784 | lambda_MMD=0.300
2025-09-28 23:40:54 - Epoch Summary: TrainLoss=1.6282 | TrainAcc=0.670 | Val(P3)=0.647 | Val(AVO)=0.601
2025-09-28 23:40:54 - No P3-val improvement; patience remaining: 33/50
2025-09-28 23:40:54 - Epoch 19/500 | LR=0.009968 | w_AVO=1.000 | w_P3=2.784 | lambda_MMD=0.300
2025-09-28 23:40:54 - Epoch Summary: TrainLoss=1.6064 | TrainAcc=0.679 | Val(P3)=0.647 | Val(AVO)=0.579
2025-09-28 23:40:54 - No P3-val improvement; patience remaining: 32/50
2025-09-28 23:40:54 - Epoch 20/500 | LR=0.009964 | w_AVO=1.000 | w_P3=2.784 | lambda_MMD=0.300
2025-09-28 23:40:54 - Epoch Summary: TrainLoss=1.5798 | TrainAcc=0.664 | Val(P3)=0.647 | Val(AVO)=0.624
2025-09-28 23:40:54 - No P3-val improvement; patience remaining: 31/50
2025-09-28 23:40:54 - Epoch 21/500 | LR=0.009961 | w_AVO=1.000 | w_P3=2.784 | lambda_MMD=0.300
2025-09-28 23:40:55 - Epoch Summary: TrainLoss=1.5554 | TrainAcc=0.675 | Val(P3)=0.676 | Val(AVO)=0.624
2025-09-28 23:40:55 - New best P3-val; checkpoint updated
2025-09-28 23:40:55 - Epoch 22/500 | LR=0.009957 | w_AVO=1.000 | w_P3=2.784 | lambda_MMD=0.300
2025-09-28 23:40:55 - Epoch Summary: TrainLoss=1.6075 | TrainAcc=0.667 | Val(P3)=0.647 | Val(AVO)=0.608
2025-09-28 23:40:55 - No P3-val improvement; patience remaining: 49/50
2025-09-28 23:40:55 - Epoch 23/500 | LR=0.009952 | w_AVO=1.000 | w_P3=2.784 | lambda_MMD=0.300
2025-09-28 23:40:55 - Epoch Summary: TrainLoss=1.4753 | TrainAcc=0.684 | Val(P3)=0.618 | Val(AVO)=0.563
2025-09-28 23:40:55 - No P3-val improvement; patience remaining: 48/50
2025-09-28 23:40:55 - P3 val decreasing 3x. Reducing w_small to 2.227, lambda_MMD to 0.150
2025-09-28 23:40:55 - AVO val decreasing 3x. Reducing lambda_MMD to 0.105
2025-09-28 23:40:55 - Epoch 24/500 | LR=0.009948 | w_AVO=1.000 | w_P3=2.227 | lambda_MMD=0.105
2025-09-28 23:40:55 - Epoch Summary: TrainLoss=1.2378 | TrainAcc=0.681 | Val(P3)=0.647 | Val(AVO)=0.582
2025-09-28 23:40:55 - No P3-val improvement; patience remaining: 47/50
2025-09-28 23:40:55 - Epoch 25/500 | LR=0.009943 | w_AVO=1.000 | w_P3=2.784 | lambda_MMD=0.300
2025-09-28 23:40:55 - Epoch Summary: TrainLoss=1.4109 | TrainAcc=0.681 | Val(P3)=0.676 | Val(AVO)=0.614
2025-09-28 23:40:55 - No P3-val improvement; patience remaining: 46/50
2025-09-28 23:40:55 - Epoch 26/500 | LR=0.009938 | w_AVO=1.000 | w_P3=2.784 | lambda_MMD=0.300
2025-09-28 23:40:55 - Epoch Summary: TrainLoss=1.3740 | TrainAcc=0.686 | Val(P3)=0.647 | Val(AVO)=0.595
2025-09-28 23:40:55 - No P3-val improvement; patience remaining: 45/50
2025-09-28 23:40:55 - Epoch 27/500 | LR=0.009933 | w_AVO=1.000 | w_P3=2.784 | lambda_MMD=0.300
2025-09-28 23:40:56 - Epoch Summary: TrainLoss=1.3498 | TrainAcc=0.676 | Val(P3)=0.647 | Val(AVO)=0.588
2025-09-28 23:40:56 - No P3-val improvement; patience remaining: 44/50
2025-09-28 23:40:56 - AVO val decreasing 3x. Reducing lambda_MMD to 0.210
2025-09-28 23:40:56 - Epoch 28/500 | LR=0.009928 | w_AVO=1.000 | w_P3=2.784 | lambda_MMD=0.210
2025-09-28 23:40:56 - Epoch Summary: TrainLoss=1.3127 | TrainAcc=0.674 | Val(P3)=0.559 | Val(AVO)=0.556
2025-09-28 23:40:56 - No P3-val improvement; patience remaining: 43/50
2025-09-28 23:40:56 - AVO val decreasing 3x. Reducing lambda_MMD to 0.210
2025-09-28 23:40:56 - Epoch 29/500 | LR=0.009923 | w_AVO=1.000 | w_P3=2.784 | lambda_MMD=0.210
2025-09-28 23:40:56 - Epoch Summary: TrainLoss=1.3083 | TrainAcc=0.686 | Val(P3)=0.676 | Val(AVO)=0.585
2025-09-28 23:40:56 - No P3-val improvement; patience remaining: 42/50
2025-09-28 23:40:56 - Epoch 30/500 | LR=0.009917 | w_AVO=1.000 | w_P3=2.784 | lambda_MMD=0.300
2025-09-28 23:40:56 - Epoch Summary: TrainLoss=1.2955 | TrainAcc=0.681 | Val(P3)=0.735 | Val(AVO)=0.640
2025-09-28 23:40:56 - New best P3-val; checkpoint updated
2025-09-28 23:40:56 - Epoch 31/500 | LR=0.009911 | w_AVO=1.000 | w_P3=2.784 | lambda_MMD=0.300
2025-09-28 23:40:56 - Epoch Summary: TrainLoss=1.2958 | TrainAcc=0.683 | Val(P3)=0.588 | Val(AVO)=0.611
2025-09-28 23:40:56 - No P3-val improvement; patience remaining: 49/50
2025-09-28 23:40:56 - Epoch 32/500 | LR=0.009905 | w_AVO=1.000 | w_P3=2.784 | lambda_MMD=0.300
2025-09-28 23:40:56 - Epoch Summary: TrainLoss=1.2509 | TrainAcc=0.685 | Val(P3)=0.500 | Val(AVO)=0.592
2025-09-28 23:40:56 - No P3-val improvement; patience remaining: 48/50
2025-09-28 23:40:56 - P3 val decreasing 3x. Reducing w_small to 2.227, lambda_MMD to 0.150
2025-09-28 23:40:56 - AVO val decreasing 3x. Reducing lambda_MMD to 0.105
2025-09-28 23:40:56 - Epoch 33/500 | LR=0.009899 | w_AVO=1.000 | w_P3=2.227 | lambda_MMD=0.105
2025-09-28 23:40:57 - Epoch Summary: TrainLoss=1.0838 | TrainAcc=0.683 | Val(P3)=0.588 | Val(AVO)=0.566
2025-09-28 23:40:57 - No P3-val improvement; patience remaining: 47/50
2025-09-28 23:40:57 - AVO val decreasing 3x. Reducing lambda_MMD to 0.210
2025-09-28 23:40:57 - Epoch 34/500 | LR=0.009893 | w_AVO=1.000 | w_P3=2.784 | lambda_MMD=0.210
2025-09-28 23:40:57 - Epoch Summary: TrainLoss=1.1744 | TrainAcc=0.694 | Val(P3)=0.647 | Val(AVO)=0.576
2025-09-28 23:40:57 - No P3-val improvement; patience remaining: 46/50
2025-09-28 23:40:57 - Epoch 35/500 | LR=0.009886 | w_AVO=1.000 | w_P3=2.784 | lambda_MMD=0.300
2025-09-28 23:40:57 - Epoch Summary: TrainLoss=1.1750 | TrainAcc=0.691 | Val(P3)=0.588 | Val(AVO)=0.572
2025-09-28 23:40:57 - No P3-val improvement; patience remaining: 45/50
2025-09-28 23:40:57 - Epoch 36/500 | LR=0.009880 | w_AVO=1.000 | w_P3=2.784 | lambda_MMD=0.300
2025-09-28 23:40:57 - Epoch Summary: TrainLoss=1.2962 | TrainAcc=0.674 | Val(P3)=0.588 | Val(AVO)=0.569
2025-09-28 23:40:57 - No P3-val improvement; patience remaining: 44/50
2025-09-28 23:40:57 - AVO val decreasing 3x. Reducing lambda_MMD to 0.210
2025-09-28 23:40:57 - Epoch 37/500 | LR=0.009873 | w_AVO=1.000 | w_P3=2.784 | lambda_MMD=0.210
2025-09-28 23:40:57 - Epoch Summary: TrainLoss=1.1426 | TrainAcc=0.684 | Val(P3)=0.647 | Val(AVO)=0.563
2025-09-28 23:40:57 - No P3-val improvement; patience remaining: 43/50
2025-09-28 23:40:57 - AVO val decreasing 3x. Reducing lambda_MMD to 0.210
2025-09-28 23:40:57 - Epoch 38/500 | LR=0.009865 | w_AVO=1.000 | w_P3=2.784 | lambda_MMD=0.210
2025-09-28 23:40:57 - Epoch Summary: TrainLoss=1.0724 | TrainAcc=0.712 | Val(P3)=0.618 | Val(AVO)=0.601
2025-09-28 23:40:57 - No P3-val improvement; patience remaining: 42/50
2025-09-28 23:40:57 - Epoch 39/500 | LR=0.009858 | w_AVO=1.000 | w_P3=2.784 | lambda_MMD=0.300
2025-09-28 23:40:58 - Epoch Summary: TrainLoss=1.1287 | TrainAcc=0.687 | Val(P3)=0.676 | Val(AVO)=0.624
2025-09-28 23:40:58 - No P3-val improvement; patience remaining: 41/50
2025-09-28 23:40:58 - Epoch 40/500 | LR=0.009851 | w_AVO=1.000 | w_P3=2.784 | lambda_MMD=0.300
2025-09-28 23:40:58 - Epoch Summary: TrainLoss=1.1421 | TrainAcc=0.704 | Val(P3)=0.676 | Val(AVO)=0.633
2025-09-28 23:40:58 - No P3-val improvement; patience remaining: 40/50
2025-09-28 23:40:58 - Epoch 41/500 | LR=0.009843 | w_AVO=1.000 | w_P3=2.784 | lambda_MMD=0.300
2025-09-28 23:40:58 - Epoch Summary: TrainLoss=1.0997 | TrainAcc=0.693 | Val(P3)=0.647 | Val(AVO)=0.605
2025-09-28 23:40:58 - No P3-val improvement; patience remaining: 39/50
2025-09-28 23:40:58 - Epoch 42/500 | LR=0.009835 | w_AVO=1.000 | w_P3=2.784 | lambda_MMD=0.300
2025-09-28 23:40:58 - Epoch Summary: TrainLoss=1.0305 | TrainAcc=0.722 | Val(P3)=0.676 | Val(AVO)=0.601
2025-09-28 23:40:58 - No P3-val improvement; patience remaining: 38/50
2025-09-28 23:40:58 - AVO val decreasing 3x. Reducing lambda_MMD to 0.210
2025-09-28 23:40:58 - Epoch 43/500 | LR=0.009827 | w_AVO=1.000 | w_P3=2.784 | lambda_MMD=0.210
2025-09-28 23:40:58 - Epoch Summary: TrainLoss=1.0245 | TrainAcc=0.703 | Val(P3)=0.618 | Val(AVO)=0.605
2025-09-28 23:40:58 - No P3-val improvement; patience remaining: 37/50
2025-09-28 23:40:58 - Epoch 44/500 | LR=0.009819 | w_AVO=1.000 | w_P3=2.784 | lambda_MMD=0.300
2025-09-28 23:40:58 - Epoch Summary: TrainLoss=1.0000 | TrainAcc=0.698 | Val(P3)=0.588 | Val(AVO)=0.579
2025-09-28 23:40:58 - No P3-val improvement; patience remaining: 36/50
2025-09-28 23:40:58 - P3 val decreasing 3x. Reducing w_small to 2.227, lambda_MMD to 0.150
2025-09-28 23:40:58 - Epoch 45/500 | LR=0.009810 | w_AVO=1.000 | w_P3=2.227 | lambda_MMD=0.150
2025-09-28 23:40:58 - Epoch Summary: TrainLoss=0.9424 | TrainAcc=0.701 | Val(P3)=0.647 | Val(AVO)=0.572
2025-09-28 23:40:58 - No P3-val improvement; patience remaining: 35/50
2025-09-28 23:40:58 - AVO val decreasing 3x. Reducing lambda_MMD to 0.210
2025-09-28 23:40:58 - Epoch 46/500 | LR=0.009801 | w_AVO=1.000 | w_P3=2.784 | lambda_MMD=0.210
2025-09-28 23:40:59 - Epoch Summary: TrainLoss=1.0807 | TrainAcc=0.687 | Val(P3)=0.588 | Val(AVO)=0.559
2025-09-28 23:40:59 - No P3-val improvement; patience remaining: 34/50
2025-09-28 23:40:59 - AVO val decreasing 3x. Reducing lambda_MMD to 0.210
2025-09-28 23:40:59 - Epoch 47/500 | LR=0.009793 | w_AVO=1.000 | w_P3=2.784 | lambda_MMD=0.210
2025-09-28 23:40:59 - Epoch Summary: TrainLoss=0.9728 | TrainAcc=0.704 | Val(P3)=0.647 | Val(AVO)=0.595
2025-09-28 23:40:59 - No P3-val improvement; patience remaining: 33/50
2025-09-28 23:40:59 - Epoch 48/500 | LR=0.009784 | w_AVO=1.000 | w_P3=2.784 | lambda_MMD=0.300
2025-09-28 23:40:59 - Epoch Summary: TrainLoss=0.9184 | TrainAcc=0.717 | Val(P3)=0.559 | Val(AVO)=0.579
2025-09-28 23:40:59 - No P3-val improvement; patience remaining: 32/50
2025-09-28 23:40:59 - Epoch 49/500 | LR=0.009774 | w_AVO=1.000 | w_P3=2.784 | lambda_MMD=0.300
2025-09-28 23:40:59 - Epoch Summary: TrainLoss=0.9563 | TrainAcc=0.729 | Val(P3)=0.706 | Val(AVO)=0.605
2025-09-28 23:40:59 - No P3-val improvement; patience remaining: 31/50
2025-09-28 23:40:59 - Epoch 50/500 | LR=0.009765 | w_AVO=1.000 | w_P3=2.784 | lambda_MMD=0.300
2025-09-28 23:40:59 - Epoch Summary: TrainLoss=0.9141 | TrainAcc=0.719 | Val(P3)=0.676 | Val(AVO)=0.592
2025-09-28 23:40:59 - No P3-val improvement; patience remaining: 30/50
2025-09-28 23:40:59 - Epoch 51/500 | LR=0.009755 | w_AVO=1.000 | w_P3=2.784 | lambda_MMD=0.300
2025-09-28 23:40:59 - Epoch Summary: TrainLoss=0.9333 | TrainAcc=0.708 | Val(P3)=0.676 | Val(AVO)=0.617
2025-09-28 23:40:59 - No P3-val improvement; patience remaining: 29/50
2025-09-28 23:40:59 - Epoch 52/500 | LR=0.009745 | w_AVO=1.000 | w_P3=2.784 | lambda_MMD=0.300
2025-09-28 23:41:00 - Epoch Summary: TrainLoss=0.9396 | TrainAcc=0.718 | Val(P3)=0.618 | Val(AVO)=0.605
2025-09-28 23:41:00 - No P3-val improvement; patience remaining: 28/50
2025-09-28 23:41:00 - Epoch 53/500 | LR=0.009735 | w_AVO=1.000 | w_P3=2.784 | lambda_MMD=0.300
2025-09-28 23:41:00 - Epoch Summary: TrainLoss=0.8625 | TrainAcc=0.725 | Val(P3)=0.588 | Val(AVO)=0.608
2025-09-28 23:41:00 - No P3-val improvement; patience remaining: 27/50
2025-09-28 23:41:00 - P3 val decreasing 3x. Reducing w_small to 2.227, lambda_MMD to 0.150
2025-09-28 23:41:00 - Epoch 54/500 | LR=0.009725 | w_AVO=1.000 | w_P3=2.227 | lambda_MMD=0.150
2025-09-28 23:41:00 - Epoch Summary: TrainLoss=0.7886 | TrainAcc=0.728 | Val(P3)=0.618 | Val(AVO)=0.592
2025-09-28 23:41:00 - No P3-val improvement; patience remaining: 26/50
2025-09-28 23:41:00 - Epoch 55/500 | LR=0.009715 | w_AVO=1.000 | w_P3=2.784 | lambda_MMD=0.300
2025-09-28 23:41:00 - Epoch Summary: TrainLoss=0.8357 | TrainAcc=0.727 | Val(P3)=0.647 | Val(AVO)=0.595
2025-09-28 23:41:00 - No P3-val improvement; patience remaining: 25/50
2025-09-28 23:41:00 - Epoch 56/500 | LR=0.009704 | w_AVO=1.000 | w_P3=2.784 | lambda_MMD=0.300
2025-09-28 23:41:00 - Epoch Summary: TrainLoss=0.8496 | TrainAcc=0.732 | Val(P3)=0.618 | Val(AVO)=0.608
2025-09-28 23:41:00 - No P3-val improvement; patience remaining: 24/50
2025-09-28 23:41:00 - Epoch 57/500 | LR=0.009694 | w_AVO=1.000 | w_P3=2.784 | lambda_MMD=0.300
2025-09-28 23:41:00 - Epoch Summary: TrainLoss=0.8515 | TrainAcc=0.733 | Val(P3)=0.706 | Val(AVO)=0.611
2025-09-28 23:41:00 - No P3-val improvement; patience remaining: 23/50
2025-09-28 23:41:00 - Epoch 58/500 | LR=0.009683 | w_AVO=1.000 | w_P3=2.784 | lambda_MMD=0.300
2025-09-28 23:41:00 - Epoch Summary: TrainLoss=0.8427 | TrainAcc=0.735 | Val(P3)=0.676 | Val(AVO)=0.601
2025-09-28 23:41:00 - No P3-val improvement; patience remaining: 22/50
2025-09-28 23:41:00 - Epoch 59/500 | LR=0.009672 | w_AVO=1.000 | w_P3=2.784 | lambda_MMD=0.300
2025-09-28 23:41:01 - Epoch Summary: TrainLoss=0.8276 | TrainAcc=0.741 | Val(P3)=0.676 | Val(AVO)=0.582
2025-09-28 23:41:01 - No P3-val improvement; patience remaining: 21/50
2025-09-28 23:41:01 - AVO val decreasing 3x. Reducing lambda_MMD to 0.210
2025-09-28 23:41:01 - Epoch 60/500 | LR=0.009660 | w_AVO=1.000 | w_P3=2.784 | lambda_MMD=0.210
2025-09-28 23:41:01 - Epoch Summary: TrainLoss=0.8141 | TrainAcc=0.727 | Val(P3)=0.559 | Val(AVO)=0.598
2025-09-28 23:41:01 - No P3-val improvement; patience remaining: 20/50
2025-09-28 23:41:01 - Epoch 61/500 | LR=0.009649 | w_AVO=1.000 | w_P3=2.784 | lambda_MMD=0.300
2025-09-28 23:41:01 - Epoch Summary: TrainLoss=0.7946 | TrainAcc=0.747 | Val(P3)=0.647 | Val(AVO)=0.611
2025-09-28 23:41:01 - No P3-val improvement; patience remaining: 19/50
2025-09-28 23:41:01 - Epoch 62/500 | LR=0.009637 | w_AVO=1.000 | w_P3=2.784 | lambda_MMD=0.300
2025-09-28 23:41:01 - Epoch Summary: TrainLoss=0.7816 | TrainAcc=0.741 | Val(P3)=0.588 | Val(AVO)=0.601
2025-09-28 23:41:01 - No P3-val improvement; patience remaining: 18/50
2025-09-28 23:41:01 - Epoch 63/500 | LR=0.009625 | w_AVO=1.000 | w_P3=2.784 | lambda_MMD=0.300
2025-09-28 23:41:01 - Epoch Summary: TrainLoss=0.7708 | TrainAcc=0.754 | Val(P3)=0.618 | Val(AVO)=0.592
2025-09-28 23:41:01 - No P3-val improvement; patience remaining: 17/50
2025-09-28 23:41:01 - AVO val decreasing 3x. Reducing lambda_MMD to 0.210
2025-09-28 23:41:01 - Epoch 64/500 | LR=0.009613 | w_AVO=1.000 | w_P3=2.784 | lambda_MMD=0.210
2025-09-28 23:41:01 - Epoch Summary: TrainLoss=0.7853 | TrainAcc=0.725 | Val(P3)=0.676 | Val(AVO)=0.640
2025-09-28 23:41:01 - No P3-val improvement; patience remaining: 16/50
2025-09-28 23:41:01 - Epoch 65/500 | LR=0.009601 | w_AVO=1.000 | w_P3=2.784 | lambda_MMD=0.300
2025-09-28 23:41:01 - Epoch Summary: TrainLoss=0.8140 | TrainAcc=0.740 | Val(P3)=0.618 | Val(AVO)=0.598
2025-09-28 23:41:01 - No P3-val improvement; patience remaining: 15/50
2025-09-28 23:41:01 - Epoch 66/500 | LR=0.009589 | w_AVO=1.000 | w_P3=2.784 | lambda_MMD=0.300
2025-09-28 23:41:01 - Epoch Summary: TrainLoss=0.7408 | TrainAcc=0.755 | Val(P3)=0.618 | Val(AVO)=0.605
2025-09-28 23:41:01 - No P3-val improvement; patience remaining: 14/50
2025-09-28 23:41:01 - Epoch 67/500 | LR=0.009576 | w_AVO=1.000 | w_P3=2.784 | lambda_MMD=0.300
2025-09-28 23:41:02 - Epoch Summary: TrainLoss=0.7699 | TrainAcc=0.739 | Val(P3)=0.618 | Val(AVO)=0.601
2025-09-28 23:41:02 - No P3-val improvement; patience remaining: 13/50
2025-09-28 23:41:02 - Epoch 68/500 | LR=0.009563 | w_AVO=1.000 | w_P3=2.784 | lambda_MMD=0.300
2025-09-28 23:41:02 - Epoch Summary: TrainLoss=0.7615 | TrainAcc=0.740 | Val(P3)=0.618 | Val(AVO)=0.611
2025-09-28 23:41:02 - No P3-val improvement; patience remaining: 12/50
2025-09-28 23:41:02 - Epoch 69/500 | LR=0.009551 | w_AVO=1.000 | w_P3=2.784 | lambda_MMD=0.300
2025-09-28 23:41:02 - Epoch Summary: TrainLoss=0.7402 | TrainAcc=0.752 | Val(P3)=0.647 | Val(AVO)=0.601
2025-09-28 23:41:02 - No P3-val improvement; patience remaining: 11/50
2025-09-28 23:41:02 - Epoch 70/500 | LR=0.009537 | w_AVO=1.000 | w_P3=2.784 | lambda_MMD=0.300
2025-09-28 23:41:02 - Epoch Summary: TrainLoss=0.7522 | TrainAcc=0.747 | Val(P3)=0.618 | Val(AVO)=0.611
2025-09-28 23:41:02 - No P3-val improvement; patience remaining: 10/50
2025-09-28 23:41:02 - Epoch 71/500 | LR=0.009524 | w_AVO=1.000 | w_P3=2.784 | lambda_MMD=0.300
2025-09-28 23:41:02 - Epoch Summary: TrainLoss=0.7041 | TrainAcc=0.763 | Val(P3)=0.676 | Val(AVO)=0.605
2025-09-28 23:41:02 - No P3-val improvement; patience remaining: 9/50
2025-09-28 23:41:02 - Epoch 72/500 | LR=0.009511 | w_AVO=1.000 | w_P3=2.784 | lambda_MMD=0.300
2025-09-28 23:41:02 - Epoch Summary: TrainLoss=0.7467 | TrainAcc=0.742 | Val(P3)=0.588 | Val(AVO)=0.592
2025-09-28 23:41:02 - No P3-val improvement; patience remaining: 8/50
2025-09-28 23:41:02 - AVO val decreasing 3x. Reducing lambda_MMD to 0.210
2025-09-28 23:41:02 - Epoch 73/500 | LR=0.009497 | w_AVO=1.000 | w_P3=2.784 | lambda_MMD=0.210
2025-09-28 23:41:03 - Epoch Summary: TrainLoss=0.7090 | TrainAcc=0.763 | Val(P3)=0.618 | Val(AVO)=0.601
2025-09-28 23:41:03 - No P3-val improvement; patience remaining: 7/50
2025-09-28 23:41:03 - Epoch 74/500 | LR=0.009483 | w_AVO=1.000 | w_P3=2.784 | lambda_MMD=0.300
2025-09-28 23:41:03 - Epoch Summary: TrainLoss=0.7033 | TrainAcc=0.749 | Val(P3)=0.647 | Val(AVO)=0.614
2025-09-28 23:41:03 - No P3-val improvement; patience remaining: 6/50
2025-09-28 23:41:03 - Epoch 75/500 | LR=0.009469 | w_AVO=1.000 | w_P3=2.784 | lambda_MMD=0.300
2025-09-28 23:41:03 - Epoch Summary: TrainLoss=0.7034 | TrainAcc=0.760 | Val(P3)=0.706 | Val(AVO)=0.627
2025-09-28 23:41:03 - No P3-val improvement; patience remaining: 5/50
2025-09-28 23:41:03 - Epoch 76/500 | LR=0.009455 | w_AVO=1.000 | w_P3=2.784 | lambda_MMD=0.300
2025-09-28 23:41:03 - Epoch Summary: TrainLoss=0.6862 | TrainAcc=0.767 | Val(P3)=0.618 | Val(AVO)=0.630
2025-09-28 23:41:03 - No P3-val improvement; patience remaining: 4/50
2025-09-28 23:41:03 - Epoch 77/500 | LR=0.009441 | w_AVO=1.000 | w_P3=2.784 | lambda_MMD=0.300
2025-09-28 23:41:03 - Epoch Summary: TrainLoss=0.6946 | TrainAcc=0.763 | Val(P3)=0.618 | Val(AVO)=0.614
2025-09-28 23:41:03 - No P3-val improvement; patience remaining: 3/50
2025-09-28 23:41:03 - Epoch 78/500 | LR=0.009426 | w_AVO=1.000 | w_P3=2.784 | lambda_MMD=0.300
2025-09-28 23:41:03 - Epoch Summary: TrainLoss=0.6659 | TrainAcc=0.771 | Val(P3)=0.618 | Val(AVO)=0.605
2025-09-28 23:41:03 - No P3-val improvement; patience remaining: 2/50
2025-09-28 23:41:03 - AVO val decreasing 3x. Reducing lambda_MMD to 0.210
2025-09-28 23:41:03 - Epoch 79/500 | LR=0.009411 | w_AVO=1.000 | w_P3=2.784 | lambda_MMD=0.210
2025-09-28 23:41:04 - Epoch Summary: TrainLoss=0.6816 | TrainAcc=0.755 | Val(P3)=0.706 | Val(AVO)=0.637
2025-09-28 23:41:04 - No P3-val improvement; patience remaining: 1/50
2025-09-28 23:41:04 - Epoch 80/500 | LR=0.009397 | w_AVO=1.000 | w_P3=2.784 | lambda_MMD=0.300
2025-09-28 23:41:04 - Epoch Summary: TrainLoss=0.6938 | TrainAcc=0.767 | Val(P3)=0.588 | Val(AVO)=0.598
2025-09-28 23:41:04 - No P3-val improvement; patience remaining: 0/50
2025-09-28 23:41:04 - Early stopping triggered (P3-val)
2025-09-28 23:41:04 -     P3 Test | Acc=0.6333 P=0.6316 R=0.7500 F1=0.6857 AUC=0.6791 (n=90)
2025-09-28 23:41:04 -     AVO Test | Acc=0.6050 P=0.5593 R=0.9529 F1=0.7049 AUC=0.7352 (n=600)
2025-09-28 23:41:04 -     Overall Test Acc=0.6087
2025-09-28 23:41:04 -   Fold 2/5
2025-09-28 23:41:04 - Fold domains: small=P3 (n=290), large=AVO (n=2125)
2025-09-28 23:41:04 - Auto adjustments (symmetric): w_small≈1.000, lambda_MMD_target=0.300, warmup_epochs=5
2025-09-28 23:41:04 - Epoch 1/500 | LR=0.010000 | w_AVO=1.000 | w_P3=1.341 | lambda_MMD=0.060
2025-09-28 23:41:04 - Epoch Summary: TrainLoss=1.6313 | TrainAcc=0.548 | Val(P3)=0.528 | Val(AVO)=0.592
2025-09-28 23:41:04 - New best P3-val; checkpoint updated
2025-09-28 23:41:04 - Epoch 2/500 | LR=0.010000 | w_AVO=1.000 | w_P3=1.683 | lambda_MMD=0.120
2025-09-28 23:41:04 - Epoch Summary: TrainLoss=1.6985 | TrainAcc=0.599 | Val(P3)=0.583 | Val(AVO)=0.599
2025-09-28 23:41:04 - New best P3-val; checkpoint updated
2025-09-28 23:41:04 - Epoch 3/500 | LR=0.010000 | w_AVO=1.000 | w_P3=2.024 | lambda_MMD=0.180
2025-09-28 23:41:04 - Epoch Summary: TrainLoss=1.8313 | TrainAcc=0.623 | Val(P3)=0.556 | Val(AVO)=0.621
2025-09-28 23:41:04 - No P3-val improvement; patience remaining: 49/50
2025-09-28 23:41:04 - Epoch 4/500 | LR=0.009999 | w_AVO=1.000 | w_P3=2.366 | lambda_MMD=0.240
2025-09-28 23:41:04 - Epoch Summary: TrainLoss=2.0118 | TrainAcc=0.620 | Val(P3)=0.611 | Val(AVO)=0.644
2025-09-28 23:41:04 - New best P3-val; checkpoint updated
2025-09-28 23:41:04 - Epoch 5/500 | LR=0.009998 | w_AVO=1.000 | w_P3=2.707 | lambda_MMD=0.300
2025-09-28 23:41:05 - Epoch Summary: TrainLoss=2.1611 | TrainAcc=0.634 | Val(P3)=0.583 | Val(AVO)=0.602
2025-09-28 23:41:05 - No P3-val improvement; patience remaining: 49/50
2025-09-28 23:41:05 - Epoch 6/500 | LR=0.009998 | w_AVO=1.000 | w_P3=2.707 | lambda_MMD=0.300
2025-09-28 23:41:05 - Epoch Summary: TrainLoss=2.1069 | TrainAcc=0.655 | Val(P3)=0.611 | Val(AVO)=0.638
2025-09-28 23:41:05 - No P3-val improvement; patience remaining: 48/50
2025-09-28 23:41:05 - Epoch 7/500 | LR=0.009996 | w_AVO=1.000 | w_P3=2.707 | lambda_MMD=0.300
2025-09-28 23:41:05 - Epoch Summary: TrainLoss=2.0441 | TrainAcc=0.648 | Val(P3)=0.528 | Val(AVO)=0.608
2025-09-28 23:41:05 - No P3-val improvement; patience remaining: 47/50
2025-09-28 23:41:05 - Epoch 8/500 | LR=0.009995 | w_AVO=1.000 | w_P3=2.707 | lambda_MMD=0.300
2025-09-28 23:41:05 - Epoch Summary: TrainLoss=2.0124 | TrainAcc=0.664 | Val(P3)=0.472 | Val(AVO)=0.547
2025-09-28 23:41:05 - No P3-val improvement; patience remaining: 46/50
2025-09-28 23:41:05 - P3 val decreasing 3x. Reducing w_small to 2.166, lambda_MMD to 0.150
2025-09-28 23:41:05 - AVO val decreasing 3x. Reducing lambda_MMD to 0.105
2025-09-28 23:41:05 - Epoch 9/500 | LR=0.009994 | w_AVO=1.000 | w_P3=2.166 | lambda_MMD=0.105
2025-09-28 23:41:05 - Epoch Summary: TrainLoss=1.6729 | TrainAcc=0.662 | Val(P3)=0.556 | Val(AVO)=0.625
2025-09-28 23:41:05 - No P3-val improvement; patience remaining: 45/50
2025-09-28 23:41:05 - Epoch 10/500 | LR=0.009992 | w_AVO=1.000 | w_P3=2.707 | lambda_MMD=0.300
2025-09-28 23:41:05 - Epoch Summary: TrainLoss=1.8524 | TrainAcc=0.664 | Val(P3)=0.556 | Val(AVO)=0.621
2025-09-28 23:41:05 - No P3-val improvement; patience remaining: 44/50
2025-09-28 23:41:05 - Epoch 11/500 | LR=0.009990 | w_AVO=1.000 | w_P3=2.707 | lambda_MMD=0.300
2025-09-28 23:41:06 - Epoch Summary: TrainLoss=1.8299 | TrainAcc=0.664 | Val(P3)=0.556 | Val(AVO)=0.563
2025-09-28 23:41:06 - No P3-val improvement; patience remaining: 43/50
2025-09-28 23:41:06 - AVO val decreasing 3x. Reducing lambda_MMD to 0.210
2025-09-28 23:41:06 - Epoch 12/500 | LR=0.009988 | w_AVO=1.000 | w_P3=2.707 | lambda_MMD=0.210
2025-09-28 23:41:06 - Epoch Summary: TrainLoss=1.7732 | TrainAcc=0.666 | Val(P3)=0.583 | Val(AVO)=0.621
2025-09-28 23:41:06 - No P3-val improvement; patience remaining: 42/50
2025-09-28 23:41:06 - Epoch 13/500 | LR=0.009986 | w_AVO=1.000 | w_P3=2.707 | lambda_MMD=0.300
2025-09-28 23:41:06 - Epoch Summary: TrainLoss=1.7542 | TrainAcc=0.672 | Val(P3)=0.611 | Val(AVO)=0.599
2025-09-28 23:41:06 - No P3-val improvement; patience remaining: 41/50
2025-09-28 23:41:06 - Epoch 14/500 | LR=0.009983 | w_AVO=1.000 | w_P3=2.707 | lambda_MMD=0.300
2025-09-28 23:41:06 - Epoch Summary: TrainLoss=1.7177 | TrainAcc=0.653 | Val(P3)=0.528 | Val(AVO)=0.576
2025-09-28 23:41:06 - No P3-val improvement; patience remaining: 40/50
2025-09-28 23:41:06 - AVO val decreasing 3x. Reducing lambda_MMD to 0.210
2025-09-28 23:41:06 - Epoch 15/500 | LR=0.009981 | w_AVO=1.000 | w_P3=2.707 | lambda_MMD=0.210
2025-09-28 23:41:06 - Epoch Summary: TrainLoss=1.6565 | TrainAcc=0.668 | Val(P3)=0.611 | Val(AVO)=0.602
2025-09-28 23:41:06 - No P3-val improvement; patience remaining: 39/50
2025-09-28 23:41:06 - Epoch 16/500 | LR=0.009978 | w_AVO=1.000 | w_P3=2.707 | lambda_MMD=0.300
2025-09-28 23:41:06 - Epoch Summary: TrainLoss=1.6080 | TrainAcc=0.669 | Val(P3)=0.556 | Val(AVO)=0.647
2025-09-28 23:41:06 - No P3-val improvement; patience remaining: 38/50
2025-09-28 23:41:06 - Epoch 17/500 | LR=0.009975 | w_AVO=1.000 | w_P3=2.707 | lambda_MMD=0.300
2025-09-28 23:41:07 - Epoch Summary: TrainLoss=1.5715 | TrainAcc=0.681 | Val(P3)=0.556 | Val(AVO)=0.589
2025-09-28 23:41:07 - No P3-val improvement; patience remaining: 37/50
2025-09-28 23:41:07 - Epoch 18/500 | LR=0.009972 | w_AVO=1.000 | w_P3=2.707 | lambda_MMD=0.300
2025-09-28 23:41:07 - Epoch Summary: TrainLoss=1.5661 | TrainAcc=0.677 | Val(P3)=0.500 | Val(AVO)=0.553
2025-09-28 23:41:07 - No P3-val improvement; patience remaining: 36/50
2025-09-28 23:41:07 - AVO val decreasing 3x. Reducing lambda_MMD to 0.210
2025-09-28 23:41:07 - Epoch 19/500 | LR=0.009968 | w_AVO=1.000 | w_P3=2.707 | lambda_MMD=0.210
2025-09-28 23:41:07 - Epoch Summary: TrainLoss=1.5142 | TrainAcc=0.679 | Val(P3)=0.583 | Val(AVO)=0.570
2025-09-28 23:41:07 - No P3-val improvement; patience remaining: 35/50
2025-09-28 23:41:07 - Epoch 20/500 | LR=0.009964 | w_AVO=1.000 | w_P3=2.707 | lambda_MMD=0.300
2025-09-28 23:41:07 - Epoch Summary: TrainLoss=1.4752 | TrainAcc=0.673 | Val(P3)=0.583 | Val(AVO)=0.563
2025-09-28 23:41:07 - No P3-val improvement; patience remaining: 34/50
2025-09-28 23:41:07 - Epoch 21/500 | LR=0.009961 | w_AVO=1.000 | w_P3=2.707 | lambda_MMD=0.300
2025-09-28 23:41:07 - Epoch Summary: TrainLoss=1.4209 | TrainAcc=0.668 | Val(P3)=0.639 | Val(AVO)=0.589
2025-09-28 23:41:07 - New best P3-val; checkpoint updated
2025-09-28 23:41:07 - Epoch 22/500 | LR=0.009957 | w_AVO=1.000 | w_P3=2.707 | lambda_MMD=0.300
2025-09-28 23:41:07 - Epoch Summary: TrainLoss=1.4013 | TrainAcc=0.677 | Val(P3)=0.583 | Val(AVO)=0.560
2025-09-28 23:41:07 - No P3-val improvement; patience remaining: 49/50
2025-09-28 23:41:07 - Epoch 23/500 | LR=0.009952 | w_AVO=1.000 | w_P3=2.707 | lambda_MMD=0.300
2025-09-28 23:41:08 - Epoch Summary: TrainLoss=1.3962 | TrainAcc=0.674 | Val(P3)=0.583 | Val(AVO)=0.602
2025-09-28 23:41:08 - No P3-val improvement; patience remaining: 48/50
2025-09-28 23:41:08 - Epoch 24/500 | LR=0.009948 | w_AVO=1.000 | w_P3=2.707 | lambda_MMD=0.300
2025-09-28 23:41:08 - Epoch Summary: TrainLoss=1.3667 | TrainAcc=0.666 | Val(P3)=0.639 | Val(AVO)=0.550
2025-09-28 23:41:08 - No P3-val improvement; patience remaining: 47/50
2025-09-28 23:41:08 - Epoch 25/500 | LR=0.009943 | w_AVO=1.000 | w_P3=2.707 | lambda_MMD=0.300
2025-09-28 23:41:08 - Epoch Summary: TrainLoss=1.3159 | TrainAcc=0.680 | Val(P3)=0.611 | Val(AVO)=0.553
2025-09-28 23:41:08 - No P3-val improvement; patience remaining: 46/50
2025-09-28 23:41:08 - Epoch 26/500 | LR=0.009938 | w_AVO=1.000 | w_P3=2.707 | lambda_MMD=0.300
2025-09-28 23:41:08 - Epoch Summary: TrainLoss=1.2549 | TrainAcc=0.684 | Val(P3)=0.639 | Val(AVO)=0.537
2025-09-28 23:41:08 - No P3-val improvement; patience remaining: 45/50
2025-09-28 23:41:08 - Epoch 27/500 | LR=0.009933 | w_AVO=1.000 | w_P3=2.707 | lambda_MMD=0.300
2025-09-28 23:41:08 - Epoch Summary: TrainLoss=1.2288 | TrainAcc=0.680 | Val(P3)=0.583 | Val(AVO)=0.553
2025-09-28 23:41:08 - No P3-val improvement; patience remaining: 44/50
2025-09-28 23:41:08 - Epoch 28/500 | LR=0.009928 | w_AVO=1.000 | w_P3=2.707 | lambda_MMD=0.300
2025-09-28 23:41:08 - Epoch Summary: TrainLoss=1.2358 | TrainAcc=0.681 | Val(P3)=0.583 | Val(AVO)=0.566
2025-09-28 23:41:08 - No P3-val improvement; patience remaining: 43/50
2025-09-28 23:41:08 - Epoch 29/500 | LR=0.009923 | w_AVO=1.000 | w_P3=2.707 | lambda_MMD=0.300
2025-09-28 23:41:09 - Epoch Summary: TrainLoss=1.4091 | TrainAcc=0.657 | Val(P3)=0.528 | Val(AVO)=0.547
2025-09-28 23:41:09 - No P3-val improvement; patience remaining: 42/50
2025-09-28 23:41:09 - Epoch 30/500 | LR=0.009917 | w_AVO=1.000 | w_P3=2.707 | lambda_MMD=0.300
2025-09-28 23:41:09 - Epoch Summary: TrainLoss=1.2056 | TrainAcc=0.680 | Val(P3)=0.583 | Val(AVO)=0.531
2025-09-28 23:41:09 - No P3-val improvement; patience remaining: 41/50
2025-09-28 23:41:09 - AVO val decreasing 3x. Reducing lambda_MMD to 0.210
2025-09-28 23:41:09 - Epoch 31/500 | LR=0.009911 | w_AVO=1.000 | w_P3=2.707 | lambda_MMD=0.210
2025-09-28 23:41:09 - Epoch Summary: TrainLoss=1.1423 | TrainAcc=0.696 | Val(P3)=0.583 | Val(AVO)=0.553
2025-09-28 23:41:09 - No P3-val improvement; patience remaining: 40/50
2025-09-28 23:41:09 - Epoch 32/500 | LR=0.009905 | w_AVO=1.000 | w_P3=2.707 | lambda_MMD=0.300
2025-09-28 23:41:09 - Epoch Summary: TrainLoss=1.1240 | TrainAcc=0.690 | Val(P3)=0.667 | Val(AVO)=0.521
2025-09-28 23:41:09 - New best P3-val; checkpoint updated
2025-09-28 23:41:09 - Epoch 33/500 | LR=0.009899 | w_AVO=1.000 | w_P3=2.707 | lambda_MMD=0.300
2025-09-28 23:41:09 - Epoch Summary: TrainLoss=1.0736 | TrainAcc=0.699 | Val(P3)=0.722 | Val(AVO)=0.534
2025-09-28 23:41:09 - New best P3-val; checkpoint updated
2025-09-28 23:41:09 - Epoch 34/500 | LR=0.009893 | w_AVO=1.000 | w_P3=2.707 | lambda_MMD=0.300
2025-09-28 23:41:09 - Epoch Summary: TrainLoss=1.0596 | TrainAcc=0.694 | Val(P3)=0.611 | Val(AVO)=0.540
2025-09-28 23:41:09 - No P3-val improvement; patience remaining: 49/50
2025-09-28 23:41:09 - Epoch 35/500 | LR=0.009886 | w_AVO=1.000 | w_P3=2.707 | lambda_MMD=0.300
2025-09-28 23:41:10 - Epoch Summary: TrainLoss=1.0256 | TrainAcc=0.704 | Val(P3)=0.583 | Val(AVO)=0.566
2025-09-28 23:41:10 - No P3-val improvement; patience remaining: 48/50
2025-09-28 23:41:10 - P3 val decreasing 3x. Reducing w_small to 2.166, lambda_MMD to 0.150
2025-09-28 23:41:10 - Epoch 36/500 | LR=0.009880 | w_AVO=1.000 | w_P3=2.166 | lambda_MMD=0.150
2025-09-28 23:41:10 - Epoch Summary: TrainLoss=0.9456 | TrainAcc=0.702 | Val(P3)=0.611 | Val(AVO)=0.573
2025-09-28 23:41:10 - No P3-val improvement; patience remaining: 47/50
2025-09-28 23:41:10 - Epoch 37/500 | LR=0.009873 | w_AVO=1.000 | w_P3=2.707 | lambda_MMD=0.300
2025-09-28 23:41:10 - Epoch Summary: TrainLoss=1.0107 | TrainAcc=0.698 | Val(P3)=0.639 | Val(AVO)=0.534
2025-09-28 23:41:10 - No P3-val improvement; patience remaining: 46/50
2025-09-28 23:41:10 - Epoch 38/500 | LR=0.009865 | w_AVO=1.000 | w_P3=2.707 | lambda_MMD=0.300
2025-09-28 23:41:10 - Epoch Summary: TrainLoss=0.9904 | TrainAcc=0.715 | Val(P3)=0.639 | Val(AVO)=0.544
2025-09-28 23:41:10 - No P3-val improvement; patience remaining: 45/50
2025-09-28 23:41:10 - Epoch 39/500 | LR=0.009858 | w_AVO=1.000 | w_P3=2.707 | lambda_MMD=0.300
2025-09-28 23:41:10 - Epoch Summary: TrainLoss=0.9616 | TrainAcc=0.708 | Val(P3)=0.667 | Val(AVO)=0.570
2025-09-28 23:41:10 - No P3-val improvement; patience remaining: 44/50
2025-09-28 23:41:10 - Epoch 40/500 | LR=0.009851 | w_AVO=1.000 | w_P3=2.707 | lambda_MMD=0.300
2025-09-28 23:41:10 - Epoch Summary: TrainLoss=0.9892 | TrainAcc=0.707 | Val(P3)=0.722 | Val(AVO)=0.531
2025-09-28 23:41:10 - No P3-val improvement; patience remaining: 43/50
2025-09-28 23:41:10 - Epoch 41/500 | LR=0.009843 | w_AVO=1.000 | w_P3=2.707 | lambda_MMD=0.300
2025-09-28 23:41:11 - Epoch Summary: TrainLoss=0.9730 | TrainAcc=0.704 | Val(P3)=0.583 | Val(AVO)=0.528
2025-09-28 23:41:11 - No P3-val improvement; patience remaining: 42/50
2025-09-28 23:41:11 - AVO val decreasing 3x. Reducing lambda_MMD to 0.210
2025-09-28 23:41:11 - Epoch 42/500 | LR=0.009835 | w_AVO=1.000 | w_P3=2.707 | lambda_MMD=0.210
2025-09-28 23:41:11 - Epoch Summary: TrainLoss=0.9434 | TrainAcc=0.702 | Val(P3)=0.611 | Val(AVO)=0.528
2025-09-28 23:41:11 - No P3-val improvement; patience remaining: 41/50
2025-09-28 23:41:11 - Epoch 43/500 | LR=0.009827 | w_AVO=1.000 | w_P3=2.707 | lambda_MMD=0.300
2025-09-28 23:41:11 - Epoch Summary: TrainLoss=0.9136 | TrainAcc=0.712 | Val(P3)=0.722 | Val(AVO)=0.560
2025-09-28 23:41:11 - No P3-val improvement; patience remaining: 40/50
2025-09-28 23:41:11 - Epoch 44/500 | LR=0.009819 | w_AVO=1.000 | w_P3=2.707 | lambda_MMD=0.300
2025-09-28 23:41:11 - Epoch Summary: TrainLoss=0.8782 | TrainAcc=0.720 | Val(P3)=0.722 | Val(AVO)=0.518
2025-09-28 23:41:11 - No P3-val improvement; patience remaining: 39/50
2025-09-28 23:41:11 - Epoch 45/500 | LR=0.009810 | w_AVO=1.000 | w_P3=2.707 | lambda_MMD=0.300
2025-09-28 23:41:11 - Epoch Summary: TrainLoss=0.9026 | TrainAcc=0.716 | Val(P3)=0.667 | Val(AVO)=0.534
2025-09-28 23:41:11 - No P3-val improvement; patience remaining: 38/50
2025-09-28 23:41:11 - Epoch 46/500 | LR=0.009801 | w_AVO=1.000 | w_P3=2.707 | lambda_MMD=0.300
2025-09-28 23:41:11 - Epoch Summary: TrainLoss=0.8957 | TrainAcc=0.718 | Val(P3)=0.722 | Val(AVO)=0.534
2025-09-28 23:41:11 - No P3-val improvement; patience remaining: 37/50
2025-09-28 23:41:11 - Epoch 47/500 | LR=0.009793 | w_AVO=1.000 | w_P3=2.707 | lambda_MMD=0.300
2025-09-28 23:41:11 - Epoch Summary: TrainLoss=0.8546 | TrainAcc=0.715 | Val(P3)=0.722 | Val(AVO)=0.540
2025-09-28 23:41:11 - No P3-val improvement; patience remaining: 36/50
2025-09-28 23:41:11 - Epoch 48/500 | LR=0.009784 | w_AVO=1.000 | w_P3=2.707 | lambda_MMD=0.300
2025-09-28 23:41:12 - Epoch Summary: TrainLoss=0.9204 | TrainAcc=0.720 | Val(P3)=0.472 | Val(AVO)=0.612
2025-09-28 23:41:12 - No P3-val improvement; patience remaining: 35/50
2025-09-28 23:41:12 - Epoch 49/500 | LR=0.009774 | w_AVO=1.000 | w_P3=2.707 | lambda_MMD=0.300
2025-09-28 23:41:12 - Epoch Summary: TrainLoss=0.8894 | TrainAcc=0.725 | Val(P3)=0.611 | Val(AVO)=0.553
2025-09-28 23:41:12 - No P3-val improvement; patience remaining: 34/50
2025-09-28 23:41:12 - Epoch 50/500 | LR=0.009765 | w_AVO=1.000 | w_P3=2.707 | lambda_MMD=0.300
2025-09-28 23:41:12 - Epoch Summary: TrainLoss=0.8450 | TrainAcc=0.726 | Val(P3)=0.639 | Val(AVO)=0.515
2025-09-28 23:41:12 - No P3-val improvement; patience remaining: 33/50
2025-09-28 23:41:12 - AVO val decreasing 3x. Reducing lambda_MMD to 0.210
2025-09-28 23:41:12 - Epoch 51/500 | LR=0.009755 | w_AVO=1.000 | w_P3=2.707 | lambda_MMD=0.210
2025-09-28 23:41:12 - Epoch Summary: TrainLoss=0.8189 | TrainAcc=0.730 | Val(P3)=0.611 | Val(AVO)=0.570
2025-09-28 23:41:12 - No P3-val improvement; patience remaining: 32/50
2025-09-28 23:41:12 - Epoch 52/500 | LR=0.009745 | w_AVO=1.000 | w_P3=2.707 | lambda_MMD=0.300
2025-09-28 23:41:12 - Epoch Summary: TrainLoss=0.8518 | TrainAcc=0.728 | Val(P3)=0.667 | Val(AVO)=0.550
2025-09-28 23:41:12 - No P3-val improvement; patience remaining: 31/50
2025-09-28 23:41:12 - Epoch 53/500 | LR=0.009735 | w_AVO=1.000 | w_P3=2.707 | lambda_MMD=0.300
2025-09-28 23:41:12 - Epoch Summary: TrainLoss=0.8611 | TrainAcc=0.724 | Val(P3)=0.778 | Val(AVO)=0.502
2025-09-28 23:41:12 - New best P3-val; checkpoint updated
2025-09-28 23:41:12 - AVO val decreasing 3x. Reducing lambda_MMD to 0.210
2025-09-28 23:41:12 - Epoch 54/500 | LR=0.009725 | w_AVO=1.000 | w_P3=2.707 | lambda_MMD=0.210
2025-09-28 23:41:13 - Epoch Summary: TrainLoss=0.7889 | TrainAcc=0.736 | Val(P3)=0.583 | Val(AVO)=0.560
2025-09-28 23:41:13 - No P3-val improvement; patience remaining: 49/50
2025-09-28 23:41:13 - Epoch 55/500 | LR=0.009715 | w_AVO=1.000 | w_P3=2.707 | lambda_MMD=0.300
2025-09-28 23:41:13 - Epoch Summary: TrainLoss=0.8121 | TrainAcc=0.738 | Val(P3)=0.694 | Val(AVO)=0.511
2025-09-28 23:41:13 - No P3-val improvement; patience remaining: 48/50
2025-09-28 23:41:13 - Epoch 56/500 | LR=0.009704 | w_AVO=1.000 | w_P3=2.707 | lambda_MMD=0.300
2025-09-28 23:41:13 - Epoch Summary: TrainLoss=0.7739 | TrainAcc=0.741 | Val(P3)=0.667 | Val(AVO)=0.544
2025-09-28 23:41:13 - No P3-val improvement; patience remaining: 47/50
2025-09-28 23:41:13 - Epoch 57/500 | LR=0.009694 | w_AVO=1.000 | w_P3=2.707 | lambda_MMD=0.300
2025-09-28 23:41:13 - Epoch Summary: TrainLoss=0.7617 | TrainAcc=0.746 | Val(P3)=0.639 | Val(AVO)=0.544
2025-09-28 23:41:13 - No P3-val improvement; patience remaining: 46/50
2025-09-28 23:41:13 - P3 val decreasing 3x. Reducing w_small to 2.166, lambda_MMD to 0.150
2025-09-28 23:41:13 - Epoch 58/500 | LR=0.009683 | w_AVO=1.000 | w_P3=2.166 | lambda_MMD=0.150
2025-09-28 23:41:13 - Epoch Summary: TrainLoss=0.7030 | TrainAcc=0.734 | Val(P3)=0.667 | Val(AVO)=0.511
2025-09-28 23:41:13 - No P3-val improvement; patience remaining: 45/50
2025-09-28 23:41:13 - Epoch 59/500 | LR=0.009672 | w_AVO=1.000 | w_P3=2.707 | lambda_MMD=0.300
2025-09-28 23:41:13 - Epoch Summary: TrainLoss=0.8038 | TrainAcc=0.734 | Val(P3)=0.639 | Val(AVO)=0.573
2025-09-28 23:41:13 - No P3-val improvement; patience remaining: 44/50
2025-09-28 23:41:13 - Epoch 60/500 | LR=0.009660 | w_AVO=1.000 | w_P3=2.707 | lambda_MMD=0.300
2025-09-28 23:41:14 - Epoch Summary: TrainLoss=0.7412 | TrainAcc=0.761 | Val(P3)=0.667 | Val(AVO)=0.515
2025-09-28 23:41:14 - No P3-val improvement; patience remaining: 43/50
2025-09-28 23:41:14 - Epoch 61/500 | LR=0.009649 | w_AVO=1.000 | w_P3=2.707 | lambda_MMD=0.300
2025-09-28 23:41:14 - Epoch Summary: TrainLoss=0.7333 | TrainAcc=0.749 | Val(P3)=0.722 | Val(AVO)=0.528
2025-09-28 23:41:14 - No P3-val improvement; patience remaining: 42/50
2025-09-28 23:41:14 - Epoch 62/500 | LR=0.009637 | w_AVO=1.000 | w_P3=2.707 | lambda_MMD=0.300
2025-09-28 23:41:14 - Epoch Summary: TrainLoss=0.7365 | TrainAcc=0.758 | Val(P3)=0.639 | Val(AVO)=0.508
2025-09-28 23:41:14 - No P3-val improvement; patience remaining: 41/50
2025-09-28 23:41:14 - Epoch 63/500 | LR=0.009625 | w_AVO=1.000 | w_P3=2.707 | lambda_MMD=0.300
2025-09-28 23:41:14 - Epoch Summary: TrainLoss=0.7986 | TrainAcc=0.729 | Val(P3)=0.472 | Val(AVO)=0.612
2025-09-28 23:41:14 - No P3-val improvement; patience remaining: 40/50
2025-09-28 23:41:14 - P3 val decreasing 3x. Reducing w_small to 2.166, lambda_MMD to 0.150
2025-09-28 23:41:14 - Epoch 64/500 | LR=0.009613 | w_AVO=1.000 | w_P3=2.166 | lambda_MMD=0.150
2025-09-28 23:41:14 - Epoch Summary: TrainLoss=0.6920 | TrainAcc=0.758 | Val(P3)=0.667 | Val(AVO)=0.553
2025-09-28 23:41:14 - No P3-val improvement; patience remaining: 39/50
2025-09-28 23:41:14 - Epoch 65/500 | LR=0.009601 | w_AVO=1.000 | w_P3=2.707 | lambda_MMD=0.300
2025-09-28 23:41:14 - Epoch Summary: TrainLoss=0.7198 | TrainAcc=0.758 | Val(P3)=0.611 | Val(AVO)=0.550
2025-09-28 23:41:14 - No P3-val improvement; patience remaining: 38/50
2025-09-28 23:41:14 - AVO val decreasing 3x. Reducing lambda_MMD to 0.210
2025-09-28 23:41:14 - Epoch 66/500 | LR=0.009589 | w_AVO=1.000 | w_P3=2.707 | lambda_MMD=0.210
2025-09-28 23:41:15 - Epoch Summary: TrainLoss=0.7343 | TrainAcc=0.741 | Val(P3)=0.639 | Val(AVO)=0.524
2025-09-28 23:41:15 - No P3-val improvement; patience remaining: 37/50
2025-09-28 23:41:15 - AVO val decreasing 3x. Reducing lambda_MMD to 0.210
2025-09-28 23:41:15 - Epoch 67/500 | LR=0.009576 | w_AVO=1.000 | w_P3=2.707 | lambda_MMD=0.210
2025-09-28 23:41:15 - Epoch Summary: TrainLoss=0.6773 | TrainAcc=0.771 | Val(P3)=0.639 | Val(AVO)=0.547
2025-09-28 23:41:15 - No P3-val improvement; patience remaining: 36/50
2025-09-28 23:41:15 - Epoch 68/500 | LR=0.009563 | w_AVO=1.000 | w_P3=2.707 | lambda_MMD=0.300
2025-09-28 23:41:15 - Epoch Summary: TrainLoss=0.6779 | TrainAcc=0.768 | Val(P3)=0.667 | Val(AVO)=0.589
2025-09-28 23:41:15 - No P3-val improvement; patience remaining: 35/50
2025-09-28 23:41:15 - Epoch 69/500 | LR=0.009551 | w_AVO=1.000 | w_P3=2.707 | lambda_MMD=0.300
2025-09-28 23:41:15 - Epoch Summary: TrainLoss=0.7036 | TrainAcc=0.767 | Val(P3)=0.722 | Val(AVO)=0.508
2025-09-28 23:41:15 - No P3-val improvement; patience remaining: 34/50
2025-09-28 23:41:15 - Epoch 70/500 | LR=0.009537 | w_AVO=1.000 | w_P3=2.707 | lambda_MMD=0.300
2025-09-28 23:41:15 - Epoch Summary: TrainLoss=0.6875 | TrainAcc=0.771 | Val(P3)=0.667 | Val(AVO)=0.573
2025-09-28 23:41:15 - No P3-val improvement; patience remaining: 33/50
2025-09-28 23:41:15 - Epoch 71/500 | LR=0.009524 | w_AVO=1.000 | w_P3=2.707 | lambda_MMD=0.300
2025-09-28 23:41:15 - Epoch Summary: TrainLoss=0.6620 | TrainAcc=0.768 | Val(P3)=0.583 | Val(AVO)=0.570
2025-09-28 23:41:15 - No P3-val improvement; patience remaining: 32/50
2025-09-28 23:41:15 - P3 val decreasing 3x. Reducing w_small to 2.166, lambda_MMD to 0.150
2025-09-28 23:41:15 - Epoch 72/500 | LR=0.009511 | w_AVO=1.000 | w_P3=2.166 | lambda_MMD=0.150
2025-09-28 23:41:16 - Epoch Summary: TrainLoss=0.5987 | TrainAcc=0.783 | Val(P3)=0.694 | Val(AVO)=0.531
2025-09-28 23:41:16 - No P3-val improvement; patience remaining: 31/50
2025-09-28 23:41:16 - AVO val decreasing 3x. Reducing lambda_MMD to 0.210
2025-09-28 23:41:16 - Epoch 73/500 | LR=0.009497 | w_AVO=1.000 | w_P3=2.707 | lambda_MMD=0.210
2025-09-28 23:41:16 - Epoch Summary: TrainLoss=0.6441 | TrainAcc=0.779 | Val(P3)=0.639 | Val(AVO)=0.534
2025-09-28 23:41:16 - No P3-val improvement; patience remaining: 30/50
2025-09-28 23:41:16 - Epoch 74/500 | LR=0.009483 | w_AVO=1.000 | w_P3=2.707 | lambda_MMD=0.300
2025-09-28 23:41:16 - Epoch Summary: TrainLoss=0.6405 | TrainAcc=0.779 | Val(P3)=0.667 | Val(AVO)=0.524
2025-09-28 23:41:16 - No P3-val improvement; patience remaining: 29/50
2025-09-28 23:41:16 - Epoch 75/500 | LR=0.009469 | w_AVO=1.000 | w_P3=2.707 | lambda_MMD=0.300
2025-09-28 23:41:16 - Epoch Summary: TrainLoss=0.6335 | TrainAcc=0.778 | Val(P3)=0.639 | Val(AVO)=0.566
2025-09-28 23:41:16 - No P3-val improvement; patience remaining: 28/50
2025-09-28 23:41:16 - Epoch 76/500 | LR=0.009455 | w_AVO=1.000 | w_P3=2.707 | lambda_MMD=0.300
2025-09-28 23:41:16 - Epoch Summary: TrainLoss=0.6327 | TrainAcc=0.784 | Val(P3)=0.722 | Val(AVO)=0.528
2025-09-28 23:41:16 - No P3-val improvement; patience remaining: 27/50
2025-09-28 23:41:16 - Epoch 77/500 | LR=0.009441 | w_AVO=1.000 | w_P3=2.707 | lambda_MMD=0.300
2025-09-28 23:41:16 - Epoch Summary: TrainLoss=0.6274 | TrainAcc=0.785 | Val(P3)=0.722 | Val(AVO)=0.518
2025-09-28 23:41:16 - No P3-val improvement; patience remaining: 26/50
2025-09-28 23:41:16 - AVO val decreasing 3x. Reducing lambda_MMD to 0.210
2025-09-28 23:41:16 - Epoch 78/500 | LR=0.009426 | w_AVO=1.000 | w_P3=2.707 | lambda_MMD=0.210
2025-09-28 23:41:17 - Epoch Summary: TrainLoss=0.6051 | TrainAcc=0.797 | Val(P3)=0.611 | Val(AVO)=0.544
2025-09-28 23:41:17 - No P3-val improvement; patience remaining: 25/50
2025-09-28 23:41:17 - Epoch 79/500 | LR=0.009411 | w_AVO=1.000 | w_P3=2.707 | lambda_MMD=0.300
2025-09-28 23:41:17 - Epoch Summary: TrainLoss=0.6361 | TrainAcc=0.782 | Val(P3)=0.639 | Val(AVO)=0.521
2025-09-28 23:41:17 - No P3-val improvement; patience remaining: 24/50
2025-09-28 23:41:17 - Epoch 80/500 | LR=0.009397 | w_AVO=1.000 | w_P3=2.707 | lambda_MMD=0.300
2025-09-28 23:41:17 - Epoch Summary: TrainLoss=0.6341 | TrainAcc=0.788 | Val(P3)=0.611 | Val(AVO)=0.560
2025-09-28 23:41:17 - No P3-val improvement; patience remaining: 23/50
2025-09-28 23:41:17 - Epoch 81/500 | LR=0.009382 | w_AVO=1.000 | w_P3=2.707 | lambda_MMD=0.300
2025-09-28 23:41:17 - Epoch Summary: TrainLoss=0.6392 | TrainAcc=0.773 | Val(P3)=0.694 | Val(AVO)=0.528
2025-09-28 23:41:17 - No P3-val improvement; patience remaining: 22/50
2025-09-28 23:41:17 - Epoch 82/500 | LR=0.009366 | w_AVO=1.000 | w_P3=2.707 | lambda_MMD=0.300
2025-09-28 23:41:17 - Epoch Summary: TrainLoss=0.6061 | TrainAcc=0.792 | Val(P3)=0.583 | Val(AVO)=0.599
2025-09-28 23:41:17 - No P3-val improvement; patience remaining: 21/50
2025-09-28 23:41:17 - Epoch 83/500 | LR=0.009351 | w_AVO=1.000 | w_P3=2.707 | lambda_MMD=0.300
2025-09-28 23:41:17 - Epoch Summary: TrainLoss=0.6262 | TrainAcc=0.788 | Val(P3)=0.667 | Val(AVO)=0.566
2025-09-28 23:41:17 - No P3-val improvement; patience remaining: 20/50
2025-09-28 23:41:17 - Epoch 84/500 | LR=0.009335 | w_AVO=1.000 | w_P3=2.707 | lambda_MMD=0.300
2025-09-28 23:41:18 - Epoch Summary: TrainLoss=0.5873 | TrainAcc=0.805 | Val(P3)=0.611 | Val(AVO)=0.531
2025-09-28 23:41:18 - No P3-val improvement; patience remaining: 19/50
2025-09-28 23:41:18 - AVO val decreasing 3x. Reducing lambda_MMD to 0.210
2025-09-28 23:41:18 - Epoch 85/500 | LR=0.009320 | w_AVO=1.000 | w_P3=2.707 | lambda_MMD=0.210
2025-09-28 23:41:18 - Epoch Summary: TrainLoss=0.5680 | TrainAcc=0.806 | Val(P3)=0.667 | Val(AVO)=0.537
2025-09-28 23:41:18 - No P3-val improvement; patience remaining: 18/50
2025-09-28 23:41:18 - Epoch 86/500 | LR=0.009304 | w_AVO=1.000 | w_P3=2.707 | lambda_MMD=0.300
2025-09-28 23:41:18 - Epoch Summary: TrainLoss=0.5848 | TrainAcc=0.798 | Val(P3)=0.528 | Val(AVO)=0.560
2025-09-28 23:41:18 - No P3-val improvement; patience remaining: 17/50
2025-09-28 23:41:18 - Epoch 87/500 | LR=0.009288 | w_AVO=1.000 | w_P3=2.707 | lambda_MMD=0.300
2025-09-28 23:41:18 - Epoch Summary: TrainLoss=0.6003 | TrainAcc=0.797 | Val(P3)=0.667 | Val(AVO)=0.518
2025-09-28 23:41:18 - No P3-val improvement; patience remaining: 16/50
2025-09-28 23:41:18 - Epoch 88/500 | LR=0.009271 | w_AVO=1.000 | w_P3=2.707 | lambda_MMD=0.300
2025-09-28 23:41:18 - Epoch Summary: TrainLoss=0.5751 | TrainAcc=0.808 | Val(P3)=0.639 | Val(AVO)=0.537
2025-09-28 23:41:18 - No P3-val improvement; patience remaining: 15/50
2025-09-28 23:41:18 - Epoch 89/500 | LR=0.009255 | w_AVO=1.000 | w_P3=2.707 | lambda_MMD=0.300
2025-09-28 23:41:18 - Epoch Summary: TrainLoss=0.5759 | TrainAcc=0.814 | Val(P3)=0.694 | Val(AVO)=0.534
2025-09-28 23:41:18 - No P3-val improvement; patience remaining: 14/50
2025-09-28 23:41:18 - Epoch 90/500 | LR=0.009238 | w_AVO=1.000 | w_P3=2.707 | lambda_MMD=0.300
2025-09-28 23:41:19 - Epoch Summary: TrainLoss=0.5975 | TrainAcc=0.807 | Val(P3)=0.667 | Val(AVO)=0.540
2025-09-28 23:41:19 - No P3-val improvement; patience remaining: 13/50
2025-09-28 23:41:19 - Epoch 91/500 | LR=0.009222 | w_AVO=1.000 | w_P3=2.707 | lambda_MMD=0.300
2025-09-28 23:41:19 - Epoch Summary: TrainLoss=0.5672 | TrainAcc=0.797 | Val(P3)=0.667 | Val(AVO)=0.553
2025-09-28 23:41:19 - No P3-val improvement; patience remaining: 12/50
2025-09-28 23:41:19 - Epoch 92/500 | LR=0.009205 | w_AVO=1.000 | w_P3=2.707 | lambda_MMD=0.300
2025-09-28 23:41:19 - Epoch Summary: TrainLoss=0.5609 | TrainAcc=0.811 | Val(P3)=0.667 | Val(AVO)=0.505
2025-09-28 23:41:19 - No P3-val improvement; patience remaining: 11/50
2025-09-28 23:41:19 - Epoch 93/500 | LR=0.009188 | w_AVO=1.000 | w_P3=2.707 | lambda_MMD=0.300
2025-09-28 23:41:19 - Epoch Summary: TrainLoss=0.5734 | TrainAcc=0.795 | Val(P3)=0.611 | Val(AVO)=0.608
2025-09-28 23:41:19 - No P3-val improvement; patience remaining: 10/50
2025-09-28 23:41:19 - Epoch 94/500 | LR=0.009170 | w_AVO=1.000 | w_P3=2.707 | lambda_MMD=0.300
2025-09-28 23:41:19 - Epoch Summary: TrainLoss=0.5745 | TrainAcc=0.803 | Val(P3)=0.667 | Val(AVO)=0.589
2025-09-28 23:41:19 - No P3-val improvement; patience remaining: 9/50
2025-09-28 23:41:19 - Epoch 95/500 | LR=0.009153 | w_AVO=1.000 | w_P3=2.707 | lambda_MMD=0.300
2025-09-28 23:41:19 - Epoch Summary: TrainLoss=0.6451 | TrainAcc=0.777 | Val(P3)=0.556 | Val(AVO)=0.505
2025-09-28 23:41:19 - No P3-val improvement; patience remaining: 8/50
2025-09-28 23:41:19 - AVO val decreasing 3x. Reducing lambda_MMD to 0.210
2025-09-28 23:41:19 - Epoch 96/500 | LR=0.009135 | w_AVO=1.000 | w_P3=2.707 | lambda_MMD=0.210
2025-09-28 23:41:19 - Epoch Summary: TrainLoss=0.6278 | TrainAcc=0.780 | Val(P3)=0.556 | Val(AVO)=0.553
2025-09-28 23:41:19 - No P3-val improvement; patience remaining: 7/50
2025-09-28 23:41:19 - Epoch 97/500 | LR=0.009118 | w_AVO=1.000 | w_P3=2.707 | lambda_MMD=0.300
2025-09-28 23:41:20 - Epoch Summary: TrainLoss=0.5555 | TrainAcc=0.818 | Val(P3)=0.667 | Val(AVO)=0.528
2025-09-28 23:41:20 - No P3-val improvement; patience remaining: 6/50
2025-09-28 23:41:20 - Epoch 98/500 | LR=0.009100 | w_AVO=1.000 | w_P3=2.707 | lambda_MMD=0.300
2025-09-28 23:41:20 - Epoch Summary: TrainLoss=0.5733 | TrainAcc=0.800 | Val(P3)=0.667 | Val(AVO)=0.534
2025-09-28 23:41:20 - No P3-val improvement; patience remaining: 5/50
2025-09-28 23:41:20 - Epoch 99/500 | LR=0.009082 | w_AVO=1.000 | w_P3=2.707 | lambda_MMD=0.300
2025-09-28 23:41:20 - Epoch Summary: TrainLoss=0.5464 | TrainAcc=0.812 | Val(P3)=0.639 | Val(AVO)=0.557
2025-09-28 23:41:20 - No P3-val improvement; patience remaining: 4/50
2025-09-28 23:41:20 - Epoch 100/500 | LR=0.009063 | w_AVO=1.000 | w_P3=2.707 | lambda_MMD=0.300
2025-09-28 23:41:20 - Epoch Summary: TrainLoss=0.5582 | TrainAcc=0.811 | Val(P3)=0.694 | Val(AVO)=0.544
2025-09-28 23:41:20 - No P3-val improvement; patience remaining: 3/50
2025-09-28 23:41:20 - Epoch 101/500 | LR=0.009045 | w_AVO=1.000 | w_P3=2.707 | lambda_MMD=0.300
2025-09-28 23:41:20 - Epoch Summary: TrainLoss=0.5448 | TrainAcc=0.824 | Val(P3)=0.583 | Val(AVO)=0.589
2025-09-28 23:41:20 - No P3-val improvement; patience remaining: 2/50
2025-09-28 23:41:20 - Epoch 102/500 | LR=0.009027 | w_AVO=1.000 | w_P3=2.707 | lambda_MMD=0.300
2025-09-28 23:41:20 - Epoch Summary: TrainLoss=0.5498 | TrainAcc=0.809 | Val(P3)=0.556 | Val(AVO)=0.563
2025-09-28 23:41:20 - No P3-val improvement; patience remaining: 1/50
2025-09-28 23:41:20 - P3 val decreasing 3x. Reducing w_small to 2.166, lambda_MMD to 0.150
2025-09-28 23:41:20 - Epoch 103/500 | LR=0.009008 | w_AVO=1.000 | w_P3=2.166 | lambda_MMD=0.150
2025-09-28 23:41:21 - Epoch Summary: TrainLoss=0.4910 | TrainAcc=0.818 | Val(P3)=0.611 | Val(AVO)=0.605
2025-09-28 23:41:21 - No P3-val improvement; patience remaining: 0/50
2025-09-28 23:41:21 - Early stopping triggered (P3-val)
2025-09-28 23:41:21 -     P3 Test | Acc=0.6081 P=0.7308 R=0.4634 F1=0.5672 AUC=0.7103 (n=74)
2025-09-28 23:41:21 -     AVO Test | Acc=0.5844 P=0.5467 R=0.9243 F1=0.6870 AUC=0.7152 (n=616)
2025-09-28 23:41:21 -     Overall Test Acc=0.5870
2025-09-28 23:41:21 -   Fold 3/5
2025-09-28 23:41:21 - Fold domains: small=P3 (n=278), large=AVO (n=2137)
2025-09-28 23:41:21 - Auto adjustments (symmetric): w_small≈1.000, lambda_MMD_target=0.300, warmup_epochs=5
2025-09-28 23:41:21 - Epoch 1/500 | LR=0.010000 | w_AVO=1.000 | w_P3=1.355 | lambda_MMD=0.060
2025-09-28 23:41:21 - Epoch Summary: TrainLoss=1.6627 | TrainAcc=0.523 | Val(P3)=0.588 | Val(AVO)=0.630
2025-09-28 23:41:21 - New best P3-val; checkpoint updated
2025-09-28 23:41:21 - Epoch 2/500 | LR=0.010000 | w_AVO=1.000 | w_P3=1.709 | lambda_MMD=0.120
2025-09-28 23:41:21 - Epoch Summary: TrainLoss=1.7001 | TrainAcc=0.609 | Val(P3)=0.588 | Val(AVO)=0.605
2025-09-28 23:41:21 - No P3-val improvement; patience remaining: 49/50
2025-09-28 23:41:21 - Epoch 3/500 | LR=0.010000 | w_AVO=1.000 | w_P3=2.064 | lambda_MMD=0.180
2025-09-28 23:41:21 - Epoch Summary: TrainLoss=1.8921 | TrainAcc=0.619 | Val(P3)=0.529 | Val(AVO)=0.653
2025-09-28 23:41:21 - No P3-val improvement; patience remaining: 48/50
2025-09-28 23:41:21 - Epoch 4/500 | LR=0.009999 | w_AVO=1.000 | w_P3=2.418 | lambda_MMD=0.240
2025-09-28 23:41:21 - Epoch Summary: TrainLoss=2.0116 | TrainAcc=0.627 | Val(P3)=0.618 | Val(AVO)=0.627
2025-09-28 23:41:21 - New best P3-val; checkpoint updated
2025-09-28 23:41:21 - Epoch 5/500 | LR=0.009998 | w_AVO=1.000 | w_P3=2.773 | lambda_MMD=0.300
2025-09-28 23:41:21 - Epoch Summary: TrainLoss=2.2614 | TrainAcc=0.624 | Val(P3)=0.706 | Val(AVO)=0.614
2025-09-28 23:41:21 - New best P3-val; checkpoint updated
2025-09-28 23:41:21 - AVO val decreasing 3x. Reducing lambda_MMD to 0.210
2025-09-28 23:41:21 - Epoch 6/500 | LR=0.009998 | w_AVO=1.000 | w_P3=2.773 | lambda_MMD=0.210
2025-09-28 23:41:22 - Epoch Summary: TrainLoss=2.1310 | TrainAcc=0.618 | Val(P3)=0.588 | Val(AVO)=0.595
2025-09-28 23:41:22 - No P3-val improvement; patience remaining: 49/50
2025-09-28 23:41:22 - AVO val decreasing 3x. Reducing lambda_MMD to 0.210
2025-09-28 23:41:22 - Epoch 7/500 | LR=0.009996 | w_AVO=1.000 | w_P3=2.773 | lambda_MMD=0.210
2025-09-28 23:41:22 - Epoch Summary: TrainLoss=2.0644 | TrainAcc=0.637 | Val(P3)=0.618 | Val(AVO)=0.617
2025-09-28 23:41:22 - No P3-val improvement; patience remaining: 48/50
2025-09-28 23:41:22 - Epoch 8/500 | LR=0.009995 | w_AVO=1.000 | w_P3=2.773 | lambda_MMD=0.300
2025-09-28 23:41:22 - Epoch Summary: TrainLoss=2.0871 | TrainAcc=0.643 | Val(P3)=0.647 | Val(AVO)=0.547
2025-09-28 23:41:22 - No P3-val improvement; patience remaining: 47/50
2025-09-28 23:41:22 - Epoch 9/500 | LR=0.009994 | w_AVO=1.000 | w_P3=2.773 | lambda_MMD=0.300
2025-09-28 23:41:22 - Epoch Summary: TrainLoss=2.0394 | TrainAcc=0.642 | Val(P3)=0.676 | Val(AVO)=0.585
2025-09-28 23:41:22 - No P3-val improvement; patience remaining: 46/50
2025-09-28 23:41:22 - Epoch 10/500 | LR=0.009992 | w_AVO=1.000 | w_P3=2.773 | lambda_MMD=0.300
2025-09-28 23:41:22 - Epoch Summary: TrainLoss=2.0055 | TrainAcc=0.642 | Val(P3)=0.588 | Val(AVO)=0.659
2025-09-28 23:41:22 - No P3-val improvement; patience remaining: 45/50
2025-09-28 23:41:22 - Epoch 11/500 | LR=0.009990 | w_AVO=1.000 | w_P3=2.773 | lambda_MMD=0.300
2025-09-28 23:41:22 - Epoch Summary: TrainLoss=1.9043 | TrainAcc=0.653 | Val(P3)=0.676 | Val(AVO)=0.569
2025-09-28 23:41:22 - No P3-val improvement; patience remaining: 44/50
2025-09-28 23:41:22 - Epoch 12/500 | LR=0.009988 | w_AVO=1.000 | w_P3=2.773 | lambda_MMD=0.300
2025-09-28 23:41:23 - Epoch Summary: TrainLoss=1.8439 | TrainAcc=0.653 | Val(P3)=0.618 | Val(AVO)=0.646
2025-09-28 23:41:23 - No P3-val improvement; patience remaining: 43/50
2025-09-28 23:41:23 - Epoch 13/500 | LR=0.009986 | w_AVO=1.000 | w_P3=2.773 | lambda_MMD=0.300
2025-09-28 23:41:23 - Epoch Summary: TrainLoss=1.8099 | TrainAcc=0.665 | Val(P3)=0.735 | Val(AVO)=0.553
2025-09-28 23:41:23 - New best P3-val; checkpoint updated
2025-09-28 23:41:23 - Epoch 14/500 | LR=0.009983 | w_AVO=1.000 | w_P3=2.773 | lambda_MMD=0.300
2025-09-28 23:41:23 - Epoch Summary: TrainLoss=1.7505 | TrainAcc=0.662 | Val(P3)=0.647 | Val(AVO)=0.605
2025-09-28 23:41:23 - No P3-val improvement; patience remaining: 49/50
2025-09-28 23:41:23 - Epoch 15/500 | LR=0.009981 | w_AVO=1.000 | w_P3=2.773 | lambda_MMD=0.300
2025-09-28 23:41:23 - Epoch Summary: TrainLoss=1.7146 | TrainAcc=0.657 | Val(P3)=0.735 | Val(AVO)=0.576
2025-09-28 23:41:23 - No P3-val improvement; patience remaining: 48/50
2025-09-28 23:41:23 - Epoch 16/500 | LR=0.009978 | w_AVO=1.000 | w_P3=2.773 | lambda_MMD=0.300
2025-09-28 23:41:23 - Epoch Summary: TrainLoss=1.6996 | TrainAcc=0.646 | Val(P3)=0.765 | Val(AVO)=0.569
2025-09-28 23:41:23 - New best P3-val; checkpoint updated
2025-09-28 23:41:23 - AVO val decreasing 3x. Reducing lambda_MMD to 0.210
2025-09-28 23:41:23 - Epoch 17/500 | LR=0.009975 | w_AVO=1.000 | w_P3=2.773 | lambda_MMD=0.210
2025-09-28 23:41:23 - Epoch Summary: TrainLoss=1.6932 | TrainAcc=0.665 | Val(P3)=0.647 | Val(AVO)=0.595
2025-09-28 23:41:23 - No P3-val improvement; patience remaining: 49/50
2025-09-28 23:41:23 - Epoch 18/500 | LR=0.009972 | w_AVO=1.000 | w_P3=2.773 | lambda_MMD=0.300
2025-09-28 23:41:24 - Epoch Summary: TrainLoss=1.5735 | TrainAcc=0.665 | Val(P3)=0.647 | Val(AVO)=0.582
2025-09-28 23:41:24 - No P3-val improvement; patience remaining: 48/50
2025-09-28 23:41:24 - Epoch 19/500 | LR=0.009968 | w_AVO=1.000 | w_P3=2.773 | lambda_MMD=0.300
2025-09-28 23:41:24 - Epoch Summary: TrainLoss=1.5687 | TrainAcc=0.675 | Val(P3)=0.647 | Val(AVO)=0.653
2025-09-28 23:41:24 - No P3-val improvement; patience remaining: 47/50
2025-09-28 23:41:24 - Epoch 20/500 | LR=0.009964 | w_AVO=1.000 | w_P3=2.773 | lambda_MMD=0.300
2025-09-28 23:41:24 - Epoch Summary: TrainLoss=1.5491 | TrainAcc=0.657 | Val(P3)=0.647 | Val(AVO)=0.588
2025-09-28 23:41:24 - No P3-val improvement; patience remaining: 46/50
2025-09-28 23:41:24 - Epoch 21/500 | LR=0.009961 | w_AVO=1.000 | w_P3=2.773 | lambda_MMD=0.300
2025-09-28 23:41:24 - Epoch Summary: TrainLoss=1.4686 | TrainAcc=0.674 | Val(P3)=0.735 | Val(AVO)=0.559
2025-09-28 23:41:24 - No P3-val improvement; patience remaining: 45/50
2025-09-28 23:41:24 - AVO val decreasing 3x. Reducing lambda_MMD to 0.210
2025-09-28 23:41:24 - Epoch 22/500 | LR=0.009957 | w_AVO=1.000 | w_P3=2.773 | lambda_MMD=0.210
2025-09-28 23:41:24 - Epoch Summary: TrainLoss=1.5157 | TrainAcc=0.657 | Val(P3)=0.588 | Val(AVO)=0.585
2025-09-28 23:41:24 - No P3-val improvement; patience remaining: 44/50
2025-09-28 23:41:24 - Epoch 23/500 | LR=0.009952 | w_AVO=1.000 | w_P3=2.773 | lambda_MMD=0.300
2025-09-28 23:41:24 - Epoch Summary: TrainLoss=1.4936 | TrainAcc=0.660 | Val(P3)=0.588 | Val(AVO)=0.566
2025-09-28 23:41:24 - No P3-val improvement; patience remaining: 43/50
2025-09-28 23:41:24 - Epoch 24/500 | LR=0.009948 | w_AVO=1.000 | w_P3=2.773 | lambda_MMD=0.300
2025-09-28 23:41:24 - Epoch Summary: TrainLoss=1.4441 | TrainAcc=0.663 | Val(P3)=0.735 | Val(AVO)=0.540
2025-09-28 23:41:24 - No P3-val improvement; patience remaining: 42/50
2025-09-28 23:41:24 - AVO val decreasing 3x. Reducing lambda_MMD to 0.210
2025-09-28 23:41:24 - Epoch 25/500 | LR=0.009943 | w_AVO=1.000 | w_P3=2.773 | lambda_MMD=0.210
2025-09-28 23:41:25 - Epoch Summary: TrainLoss=1.3544 | TrainAcc=0.682 | Val(P3)=0.647 | Val(AVO)=0.553
2025-09-28 23:41:25 - No P3-val improvement; patience remaining: 41/50
2025-09-28 23:41:25 - Epoch 26/500 | LR=0.009938 | w_AVO=1.000 | w_P3=2.773 | lambda_MMD=0.300
2025-09-28 23:41:25 - Epoch Summary: TrainLoss=1.3496 | TrainAcc=0.678 | Val(P3)=0.735 | Val(AVO)=0.553
2025-09-28 23:41:25 - No P3-val improvement; patience remaining: 40/50
2025-09-28 23:41:25 - Epoch 27/500 | LR=0.009933 | w_AVO=1.000 | w_P3=2.773 | lambda_MMD=0.300
2025-09-28 23:41:25 - Epoch Summary: TrainLoss=1.3528 | TrainAcc=0.680 | Val(P3)=0.588 | Val(AVO)=0.659
2025-09-28 23:41:25 - No P3-val improvement; patience remaining: 39/50
2025-09-28 23:41:25 - Epoch 28/500 | LR=0.009928 | w_AVO=1.000 | w_P3=2.773 | lambda_MMD=0.300
2025-09-28 23:41:25 - Epoch Summary: TrainLoss=1.3380 | TrainAcc=0.649 | Val(P3)=0.588 | Val(AVO)=0.630
2025-09-28 23:41:25 - No P3-val improvement; patience remaining: 38/50
2025-09-28 23:41:25 - Epoch 29/500 | LR=0.009923 | w_AVO=1.000 | w_P3=2.773 | lambda_MMD=0.300
2025-09-28 23:41:25 - Epoch Summary: TrainLoss=1.2773 | TrainAcc=0.677 | Val(P3)=0.618 | Val(AVO)=0.576
2025-09-28 23:41:25 - No P3-val improvement; patience remaining: 37/50
2025-09-28 23:41:25 - AVO val decreasing 3x. Reducing lambda_MMD to 0.210
2025-09-28 23:41:25 - Epoch 30/500 | LR=0.009917 | w_AVO=1.000 | w_P3=2.773 | lambda_MMD=0.210
2025-09-28 23:41:25 - Epoch Summary: TrainLoss=1.1929 | TrainAcc=0.676 | Val(P3)=0.676 | Val(AVO)=0.566
2025-09-28 23:41:25 - No P3-val improvement; patience remaining: 36/50
2025-09-28 23:41:25 - AVO val decreasing 3x. Reducing lambda_MMD to 0.210
2025-09-28 23:41:25 - Epoch 31/500 | LR=0.009911 | w_AVO=1.000 | w_P3=2.773 | lambda_MMD=0.210
2025-09-28 23:41:26 - Epoch Summary: TrainLoss=1.2040 | TrainAcc=0.688 | Val(P3)=0.618 | Val(AVO)=0.617
2025-09-28 23:41:26 - No P3-val improvement; patience remaining: 35/50
2025-09-28 23:41:26 - Epoch 32/500 | LR=0.009905 | w_AVO=1.000 | w_P3=2.773 | lambda_MMD=0.300
2025-09-28 23:41:26 - Epoch Summary: TrainLoss=1.2512 | TrainAcc=0.665 | Val(P3)=0.618 | Val(AVO)=0.582
2025-09-28 23:41:26 - No P3-val improvement; patience remaining: 34/50
2025-09-28 23:41:26 - Epoch 33/500 | LR=0.009899 | w_AVO=1.000 | w_P3=2.773 | lambda_MMD=0.300
2025-09-28 23:41:26 - Epoch Summary: TrainLoss=1.2492 | TrainAcc=0.685 | Val(P3)=0.735 | Val(AVO)=0.559
2025-09-28 23:41:26 - No P3-val improvement; patience remaining: 33/50
2025-09-28 23:41:26 - AVO val decreasing 3x. Reducing lambda_MMD to 0.210
2025-09-28 23:41:26 - Epoch 34/500 | LR=0.009893 | w_AVO=1.000 | w_P3=2.773 | lambda_MMD=0.210
2025-09-28 23:41:26 - Epoch Summary: TrainLoss=1.1983 | TrainAcc=0.677 | Val(P3)=0.706 | Val(AVO)=0.553
2025-09-28 23:41:26 - No P3-val improvement; patience remaining: 32/50
2025-09-28 23:41:26 - AVO val decreasing 3x. Reducing lambda_MMD to 0.210
2025-09-28 23:41:26 - Epoch 35/500 | LR=0.009886 | w_AVO=1.000 | w_P3=2.773 | lambda_MMD=0.210
2025-09-28 23:41:26 - Epoch Summary: TrainLoss=1.1350 | TrainAcc=0.682 | Val(P3)=0.706 | Val(AVO)=0.563
2025-09-28 23:41:26 - No P3-val improvement; patience remaining: 31/50
2025-09-28 23:41:26 - Epoch 36/500 | LR=0.009880 | w_AVO=1.000 | w_P3=2.773 | lambda_MMD=0.300
2025-09-28 23:41:26 - Epoch Summary: TrainLoss=1.1051 | TrainAcc=0.678 | Val(P3)=0.706 | Val(AVO)=0.543
2025-09-28 23:41:26 - No P3-val improvement; patience remaining: 30/50
2025-09-28 23:41:26 - Epoch 37/500 | LR=0.009873 | w_AVO=1.000 | w_P3=2.773 | lambda_MMD=0.300
2025-09-28 23:41:27 - Epoch Summary: TrainLoss=1.1146 | TrainAcc=0.688 | Val(P3)=0.676 | Val(AVO)=0.543
2025-09-28 23:41:27 - No P3-val improvement; patience remaining: 29/50
2025-09-28 23:41:27 - Epoch 38/500 | LR=0.009865 | w_AVO=1.000 | w_P3=2.773 | lambda_MMD=0.300
2025-09-28 23:41:27 - Epoch Summary: TrainLoss=1.1127 | TrainAcc=0.691 | Val(P3)=0.618 | Val(AVO)=0.534
2025-09-28 23:41:27 - No P3-val improvement; patience remaining: 28/50
2025-09-28 23:41:27 - P3 val decreasing 3x. Reducing w_small to 2.218, lambda_MMD to 0.150
2025-09-28 23:41:27 - Epoch 39/500 | LR=0.009858 | w_AVO=1.000 | w_P3=2.218 | lambda_MMD=0.150
2025-09-28 23:41:27 - Epoch Summary: TrainLoss=0.9682 | TrainAcc=0.687 | Val(P3)=0.647 | Val(AVO)=0.563
2025-09-28 23:41:27 - No P3-val improvement; patience remaining: 27/50
2025-09-28 23:41:27 - Epoch 40/500 | LR=0.009851 | w_AVO=1.000 | w_P3=2.773 | lambda_MMD=0.300
2025-09-28 23:41:27 - Epoch Summary: TrainLoss=1.0563 | TrainAcc=0.684 | Val(P3)=0.618 | Val(AVO)=0.605
2025-09-28 23:41:27 - No P3-val improvement; patience remaining: 26/50
2025-09-28 23:41:27 - Epoch 41/500 | LR=0.009843 | w_AVO=1.000 | w_P3=2.773 | lambda_MMD=0.300
2025-09-28 23:41:27 - Epoch Summary: TrainLoss=1.0143 | TrainAcc=0.693 | Val(P3)=0.618 | Val(AVO)=0.572
2025-09-28 23:41:27 - No P3-val improvement; patience remaining: 25/50
2025-09-28 23:41:27 - Epoch 42/500 | LR=0.009835 | w_AVO=1.000 | w_P3=2.773 | lambda_MMD=0.300
2025-09-28 23:41:27 - Epoch Summary: TrainLoss=1.0433 | TrainAcc=0.690 | Val(P3)=0.647 | Val(AVO)=0.563
2025-09-28 23:41:27 - No P3-val improvement; patience remaining: 24/50
2025-09-28 23:41:27 - AVO val decreasing 3x. Reducing lambda_MMD to 0.210
2025-09-28 23:41:27 - Epoch 43/500 | LR=0.009827 | w_AVO=1.000 | w_P3=2.773 | lambda_MMD=0.210
2025-09-28 23:41:27 - Epoch Summary: TrainLoss=1.0035 | TrainAcc=0.691 | Val(P3)=0.647 | Val(AVO)=0.569
2025-09-28 23:41:27 - No P3-val improvement; patience remaining: 23/50
2025-09-28 23:41:27 - Epoch 44/500 | LR=0.009819 | w_AVO=1.000 | w_P3=2.773 | lambda_MMD=0.300
2025-09-28 23:41:28 - Epoch Summary: TrainLoss=0.9480 | TrainAcc=0.713 | Val(P3)=0.618 | Val(AVO)=0.569
2025-09-28 23:41:28 - No P3-val improvement; patience remaining: 22/50
2025-09-28 23:41:28 - Epoch 45/500 | LR=0.009810 | w_AVO=1.000 | w_P3=2.773 | lambda_MMD=0.300
2025-09-28 23:41:28 - Epoch Summary: TrainLoss=0.9349 | TrainAcc=0.710 | Val(P3)=0.676 | Val(AVO)=0.585
2025-09-28 23:41:28 - No P3-val improvement; patience remaining: 21/50
2025-09-28 23:41:28 - Epoch 46/500 | LR=0.009801 | w_AVO=1.000 | w_P3=2.773 | lambda_MMD=0.300
2025-09-28 23:41:28 - Epoch Summary: TrainLoss=0.9421 | TrainAcc=0.719 | Val(P3)=0.706 | Val(AVO)=0.566
2025-09-28 23:41:28 - No P3-val improvement; patience remaining: 20/50
2025-09-28 23:41:28 - Epoch 47/500 | LR=0.009793 | w_AVO=1.000 | w_P3=2.773 | lambda_MMD=0.300
2025-09-28 23:41:28 - Epoch Summary: TrainLoss=0.9267 | TrainAcc=0.716 | Val(P3)=0.618 | Val(AVO)=0.605
2025-09-28 23:41:28 - No P3-val improvement; patience remaining: 19/50
2025-09-28 23:41:28 - Epoch 48/500 | LR=0.009784 | w_AVO=1.000 | w_P3=2.773 | lambda_MMD=0.300
2025-09-28 23:41:28 - Epoch Summary: TrainLoss=0.9369 | TrainAcc=0.706 | Val(P3)=0.647 | Val(AVO)=0.569
2025-09-28 23:41:28 - No P3-val improvement; patience remaining: 18/50
2025-09-28 23:41:28 - Epoch 49/500 | LR=0.009774 | w_AVO=1.000 | w_P3=2.773 | lambda_MMD=0.300
2025-09-28 23:41:28 - Epoch Summary: TrainLoss=0.9147 | TrainAcc=0.711 | Val(P3)=0.706 | Val(AVO)=0.524
2025-09-28 23:41:28 - No P3-val improvement; patience remaining: 17/50
2025-09-28 23:41:28 - AVO val decreasing 3x. Reducing lambda_MMD to 0.210
2025-09-28 23:41:28 - Epoch 50/500 | LR=0.009765 | w_AVO=1.000 | w_P3=2.773 | lambda_MMD=0.210
2025-09-28 23:41:29 - Epoch Summary: TrainLoss=0.8845 | TrainAcc=0.713 | Val(P3)=0.647 | Val(AVO)=0.614
2025-09-28 23:41:29 - No P3-val improvement; patience remaining: 16/50
2025-09-28 23:41:29 - Epoch 51/500 | LR=0.009755 | w_AVO=1.000 | w_P3=2.773 | lambda_MMD=0.300
2025-09-28 23:41:29 - Epoch Summary: TrainLoss=0.8881 | TrainAcc=0.715 | Val(P3)=0.676 | Val(AVO)=0.569
2025-09-28 23:41:29 - No P3-val improvement; patience remaining: 15/50
2025-09-28 23:41:29 - Epoch 52/500 | LR=0.009745 | w_AVO=1.000 | w_P3=2.773 | lambda_MMD=0.300
2025-09-28 23:41:29 - Epoch Summary: TrainLoss=0.9247 | TrainAcc=0.707 | Val(P3)=0.676 | Val(AVO)=0.572
2025-09-28 23:41:29 - No P3-val improvement; patience remaining: 14/50
2025-09-28 23:41:29 - Epoch 53/500 | LR=0.009735 | w_AVO=1.000 | w_P3=2.773 | lambda_MMD=0.300
2025-09-28 23:41:29 - Epoch Summary: TrainLoss=0.8785 | TrainAcc=0.723 | Val(P3)=0.676 | Val(AVO)=0.569
2025-09-28 23:41:29 - No P3-val improvement; patience remaining: 13/50
2025-09-28 23:41:29 - Epoch 54/500 | LR=0.009725 | w_AVO=1.000 | w_P3=2.773 | lambda_MMD=0.300
2025-09-28 23:41:29 - Epoch Summary: TrainLoss=0.8978 | TrainAcc=0.706 | Val(P3)=0.559 | Val(AVO)=0.543
2025-09-28 23:41:29 - No P3-val improvement; patience remaining: 12/50
2025-09-28 23:41:29 - AVO val decreasing 3x. Reducing lambda_MMD to 0.210
2025-09-28 23:41:29 - Epoch 55/500 | LR=0.009715 | w_AVO=1.000 | w_P3=2.773 | lambda_MMD=0.210
2025-09-28 23:41:29 - Epoch Summary: TrainLoss=0.8713 | TrainAcc=0.718 | Val(P3)=0.647 | Val(AVO)=0.614
2025-09-28 23:41:29 - No P3-val improvement; patience remaining: 11/50
2025-09-28 23:41:29 - Epoch 56/500 | LR=0.009704 | w_AVO=1.000 | w_P3=2.773 | lambda_MMD=0.300
2025-09-28 23:41:30 - Epoch Summary: TrainLoss=0.8280 | TrainAcc=0.720 | Val(P3)=0.647 | Val(AVO)=0.559
2025-09-28 23:41:30 - No P3-val improvement; patience remaining: 10/50
2025-09-28 23:41:30 - Epoch 57/500 | LR=0.009694 | w_AVO=1.000 | w_P3=2.773 | lambda_MMD=0.300
2025-09-28 23:41:30 - Epoch Summary: TrainLoss=0.8139 | TrainAcc=0.724 | Val(P3)=0.647 | Val(AVO)=0.556
2025-09-28 23:41:30 - No P3-val improvement; patience remaining: 9/50
2025-09-28 23:41:30 - AVO val decreasing 3x. Reducing lambda_MMD to 0.210
2025-09-28 23:41:30 - Epoch 58/500 | LR=0.009683 | w_AVO=1.000 | w_P3=2.773 | lambda_MMD=0.210
2025-09-28 23:41:30 - Epoch Summary: TrainLoss=0.8058 | TrainAcc=0.732 | Val(P3)=0.676 | Val(AVO)=0.559
2025-09-28 23:41:30 - No P3-val improvement; patience remaining: 8/50
2025-09-28 23:41:30 - Epoch 59/500 | LR=0.009672 | w_AVO=1.000 | w_P3=2.773 | lambda_MMD=0.300
2025-09-28 23:41:30 - Epoch Summary: TrainLoss=0.8218 | TrainAcc=0.730 | Val(P3)=0.588 | Val(AVO)=0.608
2025-09-28 23:41:30 - No P3-val improvement; patience remaining: 7/50
2025-09-28 23:41:30 - Epoch 60/500 | LR=0.009660 | w_AVO=1.000 | w_P3=2.773 | lambda_MMD=0.300
2025-09-28 23:41:30 - Epoch Summary: TrainLoss=0.7915 | TrainAcc=0.726 | Val(P3)=0.676 | Val(AVO)=0.576
2025-09-28 23:41:30 - No P3-val improvement; patience remaining: 6/50
2025-09-28 23:41:30 - Epoch 61/500 | LR=0.009649 | w_AVO=1.000 | w_P3=2.773 | lambda_MMD=0.300
2025-09-28 23:41:30 - Epoch Summary: TrainLoss=0.8107 | TrainAcc=0.722 | Val(P3)=0.618 | Val(AVO)=0.576
2025-09-28 23:41:30 - No P3-val improvement; patience remaining: 5/50
2025-09-28 23:41:30 - Epoch 62/500 | LR=0.009637 | w_AVO=1.000 | w_P3=2.773 | lambda_MMD=0.300
2025-09-28 23:41:31 - Epoch Summary: TrainLoss=0.7854 | TrainAcc=0.735 | Val(P3)=0.618 | Val(AVO)=0.547
2025-09-28 23:41:31 - No P3-val improvement; patience remaining: 4/50
2025-09-28 23:41:31 - Epoch 63/500 | LR=0.009625 | w_AVO=1.000 | w_P3=2.773 | lambda_MMD=0.300
2025-09-28 23:41:31 - Epoch Summary: TrainLoss=0.7679 | TrainAcc=0.726 | Val(P3)=0.618 | Val(AVO)=0.534
2025-09-28 23:41:31 - No P3-val improvement; patience remaining: 3/50
2025-09-28 23:41:31 - AVO val decreasing 3x. Reducing lambda_MMD to 0.210
2025-09-28 23:41:31 - Epoch 64/500 | LR=0.009613 | w_AVO=1.000 | w_P3=2.773 | lambda_MMD=0.210
2025-09-28 23:41:31 - Epoch Summary: TrainLoss=0.7625 | TrainAcc=0.741 | Val(P3)=0.618 | Val(AVO)=0.547
2025-09-28 23:41:31 - No P3-val improvement; patience remaining: 2/50
2025-09-28 23:41:31 - Epoch 65/500 | LR=0.009601 | w_AVO=1.000 | w_P3=2.773 | lambda_MMD=0.300
2025-09-28 23:41:31 - Epoch Summary: TrainLoss=0.7546 | TrainAcc=0.737 | Val(P3)=0.647 | Val(AVO)=0.598
2025-09-28 23:41:31 - No P3-val improvement; patience remaining: 1/50
2025-09-28 23:41:31 - Epoch 66/500 | LR=0.009589 | w_AVO=1.000 | w_P3=2.773 | lambda_MMD=0.300
2025-09-28 23:41:31 - Epoch Summary: TrainLoss=0.7673 | TrainAcc=0.736 | Val(P3)=0.647 | Val(AVO)=0.527
2025-09-28 23:41:31 - No P3-val improvement; patience remaining: 0/50
2025-09-28 23:41:31 - Early stopping triggered (P3-val)
2025-09-28 23:41:31 -     P3 Test | Acc=0.5795 P=0.5952 R=0.5556 F1=0.5747 AUC=0.6672 (n=88)
2025-09-28 23:41:31 -     AVO Test | Acc=0.5914 P=0.5525 R=0.9467 F1=0.6978 AUC=0.7375 (n=602)
2025-09-28 23:41:31 -     Overall Test Acc=0.5899
2025-09-28 23:41:31 -   Fold 4/5
2025-09-28 23:41:31 - Fold domains: small=P3 (n=286), large=AVO (n=2129)
2025-09-28 23:41:31 - Auto adjustments (symmetric): w_small≈1.000, lambda_MMD_target=0.300, warmup_epochs=5
2025-09-28 23:41:31 - Epoch 1/500 | LR=0.010000 | w_AVO=1.000 | w_P3=1.346 | lambda_MMD=0.060
2025-09-28 23:41:31 - Epoch Summary: TrainLoss=1.5873 | TrainAcc=0.565 | Val(P3)=0.514 | Val(AVO)=0.529
2025-09-28 23:41:31 - New best P3-val; checkpoint updated
2025-09-28 23:41:31 - Epoch 2/500 | LR=0.010000 | w_AVO=1.000 | w_P3=1.691 | lambda_MMD=0.120
2025-09-28 23:41:32 - Epoch Summary: TrainLoss=1.6935 | TrainAcc=0.606 | Val(P3)=0.486 | Val(AVO)=0.571
2025-09-28 23:41:32 - No P3-val improvement; patience remaining: 49/50
2025-09-28 23:41:32 - Epoch 3/500 | LR=0.010000 | w_AVO=1.000 | w_P3=2.037 | lambda_MMD=0.180
2025-09-28 23:41:32 - Epoch Summary: TrainLoss=1.8513 | TrainAcc=0.623 | Val(P3)=0.543 | Val(AVO)=0.555
2025-09-28 23:41:32 - New best P3-val; checkpoint updated
2025-09-28 23:41:32 - Epoch 4/500 | LR=0.009999 | w_AVO=1.000 | w_P3=2.383 | lambda_MMD=0.240
2025-09-28 23:41:32 - Epoch Summary: TrainLoss=2.0332 | TrainAcc=0.625 | Val(P3)=0.543 | Val(AVO)=0.552
2025-09-28 23:41:32 - No P3-val improvement; patience remaining: 49/50
2025-09-28 23:41:32 - AVO val decreasing 3x. Reducing lambda_MMD to 0.210
2025-09-28 23:41:32 - Epoch 5/500 | LR=0.009998 | w_AVO=1.000 | w_P3=2.728 | lambda_MMD=0.210
2025-09-28 23:41:32 - Epoch Summary: TrainLoss=2.1515 | TrainAcc=0.622 | Val(P3)=0.486 | Val(AVO)=0.626
2025-09-28 23:41:32 - No P3-val improvement; patience remaining: 48/50
2025-09-28 23:41:32 - Epoch 6/500 | LR=0.009998 | w_AVO=1.000 | w_P3=2.728 | lambda_MMD=0.300
2025-09-28 23:41:32 - Epoch Summary: TrainLoss=2.1220 | TrainAcc=0.643 | Val(P3)=0.571 | Val(AVO)=0.603
2025-09-28 23:41:32 - New best P3-val; checkpoint updated
2025-09-28 23:41:32 - Epoch 7/500 | LR=0.009996 | w_AVO=1.000 | w_P3=2.728 | lambda_MMD=0.300
2025-09-28 23:41:32 - Epoch Summary: TrainLoss=2.0797 | TrainAcc=0.647 | Val(P3)=0.543 | Val(AVO)=0.655
2025-09-28 23:41:32 - No P3-val improvement; patience remaining: 49/50
2025-09-28 23:41:32 - Epoch 8/500 | LR=0.009995 | w_AVO=1.000 | w_P3=2.728 | lambda_MMD=0.300
2025-09-28 23:41:32 - Epoch Summary: TrainLoss=2.0023 | TrainAcc=0.642 | Val(P3)=0.543 | Val(AVO)=0.561
2025-09-28 23:41:32 - No P3-val improvement; patience remaining: 48/50
2025-09-28 23:41:32 - Epoch 9/500 | LR=0.009994 | w_AVO=1.000 | w_P3=2.728 | lambda_MMD=0.300
2025-09-28 23:41:33 - Epoch Summary: TrainLoss=1.9342 | TrainAcc=0.662 | Val(P3)=0.514 | Val(AVO)=0.626
2025-09-28 23:41:33 - No P3-val improvement; patience remaining: 47/50
2025-09-28 23:41:33 - Epoch 10/500 | LR=0.009992 | w_AVO=1.000 | w_P3=2.728 | lambda_MMD=0.300
2025-09-28 23:41:33 - Epoch Summary: TrainLoss=1.8911 | TrainAcc=0.659 | Val(P3)=0.457 | Val(AVO)=0.645
2025-09-28 23:41:33 - No P3-val improvement; patience remaining: 46/50
2025-09-28 23:41:33 - P3 val decreasing 3x. Reducing w_small to 2.183, lambda_MMD to 0.150
2025-09-28 23:41:33 - Epoch 11/500 | LR=0.009990 | w_AVO=1.000 | w_P3=2.183 | lambda_MMD=0.150
2025-09-28 23:41:33 - Epoch Summary: TrainLoss=1.5983 | TrainAcc=0.661 | Val(P3)=0.571 | Val(AVO)=0.574
2025-09-28 23:41:33 - No P3-val improvement; patience remaining: 45/50
2025-09-28 23:41:33 - Epoch 12/500 | LR=0.009988 | w_AVO=1.000 | w_P3=2.728 | lambda_MMD=0.300
2025-09-28 23:41:33 - Epoch Summary: TrainLoss=1.8175 | TrainAcc=0.652 | Val(P3)=0.457 | Val(AVO)=0.626
2025-09-28 23:41:33 - No P3-val improvement; patience remaining: 44/50
2025-09-28 23:41:33 - Epoch 13/500 | LR=0.009986 | w_AVO=1.000 | w_P3=2.728 | lambda_MMD=0.300
2025-09-28 23:41:33 - Epoch Summary: TrainLoss=1.7606 | TrainAcc=0.655 | Val(P3)=0.486 | Val(AVO)=0.623
2025-09-28 23:41:33 - No P3-val improvement; patience remaining: 43/50
2025-09-28 23:41:33 - Epoch 14/500 | LR=0.009983 | w_AVO=1.000 | w_P3=2.728 | lambda_MMD=0.300
2025-09-28 23:41:34 - Epoch Summary: TrainLoss=1.6814 | TrainAcc=0.658 | Val(P3)=0.571 | Val(AVO)=0.613
2025-09-28 23:41:34 - No P3-val improvement; patience remaining: 42/50
2025-09-28 23:41:34 - AVO val decreasing 3x. Reducing lambda_MMD to 0.210
2025-09-28 23:41:34 - Epoch 15/500 | LR=0.009981 | w_AVO=1.000 | w_P3=2.728 | lambda_MMD=0.210
2025-09-28 23:41:34 - Epoch Summary: TrainLoss=1.6456 | TrainAcc=0.665 | Val(P3)=0.600 | Val(AVO)=0.613
2025-09-28 23:41:34 - New best P3-val; checkpoint updated
2025-09-28 23:41:34 - Epoch 16/500 | LR=0.009978 | w_AVO=1.000 | w_P3=2.728 | lambda_MMD=0.300
2025-09-28 23:41:34 - Epoch Summary: TrainLoss=1.6410 | TrainAcc=0.673 | Val(P3)=0.543 | Val(AVO)=0.648
2025-09-28 23:41:34 - No P3-val improvement; patience remaining: 49/50
2025-09-28 23:41:34 - Epoch 17/500 | LR=0.009975 | w_AVO=1.000 | w_P3=2.728 | lambda_MMD=0.300
2025-09-28 23:41:34 - Epoch Summary: TrainLoss=1.5439 | TrainAcc=0.667 | Val(P3)=0.571 | Val(AVO)=0.632
2025-09-28 23:41:34 - No P3-val improvement; patience remaining: 48/50
2025-09-28 23:41:34 - Epoch 18/500 | LR=0.009972 | w_AVO=1.000 | w_P3=2.728 | lambda_MMD=0.300
2025-09-28 23:41:34 - Epoch Summary: TrainLoss=1.5135 | TrainAcc=0.680 | Val(P3)=0.486 | Val(AVO)=0.648
2025-09-28 23:41:34 - No P3-val improvement; patience remaining: 47/50
2025-09-28 23:41:34 - Epoch 19/500 | LR=0.009968 | w_AVO=1.000 | w_P3=2.728 | lambda_MMD=0.300
2025-09-28 23:41:34 - Epoch Summary: TrainLoss=1.5199 | TrainAcc=0.668 | Val(P3)=0.629 | Val(AVO)=0.613
2025-09-28 23:41:34 - New best P3-val; checkpoint updated
2025-09-28 23:41:34 - Epoch 20/500 | LR=0.009964 | w_AVO=1.000 | w_P3=2.728 | lambda_MMD=0.300
2025-09-28 23:41:34 - Epoch Summary: TrainLoss=1.4233 | TrainAcc=0.671 | Val(P3)=0.543 | Val(AVO)=0.629
2025-09-28 23:41:34 - No P3-val improvement; patience remaining: 49/50
2025-09-28 23:41:34 - Epoch 21/500 | LR=0.009961 | w_AVO=1.000 | w_P3=2.728 | lambda_MMD=0.300
2025-09-28 23:41:35 - Epoch Summary: TrainLoss=1.3629 | TrainAcc=0.682 | Val(P3)=0.629 | Val(AVO)=0.606
2025-09-28 23:41:35 - No P3-val improvement; patience remaining: 48/50
2025-09-28 23:41:35 - Epoch 22/500 | LR=0.009957 | w_AVO=1.000 | w_P3=2.728 | lambda_MMD=0.300
2025-09-28 23:41:35 - Epoch Summary: TrainLoss=1.3776 | TrainAcc=0.665 | Val(P3)=0.600 | Val(AVO)=0.581
2025-09-28 23:41:35 - No P3-val improvement; patience remaining: 47/50
2025-09-28 23:41:35 - AVO val decreasing 3x. Reducing lambda_MMD to 0.210
2025-09-28 23:41:35 - Epoch 23/500 | LR=0.009952 | w_AVO=1.000 | w_P3=2.728 | lambda_MMD=0.210
2025-09-28 23:41:35 - Epoch Summary: TrainLoss=1.3279 | TrainAcc=0.674 | Val(P3)=0.629 | Val(AVO)=0.610
2025-09-28 23:41:35 - No P3-val improvement; patience remaining: 46/50
2025-09-28 23:41:35 - Epoch 24/500 | LR=0.009948 | w_AVO=1.000 | w_P3=2.728 | lambda_MMD=0.300
2025-09-28 23:41:35 - Epoch Summary: TrainLoss=1.3241 | TrainAcc=0.670 | Val(P3)=0.600 | Val(AVO)=0.597
2025-09-28 23:41:35 - No P3-val improvement; patience remaining: 45/50
2025-09-28 23:41:35 - Epoch 25/500 | LR=0.009943 | w_AVO=1.000 | w_P3=2.728 | lambda_MMD=0.300
2025-09-28 23:41:35 - Epoch Summary: TrainLoss=1.2386 | TrainAcc=0.675 | Val(P3)=0.543 | Val(AVO)=0.635
2025-09-28 23:41:35 - No P3-val improvement; patience remaining: 44/50
2025-09-28 23:41:35 - P3 val decreasing 3x. Reducing w_small to 2.183, lambda_MMD to 0.150
2025-09-28 23:41:35 - Epoch 26/500 | LR=0.009938 | w_AVO=1.000 | w_P3=2.183 | lambda_MMD=0.150
2025-09-28 23:41:35 - Epoch Summary: TrainLoss=1.0828 | TrainAcc=0.676 | Val(P3)=0.600 | Val(AVO)=0.571
2025-09-28 23:41:35 - No P3-val improvement; patience remaining: 43/50
2025-09-28 23:41:35 - Epoch 27/500 | LR=0.009933 | w_AVO=1.000 | w_P3=2.728 | lambda_MMD=0.300
2025-09-28 23:41:36 - Epoch Summary: TrainLoss=1.2262 | TrainAcc=0.685 | Val(P3)=0.600 | Val(AVO)=0.565
2025-09-28 23:41:36 - No P3-val improvement; patience remaining: 42/50
2025-09-28 23:41:36 - AVO val decreasing 3x. Reducing lambda_MMD to 0.210
2025-09-28 23:41:36 - Epoch 28/500 | LR=0.009928 | w_AVO=1.000 | w_P3=2.728 | lambda_MMD=0.210
2025-09-28 23:41:36 - Epoch Summary: TrainLoss=1.1939 | TrainAcc=0.676 | Val(P3)=0.514 | Val(AVO)=0.610
2025-09-28 23:41:36 - No P3-val improvement; patience remaining: 41/50
2025-09-28 23:41:36 - Epoch 29/500 | LR=0.009923 | w_AVO=1.000 | w_P3=2.728 | lambda_MMD=0.300
2025-09-28 23:41:36 - Epoch Summary: TrainLoss=1.1541 | TrainAcc=0.690 | Val(P3)=0.600 | Val(AVO)=0.574
2025-09-28 23:41:36 - No P3-val improvement; patience remaining: 40/50
2025-09-28 23:41:36 - Epoch 30/500 | LR=0.009917 | w_AVO=1.000 | w_P3=2.728 | lambda_MMD=0.300
2025-09-28 23:41:36 - Epoch Summary: TrainLoss=1.1287 | TrainAcc=0.697 | Val(P3)=0.600 | Val(AVO)=0.545
2025-09-28 23:41:36 - No P3-val improvement; patience remaining: 39/50
2025-09-28 23:41:36 - AVO val decreasing 3x. Reducing lambda_MMD to 0.210
2025-09-28 23:41:36 - Epoch 31/500 | LR=0.009911 | w_AVO=1.000 | w_P3=2.728 | lambda_MMD=0.210
2025-09-28 23:41:36 - Epoch Summary: TrainLoss=1.1212 | TrainAcc=0.682 | Val(P3)=0.629 | Val(AVO)=0.574
2025-09-28 23:41:36 - No P3-val improvement; patience remaining: 38/50
2025-09-28 23:41:36 - Epoch 32/500 | LR=0.009905 | w_AVO=1.000 | w_P3=2.728 | lambda_MMD=0.300
2025-09-28 23:41:36 - Epoch Summary: TrainLoss=1.0472 | TrainAcc=0.693 | Val(P3)=0.571 | Val(AVO)=0.594
2025-09-28 23:41:36 - No P3-val improvement; patience remaining: 37/50
2025-09-28 23:41:36 - Epoch 33/500 | LR=0.009899 | w_AVO=1.000 | w_P3=2.728 | lambda_MMD=0.300
2025-09-28 23:41:37 - Epoch Summary: TrainLoss=1.0465 | TrainAcc=0.692 | Val(P3)=0.543 | Val(AVO)=0.597
2025-09-28 23:41:37 - No P3-val improvement; patience remaining: 36/50
2025-09-28 23:41:37 - P3 val decreasing 3x. Reducing w_small to 2.183, lambda_MMD to 0.150
2025-09-28 23:41:37 - Epoch 34/500 | LR=0.009893 | w_AVO=1.000 | w_P3=2.183 | lambda_MMD=0.150
2025-09-28 23:41:37 - Epoch Summary: TrainLoss=0.9493 | TrainAcc=0.694 | Val(P3)=0.571 | Val(AVO)=0.545
2025-09-28 23:41:37 - No P3-val improvement; patience remaining: 35/50
2025-09-28 23:41:37 - Epoch 35/500 | LR=0.009886 | w_AVO=1.000 | w_P3=2.728 | lambda_MMD=0.300
2025-09-28 23:41:37 - Epoch Summary: TrainLoss=1.0056 | TrainAcc=0.699 | Val(P3)=0.543 | Val(AVO)=0.603
2025-09-28 23:41:37 - No P3-val improvement; patience remaining: 34/50
2025-09-28 23:41:37 - Epoch 36/500 | LR=0.009880 | w_AVO=1.000 | w_P3=2.728 | lambda_MMD=0.300
2025-09-28 23:41:37 - Epoch Summary: TrainLoss=0.9957 | TrainAcc=0.701 | Val(P3)=0.600 | Val(AVO)=0.558
2025-09-28 23:41:37 - No P3-val improvement; patience remaining: 33/50
2025-09-28 23:41:37 - Epoch 37/500 | LR=0.009873 | w_AVO=1.000 | w_P3=2.728 | lambda_MMD=0.300
2025-09-28 23:41:37 - Epoch Summary: TrainLoss=0.9624 | TrainAcc=0.706 | Val(P3)=0.571 | Val(AVO)=0.613
2025-09-28 23:41:37 - No P3-val improvement; patience remaining: 32/50
2025-09-28 23:41:37 - Epoch 38/500 | LR=0.009865 | w_AVO=1.000 | w_P3=2.728 | lambda_MMD=0.300
2025-09-28 23:41:37 - Epoch Summary: TrainLoss=0.9400 | TrainAcc=0.707 | Val(P3)=0.543 | Val(AVO)=0.613
2025-09-28 23:41:37 - No P3-val improvement; patience remaining: 31/50
2025-09-28 23:41:37 - P3 val decreasing 3x. Reducing w_small to 2.183, lambda_MMD to 0.150
2025-09-28 23:41:37 - Epoch 39/500 | LR=0.009858 | w_AVO=1.000 | w_P3=2.183 | lambda_MMD=0.150
2025-09-28 23:41:38 - Epoch Summary: TrainLoss=0.8534 | TrainAcc=0.713 | Val(P3)=0.514 | Val(AVO)=0.597
2025-09-28 23:41:38 - No P3-val improvement; patience remaining: 30/50
2025-09-28 23:41:38 - P3 val decreasing 3x. Reducing w_small to 2.183, lambda_MMD to 0.150
2025-09-28 23:41:38 - Epoch 40/500 | LR=0.009851 | w_AVO=1.000 | w_P3=2.183 | lambda_MMD=0.150
2025-09-28 23:41:38 - Epoch Summary: TrainLoss=0.9369 | TrainAcc=0.693 | Val(P3)=0.600 | Val(AVO)=0.587
2025-09-28 23:41:38 - No P3-val improvement; patience remaining: 29/50
2025-09-28 23:41:38 - AVO val decreasing 3x. Reducing lambda_MMD to 0.210
2025-09-28 23:41:38 - Epoch 41/500 | LR=0.009843 | w_AVO=1.000 | w_P3=2.728 | lambda_MMD=0.210
2025-09-28 23:41:38 - Epoch Summary: TrainLoss=0.9135 | TrainAcc=0.708 | Val(P3)=0.571 | Val(AVO)=0.587
2025-09-28 23:41:38 - No P3-val improvement; patience remaining: 28/50
2025-09-28 23:41:38 - Epoch 42/500 | LR=0.009835 | w_AVO=1.000 | w_P3=2.728 | lambda_MMD=0.300
2025-09-28 23:41:38 - Epoch Summary: TrainLoss=0.9594 | TrainAcc=0.709 | Val(P3)=0.571 | Val(AVO)=0.645
2025-09-28 23:41:38 - No P3-val improvement; patience remaining: 27/50
2025-09-28 23:41:38 - Epoch 43/500 | LR=0.009827 | w_AVO=1.000 | w_P3=2.728 | lambda_MMD=0.300
2025-09-28 23:41:38 - Epoch Summary: TrainLoss=0.8996 | TrainAcc=0.705 | Val(P3)=0.629 | Val(AVO)=0.571
2025-09-28 23:41:38 - No P3-val improvement; patience remaining: 26/50
2025-09-28 23:41:38 - Epoch 44/500 | LR=0.009819 | w_AVO=1.000 | w_P3=2.728 | lambda_MMD=0.300
2025-09-28 23:41:38 - Epoch Summary: TrainLoss=0.8976 | TrainAcc=0.715 | Val(P3)=0.571 | Val(AVO)=0.626
2025-09-28 23:41:38 - No P3-val improvement; patience remaining: 25/50
2025-09-28 23:41:38 - Epoch 45/500 | LR=0.009810 | w_AVO=1.000 | w_P3=2.728 | lambda_MMD=0.300
2025-09-28 23:41:39 - Epoch Summary: TrainLoss=0.8639 | TrainAcc=0.717 | Val(P3)=0.543 | Val(AVO)=0.577
2025-09-28 23:41:39 - No P3-val improvement; patience remaining: 24/50
2025-09-28 23:41:39 - P3 val decreasing 3x. Reducing w_small to 2.183, lambda_MMD to 0.150
2025-09-28 23:41:39 - Epoch 46/500 | LR=0.009801 | w_AVO=1.000 | w_P3=2.183 | lambda_MMD=0.150
2025-09-28 23:41:39 - Epoch Summary: TrainLoss=0.7665 | TrainAcc=0.720 | Val(P3)=0.571 | Val(AVO)=0.577
2025-09-28 23:41:39 - No P3-val improvement; patience remaining: 23/50
2025-09-28 23:41:39 - Epoch 47/500 | LR=0.009793 | w_AVO=1.000 | w_P3=2.728 | lambda_MMD=0.300
2025-09-28 23:41:39 - Epoch Summary: TrainLoss=0.8315 | TrainAcc=0.729 | Val(P3)=0.571 | Val(AVO)=0.642
2025-09-28 23:41:39 - No P3-val improvement; patience remaining: 22/50
2025-09-28 23:41:39 - Epoch 48/500 | LR=0.009784 | w_AVO=1.000 | w_P3=2.728 | lambda_MMD=0.300
2025-09-28 23:41:39 - Epoch Summary: TrainLoss=0.8156 | TrainAcc=0.722 | Val(P3)=0.486 | Val(AVO)=0.610
2025-09-28 23:41:39 - No P3-val improvement; patience remaining: 21/50
2025-09-28 23:41:39 - Epoch 49/500 | LR=0.009774 | w_AVO=1.000 | w_P3=2.728 | lambda_MMD=0.300
2025-09-28 23:41:39 - Epoch Summary: TrainLoss=0.8214 | TrainAcc=0.723 | Val(P3)=0.486 | Val(AVO)=0.619
2025-09-28 23:41:39 - No P3-val improvement; patience remaining: 20/50
2025-09-28 23:41:39 - Epoch 50/500 | LR=0.009765 | w_AVO=1.000 | w_P3=2.728 | lambda_MMD=0.300
2025-09-28 23:41:39 - Epoch Summary: TrainLoss=0.7863 | TrainAcc=0.731 | Val(P3)=0.514 | Val(AVO)=0.626
2025-09-28 23:41:39 - No P3-val improvement; patience remaining: 19/50
2025-09-28 23:41:39 - Epoch 51/500 | LR=0.009755 | w_AVO=1.000 | w_P3=2.728 | lambda_MMD=0.300
2025-09-28 23:41:40 - Epoch Summary: TrainLoss=0.8351 | TrainAcc=0.720 | Val(P3)=0.600 | Val(AVO)=0.587
2025-09-28 23:41:40 - No P3-val improvement; patience remaining: 18/50
2025-09-28 23:41:40 - Epoch 52/500 | LR=0.009745 | w_AVO=1.000 | w_P3=2.728 | lambda_MMD=0.300
2025-09-28 23:41:40 - Epoch Summary: TrainLoss=0.7913 | TrainAcc=0.728 | Val(P3)=0.543 | Val(AVO)=0.584
2025-09-28 23:41:40 - No P3-val improvement; patience remaining: 17/50
2025-09-28 23:41:40 - AVO val decreasing 3x. Reducing lambda_MMD to 0.210
2025-09-28 23:41:40 - Epoch 53/500 | LR=0.009735 | w_AVO=1.000 | w_P3=2.728 | lambda_MMD=0.210
2025-09-28 23:41:40 - Epoch Summary: TrainLoss=0.7863 | TrainAcc=0.727 | Val(P3)=0.486 | Val(AVO)=0.597
2025-09-28 23:41:40 - No P3-val improvement; patience remaining: 16/50
2025-09-28 23:41:40 - P3 val decreasing 3x. Reducing w_small to 2.183, lambda_MMD to 0.150
2025-09-28 23:41:40 - Epoch 54/500 | LR=0.009725 | w_AVO=1.000 | w_P3=2.183 | lambda_MMD=0.150
2025-09-28 23:41:40 - Epoch Summary: TrainLoss=0.7325 | TrainAcc=0.715 | Val(P3)=0.571 | Val(AVO)=0.558
2025-09-28 23:41:40 - No P3-val improvement; patience remaining: 15/50
2025-09-28 23:41:40 - Epoch 55/500 | LR=0.009715 | w_AVO=1.000 | w_P3=2.728 | lambda_MMD=0.300
2025-09-28 23:41:40 - Epoch Summary: TrainLoss=0.7907 | TrainAcc=0.732 | Val(P3)=0.543 | Val(AVO)=0.594
2025-09-28 23:41:40 - No P3-val improvement; patience remaining: 14/50
2025-09-28 23:41:40 - Epoch 56/500 | LR=0.009704 | w_AVO=1.000 | w_P3=2.728 | lambda_MMD=0.300
2025-09-28 23:41:40 - Epoch Summary: TrainLoss=0.7675 | TrainAcc=0.731 | Val(P3)=0.543 | Val(AVO)=0.613
2025-09-28 23:41:40 - No P3-val improvement; patience remaining: 13/50
2025-09-28 23:41:40 - Epoch 57/500 | LR=0.009694 | w_AVO=1.000 | w_P3=2.728 | lambda_MMD=0.300
2025-09-28 23:41:41 - Epoch Summary: TrainLoss=0.7598 | TrainAcc=0.732 | Val(P3)=0.457 | Val(AVO)=0.600
2025-09-28 23:41:41 - No P3-val improvement; patience remaining: 12/50
2025-09-28 23:41:41 - Epoch 58/500 | LR=0.009683 | w_AVO=1.000 | w_P3=2.728 | lambda_MMD=0.300
2025-09-28 23:41:41 - Epoch Summary: TrainLoss=0.7608 | TrainAcc=0.730 | Val(P3)=0.457 | Val(AVO)=0.645
2025-09-28 23:41:41 - No P3-val improvement; patience remaining: 11/50
2025-09-28 23:41:41 - Epoch 59/500 | LR=0.009672 | w_AVO=1.000 | w_P3=2.728 | lambda_MMD=0.300
2025-09-28 23:41:41 - Epoch Summary: TrainLoss=0.7405 | TrainAcc=0.736 | Val(P3)=0.543 | Val(AVO)=0.619
2025-09-28 23:41:41 - No P3-val improvement; patience remaining: 10/50
2025-09-28 23:41:41 - Epoch 60/500 | LR=0.009660 | w_AVO=1.000 | w_P3=2.728 | lambda_MMD=0.300
2025-09-28 23:41:41 - Epoch Summary: TrainLoss=0.7180 | TrainAcc=0.743 | Val(P3)=0.543 | Val(AVO)=0.577
2025-09-28 23:41:41 - No P3-val improvement; patience remaining: 9/50
2025-09-28 23:41:41 - AVO val decreasing 3x. Reducing lambda_MMD to 0.210
2025-09-28 23:41:41 - Epoch 61/500 | LR=0.009649 | w_AVO=1.000 | w_P3=2.728 | lambda_MMD=0.210
2025-09-28 23:41:41 - Epoch Summary: TrainLoss=0.7075 | TrainAcc=0.738 | Val(P3)=0.543 | Val(AVO)=0.577
2025-09-28 23:41:41 - No P3-val improvement; patience remaining: 8/50
2025-09-28 23:41:41 - Epoch 62/500 | LR=0.009637 | w_AVO=1.000 | w_P3=2.728 | lambda_MMD=0.300
2025-09-28 23:41:41 - Epoch Summary: TrainLoss=0.7242 | TrainAcc=0.747 | Val(P3)=0.457 | Val(AVO)=0.581
2025-09-28 23:41:41 - No P3-val improvement; patience remaining: 7/50
2025-09-28 23:41:41 - Epoch 63/500 | LR=0.009625 | w_AVO=1.000 | w_P3=2.728 | lambda_MMD=0.300
2025-09-28 23:41:42 - Epoch Summary: TrainLoss=0.7202 | TrainAcc=0.737 | Val(P3)=0.571 | Val(AVO)=0.584
2025-09-28 23:41:42 - No P3-val improvement; patience remaining: 6/50
2025-09-28 23:41:42 - Epoch 64/500 | LR=0.009613 | w_AVO=1.000 | w_P3=2.728 | lambda_MMD=0.300
2025-09-28 23:41:42 - Epoch Summary: TrainLoss=0.7334 | TrainAcc=0.736 | Val(P3)=0.543 | Val(AVO)=0.568
2025-09-28 23:41:42 - No P3-val improvement; patience remaining: 5/50
2025-09-28 23:41:42 - Epoch 65/500 | LR=0.009601 | w_AVO=1.000 | w_P3=2.728 | lambda_MMD=0.300
2025-09-28 23:41:42 - Epoch Summary: TrainLoss=0.7225 | TrainAcc=0.746 | Val(P3)=0.571 | Val(AVO)=0.603
2025-09-28 23:41:42 - No P3-val improvement; patience remaining: 4/50
2025-09-28 23:41:42 - Epoch 66/500 | LR=0.009589 | w_AVO=1.000 | w_P3=2.728 | lambda_MMD=0.300
2025-09-28 23:41:42 - Epoch Summary: TrainLoss=0.7024 | TrainAcc=0.742 | Val(P3)=0.571 | Val(AVO)=0.574
2025-09-28 23:41:42 - No P3-val improvement; patience remaining: 3/50
2025-09-28 23:41:42 - Epoch 67/500 | LR=0.009576 | w_AVO=1.000 | w_P3=2.728 | lambda_MMD=0.300
2025-09-28 23:41:42 - Epoch Summary: TrainLoss=0.6809 | TrainAcc=0.760 | Val(P3)=0.543 | Val(AVO)=0.571
2025-09-28 23:41:42 - No P3-val improvement; patience remaining: 2/50
2025-09-28 23:41:42 - AVO val decreasing 3x. Reducing lambda_MMD to 0.210
2025-09-28 23:41:42 - Epoch 68/500 | LR=0.009563 | w_AVO=1.000 | w_P3=2.728 | lambda_MMD=0.210
2025-09-28 23:41:42 - Epoch Summary: TrainLoss=0.6431 | TrainAcc=0.764 | Val(P3)=0.543 | Val(AVO)=0.568
2025-09-28 23:41:42 - No P3-val improvement; patience remaining: 1/50
2025-09-28 23:41:42 - AVO val decreasing 3x. Reducing lambda_MMD to 0.210
2025-09-28 23:41:42 - Epoch 69/500 | LR=0.009551 | w_AVO=1.000 | w_P3=2.728 | lambda_MMD=0.210
2025-09-28 23:41:43 - Epoch Summary: TrainLoss=0.6545 | TrainAcc=0.766 | Val(P3)=0.600 | Val(AVO)=0.555
2025-09-28 23:41:43 - No P3-val improvement; patience remaining: 0/50
2025-09-28 23:41:43 - Early stopping triggered (P3-val)
2025-09-28 23:41:43 -     P3 Test | Acc=0.5443 P=0.4808 R=0.7353 F1=0.5814 AUC=0.6451 (n=79)
2025-09-28 23:41:43 -     AVO Test | Acc=0.5630 P=0.5399 R=0.9582 F1=0.6906 AUC=0.7618 (n=611)
2025-09-28 23:41:43 -     Overall Test Acc=0.5609
2025-09-28 23:41:43 -   Fold 5/5
2025-09-28 23:41:43 - Fold domains: small=P3 (n=295), large=AVO (n=2120)
2025-09-28 23:41:43 - Auto adjustments (symmetric): w_small≈1.000, lambda_MMD_target=0.300, warmup_epochs=5
2025-09-28 23:41:43 - Epoch 1/500 | LR=0.010000 | w_AVO=1.000 | w_P3=1.336 | lambda_MMD=0.060
2025-09-28 23:41:43 - Epoch Summary: TrainLoss=1.5955 | TrainAcc=0.564 | Val(P3)=0.639 | Val(AVO)=0.576
2025-09-28 23:41:43 - New best P3-val; checkpoint updated
2025-09-28 23:41:43 - Epoch 2/500 | LR=0.010000 | w_AVO=1.000 | w_P3=1.672 | lambda_MMD=0.120
2025-09-28 23:41:43 - Epoch Summary: TrainLoss=1.6569 | TrainAcc=0.616 | Val(P3)=0.611 | Val(AVO)=0.599
2025-09-28 23:41:43 - No P3-val improvement; patience remaining: 49/50
2025-09-28 23:41:43 - Epoch 3/500 | LR=0.010000 | w_AVO=1.000 | w_P3=2.008 | lambda_MMD=0.180
2025-09-28 23:41:43 - Epoch Summary: TrainLoss=1.8303 | TrainAcc=0.624 | Val(P3)=0.611 | Val(AVO)=0.570
2025-09-28 23:41:43 - No P3-val improvement; patience remaining: 48/50
2025-09-28 23:41:43 - Epoch 4/500 | LR=0.009999 | w_AVO=1.000 | w_P3=2.345 | lambda_MMD=0.240
2025-09-28 23:41:43 - Epoch Summary: TrainLoss=1.9596 | TrainAcc=0.648 | Val(P3)=0.611 | Val(AVO)=0.589
2025-09-28 23:41:43 - No P3-val improvement; patience remaining: 47/50
2025-09-28 23:41:43 - Epoch 5/500 | LR=0.009998 | w_AVO=1.000 | w_P3=2.681 | lambda_MMD=0.300
2025-09-28 23:41:43 - Epoch Summary: TrainLoss=2.0715 | TrainAcc=0.648 | Val(P3)=0.583 | Val(AVO)=0.608
2025-09-28 23:41:43 - No P3-val improvement; patience remaining: 46/50
2025-09-28 23:41:43 - Epoch 6/500 | LR=0.009998 | w_AVO=1.000 | w_P3=2.681 | lambda_MMD=0.300
2025-09-28 23:41:44 - Epoch Summary: TrainLoss=2.0121 | TrainAcc=0.658 | Val(P3)=0.556 | Val(AVO)=0.618
2025-09-28 23:41:44 - No P3-val improvement; patience remaining: 45/50
2025-09-28 23:41:44 - P3 val decreasing 3x. Reducing w_small to 2.145, lambda_MMD to 0.150
2025-09-28 23:41:44 - Epoch 7/500 | LR=0.009996 | w_AVO=1.000 | w_P3=2.145 | lambda_MMD=0.150
2025-09-28 23:41:44 - Epoch Summary: TrainLoss=1.6826 | TrainAcc=0.666 | Val(P3)=0.639 | Val(AVO)=0.641
2025-09-28 23:41:44 - No P3-val improvement; patience remaining: 44/50
2025-09-28 23:41:44 - Epoch 8/500 | LR=0.009995 | w_AVO=1.000 | w_P3=2.681 | lambda_MMD=0.300
2025-09-28 23:41:44 - Epoch Summary: TrainLoss=1.8969 | TrainAcc=0.674 | Val(P3)=0.611 | Val(AVO)=0.602
2025-09-28 23:41:44 - No P3-val improvement; patience remaining: 43/50
2025-09-28 23:41:44 - Epoch 9/500 | LR=0.009994 | w_AVO=1.000 | w_P3=2.681 | lambda_MMD=0.300
2025-09-28 23:41:44 - Epoch Summary: TrainLoss=1.8521 | TrainAcc=0.657 | Val(P3)=0.639 | Val(AVO)=0.589
2025-09-28 23:41:44 - No P3-val improvement; patience remaining: 42/50
2025-09-28 23:41:44 - AVO val decreasing 3x. Reducing lambda_MMD to 0.210
2025-09-28 23:41:44 - Epoch 10/500 | LR=0.009992 | w_AVO=1.000 | w_P3=2.681 | lambda_MMD=0.210
2025-09-28 23:41:44 - Epoch Summary: TrainLoss=1.8072 | TrainAcc=0.674 | Val(P3)=0.667 | Val(AVO)=0.589
2025-09-28 23:41:44 - New best P3-val; checkpoint updated
2025-09-28 23:41:44 - Epoch 11/500 | LR=0.009990 | w_AVO=1.000 | w_P3=2.681 | lambda_MMD=0.300
2025-09-28 23:41:44 - Epoch Summary: TrainLoss=1.7487 | TrainAcc=0.678 | Val(P3)=0.611 | Val(AVO)=0.586
2025-09-28 23:41:44 - No P3-val improvement; patience remaining: 49/50
2025-09-28 23:41:44 - Epoch 12/500 | LR=0.009988 | w_AVO=1.000 | w_P3=2.681 | lambda_MMD=0.300
2025-09-28 23:41:45 - Epoch Summary: TrainLoss=1.7034 | TrainAcc=0.688 | Val(P3)=0.639 | Val(AVO)=0.579
2025-09-28 23:41:45 - No P3-val improvement; patience remaining: 48/50
2025-09-28 23:41:45 - AVO val decreasing 3x. Reducing lambda_MMD to 0.210
2025-09-28 23:41:45 - Epoch 13/500 | LR=0.009986 | w_AVO=1.000 | w_P3=2.681 | lambda_MMD=0.210
2025-09-28 23:41:45 - Epoch Summary: TrainLoss=1.6605 | TrainAcc=0.671 | Val(P3)=0.667 | Val(AVO)=0.583
2025-09-28 23:41:45 - No P3-val improvement; patience remaining: 47/50
2025-09-28 23:41:45 - Epoch 14/500 | LR=0.009983 | w_AVO=1.000 | w_P3=2.681 | lambda_MMD=0.300
2025-09-28 23:41:45 - Epoch Summary: TrainLoss=1.6453 | TrainAcc=0.669 | Val(P3)=0.667 | Val(AVO)=0.586
2025-09-28 23:41:45 - No P3-val improvement; patience remaining: 46/50
2025-09-28 23:41:45 - Epoch 15/500 | LR=0.009981 | w_AVO=1.000 | w_P3=2.681 | lambda_MMD=0.300
2025-09-28 23:41:45 - Epoch Summary: TrainLoss=1.5406 | TrainAcc=0.680 | Val(P3)=0.722 | Val(AVO)=0.566
2025-09-28 23:41:45 - New best P3-val; checkpoint updated
2025-09-28 23:41:45 - Epoch 16/500 | LR=0.009978 | w_AVO=1.000 | w_P3=2.681 | lambda_MMD=0.300
2025-09-28 23:41:45 - Epoch Summary: TrainLoss=1.5778 | TrainAcc=0.679 | Val(P3)=0.667 | Val(AVO)=0.576
2025-09-28 23:41:45 - No P3-val improvement; patience remaining: 49/50
2025-09-28 23:41:45 - Epoch 17/500 | LR=0.009975 | w_AVO=1.000 | w_P3=2.681 | lambda_MMD=0.300
2025-09-28 23:41:45 - Epoch Summary: TrainLoss=1.5087 | TrainAcc=0.686 | Val(P3)=0.667 | Val(AVO)=0.563
2025-09-28 23:41:45 - No P3-val improvement; patience remaining: 48/50
2025-09-28 23:41:45 - Epoch 18/500 | LR=0.009972 | w_AVO=1.000 | w_P3=2.681 | lambda_MMD=0.300
2025-09-28 23:41:46 - Epoch Summary: TrainLoss=1.4086 | TrainAcc=0.703 | Val(P3)=0.639 | Val(AVO)=0.602
2025-09-28 23:41:46 - No P3-val improvement; patience remaining: 47/50
2025-09-28 23:41:46 - Epoch 19/500 | LR=0.009968 | w_AVO=1.000 | w_P3=2.681 | lambda_MMD=0.300
2025-09-28 23:41:46 - Epoch Summary: TrainLoss=1.3972 | TrainAcc=0.689 | Val(P3)=0.667 | Val(AVO)=0.579
2025-09-28 23:41:46 - No P3-val improvement; patience remaining: 46/50
2025-09-28 23:41:46 - Epoch 20/500 | LR=0.009964 | w_AVO=1.000 | w_P3=2.681 | lambda_MMD=0.300
2025-09-28 23:41:46 - Epoch Summary: TrainLoss=1.3648 | TrainAcc=0.698 | Val(P3)=0.611 | Val(AVO)=0.599
2025-09-28 23:41:46 - No P3-val improvement; patience remaining: 45/50
2025-09-28 23:41:46 - Epoch 21/500 | LR=0.009961 | w_AVO=1.000 | w_P3=2.681 | lambda_MMD=0.300
2025-09-28 23:41:46 - Epoch Summary: TrainLoss=1.3553 | TrainAcc=0.688 | Val(P3)=0.639 | Val(AVO)=0.557
2025-09-28 23:41:46 - No P3-val improvement; patience remaining: 44/50
2025-09-28 23:41:46 - Epoch 22/500 | LR=0.009957 | w_AVO=1.000 | w_P3=2.681 | lambda_MMD=0.300
2025-09-28 23:41:46 - Epoch Summary: TrainLoss=1.2899 | TrainAcc=0.698 | Val(P3)=0.667 | Val(AVO)=0.537
2025-09-28 23:41:46 - No P3-val improvement; patience remaining: 43/50
2025-09-28 23:41:46 - AVO val decreasing 3x. Reducing lambda_MMD to 0.210
2025-09-28 23:41:46 - Epoch 23/500 | LR=0.009952 | w_AVO=1.000 | w_P3=2.681 | lambda_MMD=0.210
2025-09-28 23:41:46 - Epoch Summary: TrainLoss=1.2494 | TrainAcc=0.700 | Val(P3)=0.611 | Val(AVO)=0.547
2025-09-28 23:41:46 - No P3-val improvement; patience remaining: 42/50
2025-09-28 23:41:46 - Epoch 24/500 | LR=0.009948 | w_AVO=1.000 | w_P3=2.681 | lambda_MMD=0.300
2025-09-28 23:41:47 - Epoch Summary: TrainLoss=1.2598 | TrainAcc=0.687 | Val(P3)=0.528 | Val(AVO)=0.573
2025-09-28 23:41:47 - No P3-val improvement; patience remaining: 41/50
2025-09-28 23:41:47 - P3 val decreasing 3x. Reducing w_small to 2.145, lambda_MMD to 0.150
2025-09-28 23:41:47 - Epoch 25/500 | LR=0.009943 | w_AVO=1.000 | w_P3=2.145 | lambda_MMD=0.150
2025-09-28 23:41:47 - Epoch Summary: TrainLoss=1.0707 | TrainAcc=0.693 | Val(P3)=0.611 | Val(AVO)=0.570
2025-09-28 23:41:47 - No P3-val improvement; patience remaining: 40/50
2025-09-28 23:41:47 - Epoch 26/500 | LR=0.009938 | w_AVO=1.000 | w_P3=2.681 | lambda_MMD=0.300
2025-09-28 23:41:47 - Epoch Summary: TrainLoss=1.1601 | TrainAcc=0.706 | Val(P3)=0.556 | Val(AVO)=0.579
2025-09-28 23:41:47 - No P3-val improvement; patience remaining: 39/50
2025-09-28 23:41:47 - Epoch 27/500 | LR=0.009933 | w_AVO=1.000 | w_P3=2.681 | lambda_MMD=0.300
2025-09-28 23:41:47 - Epoch Summary: TrainLoss=1.1139 | TrainAcc=0.697 | Val(P3)=0.611 | Val(AVO)=0.553
2025-09-28 23:41:47 - No P3-val improvement; patience remaining: 38/50
2025-09-28 23:41:47 - Epoch 28/500 | LR=0.009928 | w_AVO=1.000 | w_P3=2.681 | lambda_MMD=0.300
2025-09-28 23:41:47 - Epoch Summary: TrainLoss=1.1378 | TrainAcc=0.695 | Val(P3)=0.583 | Val(AVO)=0.557
2025-09-28 23:41:47 - No P3-val improvement; patience remaining: 37/50
2025-09-28 23:41:47 - Epoch 29/500 | LR=0.009923 | w_AVO=1.000 | w_P3=2.681 | lambda_MMD=0.300
2025-09-28 23:41:47 - Epoch Summary: TrainLoss=1.0721 | TrainAcc=0.708 | Val(P3)=0.528 | Val(AVO)=0.566
2025-09-28 23:41:47 - No P3-val improvement; patience remaining: 36/50
2025-09-28 23:41:47 - P3 val decreasing 3x. Reducing w_small to 2.145, lambda_MMD to 0.150
2025-09-28 23:41:47 - Epoch 30/500 | LR=0.009917 | w_AVO=1.000 | w_P3=2.145 | lambda_MMD=0.150
2025-09-28 23:41:48 - Epoch Summary: TrainLoss=0.9592 | TrainAcc=0.703 | Val(P3)=0.528 | Val(AVO)=0.550
2025-09-28 23:41:48 - No P3-val improvement; patience remaining: 35/50
2025-09-28 23:41:48 - Epoch 31/500 | LR=0.009911 | w_AVO=1.000 | w_P3=2.681 | lambda_MMD=0.300
2025-09-28 23:41:48 - Epoch Summary: TrainLoss=1.0417 | TrainAcc=0.703 | Val(P3)=0.611 | Val(AVO)=0.560
2025-09-28 23:41:48 - No P3-val improvement; patience remaining: 34/50
2025-09-28 23:41:48 - Epoch 32/500 | LR=0.009905 | w_AVO=1.000 | w_P3=2.681 | lambda_MMD=0.300
2025-09-28 23:41:48 - Epoch Summary: TrainLoss=1.0140 | TrainAcc=0.707 | Val(P3)=0.583 | Val(AVO)=0.515
2025-09-28 23:41:48 - No P3-val improvement; patience remaining: 33/50
2025-09-28 23:41:48 - Epoch 33/500 | LR=0.009899 | w_AVO=1.000 | w_P3=2.681 | lambda_MMD=0.300
2025-09-28 23:41:48 - Epoch Summary: TrainLoss=1.0049 | TrainAcc=0.706 | Val(P3)=0.556 | Val(AVO)=0.550
2025-09-28 23:41:48 - No P3-val improvement; patience remaining: 32/50
2025-09-28 23:41:48 - P3 val decreasing 3x. Reducing w_small to 2.145, lambda_MMD to 0.150
2025-09-28 23:41:48 - Epoch 34/500 | LR=0.009893 | w_AVO=1.000 | w_P3=2.145 | lambda_MMD=0.150
2025-09-28 23:41:48 - Epoch Summary: TrainLoss=0.8885 | TrainAcc=0.712 | Val(P3)=0.556 | Val(AVO)=0.537
2025-09-28 23:41:48 - No P3-val improvement; patience remaining: 31/50
2025-09-28 23:41:48 - Epoch 35/500 | LR=0.009886 | w_AVO=1.000 | w_P3=2.681 | lambda_MMD=0.300
2025-09-28 23:41:48 - Epoch Summary: TrainLoss=0.9690 | TrainAcc=0.708 | Val(P3)=0.639 | Val(AVO)=0.528
2025-09-28 23:41:48 - No P3-val improvement; patience remaining: 30/50
2025-09-28 23:41:48 - AVO val decreasing 3x. Reducing lambda_MMD to 0.210
2025-09-28 23:41:48 - Epoch 36/500 | LR=0.009880 | w_AVO=1.000 | w_P3=2.681 | lambda_MMD=0.210
2025-09-28 23:41:49 - Epoch Summary: TrainLoss=0.9436 | TrainAcc=0.710 | Val(P3)=0.611 | Val(AVO)=0.508
2025-09-28 23:41:49 - No P3-val improvement; patience remaining: 29/50
2025-09-28 23:41:49 - AVO val decreasing 3x. Reducing lambda_MMD to 0.210
2025-09-28 23:41:49 - Epoch 37/500 | LR=0.009873 | w_AVO=1.000 | w_P3=2.681 | lambda_MMD=0.210
2025-09-28 23:41:49 - Epoch Summary: TrainLoss=0.9216 | TrainAcc=0.716 | Val(P3)=0.639 | Val(AVO)=0.524
2025-09-28 23:41:49 - No P3-val improvement; patience remaining: 28/50
2025-09-28 23:41:49 - Epoch 38/500 | LR=0.009865 | w_AVO=1.000 | w_P3=2.681 | lambda_MMD=0.300
2025-09-28 23:41:49 - Epoch Summary: TrainLoss=0.9192 | TrainAcc=0.719 | Val(P3)=0.694 | Val(AVO)=0.511
2025-09-28 23:41:49 - No P3-val improvement; patience remaining: 27/50
2025-09-28 23:41:49 - Epoch 39/500 | LR=0.009858 | w_AVO=1.000 | w_P3=2.681 | lambda_MMD=0.300
2025-09-28 23:41:49 - Epoch Summary: TrainLoss=0.9054 | TrainAcc=0.720 | Val(P3)=0.583 | Val(AVO)=0.528
2025-09-28 23:41:49 - No P3-val improvement; patience remaining: 26/50
2025-09-28 23:41:49 - Epoch 40/500 | LR=0.009851 | w_AVO=1.000 | w_P3=2.681 | lambda_MMD=0.300
2025-09-28 23:41:49 - Epoch Summary: TrainLoss=0.9331 | TrainAcc=0.705 | Val(P3)=0.500 | Val(AVO)=0.573
2025-09-28 23:41:49 - No P3-val improvement; patience remaining: 25/50
2025-09-28 23:41:49 - P3 val decreasing 3x. Reducing w_small to 2.145, lambda_MMD to 0.150
2025-09-28 23:41:49 - Epoch 41/500 | LR=0.009843 | w_AVO=1.000 | w_P3=2.145 | lambda_MMD=0.150
2025-09-28 23:41:49 - Epoch Summary: TrainLoss=0.7911 | TrainAcc=0.722 | Val(P3)=0.528 | Val(AVO)=0.524
2025-09-28 23:41:49 - No P3-val improvement; patience remaining: 24/50
2025-09-28 23:41:49 - Epoch 42/500 | LR=0.009835 | w_AVO=1.000 | w_P3=2.681 | lambda_MMD=0.300
2025-09-28 23:41:50 - Epoch Summary: TrainLoss=0.8383 | TrainAcc=0.733 | Val(P3)=0.639 | Val(AVO)=0.531
2025-09-28 23:41:50 - No P3-val improvement; patience remaining: 23/50
2025-09-28 23:41:50 - Epoch 43/500 | LR=0.009827 | w_AVO=1.000 | w_P3=2.681 | lambda_MMD=0.300
2025-09-28 23:41:50 - Epoch Summary: TrainLoss=0.8441 | TrainAcc=0.729 | Val(P3)=0.528 | Val(AVO)=0.550
2025-09-28 23:41:50 - No P3-val improvement; patience remaining: 22/50
2025-09-28 23:41:50 - Epoch 44/500 | LR=0.009819 | w_AVO=1.000 | w_P3=2.681 | lambda_MMD=0.300
2025-09-28 23:41:50 - Epoch Summary: TrainLoss=0.8623 | TrainAcc=0.717 | Val(P3)=0.556 | Val(AVO)=0.540
2025-09-28 23:41:50 - No P3-val improvement; patience remaining: 21/50
2025-09-28 23:41:50 - Epoch 45/500 | LR=0.009810 | w_AVO=1.000 | w_P3=2.681 | lambda_MMD=0.300
2025-09-28 23:41:50 - Epoch Summary: TrainLoss=0.8505 | TrainAcc=0.730 | Val(P3)=0.472 | Val(AVO)=0.570
2025-09-28 23:41:50 - No P3-val improvement; patience remaining: 20/50
2025-09-28 23:41:50 - Epoch 46/500 | LR=0.009801 | w_AVO=1.000 | w_P3=2.681 | lambda_MMD=0.300
2025-09-28 23:41:50 - Epoch Summary: TrainLoss=0.8244 | TrainAcc=0.735 | Val(P3)=0.611 | Val(AVO)=0.540
2025-09-28 23:41:50 - No P3-val improvement; patience remaining: 19/50
2025-09-28 23:41:50 - Epoch 47/500 | LR=0.009793 | w_AVO=1.000 | w_P3=2.681 | lambda_MMD=0.300
2025-09-28 23:41:50 - Epoch Summary: TrainLoss=0.8290 | TrainAcc=0.725 | Val(P3)=0.639 | Val(AVO)=0.502
2025-09-28 23:41:50 - No P3-val improvement; patience remaining: 18/50
2025-09-28 23:41:50 - AVO val decreasing 3x. Reducing lambda_MMD to 0.210
2025-09-28 23:41:50 - Epoch 48/500 | LR=0.009784 | w_AVO=1.000 | w_P3=2.681 | lambda_MMD=0.210
2025-09-28 23:41:51 - Epoch Summary: TrainLoss=0.8042 | TrainAcc=0.733 | Val(P3)=0.528 | Val(AVO)=0.592
2025-09-28 23:41:51 - No P3-val improvement; patience remaining: 17/50
2025-09-28 23:41:51 - Epoch 49/500 | LR=0.009774 | w_AVO=1.000 | w_P3=2.681 | lambda_MMD=0.300
2025-09-28 23:41:51 - Epoch Summary: TrainLoss=0.7844 | TrainAcc=0.740 | Val(P3)=0.694 | Val(AVO)=0.508
2025-09-28 23:41:51 - No P3-val improvement; patience remaining: 16/50
2025-09-28 23:41:51 - Epoch 50/500 | LR=0.009765 | w_AVO=1.000 | w_P3=2.681 | lambda_MMD=0.300
2025-09-28 23:41:51 - Epoch Summary: TrainLoss=0.7854 | TrainAcc=0.737 | Val(P3)=0.667 | Val(AVO)=0.515
2025-09-28 23:41:51 - No P3-val improvement; patience remaining: 15/50
2025-09-28 23:41:51 - Epoch 51/500 | LR=0.009755 | w_AVO=1.000 | w_P3=2.681 | lambda_MMD=0.300
2025-09-28 23:41:51 - Epoch Summary: TrainLoss=0.7562 | TrainAcc=0.737 | Val(P3)=0.611 | Val(AVO)=0.537
2025-09-28 23:41:51 - No P3-val improvement; patience remaining: 14/50
2025-09-28 23:41:51 - P3 val decreasing 3x. Reducing w_small to 2.145, lambda_MMD to 0.150
2025-09-28 23:41:51 - Epoch 52/500 | LR=0.009745 | w_AVO=1.000 | w_P3=2.145 | lambda_MMD=0.150
2025-09-28 23:41:51 - Epoch Summary: TrainLoss=0.7047 | TrainAcc=0.735 | Val(P3)=0.556 | Val(AVO)=0.518
2025-09-28 23:41:51 - No P3-val improvement; patience remaining: 13/50
2025-09-28 23:41:51 - P3 val decreasing 3x. Reducing w_small to 2.145, lambda_MMD to 0.150
2025-09-28 23:41:51 - Epoch 53/500 | LR=0.009735 | w_AVO=1.000 | w_P3=2.145 | lambda_MMD=0.150
2025-09-28 23:41:51 - Epoch Summary: TrainLoss=0.6775 | TrainAcc=0.756 | Val(P3)=0.583 | Val(AVO)=0.537
2025-09-28 23:41:51 - No P3-val improvement; patience remaining: 12/50
2025-09-28 23:41:51 - Epoch 54/500 | LR=0.009725 | w_AVO=1.000 | w_P3=2.681 | lambda_MMD=0.300
2025-09-28 23:41:52 - Epoch Summary: TrainLoss=0.7299 | TrainAcc=0.753 | Val(P3)=0.667 | Val(AVO)=0.508
2025-09-28 23:41:52 - No P3-val improvement; patience remaining: 11/50
2025-09-28 23:41:52 - Epoch 55/500 | LR=0.009715 | w_AVO=1.000 | w_P3=2.681 | lambda_MMD=0.300
2025-09-28 23:41:52 - Epoch Summary: TrainLoss=0.7371 | TrainAcc=0.750 | Val(P3)=0.667 | Val(AVO)=0.518
2025-09-28 23:41:52 - No P3-val improvement; patience remaining: 10/50
2025-09-28 23:41:52 - Epoch 56/500 | LR=0.009704 | w_AVO=1.000 | w_P3=2.681 | lambda_MMD=0.300
2025-09-28 23:41:52 - Epoch Summary: TrainLoss=0.7159 | TrainAcc=0.746 | Val(P3)=0.611 | Val(AVO)=0.534
2025-09-28 23:41:52 - No P3-val improvement; patience remaining: 9/50
2025-09-28 23:41:52 - Epoch 57/500 | LR=0.009694 | w_AVO=1.000 | w_P3=2.681 | lambda_MMD=0.300
2025-09-28 23:41:52 - Epoch Summary: TrainLoss=0.7319 | TrainAcc=0.752 | Val(P3)=0.639 | Val(AVO)=0.508
2025-09-28 23:41:52 - No P3-val improvement; patience remaining: 8/50
2025-09-28 23:41:52 - Epoch 58/500 | LR=0.009683 | w_AVO=1.000 | w_P3=2.681 | lambda_MMD=0.300
2025-09-28 23:41:52 - Epoch Summary: TrainLoss=0.7037 | TrainAcc=0.756 | Val(P3)=0.611 | Val(AVO)=0.511
2025-09-28 23:41:52 - No P3-val improvement; patience remaining: 7/50
2025-09-28 23:41:52 - Epoch 59/500 | LR=0.009672 | w_AVO=1.000 | w_P3=2.681 | lambda_MMD=0.300
2025-09-28 23:41:52 - Epoch Summary: TrainLoss=0.6936 | TrainAcc=0.765 | Val(P3)=0.639 | Val(AVO)=0.518
2025-09-28 23:41:52 - No P3-val improvement; patience remaining: 6/50
2025-09-28 23:41:52 - Epoch 60/500 | LR=0.009660 | w_AVO=1.000 | w_P3=2.681 | lambda_MMD=0.300
2025-09-28 23:41:53 - Epoch Summary: TrainLoss=0.7137 | TrainAcc=0.754 | Val(P3)=0.639 | Val(AVO)=0.505
2025-09-28 23:41:53 - No P3-val improvement; patience remaining: 5/50
2025-09-28 23:41:53 - Epoch 61/500 | LR=0.009649 | w_AVO=1.000 | w_P3=2.681 | lambda_MMD=0.300
2025-09-28 23:41:53 - Epoch Summary: TrainLoss=0.7183 | TrainAcc=0.752 | Val(P3)=0.639 | Val(AVO)=0.515
2025-09-28 23:41:53 - No P3-val improvement; patience remaining: 4/50
2025-09-28 23:41:53 - Epoch 62/500 | LR=0.009637 | w_AVO=1.000 | w_P3=2.681 | lambda_MMD=0.300
2025-09-28 23:41:53 - Epoch Summary: TrainLoss=0.7347 | TrainAcc=0.742 | Val(P3)=0.556 | Val(AVO)=0.540
2025-09-28 23:41:53 - No P3-val improvement; patience remaining: 3/50
2025-09-28 23:41:53 - Epoch 63/500 | LR=0.009625 | w_AVO=1.000 | w_P3=2.681 | lambda_MMD=0.300
2025-09-28 23:41:53 - Epoch Summary: TrainLoss=0.6759 | TrainAcc=0.769 | Val(P3)=0.556 | Val(AVO)=0.550
2025-09-28 23:41:53 - No P3-val improvement; patience remaining: 2/50
2025-09-28 23:41:53 - Epoch 64/500 | LR=0.009613 | w_AVO=1.000 | w_P3=2.681 | lambda_MMD=0.300
2025-09-28 23:41:53 - Epoch Summary: TrainLoss=0.6728 | TrainAcc=0.762 | Val(P3)=0.667 | Val(AVO)=0.511
2025-09-28 23:41:53 - No P3-val improvement; patience remaining: 1/50
2025-09-28 23:41:53 - Epoch 65/500 | LR=0.009601 | w_AVO=1.000 | w_P3=2.681 | lambda_MMD=0.300
2025-09-28 23:41:53 - Epoch Summary: TrainLoss=0.6779 | TrainAcc=0.773 | Val(P3)=0.500 | Val(AVO)=0.531
2025-09-28 23:41:53 - No P3-val improvement; patience remaining: 0/50
2025-09-28 23:41:53 - Early stopping triggered (P3-val)
2025-09-28 23:41:53 -     P3 Test | Acc=0.6667 P=0.6667 R=0.5625 F1=0.6102 AUC=0.6486 (n=69)
2025-09-28 23:41:53 -     AVO Test | Acc=0.5378 P=0.5222 R=0.9776 F1=0.6808 AUC=0.7056 (n=621)
2025-09-28 23:41:53 -     Overall Test Acc=0.5507
2025-09-28 23:41:53 - 
==================================================
2025-09-28 23:41:53 - CROSS-VALIDATION RESULTS
2025-09-28 23:41:53 - ==================================================
2025-09-28 23:41:53 - Overall accuracy: 0.5904 ± 0.0369
2025-09-28 23:41:53 - 95% Confidence Interval: [0.5752, 0.6057]
2025-09-28 23:41:53 - P3 Dataset - Mean Accuracy: 0.6176 | 95% CI: [0.5992, 0.6361]
2025-09-28 23:41:53 - AVO Dataset - Mean Accuracy: 0.5868 | 95% CI: [0.5695, 0.6041]
2025-09-28 23:41:53 - Detailed results saved to: tfdwt_detailed_results_20250928_234153.csv
2025-09-28 23:41:53 - Summary statistics saved to: tfdwt_summary_stats_20250928_234153.csv
