2025-09-29 10:10:33 - 
==================================================
2025-09-29 10:10:33 - TF-DWT Joint Training (Auto-Adjusted)
2025-09-29 10:10:33 - ==================================================
2025-09-29 10:10:33 - 
Experiment Configuration:
2025-09-29 10:10:33 - --------------------------------------------------
2025-09-29 10:10:33 - electrode_list: all
2025-09-29 10:10:33 - fusion_method: none
2025-09-29 10:10:33 - domain_adaptation: none
2025-09-29 10:10:33 - use_enhanced_preprocessing: True
2025-09-29 10:10:33 - batch_size: 128
2025-09-29 10:10:33 - max_epochs: 500
2025-09-29 10:10:33 - learning_rate: 0.01
2025-09-29 10:10:33 - weight_decay: 0.0001
2025-09-29 10:10:33 - dropout_rate: 0.25
2025-09-29 10:10:33 - use_data_augmentation: True
2025-09-29 10:10:33 - noise_std: 0.005
2025-09-29 10:10:33 - time_shift_range: 5
2025-09-29 10:10:33 - label_smoothing: 0.05
2025-09-29 10:10:33 - trials_per_subject_P3: 10
2025-09-29 10:10:33 - trials_per_subject_AVO: 80
2025-09-29 10:10:33 - train/val/test: (0.7, 0.1, 0.2)
2025-09-29 10:10:33 - device_mode: cuda
2025-09-29 10:10:33 - --------------------------------------------------
2025-09-29 10:10:33 - 
==================================================
2025-09-29 10:10:33 - Running Nested Cross-Validation with TF-DWT
2025-09-29 10:10:33 - ==================================================
2025-09-29 10:10:33 - Loading dataset for CV: P3
2025-09-29 10:10:34 - Subject P3_sub-001: Sampled 10/80 trials
2025-09-29 10:10:34 -   Original distribution: {0: 0.5, 1: 0.5}
2025-09-29 10:10:34 -   Sampled distribution: {0: 0.5, 1: 0.5}
2025-09-29 10:10:35 - Subject P3_sub-002: Sampled 10/80 trials
2025-09-29 10:10:35 -   Original distribution: {0: 0.5, 1: 0.5}
2025-09-29 10:10:35 -   Sampled distribution: {0: 0.5, 1: 0.5}
2025-09-29 10:10:35 - Subject P3_sub-003: Sampled 10/80 trials
2025-09-29 10:10:35 -   Original distribution: {0: 0.5, 1: 0.5}
2025-09-29 10:10:35 -   Sampled distribution: {0: 0.5, 1: 0.5}
2025-09-29 10:10:36 - Subject P3_sub-004: Sampled 10/78 trials
2025-09-29 10:10:36 -   Original distribution: {0: 0.5, 1: 0.5}
2025-09-29 10:10:36 -   Sampled distribution: {0: 0.5, 1: 0.5}
2025-09-29 10:10:37 - Subject P3_sub-005: Sampled 10/80 trials
2025-09-29 10:10:37 -   Original distribution: {0: 0.5, 1: 0.5}
2025-09-29 10:10:37 -   Sampled distribution: {0: 0.5, 1: 0.5}
2025-09-29 10:10:38 - Subject P3_sub-006: Sampled 10/80 trials
2025-09-29 10:10:38 -   Original distribution: {0: 0.5, 1: 0.5}
2025-09-29 10:10:38 -   Sampled distribution: {0: 0.5, 1: 0.5}
2025-09-29 10:10:39 - Subject P3_sub-007: Sampled 10/80 trials
2025-09-29 10:10:39 -   Original distribution: {0: 0.5, 1: 0.5}
2025-09-29 10:10:39 -   Sampled distribution: {0: 0.5, 1: 0.5}
2025-09-29 10:10:39 - Subject P3_sub-008: Sampled 10/80 trials
2025-09-29 10:10:39 -   Original distribution: {0: 0.5, 1: 0.5}
2025-09-29 10:10:39 -   Sampled distribution: {0: 0.5, 1: 0.5}
2025-09-29 10:10:40 - Subject P3_sub-009: Sampled 10/80 trials
2025-09-29 10:10:40 -   Original distribution: {0: 0.5, 1: 0.5}
2025-09-29 10:10:40 -   Sampled distribution: {0: 0.5, 1: 0.5}
2025-09-29 10:10:41 - Subject P3_sub-010: Sampled 10/80 trials
2025-09-29 10:10:41 -   Original distribution: {0: 0.5, 1: 0.5}
2025-09-29 10:10:41 -   Sampled distribution: {0: 0.5, 1: 0.5}
2025-09-29 10:10:42 - Subject P3_sub-011: Sampled 10/80 trials
2025-09-29 10:10:42 -   Original distribution: {0: 0.5, 1: 0.5}
2025-09-29 10:10:42 -   Sampled distribution: {0: 0.5, 1: 0.5}
2025-09-29 10:10:43 - Subject P3_sub-012: Sampled 10/78 trials
2025-09-29 10:10:43 -   Original distribution: {0: 0.5, 1: 0.5}
2025-09-29 10:10:43 -   Sampled distribution: {0: 0.5, 1: 0.5}
2025-09-29 10:10:43 - Subject P3_sub-013: Sampled 10/80 trials
2025-09-29 10:10:43 -   Original distribution: {0: 0.5, 1: 0.5}
2025-09-29 10:10:43 -   Sampled distribution: {0: 0.5, 1: 0.5}
2025-09-29 10:10:44 - Subject P3_sub-014: Sampled 10/80 trials
2025-09-29 10:10:44 -   Original distribution: {0: 0.5, 1: 0.5}
2025-09-29 10:10:44 -   Sampled distribution: {0: 0.5, 1: 0.5}
2025-09-29 10:10:45 - Subject P3_sub-015: Sampled 10/80 trials
2025-09-29 10:10:45 -   Original distribution: {0: 0.5, 1: 0.5}
2025-09-29 10:10:45 -   Sampled distribution: {0: 0.5, 1: 0.5}
2025-09-29 10:10:46 - Subject P3_sub-016: Sampled 10/80 trials
2025-09-29 10:10:46 -   Original distribution: {0: 0.5, 1: 0.5}
2025-09-29 10:10:46 -   Sampled distribution: {0: 0.5, 1: 0.5}
2025-09-29 10:10:47 - Subject P3_sub-017: Sampled 10/80 trials
2025-09-29 10:10:47 -   Original distribution: {0: 0.5, 1: 0.5}
2025-09-29 10:10:47 -   Sampled distribution: {0: 0.5, 1: 0.5}
2025-09-29 10:10:47 - Subject P3_sub-018: Sampled 10/80 trials
2025-09-29 10:10:47 -   Original distribution: {0: 0.5, 1: 0.5}
2025-09-29 10:10:47 -   Sampled distribution: {0: 0.5, 1: 0.5}
2025-09-29 10:10:47 - Subject P3_sub-019: Sampled 10/80 trials
2025-09-29 10:10:47 -   Original distribution: {0: 0.5, 1: 0.5}
2025-09-29 10:10:47 -   Sampled distribution: {0: 0.5, 1: 0.5}
2025-09-29 10:10:47 - Subject P3_sub-020: Sampled 10/78 trials
2025-09-29 10:10:47 -   Original distribution: {0: 0.5, 1: 0.5}
2025-09-29 10:10:47 -   Sampled distribution: {0: 0.5, 1: 0.5}
2025-09-29 10:10:47 - Subject P3_sub-021: Sampled 10/80 trials
2025-09-29 10:10:47 -   Original distribution: {0: 0.5, 1: 0.5}
2025-09-29 10:10:47 -   Sampled distribution: {0: 0.5, 1: 0.5}
2025-09-29 10:10:48 - Subject P3_sub-022: Sampled 10/80 trials
2025-09-29 10:10:48 -   Original distribution: {0: 0.5, 1: 0.5}
2025-09-29 10:10:48 -   Sampled distribution: {0: 0.5, 1: 0.5}
2025-09-29 10:10:48 - Subject P3_sub-023: Sampled 10/78 trials
2025-09-29 10:10:48 -   Original distribution: {0: 0.5, 1: 0.5}
2025-09-29 10:10:48 -   Sampled distribution: {0: 0.5, 1: 0.5}
2025-09-29 10:10:48 - Subject P3_sub-024: Sampled 10/80 trials
2025-09-29 10:10:48 -   Original distribution: {0: 0.5, 1: 0.5}
2025-09-29 10:10:48 -   Sampled distribution: {0: 0.5, 1: 0.5}
2025-09-29 10:10:48 - Subject P3_sub-025: Sampled 10/80 trials
2025-09-29 10:10:48 -   Original distribution: {0: 0.5, 1: 0.5}
2025-09-29 10:10:48 -   Sampled distribution: {0: 0.5, 1: 0.5}
2025-09-29 10:10:48 - Subject P3_sub-026: Sampled 10/80 trials
2025-09-29 10:10:48 -   Original distribution: {0: 0.5, 1: 0.5}
2025-09-29 10:10:48 -   Sampled distribution: {0: 0.5, 1: 0.5}
2025-09-29 10:10:48 - Subject P3_sub-027: Sampled 10/80 trials
2025-09-29 10:10:48 -   Original distribution: {0: 0.5, 1: 0.5}
2025-09-29 10:10:48 -   Sampled distribution: {0: 0.5, 1: 0.5}
2025-09-29 10:10:48 - Subject P3_sub-028: Sampled 10/80 trials
2025-09-29 10:10:48 -   Original distribution: {0: 0.5, 1: 0.5}
2025-09-29 10:10:48 -   Sampled distribution: {0: 0.5, 1: 0.5}
2025-09-29 10:10:49 - Subject P3_sub-029: Sampled 10/80 trials
2025-09-29 10:10:49 -   Original distribution: {0: 0.5, 1: 0.5}
2025-09-29 10:10:49 -   Sampled distribution: {0: 0.5, 1: 0.5}
2025-09-29 10:10:49 - Subject P3_sub-030: Sampled 10/80 trials
2025-09-29 10:10:49 -   Original distribution: {0: 0.5, 1: 0.5}
2025-09-29 10:10:49 -   Sampled distribution: {0: 0.5, 1: 0.5}
2025-09-29 10:10:49 - Subject P3_sub-031: Sampled 10/80 trials
2025-09-29 10:10:49 -   Original distribution: {0: 0.5, 1: 0.5}
2025-09-29 10:10:49 -   Sampled distribution: {0: 0.5, 1: 0.5}
2025-09-29 10:10:49 - Subject P3_sub-032: Sampled 10/80 trials
2025-09-29 10:10:49 -   Original distribution: {0: 0.5, 1: 0.5}
2025-09-29 10:10:49 -   Sampled distribution: {0: 0.5, 1: 0.5}
2025-09-29 10:10:49 - Subject P3_sub-033: Sampled 10/80 trials
2025-09-29 10:10:49 -   Original distribution: {0: 0.5, 1: 0.5}
2025-09-29 10:10:49 -   Sampled distribution: {0: 0.5, 1: 0.5}
2025-09-29 10:10:49 - Subject P3_sub-034: Sampled 10/80 trials
2025-09-29 10:10:49 -   Original distribution: {0: 0.5, 1: 0.5}
2025-09-29 10:10:49 -   Sampled distribution: {0: 0.5, 1: 0.5}
2025-09-29 10:10:49 - Subject P3_sub-035: Sampled 10/78 trials
2025-09-29 10:10:49 -   Original distribution: {0: 0.5, 1: 0.5}
2025-09-29 10:10:49 -   Sampled distribution: {0: 0.5, 1: 0.5}
2025-09-29 10:10:50 - Subject P3_sub-036: Sampled 10/80 trials
2025-09-29 10:10:50 -   Original distribution: {0: 0.5, 1: 0.5}
2025-09-29 10:10:50 -   Sampled distribution: {0: 0.5, 1: 0.5}
2025-09-29 10:10:50 - Subject P3_sub-037: Sampled 10/78 trials
2025-09-29 10:10:50 -   Original distribution: {0: 0.5, 1: 0.5}
2025-09-29 10:10:50 -   Sampled distribution: {0: 0.5, 1: 0.5}
2025-09-29 10:10:50 - Subject P3_sub-038: Sampled 10/80 trials
2025-09-29 10:10:50 -   Original distribution: {0: 0.5, 1: 0.5}
2025-09-29 10:10:50 -   Sampled distribution: {0: 0.5, 1: 0.5}
2025-09-29 10:10:50 - Subject P3_sub-039: Sampled 10/80 trials
2025-09-29 10:10:50 -   Original distribution: {0: 0.5, 1: 0.5}
2025-09-29 10:10:50 -   Sampled distribution: {0: 0.5, 1: 0.5}
2025-09-29 10:10:50 - Subject P3_sub-040: Sampled 10/80 trials
2025-09-29 10:10:50 -   Original distribution: {0: 0.5, 1: 0.5}
2025-09-29 10:10:50 -   Sampled distribution: {0: 0.5, 1: 0.5}
2025-09-29 10:10:50 - Loading dataset for CV: AVO
2025-09-29 10:11:05 - Subject AVO_038: Sampled 80/100 trials
2025-09-29 10:11:05 -   Original distribution: {0: 0.5, 1: 0.5}
2025-09-29 10:11:05 -   Sampled distribution: {0: 0.5, 1: 0.5}
2025-09-29 10:11:05 - Subject AVO_032: Sampled 80/96 trials
2025-09-29 10:11:05 -   Original distribution: {0: 0.5, 1: 0.5}
2025-09-29 10:11:05 -   Sampled distribution: {0: 0.5, 1: 0.5}
2025-09-29 10:11:05 - Subject AVO_024: Sampled 80/92 trials
2025-09-29 10:11:05 -   Original distribution: {0: 0.5, 1: 0.5}
2025-09-29 10:11:05 -   Sampled distribution: {0: 0.5, 1: 0.5}
2025-09-29 10:11:06 - Subject AVO_047: Sampled 80/92 trials
2025-09-29 10:11:06 -   Original distribution: {0: 0.5, 1: 0.5}
2025-09-29 10:11:06 -   Sampled distribution: {0: 0.5, 1: 0.5}
2025-09-29 10:11:06 - Subject AVO_003: Sampled 80/88 trials
2025-09-29 10:11:06 -   Original distribution: {0: 0.5, 1: 0.5}
2025-09-29 10:11:06 -   Sampled distribution: {0: 0.5, 1: 0.5}
2025-09-29 10:11:06 - Subject AVO_031: Sampled 80/88 trials
2025-09-29 10:11:06 -   Original distribution: {0: 0.5, 1: 0.5}
2025-09-29 10:11:06 -   Sampled distribution: {0: 0.5, 1: 0.5}
2025-09-29 10:11:06 - Subject AVO_035: Sampled 80/88 trials
2025-09-29 10:11:06 -   Original distribution: {0: 0.5, 1: 0.5}
2025-09-29 10:11:06 -   Sampled distribution: {0: 0.5, 1: 0.5}
2025-09-29 10:11:06 - Subject AVO_048: Sampled 80/88 trials
2025-09-29 10:11:06 -   Original distribution: {0: 0.5, 1: 0.5}
2025-09-29 10:11:06 -   Sampled distribution: {0: 0.5, 1: 0.5}
2025-09-29 10:11:06 - Subject AVO_037: Sampled 80/86 trials
2025-09-29 10:11:06 -   Original distribution: {0: 0.5, 1: 0.5}
2025-09-29 10:11:06 -   Sampled distribution: {0: 0.5, 1: 0.5}
2025-09-29 10:11:07 - Subject AVO_041: Sampled 80/86 trials
2025-09-29 10:11:07 -   Original distribution: {0: 0.5, 1: 0.5}
2025-09-29 10:11:07 -   Sampled distribution: {0: 0.5, 1: 0.5}
2025-09-29 10:11:07 - Subject AVO_004: Sampled 80/84 trials
2025-09-29 10:11:07 -   Original distribution: {0: 0.5, 1: 0.5}
2025-09-29 10:11:07 -   Sampled distribution: {0: 0.5, 1: 0.5}
2025-09-29 10:11:07 - Subject AVO_028: Sampled 80/84 trials
2025-09-29 10:11:07 -   Original distribution: {0: 0.5, 1: 0.5}
2025-09-29 10:11:07 -   Sampled distribution: {0: 0.5, 1: 0.5}
2025-09-29 10:11:07 - Subject AVO_029: Sampled 80/84 trials
2025-09-29 10:11:07 -   Original distribution: {0: 0.5, 1: 0.5}
2025-09-29 10:11:07 -   Sampled distribution: {0: 0.5, 1: 0.5}
2025-09-29 10:11:07 - Subject AVO_036: Sampled 80/84 trials
2025-09-29 10:11:07 -   Original distribution: {0: 0.5, 1: 0.5}
2025-09-29 10:11:07 -   Sampled distribution: {0: 0.5, 1: 0.5}
2025-09-29 10:11:07 - Subject AVO_040: Sampled 80/84 trials
2025-09-29 10:11:07 -   Original distribution: {0: 0.5, 1: 0.5}
2025-09-29 10:11:07 -   Sampled distribution: {0: 0.5, 1: 0.5}
2025-09-29 10:11:07 - Subject AVO_051: Sampled 80/84 trials
2025-09-29 10:11:07 -   Original distribution: {0: 0.5, 1: 0.5}
2025-09-29 10:11:07 -   Sampled distribution: {0: 0.5, 1: 0.5}
2025-09-29 10:11:08 - Subject AVO_021: Sampled 80/82 trials
2025-09-29 10:11:08 -   Original distribution: {0: 0.5, 1: 0.5}
2025-09-29 10:11:08 -   Sampled distribution: {0: 0.5, 1: 0.5}
2025-09-29 10:11:11 - Combined dataset summary: total=3448, P3=400, AVO=3048
2025-09-29 10:11:11 - Repeat 1/5
2025-09-29 10:11:11 -   Fold 1/5
2025-09-29 10:11:11 - Fold domains: small=P3 (n=284), large=AVO (n=2129)
2025-09-29 10:11:11 - Auto adjustments (symmetric): w_small≈1.000, lambda_MMD_target=0.300, warmup_epochs=5
2025-09-29 10:11:11 - Epoch 1/500 | LR=0.010000 | w_AVO=1.000 | w_P3=1.348 | lambda_MMD=0.060
2025-09-29 10:11:12 - Epoch Summary: TrainLoss=1.8896 | TrainAcc=0.546 | Val(P3)=0.588 | Val(AVO)=0.543
2025-09-29 10:11:12 - New best P3-val; checkpoint updated
2025-09-29 10:11:12 - Epoch 2/500 | LR=0.010000 | w_AVO=1.000 | w_P3=1.695 | lambda_MMD=0.120
2025-09-29 10:11:12 - Epoch Summary: TrainLoss=1.7293 | TrainAcc=0.589 | Val(P3)=0.618 | Val(AVO)=0.588
2025-09-29 10:11:12 - New best P3-val; checkpoint updated
2025-09-29 10:11:12 - Epoch 3/500 | LR=0.010000 | w_AVO=1.000 | w_P3=2.043 | lambda_MMD=0.180
2025-09-29 10:11:12 - Epoch Summary: TrainLoss=1.9044 | TrainAcc=0.601 | Val(P3)=0.559 | Val(AVO)=0.572
2025-09-29 10:11:12 - No P3-val improvement; patience remaining: 49/50
2025-09-29 10:11:12 - Epoch 4/500 | LR=0.009999 | w_AVO=1.000 | w_P3=2.390 | lambda_MMD=0.240
2025-09-29 10:11:12 - Epoch Summary: TrainLoss=1.9220 | TrainAcc=0.601 | Val(P3)=0.588 | Val(AVO)=0.621
2025-09-29 10:11:12 - No P3-val improvement; patience remaining: 48/50
2025-09-29 10:11:12 - Epoch 5/500 | LR=0.009998 | w_AVO=1.000 | w_P3=2.738 | lambda_MMD=0.300
2025-09-29 10:11:12 - Epoch Summary: TrainLoss=1.9562 | TrainAcc=0.618 | Val(P3)=0.471 | Val(AVO)=0.595
2025-09-29 10:11:12 - No P3-val improvement; patience remaining: 47/50
2025-09-29 10:11:12 - Epoch 6/500 | LR=0.009998 | w_AVO=1.000 | w_P3=2.738 | lambda_MMD=0.300
2025-09-29 10:11:12 - Epoch Summary: TrainLoss=1.9762 | TrainAcc=0.618 | Val(P3)=0.412 | Val(AVO)=0.608
2025-09-29 10:11:12 - No P3-val improvement; patience remaining: 46/50
2025-09-29 10:11:12 - P3 val decreasing 3x. Reducing w_small to 2.190, lambda_MMD to 0.150
2025-09-29 10:11:12 - Epoch 7/500 | LR=0.009996 | w_AVO=1.000 | w_P3=2.190 | lambda_MMD=0.150
2025-09-29 10:11:12 - Epoch Summary: TrainLoss=1.5671 | TrainAcc=0.619 | Val(P3)=0.588 | Val(AVO)=0.595
2025-09-29 10:11:12 - No P3-val improvement; patience remaining: 45/50
2025-09-29 10:11:12 - Epoch 8/500 | LR=0.009995 | w_AVO=1.000 | w_P3=2.738 | lambda_MMD=0.300
2025-09-29 10:11:12 - Epoch Summary: TrainLoss=1.8149 | TrainAcc=0.627 | Val(P3)=0.500 | Val(AVO)=0.646
2025-09-29 10:11:12 - No P3-val improvement; patience remaining: 44/50
2025-09-29 10:11:12 - Epoch 9/500 | LR=0.009994 | w_AVO=1.000 | w_P3=2.738 | lambda_MMD=0.300
2025-09-29 10:11:13 - Epoch Summary: TrainLoss=1.7050 | TrainAcc=0.624 | Val(P3)=0.441 | Val(AVO)=0.614
2025-09-29 10:11:13 - No P3-val improvement; patience remaining: 43/50
2025-09-29 10:11:13 - P3 val decreasing 3x. Reducing w_small to 2.190, lambda_MMD to 0.150
2025-09-29 10:11:13 - Epoch 10/500 | LR=0.009992 | w_AVO=1.000 | w_P3=2.190 | lambda_MMD=0.150
2025-09-29 10:11:13 - Epoch Summary: TrainLoss=1.5138 | TrainAcc=0.611 | Val(P3)=0.559 | Val(AVO)=0.572
2025-09-29 10:11:13 - No P3-val improvement; patience remaining: 42/50
2025-09-29 10:11:13 - AVO val decreasing 3x. Reducing lambda_MMD to 0.210
2025-09-29 10:11:13 - Epoch 11/500 | LR=0.009990 | w_AVO=1.000 | w_P3=2.738 | lambda_MMD=0.210
2025-09-29 10:11:13 - Epoch Summary: TrainLoss=1.6346 | TrainAcc=0.621 | Val(P3)=0.471 | Val(AVO)=0.614
2025-09-29 10:11:13 - No P3-val improvement; patience remaining: 41/50
2025-09-29 10:11:13 - Epoch 12/500 | LR=0.009988 | w_AVO=1.000 | w_P3=2.738 | lambda_MMD=0.300
2025-09-29 10:11:13 - Epoch Summary: TrainLoss=1.6162 | TrainAcc=0.628 | Val(P3)=0.500 | Val(AVO)=0.601
2025-09-29 10:11:13 - No P3-val improvement; patience remaining: 40/50
2025-09-29 10:11:13 - Epoch 13/500 | LR=0.009986 | w_AVO=1.000 | w_P3=2.738 | lambda_MMD=0.300
2025-09-29 10:11:13 - Epoch Summary: TrainLoss=1.5704 | TrainAcc=0.619 | Val(P3)=0.441 | Val(AVO)=0.630
2025-09-29 10:11:13 - No P3-val improvement; patience remaining: 39/50
2025-09-29 10:11:13 - Epoch 14/500 | LR=0.009983 | w_AVO=1.000 | w_P3=2.738 | lambda_MMD=0.300
2025-09-29 10:11:13 - Epoch Summary: TrainLoss=1.5780 | TrainAcc=0.615 | Val(P3)=0.559 | Val(AVO)=0.653
2025-09-29 10:11:13 - No P3-val improvement; patience remaining: 38/50
2025-09-29 10:11:13 - Epoch 15/500 | LR=0.009981 | w_AVO=1.000 | w_P3=2.738 | lambda_MMD=0.300
2025-09-29 10:11:13 - Epoch Summary: TrainLoss=1.4567 | TrainAcc=0.630 | Val(P3)=0.500 | Val(AVO)=0.588
2025-09-29 10:11:13 - No P3-val improvement; patience remaining: 37/50
2025-09-29 10:11:13 - Epoch 16/500 | LR=0.009978 | w_AVO=1.000 | w_P3=2.738 | lambda_MMD=0.300
2025-09-29 10:11:14 - Epoch Summary: TrainLoss=1.5230 | TrainAcc=0.633 | Val(P3)=0.441 | Val(AVO)=0.640
2025-09-29 10:11:14 - No P3-val improvement; patience remaining: 36/50
2025-09-29 10:11:14 - P3 val decreasing 3x. Reducing w_small to 2.190, lambda_MMD to 0.150
2025-09-29 10:11:14 - Epoch 17/500 | LR=0.009975 | w_AVO=1.000 | w_P3=2.190 | lambda_MMD=0.150
2025-09-29 10:11:14 - Epoch Summary: TrainLoss=1.3390 | TrainAcc=0.632 | Val(P3)=0.471 | Val(AVO)=0.614
2025-09-29 10:11:14 - No P3-val improvement; patience remaining: 35/50
2025-09-29 10:11:14 - Epoch 18/500 | LR=0.009972 | w_AVO=1.000 | w_P3=2.738 | lambda_MMD=0.300
2025-09-29 10:11:14 - Epoch Summary: TrainLoss=1.4070 | TrainAcc=0.628 | Val(P3)=0.529 | Val(AVO)=0.630
2025-09-29 10:11:14 - No P3-val improvement; patience remaining: 34/50
2025-09-29 10:11:14 - Epoch 19/500 | LR=0.009968 | w_AVO=1.000 | w_P3=2.738 | lambda_MMD=0.300
2025-09-29 10:11:14 - Epoch Summary: TrainLoss=1.4362 | TrainAcc=0.636 | Val(P3)=0.441 | Val(AVO)=0.601
2025-09-29 10:11:14 - No P3-val improvement; patience remaining: 33/50
2025-09-29 10:11:14 - Epoch 20/500 | LR=0.009964 | w_AVO=1.000 | w_P3=2.738 | lambda_MMD=0.300
2025-09-29 10:11:14 - Epoch Summary: TrainLoss=1.3968 | TrainAcc=0.635 | Val(P3)=0.441 | Val(AVO)=0.627
2025-09-29 10:11:14 - No P3-val improvement; patience remaining: 32/50
2025-09-29 10:11:14 - Epoch 21/500 | LR=0.009961 | w_AVO=1.000 | w_P3=2.738 | lambda_MMD=0.300
2025-09-29 10:11:14 - Epoch Summary: TrainLoss=1.3874 | TrainAcc=0.635 | Val(P3)=0.441 | Val(AVO)=0.675
2025-09-29 10:11:14 - No P3-val improvement; patience remaining: 31/50
2025-09-29 10:11:14 - Epoch 22/500 | LR=0.009957 | w_AVO=1.000 | w_P3=2.738 | lambda_MMD=0.300
2025-09-29 10:11:14 - Epoch Summary: TrainLoss=1.3830 | TrainAcc=0.640 | Val(P3)=0.471 | Val(AVO)=0.621
2025-09-29 10:11:14 - No P3-val improvement; patience remaining: 30/50
2025-09-29 10:11:14 - Epoch 23/500 | LR=0.009952 | w_AVO=1.000 | w_P3=2.738 | lambda_MMD=0.300
2025-09-29 10:11:15 - Epoch Summary: TrainLoss=1.3502 | TrainAcc=0.644 | Val(P3)=0.441 | Val(AVO)=0.595
2025-09-29 10:11:15 - No P3-val improvement; patience remaining: 29/50
2025-09-29 10:11:15 - AVO val decreasing 3x. Reducing lambda_MMD to 0.210
2025-09-29 10:11:15 - Epoch 24/500 | LR=0.009948 | w_AVO=1.000 | w_P3=2.738 | lambda_MMD=0.210
2025-09-29 10:11:15 - Epoch Summary: TrainLoss=1.2884 | TrainAcc=0.636 | Val(P3)=0.500 | Val(AVO)=0.617
2025-09-29 10:11:15 - No P3-val improvement; patience remaining: 28/50
2025-09-29 10:11:15 - Epoch 25/500 | LR=0.009943 | w_AVO=1.000 | w_P3=2.738 | lambda_MMD=0.300
2025-09-29 10:11:15 - Epoch Summary: TrainLoss=1.3270 | TrainAcc=0.650 | Val(P3)=0.441 | Val(AVO)=0.592
2025-09-29 10:11:15 - No P3-val improvement; patience remaining: 27/50
2025-09-29 10:11:15 - Epoch 26/500 | LR=0.009938 | w_AVO=1.000 | w_P3=2.738 | lambda_MMD=0.300
2025-09-29 10:11:15 - Epoch Summary: TrainLoss=1.3594 | TrainAcc=0.639 | Val(P3)=0.529 | Val(AVO)=0.650
2025-09-29 10:11:15 - No P3-val improvement; patience remaining: 26/50
2025-09-29 10:11:15 - Epoch 27/500 | LR=0.009933 | w_AVO=1.000 | w_P3=2.738 | lambda_MMD=0.300
2025-09-29 10:11:15 - Epoch Summary: TrainLoss=1.3377 | TrainAcc=0.637 | Val(P3)=0.441 | Val(AVO)=0.653
2025-09-29 10:11:15 - No P3-val improvement; patience remaining: 25/50
2025-09-29 10:11:15 - Epoch 28/500 | LR=0.009928 | w_AVO=1.000 | w_P3=2.738 | lambda_MMD=0.300
2025-09-29 10:11:15 - Epoch Summary: TrainLoss=1.2965 | TrainAcc=0.638 | Val(P3)=0.441 | Val(AVO)=0.640
2025-09-29 10:11:15 - No P3-val improvement; patience remaining: 24/50
2025-09-29 10:11:15 - Epoch 29/500 | LR=0.009923 | w_AVO=1.000 | w_P3=2.738 | lambda_MMD=0.300
2025-09-29 10:11:15 - Epoch Summary: TrainLoss=1.3115 | TrainAcc=0.632 | Val(P3)=0.500 | Val(AVO)=0.678
2025-09-29 10:11:15 - No P3-val improvement; patience remaining: 23/50
2025-09-29 10:11:15 - Epoch 30/500 | LR=0.009917 | w_AVO=1.000 | w_P3=2.738 | lambda_MMD=0.300
2025-09-29 10:11:16 - Epoch Summary: TrainLoss=1.3136 | TrainAcc=0.629 | Val(P3)=0.529 | Val(AVO)=0.659
2025-09-29 10:11:16 - No P3-val improvement; patience remaining: 22/50
2025-09-29 10:11:16 - Epoch 31/500 | LR=0.009911 | w_AVO=1.000 | w_P3=2.738 | lambda_MMD=0.300
2025-09-29 10:11:16 - Epoch Summary: TrainLoss=1.3322 | TrainAcc=0.642 | Val(P3)=0.471 | Val(AVO)=0.646
2025-09-29 10:11:16 - No P3-val improvement; patience remaining: 21/50
2025-09-29 10:11:16 - AVO val decreasing 3x. Reducing lambda_MMD to 0.210
2025-09-29 10:11:16 - Epoch 32/500 | LR=0.009905 | w_AVO=1.000 | w_P3=2.738 | lambda_MMD=0.210
2025-09-29 10:11:16 - Epoch Summary: TrainLoss=1.2846 | TrainAcc=0.635 | Val(P3)=0.500 | Val(AVO)=0.630
2025-09-29 10:11:16 - No P3-val improvement; patience remaining: 20/50
2025-09-29 10:11:16 - AVO val decreasing 3x. Reducing lambda_MMD to 0.210
2025-09-29 10:11:16 - Epoch 33/500 | LR=0.009899 | w_AVO=1.000 | w_P3=2.738 | lambda_MMD=0.210
2025-09-29 10:11:16 - Epoch Summary: TrainLoss=1.2442 | TrainAcc=0.640 | Val(P3)=0.618 | Val(AVO)=0.640
2025-09-29 10:11:16 - No P3-val improvement; patience remaining: 19/50
2025-09-29 10:11:16 - Epoch 34/500 | LR=0.009893 | w_AVO=1.000 | w_P3=2.738 | lambda_MMD=0.300
2025-09-29 10:11:16 - Epoch Summary: TrainLoss=1.2649 | TrainAcc=0.629 | Val(P3)=0.529 | Val(AVO)=0.650
2025-09-29 10:11:16 - No P3-val improvement; patience remaining: 18/50
2025-09-29 10:11:16 - Epoch 35/500 | LR=0.009886 | w_AVO=1.000 | w_P3=2.738 | lambda_MMD=0.300
2025-09-29 10:11:16 - Epoch Summary: TrainLoss=1.2674 | TrainAcc=0.643 | Val(P3)=0.500 | Val(AVO)=0.643
2025-09-29 10:11:16 - No P3-val improvement; patience remaining: 17/50
2025-09-29 10:11:16 - P3 val decreasing 3x. Reducing w_small to 2.190, lambda_MMD to 0.150
2025-09-29 10:11:16 - Epoch 36/500 | LR=0.009880 | w_AVO=1.000 | w_P3=2.190 | lambda_MMD=0.150
2025-09-29 10:11:16 - Epoch Summary: TrainLoss=1.1456 | TrainAcc=0.645 | Val(P3)=0.588 | Val(AVO)=0.643
2025-09-29 10:11:16 - No P3-val improvement; patience remaining: 16/50
2025-09-29 10:11:16 - Epoch 37/500 | LR=0.009873 | w_AVO=1.000 | w_P3=2.738 | lambda_MMD=0.300
2025-09-29 10:11:17 - Epoch Summary: TrainLoss=1.2547 | TrainAcc=0.655 | Val(P3)=0.559 | Val(AVO)=0.678
2025-09-29 10:11:17 - No P3-val improvement; patience remaining: 15/50
2025-09-29 10:11:17 - Epoch 38/500 | LR=0.009865 | w_AVO=1.000 | w_P3=2.738 | lambda_MMD=0.300
2025-09-29 10:11:17 - Epoch Summary: TrainLoss=1.2526 | TrainAcc=0.638 | Val(P3)=0.412 | Val(AVO)=0.669
2025-09-29 10:11:17 - No P3-val improvement; patience remaining: 14/50
2025-09-29 10:11:17 - P3 val decreasing 3x. Reducing w_small to 2.190, lambda_MMD to 0.150
2025-09-29 10:11:17 - Epoch 39/500 | LR=0.009858 | w_AVO=1.000 | w_P3=2.190 | lambda_MMD=0.150
2025-09-29 10:11:17 - Epoch Summary: TrainLoss=1.0521 | TrainAcc=0.675 | Val(P3)=0.559 | Val(AVO)=0.643
2025-09-29 10:11:17 - No P3-val improvement; patience remaining: 13/50
2025-09-29 10:11:17 - AVO val decreasing 3x. Reducing lambda_MMD to 0.210
2025-09-29 10:11:17 - Epoch 40/500 | LR=0.009851 | w_AVO=1.000 | w_P3=2.738 | lambda_MMD=0.210
2025-09-29 10:11:17 - Epoch Summary: TrainLoss=1.1986 | TrainAcc=0.649 | Val(P3)=0.441 | Val(AVO)=0.669
2025-09-29 10:11:17 - No P3-val improvement; patience remaining: 12/50
2025-09-29 10:11:17 - Epoch 41/500 | LR=0.009843 | w_AVO=1.000 | w_P3=2.738 | lambda_MMD=0.300
2025-09-29 10:11:17 - Epoch Summary: TrainLoss=1.1837 | TrainAcc=0.642 | Val(P3)=0.559 | Val(AVO)=0.621
2025-09-29 10:11:17 - No P3-val improvement; patience remaining: 11/50
2025-09-29 10:11:17 - Epoch 42/500 | LR=0.009835 | w_AVO=1.000 | w_P3=2.738 | lambda_MMD=0.300
2025-09-29 10:11:17 - Epoch Summary: TrainLoss=1.1735 | TrainAcc=0.651 | Val(P3)=0.559 | Val(AVO)=0.637
2025-09-29 10:11:17 - No P3-val improvement; patience remaining: 10/50
2025-09-29 10:11:17 - Epoch 43/500 | LR=0.009827 | w_AVO=1.000 | w_P3=2.738 | lambda_MMD=0.300
2025-09-29 10:11:17 - Epoch Summary: TrainLoss=1.1906 | TrainAcc=0.650 | Val(P3)=0.559 | Val(AVO)=0.688
2025-09-29 10:11:17 - No P3-val improvement; patience remaining: 9/50
2025-09-29 10:11:17 - Epoch 44/500 | LR=0.009819 | w_AVO=1.000 | w_P3=2.738 | lambda_MMD=0.300
2025-09-29 10:11:18 - Epoch Summary: TrainLoss=1.2048 | TrainAcc=0.630 | Val(P3)=0.529 | Val(AVO)=0.656
2025-09-29 10:11:18 - No P3-val improvement; patience remaining: 8/50
2025-09-29 10:11:18 - Epoch 45/500 | LR=0.009810 | w_AVO=1.000 | w_P3=2.738 | lambda_MMD=0.300
2025-09-29 10:11:18 - Epoch Summary: TrainLoss=1.1940 | TrainAcc=0.644 | Val(P3)=0.471 | Val(AVO)=0.624
2025-09-29 10:11:18 - No P3-val improvement; patience remaining: 7/50
2025-09-29 10:11:18 - P3 val decreasing 3x. Reducing w_small to 2.190, lambda_MMD to 0.150
2025-09-29 10:11:18 - AVO val decreasing 3x. Reducing lambda_MMD to 0.105
2025-09-29 10:11:18 - Epoch 46/500 | LR=0.009801 | w_AVO=1.000 | w_P3=2.190 | lambda_MMD=0.105
2025-09-29 10:11:18 - Epoch Summary: TrainLoss=1.0620 | TrainAcc=0.653 | Val(P3)=0.529 | Val(AVO)=0.672
2025-09-29 10:11:18 - No P3-val improvement; patience remaining: 6/50
2025-09-29 10:11:18 - Epoch 47/500 | LR=0.009793 | w_AVO=1.000 | w_P3=2.738 | lambda_MMD=0.300
2025-09-29 10:11:18 - Epoch Summary: TrainLoss=1.2002 | TrainAcc=0.642 | Val(P3)=0.529 | Val(AVO)=0.650
2025-09-29 10:11:18 - No P3-val improvement; patience remaining: 5/50
2025-09-29 10:11:18 - Epoch 48/500 | LR=0.009784 | w_AVO=1.000 | w_P3=2.738 | lambda_MMD=0.300
2025-09-29 10:11:18 - Epoch Summary: TrainLoss=1.2067 | TrainAcc=0.649 | Val(P3)=0.500 | Val(AVO)=0.637
2025-09-29 10:11:18 - No P3-val improvement; patience remaining: 4/50
2025-09-29 10:11:18 - AVO val decreasing 3x. Reducing lambda_MMD to 0.210
2025-09-29 10:11:18 - Epoch 49/500 | LR=0.009774 | w_AVO=1.000 | w_P3=2.738 | lambda_MMD=0.210
2025-09-29 10:11:18 - Epoch Summary: TrainLoss=1.1659 | TrainAcc=0.657 | Val(P3)=0.500 | Val(AVO)=0.640
2025-09-29 10:11:18 - No P3-val improvement; patience remaining: 3/50
2025-09-29 10:11:18 - Epoch 50/500 | LR=0.009765 | w_AVO=1.000 | w_P3=2.738 | lambda_MMD=0.300
2025-09-29 10:11:18 - Epoch Summary: TrainLoss=1.1255 | TrainAcc=0.652 | Val(P3)=0.559 | Val(AVO)=0.666
2025-09-29 10:11:18 - No P3-val improvement; patience remaining: 2/50
2025-09-29 10:11:18 - Epoch 51/500 | LR=0.009755 | w_AVO=1.000 | w_P3=2.738 | lambda_MMD=0.300
2025-09-29 10:11:19 - Epoch Summary: TrainLoss=1.1143 | TrainAcc=0.659 | Val(P3)=0.529 | Val(AVO)=0.659
2025-09-29 10:11:19 - No P3-val improvement; patience remaining: 1/50
2025-09-29 10:11:19 - Epoch 52/500 | LR=0.009745 | w_AVO=1.000 | w_P3=2.738 | lambda_MMD=0.300
2025-09-29 10:11:19 - Epoch Summary: TrainLoss=1.1935 | TrainAcc=0.658 | Val(P3)=0.559 | Val(AVO)=0.662
2025-09-29 10:11:19 - No P3-val improvement; patience remaining: 0/50
2025-09-29 10:11:19 - Early stopping triggered (P3-val)
2025-09-29 10:11:19 -     P3 Test | Acc=0.5976 P=0.6667 R=0.5652 F1=0.6118 AUC=0.5972 (n=82)
2025-09-29 10:11:19 -     AVO Test | Acc=0.6546 P=0.6219 R=0.7592 F1=0.6837 AUC=0.7249 (n=608)
2025-09-29 10:11:19 -     Overall Test Acc=0.6478
2025-09-29 10:11:19 -   Fold 2/5
2025-09-29 10:11:19 - Fold domains: small=P3 (n=277), large=AVO (n=2136)
2025-09-29 10:11:19 - Auto adjustments (symmetric): w_small≈1.000, lambda_MMD_target=0.300, warmup_epochs=5
2025-09-29 10:11:19 - Epoch 1/500 | LR=0.010000 | w_AVO=1.000 | w_P3=1.355 | lambda_MMD=0.060
2025-09-29 10:11:19 - Epoch Summary: TrainLoss=1.8959 | TrainAcc=0.551 | Val(P3)=0.676 | Val(AVO)=0.572
2025-09-29 10:11:19 - New best P3-val; checkpoint updated
2025-09-29 10:11:19 - Epoch 2/500 | LR=0.010000 | w_AVO=1.000 | w_P3=1.711 | lambda_MMD=0.120
2025-09-29 10:11:19 - Epoch Summary: TrainLoss=1.8290 | TrainAcc=0.566 | Val(P3)=0.618 | Val(AVO)=0.595
2025-09-29 10:11:19 - No P3-val improvement; patience remaining: 49/50
2025-09-29 10:11:19 - Epoch 3/500 | LR=0.010000 | w_AVO=1.000 | w_P3=2.066 | lambda_MMD=0.180
2025-09-29 10:11:19 - Epoch Summary: TrainLoss=1.8490 | TrainAcc=0.603 | Val(P3)=0.647 | Val(AVO)=0.563
2025-09-29 10:11:19 - No P3-val improvement; patience remaining: 48/50
2025-09-29 10:11:19 - Epoch 4/500 | LR=0.009999 | w_AVO=1.000 | w_P3=2.422 | lambda_MMD=0.240
2025-09-29 10:11:19 - Epoch Summary: TrainLoss=1.9491 | TrainAcc=0.605 | Val(P3)=0.647 | Val(AVO)=0.572
2025-09-29 10:11:19 - No P3-val improvement; patience remaining: 47/50
2025-09-29 10:11:19 - Epoch 5/500 | LR=0.009998 | w_AVO=1.000 | w_P3=2.777 | lambda_MMD=0.300
2025-09-29 10:11:19 - Epoch Summary: TrainLoss=2.0541 | TrainAcc=0.612 | Val(P3)=0.588 | Val(AVO)=0.598
2025-09-29 10:11:19 - No P3-val improvement; patience remaining: 46/50
2025-09-29 10:11:19 - Epoch 6/500 | LR=0.009998 | w_AVO=1.000 | w_P3=2.777 | lambda_MMD=0.300
2025-09-29 10:11:19 - Epoch Summary: TrainLoss=2.0468 | TrainAcc=0.616 | Val(P3)=0.676 | Val(AVO)=0.614
2025-09-29 10:11:19 - No P3-val improvement; patience remaining: 45/50
2025-09-29 10:11:19 - Epoch 7/500 | LR=0.009996 | w_AVO=1.000 | w_P3=2.777 | lambda_MMD=0.300
2025-09-29 10:11:20 - Epoch Summary: TrainLoss=1.8357 | TrainAcc=0.609 | Val(P3)=0.676 | Val(AVO)=0.617
2025-09-29 10:11:20 - No P3-val improvement; patience remaining: 44/50
2025-09-29 10:11:20 - Epoch 8/500 | LR=0.009995 | w_AVO=1.000 | w_P3=2.777 | lambda_MMD=0.300
2025-09-29 10:11:20 - Epoch Summary: TrainLoss=1.8177 | TrainAcc=0.629 | Val(P3)=0.559 | Val(AVO)=0.556
2025-09-29 10:11:20 - No P3-val improvement; patience remaining: 43/50
2025-09-29 10:11:20 - Epoch 9/500 | LR=0.009994 | w_AVO=1.000 | w_P3=2.777 | lambda_MMD=0.300
2025-09-29 10:11:20 - Epoch Summary: TrainLoss=1.8344 | TrainAcc=0.618 | Val(P3)=0.676 | Val(AVO)=0.621
2025-09-29 10:11:20 - No P3-val improvement; patience remaining: 42/50
2025-09-29 10:11:20 - Epoch 10/500 | LR=0.009992 | w_AVO=1.000 | w_P3=2.777 | lambda_MMD=0.300
2025-09-29 10:11:20 - Epoch Summary: TrainLoss=1.7481 | TrainAcc=0.623 | Val(P3)=0.618 | Val(AVO)=0.611
2025-09-29 10:11:20 - No P3-val improvement; patience remaining: 41/50
2025-09-29 10:11:20 - Epoch 11/500 | LR=0.009990 | w_AVO=1.000 | w_P3=2.777 | lambda_MMD=0.300
2025-09-29 10:11:20 - Epoch Summary: TrainLoss=1.6692 | TrainAcc=0.627 | Val(P3)=0.618 | Val(AVO)=0.640
2025-09-29 10:11:20 - No P3-val improvement; patience remaining: 40/50
2025-09-29 10:11:20 - Epoch 12/500 | LR=0.009988 | w_AVO=1.000 | w_P3=2.777 | lambda_MMD=0.300
2025-09-29 10:11:20 - Epoch Summary: TrainLoss=1.6562 | TrainAcc=0.626 | Val(P3)=0.676 | Val(AVO)=0.650
2025-09-29 10:11:20 - No P3-val improvement; patience remaining: 39/50
2025-09-29 10:11:20 - Epoch 13/500 | LR=0.009986 | w_AVO=1.000 | w_P3=2.777 | lambda_MMD=0.300
2025-09-29 10:11:20 - Epoch Summary: TrainLoss=1.5954 | TrainAcc=0.626 | Val(P3)=0.647 | Val(AVO)=0.646
2025-09-29 10:11:20 - No P3-val improvement; patience remaining: 38/50
2025-09-29 10:11:20 - Epoch 14/500 | LR=0.009983 | w_AVO=1.000 | w_P3=2.777 | lambda_MMD=0.300
2025-09-29 10:11:20 - Epoch Summary: TrainLoss=1.6557 | TrainAcc=0.614 | Val(P3)=0.618 | Val(AVO)=0.624
2025-09-29 10:11:20 - No P3-val improvement; patience remaining: 37/50
2025-09-29 10:11:20 - P3 val decreasing 3x. Reducing w_small to 2.222, lambda_MMD to 0.150
2025-09-29 10:11:20 - AVO val decreasing 3x. Reducing lambda_MMD to 0.105
2025-09-29 10:11:20 - Epoch 15/500 | LR=0.009981 | w_AVO=1.000 | w_P3=2.222 | lambda_MMD=0.105
2025-09-29 10:11:21 - Epoch Summary: TrainLoss=1.4144 | TrainAcc=0.634 | Val(P3)=0.559 | Val(AVO)=0.621
2025-09-29 10:11:21 - No P3-val improvement; patience remaining: 36/50
2025-09-29 10:11:21 - P3 val decreasing 3x. Reducing w_small to 2.222, lambda_MMD to 0.150
2025-09-29 10:11:21 - AVO val decreasing 3x. Reducing lambda_MMD to 0.105
2025-09-29 10:11:21 - Epoch 16/500 | LR=0.009978 | w_AVO=1.000 | w_P3=2.222 | lambda_MMD=0.105
2025-09-29 10:11:21 - Epoch Summary: TrainLoss=1.3517 | TrainAcc=0.638 | Val(P3)=0.559 | Val(AVO)=0.621
2025-09-29 10:11:21 - No P3-val improvement; patience remaining: 35/50
2025-09-29 10:11:21 - Epoch 17/500 | LR=0.009975 | w_AVO=1.000 | w_P3=2.777 | lambda_MMD=0.300
2025-09-29 10:11:21 - Epoch Summary: TrainLoss=1.5266 | TrainAcc=0.635 | Val(P3)=0.559 | Val(AVO)=0.633
2025-09-29 10:11:21 - No P3-val improvement; patience remaining: 34/50
2025-09-29 10:11:21 - Epoch 18/500 | LR=0.009972 | w_AVO=1.000 | w_P3=2.777 | lambda_MMD=0.300
2025-09-29 10:11:21 - Epoch Summary: TrainLoss=1.4401 | TrainAcc=0.632 | Val(P3)=0.618 | Val(AVO)=0.662
2025-09-29 10:11:21 - No P3-val improvement; patience remaining: 33/50
2025-09-29 10:11:21 - Epoch 19/500 | LR=0.009968 | w_AVO=1.000 | w_P3=2.777 | lambda_MMD=0.300
2025-09-29 10:11:21 - Epoch Summary: TrainLoss=1.4490 | TrainAcc=0.642 | Val(P3)=0.647 | Val(AVO)=0.630
2025-09-29 10:11:21 - No P3-val improvement; patience remaining: 32/50
2025-09-29 10:11:21 - Epoch 20/500 | LR=0.009964 | w_AVO=1.000 | w_P3=2.777 | lambda_MMD=0.300
2025-09-29 10:11:21 - Epoch Summary: TrainLoss=1.4759 | TrainAcc=0.630 | Val(P3)=0.647 | Val(AVO)=0.659
2025-09-29 10:11:21 - No P3-val improvement; patience remaining: 31/50
2025-09-29 10:11:21 - Epoch 21/500 | LR=0.009961 | w_AVO=1.000 | w_P3=2.777 | lambda_MMD=0.300
2025-09-29 10:11:21 - Epoch Summary: TrainLoss=1.4700 | TrainAcc=0.632 | Val(P3)=0.618 | Val(AVO)=0.646
2025-09-29 10:11:21 - No P3-val improvement; patience remaining: 30/50
2025-09-29 10:11:21 - Epoch 22/500 | LR=0.009957 | w_AVO=1.000 | w_P3=2.777 | lambda_MMD=0.300
2025-09-29 10:11:21 - Epoch Summary: TrainLoss=1.4184 | TrainAcc=0.635 | Val(P3)=0.559 | Val(AVO)=0.685
2025-09-29 10:11:21 - No P3-val improvement; patience remaining: 29/50
2025-09-29 10:11:21 - P3 val decreasing 3x. Reducing w_small to 2.222, lambda_MMD to 0.150
2025-09-29 10:11:21 - Epoch 23/500 | LR=0.009952 | w_AVO=1.000 | w_P3=2.222 | lambda_MMD=0.150
2025-09-29 10:11:22 - Epoch Summary: TrainLoss=1.2497 | TrainAcc=0.648 | Val(P3)=0.647 | Val(AVO)=0.659
2025-09-29 10:11:22 - No P3-val improvement; patience remaining: 28/50
2025-09-29 10:11:22 - Epoch 24/500 | LR=0.009948 | w_AVO=1.000 | w_P3=2.777 | lambda_MMD=0.300
2025-09-29 10:11:22 - Epoch Summary: TrainLoss=1.3765 | TrainAcc=0.648 | Val(P3)=0.559 | Val(AVO)=0.640
2025-09-29 10:11:22 - No P3-val improvement; patience remaining: 27/50
2025-09-29 10:11:22 - AVO val decreasing 3x. Reducing lambda_MMD to 0.210
2025-09-29 10:11:22 - Epoch 25/500 | LR=0.009943 | w_AVO=1.000 | w_P3=2.777 | lambda_MMD=0.210
2025-09-29 10:11:22 - Epoch Summary: TrainLoss=1.2957 | TrainAcc=0.661 | Val(P3)=0.588 | Val(AVO)=0.637
2025-09-29 10:11:22 - No P3-val improvement; patience remaining: 26/50
2025-09-29 10:11:22 - AVO val decreasing 3x. Reducing lambda_MMD to 0.210
2025-09-29 10:11:22 - Epoch 26/500 | LR=0.009938 | w_AVO=1.000 | w_P3=2.777 | lambda_MMD=0.210
2025-09-29 10:11:22 - Epoch Summary: TrainLoss=1.3391 | TrainAcc=0.636 | Val(P3)=0.618 | Val(AVO)=0.659
2025-09-29 10:11:22 - No P3-val improvement; patience remaining: 25/50
2025-09-29 10:11:22 - Epoch 27/500 | LR=0.009933 | w_AVO=1.000 | w_P3=2.777 | lambda_MMD=0.300
2025-09-29 10:11:22 - Epoch Summary: TrainLoss=1.3399 | TrainAcc=0.636 | Val(P3)=0.588 | Val(AVO)=0.656
2025-09-29 10:11:22 - No P3-val improvement; patience remaining: 24/50
2025-09-29 10:11:22 - Epoch 28/500 | LR=0.009928 | w_AVO=1.000 | w_P3=2.777 | lambda_MMD=0.300
2025-09-29 10:11:22 - Epoch Summary: TrainLoss=1.3374 | TrainAcc=0.649 | Val(P3)=0.559 | Val(AVO)=0.666
2025-09-29 10:11:22 - No P3-val improvement; patience remaining: 23/50
2025-09-29 10:11:22 - P3 val decreasing 3x. Reducing w_small to 2.222, lambda_MMD to 0.150
2025-09-29 10:11:22 - Epoch 29/500 | LR=0.009923 | w_AVO=1.000 | w_P3=2.222 | lambda_MMD=0.150
2025-09-29 10:11:22 - Epoch Summary: TrainLoss=1.2386 | TrainAcc=0.667 | Val(P3)=0.529 | Val(AVO)=0.640
2025-09-29 10:11:22 - No P3-val improvement; patience remaining: 22/50
2025-09-29 10:11:22 - P3 val decreasing 3x. Reducing w_small to 2.222, lambda_MMD to 0.150
2025-09-29 10:11:22 - Epoch 30/500 | LR=0.009917 | w_AVO=1.000 | w_P3=2.222 | lambda_MMD=0.150
2025-09-29 10:11:23 - Epoch Summary: TrainLoss=1.2117 | TrainAcc=0.654 | Val(P3)=0.588 | Val(AVO)=0.624
2025-09-29 10:11:23 - No P3-val improvement; patience remaining: 21/50
2025-09-29 10:11:23 - AVO val decreasing 3x. Reducing lambda_MMD to 0.210
2025-09-29 10:11:23 - Epoch 31/500 | LR=0.009911 | w_AVO=1.000 | w_P3=2.777 | lambda_MMD=0.210
2025-09-29 10:11:23 - Epoch Summary: TrainLoss=1.2817 | TrainAcc=0.652 | Val(P3)=0.618 | Val(AVO)=0.624
2025-09-29 10:11:23 - No P3-val improvement; patience remaining: 20/50
2025-09-29 10:11:23 - Epoch 32/500 | LR=0.009905 | w_AVO=1.000 | w_P3=2.777 | lambda_MMD=0.300
2025-09-29 10:11:23 - Epoch Summary: TrainLoss=1.3558 | TrainAcc=0.640 | Val(P3)=0.529 | Val(AVO)=0.643
2025-09-29 10:11:23 - No P3-val improvement; patience remaining: 19/50
2025-09-29 10:11:23 - Epoch 33/500 | LR=0.009899 | w_AVO=1.000 | w_P3=2.777 | lambda_MMD=0.300
2025-09-29 10:11:23 - Epoch Summary: TrainLoss=1.3403 | TrainAcc=0.662 | Val(P3)=0.529 | Val(AVO)=0.627
2025-09-29 10:11:23 - No P3-val improvement; patience remaining: 18/50
2025-09-29 10:11:23 - Epoch 34/500 | LR=0.009893 | w_AVO=1.000 | w_P3=2.777 | lambda_MMD=0.300
2025-09-29 10:11:23 - Epoch Summary: TrainLoss=1.3524 | TrainAcc=0.646 | Val(P3)=0.529 | Val(AVO)=0.643
2025-09-29 10:11:23 - No P3-val improvement; patience remaining: 17/50
2025-09-29 10:11:23 - Epoch 35/500 | LR=0.009886 | w_AVO=1.000 | w_P3=2.777 | lambda_MMD=0.300
2025-09-29 10:11:23 - Epoch Summary: TrainLoss=1.3000 | TrainAcc=0.657 | Val(P3)=0.588 | Val(AVO)=0.653
2025-09-29 10:11:23 - No P3-val improvement; patience remaining: 16/50
2025-09-29 10:11:23 - Epoch 36/500 | LR=0.009880 | w_AVO=1.000 | w_P3=2.777 | lambda_MMD=0.300
2025-09-29 10:11:23 - Epoch Summary: TrainLoss=1.2832 | TrainAcc=0.663 | Val(P3)=0.559 | Val(AVO)=0.653
2025-09-29 10:11:23 - No P3-val improvement; patience remaining: 15/50
2025-09-29 10:11:23 - Epoch 37/500 | LR=0.009873 | w_AVO=1.000 | w_P3=2.777 | lambda_MMD=0.300
2025-09-29 10:11:23 - Epoch Summary: TrainLoss=1.2344 | TrainAcc=0.662 | Val(P3)=0.588 | Val(AVO)=0.678
2025-09-29 10:11:23 - No P3-val improvement; patience remaining: 14/50
2025-09-29 10:11:23 - Epoch 38/500 | LR=0.009865 | w_AVO=1.000 | w_P3=2.777 | lambda_MMD=0.300
2025-09-29 10:11:24 - Epoch Summary: TrainLoss=1.3133 | TrainAcc=0.640 | Val(P3)=0.559 | Val(AVO)=0.656
2025-09-29 10:11:24 - No P3-val improvement; patience remaining: 13/50
2025-09-29 10:11:24 - Epoch 39/500 | LR=0.009858 | w_AVO=1.000 | w_P3=2.777 | lambda_MMD=0.300
2025-09-29 10:11:24 - Epoch Summary: TrainLoss=1.2482 | TrainAcc=0.664 | Val(P3)=0.559 | Val(AVO)=0.650
2025-09-29 10:11:24 - No P3-val improvement; patience remaining: 12/50
2025-09-29 10:11:24 - AVO val decreasing 3x. Reducing lambda_MMD to 0.210
2025-09-29 10:11:24 - Epoch 40/500 | LR=0.009851 | w_AVO=1.000 | w_P3=2.777 | lambda_MMD=0.210
2025-09-29 10:11:24 - Epoch Summary: TrainLoss=1.2401 | TrainAcc=0.655 | Val(P3)=0.618 | Val(AVO)=0.588
2025-09-29 10:11:24 - No P3-val improvement; patience remaining: 11/50
2025-09-29 10:11:24 - AVO val decreasing 3x. Reducing lambda_MMD to 0.210
2025-09-29 10:11:24 - Epoch 41/500 | LR=0.009843 | w_AVO=1.000 | w_P3=2.777 | lambda_MMD=0.210
2025-09-29 10:11:24 - Epoch Summary: TrainLoss=1.1817 | TrainAcc=0.656 | Val(P3)=0.529 | Val(AVO)=0.662
2025-09-29 10:11:24 - No P3-val improvement; patience remaining: 10/50
2025-09-29 10:11:24 - Epoch 42/500 | LR=0.009835 | w_AVO=1.000 | w_P3=2.777 | lambda_MMD=0.300
2025-09-29 10:11:24 - Epoch Summary: TrainLoss=1.2914 | TrainAcc=0.665 | Val(P3)=0.529 | Val(AVO)=0.608
2025-09-29 10:11:24 - No P3-val improvement; patience remaining: 9/50
2025-09-29 10:11:24 - Epoch 43/500 | LR=0.009827 | w_AVO=1.000 | w_P3=2.777 | lambda_MMD=0.300
2025-09-29 10:11:24 - Epoch Summary: TrainLoss=1.2648 | TrainAcc=0.664 | Val(P3)=0.529 | Val(AVO)=0.659
2025-09-29 10:11:24 - No P3-val improvement; patience remaining: 8/50
2025-09-29 10:11:24 - Epoch 44/500 | LR=0.009819 | w_AVO=1.000 | w_P3=2.777 | lambda_MMD=0.300
2025-09-29 10:11:24 - Epoch Summary: TrainLoss=1.1808 | TrainAcc=0.655 | Val(P3)=0.559 | Val(AVO)=0.666
2025-09-29 10:11:24 - No P3-val improvement; patience remaining: 7/50
2025-09-29 10:11:24 - Epoch 45/500 | LR=0.009810 | w_AVO=1.000 | w_P3=2.777 | lambda_MMD=0.300
2025-09-29 10:11:25 - Epoch Summary: TrainLoss=1.2307 | TrainAcc=0.640 | Val(P3)=0.529 | Val(AVO)=0.653
2025-09-29 10:11:25 - No P3-val improvement; patience remaining: 6/50
2025-09-29 10:11:25 - Epoch 46/500 | LR=0.009801 | w_AVO=1.000 | w_P3=2.777 | lambda_MMD=0.300
2025-09-29 10:11:25 - Epoch Summary: TrainLoss=1.2537 | TrainAcc=0.658 | Val(P3)=0.559 | Val(AVO)=0.630
2025-09-29 10:11:25 - No P3-val improvement; patience remaining: 5/50
2025-09-29 10:11:25 - AVO val decreasing 3x. Reducing lambda_MMD to 0.210
2025-09-29 10:11:25 - Epoch 47/500 | LR=0.009793 | w_AVO=1.000 | w_P3=2.777 | lambda_MMD=0.210
2025-09-29 10:11:25 - Epoch Summary: TrainLoss=1.2302 | TrainAcc=0.655 | Val(P3)=0.559 | Val(AVO)=0.650
2025-09-29 10:11:25 - No P3-val improvement; patience remaining: 4/50
2025-09-29 10:11:25 - Epoch 48/500 | LR=0.009784 | w_AVO=1.000 | w_P3=2.777 | lambda_MMD=0.300
2025-09-29 10:11:25 - Epoch Summary: TrainLoss=1.1686 | TrainAcc=0.653 | Val(P3)=0.529 | Val(AVO)=0.685
2025-09-29 10:11:25 - No P3-val improvement; patience remaining: 3/50
2025-09-29 10:11:25 - Epoch 49/500 | LR=0.009774 | w_AVO=1.000 | w_P3=2.777 | lambda_MMD=0.300
2025-09-29 10:11:25 - Epoch Summary: TrainLoss=1.2037 | TrainAcc=0.645 | Val(P3)=0.529 | Val(AVO)=0.650
2025-09-29 10:11:25 - No P3-val improvement; patience remaining: 2/50
2025-09-29 10:11:25 - Epoch 50/500 | LR=0.009765 | w_AVO=1.000 | w_P3=2.777 | lambda_MMD=0.300
2025-09-29 10:11:25 - Epoch Summary: TrainLoss=1.1783 | TrainAcc=0.663 | Val(P3)=0.559 | Val(AVO)=0.653
2025-09-29 10:11:25 - No P3-val improvement; patience remaining: 1/50
2025-09-29 10:11:25 - Epoch 51/500 | LR=0.009755 | w_AVO=1.000 | w_P3=2.777 | lambda_MMD=0.300
2025-09-29 10:11:25 - Epoch Summary: TrainLoss=1.1530 | TrainAcc=0.665 | Val(P3)=0.500 | Val(AVO)=0.650
2025-09-29 10:11:25 - No P3-val improvement; patience remaining: 0/50
2025-09-29 10:11:25 - Early stopping triggered (P3-val)
2025-09-29 10:11:25 -     P3 Test | Acc=0.6292 P=0.5750 R=0.5897 F1=0.5823 AUC=0.6846 (n=89)
2025-09-29 10:11:25 -     AVO Test | Acc=0.6539 P=0.6512 R=0.6895 F1=0.6698 AUC=0.7169 (n=601)
2025-09-29 10:11:25 -     Overall Test Acc=0.6507
2025-09-29 10:11:25 -   Fold 3/5
2025-09-29 10:11:25 - Fold domains: small=P3 (n=285), large=AVO (n=2128)
2025-09-29 10:11:25 - Auto adjustments (symmetric): w_small≈1.000, lambda_MMD_target=0.300, warmup_epochs=5
2025-09-29 10:11:25 - Epoch 1/500 | LR=0.010000 | w_AVO=1.000 | w_P3=1.347 | lambda_MMD=0.060
2025-09-29 10:11:26 - Epoch Summary: TrainLoss=1.8266 | TrainAcc=0.549 | Val(P3)=0.676 | Val(AVO)=0.588
2025-09-29 10:11:26 - New best P3-val; checkpoint updated
2025-09-29 10:11:26 - Epoch 2/500 | LR=0.010000 | w_AVO=1.000 | w_P3=1.693 | lambda_MMD=0.120
2025-09-29 10:11:26 - Epoch Summary: TrainLoss=1.7450 | TrainAcc=0.585 | Val(P3)=0.676 | Val(AVO)=0.608
2025-09-29 10:11:26 - No P3-val improvement; patience remaining: 49/50
2025-09-29 10:11:26 - Epoch 3/500 | LR=0.010000 | w_AVO=1.000 | w_P3=2.040 | lambda_MMD=0.180
2025-09-29 10:11:26 - Epoch Summary: TrainLoss=1.8396 | TrainAcc=0.592 | Val(P3)=0.765 | Val(AVO)=0.588
2025-09-29 10:11:26 - New best P3-val; checkpoint updated
2025-09-29 10:11:26 - Epoch 4/500 | LR=0.009999 | w_AVO=1.000 | w_P3=2.386 | lambda_MMD=0.240
2025-09-29 10:11:26 - Epoch Summary: TrainLoss=1.9575 | TrainAcc=0.605 | Val(P3)=0.676 | Val(AVO)=0.608
2025-09-29 10:11:26 - No P3-val improvement; patience remaining: 49/50
2025-09-29 10:11:26 - Epoch 5/500 | LR=0.009998 | w_AVO=1.000 | w_P3=2.733 | lambda_MMD=0.300
2025-09-29 10:11:26 - Epoch Summary: TrainLoss=1.9850 | TrainAcc=0.615 | Val(P3)=0.706 | Val(AVO)=0.592
2025-09-29 10:11:26 - No P3-val improvement; patience remaining: 48/50
2025-09-29 10:11:26 - Epoch 6/500 | LR=0.009998 | w_AVO=1.000 | w_P3=2.733 | lambda_MMD=0.300
2025-09-29 10:11:26 - Epoch Summary: TrainLoss=1.8610 | TrainAcc=0.625 | Val(P3)=0.706 | Val(AVO)=0.633
2025-09-29 10:11:26 - No P3-val improvement; patience remaining: 47/50
2025-09-29 10:11:26 - Epoch 7/500 | LR=0.009996 | w_AVO=1.000 | w_P3=2.733 | lambda_MMD=0.300
2025-09-29 10:11:26 - Epoch Summary: TrainLoss=1.8065 | TrainAcc=0.624 | Val(P3)=0.706 | Val(AVO)=0.588
2025-09-29 10:11:26 - No P3-val improvement; patience remaining: 46/50
2025-09-29 10:11:26 - Epoch 8/500 | LR=0.009995 | w_AVO=1.000 | w_P3=2.733 | lambda_MMD=0.300
2025-09-29 10:11:27 - Epoch Summary: TrainLoss=1.7668 | TrainAcc=0.604 | Val(P3)=0.706 | Val(AVO)=0.617
2025-09-29 10:11:27 - No P3-val improvement; patience remaining: 45/50
2025-09-29 10:11:27 - Epoch 9/500 | LR=0.009994 | w_AVO=1.000 | w_P3=2.733 | lambda_MMD=0.300
2025-09-29 10:11:27 - Epoch Summary: TrainLoss=1.7049 | TrainAcc=0.616 | Val(P3)=0.676 | Val(AVO)=0.621
2025-09-29 10:11:27 - No P3-val improvement; patience remaining: 44/50
2025-09-29 10:11:27 - Epoch 10/500 | LR=0.009992 | w_AVO=1.000 | w_P3=2.733 | lambda_MMD=0.300
2025-09-29 10:11:27 - Epoch Summary: TrainLoss=1.7056 | TrainAcc=0.608 | Val(P3)=0.706 | Val(AVO)=0.633
2025-09-29 10:11:27 - No P3-val improvement; patience remaining: 43/50
2025-09-29 10:11:27 - Epoch 11/500 | LR=0.009990 | w_AVO=1.000 | w_P3=2.733 | lambda_MMD=0.300
2025-09-29 10:11:27 - Epoch Summary: TrainLoss=1.5867 | TrainAcc=0.644 | Val(P3)=0.676 | Val(AVO)=0.605
2025-09-29 10:11:27 - No P3-val improvement; patience remaining: 42/50
2025-09-29 10:11:27 - Epoch 12/500 | LR=0.009988 | w_AVO=1.000 | w_P3=2.733 | lambda_MMD=0.300
2025-09-29 10:11:27 - Epoch Summary: TrainLoss=1.5707 | TrainAcc=0.630 | Val(P3)=0.676 | Val(AVO)=0.624
2025-09-29 10:11:27 - No P3-val improvement; patience remaining: 41/50
2025-09-29 10:11:27 - Epoch 13/500 | LR=0.009986 | w_AVO=1.000 | w_P3=2.733 | lambda_MMD=0.300
2025-09-29 10:11:27 - Epoch Summary: TrainLoss=1.5726 | TrainAcc=0.624 | Val(P3)=0.676 | Val(AVO)=0.598
2025-09-29 10:11:27 - No P3-val improvement; patience remaining: 40/50
2025-09-29 10:11:27 - Epoch 14/500 | LR=0.009983 | w_AVO=1.000 | w_P3=2.733 | lambda_MMD=0.300
2025-09-29 10:11:27 - Epoch Summary: TrainLoss=1.5349 | TrainAcc=0.617 | Val(P3)=0.735 | Val(AVO)=0.608
2025-09-29 10:11:27 - No P3-val improvement; patience remaining: 39/50
2025-09-29 10:11:27 - Epoch 15/500 | LR=0.009981 | w_AVO=1.000 | w_P3=2.733 | lambda_MMD=0.300
2025-09-29 10:11:28 - Epoch Summary: TrainLoss=1.5099 | TrainAcc=0.629 | Val(P3)=0.735 | Val(AVO)=0.608
2025-09-29 10:11:28 - No P3-val improvement; patience remaining: 38/50
2025-09-29 10:11:28 - Epoch 16/500 | LR=0.009978 | w_AVO=1.000 | w_P3=2.733 | lambda_MMD=0.300
2025-09-29 10:11:28 - Epoch Summary: TrainLoss=1.4768 | TrainAcc=0.624 | Val(P3)=0.706 | Val(AVO)=0.611
2025-09-29 10:11:28 - No P3-val improvement; patience remaining: 37/50
2025-09-29 10:11:28 - Epoch 17/500 | LR=0.009975 | w_AVO=1.000 | w_P3=2.733 | lambda_MMD=0.300
2025-09-29 10:11:28 - Epoch Summary: TrainLoss=1.4215 | TrainAcc=0.626 | Val(P3)=0.765 | Val(AVO)=0.640
2025-09-29 10:11:28 - No P3-val improvement; patience remaining: 36/50
2025-09-29 10:11:28 - Epoch 18/500 | LR=0.009972 | w_AVO=1.000 | w_P3=2.733 | lambda_MMD=0.300
2025-09-29 10:11:28 - Epoch Summary: TrainLoss=1.4344 | TrainAcc=0.631 | Val(P3)=0.706 | Val(AVO)=0.592
2025-09-29 10:11:28 - No P3-val improvement; patience remaining: 35/50
2025-09-29 10:11:28 - Epoch 19/500 | LR=0.009968 | w_AVO=1.000 | w_P3=2.733 | lambda_MMD=0.300
2025-09-29 10:11:28 - Epoch Summary: TrainLoss=1.3682 | TrainAcc=0.629 | Val(P3)=0.706 | Val(AVO)=0.633
2025-09-29 10:11:28 - No P3-val improvement; patience remaining: 34/50
2025-09-29 10:11:28 - Epoch 20/500 | LR=0.009964 | w_AVO=1.000 | w_P3=2.733 | lambda_MMD=0.300
2025-09-29 10:11:28 - Epoch Summary: TrainLoss=1.3480 | TrainAcc=0.654 | Val(P3)=0.647 | Val(AVO)=0.611
2025-09-29 10:11:28 - No P3-val improvement; patience remaining: 33/50
2025-09-29 10:11:28 - Epoch 21/500 | LR=0.009961 | w_AVO=1.000 | w_P3=2.733 | lambda_MMD=0.300
2025-09-29 10:11:28 - Epoch Summary: TrainLoss=1.3308 | TrainAcc=0.637 | Val(P3)=0.706 | Val(AVO)=0.605
2025-09-29 10:11:28 - No P3-val improvement; patience remaining: 32/50
2025-09-29 10:11:28 - AVO val decreasing 3x. Reducing lambda_MMD to 0.210
2025-09-29 10:11:28 - Epoch 22/500 | LR=0.009957 | w_AVO=1.000 | w_P3=2.733 | lambda_MMD=0.210
2025-09-29 10:11:29 - Epoch Summary: TrainLoss=1.3458 | TrainAcc=0.619 | Val(P3)=0.706 | Val(AVO)=0.630
2025-09-29 10:11:29 - No P3-val improvement; patience remaining: 31/50
2025-09-29 10:11:29 - Epoch 23/500 | LR=0.009952 | w_AVO=1.000 | w_P3=2.733 | lambda_MMD=0.300
2025-09-29 10:11:29 - Epoch Summary: TrainLoss=1.3772 | TrainAcc=0.646 | Val(P3)=0.559 | Val(AVO)=0.595
2025-09-29 10:11:29 - No P3-val improvement; patience remaining: 30/50
2025-09-29 10:11:29 - Epoch 24/500 | LR=0.009948 | w_AVO=1.000 | w_P3=2.733 | lambda_MMD=0.300
2025-09-29 10:11:29 - Epoch Summary: TrainLoss=1.3455 | TrainAcc=0.625 | Val(P3)=0.735 | Val(AVO)=0.633
2025-09-29 10:11:29 - No P3-val improvement; patience remaining: 29/50
2025-09-29 10:11:29 - Epoch 25/500 | LR=0.009943 | w_AVO=1.000 | w_P3=2.733 | lambda_MMD=0.300
2025-09-29 10:11:29 - Epoch Summary: TrainLoss=1.3199 | TrainAcc=0.633 | Val(P3)=0.647 | Val(AVO)=0.630
2025-09-29 10:11:29 - No P3-val improvement; patience remaining: 28/50
2025-09-29 10:11:29 - Epoch 26/500 | LR=0.009938 | w_AVO=1.000 | w_P3=2.733 | lambda_MMD=0.300
2025-09-29 10:11:29 - Epoch Summary: TrainLoss=1.2911 | TrainAcc=0.626 | Val(P3)=0.706 | Val(AVO)=0.617
2025-09-29 10:11:29 - No P3-val improvement; patience remaining: 27/50
2025-09-29 10:11:29 - AVO val decreasing 3x. Reducing lambda_MMD to 0.210
2025-09-29 10:11:29 - Epoch 27/500 | LR=0.009933 | w_AVO=1.000 | w_P3=2.733 | lambda_MMD=0.210
2025-09-29 10:11:29 - Epoch Summary: TrainLoss=1.3114 | TrainAcc=0.624 | Val(P3)=0.647 | Val(AVO)=0.617
2025-09-29 10:11:29 - No P3-val improvement; patience remaining: 26/50
2025-09-29 10:11:29 - Epoch 28/500 | LR=0.009928 | w_AVO=1.000 | w_P3=2.733 | lambda_MMD=0.300
2025-09-29 10:11:29 - Epoch Summary: TrainLoss=1.2811 | TrainAcc=0.639 | Val(P3)=0.588 | Val(AVO)=0.614
2025-09-29 10:11:29 - No P3-val improvement; patience remaining: 25/50
2025-09-29 10:11:29 - P3 val decreasing 3x. Reducing w_small to 2.186, lambda_MMD to 0.150
2025-09-29 10:11:29 - Epoch 29/500 | LR=0.009923 | w_AVO=1.000 | w_P3=2.186 | lambda_MMD=0.150
2025-09-29 10:11:29 - Epoch Summary: TrainLoss=1.2419 | TrainAcc=0.633 | Val(P3)=0.676 | Val(AVO)=0.621
2025-09-29 10:11:29 - No P3-val improvement; patience remaining: 24/50
2025-09-29 10:11:29 - Epoch 30/500 | LR=0.009917 | w_AVO=1.000 | w_P3=2.733 | lambda_MMD=0.300
2025-09-29 10:11:30 - Epoch Summary: TrainLoss=1.2515 | TrainAcc=0.651 | Val(P3)=0.618 | Val(AVO)=0.621
2025-09-29 10:11:30 - No P3-val improvement; patience remaining: 23/50
2025-09-29 10:11:30 - Epoch 31/500 | LR=0.009911 | w_AVO=1.000 | w_P3=2.733 | lambda_MMD=0.300
2025-09-29 10:11:30 - Epoch Summary: TrainLoss=1.2617 | TrainAcc=0.646 | Val(P3)=0.676 | Val(AVO)=0.650
2025-09-29 10:11:30 - No P3-val improvement; patience remaining: 22/50
2025-09-29 10:11:30 - Epoch 32/500 | LR=0.009905 | w_AVO=1.000 | w_P3=2.733 | lambda_MMD=0.300
2025-09-29 10:11:30 - Epoch Summary: TrainLoss=1.2598 | TrainAcc=0.639 | Val(P3)=0.647 | Val(AVO)=0.637
2025-09-29 10:11:30 - No P3-val improvement; patience remaining: 21/50
2025-09-29 10:11:30 - Epoch 33/500 | LR=0.009899 | w_AVO=1.000 | w_P3=2.733 | lambda_MMD=0.300
2025-09-29 10:11:30 - Epoch Summary: TrainLoss=1.2246 | TrainAcc=0.639 | Val(P3)=0.618 | Val(AVO)=0.650
2025-09-29 10:11:30 - No P3-val improvement; patience remaining: 20/50
2025-09-29 10:11:30 - P3 val decreasing 3x. Reducing w_small to 2.186, lambda_MMD to 0.150
2025-09-29 10:11:30 - Epoch 34/500 | LR=0.009893 | w_AVO=1.000 | w_P3=2.186 | lambda_MMD=0.150
2025-09-29 10:11:30 - Epoch Summary: TrainLoss=1.1259 | TrainAcc=0.645 | Val(P3)=0.676 | Val(AVO)=0.637
2025-09-29 10:11:30 - No P3-val improvement; patience remaining: 19/50
2025-09-29 10:11:30 - Epoch 35/500 | LR=0.009886 | w_AVO=1.000 | w_P3=2.733 | lambda_MMD=0.300
2025-09-29 10:11:30 - Epoch Summary: TrainLoss=1.2357 | TrainAcc=0.637 | Val(P3)=0.676 | Val(AVO)=0.624
2025-09-29 10:11:30 - No P3-val improvement; patience remaining: 18/50
2025-09-29 10:11:30 - AVO val decreasing 3x. Reducing lambda_MMD to 0.210
2025-09-29 10:11:30 - Epoch 36/500 | LR=0.009880 | w_AVO=1.000 | w_P3=2.733 | lambda_MMD=0.210
2025-09-29 10:11:30 - Epoch Summary: TrainLoss=1.1740 | TrainAcc=0.657 | Val(P3)=0.618 | Val(AVO)=0.617
2025-09-29 10:11:30 - No P3-val improvement; patience remaining: 17/50
2025-09-29 10:11:30 - AVO val decreasing 3x. Reducing lambda_MMD to 0.210
2025-09-29 10:11:30 - Epoch 37/500 | LR=0.009873 | w_AVO=1.000 | w_P3=2.733 | lambda_MMD=0.210
2025-09-29 10:11:31 - Epoch Summary: TrainLoss=1.1811 | TrainAcc=0.641 | Val(P3)=0.647 | Val(AVO)=0.650
2025-09-29 10:11:31 - No P3-val improvement; patience remaining: 16/50
2025-09-29 10:11:31 - Epoch 38/500 | LR=0.009865 | w_AVO=1.000 | w_P3=2.733 | lambda_MMD=0.300
2025-09-29 10:11:31 - Epoch Summary: TrainLoss=1.2353 | TrainAcc=0.646 | Val(P3)=0.676 | Val(AVO)=0.669
2025-09-29 10:11:31 - No P3-val improvement; patience remaining: 15/50
2025-09-29 10:11:31 - Epoch 39/500 | LR=0.009858 | w_AVO=1.000 | w_P3=2.733 | lambda_MMD=0.300
2025-09-29 10:11:31 - Epoch Summary: TrainLoss=1.2645 | TrainAcc=0.643 | Val(P3)=0.618 | Val(AVO)=0.633
2025-09-29 10:11:31 - No P3-val improvement; patience remaining: 14/50
2025-09-29 10:11:31 - Epoch 40/500 | LR=0.009851 | w_AVO=1.000 | w_P3=2.733 | lambda_MMD=0.300
2025-09-29 10:11:31 - Epoch Summary: TrainLoss=1.2419 | TrainAcc=0.628 | Val(P3)=0.676 | Val(AVO)=0.624
2025-09-29 10:11:31 - No P3-val improvement; patience remaining: 13/50
2025-09-29 10:11:31 - AVO val decreasing 3x. Reducing lambda_MMD to 0.210
2025-09-29 10:11:31 - Epoch 41/500 | LR=0.009843 | w_AVO=1.000 | w_P3=2.733 | lambda_MMD=0.210
2025-09-29 10:11:31 - Epoch Summary: TrainLoss=1.2047 | TrainAcc=0.653 | Val(P3)=0.618 | Val(AVO)=0.617
2025-09-29 10:11:31 - No P3-val improvement; patience remaining: 12/50
2025-09-29 10:11:31 - AVO val decreasing 3x. Reducing lambda_MMD to 0.210
2025-09-29 10:11:31 - Epoch 42/500 | LR=0.009835 | w_AVO=1.000 | w_P3=2.733 | lambda_MMD=0.210
2025-09-29 10:11:31 - Epoch Summary: TrainLoss=1.2069 | TrainAcc=0.645 | Val(P3)=0.647 | Val(AVO)=0.653
2025-09-29 10:11:31 - No P3-val improvement; patience remaining: 11/50
2025-09-29 10:11:31 - Epoch 43/500 | LR=0.009827 | w_AVO=1.000 | w_P3=2.733 | lambda_MMD=0.300
2025-09-29 10:11:31 - Epoch Summary: TrainLoss=1.2083 | TrainAcc=0.663 | Val(P3)=0.588 | Val(AVO)=0.640
2025-09-29 10:11:31 - No P3-val improvement; patience remaining: 10/50
2025-09-29 10:11:31 - Epoch 44/500 | LR=0.009819 | w_AVO=1.000 | w_P3=2.733 | lambda_MMD=0.300
2025-09-29 10:11:32 - Epoch Summary: TrainLoss=1.2537 | TrainAcc=0.639 | Val(P3)=0.676 | Val(AVO)=0.630
2025-09-29 10:11:32 - No P3-val improvement; patience remaining: 9/50
2025-09-29 10:11:32 - AVO val decreasing 3x. Reducing lambda_MMD to 0.210
2025-09-29 10:11:32 - Epoch 45/500 | LR=0.009810 | w_AVO=1.000 | w_P3=2.733 | lambda_MMD=0.210
2025-09-29 10:11:32 - Epoch Summary: TrainLoss=1.2029 | TrainAcc=0.641 | Val(P3)=0.588 | Val(AVO)=0.637
2025-09-29 10:11:32 - No P3-val improvement; patience remaining: 8/50
2025-09-29 10:11:32 - Epoch 46/500 | LR=0.009801 | w_AVO=1.000 | w_P3=2.733 | lambda_MMD=0.300
2025-09-29 10:11:32 - Epoch Summary: TrainLoss=1.2443 | TrainAcc=0.632 | Val(P3)=0.647 | Val(AVO)=0.643
2025-09-29 10:11:32 - No P3-val improvement; patience remaining: 7/50
2025-09-29 10:11:32 - Epoch 47/500 | LR=0.009793 | w_AVO=1.000 | w_P3=2.733 | lambda_MMD=0.300
2025-09-29 10:11:32 - Epoch Summary: TrainLoss=1.1866 | TrainAcc=0.643 | Val(P3)=0.647 | Val(AVO)=0.643
2025-09-29 10:11:32 - No P3-val improvement; patience remaining: 6/50
2025-09-29 10:11:32 - Epoch 48/500 | LR=0.009784 | w_AVO=1.000 | w_P3=2.733 | lambda_MMD=0.300
2025-09-29 10:11:32 - Epoch Summary: TrainLoss=1.1924 | TrainAcc=0.628 | Val(P3)=0.676 | Val(AVO)=0.666
2025-09-29 10:11:32 - No P3-val improvement; patience remaining: 5/50
2025-09-29 10:11:32 - Epoch 49/500 | LR=0.009774 | w_AVO=1.000 | w_P3=2.733 | lambda_MMD=0.300
2025-09-29 10:11:32 - Epoch Summary: TrainLoss=1.1694 | TrainAcc=0.658 | Val(P3)=0.559 | Val(AVO)=0.672
2025-09-29 10:11:32 - No P3-val improvement; patience remaining: 4/50
2025-09-29 10:11:32 - Epoch 50/500 | LR=0.009765 | w_AVO=1.000 | w_P3=2.733 | lambda_MMD=0.300
2025-09-29 10:11:32 - Epoch Summary: TrainLoss=1.1531 | TrainAcc=0.651 | Val(P3)=0.588 | Val(AVO)=0.637
2025-09-29 10:11:32 - No P3-val improvement; patience remaining: 3/50
2025-09-29 10:11:32 - Epoch 51/500 | LR=0.009755 | w_AVO=1.000 | w_P3=2.733 | lambda_MMD=0.300
2025-09-29 10:11:33 - Epoch Summary: TrainLoss=1.1548 | TrainAcc=0.653 | Val(P3)=0.647 | Val(AVO)=0.611
2025-09-29 10:11:33 - No P3-val improvement; patience remaining: 2/50
2025-09-29 10:11:33 - AVO val decreasing 3x. Reducing lambda_MMD to 0.210
2025-09-29 10:11:33 - Epoch 52/500 | LR=0.009745 | w_AVO=1.000 | w_P3=2.733 | lambda_MMD=0.210
2025-09-29 10:11:33 - Epoch Summary: TrainLoss=1.1191 | TrainAcc=0.648 | Val(P3)=0.618 | Val(AVO)=0.653
2025-09-29 10:11:33 - No P3-val improvement; patience remaining: 1/50
2025-09-29 10:11:33 - Epoch 53/500 | LR=0.009735 | w_AVO=1.000 | w_P3=2.733 | lambda_MMD=0.300
2025-09-29 10:11:33 - Epoch Summary: TrainLoss=1.1343 | TrainAcc=0.649 | Val(P3)=0.647 | Val(AVO)=0.650
2025-09-29 10:11:33 - No P3-val improvement; patience remaining: 0/50
2025-09-29 10:11:33 - Early stopping triggered (P3-val)
2025-09-29 10:11:33 -     P3 Test | Acc=0.5432 P=0.5882 R=0.4651 F1=0.5195 AUC=0.5930 (n=81)
2025-09-29 10:11:33 -     AVO Test | Acc=0.6371 P=0.6025 R=0.7881 F1=0.6829 AUC=0.7009 (n=609)
2025-09-29 10:11:33 -     Overall Test Acc=0.6261
2025-09-29 10:11:33 -   Fold 4/5
2025-09-29 10:11:33 - Fold domains: small=P3 (n=292), large=AVO (n=2122)
2025-09-29 10:11:33 - Auto adjustments (symmetric): w_small≈1.000, lambda_MMD_target=0.300, warmup_epochs=5
2025-09-29 10:11:33 - Epoch 1/500 | LR=0.010000 | w_AVO=1.000 | w_P3=1.339 | lambda_MMD=0.060
2025-09-29 10:11:33 - Epoch Summary: TrainLoss=1.9159 | TrainAcc=0.526 | Val(P3)=0.571 | Val(AVO)=0.542
2025-09-29 10:11:33 - New best P3-val; checkpoint updated
2025-09-29 10:11:33 - Epoch 2/500 | LR=0.010000 | w_AVO=1.000 | w_P3=1.678 | lambda_MMD=0.120
2025-09-29 10:11:33 - Epoch Summary: TrainLoss=1.8993 | TrainAcc=0.567 | Val(P3)=0.743 | Val(AVO)=0.545
2025-09-29 10:11:33 - New best P3-val; checkpoint updated
2025-09-29 10:11:33 - Epoch 3/500 | LR=0.010000 | w_AVO=1.000 | w_P3=2.017 | lambda_MMD=0.180
2025-09-29 10:11:33 - Epoch Summary: TrainLoss=1.9114 | TrainAcc=0.592 | Val(P3)=0.686 | Val(AVO)=0.532
2025-09-29 10:11:33 - No P3-val improvement; patience remaining: 49/50
2025-09-29 10:11:33 - Epoch 4/500 | LR=0.009999 | w_AVO=1.000 | w_P3=2.357 | lambda_MMD=0.240
2025-09-29 10:11:33 - Epoch Summary: TrainLoss=1.9933 | TrainAcc=0.593 | Val(P3)=0.743 | Val(AVO)=0.548
2025-09-29 10:11:33 - No P3-val improvement; patience remaining: 48/50
2025-09-29 10:11:33 - Epoch 5/500 | LR=0.009998 | w_AVO=1.000 | w_P3=2.696 | lambda_MMD=0.300
2025-09-29 10:11:34 - Epoch Summary: TrainLoss=2.0783 | TrainAcc=0.607 | Val(P3)=0.714 | Val(AVO)=0.539
2025-09-29 10:11:34 - No P3-val improvement; patience remaining: 47/50
2025-09-29 10:11:34 - Epoch 6/500 | LR=0.009998 | w_AVO=1.000 | w_P3=2.696 | lambda_MMD=0.300
2025-09-29 10:11:34 - Epoch Summary: TrainLoss=2.0173 | TrainAcc=0.608 | Val(P3)=0.657 | Val(AVO)=0.584
2025-09-29 10:11:34 - No P3-val improvement; patience remaining: 46/50
2025-09-29 10:11:34 - P3 val decreasing 3x. Reducing w_small to 2.157, lambda_MMD to 0.150
2025-09-29 10:11:34 - Epoch 7/500 | LR=0.009996 | w_AVO=1.000 | w_P3=2.157 | lambda_MMD=0.150
2025-09-29 10:11:34 - Epoch Summary: TrainLoss=1.7140 | TrainAcc=0.628 | Val(P3)=0.771 | Val(AVO)=0.552
2025-09-29 10:11:34 - New best P3-val; checkpoint updated
2025-09-29 10:11:34 - Epoch 8/500 | LR=0.009995 | w_AVO=1.000 | w_P3=2.696 | lambda_MMD=0.300
2025-09-29 10:11:34 - Epoch Summary: TrainLoss=1.8970 | TrainAcc=0.626 | Val(P3)=0.771 | Val(AVO)=0.590
2025-09-29 10:11:34 - No P3-val improvement; patience remaining: 49/50
2025-09-29 10:11:34 - Epoch 9/500 | LR=0.009994 | w_AVO=1.000 | w_P3=2.696 | lambda_MMD=0.300
2025-09-29 10:11:34 - Epoch Summary: TrainLoss=1.8392 | TrainAcc=0.616 | Val(P3)=0.800 | Val(AVO)=0.561
2025-09-29 10:11:34 - New best P3-val; checkpoint updated
2025-09-29 10:11:34 - Epoch 10/500 | LR=0.009992 | w_AVO=1.000 | w_P3=2.696 | lambda_MMD=0.300
2025-09-29 10:11:34 - Epoch Summary: TrainLoss=1.7833 | TrainAcc=0.614 | Val(P3)=0.714 | Val(AVO)=0.603
2025-09-29 10:11:34 - No P3-val improvement; patience remaining: 49/50
2025-09-29 10:11:34 - Epoch 11/500 | LR=0.009990 | w_AVO=1.000 | w_P3=2.696 | lambda_MMD=0.300
2025-09-29 10:11:34 - Epoch Summary: TrainLoss=1.7922 | TrainAcc=0.606 | Val(P3)=0.771 | Val(AVO)=0.594
2025-09-29 10:11:34 - No P3-val improvement; patience remaining: 48/50
2025-09-29 10:11:34 - Epoch 12/500 | LR=0.009988 | w_AVO=1.000 | w_P3=2.696 | lambda_MMD=0.300
2025-09-29 10:11:34 - Epoch Summary: TrainLoss=1.7206 | TrainAcc=0.624 | Val(P3)=0.771 | Val(AVO)=0.597
2025-09-29 10:11:34 - No P3-val improvement; patience remaining: 47/50
2025-09-29 10:11:34 - Epoch 13/500 | LR=0.009986 | w_AVO=1.000 | w_P3=2.696 | lambda_MMD=0.300
2025-09-29 10:11:35 - Epoch Summary: TrainLoss=1.7262 | TrainAcc=0.618 | Val(P3)=0.771 | Val(AVO)=0.590
2025-09-29 10:11:35 - No P3-val improvement; patience remaining: 46/50
2025-09-29 10:11:35 - Epoch 14/500 | LR=0.009983 | w_AVO=1.000 | w_P3=2.696 | lambda_MMD=0.300
2025-09-29 10:11:35 - Epoch Summary: TrainLoss=1.6783 | TrainAcc=0.629 | Val(P3)=0.800 | Val(AVO)=0.606
2025-09-29 10:11:35 - No P3-val improvement; patience remaining: 45/50
2025-09-29 10:11:35 - Epoch 15/500 | LR=0.009981 | w_AVO=1.000 | w_P3=2.696 | lambda_MMD=0.300
2025-09-29 10:11:35 - Epoch Summary: TrainLoss=1.6635 | TrainAcc=0.626 | Val(P3)=0.771 | Val(AVO)=0.629
2025-09-29 10:11:35 - No P3-val improvement; patience remaining: 44/50
2025-09-29 10:11:35 - Epoch 16/500 | LR=0.009978 | w_AVO=1.000 | w_P3=2.696 | lambda_MMD=0.300
2025-09-29 10:11:35 - Epoch Summary: TrainLoss=1.6109 | TrainAcc=0.619 | Val(P3)=0.686 | Val(AVO)=0.623
2025-09-29 10:11:35 - No P3-val improvement; patience remaining: 43/50
2025-09-29 10:11:35 - P3 val decreasing 3x. Reducing w_small to 2.157, lambda_MMD to 0.150
2025-09-29 10:11:35 - Epoch 17/500 | LR=0.009975 | w_AVO=1.000 | w_P3=2.157 | lambda_MMD=0.150
2025-09-29 10:11:35 - Epoch Summary: TrainLoss=1.3870 | TrainAcc=0.636 | Val(P3)=0.714 | Val(AVO)=0.629
2025-09-29 10:11:35 - No P3-val improvement; patience remaining: 42/50
2025-09-29 10:11:35 - Epoch 18/500 | LR=0.009972 | w_AVO=1.000 | w_P3=2.696 | lambda_MMD=0.300
2025-09-29 10:11:35 - Epoch Summary: TrainLoss=1.5143 | TrainAcc=0.645 | Val(P3)=0.800 | Val(AVO)=0.626
2025-09-29 10:11:35 - No P3-val improvement; patience remaining: 41/50
2025-09-29 10:11:35 - Epoch 19/500 | LR=0.009968 | w_AVO=1.000 | w_P3=2.696 | lambda_MMD=0.300
2025-09-29 10:11:35 - Epoch Summary: TrainLoss=1.5010 | TrainAcc=0.631 | Val(P3)=0.771 | Val(AVO)=0.629
2025-09-29 10:11:35 - No P3-val improvement; patience remaining: 40/50
2025-09-29 10:11:35 - Epoch 20/500 | LR=0.009964 | w_AVO=1.000 | w_P3=2.696 | lambda_MMD=0.300
2025-09-29 10:11:36 - Epoch Summary: TrainLoss=1.5059 | TrainAcc=0.638 | Val(P3)=0.743 | Val(AVO)=0.642
2025-09-29 10:11:36 - No P3-val improvement; patience remaining: 39/50
2025-09-29 10:11:36 - P3 val decreasing 3x. Reducing w_small to 2.157, lambda_MMD to 0.150
2025-09-29 10:11:36 - Epoch 21/500 | LR=0.009961 | w_AVO=1.000 | w_P3=2.157 | lambda_MMD=0.150
2025-09-29 10:11:36 - Epoch Summary: TrainLoss=1.3235 | TrainAcc=0.641 | Val(P3)=0.657 | Val(AVO)=0.623
2025-09-29 10:11:36 - No P3-val improvement; patience remaining: 38/50
2025-09-29 10:11:36 - P3 val decreasing 3x. Reducing w_small to 2.157, lambda_MMD to 0.150
2025-09-29 10:11:36 - Epoch 22/500 | LR=0.009957 | w_AVO=1.000 | w_P3=2.157 | lambda_MMD=0.150
2025-09-29 10:11:36 - Epoch Summary: TrainLoss=1.3214 | TrainAcc=0.640 | Val(P3)=0.743 | Val(AVO)=0.639
2025-09-29 10:11:36 - No P3-val improvement; patience remaining: 37/50
2025-09-29 10:11:36 - Epoch 23/500 | LR=0.009952 | w_AVO=1.000 | w_P3=2.696 | lambda_MMD=0.300
2025-09-29 10:11:36 - Epoch Summary: TrainLoss=1.4459 | TrainAcc=0.653 | Val(P3)=0.743 | Val(AVO)=0.655
2025-09-29 10:11:36 - No P3-val improvement; patience remaining: 36/50
2025-09-29 10:11:36 - Epoch 24/500 | LR=0.009948 | w_AVO=1.000 | w_P3=2.696 | lambda_MMD=0.300
2025-09-29 10:11:36 - Epoch Summary: TrainLoss=1.4018 | TrainAcc=0.650 | Val(P3)=0.743 | Val(AVO)=0.616
2025-09-29 10:11:36 - No P3-val improvement; patience remaining: 35/50
2025-09-29 10:11:36 - Epoch 25/500 | LR=0.009943 | w_AVO=1.000 | w_P3=2.696 | lambda_MMD=0.300
2025-09-29 10:11:36 - Epoch Summary: TrainLoss=1.4772 | TrainAcc=0.636 | Val(P3)=0.686 | Val(AVO)=0.623
2025-09-29 10:11:36 - No P3-val improvement; patience remaining: 34/50
2025-09-29 10:11:36 - Epoch 26/500 | LR=0.009938 | w_AVO=1.000 | w_P3=2.696 | lambda_MMD=0.300
2025-09-29 10:11:36 - Epoch Summary: TrainLoss=1.3687 | TrainAcc=0.648 | Val(P3)=0.686 | Val(AVO)=0.629
2025-09-29 10:11:36 - No P3-val improvement; patience remaining: 33/50
2025-09-29 10:11:36 - Epoch 27/500 | LR=0.009933 | w_AVO=1.000 | w_P3=2.696 | lambda_MMD=0.300
2025-09-29 10:11:37 - Epoch Summary: TrainLoss=1.3894 | TrainAcc=0.649 | Val(P3)=0.800 | Val(AVO)=0.648
2025-09-29 10:11:37 - No P3-val improvement; patience remaining: 32/50
2025-09-29 10:11:37 - Epoch 28/500 | LR=0.009928 | w_AVO=1.000 | w_P3=2.696 | lambda_MMD=0.300
2025-09-29 10:11:37 - Epoch Summary: TrainLoss=1.3588 | TrainAcc=0.650 | Val(P3)=0.771 | Val(AVO)=0.645
2025-09-29 10:11:37 - No P3-val improvement; patience remaining: 31/50
2025-09-29 10:11:37 - Epoch 29/500 | LR=0.009923 | w_AVO=1.000 | w_P3=2.696 | lambda_MMD=0.300
2025-09-29 10:11:37 - Epoch Summary: TrainLoss=1.3430 | TrainAcc=0.648 | Val(P3)=0.686 | Val(AVO)=0.642
2025-09-29 10:11:37 - No P3-val improvement; patience remaining: 30/50
2025-09-29 10:11:37 - P3 val decreasing 3x. Reducing w_small to 2.157, lambda_MMD to 0.150
2025-09-29 10:11:37 - AVO val decreasing 3x. Reducing lambda_MMD to 0.105
2025-09-29 10:11:37 - Epoch 30/500 | LR=0.009917 | w_AVO=1.000 | w_P3=2.157 | lambda_MMD=0.105
2025-09-29 10:11:37 - Epoch Summary: TrainLoss=1.2422 | TrainAcc=0.644 | Val(P3)=0.771 | Val(AVO)=0.635
2025-09-29 10:11:37 - No P3-val improvement; patience remaining: 29/50
2025-09-29 10:11:37 - AVO val decreasing 3x. Reducing lambda_MMD to 0.210
2025-09-29 10:11:37 - Epoch 31/500 | LR=0.009911 | w_AVO=1.000 | w_P3=2.696 | lambda_MMD=0.210
2025-09-29 10:11:37 - Epoch Summary: TrainLoss=1.3504 | TrainAcc=0.656 | Val(P3)=0.714 | Val(AVO)=0.658
2025-09-29 10:11:37 - No P3-val improvement; patience remaining: 28/50
2025-09-29 10:11:37 - Epoch 32/500 | LR=0.009905 | w_AVO=1.000 | w_P3=2.696 | lambda_MMD=0.300
2025-09-29 10:11:37 - Epoch Summary: TrainLoss=1.3725 | TrainAcc=0.657 | Val(P3)=0.686 | Val(AVO)=0.626
2025-09-29 10:11:37 - No P3-val improvement; patience remaining: 27/50
2025-09-29 10:11:37 - P3 val decreasing 3x. Reducing w_small to 2.157, lambda_MMD to 0.150
2025-09-29 10:11:37 - Epoch 33/500 | LR=0.009899 | w_AVO=1.000 | w_P3=2.157 | lambda_MMD=0.150
2025-09-29 10:11:37 - Epoch Summary: TrainLoss=1.2105 | TrainAcc=0.653 | Val(P3)=0.743 | Val(AVO)=0.648
2025-09-29 10:11:37 - No P3-val improvement; patience remaining: 26/50
2025-09-29 10:11:37 - Epoch 34/500 | LR=0.009893 | w_AVO=1.000 | w_P3=2.696 | lambda_MMD=0.300
2025-09-29 10:11:37 - Epoch Summary: TrainLoss=1.3618 | TrainAcc=0.659 | Val(P3)=0.771 | Val(AVO)=0.623
2025-09-29 10:11:37 - No P3-val improvement; patience remaining: 25/50
2025-09-29 10:11:37 - Epoch 35/500 | LR=0.009886 | w_AVO=1.000 | w_P3=2.696 | lambda_MMD=0.300
2025-09-29 10:11:38 - Epoch Summary: TrainLoss=1.3421 | TrainAcc=0.665 | Val(P3)=0.714 | Val(AVO)=0.652
2025-09-29 10:11:38 - No P3-val improvement; patience remaining: 24/50
2025-09-29 10:11:38 - Epoch 36/500 | LR=0.009880 | w_AVO=1.000 | w_P3=2.696 | lambda_MMD=0.300
2025-09-29 10:11:38 - Epoch Summary: TrainLoss=1.2888 | TrainAcc=0.655 | Val(P3)=0.771 | Val(AVO)=0.645
2025-09-29 10:11:38 - No P3-val improvement; patience remaining: 23/50
2025-09-29 10:11:38 - Epoch 37/500 | LR=0.009873 | w_AVO=1.000 | w_P3=2.696 | lambda_MMD=0.300
2025-09-29 10:11:38 - Epoch Summary: TrainLoss=1.2817 | TrainAcc=0.646 | Val(P3)=0.771 | Val(AVO)=0.594
2025-09-29 10:11:38 - No P3-val improvement; patience remaining: 22/50
2025-09-29 10:11:38 - AVO val decreasing 3x. Reducing lambda_MMD to 0.210
2025-09-29 10:11:38 - Epoch 38/500 | LR=0.009865 | w_AVO=1.000 | w_P3=2.696 | lambda_MMD=0.210
2025-09-29 10:11:38 - Epoch Summary: TrainLoss=1.2820 | TrainAcc=0.650 | Val(P3)=0.743 | Val(AVO)=0.658
2025-09-29 10:11:38 - No P3-val improvement; patience remaining: 21/50
2025-09-29 10:11:38 - Epoch 39/500 | LR=0.009858 | w_AVO=1.000 | w_P3=2.696 | lambda_MMD=0.300
2025-09-29 10:11:38 - Epoch Summary: TrainLoss=1.3098 | TrainAcc=0.653 | Val(P3)=0.686 | Val(AVO)=0.645
2025-09-29 10:11:38 - No P3-val improvement; patience remaining: 20/50
2025-09-29 10:11:38 - P3 val decreasing 3x. Reducing w_small to 2.157, lambda_MMD to 0.150
2025-09-29 10:11:38 - Epoch 40/500 | LR=0.009851 | w_AVO=1.000 | w_P3=2.157 | lambda_MMD=0.150
2025-09-29 10:11:38 - Epoch Summary: TrainLoss=1.1804 | TrainAcc=0.654 | Val(P3)=0.714 | Val(AVO)=0.642
2025-09-29 10:11:38 - No P3-val improvement; patience remaining: 19/50
2025-09-29 10:11:38 - AVO val decreasing 3x. Reducing lambda_MMD to 0.210
2025-09-29 10:11:38 - Epoch 41/500 | LR=0.009843 | w_AVO=1.000 | w_P3=2.696 | lambda_MMD=0.210
2025-09-29 10:11:38 - Epoch Summary: TrainLoss=1.2379 | TrainAcc=0.673 | Val(P3)=0.771 | Val(AVO)=0.645
2025-09-29 10:11:38 - No P3-val improvement; patience remaining: 18/50
2025-09-29 10:11:38 - Epoch 42/500 | LR=0.009835 | w_AVO=1.000 | w_P3=2.696 | lambda_MMD=0.300
2025-09-29 10:11:38 - Epoch Summary: TrainLoss=1.2933 | TrainAcc=0.663 | Val(P3)=0.771 | Val(AVO)=0.626
2025-09-29 10:11:38 - No P3-val improvement; patience remaining: 17/50
2025-09-29 10:11:38 - Epoch 43/500 | LR=0.009827 | w_AVO=1.000 | w_P3=2.696 | lambda_MMD=0.300
2025-09-29 10:11:39 - Epoch Summary: TrainLoss=1.2247 | TrainAcc=0.652 | Val(P3)=0.743 | Val(AVO)=0.635
2025-09-29 10:11:39 - No P3-val improvement; patience remaining: 16/50
2025-09-29 10:11:39 - Epoch 44/500 | LR=0.009819 | w_AVO=1.000 | w_P3=2.696 | lambda_MMD=0.300
2025-09-29 10:11:39 - Epoch Summary: TrainLoss=1.2712 | TrainAcc=0.645 | Val(P3)=0.771 | Val(AVO)=0.642
2025-09-29 10:11:39 - No P3-val improvement; patience remaining: 15/50
2025-09-29 10:11:39 - Epoch 45/500 | LR=0.009810 | w_AVO=1.000 | w_P3=2.696 | lambda_MMD=0.300
2025-09-29 10:11:39 - Epoch Summary: TrainLoss=1.2882 | TrainAcc=0.652 | Val(P3)=0.771 | Val(AVO)=0.616
2025-09-29 10:11:39 - No P3-val improvement; patience remaining: 14/50
2025-09-29 10:11:39 - Epoch 46/500 | LR=0.009801 | w_AVO=1.000 | w_P3=2.696 | lambda_MMD=0.300
2025-09-29 10:11:39 - Epoch Summary: TrainLoss=1.2309 | TrainAcc=0.657 | Val(P3)=0.771 | Val(AVO)=0.648
2025-09-29 10:11:39 - No P3-val improvement; patience remaining: 13/50
2025-09-29 10:11:39 - Epoch 47/500 | LR=0.009793 | w_AVO=1.000 | w_P3=2.696 | lambda_MMD=0.300
2025-09-29 10:11:39 - Epoch Summary: TrainLoss=1.1919 | TrainAcc=0.668 | Val(P3)=0.714 | Val(AVO)=0.671
2025-09-29 10:11:39 - No P3-val improvement; patience remaining: 12/50
2025-09-29 10:11:39 - Epoch 48/500 | LR=0.009784 | w_AVO=1.000 | w_P3=2.696 | lambda_MMD=0.300
2025-09-29 10:11:39 - Epoch Summary: TrainLoss=1.2736 | TrainAcc=0.663 | Val(P3)=0.743 | Val(AVO)=0.597
2025-09-29 10:11:39 - No P3-val improvement; patience remaining: 11/50
2025-09-29 10:11:39 - Epoch 49/500 | LR=0.009774 | w_AVO=1.000 | w_P3=2.696 | lambda_MMD=0.300
2025-09-29 10:11:39 - Epoch Summary: TrainLoss=1.1791 | TrainAcc=0.674 | Val(P3)=0.743 | Val(AVO)=0.652
2025-09-29 10:11:39 - No P3-val improvement; patience remaining: 10/50
2025-09-29 10:11:39 - Epoch 50/500 | LR=0.009765 | w_AVO=1.000 | w_P3=2.696 | lambda_MMD=0.300
2025-09-29 10:11:39 - Epoch Summary: TrainLoss=1.2586 | TrainAcc=0.668 | Val(P3)=0.743 | Val(AVO)=0.610
2025-09-29 10:11:39 - No P3-val improvement; patience remaining: 9/50
2025-09-29 10:11:39 - Epoch 51/500 | LR=0.009755 | w_AVO=1.000 | w_P3=2.696 | lambda_MMD=0.300
2025-09-29 10:11:40 - Epoch Summary: TrainLoss=1.1845 | TrainAcc=0.652 | Val(P3)=0.714 | Val(AVO)=0.619
2025-09-29 10:11:40 - No P3-val improvement; patience remaining: 8/50
2025-09-29 10:11:40 - Epoch 52/500 | LR=0.009745 | w_AVO=1.000 | w_P3=2.696 | lambda_MMD=0.300
2025-09-29 10:11:40 - Epoch Summary: TrainLoss=1.2491 | TrainAcc=0.667 | Val(P3)=0.743 | Val(AVO)=0.668
2025-09-29 10:11:40 - No P3-val improvement; patience remaining: 7/50
2025-09-29 10:11:40 - Epoch 53/500 | LR=0.009735 | w_AVO=1.000 | w_P3=2.696 | lambda_MMD=0.300
2025-09-29 10:11:40 - Epoch Summary: TrainLoss=1.2068 | TrainAcc=0.661 | Val(P3)=0.771 | Val(AVO)=0.639
2025-09-29 10:11:40 - No P3-val improvement; patience remaining: 6/50
2025-09-29 10:11:40 - Epoch 54/500 | LR=0.009725 | w_AVO=1.000 | w_P3=2.696 | lambda_MMD=0.300
2025-09-29 10:11:40 - Epoch Summary: TrainLoss=1.2210 | TrainAcc=0.669 | Val(P3)=0.743 | Val(AVO)=0.645
2025-09-29 10:11:40 - No P3-val improvement; patience remaining: 5/50
2025-09-29 10:11:40 - Epoch 55/500 | LR=0.009715 | w_AVO=1.000 | w_P3=2.696 | lambda_MMD=0.300
2025-09-29 10:11:40 - Epoch Summary: TrainLoss=1.1809 | TrainAcc=0.673 | Val(P3)=0.771 | Val(AVO)=0.613
2025-09-29 10:11:40 - No P3-val improvement; patience remaining: 4/50
2025-09-29 10:11:40 - Epoch 56/500 | LR=0.009704 | w_AVO=1.000 | w_P3=2.696 | lambda_MMD=0.300
2025-09-29 10:11:40 - Epoch Summary: TrainLoss=1.1970 | TrainAcc=0.660 | Val(P3)=0.771 | Val(AVO)=0.616
2025-09-29 10:11:40 - No P3-val improvement; patience remaining: 3/50
2025-09-29 10:11:40 - Epoch 57/500 | LR=0.009694 | w_AVO=1.000 | w_P3=2.696 | lambda_MMD=0.300
2025-09-29 10:11:40 - Epoch Summary: TrainLoss=1.2148 | TrainAcc=0.662 | Val(P3)=0.800 | Val(AVO)=0.642
2025-09-29 10:11:40 - No P3-val improvement; patience remaining: 2/50
2025-09-29 10:11:40 - Epoch 58/500 | LR=0.009683 | w_AVO=1.000 | w_P3=2.696 | lambda_MMD=0.300
2025-09-29 10:11:41 - Epoch Summary: TrainLoss=1.1976 | TrainAcc=0.660 | Val(P3)=0.771 | Val(AVO)=0.632
2025-09-29 10:11:41 - No P3-val improvement; patience remaining: 1/50
2025-09-29 10:11:41 - Epoch 59/500 | LR=0.009672 | w_AVO=1.000 | w_P3=2.696 | lambda_MMD=0.300
2025-09-29 10:11:41 - Epoch Summary: TrainLoss=1.1959 | TrainAcc=0.666 | Val(P3)=0.771 | Val(AVO)=0.652
2025-09-29 10:11:41 - No P3-val improvement; patience remaining: 0/50
2025-09-29 10:11:41 - Early stopping triggered (P3-val)
2025-09-29 10:11:41 -     P3 Test | Acc=0.6438 P=0.6818 R=0.7143 F1=0.6977 AUC=0.6459 (n=73)
2025-09-29 10:11:41 -     AVO Test | Acc=0.6607 P=0.6535 R=0.6556 F1=0.6545 AUC=0.7269 (n=616)
2025-09-29 10:11:41 -     Overall Test Acc=0.6589
2025-09-29 10:11:41 -   Fold 5/5
2025-09-29 10:11:41 - Fold domains: small=P3 (n=290), large=AVO (n=2124)
2025-09-29 10:11:41 - Auto adjustments (symmetric): w_small≈1.000, lambda_MMD_target=0.300, warmup_epochs=5
2025-09-29 10:11:41 - Epoch 1/500 | LR=0.010000 | w_AVO=1.000 | w_P3=1.341 | lambda_MMD=0.060
2025-09-29 10:11:41 - Epoch Summary: TrainLoss=1.7953 | TrainAcc=0.555 | Val(P3)=0.686 | Val(AVO)=0.658
2025-09-29 10:11:41 - New best P3-val; checkpoint updated
2025-09-29 10:11:41 - Epoch 2/500 | LR=0.010000 | w_AVO=1.000 | w_P3=1.683 | lambda_MMD=0.120
2025-09-29 10:11:41 - Epoch Summary: TrainLoss=1.7244 | TrainAcc=0.596 | Val(P3)=0.629 | Val(AVO)=0.652
2025-09-29 10:11:41 - No P3-val improvement; patience remaining: 49/50
2025-09-29 10:11:41 - Epoch 3/500 | LR=0.010000 | w_AVO=1.000 | w_P3=2.024 | lambda_MMD=0.180
2025-09-29 10:11:41 - Epoch Summary: TrainLoss=1.7731 | TrainAcc=0.614 | Val(P3)=0.600 | Val(AVO)=0.635
2025-09-29 10:11:41 - No P3-val improvement; patience remaining: 48/50
2025-09-29 10:11:41 - P3 val decreasing 3x. Reducing w_small to 1.892, lambda_MMD to 0.120
2025-09-29 10:11:41 - AVO val decreasing 3x. Reducing lambda_MMD to 0.084
2025-09-29 10:11:41 - Epoch 4/500 | LR=0.009999 | w_AVO=1.000 | w_P3=1.892 | lambda_MMD=0.084
2025-09-29 10:11:41 - Epoch Summary: TrainLoss=1.6247 | TrainAcc=0.615 | Val(P3)=0.600 | Val(AVO)=0.674
2025-09-29 10:11:41 - No P3-val improvement; patience remaining: 47/50
2025-09-29 10:11:41 - Epoch 5/500 | LR=0.009998 | w_AVO=1.000 | w_P3=2.706 | lambda_MMD=0.300
2025-09-29 10:11:41 - Epoch Summary: TrainLoss=1.9500 | TrainAcc=0.618 | Val(P3)=0.600 | Val(AVO)=0.603
2025-09-29 10:11:41 - No P3-val improvement; patience remaining: 46/50
2025-09-29 10:11:41 - Epoch 6/500 | LR=0.009998 | w_AVO=1.000 | w_P3=2.706 | lambda_MMD=0.300
2025-09-29 10:11:41 - Epoch Summary: TrainLoss=1.9089 | TrainAcc=0.610 | Val(P3)=0.543 | Val(AVO)=0.561
2025-09-29 10:11:41 - No P3-val improvement; patience remaining: 45/50
2025-09-29 10:11:41 - AVO val decreasing 3x. Reducing lambda_MMD to 0.210
2025-09-29 10:11:41 - Epoch 7/500 | LR=0.009996 | w_AVO=1.000 | w_P3=2.706 | lambda_MMD=0.210
2025-09-29 10:11:42 - Epoch Summary: TrainLoss=1.8594 | TrainAcc=0.617 | Val(P3)=0.571 | Val(AVO)=0.648
2025-09-29 10:11:42 - No P3-val improvement; patience remaining: 44/50
2025-09-29 10:11:42 - Epoch 8/500 | LR=0.009995 | w_AVO=1.000 | w_P3=2.706 | lambda_MMD=0.300
2025-09-29 10:11:42 - Epoch Summary: TrainLoss=1.7535 | TrainAcc=0.625 | Val(P3)=0.571 | Val(AVO)=0.600
2025-09-29 10:11:42 - No P3-val improvement; patience remaining: 43/50
2025-09-29 10:11:42 - Epoch 9/500 | LR=0.009994 | w_AVO=1.000 | w_P3=2.706 | lambda_MMD=0.300
2025-09-29 10:11:42 - Epoch Summary: TrainLoss=1.7415 | TrainAcc=0.619 | Val(P3)=0.571 | Val(AVO)=0.597
2025-09-29 10:11:42 - No P3-val improvement; patience remaining: 42/50
2025-09-29 10:11:42 - AVO val decreasing 3x. Reducing lambda_MMD to 0.210
2025-09-29 10:11:42 - Epoch 10/500 | LR=0.009992 | w_AVO=1.000 | w_P3=2.706 | lambda_MMD=0.210
2025-09-29 10:11:42 - Epoch Summary: TrainLoss=1.6685 | TrainAcc=0.613 | Val(P3)=0.571 | Val(AVO)=0.639
2025-09-29 10:11:42 - No P3-val improvement; patience remaining: 41/50
2025-09-29 10:11:42 - Epoch 11/500 | LR=0.009990 | w_AVO=1.000 | w_P3=2.706 | lambda_MMD=0.300
2025-09-29 10:11:42 - Epoch Summary: TrainLoss=1.6492 | TrainAcc=0.633 | Val(P3)=0.657 | Val(AVO)=0.626
2025-09-29 10:11:42 - No P3-val improvement; patience remaining: 40/50
2025-09-29 10:11:42 - Epoch 12/500 | LR=0.009988 | w_AVO=1.000 | w_P3=2.706 | lambda_MMD=0.300
2025-09-29 10:11:42 - Epoch Summary: TrainLoss=1.5981 | TrainAcc=0.626 | Val(P3)=0.629 | Val(AVO)=0.639
2025-09-29 10:11:42 - No P3-val improvement; patience remaining: 39/50
2025-09-29 10:11:42 - Epoch 13/500 | LR=0.009986 | w_AVO=1.000 | w_P3=2.706 | lambda_MMD=0.300
2025-09-29 10:11:42 - Epoch Summary: TrainLoss=1.5746 | TrainAcc=0.628 | Val(P3)=0.657 | Val(AVO)=0.668
2025-09-29 10:11:42 - No P3-val improvement; patience remaining: 38/50
2025-09-29 10:11:42 - Epoch 14/500 | LR=0.009983 | w_AVO=1.000 | w_P3=2.706 | lambda_MMD=0.300
2025-09-29 10:11:42 - Epoch Summary: TrainLoss=1.5704 | TrainAcc=0.643 | Val(P3)=0.629 | Val(AVO)=0.639
2025-09-29 10:11:42 - No P3-val improvement; patience remaining: 37/50
2025-09-29 10:11:42 - Epoch 15/500 | LR=0.009981 | w_AVO=1.000 | w_P3=2.706 | lambda_MMD=0.300
2025-09-29 10:11:42 - Epoch Summary: TrainLoss=1.4957 | TrainAcc=0.640 | Val(P3)=0.600 | Val(AVO)=0.684
2025-09-29 10:11:42 - No P3-val improvement; patience remaining: 36/50
2025-09-29 10:11:42 - P3 val decreasing 3x. Reducing w_small to 2.165, lambda_MMD to 0.150
2025-09-29 10:11:42 - Epoch 16/500 | LR=0.009978 | w_AVO=1.000 | w_P3=2.165 | lambda_MMD=0.150
2025-09-29 10:11:43 - Epoch Summary: TrainLoss=1.3367 | TrainAcc=0.638 | Val(P3)=0.629 | Val(AVO)=0.658
2025-09-29 10:11:43 - No P3-val improvement; patience remaining: 35/50
2025-09-29 10:11:43 - Epoch 17/500 | LR=0.009975 | w_AVO=1.000 | w_P3=2.706 | lambda_MMD=0.300
2025-09-29 10:11:43 - Epoch Summary: TrainLoss=1.4962 | TrainAcc=0.651 | Val(P3)=0.571 | Val(AVO)=0.665
2025-09-29 10:11:43 - No P3-val improvement; patience remaining: 34/50
2025-09-29 10:11:43 - Epoch 18/500 | LR=0.009972 | w_AVO=1.000 | w_P3=2.706 | lambda_MMD=0.300
2025-09-29 10:11:43 - Epoch Summary: TrainLoss=1.4679 | TrainAcc=0.646 | Val(P3)=0.657 | Val(AVO)=0.626
2025-09-29 10:11:43 - No P3-val improvement; patience remaining: 33/50
2025-09-29 10:11:43 - Epoch 19/500 | LR=0.009968 | w_AVO=1.000 | w_P3=2.706 | lambda_MMD=0.300
2025-09-29 10:11:43 - Epoch Summary: TrainLoss=1.4662 | TrainAcc=0.634 | Val(P3)=0.571 | Val(AVO)=0.655
2025-09-29 10:11:43 - No P3-val improvement; patience remaining: 32/50
2025-09-29 10:11:43 - Epoch 20/500 | LR=0.009964 | w_AVO=1.000 | w_P3=2.706 | lambda_MMD=0.300
2025-09-29 10:11:43 - Epoch Summary: TrainLoss=1.4102 | TrainAcc=0.645 | Val(P3)=0.486 | Val(AVO)=0.626
2025-09-29 10:11:43 - No P3-val improvement; patience remaining: 31/50
2025-09-29 10:11:43 - P3 val decreasing 3x. Reducing w_small to 2.165, lambda_MMD to 0.150
2025-09-29 10:11:43 - Epoch 21/500 | LR=0.009961 | w_AVO=1.000 | w_P3=2.165 | lambda_MMD=0.150
2025-09-29 10:11:43 - Epoch Summary: TrainLoss=1.2634 | TrainAcc=0.655 | Val(P3)=0.571 | Val(AVO)=0.642
2025-09-29 10:11:43 - No P3-val improvement; patience remaining: 30/50
2025-09-29 10:11:43 - Epoch 22/500 | LR=0.009957 | w_AVO=1.000 | w_P3=2.706 | lambda_MMD=0.300
2025-09-29 10:11:43 - Epoch Summary: TrainLoss=1.3557 | TrainAcc=0.638 | Val(P3)=0.543 | Val(AVO)=0.710
2025-09-29 10:11:43 - No P3-val improvement; patience remaining: 29/50
2025-09-29 10:11:43 - Epoch 23/500 | LR=0.009952 | w_AVO=1.000 | w_P3=2.706 | lambda_MMD=0.300
2025-09-29 10:11:43 - Epoch Summary: TrainLoss=1.3323 | TrainAcc=0.655 | Val(P3)=0.514 | Val(AVO)=0.658
2025-09-29 10:11:43 - No P3-val improvement; patience remaining: 28/50
2025-09-29 10:11:43 - P3 val decreasing 3x. Reducing w_small to 2.165, lambda_MMD to 0.150
2025-09-29 10:11:43 - Epoch 24/500 | LR=0.009948 | w_AVO=1.000 | w_P3=2.165 | lambda_MMD=0.150
2025-09-29 10:11:43 - Epoch Summary: TrainLoss=1.2195 | TrainAcc=0.640 | Val(P3)=0.600 | Val(AVO)=0.642
2025-09-29 10:11:43 - No P3-val improvement; patience remaining: 27/50
2025-09-29 10:11:43 - AVO val decreasing 3x. Reducing lambda_MMD to 0.210
2025-09-29 10:11:43 - Epoch 25/500 | LR=0.009943 | w_AVO=1.000 | w_P3=2.706 | lambda_MMD=0.210
2025-09-29 10:11:43 - Epoch Summary: TrainLoss=1.2977 | TrainAcc=0.658 | Val(P3)=0.571 | Val(AVO)=0.739
2025-09-29 10:11:43 - No P3-val improvement; patience remaining: 26/50
2025-09-29 10:11:43 - Epoch 26/500 | LR=0.009938 | w_AVO=1.000 | w_P3=2.706 | lambda_MMD=0.300
2025-09-29 10:11:44 - Epoch Summary: TrainLoss=1.3133 | TrainAcc=0.660 | Val(P3)=0.600 | Val(AVO)=0.655
2025-09-29 10:11:44 - No P3-val improvement; patience remaining: 25/50
2025-09-29 10:11:44 - Epoch 27/500 | LR=0.009933 | w_AVO=1.000 | w_P3=2.706 | lambda_MMD=0.300
2025-09-29 10:11:44 - Epoch Summary: TrainLoss=1.3280 | TrainAcc=0.640 | Val(P3)=0.571 | Val(AVO)=0.635
2025-09-29 10:11:44 - No P3-val improvement; patience remaining: 24/50
2025-09-29 10:11:44 - AVO val decreasing 3x. Reducing lambda_MMD to 0.210
2025-09-29 10:11:44 - Epoch 28/500 | LR=0.009928 | w_AVO=1.000 | w_P3=2.706 | lambda_MMD=0.210
2025-09-29 10:11:44 - Epoch Summary: TrainLoss=1.3013 | TrainAcc=0.637 | Val(P3)=0.571 | Val(AVO)=0.658
2025-09-29 10:11:44 - No P3-val improvement; patience remaining: 23/50
2025-09-29 10:11:44 - Epoch 29/500 | LR=0.009923 | w_AVO=1.000 | w_P3=2.706 | lambda_MMD=0.300
2025-09-29 10:11:44 - Epoch Summary: TrainLoss=1.2689 | TrainAcc=0.650 | Val(P3)=0.571 | Val(AVO)=0.706
2025-09-29 10:11:44 - No P3-val improvement; patience remaining: 22/50
2025-09-29 10:11:44 - Epoch 30/500 | LR=0.009917 | w_AVO=1.000 | w_P3=2.706 | lambda_MMD=0.300
2025-09-29 10:11:44 - Epoch Summary: TrainLoss=1.3031 | TrainAcc=0.647 | Val(P3)=0.600 | Val(AVO)=0.684
2025-09-29 10:11:44 - No P3-val improvement; patience remaining: 21/50
2025-09-29 10:11:44 - Epoch 31/500 | LR=0.009911 | w_AVO=1.000 | w_P3=2.706 | lambda_MMD=0.300
2025-09-29 10:11:44 - Epoch Summary: TrainLoss=1.3225 | TrainAcc=0.653 | Val(P3)=0.571 | Val(AVO)=0.697
2025-09-29 10:11:44 - No P3-val improvement; patience remaining: 20/50
2025-09-29 10:11:44 - Epoch 32/500 | LR=0.009905 | w_AVO=1.000 | w_P3=2.706 | lambda_MMD=0.300
2025-09-29 10:11:44 - Epoch Summary: TrainLoss=1.3156 | TrainAcc=0.658 | Val(P3)=0.571 | Val(AVO)=0.690
2025-09-29 10:11:44 - No P3-val improvement; patience remaining: 19/50
2025-09-29 10:11:44 - Epoch 33/500 | LR=0.009899 | w_AVO=1.000 | w_P3=2.706 | lambda_MMD=0.300
2025-09-29 10:11:44 - Epoch Summary: TrainLoss=1.2593 | TrainAcc=0.664 | Val(P3)=0.600 | Val(AVO)=0.684
2025-09-29 10:11:44 - No P3-val improvement; patience remaining: 18/50
2025-09-29 10:11:44 - AVO val decreasing 3x. Reducing lambda_MMD to 0.210
2025-09-29 10:11:44 - Epoch 34/500 | LR=0.009893 | w_AVO=1.000 | w_P3=2.706 | lambda_MMD=0.210
2025-09-29 10:11:44 - Epoch Summary: TrainLoss=1.2240 | TrainAcc=0.654 | Val(P3)=0.657 | Val(AVO)=0.687
2025-09-29 10:11:44 - No P3-val improvement; patience remaining: 17/50
2025-09-29 10:11:44 - Epoch 35/500 | LR=0.009886 | w_AVO=1.000 | w_P3=2.706 | lambda_MMD=0.300
2025-09-29 10:11:45 - Epoch Summary: TrainLoss=1.2396 | TrainAcc=0.651 | Val(P3)=0.543 | Val(AVO)=0.610
2025-09-29 10:11:45 - No P3-val improvement; patience remaining: 16/50
2025-09-29 10:11:45 - Epoch 36/500 | LR=0.009880 | w_AVO=1.000 | w_P3=2.706 | lambda_MMD=0.300
2025-09-29 10:11:45 - Epoch Summary: TrainLoss=1.2190 | TrainAcc=0.655 | Val(P3)=0.629 | Val(AVO)=0.658
2025-09-29 10:11:45 - No P3-val improvement; patience remaining: 15/50
2025-09-29 10:11:45 - Epoch 37/500 | LR=0.009873 | w_AVO=1.000 | w_P3=2.706 | lambda_MMD=0.300
2025-09-29 10:11:45 - Epoch Summary: TrainLoss=1.2411 | TrainAcc=0.654 | Val(P3)=0.629 | Val(AVO)=0.645
2025-09-29 10:11:45 - No P3-val improvement; patience remaining: 14/50
2025-09-29 10:11:45 - Epoch 38/500 | LR=0.009865 | w_AVO=1.000 | w_P3=2.706 | lambda_MMD=0.300
2025-09-29 10:11:45 - Epoch Summary: TrainLoss=1.2486 | TrainAcc=0.645 | Val(P3)=0.571 | Val(AVO)=0.674
2025-09-29 10:11:45 - No P3-val improvement; patience remaining: 13/50
2025-09-29 10:11:45 - Epoch 39/500 | LR=0.009858 | w_AVO=1.000 | w_P3=2.706 | lambda_MMD=0.300
2025-09-29 10:11:45 - Epoch Summary: TrainLoss=1.2068 | TrainAcc=0.655 | Val(P3)=0.571 | Val(AVO)=0.694
2025-09-29 10:11:45 - No P3-val improvement; patience remaining: 12/50
2025-09-29 10:11:45 - Epoch 40/500 | LR=0.009851 | w_AVO=1.000 | w_P3=2.706 | lambda_MMD=0.300
2025-09-29 10:11:45 - Epoch Summary: TrainLoss=1.2107 | TrainAcc=0.673 | Val(P3)=0.600 | Val(AVO)=0.665
2025-09-29 10:11:45 - No P3-val improvement; patience remaining: 11/50
2025-09-29 10:11:45 - Epoch 41/500 | LR=0.009843 | w_AVO=1.000 | w_P3=2.706 | lambda_MMD=0.300
2025-09-29 10:11:45 - Epoch Summary: TrainLoss=1.2204 | TrainAcc=0.648 | Val(P3)=0.629 | Val(AVO)=0.648
2025-09-29 10:11:45 - No P3-val improvement; patience remaining: 10/50
2025-09-29 10:11:45 - AVO val decreasing 3x. Reducing lambda_MMD to 0.210
2025-09-29 10:11:45 - Epoch 42/500 | LR=0.009835 | w_AVO=1.000 | w_P3=2.706 | lambda_MMD=0.210
2025-09-29 10:11:45 - Epoch Summary: TrainLoss=1.1870 | TrainAcc=0.669 | Val(P3)=0.600 | Val(AVO)=0.671
2025-09-29 10:11:45 - No P3-val improvement; patience remaining: 9/50
2025-09-29 10:11:45 - Epoch 43/500 | LR=0.009827 | w_AVO=1.000 | w_P3=2.706 | lambda_MMD=0.300
2025-09-29 10:11:45 - Epoch Summary: TrainLoss=1.2326 | TrainAcc=0.670 | Val(P3)=0.600 | Val(AVO)=0.668
2025-09-29 10:11:45 - No P3-val improvement; patience remaining: 8/50
2025-09-29 10:11:45 - Epoch 44/500 | LR=0.009819 | w_AVO=1.000 | w_P3=2.706 | lambda_MMD=0.300
2025-09-29 10:11:45 - Epoch Summary: TrainLoss=1.1851 | TrainAcc=0.657 | Val(P3)=0.600 | Val(AVO)=0.665
2025-09-29 10:11:45 - No P3-val improvement; patience remaining: 7/50
2025-09-29 10:11:45 - AVO val decreasing 3x. Reducing lambda_MMD to 0.210
2025-09-29 10:11:45 - Epoch 45/500 | LR=0.009810 | w_AVO=1.000 | w_P3=2.706 | lambda_MMD=0.210
2025-09-29 10:11:46 - Epoch Summary: TrainLoss=1.2435 | TrainAcc=0.656 | Val(P3)=0.600 | Val(AVO)=0.671
2025-09-29 10:11:46 - No P3-val improvement; patience remaining: 6/50
2025-09-29 10:11:46 - Epoch 46/500 | LR=0.009801 | w_AVO=1.000 | w_P3=2.706 | lambda_MMD=0.300
2025-09-29 10:11:46 - Epoch Summary: TrainLoss=1.1429 | TrainAcc=0.675 | Val(P3)=0.543 | Val(AVO)=0.706
2025-09-29 10:11:46 - No P3-val improvement; patience remaining: 5/50
2025-09-29 10:11:46 - Epoch 47/500 | LR=0.009793 | w_AVO=1.000 | w_P3=2.706 | lambda_MMD=0.300
2025-09-29 10:11:46 - Epoch Summary: TrainLoss=1.1439 | TrainAcc=0.675 | Val(P3)=0.571 | Val(AVO)=0.700
2025-09-29 10:11:46 - No P3-val improvement; patience remaining: 4/50
2025-09-29 10:11:46 - Epoch 48/500 | LR=0.009784 | w_AVO=1.000 | w_P3=2.706 | lambda_MMD=0.300
2025-09-29 10:11:46 - Epoch Summary: TrainLoss=1.2263 | TrainAcc=0.653 | Val(P3)=0.514 | Val(AVO)=0.587
2025-09-29 10:11:46 - No P3-val improvement; patience remaining: 3/50
2025-09-29 10:11:46 - AVO val decreasing 3x. Reducing lambda_MMD to 0.210
2025-09-29 10:11:46 - Epoch 49/500 | LR=0.009774 | w_AVO=1.000 | w_P3=2.706 | lambda_MMD=0.210
2025-09-29 10:11:46 - Epoch Summary: TrainLoss=1.1813 | TrainAcc=0.670 | Val(P3)=0.543 | Val(AVO)=0.684
2025-09-29 10:11:46 - No P3-val improvement; patience remaining: 2/50
2025-09-29 10:11:46 - Epoch 50/500 | LR=0.009765 | w_AVO=1.000 | w_P3=2.706 | lambda_MMD=0.300
2025-09-29 10:11:46 - Epoch Summary: TrainLoss=1.1525 | TrainAcc=0.667 | Val(P3)=0.600 | Val(AVO)=0.694
2025-09-29 10:11:46 - No P3-val improvement; patience remaining: 1/50
2025-09-29 10:11:46 - Epoch 51/500 | LR=0.009755 | w_AVO=1.000 | w_P3=2.706 | lambda_MMD=0.300
2025-09-29 10:11:46 - Epoch Summary: TrainLoss=1.1559 | TrainAcc=0.673 | Val(P3)=0.571 | Val(AVO)=0.674
2025-09-29 10:11:46 - No P3-val improvement; patience remaining: 0/50
2025-09-29 10:11:46 - Early stopping triggered (P3-val)
2025-09-29 10:11:46 -     P3 Test | Acc=0.5733 P=0.4643 R=0.4333 F1=0.4483 AUC=0.6000 (n=75)
2025-09-29 10:11:46 -     AVO Test | Acc=0.6678 P=0.6637 R=0.7143 F1=0.6881 AUC=0.7313 (n=614)
2025-09-29 10:11:46 -     Overall Test Acc=0.6575
2025-09-29 10:11:46 - Repeat 2/5
2025-09-29 10:11:46 -   Fold 1/5
2025-09-29 10:11:46 - Fold domains: small=P3 (n=298), large=AVO (n=2115)
2025-09-29 10:11:46 - Auto adjustments (symmetric): w_small≈1.000, lambda_MMD_target=0.300, warmup_epochs=5
2025-09-29 10:11:46 - Epoch 1/500 | LR=0.010000 | w_AVO=1.000 | w_P3=1.333 | lambda_MMD=0.060
2025-09-29 10:11:46 - Epoch Summary: TrainLoss=1.7807 | TrainAcc=0.543 | Val(P3)=0.543 | Val(AVO)=0.552
2025-09-29 10:11:46 - New best P3-val; checkpoint updated
2025-09-29 10:11:46 - Epoch 2/500 | LR=0.010000 | w_AVO=1.000 | w_P3=1.666 | lambda_MMD=0.120
2025-09-29 10:11:46 - Epoch Summary: TrainLoss=1.7153 | TrainAcc=0.574 | Val(P3)=0.486 | Val(AVO)=0.561
2025-09-29 10:11:46 - No P3-val improvement; patience remaining: 49/50
2025-09-29 10:11:46 - Epoch 3/500 | LR=0.010000 | w_AVO=1.000 | w_P3=1.998 | lambda_MMD=0.180
2025-09-29 10:11:47 - Epoch Summary: TrainLoss=1.7890 | TrainAcc=0.592 | Val(P3)=0.629 | Val(AVO)=0.600
2025-09-29 10:11:47 - New best P3-val; checkpoint updated
2025-09-29 10:11:47 - Epoch 4/500 | LR=0.009999 | w_AVO=1.000 | w_P3=2.331 | lambda_MMD=0.240
2025-09-29 10:11:47 - Epoch Summary: TrainLoss=1.8590 | TrainAcc=0.598 | Val(P3)=0.657 | Val(AVO)=0.613
2025-09-29 10:11:47 - New best P3-val; checkpoint updated
2025-09-29 10:11:47 - Epoch 5/500 | LR=0.009998 | w_AVO=1.000 | w_P3=2.664 | lambda_MMD=0.300
2025-09-29 10:11:47 - Epoch Summary: TrainLoss=1.9414 | TrainAcc=0.587 | Val(P3)=0.686 | Val(AVO)=0.626
2025-09-29 10:11:47 - New best P3-val; checkpoint updated
2025-09-29 10:11:47 - Epoch 6/500 | LR=0.009998 | w_AVO=1.000 | w_P3=2.664 | lambda_MMD=0.300
2025-09-29 10:11:47 - Epoch Summary: TrainLoss=1.8670 | TrainAcc=0.604 | Val(P3)=0.571 | Val(AVO)=0.590
2025-09-29 10:11:47 - No P3-val improvement; patience remaining: 49/50
2025-09-29 10:11:47 - Epoch 7/500 | LR=0.009996 | w_AVO=1.000 | w_P3=2.664 | lambda_MMD=0.300
2025-09-29 10:11:47 - Epoch Summary: TrainLoss=1.8199 | TrainAcc=0.610 | Val(P3)=0.657 | Val(AVO)=0.597
2025-09-29 10:11:47 - No P3-val improvement; patience remaining: 48/50
2025-09-29 10:11:47 - Epoch 8/500 | LR=0.009995 | w_AVO=1.000 | w_P3=2.664 | lambda_MMD=0.300
2025-09-29 10:11:47 - Epoch Summary: TrainLoss=1.7449 | TrainAcc=0.602 | Val(P3)=0.686 | Val(AVO)=0.597
2025-09-29 10:11:47 - No P3-val improvement; patience remaining: 47/50
2025-09-29 10:11:47 - Epoch 9/500 | LR=0.009994 | w_AVO=1.000 | w_P3=2.664 | lambda_MMD=0.300
2025-09-29 10:11:47 - Epoch Summary: TrainLoss=1.7250 | TrainAcc=0.616 | Val(P3)=0.629 | Val(AVO)=0.590
2025-09-29 10:11:47 - No P3-val improvement; patience remaining: 46/50
2025-09-29 10:11:47 - Epoch 10/500 | LR=0.009992 | w_AVO=1.000 | w_P3=2.664 | lambda_MMD=0.300
2025-09-29 10:11:47 - Epoch Summary: TrainLoss=1.6888 | TrainAcc=0.613 | Val(P3)=0.571 | Val(AVO)=0.642
2025-09-29 10:11:47 - No P3-val improvement; patience remaining: 45/50
2025-09-29 10:11:47 - P3 val decreasing 3x. Reducing w_small to 2.131, lambda_MMD to 0.150
2025-09-29 10:11:47 - Epoch 11/500 | LR=0.009990 | w_AVO=1.000 | w_P3=2.131 | lambda_MMD=0.150
2025-09-29 10:11:48 - Epoch Summary: TrainLoss=1.4636 | TrainAcc=0.604 | Val(P3)=0.600 | Val(AVO)=0.616
2025-09-29 10:11:48 - No P3-val improvement; patience remaining: 44/50
2025-09-29 10:11:48 - Epoch 12/500 | LR=0.009988 | w_AVO=1.000 | w_P3=2.664 | lambda_MMD=0.300
2025-09-29 10:11:48 - Epoch Summary: TrainLoss=1.5937 | TrainAcc=0.620 | Val(P3)=0.600 | Val(AVO)=0.606
2025-09-29 10:11:48 - No P3-val improvement; patience remaining: 43/50
2025-09-29 10:11:48 - AVO val decreasing 3x. Reducing lambda_MMD to 0.210
2025-09-29 10:11:48 - Epoch 13/500 | LR=0.009986 | w_AVO=1.000 | w_P3=2.664 | lambda_MMD=0.210
2025-09-29 10:11:48 - Epoch Summary: TrainLoss=1.5715 | TrainAcc=0.621 | Val(P3)=0.657 | Val(AVO)=0.623
2025-09-29 10:11:48 - No P3-val improvement; patience remaining: 42/50
2025-09-29 10:11:48 - Epoch 14/500 | LR=0.009983 | w_AVO=1.000 | w_P3=2.664 | lambda_MMD=0.300
2025-09-29 10:11:48 - Epoch Summary: TrainLoss=1.5262 | TrainAcc=0.628 | Val(P3)=0.657 | Val(AVO)=0.616
2025-09-29 10:11:48 - No P3-val improvement; patience remaining: 41/50
2025-09-29 10:11:48 - Epoch 15/500 | LR=0.009981 | w_AVO=1.000 | w_P3=2.664 | lambda_MMD=0.300
2025-09-29 10:11:48 - Epoch Summary: TrainLoss=1.5158 | TrainAcc=0.622 | Val(P3)=0.543 | Val(AVO)=0.648
2025-09-29 10:11:48 - No P3-val improvement; patience remaining: 40/50
2025-09-29 10:11:48 - Epoch 16/500 | LR=0.009978 | w_AVO=1.000 | w_P3=2.664 | lambda_MMD=0.300
2025-09-29 10:11:48 - Epoch Summary: TrainLoss=1.5199 | TrainAcc=0.632 | Val(P3)=0.686 | Val(AVO)=0.635
2025-09-29 10:11:48 - No P3-val improvement; patience remaining: 39/50
2025-09-29 10:11:48 - Epoch 17/500 | LR=0.009975 | w_AVO=1.000 | w_P3=2.664 | lambda_MMD=0.300
2025-09-29 10:11:48 - Epoch Summary: TrainLoss=1.4897 | TrainAcc=0.621 | Val(P3)=0.657 | Val(AVO)=0.648
2025-09-29 10:11:48 - No P3-val improvement; patience remaining: 38/50
2025-09-29 10:11:48 - Epoch 18/500 | LR=0.009972 | w_AVO=1.000 | w_P3=2.664 | lambda_MMD=0.300
2025-09-29 10:11:49 - Epoch Summary: TrainLoss=1.4517 | TrainAcc=0.624 | Val(P3)=0.657 | Val(AVO)=0.665
2025-09-29 10:11:49 - No P3-val improvement; patience remaining: 37/50
2025-09-29 10:11:49 - Epoch 19/500 | LR=0.009968 | w_AVO=1.000 | w_P3=2.664 | lambda_MMD=0.300
2025-09-29 10:11:49 - Epoch Summary: TrainLoss=1.4518 | TrainAcc=0.640 | Val(P3)=0.657 | Val(AVO)=0.629
2025-09-29 10:11:49 - No P3-val improvement; patience remaining: 36/50
2025-09-29 10:11:49 - Epoch 20/500 | LR=0.009964 | w_AVO=1.000 | w_P3=2.664 | lambda_MMD=0.300
2025-09-29 10:11:49 - Epoch Summary: TrainLoss=1.4187 | TrainAcc=0.622 | Val(P3)=0.686 | Val(AVO)=0.671
2025-09-29 10:11:49 - No P3-val improvement; patience remaining: 35/50
2025-09-29 10:11:49 - Epoch 21/500 | LR=0.009961 | w_AVO=1.000 | w_P3=2.664 | lambda_MMD=0.300
2025-09-29 10:11:49 - Epoch Summary: TrainLoss=1.4732 | TrainAcc=0.617 | Val(P3)=0.714 | Val(AVO)=0.652
2025-09-29 10:11:49 - New best P3-val; checkpoint updated
2025-09-29 10:11:49 - Epoch 22/500 | LR=0.009957 | w_AVO=1.000 | w_P3=2.664 | lambda_MMD=0.300
2025-09-29 10:11:49 - Epoch Summary: TrainLoss=1.4182 | TrainAcc=0.622 | Val(P3)=0.657 | Val(AVO)=0.642
2025-09-29 10:11:49 - No P3-val improvement; patience remaining: 49/50
2025-09-29 10:11:49 - AVO val decreasing 3x. Reducing lambda_MMD to 0.210
2025-09-29 10:11:49 - Epoch 23/500 | LR=0.009952 | w_AVO=1.000 | w_P3=2.664 | lambda_MMD=0.210
2025-09-29 10:11:49 - Epoch Summary: TrainLoss=1.3732 | TrainAcc=0.628 | Val(P3)=0.686 | Val(AVO)=0.652
2025-09-29 10:11:49 - No P3-val improvement; patience remaining: 48/50
2025-09-29 10:11:49 - Epoch 24/500 | LR=0.009948 | w_AVO=1.000 | w_P3=2.664 | lambda_MMD=0.300
2025-09-29 10:11:49 - Epoch Summary: TrainLoss=1.3840 | TrainAcc=0.609 | Val(P3)=0.657 | Val(AVO)=0.661
2025-09-29 10:11:49 - No P3-val improvement; patience remaining: 47/50
2025-09-29 10:11:49 - Epoch 25/500 | LR=0.009943 | w_AVO=1.000 | w_P3=2.664 | lambda_MMD=0.300
2025-09-29 10:11:49 - Epoch Summary: TrainLoss=1.3946 | TrainAcc=0.626 | Val(P3)=0.600 | Val(AVO)=0.642
2025-09-29 10:11:49 - No P3-val improvement; patience remaining: 46/50
2025-09-29 10:11:49 - P3 val decreasing 3x. Reducing w_small to 2.131, lambda_MMD to 0.150
2025-09-29 10:11:49 - Epoch 26/500 | LR=0.009938 | w_AVO=1.000 | w_P3=2.131 | lambda_MMD=0.150
2025-09-29 10:11:49 - Epoch Summary: TrainLoss=1.1662 | TrainAcc=0.636 | Val(P3)=0.714 | Val(AVO)=0.697
2025-09-29 10:11:49 - No P3-val improvement; patience remaining: 45/50
2025-09-29 10:11:49 - Epoch 27/500 | LR=0.009933 | w_AVO=1.000 | w_P3=2.664 | lambda_MMD=0.300
2025-09-29 10:11:50 - Epoch Summary: TrainLoss=1.3538 | TrainAcc=0.648 | Val(P3)=0.657 | Val(AVO)=0.648
2025-09-29 10:11:50 - No P3-val improvement; patience remaining: 44/50
2025-09-29 10:11:50 - Epoch 28/500 | LR=0.009928 | w_AVO=1.000 | w_P3=2.664 | lambda_MMD=0.300
2025-09-29 10:11:50 - Epoch Summary: TrainLoss=1.3676 | TrainAcc=0.636 | Val(P3)=0.686 | Val(AVO)=0.645
2025-09-29 10:11:50 - No P3-val improvement; patience remaining: 43/50
2025-09-29 10:11:50 - AVO val decreasing 3x. Reducing lambda_MMD to 0.210
2025-09-29 10:11:50 - Epoch 29/500 | LR=0.009923 | w_AVO=1.000 | w_P3=2.664 | lambda_MMD=0.210
2025-09-29 10:11:50 - Epoch Summary: TrainLoss=1.3181 | TrainAcc=0.653 | Val(P3)=0.600 | Val(AVO)=0.674
2025-09-29 10:11:50 - No P3-val improvement; patience remaining: 42/50
2025-09-29 10:11:50 - Epoch 30/500 | LR=0.009917 | w_AVO=1.000 | w_P3=2.664 | lambda_MMD=0.300
2025-09-29 10:11:50 - Epoch Summary: TrainLoss=1.2952 | TrainAcc=0.655 | Val(P3)=0.629 | Val(AVO)=0.674
2025-09-29 10:11:50 - No P3-val improvement; patience remaining: 41/50
2025-09-29 10:11:50 - Epoch 31/500 | LR=0.009911 | w_AVO=1.000 | w_P3=2.664 | lambda_MMD=0.300
2025-09-29 10:11:50 - Epoch Summary: TrainLoss=1.2718 | TrainAcc=0.640 | Val(P3)=0.571 | Val(AVO)=0.690
2025-09-29 10:11:50 - No P3-val improvement; patience remaining: 40/50
2025-09-29 10:11:50 - Epoch 32/500 | LR=0.009905 | w_AVO=1.000 | w_P3=2.664 | lambda_MMD=0.300
2025-09-29 10:11:50 - Epoch Summary: TrainLoss=1.2969 | TrainAcc=0.634 | Val(P3)=0.686 | Val(AVO)=0.652
2025-09-29 10:11:50 - No P3-val improvement; patience remaining: 39/50
2025-09-29 10:11:50 - Epoch 33/500 | LR=0.009899 | w_AVO=1.000 | w_P3=2.664 | lambda_MMD=0.300
2025-09-29 10:11:50 - Epoch Summary: TrainLoss=1.3133 | TrainAcc=0.647 | Val(P3)=0.600 | Val(AVO)=0.684
2025-09-29 10:11:50 - No P3-val improvement; patience remaining: 38/50
2025-09-29 10:11:50 - Epoch 34/500 | LR=0.009893 | w_AVO=1.000 | w_P3=2.664 | lambda_MMD=0.300
2025-09-29 10:11:50 - Epoch Summary: TrainLoss=1.2700 | TrainAcc=0.651 | Val(P3)=0.657 | Val(AVO)=0.648
2025-09-29 10:11:50 - No P3-val improvement; patience remaining: 37/50
2025-09-29 10:11:50 - Epoch 35/500 | LR=0.009886 | w_AVO=1.000 | w_P3=2.664 | lambda_MMD=0.300
2025-09-29 10:11:50 - Epoch Summary: TrainLoss=1.2761 | TrainAcc=0.635 | Val(P3)=0.629 | Val(AVO)=0.697
2025-09-29 10:11:50 - No P3-val improvement; patience remaining: 36/50
2025-09-29 10:11:50 - Epoch 36/500 | LR=0.009880 | w_AVO=1.000 | w_P3=2.664 | lambda_MMD=0.300
2025-09-29 10:11:50 - Epoch Summary: TrainLoss=1.2279 | TrainAcc=0.651 | Val(P3)=0.600 | Val(AVO)=0.677
2025-09-29 10:11:50 - No P3-val improvement; patience remaining: 35/50
2025-09-29 10:11:50 - P3 val decreasing 3x. Reducing w_small to 2.131, lambda_MMD to 0.150
2025-09-29 10:11:50 - Epoch 37/500 | LR=0.009873 | w_AVO=1.000 | w_P3=2.131 | lambda_MMD=0.150
2025-09-29 10:11:51 - Epoch Summary: TrainLoss=1.0937 | TrainAcc=0.669 | Val(P3)=0.600 | Val(AVO)=0.687
2025-09-29 10:11:51 - No P3-val improvement; patience remaining: 34/50
2025-09-29 10:11:51 - Epoch 38/500 | LR=0.009865 | w_AVO=1.000 | w_P3=2.664 | lambda_MMD=0.300
2025-09-29 10:11:51 - Epoch Summary: TrainLoss=1.2153 | TrainAcc=0.631 | Val(P3)=0.629 | Val(AVO)=0.687
2025-09-29 10:11:51 - No P3-val improvement; patience remaining: 33/50
2025-09-29 10:11:51 - Epoch 39/500 | LR=0.009858 | w_AVO=1.000 | w_P3=2.664 | lambda_MMD=0.300
2025-09-29 10:11:51 - Epoch Summary: TrainLoss=1.2027 | TrainAcc=0.651 | Val(P3)=0.629 | Val(AVO)=0.661
2025-09-29 10:11:51 - No P3-val improvement; patience remaining: 32/50
2025-09-29 10:11:51 - Epoch 40/500 | LR=0.009851 | w_AVO=1.000 | w_P3=2.664 | lambda_MMD=0.300
2025-09-29 10:11:51 - Epoch Summary: TrainLoss=1.1790 | TrainAcc=0.646 | Val(P3)=0.657 | Val(AVO)=0.655
2025-09-29 10:11:51 - No P3-val improvement; patience remaining: 31/50
2025-09-29 10:11:51 - AVO val decreasing 3x. Reducing lambda_MMD to 0.210
2025-09-29 10:11:51 - Epoch 41/500 | LR=0.009843 | w_AVO=1.000 | w_P3=2.664 | lambda_MMD=0.210
2025-09-29 10:11:51 - Epoch Summary: TrainLoss=1.2558 | TrainAcc=0.643 | Val(P3)=0.600 | Val(AVO)=0.681
2025-09-29 10:11:51 - No P3-val improvement; patience remaining: 30/50
2025-09-29 10:11:51 - Epoch 42/500 | LR=0.009835 | w_AVO=1.000 | w_P3=2.664 | lambda_MMD=0.300
2025-09-29 10:11:51 - Epoch Summary: TrainLoss=1.2485 | TrainAcc=0.627 | Val(P3)=0.571 | Val(AVO)=0.661
2025-09-29 10:11:51 - No P3-val improvement; patience remaining: 29/50
2025-09-29 10:11:51 - P3 val decreasing 3x. Reducing w_small to 2.131, lambda_MMD to 0.150
2025-09-29 10:11:51 - Epoch 43/500 | LR=0.009827 | w_AVO=1.000 | w_P3=2.131 | lambda_MMD=0.150
2025-09-29 10:11:51 - Epoch Summary: TrainLoss=1.0956 | TrainAcc=0.637 | Val(P3)=0.600 | Val(AVO)=0.690
2025-09-29 10:11:51 - No P3-val improvement; patience remaining: 28/50
2025-09-29 10:11:51 - Epoch 44/500 | LR=0.009819 | w_AVO=1.000 | w_P3=2.664 | lambda_MMD=0.300
2025-09-29 10:11:51 - Epoch Summary: TrainLoss=1.2424 | TrainAcc=0.642 | Val(P3)=0.571 | Val(AVO)=0.674
2025-09-29 10:11:51 - No P3-val improvement; patience remaining: 27/50
2025-09-29 10:11:51 - Epoch 45/500 | LR=0.009810 | w_AVO=1.000 | w_P3=2.664 | lambda_MMD=0.300
2025-09-29 10:11:51 - Epoch Summary: TrainLoss=1.1952 | TrainAcc=0.657 | Val(P3)=0.600 | Val(AVO)=0.684
2025-09-29 10:11:51 - No P3-val improvement; patience remaining: 26/50
2025-09-29 10:11:51 - Epoch 46/500 | LR=0.009801 | w_AVO=1.000 | w_P3=2.664 | lambda_MMD=0.300
2025-09-29 10:11:52 - Epoch Summary: TrainLoss=1.2031 | TrainAcc=0.649 | Val(P3)=0.600 | Val(AVO)=0.645
2025-09-29 10:11:52 - No P3-val improvement; patience remaining: 25/50
2025-09-29 10:11:52 - Epoch 47/500 | LR=0.009793 | w_AVO=1.000 | w_P3=2.664 | lambda_MMD=0.300
2025-09-29 10:11:52 - Epoch Summary: TrainLoss=1.1684 | TrainAcc=0.639 | Val(P3)=0.600 | Val(AVO)=0.677
2025-09-29 10:11:52 - No P3-val improvement; patience remaining: 24/50
2025-09-29 10:11:52 - Epoch 48/500 | LR=0.009784 | w_AVO=1.000 | w_P3=2.664 | lambda_MMD=0.300
2025-09-29 10:11:52 - Epoch Summary: TrainLoss=1.1974 | TrainAcc=0.653 | Val(P3)=0.543 | Val(AVO)=0.648
2025-09-29 10:11:52 - No P3-val improvement; patience remaining: 23/50
2025-09-29 10:11:52 - Epoch 49/500 | LR=0.009774 | w_AVO=1.000 | w_P3=2.664 | lambda_MMD=0.300
2025-09-29 10:11:52 - Epoch Summary: TrainLoss=1.1675 | TrainAcc=0.660 | Val(P3)=0.571 | Val(AVO)=0.661
2025-09-29 10:11:52 - No P3-val improvement; patience remaining: 22/50
2025-09-29 10:11:52 - Epoch 50/500 | LR=0.009765 | w_AVO=1.000 | w_P3=2.664 | lambda_MMD=0.300
2025-09-29 10:11:52 - Epoch Summary: TrainLoss=1.1800 | TrainAcc=0.639 | Val(P3)=0.600 | Val(AVO)=0.668
2025-09-29 10:11:52 - No P3-val improvement; patience remaining: 21/50
2025-09-29 10:11:52 - Epoch 51/500 | LR=0.009755 | w_AVO=1.000 | w_P3=2.664 | lambda_MMD=0.300
2025-09-29 10:11:52 - Epoch Summary: TrainLoss=1.1678 | TrainAcc=0.647 | Val(P3)=0.629 | Val(AVO)=0.677
2025-09-29 10:11:52 - No P3-val improvement; patience remaining: 20/50
2025-09-29 10:11:52 - Epoch 52/500 | LR=0.009745 | w_AVO=1.000 | w_P3=2.664 | lambda_MMD=0.300
2025-09-29 10:11:52 - Epoch Summary: TrainLoss=1.1586 | TrainAcc=0.640 | Val(P3)=0.571 | Val(AVO)=0.674
2025-09-29 10:11:52 - No P3-val improvement; patience remaining: 19/50
2025-09-29 10:11:52 - Epoch 53/500 | LR=0.009735 | w_AVO=1.000 | w_P3=2.664 | lambda_MMD=0.300
2025-09-29 10:11:52 - Epoch Summary: TrainLoss=1.1529 | TrainAcc=0.649 | Val(P3)=0.571 | Val(AVO)=0.690
2025-09-29 10:11:52 - No P3-val improvement; patience remaining: 18/50
2025-09-29 10:11:52 - Epoch 54/500 | LR=0.009725 | w_AVO=1.000 | w_P3=2.664 | lambda_MMD=0.300
2025-09-29 10:11:52 - Epoch Summary: TrainLoss=1.1600 | TrainAcc=0.653 | Val(P3)=0.629 | Val(AVO)=0.690
2025-09-29 10:11:52 - No P3-val improvement; patience remaining: 17/50
2025-09-29 10:11:52 - Epoch 55/500 | LR=0.009715 | w_AVO=1.000 | w_P3=2.664 | lambda_MMD=0.300
2025-09-29 10:11:52 - Epoch Summary: TrainLoss=1.1317 | TrainAcc=0.664 | Val(P3)=0.600 | Val(AVO)=0.697
2025-09-29 10:11:52 - No P3-val improvement; patience remaining: 16/50
2025-09-29 10:11:52 - Epoch 56/500 | LR=0.009704 | w_AVO=1.000 | w_P3=2.664 | lambda_MMD=0.300
2025-09-29 10:11:53 - Epoch Summary: TrainLoss=1.1736 | TrainAcc=0.647 | Val(P3)=0.600 | Val(AVO)=0.661
2025-09-29 10:11:53 - No P3-val improvement; patience remaining: 15/50
2025-09-29 10:11:53 - Epoch 57/500 | LR=0.009694 | w_AVO=1.000 | w_P3=2.664 | lambda_MMD=0.300
2025-09-29 10:11:53 - Epoch Summary: TrainLoss=1.1636 | TrainAcc=0.670 | Val(P3)=0.543 | Val(AVO)=0.674
2025-09-29 10:11:53 - No P3-val improvement; patience remaining: 14/50
2025-09-29 10:11:53 - Epoch 58/500 | LR=0.009683 | w_AVO=1.000 | w_P3=2.664 | lambda_MMD=0.300
2025-09-29 10:11:53 - Epoch Summary: TrainLoss=1.1624 | TrainAcc=0.651 | Val(P3)=0.600 | Val(AVO)=0.661
2025-09-29 10:11:53 - No P3-val improvement; patience remaining: 13/50
2025-09-29 10:11:53 - Epoch 59/500 | LR=0.009672 | w_AVO=1.000 | w_P3=2.664 | lambda_MMD=0.300
2025-09-29 10:11:53 - Epoch Summary: TrainLoss=1.2093 | TrainAcc=0.642 | Val(P3)=0.543 | Val(AVO)=0.684
2025-09-29 10:11:53 - No P3-val improvement; patience remaining: 12/50
2025-09-29 10:11:53 - Epoch 60/500 | LR=0.009660 | w_AVO=1.000 | w_P3=2.664 | lambda_MMD=0.300
2025-09-29 10:11:53 - Epoch Summary: TrainLoss=1.1696 | TrainAcc=0.656 | Val(P3)=0.543 | Val(AVO)=0.655
2025-09-29 10:11:53 - No P3-val improvement; patience remaining: 11/50
2025-09-29 10:11:53 - Epoch 61/500 | LR=0.009649 | w_AVO=1.000 | w_P3=2.664 | lambda_MMD=0.300
2025-09-29 10:11:53 - Epoch Summary: TrainLoss=1.1653 | TrainAcc=0.646 | Val(P3)=0.600 | Val(AVO)=0.684
2025-09-29 10:11:53 - No P3-val improvement; patience remaining: 10/50
2025-09-29 10:11:53 - Epoch 62/500 | LR=0.009637 | w_AVO=1.000 | w_P3=2.664 | lambda_MMD=0.300
2025-09-29 10:11:53 - Epoch Summary: TrainLoss=1.1216 | TrainAcc=0.657 | Val(P3)=0.600 | Val(AVO)=0.690
2025-09-29 10:11:53 - No P3-val improvement; patience remaining: 9/50
2025-09-29 10:11:53 - Epoch 63/500 | LR=0.009625 | w_AVO=1.000 | w_P3=2.664 | lambda_MMD=0.300
2025-09-29 10:11:53 - Epoch Summary: TrainLoss=1.1902 | TrainAcc=0.654 | Val(P3)=0.543 | Val(AVO)=0.671
2025-09-29 10:11:53 - No P3-val improvement; patience remaining: 8/50
2025-09-29 10:11:53 - Epoch 64/500 | LR=0.009613 | w_AVO=1.000 | w_P3=2.664 | lambda_MMD=0.300
2025-09-29 10:11:53 - Epoch Summary: TrainLoss=1.1519 | TrainAcc=0.659 | Val(P3)=0.571 | Val(AVO)=0.697
2025-09-29 10:11:53 - No P3-val improvement; patience remaining: 7/50
2025-09-29 10:11:53 - Epoch 65/500 | LR=0.009601 | w_AVO=1.000 | w_P3=2.664 | lambda_MMD=0.300
2025-09-29 10:11:54 - Epoch Summary: TrainLoss=1.1413 | TrainAcc=0.654 | Val(P3)=0.600 | Val(AVO)=0.658
2025-09-29 10:11:54 - No P3-val improvement; patience remaining: 6/50
2025-09-29 10:11:54 - Epoch 66/500 | LR=0.009589 | w_AVO=1.000 | w_P3=2.664 | lambda_MMD=0.300
2025-09-29 10:11:54 - Epoch Summary: TrainLoss=1.0815 | TrainAcc=0.657 | Val(P3)=0.543 | Val(AVO)=0.684
2025-09-29 10:11:54 - No P3-val improvement; patience remaining: 5/50
2025-09-29 10:11:54 - Epoch 67/500 | LR=0.009576 | w_AVO=1.000 | w_P3=2.664 | lambda_MMD=0.300
2025-09-29 10:11:54 - Epoch Summary: TrainLoss=1.1161 | TrainAcc=0.663 | Val(P3)=0.514 | Val(AVO)=0.665
2025-09-29 10:11:54 - No P3-val improvement; patience remaining: 4/50
2025-09-29 10:11:54 - P3 val decreasing 3x. Reducing w_small to 2.131, lambda_MMD to 0.150
2025-09-29 10:11:54 - Epoch 68/500 | LR=0.009563 | w_AVO=1.000 | w_P3=2.131 | lambda_MMD=0.150
2025-09-29 10:11:54 - Epoch Summary: TrainLoss=0.9893 | TrainAcc=0.666 | Val(P3)=0.600 | Val(AVO)=0.697
2025-09-29 10:11:54 - No P3-val improvement; patience remaining: 3/50
2025-09-29 10:11:54 - Epoch 69/500 | LR=0.009551 | w_AVO=1.000 | w_P3=2.664 | lambda_MMD=0.300
2025-09-29 10:11:54 - Epoch Summary: TrainLoss=1.1314 | TrainAcc=0.647 | Val(P3)=0.600 | Val(AVO)=0.658
2025-09-29 10:11:54 - No P3-val improvement; patience remaining: 2/50
2025-09-29 10:11:54 - Epoch 70/500 | LR=0.009537 | w_AVO=1.000 | w_P3=2.664 | lambda_MMD=0.300
2025-09-29 10:11:54 - Epoch Summary: TrainLoss=1.1566 | TrainAcc=0.663 | Val(P3)=0.543 | Val(AVO)=0.687
2025-09-29 10:11:54 - No P3-val improvement; patience remaining: 1/50
2025-09-29 10:11:54 - Epoch 71/500 | LR=0.009524 | w_AVO=1.000 | w_P3=2.664 | lambda_MMD=0.300
2025-09-29 10:11:54 - Epoch Summary: TrainLoss=1.1839 | TrainAcc=0.652 | Val(P3)=0.543 | Val(AVO)=0.694
2025-09-29 10:11:54 - No P3-val improvement; patience remaining: 0/50
2025-09-29 10:11:54 - Early stopping triggered (P3-val)
2025-09-29 10:11:54 -     P3 Test | Acc=0.5075 P=0.3571 R=0.4000 F1=0.3774 AUC=0.4800 (n=67)
2025-09-29 10:11:54 -     AVO Test | Acc=0.6533 P=0.6256 R=0.8094 F1=0.7057 AUC=0.7202 (n=623)
2025-09-29 10:11:54 -     Overall Test Acc=0.6391
2025-09-29 10:11:54 -   Fold 2/5
2025-09-29 10:11:54 - Fold domains: small=P3 (n=285), large=AVO (n=2128)
2025-09-29 10:11:54 - Auto adjustments (symmetric): w_small≈1.000, lambda_MMD_target=0.300, warmup_epochs=5
2025-09-29 10:11:54 - Epoch 1/500 | LR=0.010000 | w_AVO=1.000 | w_P3=1.347 | lambda_MMD=0.060
2025-09-29 10:11:54 - Epoch Summary: TrainLoss=1.7769 | TrainAcc=0.576 | Val(P3)=0.543 | Val(AVO)=0.581
2025-09-29 10:11:54 - New best P3-val; checkpoint updated
2025-09-29 10:11:54 - Epoch 2/500 | LR=0.010000 | w_AVO=1.000 | w_P3=1.693 | lambda_MMD=0.120
2025-09-29 10:11:54 - Epoch Summary: TrainLoss=1.7144 | TrainAcc=0.605 | Val(P3)=0.629 | Val(AVO)=0.645
2025-09-29 10:11:54 - New best P3-val; checkpoint updated
2025-09-29 10:11:54 - Epoch 3/500 | LR=0.010000 | w_AVO=1.000 | w_P3=2.040 | lambda_MMD=0.180
2025-09-29 10:11:55 - Epoch Summary: TrainLoss=1.7714 | TrainAcc=0.609 | Val(P3)=0.714 | Val(AVO)=0.603
2025-09-29 10:11:55 - New best P3-val; checkpoint updated
2025-09-29 10:11:55 - Epoch 4/500 | LR=0.009999 | w_AVO=1.000 | w_P3=2.386 | lambda_MMD=0.240
2025-09-29 10:11:55 - Epoch Summary: TrainLoss=1.8325 | TrainAcc=0.609 | Val(P3)=0.714 | Val(AVO)=0.600
2025-09-29 10:11:55 - No P3-val improvement; patience remaining: 49/50
2025-09-29 10:11:55 - AVO val decreasing 3x. Reducing lambda_MMD to 0.210
2025-09-29 10:11:55 - Epoch 5/500 | LR=0.009998 | w_AVO=1.000 | w_P3=2.733 | lambda_MMD=0.210
2025-09-29 10:11:55 - Epoch Summary: TrainLoss=1.8684 | TrainAcc=0.620 | Val(P3)=0.686 | Val(AVO)=0.619
2025-09-29 10:11:55 - No P3-val improvement; patience remaining: 48/50
2025-09-29 10:11:55 - Epoch 6/500 | LR=0.009998 | w_AVO=1.000 | w_P3=2.733 | lambda_MMD=0.300
2025-09-29 10:11:55 - Epoch Summary: TrainLoss=1.8503 | TrainAcc=0.610 | Val(P3)=0.514 | Val(AVO)=0.610
2025-09-29 10:11:55 - No P3-val improvement; patience remaining: 47/50
2025-09-29 10:11:55 - P3 val decreasing 3x. Reducing w_small to 2.186, lambda_MMD to 0.150
2025-09-29 10:11:55 - Epoch 7/500 | LR=0.009996 | w_AVO=1.000 | w_P3=2.186 | lambda_MMD=0.150
2025-09-29 10:11:55 - Epoch Summary: TrainLoss=1.5551 | TrainAcc=0.627 | Val(P3)=0.657 | Val(AVO)=0.613
2025-09-29 10:11:55 - No P3-val improvement; patience remaining: 46/50
2025-09-29 10:11:55 - Epoch 8/500 | LR=0.009995 | w_AVO=1.000 | w_P3=2.733 | lambda_MMD=0.300
2025-09-29 10:11:55 - Epoch Summary: TrainLoss=1.7331 | TrainAcc=0.625 | Val(P3)=0.657 | Val(AVO)=0.587
2025-09-29 10:11:55 - No P3-val improvement; patience remaining: 45/50
2025-09-29 10:11:55 - Epoch 9/500 | LR=0.009994 | w_AVO=1.000 | w_P3=2.733 | lambda_MMD=0.300
2025-09-29 10:11:55 - Epoch Summary: TrainLoss=1.6737 | TrainAcc=0.628 | Val(P3)=0.629 | Val(AVO)=0.626
2025-09-29 10:11:55 - No P3-val improvement; patience remaining: 44/50
2025-09-29 10:11:55 - Epoch 10/500 | LR=0.009992 | w_AVO=1.000 | w_P3=2.733 | lambda_MMD=0.300
2025-09-29 10:11:55 - Epoch Summary: TrainLoss=1.6482 | TrainAcc=0.632 | Val(P3)=0.657 | Val(AVO)=0.606
2025-09-29 10:11:55 - No P3-val improvement; patience remaining: 43/50
2025-09-29 10:11:55 - Epoch 11/500 | LR=0.009990 | w_AVO=1.000 | w_P3=2.733 | lambda_MMD=0.300
2025-09-29 10:11:56 - Epoch Summary: TrainLoss=1.5935 | TrainAcc=0.633 | Val(P3)=0.600 | Val(AVO)=0.606
2025-09-29 10:11:56 - No P3-val improvement; patience remaining: 42/50
2025-09-29 10:11:56 - Epoch 12/500 | LR=0.009988 | w_AVO=1.000 | w_P3=2.733 | lambda_MMD=0.300
2025-09-29 10:11:56 - Epoch Summary: TrainLoss=1.5104 | TrainAcc=0.635 | Val(P3)=0.629 | Val(AVO)=0.603
2025-09-29 10:11:56 - No P3-val improvement; patience remaining: 41/50
2025-09-29 10:11:56 - Epoch 13/500 | LR=0.009986 | w_AVO=1.000 | w_P3=2.733 | lambda_MMD=0.300
2025-09-29 10:11:56 - Epoch Summary: TrainLoss=1.4830 | TrainAcc=0.641 | Val(P3)=0.600 | Val(AVO)=0.613
2025-09-29 10:11:56 - No P3-val improvement; patience remaining: 40/50
2025-09-29 10:11:56 - Epoch 14/500 | LR=0.009983 | w_AVO=1.000 | w_P3=2.733 | lambda_MMD=0.300
2025-09-29 10:11:56 - Epoch Summary: TrainLoss=1.5047 | TrainAcc=0.634 | Val(P3)=0.600 | Val(AVO)=0.603
2025-09-29 10:11:56 - No P3-val improvement; patience remaining: 39/50
2025-09-29 10:11:56 - Epoch 15/500 | LR=0.009981 | w_AVO=1.000 | w_P3=2.733 | lambda_MMD=0.300
2025-09-29 10:11:56 - Epoch Summary: TrainLoss=1.4858 | TrainAcc=0.632 | Val(P3)=0.714 | Val(AVO)=0.632
2025-09-29 10:11:56 - No P3-val improvement; patience remaining: 38/50
2025-09-29 10:11:56 - Epoch 16/500 | LR=0.009978 | w_AVO=1.000 | w_P3=2.733 | lambda_MMD=0.300
2025-09-29 10:11:56 - Epoch Summary: TrainLoss=1.4644 | TrainAcc=0.637 | Val(P3)=0.686 | Val(AVO)=0.635
2025-09-29 10:11:56 - No P3-val improvement; patience remaining: 37/50
2025-09-29 10:11:56 - Epoch 17/500 | LR=0.009975 | w_AVO=1.000 | w_P3=2.733 | lambda_MMD=0.300
2025-09-29 10:11:56 - Epoch Summary: TrainLoss=1.4116 | TrainAcc=0.642 | Val(P3)=0.629 | Val(AVO)=0.594
2025-09-29 10:11:56 - No P3-val improvement; patience remaining: 36/50
2025-09-29 10:11:56 - P3 val decreasing 3x. Reducing w_small to 2.186, lambda_MMD to 0.150
2025-09-29 10:11:56 - Epoch 18/500 | LR=0.009972 | w_AVO=1.000 | w_P3=2.186 | lambda_MMD=0.150
2025-09-29 10:11:57 - Epoch Summary: TrainLoss=1.2290 | TrainAcc=0.633 | Val(P3)=0.657 | Val(AVO)=0.623
2025-09-29 10:11:57 - No P3-val improvement; patience remaining: 35/50
2025-09-29 10:11:57 - Epoch 19/500 | LR=0.009968 | w_AVO=1.000 | w_P3=2.733 | lambda_MMD=0.300
2025-09-29 10:11:57 - Epoch Summary: TrainLoss=1.3218 | TrainAcc=0.653 | Val(P3)=0.657 | Val(AVO)=0.629
2025-09-29 10:11:57 - No P3-val improvement; patience remaining: 34/50
2025-09-29 10:11:57 - Epoch 20/500 | LR=0.009964 | w_AVO=1.000 | w_P3=2.733 | lambda_MMD=0.300
2025-09-29 10:11:57 - Epoch Summary: TrainLoss=1.3524 | TrainAcc=0.663 | Val(P3)=0.686 | Val(AVO)=0.639
2025-09-29 10:11:57 - No P3-val improvement; patience remaining: 33/50
2025-09-29 10:11:57 - Epoch 21/500 | LR=0.009961 | w_AVO=1.000 | w_P3=2.733 | lambda_MMD=0.300
2025-09-29 10:11:57 - Epoch Summary: TrainLoss=1.2611 | TrainAcc=0.641 | Val(P3)=0.657 | Val(AVO)=0.648
2025-09-29 10:11:57 - No P3-val improvement; patience remaining: 32/50
2025-09-29 10:11:57 - Epoch 22/500 | LR=0.009957 | w_AVO=1.000 | w_P3=2.733 | lambda_MMD=0.300
2025-09-29 10:11:57 - Epoch Summary: TrainLoss=1.3093 | TrainAcc=0.644 | Val(P3)=0.657 | Val(AVO)=0.635
2025-09-29 10:11:57 - No P3-val improvement; patience remaining: 31/50
2025-09-29 10:11:57 - Epoch 23/500 | LR=0.009952 | w_AVO=1.000 | w_P3=2.733 | lambda_MMD=0.300
2025-09-29 10:11:57 - Epoch Summary: TrainLoss=1.3059 | TrainAcc=0.649 | Val(P3)=0.629 | Val(AVO)=0.626
2025-09-29 10:11:57 - No P3-val improvement; patience remaining: 30/50
2025-09-29 10:11:57 - AVO val decreasing 3x. Reducing lambda_MMD to 0.210
2025-09-29 10:11:57 - Epoch 24/500 | LR=0.009948 | w_AVO=1.000 | w_P3=2.733 | lambda_MMD=0.210
2025-09-29 10:11:57 - Epoch Summary: TrainLoss=1.2681 | TrainAcc=0.651 | Val(P3)=0.657 | Val(AVO)=0.616
2025-09-29 10:11:57 - No P3-val improvement; patience remaining: 29/50
2025-09-29 10:11:57 - AVO val decreasing 3x. Reducing lambda_MMD to 0.210
2025-09-29 10:11:57 - Epoch 25/500 | LR=0.009943 | w_AVO=1.000 | w_P3=2.733 | lambda_MMD=0.210
2025-09-29 10:11:57 - Epoch Summary: TrainLoss=1.2578 | TrainAcc=0.646 | Val(P3)=0.571 | Val(AVO)=0.655
2025-09-29 10:11:57 - No P3-val improvement; patience remaining: 28/50
2025-09-29 10:11:57 - Epoch 26/500 | LR=0.009938 | w_AVO=1.000 | w_P3=2.733 | lambda_MMD=0.300
2025-09-29 10:11:58 - Epoch Summary: TrainLoss=1.2701 | TrainAcc=0.648 | Val(P3)=0.629 | Val(AVO)=0.632
2025-09-29 10:11:58 - No P3-val improvement; patience remaining: 27/50
2025-09-29 10:11:58 - Epoch 27/500 | LR=0.009933 | w_AVO=1.000 | w_P3=2.733 | lambda_MMD=0.300
2025-09-29 10:11:58 - Epoch Summary: TrainLoss=1.2077 | TrainAcc=0.649 | Val(P3)=0.571 | Val(AVO)=0.623
2025-09-29 10:11:58 - No P3-val improvement; patience remaining: 26/50
2025-09-29 10:11:58 - AVO val decreasing 3x. Reducing lambda_MMD to 0.210
2025-09-29 10:11:58 - Epoch 28/500 | LR=0.009928 | w_AVO=1.000 | w_P3=2.733 | lambda_MMD=0.210
2025-09-29 10:11:58 - Epoch Summary: TrainLoss=1.2354 | TrainAcc=0.640 | Val(P3)=0.514 | Val(AVO)=0.655
2025-09-29 10:11:58 - No P3-val improvement; patience remaining: 25/50
2025-09-29 10:11:58 - P3 val decreasing 3x. Reducing w_small to 2.186, lambda_MMD to 0.150
2025-09-29 10:11:58 - Epoch 29/500 | LR=0.009923 | w_AVO=1.000 | w_P3=2.186 | lambda_MMD=0.150
2025-09-29 10:11:58 - Epoch Summary: TrainLoss=1.0815 | TrainAcc=0.664 | Val(P3)=0.543 | Val(AVO)=0.645
2025-09-29 10:11:58 - No P3-val improvement; patience remaining: 24/50
2025-09-29 10:11:58 - Epoch 30/500 | LR=0.009917 | w_AVO=1.000 | w_P3=2.733 | lambda_MMD=0.300
2025-09-29 10:11:58 - Epoch Summary: TrainLoss=1.1983 | TrainAcc=0.664 | Val(P3)=0.600 | Val(AVO)=0.658
2025-09-29 10:11:58 - No P3-val improvement; patience remaining: 23/50
2025-09-29 10:11:58 - Epoch 31/500 | LR=0.009911 | w_AVO=1.000 | w_P3=2.733 | lambda_MMD=0.300
2025-09-29 10:11:58 - Epoch Summary: TrainLoss=1.2011 | TrainAcc=0.680 | Val(P3)=0.543 | Val(AVO)=0.658
2025-09-29 10:11:58 - No P3-val improvement; patience remaining: 22/50
2025-09-29 10:11:58 - Epoch 32/500 | LR=0.009905 | w_AVO=1.000 | w_P3=2.733 | lambda_MMD=0.300
2025-09-29 10:11:58 - Epoch Summary: TrainLoss=1.2313 | TrainAcc=0.664 | Val(P3)=0.543 | Val(AVO)=0.648
2025-09-29 10:11:58 - No P3-val improvement; patience remaining: 21/50
2025-09-29 10:11:58 - Epoch 33/500 | LR=0.009899 | w_AVO=1.000 | w_P3=2.733 | lambda_MMD=0.300
2025-09-29 10:11:59 - Epoch Summary: TrainLoss=1.2226 | TrainAcc=0.653 | Val(P3)=0.543 | Val(AVO)=0.645
2025-09-29 10:11:59 - No P3-val improvement; patience remaining: 20/50
2025-09-29 10:11:59 - AVO val decreasing 3x. Reducing lambda_MMD to 0.210
2025-09-29 10:11:59 - Epoch 34/500 | LR=0.009893 | w_AVO=1.000 | w_P3=2.733 | lambda_MMD=0.210
2025-09-29 10:11:59 - Epoch Summary: TrainLoss=1.2000 | TrainAcc=0.659 | Val(P3)=0.629 | Val(AVO)=0.665
2025-09-29 10:11:59 - No P3-val improvement; patience remaining: 19/50
2025-09-29 10:11:59 - Epoch 35/500 | LR=0.009886 | w_AVO=1.000 | w_P3=2.733 | lambda_MMD=0.300
2025-09-29 10:11:59 - Epoch Summary: TrainLoss=1.2287 | TrainAcc=0.678 | Val(P3)=0.629 | Val(AVO)=0.642
2025-09-29 10:11:59 - No P3-val improvement; patience remaining: 18/50
2025-09-29 10:11:59 - Epoch 36/500 | LR=0.009880 | w_AVO=1.000 | w_P3=2.733 | lambda_MMD=0.300
2025-09-29 10:11:59 - Epoch Summary: TrainLoss=1.2022 | TrainAcc=0.651 | Val(P3)=0.543 | Val(AVO)=0.652
2025-09-29 10:11:59 - No P3-val improvement; patience remaining: 17/50
2025-09-29 10:11:59 - Epoch 37/500 | LR=0.009873 | w_AVO=1.000 | w_P3=2.733 | lambda_MMD=0.300
2025-09-29 10:11:59 - Epoch Summary: TrainLoss=1.1793 | TrainAcc=0.671 | Val(P3)=0.657 | Val(AVO)=0.645
2025-09-29 10:11:59 - No P3-val improvement; patience remaining: 16/50
2025-09-29 10:11:59 - Epoch 38/500 | LR=0.009865 | w_AVO=1.000 | w_P3=2.733 | lambda_MMD=0.300
2025-09-29 10:11:59 - Epoch Summary: TrainLoss=1.1859 | TrainAcc=0.655 | Val(P3)=0.571 | Val(AVO)=0.661
2025-09-29 10:11:59 - No P3-val improvement; patience remaining: 15/50
2025-09-29 10:11:59 - Epoch 39/500 | LR=0.009858 | w_AVO=1.000 | w_P3=2.733 | lambda_MMD=0.300
2025-09-29 10:11:59 - Epoch Summary: TrainLoss=1.1332 | TrainAcc=0.653 | Val(P3)=0.571 | Val(AVO)=0.658
2025-09-29 10:11:59 - No P3-val improvement; patience remaining: 14/50
2025-09-29 10:11:59 - Epoch 40/500 | LR=0.009851 | w_AVO=1.000 | w_P3=2.733 | lambda_MMD=0.300
2025-09-29 10:12:00 - Epoch Summary: TrainLoss=1.1707 | TrainAcc=0.664 | Val(P3)=0.600 | Val(AVO)=0.661
2025-09-29 10:12:00 - No P3-val improvement; patience remaining: 13/50
2025-09-29 10:12:00 - Epoch 41/500 | LR=0.009843 | w_AVO=1.000 | w_P3=2.733 | lambda_MMD=0.300
2025-09-29 10:12:00 - Epoch Summary: TrainLoss=1.1902 | TrainAcc=0.669 | Val(P3)=0.571 | Val(AVO)=0.661
2025-09-29 10:12:00 - No P3-val improvement; patience remaining: 12/50
2025-09-29 10:12:00 - Epoch 42/500 | LR=0.009835 | w_AVO=1.000 | w_P3=2.733 | lambda_MMD=0.300
2025-09-29 10:12:00 - Epoch Summary: TrainLoss=1.2012 | TrainAcc=0.663 | Val(P3)=0.600 | Val(AVO)=0.665
2025-09-29 10:12:00 - No P3-val improvement; patience remaining: 11/50
2025-09-29 10:12:00 - Epoch 43/500 | LR=0.009827 | w_AVO=1.000 | w_P3=2.733 | lambda_MMD=0.300
2025-09-29 10:12:00 - Epoch Summary: TrainLoss=1.1496 | TrainAcc=0.668 | Val(P3)=0.600 | Val(AVO)=0.648
2025-09-29 10:12:00 - No P3-val improvement; patience remaining: 10/50
2025-09-29 10:12:00 - Epoch 44/500 | LR=0.009819 | w_AVO=1.000 | w_P3=2.733 | lambda_MMD=0.300
2025-09-29 10:12:00 - Epoch Summary: TrainLoss=1.1633 | TrainAcc=0.674 | Val(P3)=0.629 | Val(AVO)=0.668
2025-09-29 10:12:00 - No P3-val improvement; patience remaining: 9/50
2025-09-29 10:12:00 - Epoch 45/500 | LR=0.009810 | w_AVO=1.000 | w_P3=2.733 | lambda_MMD=0.300
2025-09-29 10:12:00 - Epoch Summary: TrainLoss=1.1628 | TrainAcc=0.673 | Val(P3)=0.514 | Val(AVO)=0.652
2025-09-29 10:12:00 - No P3-val improvement; patience remaining: 8/50
2025-09-29 10:12:00 - Epoch 46/500 | LR=0.009801 | w_AVO=1.000 | w_P3=2.733 | lambda_MMD=0.300
2025-09-29 10:12:00 - Epoch Summary: TrainLoss=1.1378 | TrainAcc=0.662 | Val(P3)=0.600 | Val(AVO)=0.677
2025-09-29 10:12:00 - No P3-val improvement; patience remaining: 7/50
2025-09-29 10:12:00 - Epoch 47/500 | LR=0.009793 | w_AVO=1.000 | w_P3=2.733 | lambda_MMD=0.300
2025-09-29 10:12:00 - Epoch Summary: TrainLoss=1.1322 | TrainAcc=0.671 | Val(P3)=0.571 | Val(AVO)=0.655
2025-09-29 10:12:00 - No P3-val improvement; patience remaining: 6/50
2025-09-29 10:12:00 - Epoch 48/500 | LR=0.009784 | w_AVO=1.000 | w_P3=2.733 | lambda_MMD=0.300
2025-09-29 10:12:01 - Epoch Summary: TrainLoss=1.1551 | TrainAcc=0.679 | Val(P3)=0.629 | Val(AVO)=0.684
2025-09-29 10:12:01 - No P3-val improvement; patience remaining: 5/50
2025-09-29 10:12:01 - Epoch 49/500 | LR=0.009774 | w_AVO=1.000 | w_P3=2.733 | lambda_MMD=0.300
2025-09-29 10:12:01 - Epoch Summary: TrainLoss=1.1347 | TrainAcc=0.668 | Val(P3)=0.571 | Val(AVO)=0.665
2025-09-29 10:12:01 - No P3-val improvement; patience remaining: 4/50
2025-09-29 10:12:01 - Epoch 50/500 | LR=0.009765 | w_AVO=1.000 | w_P3=2.733 | lambda_MMD=0.300
2025-09-29 10:12:01 - Epoch Summary: TrainLoss=1.1489 | TrainAcc=0.685 | Val(P3)=0.571 | Val(AVO)=0.687
2025-09-29 10:12:01 - No P3-val improvement; patience remaining: 3/50
2025-09-29 10:12:01 - Epoch 51/500 | LR=0.009755 | w_AVO=1.000 | w_P3=2.733 | lambda_MMD=0.300
2025-09-29 10:12:01 - Epoch Summary: TrainLoss=1.1039 | TrainAcc=0.680 | Val(P3)=0.600 | Val(AVO)=0.658
2025-09-29 10:12:01 - No P3-val improvement; patience remaining: 2/50
2025-09-29 10:12:01 - Epoch 52/500 | LR=0.009745 | w_AVO=1.000 | w_P3=2.733 | lambda_MMD=0.300
2025-09-29 10:12:01 - Epoch Summary: TrainLoss=1.0997 | TrainAcc=0.675 | Val(P3)=0.657 | Val(AVO)=0.671
2025-09-29 10:12:01 - No P3-val improvement; patience remaining: 1/50
2025-09-29 10:12:01 - Epoch 53/500 | LR=0.009735 | w_AVO=1.000 | w_P3=2.733 | lambda_MMD=0.300
2025-09-29 10:12:01 - Epoch Summary: TrainLoss=1.1386 | TrainAcc=0.669 | Val(P3)=0.543 | Val(AVO)=0.652
2025-09-29 10:12:01 - No P3-val improvement; patience remaining: 0/50
2025-09-29 10:12:01 - Early stopping triggered (P3-val)
2025-09-29 10:12:01 -     P3 Test | Acc=0.6875 P=0.7091 R=0.8125 F1=0.7573 AUC=0.6452 (n=80)
2025-09-29 10:12:01 -     AVO Test | Acc=0.6131 P=0.5698 R=0.8384 F1=0.6785 AUC=0.6841 (n=610)
2025-09-29 10:12:01 -     Overall Test Acc=0.6217
2025-09-29 10:12:01 -   Fold 3/5
2025-09-29 10:12:01 - Fold domains: small=P3 (n=286), large=AVO (n=2127)
2025-09-29 10:12:01 - Auto adjustments (symmetric): w_small≈1.000, lambda_MMD_target=0.300, warmup_epochs=5
2025-09-29 10:12:01 - Epoch 1/500 | LR=0.010000 | w_AVO=1.000 | w_P3=1.345 | lambda_MMD=0.060
2025-09-29 10:12:01 - Epoch Summary: TrainLoss=1.9469 | TrainAcc=0.542 | Val(P3)=0.697 | Val(AVO)=0.535
2025-09-29 10:12:01 - New best P3-val; checkpoint updated
2025-09-29 10:12:01 - Epoch 2/500 | LR=0.010000 | w_AVO=1.000 | w_P3=1.691 | lambda_MMD=0.120
2025-09-29 10:12:02 - Epoch Summary: TrainLoss=1.8179 | TrainAcc=0.572 | Val(P3)=0.727 | Val(AVO)=0.580
2025-09-29 10:12:02 - New best P3-val; checkpoint updated
2025-09-29 10:12:02 - Epoch 3/500 | LR=0.010000 | w_AVO=1.000 | w_P3=2.036 | lambda_MMD=0.180
2025-09-29 10:12:02 - Epoch Summary: TrainLoss=1.8738 | TrainAcc=0.601 | Val(P3)=0.606 | Val(AVO)=0.548
2025-09-29 10:12:02 - No P3-val improvement; patience remaining: 49/50
2025-09-29 10:12:02 - Epoch 4/500 | LR=0.009999 | w_AVO=1.000 | w_P3=2.382 | lambda_MMD=0.240
2025-09-29 10:12:02 - Epoch Summary: TrainLoss=2.0144 | TrainAcc=0.595 | Val(P3)=0.667 | Val(AVO)=0.619
2025-09-29 10:12:02 - No P3-val improvement; patience remaining: 48/50
2025-09-29 10:12:02 - Epoch 5/500 | LR=0.009998 | w_AVO=1.000 | w_P3=2.727 | lambda_MMD=0.300
2025-09-29 10:12:02 - Epoch Summary: TrainLoss=2.0398 | TrainAcc=0.609 | Val(P3)=0.606 | Val(AVO)=0.561
2025-09-29 10:12:02 - No P3-val improvement; patience remaining: 47/50
2025-09-29 10:12:02 - Epoch 6/500 | LR=0.009998 | w_AVO=1.000 | w_P3=2.727 | lambda_MMD=0.300
2025-09-29 10:12:02 - Epoch Summary: TrainLoss=1.9667 | TrainAcc=0.622 | Val(P3)=0.667 | Val(AVO)=0.615
2025-09-29 10:12:02 - No P3-val improvement; patience remaining: 46/50
2025-09-29 10:12:02 - Epoch 7/500 | LR=0.009996 | w_AVO=1.000 | w_P3=2.727 | lambda_MMD=0.300
2025-09-29 10:12:02 - Epoch Summary: TrainLoss=1.8740 | TrainAcc=0.624 | Val(P3)=0.727 | Val(AVO)=0.583
2025-09-29 10:12:02 - No P3-val improvement; patience remaining: 45/50
2025-09-29 10:12:02 - Epoch 8/500 | LR=0.009995 | w_AVO=1.000 | w_P3=2.727 | lambda_MMD=0.300
2025-09-29 10:12:02 - Epoch Summary: TrainLoss=1.8665 | TrainAcc=0.610 | Val(P3)=0.606 | Val(AVO)=0.558
2025-09-29 10:12:02 - No P3-val improvement; patience remaining: 44/50
2025-09-29 10:12:02 - AVO val decreasing 3x. Reducing lambda_MMD to 0.210
2025-09-29 10:12:02 - Epoch 9/500 | LR=0.009994 | w_AVO=1.000 | w_P3=2.727 | lambda_MMD=0.210
2025-09-29 10:12:03 - Epoch Summary: TrainLoss=1.8136 | TrainAcc=0.618 | Val(P3)=0.697 | Val(AVO)=0.599
2025-09-29 10:12:03 - No P3-val improvement; patience remaining: 43/50
2025-09-29 10:12:03 - Epoch 10/500 | LR=0.009992 | w_AVO=1.000 | w_P3=2.727 | lambda_MMD=0.300
2025-09-29 10:12:03 - Epoch Summary: TrainLoss=1.7535 | TrainAcc=0.601 | Val(P3)=0.576 | Val(AVO)=0.583
2025-09-29 10:12:03 - No P3-val improvement; patience remaining: 42/50
2025-09-29 10:12:03 - Epoch 11/500 | LR=0.009990 | w_AVO=1.000 | w_P3=2.727 | lambda_MMD=0.300
2025-09-29 10:12:03 - Epoch Summary: TrainLoss=1.7331 | TrainAcc=0.611 | Val(P3)=0.758 | Val(AVO)=0.641
2025-09-29 10:12:03 - New best P3-val; checkpoint updated
2025-09-29 10:12:03 - Epoch 12/500 | LR=0.009988 | w_AVO=1.000 | w_P3=2.727 | lambda_MMD=0.300
2025-09-29 10:12:03 - Epoch Summary: TrainLoss=1.6158 | TrainAcc=0.633 | Val(P3)=0.636 | Val(AVO)=0.622
2025-09-29 10:12:03 - No P3-val improvement; patience remaining: 49/50
2025-09-29 10:12:03 - Epoch 13/500 | LR=0.009986 | w_AVO=1.000 | w_P3=2.727 | lambda_MMD=0.300
2025-09-29 10:12:03 - Epoch Summary: TrainLoss=1.6292 | TrainAcc=0.634 | Val(P3)=0.697 | Val(AVO)=0.657
2025-09-29 10:12:03 - No P3-val improvement; patience remaining: 48/50
2025-09-29 10:12:03 - Epoch 14/500 | LR=0.009983 | w_AVO=1.000 | w_P3=2.727 | lambda_MMD=0.300
2025-09-29 10:12:03 - Epoch Summary: TrainLoss=1.6281 | TrainAcc=0.599 | Val(P3)=0.636 | Val(AVO)=0.647
2025-09-29 10:12:03 - No P3-val improvement; patience remaining: 47/50
2025-09-29 10:12:03 - Epoch 15/500 | LR=0.009981 | w_AVO=1.000 | w_P3=2.727 | lambda_MMD=0.300
2025-09-29 10:12:03 - Epoch Summary: TrainLoss=1.5968 | TrainAcc=0.624 | Val(P3)=0.636 | Val(AVO)=0.625
2025-09-29 10:12:03 - No P3-val improvement; patience remaining: 46/50
2025-09-29 10:12:03 - AVO val decreasing 3x. Reducing lambda_MMD to 0.210
2025-09-29 10:12:03 - Epoch 16/500 | LR=0.009978 | w_AVO=1.000 | w_P3=2.727 | lambda_MMD=0.210
2025-09-29 10:12:03 - Epoch Summary: TrainLoss=1.5962 | TrainAcc=0.626 | Val(P3)=0.667 | Val(AVO)=0.635
2025-09-29 10:12:03 - No P3-val improvement; patience remaining: 45/50
2025-09-29 10:12:03 - Epoch 17/500 | LR=0.009975 | w_AVO=1.000 | w_P3=2.727 | lambda_MMD=0.300
2025-09-29 10:12:03 - Epoch Summary: TrainLoss=1.5216 | TrainAcc=0.614 | Val(P3)=0.667 | Val(AVO)=0.676
2025-09-29 10:12:03 - No P3-val improvement; patience remaining: 44/50
2025-09-29 10:12:03 - Epoch 18/500 | LR=0.009972 | w_AVO=1.000 | w_P3=2.727 | lambda_MMD=0.300
2025-09-29 10:12:04 - Epoch Summary: TrainLoss=1.5358 | TrainAcc=0.627 | Val(P3)=0.727 | Val(AVO)=0.654
2025-09-29 10:12:04 - No P3-val improvement; patience remaining: 43/50
2025-09-29 10:12:04 - Epoch 19/500 | LR=0.009968 | w_AVO=1.000 | w_P3=2.727 | lambda_MMD=0.300
2025-09-29 10:12:04 - Epoch Summary: TrainLoss=1.5430 | TrainAcc=0.612 | Val(P3)=0.697 | Val(AVO)=0.663
2025-09-29 10:12:04 - No P3-val improvement; patience remaining: 42/50
2025-09-29 10:12:04 - Epoch 20/500 | LR=0.009964 | w_AVO=1.000 | w_P3=2.727 | lambda_MMD=0.300
2025-09-29 10:12:04 - Epoch Summary: TrainLoss=1.4463 | TrainAcc=0.634 | Val(P3)=0.667 | Val(AVO)=0.647
2025-09-29 10:12:04 - No P3-val improvement; patience remaining: 41/50
2025-09-29 10:12:04 - P3 val decreasing 3x. Reducing w_small to 2.182, lambda_MMD to 0.150
2025-09-29 10:12:04 - Epoch 21/500 | LR=0.009961 | w_AVO=1.000 | w_P3=2.182 | lambda_MMD=0.150
2025-09-29 10:12:04 - Epoch Summary: TrainLoss=1.2905 | TrainAcc=0.626 | Val(P3)=0.758 | Val(AVO)=0.625
2025-09-29 10:12:04 - No P3-val improvement; patience remaining: 40/50
2025-09-29 10:12:04 - AVO val decreasing 3x. Reducing lambda_MMD to 0.210
2025-09-29 10:12:04 - Epoch 22/500 | LR=0.009957 | w_AVO=1.000 | w_P3=2.727 | lambda_MMD=0.210
2025-09-29 10:12:04 - Epoch Summary: TrainLoss=1.4186 | TrainAcc=0.628 | Val(P3)=0.667 | Val(AVO)=0.612
2025-09-29 10:12:04 - No P3-val improvement; patience remaining: 39/50
2025-09-29 10:12:04 - AVO val decreasing 3x. Reducing lambda_MMD to 0.210
2025-09-29 10:12:04 - Epoch 23/500 | LR=0.009952 | w_AVO=1.000 | w_P3=2.727 | lambda_MMD=0.210
2025-09-29 10:12:04 - Epoch Summary: TrainLoss=1.4099 | TrainAcc=0.638 | Val(P3)=0.667 | Val(AVO)=0.622
2025-09-29 10:12:04 - No P3-val improvement; patience remaining: 38/50
2025-09-29 10:12:04 - Epoch 24/500 | LR=0.009948 | w_AVO=1.000 | w_P3=2.727 | lambda_MMD=0.300
2025-09-29 10:12:04 - Epoch Summary: TrainLoss=1.4601 | TrainAcc=0.626 | Val(P3)=0.788 | Val(AVO)=0.660
2025-09-29 10:12:04 - New best P3-val; checkpoint updated
2025-09-29 10:12:04 - Epoch 25/500 | LR=0.009943 | w_AVO=1.000 | w_P3=2.727 | lambda_MMD=0.300
2025-09-29 10:12:05 - Epoch Summary: TrainLoss=1.3689 | TrainAcc=0.623 | Val(P3)=0.697 | Val(AVO)=0.631
2025-09-29 10:12:05 - No P3-val improvement; patience remaining: 49/50
2025-09-29 10:12:05 - Epoch 26/500 | LR=0.009938 | w_AVO=1.000 | w_P3=2.727 | lambda_MMD=0.300
2025-09-29 10:12:05 - Epoch Summary: TrainLoss=1.3980 | TrainAcc=0.627 | Val(P3)=0.788 | Val(AVO)=0.654
2025-09-29 10:12:05 - No P3-val improvement; patience remaining: 48/50
2025-09-29 10:12:05 - Epoch 27/500 | LR=0.009933 | w_AVO=1.000 | w_P3=2.727 | lambda_MMD=0.300
2025-09-29 10:12:05 - Epoch Summary: TrainLoss=1.3420 | TrainAcc=0.637 | Val(P3)=0.697 | Val(AVO)=0.641
2025-09-29 10:12:05 - No P3-val improvement; patience remaining: 47/50
2025-09-29 10:12:05 - Epoch 28/500 | LR=0.009928 | w_AVO=1.000 | w_P3=2.727 | lambda_MMD=0.300
2025-09-29 10:12:05 - Epoch Summary: TrainLoss=1.3628 | TrainAcc=0.639 | Val(P3)=0.697 | Val(AVO)=0.628
2025-09-29 10:12:05 - No P3-val improvement; patience remaining: 46/50
2025-09-29 10:12:05 - AVO val decreasing 3x. Reducing lambda_MMD to 0.210
2025-09-29 10:12:05 - Epoch 29/500 | LR=0.009923 | w_AVO=1.000 | w_P3=2.727 | lambda_MMD=0.210
2025-09-29 10:12:05 - Epoch Summary: TrainLoss=1.3315 | TrainAcc=0.638 | Val(P3)=0.636 | Val(AVO)=0.638
2025-09-29 10:12:05 - No P3-val improvement; patience remaining: 45/50
2025-09-29 10:12:05 - Epoch 30/500 | LR=0.009917 | w_AVO=1.000 | w_P3=2.727 | lambda_MMD=0.300
2025-09-29 10:12:05 - Epoch Summary: TrainLoss=1.3120 | TrainAcc=0.646 | Val(P3)=0.697 | Val(AVO)=0.689
2025-09-29 10:12:05 - No P3-val improvement; patience remaining: 44/50
2025-09-29 10:12:05 - Epoch 31/500 | LR=0.009911 | w_AVO=1.000 | w_P3=2.727 | lambda_MMD=0.300
2025-09-29 10:12:05 - Epoch Summary: TrainLoss=1.3340 | TrainAcc=0.647 | Val(P3)=0.697 | Val(AVO)=0.628
2025-09-29 10:12:05 - No P3-val improvement; patience remaining: 43/50
2025-09-29 10:12:05 - Epoch 32/500 | LR=0.009905 | w_AVO=1.000 | w_P3=2.727 | lambda_MMD=0.300
2025-09-29 10:12:06 - Epoch Summary: TrainLoss=1.3558 | TrainAcc=0.638 | Val(P3)=0.636 | Val(AVO)=0.641
2025-09-29 10:12:06 - No P3-val improvement; patience remaining: 42/50
2025-09-29 10:12:06 - Epoch 33/500 | LR=0.009899 | w_AVO=1.000 | w_P3=2.727 | lambda_MMD=0.300
2025-09-29 10:12:06 - Epoch Summary: TrainLoss=1.3336 | TrainAcc=0.630 | Val(P3)=0.697 | Val(AVO)=0.612
2025-09-29 10:12:06 - No P3-val improvement; patience remaining: 41/50
2025-09-29 10:12:06 - Epoch 34/500 | LR=0.009893 | w_AVO=1.000 | w_P3=2.727 | lambda_MMD=0.300
2025-09-29 10:12:06 - Epoch Summary: TrainLoss=1.3754 | TrainAcc=0.628 | Val(P3)=0.576 | Val(AVO)=0.638
2025-09-29 10:12:06 - No P3-val improvement; patience remaining: 40/50
2025-09-29 10:12:06 - Epoch 35/500 | LR=0.009886 | w_AVO=1.000 | w_P3=2.727 | lambda_MMD=0.300
2025-09-29 10:12:06 - Epoch Summary: TrainLoss=1.3608 | TrainAcc=0.630 | Val(P3)=0.697 | Val(AVO)=0.635
2025-09-29 10:12:06 - No P3-val improvement; patience remaining: 39/50
2025-09-29 10:12:06 - Epoch 36/500 | LR=0.009880 | w_AVO=1.000 | w_P3=2.727 | lambda_MMD=0.300
2025-09-29 10:12:06 - Epoch Summary: TrainLoss=1.3155 | TrainAcc=0.651 | Val(P3)=0.697 | Val(AVO)=0.654
2025-09-29 10:12:06 - No P3-val improvement; patience remaining: 38/50
2025-09-29 10:12:06 - Epoch 37/500 | LR=0.009873 | w_AVO=1.000 | w_P3=2.727 | lambda_MMD=0.300
2025-09-29 10:12:06 - Epoch Summary: TrainLoss=1.2670 | TrainAcc=0.644 | Val(P3)=0.697 | Val(AVO)=0.654
2025-09-29 10:12:06 - No P3-val improvement; patience remaining: 37/50
2025-09-29 10:12:06 - Epoch 38/500 | LR=0.009865 | w_AVO=1.000 | w_P3=2.727 | lambda_MMD=0.300
2025-09-29 10:12:06 - Epoch Summary: TrainLoss=1.2596 | TrainAcc=0.650 | Val(P3)=0.697 | Val(AVO)=0.641
2025-09-29 10:12:06 - No P3-val improvement; patience remaining: 36/50
2025-09-29 10:12:06 - Epoch 39/500 | LR=0.009858 | w_AVO=1.000 | w_P3=2.727 | lambda_MMD=0.300
2025-09-29 10:12:06 - Epoch Summary: TrainLoss=1.2620 | TrainAcc=0.640 | Val(P3)=0.636 | Val(AVO)=0.654
2025-09-29 10:12:06 - No P3-val improvement; patience remaining: 35/50
2025-09-29 10:12:06 - Epoch 40/500 | LR=0.009851 | w_AVO=1.000 | w_P3=2.727 | lambda_MMD=0.300
2025-09-29 10:12:07 - Epoch Summary: TrainLoss=1.2716 | TrainAcc=0.641 | Val(P3)=0.697 | Val(AVO)=0.654
2025-09-29 10:12:07 - No P3-val improvement; patience remaining: 34/50
2025-09-29 10:12:07 - Epoch 41/500 | LR=0.009843 | w_AVO=1.000 | w_P3=2.727 | lambda_MMD=0.300
2025-09-29 10:12:07 - Epoch Summary: TrainLoss=1.2415 | TrainAcc=0.638 | Val(P3)=0.667 | Val(AVO)=0.647
2025-09-29 10:12:07 - No P3-val improvement; patience remaining: 33/50
2025-09-29 10:12:07 - Epoch 42/500 | LR=0.009835 | w_AVO=1.000 | w_P3=2.727 | lambda_MMD=0.300
2025-09-29 10:12:07 - Epoch Summary: TrainLoss=1.2782 | TrainAcc=0.658 | Val(P3)=0.667 | Val(AVO)=0.657
2025-09-29 10:12:07 - No P3-val improvement; patience remaining: 32/50
2025-09-29 10:12:07 - Epoch 43/500 | LR=0.009827 | w_AVO=1.000 | w_P3=2.727 | lambda_MMD=0.300
2025-09-29 10:12:07 - Epoch Summary: TrainLoss=1.2099 | TrainAcc=0.645 | Val(P3)=0.697 | Val(AVO)=0.641
2025-09-29 10:12:07 - No P3-val improvement; patience remaining: 31/50
2025-09-29 10:12:07 - Epoch 44/500 | LR=0.009819 | w_AVO=1.000 | w_P3=2.727 | lambda_MMD=0.300
2025-09-29 10:12:07 - Epoch Summary: TrainLoss=1.2170 | TrainAcc=0.643 | Val(P3)=0.667 | Val(AVO)=0.628
2025-09-29 10:12:07 - No P3-val improvement; patience remaining: 30/50
2025-09-29 10:12:07 - AVO val decreasing 3x. Reducing lambda_MMD to 0.210
2025-09-29 10:12:07 - Epoch 45/500 | LR=0.009810 | w_AVO=1.000 | w_P3=2.727 | lambda_MMD=0.210
2025-09-29 10:12:07 - Epoch Summary: TrainLoss=1.2287 | TrainAcc=0.646 | Val(P3)=0.606 | Val(AVO)=0.647
2025-09-29 10:12:07 - No P3-val improvement; patience remaining: 29/50
2025-09-29 10:12:07 - P3 val decreasing 3x. Reducing w_small to 2.182, lambda_MMD to 0.150
2025-09-29 10:12:07 - Epoch 46/500 | LR=0.009801 | w_AVO=1.000 | w_P3=2.182 | lambda_MMD=0.150
2025-09-29 10:12:07 - Epoch Summary: TrainLoss=1.1108 | TrainAcc=0.645 | Val(P3)=0.606 | Val(AVO)=0.670
2025-09-29 10:12:07 - No P3-val improvement; patience remaining: 28/50
2025-09-29 10:12:07 - Epoch 47/500 | LR=0.009793 | w_AVO=1.000 | w_P3=2.727 | lambda_MMD=0.300
2025-09-29 10:12:08 - Epoch Summary: TrainLoss=1.2130 | TrainAcc=0.643 | Val(P3)=0.697 | Val(AVO)=0.644
2025-09-29 10:12:08 - No P3-val improvement; patience remaining: 27/50
2025-09-29 10:12:08 - Epoch 48/500 | LR=0.009784 | w_AVO=1.000 | w_P3=2.727 | lambda_MMD=0.300
2025-09-29 10:12:08 - Epoch Summary: TrainLoss=1.2157 | TrainAcc=0.640 | Val(P3)=0.636 | Val(AVO)=0.647
2025-09-29 10:12:08 - No P3-val improvement; patience remaining: 26/50
2025-09-29 10:12:08 - Epoch 49/500 | LR=0.009774 | w_AVO=1.000 | w_P3=2.727 | lambda_MMD=0.300
2025-09-29 10:12:08 - Epoch Summary: TrainLoss=1.2595 | TrainAcc=0.635 | Val(P3)=0.667 | Val(AVO)=0.647
2025-09-29 10:12:08 - No P3-val improvement; patience remaining: 25/50
2025-09-29 10:12:08 - Epoch 50/500 | LR=0.009765 | w_AVO=1.000 | w_P3=2.727 | lambda_MMD=0.300
2025-09-29 10:12:08 - Epoch Summary: TrainLoss=1.2639 | TrainAcc=0.642 | Val(P3)=0.667 | Val(AVO)=0.657
2025-09-29 10:12:08 - No P3-val improvement; patience remaining: 24/50
2025-09-29 10:12:08 - Epoch 51/500 | LR=0.009755 | w_AVO=1.000 | w_P3=2.727 | lambda_MMD=0.300
2025-09-29 10:12:08 - Epoch Summary: TrainLoss=1.2223 | TrainAcc=0.651 | Val(P3)=0.667 | Val(AVO)=0.641
2025-09-29 10:12:08 - No P3-val improvement; patience remaining: 23/50
2025-09-29 10:12:08 - Epoch 52/500 | LR=0.009745 | w_AVO=1.000 | w_P3=2.727 | lambda_MMD=0.300
2025-09-29 10:12:08 - Epoch Summary: TrainLoss=1.1886 | TrainAcc=0.655 | Val(P3)=0.667 | Val(AVO)=0.663
2025-09-29 10:12:08 - No P3-val improvement; patience remaining: 22/50
2025-09-29 10:12:08 - Epoch 53/500 | LR=0.009735 | w_AVO=1.000 | w_P3=2.727 | lambda_MMD=0.300
2025-09-29 10:12:08 - Epoch Summary: TrainLoss=1.1891 | TrainAcc=0.642 | Val(P3)=0.667 | Val(AVO)=0.638
2025-09-29 10:12:08 - No P3-val improvement; patience remaining: 21/50
2025-09-29 10:12:08 - Epoch 54/500 | LR=0.009725 | w_AVO=1.000 | w_P3=2.727 | lambda_MMD=0.300
2025-09-29 10:12:09 - Epoch Summary: TrainLoss=1.2559 | TrainAcc=0.646 | Val(P3)=0.697 | Val(AVO)=0.631
2025-09-29 10:12:09 - No P3-val improvement; patience remaining: 20/50
2025-09-29 10:12:09 - AVO val decreasing 3x. Reducing lambda_MMD to 0.210
2025-09-29 10:12:09 - Epoch 55/500 | LR=0.009715 | w_AVO=1.000 | w_P3=2.727 | lambda_MMD=0.210
2025-09-29 10:12:09 - Epoch Summary: TrainLoss=1.1880 | TrainAcc=0.644 | Val(P3)=0.606 | Val(AVO)=0.631
2025-09-29 10:12:09 - No P3-val improvement; patience remaining: 19/50
2025-09-29 10:12:09 - Epoch 56/500 | LR=0.009704 | w_AVO=1.000 | w_P3=2.727 | lambda_MMD=0.300
2025-09-29 10:12:09 - Epoch Summary: TrainLoss=1.1877 | TrainAcc=0.647 | Val(P3)=0.636 | Val(AVO)=0.667
2025-09-29 10:12:09 - No P3-val improvement; patience remaining: 18/50
2025-09-29 10:12:09 - Epoch 57/500 | LR=0.009694 | w_AVO=1.000 | w_P3=2.727 | lambda_MMD=0.300
2025-09-29 10:12:09 - Epoch Summary: TrainLoss=1.1957 | TrainAcc=0.655 | Val(P3)=0.667 | Val(AVO)=0.673
2025-09-29 10:12:09 - No P3-val improvement; patience remaining: 17/50
2025-09-29 10:12:09 - Epoch 58/500 | LR=0.009683 | w_AVO=1.000 | w_P3=2.727 | lambda_MMD=0.300
2025-09-29 10:12:09 - Epoch Summary: TrainLoss=1.1743 | TrainAcc=0.652 | Val(P3)=0.636 | Val(AVO)=0.641
2025-09-29 10:12:09 - No P3-val improvement; patience remaining: 16/50
2025-09-29 10:12:09 - Epoch 59/500 | LR=0.009672 | w_AVO=1.000 | w_P3=2.727 | lambda_MMD=0.300
2025-09-29 10:12:09 - Epoch Summary: TrainLoss=1.1761 | TrainAcc=0.651 | Val(P3)=0.606 | Val(AVO)=0.663
2025-09-29 10:12:09 - No P3-val improvement; patience remaining: 15/50
2025-09-29 10:12:09 - P3 val decreasing 3x. Reducing w_small to 2.182, lambda_MMD to 0.150
2025-09-29 10:12:09 - Epoch 60/500 | LR=0.009660 | w_AVO=1.000 | w_P3=2.182 | lambda_MMD=0.150
2025-09-29 10:12:09 - Epoch Summary: TrainLoss=1.0527 | TrainAcc=0.653 | Val(P3)=0.667 | Val(AVO)=0.663
2025-09-29 10:12:09 - No P3-val improvement; patience remaining: 14/50
2025-09-29 10:12:09 - Epoch 61/500 | LR=0.009649 | w_AVO=1.000 | w_P3=2.727 | lambda_MMD=0.300
2025-09-29 10:12:10 - Epoch Summary: TrainLoss=1.2166 | TrainAcc=0.652 | Val(P3)=0.606 | Val(AVO)=0.635
2025-09-29 10:12:10 - No P3-val improvement; patience remaining: 13/50
2025-09-29 10:12:10 - Epoch 62/500 | LR=0.009637 | w_AVO=1.000 | w_P3=2.727 | lambda_MMD=0.300
2025-09-29 10:12:10 - Epoch Summary: TrainLoss=1.2068 | TrainAcc=0.669 | Val(P3)=0.667 | Val(AVO)=0.657
2025-09-29 10:12:10 - No P3-val improvement; patience remaining: 12/50
2025-09-29 10:12:10 - Epoch 63/500 | LR=0.009625 | w_AVO=1.000 | w_P3=2.727 | lambda_MMD=0.300
2025-09-29 10:12:10 - Epoch Summary: TrainLoss=1.1897 | TrainAcc=0.654 | Val(P3)=0.606 | Val(AVO)=0.644
2025-09-29 10:12:10 - No P3-val improvement; patience remaining: 11/50
2025-09-29 10:12:10 - Epoch 64/500 | LR=0.009613 | w_AVO=1.000 | w_P3=2.727 | lambda_MMD=0.300
2025-09-29 10:12:10 - Epoch Summary: TrainLoss=1.1566 | TrainAcc=0.649 | Val(P3)=0.667 | Val(AVO)=0.644
2025-09-29 10:12:10 - No P3-val improvement; patience remaining: 10/50
2025-09-29 10:12:10 - Epoch 65/500 | LR=0.009601 | w_AVO=1.000 | w_P3=2.727 | lambda_MMD=0.300
2025-09-29 10:12:10 - Epoch Summary: TrainLoss=1.1769 | TrainAcc=0.647 | Val(P3)=0.636 | Val(AVO)=0.651
2025-09-29 10:12:10 - No P3-val improvement; patience remaining: 9/50
2025-09-29 10:12:10 - Epoch 66/500 | LR=0.009589 | w_AVO=1.000 | w_P3=2.727 | lambda_MMD=0.300
2025-09-29 10:12:10 - Epoch Summary: TrainLoss=1.1170 | TrainAcc=0.652 | Val(P3)=0.636 | Val(AVO)=0.647
2025-09-29 10:12:10 - No P3-val improvement; patience remaining: 8/50
2025-09-29 10:12:10 - Epoch 67/500 | LR=0.009576 | w_AVO=1.000 | w_P3=2.727 | lambda_MMD=0.300
2025-09-29 10:12:10 - Epoch Summary: TrainLoss=1.1386 | TrainAcc=0.660 | Val(P3)=0.636 | Val(AVO)=0.638
2025-09-29 10:12:10 - No P3-val improvement; patience remaining: 7/50
2025-09-29 10:12:10 - AVO val decreasing 3x. Reducing lambda_MMD to 0.210
2025-09-29 10:12:10 - Epoch 68/500 | LR=0.009563 | w_AVO=1.000 | w_P3=2.727 | lambda_MMD=0.210
2025-09-29 10:12:10 - Epoch Summary: TrainLoss=1.2012 | TrainAcc=0.653 | Val(P3)=0.606 | Val(AVO)=0.654
2025-09-29 10:12:10 - No P3-val improvement; patience remaining: 6/50
2025-09-29 10:12:10 - Epoch 69/500 | LR=0.009551 | w_AVO=1.000 | w_P3=2.727 | lambda_MMD=0.300
2025-09-29 10:12:11 - Epoch Summary: TrainLoss=1.1749 | TrainAcc=0.656 | Val(P3)=0.606 | Val(AVO)=0.689
2025-09-29 10:12:11 - No P3-val improvement; patience remaining: 5/50
2025-09-29 10:12:11 - Epoch 70/500 | LR=0.009537 | w_AVO=1.000 | w_P3=2.727 | lambda_MMD=0.300
2025-09-29 10:12:11 - Epoch Summary: TrainLoss=1.1478 | TrainAcc=0.647 | Val(P3)=0.636 | Val(AVO)=0.663
2025-09-29 10:12:11 - No P3-val improvement; patience remaining: 4/50
2025-09-29 10:12:11 - Epoch 71/500 | LR=0.009524 | w_AVO=1.000 | w_P3=2.727 | lambda_MMD=0.300
2025-09-29 10:12:11 - Epoch Summary: TrainLoss=1.1414 | TrainAcc=0.665 | Val(P3)=0.606 | Val(AVO)=0.625
2025-09-29 10:12:11 - No P3-val improvement; patience remaining: 3/50
2025-09-29 10:12:11 - AVO val decreasing 3x. Reducing lambda_MMD to 0.210
2025-09-29 10:12:11 - Epoch 72/500 | LR=0.009511 | w_AVO=1.000 | w_P3=2.727 | lambda_MMD=0.210
2025-09-29 10:12:11 - Epoch Summary: TrainLoss=1.1567 | TrainAcc=0.651 | Val(P3)=0.636 | Val(AVO)=0.647
2025-09-29 10:12:11 - No P3-val improvement; patience remaining: 2/50
2025-09-29 10:12:11 - Epoch 73/500 | LR=0.009497 | w_AVO=1.000 | w_P3=2.727 | lambda_MMD=0.300
2025-09-29 10:12:11 - Epoch Summary: TrainLoss=1.1638 | TrainAcc=0.658 | Val(P3)=0.606 | Val(AVO)=0.644
2025-09-29 10:12:11 - No P3-val improvement; patience remaining: 1/50
2025-09-29 10:12:11 - Epoch 74/500 | LR=0.009483 | w_AVO=1.000 | w_P3=2.727 | lambda_MMD=0.300
2025-09-29 10:12:11 - Epoch Summary: TrainLoss=1.1226 | TrainAcc=0.657 | Val(P3)=0.667 | Val(AVO)=0.654
2025-09-29 10:12:11 - No P3-val improvement; patience remaining: 0/50
2025-09-29 10:12:11 - Early stopping triggered (P3-val)
2025-09-29 10:12:11 -     P3 Test | Acc=0.5432 P=0.5714 R=0.4762 F1=0.5195 AUC=0.6166 (n=81)
2025-09-29 10:12:11 -     AVO Test | Acc=0.6814 P=0.6730 R=0.6997 F1=0.6861 AUC=0.7470 (n=609)
2025-09-29 10:12:11 -     Overall Test Acc=0.6652
2025-09-29 10:12:11 -   Fold 4/5
2025-09-29 10:12:11 - Fold domains: small=P3 (n=283), large=AVO (n=2131)
2025-09-29 10:12:11 - Auto adjustments (symmetric): w_small≈1.000, lambda_MMD_target=0.300, warmup_epochs=5
2025-09-29 10:12:11 - Epoch 1/500 | LR=0.010000 | w_AVO=1.000 | w_P3=1.349 | lambda_MMD=0.060
2025-09-29 10:12:11 - Epoch Summary: TrainLoss=1.7931 | TrainAcc=0.548 | Val(P3)=0.515 | Val(AVO)=0.593
2025-09-29 10:12:11 - New best P3-val; checkpoint updated
2025-09-29 10:12:11 - Epoch 2/500 | LR=0.010000 | w_AVO=1.000 | w_P3=1.698 | lambda_MMD=0.120
2025-09-29 10:12:12 - Epoch Summary: TrainLoss=1.7020 | TrainAcc=0.591 | Val(P3)=0.515 | Val(AVO)=0.587
2025-09-29 10:12:12 - No P3-val improvement; patience remaining: 49/50
2025-09-29 10:12:12 - Epoch 3/500 | LR=0.010000 | w_AVO=1.000 | w_P3=2.046 | lambda_MMD=0.180
2025-09-29 10:12:12 - Epoch Summary: TrainLoss=1.7477 | TrainAcc=0.614 | Val(P3)=0.545 | Val(AVO)=0.561
2025-09-29 10:12:12 - New best P3-val; checkpoint updated
2025-09-29 10:12:12 - AVO val decreasing 3x. Reducing lambda_MMD to 0.168
2025-09-29 10:12:12 - Epoch 4/500 | LR=0.009999 | w_AVO=1.000 | w_P3=2.395 | lambda_MMD=0.168
2025-09-29 10:12:12 - Epoch Summary: TrainLoss=1.9559 | TrainAcc=0.592 | Val(P3)=0.455 | Val(AVO)=0.603
2025-09-29 10:12:12 - No P3-val improvement; patience remaining: 49/50
2025-09-29 10:12:12 - Epoch 5/500 | LR=0.009998 | w_AVO=1.000 | w_P3=2.744 | lambda_MMD=0.300
2025-09-29 10:12:12 - Epoch Summary: TrainLoss=1.9815 | TrainAcc=0.610 | Val(P3)=0.485 | Val(AVO)=0.625
2025-09-29 10:12:12 - No P3-val improvement; patience remaining: 48/50
2025-09-29 10:12:12 - Epoch 6/500 | LR=0.009998 | w_AVO=1.000 | w_P3=2.744 | lambda_MMD=0.300
2025-09-29 10:12:12 - Epoch Summary: TrainLoss=1.8908 | TrainAcc=0.613 | Val(P3)=0.515 | Val(AVO)=0.609
2025-09-29 10:12:12 - No P3-val improvement; patience remaining: 47/50
2025-09-29 10:12:12 - Epoch 7/500 | LR=0.009996 | w_AVO=1.000 | w_P3=2.744 | lambda_MMD=0.300
2025-09-29 10:12:12 - Epoch Summary: TrainLoss=1.8146 | TrainAcc=0.620 | Val(P3)=0.485 | Val(AVO)=0.593
2025-09-29 10:12:12 - No P3-val improvement; patience remaining: 46/50
2025-09-29 10:12:12 - AVO val decreasing 3x. Reducing lambda_MMD to 0.210
2025-09-29 10:12:12 - Epoch 8/500 | LR=0.009995 | w_AVO=1.000 | w_P3=2.744 | lambda_MMD=0.210
2025-09-29 10:12:12 - Epoch Summary: TrainLoss=1.8135 | TrainAcc=0.608 | Val(P3)=0.545 | Val(AVO)=0.609
2025-09-29 10:12:12 - No P3-val improvement; patience remaining: 45/50
2025-09-29 10:12:12 - Epoch 9/500 | LR=0.009994 | w_AVO=1.000 | w_P3=2.744 | lambda_MMD=0.300
2025-09-29 10:12:12 - Epoch Summary: TrainLoss=1.7391 | TrainAcc=0.610 | Val(P3)=0.545 | Val(AVO)=0.615
2025-09-29 10:12:12 - No P3-val improvement; patience remaining: 44/50
2025-09-29 10:12:12 - Epoch 10/500 | LR=0.009992 | w_AVO=1.000 | w_P3=2.744 | lambda_MMD=0.300
2025-09-29 10:12:13 - Epoch Summary: TrainLoss=1.7744 | TrainAcc=0.628 | Val(P3)=0.455 | Val(AVO)=0.609
2025-09-29 10:12:13 - No P3-val improvement; patience remaining: 43/50
2025-09-29 10:12:13 - Epoch 11/500 | LR=0.009990 | w_AVO=1.000 | w_P3=2.744 | lambda_MMD=0.300
2025-09-29 10:12:13 - Epoch Summary: TrainLoss=1.6443 | TrainAcc=0.628 | Val(P3)=0.485 | Val(AVO)=0.631
2025-09-29 10:12:13 - No P3-val improvement; patience remaining: 42/50
2025-09-29 10:12:13 - Epoch 12/500 | LR=0.009988 | w_AVO=1.000 | w_P3=2.744 | lambda_MMD=0.300
2025-09-29 10:12:13 - Epoch Summary: TrainLoss=1.6120 | TrainAcc=0.635 | Val(P3)=0.485 | Val(AVO)=0.567
2025-09-29 10:12:13 - No P3-val improvement; patience remaining: 41/50
2025-09-29 10:12:13 - Epoch 13/500 | LR=0.009986 | w_AVO=1.000 | w_P3=2.744 | lambda_MMD=0.300
2025-09-29 10:12:13 - Epoch Summary: TrainLoss=1.5588 | TrainAcc=0.644 | Val(P3)=0.394 | Val(AVO)=0.593
2025-09-29 10:12:13 - No P3-val improvement; patience remaining: 40/50
2025-09-29 10:12:13 - Epoch 14/500 | LR=0.009983 | w_AVO=1.000 | w_P3=2.744 | lambda_MMD=0.300
2025-09-29 10:12:13 - Epoch Summary: TrainLoss=1.5560 | TrainAcc=0.625 | Val(P3)=0.455 | Val(AVO)=0.615
2025-09-29 10:12:13 - No P3-val improvement; patience remaining: 39/50
2025-09-29 10:12:13 - Epoch 15/500 | LR=0.009981 | w_AVO=1.000 | w_P3=2.744 | lambda_MMD=0.300
2025-09-29 10:12:13 - Epoch Summary: TrainLoss=1.4777 | TrainAcc=0.628 | Val(P3)=0.515 | Val(AVO)=0.583
2025-09-29 10:12:13 - No P3-val improvement; patience remaining: 38/50
2025-09-29 10:12:13 - Epoch 16/500 | LR=0.009978 | w_AVO=1.000 | w_P3=2.744 | lambda_MMD=0.300
2025-09-29 10:12:13 - Epoch Summary: TrainLoss=1.5167 | TrainAcc=0.639 | Val(P3)=0.485 | Val(AVO)=0.615
2025-09-29 10:12:13 - No P3-val improvement; patience remaining: 37/50
2025-09-29 10:12:13 - Epoch 17/500 | LR=0.009975 | w_AVO=1.000 | w_P3=2.744 | lambda_MMD=0.300
2025-09-29 10:12:14 - Epoch Summary: TrainLoss=1.4639 | TrainAcc=0.631 | Val(P3)=0.485 | Val(AVO)=0.603
2025-09-29 10:12:14 - No P3-val improvement; patience remaining: 36/50
2025-09-29 10:12:14 - Epoch 18/500 | LR=0.009972 | w_AVO=1.000 | w_P3=2.744 | lambda_MMD=0.300
2025-09-29 10:12:14 - Epoch Summary: TrainLoss=1.3823 | TrainAcc=0.645 | Val(P3)=0.545 | Val(AVO)=0.593
2025-09-29 10:12:14 - No P3-val improvement; patience remaining: 35/50
2025-09-29 10:12:14 - AVO val decreasing 3x. Reducing lambda_MMD to 0.210
2025-09-29 10:12:14 - Epoch 19/500 | LR=0.009968 | w_AVO=1.000 | w_P3=2.744 | lambda_MMD=0.210
2025-09-29 10:12:14 - Epoch Summary: TrainLoss=1.4674 | TrainAcc=0.645 | Val(P3)=0.515 | Val(AVO)=0.625
2025-09-29 10:12:14 - No P3-val improvement; patience remaining: 34/50
2025-09-29 10:12:14 - Epoch 20/500 | LR=0.009964 | w_AVO=1.000 | w_P3=2.744 | lambda_MMD=0.300
2025-09-29 10:12:14 - Epoch Summary: TrainLoss=1.4585 | TrainAcc=0.635 | Val(P3)=0.515 | Val(AVO)=0.590
2025-09-29 10:12:14 - No P3-val improvement; patience remaining: 33/50
2025-09-29 10:12:14 - Epoch 21/500 | LR=0.009961 | w_AVO=1.000 | w_P3=2.744 | lambda_MMD=0.300
2025-09-29 10:12:14 - Epoch Summary: TrainLoss=1.4199 | TrainAcc=0.639 | Val(P3)=0.485 | Val(AVO)=0.577
2025-09-29 10:12:14 - No P3-val improvement; patience remaining: 32/50
2025-09-29 10:12:14 - AVO val decreasing 3x. Reducing lambda_MMD to 0.210
2025-09-29 10:12:14 - Epoch 22/500 | LR=0.009957 | w_AVO=1.000 | w_P3=2.744 | lambda_MMD=0.210
2025-09-29 10:12:14 - Epoch Summary: TrainLoss=1.4073 | TrainAcc=0.643 | Val(P3)=0.515 | Val(AVO)=0.628
2025-09-29 10:12:14 - No P3-val improvement; patience remaining: 31/50
2025-09-29 10:12:14 - Epoch 23/500 | LR=0.009952 | w_AVO=1.000 | w_P3=2.744 | lambda_MMD=0.300
2025-09-29 10:12:14 - Epoch Summary: TrainLoss=1.3591 | TrainAcc=0.644 | Val(P3)=0.515 | Val(AVO)=0.580
2025-09-29 10:12:14 - No P3-val improvement; patience remaining: 30/50
2025-09-29 10:12:14 - Epoch 24/500 | LR=0.009948 | w_AVO=1.000 | w_P3=2.744 | lambda_MMD=0.300
2025-09-29 10:12:15 - Epoch Summary: TrainLoss=1.3267 | TrainAcc=0.646 | Val(P3)=0.515 | Val(AVO)=0.603
2025-09-29 10:12:15 - No P3-val improvement; patience remaining: 29/50
2025-09-29 10:12:15 - Epoch 25/500 | LR=0.009943 | w_AVO=1.000 | w_P3=2.744 | lambda_MMD=0.300
2025-09-29 10:12:15 - Epoch Summary: TrainLoss=1.3539 | TrainAcc=0.639 | Val(P3)=0.515 | Val(AVO)=0.619
2025-09-29 10:12:15 - No P3-val improvement; patience remaining: 28/50
2025-09-29 10:12:15 - Epoch 26/500 | LR=0.009938 | w_AVO=1.000 | w_P3=2.744 | lambda_MMD=0.300
2025-09-29 10:12:15 - Epoch Summary: TrainLoss=1.3728 | TrainAcc=0.632 | Val(P3)=0.485 | Val(AVO)=0.590
2025-09-29 10:12:15 - No P3-val improvement; patience remaining: 27/50
2025-09-29 10:12:15 - Epoch 27/500 | LR=0.009933 | w_AVO=1.000 | w_P3=2.744 | lambda_MMD=0.300
2025-09-29 10:12:15 - Epoch Summary: TrainLoss=1.3415 | TrainAcc=0.642 | Val(P3)=0.485 | Val(AVO)=0.587
2025-09-29 10:12:15 - No P3-val improvement; patience remaining: 26/50
2025-09-29 10:12:15 - AVO val decreasing 3x. Reducing lambda_MMD to 0.210
2025-09-29 10:12:15 - Epoch 28/500 | LR=0.009928 | w_AVO=1.000 | w_P3=2.744 | lambda_MMD=0.210
2025-09-29 10:12:15 - Epoch Summary: TrainLoss=1.2615 | TrainAcc=0.638 | Val(P3)=0.485 | Val(AVO)=0.609
2025-09-29 10:12:15 - No P3-val improvement; patience remaining: 25/50
2025-09-29 10:12:15 - Epoch 29/500 | LR=0.009923 | w_AVO=1.000 | w_P3=2.744 | lambda_MMD=0.300
2025-09-29 10:12:15 - Epoch Summary: TrainLoss=1.2894 | TrainAcc=0.642 | Val(P3)=0.485 | Val(AVO)=0.609
2025-09-29 10:12:15 - No P3-val improvement; patience remaining: 24/50
2025-09-29 10:12:15 - Epoch 30/500 | LR=0.009917 | w_AVO=1.000 | w_P3=2.744 | lambda_MMD=0.300
2025-09-29 10:12:15 - Epoch Summary: TrainLoss=1.3256 | TrainAcc=0.640 | Val(P3)=0.515 | Val(AVO)=0.574
2025-09-29 10:12:15 - No P3-val improvement; patience remaining: 23/50
2025-09-29 10:12:15 - Epoch 31/500 | LR=0.009911 | w_AVO=1.000 | w_P3=2.744 | lambda_MMD=0.300
2025-09-29 10:12:16 - Epoch Summary: TrainLoss=1.2752 | TrainAcc=0.655 | Val(P3)=0.515 | Val(AVO)=0.644
2025-09-29 10:12:16 - No P3-val improvement; patience remaining: 22/50
2025-09-29 10:12:16 - Epoch 32/500 | LR=0.009905 | w_AVO=1.000 | w_P3=2.744 | lambda_MMD=0.300
2025-09-29 10:12:16 - Epoch Summary: TrainLoss=1.3544 | TrainAcc=0.643 | Val(P3)=0.455 | Val(AVO)=0.587
2025-09-29 10:12:16 - No P3-val improvement; patience remaining: 21/50
2025-09-29 10:12:16 - Epoch 33/500 | LR=0.009899 | w_AVO=1.000 | w_P3=2.744 | lambda_MMD=0.300
2025-09-29 10:12:16 - Epoch Summary: TrainLoss=1.2898 | TrainAcc=0.641 | Val(P3)=0.455 | Val(AVO)=0.609
2025-09-29 10:12:16 - No P3-val improvement; patience remaining: 20/50
2025-09-29 10:12:16 - Epoch 34/500 | LR=0.009893 | w_AVO=1.000 | w_P3=2.744 | lambda_MMD=0.300
2025-09-29 10:12:16 - Epoch Summary: TrainLoss=1.2782 | TrainAcc=0.644 | Val(P3)=0.485 | Val(AVO)=0.571
2025-09-29 10:12:16 - No P3-val improvement; patience remaining: 19/50
2025-09-29 10:12:16 - Epoch 35/500 | LR=0.009886 | w_AVO=1.000 | w_P3=2.744 | lambda_MMD=0.300
2025-09-29 10:12:16 - Epoch Summary: TrainLoss=1.2328 | TrainAcc=0.650 | Val(P3)=0.455 | Val(AVO)=0.580
2025-09-29 10:12:16 - No P3-val improvement; patience remaining: 18/50
2025-09-29 10:12:16 - Epoch 36/500 | LR=0.009880 | w_AVO=1.000 | w_P3=2.744 | lambda_MMD=0.300
2025-09-29 10:12:16 - Epoch Summary: TrainLoss=1.2921 | TrainAcc=0.642 | Val(P3)=0.455 | Val(AVO)=0.615
2025-09-29 10:12:16 - No P3-val improvement; patience remaining: 17/50
2025-09-29 10:12:16 - Epoch 37/500 | LR=0.009873 | w_AVO=1.000 | w_P3=2.744 | lambda_MMD=0.300
2025-09-29 10:12:16 - Epoch Summary: TrainLoss=1.2437 | TrainAcc=0.646 | Val(P3)=0.485 | Val(AVO)=0.625
2025-09-29 10:12:16 - No P3-val improvement; patience remaining: 16/50
2025-09-29 10:12:16 - Epoch 38/500 | LR=0.009865 | w_AVO=1.000 | w_P3=2.744 | lambda_MMD=0.300
2025-09-29 10:12:16 - Epoch Summary: TrainLoss=1.2278 | TrainAcc=0.655 | Val(P3)=0.455 | Val(AVO)=0.619
2025-09-29 10:12:16 - No P3-val improvement; patience remaining: 15/50
2025-09-29 10:12:16 - Epoch 39/500 | LR=0.009858 | w_AVO=1.000 | w_P3=2.744 | lambda_MMD=0.300
2025-09-29 10:12:17 - Epoch Summary: TrainLoss=1.2020 | TrainAcc=0.655 | Val(P3)=0.455 | Val(AVO)=0.615
2025-09-29 10:12:17 - No P3-val improvement; patience remaining: 14/50
2025-09-29 10:12:17 - AVO val decreasing 3x. Reducing lambda_MMD to 0.210
2025-09-29 10:12:17 - Epoch 40/500 | LR=0.009851 | w_AVO=1.000 | w_P3=2.744 | lambda_MMD=0.210
2025-09-29 10:12:17 - Epoch Summary: TrainLoss=1.1777 | TrainAcc=0.651 | Val(P3)=0.485 | Val(AVO)=0.615
2025-09-29 10:12:17 - No P3-val improvement; patience remaining: 13/50
2025-09-29 10:12:17 - Epoch 41/500 | LR=0.009843 | w_AVO=1.000 | w_P3=2.744 | lambda_MMD=0.300
2025-09-29 10:12:17 - Epoch Summary: TrainLoss=1.2885 | TrainAcc=0.655 | Val(P3)=0.515 | Val(AVO)=0.638
2025-09-29 10:12:17 - No P3-val improvement; patience remaining: 12/50
2025-09-29 10:12:17 - Epoch 42/500 | LR=0.009835 | w_AVO=1.000 | w_P3=2.744 | lambda_MMD=0.300
2025-09-29 10:12:17 - Epoch Summary: TrainLoss=1.2083 | TrainAcc=0.643 | Val(P3)=0.485 | Val(AVO)=0.619
2025-09-29 10:12:17 - No P3-val improvement; patience remaining: 11/50
2025-09-29 10:12:17 - Epoch 43/500 | LR=0.009827 | w_AVO=1.000 | w_P3=2.744 | lambda_MMD=0.300
2025-09-29 10:12:17 - Epoch Summary: TrainLoss=1.1761 | TrainAcc=0.654 | Val(P3)=0.485 | Val(AVO)=0.609
2025-09-29 10:12:17 - No P3-val improvement; patience remaining: 10/50
2025-09-29 10:12:17 - AVO val decreasing 3x. Reducing lambda_MMD to 0.210
2025-09-29 10:12:17 - Epoch 44/500 | LR=0.009819 | w_AVO=1.000 | w_P3=2.744 | lambda_MMD=0.210
2025-09-29 10:12:17 - Epoch Summary: TrainLoss=1.1832 | TrainAcc=0.651 | Val(P3)=0.455 | Val(AVO)=0.622
2025-09-29 10:12:17 - No P3-val improvement; patience remaining: 9/50
2025-09-29 10:12:17 - Epoch 45/500 | LR=0.009810 | w_AVO=1.000 | w_P3=2.744 | lambda_MMD=0.300
2025-09-29 10:12:17 - Epoch Summary: TrainLoss=1.2379 | TrainAcc=0.636 | Val(P3)=0.485 | Val(AVO)=0.606
2025-09-29 10:12:17 - No P3-val improvement; patience remaining: 8/50
2025-09-29 10:12:17 - Epoch 46/500 | LR=0.009801 | w_AVO=1.000 | w_P3=2.744 | lambda_MMD=0.300
2025-09-29 10:12:18 - Epoch Summary: TrainLoss=1.1911 | TrainAcc=0.662 | Val(P3)=0.455 | Val(AVO)=0.628
2025-09-29 10:12:18 - No P3-val improvement; patience remaining: 7/50
2025-09-29 10:12:18 - Epoch 47/500 | LR=0.009793 | w_AVO=1.000 | w_P3=2.744 | lambda_MMD=0.300
2025-09-29 10:12:18 - Epoch Summary: TrainLoss=1.1562 | TrainAcc=0.671 | Val(P3)=0.485 | Val(AVO)=0.628
2025-09-29 10:12:18 - No P3-val improvement; patience remaining: 6/50
2025-09-29 10:12:18 - Epoch 48/500 | LR=0.009784 | w_AVO=1.000 | w_P3=2.744 | lambda_MMD=0.300
2025-09-29 10:12:18 - Epoch Summary: TrainLoss=1.2291 | TrainAcc=0.647 | Val(P3)=0.455 | Val(AVO)=0.612
2025-09-29 10:12:18 - No P3-val improvement; patience remaining: 5/50
2025-09-29 10:12:18 - Epoch 49/500 | LR=0.009774 | w_AVO=1.000 | w_P3=2.744 | lambda_MMD=0.300
2025-09-29 10:12:18 - Epoch Summary: TrainLoss=1.2219 | TrainAcc=0.650 | Val(P3)=0.455 | Val(AVO)=0.631
2025-09-29 10:12:18 - No P3-val improvement; patience remaining: 4/50
2025-09-29 10:12:18 - Epoch 50/500 | LR=0.009765 | w_AVO=1.000 | w_P3=2.744 | lambda_MMD=0.300
2025-09-29 10:12:18 - Epoch Summary: TrainLoss=1.1513 | TrainAcc=0.649 | Val(P3)=0.424 | Val(AVO)=0.625
2025-09-29 10:12:18 - No P3-val improvement; patience remaining: 3/50
2025-09-29 10:12:18 - Epoch 51/500 | LR=0.009755 | w_AVO=1.000 | w_P3=2.744 | lambda_MMD=0.300
2025-09-29 10:12:18 - Epoch Summary: TrainLoss=1.1694 | TrainAcc=0.638 | Val(P3)=0.455 | Val(AVO)=0.641
2025-09-29 10:12:18 - No P3-val improvement; patience remaining: 2/50
2025-09-29 10:12:18 - Epoch 52/500 | LR=0.009745 | w_AVO=1.000 | w_P3=2.744 | lambda_MMD=0.300
2025-09-29 10:12:18 - Epoch Summary: TrainLoss=1.1570 | TrainAcc=0.654 | Val(P3)=0.455 | Val(AVO)=0.644
2025-09-29 10:12:18 - No P3-val improvement; patience remaining: 1/50
2025-09-29 10:12:18 - Epoch 53/500 | LR=0.009735 | w_AVO=1.000 | w_P3=2.744 | lambda_MMD=0.300
2025-09-29 10:12:19 - Epoch Summary: TrainLoss=1.2139 | TrainAcc=0.656 | Val(P3)=0.424 | Val(AVO)=0.622
2025-09-29 10:12:19 - No P3-val improvement; patience remaining: 0/50
2025-09-29 10:12:19 - Early stopping triggered (P3-val)
2025-09-29 10:12:19 -     P3 Test | Acc=0.6786 P=0.6944 R=0.6098 F1=0.6494 AUC=0.7442 (n=84)
2025-09-29 10:12:19 -     AVO Test | Acc=0.6231 P=0.7389 R=0.3828 F1=0.5043 AUC=0.6961 (n=605)
2025-09-29 10:12:19 -     Overall Test Acc=0.6299
2025-09-29 10:12:19 -   Fold 5/5
2025-09-29 10:12:19 - Fold domains: small=P3 (n=279), large=AVO (n=2135)
2025-09-29 10:12:19 - Auto adjustments (symmetric): w_small≈1.000, lambda_MMD_target=0.300, warmup_epochs=5
2025-09-29 10:12:19 - Epoch 1/500 | LR=0.010000 | w_AVO=1.000 | w_P3=1.353 | lambda_MMD=0.060
2025-09-29 10:12:19 - Epoch Summary: TrainLoss=1.7610 | TrainAcc=0.534 | Val(P3)=0.606 | Val(AVO)=0.628
2025-09-29 10:12:19 - New best P3-val; checkpoint updated
2025-09-29 10:12:19 - Epoch 2/500 | LR=0.010000 | w_AVO=1.000 | w_P3=1.707 | lambda_MMD=0.120
2025-09-29 10:12:19 - Epoch Summary: TrainLoss=1.7410 | TrainAcc=0.583 | Val(P3)=0.545 | Val(AVO)=0.593
2025-09-29 10:12:19 - No P3-val improvement; patience remaining: 49/50
2025-09-29 10:12:19 - Epoch 3/500 | LR=0.010000 | w_AVO=1.000 | w_P3=2.060 | lambda_MMD=0.180
2025-09-29 10:12:19 - Epoch Summary: TrainLoss=1.7543 | TrainAcc=0.594 | Val(P3)=0.576 | Val(AVO)=0.612
2025-09-29 10:12:19 - No P3-val improvement; patience remaining: 48/50
2025-09-29 10:12:19 - Epoch 4/500 | LR=0.009999 | w_AVO=1.000 | w_P3=2.413 | lambda_MMD=0.240
2025-09-29 10:12:19 - Epoch Summary: TrainLoss=1.8601 | TrainAcc=0.607 | Val(P3)=0.576 | Val(AVO)=0.590
2025-09-29 10:12:19 - No P3-val improvement; patience remaining: 47/50
2025-09-29 10:12:19 - Epoch 5/500 | LR=0.009998 | w_AVO=1.000 | w_P3=2.766 | lambda_MMD=0.300
2025-09-29 10:12:19 - Epoch Summary: TrainLoss=1.9769 | TrainAcc=0.603 | Val(P3)=0.545 | Val(AVO)=0.628
2025-09-29 10:12:19 - No P3-val improvement; patience remaining: 46/50
2025-09-29 10:12:19 - Epoch 6/500 | LR=0.009998 | w_AVO=1.000 | w_P3=2.766 | lambda_MMD=0.300
2025-09-29 10:12:19 - Epoch Summary: TrainLoss=1.8538 | TrainAcc=0.612 | Val(P3)=0.576 | Val(AVO)=0.631
2025-09-29 10:12:19 - No P3-val improvement; patience remaining: 45/50
2025-09-29 10:12:19 - Epoch 7/500 | LR=0.009996 | w_AVO=1.000 | w_P3=2.766 | lambda_MMD=0.300
2025-09-29 10:12:20 - Epoch Summary: TrainLoss=1.7607 | TrainAcc=0.625 | Val(P3)=0.545 | Val(AVO)=0.660
2025-09-29 10:12:20 - No P3-val improvement; patience remaining: 44/50
2025-09-29 10:12:20 - Epoch 8/500 | LR=0.009995 | w_AVO=1.000 | w_P3=2.766 | lambda_MMD=0.300
2025-09-29 10:12:20 - Epoch Summary: TrainLoss=1.7046 | TrainAcc=0.629 | Val(P3)=0.636 | Val(AVO)=0.622
2025-09-29 10:12:20 - New best P3-val; checkpoint updated
2025-09-29 10:12:20 - Epoch 9/500 | LR=0.009994 | w_AVO=1.000 | w_P3=2.766 | lambda_MMD=0.300
2025-09-29 10:12:20 - Epoch Summary: TrainLoss=1.7199 | TrainAcc=0.628 | Val(P3)=0.576 | Val(AVO)=0.657
2025-09-29 10:12:20 - No P3-val improvement; patience remaining: 49/50
2025-09-29 10:12:20 - Epoch 10/500 | LR=0.009992 | w_AVO=1.000 | w_P3=2.766 | lambda_MMD=0.300
2025-09-29 10:12:20 - Epoch Summary: TrainLoss=1.5919 | TrainAcc=0.645 | Val(P3)=0.515 | Val(AVO)=0.647
2025-09-29 10:12:20 - No P3-val improvement; patience remaining: 48/50
2025-09-29 10:12:20 - P3 val decreasing 3x. Reducing w_small to 2.213, lambda_MMD to 0.150
2025-09-29 10:12:20 - Epoch 11/500 | LR=0.009990 | w_AVO=1.000 | w_P3=2.213 | lambda_MMD=0.150
2025-09-29 10:12:20 - Epoch Summary: TrainLoss=1.4032 | TrainAcc=0.631 | Val(P3)=0.576 | Val(AVO)=0.622
2025-09-29 10:12:20 - No P3-val improvement; patience remaining: 47/50
2025-09-29 10:12:20 - AVO val decreasing 3x. Reducing lambda_MMD to 0.210
2025-09-29 10:12:20 - Epoch 12/500 | LR=0.009988 | w_AVO=1.000 | w_P3=2.766 | lambda_MMD=0.210
2025-09-29 10:12:20 - Epoch Summary: TrainLoss=1.5459 | TrainAcc=0.619 | Val(P3)=0.636 | Val(AVO)=0.644
2025-09-29 10:12:20 - No P3-val improvement; patience remaining: 46/50
2025-09-29 10:12:20 - Epoch 13/500 | LR=0.009986 | w_AVO=1.000 | w_P3=2.766 | lambda_MMD=0.300
2025-09-29 10:12:20 - Epoch Summary: TrainLoss=1.5576 | TrainAcc=0.636 | Val(P3)=0.576 | Val(AVO)=0.638
2025-09-29 10:12:20 - No P3-val improvement; patience remaining: 45/50
2025-09-29 10:12:20 - Epoch 14/500 | LR=0.009983 | w_AVO=1.000 | w_P3=2.766 | lambda_MMD=0.300
2025-09-29 10:12:21 - Epoch Summary: TrainLoss=1.4566 | TrainAcc=0.645 | Val(P3)=0.576 | Val(AVO)=0.654
2025-09-29 10:12:21 - No P3-val improvement; patience remaining: 44/50
2025-09-29 10:12:21 - Epoch 15/500 | LR=0.009981 | w_AVO=1.000 | w_P3=2.766 | lambda_MMD=0.300
2025-09-29 10:12:21 - Epoch Summary: TrainLoss=1.4781 | TrainAcc=0.633 | Val(P3)=0.545 | Val(AVO)=0.686
2025-09-29 10:12:21 - No P3-val improvement; patience remaining: 43/50
2025-09-29 10:12:21 - Epoch 16/500 | LR=0.009978 | w_AVO=1.000 | w_P3=2.766 | lambda_MMD=0.300
2025-09-29 10:12:21 - Epoch Summary: TrainLoss=1.4877 | TrainAcc=0.631 | Val(P3)=0.697 | Val(AVO)=0.673
2025-09-29 10:12:21 - New best P3-val; checkpoint updated
2025-09-29 10:12:21 - Epoch 17/500 | LR=0.009975 | w_AVO=1.000 | w_P3=2.766 | lambda_MMD=0.300
2025-09-29 10:12:21 - Epoch Summary: TrainLoss=1.4333 | TrainAcc=0.635 | Val(P3)=0.636 | Val(AVO)=0.628
2025-09-29 10:12:21 - No P3-val improvement; patience remaining: 49/50
2025-09-29 10:12:21 - AVO val decreasing 3x. Reducing lambda_MMD to 0.210
2025-09-29 10:12:21 - Epoch 18/500 | LR=0.009972 | w_AVO=1.000 | w_P3=2.766 | lambda_MMD=0.210
2025-09-29 10:12:21 - Epoch Summary: TrainLoss=1.4314 | TrainAcc=0.627 | Val(P3)=0.636 | Val(AVO)=0.676
2025-09-29 10:12:21 - No P3-val improvement; patience remaining: 48/50
2025-09-29 10:12:21 - Epoch 19/500 | LR=0.009968 | w_AVO=1.000 | w_P3=2.766 | lambda_MMD=0.300
2025-09-29 10:12:21 - Epoch Summary: TrainLoss=1.4220 | TrainAcc=0.644 | Val(P3)=0.667 | Val(AVO)=0.644
2025-09-29 10:12:21 - No P3-val improvement; patience remaining: 47/50
2025-09-29 10:12:21 - Epoch 20/500 | LR=0.009964 | w_AVO=1.000 | w_P3=2.766 | lambda_MMD=0.300
2025-09-29 10:12:21 - Epoch Summary: TrainLoss=1.4102 | TrainAcc=0.639 | Val(P3)=0.606 | Val(AVO)=0.683
2025-09-29 10:12:21 - No P3-val improvement; patience remaining: 46/50
2025-09-29 10:12:21 - Epoch 21/500 | LR=0.009961 | w_AVO=1.000 | w_P3=2.766 | lambda_MMD=0.300
2025-09-29 10:12:21 - Epoch Summary: TrainLoss=1.3999 | TrainAcc=0.638 | Val(P3)=0.636 | Val(AVO)=0.651
2025-09-29 10:12:21 - No P3-val improvement; patience remaining: 45/50
2025-09-29 10:12:21 - Epoch 22/500 | LR=0.009957 | w_AVO=1.000 | w_P3=2.766 | lambda_MMD=0.300
2025-09-29 10:12:22 - Epoch Summary: TrainLoss=1.3357 | TrainAcc=0.640 | Val(P3)=0.636 | Val(AVO)=0.676
2025-09-29 10:12:22 - No P3-val improvement; patience remaining: 44/50
2025-09-29 10:12:22 - Epoch 23/500 | LR=0.009952 | w_AVO=1.000 | w_P3=2.766 | lambda_MMD=0.300
2025-09-29 10:12:22 - Epoch Summary: TrainLoss=1.3787 | TrainAcc=0.631 | Val(P3)=0.606 | Val(AVO)=0.667
2025-09-29 10:12:22 - No P3-val improvement; patience remaining: 43/50
2025-09-29 10:12:22 - Epoch 24/500 | LR=0.009948 | w_AVO=1.000 | w_P3=2.766 | lambda_MMD=0.300
2025-09-29 10:12:22 - Epoch Summary: TrainLoss=1.3259 | TrainAcc=0.633 | Val(P3)=0.667 | Val(AVO)=0.673
2025-09-29 10:12:22 - No P3-val improvement; patience remaining: 42/50
2025-09-29 10:12:22 - Epoch 25/500 | LR=0.009943 | w_AVO=1.000 | w_P3=2.766 | lambda_MMD=0.300
2025-09-29 10:12:22 - Epoch Summary: TrainLoss=1.3436 | TrainAcc=0.638 | Val(P3)=0.667 | Val(AVO)=0.663
2025-09-29 10:12:22 - No P3-val improvement; patience remaining: 41/50
2025-09-29 10:12:22 - Epoch 26/500 | LR=0.009938 | w_AVO=1.000 | w_P3=2.766 | lambda_MMD=0.300
2025-09-29 10:12:22 - Epoch Summary: TrainLoss=1.3573 | TrainAcc=0.637 | Val(P3)=0.636 | Val(AVO)=0.667
2025-09-29 10:12:22 - No P3-val improvement; patience remaining: 40/50
2025-09-29 10:12:22 - Epoch 27/500 | LR=0.009933 | w_AVO=1.000 | w_P3=2.766 | lambda_MMD=0.300
2025-09-29 10:12:22 - Epoch Summary: TrainLoss=1.3005 | TrainAcc=0.634 | Val(P3)=0.606 | Val(AVO)=0.679
2025-09-29 10:12:22 - No P3-val improvement; patience remaining: 39/50
2025-09-29 10:12:22 - P3 val decreasing 3x. Reducing w_small to 2.213, lambda_MMD to 0.150
2025-09-29 10:12:22 - Epoch 28/500 | LR=0.009928 | w_AVO=1.000 | w_P3=2.213 | lambda_MMD=0.150
2025-09-29 10:12:22 - Epoch Summary: TrainLoss=1.1965 | TrainAcc=0.656 | Val(P3)=0.667 | Val(AVO)=0.676
2025-09-29 10:12:22 - No P3-val improvement; patience remaining: 38/50
2025-09-29 10:12:22 - Epoch 29/500 | LR=0.009923 | w_AVO=1.000 | w_P3=2.766 | lambda_MMD=0.300
2025-09-29 10:12:23 - Epoch Summary: TrainLoss=1.2702 | TrainAcc=0.659 | Val(P3)=0.697 | Val(AVO)=0.647
2025-09-29 10:12:23 - No P3-val improvement; patience remaining: 37/50
2025-09-29 10:12:23 - AVO val decreasing 3x. Reducing lambda_MMD to 0.210
2025-09-29 10:12:23 - Epoch 30/500 | LR=0.009917 | w_AVO=1.000 | w_P3=2.766 | lambda_MMD=0.210
2025-09-29 10:12:23 - Epoch Summary: TrainLoss=1.2754 | TrainAcc=0.658 | Val(P3)=0.606 | Val(AVO)=0.651
2025-09-29 10:12:23 - No P3-val improvement; patience remaining: 36/50
2025-09-29 10:12:23 - Epoch 31/500 | LR=0.009911 | w_AVO=1.000 | w_P3=2.766 | lambda_MMD=0.300
2025-09-29 10:12:23 - Epoch Summary: TrainLoss=1.2600 | TrainAcc=0.669 | Val(P3)=0.606 | Val(AVO)=0.679
2025-09-29 10:12:23 - No P3-val improvement; patience remaining: 35/50
2025-09-29 10:12:23 - Epoch 32/500 | LR=0.009905 | w_AVO=1.000 | w_P3=2.766 | lambda_MMD=0.300
2025-09-29 10:12:23 - Epoch Summary: TrainLoss=1.2724 | TrainAcc=0.659 | Val(P3)=0.667 | Val(AVO)=0.683
2025-09-29 10:12:23 - No P3-val improvement; patience remaining: 34/50
2025-09-29 10:12:23 - Epoch 33/500 | LR=0.009899 | w_AVO=1.000 | w_P3=2.766 | lambda_MMD=0.300
2025-09-29 10:12:23 - Epoch Summary: TrainLoss=1.2928 | TrainAcc=0.647 | Val(P3)=0.667 | Val(AVO)=0.670
2025-09-29 10:12:23 - No P3-val improvement; patience remaining: 33/50
2025-09-29 10:12:23 - Epoch 34/500 | LR=0.009893 | w_AVO=1.000 | w_P3=2.766 | lambda_MMD=0.300
2025-09-29 10:12:23 - Epoch Summary: TrainLoss=1.2940 | TrainAcc=0.652 | Val(P3)=0.606 | Val(AVO)=0.644
2025-09-29 10:12:23 - No P3-val improvement; patience remaining: 32/50
2025-09-29 10:12:23 - AVO val decreasing 3x. Reducing lambda_MMD to 0.210
2025-09-29 10:12:23 - Epoch 35/500 | LR=0.009886 | w_AVO=1.000 | w_P3=2.766 | lambda_MMD=0.210
2025-09-29 10:12:23 - Epoch Summary: TrainLoss=1.2604 | TrainAcc=0.649 | Val(P3)=0.636 | Val(AVO)=0.660
2025-09-29 10:12:23 - No P3-val improvement; patience remaining: 31/50
2025-09-29 10:12:23 - Epoch 36/500 | LR=0.009880 | w_AVO=1.000 | w_P3=2.766 | lambda_MMD=0.300
2025-09-29 10:12:23 - Epoch Summary: TrainLoss=1.3262 | TrainAcc=0.653 | Val(P3)=0.606 | Val(AVO)=0.673
2025-09-29 10:12:23 - No P3-val improvement; patience remaining: 30/50
2025-09-29 10:12:23 - Epoch 37/500 | LR=0.009873 | w_AVO=1.000 | w_P3=2.766 | lambda_MMD=0.300
2025-09-29 10:12:24 - Epoch Summary: TrainLoss=1.2322 | TrainAcc=0.652 | Val(P3)=0.606 | Val(AVO)=0.663
2025-09-29 10:12:24 - No P3-val improvement; patience remaining: 29/50
2025-09-29 10:12:24 - Epoch 38/500 | LR=0.009865 | w_AVO=1.000 | w_P3=2.766 | lambda_MMD=0.300
2025-09-29 10:12:24 - Epoch Summary: TrainLoss=1.2905 | TrainAcc=0.638 | Val(P3)=0.606 | Val(AVO)=0.667
2025-09-29 10:12:24 - No P3-val improvement; patience remaining: 28/50
2025-09-29 10:12:24 - Epoch 39/500 | LR=0.009858 | w_AVO=1.000 | w_P3=2.766 | lambda_MMD=0.300
2025-09-29 10:12:24 - Epoch Summary: TrainLoss=1.2080 | TrainAcc=0.659 | Val(P3)=0.636 | Val(AVO)=0.663
2025-09-29 10:12:24 - No P3-val improvement; patience remaining: 27/50
2025-09-29 10:12:24 - Epoch 40/500 | LR=0.009851 | w_AVO=1.000 | w_P3=2.766 | lambda_MMD=0.300
2025-09-29 10:12:24 - Epoch Summary: TrainLoss=1.2136 | TrainAcc=0.671 | Val(P3)=0.636 | Val(AVO)=0.647
2025-09-29 10:12:24 - No P3-val improvement; patience remaining: 26/50
2025-09-29 10:12:24 - AVO val decreasing 3x. Reducing lambda_MMD to 0.210
2025-09-29 10:12:24 - Epoch 41/500 | LR=0.009843 | w_AVO=1.000 | w_P3=2.766 | lambda_MMD=0.210
2025-09-29 10:12:24 - Epoch Summary: TrainLoss=1.2278 | TrainAcc=0.647 | Val(P3)=0.636 | Val(AVO)=0.679
2025-09-29 10:12:24 - No P3-val improvement; patience remaining: 25/50
2025-09-29 10:12:24 - Epoch 42/500 | LR=0.009835 | w_AVO=1.000 | w_P3=2.766 | lambda_MMD=0.300
2025-09-29 10:12:24 - Epoch Summary: TrainLoss=1.1917 | TrainAcc=0.653 | Val(P3)=0.667 | Val(AVO)=0.676
2025-09-29 10:12:24 - No P3-val improvement; patience remaining: 24/50
2025-09-29 10:12:24 - Epoch 43/500 | LR=0.009827 | w_AVO=1.000 | w_P3=2.766 | lambda_MMD=0.300
2025-09-29 10:12:24 - Epoch Summary: TrainLoss=1.2464 | TrainAcc=0.657 | Val(P3)=0.667 | Val(AVO)=0.657
2025-09-29 10:12:24 - No P3-val improvement; patience remaining: 23/50
2025-09-29 10:12:24 - AVO val decreasing 3x. Reducing lambda_MMD to 0.210
2025-09-29 10:12:24 - Epoch 44/500 | LR=0.009819 | w_AVO=1.000 | w_P3=2.766 | lambda_MMD=0.210
2025-09-29 10:12:25 - Epoch Summary: TrainLoss=1.2324 | TrainAcc=0.651 | Val(P3)=0.636 | Val(AVO)=0.676
2025-09-29 10:12:25 - No P3-val improvement; patience remaining: 22/50
2025-09-29 10:12:25 - Epoch 45/500 | LR=0.009810 | w_AVO=1.000 | w_P3=2.766 | lambda_MMD=0.300
2025-09-29 10:12:25 - Epoch Summary: TrainLoss=1.2141 | TrainAcc=0.657 | Val(P3)=0.636 | Val(AVO)=0.663
2025-09-29 10:12:25 - No P3-val improvement; patience remaining: 21/50
2025-09-29 10:12:25 - Epoch 46/500 | LR=0.009801 | w_AVO=1.000 | w_P3=2.766 | lambda_MMD=0.300
2025-09-29 10:12:25 - Epoch Summary: TrainLoss=1.2228 | TrainAcc=0.662 | Val(P3)=0.606 | Val(AVO)=0.667
2025-09-29 10:12:25 - No P3-val improvement; patience remaining: 20/50
2025-09-29 10:12:25 - Epoch 47/500 | LR=0.009793 | w_AVO=1.000 | w_P3=2.766 | lambda_MMD=0.300
2025-09-29 10:12:25 - Epoch Summary: TrainLoss=1.2008 | TrainAcc=0.643 | Val(P3)=0.636 | Val(AVO)=0.628
2025-09-29 10:12:25 - No P3-val improvement; patience remaining: 19/50
2025-09-29 10:12:25 - Epoch 48/500 | LR=0.009784 | w_AVO=1.000 | w_P3=2.766 | lambda_MMD=0.300
2025-09-29 10:12:25 - Epoch Summary: TrainLoss=1.1849 | TrainAcc=0.658 | Val(P3)=0.606 | Val(AVO)=0.686
2025-09-29 10:12:25 - No P3-val improvement; patience remaining: 18/50
2025-09-29 10:12:25 - Epoch 49/500 | LR=0.009774 | w_AVO=1.000 | w_P3=2.766 | lambda_MMD=0.300
2025-09-29 10:12:25 - Epoch Summary: TrainLoss=1.1420 | TrainAcc=0.663 | Val(P3)=0.636 | Val(AVO)=0.676
2025-09-29 10:12:25 - No P3-val improvement; patience remaining: 17/50
2025-09-29 10:12:25 - Epoch 50/500 | LR=0.009765 | w_AVO=1.000 | w_P3=2.766 | lambda_MMD=0.300
2025-09-29 10:12:25 - Epoch Summary: TrainLoss=1.1716 | TrainAcc=0.675 | Val(P3)=0.606 | Val(AVO)=0.683
2025-09-29 10:12:25 - No P3-val improvement; patience remaining: 16/50
2025-09-29 10:12:25 - Epoch 51/500 | LR=0.009755 | w_AVO=1.000 | w_P3=2.766 | lambda_MMD=0.300
2025-09-29 10:12:26 - Epoch Summary: TrainLoss=1.1918 | TrainAcc=0.660 | Val(P3)=0.667 | Val(AVO)=0.686
2025-09-29 10:12:26 - No P3-val improvement; patience remaining: 15/50
2025-09-29 10:12:26 - Epoch 52/500 | LR=0.009745 | w_AVO=1.000 | w_P3=2.766 | lambda_MMD=0.300
2025-09-29 10:12:26 - Epoch Summary: TrainLoss=1.2165 | TrainAcc=0.663 | Val(P3)=0.667 | Val(AVO)=0.676
2025-09-29 10:12:26 - No P3-val improvement; patience remaining: 14/50
2025-09-29 10:12:26 - Epoch 53/500 | LR=0.009735 | w_AVO=1.000 | w_P3=2.766 | lambda_MMD=0.300
2025-09-29 10:12:26 - Epoch Summary: TrainLoss=1.1851 | TrainAcc=0.657 | Val(P3)=0.636 | Val(AVO)=0.667
2025-09-29 10:12:26 - No P3-val improvement; patience remaining: 13/50
2025-09-29 10:12:26 - AVO val decreasing 3x. Reducing lambda_MMD to 0.210
2025-09-29 10:12:26 - Epoch 54/500 | LR=0.009725 | w_AVO=1.000 | w_P3=2.766 | lambda_MMD=0.210
2025-09-29 10:12:26 - Epoch Summary: TrainLoss=1.1421 | TrainAcc=0.667 | Val(P3)=0.636 | Val(AVO)=0.686
2025-09-29 10:12:26 - No P3-val improvement; patience remaining: 12/50
2025-09-29 10:12:26 - Epoch 55/500 | LR=0.009715 | w_AVO=1.000 | w_P3=2.766 | lambda_MMD=0.300
2025-09-29 10:12:26 - Epoch Summary: TrainLoss=1.2345 | TrainAcc=0.660 | Val(P3)=0.697 | Val(AVO)=0.631
2025-09-29 10:12:26 - No P3-val improvement; patience remaining: 11/50
2025-09-29 10:12:26 - Epoch 56/500 | LR=0.009704 | w_AVO=1.000 | w_P3=2.766 | lambda_MMD=0.300
2025-09-29 10:12:26 - Epoch Summary: TrainLoss=1.2213 | TrainAcc=0.660 | Val(P3)=0.606 | Val(AVO)=0.696
2025-09-29 10:12:26 - No P3-val improvement; patience remaining: 10/50
2025-09-29 10:12:26 - Epoch 57/500 | LR=0.009694 | w_AVO=1.000 | w_P3=2.766 | lambda_MMD=0.300
2025-09-29 10:12:26 - Epoch Summary: TrainLoss=1.1758 | TrainAcc=0.650 | Val(P3)=0.606 | Val(AVO)=0.679
2025-09-29 10:12:26 - No P3-val improvement; patience remaining: 9/50
2025-09-29 10:12:26 - Epoch 58/500 | LR=0.009683 | w_AVO=1.000 | w_P3=2.766 | lambda_MMD=0.300
2025-09-29 10:12:26 - Epoch Summary: TrainLoss=1.1289 | TrainAcc=0.648 | Val(P3)=0.667 | Val(AVO)=0.651
2025-09-29 10:12:26 - No P3-val improvement; patience remaining: 8/50
2025-09-29 10:12:26 - AVO val decreasing 3x. Reducing lambda_MMD to 0.210
2025-09-29 10:12:26 - Epoch 59/500 | LR=0.009672 | w_AVO=1.000 | w_P3=2.766 | lambda_MMD=0.210
2025-09-29 10:12:27 - Epoch Summary: TrainLoss=1.1527 | TrainAcc=0.671 | Val(P3)=0.667 | Val(AVO)=0.699
2025-09-29 10:12:27 - No P3-val improvement; patience remaining: 7/50
2025-09-29 10:12:27 - Epoch 60/500 | LR=0.009660 | w_AVO=1.000 | w_P3=2.766 | lambda_MMD=0.300
2025-09-29 10:12:27 - Epoch Summary: TrainLoss=1.1794 | TrainAcc=0.654 | Val(P3)=0.636 | Val(AVO)=0.670
2025-09-29 10:12:27 - No P3-val improvement; patience remaining: 6/50
2025-09-29 10:12:27 - Epoch 61/500 | LR=0.009649 | w_AVO=1.000 | w_P3=2.766 | lambda_MMD=0.300
2025-09-29 10:12:27 - Epoch Summary: TrainLoss=1.1610 | TrainAcc=0.657 | Val(P3)=0.667 | Val(AVO)=0.654
2025-09-29 10:12:27 - No P3-val improvement; patience remaining: 5/50
2025-09-29 10:12:27 - AVO val decreasing 3x. Reducing lambda_MMD to 0.210
2025-09-29 10:12:27 - Epoch 62/500 | LR=0.009637 | w_AVO=1.000 | w_P3=2.766 | lambda_MMD=0.210
2025-09-29 10:12:27 - Epoch Summary: TrainLoss=1.1473 | TrainAcc=0.650 | Val(P3)=0.636 | Val(AVO)=0.683
2025-09-29 10:12:27 - No P3-val improvement; patience remaining: 4/50
2025-09-29 10:12:27 - Epoch 63/500 | LR=0.009625 | w_AVO=1.000 | w_P3=2.766 | lambda_MMD=0.300
2025-09-29 10:12:27 - Epoch Summary: TrainLoss=1.1273 | TrainAcc=0.651 | Val(P3)=0.636 | Val(AVO)=0.702
2025-09-29 10:12:27 - No P3-val improvement; patience remaining: 3/50
2025-09-29 10:12:27 - Epoch 64/500 | LR=0.009613 | w_AVO=1.000 | w_P3=2.766 | lambda_MMD=0.300
2025-09-29 10:12:27 - Epoch Summary: TrainLoss=1.1471 | TrainAcc=0.663 | Val(P3)=0.606 | Val(AVO)=0.679
2025-09-29 10:12:27 - No P3-val improvement; patience remaining: 2/50
2025-09-29 10:12:27 - Epoch 65/500 | LR=0.009601 | w_AVO=1.000 | w_P3=2.766 | lambda_MMD=0.300
2025-09-29 10:12:27 - Epoch Summary: TrainLoss=1.1478 | TrainAcc=0.672 | Val(P3)=0.667 | Val(AVO)=0.679
2025-09-29 10:12:27 - No P3-val improvement; patience remaining: 1/50
2025-09-29 10:12:27 - Epoch 66/500 | LR=0.009589 | w_AVO=1.000 | w_P3=2.766 | lambda_MMD=0.300
2025-09-29 10:12:28 - Epoch Summary: TrainLoss=1.1480 | TrainAcc=0.658 | Val(P3)=0.606 | Val(AVO)=0.702
2025-09-29 10:12:28 - No P3-val improvement; patience remaining: 0/50
2025-09-29 10:12:28 - Early stopping triggered (P3-val)
2025-09-29 10:12:28 -     P3 Test | Acc=0.6250 P=0.6222 R=0.6364 F1=0.6292 AUC=0.6818 (n=88)
2025-09-29 10:12:28 -     AVO Test | Acc=0.6556 P=0.6366 R=0.7276 F1=0.6791 AUC=0.7065 (n=601)
2025-09-29 10:12:28 -     Overall Test Acc=0.6517
2025-09-29 10:12:28 - Repeat 3/5
2025-09-29 10:12:28 -   Fold 1/5
2025-09-29 10:12:28 - Fold domains: small=P3 (n=271), large=AVO (n=2142)
2025-09-29 10:12:28 - Auto adjustments (symmetric): w_small≈1.000, lambda_MMD_target=0.300, warmup_epochs=5
2025-09-29 10:12:28 - Epoch 1/500 | LR=0.010000 | w_AVO=1.000 | w_P3=1.362 | lambda_MMD=0.060
2025-09-29 10:12:28 - Epoch Summary: TrainLoss=1.9305 | TrainAcc=0.508 | Val(P3)=0.515 | Val(AVO)=0.593
2025-09-29 10:12:28 - New best P3-val; checkpoint updated
2025-09-29 10:12:28 - Epoch 2/500 | LR=0.010000 | w_AVO=1.000 | w_P3=1.725 | lambda_MMD=0.120
2025-09-29 10:12:28 - Epoch Summary: TrainLoss=1.8320 | TrainAcc=0.574 | Val(P3)=0.667 | Val(AVO)=0.593
2025-09-29 10:12:28 - New best P3-val; checkpoint updated
2025-09-29 10:12:28 - Epoch 3/500 | LR=0.010000 | w_AVO=1.000 | w_P3=2.087 | lambda_MMD=0.180
2025-09-29 10:12:28 - Epoch Summary: TrainLoss=1.9416 | TrainAcc=0.589 | Val(P3)=0.545 | Val(AVO)=0.532
2025-09-29 10:12:28 - No P3-val improvement; patience remaining: 49/50
2025-09-29 10:12:28 - Epoch 4/500 | LR=0.009999 | w_AVO=1.000 | w_P3=2.449 | lambda_MMD=0.240
2025-09-29 10:12:28 - Epoch Summary: TrainLoss=2.0457 | TrainAcc=0.603 | Val(P3)=0.697 | Val(AVO)=0.551
2025-09-29 10:12:28 - New best P3-val; checkpoint updated
2025-09-29 10:12:28 - Epoch 5/500 | LR=0.009998 | w_AVO=1.000 | w_P3=2.811 | lambda_MMD=0.300
2025-09-29 10:12:28 - Epoch Summary: TrainLoss=2.0831 | TrainAcc=0.605 | Val(P3)=0.636 | Val(AVO)=0.542
2025-09-29 10:12:28 - No P3-val improvement; patience remaining: 49/50
2025-09-29 10:12:28 - Epoch 6/500 | LR=0.009998 | w_AVO=1.000 | w_P3=2.811 | lambda_MMD=0.300
2025-09-29 10:12:28 - Epoch Summary: TrainLoss=2.0489 | TrainAcc=0.613 | Val(P3)=0.606 | Val(AVO)=0.532
2025-09-29 10:12:28 - No P3-val improvement; patience remaining: 48/50
2025-09-29 10:12:28 - P3 val decreasing 3x. Reducing w_small to 2.249, lambda_MMD to 0.150
2025-09-29 10:12:28 - AVO val decreasing 3x. Reducing lambda_MMD to 0.105
2025-09-29 10:12:28 - Epoch 7/500 | LR=0.009996 | w_AVO=1.000 | w_P3=2.249 | lambda_MMD=0.105
2025-09-29 10:12:28 - Epoch Summary: TrainLoss=1.6976 | TrainAcc=0.614 | Val(P3)=0.636 | Val(AVO)=0.587
2025-09-29 10:12:28 - No P3-val improvement; patience remaining: 47/50
2025-09-29 10:12:28 - Epoch 8/500 | LR=0.009995 | w_AVO=1.000 | w_P3=2.811 | lambda_MMD=0.300
2025-09-29 10:12:29 - Epoch Summary: TrainLoss=1.9133 | TrainAcc=0.625 | Val(P3)=0.636 | Val(AVO)=0.596
2025-09-29 10:12:29 - No P3-val improvement; patience remaining: 46/50
2025-09-29 10:12:29 - Epoch 9/500 | LR=0.009994 | w_AVO=1.000 | w_P3=2.811 | lambda_MMD=0.300
2025-09-29 10:12:29 - Epoch Summary: TrainLoss=1.9367 | TrainAcc=0.634 | Val(P3)=0.667 | Val(AVO)=0.599
2025-09-29 10:12:29 - No P3-val improvement; patience remaining: 45/50
2025-09-29 10:12:29 - Epoch 10/500 | LR=0.009992 | w_AVO=1.000 | w_P3=2.811 | lambda_MMD=0.300
2025-09-29 10:12:29 - Epoch Summary: TrainLoss=1.8769 | TrainAcc=0.637 | Val(P3)=0.667 | Val(AVO)=0.564
2025-09-29 10:12:29 - No P3-val improvement; patience remaining: 44/50
2025-09-29 10:12:29 - Epoch 11/500 | LR=0.009990 | w_AVO=1.000 | w_P3=2.811 | lambda_MMD=0.300
2025-09-29 10:12:29 - Epoch Summary: TrainLoss=1.8849 | TrainAcc=0.618 | Val(P3)=0.636 | Val(AVO)=0.567
2025-09-29 10:12:29 - No P3-val improvement; patience remaining: 43/50
2025-09-29 10:12:29 - Epoch 12/500 | LR=0.009988 | w_AVO=1.000 | w_P3=2.811 | lambda_MMD=0.300
2025-09-29 10:12:29 - Epoch Summary: TrainLoss=1.7321 | TrainAcc=0.628 | Val(P3)=0.636 | Val(AVO)=0.603
2025-09-29 10:12:29 - No P3-val improvement; patience remaining: 42/50
2025-09-29 10:12:29 - Epoch 13/500 | LR=0.009986 | w_AVO=1.000 | w_P3=2.811 | lambda_MMD=0.300
2025-09-29 10:12:29 - Epoch Summary: TrainLoss=1.7022 | TrainAcc=0.621 | Val(P3)=0.606 | Val(AVO)=0.577
2025-09-29 10:12:29 - No P3-val improvement; patience remaining: 41/50
2025-09-29 10:12:29 - Epoch 14/500 | LR=0.009983 | w_AVO=1.000 | w_P3=2.811 | lambda_MMD=0.300
2025-09-29 10:12:29 - Epoch Summary: TrainLoss=1.7261 | TrainAcc=0.627 | Val(P3)=0.667 | Val(AVO)=0.619
2025-09-29 10:12:29 - No P3-val improvement; patience remaining: 40/50
2025-09-29 10:12:29 - Epoch 15/500 | LR=0.009981 | w_AVO=1.000 | w_P3=2.811 | lambda_MMD=0.300
2025-09-29 10:12:29 - Epoch Summary: TrainLoss=1.6181 | TrainAcc=0.636 | Val(P3)=0.667 | Val(AVO)=0.641
2025-09-29 10:12:29 - No P3-val improvement; patience remaining: 39/50
2025-09-29 10:12:29 - Epoch 16/500 | LR=0.009978 | w_AVO=1.000 | w_P3=2.811 | lambda_MMD=0.300
2025-09-29 10:12:30 - Epoch Summary: TrainLoss=1.6185 | TrainAcc=0.625 | Val(P3)=0.576 | Val(AVO)=0.603
2025-09-29 10:12:30 - No P3-val improvement; patience remaining: 38/50
2025-09-29 10:12:30 - Epoch 17/500 | LR=0.009975 | w_AVO=1.000 | w_P3=2.811 | lambda_MMD=0.300
2025-09-29 10:12:30 - Epoch Summary: TrainLoss=1.6654 | TrainAcc=0.627 | Val(P3)=0.697 | Val(AVO)=0.577
2025-09-29 10:12:30 - No P3-val improvement; patience remaining: 37/50
2025-09-29 10:12:30 - AVO val decreasing 3x. Reducing lambda_MMD to 0.210
2025-09-29 10:12:30 - Epoch 18/500 | LR=0.009972 | w_AVO=1.000 | w_P3=2.811 | lambda_MMD=0.210
2025-09-29 10:12:30 - Epoch Summary: TrainLoss=1.5356 | TrainAcc=0.632 | Val(P3)=0.636 | Val(AVO)=0.625
2025-09-29 10:12:30 - No P3-val improvement; patience remaining: 36/50
2025-09-29 10:12:30 - Epoch 19/500 | LR=0.009968 | w_AVO=1.000 | w_P3=2.811 | lambda_MMD=0.300
2025-09-29 10:12:30 - Epoch Summary: TrainLoss=1.4956 | TrainAcc=0.632 | Val(P3)=0.667 | Val(AVO)=0.571
2025-09-29 10:12:30 - No P3-val improvement; patience remaining: 35/50
2025-09-29 10:12:30 - Epoch 20/500 | LR=0.009964 | w_AVO=1.000 | w_P3=2.811 | lambda_MMD=0.300
2025-09-29 10:12:30 - Epoch Summary: TrainLoss=1.5834 | TrainAcc=0.649 | Val(P3)=0.636 | Val(AVO)=0.603
2025-09-29 10:12:30 - No P3-val improvement; patience remaining: 34/50
2025-09-29 10:12:30 - Epoch 21/500 | LR=0.009961 | w_AVO=1.000 | w_P3=2.811 | lambda_MMD=0.300
2025-09-29 10:12:30 - Epoch Summary: TrainLoss=1.4673 | TrainAcc=0.642 | Val(P3)=0.606 | Val(AVO)=0.619
2025-09-29 10:12:30 - No P3-val improvement; patience remaining: 33/50
2025-09-29 10:12:30 - P3 val decreasing 3x. Reducing w_small to 2.249, lambda_MMD to 0.150
2025-09-29 10:12:30 - Epoch 22/500 | LR=0.009957 | w_AVO=1.000 | w_P3=2.249 | lambda_MMD=0.150
2025-09-29 10:12:30 - Epoch Summary: TrainLoss=1.3377 | TrainAcc=0.627 | Val(P3)=0.636 | Val(AVO)=0.628
2025-09-29 10:12:30 - No P3-val improvement; patience remaining: 32/50
2025-09-29 10:12:30 - Epoch 23/500 | LR=0.009952 | w_AVO=1.000 | w_P3=2.811 | lambda_MMD=0.300
2025-09-29 10:12:30 - Epoch Summary: TrainLoss=1.4658 | TrainAcc=0.635 | Val(P3)=0.606 | Val(AVO)=0.612
2025-09-29 10:12:30 - No P3-val improvement; patience remaining: 31/50
2025-09-29 10:12:30 - Epoch 24/500 | LR=0.009948 | w_AVO=1.000 | w_P3=2.811 | lambda_MMD=0.300
2025-09-29 10:12:30 - Epoch Summary: TrainLoss=1.5106 | TrainAcc=0.638 | Val(P3)=0.606 | Val(AVO)=0.615
2025-09-29 10:12:30 - No P3-val improvement; patience remaining: 30/50
2025-09-29 10:12:30 - Epoch 25/500 | LR=0.009943 | w_AVO=1.000 | w_P3=2.811 | lambda_MMD=0.300
2025-09-29 10:12:30 - Epoch Summary: TrainLoss=1.4535 | TrainAcc=0.624 | Val(P3)=0.636 | Val(AVO)=0.641
2025-09-29 10:12:30 - No P3-val improvement; patience remaining: 29/50
2025-09-29 10:12:30 - Epoch 26/500 | LR=0.009938 | w_AVO=1.000 | w_P3=2.811 | lambda_MMD=0.300
2025-09-29 10:12:31 - Epoch Summary: TrainLoss=1.4746 | TrainAcc=0.647 | Val(P3)=0.576 | Val(AVO)=0.612
2025-09-29 10:12:31 - No P3-val improvement; patience remaining: 28/50
2025-09-29 10:12:31 - Epoch 27/500 | LR=0.009933 | w_AVO=1.000 | w_P3=2.811 | lambda_MMD=0.300
2025-09-29 10:12:31 - Epoch Summary: TrainLoss=1.4215 | TrainAcc=0.628 | Val(P3)=0.667 | Val(AVO)=0.641
2025-09-29 10:12:31 - No P3-val improvement; patience remaining: 27/50
2025-09-29 10:12:31 - Epoch 28/500 | LR=0.009928 | w_AVO=1.000 | w_P3=2.811 | lambda_MMD=0.300
2025-09-29 10:12:31 - Epoch Summary: TrainLoss=1.3575 | TrainAcc=0.657 | Val(P3)=0.636 | Val(AVO)=0.606
2025-09-29 10:12:31 - No P3-val improvement; patience remaining: 26/50
2025-09-29 10:12:31 - Epoch 29/500 | LR=0.009923 | w_AVO=1.000 | w_P3=2.811 | lambda_MMD=0.300
2025-09-29 10:12:31 - Epoch Summary: TrainLoss=1.3360 | TrainAcc=0.651 | Val(P3)=0.636 | Val(AVO)=0.606
2025-09-29 10:12:31 - No P3-val improvement; patience remaining: 25/50
2025-09-29 10:12:31 - Epoch 30/500 | LR=0.009917 | w_AVO=1.000 | w_P3=2.811 | lambda_MMD=0.300
2025-09-29 10:12:31 - Epoch Summary: TrainLoss=1.3474 | TrainAcc=0.650 | Val(P3)=0.606 | Val(AVO)=0.622
2025-09-29 10:12:31 - No P3-val improvement; patience remaining: 24/50
2025-09-29 10:12:31 - Epoch 31/500 | LR=0.009911 | w_AVO=1.000 | w_P3=2.811 | lambda_MMD=0.300
2025-09-29 10:12:31 - Epoch Summary: TrainLoss=1.3862 | TrainAcc=0.651 | Val(P3)=0.636 | Val(AVO)=0.647
2025-09-29 10:12:31 - No P3-val improvement; patience remaining: 23/50
2025-09-29 10:12:31 - Epoch 32/500 | LR=0.009905 | w_AVO=1.000 | w_P3=2.811 | lambda_MMD=0.300
2025-09-29 10:12:31 - Epoch Summary: TrainLoss=1.3574 | TrainAcc=0.649 | Val(P3)=0.515 | Val(AVO)=0.625
2025-09-29 10:12:31 - No P3-val improvement; patience remaining: 22/50
2025-09-29 10:12:31 - Epoch 33/500 | LR=0.009899 | w_AVO=1.000 | w_P3=2.811 | lambda_MMD=0.300
2025-09-29 10:12:31 - Epoch Summary: TrainLoss=1.2780 | TrainAcc=0.647 | Val(P3)=0.667 | Val(AVO)=0.622
2025-09-29 10:12:31 - No P3-val improvement; patience remaining: 21/50
2025-09-29 10:12:31 - AVO val decreasing 3x. Reducing lambda_MMD to 0.210
2025-09-29 10:12:31 - Epoch 34/500 | LR=0.009893 | w_AVO=1.000 | w_P3=2.811 | lambda_MMD=0.210
2025-09-29 10:12:31 - Epoch Summary: TrainLoss=1.2984 | TrainAcc=0.647 | Val(P3)=0.667 | Val(AVO)=0.619
2025-09-29 10:12:31 - No P3-val improvement; patience remaining: 20/50
2025-09-29 10:12:31 - AVO val decreasing 3x. Reducing lambda_MMD to 0.210
2025-09-29 10:12:31 - Epoch 35/500 | LR=0.009886 | w_AVO=1.000 | w_P3=2.811 | lambda_MMD=0.210
2025-09-29 10:12:32 - Epoch Summary: TrainLoss=1.3213 | TrainAcc=0.647 | Val(P3)=0.667 | Val(AVO)=0.638
2025-09-29 10:12:32 - No P3-val improvement; patience remaining: 19/50
2025-09-29 10:12:32 - Epoch 36/500 | LR=0.009880 | w_AVO=1.000 | w_P3=2.811 | lambda_MMD=0.300
2025-09-29 10:12:32 - Epoch Summary: TrainLoss=1.3516 | TrainAcc=0.646 | Val(P3)=0.606 | Val(AVO)=0.599
2025-09-29 10:12:32 - No P3-val improvement; patience remaining: 18/50
2025-09-29 10:12:32 - Epoch 37/500 | LR=0.009873 | w_AVO=1.000 | w_P3=2.811 | lambda_MMD=0.300
2025-09-29 10:12:32 - Epoch Summary: TrainLoss=1.2898 | TrainAcc=0.657 | Val(P3)=0.636 | Val(AVO)=0.622
2025-09-29 10:12:32 - No P3-val improvement; patience remaining: 17/50
2025-09-29 10:12:32 - Epoch 38/500 | LR=0.009865 | w_AVO=1.000 | w_P3=2.811 | lambda_MMD=0.300
2025-09-29 10:12:32 - Epoch Summary: TrainLoss=1.3440 | TrainAcc=0.660 | Val(P3)=0.576 | Val(AVO)=0.635
2025-09-29 10:12:32 - No P3-val improvement; patience remaining: 16/50
2025-09-29 10:12:32 - Epoch 39/500 | LR=0.009858 | w_AVO=1.000 | w_P3=2.811 | lambda_MMD=0.300
2025-09-29 10:12:32 - Epoch Summary: TrainLoss=1.3601 | TrainAcc=0.646 | Val(P3)=0.606 | Val(AVO)=0.612
2025-09-29 10:12:32 - No P3-val improvement; patience remaining: 15/50
2025-09-29 10:12:32 - Epoch 40/500 | LR=0.009851 | w_AVO=1.000 | w_P3=2.811 | lambda_MMD=0.300
2025-09-29 10:12:32 - Epoch Summary: TrainLoss=1.2882 | TrainAcc=0.647 | Val(P3)=0.576 | Val(AVO)=0.619
2025-09-29 10:12:32 - No P3-val improvement; patience remaining: 14/50
2025-09-29 10:12:32 - Epoch 41/500 | LR=0.009843 | w_AVO=1.000 | w_P3=2.811 | lambda_MMD=0.300
2025-09-29 10:12:32 - Epoch Summary: TrainLoss=1.3402 | TrainAcc=0.653 | Val(P3)=0.606 | Val(AVO)=0.587
2025-09-29 10:12:32 - No P3-val improvement; patience remaining: 13/50
2025-09-29 10:12:32 - Epoch 42/500 | LR=0.009835 | w_AVO=1.000 | w_P3=2.811 | lambda_MMD=0.300
2025-09-29 10:12:32 - Epoch Summary: TrainLoss=1.2575 | TrainAcc=0.656 | Val(P3)=0.606 | Val(AVO)=0.583
2025-09-29 10:12:32 - No P3-val improvement; patience remaining: 12/50
2025-09-29 10:12:32 - AVO val decreasing 3x. Reducing lambda_MMD to 0.210
2025-09-29 10:12:32 - Epoch 43/500 | LR=0.009827 | w_AVO=1.000 | w_P3=2.811 | lambda_MMD=0.210
2025-09-29 10:12:32 - Epoch Summary: TrainLoss=1.2404 | TrainAcc=0.654 | Val(P3)=0.667 | Val(AVO)=0.654
2025-09-29 10:12:32 - No P3-val improvement; patience remaining: 11/50
2025-09-29 10:12:32 - Epoch 44/500 | LR=0.009819 | w_AVO=1.000 | w_P3=2.811 | lambda_MMD=0.300
2025-09-29 10:12:32 - Epoch Summary: TrainLoss=1.3275 | TrainAcc=0.648 | Val(P3)=0.636 | Val(AVO)=0.660
2025-09-29 10:12:32 - No P3-val improvement; patience remaining: 10/50
2025-09-29 10:12:32 - Epoch 45/500 | LR=0.009810 | w_AVO=1.000 | w_P3=2.811 | lambda_MMD=0.300
2025-09-29 10:12:33 - Epoch Summary: TrainLoss=1.2896 | TrainAcc=0.659 | Val(P3)=0.667 | Val(AVO)=0.609
2025-09-29 10:12:33 - No P3-val improvement; patience remaining: 9/50
2025-09-29 10:12:33 - Epoch 46/500 | LR=0.009801 | w_AVO=1.000 | w_P3=2.811 | lambda_MMD=0.300
2025-09-29 10:12:33 - Epoch Summary: TrainLoss=1.2639 | TrainAcc=0.655 | Val(P3)=0.576 | Val(AVO)=0.635
2025-09-29 10:12:33 - No P3-val improvement; patience remaining: 8/50
2025-09-29 10:12:33 - Epoch 47/500 | LR=0.009793 | w_AVO=1.000 | w_P3=2.811 | lambda_MMD=0.300
2025-09-29 10:12:33 - Epoch Summary: TrainLoss=1.2348 | TrainAcc=0.663 | Val(P3)=0.636 | Val(AVO)=0.622
2025-09-29 10:12:33 - No P3-val improvement; patience remaining: 7/50
2025-09-29 10:12:33 - Epoch 48/500 | LR=0.009784 | w_AVO=1.000 | w_P3=2.811 | lambda_MMD=0.300
2025-09-29 10:12:33 - Epoch Summary: TrainLoss=1.1825 | TrainAcc=0.667 | Val(P3)=0.606 | Val(AVO)=0.638
2025-09-29 10:12:33 - No P3-val improvement; patience remaining: 6/50
2025-09-29 10:12:33 - Epoch 49/500 | LR=0.009774 | w_AVO=1.000 | w_P3=2.811 | lambda_MMD=0.300
2025-09-29 10:12:33 - Epoch Summary: TrainLoss=1.2217 | TrainAcc=0.665 | Val(P3)=0.576 | Val(AVO)=0.641
2025-09-29 10:12:33 - No P3-val improvement; patience remaining: 5/50
2025-09-29 10:12:33 - P3 val decreasing 3x. Reducing w_small to 2.249, lambda_MMD to 0.150
2025-09-29 10:12:33 - Epoch 50/500 | LR=0.009765 | w_AVO=1.000 | w_P3=2.249 | lambda_MMD=0.150
2025-09-29 10:12:33 - Epoch Summary: TrainLoss=1.1568 | TrainAcc=0.648 | Val(P3)=0.636 | Val(AVO)=0.577
2025-09-29 10:12:33 - No P3-val improvement; patience remaining: 4/50
2025-09-29 10:12:33 - Epoch 51/500 | LR=0.009755 | w_AVO=1.000 | w_P3=2.811 | lambda_MMD=0.300
2025-09-29 10:12:33 - Epoch Summary: TrainLoss=1.2760 | TrainAcc=0.662 | Val(P3)=0.697 | Val(AVO)=0.654
2025-09-29 10:12:33 - No P3-val improvement; patience remaining: 3/50
2025-09-29 10:12:33 - Epoch 52/500 | LR=0.009745 | w_AVO=1.000 | w_P3=2.811 | lambda_MMD=0.300
2025-09-29 10:12:33 - Epoch Summary: TrainLoss=1.2719 | TrainAcc=0.651 | Val(P3)=0.636 | Val(AVO)=0.599
2025-09-29 10:12:33 - No P3-val improvement; patience remaining: 2/50
2025-09-29 10:12:33 - Epoch 53/500 | LR=0.009735 | w_AVO=1.000 | w_P3=2.811 | lambda_MMD=0.300
2025-09-29 10:12:34 - Epoch Summary: TrainLoss=1.1788 | TrainAcc=0.662 | Val(P3)=0.667 | Val(AVO)=0.622
2025-09-29 10:12:34 - No P3-val improvement; patience remaining: 1/50
2025-09-29 10:12:34 - Epoch 54/500 | LR=0.009725 | w_AVO=1.000 | w_P3=2.811 | lambda_MMD=0.300
2025-09-29 10:12:34 - Epoch Summary: TrainLoss=1.2648 | TrainAcc=0.662 | Val(P3)=0.606 | Val(AVO)=0.631
2025-09-29 10:12:34 - No P3-val improvement; patience remaining: 0/50
2025-09-29 10:12:34 - Early stopping triggered (P3-val)
2025-09-29 10:12:34 -     P3 Test | Acc=0.5521 P=0.5370 R=0.6170 F1=0.5743 AUC=0.6109 (n=96)
2025-09-29 10:12:34 -     AVO Test | Acc=0.6229 P=0.6164 R=0.6577 F1=0.6364 AUC=0.6772 (n=594)
2025-09-29 10:12:34 -     Overall Test Acc=0.6130
2025-09-29 10:12:34 -   Fold 2/5
2025-09-29 10:12:34 - Fold domains: small=P3 (n=279), large=AVO (n=2134)
2025-09-29 10:12:34 - Auto adjustments (symmetric): w_small≈1.000, lambda_MMD_target=0.300, warmup_epochs=5
2025-09-29 10:12:34 - Epoch 1/500 | LR=0.010000 | w_AVO=1.000 | w_P3=1.353 | lambda_MMD=0.060
2025-09-29 10:12:34 - Epoch Summary: TrainLoss=1.8468 | TrainAcc=0.545 | Val(P3)=0.576 | Val(AVO)=0.583
2025-09-29 10:12:34 - New best P3-val; checkpoint updated
2025-09-29 10:12:34 - Epoch 2/500 | LR=0.010000 | w_AVO=1.000 | w_P3=1.706 | lambda_MMD=0.120
2025-09-29 10:12:34 - Epoch Summary: TrainLoss=1.7812 | TrainAcc=0.553 | Val(P3)=0.576 | Val(AVO)=0.596
2025-09-29 10:12:34 - No P3-val improvement; patience remaining: 49/50
2025-09-29 10:12:34 - Epoch 3/500 | LR=0.010000 | w_AVO=1.000 | w_P3=2.059 | lambda_MMD=0.180
2025-09-29 10:12:34 - Epoch Summary: TrainLoss=1.8431 | TrainAcc=0.604 | Val(P3)=0.727 | Val(AVO)=0.603
2025-09-29 10:12:34 - New best P3-val; checkpoint updated
2025-09-29 10:12:34 - Epoch 4/500 | LR=0.009999 | w_AVO=1.000 | w_P3=2.413 | lambda_MMD=0.240
2025-09-29 10:12:34 - Epoch Summary: TrainLoss=1.9229 | TrainAcc=0.597 | Val(P3)=0.545 | Val(AVO)=0.583
2025-09-29 10:12:34 - No P3-val improvement; patience remaining: 49/50
2025-09-29 10:12:34 - Epoch 5/500 | LR=0.009998 | w_AVO=1.000 | w_P3=2.766 | lambda_MMD=0.300
2025-09-29 10:12:34 - Epoch Summary: TrainLoss=2.0006 | TrainAcc=0.588 | Val(P3)=0.606 | Val(AVO)=0.647
2025-09-29 10:12:34 - No P3-val improvement; patience remaining: 48/50
2025-09-29 10:12:34 - Epoch 6/500 | LR=0.009998 | w_AVO=1.000 | w_P3=2.766 | lambda_MMD=0.300
2025-09-29 10:12:35 - Epoch Summary: TrainLoss=1.9736 | TrainAcc=0.619 | Val(P3)=0.606 | Val(AVO)=0.615
2025-09-29 10:12:35 - No P3-val improvement; patience remaining: 47/50
2025-09-29 10:12:35 - Epoch 7/500 | LR=0.009996 | w_AVO=1.000 | w_P3=2.766 | lambda_MMD=0.300
2025-09-29 10:12:35 - Epoch Summary: TrainLoss=1.8446 | TrainAcc=0.604 | Val(P3)=0.636 | Val(AVO)=0.606
2025-09-29 10:12:35 - No P3-val improvement; patience remaining: 46/50
2025-09-29 10:12:35 - AVO val decreasing 3x. Reducing lambda_MMD to 0.210
2025-09-29 10:12:35 - Epoch 8/500 | LR=0.009995 | w_AVO=1.000 | w_P3=2.766 | lambda_MMD=0.210
2025-09-29 10:12:35 - Epoch Summary: TrainLoss=1.7952 | TrainAcc=0.602 | Val(P3)=0.667 | Val(AVO)=0.587
2025-09-29 10:12:35 - No P3-val improvement; patience remaining: 45/50
2025-09-29 10:12:35 - AVO val decreasing 3x. Reducing lambda_MMD to 0.210
2025-09-29 10:12:35 - Epoch 9/500 | LR=0.009994 | w_AVO=1.000 | w_P3=2.766 | lambda_MMD=0.210
2025-09-29 10:12:35 - Epoch Summary: TrainLoss=1.7619 | TrainAcc=0.614 | Val(P3)=0.636 | Val(AVO)=0.647
2025-09-29 10:12:35 - No P3-val improvement; patience remaining: 44/50
2025-09-29 10:12:35 - Epoch 10/500 | LR=0.009992 | w_AVO=1.000 | w_P3=2.766 | lambda_MMD=0.300
2025-09-29 10:12:35 - Epoch Summary: TrainLoss=1.7507 | TrainAcc=0.619 | Val(P3)=0.636 | Val(AVO)=0.631
2025-09-29 10:12:35 - No P3-val improvement; patience remaining: 43/50
2025-09-29 10:12:35 - Epoch 11/500 | LR=0.009990 | w_AVO=1.000 | w_P3=2.766 | lambda_MMD=0.300
2025-09-29 10:12:35 - Epoch Summary: TrainLoss=1.7568 | TrainAcc=0.621 | Val(P3)=0.606 | Val(AVO)=0.631
2025-09-29 10:12:35 - No P3-val improvement; patience remaining: 42/50
2025-09-29 10:12:35 - Epoch 12/500 | LR=0.009988 | w_AVO=1.000 | w_P3=2.766 | lambda_MMD=0.300
2025-09-29 10:12:35 - Epoch Summary: TrainLoss=1.6954 | TrainAcc=0.618 | Val(P3)=0.667 | Val(AVO)=0.641
2025-09-29 10:12:35 - No P3-val improvement; patience remaining: 41/50
2025-09-29 10:12:35 - Epoch 13/500 | LR=0.009986 | w_AVO=1.000 | w_P3=2.766 | lambda_MMD=0.300
2025-09-29 10:12:36 - Epoch Summary: TrainLoss=1.6237 | TrainAcc=0.620 | Val(P3)=0.545 | Val(AVO)=0.641
2025-09-29 10:12:36 - No P3-val improvement; patience remaining: 40/50
2025-09-29 10:12:36 - Epoch 14/500 | LR=0.009983 | w_AVO=1.000 | w_P3=2.766 | lambda_MMD=0.300
2025-09-29 10:12:36 - Epoch Summary: TrainLoss=1.6238 | TrainAcc=0.626 | Val(P3)=0.576 | Val(AVO)=0.644
2025-09-29 10:12:36 - No P3-val improvement; patience remaining: 39/50
2025-09-29 10:12:36 - Epoch 15/500 | LR=0.009981 | w_AVO=1.000 | w_P3=2.766 | lambda_MMD=0.300
2025-09-29 10:12:36 - Epoch Summary: TrainLoss=1.5510 | TrainAcc=0.603 | Val(P3)=0.697 | Val(AVO)=0.609
2025-09-29 10:12:36 - No P3-val improvement; patience remaining: 38/50
2025-09-29 10:12:36 - Epoch 16/500 | LR=0.009978 | w_AVO=1.000 | w_P3=2.766 | lambda_MMD=0.300
2025-09-29 10:12:36 - Epoch Summary: TrainLoss=1.5305 | TrainAcc=0.626 | Val(P3)=0.667 | Val(AVO)=0.657
2025-09-29 10:12:36 - No P3-val improvement; patience remaining: 37/50
2025-09-29 10:12:36 - Epoch 17/500 | LR=0.009975 | w_AVO=1.000 | w_P3=2.766 | lambda_MMD=0.300
2025-09-29 10:12:36 - Epoch Summary: TrainLoss=1.5544 | TrainAcc=0.606 | Val(P3)=0.697 | Val(AVO)=0.635
2025-09-29 10:12:36 - No P3-val improvement; patience remaining: 36/50
2025-09-29 10:12:36 - Epoch 18/500 | LR=0.009972 | w_AVO=1.000 | w_P3=2.766 | lambda_MMD=0.300
2025-09-29 10:12:36 - Epoch Summary: TrainLoss=1.5017 | TrainAcc=0.624 | Val(P3)=0.606 | Val(AVO)=0.641
2025-09-29 10:12:36 - No P3-val improvement; patience remaining: 35/50
2025-09-29 10:12:36 - Epoch 19/500 | LR=0.009968 | w_AVO=1.000 | w_P3=2.766 | lambda_MMD=0.300
2025-09-29 10:12:36 - Epoch Summary: TrainLoss=1.4943 | TrainAcc=0.624 | Val(P3)=0.667 | Val(AVO)=0.644
2025-09-29 10:12:36 - No P3-val improvement; patience remaining: 34/50
2025-09-29 10:12:36 - Epoch 20/500 | LR=0.009964 | w_AVO=1.000 | w_P3=2.766 | lambda_MMD=0.300
2025-09-29 10:12:37 - Epoch Summary: TrainLoss=1.3979 | TrainAcc=0.634 | Val(P3)=0.727 | Val(AVO)=0.651
2025-09-29 10:12:37 - No P3-val improvement; patience remaining: 33/50
2025-09-29 10:12:37 - Epoch 21/500 | LR=0.009961 | w_AVO=1.000 | w_P3=2.766 | lambda_MMD=0.300
2025-09-29 10:12:37 - Epoch Summary: TrainLoss=1.4884 | TrainAcc=0.625 | Val(P3)=0.667 | Val(AVO)=0.660
2025-09-29 10:12:37 - No P3-val improvement; patience remaining: 32/50
2025-09-29 10:12:37 - Epoch 22/500 | LR=0.009957 | w_AVO=1.000 | w_P3=2.766 | lambda_MMD=0.300
2025-09-29 10:12:37 - Epoch Summary: TrainLoss=1.4309 | TrainAcc=0.625 | Val(P3)=0.636 | Val(AVO)=0.654
2025-09-29 10:12:37 - No P3-val improvement; patience remaining: 31/50
2025-09-29 10:12:37 - P3 val decreasing 3x. Reducing w_small to 2.213, lambda_MMD to 0.150
2025-09-29 10:12:37 - Epoch 23/500 | LR=0.009952 | w_AVO=1.000 | w_P3=2.213 | lambda_MMD=0.150
2025-09-29 10:12:37 - Epoch Summary: TrainLoss=1.3473 | TrainAcc=0.615 | Val(P3)=0.667 | Val(AVO)=0.673
2025-09-29 10:12:37 - No P3-val improvement; patience remaining: 30/50
2025-09-29 10:12:37 - Epoch 24/500 | LR=0.009948 | w_AVO=1.000 | w_P3=2.766 | lambda_MMD=0.300
2025-09-29 10:12:37 - Epoch Summary: TrainLoss=1.4456 | TrainAcc=0.630 | Val(P3)=0.697 | Val(AVO)=0.651
2025-09-29 10:12:37 - No P3-val improvement; patience remaining: 29/50
2025-09-29 10:12:37 - Epoch 25/500 | LR=0.009943 | w_AVO=1.000 | w_P3=2.766 | lambda_MMD=0.300
2025-09-29 10:12:37 - Epoch Summary: TrainLoss=1.3761 | TrainAcc=0.644 | Val(P3)=0.667 | Val(AVO)=0.638
2025-09-29 10:12:37 - No P3-val improvement; patience remaining: 28/50
2025-09-29 10:12:37 - AVO val decreasing 3x. Reducing lambda_MMD to 0.210
2025-09-29 10:12:37 - Epoch 26/500 | LR=0.009938 | w_AVO=1.000 | w_P3=2.766 | lambda_MMD=0.210
2025-09-29 10:12:37 - Epoch Summary: TrainLoss=1.4086 | TrainAcc=0.625 | Val(P3)=0.667 | Val(AVO)=0.660
2025-09-29 10:12:37 - No P3-val improvement; patience remaining: 27/50
2025-09-29 10:12:37 - Epoch 27/500 | LR=0.009933 | w_AVO=1.000 | w_P3=2.766 | lambda_MMD=0.300
2025-09-29 10:12:37 - Epoch Summary: TrainLoss=1.3708 | TrainAcc=0.614 | Val(P3)=0.667 | Val(AVO)=0.647
2025-09-29 10:12:37 - No P3-val improvement; patience remaining: 26/50
2025-09-29 10:12:37 - Epoch 28/500 | LR=0.009928 | w_AVO=1.000 | w_P3=2.766 | lambda_MMD=0.300
2025-09-29 10:12:38 - Epoch Summary: TrainLoss=1.4186 | TrainAcc=0.627 | Val(P3)=0.636 | Val(AVO)=0.670
2025-09-29 10:12:38 - No P3-val improvement; patience remaining: 25/50
2025-09-29 10:12:38 - Epoch 29/500 | LR=0.009923 | w_AVO=1.000 | w_P3=2.766 | lambda_MMD=0.300
2025-09-29 10:12:38 - Epoch Summary: TrainLoss=1.3219 | TrainAcc=0.634 | Val(P3)=0.667 | Val(AVO)=0.663
2025-09-29 10:12:38 - No P3-val improvement; patience remaining: 24/50
2025-09-29 10:12:38 - Epoch 30/500 | LR=0.009917 | w_AVO=1.000 | w_P3=2.766 | lambda_MMD=0.300
2025-09-29 10:12:38 - Epoch Summary: TrainLoss=1.4277 | TrainAcc=0.631 | Val(P3)=0.667 | Val(AVO)=0.663
2025-09-29 10:12:38 - No P3-val improvement; patience remaining: 23/50
2025-09-29 10:12:38 - Epoch 31/500 | LR=0.009911 | w_AVO=1.000 | w_P3=2.766 | lambda_MMD=0.300
2025-09-29 10:12:38 - Epoch Summary: TrainLoss=1.3294 | TrainAcc=0.634 | Val(P3)=0.697 | Val(AVO)=0.631
2025-09-29 10:12:38 - No P3-val improvement; patience remaining: 22/50
2025-09-29 10:12:38 - Epoch 32/500 | LR=0.009905 | w_AVO=1.000 | w_P3=2.766 | lambda_MMD=0.300
2025-09-29 10:12:38 - Epoch Summary: TrainLoss=1.3254 | TrainAcc=0.633 | Val(P3)=0.697 | Val(AVO)=0.670
2025-09-29 10:12:38 - No P3-val improvement; patience remaining: 21/50
2025-09-29 10:12:38 - Epoch 33/500 | LR=0.009899 | w_AVO=1.000 | w_P3=2.766 | lambda_MMD=0.300
2025-09-29 10:12:38 - Epoch Summary: TrainLoss=1.3020 | TrainAcc=0.614 | Val(P3)=0.727 | Val(AVO)=0.635
2025-09-29 10:12:38 - No P3-val improvement; patience remaining: 20/50
2025-09-29 10:12:38 - Epoch 34/500 | LR=0.009893 | w_AVO=1.000 | w_P3=2.766 | lambda_MMD=0.300
2025-09-29 10:12:38 - Epoch Summary: TrainLoss=1.3475 | TrainAcc=0.636 | Val(P3)=0.636 | Val(AVO)=0.660
2025-09-29 10:12:38 - No P3-val improvement; patience remaining: 19/50
2025-09-29 10:12:38 - Epoch 35/500 | LR=0.009886 | w_AVO=1.000 | w_P3=2.766 | lambda_MMD=0.300
2025-09-29 10:12:38 - Epoch Summary: TrainLoss=1.2622 | TrainAcc=0.658 | Val(P3)=0.697 | Val(AVO)=0.625
2025-09-29 10:12:38 - No P3-val improvement; patience remaining: 18/50
2025-09-29 10:12:38 - Epoch 36/500 | LR=0.009880 | w_AVO=1.000 | w_P3=2.766 | lambda_MMD=0.300
2025-09-29 10:12:38 - Epoch Summary: TrainLoss=1.3119 | TrainAcc=0.646 | Val(P3)=0.667 | Val(AVO)=0.619
2025-09-29 10:12:38 - No P3-val improvement; patience remaining: 17/50
2025-09-29 10:12:38 - AVO val decreasing 3x. Reducing lambda_MMD to 0.210
2025-09-29 10:12:38 - Epoch 37/500 | LR=0.009873 | w_AVO=1.000 | w_P3=2.766 | lambda_MMD=0.210
2025-09-29 10:12:38 - Epoch Summary: TrainLoss=1.2382 | TrainAcc=0.646 | Val(P3)=0.636 | Val(AVO)=0.673
2025-09-29 10:12:38 - No P3-val improvement; patience remaining: 16/50
2025-09-29 10:12:38 - P3 val decreasing 3x. Reducing w_small to 2.213, lambda_MMD to 0.150
2025-09-29 10:12:38 - Epoch 38/500 | LR=0.009865 | w_AVO=1.000 | w_P3=2.213 | lambda_MMD=0.150
2025-09-29 10:12:38 - Epoch Summary: TrainLoss=1.2065 | TrainAcc=0.649 | Val(P3)=0.727 | Val(AVO)=0.651
2025-09-29 10:12:38 - No P3-val improvement; patience remaining: 15/50
2025-09-29 10:12:38 - Epoch 39/500 | LR=0.009858 | w_AVO=1.000 | w_P3=2.766 | lambda_MMD=0.300
2025-09-29 10:12:39 - Epoch Summary: TrainLoss=1.2979 | TrainAcc=0.643 | Val(P3)=0.636 | Val(AVO)=0.615
2025-09-29 10:12:39 - No P3-val improvement; patience remaining: 14/50
2025-09-29 10:12:39 - AVO val decreasing 3x. Reducing lambda_MMD to 0.210
2025-09-29 10:12:39 - Epoch 40/500 | LR=0.009851 | w_AVO=1.000 | w_P3=2.766 | lambda_MMD=0.210
2025-09-29 10:12:39 - Epoch Summary: TrainLoss=1.3179 | TrainAcc=0.649 | Val(P3)=0.667 | Val(AVO)=0.654
2025-09-29 10:12:39 - No P3-val improvement; patience remaining: 13/50
2025-09-29 10:12:39 - Epoch 41/500 | LR=0.009843 | w_AVO=1.000 | w_P3=2.766 | lambda_MMD=0.300
2025-09-29 10:12:39 - Epoch Summary: TrainLoss=1.3269 | TrainAcc=0.638 | Val(P3)=0.758 | Val(AVO)=0.670
2025-09-29 10:12:39 - New best P3-val; checkpoint updated
2025-09-29 10:12:39 - Epoch 42/500 | LR=0.009835 | w_AVO=1.000 | w_P3=2.766 | lambda_MMD=0.300
2025-09-29 10:12:39 - Epoch Summary: TrainLoss=1.2598 | TrainAcc=0.643 | Val(P3)=0.636 | Val(AVO)=0.673
2025-09-29 10:12:39 - No P3-val improvement; patience remaining: 49/50
2025-09-29 10:12:39 - Epoch 43/500 | LR=0.009827 | w_AVO=1.000 | w_P3=2.766 | lambda_MMD=0.300
2025-09-29 10:12:39 - Epoch Summary: TrainLoss=1.2552 | TrainAcc=0.619 | Val(P3)=0.667 | Val(AVO)=0.638
2025-09-29 10:12:39 - No P3-val improvement; patience remaining: 48/50
2025-09-29 10:12:39 - Epoch 44/500 | LR=0.009819 | w_AVO=1.000 | w_P3=2.766 | lambda_MMD=0.300
2025-09-29 10:12:39 - Epoch Summary: TrainLoss=1.2661 | TrainAcc=0.631 | Val(P3)=0.606 | Val(AVO)=0.657
2025-09-29 10:12:39 - No P3-val improvement; patience remaining: 47/50
2025-09-29 10:12:39 - Epoch 45/500 | LR=0.009810 | w_AVO=1.000 | w_P3=2.766 | lambda_MMD=0.300
2025-09-29 10:12:39 - Epoch Summary: TrainLoss=1.2371 | TrainAcc=0.648 | Val(P3)=0.667 | Val(AVO)=0.641
2025-09-29 10:12:39 - No P3-val improvement; patience remaining: 46/50
2025-09-29 10:12:39 - Epoch 46/500 | LR=0.009801 | w_AVO=1.000 | w_P3=2.766 | lambda_MMD=0.300
2025-09-29 10:12:39 - Epoch Summary: TrainLoss=1.1906 | TrainAcc=0.648 | Val(P3)=0.727 | Val(AVO)=0.673
2025-09-29 10:12:39 - No P3-val improvement; patience remaining: 45/50
2025-09-29 10:12:39 - Epoch 47/500 | LR=0.009793 | w_AVO=1.000 | w_P3=2.766 | lambda_MMD=0.300
2025-09-29 10:12:39 - Epoch Summary: TrainLoss=1.2092 | TrainAcc=0.634 | Val(P3)=0.697 | Val(AVO)=0.660
2025-09-29 10:12:39 - No P3-val improvement; patience remaining: 44/50
2025-09-29 10:12:39 - Epoch 48/500 | LR=0.009784 | w_AVO=1.000 | w_P3=2.766 | lambda_MMD=0.300
2025-09-29 10:12:39 - Epoch Summary: TrainLoss=1.2359 | TrainAcc=0.634 | Val(P3)=0.697 | Val(AVO)=0.660
2025-09-29 10:12:39 - No P3-val improvement; patience remaining: 43/50
2025-09-29 10:12:39 - Epoch 49/500 | LR=0.009774 | w_AVO=1.000 | w_P3=2.766 | lambda_MMD=0.300
2025-09-29 10:12:40 - Epoch Summary: TrainLoss=1.1841 | TrainAcc=0.634 | Val(P3)=0.667 | Val(AVO)=0.657
2025-09-29 10:12:40 - No P3-val improvement; patience remaining: 42/50
2025-09-29 10:12:40 - Epoch 50/500 | LR=0.009765 | w_AVO=1.000 | w_P3=2.766 | lambda_MMD=0.300
2025-09-29 10:12:40 - Epoch Summary: TrainLoss=1.2572 | TrainAcc=0.645 | Val(P3)=0.727 | Val(AVO)=0.667
2025-09-29 10:12:40 - No P3-val improvement; patience remaining: 41/50
2025-09-29 10:12:40 - Epoch 51/500 | LR=0.009755 | w_AVO=1.000 | w_P3=2.766 | lambda_MMD=0.300
2025-09-29 10:12:40 - Epoch Summary: TrainLoss=1.3053 | TrainAcc=0.629 | Val(P3)=0.697 | Val(AVO)=0.660
2025-09-29 10:12:40 - No P3-val improvement; patience remaining: 40/50
2025-09-29 10:12:40 - Epoch 52/500 | LR=0.009745 | w_AVO=1.000 | w_P3=2.766 | lambda_MMD=0.300
2025-09-29 10:12:40 - Epoch Summary: TrainLoss=1.2004 | TrainAcc=0.642 | Val(P3)=0.697 | Val(AVO)=0.654
2025-09-29 10:12:40 - No P3-val improvement; patience remaining: 39/50
2025-09-29 10:12:40 - AVO val decreasing 3x. Reducing lambda_MMD to 0.210
2025-09-29 10:12:40 - Epoch 53/500 | LR=0.009735 | w_AVO=1.000 | w_P3=2.766 | lambda_MMD=0.210
2025-09-29 10:12:40 - Epoch Summary: TrainLoss=1.2057 | TrainAcc=0.648 | Val(P3)=0.727 | Val(AVO)=0.676
2025-09-29 10:12:40 - No P3-val improvement; patience remaining: 38/50
2025-09-29 10:12:40 - Epoch 54/500 | LR=0.009725 | w_AVO=1.000 | w_P3=2.766 | lambda_MMD=0.300
2025-09-29 10:12:40 - Epoch Summary: TrainLoss=1.2033 | TrainAcc=0.647 | Val(P3)=0.758 | Val(AVO)=0.673
2025-09-29 10:12:40 - No P3-val improvement; patience remaining: 37/50
2025-09-29 10:12:40 - Epoch 55/500 | LR=0.009715 | w_AVO=1.000 | w_P3=2.766 | lambda_MMD=0.300
2025-09-29 10:12:40 - Epoch Summary: TrainLoss=1.2459 | TrainAcc=0.642 | Val(P3)=0.697 | Val(AVO)=0.670
2025-09-29 10:12:40 - No P3-val improvement; patience remaining: 36/50
2025-09-29 10:12:40 - AVO val decreasing 3x. Reducing lambda_MMD to 0.210
2025-09-29 10:12:40 - Epoch 56/500 | LR=0.009704 | w_AVO=1.000 | w_P3=2.766 | lambda_MMD=0.210
2025-09-29 10:12:41 - Epoch Summary: TrainLoss=1.1852 | TrainAcc=0.660 | Val(P3)=0.697 | Val(AVO)=0.660
2025-09-29 10:12:41 - No P3-val improvement; patience remaining: 35/50
2025-09-29 10:12:41 - AVO val decreasing 3x. Reducing lambda_MMD to 0.210
2025-09-29 10:12:41 - Epoch 57/500 | LR=0.009694 | w_AVO=1.000 | w_P3=2.766 | lambda_MMD=0.210
2025-09-29 10:12:41 - Epoch Summary: TrainLoss=1.1450 | TrainAcc=0.660 | Val(P3)=0.727 | Val(AVO)=0.663
2025-09-29 10:12:41 - No P3-val improvement; patience remaining: 34/50
2025-09-29 10:12:41 - Epoch 58/500 | LR=0.009683 | w_AVO=1.000 | w_P3=2.766 | lambda_MMD=0.300
2025-09-29 10:12:41 - Epoch Summary: TrainLoss=1.2303 | TrainAcc=0.644 | Val(P3)=0.758 | Val(AVO)=0.670
2025-09-29 10:12:41 - No P3-val improvement; patience remaining: 33/50
2025-09-29 10:12:41 - Epoch 59/500 | LR=0.009672 | w_AVO=1.000 | w_P3=2.766 | lambda_MMD=0.300
2025-09-29 10:12:41 - Epoch Summary: TrainLoss=1.2570 | TrainAcc=0.644 | Val(P3)=0.697 | Val(AVO)=0.676
2025-09-29 10:12:41 - No P3-val improvement; patience remaining: 32/50
2025-09-29 10:12:41 - Epoch 60/500 | LR=0.009660 | w_AVO=1.000 | w_P3=2.766 | lambda_MMD=0.300
2025-09-29 10:12:41 - Epoch Summary: TrainLoss=1.1572 | TrainAcc=0.642 | Val(P3)=0.727 | Val(AVO)=0.663
2025-09-29 10:12:41 - No P3-val improvement; patience remaining: 31/50
2025-09-29 10:12:41 - Epoch 61/500 | LR=0.009649 | w_AVO=1.000 | w_P3=2.766 | lambda_MMD=0.300
2025-09-29 10:12:41 - Epoch Summary: TrainLoss=1.1409 | TrainAcc=0.652 | Val(P3)=0.697 | Val(AVO)=0.654
2025-09-29 10:12:41 - No P3-val improvement; patience remaining: 30/50
2025-09-29 10:12:41 - AVO val decreasing 3x. Reducing lambda_MMD to 0.210
2025-09-29 10:12:41 - Epoch 62/500 | LR=0.009637 | w_AVO=1.000 | w_P3=2.766 | lambda_MMD=0.210
2025-09-29 10:12:41 - Epoch Summary: TrainLoss=1.2291 | TrainAcc=0.642 | Val(P3)=0.667 | Val(AVO)=0.667
2025-09-29 10:12:41 - No P3-val improvement; patience remaining: 29/50
2025-09-29 10:12:41 - P3 val decreasing 3x. Reducing w_small to 2.213, lambda_MMD to 0.150
2025-09-29 10:12:41 - Epoch 63/500 | LR=0.009625 | w_AVO=1.000 | w_P3=2.213 | lambda_MMD=0.150
2025-09-29 10:12:42 - Epoch Summary: TrainLoss=1.0695 | TrainAcc=0.657 | Val(P3)=0.697 | Val(AVO)=0.686
2025-09-29 10:12:42 - No P3-val improvement; patience remaining: 28/50
2025-09-29 10:12:42 - Epoch 64/500 | LR=0.009613 | w_AVO=1.000 | w_P3=2.766 | lambda_MMD=0.300
2025-09-29 10:12:42 - Epoch Summary: TrainLoss=1.1417 | TrainAcc=0.651 | Val(P3)=0.697 | Val(AVO)=0.676
2025-09-29 10:12:42 - No P3-val improvement; patience remaining: 27/50
2025-09-29 10:12:42 - Epoch 65/500 | LR=0.009601 | w_AVO=1.000 | w_P3=2.766 | lambda_MMD=0.300
2025-09-29 10:12:42 - Epoch Summary: TrainLoss=1.1516 | TrainAcc=0.655 | Val(P3)=0.697 | Val(AVO)=0.679
2025-09-29 10:12:42 - No P3-val improvement; patience remaining: 26/50
2025-09-29 10:12:42 - Epoch 66/500 | LR=0.009589 | w_AVO=1.000 | w_P3=2.766 | lambda_MMD=0.300
2025-09-29 10:12:42 - Epoch Summary: TrainLoss=1.1601 | TrainAcc=0.660 | Val(P3)=0.727 | Val(AVO)=0.663
2025-09-29 10:12:42 - No P3-val improvement; patience remaining: 25/50
2025-09-29 10:12:42 - Epoch 67/500 | LR=0.009576 | w_AVO=1.000 | w_P3=2.766 | lambda_MMD=0.300
2025-09-29 10:12:42 - Epoch Summary: TrainLoss=1.1626 | TrainAcc=0.659 | Val(P3)=0.727 | Val(AVO)=0.660
2025-09-29 10:12:42 - No P3-val improvement; patience remaining: 24/50
2025-09-29 10:12:42 - AVO val decreasing 3x. Reducing lambda_MMD to 0.210
2025-09-29 10:12:42 - Epoch 68/500 | LR=0.009563 | w_AVO=1.000 | w_P3=2.766 | lambda_MMD=0.210
2025-09-29 10:12:42 - Epoch Summary: TrainLoss=1.1616 | TrainAcc=0.649 | Val(P3)=0.697 | Val(AVO)=0.660
2025-09-29 10:12:42 - No P3-val improvement; patience remaining: 23/50
2025-09-29 10:12:42 - Epoch 69/500 | LR=0.009551 | w_AVO=1.000 | w_P3=2.766 | lambda_MMD=0.300
2025-09-29 10:12:42 - Epoch Summary: TrainLoss=1.2057 | TrainAcc=0.660 | Val(P3)=0.727 | Val(AVO)=0.654
2025-09-29 10:12:42 - No P3-val improvement; patience remaining: 22/50
2025-09-29 10:12:42 - Epoch 70/500 | LR=0.009537 | w_AVO=1.000 | w_P3=2.766 | lambda_MMD=0.300
2025-09-29 10:12:43 - Epoch Summary: TrainLoss=1.1398 | TrainAcc=0.670 | Val(P3)=0.727 | Val(AVO)=0.667
2025-09-29 10:12:43 - No P3-val improvement; patience remaining: 21/50
2025-09-29 10:12:43 - Epoch 71/500 | LR=0.009524 | w_AVO=1.000 | w_P3=2.766 | lambda_MMD=0.300
2025-09-29 10:12:43 - Epoch Summary: TrainLoss=1.1319 | TrainAcc=0.655 | Val(P3)=0.727 | Val(AVO)=0.670
2025-09-29 10:12:43 - No P3-val improvement; patience remaining: 20/50
2025-09-29 10:12:43 - Epoch 72/500 | LR=0.009511 | w_AVO=1.000 | w_P3=2.766 | lambda_MMD=0.300
2025-09-29 10:12:43 - Epoch Summary: TrainLoss=1.1788 | TrainAcc=0.659 | Val(P3)=0.667 | Val(AVO)=0.651
2025-09-29 10:12:43 - No P3-val improvement; patience remaining: 19/50
2025-09-29 10:12:43 - Epoch 73/500 | LR=0.009497 | w_AVO=1.000 | w_P3=2.766 | lambda_MMD=0.300
2025-09-29 10:12:43 - Epoch Summary: TrainLoss=1.1138 | TrainAcc=0.668 | Val(P3)=0.697 | Val(AVO)=0.667
2025-09-29 10:12:43 - No P3-val improvement; patience remaining: 18/50
2025-09-29 10:12:43 - Epoch 74/500 | LR=0.009483 | w_AVO=1.000 | w_P3=2.766 | lambda_MMD=0.300
2025-09-29 10:12:43 - Epoch Summary: TrainLoss=1.1243 | TrainAcc=0.661 | Val(P3)=0.697 | Val(AVO)=0.673
2025-09-29 10:12:43 - No P3-val improvement; patience remaining: 17/50
2025-09-29 10:12:43 - Epoch 75/500 | LR=0.009469 | w_AVO=1.000 | w_P3=2.766 | lambda_MMD=0.300
2025-09-29 10:12:43 - Epoch Summary: TrainLoss=1.1586 | TrainAcc=0.662 | Val(P3)=0.727 | Val(AVO)=0.660
2025-09-29 10:12:43 - No P3-val improvement; patience remaining: 16/50
2025-09-29 10:12:43 - Epoch 76/500 | LR=0.009455 | w_AVO=1.000 | w_P3=2.766 | lambda_MMD=0.300
2025-09-29 10:12:43 - Epoch Summary: TrainLoss=1.1499 | TrainAcc=0.649 | Val(P3)=0.667 | Val(AVO)=0.670
2025-09-29 10:12:43 - No P3-val improvement; patience remaining: 15/50
2025-09-29 10:12:43 - Epoch 77/500 | LR=0.009441 | w_AVO=1.000 | w_P3=2.766 | lambda_MMD=0.300
2025-09-29 10:12:44 - Epoch Summary: TrainLoss=1.2214 | TrainAcc=0.657 | Val(P3)=0.667 | Val(AVO)=0.644
2025-09-29 10:12:44 - No P3-val improvement; patience remaining: 14/50
2025-09-29 10:12:44 - Epoch 78/500 | LR=0.009426 | w_AVO=1.000 | w_P3=2.766 | lambda_MMD=0.300
2025-09-29 10:12:44 - Epoch Summary: TrainLoss=1.1342 | TrainAcc=0.648 | Val(P3)=0.667 | Val(AVO)=0.683
2025-09-29 10:12:44 - No P3-val improvement; patience remaining: 13/50
2025-09-29 10:12:44 - Epoch 79/500 | LR=0.009411 | w_AVO=1.000 | w_P3=2.766 | lambda_MMD=0.300
2025-09-29 10:12:44 - Epoch Summary: TrainLoss=1.1034 | TrainAcc=0.679 | Val(P3)=0.697 | Val(AVO)=0.644
2025-09-29 10:12:44 - No P3-val improvement; patience remaining: 12/50
2025-09-29 10:12:44 - Epoch 80/500 | LR=0.009397 | w_AVO=1.000 | w_P3=2.766 | lambda_MMD=0.300
2025-09-29 10:12:44 - Epoch Summary: TrainLoss=1.0601 | TrainAcc=0.670 | Val(P3)=0.697 | Val(AVO)=0.676
2025-09-29 10:12:44 - No P3-val improvement; patience remaining: 11/50
2025-09-29 10:12:44 - Epoch 81/500 | LR=0.009382 | w_AVO=1.000 | w_P3=2.766 | lambda_MMD=0.300
2025-09-29 10:12:44 - Epoch Summary: TrainLoss=1.1431 | TrainAcc=0.667 | Val(P3)=0.697 | Val(AVO)=0.657
2025-09-29 10:12:44 - No P3-val improvement; patience remaining: 10/50
2025-09-29 10:12:44 - Epoch 82/500 | LR=0.009366 | w_AVO=1.000 | w_P3=2.766 | lambda_MMD=0.300
2025-09-29 10:12:44 - Epoch Summary: TrainLoss=1.1922 | TrainAcc=0.663 | Val(P3)=0.667 | Val(AVO)=0.660
2025-09-29 10:12:44 - No P3-val improvement; patience remaining: 9/50
2025-09-29 10:12:44 - Epoch 83/500 | LR=0.009351 | w_AVO=1.000 | w_P3=2.766 | lambda_MMD=0.300
2025-09-29 10:12:44 - Epoch Summary: TrainLoss=1.1701 | TrainAcc=0.652 | Val(P3)=0.727 | Val(AVO)=0.657
2025-09-29 10:12:44 - No P3-val improvement; patience remaining: 8/50
2025-09-29 10:12:44 - Epoch 84/500 | LR=0.009335 | w_AVO=1.000 | w_P3=2.766 | lambda_MMD=0.300
2025-09-29 10:12:44 - Epoch Summary: TrainLoss=1.1229 | TrainAcc=0.668 | Val(P3)=0.727 | Val(AVO)=0.689
2025-09-29 10:12:44 - No P3-val improvement; patience remaining: 7/50
2025-09-29 10:12:44 - Epoch 85/500 | LR=0.009320 | w_AVO=1.000 | w_P3=2.766 | lambda_MMD=0.300
2025-09-29 10:12:45 - Epoch Summary: TrainLoss=1.1185 | TrainAcc=0.679 | Val(P3)=0.727 | Val(AVO)=0.692
2025-09-29 10:12:45 - No P3-val improvement; patience remaining: 6/50
2025-09-29 10:12:45 - Epoch 86/500 | LR=0.009304 | w_AVO=1.000 | w_P3=2.766 | lambda_MMD=0.300
2025-09-29 10:12:45 - Epoch Summary: TrainLoss=1.1623 | TrainAcc=0.667 | Val(P3)=0.667 | Val(AVO)=0.667
2025-09-29 10:12:45 - No P3-val improvement; patience remaining: 5/50
2025-09-29 10:12:45 - Epoch 87/500 | LR=0.009288 | w_AVO=1.000 | w_P3=2.766 | lambda_MMD=0.300
2025-09-29 10:12:45 - Epoch Summary: TrainLoss=1.1024 | TrainAcc=0.669 | Val(P3)=0.727 | Val(AVO)=0.670
2025-09-29 10:12:45 - No P3-val improvement; patience remaining: 4/50
2025-09-29 10:12:45 - Epoch 88/500 | LR=0.009271 | w_AVO=1.000 | w_P3=2.766 | lambda_MMD=0.300
2025-09-29 10:12:45 - Epoch Summary: TrainLoss=1.0800 | TrainAcc=0.668 | Val(P3)=0.667 | Val(AVO)=0.708
2025-09-29 10:12:45 - No P3-val improvement; patience remaining: 3/50
2025-09-29 10:12:45 - Epoch 89/500 | LR=0.009255 | w_AVO=1.000 | w_P3=2.766 | lambda_MMD=0.300
2025-09-29 10:12:45 - Epoch Summary: TrainLoss=1.1251 | TrainAcc=0.662 | Val(P3)=0.667 | Val(AVO)=0.679
2025-09-29 10:12:45 - No P3-val improvement; patience remaining: 2/50
2025-09-29 10:12:45 - Epoch 90/500 | LR=0.009238 | w_AVO=1.000 | w_P3=2.766 | lambda_MMD=0.300
2025-09-29 10:12:45 - Epoch Summary: TrainLoss=1.1255 | TrainAcc=0.666 | Val(P3)=0.697 | Val(AVO)=0.679
2025-09-29 10:12:45 - No P3-val improvement; patience remaining: 1/50
2025-09-29 10:12:45 - Epoch 91/500 | LR=0.009222 | w_AVO=1.000 | w_P3=2.766 | lambda_MMD=0.300
2025-09-29 10:12:45 - Epoch Summary: TrainLoss=1.1053 | TrainAcc=0.660 | Val(P3)=0.697 | Val(AVO)=0.660
2025-09-29 10:12:45 - No P3-val improvement; patience remaining: 0/50
2025-09-29 10:12:45 - Early stopping triggered (P3-val)
2025-09-29 10:12:45 -     P3 Test | Acc=0.6477 P=0.6512 R=0.6364 F1=0.6437 AUC=0.7221 (n=88)
2025-09-29 10:12:45 -     AVO Test | Acc=0.6777 P=0.6482 R=0.7774 F1=0.7069 AUC=0.7271 (n=602)
2025-09-29 10:12:45 -     Overall Test Acc=0.6739
2025-09-29 10:12:45 -   Fold 3/5
2025-09-29 10:12:45 - Fold domains: small=P3 (n=294), large=AVO (n=2119)
2025-09-29 10:12:45 - Auto adjustments (symmetric): w_small≈1.000, lambda_MMD_target=0.300, warmup_epochs=5
2025-09-29 10:12:45 - Epoch 1/500 | LR=0.010000 | w_AVO=1.000 | w_P3=1.337 | lambda_MMD=0.060
2025-09-29 10:12:46 - Epoch Summary: TrainLoss=1.8108 | TrainAcc=0.572 | Val(P3)=0.556 | Val(AVO)=0.602
2025-09-29 10:12:46 - New best P3-val; checkpoint updated
2025-09-29 10:12:46 - Epoch 2/500 | LR=0.010000 | w_AVO=1.000 | w_P3=1.674 | lambda_MMD=0.120
2025-09-29 10:12:46 - Epoch Summary: TrainLoss=1.6884 | TrainAcc=0.583 | Val(P3)=0.722 | Val(AVO)=0.579
2025-09-29 10:12:46 - New best P3-val; checkpoint updated
2025-09-29 10:12:46 - Epoch 3/500 | LR=0.010000 | w_AVO=1.000 | w_P3=2.011 | lambda_MMD=0.180
2025-09-29 10:12:46 - Epoch Summary: TrainLoss=1.7240 | TrainAcc=0.615 | Val(P3)=0.639 | Val(AVO)=0.631
2025-09-29 10:12:46 - No P3-val improvement; patience remaining: 49/50
2025-09-29 10:12:46 - Epoch 4/500 | LR=0.009999 | w_AVO=1.000 | w_P3=2.348 | lambda_MMD=0.240
2025-09-29 10:12:46 - Epoch Summary: TrainLoss=1.8138 | TrainAcc=0.608 | Val(P3)=0.667 | Val(AVO)=0.628
2025-09-29 10:12:46 - No P3-val improvement; patience remaining: 48/50
2025-09-29 10:12:46 - Epoch 5/500 | LR=0.009998 | w_AVO=1.000 | w_P3=2.685 | lambda_MMD=0.300
2025-09-29 10:12:46 - Epoch Summary: TrainLoss=1.8877 | TrainAcc=0.605 | Val(P3)=0.694 | Val(AVO)=0.602
2025-09-29 10:12:46 - No P3-val improvement; patience remaining: 47/50
2025-09-29 10:12:46 - AVO val decreasing 3x. Reducing lambda_MMD to 0.210
2025-09-29 10:12:46 - Epoch 6/500 | LR=0.009998 | w_AVO=1.000 | w_P3=2.685 | lambda_MMD=0.210
2025-09-29 10:12:46 - Epoch Summary: TrainLoss=1.7876 | TrainAcc=0.615 | Val(P3)=0.583 | Val(AVO)=0.625
2025-09-29 10:12:46 - No P3-val improvement; patience remaining: 46/50
2025-09-29 10:12:46 - Epoch 7/500 | LR=0.009996 | w_AVO=1.000 | w_P3=2.685 | lambda_MMD=0.300
2025-09-29 10:12:46 - Epoch Summary: TrainLoss=1.7564 | TrainAcc=0.624 | Val(P3)=0.639 | Val(AVO)=0.615
2025-09-29 10:12:46 - No P3-val improvement; patience remaining: 45/50
2025-09-29 10:12:46 - Epoch 8/500 | LR=0.009995 | w_AVO=1.000 | w_P3=2.685 | lambda_MMD=0.300
2025-09-29 10:12:47 - Epoch Summary: TrainLoss=1.6866 | TrainAcc=0.612 | Val(P3)=0.556 | Val(AVO)=0.615
2025-09-29 10:12:47 - No P3-val improvement; patience remaining: 44/50
2025-09-29 10:12:47 - Epoch 9/500 | LR=0.009994 | w_AVO=1.000 | w_P3=2.685 | lambda_MMD=0.300
2025-09-29 10:12:47 - Epoch Summary: TrainLoss=1.6692 | TrainAcc=0.616 | Val(P3)=0.667 | Val(AVO)=0.647
2025-09-29 10:12:47 - No P3-val improvement; patience remaining: 43/50
2025-09-29 10:12:47 - Epoch 10/500 | LR=0.009992 | w_AVO=1.000 | w_P3=2.685 | lambda_MMD=0.300
2025-09-29 10:12:47 - Epoch Summary: TrainLoss=1.5927 | TrainAcc=0.616 | Val(P3)=0.639 | Val(AVO)=0.612
2025-09-29 10:12:47 - No P3-val improvement; patience remaining: 42/50
2025-09-29 10:12:47 - Epoch 11/500 | LR=0.009990 | w_AVO=1.000 | w_P3=2.685 | lambda_MMD=0.300
2025-09-29 10:12:47 - Epoch Summary: TrainLoss=1.6098 | TrainAcc=0.630 | Val(P3)=0.694 | Val(AVO)=0.644
2025-09-29 10:12:47 - No P3-val improvement; patience remaining: 41/50
2025-09-29 10:12:47 - Epoch 12/500 | LR=0.009988 | w_AVO=1.000 | w_P3=2.685 | lambda_MMD=0.300
2025-09-29 10:12:47 - Epoch Summary: TrainLoss=1.5358 | TrainAcc=0.624 | Val(P3)=0.667 | Val(AVO)=0.608
2025-09-29 10:12:47 - No P3-val improvement; patience remaining: 40/50
2025-09-29 10:12:47 - Epoch 13/500 | LR=0.009986 | w_AVO=1.000 | w_P3=2.685 | lambda_MMD=0.300
2025-09-29 10:12:47 - Epoch Summary: TrainLoss=1.5389 | TrainAcc=0.614 | Val(P3)=0.611 | Val(AVO)=0.628
2025-09-29 10:12:47 - No P3-val improvement; patience remaining: 39/50
2025-09-29 10:12:47 - P3 val decreasing 3x. Reducing w_small to 2.148, lambda_MMD to 0.150
2025-09-29 10:12:47 - Epoch 14/500 | LR=0.009983 | w_AVO=1.000 | w_P3=2.148 | lambda_MMD=0.150
2025-09-29 10:12:47 - Epoch Summary: TrainLoss=1.3127 | TrainAcc=0.640 | Val(P3)=0.667 | Val(AVO)=0.657
2025-09-29 10:12:47 - No P3-val improvement; patience remaining: 38/50
2025-09-29 10:12:47 - Epoch 15/500 | LR=0.009981 | w_AVO=1.000 | w_P3=2.685 | lambda_MMD=0.300
2025-09-29 10:12:48 - Epoch Summary: TrainLoss=1.4600 | TrainAcc=0.639 | Val(P3)=0.667 | Val(AVO)=0.631
2025-09-29 10:12:48 - No P3-val improvement; patience remaining: 37/50
2025-09-29 10:12:48 - Epoch 16/500 | LR=0.009978 | w_AVO=1.000 | w_P3=2.685 | lambda_MMD=0.300
2025-09-29 10:12:48 - Epoch Summary: TrainLoss=1.4266 | TrainAcc=0.639 | Val(P3)=0.639 | Val(AVO)=0.631
2025-09-29 10:12:48 - No P3-val improvement; patience remaining: 36/50
2025-09-29 10:12:48 - Epoch 17/500 | LR=0.009975 | w_AVO=1.000 | w_P3=2.685 | lambda_MMD=0.300
2025-09-29 10:12:48 - Epoch Summary: TrainLoss=1.4300 | TrainAcc=0.640 | Val(P3)=0.611 | Val(AVO)=0.644
2025-09-29 10:12:48 - No P3-val improvement; patience remaining: 35/50
2025-09-29 10:12:48 - P3 val decreasing 3x. Reducing w_small to 2.148, lambda_MMD to 0.150
2025-09-29 10:12:48 - Epoch 18/500 | LR=0.009972 | w_AVO=1.000 | w_P3=2.148 | lambda_MMD=0.150
2025-09-29 10:12:48 - Epoch Summary: TrainLoss=1.2672 | TrainAcc=0.629 | Val(P3)=0.611 | Val(AVO)=0.660
2025-09-29 10:12:48 - No P3-val improvement; patience remaining: 34/50
2025-09-29 10:12:48 - Epoch 19/500 | LR=0.009968 | w_AVO=1.000 | w_P3=2.685 | lambda_MMD=0.300
2025-09-29 10:12:48 - Epoch Summary: TrainLoss=1.3332 | TrainAcc=0.642 | Val(P3)=0.611 | Val(AVO)=0.638
2025-09-29 10:12:48 - No P3-val improvement; patience remaining: 33/50
2025-09-29 10:12:48 - Epoch 20/500 | LR=0.009964 | w_AVO=1.000 | w_P3=2.685 | lambda_MMD=0.300
2025-09-29 10:12:48 - Epoch Summary: TrainLoss=1.3859 | TrainAcc=0.629 | Val(P3)=0.528 | Val(AVO)=0.686
2025-09-29 10:12:48 - No P3-val improvement; patience remaining: 32/50
2025-09-29 10:12:48 - Epoch 21/500 | LR=0.009961 | w_AVO=1.000 | w_P3=2.685 | lambda_MMD=0.300
2025-09-29 10:12:48 - Epoch Summary: TrainLoss=1.3314 | TrainAcc=0.635 | Val(P3)=0.694 | Val(AVO)=0.663
2025-09-29 10:12:48 - No P3-val improvement; patience remaining: 31/50
2025-09-29 10:12:48 - Epoch 22/500 | LR=0.009957 | w_AVO=1.000 | w_P3=2.685 | lambda_MMD=0.300
2025-09-29 10:12:49 - Epoch Summary: TrainLoss=1.3692 | TrainAcc=0.647 | Val(P3)=0.583 | Val(AVO)=0.663
2025-09-29 10:12:49 - No P3-val improvement; patience remaining: 30/50
2025-09-29 10:12:49 - Epoch 23/500 | LR=0.009952 | w_AVO=1.000 | w_P3=2.685 | lambda_MMD=0.300
2025-09-29 10:12:49 - Epoch Summary: TrainLoss=1.3035 | TrainAcc=0.656 | Val(P3)=0.722 | Val(AVO)=0.631
2025-09-29 10:12:49 - No P3-val improvement; patience remaining: 29/50
2025-09-29 10:12:49 - Epoch 24/500 | LR=0.009948 | w_AVO=1.000 | w_P3=2.685 | lambda_MMD=0.300
2025-09-29 10:12:49 - Epoch Summary: TrainLoss=1.2698 | TrainAcc=0.657 | Val(P3)=0.639 | Val(AVO)=0.657
2025-09-29 10:12:49 - No P3-val improvement; patience remaining: 28/50
2025-09-29 10:12:49 - Epoch 25/500 | LR=0.009943 | w_AVO=1.000 | w_P3=2.685 | lambda_MMD=0.300
2025-09-29 10:12:49 - Epoch Summary: TrainLoss=1.3167 | TrainAcc=0.652 | Val(P3)=0.639 | Val(AVO)=0.647
2025-09-29 10:12:49 - No P3-val improvement; patience remaining: 27/50
2025-09-29 10:12:49 - Epoch 26/500 | LR=0.009938 | w_AVO=1.000 | w_P3=2.685 | lambda_MMD=0.300
2025-09-29 10:12:49 - Epoch Summary: TrainLoss=1.3010 | TrainAcc=0.653 | Val(P3)=0.667 | Val(AVO)=0.615
2025-09-29 10:12:49 - No P3-val improvement; patience remaining: 26/50
2025-09-29 10:12:49 - AVO val decreasing 3x. Reducing lambda_MMD to 0.210
2025-09-29 10:12:49 - Epoch 27/500 | LR=0.009933 | w_AVO=1.000 | w_P3=2.685 | lambda_MMD=0.210
2025-09-29 10:12:49 - Epoch Summary: TrainLoss=1.2675 | TrainAcc=0.636 | Val(P3)=0.611 | Val(AVO)=0.676
2025-09-29 10:12:49 - No P3-val improvement; patience remaining: 25/50
2025-09-29 10:12:49 - Epoch 28/500 | LR=0.009928 | w_AVO=1.000 | w_P3=2.685 | lambda_MMD=0.300
2025-09-29 10:12:49 - Epoch Summary: TrainLoss=1.2740 | TrainAcc=0.655 | Val(P3)=0.639 | Val(AVO)=0.628
2025-09-29 10:12:49 - No P3-val improvement; patience remaining: 24/50
2025-09-29 10:12:49 - Epoch 29/500 | LR=0.009923 | w_AVO=1.000 | w_P3=2.685 | lambda_MMD=0.300
2025-09-29 10:12:50 - Epoch Summary: TrainLoss=1.2456 | TrainAcc=0.663 | Val(P3)=0.722 | Val(AVO)=0.673
2025-09-29 10:12:50 - No P3-val improvement; patience remaining: 23/50
2025-09-29 10:12:50 - Epoch 30/500 | LR=0.009917 | w_AVO=1.000 | w_P3=2.685 | lambda_MMD=0.300
2025-09-29 10:12:50 - Epoch Summary: TrainLoss=1.2496 | TrainAcc=0.662 | Val(P3)=0.639 | Val(AVO)=0.699
2025-09-29 10:12:50 - No P3-val improvement; patience remaining: 22/50
2025-09-29 10:12:50 - Epoch 31/500 | LR=0.009911 | w_AVO=1.000 | w_P3=2.685 | lambda_MMD=0.300
2025-09-29 10:12:50 - Epoch Summary: TrainLoss=1.2537 | TrainAcc=0.662 | Val(P3)=0.583 | Val(AVO)=0.650
2025-09-29 10:12:50 - No P3-val improvement; patience remaining: 21/50
2025-09-29 10:12:50 - P3 val decreasing 3x. Reducing w_small to 2.148, lambda_MMD to 0.150
2025-09-29 10:12:50 - Epoch 32/500 | LR=0.009905 | w_AVO=1.000 | w_P3=2.148 | lambda_MMD=0.150
2025-09-29 10:12:50 - Epoch Summary: TrainLoss=1.1560 | TrainAcc=0.663 | Val(P3)=0.556 | Val(AVO)=0.680
2025-09-29 10:12:50 - No P3-val improvement; patience remaining: 20/50
2025-09-29 10:12:50 - P3 val decreasing 3x. Reducing w_small to 2.148, lambda_MMD to 0.150
2025-09-29 10:12:50 - Epoch 33/500 | LR=0.009899 | w_AVO=1.000 | w_P3=2.148 | lambda_MMD=0.150
2025-09-29 10:12:50 - Epoch Summary: TrainLoss=1.1435 | TrainAcc=0.653 | Val(P3)=0.556 | Val(AVO)=0.689
2025-09-29 10:12:50 - No P3-val improvement; patience remaining: 19/50
2025-09-29 10:12:50 - Epoch 34/500 | LR=0.009893 | w_AVO=1.000 | w_P3=2.685 | lambda_MMD=0.300
2025-09-29 10:12:50 - Epoch Summary: TrainLoss=1.2623 | TrainAcc=0.657 | Val(P3)=0.639 | Val(AVO)=0.686
2025-09-29 10:12:50 - No P3-val improvement; patience remaining: 18/50
2025-09-29 10:12:50 - Epoch 35/500 | LR=0.009886 | w_AVO=1.000 | w_P3=2.685 | lambda_MMD=0.300
2025-09-29 10:12:50 - Epoch Summary: TrainLoss=1.2233 | TrainAcc=0.669 | Val(P3)=0.667 | Val(AVO)=0.686
2025-09-29 10:12:50 - No P3-val improvement; patience remaining: 17/50
2025-09-29 10:12:50 - Epoch 36/500 | LR=0.009880 | w_AVO=1.000 | w_P3=2.685 | lambda_MMD=0.300
2025-09-29 10:12:51 - Epoch Summary: TrainLoss=1.2046 | TrainAcc=0.668 | Val(P3)=0.778 | Val(AVO)=0.663
2025-09-29 10:12:51 - New best P3-val; checkpoint updated
2025-09-29 10:12:51 - Epoch 37/500 | LR=0.009873 | w_AVO=1.000 | w_P3=2.685 | lambda_MMD=0.300
2025-09-29 10:12:51 - Epoch Summary: TrainLoss=1.2463 | TrainAcc=0.658 | Val(P3)=0.583 | Val(AVO)=0.676
2025-09-29 10:12:51 - No P3-val improvement; patience remaining: 49/50
2025-09-29 10:12:51 - Epoch 38/500 | LR=0.009865 | w_AVO=1.000 | w_P3=2.685 | lambda_MMD=0.300
2025-09-29 10:12:51 - Epoch Summary: TrainLoss=1.2099 | TrainAcc=0.681 | Val(P3)=0.639 | Val(AVO)=0.657
2025-09-29 10:12:51 - No P3-val improvement; patience remaining: 48/50
2025-09-29 10:12:51 - Epoch 39/500 | LR=0.009858 | w_AVO=1.000 | w_P3=2.685 | lambda_MMD=0.300
2025-09-29 10:12:51 - Epoch Summary: TrainLoss=1.2223 | TrainAcc=0.663 | Val(P3)=0.694 | Val(AVO)=0.673
2025-09-29 10:12:51 - No P3-val improvement; patience remaining: 47/50
2025-09-29 10:12:51 - Epoch 40/500 | LR=0.009851 | w_AVO=1.000 | w_P3=2.685 | lambda_MMD=0.300
2025-09-29 10:12:51 - Epoch Summary: TrainLoss=1.1749 | TrainAcc=0.659 | Val(P3)=0.667 | Val(AVO)=0.699
2025-09-29 10:12:51 - No P3-val improvement; patience remaining: 46/50
2025-09-29 10:12:51 - Epoch 41/500 | LR=0.009843 | w_AVO=1.000 | w_P3=2.685 | lambda_MMD=0.300
2025-09-29 10:12:51 - Epoch Summary: TrainLoss=1.1838 | TrainAcc=0.656 | Val(P3)=0.694 | Val(AVO)=0.683
2025-09-29 10:12:51 - No P3-val improvement; patience remaining: 45/50
2025-09-29 10:12:51 - Epoch 42/500 | LR=0.009835 | w_AVO=1.000 | w_P3=2.685 | lambda_MMD=0.300
2025-09-29 10:12:51 - Epoch Summary: TrainLoss=1.1785 | TrainAcc=0.665 | Val(P3)=0.667 | Val(AVO)=0.686
2025-09-29 10:12:51 - No P3-val improvement; patience remaining: 44/50
2025-09-29 10:12:51 - Epoch 43/500 | LR=0.009827 | w_AVO=1.000 | w_P3=2.685 | lambda_MMD=0.300
2025-09-29 10:12:52 - Epoch Summary: TrainLoss=1.1361 | TrainAcc=0.667 | Val(P3)=0.639 | Val(AVO)=0.693
2025-09-29 10:12:52 - No P3-val improvement; patience remaining: 43/50
2025-09-29 10:12:52 - P3 val decreasing 3x. Reducing w_small to 2.148, lambda_MMD to 0.150
2025-09-29 10:12:52 - Epoch 44/500 | LR=0.009819 | w_AVO=1.000 | w_P3=2.148 | lambda_MMD=0.150
2025-09-29 10:12:52 - Epoch Summary: TrainLoss=1.0637 | TrainAcc=0.664 | Val(P3)=0.667 | Val(AVO)=0.676
2025-09-29 10:12:52 - No P3-val improvement; patience remaining: 42/50
2025-09-29 10:12:52 - Epoch 45/500 | LR=0.009810 | w_AVO=1.000 | w_P3=2.685 | lambda_MMD=0.300
2025-09-29 10:12:52 - Epoch Summary: TrainLoss=1.1121 | TrainAcc=0.684 | Val(P3)=0.667 | Val(AVO)=0.663
2025-09-29 10:12:52 - No P3-val improvement; patience remaining: 41/50
2025-09-29 10:12:52 - AVO val decreasing 3x. Reducing lambda_MMD to 0.210
2025-09-29 10:12:52 - Epoch 46/500 | LR=0.009801 | w_AVO=1.000 | w_P3=2.685 | lambda_MMD=0.210
2025-09-29 10:12:52 - Epoch Summary: TrainLoss=1.1839 | TrainAcc=0.660 | Val(P3)=0.694 | Val(AVO)=0.689
2025-09-29 10:12:52 - No P3-val improvement; patience remaining: 40/50
2025-09-29 10:12:52 - Epoch 47/500 | LR=0.009793 | w_AVO=1.000 | w_P3=2.685 | lambda_MMD=0.300
2025-09-29 10:12:52 - Epoch Summary: TrainLoss=1.1681 | TrainAcc=0.661 | Val(P3)=0.694 | Val(AVO)=0.667
2025-09-29 10:12:52 - No P3-val improvement; patience remaining: 39/50
2025-09-29 10:12:52 - Epoch 48/500 | LR=0.009784 | w_AVO=1.000 | w_P3=2.685 | lambda_MMD=0.300
2025-09-29 10:12:52 - Epoch Summary: TrainLoss=1.1853 | TrainAcc=0.667 | Val(P3)=0.639 | Val(AVO)=0.693
2025-09-29 10:12:52 - No P3-val improvement; patience remaining: 38/50
2025-09-29 10:12:52 - Epoch 49/500 | LR=0.009774 | w_AVO=1.000 | w_P3=2.685 | lambda_MMD=0.300
2025-09-29 10:12:52 - Epoch Summary: TrainLoss=1.1512 | TrainAcc=0.667 | Val(P3)=0.694 | Val(AVO)=0.638
2025-09-29 10:12:52 - No P3-val improvement; patience remaining: 37/50
2025-09-29 10:12:52 - Epoch 50/500 | LR=0.009765 | w_AVO=1.000 | w_P3=2.685 | lambda_MMD=0.300
2025-09-29 10:12:53 - Epoch Summary: TrainLoss=1.2015 | TrainAcc=0.664 | Val(P3)=0.694 | Val(AVO)=0.644
2025-09-29 10:12:53 - No P3-val improvement; patience remaining: 36/50
2025-09-29 10:12:53 - Epoch 51/500 | LR=0.009755 | w_AVO=1.000 | w_P3=2.685 | lambda_MMD=0.300
2025-09-29 10:12:53 - Epoch Summary: TrainLoss=1.1818 | TrainAcc=0.661 | Val(P3)=0.639 | Val(AVO)=0.670
2025-09-29 10:12:53 - No P3-val improvement; patience remaining: 35/50
2025-09-29 10:12:53 - Epoch 52/500 | LR=0.009745 | w_AVO=1.000 | w_P3=2.685 | lambda_MMD=0.300
2025-09-29 10:12:53 - Epoch Summary: TrainLoss=1.1301 | TrainAcc=0.662 | Val(P3)=0.667 | Val(AVO)=0.689
2025-09-29 10:12:53 - No P3-val improvement; patience remaining: 34/50
2025-09-29 10:12:53 - Epoch 53/500 | LR=0.009735 | w_AVO=1.000 | w_P3=2.685 | lambda_MMD=0.300
2025-09-29 10:12:53 - Epoch Summary: TrainLoss=1.1257 | TrainAcc=0.664 | Val(P3)=0.611 | Val(AVO)=0.631
2025-09-29 10:12:53 - No P3-val improvement; patience remaining: 33/50
2025-09-29 10:12:53 - Epoch 54/500 | LR=0.009725 | w_AVO=1.000 | w_P3=2.685 | lambda_MMD=0.300
2025-09-29 10:12:53 - Epoch Summary: TrainLoss=1.1432 | TrainAcc=0.672 | Val(P3)=0.639 | Val(AVO)=0.676
2025-09-29 10:12:53 - No P3-val improvement; patience remaining: 32/50
2025-09-29 10:12:53 - Epoch 55/500 | LR=0.009715 | w_AVO=1.000 | w_P3=2.685 | lambda_MMD=0.300
2025-09-29 10:12:53 - Epoch Summary: TrainLoss=1.1518 | TrainAcc=0.668 | Val(P3)=0.694 | Val(AVO)=0.631
2025-09-29 10:12:53 - No P3-val improvement; patience remaining: 31/50
2025-09-29 10:12:53 - Epoch 56/500 | LR=0.009704 | w_AVO=1.000 | w_P3=2.685 | lambda_MMD=0.300
2025-09-29 10:12:53 - Epoch Summary: TrainLoss=1.1848 | TrainAcc=0.661 | Val(P3)=0.694 | Val(AVO)=0.683
2025-09-29 10:12:53 - No P3-val improvement; patience remaining: 30/50
2025-09-29 10:12:53 - Epoch 57/500 | LR=0.009694 | w_AVO=1.000 | w_P3=2.685 | lambda_MMD=0.300
2025-09-29 10:12:54 - Epoch Summary: TrainLoss=1.1227 | TrainAcc=0.666 | Val(P3)=0.667 | Val(AVO)=0.702
2025-09-29 10:12:54 - No P3-val improvement; patience remaining: 29/50
2025-09-29 10:12:54 - Epoch 58/500 | LR=0.009683 | w_AVO=1.000 | w_P3=2.685 | lambda_MMD=0.300
2025-09-29 10:12:54 - Epoch Summary: TrainLoss=1.2030 | TrainAcc=0.653 | Val(P3)=0.639 | Val(AVO)=0.667
2025-09-29 10:12:54 - No P3-val improvement; patience remaining: 28/50
2025-09-29 10:12:54 - P3 val decreasing 3x. Reducing w_small to 2.148, lambda_MMD to 0.150
2025-09-29 10:12:54 - Epoch 59/500 | LR=0.009672 | w_AVO=1.000 | w_P3=2.148 | lambda_MMD=0.150
2025-09-29 10:12:54 - Epoch Summary: TrainLoss=1.0312 | TrainAcc=0.666 | Val(P3)=0.722 | Val(AVO)=0.683
2025-09-29 10:12:54 - No P3-val improvement; patience remaining: 27/50
2025-09-29 10:12:54 - Epoch 60/500 | LR=0.009660 | w_AVO=1.000 | w_P3=2.685 | lambda_MMD=0.300
2025-09-29 10:12:54 - Epoch Summary: TrainLoss=1.0642 | TrainAcc=0.675 | Val(P3)=0.667 | Val(AVO)=0.699
2025-09-29 10:12:54 - No P3-val improvement; patience remaining: 26/50
2025-09-29 10:12:54 - Epoch 61/500 | LR=0.009649 | w_AVO=1.000 | w_P3=2.685 | lambda_MMD=0.300
2025-09-29 10:12:54 - Epoch Summary: TrainLoss=1.1236 | TrainAcc=0.665 | Val(P3)=0.639 | Val(AVO)=0.689
2025-09-29 10:12:54 - No P3-val improvement; patience remaining: 25/50
2025-09-29 10:12:54 - P3 val decreasing 3x. Reducing w_small to 2.148, lambda_MMD to 0.150
2025-09-29 10:12:54 - Epoch 62/500 | LR=0.009637 | w_AVO=1.000 | w_P3=2.148 | lambda_MMD=0.150
2025-09-29 10:12:54 - Epoch Summary: TrainLoss=1.0110 | TrainAcc=0.676 | Val(P3)=0.722 | Val(AVO)=0.693
2025-09-29 10:12:54 - No P3-val improvement; patience remaining: 24/50
2025-09-29 10:12:54 - Epoch 63/500 | LR=0.009625 | w_AVO=1.000 | w_P3=2.685 | lambda_MMD=0.300
2025-09-29 10:12:54 - Epoch Summary: TrainLoss=1.1284 | TrainAcc=0.670 | Val(P3)=0.722 | Val(AVO)=0.706
2025-09-29 10:12:54 - No P3-val improvement; patience remaining: 23/50
2025-09-29 10:12:54 - Epoch 64/500 | LR=0.009613 | w_AVO=1.000 | w_P3=2.685 | lambda_MMD=0.300
2025-09-29 10:12:55 - Epoch Summary: TrainLoss=1.1138 | TrainAcc=0.676 | Val(P3)=0.667 | Val(AVO)=0.625
2025-09-29 10:12:55 - No P3-val improvement; patience remaining: 22/50
2025-09-29 10:12:55 - Epoch 65/500 | LR=0.009601 | w_AVO=1.000 | w_P3=2.685 | lambda_MMD=0.300
2025-09-29 10:12:55 - Epoch Summary: TrainLoss=1.1252 | TrainAcc=0.662 | Val(P3)=0.667 | Val(AVO)=0.696
2025-09-29 10:12:55 - No P3-val improvement; patience remaining: 21/50
2025-09-29 10:12:55 - Epoch 66/500 | LR=0.009589 | w_AVO=1.000 | w_P3=2.685 | lambda_MMD=0.300
2025-09-29 10:12:55 - Epoch Summary: TrainLoss=1.0878 | TrainAcc=0.682 | Val(P3)=0.611 | Val(AVO)=0.693
2025-09-29 10:12:55 - No P3-val improvement; patience remaining: 20/50
2025-09-29 10:12:55 - Epoch 67/500 | LR=0.009576 | w_AVO=1.000 | w_P3=2.685 | lambda_MMD=0.300
2025-09-29 10:12:55 - Epoch Summary: TrainLoss=1.1106 | TrainAcc=0.663 | Val(P3)=0.667 | Val(AVO)=0.686
2025-09-29 10:12:55 - No P3-val improvement; patience remaining: 19/50
2025-09-29 10:12:55 - AVO val decreasing 3x. Reducing lambda_MMD to 0.210
2025-09-29 10:12:55 - Epoch 68/500 | LR=0.009563 | w_AVO=1.000 | w_P3=2.685 | lambda_MMD=0.210
2025-09-29 10:12:55 - Epoch Summary: TrainLoss=1.1412 | TrainAcc=0.668 | Val(P3)=0.694 | Val(AVO)=0.654
2025-09-29 10:12:55 - No P3-val improvement; patience remaining: 18/50
2025-09-29 10:12:55 - AVO val decreasing 3x. Reducing lambda_MMD to 0.210
2025-09-29 10:12:55 - Epoch 69/500 | LR=0.009551 | w_AVO=1.000 | w_P3=2.685 | lambda_MMD=0.210
2025-09-29 10:12:55 - Epoch Summary: TrainLoss=1.1205 | TrainAcc=0.663 | Val(P3)=0.639 | Val(AVO)=0.712
2025-09-29 10:12:55 - No P3-val improvement; patience remaining: 17/50
2025-09-29 10:12:55 - Epoch 70/500 | LR=0.009537 | w_AVO=1.000 | w_P3=2.685 | lambda_MMD=0.300
2025-09-29 10:12:55 - Epoch Summary: TrainLoss=1.1085 | TrainAcc=0.667 | Val(P3)=0.667 | Val(AVO)=0.673
2025-09-29 10:12:55 - No P3-val improvement; patience remaining: 16/50
2025-09-29 10:12:55 - Epoch 71/500 | LR=0.009524 | w_AVO=1.000 | w_P3=2.685 | lambda_MMD=0.300
2025-09-29 10:12:56 - Epoch Summary: TrainLoss=1.0858 | TrainAcc=0.670 | Val(P3)=0.722 | Val(AVO)=0.715
2025-09-29 10:12:56 - No P3-val improvement; patience remaining: 15/50
2025-09-29 10:12:56 - Epoch 72/500 | LR=0.009511 | w_AVO=1.000 | w_P3=2.685 | lambda_MMD=0.300
2025-09-29 10:12:56 - Epoch Summary: TrainLoss=1.0834 | TrainAcc=0.668 | Val(P3)=0.694 | Val(AVO)=0.702
2025-09-29 10:12:56 - No P3-val improvement; patience remaining: 14/50
2025-09-29 10:12:56 - Epoch 73/500 | LR=0.009497 | w_AVO=1.000 | w_P3=2.685 | lambda_MMD=0.300
2025-09-29 10:12:56 - Epoch Summary: TrainLoss=1.1403 | TrainAcc=0.676 | Val(P3)=0.667 | Val(AVO)=0.683
2025-09-29 10:12:56 - No P3-val improvement; patience remaining: 13/50
2025-09-29 10:12:56 - P3 val decreasing 3x. Reducing w_small to 2.148, lambda_MMD to 0.150
2025-09-29 10:12:56 - AVO val decreasing 3x. Reducing lambda_MMD to 0.105
2025-09-29 10:12:56 - Epoch 74/500 | LR=0.009483 | w_AVO=1.000 | w_P3=2.148 | lambda_MMD=0.105
2025-09-29 10:12:56 - Epoch Summary: TrainLoss=0.9991 | TrainAcc=0.670 | Val(P3)=0.722 | Val(AVO)=0.667
2025-09-29 10:12:56 - No P3-val improvement; patience remaining: 12/50
2025-09-29 10:12:56 - AVO val decreasing 3x. Reducing lambda_MMD to 0.210
2025-09-29 10:12:56 - Epoch 75/500 | LR=0.009469 | w_AVO=1.000 | w_P3=2.685 | lambda_MMD=0.210
2025-09-29 10:12:56 - Epoch Summary: TrainLoss=1.0874 | TrainAcc=0.681 | Val(P3)=0.694 | Val(AVO)=0.693
2025-09-29 10:12:56 - No P3-val improvement; patience remaining: 11/50
2025-09-29 10:12:56 - Epoch 76/500 | LR=0.009455 | w_AVO=1.000 | w_P3=2.685 | lambda_MMD=0.300
2025-09-29 10:12:56 - Epoch Summary: TrainLoss=1.1217 | TrainAcc=0.677 | Val(P3)=0.639 | Val(AVO)=0.689
2025-09-29 10:12:56 - No P3-val improvement; patience remaining: 10/50
2025-09-29 10:12:56 - P3 val decreasing 3x. Reducing w_small to 2.148, lambda_MMD to 0.150
2025-09-29 10:12:56 - Epoch 77/500 | LR=0.009441 | w_AVO=1.000 | w_P3=2.148 | lambda_MMD=0.150
2025-09-29 10:12:56 - Epoch Summary: TrainLoss=1.0160 | TrainAcc=0.664 | Val(P3)=0.694 | Val(AVO)=0.638
2025-09-29 10:12:56 - No P3-val improvement; patience remaining: 9/50
2025-09-29 10:12:56 - AVO val decreasing 3x. Reducing lambda_MMD to 0.210
2025-09-29 10:12:56 - Epoch 78/500 | LR=0.009426 | w_AVO=1.000 | w_P3=2.685 | lambda_MMD=0.210
2025-09-29 10:12:57 - Epoch Summary: TrainLoss=1.1093 | TrainAcc=0.672 | Val(P3)=0.694 | Val(AVO)=0.689
2025-09-29 10:12:57 - No P3-val improvement; patience remaining: 8/50
2025-09-29 10:12:57 - Epoch 79/500 | LR=0.009411 | w_AVO=1.000 | w_P3=2.685 | lambda_MMD=0.300
2025-09-29 10:12:57 - Epoch Summary: TrainLoss=1.1088 | TrainAcc=0.663 | Val(P3)=0.694 | Val(AVO)=0.715
2025-09-29 10:12:57 - No P3-val improvement; patience remaining: 7/50
2025-09-29 10:12:57 - Epoch 80/500 | LR=0.009397 | w_AVO=1.000 | w_P3=2.685 | lambda_MMD=0.300
2025-09-29 10:12:57 - Epoch Summary: TrainLoss=1.1234 | TrainAcc=0.653 | Val(P3)=0.694 | Val(AVO)=0.686
2025-09-29 10:12:57 - No P3-val improvement; patience remaining: 6/50
2025-09-29 10:12:57 - Epoch 81/500 | LR=0.009382 | w_AVO=1.000 | w_P3=2.685 | lambda_MMD=0.300
2025-09-29 10:12:57 - Epoch Summary: TrainLoss=1.1022 | TrainAcc=0.672 | Val(P3)=0.667 | Val(AVO)=0.660
2025-09-29 10:12:57 - No P3-val improvement; patience remaining: 5/50
2025-09-29 10:12:57 - AVO val decreasing 3x. Reducing lambda_MMD to 0.210
2025-09-29 10:12:57 - Epoch 82/500 | LR=0.009366 | w_AVO=1.000 | w_P3=2.685 | lambda_MMD=0.210
2025-09-29 10:12:57 - Epoch Summary: TrainLoss=1.1089 | TrainAcc=0.671 | Val(P3)=0.611 | Val(AVO)=0.709
2025-09-29 10:12:57 - No P3-val improvement; patience remaining: 4/50
2025-09-29 10:12:57 - P3 val decreasing 3x. Reducing w_small to 2.148, lambda_MMD to 0.150
2025-09-29 10:12:57 - Epoch 83/500 | LR=0.009351 | w_AVO=1.000 | w_P3=2.148 | lambda_MMD=0.150
2025-09-29 10:12:57 - Epoch Summary: TrainLoss=0.9740 | TrainAcc=0.685 | Val(P3)=0.583 | Val(AVO)=0.680
2025-09-29 10:12:57 - No P3-val improvement; patience remaining: 3/50
2025-09-29 10:12:57 - P3 val decreasing 3x. Reducing w_small to 2.148, lambda_MMD to 0.150
2025-09-29 10:12:57 - Epoch 84/500 | LR=0.009335 | w_AVO=1.000 | w_P3=2.148 | lambda_MMD=0.150
2025-09-29 10:12:57 - Epoch Summary: TrainLoss=0.9699 | TrainAcc=0.674 | Val(P3)=0.667 | Val(AVO)=0.696
2025-09-29 10:12:57 - No P3-val improvement; patience remaining: 2/50
2025-09-29 10:12:57 - Epoch 85/500 | LR=0.009320 | w_AVO=1.000 | w_P3=2.685 | lambda_MMD=0.300
2025-09-29 10:12:58 - Epoch Summary: TrainLoss=1.0600 | TrainAcc=0.678 | Val(P3)=0.667 | Val(AVO)=0.641
2025-09-29 10:12:58 - No P3-val improvement; patience remaining: 1/50
2025-09-29 10:12:58 - Epoch 86/500 | LR=0.009304 | w_AVO=1.000 | w_P3=2.685 | lambda_MMD=0.300
2025-09-29 10:12:58 - Epoch Summary: TrainLoss=1.0388 | TrainAcc=0.678 | Val(P3)=0.722 | Val(AVO)=0.712
2025-09-29 10:12:58 - No P3-val improvement; patience remaining: 0/50
2025-09-29 10:12:58 - Early stopping triggered (P3-val)
2025-09-29 10:12:58 -     P3 Test | Acc=0.4857 P=0.5625 R=0.4500 F1=0.5000 AUC=0.5392 (n=70)
2025-09-29 10:12:58 -     AVO Test | Acc=0.6774 P=0.6462 R=0.7607 F1=0.6988 AUC=0.7503 (n=620)
2025-09-29 10:12:58 -     Overall Test Acc=0.6580
2025-09-29 10:12:58 -   Fold 4/5
2025-09-29 10:12:58 - Fold domains: small=P3 (n=278), large=AVO (n=2136)
2025-09-29 10:12:58 - Auto adjustments (symmetric): w_small≈1.000, lambda_MMD_target=0.300, warmup_epochs=5
2025-09-29 10:12:58 - Epoch 1/500 | LR=0.010000 | w_AVO=1.000 | w_P3=1.354 | lambda_MMD=0.060
2025-09-29 10:12:58 - Epoch Summary: TrainLoss=1.8152 | TrainAcc=0.561 | Val(P3)=0.559 | Val(AVO)=0.572
2025-09-29 10:12:58 - New best P3-val; checkpoint updated
2025-09-29 10:12:58 - Epoch 2/500 | LR=0.010000 | w_AVO=1.000 | w_P3=1.709 | lambda_MMD=0.120
2025-09-29 10:12:58 - Epoch Summary: TrainLoss=1.7742 | TrainAcc=0.585 | Val(P3)=0.588 | Val(AVO)=0.563
2025-09-29 10:12:58 - New best P3-val; checkpoint updated
2025-09-29 10:12:58 - Epoch 3/500 | LR=0.010000 | w_AVO=1.000 | w_P3=2.063 | lambda_MMD=0.180
2025-09-29 10:12:58 - Epoch Summary: TrainLoss=1.8737 | TrainAcc=0.615 | Val(P3)=0.647 | Val(AVO)=0.601
2025-09-29 10:12:58 - New best P3-val; checkpoint updated
2025-09-29 10:12:58 - Epoch 4/500 | LR=0.009999 | w_AVO=1.000 | w_P3=2.418 | lambda_MMD=0.240
2025-09-29 10:12:58 - Epoch Summary: TrainLoss=1.9384 | TrainAcc=0.612 | Val(P3)=0.706 | Val(AVO)=0.605
2025-09-29 10:12:58 - New best P3-val; checkpoint updated
2025-09-29 10:12:58 - Epoch 5/500 | LR=0.009998 | w_AVO=1.000 | w_P3=2.772 | lambda_MMD=0.300
2025-09-29 10:12:58 - Epoch Summary: TrainLoss=1.9846 | TrainAcc=0.618 | Val(P3)=0.618 | Val(AVO)=0.588
2025-09-29 10:12:58 - No P3-val improvement; patience remaining: 49/50
2025-09-29 10:12:58 - Epoch 6/500 | LR=0.009998 | w_AVO=1.000 | w_P3=2.772 | lambda_MMD=0.300
2025-09-29 10:12:59 - Epoch Summary: TrainLoss=1.9977 | TrainAcc=0.630 | Val(P3)=0.676 | Val(AVO)=0.611
2025-09-29 10:12:59 - No P3-val improvement; patience remaining: 48/50
2025-09-29 10:12:59 - Epoch 7/500 | LR=0.009996 | w_AVO=1.000 | w_P3=2.772 | lambda_MMD=0.300
2025-09-29 10:12:59 - Epoch Summary: TrainLoss=1.8570 | TrainAcc=0.635 | Val(P3)=0.706 | Val(AVO)=0.595
2025-09-29 10:12:59 - No P3-val improvement; patience remaining: 47/50
2025-09-29 10:12:59 - Epoch 8/500 | LR=0.009995 | w_AVO=1.000 | w_P3=2.772 | lambda_MMD=0.300
2025-09-29 10:12:59 - Epoch Summary: TrainLoss=1.8421 | TrainAcc=0.606 | Val(P3)=0.676 | Val(AVO)=0.624
2025-09-29 10:12:59 - No P3-val improvement; patience remaining: 46/50
2025-09-29 10:12:59 - Epoch 9/500 | LR=0.009994 | w_AVO=1.000 | w_P3=2.772 | lambda_MMD=0.300
2025-09-29 10:12:59 - Epoch Summary: TrainLoss=1.7685 | TrainAcc=0.634 | Val(P3)=0.706 | Val(AVO)=0.592
2025-09-29 10:12:59 - No P3-val improvement; patience remaining: 45/50
2025-09-29 10:12:59 - Epoch 10/500 | LR=0.009992 | w_AVO=1.000 | w_P3=2.772 | lambda_MMD=0.300
2025-09-29 10:12:59 - Epoch Summary: TrainLoss=1.6629 | TrainAcc=0.625 | Val(P3)=0.618 | Val(AVO)=0.633
2025-09-29 10:12:59 - No P3-val improvement; patience remaining: 44/50
2025-09-29 10:12:59 - Epoch 11/500 | LR=0.009990 | w_AVO=1.000 | w_P3=2.772 | lambda_MMD=0.300
2025-09-29 10:12:59 - Epoch Summary: TrainLoss=1.6462 | TrainAcc=0.642 | Val(P3)=0.588 | Val(AVO)=0.624
2025-09-29 10:12:59 - No P3-val improvement; patience remaining: 43/50
2025-09-29 10:12:59 - P3 val decreasing 3x. Reducing w_small to 2.218, lambda_MMD to 0.150
2025-09-29 10:12:59 - Epoch 12/500 | LR=0.009988 | w_AVO=1.000 | w_P3=2.218 | lambda_MMD=0.150
2025-09-29 10:12:59 - Epoch Summary: TrainLoss=1.4341 | TrainAcc=0.641 | Val(P3)=0.618 | Val(AVO)=0.630
2025-09-29 10:12:59 - No P3-val improvement; patience remaining: 42/50
2025-09-29 10:12:59 - Epoch 13/500 | LR=0.009986 | w_AVO=1.000 | w_P3=2.772 | lambda_MMD=0.300
2025-09-29 10:13:00 - Epoch Summary: TrainLoss=1.5770 | TrainAcc=0.653 | Val(P3)=0.588 | Val(AVO)=0.585
2025-09-29 10:13:00 - No P3-val improvement; patience remaining: 41/50
2025-09-29 10:13:00 - Epoch 14/500 | LR=0.009983 | w_AVO=1.000 | w_P3=2.772 | lambda_MMD=0.300
2025-09-29 10:13:00 - Epoch Summary: TrainLoss=1.5425 | TrainAcc=0.652 | Val(P3)=0.706 | Val(AVO)=0.621
2025-09-29 10:13:00 - No P3-val improvement; patience remaining: 40/50
2025-09-29 10:13:00 - Epoch 15/500 | LR=0.009981 | w_AVO=1.000 | w_P3=2.772 | lambda_MMD=0.300
2025-09-29 10:13:00 - Epoch Summary: TrainLoss=1.5185 | TrainAcc=0.643 | Val(P3)=0.559 | Val(AVO)=0.633
2025-09-29 10:13:00 - No P3-val improvement; patience remaining: 39/50
2025-09-29 10:13:00 - Epoch 16/500 | LR=0.009978 | w_AVO=1.000 | w_P3=2.772 | lambda_MMD=0.300
2025-09-29 10:13:00 - Epoch Summary: TrainLoss=1.4531 | TrainAcc=0.633 | Val(P3)=0.647 | Val(AVO)=0.643
2025-09-29 10:13:00 - No P3-val improvement; patience remaining: 38/50
2025-09-29 10:13:00 - Epoch 17/500 | LR=0.009975 | w_AVO=1.000 | w_P3=2.772 | lambda_MMD=0.300
2025-09-29 10:13:00 - Epoch Summary: TrainLoss=1.4568 | TrainAcc=0.655 | Val(P3)=0.588 | Val(AVO)=0.646
2025-09-29 10:13:00 - No P3-val improvement; patience remaining: 37/50
2025-09-29 10:13:00 - Epoch 18/500 | LR=0.009972 | w_AVO=1.000 | w_P3=2.772 | lambda_MMD=0.300
2025-09-29 10:13:00 - Epoch Summary: TrainLoss=1.4646 | TrainAcc=0.641 | Val(P3)=0.618 | Val(AVO)=0.621
2025-09-29 10:13:00 - No P3-val improvement; patience remaining: 36/50
2025-09-29 10:13:00 - Epoch 19/500 | LR=0.009968 | w_AVO=1.000 | w_P3=2.772 | lambda_MMD=0.300
2025-09-29 10:13:00 - Epoch Summary: TrainLoss=1.4459 | TrainAcc=0.656 | Val(P3)=0.588 | Val(AVO)=0.592
2025-09-29 10:13:00 - No P3-val improvement; patience remaining: 35/50
2025-09-29 10:13:00 - AVO val decreasing 3x. Reducing lambda_MMD to 0.210
2025-09-29 10:13:00 - Epoch 20/500 | LR=0.009964 | w_AVO=1.000 | w_P3=2.772 | lambda_MMD=0.210
2025-09-29 10:13:00 - Epoch Summary: TrainLoss=1.4570 | TrainAcc=0.636 | Val(P3)=0.618 | Val(AVO)=0.640
2025-09-29 10:13:00 - No P3-val improvement; patience remaining: 34/50
2025-09-29 10:13:00 - Epoch 21/500 | LR=0.009961 | w_AVO=1.000 | w_P3=2.772 | lambda_MMD=0.300
2025-09-29 10:13:01 - Epoch Summary: TrainLoss=1.3902 | TrainAcc=0.655 | Val(P3)=0.618 | Val(AVO)=0.633
2025-09-29 10:13:01 - No P3-val improvement; patience remaining: 33/50
2025-09-29 10:13:01 - Epoch 22/500 | LR=0.009957 | w_AVO=1.000 | w_P3=2.772 | lambda_MMD=0.300
2025-09-29 10:13:01 - Epoch Summary: TrainLoss=1.3691 | TrainAcc=0.656 | Val(P3)=0.559 | Val(AVO)=0.633
2025-09-29 10:13:01 - No P3-val improvement; patience remaining: 32/50
2025-09-29 10:13:01 - Epoch 23/500 | LR=0.009952 | w_AVO=1.000 | w_P3=2.772 | lambda_MMD=0.300
2025-09-29 10:13:01 - Epoch Summary: TrainLoss=1.3782 | TrainAcc=0.640 | Val(P3)=0.588 | Val(AVO)=0.630
2025-09-29 10:13:01 - No P3-val improvement; patience remaining: 31/50
2025-09-29 10:13:01 - Epoch 24/500 | LR=0.009948 | w_AVO=1.000 | w_P3=2.772 | lambda_MMD=0.300
2025-09-29 10:13:01 - Epoch Summary: TrainLoss=1.3309 | TrainAcc=0.661 | Val(P3)=0.588 | Val(AVO)=0.601
2025-09-29 10:13:01 - No P3-val improvement; patience remaining: 30/50
2025-09-29 10:13:01 - AVO val decreasing 3x. Reducing lambda_MMD to 0.210
2025-09-29 10:13:01 - Epoch 25/500 | LR=0.009943 | w_AVO=1.000 | w_P3=2.772 | lambda_MMD=0.210
2025-09-29 10:13:01 - Epoch Summary: TrainLoss=1.3045 | TrainAcc=0.647 | Val(P3)=0.559 | Val(AVO)=0.630
2025-09-29 10:13:01 - No P3-val improvement; patience remaining: 29/50
2025-09-29 10:13:01 - Epoch 26/500 | LR=0.009938 | w_AVO=1.000 | w_P3=2.772 | lambda_MMD=0.300
2025-09-29 10:13:01 - Epoch Summary: TrainLoss=1.2963 | TrainAcc=0.660 | Val(P3)=0.676 | Val(AVO)=0.592
2025-09-29 10:13:01 - No P3-val improvement; patience remaining: 28/50
2025-09-29 10:13:01 - Epoch 27/500 | LR=0.009933 | w_AVO=1.000 | w_P3=2.772 | lambda_MMD=0.300
2025-09-29 10:13:01 - Epoch Summary: TrainLoss=1.2959 | TrainAcc=0.652 | Val(P3)=0.588 | Val(AVO)=0.643
2025-09-29 10:13:01 - No P3-val improvement; patience remaining: 27/50
2025-09-29 10:13:01 - Epoch 28/500 | LR=0.009928 | w_AVO=1.000 | w_P3=2.772 | lambda_MMD=0.300
2025-09-29 10:13:02 - Epoch Summary: TrainLoss=1.2619 | TrainAcc=0.663 | Val(P3)=0.588 | Val(AVO)=0.601
2025-09-29 10:13:02 - No P3-val improvement; patience remaining: 26/50
2025-09-29 10:13:02 - Epoch 29/500 | LR=0.009923 | w_AVO=1.000 | w_P3=2.772 | lambda_MMD=0.300
2025-09-29 10:13:02 - Epoch Summary: TrainLoss=1.3043 | TrainAcc=0.654 | Val(P3)=0.559 | Val(AVO)=0.640
2025-09-29 10:13:02 - No P3-val improvement; patience remaining: 25/50
2025-09-29 10:13:02 - Epoch 30/500 | LR=0.009917 | w_AVO=1.000 | w_P3=2.772 | lambda_MMD=0.300
2025-09-29 10:13:02 - Epoch Summary: TrainLoss=1.2968 | TrainAcc=0.656 | Val(P3)=0.588 | Val(AVO)=0.637
2025-09-29 10:13:02 - No P3-val improvement; patience remaining: 24/50
2025-09-29 10:13:02 - Epoch 31/500 | LR=0.009911 | w_AVO=1.000 | w_P3=2.772 | lambda_MMD=0.300
2025-09-29 10:13:02 - Epoch Summary: TrainLoss=1.2013 | TrainAcc=0.663 | Val(P3)=0.559 | Val(AVO)=0.617
2025-09-29 10:13:02 - No P3-val improvement; patience remaining: 23/50
2025-09-29 10:13:02 - AVO val decreasing 3x. Reducing lambda_MMD to 0.210
2025-09-29 10:13:02 - Epoch 32/500 | LR=0.009905 | w_AVO=1.000 | w_P3=2.772 | lambda_MMD=0.210
2025-09-29 10:13:02 - Epoch Summary: TrainLoss=1.2228 | TrainAcc=0.659 | Val(P3)=0.588 | Val(AVO)=0.611
2025-09-29 10:13:02 - No P3-val improvement; patience remaining: 22/50
2025-09-29 10:13:02 - AVO val decreasing 3x. Reducing lambda_MMD to 0.210
2025-09-29 10:13:02 - Epoch 33/500 | LR=0.009899 | w_AVO=1.000 | w_P3=2.772 | lambda_MMD=0.210
2025-09-29 10:13:02 - Epoch Summary: TrainLoss=1.2955 | TrainAcc=0.645 | Val(P3)=0.559 | Val(AVO)=0.614
2025-09-29 10:13:02 - No P3-val improvement; patience remaining: 21/50
2025-09-29 10:13:02 - Epoch 34/500 | LR=0.009893 | w_AVO=1.000 | w_P3=2.772 | lambda_MMD=0.300
2025-09-29 10:13:02 - Epoch Summary: TrainLoss=1.2210 | TrainAcc=0.662 | Val(P3)=0.500 | Val(AVO)=0.598
2025-09-29 10:13:02 - No P3-val improvement; patience remaining: 20/50
2025-09-29 10:13:02 - P3 val decreasing 3x. Reducing w_small to 2.218, lambda_MMD to 0.150
2025-09-29 10:13:02 - Epoch 35/500 | LR=0.009886 | w_AVO=1.000 | w_P3=2.218 | lambda_MMD=0.150
2025-09-29 10:13:02 - Epoch Summary: TrainLoss=1.1695 | TrainAcc=0.653 | Val(P3)=0.588 | Val(AVO)=0.608
2025-09-29 10:13:02 - No P3-val improvement; patience remaining: 19/50
2025-09-29 10:13:02 - Epoch 36/500 | LR=0.009880 | w_AVO=1.000 | w_P3=2.772 | lambda_MMD=0.300
2025-09-29 10:13:03 - Epoch Summary: TrainLoss=1.2866 | TrainAcc=0.652 | Val(P3)=0.559 | Val(AVO)=0.637
2025-09-29 10:13:03 - No P3-val improvement; patience remaining: 18/50
2025-09-29 10:13:03 - Epoch 37/500 | LR=0.009873 | w_AVO=1.000 | w_P3=2.772 | lambda_MMD=0.300
2025-09-29 10:13:03 - Epoch Summary: TrainLoss=1.2119 | TrainAcc=0.642 | Val(P3)=0.559 | Val(AVO)=0.624
2025-09-29 10:13:03 - No P3-val improvement; patience remaining: 17/50
2025-09-29 10:13:03 - Epoch 38/500 | LR=0.009865 | w_AVO=1.000 | w_P3=2.772 | lambda_MMD=0.300
2025-09-29 10:13:03 - Epoch Summary: TrainLoss=1.2165 | TrainAcc=0.658 | Val(P3)=0.588 | Val(AVO)=0.640
2025-09-29 10:13:03 - No P3-val improvement; patience remaining: 16/50
2025-09-29 10:13:03 - Epoch 39/500 | LR=0.009858 | w_AVO=1.000 | w_P3=2.772 | lambda_MMD=0.300
2025-09-29 10:13:03 - Epoch Summary: TrainLoss=1.2155 | TrainAcc=0.671 | Val(P3)=0.588 | Val(AVO)=0.633
2025-09-29 10:13:03 - No P3-val improvement; patience remaining: 15/50
2025-09-29 10:13:03 - Epoch 40/500 | LR=0.009851 | w_AVO=1.000 | w_P3=2.772 | lambda_MMD=0.300
2025-09-29 10:13:03 - Epoch Summary: TrainLoss=1.1578 | TrainAcc=0.663 | Val(P3)=0.588 | Val(AVO)=0.640
2025-09-29 10:13:03 - No P3-val improvement; patience remaining: 14/50
2025-09-29 10:13:03 - Epoch 41/500 | LR=0.009843 | w_AVO=1.000 | w_P3=2.772 | lambda_MMD=0.300
2025-09-29 10:13:03 - Epoch Summary: TrainLoss=1.1303 | TrainAcc=0.666 | Val(P3)=0.588 | Val(AVO)=0.637
2025-09-29 10:13:03 - No P3-val improvement; patience remaining: 13/50
2025-09-29 10:13:03 - Epoch 42/500 | LR=0.009835 | w_AVO=1.000 | w_P3=2.772 | lambda_MMD=0.300
2025-09-29 10:13:03 - Epoch Summary: TrainLoss=1.2085 | TrainAcc=0.648 | Val(P3)=0.588 | Val(AVO)=0.611
2025-09-29 10:13:03 - No P3-val improvement; patience remaining: 12/50
2025-09-29 10:13:03 - AVO val decreasing 3x. Reducing lambda_MMD to 0.210
2025-09-29 10:13:03 - Epoch 43/500 | LR=0.009827 | w_AVO=1.000 | w_P3=2.772 | lambda_MMD=0.210
2025-09-29 10:13:04 - Epoch Summary: TrainLoss=1.1777 | TrainAcc=0.672 | Val(P3)=0.529 | Val(AVO)=0.637
2025-09-29 10:13:04 - No P3-val improvement; patience remaining: 11/50
2025-09-29 10:13:04 - Epoch 44/500 | LR=0.009819 | w_AVO=1.000 | w_P3=2.772 | lambda_MMD=0.300
2025-09-29 10:13:04 - Epoch Summary: TrainLoss=1.1521 | TrainAcc=0.652 | Val(P3)=0.588 | Val(AVO)=0.637
2025-09-29 10:13:04 - No P3-val improvement; patience remaining: 10/50
2025-09-29 10:13:04 - Epoch 45/500 | LR=0.009810 | w_AVO=1.000 | w_P3=2.772 | lambda_MMD=0.300
2025-09-29 10:13:04 - Epoch Summary: TrainLoss=1.1540 | TrainAcc=0.673 | Val(P3)=0.588 | Val(AVO)=0.614
2025-09-29 10:13:04 - No P3-val improvement; patience remaining: 9/50
2025-09-29 10:13:04 - Epoch 46/500 | LR=0.009801 | w_AVO=1.000 | w_P3=2.772 | lambda_MMD=0.300
2025-09-29 10:13:04 - Epoch Summary: TrainLoss=1.2210 | TrainAcc=0.660 | Val(P3)=0.559 | Val(AVO)=0.637
2025-09-29 10:13:04 - No P3-val improvement; patience remaining: 8/50
2025-09-29 10:13:04 - Epoch 47/500 | LR=0.009793 | w_AVO=1.000 | w_P3=2.772 | lambda_MMD=0.300
2025-09-29 10:13:04 - Epoch Summary: TrainLoss=1.1468 | TrainAcc=0.667 | Val(P3)=0.588 | Val(AVO)=0.646
2025-09-29 10:13:04 - No P3-val improvement; patience remaining: 7/50
2025-09-29 10:13:04 - Epoch 48/500 | LR=0.009784 | w_AVO=1.000 | w_P3=2.772 | lambda_MMD=0.300
2025-09-29 10:13:04 - Epoch Summary: TrainLoss=1.1683 | TrainAcc=0.678 | Val(P3)=0.588 | Val(AVO)=0.617
2025-09-29 10:13:04 - No P3-val improvement; patience remaining: 6/50
2025-09-29 10:13:04 - Epoch 49/500 | LR=0.009774 | w_AVO=1.000 | w_P3=2.772 | lambda_MMD=0.300
2025-09-29 10:13:04 - Epoch Summary: TrainLoss=1.1258 | TrainAcc=0.669 | Val(P3)=0.588 | Val(AVO)=0.592
2025-09-29 10:13:04 - No P3-val improvement; patience remaining: 5/50
2025-09-29 10:13:04 - AVO val decreasing 3x. Reducing lambda_MMD to 0.210
2025-09-29 10:13:04 - Epoch 50/500 | LR=0.009765 | w_AVO=1.000 | w_P3=2.772 | lambda_MMD=0.210
2025-09-29 10:13:04 - Epoch Summary: TrainLoss=1.1578 | TrainAcc=0.672 | Val(P3)=0.529 | Val(AVO)=0.637
2025-09-29 10:13:04 - No P3-val improvement; patience remaining: 4/50
2025-09-29 10:13:04 - Epoch 51/500 | LR=0.009755 | w_AVO=1.000 | w_P3=2.772 | lambda_MMD=0.300
2025-09-29 10:13:05 - Epoch Summary: TrainLoss=1.1284 | TrainAcc=0.676 | Val(P3)=0.559 | Val(AVO)=0.650
2025-09-29 10:13:05 - No P3-val improvement; patience remaining: 3/50
2025-09-29 10:13:05 - Epoch 52/500 | LR=0.009745 | w_AVO=1.000 | w_P3=2.772 | lambda_MMD=0.300
2025-09-29 10:13:05 - Epoch Summary: TrainLoss=1.1767 | TrainAcc=0.657 | Val(P3)=0.559 | Val(AVO)=0.617
2025-09-29 10:13:05 - No P3-val improvement; patience remaining: 2/50
2025-09-29 10:13:05 - Epoch 53/500 | LR=0.009735 | w_AVO=1.000 | w_P3=2.772 | lambda_MMD=0.300
2025-09-29 10:13:05 - Epoch Summary: TrainLoss=1.1797 | TrainAcc=0.656 | Val(P3)=0.647 | Val(AVO)=0.624
2025-09-29 10:13:05 - No P3-val improvement; patience remaining: 1/50
2025-09-29 10:13:05 - Epoch 54/500 | LR=0.009725 | w_AVO=1.000 | w_P3=2.772 | lambda_MMD=0.300
2025-09-29 10:13:05 - Epoch Summary: TrainLoss=1.1383 | TrainAcc=0.676 | Val(P3)=0.588 | Val(AVO)=0.640
2025-09-29 10:13:05 - No P3-val improvement; patience remaining: 0/50
2025-09-29 10:13:05 - Early stopping triggered (P3-val)
2025-09-29 10:13:05 -     P3 Test | Acc=0.6023 P=0.5429 R=0.5000 F1=0.5205 AUC=0.6279 (n=88)
2025-09-29 10:13:05 -     AVO Test | Acc=0.6173 P=0.7088 R=0.4216 F1=0.5287 AUC=0.7025 (n=601)
2025-09-29 10:13:05 -     Overall Test Acc=0.6154
2025-09-29 10:13:05 -   Fold 5/5
2025-09-29 10:13:05 - Fold domains: small=P3 (n=306), large=AVO (n=2108)
2025-09-29 10:13:05 - Auto adjustments (symmetric): w_small≈1.000, lambda_MMD_target=0.300, warmup_epochs=5
2025-09-29 10:13:05 - Epoch 1/500 | LR=0.010000 | w_AVO=1.000 | w_P3=1.325 | lambda_MMD=0.060
2025-09-29 10:13:05 - Epoch Summary: TrainLoss=1.7877 | TrainAcc=0.561 | Val(P3)=0.639 | Val(AVO)=0.599
2025-09-29 10:13:05 - New best P3-val; checkpoint updated
2025-09-29 10:13:05 - Epoch 2/500 | LR=0.010000 | w_AVO=1.000 | w_P3=1.650 | lambda_MMD=0.120
2025-09-29 10:13:05 - Epoch Summary: TrainLoss=1.7034 | TrainAcc=0.587 | Val(P3)=0.611 | Val(AVO)=0.595
2025-09-29 10:13:05 - No P3-val improvement; patience remaining: 49/50
2025-09-29 10:13:05 - Epoch 3/500 | LR=0.010000 | w_AVO=1.000 | w_P3=1.975 | lambda_MMD=0.180
2025-09-29 10:13:06 - Epoch Summary: TrainLoss=1.7800 | TrainAcc=0.601 | Val(P3)=0.694 | Val(AVO)=0.576
2025-09-29 10:13:06 - New best P3-val; checkpoint updated
2025-09-29 10:13:06 - AVO val decreasing 3x. Reducing lambda_MMD to 0.168
2025-09-29 10:13:06 - Epoch 4/500 | LR=0.009999 | w_AVO=1.000 | w_P3=2.300 | lambda_MMD=0.168
2025-09-29 10:13:06 - Epoch Summary: TrainLoss=1.8667 | TrainAcc=0.593 | Val(P3)=0.667 | Val(AVO)=0.592
2025-09-29 10:13:06 - No P3-val improvement; patience remaining: 49/50
2025-09-29 10:13:06 - Epoch 5/500 | LR=0.009998 | w_AVO=1.000 | w_P3=2.625 | lambda_MMD=0.300
2025-09-29 10:13:06 - Epoch Summary: TrainLoss=1.9081 | TrainAcc=0.619 | Val(P3)=0.583 | Val(AVO)=0.570
2025-09-29 10:13:06 - No P3-val improvement; patience remaining: 48/50
2025-09-29 10:13:06 - P3 val decreasing 3x. Reducing w_small to 2.100, lambda_MMD to 0.150
2025-09-29 10:13:06 - Epoch 6/500 | LR=0.009998 | w_AVO=1.000 | w_P3=2.100 | lambda_MMD=0.150
2025-09-29 10:13:06 - Epoch Summary: TrainLoss=1.5940 | TrainAcc=0.629 | Val(P3)=0.639 | Val(AVO)=0.608
2025-09-29 10:13:06 - No P3-val improvement; patience remaining: 47/50
2025-09-29 10:13:06 - Epoch 7/500 | LR=0.009996 | w_AVO=1.000 | w_P3=2.625 | lambda_MMD=0.300
2025-09-29 10:13:06 - Epoch Summary: TrainLoss=1.7981 | TrainAcc=0.613 | Val(P3)=0.611 | Val(AVO)=0.631
2025-09-29 10:13:06 - No P3-val improvement; patience remaining: 46/50
2025-09-29 10:13:06 - Epoch 8/500 | LR=0.009995 | w_AVO=1.000 | w_P3=2.625 | lambda_MMD=0.300
2025-09-29 10:13:06 - Epoch Summary: TrainLoss=1.7513 | TrainAcc=0.620 | Val(P3)=0.667 | Val(AVO)=0.615
2025-09-29 10:13:06 - No P3-val improvement; patience remaining: 45/50
2025-09-29 10:13:06 - Epoch 9/500 | LR=0.009994 | w_AVO=1.000 | w_P3=2.625 | lambda_MMD=0.300
2025-09-29 10:13:06 - Epoch Summary: TrainLoss=1.6907 | TrainAcc=0.621 | Val(P3)=0.667 | Val(AVO)=0.631
2025-09-29 10:13:06 - No P3-val improvement; patience remaining: 44/50
2025-09-29 10:13:06 - Epoch 10/500 | LR=0.009992 | w_AVO=1.000 | w_P3=2.625 | lambda_MMD=0.300
2025-09-29 10:13:07 - Epoch Summary: TrainLoss=1.6621 | TrainAcc=0.606 | Val(P3)=0.583 | Val(AVO)=0.612
2025-09-29 10:13:07 - No P3-val improvement; patience remaining: 43/50
2025-09-29 10:13:07 - Epoch 11/500 | LR=0.009990 | w_AVO=1.000 | w_P3=2.625 | lambda_MMD=0.300
2025-09-29 10:13:07 - Epoch Summary: TrainLoss=1.6258 | TrainAcc=0.616 | Val(P3)=0.611 | Val(AVO)=0.618
2025-09-29 10:13:07 - No P3-val improvement; patience remaining: 42/50
2025-09-29 10:13:07 - Epoch 12/500 | LR=0.009988 | w_AVO=1.000 | w_P3=2.625 | lambda_MMD=0.300
2025-09-29 10:13:07 - Epoch Summary: TrainLoss=1.6011 | TrainAcc=0.621 | Val(P3)=0.611 | Val(AVO)=0.625
2025-09-29 10:13:07 - No P3-val improvement; patience remaining: 41/50
2025-09-29 10:13:07 - Epoch 13/500 | LR=0.009986 | w_AVO=1.000 | w_P3=2.625 | lambda_MMD=0.300
2025-09-29 10:13:07 - Epoch Summary: TrainLoss=1.5886 | TrainAcc=0.620 | Val(P3)=0.583 | Val(AVO)=0.650
2025-09-29 10:13:07 - No P3-val improvement; patience remaining: 40/50
2025-09-29 10:13:07 - Epoch 14/500 | LR=0.009983 | w_AVO=1.000 | w_P3=2.625 | lambda_MMD=0.300
2025-09-29 10:13:07 - Epoch Summary: TrainLoss=1.5666 | TrainAcc=0.618 | Val(P3)=0.583 | Val(AVO)=0.641
2025-09-29 10:13:07 - No P3-val improvement; patience remaining: 39/50
2025-09-29 10:13:07 - Epoch 15/500 | LR=0.009981 | w_AVO=1.000 | w_P3=2.625 | lambda_MMD=0.300
2025-09-29 10:13:07 - Epoch Summary: TrainLoss=1.4767 | TrainAcc=0.622 | Val(P3)=0.583 | Val(AVO)=0.660
2025-09-29 10:13:07 - No P3-val improvement; patience remaining: 38/50
2025-09-29 10:13:07 - Epoch 16/500 | LR=0.009978 | w_AVO=1.000 | w_P3=2.625 | lambda_MMD=0.300
2025-09-29 10:13:07 - Epoch Summary: TrainLoss=1.4924 | TrainAcc=0.622 | Val(P3)=0.611 | Val(AVO)=0.654
2025-09-29 10:13:07 - No P3-val improvement; patience remaining: 37/50
2025-09-29 10:13:07 - Epoch 17/500 | LR=0.009975 | w_AVO=1.000 | w_P3=2.625 | lambda_MMD=0.300
2025-09-29 10:13:08 - Epoch Summary: TrainLoss=1.4627 | TrainAcc=0.628 | Val(P3)=0.556 | Val(AVO)=0.644
2025-09-29 10:13:08 - No P3-val improvement; patience remaining: 36/50
2025-09-29 10:13:08 - AVO val decreasing 3x. Reducing lambda_MMD to 0.210
2025-09-29 10:13:08 - Epoch 18/500 | LR=0.009972 | w_AVO=1.000 | w_P3=2.625 | lambda_MMD=0.210
2025-09-29 10:13:08 - Epoch Summary: TrainLoss=1.4344 | TrainAcc=0.628 | Val(P3)=0.611 | Val(AVO)=0.634
2025-09-29 10:13:08 - No P3-val improvement; patience remaining: 35/50
2025-09-29 10:13:08 - AVO val decreasing 3x. Reducing lambda_MMD to 0.210
2025-09-29 10:13:08 - Epoch 19/500 | LR=0.009968 | w_AVO=1.000 | w_P3=2.625 | lambda_MMD=0.210
2025-09-29 10:13:08 - Epoch Summary: TrainLoss=1.4277 | TrainAcc=0.619 | Val(P3)=0.556 | Val(AVO)=0.631
2025-09-29 10:13:08 - No P3-val improvement; patience remaining: 34/50
2025-09-29 10:13:08 - AVO val decreasing 3x. Reducing lambda_MMD to 0.210
2025-09-29 10:13:08 - Epoch 20/500 | LR=0.009964 | w_AVO=1.000 | w_P3=2.625 | lambda_MMD=0.210
2025-09-29 10:13:08 - Epoch Summary: TrainLoss=1.3996 | TrainAcc=0.632 | Val(P3)=0.611 | Val(AVO)=0.641
2025-09-29 10:13:08 - No P3-val improvement; patience remaining: 33/50
2025-09-29 10:13:08 - Epoch 21/500 | LR=0.009961 | w_AVO=1.000 | w_P3=2.625 | lambda_MMD=0.300
2025-09-29 10:13:08 - Epoch Summary: TrainLoss=1.4348 | TrainAcc=0.610 | Val(P3)=0.639 | Val(AVO)=0.676
2025-09-29 10:13:08 - No P3-val improvement; patience remaining: 32/50
2025-09-29 10:13:08 - Epoch 22/500 | LR=0.009957 | w_AVO=1.000 | w_P3=2.625 | lambda_MMD=0.300
2025-09-29 10:13:08 - Epoch Summary: TrainLoss=1.3723 | TrainAcc=0.636 | Val(P3)=0.583 | Val(AVO)=0.654
2025-09-29 10:13:08 - No P3-val improvement; patience remaining: 31/50
2025-09-29 10:13:08 - Epoch 23/500 | LR=0.009952 | w_AVO=1.000 | w_P3=2.625 | lambda_MMD=0.300
2025-09-29 10:13:08 - Epoch Summary: TrainLoss=1.4237 | TrainAcc=0.620 | Val(P3)=0.611 | Val(AVO)=0.634
2025-09-29 10:13:08 - No P3-val improvement; patience remaining: 30/50
2025-09-29 10:13:08 - AVO val decreasing 3x. Reducing lambda_MMD to 0.210
2025-09-29 10:13:08 - Epoch 24/500 | LR=0.009948 | w_AVO=1.000 | w_P3=2.625 | lambda_MMD=0.210
2025-09-29 10:13:08 - Epoch Summary: TrainLoss=1.3663 | TrainAcc=0.637 | Val(P3)=0.639 | Val(AVO)=0.660
2025-09-29 10:13:08 - No P3-val improvement; patience remaining: 29/50
2025-09-29 10:13:08 - Epoch 25/500 | LR=0.009943 | w_AVO=1.000 | w_P3=2.625 | lambda_MMD=0.300
2025-09-29 10:13:09 - Epoch Summary: TrainLoss=1.3581 | TrainAcc=0.642 | Val(P3)=0.667 | Val(AVO)=0.647
2025-09-29 10:13:09 - No P3-val improvement; patience remaining: 28/50
2025-09-29 10:13:09 - Epoch 26/500 | LR=0.009938 | w_AVO=1.000 | w_P3=2.625 | lambda_MMD=0.300
2025-09-29 10:13:09 - Epoch Summary: TrainLoss=1.3631 | TrainAcc=0.630 | Val(P3)=0.667 | Val(AVO)=0.644
2025-09-29 10:13:09 - No P3-val improvement; patience remaining: 27/50
2025-09-29 10:13:09 - AVO val decreasing 3x. Reducing lambda_MMD to 0.210
2025-09-29 10:13:09 - Epoch 27/500 | LR=0.009933 | w_AVO=1.000 | w_P3=2.625 | lambda_MMD=0.210
2025-09-29 10:13:09 - Epoch Summary: TrainLoss=1.3588 | TrainAcc=0.635 | Val(P3)=0.583 | Val(AVO)=0.644
2025-09-29 10:13:09 - No P3-val improvement; patience remaining: 26/50
2025-09-29 10:13:09 - Epoch 28/500 | LR=0.009928 | w_AVO=1.000 | w_P3=2.625 | lambda_MMD=0.300
2025-09-29 10:13:09 - Epoch Summary: TrainLoss=1.2916 | TrainAcc=0.639 | Val(P3)=0.611 | Val(AVO)=0.634
2025-09-29 10:13:09 - No P3-val improvement; patience remaining: 25/50
2025-09-29 10:13:09 - Epoch 29/500 | LR=0.009923 | w_AVO=1.000 | w_P3=2.625 | lambda_MMD=0.300
2025-09-29 10:13:09 - Epoch Summary: TrainLoss=1.3237 | TrainAcc=0.634 | Val(P3)=0.611 | Val(AVO)=0.660
2025-09-29 10:13:09 - No P3-val improvement; patience remaining: 24/50
2025-09-29 10:13:09 - Epoch 30/500 | LR=0.009917 | w_AVO=1.000 | w_P3=2.625 | lambda_MMD=0.300
2025-09-29 10:13:09 - Epoch Summary: TrainLoss=1.2614 | TrainAcc=0.648 | Val(P3)=0.694 | Val(AVO)=0.647
2025-09-29 10:13:09 - No P3-val improvement; patience remaining: 23/50
2025-09-29 10:13:09 - Epoch 31/500 | LR=0.009911 | w_AVO=1.000 | w_P3=2.625 | lambda_MMD=0.300
2025-09-29 10:13:09 - Epoch Summary: TrainLoss=1.2668 | TrainAcc=0.640 | Val(P3)=0.556 | Val(AVO)=0.660
2025-09-29 10:13:09 - No P3-val improvement; patience remaining: 22/50
2025-09-29 10:13:09 - Epoch 32/500 | LR=0.009905 | w_AVO=1.000 | w_P3=2.625 | lambda_MMD=0.300
2025-09-29 10:13:10 - Epoch Summary: TrainLoss=1.2757 | TrainAcc=0.644 | Val(P3)=0.611 | Val(AVO)=0.650
2025-09-29 10:13:10 - No P3-val improvement; patience remaining: 21/50
2025-09-29 10:13:10 - Epoch 33/500 | LR=0.009899 | w_AVO=1.000 | w_P3=2.625 | lambda_MMD=0.300
2025-09-29 10:13:10 - Epoch Summary: TrainLoss=1.3075 | TrainAcc=0.634 | Val(P3)=0.611 | Val(AVO)=0.654
2025-09-29 10:13:10 - No P3-val improvement; patience remaining: 20/50
2025-09-29 10:13:10 - Epoch 34/500 | LR=0.009893 | w_AVO=1.000 | w_P3=2.625 | lambda_MMD=0.300
2025-09-29 10:13:10 - Epoch Summary: TrainLoss=1.2943 | TrainAcc=0.650 | Val(P3)=0.639 | Val(AVO)=0.641
2025-09-29 10:13:10 - No P3-val improvement; patience remaining: 19/50
2025-09-29 10:13:10 - Epoch 35/500 | LR=0.009886 | w_AVO=1.000 | w_P3=2.625 | lambda_MMD=0.300
2025-09-29 10:13:10 - Epoch Summary: TrainLoss=1.3078 | TrainAcc=0.631 | Val(P3)=0.556 | Val(AVO)=0.647
2025-09-29 10:13:10 - No P3-val improvement; patience remaining: 18/50
2025-09-29 10:13:10 - Epoch 36/500 | LR=0.009880 | w_AVO=1.000 | w_P3=2.625 | lambda_MMD=0.300
2025-09-29 10:13:10 - Epoch Summary: TrainLoss=1.2808 | TrainAcc=0.645 | Val(P3)=0.556 | Val(AVO)=0.650
2025-09-29 10:13:10 - No P3-val improvement; patience remaining: 17/50
2025-09-29 10:13:10 - Epoch 37/500 | LR=0.009873 | w_AVO=1.000 | w_P3=2.625 | lambda_MMD=0.300
2025-09-29 10:13:10 - Epoch Summary: TrainLoss=1.2427 | TrainAcc=0.658 | Val(P3)=0.583 | Val(AVO)=0.641
2025-09-29 10:13:10 - No P3-val improvement; patience remaining: 16/50
2025-09-29 10:13:10 - Epoch 38/500 | LR=0.009865 | w_AVO=1.000 | w_P3=2.625 | lambda_MMD=0.300
2025-09-29 10:13:10 - Epoch Summary: TrainLoss=1.2173 | TrainAcc=0.657 | Val(P3)=0.500 | Val(AVO)=0.667
2025-09-29 10:13:10 - No P3-val improvement; patience remaining: 15/50
2025-09-29 10:13:10 - Epoch 39/500 | LR=0.009858 | w_AVO=1.000 | w_P3=2.625 | lambda_MMD=0.300
2025-09-29 10:13:11 - Epoch Summary: TrainLoss=1.2945 | TrainAcc=0.642 | Val(P3)=0.667 | Val(AVO)=0.625
2025-09-29 10:13:11 - No P3-val improvement; patience remaining: 14/50
2025-09-29 10:13:11 - Epoch 40/500 | LR=0.009851 | w_AVO=1.000 | w_P3=2.625 | lambda_MMD=0.300
2025-09-29 10:13:11 - Epoch Summary: TrainLoss=1.2445 | TrainAcc=0.639 | Val(P3)=0.583 | Val(AVO)=0.663
2025-09-29 10:13:11 - No P3-val improvement; patience remaining: 13/50
2025-09-29 10:13:11 - Epoch 41/500 | LR=0.009843 | w_AVO=1.000 | w_P3=2.625 | lambda_MMD=0.300
2025-09-29 10:13:11 - Epoch Summary: TrainLoss=1.2670 | TrainAcc=0.653 | Val(P3)=0.556 | Val(AVO)=0.638
2025-09-29 10:13:11 - No P3-val improvement; patience remaining: 12/50
2025-09-29 10:13:11 - P3 val decreasing 3x. Reducing w_small to 2.100, lambda_MMD to 0.150
2025-09-29 10:13:11 - Epoch 42/500 | LR=0.009835 | w_AVO=1.000 | w_P3=2.100 | lambda_MMD=0.150
2025-09-29 10:13:11 - Epoch Summary: TrainLoss=1.1543 | TrainAcc=0.634 | Val(P3)=0.583 | Val(AVO)=0.657
2025-09-29 10:13:11 - No P3-val improvement; patience remaining: 11/50
2025-09-29 10:13:11 - Epoch 43/500 | LR=0.009827 | w_AVO=1.000 | w_P3=2.625 | lambda_MMD=0.300
2025-09-29 10:13:11 - Epoch Summary: TrainLoss=1.2189 | TrainAcc=0.651 | Val(P3)=0.583 | Val(AVO)=0.680
2025-09-29 10:13:11 - No P3-val improvement; patience remaining: 10/50
2025-09-29 10:13:11 - Epoch 44/500 | LR=0.009819 | w_AVO=1.000 | w_P3=2.625 | lambda_MMD=0.300
2025-09-29 10:13:11 - Epoch Summary: TrainLoss=1.2328 | TrainAcc=0.656 | Val(P3)=0.500 | Val(AVO)=0.657
2025-09-29 10:13:11 - No P3-val improvement; patience remaining: 9/50
2025-09-29 10:13:11 - Epoch 45/500 | LR=0.009810 | w_AVO=1.000 | w_P3=2.625 | lambda_MMD=0.300
2025-09-29 10:13:11 - Epoch Summary: TrainLoss=1.2357 | TrainAcc=0.644 | Val(P3)=0.667 | Val(AVO)=0.667
2025-09-29 10:13:11 - No P3-val improvement; patience remaining: 8/50
2025-09-29 10:13:11 - Epoch 46/500 | LR=0.009801 | w_AVO=1.000 | w_P3=2.625 | lambda_MMD=0.300
2025-09-29 10:13:12 - Epoch Summary: TrainLoss=1.2112 | TrainAcc=0.639 | Val(P3)=0.611 | Val(AVO)=0.663
2025-09-29 10:13:12 - No P3-val improvement; patience remaining: 7/50
2025-09-29 10:13:12 - Epoch 47/500 | LR=0.009793 | w_AVO=1.000 | w_P3=2.625 | lambda_MMD=0.300
2025-09-29 10:13:12 - Epoch Summary: TrainLoss=1.2342 | TrainAcc=0.657 | Val(P3)=0.556 | Val(AVO)=0.667
2025-09-29 10:13:12 - No P3-val improvement; patience remaining: 6/50
2025-09-29 10:13:12 - P3 val decreasing 3x. Reducing w_small to 2.100, lambda_MMD to 0.150
2025-09-29 10:13:12 - Epoch 48/500 | LR=0.009784 | w_AVO=1.000 | w_P3=2.100 | lambda_MMD=0.150
2025-09-29 10:13:12 - Epoch Summary: TrainLoss=1.1477 | TrainAcc=0.651 | Val(P3)=0.611 | Val(AVO)=0.667
2025-09-29 10:13:12 - No P3-val improvement; patience remaining: 5/50
2025-09-29 10:13:12 - Epoch 49/500 | LR=0.009774 | w_AVO=1.000 | w_P3=2.625 | lambda_MMD=0.300
2025-09-29 10:13:12 - Epoch Summary: TrainLoss=1.1923 | TrainAcc=0.648 | Val(P3)=0.583 | Val(AVO)=0.650
2025-09-29 10:13:12 - No P3-val improvement; patience remaining: 4/50
2025-09-29 10:13:12 - Epoch 50/500 | LR=0.009765 | w_AVO=1.000 | w_P3=2.625 | lambda_MMD=0.300
2025-09-29 10:13:12 - Epoch Summary: TrainLoss=1.2048 | TrainAcc=0.650 | Val(P3)=0.583 | Val(AVO)=0.686
2025-09-29 10:13:12 - No P3-val improvement; patience remaining: 3/50
2025-09-29 10:13:12 - Epoch 51/500 | LR=0.009755 | w_AVO=1.000 | w_P3=2.625 | lambda_MMD=0.300
2025-09-29 10:13:12 - Epoch Summary: TrainLoss=1.2144 | TrainAcc=0.650 | Val(P3)=0.583 | Val(AVO)=0.654
2025-09-29 10:13:12 - No P3-val improvement; patience remaining: 2/50
2025-09-29 10:13:12 - Epoch 52/500 | LR=0.009745 | w_AVO=1.000 | w_P3=2.625 | lambda_MMD=0.300
2025-09-29 10:13:12 - Epoch Summary: TrainLoss=1.2141 | TrainAcc=0.649 | Val(P3)=0.611 | Val(AVO)=0.660
2025-09-29 10:13:12 - No P3-val improvement; patience remaining: 1/50
2025-09-29 10:13:12 - Epoch 53/500 | LR=0.009735 | w_AVO=1.000 | w_P3=2.625 | lambda_MMD=0.300
2025-09-29 10:13:12 - Epoch Summary: TrainLoss=1.2217 | TrainAcc=0.658 | Val(P3)=0.611 | Val(AVO)=0.676
2025-09-29 10:13:12 - No P3-val improvement; patience remaining: 0/50
2025-09-29 10:13:12 - Early stopping triggered (P3-val)
2025-09-29 10:13:13 -     P3 Test | Acc=0.6379 P=0.7083 R=0.5484 F1=0.6182 AUC=0.7180 (n=58)
2025-09-29 10:13:13 -     AVO Test | Acc=0.7005 P=0.6844 R=0.7389 F1=0.7106 AUC=0.7548 (n=631)
2025-09-29 10:13:13 -     Overall Test Acc=0.6952
2025-09-29 10:13:13 - Repeat 4/5
2025-09-29 10:13:13 -   Fold 1/5
2025-09-29 10:13:13 - Fold domains: small=P3 (n=282), large=AVO (n=2131)
2025-09-29 10:13:13 - Auto adjustments (symmetric): w_small≈1.000, lambda_MMD_target=0.300, warmup_epochs=5
2025-09-29 10:13:13 - Epoch 1/500 | LR=0.010000 | w_AVO=1.000 | w_P3=1.350 | lambda_MMD=0.060
2025-09-29 10:13:13 - Epoch Summary: TrainLoss=1.8604 | TrainAcc=0.544 | Val(P3)=0.529 | Val(AVO)=0.556
2025-09-29 10:13:13 - New best P3-val; checkpoint updated
2025-09-29 10:13:13 - Epoch 2/500 | LR=0.010000 | w_AVO=1.000 | w_P3=1.700 | lambda_MMD=0.120
2025-09-29 10:13:13 - Epoch Summary: TrainLoss=1.7847 | TrainAcc=0.567 | Val(P3)=0.529 | Val(AVO)=0.547
2025-09-29 10:13:13 - No P3-val improvement; patience remaining: 49/50
2025-09-29 10:13:13 - Epoch 3/500 | LR=0.010000 | w_AVO=1.000 | w_P3=2.049 | lambda_MMD=0.180
2025-09-29 10:13:13 - Epoch Summary: TrainLoss=1.8643 | TrainAcc=0.581 | Val(P3)=0.500 | Val(AVO)=0.540
2025-09-29 10:13:13 - No P3-val improvement; patience remaining: 48/50
2025-09-29 10:13:13 - AVO val decreasing 3x. Reducing lambda_MMD to 0.168
2025-09-29 10:13:13 - Epoch 4/500 | LR=0.009999 | w_AVO=1.000 | w_P3=2.399 | lambda_MMD=0.168
2025-09-29 10:13:13 - Epoch Summary: TrainLoss=1.9018 | TrainAcc=0.589 | Val(P3)=0.471 | Val(AVO)=0.585
2025-09-29 10:13:13 - No P3-val improvement; patience remaining: 47/50
2025-09-29 10:13:13 - P3 val decreasing 3x. Reducing w_small to 2.199, lambda_MMD to 0.150
2025-09-29 10:13:13 - Epoch 5/500 | LR=0.009998 | w_AVO=1.000 | w_P3=2.199 | lambda_MMD=0.150
2025-09-29 10:13:13 - Epoch Summary: TrainLoss=1.7457 | TrainAcc=0.594 | Val(P3)=0.618 | Val(AVO)=0.630
2025-09-29 10:13:13 - New best P3-val; checkpoint updated
2025-09-29 10:13:13 - Epoch 6/500 | LR=0.009998 | w_AVO=1.000 | w_P3=2.749 | lambda_MMD=0.300
2025-09-29 10:13:13 - Epoch Summary: TrainLoss=1.9820 | TrainAcc=0.607 | Val(P3)=0.529 | Val(AVO)=0.611
2025-09-29 10:13:13 - No P3-val improvement; patience remaining: 49/50
2025-09-29 10:13:13 - Epoch 7/500 | LR=0.009996 | w_AVO=1.000 | w_P3=2.749 | lambda_MMD=0.300
2025-09-29 10:13:14 - Epoch Summary: TrainLoss=1.8249 | TrainAcc=0.604 | Val(P3)=0.618 | Val(AVO)=0.614
2025-09-29 10:13:14 - No P3-val improvement; patience remaining: 48/50
2025-09-29 10:13:14 - Epoch 8/500 | LR=0.009995 | w_AVO=1.000 | w_P3=2.749 | lambda_MMD=0.300
2025-09-29 10:13:14 - Epoch Summary: TrainLoss=1.7787 | TrainAcc=0.623 | Val(P3)=0.647 | Val(AVO)=0.640
2025-09-29 10:13:14 - New best P3-val; checkpoint updated
2025-09-29 10:13:14 - Epoch 9/500 | LR=0.009994 | w_AVO=1.000 | w_P3=2.749 | lambda_MMD=0.300
2025-09-29 10:13:14 - Epoch Summary: TrainLoss=1.7797 | TrainAcc=0.606 | Val(P3)=0.559 | Val(AVO)=0.624
2025-09-29 10:13:14 - No P3-val improvement; patience remaining: 49/50
2025-09-29 10:13:14 - Epoch 10/500 | LR=0.009992 | w_AVO=1.000 | w_P3=2.749 | lambda_MMD=0.300
2025-09-29 10:13:14 - Epoch Summary: TrainLoss=1.6789 | TrainAcc=0.615 | Val(P3)=0.618 | Val(AVO)=0.624
2025-09-29 10:13:14 - No P3-val improvement; patience remaining: 48/50
2025-09-29 10:13:14 - Epoch 11/500 | LR=0.009990 | w_AVO=1.000 | w_P3=2.749 | lambda_MMD=0.300
2025-09-29 10:13:14 - Epoch Summary: TrainLoss=1.6761 | TrainAcc=0.623 | Val(P3)=0.529 | Val(AVO)=0.650
2025-09-29 10:13:14 - No P3-val improvement; patience remaining: 47/50
2025-09-29 10:13:14 - Epoch 12/500 | LR=0.009988 | w_AVO=1.000 | w_P3=2.749 | lambda_MMD=0.300
2025-09-29 10:13:14 - Epoch Summary: TrainLoss=1.6136 | TrainAcc=0.620 | Val(P3)=0.618 | Val(AVO)=0.614
2025-09-29 10:13:14 - No P3-val improvement; patience remaining: 46/50
2025-09-29 10:13:14 - Epoch 13/500 | LR=0.009986 | w_AVO=1.000 | w_P3=2.749 | lambda_MMD=0.300
2025-09-29 10:13:14 - Epoch Summary: TrainLoss=1.6538 | TrainAcc=0.635 | Val(P3)=0.588 | Val(AVO)=0.621
2025-09-29 10:13:14 - No P3-val improvement; patience remaining: 45/50
2025-09-29 10:13:14 - Epoch 14/500 | LR=0.009983 | w_AVO=1.000 | w_P3=2.749 | lambda_MMD=0.300
2025-09-29 10:13:14 - Epoch Summary: TrainLoss=1.5399 | TrainAcc=0.628 | Val(P3)=0.588 | Val(AVO)=0.637
2025-09-29 10:13:14 - No P3-val improvement; patience remaining: 44/50
2025-09-29 10:13:14 - Epoch 15/500 | LR=0.009981 | w_AVO=1.000 | w_P3=2.749 | lambda_MMD=0.300
2025-09-29 10:13:15 - Epoch Summary: TrainLoss=1.5656 | TrainAcc=0.634 | Val(P3)=0.529 | Val(AVO)=0.608
2025-09-29 10:13:15 - No P3-val improvement; patience remaining: 43/50
2025-09-29 10:13:15 - Epoch 16/500 | LR=0.009978 | w_AVO=1.000 | w_P3=2.749 | lambda_MMD=0.300
2025-09-29 10:13:15 - Epoch Summary: TrainLoss=1.5317 | TrainAcc=0.620 | Val(P3)=0.676 | Val(AVO)=0.617
2025-09-29 10:13:15 - New best P3-val; checkpoint updated
2025-09-29 10:13:15 - Epoch 17/500 | LR=0.009975 | w_AVO=1.000 | w_P3=2.749 | lambda_MMD=0.300
2025-09-29 10:13:15 - Epoch Summary: TrainLoss=1.4967 | TrainAcc=0.630 | Val(P3)=0.559 | Val(AVO)=0.621
2025-09-29 10:13:15 - No P3-val improvement; patience remaining: 49/50
2025-09-29 10:13:15 - Epoch 18/500 | LR=0.009972 | w_AVO=1.000 | w_P3=2.749 | lambda_MMD=0.300
2025-09-29 10:13:15 - Epoch Summary: TrainLoss=1.4201 | TrainAcc=0.636 | Val(P3)=0.588 | Val(AVO)=0.666
2025-09-29 10:13:15 - No P3-val improvement; patience remaining: 48/50
2025-09-29 10:13:15 - Epoch 19/500 | LR=0.009968 | w_AVO=1.000 | w_P3=2.749 | lambda_MMD=0.300
2025-09-29 10:13:15 - Epoch Summary: TrainLoss=1.4279 | TrainAcc=0.629 | Val(P3)=0.618 | Val(AVO)=0.611
2025-09-29 10:13:15 - No P3-val improvement; patience remaining: 47/50
2025-09-29 10:13:15 - Epoch 20/500 | LR=0.009964 | w_AVO=1.000 | w_P3=2.749 | lambda_MMD=0.300
2025-09-29 10:13:15 - Epoch Summary: TrainLoss=1.4309 | TrainAcc=0.617 | Val(P3)=0.588 | Val(AVO)=0.653
2025-09-29 10:13:15 - No P3-val improvement; patience remaining: 46/50
2025-09-29 10:13:15 - Epoch 21/500 | LR=0.009961 | w_AVO=1.000 | w_P3=2.749 | lambda_MMD=0.300
2025-09-29 10:13:15 - Epoch Summary: TrainLoss=1.4126 | TrainAcc=0.628 | Val(P3)=0.529 | Val(AVO)=0.611
2025-09-29 10:13:15 - No P3-val improvement; patience remaining: 45/50
2025-09-29 10:13:15 - P3 val decreasing 3x. Reducing w_small to 2.199, lambda_MMD to 0.150
2025-09-29 10:13:15 - Epoch 22/500 | LR=0.009957 | w_AVO=1.000 | w_P3=2.199 | lambda_MMD=0.150
2025-09-29 10:13:16 - Epoch Summary: TrainLoss=1.2567 | TrainAcc=0.626 | Val(P3)=0.588 | Val(AVO)=0.630
2025-09-29 10:13:16 - No P3-val improvement; patience remaining: 44/50
2025-09-29 10:13:16 - Epoch 23/500 | LR=0.009952 | w_AVO=1.000 | w_P3=2.749 | lambda_MMD=0.300
2025-09-29 10:13:16 - Epoch Summary: TrainLoss=1.3963 | TrainAcc=0.617 | Val(P3)=0.588 | Val(AVO)=0.614
2025-09-29 10:13:16 - No P3-val improvement; patience remaining: 43/50
2025-09-29 10:13:16 - Epoch 24/500 | LR=0.009948 | w_AVO=1.000 | w_P3=2.749 | lambda_MMD=0.300
2025-09-29 10:13:16 - Epoch Summary: TrainLoss=1.3513 | TrainAcc=0.623 | Val(P3)=0.559 | Val(AVO)=0.624
2025-09-29 10:13:16 - No P3-val improvement; patience remaining: 42/50
2025-09-29 10:13:16 - Epoch 25/500 | LR=0.009943 | w_AVO=1.000 | w_P3=2.749 | lambda_MMD=0.300
2025-09-29 10:13:16 - Epoch Summary: TrainLoss=1.3278 | TrainAcc=0.636 | Val(P3)=0.529 | Val(AVO)=0.633
2025-09-29 10:13:16 - No P3-val improvement; patience remaining: 41/50
2025-09-29 10:13:16 - P3 val decreasing 3x. Reducing w_small to 2.199, lambda_MMD to 0.150
2025-09-29 10:13:16 - Epoch 26/500 | LR=0.009938 | w_AVO=1.000 | w_P3=2.199 | lambda_MMD=0.150
2025-09-29 10:13:16 - Epoch Summary: TrainLoss=1.1496 | TrainAcc=0.644 | Val(P3)=0.559 | Val(AVO)=0.601
2025-09-29 10:13:16 - No P3-val improvement; patience remaining: 40/50
2025-09-29 10:13:16 - Epoch 27/500 | LR=0.009933 | w_AVO=1.000 | w_P3=2.749 | lambda_MMD=0.300
2025-09-29 10:13:16 - Epoch Summary: TrainLoss=1.2609 | TrainAcc=0.651 | Val(P3)=0.588 | Val(AVO)=0.646
2025-09-29 10:13:16 - No P3-val improvement; patience remaining: 39/50
2025-09-29 10:13:16 - Epoch 28/500 | LR=0.009928 | w_AVO=1.000 | w_P3=2.749 | lambda_MMD=0.300
2025-09-29 10:13:16 - Epoch Summary: TrainLoss=1.2757 | TrainAcc=0.653 | Val(P3)=0.618 | Val(AVO)=0.662
2025-09-29 10:13:16 - No P3-val improvement; patience remaining: 38/50
2025-09-29 10:13:16 - Epoch 29/500 | LR=0.009923 | w_AVO=1.000 | w_P3=2.749 | lambda_MMD=0.300
2025-09-29 10:13:17 - Epoch Summary: TrainLoss=1.2921 | TrainAcc=0.647 | Val(P3)=0.588 | Val(AVO)=0.624
2025-09-29 10:13:17 - No P3-val improvement; patience remaining: 37/50
2025-09-29 10:13:17 - Epoch 30/500 | LR=0.009917 | w_AVO=1.000 | w_P3=2.749 | lambda_MMD=0.300
2025-09-29 10:13:17 - Epoch Summary: TrainLoss=1.3542 | TrainAcc=0.643 | Val(P3)=0.588 | Val(AVO)=0.630
2025-09-29 10:13:17 - No P3-val improvement; patience remaining: 36/50
2025-09-29 10:13:17 - Epoch 31/500 | LR=0.009911 | w_AVO=1.000 | w_P3=2.749 | lambda_MMD=0.300
2025-09-29 10:13:17 - Epoch Summary: TrainLoss=1.3533 | TrainAcc=0.641 | Val(P3)=0.588 | Val(AVO)=0.611
2025-09-29 10:13:17 - No P3-val improvement; patience remaining: 35/50
2025-09-29 10:13:17 - Epoch 32/500 | LR=0.009905 | w_AVO=1.000 | w_P3=2.749 | lambda_MMD=0.300
2025-09-29 10:13:17 - Epoch Summary: TrainLoss=1.3233 | TrainAcc=0.635 | Val(P3)=0.618 | Val(AVO)=0.656
2025-09-29 10:13:17 - No P3-val improvement; patience remaining: 34/50
2025-09-29 10:13:17 - Epoch 33/500 | LR=0.009899 | w_AVO=1.000 | w_P3=2.749 | lambda_MMD=0.300
2025-09-29 10:13:17 - Epoch Summary: TrainLoss=1.2696 | TrainAcc=0.645 | Val(P3)=0.588 | Val(AVO)=0.637
2025-09-29 10:13:17 - No P3-val improvement; patience remaining: 33/50
2025-09-29 10:13:17 - Epoch 34/500 | LR=0.009893 | w_AVO=1.000 | w_P3=2.749 | lambda_MMD=0.300
2025-09-29 10:13:17 - Epoch Summary: TrainLoss=1.2845 | TrainAcc=0.646 | Val(P3)=0.618 | Val(AVO)=0.637
2025-09-29 10:13:17 - No P3-val improvement; patience remaining: 32/50
2025-09-29 10:13:17 - Epoch 35/500 | LR=0.009886 | w_AVO=1.000 | w_P3=2.749 | lambda_MMD=0.300
2025-09-29 10:13:17 - Epoch Summary: TrainLoss=1.2353 | TrainAcc=0.647 | Val(P3)=0.559 | Val(AVO)=0.621
2025-09-29 10:13:17 - No P3-val improvement; patience remaining: 31/50
2025-09-29 10:13:17 - Epoch 36/500 | LR=0.009880 | w_AVO=1.000 | w_P3=2.749 | lambda_MMD=0.300
2025-09-29 10:13:18 - Epoch Summary: TrainLoss=1.2737 | TrainAcc=0.641 | Val(P3)=0.588 | Val(AVO)=0.630
2025-09-29 10:13:18 - No P3-val improvement; patience remaining: 30/50
2025-09-29 10:13:18 - Epoch 37/500 | LR=0.009873 | w_AVO=1.000 | w_P3=2.749 | lambda_MMD=0.300
2025-09-29 10:13:18 - Epoch Summary: TrainLoss=1.2585 | TrainAcc=0.642 | Val(P3)=0.588 | Val(AVO)=0.627
2025-09-29 10:13:18 - No P3-val improvement; patience remaining: 29/50
2025-09-29 10:13:18 - Epoch 38/500 | LR=0.009865 | w_AVO=1.000 | w_P3=2.749 | lambda_MMD=0.300
2025-09-29 10:13:18 - Epoch Summary: TrainLoss=1.2632 | TrainAcc=0.641 | Val(P3)=0.559 | Val(AVO)=0.662
2025-09-29 10:13:18 - No P3-val improvement; patience remaining: 28/50
2025-09-29 10:13:18 - Epoch 39/500 | LR=0.009858 | w_AVO=1.000 | w_P3=2.749 | lambda_MMD=0.300
2025-09-29 10:13:18 - Epoch Summary: TrainLoss=1.2468 | TrainAcc=0.654 | Val(P3)=0.618 | Val(AVO)=0.650
2025-09-29 10:13:18 - No P3-val improvement; patience remaining: 27/50
2025-09-29 10:13:18 - Epoch 40/500 | LR=0.009851 | w_AVO=1.000 | w_P3=2.749 | lambda_MMD=0.300
2025-09-29 10:13:18 - Epoch Summary: TrainLoss=1.2132 | TrainAcc=0.654 | Val(P3)=0.647 | Val(AVO)=0.653
2025-09-29 10:13:18 - No P3-val improvement; patience remaining: 26/50
2025-09-29 10:13:18 - Epoch 41/500 | LR=0.009843 | w_AVO=1.000 | w_P3=2.749 | lambda_MMD=0.300
2025-09-29 10:13:18 - Epoch Summary: TrainLoss=1.2614 | TrainAcc=0.638 | Val(P3)=0.647 | Val(AVO)=0.646
2025-09-29 10:13:18 - No P3-val improvement; patience remaining: 25/50
2025-09-29 10:13:18 - Epoch 42/500 | LR=0.009835 | w_AVO=1.000 | w_P3=2.749 | lambda_MMD=0.300
2025-09-29 10:13:18 - Epoch Summary: TrainLoss=1.2520 | TrainAcc=0.641 | Val(P3)=0.559 | Val(AVO)=0.650
2025-09-29 10:13:18 - No P3-val improvement; patience remaining: 24/50
2025-09-29 10:13:18 - Epoch 43/500 | LR=0.009827 | w_AVO=1.000 | w_P3=2.749 | lambda_MMD=0.300
2025-09-29 10:13:19 - Epoch Summary: TrainLoss=1.2563 | TrainAcc=0.650 | Val(P3)=0.676 | Val(AVO)=0.662
2025-09-29 10:13:19 - No P3-val improvement; patience remaining: 23/50
2025-09-29 10:13:19 - Epoch 44/500 | LR=0.009819 | w_AVO=1.000 | w_P3=2.749 | lambda_MMD=0.300
2025-09-29 10:13:19 - Epoch Summary: TrainLoss=1.2095 | TrainAcc=0.636 | Val(P3)=0.706 | Val(AVO)=0.646
2025-09-29 10:13:19 - New best P3-val; checkpoint updated
2025-09-29 10:13:19 - Epoch 45/500 | LR=0.009810 | w_AVO=1.000 | w_P3=2.749 | lambda_MMD=0.300
2025-09-29 10:13:19 - Epoch Summary: TrainLoss=1.2509 | TrainAcc=0.650 | Val(P3)=0.647 | Val(AVO)=0.643
2025-09-29 10:13:19 - No P3-val improvement; patience remaining: 49/50
2025-09-29 10:13:19 - AVO val decreasing 3x. Reducing lambda_MMD to 0.210
2025-09-29 10:13:19 - Epoch 46/500 | LR=0.009801 | w_AVO=1.000 | w_P3=2.749 | lambda_MMD=0.210
2025-09-29 10:13:19 - Epoch Summary: TrainLoss=1.2068 | TrainAcc=0.661 | Val(P3)=0.647 | Val(AVO)=0.643
2025-09-29 10:13:19 - No P3-val improvement; patience remaining: 48/50
2025-09-29 10:13:19 - Epoch 47/500 | LR=0.009793 | w_AVO=1.000 | w_P3=2.749 | lambda_MMD=0.300
2025-09-29 10:13:19 - Epoch Summary: TrainLoss=1.2061 | TrainAcc=0.655 | Val(P3)=0.588 | Val(AVO)=0.637
2025-09-29 10:13:19 - No P3-val improvement; patience remaining: 47/50
2025-09-29 10:13:19 - Epoch 48/500 | LR=0.009784 | w_AVO=1.000 | w_P3=2.749 | lambda_MMD=0.300
2025-09-29 10:13:19 - Epoch Summary: TrainLoss=1.2085 | TrainAcc=0.653 | Val(P3)=0.618 | Val(AVO)=0.627
2025-09-29 10:13:19 - No P3-val improvement; patience remaining: 46/50
2025-09-29 10:13:19 - AVO val decreasing 3x. Reducing lambda_MMD to 0.210
2025-09-29 10:13:19 - Epoch 49/500 | LR=0.009774 | w_AVO=1.000 | w_P3=2.749 | lambda_MMD=0.210
2025-09-29 10:13:19 - Epoch Summary: TrainLoss=1.1070 | TrainAcc=0.664 | Val(P3)=0.647 | Val(AVO)=0.646
2025-09-29 10:13:19 - No P3-val improvement; patience remaining: 45/50
2025-09-29 10:13:19 - Epoch 50/500 | LR=0.009765 | w_AVO=1.000 | w_P3=2.749 | lambda_MMD=0.300
2025-09-29 10:13:20 - Epoch Summary: TrainLoss=1.2095 | TrainAcc=0.641 | Val(P3)=0.588 | Val(AVO)=0.646
2025-09-29 10:13:20 - No P3-val improvement; patience remaining: 44/50
2025-09-29 10:13:20 - Epoch 51/500 | LR=0.009755 | w_AVO=1.000 | w_P3=2.749 | lambda_MMD=0.300
2025-09-29 10:13:20 - Epoch Summary: TrainLoss=1.2292 | TrainAcc=0.656 | Val(P3)=0.529 | Val(AVO)=0.653
2025-09-29 10:13:20 - No P3-val improvement; patience remaining: 43/50
2025-09-29 10:13:20 - P3 val decreasing 3x. Reducing w_small to 2.199, lambda_MMD to 0.150
2025-09-29 10:13:20 - Epoch 52/500 | LR=0.009745 | w_AVO=1.000 | w_P3=2.199 | lambda_MMD=0.150
2025-09-29 10:13:20 - Epoch Summary: TrainLoss=1.1082 | TrainAcc=0.655 | Val(P3)=0.618 | Val(AVO)=0.653
2025-09-29 10:13:20 - No P3-val improvement; patience remaining: 42/50
2025-09-29 10:13:20 - Epoch 53/500 | LR=0.009735 | w_AVO=1.000 | w_P3=2.749 | lambda_MMD=0.300
2025-09-29 10:13:20 - Epoch Summary: TrainLoss=1.1787 | TrainAcc=0.658 | Val(P3)=0.588 | Val(AVO)=0.659
2025-09-29 10:13:20 - No P3-val improvement; patience remaining: 41/50
2025-09-29 10:13:20 - Epoch 54/500 | LR=0.009725 | w_AVO=1.000 | w_P3=2.749 | lambda_MMD=0.300
2025-09-29 10:13:20 - Epoch Summary: TrainLoss=1.2327 | TrainAcc=0.641 | Val(P3)=0.647 | Val(AVO)=0.640
2025-09-29 10:13:20 - No P3-val improvement; patience remaining: 40/50
2025-09-29 10:13:20 - Epoch 55/500 | LR=0.009715 | w_AVO=1.000 | w_P3=2.749 | lambda_MMD=0.300
2025-09-29 10:13:20 - Epoch Summary: TrainLoss=1.1551 | TrainAcc=0.641 | Val(P3)=0.647 | Val(AVO)=0.627
2025-09-29 10:13:20 - No P3-val improvement; patience remaining: 39/50
2025-09-29 10:13:20 - AVO val decreasing 3x. Reducing lambda_MMD to 0.210
2025-09-29 10:13:20 - Epoch 56/500 | LR=0.009704 | w_AVO=1.000 | w_P3=2.749 | lambda_MMD=0.210
2025-09-29 10:13:20 - Epoch Summary: TrainLoss=1.1092 | TrainAcc=0.661 | Val(P3)=0.588 | Val(AVO)=0.650
2025-09-29 10:13:20 - No P3-val improvement; patience remaining: 38/50
2025-09-29 10:13:20 - Epoch 57/500 | LR=0.009694 | w_AVO=1.000 | w_P3=2.749 | lambda_MMD=0.300
2025-09-29 10:13:20 - Epoch Summary: TrainLoss=1.1180 | TrainAcc=0.657 | Val(P3)=0.559 | Val(AVO)=0.621
2025-09-29 10:13:20 - No P3-val improvement; patience remaining: 37/50
2025-09-29 10:13:20 - P3 val decreasing 3x. Reducing w_small to 2.199, lambda_MMD to 0.150
2025-09-29 10:13:20 - Epoch 58/500 | LR=0.009683 | w_AVO=1.000 | w_P3=2.199 | lambda_MMD=0.150
2025-09-29 10:13:21 - Epoch Summary: TrainLoss=1.0515 | TrainAcc=0.664 | Val(P3)=0.647 | Val(AVO)=0.608
2025-09-29 10:13:21 - No P3-val improvement; patience remaining: 36/50
2025-09-29 10:13:21 - AVO val decreasing 3x. Reducing lambda_MMD to 0.210
2025-09-29 10:13:21 - Epoch 59/500 | LR=0.009672 | w_AVO=1.000 | w_P3=2.749 | lambda_MMD=0.210
2025-09-29 10:13:21 - Epoch Summary: TrainLoss=1.2147 | TrainAcc=0.656 | Val(P3)=0.618 | Val(AVO)=0.659
2025-09-29 10:13:21 - No P3-val improvement; patience remaining: 35/50
2025-09-29 10:13:21 - Epoch 60/500 | LR=0.009660 | w_AVO=1.000 | w_P3=2.749 | lambda_MMD=0.300
2025-09-29 10:13:21 - Epoch Summary: TrainLoss=1.1225 | TrainAcc=0.637 | Val(P3)=0.529 | Val(AVO)=0.678
2025-09-29 10:13:21 - No P3-val improvement; patience remaining: 34/50
2025-09-29 10:13:21 - P3 val decreasing 3x. Reducing w_small to 2.199, lambda_MMD to 0.150
2025-09-29 10:13:21 - Epoch 61/500 | LR=0.009649 | w_AVO=1.000 | w_P3=2.199 | lambda_MMD=0.150
2025-09-29 10:13:21 - Epoch Summary: TrainLoss=1.0088 | TrainAcc=0.667 | Val(P3)=0.618 | Val(AVO)=0.643
2025-09-29 10:13:21 - No P3-val improvement; patience remaining: 33/50
2025-09-29 10:13:21 - Epoch 62/500 | LR=0.009637 | w_AVO=1.000 | w_P3=2.749 | lambda_MMD=0.300
2025-09-29 10:13:21 - Epoch Summary: TrainLoss=1.1232 | TrainAcc=0.667 | Val(P3)=0.588 | Val(AVO)=0.675
2025-09-29 10:13:21 - No P3-val improvement; patience remaining: 32/50
2025-09-29 10:13:21 - Epoch 63/500 | LR=0.009625 | w_AVO=1.000 | w_P3=2.749 | lambda_MMD=0.300
2025-09-29 10:13:21 - Epoch Summary: TrainLoss=1.1427 | TrainAcc=0.659 | Val(P3)=0.618 | Val(AVO)=0.643
2025-09-29 10:13:21 - No P3-val improvement; patience remaining: 31/50
2025-09-29 10:13:21 - Epoch 64/500 | LR=0.009613 | w_AVO=1.000 | w_P3=2.749 | lambda_MMD=0.300
2025-09-29 10:13:21 - Epoch Summary: TrainLoss=1.1325 | TrainAcc=0.657 | Val(P3)=0.559 | Val(AVO)=0.633
2025-09-29 10:13:21 - No P3-val improvement; patience remaining: 30/50
2025-09-29 10:13:21 - AVO val decreasing 3x. Reducing lambda_MMD to 0.210
2025-09-29 10:13:21 - Epoch 65/500 | LR=0.009601 | w_AVO=1.000 | w_P3=2.749 | lambda_MMD=0.210
2025-09-29 10:13:22 - Epoch Summary: TrainLoss=1.1264 | TrainAcc=0.660 | Val(P3)=0.500 | Val(AVO)=0.585
2025-09-29 10:13:22 - No P3-val improvement; patience remaining: 29/50
2025-09-29 10:13:22 - P3 val decreasing 3x. Reducing w_small to 2.199, lambda_MMD to 0.150
2025-09-29 10:13:22 - AVO val decreasing 3x. Reducing lambda_MMD to 0.105
2025-09-29 10:13:22 - Epoch 66/500 | LR=0.009589 | w_AVO=1.000 | w_P3=2.199 | lambda_MMD=0.105
2025-09-29 10:13:22 - Epoch Summary: TrainLoss=1.0909 | TrainAcc=0.653 | Val(P3)=0.588 | Val(AVO)=0.669
2025-09-29 10:13:22 - No P3-val improvement; patience remaining: 28/50
2025-09-29 10:13:22 - Epoch 67/500 | LR=0.009576 | w_AVO=1.000 | w_P3=2.749 | lambda_MMD=0.300
2025-09-29 10:13:22 - Epoch Summary: TrainLoss=1.1227 | TrainAcc=0.672 | Val(P3)=0.588 | Val(AVO)=0.695
2025-09-29 10:13:22 - No P3-val improvement; patience remaining: 27/50
2025-09-29 10:13:22 - Epoch 68/500 | LR=0.009563 | w_AVO=1.000 | w_P3=2.749 | lambda_MMD=0.300
2025-09-29 10:13:22 - Epoch Summary: TrainLoss=1.1350 | TrainAcc=0.672 | Val(P3)=0.588 | Val(AVO)=0.672
2025-09-29 10:13:22 - No P3-val improvement; patience remaining: 26/50
2025-09-29 10:13:22 - Epoch 69/500 | LR=0.009551 | w_AVO=1.000 | w_P3=2.749 | lambda_MMD=0.300
2025-09-29 10:13:22 - Epoch Summary: TrainLoss=1.1896 | TrainAcc=0.658 | Val(P3)=0.588 | Val(AVO)=0.630
2025-09-29 10:13:22 - No P3-val improvement; patience remaining: 25/50
2025-09-29 10:13:22 - AVO val decreasing 3x. Reducing lambda_MMD to 0.210
2025-09-29 10:13:22 - Epoch 70/500 | LR=0.009537 | w_AVO=1.000 | w_P3=2.749 | lambda_MMD=0.210
2025-09-29 10:13:22 - Epoch Summary: TrainLoss=1.1527 | TrainAcc=0.653 | Val(P3)=0.588 | Val(AVO)=0.637
2025-09-29 10:13:22 - No P3-val improvement; patience remaining: 24/50
2025-09-29 10:13:22 - Epoch 71/500 | LR=0.009524 | w_AVO=1.000 | w_P3=2.749 | lambda_MMD=0.300
2025-09-29 10:13:22 - Epoch Summary: TrainLoss=1.1564 | TrainAcc=0.648 | Val(P3)=0.529 | Val(AVO)=0.585
2025-09-29 10:13:22 - No P3-val improvement; patience remaining: 23/50
2025-09-29 10:13:22 - Epoch 72/500 | LR=0.009511 | w_AVO=1.000 | w_P3=2.749 | lambda_MMD=0.300
2025-09-29 10:13:23 - Epoch Summary: TrainLoss=1.1307 | TrainAcc=0.663 | Val(P3)=0.588 | Val(AVO)=0.659
2025-09-29 10:13:23 - No P3-val improvement; patience remaining: 22/50
2025-09-29 10:13:23 - Epoch 73/500 | LR=0.009497 | w_AVO=1.000 | w_P3=2.749 | lambda_MMD=0.300
2025-09-29 10:13:23 - Epoch Summary: TrainLoss=1.1062 | TrainAcc=0.664 | Val(P3)=0.588 | Val(AVO)=0.640
2025-09-29 10:13:23 - No P3-val improvement; patience remaining: 21/50
2025-09-29 10:13:23 - Epoch 74/500 | LR=0.009483 | w_AVO=1.000 | w_P3=2.749 | lambda_MMD=0.300
2025-09-29 10:13:23 - Epoch Summary: TrainLoss=1.1868 | TrainAcc=0.658 | Val(P3)=0.559 | Val(AVO)=0.646
2025-09-29 10:13:23 - No P3-val improvement; patience remaining: 20/50
2025-09-29 10:13:23 - Epoch 75/500 | LR=0.009469 | w_AVO=1.000 | w_P3=2.749 | lambda_MMD=0.300
2025-09-29 10:13:23 - Epoch Summary: TrainLoss=1.1262 | TrainAcc=0.662 | Val(P3)=0.559 | Val(AVO)=0.659
2025-09-29 10:13:23 - No P3-val improvement; patience remaining: 19/50
2025-09-29 10:13:23 - Epoch 76/500 | LR=0.009455 | w_AVO=1.000 | w_P3=2.749 | lambda_MMD=0.300
2025-09-29 10:13:23 - Epoch Summary: TrainLoss=1.1735 | TrainAcc=0.656 | Val(P3)=0.559 | Val(AVO)=0.640
2025-09-29 10:13:23 - No P3-val improvement; patience remaining: 18/50
2025-09-29 10:13:23 - Epoch 77/500 | LR=0.009441 | w_AVO=1.000 | w_P3=2.749 | lambda_MMD=0.300
2025-09-29 10:13:23 - Epoch Summary: TrainLoss=1.0795 | TrainAcc=0.662 | Val(P3)=0.529 | Val(AVO)=0.685
2025-09-29 10:13:23 - No P3-val improvement; patience remaining: 17/50
2025-09-29 10:13:23 - Epoch 78/500 | LR=0.009426 | w_AVO=1.000 | w_P3=2.749 | lambda_MMD=0.300
2025-09-29 10:13:23 - Epoch Summary: TrainLoss=1.0869 | TrainAcc=0.654 | Val(P3)=0.618 | Val(AVO)=0.678
2025-09-29 10:13:23 - No P3-val improvement; patience remaining: 16/50
2025-09-29 10:13:23 - Epoch 79/500 | LR=0.009411 | w_AVO=1.000 | w_P3=2.749 | lambda_MMD=0.300
2025-09-29 10:13:24 - Epoch Summary: TrainLoss=1.0527 | TrainAcc=0.659 | Val(P3)=0.618 | Val(AVO)=0.630
2025-09-29 10:13:24 - No P3-val improvement; patience remaining: 15/50
2025-09-29 10:13:24 - AVO val decreasing 3x. Reducing lambda_MMD to 0.210
2025-09-29 10:13:24 - Epoch 80/500 | LR=0.009397 | w_AVO=1.000 | w_P3=2.749 | lambda_MMD=0.210
2025-09-29 10:13:24 - Epoch Summary: TrainLoss=1.1062 | TrainAcc=0.677 | Val(P3)=0.559 | Val(AVO)=0.662
2025-09-29 10:13:24 - No P3-val improvement; patience remaining: 14/50
2025-09-29 10:13:24 - Epoch 81/500 | LR=0.009382 | w_AVO=1.000 | w_P3=2.749 | lambda_MMD=0.300
2025-09-29 10:13:24 - Epoch Summary: TrainLoss=1.1258 | TrainAcc=0.672 | Val(P3)=0.559 | Val(AVO)=0.685
2025-09-29 10:13:24 - No P3-val improvement; patience remaining: 13/50
2025-09-29 10:13:24 - Epoch 82/500 | LR=0.009366 | w_AVO=1.000 | w_P3=2.749 | lambda_MMD=0.300
2025-09-29 10:13:24 - Epoch Summary: TrainLoss=1.1451 | TrainAcc=0.655 | Val(P3)=0.647 | Val(AVO)=0.685
2025-09-29 10:13:24 - No P3-val improvement; patience remaining: 12/50
2025-09-29 10:13:24 - Epoch 83/500 | LR=0.009351 | w_AVO=1.000 | w_P3=2.749 | lambda_MMD=0.300
2025-09-29 10:13:24 - Epoch Summary: TrainLoss=1.0810 | TrainAcc=0.674 | Val(P3)=0.588 | Val(AVO)=0.691
2025-09-29 10:13:24 - No P3-val improvement; patience remaining: 11/50
2025-09-29 10:13:24 - Epoch 84/500 | LR=0.009335 | w_AVO=1.000 | w_P3=2.749 | lambda_MMD=0.300
2025-09-29 10:13:24 - Epoch Summary: TrainLoss=1.1398 | TrainAcc=0.661 | Val(P3)=0.588 | Val(AVO)=0.666
2025-09-29 10:13:24 - No P3-val improvement; patience remaining: 10/50
2025-09-29 10:13:24 - Epoch 85/500 | LR=0.009320 | w_AVO=1.000 | w_P3=2.749 | lambda_MMD=0.300
2025-09-29 10:13:24 - Epoch Summary: TrainLoss=1.1119 | TrainAcc=0.661 | Val(P3)=0.529 | Val(AVO)=0.653
2025-09-29 10:13:24 - No P3-val improvement; patience remaining: 9/50
2025-09-29 10:13:24 - AVO val decreasing 3x. Reducing lambda_MMD to 0.210
2025-09-29 10:13:24 - Epoch 86/500 | LR=0.009304 | w_AVO=1.000 | w_P3=2.749 | lambda_MMD=0.210
2025-09-29 10:13:25 - Epoch Summary: TrainLoss=1.0831 | TrainAcc=0.666 | Val(P3)=0.588 | Val(AVO)=0.650
2025-09-29 10:13:25 - No P3-val improvement; patience remaining: 8/50
2025-09-29 10:13:25 - AVO val decreasing 3x. Reducing lambda_MMD to 0.210
2025-09-29 10:13:25 - Epoch 87/500 | LR=0.009288 | w_AVO=1.000 | w_P3=2.749 | lambda_MMD=0.210
2025-09-29 10:13:25 - Epoch Summary: TrainLoss=1.0543 | TrainAcc=0.678 | Val(P3)=0.618 | Val(AVO)=0.656
2025-09-29 10:13:25 - No P3-val improvement; patience remaining: 7/50
2025-09-29 10:13:25 - Epoch 88/500 | LR=0.009271 | w_AVO=1.000 | w_P3=2.749 | lambda_MMD=0.300
2025-09-29 10:13:25 - Epoch Summary: TrainLoss=1.0876 | TrainAcc=0.659 | Val(P3)=0.559 | Val(AVO)=0.691
2025-09-29 10:13:25 - No P3-val improvement; patience remaining: 6/50
2025-09-29 10:13:25 - Epoch 89/500 | LR=0.009255 | w_AVO=1.000 | w_P3=2.749 | lambda_MMD=0.300
2025-09-29 10:13:25 - Epoch Summary: TrainLoss=1.0635 | TrainAcc=0.676 | Val(P3)=0.676 | Val(AVO)=0.662
2025-09-29 10:13:25 - No P3-val improvement; patience remaining: 5/50
2025-09-29 10:13:25 - Epoch 90/500 | LR=0.009238 | w_AVO=1.000 | w_P3=2.749 | lambda_MMD=0.300
2025-09-29 10:13:25 - Epoch Summary: TrainLoss=1.0630 | TrainAcc=0.657 | Val(P3)=0.529 | Val(AVO)=0.637
2025-09-29 10:13:25 - No P3-val improvement; patience remaining: 4/50
2025-09-29 10:13:25 - AVO val decreasing 3x. Reducing lambda_MMD to 0.210
2025-09-29 10:13:25 - Epoch 91/500 | LR=0.009222 | w_AVO=1.000 | w_P3=2.749 | lambda_MMD=0.210
2025-09-29 10:13:25 - Epoch Summary: TrainLoss=1.0914 | TrainAcc=0.668 | Val(P3)=0.588 | Val(AVO)=0.608
2025-09-29 10:13:25 - No P3-val improvement; patience remaining: 3/50
2025-09-29 10:13:25 - AVO val decreasing 3x. Reducing lambda_MMD to 0.210
2025-09-29 10:13:25 - Epoch 92/500 | LR=0.009205 | w_AVO=1.000 | w_P3=2.749 | lambda_MMD=0.210
2025-09-29 10:13:25 - Epoch Summary: TrainLoss=1.1086 | TrainAcc=0.655 | Val(P3)=0.529 | Val(AVO)=0.695
2025-09-29 10:13:25 - No P3-val improvement; patience remaining: 2/50
2025-09-29 10:13:25 - Epoch 93/500 | LR=0.009188 | w_AVO=1.000 | w_P3=2.749 | lambda_MMD=0.300
2025-09-29 10:13:26 - Epoch Summary: TrainLoss=1.0941 | TrainAcc=0.660 | Val(P3)=0.500 | Val(AVO)=0.666
2025-09-29 10:13:26 - No P3-val improvement; patience remaining: 1/50
2025-09-29 10:13:26 - P3 val decreasing 3x. Reducing w_small to 2.199, lambda_MMD to 0.150
2025-09-29 10:13:26 - Epoch 94/500 | LR=0.009170 | w_AVO=1.000 | w_P3=2.199 | lambda_MMD=0.150
2025-09-29 10:13:26 - Epoch Summary: TrainLoss=1.0222 | TrainAcc=0.671 | Val(P3)=0.618 | Val(AVO)=0.643
2025-09-29 10:13:26 - No P3-val improvement; patience remaining: 0/50
2025-09-29 10:13:26 - Early stopping triggered (P3-val)
2025-09-29 10:13:26 -     P3 Test | Acc=0.5833 P=0.6750 R=0.5510 F1=0.6067 AUC=0.6251 (n=84)
2025-09-29 10:13:26 -     AVO Test | Acc=0.6617 P=0.7116 R=0.5169 F1=0.5988 AUC=0.7450 (n=606)
2025-09-29 10:13:26 -     Overall Test Acc=0.6522
2025-09-29 10:13:26 -   Fold 2/5
2025-09-29 10:13:26 - Fold domains: small=P3 (n=278), large=AVO (n=2135)
2025-09-29 10:13:26 - Auto adjustments (symmetric): w_small≈1.000, lambda_MMD_target=0.300, warmup_epochs=5
2025-09-29 10:13:26 - Epoch 1/500 | LR=0.010000 | w_AVO=1.000 | w_P3=1.354 | lambda_MMD=0.060
2025-09-29 10:13:26 - Epoch Summary: TrainLoss=1.8401 | TrainAcc=0.547 | Val(P3)=0.618 | Val(AVO)=0.576
2025-09-29 10:13:26 - New best P3-val; checkpoint updated
2025-09-29 10:13:26 - Epoch 2/500 | LR=0.010000 | w_AVO=1.000 | w_P3=1.709 | lambda_MMD=0.120
2025-09-29 10:13:26 - Epoch Summary: TrainLoss=1.7737 | TrainAcc=0.587 | Val(P3)=0.735 | Val(AVO)=0.650
2025-09-29 10:13:26 - New best P3-val; checkpoint updated
2025-09-29 10:13:26 - Epoch 3/500 | LR=0.010000 | w_AVO=1.000 | w_P3=2.063 | lambda_MMD=0.180
2025-09-29 10:13:26 - Epoch Summary: TrainLoss=1.8716 | TrainAcc=0.621 | Val(P3)=0.794 | Val(AVO)=0.643
2025-09-29 10:13:26 - New best P3-val; checkpoint updated
2025-09-29 10:13:26 - Epoch 4/500 | LR=0.009999 | w_AVO=1.000 | w_P3=2.417 | lambda_MMD=0.240
2025-09-29 10:13:26 - Epoch Summary: TrainLoss=1.9408 | TrainAcc=0.609 | Val(P3)=0.765 | Val(AVO)=0.678
2025-09-29 10:13:26 - No P3-val improvement; patience remaining: 49/50
2025-09-29 10:13:26 - Epoch 5/500 | LR=0.009998 | w_AVO=1.000 | w_P3=2.771 | lambda_MMD=0.300
2025-09-29 10:13:26 - Epoch Summary: TrainLoss=2.0471 | TrainAcc=0.615 | Val(P3)=0.735 | Val(AVO)=0.669
2025-09-29 10:13:26 - No P3-val improvement; patience remaining: 48/50
2025-09-29 10:13:26 - P3 val decreasing 3x. Reducing w_small to 2.217, lambda_MMD to 0.150
2025-09-29 10:13:26 - Epoch 6/500 | LR=0.009998 | w_AVO=1.000 | w_P3=2.217 | lambda_MMD=0.150
2025-09-29 10:13:27 - Epoch Summary: TrainLoss=1.7566 | TrainAcc=0.619 | Val(P3)=0.676 | Val(AVO)=0.669
2025-09-29 10:13:27 - No P3-val improvement; patience remaining: 47/50
2025-09-29 10:13:27 - P3 val decreasing 3x. Reducing w_small to 2.217, lambda_MMD to 0.150
2025-09-29 10:13:27 - Epoch 7/500 | LR=0.009996 | w_AVO=1.000 | w_P3=2.217 | lambda_MMD=0.150
2025-09-29 10:13:27 - Epoch Summary: TrainLoss=1.6558 | TrainAcc=0.637 | Val(P3)=0.706 | Val(AVO)=0.627
2025-09-29 10:13:27 - No P3-val improvement; patience remaining: 46/50
2025-09-29 10:13:27 - Epoch 8/500 | LR=0.009995 | w_AVO=1.000 | w_P3=2.771 | lambda_MMD=0.300
2025-09-29 10:13:27 - Epoch Summary: TrainLoss=1.7686 | TrainAcc=0.627 | Val(P3)=0.735 | Val(AVO)=0.614
2025-09-29 10:13:27 - No P3-val improvement; patience remaining: 45/50
2025-09-29 10:13:27 - AVO val decreasing 3x. Reducing lambda_MMD to 0.210
2025-09-29 10:13:27 - Epoch 9/500 | LR=0.009994 | w_AVO=1.000 | w_P3=2.771 | lambda_MMD=0.210
2025-09-29 10:13:27 - Epoch Summary: TrainLoss=1.7604 | TrainAcc=0.618 | Val(P3)=0.676 | Val(AVO)=0.624
2025-09-29 10:13:27 - No P3-val improvement; patience remaining: 44/50
2025-09-29 10:13:27 - Epoch 10/500 | LR=0.009992 | w_AVO=1.000 | w_P3=2.771 | lambda_MMD=0.300
2025-09-29 10:13:27 - Epoch Summary: TrainLoss=1.6839 | TrainAcc=0.650 | Val(P3)=0.676 | Val(AVO)=0.675
2025-09-29 10:13:27 - No P3-val improvement; patience remaining: 43/50
2025-09-29 10:13:27 - Epoch 11/500 | LR=0.009990 | w_AVO=1.000 | w_P3=2.771 | lambda_MMD=0.300
2025-09-29 10:13:27 - Epoch Summary: TrainLoss=1.6094 | TrainAcc=0.622 | Val(P3)=0.706 | Val(AVO)=0.611
2025-09-29 10:13:27 - No P3-val improvement; patience remaining: 42/50
2025-09-29 10:13:27 - Epoch 12/500 | LR=0.009988 | w_AVO=1.000 | w_P3=2.771 | lambda_MMD=0.300
2025-09-29 10:13:27 - Epoch Summary: TrainLoss=1.6220 | TrainAcc=0.618 | Val(P3)=0.706 | Val(AVO)=0.653
2025-09-29 10:13:27 - No P3-val improvement; patience remaining: 41/50
2025-09-29 10:13:27 - Epoch 13/500 | LR=0.009986 | w_AVO=1.000 | w_P3=2.771 | lambda_MMD=0.300
2025-09-29 10:13:27 - Epoch Summary: TrainLoss=1.5752 | TrainAcc=0.638 | Val(P3)=0.676 | Val(AVO)=0.650
2025-09-29 10:13:27 - No P3-val improvement; patience remaining: 40/50
2025-09-29 10:13:27 - Epoch 14/500 | LR=0.009983 | w_AVO=1.000 | w_P3=2.771 | lambda_MMD=0.300
2025-09-29 10:13:28 - Epoch Summary: TrainLoss=1.5253 | TrainAcc=0.638 | Val(P3)=0.676 | Val(AVO)=0.633
2025-09-29 10:13:28 - No P3-val improvement; patience remaining: 39/50
2025-09-29 10:13:28 - AVO val decreasing 3x. Reducing lambda_MMD to 0.210
2025-09-29 10:13:28 - Epoch 15/500 | LR=0.009981 | w_AVO=1.000 | w_P3=2.771 | lambda_MMD=0.210
2025-09-29 10:13:28 - Epoch Summary: TrainLoss=1.5697 | TrainAcc=0.630 | Val(P3)=0.676 | Val(AVO)=0.656
2025-09-29 10:13:28 - No P3-val improvement; patience remaining: 38/50
2025-09-29 10:13:28 - Epoch 16/500 | LR=0.009978 | w_AVO=1.000 | w_P3=2.771 | lambda_MMD=0.300
2025-09-29 10:13:28 - Epoch Summary: TrainLoss=1.5628 | TrainAcc=0.622 | Val(P3)=0.706 | Val(AVO)=0.695
2025-09-29 10:13:28 - No P3-val improvement; patience remaining: 37/50
2025-09-29 10:13:28 - Epoch 17/500 | LR=0.009975 | w_AVO=1.000 | w_P3=2.771 | lambda_MMD=0.300
2025-09-29 10:13:28 - Epoch Summary: TrainLoss=1.4942 | TrainAcc=0.643 | Val(P3)=0.706 | Val(AVO)=0.704
2025-09-29 10:13:28 - No P3-val improvement; patience remaining: 36/50
2025-09-29 10:13:28 - Epoch 18/500 | LR=0.009972 | w_AVO=1.000 | w_P3=2.771 | lambda_MMD=0.300
2025-09-29 10:13:28 - Epoch Summary: TrainLoss=1.4178 | TrainAcc=0.637 | Val(P3)=0.676 | Val(AVO)=0.678
2025-09-29 10:13:28 - No P3-val improvement; patience remaining: 35/50
2025-09-29 10:13:28 - Epoch 19/500 | LR=0.009968 | w_AVO=1.000 | w_P3=2.771 | lambda_MMD=0.300
2025-09-29 10:13:28 - Epoch Summary: TrainLoss=1.4146 | TrainAcc=0.637 | Val(P3)=0.706 | Val(AVO)=0.656
2025-09-29 10:13:28 - No P3-val improvement; patience remaining: 34/50
2025-09-29 10:13:28 - AVO val decreasing 3x. Reducing lambda_MMD to 0.210
2025-09-29 10:13:28 - Epoch 20/500 | LR=0.009964 | w_AVO=1.000 | w_P3=2.771 | lambda_MMD=0.210
2025-09-29 10:13:28 - Epoch Summary: TrainLoss=1.3665 | TrainAcc=0.658 | Val(P3)=0.676 | Val(AVO)=0.717
2025-09-29 10:13:28 - No P3-val improvement; patience remaining: 33/50
2025-09-29 10:13:28 - Epoch 21/500 | LR=0.009961 | w_AVO=1.000 | w_P3=2.771 | lambda_MMD=0.300
2025-09-29 10:13:29 - Epoch Summary: TrainLoss=1.3416 | TrainAcc=0.635 | Val(P3)=0.735 | Val(AVO)=0.691
2025-09-29 10:13:29 - No P3-val improvement; patience remaining: 32/50
2025-09-29 10:13:29 - Epoch 22/500 | LR=0.009957 | w_AVO=1.000 | w_P3=2.771 | lambda_MMD=0.300
2025-09-29 10:13:29 - Epoch Summary: TrainLoss=1.3364 | TrainAcc=0.650 | Val(P3)=0.706 | Val(AVO)=0.707
2025-09-29 10:13:29 - No P3-val improvement; patience remaining: 31/50
2025-09-29 10:13:29 - Epoch 23/500 | LR=0.009952 | w_AVO=1.000 | w_P3=2.771 | lambda_MMD=0.300
2025-09-29 10:13:29 - Epoch Summary: TrainLoss=1.3430 | TrainAcc=0.636 | Val(P3)=0.706 | Val(AVO)=0.659
2025-09-29 10:13:29 - No P3-val improvement; patience remaining: 30/50
2025-09-29 10:13:29 - Epoch 24/500 | LR=0.009948 | w_AVO=1.000 | w_P3=2.771 | lambda_MMD=0.300
2025-09-29 10:13:29 - Epoch Summary: TrainLoss=1.3068 | TrainAcc=0.636 | Val(P3)=0.676 | Val(AVO)=0.666
2025-09-29 10:13:29 - No P3-val improvement; patience remaining: 29/50
2025-09-29 10:13:29 - Epoch 25/500 | LR=0.009943 | w_AVO=1.000 | w_P3=2.771 | lambda_MMD=0.300
2025-09-29 10:13:29 - Epoch Summary: TrainLoss=1.2966 | TrainAcc=0.649 | Val(P3)=0.706 | Val(AVO)=0.678
2025-09-29 10:13:29 - No P3-val improvement; patience remaining: 28/50
2025-09-29 10:13:29 - Epoch 26/500 | LR=0.009938 | w_AVO=1.000 | w_P3=2.771 | lambda_MMD=0.300
2025-09-29 10:13:29 - Epoch Summary: TrainLoss=1.3415 | TrainAcc=0.648 | Val(P3)=0.706 | Val(AVO)=0.611
2025-09-29 10:13:29 - No P3-val improvement; patience remaining: 27/50
2025-09-29 10:13:29 - Epoch 27/500 | LR=0.009933 | w_AVO=1.000 | w_P3=2.771 | lambda_MMD=0.300
2025-09-29 10:13:29 - Epoch Summary: TrainLoss=1.2805 | TrainAcc=0.645 | Val(P3)=0.735 | Val(AVO)=0.627
2025-09-29 10:13:29 - No P3-val improvement; patience remaining: 26/50
2025-09-29 10:13:29 - Epoch 28/500 | LR=0.009928 | w_AVO=1.000 | w_P3=2.771 | lambda_MMD=0.300
2025-09-29 10:13:30 - Epoch Summary: TrainLoss=1.2666 | TrainAcc=0.649 | Val(P3)=0.735 | Val(AVO)=0.675
2025-09-29 10:13:30 - No P3-val improvement; patience remaining: 25/50
2025-09-29 10:13:30 - Epoch 29/500 | LR=0.009923 | w_AVO=1.000 | w_P3=2.771 | lambda_MMD=0.300
2025-09-29 10:13:30 - Epoch Summary: TrainLoss=1.2596 | TrainAcc=0.653 | Val(P3)=0.618 | Val(AVO)=0.669
2025-09-29 10:13:30 - No P3-val improvement; patience remaining: 24/50
2025-09-29 10:13:30 - Epoch 30/500 | LR=0.009917 | w_AVO=1.000 | w_P3=2.771 | lambda_MMD=0.300
2025-09-29 10:13:30 - Epoch Summary: TrainLoss=1.2860 | TrainAcc=0.647 | Val(P3)=0.706 | Val(AVO)=0.682
2025-09-29 10:13:30 - No P3-val improvement; patience remaining: 23/50
2025-09-29 10:13:30 - Epoch 31/500 | LR=0.009911 | w_AVO=1.000 | w_P3=2.771 | lambda_MMD=0.300
2025-09-29 10:13:30 - Epoch Summary: TrainLoss=1.2730 | TrainAcc=0.640 | Val(P3)=0.735 | Val(AVO)=0.656
2025-09-29 10:13:30 - No P3-val improvement; patience remaining: 22/50
2025-09-29 10:13:30 - Epoch 32/500 | LR=0.009905 | w_AVO=1.000 | w_P3=2.771 | lambda_MMD=0.300
2025-09-29 10:13:30 - Epoch Summary: TrainLoss=1.2507 | TrainAcc=0.646 | Val(P3)=0.647 | Val(AVO)=0.659
2025-09-29 10:13:30 - No P3-val improvement; patience remaining: 21/50
2025-09-29 10:13:30 - Epoch 33/500 | LR=0.009899 | w_AVO=1.000 | w_P3=2.771 | lambda_MMD=0.300
2025-09-29 10:13:30 - Epoch Summary: TrainLoss=1.2789 | TrainAcc=0.656 | Val(P3)=0.735 | Val(AVO)=0.723
2025-09-29 10:13:30 - No P3-val improvement; patience remaining: 20/50
2025-09-29 10:13:30 - Epoch 34/500 | LR=0.009893 | w_AVO=1.000 | w_P3=2.771 | lambda_MMD=0.300
2025-09-29 10:13:30 - Epoch Summary: TrainLoss=1.2565 | TrainAcc=0.644 | Val(P3)=0.647 | Val(AVO)=0.633
2025-09-29 10:13:30 - No P3-val improvement; patience remaining: 19/50
2025-09-29 10:13:30 - Epoch 35/500 | LR=0.009886 | w_AVO=1.000 | w_P3=2.771 | lambda_MMD=0.300
2025-09-29 10:13:31 - Epoch Summary: TrainLoss=1.2697 | TrainAcc=0.651 | Val(P3)=0.588 | Val(AVO)=0.653
2025-09-29 10:13:31 - No P3-val improvement; patience remaining: 18/50
2025-09-29 10:13:31 - P3 val decreasing 3x. Reducing w_small to 2.217, lambda_MMD to 0.150
2025-09-29 10:13:31 - Epoch 36/500 | LR=0.009880 | w_AVO=1.000 | w_P3=2.217 | lambda_MMD=0.150
2025-09-29 10:13:31 - Epoch Summary: TrainLoss=1.1113 | TrainAcc=0.656 | Val(P3)=0.618 | Val(AVO)=0.672
2025-09-29 10:13:31 - No P3-val improvement; patience remaining: 17/50
2025-09-29 10:13:31 - Epoch 37/500 | LR=0.009873 | w_AVO=1.000 | w_P3=2.771 | lambda_MMD=0.300
2025-09-29 10:13:31 - Epoch Summary: TrainLoss=1.2482 | TrainAcc=0.657 | Val(P3)=0.706 | Val(AVO)=0.659
2025-09-29 10:13:31 - No P3-val improvement; patience remaining: 16/50
2025-09-29 10:13:31 - Epoch 38/500 | LR=0.009865 | w_AVO=1.000 | w_P3=2.771 | lambda_MMD=0.300
2025-09-29 10:13:31 - Epoch Summary: TrainLoss=1.2481 | TrainAcc=0.651 | Val(P3)=0.500 | Val(AVO)=0.675
2025-09-29 10:13:31 - No P3-val improvement; patience remaining: 15/50
2025-09-29 10:13:31 - Epoch 39/500 | LR=0.009858 | w_AVO=1.000 | w_P3=2.771 | lambda_MMD=0.300
2025-09-29 10:13:31 - Epoch Summary: TrainLoss=1.2205 | TrainAcc=0.658 | Val(P3)=0.647 | Val(AVO)=0.685
2025-09-29 10:13:31 - No P3-val improvement; patience remaining: 14/50
2025-09-29 10:13:31 - Epoch 40/500 | LR=0.009851 | w_AVO=1.000 | w_P3=2.771 | lambda_MMD=0.300
2025-09-29 10:13:31 - Epoch Summary: TrainLoss=1.2773 | TrainAcc=0.638 | Val(P3)=0.706 | Val(AVO)=0.621
2025-09-29 10:13:31 - No P3-val improvement; patience remaining: 13/50
2025-09-29 10:13:31 - Epoch 41/500 | LR=0.009843 | w_AVO=1.000 | w_P3=2.771 | lambda_MMD=0.300
2025-09-29 10:13:31 - Epoch Summary: TrainLoss=1.2594 | TrainAcc=0.655 | Val(P3)=0.706 | Val(AVO)=0.675
2025-09-29 10:13:31 - No P3-val improvement; patience remaining: 12/50
2025-09-29 10:13:31 - Epoch 42/500 | LR=0.009835 | w_AVO=1.000 | w_P3=2.771 | lambda_MMD=0.300
2025-09-29 10:13:31 - Epoch Summary: TrainLoss=1.1854 | TrainAcc=0.652 | Val(P3)=0.706 | Val(AVO)=0.691
2025-09-29 10:13:31 - No P3-val improvement; patience remaining: 11/50
2025-09-29 10:13:31 - Epoch 43/500 | LR=0.009827 | w_AVO=1.000 | w_P3=2.771 | lambda_MMD=0.300
2025-09-29 10:13:32 - Epoch Summary: TrainLoss=1.2208 | TrainAcc=0.651 | Val(P3)=0.706 | Val(AVO)=0.701
2025-09-29 10:13:32 - No P3-val improvement; patience remaining: 10/50
2025-09-29 10:13:32 - Epoch 44/500 | LR=0.009819 | w_AVO=1.000 | w_P3=2.771 | lambda_MMD=0.300
2025-09-29 10:13:32 - Epoch Summary: TrainLoss=1.2181 | TrainAcc=0.651 | Val(P3)=0.706 | Val(AVO)=0.682
2025-09-29 10:13:32 - No P3-val improvement; patience remaining: 9/50
2025-09-29 10:13:32 - Epoch 45/500 | LR=0.009810 | w_AVO=1.000 | w_P3=2.771 | lambda_MMD=0.300
2025-09-29 10:13:32 - Epoch Summary: TrainLoss=1.2529 | TrainAcc=0.659 | Val(P3)=0.706 | Val(AVO)=0.669
2025-09-29 10:13:32 - No P3-val improvement; patience remaining: 8/50
2025-09-29 10:13:32 - AVO val decreasing 3x. Reducing lambda_MMD to 0.210
2025-09-29 10:13:32 - Epoch 46/500 | LR=0.009801 | w_AVO=1.000 | w_P3=2.771 | lambda_MMD=0.210
2025-09-29 10:13:32 - Epoch Summary: TrainLoss=1.1459 | TrainAcc=0.659 | Val(P3)=0.706 | Val(AVO)=0.653
2025-09-29 10:13:32 - No P3-val improvement; patience remaining: 7/50
2025-09-29 10:13:32 - AVO val decreasing 3x. Reducing lambda_MMD to 0.210
2025-09-29 10:13:32 - Epoch 47/500 | LR=0.009793 | w_AVO=1.000 | w_P3=2.771 | lambda_MMD=0.210
2025-09-29 10:13:32 - Epoch Summary: TrainLoss=1.2354 | TrainAcc=0.652 | Val(P3)=0.706 | Val(AVO)=0.691
2025-09-29 10:13:32 - No P3-val improvement; patience remaining: 6/50
2025-09-29 10:13:32 - Epoch 48/500 | LR=0.009784 | w_AVO=1.000 | w_P3=2.771 | lambda_MMD=0.300
2025-09-29 10:13:32 - Epoch Summary: TrainLoss=1.1531 | TrainAcc=0.659 | Val(P3)=0.559 | Val(AVO)=0.669
2025-09-29 10:13:32 - No P3-val improvement; patience remaining: 5/50
2025-09-29 10:13:32 - Epoch 49/500 | LR=0.009774 | w_AVO=1.000 | w_P3=2.771 | lambda_MMD=0.300
2025-09-29 10:13:32 - Epoch Summary: TrainLoss=1.0590 | TrainAcc=0.684 | Val(P3)=0.647 | Val(AVO)=0.662
2025-09-29 10:13:32 - No P3-val improvement; patience remaining: 4/50
2025-09-29 10:13:32 - AVO val decreasing 3x. Reducing lambda_MMD to 0.210
2025-09-29 10:13:32 - Epoch 50/500 | LR=0.009765 | w_AVO=1.000 | w_P3=2.771 | lambda_MMD=0.210
2025-09-29 10:13:33 - Epoch Summary: TrainLoss=1.1967 | TrainAcc=0.651 | Val(P3)=0.618 | Val(AVO)=0.646
2025-09-29 10:13:33 - No P3-val improvement; patience remaining: 3/50
2025-09-29 10:13:33 - AVO val decreasing 3x. Reducing lambda_MMD to 0.210
2025-09-29 10:13:33 - Epoch 51/500 | LR=0.009755 | w_AVO=1.000 | w_P3=2.771 | lambda_MMD=0.210
2025-09-29 10:13:33 - Epoch Summary: TrainLoss=1.1630 | TrainAcc=0.661 | Val(P3)=0.676 | Val(AVO)=0.633
2025-09-29 10:13:33 - No P3-val improvement; patience remaining: 2/50
2025-09-29 10:13:33 - AVO val decreasing 3x. Reducing lambda_MMD to 0.210
2025-09-29 10:13:33 - Epoch 52/500 | LR=0.009745 | w_AVO=1.000 | w_P3=2.771 | lambda_MMD=0.210
2025-09-29 10:13:33 - Epoch Summary: TrainLoss=1.2094 | TrainAcc=0.647 | Val(P3)=0.676 | Val(AVO)=0.662
2025-09-29 10:13:33 - No P3-val improvement; patience remaining: 1/50
2025-09-29 10:13:33 - Epoch 53/500 | LR=0.009735 | w_AVO=1.000 | w_P3=2.771 | lambda_MMD=0.300
2025-09-29 10:13:33 - Epoch Summary: TrainLoss=1.1999 | TrainAcc=0.662 | Val(P3)=0.618 | Val(AVO)=0.662
2025-09-29 10:13:33 - No P3-val improvement; patience remaining: 0/50
2025-09-29 10:13:33 - Early stopping triggered (P3-val)
2025-09-29 10:13:33 -     P3 Test | Acc=0.5909 P=0.5435 R=0.6250 F1=0.5814 AUC=0.5964 (n=88)
2025-09-29 10:13:33 -     AVO Test | Acc=0.6312 P=0.5967 R=0.8393 F1=0.6975 AUC=0.7063 (n=602)
2025-09-29 10:13:33 -     Overall Test Acc=0.6261
2025-09-29 10:13:33 -   Fold 3/5
2025-09-29 10:13:33 - Fold domains: small=P3 (n=295), large=AVO (n=2118)
2025-09-29 10:13:33 - Auto adjustments (symmetric): w_small≈1.000, lambda_MMD_target=0.300, warmup_epochs=5
2025-09-29 10:13:33 - Epoch 1/500 | LR=0.010000 | w_AVO=1.000 | w_P3=1.336 | lambda_MMD=0.060
2025-09-29 10:13:33 - Epoch Summary: TrainLoss=1.7956 | TrainAcc=0.538 | Val(P3)=0.457 | Val(AVO)=0.513
2025-09-29 10:13:33 - New best P3-val; checkpoint updated
2025-09-29 10:13:33 - Epoch 2/500 | LR=0.010000 | w_AVO=1.000 | w_P3=1.672 | lambda_MMD=0.120
2025-09-29 10:13:33 - Epoch Summary: TrainLoss=1.7158 | TrainAcc=0.585 | Val(P3)=0.600 | Val(AVO)=0.545
2025-09-29 10:13:33 - New best P3-val; checkpoint updated
2025-09-29 10:13:33 - Epoch 3/500 | LR=0.010000 | w_AVO=1.000 | w_P3=2.008 | lambda_MMD=0.180
2025-09-29 10:13:34 - Epoch Summary: TrainLoss=1.7649 | TrainAcc=0.610 | Val(P3)=0.514 | Val(AVO)=0.577
2025-09-29 10:13:34 - No P3-val improvement; patience remaining: 49/50
2025-09-29 10:13:34 - Epoch 4/500 | LR=0.009999 | w_AVO=1.000 | w_P3=2.344 | lambda_MMD=0.240
2025-09-29 10:13:34 - Epoch Summary: TrainLoss=1.8488 | TrainAcc=0.627 | Val(P3)=0.457 | Val(AVO)=0.610
2025-09-29 10:13:34 - No P3-val improvement; patience remaining: 48/50
2025-09-29 10:13:34 - P3 val decreasing 3x. Reducing w_small to 2.144, lambda_MMD to 0.150
2025-09-29 10:13:34 - Epoch 5/500 | LR=0.009998 | w_AVO=1.000 | w_P3=2.144 | lambda_MMD=0.150
2025-09-29 10:13:34 - Epoch Summary: TrainLoss=1.6841 | TrainAcc=0.619 | Val(P3)=0.571 | Val(AVO)=0.581
2025-09-29 10:13:34 - No P3-val improvement; patience remaining: 47/50
2025-09-29 10:13:34 - Epoch 6/500 | LR=0.009998 | w_AVO=1.000 | w_P3=2.679 | lambda_MMD=0.300
2025-09-29 10:13:34 - Epoch Summary: TrainLoss=1.8789 | TrainAcc=0.629 | Val(P3)=0.571 | Val(AVO)=0.571
2025-09-29 10:13:34 - No P3-val improvement; patience remaining: 46/50
2025-09-29 10:13:34 - AVO val decreasing 3x. Reducing lambda_MMD to 0.210
2025-09-29 10:13:34 - Epoch 7/500 | LR=0.009996 | w_AVO=1.000 | w_P3=2.679 | lambda_MMD=0.210
2025-09-29 10:13:34 - Epoch Summary: TrainLoss=1.8152 | TrainAcc=0.616 | Val(P3)=0.514 | Val(AVO)=0.616
2025-09-29 10:13:34 - No P3-val improvement; patience remaining: 45/50
2025-09-29 10:13:34 - Epoch 8/500 | LR=0.009995 | w_AVO=1.000 | w_P3=2.679 | lambda_MMD=0.300
2025-09-29 10:13:34 - Epoch Summary: TrainLoss=1.7382 | TrainAcc=0.634 | Val(P3)=0.600 | Val(AVO)=0.590
2025-09-29 10:13:34 - No P3-val improvement; patience remaining: 44/50
2025-09-29 10:13:34 - Epoch 9/500 | LR=0.009994 | w_AVO=1.000 | w_P3=2.679 | lambda_MMD=0.300
2025-09-29 10:13:34 - Epoch Summary: TrainLoss=1.6796 | TrainAcc=0.635 | Val(P3)=0.600 | Val(AVO)=0.577
2025-09-29 10:13:34 - No P3-val improvement; patience remaining: 43/50
2025-09-29 10:13:34 - AVO val decreasing 3x. Reducing lambda_MMD to 0.210
2025-09-29 10:13:34 - Epoch 10/500 | LR=0.009992 | w_AVO=1.000 | w_P3=2.679 | lambda_MMD=0.210
2025-09-29 10:13:34 - Epoch Summary: TrainLoss=1.6539 | TrainAcc=0.635 | Val(P3)=0.571 | Val(AVO)=0.577
2025-09-29 10:13:34 - No P3-val improvement; patience remaining: 42/50
2025-09-29 10:13:34 - Epoch 11/500 | LR=0.009990 | w_AVO=1.000 | w_P3=2.679 | lambda_MMD=0.300
2025-09-29 10:13:35 - Epoch Summary: TrainLoss=1.6256 | TrainAcc=0.646 | Val(P3)=0.571 | Val(AVO)=0.619
2025-09-29 10:13:35 - No P3-val improvement; patience remaining: 41/50
2025-09-29 10:13:35 - Epoch 12/500 | LR=0.009988 | w_AVO=1.000 | w_P3=2.679 | lambda_MMD=0.300
2025-09-29 10:13:35 - Epoch Summary: TrainLoss=1.5389 | TrainAcc=0.643 | Val(P3)=0.600 | Val(AVO)=0.610
2025-09-29 10:13:35 - No P3-val improvement; patience remaining: 40/50
2025-09-29 10:13:35 - Epoch 13/500 | LR=0.009986 | w_AVO=1.000 | w_P3=2.679 | lambda_MMD=0.300
2025-09-29 10:13:35 - Epoch Summary: TrainLoss=1.5194 | TrainAcc=0.646 | Val(P3)=0.600 | Val(AVO)=0.632
2025-09-29 10:13:35 - No P3-val improvement; patience remaining: 39/50
2025-09-29 10:13:35 - Epoch 14/500 | LR=0.009983 | w_AVO=1.000 | w_P3=2.679 | lambda_MMD=0.300
2025-09-29 10:13:35 - Epoch Summary: TrainLoss=1.4590 | TrainAcc=0.640 | Val(P3)=0.629 | Val(AVO)=0.574
2025-09-29 10:13:35 - New best P3-val; checkpoint updated
2025-09-29 10:13:35 - Epoch 15/500 | LR=0.009981 | w_AVO=1.000 | w_P3=2.679 | lambda_MMD=0.300
2025-09-29 10:13:35 - Epoch Summary: TrainLoss=1.5384 | TrainAcc=0.627 | Val(P3)=0.571 | Val(AVO)=0.648
2025-09-29 10:13:35 - No P3-val improvement; patience remaining: 49/50
2025-09-29 10:13:35 - Epoch 16/500 | LR=0.009978 | w_AVO=1.000 | w_P3=2.679 | lambda_MMD=0.300
2025-09-29 10:13:35 - Epoch Summary: TrainLoss=1.4543 | TrainAcc=0.641 | Val(P3)=0.543 | Val(AVO)=0.619
2025-09-29 10:13:35 - No P3-val improvement; patience remaining: 48/50
2025-09-29 10:13:35 - P3 val decreasing 3x. Reducing w_small to 2.144, lambda_MMD to 0.150
2025-09-29 10:13:35 - Epoch 17/500 | LR=0.009975 | w_AVO=1.000 | w_P3=2.144 | lambda_MMD=0.150
2025-09-29 10:13:35 - Epoch Summary: TrainLoss=1.3252 | TrainAcc=0.642 | Val(P3)=0.571 | Val(AVO)=0.616
2025-09-29 10:13:35 - No P3-val improvement; patience remaining: 47/50
2025-09-29 10:13:35 - AVO val decreasing 3x. Reducing lambda_MMD to 0.210
2025-09-29 10:13:35 - Epoch 18/500 | LR=0.009972 | w_AVO=1.000 | w_P3=2.679 | lambda_MMD=0.210
2025-09-29 10:13:36 - Epoch Summary: TrainLoss=1.4589 | TrainAcc=0.645 | Val(P3)=0.600 | Val(AVO)=0.645
2025-09-29 10:13:36 - No P3-val improvement; patience remaining: 46/50
2025-09-29 10:13:36 - Epoch 19/500 | LR=0.009968 | w_AVO=1.000 | w_P3=2.679 | lambda_MMD=0.300
2025-09-29 10:13:36 - Epoch Summary: TrainLoss=1.4080 | TrainAcc=0.657 | Val(P3)=0.629 | Val(AVO)=0.613
2025-09-29 10:13:36 - No P3-val improvement; patience remaining: 45/50
2025-09-29 10:13:36 - Epoch 20/500 | LR=0.009964 | w_AVO=1.000 | w_P3=2.679 | lambda_MMD=0.300
2025-09-29 10:13:36 - Epoch Summary: TrainLoss=1.4194 | TrainAcc=0.636 | Val(P3)=0.600 | Val(AVO)=0.632
2025-09-29 10:13:36 - No P3-val improvement; patience remaining: 44/50
2025-09-29 10:13:36 - Epoch 21/500 | LR=0.009961 | w_AVO=1.000 | w_P3=2.679 | lambda_MMD=0.300
2025-09-29 10:13:36 - Epoch Summary: TrainLoss=1.4152 | TrainAcc=0.644 | Val(P3)=0.600 | Val(AVO)=0.632
2025-09-29 10:13:36 - No P3-val improvement; patience remaining: 43/50
2025-09-29 10:13:36 - Epoch 22/500 | LR=0.009957 | w_AVO=1.000 | w_P3=2.679 | lambda_MMD=0.300
2025-09-29 10:13:36 - Epoch Summary: TrainLoss=1.3513 | TrainAcc=0.633 | Val(P3)=0.571 | Val(AVO)=0.594
2025-09-29 10:13:36 - No P3-val improvement; patience remaining: 42/50
2025-09-29 10:13:36 - Epoch 23/500 | LR=0.009952 | w_AVO=1.000 | w_P3=2.679 | lambda_MMD=0.300
2025-09-29 10:13:36 - Epoch Summary: TrainLoss=1.3377 | TrainAcc=0.656 | Val(P3)=0.571 | Val(AVO)=0.632
2025-09-29 10:13:36 - No P3-val improvement; patience remaining: 41/50
2025-09-29 10:13:36 - Epoch 24/500 | LR=0.009948 | w_AVO=1.000 | w_P3=2.679 | lambda_MMD=0.300
2025-09-29 10:13:36 - Epoch Summary: TrainLoss=1.3274 | TrainAcc=0.658 | Val(P3)=0.600 | Val(AVO)=0.642
2025-09-29 10:13:36 - No P3-val improvement; patience remaining: 40/50
2025-09-29 10:13:36 - Epoch 25/500 | LR=0.009943 | w_AVO=1.000 | w_P3=2.679 | lambda_MMD=0.300
2025-09-29 10:13:37 - Epoch Summary: TrainLoss=1.3411 | TrainAcc=0.652 | Val(P3)=0.571 | Val(AVO)=0.610
2025-09-29 10:13:37 - No P3-val improvement; patience remaining: 39/50
2025-09-29 10:13:37 - Epoch 26/500 | LR=0.009938 | w_AVO=1.000 | w_P3=2.679 | lambda_MMD=0.300
2025-09-29 10:13:37 - Epoch Summary: TrainLoss=1.3193 | TrainAcc=0.652 | Val(P3)=0.600 | Val(AVO)=0.645
2025-09-29 10:13:37 - No P3-val improvement; patience remaining: 38/50
2025-09-29 10:13:37 - Epoch 27/500 | LR=0.009933 | w_AVO=1.000 | w_P3=2.679 | lambda_MMD=0.300
2025-09-29 10:13:37 - Epoch Summary: TrainLoss=1.2778 | TrainAcc=0.661 | Val(P3)=0.629 | Val(AVO)=0.632
2025-09-29 10:13:37 - No P3-val improvement; patience remaining: 37/50
2025-09-29 10:13:37 - Epoch 28/500 | LR=0.009928 | w_AVO=1.000 | w_P3=2.679 | lambda_MMD=0.300
2025-09-29 10:13:37 - Epoch Summary: TrainLoss=1.3032 | TrainAcc=0.661 | Val(P3)=0.629 | Val(AVO)=0.648
2025-09-29 10:13:37 - No P3-val improvement; patience remaining: 36/50
2025-09-29 10:13:37 - Epoch 29/500 | LR=0.009923 | w_AVO=1.000 | w_P3=2.679 | lambda_MMD=0.300
2025-09-29 10:13:37 - Epoch Summary: TrainLoss=1.2886 | TrainAcc=0.657 | Val(P3)=0.600 | Val(AVO)=0.635
2025-09-29 10:13:37 - No P3-val improvement; patience remaining: 35/50
2025-09-29 10:13:37 - Epoch 30/500 | LR=0.009917 | w_AVO=1.000 | w_P3=2.679 | lambda_MMD=0.300
2025-09-29 10:13:37 - Epoch Summary: TrainLoss=1.3040 | TrainAcc=0.652 | Val(P3)=0.600 | Val(AVO)=0.639
2025-09-29 10:13:37 - No P3-val improvement; patience remaining: 34/50
2025-09-29 10:13:37 - Epoch 31/500 | LR=0.009911 | w_AVO=1.000 | w_P3=2.679 | lambda_MMD=0.300
2025-09-29 10:13:37 - Epoch Summary: TrainLoss=1.3299 | TrainAcc=0.648 | Val(P3)=0.629 | Val(AVO)=0.629
2025-09-29 10:13:37 - No P3-val improvement; patience remaining: 33/50
2025-09-29 10:13:37 - Epoch 32/500 | LR=0.009905 | w_AVO=1.000 | w_P3=2.679 | lambda_MMD=0.300
2025-09-29 10:13:38 - Epoch Summary: TrainLoss=1.2849 | TrainAcc=0.648 | Val(P3)=0.629 | Val(AVO)=0.642
2025-09-29 10:13:38 - No P3-val improvement; patience remaining: 32/50
2025-09-29 10:13:38 - Epoch 33/500 | LR=0.009899 | w_AVO=1.000 | w_P3=2.679 | lambda_MMD=0.300
2025-09-29 10:13:38 - Epoch Summary: TrainLoss=1.2735 | TrainAcc=0.661 | Val(P3)=0.629 | Val(AVO)=0.645
2025-09-29 10:13:38 - No P3-val improvement; patience remaining: 31/50
2025-09-29 10:13:38 - Epoch 34/500 | LR=0.009893 | w_AVO=1.000 | w_P3=2.679 | lambda_MMD=0.300
2025-09-29 10:13:38 - Epoch Summary: TrainLoss=1.2415 | TrainAcc=0.654 | Val(P3)=0.629 | Val(AVO)=0.610
2025-09-29 10:13:38 - No P3-val improvement; patience remaining: 30/50
2025-09-29 10:13:38 - Epoch 35/500 | LR=0.009886 | w_AVO=1.000 | w_P3=2.679 | lambda_MMD=0.300
2025-09-29 10:13:38 - Epoch Summary: TrainLoss=1.2329 | TrainAcc=0.652 | Val(P3)=0.629 | Val(AVO)=0.639
2025-09-29 10:13:38 - No P3-val improvement; patience remaining: 29/50
2025-09-29 10:13:38 - Epoch 36/500 | LR=0.009880 | w_AVO=1.000 | w_P3=2.679 | lambda_MMD=0.300
2025-09-29 10:13:38 - Epoch Summary: TrainLoss=1.2495 | TrainAcc=0.664 | Val(P3)=0.629 | Val(AVO)=0.645
2025-09-29 10:13:38 - No P3-val improvement; patience remaining: 28/50
2025-09-29 10:13:38 - Epoch 37/500 | LR=0.009873 | w_AVO=1.000 | w_P3=2.679 | lambda_MMD=0.300
2025-09-29 10:13:38 - Epoch Summary: TrainLoss=1.2053 | TrainAcc=0.664 | Val(P3)=0.629 | Val(AVO)=0.635
2025-09-29 10:13:38 - No P3-val improvement; patience remaining: 27/50
2025-09-29 10:13:38 - Epoch 38/500 | LR=0.009865 | w_AVO=1.000 | w_P3=2.679 | lambda_MMD=0.300
2025-09-29 10:13:38 - Epoch Summary: TrainLoss=1.2101 | TrainAcc=0.658 | Val(P3)=0.600 | Val(AVO)=0.635
2025-09-29 10:13:38 - No P3-val improvement; patience remaining: 26/50
2025-09-29 10:13:38 - Epoch 39/500 | LR=0.009858 | w_AVO=1.000 | w_P3=2.679 | lambda_MMD=0.300
2025-09-29 10:13:38 - Epoch Summary: TrainLoss=1.2385 | TrainAcc=0.661 | Val(P3)=0.657 | Val(AVO)=0.645
2025-09-29 10:13:38 - New best P3-val; checkpoint updated
2025-09-29 10:13:38 - Epoch 40/500 | LR=0.009851 | w_AVO=1.000 | w_P3=2.679 | lambda_MMD=0.300
2025-09-29 10:13:39 - Epoch Summary: TrainLoss=1.2116 | TrainAcc=0.655 | Val(P3)=0.629 | Val(AVO)=0.648
2025-09-29 10:13:39 - No P3-val improvement; patience remaining: 49/50
2025-09-29 10:13:39 - Epoch 41/500 | LR=0.009843 | w_AVO=1.000 | w_P3=2.679 | lambda_MMD=0.300
2025-09-29 10:13:39 - Epoch Summary: TrainLoss=1.2382 | TrainAcc=0.669 | Val(P3)=0.629 | Val(AVO)=0.648
2025-09-29 10:13:39 - No P3-val improvement; patience remaining: 48/50
2025-09-29 10:13:39 - Epoch 42/500 | LR=0.009835 | w_AVO=1.000 | w_P3=2.679 | lambda_MMD=0.300
2025-09-29 10:13:39 - Epoch Summary: TrainLoss=1.1995 | TrainAcc=0.658 | Val(P3)=0.629 | Val(AVO)=0.606
2025-09-29 10:13:39 - No P3-val improvement; patience remaining: 47/50
2025-09-29 10:13:39 - Epoch 43/500 | LR=0.009827 | w_AVO=1.000 | w_P3=2.679 | lambda_MMD=0.300
2025-09-29 10:13:39 - Epoch Summary: TrainLoss=1.1792 | TrainAcc=0.663 | Val(P3)=0.629 | Val(AVO)=0.632
2025-09-29 10:13:39 - No P3-val improvement; patience remaining: 46/50
2025-09-29 10:13:39 - Epoch 44/500 | LR=0.009819 | w_AVO=1.000 | w_P3=2.679 | lambda_MMD=0.300
2025-09-29 10:13:39 - Epoch Summary: TrainLoss=1.2593 | TrainAcc=0.646 | Val(P3)=0.543 | Val(AVO)=0.639
2025-09-29 10:13:39 - No P3-val improvement; patience remaining: 45/50
2025-09-29 10:13:39 - Epoch 45/500 | LR=0.009810 | w_AVO=1.000 | w_P3=2.679 | lambda_MMD=0.300
2025-09-29 10:13:39 - Epoch Summary: TrainLoss=1.1911 | TrainAcc=0.661 | Val(P3)=0.571 | Val(AVO)=0.626
2025-09-29 10:13:39 - No P3-val improvement; patience remaining: 44/50
2025-09-29 10:13:39 - Epoch 46/500 | LR=0.009801 | w_AVO=1.000 | w_P3=2.679 | lambda_MMD=0.300
2025-09-29 10:13:39 - Epoch Summary: TrainLoss=1.2045 | TrainAcc=0.670 | Val(P3)=0.629 | Val(AVO)=0.635
2025-09-29 10:13:39 - No P3-val improvement; patience remaining: 43/50
2025-09-29 10:13:39 - Epoch 47/500 | LR=0.009793 | w_AVO=1.000 | w_P3=2.679 | lambda_MMD=0.300
2025-09-29 10:13:40 - Epoch Summary: TrainLoss=1.1655 | TrainAcc=0.669 | Val(P3)=0.600 | Val(AVO)=0.629
2025-09-29 10:13:40 - No P3-val improvement; patience remaining: 42/50
2025-09-29 10:13:40 - Epoch 48/500 | LR=0.009784 | w_AVO=1.000 | w_P3=2.679 | lambda_MMD=0.300
2025-09-29 10:13:40 - Epoch Summary: TrainLoss=1.1500 | TrainAcc=0.661 | Val(P3)=0.629 | Val(AVO)=0.655
2025-09-29 10:13:40 - No P3-val improvement; patience remaining: 41/50
2025-09-29 10:13:40 - Epoch 49/500 | LR=0.009774 | w_AVO=1.000 | w_P3=2.679 | lambda_MMD=0.300
2025-09-29 10:13:40 - Epoch Summary: TrainLoss=1.1704 | TrainAcc=0.673 | Val(P3)=0.629 | Val(AVO)=0.668
2025-09-29 10:13:40 - No P3-val improvement; patience remaining: 40/50
2025-09-29 10:13:40 - Epoch 50/500 | LR=0.009765 | w_AVO=1.000 | w_P3=2.679 | lambda_MMD=0.300
2025-09-29 10:13:40 - Epoch Summary: TrainLoss=1.1746 | TrainAcc=0.666 | Val(P3)=0.629 | Val(AVO)=0.655
2025-09-29 10:13:40 - No P3-val improvement; patience remaining: 39/50
2025-09-29 10:13:40 - Epoch 51/500 | LR=0.009755 | w_AVO=1.000 | w_P3=2.679 | lambda_MMD=0.300
2025-09-29 10:13:40 - Epoch Summary: TrainLoss=1.1751 | TrainAcc=0.663 | Val(P3)=0.600 | Val(AVO)=0.642
2025-09-29 10:13:40 - No P3-val improvement; patience remaining: 38/50
2025-09-29 10:13:40 - AVO val decreasing 3x. Reducing lambda_MMD to 0.210
2025-09-29 10:13:40 - Epoch 52/500 | LR=0.009745 | w_AVO=1.000 | w_P3=2.679 | lambda_MMD=0.210
2025-09-29 10:13:40 - Epoch Summary: TrainLoss=1.1740 | TrainAcc=0.670 | Val(P3)=0.629 | Val(AVO)=0.642
2025-09-29 10:13:40 - No P3-val improvement; patience remaining: 37/50
2025-09-29 10:13:40 - Epoch 53/500 | LR=0.009735 | w_AVO=1.000 | w_P3=2.679 | lambda_MMD=0.300
2025-09-29 10:13:40 - Epoch Summary: TrainLoss=1.1408 | TrainAcc=0.658 | Val(P3)=0.600 | Val(AVO)=0.652
2025-09-29 10:13:40 - No P3-val improvement; patience remaining: 36/50
2025-09-29 10:13:40 - Epoch 54/500 | LR=0.009725 | w_AVO=1.000 | w_P3=2.679 | lambda_MMD=0.300
2025-09-29 10:13:41 - Epoch Summary: TrainLoss=1.1913 | TrainAcc=0.662 | Val(P3)=0.600 | Val(AVO)=0.632
2025-09-29 10:13:41 - No P3-val improvement; patience remaining: 35/50
2025-09-29 10:13:41 - Epoch 55/500 | LR=0.009715 | w_AVO=1.000 | w_P3=2.679 | lambda_MMD=0.300
2025-09-29 10:13:41 - Epoch Summary: TrainLoss=1.1432 | TrainAcc=0.667 | Val(P3)=0.600 | Val(AVO)=0.639
2025-09-29 10:13:41 - No P3-val improvement; patience remaining: 34/50
2025-09-29 10:13:41 - Epoch 56/500 | LR=0.009704 | w_AVO=1.000 | w_P3=2.679 | lambda_MMD=0.300
2025-09-29 10:13:41 - Epoch Summary: TrainLoss=1.1889 | TrainAcc=0.660 | Val(P3)=0.629 | Val(AVO)=0.652
2025-09-29 10:13:41 - No P3-val improvement; patience remaining: 33/50
2025-09-29 10:13:41 - Epoch 57/500 | LR=0.009694 | w_AVO=1.000 | w_P3=2.679 | lambda_MMD=0.300
2025-09-29 10:13:41 - Epoch Summary: TrainLoss=1.1482 | TrainAcc=0.665 | Val(P3)=0.629 | Val(AVO)=0.655
2025-09-29 10:13:41 - No P3-val improvement; patience remaining: 32/50
2025-09-29 10:13:41 - Epoch 58/500 | LR=0.009683 | w_AVO=1.000 | w_P3=2.679 | lambda_MMD=0.300
2025-09-29 10:13:41 - Epoch Summary: TrainLoss=1.1382 | TrainAcc=0.683 | Val(P3)=0.600 | Val(AVO)=0.652
2025-09-29 10:13:41 - No P3-val improvement; patience remaining: 31/50
2025-09-29 10:13:41 - Epoch 59/500 | LR=0.009672 | w_AVO=1.000 | w_P3=2.679 | lambda_MMD=0.300
2025-09-29 10:13:41 - Epoch Summary: TrainLoss=1.1581 | TrainAcc=0.650 | Val(P3)=0.629 | Val(AVO)=0.642
2025-09-29 10:13:41 - No P3-val improvement; patience remaining: 30/50
2025-09-29 10:13:41 - AVO val decreasing 3x. Reducing lambda_MMD to 0.210
2025-09-29 10:13:41 - Epoch 60/500 | LR=0.009660 | w_AVO=1.000 | w_P3=2.679 | lambda_MMD=0.210
2025-09-29 10:13:41 - Epoch Summary: TrainLoss=1.1407 | TrainAcc=0.676 | Val(P3)=0.629 | Val(AVO)=0.658
2025-09-29 10:13:41 - No P3-val improvement; patience remaining: 29/50
2025-09-29 10:13:41 - Epoch 61/500 | LR=0.009649 | w_AVO=1.000 | w_P3=2.679 | lambda_MMD=0.300
2025-09-29 10:13:42 - Epoch Summary: TrainLoss=1.2017 | TrainAcc=0.667 | Val(P3)=0.657 | Val(AVO)=0.671
2025-09-29 10:13:42 - No P3-val improvement; patience remaining: 28/50
2025-09-29 10:13:42 - Epoch 62/500 | LR=0.009637 | w_AVO=1.000 | w_P3=2.679 | lambda_MMD=0.300
2025-09-29 10:13:42 - Epoch Summary: TrainLoss=1.1617 | TrainAcc=0.667 | Val(P3)=0.600 | Val(AVO)=0.652
2025-09-29 10:13:42 - No P3-val improvement; patience remaining: 27/50
2025-09-29 10:13:42 - Epoch 63/500 | LR=0.009625 | w_AVO=1.000 | w_P3=2.679 | lambda_MMD=0.300
2025-09-29 10:13:42 - Epoch Summary: TrainLoss=1.1213 | TrainAcc=0.665 | Val(P3)=0.600 | Val(AVO)=0.661
2025-09-29 10:13:42 - No P3-val improvement; patience remaining: 26/50
2025-09-29 10:13:42 - Epoch 64/500 | LR=0.009613 | w_AVO=1.000 | w_P3=2.679 | lambda_MMD=0.300
2025-09-29 10:13:42 - Epoch Summary: TrainLoss=1.0996 | TrainAcc=0.669 | Val(P3)=0.543 | Val(AVO)=0.632
2025-09-29 10:13:42 - No P3-val improvement; patience remaining: 25/50
2025-09-29 10:13:42 - Epoch 65/500 | LR=0.009601 | w_AVO=1.000 | w_P3=2.679 | lambda_MMD=0.300
2025-09-29 10:13:42 - Epoch Summary: TrainLoss=1.1312 | TrainAcc=0.676 | Val(P3)=0.657 | Val(AVO)=0.645
2025-09-29 10:13:42 - No P3-val improvement; patience remaining: 24/50
2025-09-29 10:13:42 - Epoch 66/500 | LR=0.009589 | w_AVO=1.000 | w_P3=2.679 | lambda_MMD=0.300
2025-09-29 10:13:42 - Epoch Summary: TrainLoss=1.1503 | TrainAcc=0.677 | Val(P3)=0.600 | Val(AVO)=0.639
2025-09-29 10:13:42 - No P3-val improvement; patience remaining: 23/50
2025-09-29 10:13:42 - Epoch 67/500 | LR=0.009576 | w_AVO=1.000 | w_P3=2.679 | lambda_MMD=0.300
2025-09-29 10:13:42 - Epoch Summary: TrainLoss=1.1092 | TrainAcc=0.673 | Val(P3)=0.600 | Val(AVO)=0.665
2025-09-29 10:13:42 - No P3-val improvement; patience remaining: 22/50
2025-09-29 10:13:42 - Epoch 68/500 | LR=0.009563 | w_AVO=1.000 | w_P3=2.679 | lambda_MMD=0.300
2025-09-29 10:13:43 - Epoch Summary: TrainLoss=1.1227 | TrainAcc=0.656 | Val(P3)=0.657 | Val(AVO)=0.674
2025-09-29 10:13:43 - No P3-val improvement; patience remaining: 21/50
2025-09-29 10:13:43 - Epoch 69/500 | LR=0.009551 | w_AVO=1.000 | w_P3=2.679 | lambda_MMD=0.300
2025-09-29 10:13:43 - Epoch Summary: TrainLoss=1.0892 | TrainAcc=0.668 | Val(P3)=0.600 | Val(AVO)=0.665
2025-09-29 10:13:43 - No P3-val improvement; patience remaining: 20/50
2025-09-29 10:13:43 - Epoch 70/500 | LR=0.009537 | w_AVO=1.000 | w_P3=2.679 | lambda_MMD=0.300
2025-09-29 10:13:43 - Epoch Summary: TrainLoss=1.0935 | TrainAcc=0.658 | Val(P3)=0.600 | Val(AVO)=0.648
2025-09-29 10:13:43 - No P3-val improvement; patience remaining: 19/50
2025-09-29 10:13:43 - AVO val decreasing 3x. Reducing lambda_MMD to 0.210
2025-09-29 10:13:43 - Epoch 71/500 | LR=0.009524 | w_AVO=1.000 | w_P3=2.679 | lambda_MMD=0.210
2025-09-29 10:13:43 - Epoch Summary: TrainLoss=1.1492 | TrainAcc=0.655 | Val(P3)=0.571 | Val(AVO)=0.655
2025-09-29 10:13:43 - No P3-val improvement; patience remaining: 18/50
2025-09-29 10:13:43 - Epoch 72/500 | LR=0.009511 | w_AVO=1.000 | w_P3=2.679 | lambda_MMD=0.300
2025-09-29 10:13:43 - Epoch Summary: TrainLoss=1.0752 | TrainAcc=0.668 | Val(P3)=0.600 | Val(AVO)=0.658
2025-09-29 10:13:43 - No P3-val improvement; patience remaining: 17/50
2025-09-29 10:13:43 - Epoch 73/500 | LR=0.009497 | w_AVO=1.000 | w_P3=2.679 | lambda_MMD=0.300
2025-09-29 10:13:43 - Epoch Summary: TrainLoss=1.1191 | TrainAcc=0.671 | Val(P3)=0.571 | Val(AVO)=0.674
2025-09-29 10:13:43 - No P3-val improvement; patience remaining: 16/50
2025-09-29 10:13:43 - Epoch 74/500 | LR=0.009483 | w_AVO=1.000 | w_P3=2.679 | lambda_MMD=0.300
2025-09-29 10:13:43 - Epoch Summary: TrainLoss=1.0989 | TrainAcc=0.663 | Val(P3)=0.600 | Val(AVO)=0.639
2025-09-29 10:13:43 - No P3-val improvement; patience remaining: 15/50
2025-09-29 10:13:43 - Epoch 75/500 | LR=0.009469 | w_AVO=1.000 | w_P3=2.679 | lambda_MMD=0.300
2025-09-29 10:13:44 - Epoch Summary: TrainLoss=1.1121 | TrainAcc=0.665 | Val(P3)=0.600 | Val(AVO)=0.665
2025-09-29 10:13:44 - No P3-val improvement; patience remaining: 14/50
2025-09-29 10:13:44 - Epoch 76/500 | LR=0.009455 | w_AVO=1.000 | w_P3=2.679 | lambda_MMD=0.300
2025-09-29 10:13:44 - Epoch Summary: TrainLoss=1.0830 | TrainAcc=0.676 | Val(P3)=0.571 | Val(AVO)=0.655
2025-09-29 10:13:44 - No P3-val improvement; patience remaining: 13/50
2025-09-29 10:13:44 - Epoch 77/500 | LR=0.009441 | w_AVO=1.000 | w_P3=2.679 | lambda_MMD=0.300
2025-09-29 10:13:44 - Epoch Summary: TrainLoss=1.0733 | TrainAcc=0.670 | Val(P3)=0.629 | Val(AVO)=0.655
2025-09-29 10:13:44 - No P3-val improvement; patience remaining: 12/50
2025-09-29 10:13:44 - Epoch 78/500 | LR=0.009426 | w_AVO=1.000 | w_P3=2.679 | lambda_MMD=0.300
2025-09-29 10:13:44 - Epoch Summary: TrainLoss=1.0711 | TrainAcc=0.685 | Val(P3)=0.629 | Val(AVO)=0.661
2025-09-29 10:13:44 - No P3-val improvement; patience remaining: 11/50
2025-09-29 10:13:44 - Epoch 79/500 | LR=0.009411 | w_AVO=1.000 | w_P3=2.679 | lambda_MMD=0.300
2025-09-29 10:13:44 - Epoch Summary: TrainLoss=1.0760 | TrainAcc=0.680 | Val(P3)=0.629 | Val(AVO)=0.632
2025-09-29 10:13:44 - No P3-val improvement; patience remaining: 10/50
2025-09-29 10:13:44 - Epoch 80/500 | LR=0.009397 | w_AVO=1.000 | w_P3=2.679 | lambda_MMD=0.300
2025-09-29 10:13:44 - Epoch Summary: TrainLoss=1.1055 | TrainAcc=0.673 | Val(P3)=0.543 | Val(AVO)=0.677
2025-09-29 10:13:44 - No P3-val improvement; patience remaining: 9/50
2025-09-29 10:13:44 - Epoch 81/500 | LR=0.009382 | w_AVO=1.000 | w_P3=2.679 | lambda_MMD=0.300
2025-09-29 10:13:44 - Epoch Summary: TrainLoss=1.0453 | TrainAcc=0.680 | Val(P3)=0.600 | Val(AVO)=0.661
2025-09-29 10:13:44 - No P3-val improvement; patience remaining: 8/50
2025-09-29 10:13:44 - Epoch 82/500 | LR=0.009366 | w_AVO=1.000 | w_P3=2.679 | lambda_MMD=0.300
2025-09-29 10:13:45 - Epoch Summary: TrainLoss=1.1060 | TrainAcc=0.671 | Val(P3)=0.600 | Val(AVO)=0.648
2025-09-29 10:13:45 - No P3-val improvement; patience remaining: 7/50
2025-09-29 10:13:45 - AVO val decreasing 3x. Reducing lambda_MMD to 0.210
2025-09-29 10:13:45 - Epoch 83/500 | LR=0.009351 | w_AVO=1.000 | w_P3=2.679 | lambda_MMD=0.210
2025-09-29 10:13:45 - Epoch Summary: TrainLoss=1.0764 | TrainAcc=0.661 | Val(P3)=0.629 | Val(AVO)=0.642
2025-09-29 10:13:45 - No P3-val improvement; patience remaining: 6/50
2025-09-29 10:13:45 - AVO val decreasing 3x. Reducing lambda_MMD to 0.210
2025-09-29 10:13:45 - Epoch 84/500 | LR=0.009335 | w_AVO=1.000 | w_P3=2.679 | lambda_MMD=0.210
2025-09-29 10:13:45 - Epoch Summary: TrainLoss=1.0513 | TrainAcc=0.677 | Val(P3)=0.600 | Val(AVO)=0.658
2025-09-29 10:13:45 - No P3-val improvement; patience remaining: 5/50
2025-09-29 10:13:45 - Epoch 85/500 | LR=0.009320 | w_AVO=1.000 | w_P3=2.679 | lambda_MMD=0.300
2025-09-29 10:13:45 - Epoch Summary: TrainLoss=1.0747 | TrainAcc=0.683 | Val(P3)=0.600 | Val(AVO)=0.648
2025-09-29 10:13:45 - No P3-val improvement; patience remaining: 4/50
2025-09-29 10:13:45 - Epoch 86/500 | LR=0.009304 | w_AVO=1.000 | w_P3=2.679 | lambda_MMD=0.300
2025-09-29 10:13:45 - Epoch Summary: TrainLoss=1.0603 | TrainAcc=0.686 | Val(P3)=0.571 | Val(AVO)=0.674
2025-09-29 10:13:45 - No P3-val improvement; patience remaining: 3/50
2025-09-29 10:13:45 - Epoch 87/500 | LR=0.009288 | w_AVO=1.000 | w_P3=2.679 | lambda_MMD=0.300
2025-09-29 10:13:45 - Epoch Summary: TrainLoss=1.1083 | TrainAcc=0.681 | Val(P3)=0.571 | Val(AVO)=0.661
2025-09-29 10:13:45 - No P3-val improvement; patience remaining: 2/50
2025-09-29 10:13:45 - Epoch 88/500 | LR=0.009271 | w_AVO=1.000 | w_P3=2.679 | lambda_MMD=0.300
2025-09-29 10:13:45 - Epoch Summary: TrainLoss=1.0807 | TrainAcc=0.667 | Val(P3)=0.543 | Val(AVO)=0.687
2025-09-29 10:13:45 - No P3-val improvement; patience remaining: 1/50
2025-09-29 10:13:45 - Epoch 89/500 | LR=0.009255 | w_AVO=1.000 | w_P3=2.679 | lambda_MMD=0.300
2025-09-29 10:13:46 - Epoch Summary: TrainLoss=1.0594 | TrainAcc=0.683 | Val(P3)=0.600 | Val(AVO)=0.655
2025-09-29 10:13:46 - No P3-val improvement; patience remaining: 0/50
2025-09-29 10:13:46 - Early stopping triggered (P3-val)
2025-09-29 10:13:46 -     P3 Test | Acc=0.7286 P=0.7179 R=0.7778 F1=0.7467 AUC=0.7475 (n=70)
2025-09-29 10:13:46 -     AVO Test | Acc=0.6403 P=0.6236 R=0.7023 F1=0.6606 AUC=0.7193 (n=620)
2025-09-29 10:13:46 -     Overall Test Acc=0.6493
2025-09-29 10:13:46 -   Fold 4/5
2025-09-29 10:13:46 - Fold domains: small=P3 (n=292), large=AVO (n=2122)
2025-09-29 10:13:46 - Auto adjustments (symmetric): w_small≈1.000, lambda_MMD_target=0.300, warmup_epochs=5
2025-09-29 10:13:46 - Epoch 1/500 | LR=0.010000 | w_AVO=1.000 | w_P3=1.339 | lambda_MMD=0.060
2025-09-29 10:13:46 - Epoch Summary: TrainLoss=1.8385 | TrainAcc=0.560 | Val(P3)=0.611 | Val(AVO)=0.589
2025-09-29 10:13:46 - New best P3-val; checkpoint updated
2025-09-29 10:13:46 - Epoch 2/500 | LR=0.010000 | w_AVO=1.000 | w_P3=1.678 | lambda_MMD=0.120
2025-09-29 10:13:46 - Epoch Summary: TrainLoss=1.7353 | TrainAcc=0.596 | Val(P3)=0.639 | Val(AVO)=0.573
2025-09-29 10:13:46 - New best P3-val; checkpoint updated
2025-09-29 10:13:46 - Epoch 3/500 | LR=0.010000 | w_AVO=1.000 | w_P3=2.017 | lambda_MMD=0.180
2025-09-29 10:13:46 - Epoch Summary: TrainLoss=1.7793 | TrainAcc=0.599 | Val(P3)=0.611 | Val(AVO)=0.608
2025-09-29 10:13:46 - No P3-val improvement; patience remaining: 49/50
2025-09-29 10:13:46 - Epoch 4/500 | LR=0.009999 | w_AVO=1.000 | w_P3=2.357 | lambda_MMD=0.240
2025-09-29 10:13:46 - Epoch Summary: TrainLoss=1.8693 | TrainAcc=0.594 | Val(P3)=0.583 | Val(AVO)=0.602
2025-09-29 10:13:46 - No P3-val improvement; patience remaining: 48/50
2025-09-29 10:13:46 - P3 val decreasing 3x. Reducing w_small to 2.157, lambda_MMD to 0.150
2025-09-29 10:13:46 - Epoch 5/500 | LR=0.009998 | w_AVO=1.000 | w_P3=2.157 | lambda_MMD=0.150
2025-09-29 10:13:46 - Epoch Summary: TrainLoss=1.6648 | TrainAcc=0.610 | Val(P3)=0.583 | Val(AVO)=0.615
2025-09-29 10:13:46 - No P3-val improvement; patience remaining: 47/50
2025-09-29 10:13:46 - Epoch 6/500 | LR=0.009998 | w_AVO=1.000 | w_P3=2.696 | lambda_MMD=0.300
2025-09-29 10:13:46 - Epoch Summary: TrainLoss=1.8260 | TrainAcc=0.605 | Val(P3)=0.556 | Val(AVO)=0.608
2025-09-29 10:13:46 - No P3-val improvement; patience remaining: 46/50
2025-09-29 10:13:46 - Epoch 7/500 | LR=0.009996 | w_AVO=1.000 | w_P3=2.696 | lambda_MMD=0.300
2025-09-29 10:13:47 - Epoch Summary: TrainLoss=1.7726 | TrainAcc=0.601 | Val(P3)=0.639 | Val(AVO)=0.660
2025-09-29 10:13:47 - No P3-val improvement; patience remaining: 45/50
2025-09-29 10:13:47 - Epoch 8/500 | LR=0.009995 | w_AVO=1.000 | w_P3=2.696 | lambda_MMD=0.300
2025-09-29 10:13:47 - Epoch Summary: TrainLoss=1.7276 | TrainAcc=0.615 | Val(P3)=0.639 | Val(AVO)=0.650
2025-09-29 10:13:47 - No P3-val improvement; patience remaining: 44/50
2025-09-29 10:13:47 - Epoch 9/500 | LR=0.009994 | w_AVO=1.000 | w_P3=2.696 | lambda_MMD=0.300
2025-09-29 10:13:47 - Epoch Summary: TrainLoss=1.6147 | TrainAcc=0.609 | Val(P3)=0.639 | Val(AVO)=0.644
2025-09-29 10:13:47 - No P3-val improvement; patience remaining: 43/50
2025-09-29 10:13:47 - AVO val decreasing 3x. Reducing lambda_MMD to 0.210
2025-09-29 10:13:47 - Epoch 10/500 | LR=0.009992 | w_AVO=1.000 | w_P3=2.696 | lambda_MMD=0.210
2025-09-29 10:13:47 - Epoch Summary: TrainLoss=1.5981 | TrainAcc=0.623 | Val(P3)=0.528 | Val(AVO)=0.657
2025-09-29 10:13:47 - No P3-val improvement; patience remaining: 42/50
2025-09-29 10:13:47 - Epoch 11/500 | LR=0.009990 | w_AVO=1.000 | w_P3=2.696 | lambda_MMD=0.300
2025-09-29 10:13:47 - Epoch Summary: TrainLoss=1.6155 | TrainAcc=0.618 | Val(P3)=0.556 | Val(AVO)=0.660
2025-09-29 10:13:47 - No P3-val improvement; patience remaining: 41/50
2025-09-29 10:13:47 - Epoch 12/500 | LR=0.009988 | w_AVO=1.000 | w_P3=2.696 | lambda_MMD=0.300
2025-09-29 10:13:47 - Epoch Summary: TrainLoss=1.5134 | TrainAcc=0.626 | Val(P3)=0.639 | Val(AVO)=0.647
2025-09-29 10:13:47 - No P3-val improvement; patience remaining: 40/50
2025-09-29 10:13:47 - Epoch 13/500 | LR=0.009986 | w_AVO=1.000 | w_P3=2.696 | lambda_MMD=0.300
2025-09-29 10:13:47 - Epoch Summary: TrainLoss=1.4753 | TrainAcc=0.620 | Val(P3)=0.611 | Val(AVO)=0.650
2025-09-29 10:13:47 - No P3-val improvement; patience remaining: 39/50
2025-09-29 10:13:47 - Epoch 14/500 | LR=0.009983 | w_AVO=1.000 | w_P3=2.696 | lambda_MMD=0.300
2025-09-29 10:13:48 - Epoch Summary: TrainLoss=1.4955 | TrainAcc=0.631 | Val(P3)=0.639 | Val(AVO)=0.638
2025-09-29 10:13:48 - No P3-val improvement; patience remaining: 38/50
2025-09-29 10:13:48 - Epoch 15/500 | LR=0.009981 | w_AVO=1.000 | w_P3=2.696 | lambda_MMD=0.300
2025-09-29 10:13:48 - Epoch Summary: TrainLoss=1.4195 | TrainAcc=0.624 | Val(P3)=0.583 | Val(AVO)=0.654
2025-09-29 10:13:48 - No P3-val improvement; patience remaining: 37/50
2025-09-29 10:13:48 - Epoch 16/500 | LR=0.009978 | w_AVO=1.000 | w_P3=2.696 | lambda_MMD=0.300
2025-09-29 10:13:48 - Epoch Summary: TrainLoss=1.4302 | TrainAcc=0.642 | Val(P3)=0.583 | Val(AVO)=0.670
2025-09-29 10:13:48 - No P3-val improvement; patience remaining: 36/50
2025-09-29 10:13:48 - Epoch 17/500 | LR=0.009975 | w_AVO=1.000 | w_P3=2.696 | lambda_MMD=0.300
2025-09-29 10:13:48 - Epoch Summary: TrainLoss=1.3387 | TrainAcc=0.644 | Val(P3)=0.528 | Val(AVO)=0.673
2025-09-29 10:13:48 - No P3-val improvement; patience remaining: 35/50
2025-09-29 10:13:48 - Epoch 18/500 | LR=0.009972 | w_AVO=1.000 | w_P3=2.696 | lambda_MMD=0.300
2025-09-29 10:13:48 - Epoch Summary: TrainLoss=1.4002 | TrainAcc=0.636 | Val(P3)=0.583 | Val(AVO)=0.680
2025-09-29 10:13:48 - No P3-val improvement; patience remaining: 34/50
2025-09-29 10:13:48 - Epoch 19/500 | LR=0.009968 | w_AVO=1.000 | w_P3=2.696 | lambda_MMD=0.300
2025-09-29 10:13:48 - Epoch Summary: TrainLoss=1.4122 | TrainAcc=0.624 | Val(P3)=0.583 | Val(AVO)=0.680
2025-09-29 10:13:48 - No P3-val improvement; patience remaining: 33/50
2025-09-29 10:13:48 - Epoch 20/500 | LR=0.009964 | w_AVO=1.000 | w_P3=2.696 | lambda_MMD=0.300
2025-09-29 10:13:48 - Epoch Summary: TrainLoss=1.3663 | TrainAcc=0.632 | Val(P3)=0.583 | Val(AVO)=0.644
2025-09-29 10:13:48 - No P3-val improvement; patience remaining: 32/50
2025-09-29 10:13:48 - Epoch 21/500 | LR=0.009961 | w_AVO=1.000 | w_P3=2.696 | lambda_MMD=0.300
2025-09-29 10:13:48 - Epoch Summary: TrainLoss=1.3679 | TrainAcc=0.647 | Val(P3)=0.556 | Val(AVO)=0.647
2025-09-29 10:13:48 - No P3-val improvement; patience remaining: 31/50
2025-09-29 10:13:48 - Epoch 22/500 | LR=0.009957 | w_AVO=1.000 | w_P3=2.696 | lambda_MMD=0.300
2025-09-29 10:13:49 - Epoch Summary: TrainLoss=1.3134 | TrainAcc=0.649 | Val(P3)=0.528 | Val(AVO)=0.670
2025-09-29 10:13:49 - No P3-val improvement; patience remaining: 30/50
2025-09-29 10:13:49 - P3 val decreasing 3x. Reducing w_small to 2.157, lambda_MMD to 0.150
2025-09-29 10:13:49 - Epoch 23/500 | LR=0.009952 | w_AVO=1.000 | w_P3=2.157 | lambda_MMD=0.150
2025-09-29 10:13:49 - Epoch Summary: TrainLoss=1.1732 | TrainAcc=0.641 | Val(P3)=0.528 | Val(AVO)=0.673
2025-09-29 10:13:49 - No P3-val improvement; patience remaining: 29/50
2025-09-29 10:13:49 - Epoch 24/500 | LR=0.009948 | w_AVO=1.000 | w_P3=2.696 | lambda_MMD=0.300
2025-09-29 10:13:49 - Epoch Summary: TrainLoss=1.2862 | TrainAcc=0.641 | Val(P3)=0.500 | Val(AVO)=0.680
2025-09-29 10:13:49 - No P3-val improvement; patience remaining: 28/50
2025-09-29 10:13:49 - Epoch 25/500 | LR=0.009943 | w_AVO=1.000 | w_P3=2.696 | lambda_MMD=0.300
2025-09-29 10:13:49 - Epoch Summary: TrainLoss=1.3216 | TrainAcc=0.656 | Val(P3)=0.556 | Val(AVO)=0.670
2025-09-29 10:13:49 - No P3-val improvement; patience remaining: 27/50
2025-09-29 10:13:49 - Epoch 26/500 | LR=0.009938 | w_AVO=1.000 | w_P3=2.696 | lambda_MMD=0.300
2025-09-29 10:13:49 - Epoch Summary: TrainLoss=1.3340 | TrainAcc=0.627 | Val(P3)=0.528 | Val(AVO)=0.663
2025-09-29 10:13:49 - No P3-val improvement; patience remaining: 26/50
2025-09-29 10:13:49 - AVO val decreasing 3x. Reducing lambda_MMD to 0.210
2025-09-29 10:13:49 - Epoch 27/500 | LR=0.009933 | w_AVO=1.000 | w_P3=2.696 | lambda_MMD=0.210
2025-09-29 10:13:49 - Epoch Summary: TrainLoss=1.2898 | TrainAcc=0.642 | Val(P3)=0.556 | Val(AVO)=0.663
2025-09-29 10:13:49 - No P3-val improvement; patience remaining: 25/50
2025-09-29 10:13:49 - Epoch 28/500 | LR=0.009928 | w_AVO=1.000 | w_P3=2.696 | lambda_MMD=0.300
2025-09-29 10:13:49 - Epoch Summary: TrainLoss=1.2433 | TrainAcc=0.645 | Val(P3)=0.528 | Val(AVO)=0.657
2025-09-29 10:13:49 - No P3-val improvement; patience remaining: 24/50
2025-09-29 10:13:49 - Epoch 29/500 | LR=0.009923 | w_AVO=1.000 | w_P3=2.696 | lambda_MMD=0.300
2025-09-29 10:13:50 - Epoch Summary: TrainLoss=1.2686 | TrainAcc=0.650 | Val(P3)=0.500 | Val(AVO)=0.699
2025-09-29 10:13:50 - No P3-val improvement; patience remaining: 23/50
2025-09-29 10:13:50 - P3 val decreasing 3x. Reducing w_small to 2.157, lambda_MMD to 0.150
2025-09-29 10:13:50 - Epoch 30/500 | LR=0.009917 | w_AVO=1.000 | w_P3=2.157 | lambda_MMD=0.150
2025-09-29 10:13:50 - Epoch Summary: TrainLoss=1.1119 | TrainAcc=0.652 | Val(P3)=0.500 | Val(AVO)=0.673
2025-09-29 10:13:50 - No P3-val improvement; patience remaining: 22/50
2025-09-29 10:13:50 - Epoch 31/500 | LR=0.009911 | w_AVO=1.000 | w_P3=2.696 | lambda_MMD=0.300
2025-09-29 10:13:50 - Epoch Summary: TrainLoss=1.2161 | TrainAcc=0.646 | Val(P3)=0.556 | Val(AVO)=0.673
2025-09-29 10:13:50 - No P3-val improvement; patience remaining: 21/50
2025-09-29 10:13:50 - Epoch 32/500 | LR=0.009905 | w_AVO=1.000 | w_P3=2.696 | lambda_MMD=0.300
2025-09-29 10:13:50 - Epoch Summary: TrainLoss=1.2371 | TrainAcc=0.655 | Val(P3)=0.556 | Val(AVO)=0.676
2025-09-29 10:13:50 - No P3-val improvement; patience remaining: 20/50
2025-09-29 10:13:50 - Epoch 33/500 | LR=0.009899 | w_AVO=1.000 | w_P3=2.696 | lambda_MMD=0.300
2025-09-29 10:13:50 - Epoch Summary: TrainLoss=1.2195 | TrainAcc=0.632 | Val(P3)=0.500 | Val(AVO)=0.683
2025-09-29 10:13:50 - No P3-val improvement; patience remaining: 19/50
2025-09-29 10:13:50 - Epoch 34/500 | LR=0.009893 | w_AVO=1.000 | w_P3=2.696 | lambda_MMD=0.300
2025-09-29 10:13:50 - Epoch Summary: TrainLoss=1.2388 | TrainAcc=0.658 | Val(P3)=0.556 | Val(AVO)=0.683
2025-09-29 10:13:50 - No P3-val improvement; patience remaining: 18/50
2025-09-29 10:13:50 - Epoch 35/500 | LR=0.009886 | w_AVO=1.000 | w_P3=2.696 | lambda_MMD=0.300
2025-09-29 10:13:50 - Epoch Summary: TrainLoss=1.2386 | TrainAcc=0.639 | Val(P3)=0.500 | Val(AVO)=0.702
2025-09-29 10:13:50 - No P3-val improvement; patience remaining: 17/50
2025-09-29 10:13:50 - Epoch 36/500 | LR=0.009880 | w_AVO=1.000 | w_P3=2.696 | lambda_MMD=0.300
2025-09-29 10:13:51 - Epoch Summary: TrainLoss=1.1775 | TrainAcc=0.659 | Val(P3)=0.556 | Val(AVO)=0.712
2025-09-29 10:13:51 - No P3-val improvement; patience remaining: 16/50
2025-09-29 10:13:51 - Epoch 37/500 | LR=0.009873 | w_AVO=1.000 | w_P3=2.696 | lambda_MMD=0.300
2025-09-29 10:13:51 - Epoch Summary: TrainLoss=1.2051 | TrainAcc=0.648 | Val(P3)=0.472 | Val(AVO)=0.718
2025-09-29 10:13:51 - No P3-val improvement; patience remaining: 15/50
2025-09-29 10:13:51 - Epoch 38/500 | LR=0.009865 | w_AVO=1.000 | w_P3=2.696 | lambda_MMD=0.300
2025-09-29 10:13:51 - Epoch Summary: TrainLoss=1.2090 | TrainAcc=0.648 | Val(P3)=0.528 | Val(AVO)=0.689
2025-09-29 10:13:51 - No P3-val improvement; patience remaining: 14/50
2025-09-29 10:13:51 - Epoch 39/500 | LR=0.009858 | w_AVO=1.000 | w_P3=2.696 | lambda_MMD=0.300
2025-09-29 10:13:51 - Epoch Summary: TrainLoss=1.2342 | TrainAcc=0.649 | Val(P3)=0.500 | Val(AVO)=0.683
2025-09-29 10:13:51 - No P3-val improvement; patience remaining: 13/50
2025-09-29 10:13:51 - AVO val decreasing 3x. Reducing lambda_MMD to 0.210
2025-09-29 10:13:51 - Epoch 40/500 | LR=0.009851 | w_AVO=1.000 | w_P3=2.696 | lambda_MMD=0.210
2025-09-29 10:13:51 - Epoch Summary: TrainLoss=1.2038 | TrainAcc=0.636 | Val(P3)=0.583 | Val(AVO)=0.667
2025-09-29 10:13:51 - No P3-val improvement; patience remaining: 12/50
2025-09-29 10:13:51 - AVO val decreasing 3x. Reducing lambda_MMD to 0.210
2025-09-29 10:13:51 - Epoch 41/500 | LR=0.009843 | w_AVO=1.000 | w_P3=2.696 | lambda_MMD=0.210
2025-09-29 10:13:51 - Epoch Summary: TrainLoss=1.2526 | TrainAcc=0.642 | Val(P3)=0.472 | Val(AVO)=0.712
2025-09-29 10:13:51 - No P3-val improvement; patience remaining: 11/50
2025-09-29 10:13:51 - Epoch 42/500 | LR=0.009835 | w_AVO=1.000 | w_P3=2.696 | lambda_MMD=0.300
2025-09-29 10:13:51 - Epoch Summary: TrainLoss=1.1675 | TrainAcc=0.648 | Val(P3)=0.472 | Val(AVO)=0.699
2025-09-29 10:13:51 - No P3-val improvement; patience remaining: 10/50
2025-09-29 10:13:51 - Epoch 43/500 | LR=0.009827 | w_AVO=1.000 | w_P3=2.696 | lambda_MMD=0.300
2025-09-29 10:13:52 - Epoch Summary: TrainLoss=1.1992 | TrainAcc=0.652 | Val(P3)=0.556 | Val(AVO)=0.699
2025-09-29 10:13:52 - No P3-val improvement; patience remaining: 9/50
2025-09-29 10:13:52 - Epoch 44/500 | LR=0.009819 | w_AVO=1.000 | w_P3=2.696 | lambda_MMD=0.300
2025-09-29 10:13:52 - Epoch Summary: TrainLoss=1.1852 | TrainAcc=0.648 | Val(P3)=0.500 | Val(AVO)=0.712
2025-09-29 10:13:52 - No P3-val improvement; patience remaining: 8/50
2025-09-29 10:13:52 - Epoch 45/500 | LR=0.009810 | w_AVO=1.000 | w_P3=2.696 | lambda_MMD=0.300
2025-09-29 10:13:52 - Epoch Summary: TrainLoss=1.1965 | TrainAcc=0.642 | Val(P3)=0.472 | Val(AVO)=0.709
2025-09-29 10:13:52 - No P3-val improvement; patience remaining: 7/50
2025-09-29 10:13:52 - P3 val decreasing 3x. Reducing w_small to 2.157, lambda_MMD to 0.150
2025-09-29 10:13:52 - Epoch 46/500 | LR=0.009801 | w_AVO=1.000 | w_P3=2.157 | lambda_MMD=0.150
2025-09-29 10:13:52 - Epoch Summary: TrainLoss=1.0848 | TrainAcc=0.655 | Val(P3)=0.500 | Val(AVO)=0.702
2025-09-29 10:13:52 - No P3-val improvement; patience remaining: 6/50
2025-09-29 10:13:52 - AVO val decreasing 3x. Reducing lambda_MMD to 0.210
2025-09-29 10:13:52 - Epoch 47/500 | LR=0.009793 | w_AVO=1.000 | w_P3=2.696 | lambda_MMD=0.210
2025-09-29 10:13:52 - Epoch Summary: TrainLoss=1.1574 | TrainAcc=0.661 | Val(P3)=0.500 | Val(AVO)=0.699
2025-09-29 10:13:52 - No P3-val improvement; patience remaining: 5/50
2025-09-29 10:13:52 - AVO val decreasing 3x. Reducing lambda_MMD to 0.210
2025-09-29 10:13:52 - Epoch 48/500 | LR=0.009784 | w_AVO=1.000 | w_P3=2.696 | lambda_MMD=0.210
2025-09-29 10:13:52 - Epoch Summary: TrainLoss=1.1302 | TrainAcc=0.655 | Val(P3)=0.583 | Val(AVO)=0.696
2025-09-29 10:13:52 - No P3-val improvement; patience remaining: 4/50
2025-09-29 10:13:52 - AVO val decreasing 3x. Reducing lambda_MMD to 0.210
2025-09-29 10:13:52 - Epoch 49/500 | LR=0.009774 | w_AVO=1.000 | w_P3=2.696 | lambda_MMD=0.210
2025-09-29 10:13:52 - Epoch Summary: TrainLoss=1.1500 | TrainAcc=0.662 | Val(P3)=0.611 | Val(AVO)=0.718
2025-09-29 10:13:52 - No P3-val improvement; patience remaining: 3/50
2025-09-29 10:13:52 - Epoch 50/500 | LR=0.009765 | w_AVO=1.000 | w_P3=2.696 | lambda_MMD=0.300
2025-09-29 10:13:53 - Epoch Summary: TrainLoss=1.1105 | TrainAcc=0.649 | Val(P3)=0.556 | Val(AVO)=0.689
2025-09-29 10:13:53 - No P3-val improvement; patience remaining: 2/50
2025-09-29 10:13:53 - Epoch 51/500 | LR=0.009755 | w_AVO=1.000 | w_P3=2.696 | lambda_MMD=0.300
2025-09-29 10:13:53 - Epoch Summary: TrainLoss=1.1252 | TrainAcc=0.664 | Val(P3)=0.472 | Val(AVO)=0.670
2025-09-29 10:13:53 - No P3-val improvement; patience remaining: 1/50
2025-09-29 10:13:53 - P3 val decreasing 3x. Reducing w_small to 2.157, lambda_MMD to 0.150
2025-09-29 10:13:53 - AVO val decreasing 3x. Reducing lambda_MMD to 0.105
2025-09-29 10:13:53 - Epoch 52/500 | LR=0.009745 | w_AVO=1.000 | w_P3=2.157 | lambda_MMD=0.105
2025-09-29 10:13:53 - Epoch Summary: TrainLoss=1.0550 | TrainAcc=0.658 | Val(P3)=0.472 | Val(AVO)=0.706
2025-09-29 10:13:53 - No P3-val improvement; patience remaining: 0/50
2025-09-29 10:13:53 - Early stopping triggered (P3-val)
2025-09-29 10:13:53 -     P3 Test | Acc=0.5972 P=0.6250 R=0.6410 F1=0.6329 AUC=0.6138 (n=72)
2025-09-29 10:13:53 -     AVO Test | Acc=0.6515 P=0.6223 R=0.7508 F1=0.6805 AUC=0.7151 (n=617)
2025-09-29 10:13:53 -     Overall Test Acc=0.6459
2025-09-29 10:13:53 -   Fold 5/5
2025-09-29 10:13:53 - Fold domains: small=P3 (n=280), large=AVO (n=2134)
2025-09-29 10:13:53 - Auto adjustments (symmetric): w_small≈1.000, lambda_MMD_target=0.300, warmup_epochs=5
2025-09-29 10:13:53 - Epoch 1/500 | LR=0.010000 | w_AVO=1.000 | w_P3=1.352 | lambda_MMD=0.060
2025-09-29 10:13:53 - Epoch Summary: TrainLoss=1.9000 | TrainAcc=0.534 | Val(P3)=0.676 | Val(AVO)=0.518
2025-09-29 10:13:53 - New best P3-val; checkpoint updated
2025-09-29 10:13:53 - Epoch 2/500 | LR=0.010000 | w_AVO=1.000 | w_P3=1.704 | lambda_MMD=0.120
2025-09-29 10:13:53 - Epoch Summary: TrainLoss=1.7878 | TrainAcc=0.574 | Val(P3)=0.676 | Val(AVO)=0.482
2025-09-29 10:13:53 - No P3-val improvement; patience remaining: 49/50
2025-09-29 10:13:53 - Epoch 3/500 | LR=0.010000 | w_AVO=1.000 | w_P3=2.056 | lambda_MMD=0.180
2025-09-29 10:13:53 - Epoch Summary: TrainLoss=1.8286 | TrainAcc=0.614 | Val(P3)=0.647 | Val(AVO)=0.559
2025-09-29 10:13:53 - No P3-val improvement; patience remaining: 48/50
2025-09-29 10:13:53 - Epoch 4/500 | LR=0.009999 | w_AVO=1.000 | w_P3=2.409 | lambda_MMD=0.240
2025-09-29 10:13:53 - Epoch Summary: TrainLoss=1.9699 | TrainAcc=0.606 | Val(P3)=0.618 | Val(AVO)=0.592
2025-09-29 10:13:53 - No P3-val improvement; patience remaining: 47/50
2025-09-29 10:13:53 - P3 val decreasing 3x. Reducing w_small to 2.209, lambda_MMD to 0.150
2025-09-29 10:13:53 - Epoch 5/500 | LR=0.009998 | w_AVO=1.000 | w_P3=2.209 | lambda_MMD=0.150
2025-09-29 10:13:54 - Epoch Summary: TrainLoss=1.7319 | TrainAcc=0.601 | Val(P3)=0.529 | Val(AVO)=0.566
2025-09-29 10:13:54 - No P3-val improvement; patience remaining: 46/50
2025-09-29 10:13:54 - P3 val decreasing 3x. Reducing w_small to 2.209, lambda_MMD to 0.150
2025-09-29 10:13:54 - Epoch 6/500 | LR=0.009998 | w_AVO=1.000 | w_P3=2.209 | lambda_MMD=0.150
2025-09-29 10:13:54 - Epoch Summary: TrainLoss=1.7621 | TrainAcc=0.612 | Val(P3)=0.559 | Val(AVO)=0.553
2025-09-29 10:13:54 - No P3-val improvement; patience remaining: 45/50
2025-09-29 10:13:54 - AVO val decreasing 3x. Reducing lambda_MMD to 0.210
2025-09-29 10:13:54 - Epoch 7/500 | LR=0.009996 | w_AVO=1.000 | w_P3=2.761 | lambda_MMD=0.210
2025-09-29 10:13:54 - Epoch Summary: TrainLoss=1.8551 | TrainAcc=0.614 | Val(P3)=0.559 | Val(AVO)=0.598
2025-09-29 10:13:54 - No P3-val improvement; patience remaining: 44/50
2025-09-29 10:13:54 - Epoch 8/500 | LR=0.009995 | w_AVO=1.000 | w_P3=2.761 | lambda_MMD=0.300
2025-09-29 10:13:54 - Epoch Summary: TrainLoss=1.7843 | TrainAcc=0.620 | Val(P3)=0.529 | Val(AVO)=0.576
2025-09-29 10:13:54 - No P3-val improvement; patience remaining: 43/50
2025-09-29 10:13:54 - Epoch 9/500 | LR=0.009994 | w_AVO=1.000 | w_P3=2.761 | lambda_MMD=0.300
2025-09-29 10:13:54 - Epoch Summary: TrainLoss=1.7504 | TrainAcc=0.619 | Val(P3)=0.618 | Val(AVO)=0.566
2025-09-29 10:13:54 - No P3-val improvement; patience remaining: 42/50
2025-09-29 10:13:54 - AVO val decreasing 3x. Reducing lambda_MMD to 0.210
2025-09-29 10:13:54 - Epoch 10/500 | LR=0.009992 | w_AVO=1.000 | w_P3=2.761 | lambda_MMD=0.210
2025-09-29 10:13:54 - Epoch Summary: TrainLoss=1.6827 | TrainAcc=0.617 | Val(P3)=0.588 | Val(AVO)=0.598
2025-09-29 10:13:54 - No P3-val improvement; patience remaining: 41/50
2025-09-29 10:13:54 - Epoch 11/500 | LR=0.009990 | w_AVO=1.000 | w_P3=2.761 | lambda_MMD=0.300
2025-09-29 10:13:54 - Epoch Summary: TrainLoss=1.5893 | TrainAcc=0.639 | Val(P3)=0.588 | Val(AVO)=0.608
2025-09-29 10:13:54 - No P3-val improvement; patience remaining: 40/50
2025-09-29 10:13:54 - Epoch 12/500 | LR=0.009988 | w_AVO=1.000 | w_P3=2.761 | lambda_MMD=0.300
2025-09-29 10:13:55 - Epoch Summary: TrainLoss=1.6187 | TrainAcc=0.617 | Val(P3)=0.588 | Val(AVO)=0.550
2025-09-29 10:13:55 - No P3-val improvement; patience remaining: 39/50
2025-09-29 10:13:55 - Epoch 13/500 | LR=0.009986 | w_AVO=1.000 | w_P3=2.761 | lambda_MMD=0.300
2025-09-29 10:13:55 - Epoch Summary: TrainLoss=1.6452 | TrainAcc=0.624 | Val(P3)=0.559 | Val(AVO)=0.556
2025-09-29 10:13:55 - No P3-val improvement; patience remaining: 38/50
2025-09-29 10:13:55 - Epoch 14/500 | LR=0.009983 | w_AVO=1.000 | w_P3=2.761 | lambda_MMD=0.300
2025-09-29 10:13:55 - Epoch Summary: TrainLoss=1.6284 | TrainAcc=0.606 | Val(P3)=0.500 | Val(AVO)=0.576
2025-09-29 10:13:55 - No P3-val improvement; patience remaining: 37/50
2025-09-29 10:13:55 - P3 val decreasing 3x. Reducing w_small to 2.209, lambda_MMD to 0.150
2025-09-29 10:13:55 - Epoch 15/500 | LR=0.009981 | w_AVO=1.000 | w_P3=2.209 | lambda_MMD=0.150
2025-09-29 10:13:55 - Epoch Summary: TrainLoss=1.3387 | TrainAcc=0.618 | Val(P3)=0.559 | Val(AVO)=0.585
2025-09-29 10:13:55 - No P3-val improvement; patience remaining: 36/50
2025-09-29 10:13:55 - Epoch 16/500 | LR=0.009978 | w_AVO=1.000 | w_P3=2.761 | lambda_MMD=0.300
2025-09-29 10:13:55 - Epoch Summary: TrainLoss=1.4243 | TrainAcc=0.635 | Val(P3)=0.588 | Val(AVO)=0.588
2025-09-29 10:13:55 - No P3-val improvement; patience remaining: 35/50
2025-09-29 10:13:55 - Epoch 17/500 | LR=0.009975 | w_AVO=1.000 | w_P3=2.761 | lambda_MMD=0.300
2025-09-29 10:13:55 - Epoch Summary: TrainLoss=1.4328 | TrainAcc=0.630 | Val(P3)=0.588 | Val(AVO)=0.566
2025-09-29 10:13:55 - No P3-val improvement; patience remaining: 34/50
2025-09-29 10:13:55 - Epoch 18/500 | LR=0.009972 | w_AVO=1.000 | w_P3=2.761 | lambda_MMD=0.300
2025-09-29 10:13:55 - Epoch Summary: TrainLoss=1.4384 | TrainAcc=0.622 | Val(P3)=0.500 | Val(AVO)=0.595
2025-09-29 10:13:55 - No P3-val improvement; patience remaining: 33/50
2025-09-29 10:13:55 - Epoch 19/500 | LR=0.009968 | w_AVO=1.000 | w_P3=2.761 | lambda_MMD=0.300
2025-09-29 10:13:55 - Epoch Summary: TrainLoss=1.4560 | TrainAcc=0.625 | Val(P3)=0.588 | Val(AVO)=0.608
2025-09-29 10:13:55 - No P3-val improvement; patience remaining: 32/50
2025-09-29 10:13:55 - Epoch 20/500 | LR=0.009964 | w_AVO=1.000 | w_P3=2.761 | lambda_MMD=0.300
2025-09-29 10:13:56 - Epoch Summary: TrainLoss=1.4267 | TrainAcc=0.641 | Val(P3)=0.618 | Val(AVO)=0.617
2025-09-29 10:13:56 - No P3-val improvement; patience remaining: 31/50
2025-09-29 10:13:56 - Epoch 21/500 | LR=0.009961 | w_AVO=1.000 | w_P3=2.761 | lambda_MMD=0.300
2025-09-29 10:13:56 - Epoch Summary: TrainLoss=1.4081 | TrainAcc=0.621 | Val(P3)=0.529 | Val(AVO)=0.624
2025-09-29 10:13:56 - No P3-val improvement; patience remaining: 30/50
2025-09-29 10:13:56 - Epoch 22/500 | LR=0.009957 | w_AVO=1.000 | w_P3=2.761 | lambda_MMD=0.300
2025-09-29 10:13:56 - Epoch Summary: TrainLoss=1.4256 | TrainAcc=0.618 | Val(P3)=0.588 | Val(AVO)=0.627
2025-09-29 10:13:56 - No P3-val improvement; patience remaining: 29/50
2025-09-29 10:13:56 - Epoch 23/500 | LR=0.009952 | w_AVO=1.000 | w_P3=2.761 | lambda_MMD=0.300
2025-09-29 10:13:56 - Epoch Summary: TrainLoss=1.3907 | TrainAcc=0.642 | Val(P3)=0.588 | Val(AVO)=0.614
2025-09-29 10:13:56 - No P3-val improvement; patience remaining: 28/50
2025-09-29 10:13:56 - Epoch 24/500 | LR=0.009948 | w_AVO=1.000 | w_P3=2.761 | lambda_MMD=0.300
2025-09-29 10:13:56 - Epoch Summary: TrainLoss=1.3851 | TrainAcc=0.641 | Val(P3)=0.588 | Val(AVO)=0.614
2025-09-29 10:13:56 - No P3-val improvement; patience remaining: 27/50
2025-09-29 10:13:56 - Epoch 25/500 | LR=0.009943 | w_AVO=1.000 | w_P3=2.761 | lambda_MMD=0.300
2025-09-29 10:13:56 - Epoch Summary: TrainLoss=1.2920 | TrainAcc=0.637 | Val(P3)=0.559 | Val(AVO)=0.617
2025-09-29 10:13:56 - No P3-val improvement; patience remaining: 26/50
2025-09-29 10:13:56 - Epoch 26/500 | LR=0.009938 | w_AVO=1.000 | w_P3=2.761 | lambda_MMD=0.300
2025-09-29 10:13:56 - Epoch Summary: TrainLoss=1.2715 | TrainAcc=0.642 | Val(P3)=0.618 | Val(AVO)=0.588
2025-09-29 10:13:56 - No P3-val improvement; patience remaining: 25/50
2025-09-29 10:13:56 - Epoch 27/500 | LR=0.009933 | w_AVO=1.000 | w_P3=2.761 | lambda_MMD=0.300
2025-09-29 10:13:57 - Epoch Summary: TrainLoss=1.3231 | TrainAcc=0.640 | Val(P3)=0.559 | Val(AVO)=0.592
2025-09-29 10:13:57 - No P3-val improvement; patience remaining: 24/50
2025-09-29 10:13:57 - Epoch 28/500 | LR=0.009928 | w_AVO=1.000 | w_P3=2.761 | lambda_MMD=0.300
2025-09-29 10:13:57 - Epoch Summary: TrainLoss=1.2824 | TrainAcc=0.639 | Val(P3)=0.588 | Val(AVO)=0.579
2025-09-29 10:13:57 - No P3-val improvement; patience remaining: 23/50
2025-09-29 10:13:57 - Epoch 29/500 | LR=0.009923 | w_AVO=1.000 | w_P3=2.761 | lambda_MMD=0.300
2025-09-29 10:13:57 - Epoch Summary: TrainLoss=1.2780 | TrainAcc=0.634 | Val(P3)=0.588 | Val(AVO)=0.621
2025-09-29 10:13:57 - No P3-val improvement; patience remaining: 22/50
2025-09-29 10:13:57 - Epoch 30/500 | LR=0.009917 | w_AVO=1.000 | w_P3=2.761 | lambda_MMD=0.300
2025-09-29 10:13:57 - Epoch Summary: TrainLoss=1.2671 | TrainAcc=0.652 | Val(P3)=0.559 | Val(AVO)=0.643
2025-09-29 10:13:57 - No P3-val improvement; patience remaining: 21/50
2025-09-29 10:13:57 - Epoch 31/500 | LR=0.009911 | w_AVO=1.000 | w_P3=2.761 | lambda_MMD=0.300
2025-09-29 10:13:57 - Epoch Summary: TrainLoss=1.2796 | TrainAcc=0.637 | Val(P3)=0.588 | Val(AVO)=0.582
2025-09-29 10:13:57 - No P3-val improvement; patience remaining: 20/50
2025-09-29 10:13:57 - Epoch 32/500 | LR=0.009905 | w_AVO=1.000 | w_P3=2.761 | lambda_MMD=0.300
2025-09-29 10:13:57 - Epoch Summary: TrainLoss=1.2347 | TrainAcc=0.652 | Val(P3)=0.647 | Val(AVO)=0.646
2025-09-29 10:13:57 - No P3-val improvement; patience remaining: 19/50
2025-09-29 10:13:57 - Epoch 33/500 | LR=0.009899 | w_AVO=1.000 | w_P3=2.761 | lambda_MMD=0.300
2025-09-29 10:13:57 - Epoch Summary: TrainLoss=1.2859 | TrainAcc=0.644 | Val(P3)=0.559 | Val(AVO)=0.630
2025-09-29 10:13:57 - No P3-val improvement; patience remaining: 18/50
2025-09-29 10:13:57 - Epoch 34/500 | LR=0.009893 | w_AVO=1.000 | w_P3=2.761 | lambda_MMD=0.300
2025-09-29 10:13:58 - Epoch Summary: TrainLoss=1.2554 | TrainAcc=0.642 | Val(P3)=0.559 | Val(AVO)=0.633
2025-09-29 10:13:58 - No P3-val improvement; patience remaining: 17/50
2025-09-29 10:13:58 - Epoch 35/500 | LR=0.009886 | w_AVO=1.000 | w_P3=2.761 | lambda_MMD=0.300
2025-09-29 10:13:58 - Epoch Summary: TrainLoss=1.2398 | TrainAcc=0.644 | Val(P3)=0.618 | Val(AVO)=0.650
2025-09-29 10:13:58 - No P3-val improvement; patience remaining: 16/50
2025-09-29 10:13:58 - Epoch 36/500 | LR=0.009880 | w_AVO=1.000 | w_P3=2.761 | lambda_MMD=0.300
2025-09-29 10:13:58 - Epoch Summary: TrainLoss=1.2247 | TrainAcc=0.637 | Val(P3)=0.529 | Val(AVO)=0.656
2025-09-29 10:13:58 - No P3-val improvement; patience remaining: 15/50
2025-09-29 10:13:58 - Epoch 37/500 | LR=0.009873 | w_AVO=1.000 | w_P3=2.761 | lambda_MMD=0.300
2025-09-29 10:13:58 - Epoch Summary: TrainLoss=1.2458 | TrainAcc=0.654 | Val(P3)=0.529 | Val(AVO)=0.630
2025-09-29 10:13:58 - No P3-val improvement; patience remaining: 14/50
2025-09-29 10:13:58 - Epoch 38/500 | LR=0.009865 | w_AVO=1.000 | w_P3=2.761 | lambda_MMD=0.300
2025-09-29 10:13:58 - Epoch Summary: TrainLoss=1.2429 | TrainAcc=0.642 | Val(P3)=0.559 | Val(AVO)=0.650
2025-09-29 10:13:58 - No P3-val improvement; patience remaining: 13/50
2025-09-29 10:13:58 - Epoch 39/500 | LR=0.009858 | w_AVO=1.000 | w_P3=2.761 | lambda_MMD=0.300
2025-09-29 10:13:58 - Epoch Summary: TrainLoss=1.2158 | TrainAcc=0.648 | Val(P3)=0.529 | Val(AVO)=0.608
2025-09-29 10:13:58 - No P3-val improvement; patience remaining: 12/50
2025-09-29 10:13:58 - Epoch 40/500 | LR=0.009851 | w_AVO=1.000 | w_P3=2.761 | lambda_MMD=0.300
2025-09-29 10:13:58 - Epoch Summary: TrainLoss=1.2513 | TrainAcc=0.647 | Val(P3)=0.588 | Val(AVO)=0.653
2025-09-29 10:13:58 - No P3-val improvement; patience remaining: 11/50
2025-09-29 10:13:58 - Epoch 41/500 | LR=0.009843 | w_AVO=1.000 | w_P3=2.761 | lambda_MMD=0.300
2025-09-29 10:13:59 - Epoch Summary: TrainLoss=1.2695 | TrainAcc=0.661 | Val(P3)=0.471 | Val(AVO)=0.653
2025-09-29 10:13:59 - No P3-val improvement; patience remaining: 10/50
2025-09-29 10:13:59 - Epoch 42/500 | LR=0.009835 | w_AVO=1.000 | w_P3=2.761 | lambda_MMD=0.300
2025-09-29 10:13:59 - Epoch Summary: TrainLoss=1.1495 | TrainAcc=0.675 | Val(P3)=0.647 | Val(AVO)=0.627
2025-09-29 10:13:59 - No P3-val improvement; patience remaining: 9/50
2025-09-29 10:13:59 - Epoch 43/500 | LR=0.009827 | w_AVO=1.000 | w_P3=2.761 | lambda_MMD=0.300
2025-09-29 10:13:59 - Epoch Summary: TrainLoss=1.1794 | TrainAcc=0.670 | Val(P3)=0.588 | Val(AVO)=0.640
2025-09-29 10:13:59 - No P3-val improvement; patience remaining: 8/50
2025-09-29 10:13:59 - Epoch 44/500 | LR=0.009819 | w_AVO=1.000 | w_P3=2.761 | lambda_MMD=0.300
2025-09-29 10:13:59 - Epoch Summary: TrainLoss=1.1763 | TrainAcc=0.637 | Val(P3)=0.500 | Val(AVO)=0.633
2025-09-29 10:13:59 - No P3-val improvement; patience remaining: 7/50
2025-09-29 10:13:59 - P3 val decreasing 3x. Reducing w_small to 2.209, lambda_MMD to 0.150
2025-09-29 10:13:59 - Epoch 45/500 | LR=0.009810 | w_AVO=1.000 | w_P3=2.209 | lambda_MMD=0.150
2025-09-29 10:13:59 - Epoch Summary: TrainLoss=1.0987 | TrainAcc=0.668 | Val(P3)=0.588 | Val(AVO)=0.653
2025-09-29 10:13:59 - No P3-val improvement; patience remaining: 6/50
2025-09-29 10:13:59 - Epoch 46/500 | LR=0.009801 | w_AVO=1.000 | w_P3=2.761 | lambda_MMD=0.300
2025-09-29 10:13:59 - Epoch Summary: TrainLoss=1.1142 | TrainAcc=0.655 | Val(P3)=0.529 | Val(AVO)=0.646
2025-09-29 10:13:59 - No P3-val improvement; patience remaining: 5/50
2025-09-29 10:13:59 - Epoch 47/500 | LR=0.009793 | w_AVO=1.000 | w_P3=2.761 | lambda_MMD=0.300
2025-09-29 10:13:59 - Epoch Summary: TrainLoss=1.1302 | TrainAcc=0.663 | Val(P3)=0.588 | Val(AVO)=0.572
2025-09-29 10:13:59 - No P3-val improvement; patience remaining: 4/50
2025-09-29 10:13:59 - AVO val decreasing 3x. Reducing lambda_MMD to 0.210
2025-09-29 10:13:59 - Epoch 48/500 | LR=0.009784 | w_AVO=1.000 | w_P3=2.761 | lambda_MMD=0.210
2025-09-29 10:13:59 - Epoch Summary: TrainLoss=1.1323 | TrainAcc=0.665 | Val(P3)=0.618 | Val(AVO)=0.646
2025-09-29 10:13:59 - No P3-val improvement; patience remaining: 3/50
2025-09-29 10:13:59 - Epoch 49/500 | LR=0.009774 | w_AVO=1.000 | w_P3=2.761 | lambda_MMD=0.300
2025-09-29 10:14:00 - Epoch Summary: TrainLoss=1.1542 | TrainAcc=0.654 | Val(P3)=0.500 | Val(AVO)=0.662
2025-09-29 10:14:00 - No P3-val improvement; patience remaining: 2/50
2025-09-29 10:14:00 - Epoch 50/500 | LR=0.009765 | w_AVO=1.000 | w_P3=2.761 | lambda_MMD=0.300
2025-09-29 10:14:00 - Epoch Summary: TrainLoss=1.2069 | TrainAcc=0.673 | Val(P3)=0.588 | Val(AVO)=0.608
2025-09-29 10:14:00 - No P3-val improvement; patience remaining: 1/50
2025-09-29 10:14:00 - Epoch 51/500 | LR=0.009755 | w_AVO=1.000 | w_P3=2.761 | lambda_MMD=0.300
2025-09-29 10:14:00 - Epoch Summary: TrainLoss=1.1448 | TrainAcc=0.668 | Val(P3)=0.588 | Val(AVO)=0.659
2025-09-29 10:14:00 - No P3-val improvement; patience remaining: 0/50
2025-09-29 10:14:00 - Early stopping triggered (P3-val)
2025-09-29 10:14:00 -     P3 Test | Acc=0.6047 P=0.5238 R=0.6111 F1=0.5641 AUC=0.6667 (n=86)
2025-09-29 10:14:00 -     AVO Test | Acc=0.6600 P=0.6677 R=0.6699 F1=0.6688 AUC=0.7426 (n=603)
2025-09-29 10:14:00 -     Overall Test Acc=0.6531
2025-09-29 10:14:00 - Repeat 5/5
2025-09-29 10:14:00 -   Fold 1/5
2025-09-29 10:14:00 - Fold domains: small=P3 (n=280), large=AVO (n=2133)
2025-09-29 10:14:00 - Auto adjustments (symmetric): w_small≈1.000, lambda_MMD_target=0.300, warmup_epochs=5
2025-09-29 10:14:00 - Epoch 1/500 | LR=0.010000 | w_AVO=1.000 | w_P3=1.352 | lambda_MMD=0.060
2025-09-29 10:14:00 - Epoch Summary: TrainLoss=1.8151 | TrainAcc=0.560 | Val(P3)=0.697 | Val(AVO)=0.606
2025-09-29 10:14:00 - New best P3-val; checkpoint updated
2025-09-29 10:14:00 - Epoch 2/500 | LR=0.010000 | w_AVO=1.000 | w_P3=1.704 | lambda_MMD=0.120
2025-09-29 10:14:00 - Epoch Summary: TrainLoss=1.8006 | TrainAcc=0.591 | Val(P3)=0.727 | Val(AVO)=0.574
2025-09-29 10:14:00 - New best P3-val; checkpoint updated
2025-09-29 10:14:00 - Epoch 3/500 | LR=0.010000 | w_AVO=1.000 | w_P3=2.056 | lambda_MMD=0.180
2025-09-29 10:14:00 - Epoch Summary: TrainLoss=1.8199 | TrainAcc=0.594 | Val(P3)=0.606 | Val(AVO)=0.519
2025-09-29 10:14:00 - No P3-val improvement; patience remaining: 49/50
2025-09-29 10:14:00 - AVO val decreasing 3x. Reducing lambda_MMD to 0.168
2025-09-29 10:14:00 - Epoch 4/500 | LR=0.009999 | w_AVO=1.000 | w_P3=2.408 | lambda_MMD=0.168
2025-09-29 10:14:00 - Epoch Summary: TrainLoss=1.9434 | TrainAcc=0.619 | Val(P3)=0.606 | Val(AVO)=0.564
2025-09-29 10:14:00 - No P3-val improvement; patience remaining: 48/50
2025-09-29 10:14:00 - Epoch 5/500 | LR=0.009998 | w_AVO=1.000 | w_P3=2.760 | lambda_MMD=0.300
2025-09-29 10:14:01 - Epoch Summary: TrainLoss=2.0697 | TrainAcc=0.616 | Val(P3)=0.545 | Val(AVO)=0.558
2025-09-29 10:14:01 - No P3-val improvement; patience remaining: 47/50
2025-09-29 10:14:01 - Epoch 6/500 | LR=0.009998 | w_AVO=1.000 | w_P3=2.760 | lambda_MMD=0.300
2025-09-29 10:14:01 - Epoch Summary: TrainLoss=2.0103 | TrainAcc=0.625 | Val(P3)=0.636 | Val(AVO)=0.564
2025-09-29 10:14:01 - No P3-val improvement; patience remaining: 46/50
2025-09-29 10:14:01 - Epoch 7/500 | LR=0.009996 | w_AVO=1.000 | w_P3=2.760 | lambda_MMD=0.300
2025-09-29 10:14:01 - Epoch Summary: TrainLoss=1.8922 | TrainAcc=0.617 | Val(P3)=0.606 | Val(AVO)=0.571
2025-09-29 10:14:01 - No P3-val improvement; patience remaining: 45/50
2025-09-29 10:14:01 - Epoch 8/500 | LR=0.009995 | w_AVO=1.000 | w_P3=2.760 | lambda_MMD=0.300
2025-09-29 10:14:01 - Epoch Summary: TrainLoss=1.7956 | TrainAcc=0.622 | Val(P3)=0.636 | Val(AVO)=0.583
2025-09-29 10:14:01 - No P3-val improvement; patience remaining: 44/50
2025-09-29 10:14:01 - Epoch 9/500 | LR=0.009994 | w_AVO=1.000 | w_P3=2.760 | lambda_MMD=0.300
2025-09-29 10:14:01 - Epoch Summary: TrainLoss=1.8295 | TrainAcc=0.628 | Val(P3)=0.636 | Val(AVO)=0.583
2025-09-29 10:14:01 - No P3-val improvement; patience remaining: 43/50
2025-09-29 10:14:01 - Epoch 10/500 | LR=0.009992 | w_AVO=1.000 | w_P3=2.760 | lambda_MMD=0.300
2025-09-29 10:14:01 - Epoch Summary: TrainLoss=1.7050 | TrainAcc=0.626 | Val(P3)=0.636 | Val(AVO)=0.596
2025-09-29 10:14:01 - No P3-val improvement; patience remaining: 42/50
2025-09-29 10:14:01 - Epoch 11/500 | LR=0.009990 | w_AVO=1.000 | w_P3=2.760 | lambda_MMD=0.300
2025-09-29 10:14:01 - Epoch Summary: TrainLoss=1.7232 | TrainAcc=0.621 | Val(P3)=0.697 | Val(AVO)=0.612
2025-09-29 10:14:01 - No P3-val improvement; patience remaining: 41/50
2025-09-29 10:14:01 - Epoch 12/500 | LR=0.009988 | w_AVO=1.000 | w_P3=2.760 | lambda_MMD=0.300
2025-09-29 10:14:02 - Epoch Summary: TrainLoss=1.6857 | TrainAcc=0.617 | Val(P3)=0.667 | Val(AVO)=0.545
2025-09-29 10:14:02 - No P3-val improvement; patience remaining: 40/50
2025-09-29 10:14:02 - Epoch 13/500 | LR=0.009986 | w_AVO=1.000 | w_P3=2.760 | lambda_MMD=0.300
2025-09-29 10:14:02 - Epoch Summary: TrainLoss=1.6449 | TrainAcc=0.620 | Val(P3)=0.667 | Val(AVO)=0.599
2025-09-29 10:14:02 - No P3-val improvement; patience remaining: 39/50
2025-09-29 10:14:02 - Epoch 14/500 | LR=0.009983 | w_AVO=1.000 | w_P3=2.760 | lambda_MMD=0.300
2025-09-29 10:14:02 - Epoch Summary: TrainLoss=1.6049 | TrainAcc=0.624 | Val(P3)=0.697 | Val(AVO)=0.590
2025-09-29 10:14:02 - No P3-val improvement; patience remaining: 38/50
2025-09-29 10:14:02 - Epoch 15/500 | LR=0.009981 | w_AVO=1.000 | w_P3=2.760 | lambda_MMD=0.300
2025-09-29 10:14:02 - Epoch Summary: TrainLoss=1.5479 | TrainAcc=0.617 | Val(P3)=0.636 | Val(AVO)=0.590
2025-09-29 10:14:02 - No P3-val improvement; patience remaining: 37/50
2025-09-29 10:14:02 - Epoch 16/500 | LR=0.009978 | w_AVO=1.000 | w_P3=2.760 | lambda_MMD=0.300
2025-09-29 10:14:02 - Epoch Summary: TrainLoss=1.5188 | TrainAcc=0.643 | Val(P3)=0.606 | Val(AVO)=0.580
2025-09-29 10:14:02 - No P3-val improvement; patience remaining: 36/50
2025-09-29 10:14:02 - P3 val decreasing 3x. Reducing w_small to 2.208, lambda_MMD to 0.150
2025-09-29 10:14:02 - Epoch 17/500 | LR=0.009975 | w_AVO=1.000 | w_P3=2.208 | lambda_MMD=0.150
2025-09-29 10:14:02 - Epoch Summary: TrainLoss=1.3123 | TrainAcc=0.632 | Val(P3)=0.667 | Val(AVO)=0.587
2025-09-29 10:14:02 - No P3-val improvement; patience remaining: 35/50
2025-09-29 10:14:02 - Epoch 18/500 | LR=0.009972 | w_AVO=1.000 | w_P3=2.760 | lambda_MMD=0.300
2025-09-29 10:14:02 - Epoch Summary: TrainLoss=1.4375 | TrainAcc=0.643 | Val(P3)=0.606 | Val(AVO)=0.606
2025-09-29 10:14:02 - No P3-val improvement; patience remaining: 34/50
2025-09-29 10:14:02 - Epoch 19/500 | LR=0.009968 | w_AVO=1.000 | w_P3=2.760 | lambda_MMD=0.300
2025-09-29 10:14:02 - Epoch Summary: TrainLoss=1.4716 | TrainAcc=0.644 | Val(P3)=0.667 | Val(AVO)=0.603
2025-09-29 10:14:02 - No P3-val improvement; patience remaining: 33/50
2025-09-29 10:14:02 - Epoch 20/500 | LR=0.009964 | w_AVO=1.000 | w_P3=2.760 | lambda_MMD=0.300
2025-09-29 10:14:02 - Epoch Summary: TrainLoss=1.4218 | TrainAcc=0.627 | Val(P3)=0.727 | Val(AVO)=0.609
2025-09-29 10:14:02 - No P3-val improvement; patience remaining: 32/50
2025-09-29 10:14:02 - Epoch 21/500 | LR=0.009961 | w_AVO=1.000 | w_P3=2.760 | lambda_MMD=0.300
2025-09-29 10:14:03 - Epoch Summary: TrainLoss=1.4209 | TrainAcc=0.634 | Val(P3)=0.727 | Val(AVO)=0.606
2025-09-29 10:14:03 - No P3-val improvement; patience remaining: 31/50
2025-09-29 10:14:03 - Epoch 22/500 | LR=0.009957 | w_AVO=1.000 | w_P3=2.760 | lambda_MMD=0.300
2025-09-29 10:14:03 - Epoch Summary: TrainLoss=1.4147 | TrainAcc=0.639 | Val(P3)=0.697 | Val(AVO)=0.590
2025-09-29 10:14:03 - No P3-val improvement; patience remaining: 30/50
2025-09-29 10:14:03 - AVO val decreasing 3x. Reducing lambda_MMD to 0.210
2025-09-29 10:14:03 - Epoch 23/500 | LR=0.009952 | w_AVO=1.000 | w_P3=2.760 | lambda_MMD=0.210
2025-09-29 10:14:03 - Epoch Summary: TrainLoss=1.4370 | TrainAcc=0.647 | Val(P3)=0.697 | Val(AVO)=0.612
2025-09-29 10:14:03 - No P3-val improvement; patience remaining: 29/50
2025-09-29 10:14:03 - Epoch 24/500 | LR=0.009948 | w_AVO=1.000 | w_P3=2.760 | lambda_MMD=0.300
2025-09-29 10:14:03 - Epoch Summary: TrainLoss=1.3802 | TrainAcc=0.648 | Val(P3)=0.727 | Val(AVO)=0.609
2025-09-29 10:14:03 - No P3-val improvement; patience remaining: 28/50
2025-09-29 10:14:03 - Epoch 25/500 | LR=0.009943 | w_AVO=1.000 | w_P3=2.760 | lambda_MMD=0.300
2025-09-29 10:14:03 - Epoch Summary: TrainLoss=1.3794 | TrainAcc=0.655 | Val(P3)=0.727 | Val(AVO)=0.590
2025-09-29 10:14:03 - No P3-val improvement; patience remaining: 27/50
2025-09-29 10:14:03 - AVO val decreasing 3x. Reducing lambda_MMD to 0.210
2025-09-29 10:14:03 - Epoch 26/500 | LR=0.009938 | w_AVO=1.000 | w_P3=2.760 | lambda_MMD=0.210
2025-09-29 10:14:03 - Epoch Summary: TrainLoss=1.3732 | TrainAcc=0.648 | Val(P3)=0.727 | Val(AVO)=0.609
2025-09-29 10:14:03 - No P3-val improvement; patience remaining: 26/50
2025-09-29 10:14:03 - Epoch 27/500 | LR=0.009933 | w_AVO=1.000 | w_P3=2.760 | lambda_MMD=0.300
2025-09-29 10:14:03 - Epoch Summary: TrainLoss=1.3525 | TrainAcc=0.633 | Val(P3)=0.727 | Val(AVO)=0.603
2025-09-29 10:14:03 - No P3-val improvement; patience remaining: 25/50
2025-09-29 10:14:03 - Epoch 28/500 | LR=0.009928 | w_AVO=1.000 | w_P3=2.760 | lambda_MMD=0.300
2025-09-29 10:14:04 - Epoch Summary: TrainLoss=1.3382 | TrainAcc=0.639 | Val(P3)=0.667 | Val(AVO)=0.609
2025-09-29 10:14:04 - No P3-val improvement; patience remaining: 24/50
2025-09-29 10:14:04 - Epoch 29/500 | LR=0.009923 | w_AVO=1.000 | w_P3=2.760 | lambda_MMD=0.300
2025-09-29 10:14:04 - Epoch Summary: TrainLoss=1.3230 | TrainAcc=0.653 | Val(P3)=0.727 | Val(AVO)=0.619
2025-09-29 10:14:04 - No P3-val improvement; patience remaining: 23/50
2025-09-29 10:14:04 - Epoch 30/500 | LR=0.009917 | w_AVO=1.000 | w_P3=2.760 | lambda_MMD=0.300
2025-09-29 10:14:04 - Epoch Summary: TrainLoss=1.3616 | TrainAcc=0.647 | Val(P3)=0.697 | Val(AVO)=0.631
2025-09-29 10:14:04 - No P3-val improvement; patience remaining: 22/50
2025-09-29 10:14:04 - Epoch 31/500 | LR=0.009911 | w_AVO=1.000 | w_P3=2.760 | lambda_MMD=0.300
2025-09-29 10:14:04 - Epoch Summary: TrainLoss=1.3232 | TrainAcc=0.645 | Val(P3)=0.758 | Val(AVO)=0.603
2025-09-29 10:14:04 - New best P3-val; checkpoint updated
2025-09-29 10:14:04 - Epoch 32/500 | LR=0.009905 | w_AVO=1.000 | w_P3=2.760 | lambda_MMD=0.300
2025-09-29 10:14:04 - Epoch Summary: TrainLoss=1.3918 | TrainAcc=0.653 | Val(P3)=0.697 | Val(AVO)=0.606
2025-09-29 10:14:04 - No P3-val improvement; patience remaining: 49/50
2025-09-29 10:14:04 - Epoch 33/500 | LR=0.009899 | w_AVO=1.000 | w_P3=2.760 | lambda_MMD=0.300
2025-09-29 10:14:04 - Epoch Summary: TrainLoss=1.3398 | TrainAcc=0.641 | Val(P3)=0.727 | Val(AVO)=0.625
2025-09-29 10:14:04 - No P3-val improvement; patience remaining: 48/50
2025-09-29 10:14:04 - Epoch 34/500 | LR=0.009893 | w_AVO=1.000 | w_P3=2.760 | lambda_MMD=0.300
2025-09-29 10:14:04 - Epoch Summary: TrainLoss=1.3062 | TrainAcc=0.649 | Val(P3)=0.788 | Val(AVO)=0.609
2025-09-29 10:14:04 - New best P3-val; checkpoint updated
2025-09-29 10:14:04 - Epoch 35/500 | LR=0.009886 | w_AVO=1.000 | w_P3=2.760 | lambda_MMD=0.300
2025-09-29 10:14:04 - Epoch Summary: TrainLoss=1.3043 | TrainAcc=0.660 | Val(P3)=0.818 | Val(AVO)=0.606
2025-09-29 10:14:04 - New best P3-val; checkpoint updated
2025-09-29 10:14:04 - AVO val decreasing 3x. Reducing lambda_MMD to 0.210
2025-09-29 10:14:04 - Epoch 36/500 | LR=0.009880 | w_AVO=1.000 | w_P3=2.760 | lambda_MMD=0.210
2025-09-29 10:14:05 - Epoch Summary: TrainLoss=1.3065 | TrainAcc=0.655 | Val(P3)=0.727 | Val(AVO)=0.615
2025-09-29 10:14:05 - No P3-val improvement; patience remaining: 49/50
2025-09-29 10:14:05 - Epoch 37/500 | LR=0.009873 | w_AVO=1.000 | w_P3=2.760 | lambda_MMD=0.300
2025-09-29 10:14:05 - Epoch Summary: TrainLoss=1.3292 | TrainAcc=0.637 | Val(P3)=0.788 | Val(AVO)=0.625
2025-09-29 10:14:05 - No P3-val improvement; patience remaining: 48/50
2025-09-29 10:14:05 - Epoch 38/500 | LR=0.009865 | w_AVO=1.000 | w_P3=2.760 | lambda_MMD=0.300
2025-09-29 10:14:05 - Epoch Summary: TrainLoss=1.2998 | TrainAcc=0.662 | Val(P3)=0.788 | Val(AVO)=0.615
2025-09-29 10:14:05 - No P3-val improvement; patience remaining: 47/50
2025-09-29 10:14:05 - Epoch 39/500 | LR=0.009858 | w_AVO=1.000 | w_P3=2.760 | lambda_MMD=0.300
2025-09-29 10:14:05 - Epoch Summary: TrainLoss=1.3003 | TrainAcc=0.661 | Val(P3)=0.758 | Val(AVO)=0.622
2025-09-29 10:14:05 - No P3-val improvement; patience remaining: 46/50
2025-09-29 10:14:05 - Epoch 40/500 | LR=0.009851 | w_AVO=1.000 | w_P3=2.760 | lambda_MMD=0.300
2025-09-29 10:14:05 - Epoch Summary: TrainLoss=1.2646 | TrainAcc=0.655 | Val(P3)=0.758 | Val(AVO)=0.587
2025-09-29 10:14:05 - No P3-val improvement; patience remaining: 45/50
2025-09-29 10:14:05 - Epoch 41/500 | LR=0.009843 | w_AVO=1.000 | w_P3=2.760 | lambda_MMD=0.300
2025-09-29 10:14:05 - Epoch Summary: TrainLoss=1.3078 | TrainAcc=0.661 | Val(P3)=0.697 | Val(AVO)=0.654
2025-09-29 10:14:05 - No P3-val improvement; patience remaining: 44/50
2025-09-29 10:14:05 - Epoch 42/500 | LR=0.009835 | w_AVO=1.000 | w_P3=2.760 | lambda_MMD=0.300
2025-09-29 10:14:05 - Epoch Summary: TrainLoss=1.2700 | TrainAcc=0.651 | Val(P3)=0.788 | Val(AVO)=0.599
2025-09-29 10:14:05 - No P3-val improvement; patience remaining: 43/50
2025-09-29 10:14:05 - Epoch 43/500 | LR=0.009827 | w_AVO=1.000 | w_P3=2.760 | lambda_MMD=0.300
2025-09-29 10:14:05 - Epoch Summary: TrainLoss=1.2926 | TrainAcc=0.654 | Val(P3)=0.758 | Val(AVO)=0.606
2025-09-29 10:14:05 - No P3-val improvement; patience remaining: 42/50
2025-09-29 10:14:05 - Epoch 44/500 | LR=0.009819 | w_AVO=1.000 | w_P3=2.760 | lambda_MMD=0.300
2025-09-29 10:14:06 - Epoch Summary: TrainLoss=1.2376 | TrainAcc=0.651 | Val(P3)=0.758 | Val(AVO)=0.599
2025-09-29 10:14:06 - No P3-val improvement; patience remaining: 41/50
2025-09-29 10:14:06 - Epoch 45/500 | LR=0.009810 | w_AVO=1.000 | w_P3=2.760 | lambda_MMD=0.300
2025-09-29 10:14:06 - Epoch Summary: TrainLoss=1.2345 | TrainAcc=0.649 | Val(P3)=0.727 | Val(AVO)=0.599
2025-09-29 10:14:06 - No P3-val improvement; patience remaining: 40/50
2025-09-29 10:14:06 - Epoch 46/500 | LR=0.009801 | w_AVO=1.000 | w_P3=2.760 | lambda_MMD=0.300
2025-09-29 10:14:06 - Epoch Summary: TrainLoss=1.3008 | TrainAcc=0.651 | Val(P3)=0.758 | Val(AVO)=0.615
2025-09-29 10:14:06 - No P3-val improvement; patience remaining: 39/50
2025-09-29 10:14:06 - Epoch 47/500 | LR=0.009793 | w_AVO=1.000 | w_P3=2.760 | lambda_MMD=0.300
2025-09-29 10:14:06 - Epoch Summary: TrainLoss=1.2735 | TrainAcc=0.654 | Val(P3)=0.727 | Val(AVO)=0.606
2025-09-29 10:14:06 - No P3-val improvement; patience remaining: 38/50
2025-09-29 10:14:06 - Epoch 48/500 | LR=0.009784 | w_AVO=1.000 | w_P3=2.760 | lambda_MMD=0.300
2025-09-29 10:14:06 - Epoch Summary: TrainLoss=1.2498 | TrainAcc=0.653 | Val(P3)=0.727 | Val(AVO)=0.635
2025-09-29 10:14:06 - No P3-val improvement; patience remaining: 37/50
2025-09-29 10:14:06 - Epoch 49/500 | LR=0.009774 | w_AVO=1.000 | w_P3=2.760 | lambda_MMD=0.300
2025-09-29 10:14:06 - Epoch Summary: TrainLoss=1.2755 | TrainAcc=0.661 | Val(P3)=0.758 | Val(AVO)=0.622
2025-09-29 10:14:06 - No P3-val improvement; patience remaining: 36/50
2025-09-29 10:14:06 - Epoch 50/500 | LR=0.009765 | w_AVO=1.000 | w_P3=2.760 | lambda_MMD=0.300
2025-09-29 10:14:06 - Epoch Summary: TrainLoss=1.2552 | TrainAcc=0.658 | Val(P3)=0.727 | Val(AVO)=0.641
2025-09-29 10:14:06 - No P3-val improvement; patience remaining: 35/50
2025-09-29 10:14:06 - Epoch 51/500 | LR=0.009755 | w_AVO=1.000 | w_P3=2.760 | lambda_MMD=0.300
2025-09-29 10:14:06 - Epoch Summary: TrainLoss=1.2423 | TrainAcc=0.657 | Val(P3)=0.758 | Val(AVO)=0.554
2025-09-29 10:14:06 - No P3-val improvement; patience remaining: 34/50
2025-09-29 10:14:06 - Epoch 52/500 | LR=0.009745 | w_AVO=1.000 | w_P3=2.760 | lambda_MMD=0.300
2025-09-29 10:14:07 - Epoch Summary: TrainLoss=1.2458 | TrainAcc=0.652 | Val(P3)=0.727 | Val(AVO)=0.583
2025-09-29 10:14:07 - No P3-val improvement; patience remaining: 33/50
2025-09-29 10:14:07 - Epoch 53/500 | LR=0.009735 | w_AVO=1.000 | w_P3=2.760 | lambda_MMD=0.300
2025-09-29 10:14:07 - Epoch Summary: TrainLoss=1.1935 | TrainAcc=0.662 | Val(P3)=0.727 | Val(AVO)=0.603
2025-09-29 10:14:07 - No P3-val improvement; patience remaining: 32/50
2025-09-29 10:14:07 - Epoch 54/500 | LR=0.009725 | w_AVO=1.000 | w_P3=2.760 | lambda_MMD=0.300
2025-09-29 10:14:07 - Epoch Summary: TrainLoss=1.2660 | TrainAcc=0.658 | Val(P3)=0.758 | Val(AVO)=0.615
2025-09-29 10:14:07 - No P3-val improvement; patience remaining: 31/50
2025-09-29 10:14:07 - Epoch 55/500 | LR=0.009715 | w_AVO=1.000 | w_P3=2.760 | lambda_MMD=0.300
2025-09-29 10:14:07 - Epoch Summary: TrainLoss=1.1614 | TrainAcc=0.663 | Val(P3)=0.697 | Val(AVO)=0.587
2025-09-29 10:14:07 - No P3-val improvement; patience remaining: 30/50
2025-09-29 10:14:07 - Epoch 56/500 | LR=0.009704 | w_AVO=1.000 | w_P3=2.760 | lambda_MMD=0.300
2025-09-29 10:14:07 - Epoch Summary: TrainLoss=1.1965 | TrainAcc=0.652 | Val(P3)=0.727 | Val(AVO)=0.593
2025-09-29 10:14:07 - No P3-val improvement; patience remaining: 29/50
2025-09-29 10:14:07 - Epoch 57/500 | LR=0.009694 | w_AVO=1.000 | w_P3=2.760 | lambda_MMD=0.300
2025-09-29 10:14:07 - Epoch Summary: TrainLoss=1.2460 | TrainAcc=0.657 | Val(P3)=0.818 | Val(AVO)=0.622
2025-09-29 10:14:07 - No P3-val improvement; patience remaining: 28/50
2025-09-29 10:14:07 - Epoch 58/500 | LR=0.009683 | w_AVO=1.000 | w_P3=2.760 | lambda_MMD=0.300
2025-09-29 10:14:07 - Epoch Summary: TrainLoss=1.2082 | TrainAcc=0.660 | Val(P3)=0.758 | Val(AVO)=0.635
2025-09-29 10:14:07 - No P3-val improvement; patience remaining: 27/50
2025-09-29 10:14:07 - Epoch 59/500 | LR=0.009672 | w_AVO=1.000 | w_P3=2.760 | lambda_MMD=0.300
2025-09-29 10:14:08 - Epoch Summary: TrainLoss=1.2225 | TrainAcc=0.652 | Val(P3)=0.758 | Val(AVO)=0.612
2025-09-29 10:14:08 - No P3-val improvement; patience remaining: 26/50
2025-09-29 10:14:08 - Epoch 60/500 | LR=0.009660 | w_AVO=1.000 | w_P3=2.760 | lambda_MMD=0.300
2025-09-29 10:14:08 - Epoch Summary: TrainLoss=1.1325 | TrainAcc=0.669 | Val(P3)=0.818 | Val(AVO)=0.612
2025-09-29 10:14:08 - No P3-val improvement; patience remaining: 25/50
2025-09-29 10:14:08 - Epoch 61/500 | LR=0.009649 | w_AVO=1.000 | w_P3=2.760 | lambda_MMD=0.300
2025-09-29 10:14:08 - Epoch Summary: TrainLoss=1.2037 | TrainAcc=0.661 | Val(P3)=0.758 | Val(AVO)=0.609
2025-09-29 10:14:08 - No P3-val improvement; patience remaining: 24/50
2025-09-29 10:14:08 - Epoch 62/500 | LR=0.009637 | w_AVO=1.000 | w_P3=2.760 | lambda_MMD=0.300
2025-09-29 10:14:08 - Epoch Summary: TrainLoss=1.1792 | TrainAcc=0.657 | Val(P3)=0.788 | Val(AVO)=0.631
2025-09-29 10:14:08 - No P3-val improvement; patience remaining: 23/50
2025-09-29 10:14:08 - Epoch 63/500 | LR=0.009625 | w_AVO=1.000 | w_P3=2.760 | lambda_MMD=0.300
2025-09-29 10:14:08 - Epoch Summary: TrainLoss=1.1845 | TrainAcc=0.666 | Val(P3)=0.758 | Val(AVO)=0.603
2025-09-29 10:14:08 - No P3-val improvement; patience remaining: 22/50
2025-09-29 10:14:08 - Epoch 64/500 | LR=0.009613 | w_AVO=1.000 | w_P3=2.760 | lambda_MMD=0.300
2025-09-29 10:14:08 - Epoch Summary: TrainLoss=1.2151 | TrainAcc=0.662 | Val(P3)=0.758 | Val(AVO)=0.606
2025-09-29 10:14:08 - No P3-val improvement; patience remaining: 21/50
2025-09-29 10:14:08 - Epoch 65/500 | LR=0.009601 | w_AVO=1.000 | w_P3=2.760 | lambda_MMD=0.300
2025-09-29 10:14:08 - Epoch Summary: TrainLoss=1.1799 | TrainAcc=0.671 | Val(P3)=0.788 | Val(AVO)=0.603
2025-09-29 10:14:08 - No P3-val improvement; patience remaining: 20/50
2025-09-29 10:14:08 - Epoch 66/500 | LR=0.009589 | w_AVO=1.000 | w_P3=2.760 | lambda_MMD=0.300
2025-09-29 10:14:09 - Epoch Summary: TrainLoss=1.1806 | TrainAcc=0.669 | Val(P3)=0.727 | Val(AVO)=0.641
2025-09-29 10:14:09 - No P3-val improvement; patience remaining: 19/50
2025-09-29 10:14:09 - Epoch 67/500 | LR=0.009576 | w_AVO=1.000 | w_P3=2.760 | lambda_MMD=0.300
2025-09-29 10:14:09 - Epoch Summary: TrainLoss=1.1723 | TrainAcc=0.654 | Val(P3)=0.788 | Val(AVO)=0.577
2025-09-29 10:14:09 - No P3-val improvement; patience remaining: 18/50
2025-09-29 10:14:09 - Epoch 68/500 | LR=0.009563 | w_AVO=1.000 | w_P3=2.760 | lambda_MMD=0.300
2025-09-29 10:14:09 - Epoch Summary: TrainLoss=1.2339 | TrainAcc=0.657 | Val(P3)=0.727 | Val(AVO)=0.583
2025-09-29 10:14:09 - No P3-val improvement; patience remaining: 17/50
2025-09-29 10:14:09 - Epoch 69/500 | LR=0.009551 | w_AVO=1.000 | w_P3=2.760 | lambda_MMD=0.300
2025-09-29 10:14:09 - Epoch Summary: TrainLoss=1.1840 | TrainAcc=0.666 | Val(P3)=0.818 | Val(AVO)=0.599
2025-09-29 10:14:09 - No P3-val improvement; patience remaining: 16/50
2025-09-29 10:14:09 - Epoch 70/500 | LR=0.009537 | w_AVO=1.000 | w_P3=2.760 | lambda_MMD=0.300
2025-09-29 10:14:09 - Epoch Summary: TrainLoss=1.2247 | TrainAcc=0.669 | Val(P3)=0.758 | Val(AVO)=0.590
2025-09-29 10:14:09 - No P3-val improvement; patience remaining: 15/50
2025-09-29 10:14:09 - Epoch 71/500 | LR=0.009524 | w_AVO=1.000 | w_P3=2.760 | lambda_MMD=0.300
2025-09-29 10:14:09 - Epoch Summary: TrainLoss=1.1729 | TrainAcc=0.662 | Val(P3)=0.788 | Val(AVO)=0.590
2025-09-29 10:14:09 - No P3-val improvement; patience remaining: 14/50
2025-09-29 10:14:09 - Epoch 72/500 | LR=0.009511 | w_AVO=1.000 | w_P3=2.760 | lambda_MMD=0.300
2025-09-29 10:14:09 - Epoch Summary: TrainLoss=1.1899 | TrainAcc=0.662 | Val(P3)=0.818 | Val(AVO)=0.580
2025-09-29 10:14:09 - No P3-val improvement; patience remaining: 13/50
2025-09-29 10:14:09 - Epoch 73/500 | LR=0.009497 | w_AVO=1.000 | w_P3=2.760 | lambda_MMD=0.300
2025-09-29 10:14:09 - Epoch Summary: TrainLoss=1.1522 | TrainAcc=0.670 | Val(P3)=0.788 | Val(AVO)=0.628
2025-09-29 10:14:09 - No P3-val improvement; patience remaining: 12/50
2025-09-29 10:14:09 - Epoch 74/500 | LR=0.009483 | w_AVO=1.000 | w_P3=2.760 | lambda_MMD=0.300
2025-09-29 10:14:10 - Epoch Summary: TrainLoss=1.1359 | TrainAcc=0.673 | Val(P3)=0.758 | Val(AVO)=0.619
2025-09-29 10:14:10 - No P3-val improvement; patience remaining: 11/50
2025-09-29 10:14:10 - P3 val decreasing 3x. Reducing w_small to 2.208, lambda_MMD to 0.150
2025-09-29 10:14:10 - Epoch 75/500 | LR=0.009469 | w_AVO=1.000 | w_P3=2.208 | lambda_MMD=0.150
2025-09-29 10:14:10 - Epoch Summary: TrainLoss=1.0454 | TrainAcc=0.660 | Val(P3)=0.758 | Val(AVO)=0.612
2025-09-29 10:14:10 - No P3-val improvement; patience remaining: 10/50
2025-09-29 10:14:10 - AVO val decreasing 3x. Reducing lambda_MMD to 0.210
2025-09-29 10:14:10 - Epoch 76/500 | LR=0.009455 | w_AVO=1.000 | w_P3=2.760 | lambda_MMD=0.210
2025-09-29 10:14:10 - Epoch Summary: TrainLoss=1.1743 | TrainAcc=0.650 | Val(P3)=0.727 | Val(AVO)=0.599
2025-09-29 10:14:10 - No P3-val improvement; patience remaining: 9/50
2025-09-29 10:14:10 - AVO val decreasing 3x. Reducing lambda_MMD to 0.210
2025-09-29 10:14:10 - Epoch 77/500 | LR=0.009441 | w_AVO=1.000 | w_P3=2.760 | lambda_MMD=0.210
2025-09-29 10:14:10 - Epoch Summary: TrainLoss=1.1166 | TrainAcc=0.685 | Val(P3)=0.788 | Val(AVO)=0.590
2025-09-29 10:14:10 - No P3-val improvement; patience remaining: 8/50
2025-09-29 10:14:10 - AVO val decreasing 3x. Reducing lambda_MMD to 0.210
2025-09-29 10:14:10 - Epoch 78/500 | LR=0.009426 | w_AVO=1.000 | w_P3=2.760 | lambda_MMD=0.210
2025-09-29 10:14:10 - Epoch Summary: TrainLoss=1.1233 | TrainAcc=0.671 | Val(P3)=0.788 | Val(AVO)=0.609
2025-09-29 10:14:10 - No P3-val improvement; patience remaining: 7/50
2025-09-29 10:14:10 - Epoch 79/500 | LR=0.009411 | w_AVO=1.000 | w_P3=2.760 | lambda_MMD=0.300
2025-09-29 10:14:10 - Epoch Summary: TrainLoss=1.1860 | TrainAcc=0.670 | Val(P3)=0.788 | Val(AVO)=0.567
2025-09-29 10:14:10 - No P3-val improvement; patience remaining: 6/50
2025-09-29 10:14:10 - Epoch 80/500 | LR=0.009397 | w_AVO=1.000 | w_P3=2.760 | lambda_MMD=0.300
2025-09-29 10:14:10 - Epoch Summary: TrainLoss=1.1636 | TrainAcc=0.643 | Val(P3)=0.788 | Val(AVO)=0.606
2025-09-29 10:14:10 - No P3-val improvement; patience remaining: 5/50
2025-09-29 10:14:10 - Epoch 81/500 | LR=0.009382 | w_AVO=1.000 | w_P3=2.760 | lambda_MMD=0.300
2025-09-29 10:14:11 - Epoch Summary: TrainLoss=1.1286 | TrainAcc=0.662 | Val(P3)=0.727 | Val(AVO)=0.619
2025-09-29 10:14:11 - No P3-val improvement; patience remaining: 4/50
2025-09-29 10:14:11 - Epoch 82/500 | LR=0.009366 | w_AVO=1.000 | w_P3=2.760 | lambda_MMD=0.300
2025-09-29 10:14:11 - Epoch Summary: TrainLoss=1.2135 | TrainAcc=0.674 | Val(P3)=0.727 | Val(AVO)=0.567
2025-09-29 10:14:11 - No P3-val improvement; patience remaining: 3/50
2025-09-29 10:14:11 - Epoch 83/500 | LR=0.009351 | w_AVO=1.000 | w_P3=2.760 | lambda_MMD=0.300
2025-09-29 10:14:11 - Epoch Summary: TrainLoss=1.1716 | TrainAcc=0.677 | Val(P3)=0.758 | Val(AVO)=0.606
2025-09-29 10:14:11 - No P3-val improvement; patience remaining: 2/50
2025-09-29 10:14:11 - Epoch 84/500 | LR=0.009335 | w_AVO=1.000 | w_P3=2.760 | lambda_MMD=0.300
2025-09-29 10:14:11 - Epoch Summary: TrainLoss=1.1556 | TrainAcc=0.664 | Val(P3)=0.758 | Val(AVO)=0.612
2025-09-29 10:14:11 - No P3-val improvement; patience remaining: 1/50
2025-09-29 10:14:11 - Epoch 85/500 | LR=0.009320 | w_AVO=1.000 | w_P3=2.760 | lambda_MMD=0.300
2025-09-29 10:14:11 - Epoch Summary: TrainLoss=1.2228 | TrainAcc=0.660 | Val(P3)=0.758 | Val(AVO)=0.596
2025-09-29 10:14:11 - No P3-val improvement; patience remaining: 0/50
2025-09-29 10:14:11 - Early stopping triggered (P3-val)
2025-09-29 10:14:11 -     P3 Test | Acc=0.6207 P=0.6250 R=0.6667 F1=0.6452 AUC=0.6497 (n=87)
2025-09-29 10:14:11 -     AVO Test | Acc=0.6136 P=0.5823 R=0.7900 F1=0.6704 AUC=0.6866 (n=603)
2025-09-29 10:14:11 -     Overall Test Acc=0.6145
2025-09-29 10:14:11 -   Fold 2/5
2025-09-29 10:14:11 - Fold domains: small=P3 (n=278), large=AVO (n=2135)
2025-09-29 10:14:11 - Auto adjustments (symmetric): w_small≈1.000, lambda_MMD_target=0.300, warmup_epochs=5
2025-09-29 10:14:11 - Epoch 1/500 | LR=0.010000 | w_AVO=1.000 | w_P3=1.354 | lambda_MMD=0.060
2025-09-29 10:14:11 - Epoch Summary: TrainLoss=1.8470 | TrainAcc=0.548 | Val(P3)=0.571 | Val(AVO)=0.552
2025-09-29 10:14:11 - New best P3-val; checkpoint updated
2025-09-29 10:14:11 - Epoch 2/500 | LR=0.010000 | w_AVO=1.000 | w_P3=1.709 | lambda_MMD=0.120
2025-09-29 10:14:11 - Epoch Summary: TrainLoss=1.8497 | TrainAcc=0.550 | Val(P3)=0.514 | Val(AVO)=0.568
2025-09-29 10:14:11 - No P3-val improvement; patience remaining: 49/50
2025-09-29 10:14:11 - Epoch 3/500 | LR=0.010000 | w_AVO=1.000 | w_P3=2.063 | lambda_MMD=0.180
2025-09-29 10:14:12 - Epoch Summary: TrainLoss=1.8292 | TrainAcc=0.618 | Val(P3)=0.629 | Val(AVO)=0.568
2025-09-29 10:14:12 - New best P3-val; checkpoint updated
2025-09-29 10:14:12 - Epoch 4/500 | LR=0.009999 | w_AVO=1.000 | w_P3=2.417 | lambda_MMD=0.240
2025-09-29 10:14:12 - Epoch Summary: TrainLoss=1.9157 | TrainAcc=0.610 | Val(P3)=0.657 | Val(AVO)=0.594
2025-09-29 10:14:12 - New best P3-val; checkpoint updated
2025-09-29 10:14:12 - Epoch 5/500 | LR=0.009998 | w_AVO=1.000 | w_P3=2.771 | lambda_MMD=0.300
2025-09-29 10:14:12 - Epoch Summary: TrainLoss=2.0054 | TrainAcc=0.609 | Val(P3)=0.657 | Val(AVO)=0.571
2025-09-29 10:14:12 - No P3-val improvement; patience remaining: 49/50
2025-09-29 10:14:12 - Epoch 6/500 | LR=0.009998 | w_AVO=1.000 | w_P3=2.771 | lambda_MMD=0.300
2025-09-29 10:14:12 - Epoch Summary: TrainLoss=1.9544 | TrainAcc=0.624 | Val(P3)=0.686 | Val(AVO)=0.600
2025-09-29 10:14:12 - New best P3-val; checkpoint updated
2025-09-29 10:14:12 - Epoch 7/500 | LR=0.009996 | w_AVO=1.000 | w_P3=2.771 | lambda_MMD=0.300
2025-09-29 10:14:12 - Epoch Summary: TrainLoss=1.8884 | TrainAcc=0.627 | Val(P3)=0.629 | Val(AVO)=0.600
2025-09-29 10:14:12 - No P3-val improvement; patience remaining: 49/50
2025-09-29 10:14:12 - Epoch 8/500 | LR=0.009995 | w_AVO=1.000 | w_P3=2.771 | lambda_MMD=0.300
2025-09-29 10:14:12 - Epoch Summary: TrainLoss=1.7826 | TrainAcc=0.616 | Val(P3)=0.543 | Val(AVO)=0.619
2025-09-29 10:14:12 - No P3-val improvement; patience remaining: 48/50
2025-09-29 10:14:12 - P3 val decreasing 3x. Reducing w_small to 2.217, lambda_MMD to 0.150
2025-09-29 10:14:12 - Epoch 9/500 | LR=0.009994 | w_AVO=1.000 | w_P3=2.217 | lambda_MMD=0.150
2025-09-29 10:14:12 - Epoch Summary: TrainLoss=1.5559 | TrainAcc=0.622 | Val(P3)=0.571 | Val(AVO)=0.610
2025-09-29 10:14:12 - No P3-val improvement; patience remaining: 47/50
2025-09-29 10:14:12 - Epoch 10/500 | LR=0.009992 | w_AVO=1.000 | w_P3=2.771 | lambda_MMD=0.300
2025-09-29 10:14:13 - Epoch Summary: TrainLoss=1.7127 | TrainAcc=0.624 | Val(P3)=0.571 | Val(AVO)=0.613
2025-09-29 10:14:13 - No P3-val improvement; patience remaining: 46/50
2025-09-29 10:14:13 - Epoch 11/500 | LR=0.009990 | w_AVO=1.000 | w_P3=2.771 | lambda_MMD=0.300
2025-09-29 10:14:13 - Epoch Summary: TrainLoss=1.6677 | TrainAcc=0.626 | Val(P3)=0.571 | Val(AVO)=0.603
2025-09-29 10:14:13 - No P3-val improvement; patience remaining: 45/50
2025-09-29 10:14:13 - Epoch 12/500 | LR=0.009988 | w_AVO=1.000 | w_P3=2.771 | lambda_MMD=0.300
2025-09-29 10:14:13 - Epoch Summary: TrainLoss=1.6219 | TrainAcc=0.629 | Val(P3)=0.600 | Val(AVO)=0.581
2025-09-29 10:14:13 - No P3-val improvement; patience remaining: 44/50
2025-09-29 10:14:13 - AVO val decreasing 3x. Reducing lambda_MMD to 0.210
2025-09-29 10:14:13 - Epoch 13/500 | LR=0.009986 | w_AVO=1.000 | w_P3=2.771 | lambda_MMD=0.210
2025-09-29 10:14:13 - Epoch Summary: TrainLoss=1.5414 | TrainAcc=0.624 | Val(P3)=0.600 | Val(AVO)=0.590
2025-09-29 10:14:13 - No P3-val improvement; patience remaining: 43/50
2025-09-29 10:14:13 - Epoch 14/500 | LR=0.009983 | w_AVO=1.000 | w_P3=2.771 | lambda_MMD=0.300
2025-09-29 10:14:13 - Epoch Summary: TrainLoss=1.5349 | TrainAcc=0.637 | Val(P3)=0.600 | Val(AVO)=0.603
2025-09-29 10:14:13 - No P3-val improvement; patience remaining: 42/50
2025-09-29 10:14:13 - Epoch 15/500 | LR=0.009981 | w_AVO=1.000 | w_P3=2.771 | lambda_MMD=0.300
2025-09-29 10:14:13 - Epoch Summary: TrainLoss=1.5422 | TrainAcc=0.634 | Val(P3)=0.629 | Val(AVO)=0.619
2025-09-29 10:14:13 - No P3-val improvement; patience remaining: 41/50
2025-09-29 10:14:13 - Epoch 16/500 | LR=0.009978 | w_AVO=1.000 | w_P3=2.771 | lambda_MMD=0.300
2025-09-29 10:14:13 - Epoch Summary: TrainLoss=1.4826 | TrainAcc=0.638 | Val(P3)=0.571 | Val(AVO)=0.623
2025-09-29 10:14:13 - No P3-val improvement; patience remaining: 40/50
2025-09-29 10:14:13 - Epoch 17/500 | LR=0.009975 | w_AVO=1.000 | w_P3=2.771 | lambda_MMD=0.300
2025-09-29 10:14:13 - Epoch Summary: TrainLoss=1.4477 | TrainAcc=0.627 | Val(P3)=0.600 | Val(AVO)=0.590
2025-09-29 10:14:13 - No P3-val improvement; patience remaining: 39/50
2025-09-29 10:14:13 - Epoch 18/500 | LR=0.009972 | w_AVO=1.000 | w_P3=2.771 | lambda_MMD=0.300
2025-09-29 10:14:14 - Epoch Summary: TrainLoss=1.4330 | TrainAcc=0.649 | Val(P3)=0.600 | Val(AVO)=0.613
2025-09-29 10:14:14 - No P3-val improvement; patience remaining: 38/50
2025-09-29 10:14:14 - Epoch 19/500 | LR=0.009968 | w_AVO=1.000 | w_P3=2.771 | lambda_MMD=0.300
2025-09-29 10:14:14 - Epoch Summary: TrainLoss=1.4197 | TrainAcc=0.622 | Val(P3)=0.600 | Val(AVO)=0.610
2025-09-29 10:14:14 - No P3-val improvement; patience remaining: 37/50
2025-09-29 10:14:14 - Epoch 20/500 | LR=0.009964 | w_AVO=1.000 | w_P3=2.771 | lambda_MMD=0.300
2025-09-29 10:14:14 - Epoch Summary: TrainLoss=1.4080 | TrainAcc=0.636 | Val(P3)=0.629 | Val(AVO)=0.613
2025-09-29 10:14:14 - No P3-val improvement; patience remaining: 36/50
2025-09-29 10:14:14 - Epoch 21/500 | LR=0.009961 | w_AVO=1.000 | w_P3=2.771 | lambda_MMD=0.300
2025-09-29 10:14:14 - Epoch Summary: TrainLoss=1.4482 | TrainAcc=0.640 | Val(P3)=0.571 | Val(AVO)=0.590
2025-09-29 10:14:14 - No P3-val improvement; patience remaining: 35/50
2025-09-29 10:14:14 - Epoch 22/500 | LR=0.009957 | w_AVO=1.000 | w_P3=2.771 | lambda_MMD=0.300
2025-09-29 10:14:14 - Epoch Summary: TrainLoss=1.3492 | TrainAcc=0.637 | Val(P3)=0.600 | Val(AVO)=0.642
2025-09-29 10:14:14 - No P3-val improvement; patience remaining: 34/50
2025-09-29 10:14:14 - Epoch 23/500 | LR=0.009952 | w_AVO=1.000 | w_P3=2.771 | lambda_MMD=0.300
2025-09-29 10:14:14 - Epoch Summary: TrainLoss=1.3927 | TrainAcc=0.642 | Val(P3)=0.629 | Val(AVO)=0.577
2025-09-29 10:14:14 - No P3-val improvement; patience remaining: 33/50
2025-09-29 10:14:14 - Epoch 24/500 | LR=0.009948 | w_AVO=1.000 | w_P3=2.771 | lambda_MMD=0.300
2025-09-29 10:14:14 - Epoch Summary: TrainLoss=1.3662 | TrainAcc=0.647 | Val(P3)=0.457 | Val(AVO)=0.623
2025-09-29 10:14:14 - No P3-val improvement; patience remaining: 32/50
2025-09-29 10:14:14 - Epoch 25/500 | LR=0.009943 | w_AVO=1.000 | w_P3=2.771 | lambda_MMD=0.300
2025-09-29 10:14:14 - Epoch Summary: TrainLoss=1.3500 | TrainAcc=0.636 | Val(P3)=0.543 | Val(AVO)=0.584
2025-09-29 10:14:14 - No P3-val improvement; patience remaining: 31/50
2025-09-29 10:14:14 - Epoch 26/500 | LR=0.009938 | w_AVO=1.000 | w_P3=2.771 | lambda_MMD=0.300
2025-09-29 10:14:15 - Epoch Summary: TrainLoss=1.2988 | TrainAcc=0.648 | Val(P3)=0.629 | Val(AVO)=0.632
2025-09-29 10:14:15 - No P3-val improvement; patience remaining: 30/50
2025-09-29 10:14:15 - Epoch 27/500 | LR=0.009933 | w_AVO=1.000 | w_P3=2.771 | lambda_MMD=0.300
2025-09-29 10:14:15 - Epoch Summary: TrainLoss=1.2688 | TrainAcc=0.665 | Val(P3)=0.543 | Val(AVO)=0.626
2025-09-29 10:14:15 - No P3-val improvement; patience remaining: 29/50
2025-09-29 10:14:15 - Epoch 28/500 | LR=0.009928 | w_AVO=1.000 | w_P3=2.771 | lambda_MMD=0.300
2025-09-29 10:14:15 - Epoch Summary: TrainLoss=1.2886 | TrainAcc=0.654 | Val(P3)=0.486 | Val(AVO)=0.639
2025-09-29 10:14:15 - No P3-val improvement; patience remaining: 28/50
2025-09-29 10:14:15 - P3 val decreasing 3x. Reducing w_small to 2.217, lambda_MMD to 0.150
2025-09-29 10:14:15 - Epoch 29/500 | LR=0.009923 | w_AVO=1.000 | w_P3=2.217 | lambda_MMD=0.150
2025-09-29 10:14:15 - Epoch Summary: TrainLoss=1.1706 | TrainAcc=0.650 | Val(P3)=0.514 | Val(AVO)=0.600
2025-09-29 10:14:15 - No P3-val improvement; patience remaining: 27/50
2025-09-29 10:14:15 - Epoch 30/500 | LR=0.009917 | w_AVO=1.000 | w_P3=2.771 | lambda_MMD=0.300
2025-09-29 10:14:15 - Epoch Summary: TrainLoss=1.2688 | TrainAcc=0.665 | Val(P3)=0.571 | Val(AVO)=0.616
2025-09-29 10:14:15 - No P3-val improvement; patience remaining: 26/50
2025-09-29 10:14:15 - Epoch 31/500 | LR=0.009911 | w_AVO=1.000 | w_P3=2.771 | lambda_MMD=0.300
2025-09-29 10:14:15 - Epoch Summary: TrainLoss=1.2835 | TrainAcc=0.661 | Val(P3)=0.429 | Val(AVO)=0.648
2025-09-29 10:14:15 - No P3-val improvement; patience remaining: 25/50
2025-09-29 10:14:15 - Epoch 32/500 | LR=0.009905 | w_AVO=1.000 | w_P3=2.771 | lambda_MMD=0.300
2025-09-29 10:14:15 - Epoch Summary: TrainLoss=1.2742 | TrainAcc=0.649 | Val(P3)=0.514 | Val(AVO)=0.655
2025-09-29 10:14:15 - No P3-val improvement; patience remaining: 24/50
2025-09-29 10:14:15 - Epoch 33/500 | LR=0.009899 | w_AVO=1.000 | w_P3=2.771 | lambda_MMD=0.300
2025-09-29 10:14:16 - Epoch Summary: TrainLoss=1.2562 | TrainAcc=0.658 | Val(P3)=0.571 | Val(AVO)=0.635
2025-09-29 10:14:16 - No P3-val improvement; patience remaining: 23/50
2025-09-29 10:14:16 - Epoch 34/500 | LR=0.009893 | w_AVO=1.000 | w_P3=2.771 | lambda_MMD=0.300
2025-09-29 10:14:16 - Epoch Summary: TrainLoss=1.2680 | TrainAcc=0.661 | Val(P3)=0.514 | Val(AVO)=0.594
2025-09-29 10:14:16 - No P3-val improvement; patience remaining: 22/50
2025-09-29 10:14:16 - AVO val decreasing 3x. Reducing lambda_MMD to 0.210
2025-09-29 10:14:16 - Epoch 35/500 | LR=0.009886 | w_AVO=1.000 | w_P3=2.771 | lambda_MMD=0.210
2025-09-29 10:14:16 - Epoch Summary: TrainLoss=1.2914 | TrainAcc=0.655 | Val(P3)=0.486 | Val(AVO)=0.642
2025-09-29 10:14:16 - No P3-val improvement; patience remaining: 21/50
2025-09-29 10:14:16 - P3 val decreasing 3x. Reducing w_small to 2.217, lambda_MMD to 0.150
2025-09-29 10:14:16 - Epoch 36/500 | LR=0.009880 | w_AVO=1.000 | w_P3=2.217 | lambda_MMD=0.150
2025-09-29 10:14:16 - Epoch Summary: TrainLoss=1.1421 | TrainAcc=0.652 | Val(P3)=0.486 | Val(AVO)=0.610
2025-09-29 10:14:16 - No P3-val improvement; patience remaining: 20/50
2025-09-29 10:14:16 - Epoch 37/500 | LR=0.009873 | w_AVO=1.000 | w_P3=2.771 | lambda_MMD=0.300
2025-09-29 10:14:16 - Epoch Summary: TrainLoss=1.1807 | TrainAcc=0.655 | Val(P3)=0.571 | Val(AVO)=0.590
2025-09-29 10:14:16 - No P3-val improvement; patience remaining: 19/50
2025-09-29 10:14:16 - AVO val decreasing 3x. Reducing lambda_MMD to 0.210
2025-09-29 10:14:16 - Epoch 38/500 | LR=0.009865 | w_AVO=1.000 | w_P3=2.771 | lambda_MMD=0.210
2025-09-29 10:14:16 - Epoch Summary: TrainLoss=1.2028 | TrainAcc=0.665 | Val(P3)=0.543 | Val(AVO)=0.571
2025-09-29 10:14:16 - No P3-val improvement; patience remaining: 18/50
2025-09-29 10:14:16 - AVO val decreasing 3x. Reducing lambda_MMD to 0.210
2025-09-29 10:14:16 - Epoch 39/500 | LR=0.009858 | w_AVO=1.000 | w_P3=2.771 | lambda_MMD=0.210
2025-09-29 10:14:16 - Epoch Summary: TrainLoss=1.2358 | TrainAcc=0.655 | Val(P3)=0.514 | Val(AVO)=0.610
2025-09-29 10:14:16 - No P3-val improvement; patience remaining: 17/50
2025-09-29 10:14:16 - P3 val decreasing 3x. Reducing w_small to 2.217, lambda_MMD to 0.150
2025-09-29 10:14:16 - Epoch 40/500 | LR=0.009851 | w_AVO=1.000 | w_P3=2.217 | lambda_MMD=0.150
2025-09-29 10:14:17 - Epoch Summary: TrainLoss=1.1177 | TrainAcc=0.661 | Val(P3)=0.486 | Val(AVO)=0.590
2025-09-29 10:14:17 - No P3-val improvement; patience remaining: 16/50
2025-09-29 10:14:17 - P3 val decreasing 3x. Reducing w_small to 2.217, lambda_MMD to 0.150
2025-09-29 10:14:17 - Epoch 41/500 | LR=0.009843 | w_AVO=1.000 | w_P3=2.217 | lambda_MMD=0.150
2025-09-29 10:14:17 - Epoch Summary: TrainLoss=1.1677 | TrainAcc=0.642 | Val(P3)=0.514 | Val(AVO)=0.648
2025-09-29 10:14:17 - No P3-val improvement; patience remaining: 15/50
2025-09-29 10:14:17 - Epoch 42/500 | LR=0.009835 | w_AVO=1.000 | w_P3=2.771 | lambda_MMD=0.300
2025-09-29 10:14:17 - Epoch Summary: TrainLoss=1.2477 | TrainAcc=0.644 | Val(P3)=0.486 | Val(AVO)=0.616
2025-09-29 10:14:17 - No P3-val improvement; patience remaining: 14/50
2025-09-29 10:14:17 - Epoch 43/500 | LR=0.009827 | w_AVO=1.000 | w_P3=2.771 | lambda_MMD=0.300
2025-09-29 10:14:17 - Epoch Summary: TrainLoss=1.2731 | TrainAcc=0.655 | Val(P3)=0.486 | Val(AVO)=0.665
2025-09-29 10:14:17 - No P3-val improvement; patience remaining: 13/50
2025-09-29 10:14:17 - Epoch 44/500 | LR=0.009819 | w_AVO=1.000 | w_P3=2.771 | lambda_MMD=0.300
2025-09-29 10:14:17 - Epoch Summary: TrainLoss=1.2354 | TrainAcc=0.664 | Val(P3)=0.486 | Val(AVO)=0.613
2025-09-29 10:14:17 - No P3-val improvement; patience remaining: 12/50
2025-09-29 10:14:17 - Epoch 45/500 | LR=0.009810 | w_AVO=1.000 | w_P3=2.771 | lambda_MMD=0.300
2025-09-29 10:14:17 - Epoch Summary: TrainLoss=1.2823 | TrainAcc=0.643 | Val(P3)=0.457 | Val(AVO)=0.626
2025-09-29 10:14:17 - No P3-val improvement; patience remaining: 11/50
2025-09-29 10:14:17 - Epoch 46/500 | LR=0.009801 | w_AVO=1.000 | w_P3=2.771 | lambda_MMD=0.300
2025-09-29 10:14:17 - Epoch Summary: TrainLoss=1.2020 | TrainAcc=0.658 | Val(P3)=0.543 | Val(AVO)=0.571
2025-09-29 10:14:17 - No P3-val improvement; patience remaining: 10/50
2025-09-29 10:14:17 - Epoch 47/500 | LR=0.009793 | w_AVO=1.000 | w_P3=2.771 | lambda_MMD=0.300
2025-09-29 10:14:17 - Epoch Summary: TrainLoss=1.2196 | TrainAcc=0.646 | Val(P3)=0.543 | Val(AVO)=0.655
2025-09-29 10:14:17 - No P3-val improvement; patience remaining: 9/50
2025-09-29 10:14:17 - Epoch 48/500 | LR=0.009784 | w_AVO=1.000 | w_P3=2.771 | lambda_MMD=0.300
2025-09-29 10:14:18 - Epoch Summary: TrainLoss=1.1696 | TrainAcc=0.667 | Val(P3)=0.486 | Val(AVO)=0.613
2025-09-29 10:14:18 - No P3-val improvement; patience remaining: 8/50
2025-09-29 10:14:18 - Epoch 49/500 | LR=0.009774 | w_AVO=1.000 | w_P3=2.771 | lambda_MMD=0.300
2025-09-29 10:14:18 - Epoch Summary: TrainLoss=1.2315 | TrainAcc=0.655 | Val(P3)=0.486 | Val(AVO)=0.603
2025-09-29 10:14:18 - No P3-val improvement; patience remaining: 7/50
2025-09-29 10:14:18 - AVO val decreasing 3x. Reducing lambda_MMD to 0.210
2025-09-29 10:14:18 - Epoch 50/500 | LR=0.009765 | w_AVO=1.000 | w_P3=2.771 | lambda_MMD=0.210
2025-09-29 10:14:18 - Epoch Summary: TrainLoss=1.2188 | TrainAcc=0.658 | Val(P3)=0.543 | Val(AVO)=0.632
2025-09-29 10:14:18 - No P3-val improvement; patience remaining: 6/50
2025-09-29 10:14:18 - Epoch 51/500 | LR=0.009755 | w_AVO=1.000 | w_P3=2.771 | lambda_MMD=0.300
2025-09-29 10:14:18 - Epoch Summary: TrainLoss=1.1839 | TrainAcc=0.666 | Val(P3)=0.514 | Val(AVO)=0.635
2025-09-29 10:14:18 - No P3-val improvement; patience remaining: 5/50
2025-09-29 10:14:18 - Epoch 52/500 | LR=0.009745 | w_AVO=1.000 | w_P3=2.771 | lambda_MMD=0.300
2025-09-29 10:14:18 - Epoch Summary: TrainLoss=1.1775 | TrainAcc=0.673 | Val(P3)=0.600 | Val(AVO)=0.613
2025-09-29 10:14:18 - No P3-val improvement; patience remaining: 4/50
2025-09-29 10:14:18 - Epoch 53/500 | LR=0.009735 | w_AVO=1.000 | w_P3=2.771 | lambda_MMD=0.300
2025-09-29 10:14:18 - Epoch Summary: TrainLoss=1.1841 | TrainAcc=0.659 | Val(P3)=0.514 | Val(AVO)=0.574
2025-09-29 10:14:18 - No P3-val improvement; patience remaining: 3/50
2025-09-29 10:14:18 - AVO val decreasing 3x. Reducing lambda_MMD to 0.210
2025-09-29 10:14:18 - Epoch 54/500 | LR=0.009725 | w_AVO=1.000 | w_P3=2.771 | lambda_MMD=0.210
2025-09-29 10:14:18 - Epoch Summary: TrainLoss=1.1020 | TrainAcc=0.655 | Val(P3)=0.429 | Val(AVO)=0.652
2025-09-29 10:14:18 - No P3-val improvement; patience remaining: 2/50
2025-09-29 10:14:18 - P3 val decreasing 3x. Reducing w_small to 2.217, lambda_MMD to 0.150
2025-09-29 10:14:18 - Epoch 55/500 | LR=0.009715 | w_AVO=1.000 | w_P3=2.217 | lambda_MMD=0.150
2025-09-29 10:14:19 - Epoch Summary: TrainLoss=1.0602 | TrainAcc=0.667 | Val(P3)=0.429 | Val(AVO)=0.616
2025-09-29 10:14:19 - No P3-val improvement; patience remaining: 1/50
2025-09-29 10:14:19 - Epoch 56/500 | LR=0.009704 | w_AVO=1.000 | w_P3=2.771 | lambda_MMD=0.300
2025-09-29 10:14:19 - Epoch Summary: TrainLoss=1.1374 | TrainAcc=0.671 | Val(P3)=0.543 | Val(AVO)=0.623
2025-09-29 10:14:19 - No P3-val improvement; patience remaining: 0/50
2025-09-29 10:14:19 - Early stopping triggered (P3-val)
2025-09-29 10:14:19 -     P3 Test | Acc=0.6092 P=0.7500 R=0.5556 F1=0.6383 AUC=0.6459 (n=87)
2025-09-29 10:14:19 -     AVO Test | Acc=0.6534 P=0.7158 R=0.4674 F1=0.5655 AUC=0.7644 (n=603)
2025-09-29 10:14:19 -     Overall Test Acc=0.6478
2025-09-29 10:14:19 -   Fold 3/5
2025-09-29 10:14:19 - Fold domains: small=P3 (n=291), large=AVO (n=2122)
2025-09-29 10:14:19 - Auto adjustments (symmetric): w_small≈1.000, lambda_MMD_target=0.300, warmup_epochs=5
2025-09-29 10:14:19 - Epoch 1/500 | LR=0.010000 | w_AVO=1.000 | w_P3=1.340 | lambda_MMD=0.060
2025-09-29 10:14:19 - Epoch Summary: TrainLoss=1.8498 | TrainAcc=0.549 | Val(P3)=0.618 | Val(AVO)=0.572
2025-09-29 10:14:19 - New best P3-val; checkpoint updated
2025-09-29 10:14:19 - Epoch 2/500 | LR=0.010000 | w_AVO=1.000 | w_P3=1.680 | lambda_MMD=0.120
2025-09-29 10:14:19 - Epoch Summary: TrainLoss=1.7271 | TrainAcc=0.583 | Val(P3)=0.588 | Val(AVO)=0.576
2025-09-29 10:14:19 - No P3-val improvement; patience remaining: 49/50
2025-09-29 10:14:19 - Epoch 3/500 | LR=0.010000 | w_AVO=1.000 | w_P3=2.020 | lambda_MMD=0.180
2025-09-29 10:14:19 - Epoch Summary: TrainLoss=1.7777 | TrainAcc=0.614 | Val(P3)=0.618 | Val(AVO)=0.605
2025-09-29 10:14:19 - No P3-val improvement; patience remaining: 48/50
2025-09-29 10:14:19 - Epoch 4/500 | LR=0.009999 | w_AVO=1.000 | w_P3=2.360 | lambda_MMD=0.240
2025-09-29 10:14:19 - Epoch Summary: TrainLoss=1.8427 | TrainAcc=0.615 | Val(P3)=0.618 | Val(AVO)=0.608
2025-09-29 10:14:19 - No P3-val improvement; patience remaining: 47/50
2025-09-29 10:14:19 - Epoch 5/500 | LR=0.009998 | w_AVO=1.000 | w_P3=2.700 | lambda_MMD=0.300
2025-09-29 10:14:19 - Epoch Summary: TrainLoss=1.9466 | TrainAcc=0.626 | Val(P3)=0.588 | Val(AVO)=0.563
2025-09-29 10:14:19 - No P3-val improvement; patience remaining: 46/50
2025-09-29 10:14:19 - Epoch 6/500 | LR=0.009998 | w_AVO=1.000 | w_P3=2.700 | lambda_MMD=0.300
2025-09-29 10:14:20 - Epoch Summary: TrainLoss=1.8831 | TrainAcc=0.628 | Val(P3)=0.588 | Val(AVO)=0.576
2025-09-29 10:14:20 - No P3-val improvement; patience remaining: 45/50
2025-09-29 10:14:20 - Epoch 7/500 | LR=0.009996 | w_AVO=1.000 | w_P3=2.700 | lambda_MMD=0.300
2025-09-29 10:14:20 - Epoch Summary: TrainLoss=1.8892 | TrainAcc=0.622 | Val(P3)=0.529 | Val(AVO)=0.569
2025-09-29 10:14:20 - No P3-val improvement; patience remaining: 44/50
2025-09-29 10:14:20 - Epoch 8/500 | LR=0.009995 | w_AVO=1.000 | w_P3=2.700 | lambda_MMD=0.300
2025-09-29 10:14:20 - Epoch Summary: TrainLoss=1.7950 | TrainAcc=0.618 | Val(P3)=0.529 | Val(AVO)=0.598
2025-09-29 10:14:20 - No P3-val improvement; patience remaining: 43/50
2025-09-29 10:14:20 - Epoch 9/500 | LR=0.009994 | w_AVO=1.000 | w_P3=2.700 | lambda_MMD=0.300
2025-09-29 10:14:20 - Epoch Summary: TrainLoss=1.8107 | TrainAcc=0.625 | Val(P3)=0.559 | Val(AVO)=0.617
2025-09-29 10:14:20 - No P3-val improvement; patience remaining: 42/50
2025-09-29 10:14:20 - Epoch 10/500 | LR=0.009992 | w_AVO=1.000 | w_P3=2.700 | lambda_MMD=0.300
2025-09-29 10:14:20 - Epoch Summary: TrainLoss=1.6950 | TrainAcc=0.627 | Val(P3)=0.529 | Val(AVO)=0.617
2025-09-29 10:14:20 - No P3-val improvement; patience remaining: 41/50
2025-09-29 10:14:20 - Epoch 11/500 | LR=0.009990 | w_AVO=1.000 | w_P3=2.700 | lambda_MMD=0.300
2025-09-29 10:14:20 - Epoch Summary: TrainLoss=1.6287 | TrainAcc=0.635 | Val(P3)=0.588 | Val(AVO)=0.630
2025-09-29 10:14:20 - No P3-val improvement; patience remaining: 40/50
2025-09-29 10:14:20 - Epoch 12/500 | LR=0.009988 | w_AVO=1.000 | w_P3=2.700 | lambda_MMD=0.300
2025-09-29 10:14:20 - Epoch Summary: TrainLoss=1.6272 | TrainAcc=0.631 | Val(P3)=0.500 | Val(AVO)=0.608
2025-09-29 10:14:20 - No P3-val improvement; patience remaining: 39/50
2025-09-29 10:14:20 - Epoch 13/500 | LR=0.009986 | w_AVO=1.000 | w_P3=2.700 | lambda_MMD=0.300
2025-09-29 10:14:20 - Epoch Summary: TrainLoss=1.5720 | TrainAcc=0.631 | Val(P3)=0.618 | Val(AVO)=0.588
2025-09-29 10:14:20 - No P3-val improvement; patience remaining: 38/50
2025-09-29 10:14:20 - AVO val decreasing 3x. Reducing lambda_MMD to 0.210
2025-09-29 10:14:20 - Epoch 14/500 | LR=0.009983 | w_AVO=1.000 | w_P3=2.700 | lambda_MMD=0.210
2025-09-29 10:14:21 - Epoch Summary: TrainLoss=1.5543 | TrainAcc=0.632 | Val(P3)=0.618 | Val(AVO)=0.614
2025-09-29 10:14:21 - No P3-val improvement; patience remaining: 37/50
2025-09-29 10:14:21 - Epoch 15/500 | LR=0.009981 | w_AVO=1.000 | w_P3=2.700 | lambda_MMD=0.300
2025-09-29 10:14:21 - Epoch Summary: TrainLoss=1.6112 | TrainAcc=0.629 | Val(P3)=0.559 | Val(AVO)=0.646
2025-09-29 10:14:21 - No P3-val improvement; patience remaining: 36/50
2025-09-29 10:14:21 - Epoch 16/500 | LR=0.009978 | w_AVO=1.000 | w_P3=2.700 | lambda_MMD=0.300
2025-09-29 10:14:21 - Epoch Summary: TrainLoss=1.5362 | TrainAcc=0.632 | Val(P3)=0.559 | Val(AVO)=0.630
2025-09-29 10:14:21 - No P3-val improvement; patience remaining: 35/50
2025-09-29 10:14:21 - Epoch 17/500 | LR=0.009975 | w_AVO=1.000 | w_P3=2.700 | lambda_MMD=0.300
2025-09-29 10:14:21 - Epoch Summary: TrainLoss=1.5371 | TrainAcc=0.633 | Val(P3)=0.559 | Val(AVO)=0.617
2025-09-29 10:14:21 - No P3-val improvement; patience remaining: 34/50
2025-09-29 10:14:21 - AVO val decreasing 3x. Reducing lambda_MMD to 0.210
2025-09-29 10:14:21 - Epoch 18/500 | LR=0.009972 | w_AVO=1.000 | w_P3=2.700 | lambda_MMD=0.210
2025-09-29 10:14:21 - Epoch Summary: TrainLoss=1.4671 | TrainAcc=0.638 | Val(P3)=0.618 | Val(AVO)=0.643
2025-09-29 10:14:21 - No P3-val improvement; patience remaining: 33/50
2025-09-29 10:14:21 - Epoch 19/500 | LR=0.009968 | w_AVO=1.000 | w_P3=2.700 | lambda_MMD=0.300
2025-09-29 10:14:21 - Epoch Summary: TrainLoss=1.4786 | TrainAcc=0.640 | Val(P3)=0.559 | Val(AVO)=0.611
2025-09-29 10:14:21 - No P3-val improvement; patience remaining: 32/50
2025-09-29 10:14:21 - Epoch 20/500 | LR=0.009964 | w_AVO=1.000 | w_P3=2.700 | lambda_MMD=0.300
2025-09-29 10:14:21 - Epoch Summary: TrainLoss=1.3946 | TrainAcc=0.649 | Val(P3)=0.529 | Val(AVO)=0.675
2025-09-29 10:14:21 - No P3-val improvement; patience remaining: 31/50
2025-09-29 10:14:21 - P3 val decreasing 3x. Reducing w_small to 2.160, lambda_MMD to 0.150
2025-09-29 10:14:21 - Epoch 21/500 | LR=0.009961 | w_AVO=1.000 | w_P3=2.160 | lambda_MMD=0.150
2025-09-29 10:14:22 - Epoch Summary: TrainLoss=1.2386 | TrainAcc=0.651 | Val(P3)=0.559 | Val(AVO)=0.633
2025-09-29 10:14:22 - No P3-val improvement; patience remaining: 30/50
2025-09-29 10:14:22 - Epoch 22/500 | LR=0.009957 | w_AVO=1.000 | w_P3=2.700 | lambda_MMD=0.300
2025-09-29 10:14:22 - Epoch Summary: TrainLoss=1.3842 | TrainAcc=0.641 | Val(P3)=0.559 | Val(AVO)=0.653
2025-09-29 10:14:22 - No P3-val improvement; patience remaining: 29/50
2025-09-29 10:14:22 - Epoch 23/500 | LR=0.009952 | w_AVO=1.000 | w_P3=2.700 | lambda_MMD=0.300
2025-09-29 10:14:22 - Epoch Summary: TrainLoss=1.3997 | TrainAcc=0.653 | Val(P3)=0.647 | Val(AVO)=0.669
2025-09-29 10:14:22 - New best P3-val; checkpoint updated
2025-09-29 10:14:22 - Epoch 24/500 | LR=0.009948 | w_AVO=1.000 | w_P3=2.700 | lambda_MMD=0.300
2025-09-29 10:14:22 - Epoch Summary: TrainLoss=1.3878 | TrainAcc=0.639 | Val(P3)=0.500 | Val(AVO)=0.656
2025-09-29 10:14:22 - No P3-val improvement; patience remaining: 49/50
2025-09-29 10:14:22 - Epoch 25/500 | LR=0.009943 | w_AVO=1.000 | w_P3=2.700 | lambda_MMD=0.300
2025-09-29 10:14:22 - Epoch Summary: TrainLoss=1.3722 | TrainAcc=0.648 | Val(P3)=0.676 | Val(AVO)=0.646
2025-09-29 10:14:22 - New best P3-val; checkpoint updated
2025-09-29 10:14:22 - AVO val decreasing 3x. Reducing lambda_MMD to 0.210
2025-09-29 10:14:22 - Epoch 26/500 | LR=0.009938 | w_AVO=1.000 | w_P3=2.700 | lambda_MMD=0.210
2025-09-29 10:14:22 - Epoch Summary: TrainLoss=1.3281 | TrainAcc=0.664 | Val(P3)=0.647 | Val(AVO)=0.653
2025-09-29 10:14:22 - No P3-val improvement; patience remaining: 49/50
2025-09-29 10:14:22 - Epoch 27/500 | LR=0.009933 | w_AVO=1.000 | w_P3=2.700 | lambda_MMD=0.300
2025-09-29 10:14:22 - Epoch Summary: TrainLoss=1.3380 | TrainAcc=0.657 | Val(P3)=0.647 | Val(AVO)=0.653
2025-09-29 10:14:22 - No P3-val improvement; patience remaining: 48/50
2025-09-29 10:14:22 - Epoch 28/500 | LR=0.009928 | w_AVO=1.000 | w_P3=2.700 | lambda_MMD=0.300
2025-09-29 10:14:23 - Epoch Summary: TrainLoss=1.3393 | TrainAcc=0.635 | Val(P3)=0.647 | Val(AVO)=0.653
2025-09-29 10:14:23 - No P3-val improvement; patience remaining: 47/50
2025-09-29 10:14:23 - Epoch 29/500 | LR=0.009923 | w_AVO=1.000 | w_P3=2.700 | lambda_MMD=0.300
2025-09-29 10:14:23 - Epoch Summary: TrainLoss=1.3408 | TrainAcc=0.637 | Val(P3)=0.588 | Val(AVO)=0.630
2025-09-29 10:14:23 - No P3-val improvement; patience remaining: 46/50
2025-09-29 10:14:23 - Epoch 30/500 | LR=0.009917 | w_AVO=1.000 | w_P3=2.700 | lambda_MMD=0.300
2025-09-29 10:14:23 - Epoch Summary: TrainLoss=1.3142 | TrainAcc=0.664 | Val(P3)=0.676 | Val(AVO)=0.595
2025-09-29 10:14:23 - No P3-val improvement; patience remaining: 45/50
2025-09-29 10:14:23 - AVO val decreasing 3x. Reducing lambda_MMD to 0.210
2025-09-29 10:14:23 - Epoch 31/500 | LR=0.009911 | w_AVO=1.000 | w_P3=2.700 | lambda_MMD=0.210
2025-09-29 10:14:23 - Epoch Summary: TrainLoss=1.3245 | TrainAcc=0.651 | Val(P3)=0.618 | Val(AVO)=0.637
2025-09-29 10:14:23 - No P3-val improvement; patience remaining: 44/50
2025-09-29 10:14:23 - Epoch 32/500 | LR=0.009905 | w_AVO=1.000 | w_P3=2.700 | lambda_MMD=0.300
2025-09-29 10:14:23 - Epoch Summary: TrainLoss=1.2634 | TrainAcc=0.643 | Val(P3)=0.618 | Val(AVO)=0.659
2025-09-29 10:14:23 - No P3-val improvement; patience remaining: 43/50
2025-09-29 10:14:23 - Epoch 33/500 | LR=0.009899 | w_AVO=1.000 | w_P3=2.700 | lambda_MMD=0.300
2025-09-29 10:14:23 - Epoch Summary: TrainLoss=1.3281 | TrainAcc=0.664 | Val(P3)=0.618 | Val(AVO)=0.643
2025-09-29 10:14:23 - No P3-val improvement; patience remaining: 42/50
2025-09-29 10:14:23 - Epoch 34/500 | LR=0.009893 | w_AVO=1.000 | w_P3=2.700 | lambda_MMD=0.300
2025-09-29 10:14:23 - Epoch Summary: TrainLoss=1.2784 | TrainAcc=0.653 | Val(P3)=0.676 | Val(AVO)=0.646
2025-09-29 10:14:23 - No P3-val improvement; patience remaining: 41/50
2025-09-29 10:14:23 - Epoch 35/500 | LR=0.009886 | w_AVO=1.000 | w_P3=2.700 | lambda_MMD=0.300
2025-09-29 10:14:24 - Epoch Summary: TrainLoss=1.3232 | TrainAcc=0.640 | Val(P3)=0.618 | Val(AVO)=0.682
2025-09-29 10:14:24 - No P3-val improvement; patience remaining: 40/50
2025-09-29 10:14:24 - Epoch 36/500 | LR=0.009880 | w_AVO=1.000 | w_P3=2.700 | lambda_MMD=0.300
2025-09-29 10:14:24 - Epoch Summary: TrainLoss=1.3313 | TrainAcc=0.650 | Val(P3)=0.676 | Val(AVO)=0.662
2025-09-29 10:14:24 - No P3-val improvement; patience remaining: 39/50
2025-09-29 10:14:24 - Epoch 37/500 | LR=0.009873 | w_AVO=1.000 | w_P3=2.700 | lambda_MMD=0.300
2025-09-29 10:14:24 - Epoch Summary: TrainLoss=1.2572 | TrainAcc=0.645 | Val(P3)=0.559 | Val(AVO)=0.656
2025-09-29 10:14:24 - No P3-val improvement; patience remaining: 38/50
2025-09-29 10:14:24 - AVO val decreasing 3x. Reducing lambda_MMD to 0.210
2025-09-29 10:14:24 - Epoch 38/500 | LR=0.009865 | w_AVO=1.000 | w_P3=2.700 | lambda_MMD=0.210
2025-09-29 10:14:24 - Epoch Summary: TrainLoss=1.2211 | TrainAcc=0.665 | Val(P3)=0.618 | Val(AVO)=0.666
2025-09-29 10:14:24 - No P3-val improvement; patience remaining: 37/50
2025-09-29 10:14:24 - Epoch 39/500 | LR=0.009858 | w_AVO=1.000 | w_P3=2.700 | lambda_MMD=0.300
2025-09-29 10:14:24 - Epoch Summary: TrainLoss=1.2571 | TrainAcc=0.663 | Val(P3)=0.647 | Val(AVO)=0.675
2025-09-29 10:14:24 - No P3-val improvement; patience remaining: 36/50
2025-09-29 10:14:24 - Epoch 40/500 | LR=0.009851 | w_AVO=1.000 | w_P3=2.700 | lambda_MMD=0.300
2025-09-29 10:14:24 - Epoch Summary: TrainLoss=1.2431 | TrainAcc=0.658 | Val(P3)=0.706 | Val(AVO)=0.637
2025-09-29 10:14:24 - New best P3-val; checkpoint updated
2025-09-29 10:14:24 - Epoch 41/500 | LR=0.009843 | w_AVO=1.000 | w_P3=2.700 | lambda_MMD=0.300
2025-09-29 10:14:24 - Epoch Summary: TrainLoss=1.2509 | TrainAcc=0.655 | Val(P3)=0.588 | Val(AVO)=0.630
2025-09-29 10:14:24 - No P3-val improvement; patience remaining: 49/50
2025-09-29 10:14:24 - AVO val decreasing 3x. Reducing lambda_MMD to 0.210
2025-09-29 10:14:24 - Epoch 42/500 | LR=0.009835 | w_AVO=1.000 | w_P3=2.700 | lambda_MMD=0.210
2025-09-29 10:14:25 - Epoch Summary: TrainLoss=1.2431 | TrainAcc=0.663 | Val(P3)=0.618 | Val(AVO)=0.672
2025-09-29 10:14:25 - No P3-val improvement; patience remaining: 48/50
2025-09-29 10:14:25 - Epoch 43/500 | LR=0.009827 | w_AVO=1.000 | w_P3=2.700 | lambda_MMD=0.300
2025-09-29 10:14:25 - Epoch Summary: TrainLoss=1.2566 | TrainAcc=0.670 | Val(P3)=0.588 | Val(AVO)=0.659
2025-09-29 10:14:25 - No P3-val improvement; patience remaining: 47/50
2025-09-29 10:14:25 - Epoch 44/500 | LR=0.009819 | w_AVO=1.000 | w_P3=2.700 | lambda_MMD=0.300
2025-09-29 10:14:25 - Epoch Summary: TrainLoss=1.2113 | TrainAcc=0.660 | Val(P3)=0.706 | Val(AVO)=0.643
2025-09-29 10:14:25 - No P3-val improvement; patience remaining: 46/50
2025-09-29 10:14:25 - AVO val decreasing 3x. Reducing lambda_MMD to 0.210
2025-09-29 10:14:25 - Epoch 45/500 | LR=0.009810 | w_AVO=1.000 | w_P3=2.700 | lambda_MMD=0.210
2025-09-29 10:14:25 - Epoch Summary: TrainLoss=1.2413 | TrainAcc=0.657 | Val(P3)=0.647 | Val(AVO)=0.637
2025-09-29 10:14:25 - No P3-val improvement; patience remaining: 45/50
2025-09-29 10:14:25 - AVO val decreasing 3x. Reducing lambda_MMD to 0.210
2025-09-29 10:14:25 - Epoch 46/500 | LR=0.009801 | w_AVO=1.000 | w_P3=2.700 | lambda_MMD=0.210
2025-09-29 10:14:25 - Epoch Summary: TrainLoss=1.2039 | TrainAcc=0.654 | Val(P3)=0.588 | Val(AVO)=0.662
2025-09-29 10:14:25 - No P3-val improvement; patience remaining: 44/50
2025-09-29 10:14:25 - P3 val decreasing 3x. Reducing w_small to 2.160, lambda_MMD to 0.150
2025-09-29 10:14:25 - Epoch 47/500 | LR=0.009793 | w_AVO=1.000 | w_P3=2.160 | lambda_MMD=0.150
2025-09-29 10:14:25 - Epoch Summary: TrainLoss=1.1309 | TrainAcc=0.660 | Val(P3)=0.676 | Val(AVO)=0.643
2025-09-29 10:14:25 - No P3-val improvement; patience remaining: 43/50
2025-09-29 10:14:25 - Epoch 48/500 | LR=0.009784 | w_AVO=1.000 | w_P3=2.700 | lambda_MMD=0.300
2025-09-29 10:14:25 - Epoch Summary: TrainLoss=1.1928 | TrainAcc=0.656 | Val(P3)=0.735 | Val(AVO)=0.640
2025-09-29 10:14:25 - New best P3-val; checkpoint updated
2025-09-29 10:14:25 - AVO val decreasing 3x. Reducing lambda_MMD to 0.210
2025-09-29 10:14:25 - Epoch 49/500 | LR=0.009774 | w_AVO=1.000 | w_P3=2.700 | lambda_MMD=0.210
2025-09-29 10:14:26 - Epoch Summary: TrainLoss=1.2886 | TrainAcc=0.656 | Val(P3)=0.647 | Val(AVO)=0.669
2025-09-29 10:14:26 - No P3-val improvement; patience remaining: 49/50
2025-09-29 10:14:26 - Epoch 50/500 | LR=0.009765 | w_AVO=1.000 | w_P3=2.700 | lambda_MMD=0.300
2025-09-29 10:14:26 - Epoch Summary: TrainLoss=1.2063 | TrainAcc=0.651 | Val(P3)=0.618 | Val(AVO)=0.659
2025-09-29 10:14:26 - No P3-val improvement; patience remaining: 48/50
2025-09-29 10:14:26 - P3 val decreasing 3x. Reducing w_small to 2.160, lambda_MMD to 0.150
2025-09-29 10:14:26 - Epoch 51/500 | LR=0.009755 | w_AVO=1.000 | w_P3=2.160 | lambda_MMD=0.150
2025-09-29 10:14:26 - Epoch Summary: TrainLoss=1.0666 | TrainAcc=0.665 | Val(P3)=0.618 | Val(AVO)=0.659
2025-09-29 10:14:26 - No P3-val improvement; patience remaining: 47/50
2025-09-29 10:14:26 - Epoch 52/500 | LR=0.009745 | w_AVO=1.000 | w_P3=2.700 | lambda_MMD=0.300
2025-09-29 10:14:26 - Epoch Summary: TrainLoss=1.2085 | TrainAcc=0.659 | Val(P3)=0.706 | Val(AVO)=0.666
2025-09-29 10:14:26 - No P3-val improvement; patience remaining: 46/50
2025-09-29 10:14:26 - Epoch 53/500 | LR=0.009735 | w_AVO=1.000 | w_P3=2.700 | lambda_MMD=0.300
2025-09-29 10:14:26 - Epoch Summary: TrainLoss=1.1823 | TrainAcc=0.659 | Val(P3)=0.647 | Val(AVO)=0.678
2025-09-29 10:14:26 - No P3-val improvement; patience remaining: 45/50
2025-09-29 10:14:26 - Epoch 54/500 | LR=0.009725 | w_AVO=1.000 | w_P3=2.700 | lambda_MMD=0.300
2025-09-29 10:14:26 - Epoch Summary: TrainLoss=1.1861 | TrainAcc=0.658 | Val(P3)=0.588 | Val(AVO)=0.678
2025-09-29 10:14:26 - No P3-val improvement; patience remaining: 44/50
2025-09-29 10:14:26 - P3 val decreasing 3x. Reducing w_small to 2.160, lambda_MMD to 0.150
2025-09-29 10:14:26 - Epoch 55/500 | LR=0.009715 | w_AVO=1.000 | w_P3=2.160 | lambda_MMD=0.150
2025-09-29 10:14:27 - Epoch Summary: TrainLoss=1.0665 | TrainAcc=0.663 | Val(P3)=0.588 | Val(AVO)=0.637
2025-09-29 10:14:27 - No P3-val improvement; patience remaining: 43/50
2025-09-29 10:14:27 - Epoch 56/500 | LR=0.009704 | w_AVO=1.000 | w_P3=2.700 | lambda_MMD=0.300
2025-09-29 10:14:27 - Epoch Summary: TrainLoss=1.1685 | TrainAcc=0.653 | Val(P3)=0.647 | Val(AVO)=0.630
2025-09-29 10:14:27 - No P3-val improvement; patience remaining: 42/50
2025-09-29 10:14:27 - AVO val decreasing 3x. Reducing lambda_MMD to 0.210
2025-09-29 10:14:27 - Epoch 57/500 | LR=0.009694 | w_AVO=1.000 | w_P3=2.700 | lambda_MMD=0.210
2025-09-29 10:14:27 - Epoch Summary: TrainLoss=1.1633 | TrainAcc=0.671 | Val(P3)=0.618 | Val(AVO)=0.659
2025-09-29 10:14:27 - No P3-val improvement; patience remaining: 41/50
2025-09-29 10:14:27 - Epoch 58/500 | LR=0.009683 | w_AVO=1.000 | w_P3=2.700 | lambda_MMD=0.300
2025-09-29 10:14:27 - Epoch Summary: TrainLoss=1.1279 | TrainAcc=0.662 | Val(P3)=0.559 | Val(AVO)=0.685
2025-09-29 10:14:27 - No P3-val improvement; patience remaining: 40/50
2025-09-29 10:14:27 - P3 val decreasing 3x. Reducing w_small to 2.160, lambda_MMD to 0.150
2025-09-29 10:14:27 - Epoch 59/500 | LR=0.009672 | w_AVO=1.000 | w_P3=2.160 | lambda_MMD=0.150
2025-09-29 10:14:27 - Epoch Summary: TrainLoss=1.1134 | TrainAcc=0.664 | Val(P3)=0.647 | Val(AVO)=0.675
2025-09-29 10:14:27 - No P3-val improvement; patience remaining: 39/50
2025-09-29 10:14:27 - Epoch 60/500 | LR=0.009660 | w_AVO=1.000 | w_P3=2.700 | lambda_MMD=0.300
2025-09-29 10:14:27 - Epoch Summary: TrainLoss=1.1987 | TrainAcc=0.657 | Val(P3)=0.588 | Val(AVO)=0.659
2025-09-29 10:14:27 - No P3-val improvement; patience remaining: 38/50
2025-09-29 10:14:27 - AVO val decreasing 3x. Reducing lambda_MMD to 0.210
2025-09-29 10:14:27 - Epoch 61/500 | LR=0.009649 | w_AVO=1.000 | w_P3=2.700 | lambda_MMD=0.210
2025-09-29 10:14:27 - Epoch Summary: TrainLoss=1.1914 | TrainAcc=0.666 | Val(P3)=0.618 | Val(AVO)=0.672
2025-09-29 10:14:27 - No P3-val improvement; patience remaining: 37/50
2025-09-29 10:14:27 - Epoch 62/500 | LR=0.009637 | w_AVO=1.000 | w_P3=2.700 | lambda_MMD=0.300
2025-09-29 10:14:28 - Epoch Summary: TrainLoss=1.1365 | TrainAcc=0.671 | Val(P3)=0.647 | Val(AVO)=0.672
2025-09-29 10:14:28 - No P3-val improvement; patience remaining: 36/50
2025-09-29 10:14:28 - Epoch 63/500 | LR=0.009625 | w_AVO=1.000 | w_P3=2.700 | lambda_MMD=0.300
2025-09-29 10:14:28 - Epoch Summary: TrainLoss=1.1765 | TrainAcc=0.664 | Val(P3)=0.618 | Val(AVO)=0.653
2025-09-29 10:14:28 - No P3-val improvement; patience remaining: 35/50
2025-09-29 10:14:28 - Epoch 64/500 | LR=0.009613 | w_AVO=1.000 | w_P3=2.700 | lambda_MMD=0.300
2025-09-29 10:14:28 - Epoch Summary: TrainLoss=1.1831 | TrainAcc=0.664 | Val(P3)=0.676 | Val(AVO)=0.666
2025-09-29 10:14:28 - No P3-val improvement; patience remaining: 34/50
2025-09-29 10:14:28 - Epoch 65/500 | LR=0.009601 | w_AVO=1.000 | w_P3=2.700 | lambda_MMD=0.300
2025-09-29 10:14:28 - Epoch Summary: TrainLoss=1.1208 | TrainAcc=0.672 | Val(P3)=0.647 | Val(AVO)=0.678
2025-09-29 10:14:28 - No P3-val improvement; patience remaining: 33/50
2025-09-29 10:14:28 - Epoch 66/500 | LR=0.009589 | w_AVO=1.000 | w_P3=2.700 | lambda_MMD=0.300
2025-09-29 10:14:28 - Epoch Summary: TrainLoss=1.1443 | TrainAcc=0.662 | Val(P3)=0.676 | Val(AVO)=0.653
2025-09-29 10:14:28 - No P3-val improvement; patience remaining: 32/50
2025-09-29 10:14:28 - Epoch 67/500 | LR=0.009576 | w_AVO=1.000 | w_P3=2.700 | lambda_MMD=0.300
2025-09-29 10:14:28 - Epoch Summary: TrainLoss=1.1886 | TrainAcc=0.680 | Val(P3)=0.676 | Val(AVO)=0.646
2025-09-29 10:14:28 - No P3-val improvement; patience remaining: 31/50
2025-09-29 10:14:28 - AVO val decreasing 3x. Reducing lambda_MMD to 0.210
2025-09-29 10:14:28 - Epoch 68/500 | LR=0.009563 | w_AVO=1.000 | w_P3=2.700 | lambda_MMD=0.210
2025-09-29 10:14:28 - Epoch Summary: TrainLoss=1.1441 | TrainAcc=0.666 | Val(P3)=0.618 | Val(AVO)=0.646
2025-09-29 10:14:28 - No P3-val improvement; patience remaining: 30/50
2025-09-29 10:14:28 - Epoch 69/500 | LR=0.009551 | w_AVO=1.000 | w_P3=2.700 | lambda_MMD=0.300
2025-09-29 10:14:29 - Epoch Summary: TrainLoss=1.1729 | TrainAcc=0.675 | Val(P3)=0.647 | Val(AVO)=0.630
2025-09-29 10:14:29 - No P3-val improvement; patience remaining: 29/50
2025-09-29 10:14:29 - Epoch 70/500 | LR=0.009537 | w_AVO=1.000 | w_P3=2.700 | lambda_MMD=0.300
2025-09-29 10:14:29 - Epoch Summary: TrainLoss=1.1100 | TrainAcc=0.677 | Val(P3)=0.618 | Val(AVO)=0.682
2025-09-29 10:14:29 - No P3-val improvement; patience remaining: 28/50
2025-09-29 10:14:29 - Epoch 71/500 | LR=0.009524 | w_AVO=1.000 | w_P3=2.700 | lambda_MMD=0.300
2025-09-29 10:14:29 - Epoch Summary: TrainLoss=1.1339 | TrainAcc=0.654 | Val(P3)=0.676 | Val(AVO)=0.659
2025-09-29 10:14:29 - No P3-val improvement; patience remaining: 27/50
2025-09-29 10:14:29 - Epoch 72/500 | LR=0.009511 | w_AVO=1.000 | w_P3=2.700 | lambda_MMD=0.300
2025-09-29 10:14:29 - Epoch Summary: TrainLoss=1.1357 | TrainAcc=0.674 | Val(P3)=0.618 | Val(AVO)=0.646
2025-09-29 10:14:29 - No P3-val improvement; patience remaining: 26/50
2025-09-29 10:14:29 - AVO val decreasing 3x. Reducing lambda_MMD to 0.210
2025-09-29 10:14:29 - Epoch 73/500 | LR=0.009497 | w_AVO=1.000 | w_P3=2.700 | lambda_MMD=0.210
2025-09-29 10:14:29 - Epoch Summary: TrainLoss=1.1847 | TrainAcc=0.641 | Val(P3)=0.618 | Val(AVO)=0.659
2025-09-29 10:14:29 - No P3-val improvement; patience remaining: 25/50
2025-09-29 10:14:29 - Epoch 74/500 | LR=0.009483 | w_AVO=1.000 | w_P3=2.700 | lambda_MMD=0.300
2025-09-29 10:14:29 - Epoch Summary: TrainLoss=1.1537 | TrainAcc=0.671 | Val(P3)=0.588 | Val(AVO)=0.659
2025-09-29 10:14:29 - No P3-val improvement; patience remaining: 24/50
2025-09-29 10:14:29 - Epoch 75/500 | LR=0.009469 | w_AVO=1.000 | w_P3=2.700 | lambda_MMD=0.300
2025-09-29 10:14:29 - Epoch Summary: TrainLoss=1.1368 | TrainAcc=0.668 | Val(P3)=0.618 | Val(AVO)=0.666
2025-09-29 10:14:29 - No P3-val improvement; patience remaining: 23/50
2025-09-29 10:14:29 - Epoch 76/500 | LR=0.009455 | w_AVO=1.000 | w_P3=2.700 | lambda_MMD=0.300
2025-09-29 10:14:30 - Epoch Summary: TrainLoss=1.1301 | TrainAcc=0.673 | Val(P3)=0.618 | Val(AVO)=0.643
2025-09-29 10:14:30 - No P3-val improvement; patience remaining: 22/50
2025-09-29 10:14:30 - Epoch 77/500 | LR=0.009441 | w_AVO=1.000 | w_P3=2.700 | lambda_MMD=0.300
2025-09-29 10:14:30 - Epoch Summary: TrainLoss=1.0895 | TrainAcc=0.675 | Val(P3)=0.618 | Val(AVO)=0.669
2025-09-29 10:14:30 - No P3-val improvement; patience remaining: 21/50
2025-09-29 10:14:30 - Epoch 78/500 | LR=0.009426 | w_AVO=1.000 | w_P3=2.700 | lambda_MMD=0.300
2025-09-29 10:14:30 - Epoch Summary: TrainLoss=1.1181 | TrainAcc=0.662 | Val(P3)=0.618 | Val(AVO)=0.643
2025-09-29 10:14:30 - No P3-val improvement; patience remaining: 20/50
2025-09-29 10:14:30 - Epoch 79/500 | LR=0.009411 | w_AVO=1.000 | w_P3=2.700 | lambda_MMD=0.300
2025-09-29 10:14:30 - Epoch Summary: TrainLoss=1.1172 | TrainAcc=0.668 | Val(P3)=0.676 | Val(AVO)=0.672
2025-09-29 10:14:30 - No P3-val improvement; patience remaining: 19/50
2025-09-29 10:14:30 - Epoch 80/500 | LR=0.009397 | w_AVO=1.000 | w_P3=2.700 | lambda_MMD=0.300
2025-09-29 10:14:30 - Epoch Summary: TrainLoss=1.1130 | TrainAcc=0.670 | Val(P3)=0.647 | Val(AVO)=0.656
2025-09-29 10:14:30 - No P3-val improvement; patience remaining: 18/50
2025-09-29 10:14:30 - Epoch 81/500 | LR=0.009382 | w_AVO=1.000 | w_P3=2.700 | lambda_MMD=0.300
2025-09-29 10:14:30 - Epoch Summary: TrainLoss=1.1449 | TrainAcc=0.676 | Val(P3)=0.647 | Val(AVO)=0.675
2025-09-29 10:14:30 - No P3-val improvement; patience remaining: 17/50
2025-09-29 10:14:30 - Epoch 82/500 | LR=0.009366 | w_AVO=1.000 | w_P3=2.700 | lambda_MMD=0.300
2025-09-29 10:14:30 - Epoch Summary: TrainLoss=1.1404 | TrainAcc=0.663 | Val(P3)=0.588 | Val(AVO)=0.656
2025-09-29 10:14:30 - No P3-val improvement; patience remaining: 16/50
2025-09-29 10:14:30 - Epoch 83/500 | LR=0.009351 | w_AVO=1.000 | w_P3=2.700 | lambda_MMD=0.300
2025-09-29 10:14:31 - Epoch Summary: TrainLoss=1.1148 | TrainAcc=0.661 | Val(P3)=0.618 | Val(AVO)=0.691
2025-09-29 10:14:31 - No P3-val improvement; patience remaining: 15/50
2025-09-29 10:14:31 - Epoch 84/500 | LR=0.009335 | w_AVO=1.000 | w_P3=2.700 | lambda_MMD=0.300
2025-09-29 10:14:31 - Epoch Summary: TrainLoss=1.1156 | TrainAcc=0.660 | Val(P3)=0.647 | Val(AVO)=0.688
2025-09-29 10:14:31 - No P3-val improvement; patience remaining: 14/50
2025-09-29 10:14:31 - Epoch 85/500 | LR=0.009320 | w_AVO=1.000 | w_P3=2.700 | lambda_MMD=0.300
2025-09-29 10:14:31 - Epoch Summary: TrainLoss=1.0841 | TrainAcc=0.673 | Val(P3)=0.706 | Val(AVO)=0.659
2025-09-29 10:14:31 - No P3-val improvement; patience remaining: 13/50
2025-09-29 10:14:31 - AVO val decreasing 3x. Reducing lambda_MMD to 0.210
2025-09-29 10:14:31 - Epoch 86/500 | LR=0.009304 | w_AVO=1.000 | w_P3=2.700 | lambda_MMD=0.210
2025-09-29 10:14:31 - Epoch Summary: TrainLoss=1.0915 | TrainAcc=0.682 | Val(P3)=0.618 | Val(AVO)=0.678
2025-09-29 10:14:31 - No P3-val improvement; patience remaining: 12/50
2025-09-29 10:14:31 - Epoch 87/500 | LR=0.009288 | w_AVO=1.000 | w_P3=2.700 | lambda_MMD=0.300
2025-09-29 10:14:31 - Epoch Summary: TrainLoss=1.1214 | TrainAcc=0.674 | Val(P3)=0.676 | Val(AVO)=0.666
2025-09-29 10:14:31 - No P3-val improvement; patience remaining: 11/50
2025-09-29 10:14:31 - Epoch 88/500 | LR=0.009271 | w_AVO=1.000 | w_P3=2.700 | lambda_MMD=0.300
2025-09-29 10:14:31 - Epoch Summary: TrainLoss=1.1278 | TrainAcc=0.674 | Val(P3)=0.588 | Val(AVO)=0.637
2025-09-29 10:14:31 - No P3-val improvement; patience remaining: 10/50
2025-09-29 10:14:31 - AVO val decreasing 3x. Reducing lambda_MMD to 0.210
2025-09-29 10:14:31 - Epoch 89/500 | LR=0.009255 | w_AVO=1.000 | w_P3=2.700 | lambda_MMD=0.210
2025-09-29 10:14:31 - Epoch Summary: TrainLoss=1.0808 | TrainAcc=0.685 | Val(P3)=0.618 | Val(AVO)=0.669
2025-09-29 10:14:31 - No P3-val improvement; patience remaining: 9/50
2025-09-29 10:14:31 - Epoch 90/500 | LR=0.009238 | w_AVO=1.000 | w_P3=2.700 | lambda_MMD=0.300
2025-09-29 10:14:32 - Epoch Summary: TrainLoss=1.1148 | TrainAcc=0.668 | Val(P3)=0.676 | Val(AVO)=0.669
2025-09-29 10:14:32 - No P3-val improvement; patience remaining: 8/50
2025-09-29 10:14:32 - Epoch 91/500 | LR=0.009222 | w_AVO=1.000 | w_P3=2.700 | lambda_MMD=0.300
2025-09-29 10:14:32 - Epoch Summary: TrainLoss=1.0765 | TrainAcc=0.671 | Val(P3)=0.647 | Val(AVO)=0.685
2025-09-29 10:14:32 - No P3-val improvement; patience remaining: 7/50
2025-09-29 10:14:32 - Epoch 92/500 | LR=0.009205 | w_AVO=1.000 | w_P3=2.700 | lambda_MMD=0.300
2025-09-29 10:14:32 - Epoch Summary: TrainLoss=1.0632 | TrainAcc=0.682 | Val(P3)=0.618 | Val(AVO)=0.698
2025-09-29 10:14:32 - No P3-val improvement; patience remaining: 6/50
2025-09-29 10:14:32 - P3 val decreasing 3x. Reducing w_small to 2.160, lambda_MMD to 0.150
2025-09-29 10:14:32 - Epoch 93/500 | LR=0.009188 | w_AVO=1.000 | w_P3=2.160 | lambda_MMD=0.150
2025-09-29 10:14:32 - Epoch Summary: TrainLoss=1.0073 | TrainAcc=0.680 | Val(P3)=0.618 | Val(AVO)=0.650
2025-09-29 10:14:32 - No P3-val improvement; patience remaining: 5/50
2025-09-29 10:14:32 - Epoch 94/500 | LR=0.009170 | w_AVO=1.000 | w_P3=2.700 | lambda_MMD=0.300
2025-09-29 10:14:32 - Epoch Summary: TrainLoss=1.0694 | TrainAcc=0.682 | Val(P3)=0.647 | Val(AVO)=0.640
2025-09-29 10:14:32 - No P3-val improvement; patience remaining: 4/50
2025-09-29 10:14:32 - AVO val decreasing 3x. Reducing lambda_MMD to 0.210
2025-09-29 10:14:32 - Epoch 95/500 | LR=0.009153 | w_AVO=1.000 | w_P3=2.700 | lambda_MMD=0.210
2025-09-29 10:14:32 - Epoch Summary: TrainLoss=1.0943 | TrainAcc=0.673 | Val(P3)=0.618 | Val(AVO)=0.669
2025-09-29 10:14:32 - No P3-val improvement; patience remaining: 3/50
2025-09-29 10:14:32 - Epoch 96/500 | LR=0.009135 | w_AVO=1.000 | w_P3=2.700 | lambda_MMD=0.300
2025-09-29 10:14:32 - Epoch Summary: TrainLoss=1.0807 | TrainAcc=0.672 | Val(P3)=0.647 | Val(AVO)=0.669
2025-09-29 10:14:32 - No P3-val improvement; patience remaining: 2/50
2025-09-29 10:14:32 - Epoch 97/500 | LR=0.009118 | w_AVO=1.000 | w_P3=2.700 | lambda_MMD=0.300
2025-09-29 10:14:33 - Epoch Summary: TrainLoss=1.0877 | TrainAcc=0.664 | Val(P3)=0.618 | Val(AVO)=0.691
2025-09-29 10:14:33 - No P3-val improvement; patience remaining: 1/50
2025-09-29 10:14:33 - Epoch 98/500 | LR=0.009100 | w_AVO=1.000 | w_P3=2.700 | lambda_MMD=0.300
2025-09-29 10:14:33 - Epoch Summary: TrainLoss=1.1049 | TrainAcc=0.685 | Val(P3)=0.618 | Val(AVO)=0.646
2025-09-29 10:14:33 - No P3-val improvement; patience remaining: 0/50
2025-09-29 10:14:33 - Early stopping triggered (P3-val)
2025-09-29 10:14:33 -     P3 Test | Acc=0.6667 P=0.5814 R=0.7812 F1=0.6667 AUC=0.7122 (n=75)
2025-09-29 10:14:33 -     AVO Test | Acc=0.6358 P=0.6630 R=0.5783 F1=0.6177 AUC=0.7015 (n=615)
2025-09-29 10:14:33 -     Overall Test Acc=0.6391
2025-09-29 10:14:33 -   Fold 4/5
2025-09-29 10:14:33 - Fold domains: small=P3 (n=285), large=AVO (n=2129)
2025-09-29 10:14:33 - Auto adjustments (symmetric): w_small≈1.000, lambda_MMD_target=0.300, warmup_epochs=5
2025-09-29 10:14:33 - Epoch 1/500 | LR=0.010000 | w_AVO=1.000 | w_P3=1.347 | lambda_MMD=0.060
2025-09-29 10:14:33 - Epoch Summary: TrainLoss=1.8519 | TrainAcc=0.531 | Val(P3)=0.588 | Val(AVO)=0.550
2025-09-29 10:14:33 - New best P3-val; checkpoint updated
2025-09-29 10:14:33 - Epoch 2/500 | LR=0.010000 | w_AVO=1.000 | w_P3=1.693 | lambda_MMD=0.120
2025-09-29 10:14:33 - Epoch Summary: TrainLoss=1.7456 | TrainAcc=0.583 | Val(P3)=0.618 | Val(AVO)=0.588
2025-09-29 10:14:33 - New best P3-val; checkpoint updated
2025-09-29 10:14:33 - Epoch 3/500 | LR=0.010000 | w_AVO=1.000 | w_P3=2.040 | lambda_MMD=0.180
2025-09-29 10:14:33 - Epoch Summary: TrainLoss=1.8209 | TrainAcc=0.596 | Val(P3)=0.559 | Val(AVO)=0.576
2025-09-29 10:14:33 - No P3-val improvement; patience remaining: 49/50
2025-09-29 10:14:33 - Epoch 4/500 | LR=0.009999 | w_AVO=1.000 | w_P3=2.387 | lambda_MMD=0.240
2025-09-29 10:14:33 - Epoch Summary: TrainLoss=1.9006 | TrainAcc=0.601 | Val(P3)=0.588 | Val(AVO)=0.598
2025-09-29 10:14:33 - No P3-val improvement; patience remaining: 48/50
2025-09-29 10:14:33 - Epoch 5/500 | LR=0.009998 | w_AVO=1.000 | w_P3=2.733 | lambda_MMD=0.300
2025-09-29 10:14:33 - Epoch Summary: TrainLoss=1.8972 | TrainAcc=0.617 | Val(P3)=0.618 | Val(AVO)=0.643
2025-09-29 10:14:33 - No P3-val improvement; patience remaining: 47/50
2025-09-29 10:14:33 - Epoch 6/500 | LR=0.009998 | w_AVO=1.000 | w_P3=2.733 | lambda_MMD=0.300
2025-09-29 10:14:34 - Epoch Summary: TrainLoss=1.8841 | TrainAcc=0.605 | Val(P3)=0.588 | Val(AVO)=0.624
2025-09-29 10:14:34 - No P3-val improvement; patience remaining: 46/50
2025-09-29 10:14:34 - Epoch 7/500 | LR=0.009996 | w_AVO=1.000 | w_P3=2.733 | lambda_MMD=0.300
2025-09-29 10:14:34 - Epoch Summary: TrainLoss=1.7766 | TrainAcc=0.630 | Val(P3)=0.559 | Val(AVO)=0.656
2025-09-29 10:14:34 - No P3-val improvement; patience remaining: 45/50
2025-09-29 10:14:34 - P3 val decreasing 3x. Reducing w_small to 2.187, lambda_MMD to 0.150
2025-09-29 10:14:34 - Epoch 8/500 | LR=0.009995 | w_AVO=1.000 | w_P3=2.187 | lambda_MMD=0.150
2025-09-29 10:14:34 - Epoch Summary: TrainLoss=1.5682 | TrainAcc=0.608 | Val(P3)=0.588 | Val(AVO)=0.643
2025-09-29 10:14:34 - No P3-val improvement; patience remaining: 44/50
2025-09-29 10:14:34 - Epoch 9/500 | LR=0.009994 | w_AVO=1.000 | w_P3=2.733 | lambda_MMD=0.300
2025-09-29 10:14:34 - Epoch Summary: TrainLoss=1.7471 | TrainAcc=0.622 | Val(P3)=0.471 | Val(AVO)=0.630
2025-09-29 10:14:34 - No P3-val improvement; patience remaining: 43/50
2025-09-29 10:14:34 - AVO val decreasing 3x. Reducing lambda_MMD to 0.210
2025-09-29 10:14:34 - Epoch 10/500 | LR=0.009992 | w_AVO=1.000 | w_P3=2.733 | lambda_MMD=0.210
2025-09-29 10:14:34 - Epoch Summary: TrainLoss=1.6889 | TrainAcc=0.621 | Val(P3)=0.471 | Val(AVO)=0.627
2025-09-29 10:14:34 - No P3-val improvement; patience remaining: 42/50
2025-09-29 10:14:34 - AVO val decreasing 3x. Reducing lambda_MMD to 0.210
2025-09-29 10:14:34 - Epoch 11/500 | LR=0.009990 | w_AVO=1.000 | w_P3=2.733 | lambda_MMD=0.210
2025-09-29 10:14:34 - Epoch Summary: TrainLoss=1.6467 | TrainAcc=0.631 | Val(P3)=0.412 | Val(AVO)=0.637
2025-09-29 10:14:34 - No P3-val improvement; patience remaining: 41/50
2025-09-29 10:14:34 - Epoch 12/500 | LR=0.009988 | w_AVO=1.000 | w_P3=2.733 | lambda_MMD=0.300
2025-09-29 10:14:34 - Epoch Summary: TrainLoss=1.6047 | TrainAcc=0.608 | Val(P3)=0.500 | Val(AVO)=0.659
2025-09-29 10:14:34 - No P3-val improvement; patience remaining: 40/50
2025-09-29 10:14:34 - Epoch 13/500 | LR=0.009986 | w_AVO=1.000 | w_P3=2.733 | lambda_MMD=0.300
2025-09-29 10:14:34 - Epoch Summary: TrainLoss=1.5904 | TrainAcc=0.632 | Val(P3)=0.559 | Val(AVO)=0.656
2025-09-29 10:14:34 - No P3-val improvement; patience remaining: 39/50
2025-09-29 10:14:34 - Epoch 14/500 | LR=0.009983 | w_AVO=1.000 | w_P3=2.733 | lambda_MMD=0.300
2025-09-29 10:14:35 - Epoch Summary: TrainLoss=1.5661 | TrainAcc=0.632 | Val(P3)=0.441 | Val(AVO)=0.653
2025-09-29 10:14:35 - No P3-val improvement; patience remaining: 38/50
2025-09-29 10:14:35 - AVO val decreasing 3x. Reducing lambda_MMD to 0.210
2025-09-29 10:14:35 - Epoch 15/500 | LR=0.009981 | w_AVO=1.000 | w_P3=2.733 | lambda_MMD=0.210
2025-09-29 10:14:35 - Epoch Summary: TrainLoss=1.5505 | TrainAcc=0.629 | Val(P3)=0.500 | Val(AVO)=0.669
2025-09-29 10:14:35 - No P3-val improvement; patience remaining: 37/50
2025-09-29 10:14:35 - Epoch 16/500 | LR=0.009978 | w_AVO=1.000 | w_P3=2.733 | lambda_MMD=0.300
2025-09-29 10:14:35 - Epoch Summary: TrainLoss=1.5335 | TrainAcc=0.632 | Val(P3)=0.412 | Val(AVO)=0.598
2025-09-29 10:14:35 - No P3-val improvement; patience remaining: 36/50
2025-09-29 10:14:35 - Epoch 17/500 | LR=0.009975 | w_AVO=1.000 | w_P3=2.733 | lambda_MMD=0.300
2025-09-29 10:14:35 - Epoch Summary: TrainLoss=1.4945 | TrainAcc=0.628 | Val(P3)=0.412 | Val(AVO)=0.669
2025-09-29 10:14:35 - No P3-val improvement; patience remaining: 35/50
2025-09-29 10:14:35 - Epoch 18/500 | LR=0.009972 | w_AVO=1.000 | w_P3=2.733 | lambda_MMD=0.300
2025-09-29 10:14:35 - Epoch Summary: TrainLoss=1.4538 | TrainAcc=0.631 | Val(P3)=0.382 | Val(AVO)=0.601
2025-09-29 10:14:35 - No P3-val improvement; patience remaining: 34/50
2025-09-29 10:14:35 - Epoch 19/500 | LR=0.009968 | w_AVO=1.000 | w_P3=2.733 | lambda_MMD=0.300
2025-09-29 10:14:35 - Epoch Summary: TrainLoss=1.4486 | TrainAcc=0.632 | Val(P3)=0.412 | Val(AVO)=0.637
2025-09-29 10:14:35 - No P3-val improvement; patience remaining: 33/50
2025-09-29 10:14:35 - Epoch 20/500 | LR=0.009964 | w_AVO=1.000 | w_P3=2.733 | lambda_MMD=0.300
2025-09-29 10:14:36 - Epoch Summary: TrainLoss=1.5140 | TrainAcc=0.636 | Val(P3)=0.382 | Val(AVO)=0.672
2025-09-29 10:14:36 - No P3-val improvement; patience remaining: 32/50
2025-09-29 10:14:36 - Epoch 21/500 | LR=0.009961 | w_AVO=1.000 | w_P3=2.733 | lambda_MMD=0.300
2025-09-29 10:14:36 - Epoch Summary: TrainLoss=1.4245 | TrainAcc=0.624 | Val(P3)=0.382 | Val(AVO)=0.662
2025-09-29 10:14:36 - No P3-val improvement; patience remaining: 31/50
2025-09-29 10:14:36 - Epoch 22/500 | LR=0.009957 | w_AVO=1.000 | w_P3=2.733 | lambda_MMD=0.300
2025-09-29 10:14:36 - Epoch Summary: TrainLoss=1.4039 | TrainAcc=0.648 | Val(P3)=0.324 | Val(AVO)=0.605
2025-09-29 10:14:36 - No P3-val improvement; patience remaining: 30/50
2025-09-29 10:14:36 - AVO val decreasing 3x. Reducing lambda_MMD to 0.210
2025-09-29 10:14:36 - Epoch 23/500 | LR=0.009952 | w_AVO=1.000 | w_P3=2.733 | lambda_MMD=0.210
2025-09-29 10:14:36 - Epoch Summary: TrainLoss=1.3725 | TrainAcc=0.620 | Val(P3)=0.412 | Val(AVO)=0.643
2025-09-29 10:14:36 - No P3-val improvement; patience remaining: 29/50
2025-09-29 10:14:36 - Epoch 24/500 | LR=0.009948 | w_AVO=1.000 | w_P3=2.733 | lambda_MMD=0.300
2025-09-29 10:14:36 - Epoch Summary: TrainLoss=1.3497 | TrainAcc=0.651 | Val(P3)=0.412 | Val(AVO)=0.672
2025-09-29 10:14:36 - No P3-val improvement; patience remaining: 28/50
2025-09-29 10:14:36 - Epoch 25/500 | LR=0.009943 | w_AVO=1.000 | w_P3=2.733 | lambda_MMD=0.300
2025-09-29 10:14:36 - Epoch Summary: TrainLoss=1.3546 | TrainAcc=0.633 | Val(P3)=0.412 | Val(AVO)=0.640
2025-09-29 10:14:36 - No P3-val improvement; patience remaining: 27/50
2025-09-29 10:14:36 - Epoch 26/500 | LR=0.009938 | w_AVO=1.000 | w_P3=2.733 | lambda_MMD=0.300
2025-09-29 10:14:36 - Epoch Summary: TrainLoss=1.3360 | TrainAcc=0.640 | Val(P3)=0.412 | Val(AVO)=0.666
2025-09-29 10:14:36 - No P3-val improvement; patience remaining: 26/50
2025-09-29 10:14:36 - Epoch 27/500 | LR=0.009933 | w_AVO=1.000 | w_P3=2.733 | lambda_MMD=0.300
2025-09-29 10:14:36 - Epoch Summary: TrainLoss=1.3531 | TrainAcc=0.627 | Val(P3)=0.500 | Val(AVO)=0.650
2025-09-29 10:14:36 - No P3-val improvement; patience remaining: 25/50
2025-09-29 10:14:36 - Epoch 28/500 | LR=0.009928 | w_AVO=1.000 | w_P3=2.733 | lambda_MMD=0.300
2025-09-29 10:14:37 - Epoch Summary: TrainLoss=1.2797 | TrainAcc=0.646 | Val(P3)=0.412 | Val(AVO)=0.650
2025-09-29 10:14:37 - No P3-val improvement; patience remaining: 24/50
2025-09-29 10:14:37 - Epoch 29/500 | LR=0.009923 | w_AVO=1.000 | w_P3=2.733 | lambda_MMD=0.300
2025-09-29 10:14:37 - Epoch Summary: TrainLoss=1.2805 | TrainAcc=0.648 | Val(P3)=0.441 | Val(AVO)=0.650
2025-09-29 10:14:37 - No P3-val improvement; patience remaining: 23/50
2025-09-29 10:14:37 - Epoch 30/500 | LR=0.009917 | w_AVO=1.000 | w_P3=2.733 | lambda_MMD=0.300
2025-09-29 10:14:37 - Epoch Summary: TrainLoss=1.2962 | TrainAcc=0.659 | Val(P3)=0.294 | Val(AVO)=0.656
2025-09-29 10:14:37 - No P3-val improvement; patience remaining: 22/50
2025-09-29 10:14:37 - Epoch 31/500 | LR=0.009911 | w_AVO=1.000 | w_P3=2.733 | lambda_MMD=0.300
2025-09-29 10:14:37 - Epoch Summary: TrainLoss=1.3327 | TrainAcc=0.658 | Val(P3)=0.324 | Val(AVO)=0.595
2025-09-29 10:14:37 - No P3-val improvement; patience remaining: 21/50
2025-09-29 10:14:37 - Epoch 32/500 | LR=0.009905 | w_AVO=1.000 | w_P3=2.733 | lambda_MMD=0.300
2025-09-29 10:14:37 - Epoch Summary: TrainLoss=1.3198 | TrainAcc=0.633 | Val(P3)=0.500 | Val(AVO)=0.656
2025-09-29 10:14:37 - No P3-val improvement; patience remaining: 20/50
2025-09-29 10:14:37 - Epoch 33/500 | LR=0.009899 | w_AVO=1.000 | w_P3=2.733 | lambda_MMD=0.300
2025-09-29 10:14:37 - Epoch Summary: TrainLoss=1.3422 | TrainAcc=0.647 | Val(P3)=0.324 | Val(AVO)=0.659
2025-09-29 10:14:37 - No P3-val improvement; patience remaining: 19/50
2025-09-29 10:14:37 - Epoch 34/500 | LR=0.009893 | w_AVO=1.000 | w_P3=2.733 | lambda_MMD=0.300
2025-09-29 10:14:37 - Epoch Summary: TrainLoss=1.2849 | TrainAcc=0.639 | Val(P3)=0.382 | Val(AVO)=0.650
2025-09-29 10:14:37 - No P3-val improvement; patience remaining: 18/50
2025-09-29 10:14:37 - Epoch 35/500 | LR=0.009886 | w_AVO=1.000 | w_P3=2.733 | lambda_MMD=0.300
2025-09-29 10:14:38 - Epoch Summary: TrainLoss=1.3174 | TrainAcc=0.644 | Val(P3)=0.441 | Val(AVO)=0.669
2025-09-29 10:14:38 - No P3-val improvement; patience remaining: 17/50
2025-09-29 10:14:38 - Epoch 36/500 | LR=0.009880 | w_AVO=1.000 | w_P3=2.733 | lambda_MMD=0.300
2025-09-29 10:14:38 - Epoch Summary: TrainLoss=1.2049 | TrainAcc=0.659 | Val(P3)=0.412 | Val(AVO)=0.691
2025-09-29 10:14:38 - No P3-val improvement; patience remaining: 16/50
2025-09-29 10:14:38 - Epoch 37/500 | LR=0.009873 | w_AVO=1.000 | w_P3=2.733 | lambda_MMD=0.300
2025-09-29 10:14:38 - Epoch Summary: TrainLoss=1.2758 | TrainAcc=0.647 | Val(P3)=0.382 | Val(AVO)=0.633
2025-09-29 10:14:38 - No P3-val improvement; patience remaining: 15/50
2025-09-29 10:14:38 - P3 val decreasing 3x. Reducing w_small to 2.187, lambda_MMD to 0.150
2025-09-29 10:14:38 - Epoch 38/500 | LR=0.009865 | w_AVO=1.000 | w_P3=2.187 | lambda_MMD=0.150
2025-09-29 10:14:38 - Epoch Summary: TrainLoss=1.0796 | TrainAcc=0.653 | Val(P3)=0.441 | Val(AVO)=0.646
2025-09-29 10:14:38 - No P3-val improvement; patience remaining: 14/50
2025-09-29 10:14:38 - Epoch 39/500 | LR=0.009858 | w_AVO=1.000 | w_P3=2.733 | lambda_MMD=0.300
2025-09-29 10:14:38 - Epoch Summary: TrainLoss=1.2682 | TrainAcc=0.650 | Val(P3)=0.500 | Val(AVO)=0.675
2025-09-29 10:14:38 - No P3-val improvement; patience remaining: 13/50
2025-09-29 10:14:38 - Epoch 40/500 | LR=0.009851 | w_AVO=1.000 | w_P3=2.733 | lambda_MMD=0.300
2025-09-29 10:14:38 - Epoch Summary: TrainLoss=1.2658 | TrainAcc=0.664 | Val(P3)=0.353 | Val(AVO)=0.678
2025-09-29 10:14:38 - No P3-val improvement; patience remaining: 12/50
2025-09-29 10:14:38 - Epoch 41/500 | LR=0.009843 | w_AVO=1.000 | w_P3=2.733 | lambda_MMD=0.300
2025-09-29 10:14:38 - Epoch Summary: TrainLoss=1.2199 | TrainAcc=0.644 | Val(P3)=0.353 | Val(AVO)=0.643
2025-09-29 10:14:38 - No P3-val improvement; patience remaining: 11/50
2025-09-29 10:14:38 - Epoch 42/500 | LR=0.009835 | w_AVO=1.000 | w_P3=2.733 | lambda_MMD=0.300
2025-09-29 10:14:39 - Epoch Summary: TrainLoss=1.2547 | TrainAcc=0.662 | Val(P3)=0.441 | Val(AVO)=0.682
2025-09-29 10:14:39 - No P3-val improvement; patience remaining: 10/50
2025-09-29 10:14:39 - Epoch 43/500 | LR=0.009827 | w_AVO=1.000 | w_P3=2.733 | lambda_MMD=0.300
2025-09-29 10:14:39 - Epoch Summary: TrainLoss=1.2903 | TrainAcc=0.668 | Val(P3)=0.441 | Val(AVO)=0.666
2025-09-29 10:14:39 - No P3-val improvement; patience remaining: 9/50
2025-09-29 10:14:39 - Epoch 44/500 | LR=0.009819 | w_AVO=1.000 | w_P3=2.733 | lambda_MMD=0.300
2025-09-29 10:14:39 - Epoch Summary: TrainLoss=1.2654 | TrainAcc=0.643 | Val(P3)=0.353 | Val(AVO)=0.682
2025-09-29 10:14:39 - No P3-val improvement; patience remaining: 8/50
2025-09-29 10:14:39 - Epoch 45/500 | LR=0.009810 | w_AVO=1.000 | w_P3=2.733 | lambda_MMD=0.300
2025-09-29 10:14:39 - Epoch Summary: TrainLoss=1.1869 | TrainAcc=0.655 | Val(P3)=0.412 | Val(AVO)=0.682
2025-09-29 10:14:39 - No P3-val improvement; patience remaining: 7/50
2025-09-29 10:14:39 - Epoch 46/500 | LR=0.009801 | w_AVO=1.000 | w_P3=2.733 | lambda_MMD=0.300
2025-09-29 10:14:39 - Epoch Summary: TrainLoss=1.2027 | TrainAcc=0.653 | Val(P3)=0.441 | Val(AVO)=0.659
2025-09-29 10:14:39 - No P3-val improvement; patience remaining: 6/50
2025-09-29 10:14:39 - Epoch 47/500 | LR=0.009793 | w_AVO=1.000 | w_P3=2.733 | lambda_MMD=0.300
2025-09-29 10:14:39 - Epoch Summary: TrainLoss=1.2528 | TrainAcc=0.650 | Val(P3)=0.500 | Val(AVO)=0.646
2025-09-29 10:14:39 - No P3-val improvement; patience remaining: 5/50
2025-09-29 10:14:39 - AVO val decreasing 3x. Reducing lambda_MMD to 0.210
2025-09-29 10:14:39 - Epoch 48/500 | LR=0.009784 | w_AVO=1.000 | w_P3=2.733 | lambda_MMD=0.210
2025-09-29 10:14:39 - Epoch Summary: TrainLoss=1.1951 | TrainAcc=0.650 | Val(P3)=0.382 | Val(AVO)=0.685
2025-09-29 10:14:39 - No P3-val improvement; patience remaining: 4/50
2025-09-29 10:14:39 - Epoch 49/500 | LR=0.009774 | w_AVO=1.000 | w_P3=2.733 | lambda_MMD=0.300
2025-09-29 10:14:39 - Epoch Summary: TrainLoss=1.2245 | TrainAcc=0.666 | Val(P3)=0.412 | Val(AVO)=0.656
2025-09-29 10:14:39 - No P3-val improvement; patience remaining: 3/50
2025-09-29 10:14:39 - Epoch 50/500 | LR=0.009765 | w_AVO=1.000 | w_P3=2.733 | lambda_MMD=0.300
2025-09-29 10:14:40 - Epoch Summary: TrainLoss=1.1883 | TrainAcc=0.667 | Val(P3)=0.441 | Val(AVO)=0.624
2025-09-29 10:14:40 - No P3-val improvement; patience remaining: 2/50
2025-09-29 10:14:40 - AVO val decreasing 3x. Reducing lambda_MMD to 0.210
2025-09-29 10:14:40 - Epoch 51/500 | LR=0.009755 | w_AVO=1.000 | w_P3=2.733 | lambda_MMD=0.210
2025-09-29 10:14:40 - Epoch Summary: TrainLoss=1.1929 | TrainAcc=0.660 | Val(P3)=0.441 | Val(AVO)=0.627
2025-09-29 10:14:40 - No P3-val improvement; patience remaining: 1/50
2025-09-29 10:14:40 - Epoch 52/500 | LR=0.009745 | w_AVO=1.000 | w_P3=2.733 | lambda_MMD=0.300
2025-09-29 10:14:40 - Epoch Summary: TrainLoss=1.1847 | TrainAcc=0.656 | Val(P3)=0.324 | Val(AVO)=0.646
2025-09-29 10:14:40 - No P3-val improvement; patience remaining: 0/50
2025-09-29 10:14:40 - Early stopping triggered (P3-val)
2025-09-29 10:14:40 -     P3 Test | Acc=0.4938 P=0.4390 R=0.5000 F1=0.4675 AUC=0.5537 (n=81)
2025-09-29 10:14:40 -     AVO Test | Acc=0.6431 P=0.7286 R=0.4708 F1=0.5720 AUC=0.7173 (n=608)
2025-09-29 10:14:40 -     Overall Test Acc=0.6255
2025-09-29 10:14:40 -   Fold 5/5
2025-09-29 10:14:40 - Fold domains: small=P3 (n=295), large=AVO (n=2119)
2025-09-29 10:14:40 - Auto adjustments (symmetric): w_small≈1.000, lambda_MMD_target=0.300, warmup_epochs=5
2025-09-29 10:14:40 - Epoch 1/500 | LR=0.010000 | w_AVO=1.000 | w_P3=1.336 | lambda_MMD=0.060
2025-09-29 10:14:40 - Epoch Summary: TrainLoss=1.7463 | TrainAcc=0.551 | Val(P3)=0.657 | Val(AVO)=0.539
2025-09-29 10:14:40 - New best P3-val; checkpoint updated
2025-09-29 10:14:40 - Epoch 2/500 | LR=0.010000 | w_AVO=1.000 | w_P3=1.672 | lambda_MMD=0.120
2025-09-29 10:14:40 - Epoch Summary: TrainLoss=1.6825 | TrainAcc=0.588 | Val(P3)=0.657 | Val(AVO)=0.597
2025-09-29 10:14:40 - No P3-val improvement; patience remaining: 49/50
2025-09-29 10:14:40 - Epoch 3/500 | LR=0.010000 | w_AVO=1.000 | w_P3=2.008 | lambda_MMD=0.180
2025-09-29 10:14:40 - Epoch Summary: TrainLoss=1.6848 | TrainAcc=0.621 | Val(P3)=0.629 | Val(AVO)=0.600
2025-09-29 10:14:40 - No P3-val improvement; patience remaining: 48/50
2025-09-29 10:14:40 - Epoch 4/500 | LR=0.009999 | w_AVO=1.000 | w_P3=2.344 | lambda_MMD=0.240
2025-09-29 10:14:40 - Epoch Summary: TrainLoss=1.7795 | TrainAcc=0.606 | Val(P3)=0.629 | Val(AVO)=0.600
2025-09-29 10:14:40 - No P3-val improvement; patience remaining: 47/50
2025-09-29 10:14:40 - Epoch 5/500 | LR=0.009998 | w_AVO=1.000 | w_P3=2.680 | lambda_MMD=0.300
2025-09-29 10:14:41 - Epoch Summary: TrainLoss=1.8829 | TrainAcc=0.607 | Val(P3)=0.657 | Val(AVO)=0.581
2025-09-29 10:14:41 - No P3-val improvement; patience remaining: 46/50
2025-09-29 10:14:41 - Epoch 6/500 | LR=0.009998 | w_AVO=1.000 | w_P3=2.680 | lambda_MMD=0.300
2025-09-29 10:14:41 - Epoch Summary: TrainLoss=1.8444 | TrainAcc=0.612 | Val(P3)=0.714 | Val(AVO)=0.629
2025-09-29 10:14:41 - New best P3-val; checkpoint updated
2025-09-29 10:14:41 - Epoch 7/500 | LR=0.009996 | w_AVO=1.000 | w_P3=2.680 | lambda_MMD=0.300
2025-09-29 10:14:41 - Epoch Summary: TrainLoss=1.7536 | TrainAcc=0.632 | Val(P3)=0.657 | Val(AVO)=0.606
2025-09-29 10:14:41 - No P3-val improvement; patience remaining: 49/50
2025-09-29 10:14:41 - Epoch 8/500 | LR=0.009995 | w_AVO=1.000 | w_P3=2.680 | lambda_MMD=0.300
2025-09-29 10:14:41 - Epoch Summary: TrainLoss=1.6838 | TrainAcc=0.613 | Val(P3)=0.600 | Val(AVO)=0.597
2025-09-29 10:14:41 - No P3-val improvement; patience remaining: 48/50
2025-09-29 10:14:41 - P3 val decreasing 3x. Reducing w_small to 2.144, lambda_MMD to 0.150
2025-09-29 10:14:41 - AVO val decreasing 3x. Reducing lambda_MMD to 0.105
2025-09-29 10:14:41 - Epoch 9/500 | LR=0.009994 | w_AVO=1.000 | w_P3=2.144 | lambda_MMD=0.105
2025-09-29 10:14:41 - Epoch Summary: TrainLoss=1.3870 | TrainAcc=0.635 | Val(P3)=0.571 | Val(AVO)=0.623
2025-09-29 10:14:41 - No P3-val improvement; patience remaining: 47/50
2025-09-29 10:14:41 - P3 val decreasing 3x. Reducing w_small to 2.144, lambda_MMD to 0.150
2025-09-29 10:14:41 - Epoch 10/500 | LR=0.009992 | w_AVO=1.000 | w_P3=2.144 | lambda_MMD=0.150
2025-09-29 10:14:41 - Epoch Summary: TrainLoss=1.3492 | TrainAcc=0.629 | Val(P3)=0.629 | Val(AVO)=0.619
2025-09-29 10:14:41 - No P3-val improvement; patience remaining: 46/50
2025-09-29 10:14:41 - Epoch 11/500 | LR=0.009990 | w_AVO=1.000 | w_P3=2.680 | lambda_MMD=0.300
2025-09-29 10:14:41 - Epoch Summary: TrainLoss=1.5217 | TrainAcc=0.635 | Val(P3)=0.571 | Val(AVO)=0.610
2025-09-29 10:14:41 - No P3-val improvement; patience remaining: 45/50
2025-09-29 10:14:41 - AVO val decreasing 3x. Reducing lambda_MMD to 0.210
2025-09-29 10:14:41 - Epoch 12/500 | LR=0.009988 | w_AVO=1.000 | w_P3=2.680 | lambda_MMD=0.210
2025-09-29 10:14:42 - Epoch Summary: TrainLoss=1.4741 | TrainAcc=0.638 | Val(P3)=0.600 | Val(AVO)=0.606
2025-09-29 10:14:42 - No P3-val improvement; patience remaining: 44/50
2025-09-29 10:14:42 - AVO val decreasing 3x. Reducing lambda_MMD to 0.210
2025-09-29 10:14:42 - Epoch 13/500 | LR=0.009986 | w_AVO=1.000 | w_P3=2.680 | lambda_MMD=0.210
2025-09-29 10:14:42 - Epoch Summary: TrainLoss=1.4858 | TrainAcc=0.631 | Val(P3)=0.600 | Val(AVO)=0.639
2025-09-29 10:14:42 - No P3-val improvement; patience remaining: 43/50
2025-09-29 10:14:42 - Epoch 14/500 | LR=0.009983 | w_AVO=1.000 | w_P3=2.680 | lambda_MMD=0.300
2025-09-29 10:14:42 - Epoch Summary: TrainLoss=1.4366 | TrainAcc=0.644 | Val(P3)=0.571 | Val(AVO)=0.629
2025-09-29 10:14:42 - No P3-val improvement; patience remaining: 42/50
2025-09-29 10:14:42 - Epoch 15/500 | LR=0.009981 | w_AVO=1.000 | w_P3=2.680 | lambda_MMD=0.300
2025-09-29 10:14:42 - Epoch Summary: TrainLoss=1.4223 | TrainAcc=0.641 | Val(P3)=0.571 | Val(AVO)=0.626
2025-09-29 10:14:42 - No P3-val improvement; patience remaining: 41/50
2025-09-29 10:14:42 - AVO val decreasing 3x. Reducing lambda_MMD to 0.210
2025-09-29 10:14:42 - Epoch 16/500 | LR=0.009978 | w_AVO=1.000 | w_P3=2.680 | lambda_MMD=0.210
2025-09-29 10:14:42 - Epoch Summary: TrainLoss=1.3855 | TrainAcc=0.650 | Val(P3)=0.629 | Val(AVO)=0.619
2025-09-29 10:14:42 - No P3-val improvement; patience remaining: 40/50
2025-09-29 10:14:42 - AVO val decreasing 3x. Reducing lambda_MMD to 0.210
2025-09-29 10:14:42 - Epoch 17/500 | LR=0.009975 | w_AVO=1.000 | w_P3=2.680 | lambda_MMD=0.210
2025-09-29 10:14:42 - Epoch Summary: TrainLoss=1.3718 | TrainAcc=0.647 | Val(P3)=0.629 | Val(AVO)=0.629
2025-09-29 10:14:42 - No P3-val improvement; patience remaining: 39/50
2025-09-29 10:14:42 - Epoch 18/500 | LR=0.009972 | w_AVO=1.000 | w_P3=2.680 | lambda_MMD=0.300
2025-09-29 10:14:43 - Epoch Summary: TrainLoss=1.3442 | TrainAcc=0.640 | Val(P3)=0.571 | Val(AVO)=0.619
2025-09-29 10:14:43 - No P3-val improvement; patience remaining: 38/50
2025-09-29 10:14:43 - Epoch 19/500 | LR=0.009968 | w_AVO=1.000 | w_P3=2.680 | lambda_MMD=0.300
2025-09-29 10:14:43 - Epoch Summary: TrainLoss=1.3481 | TrainAcc=0.624 | Val(P3)=0.486 | Val(AVO)=0.632
2025-09-29 10:14:43 - No P3-val improvement; patience remaining: 37/50
2025-09-29 10:14:43 - P3 val decreasing 3x. Reducing w_small to 2.144, lambda_MMD to 0.150
2025-09-29 10:14:43 - Epoch 20/500 | LR=0.009964 | w_AVO=1.000 | w_P3=2.144 | lambda_MMD=0.150
2025-09-29 10:14:43 - Epoch Summary: TrainLoss=1.1973 | TrainAcc=0.659 | Val(P3)=0.514 | Val(AVO)=0.626
2025-09-29 10:14:43 - No P3-val improvement; patience remaining: 36/50
2025-09-29 10:14:43 - Epoch 21/500 | LR=0.009961 | w_AVO=1.000 | w_P3=2.680 | lambda_MMD=0.300
2025-09-29 10:14:43 - Epoch Summary: TrainLoss=1.3120 | TrainAcc=0.633 | Val(P3)=0.543 | Val(AVO)=0.623
2025-09-29 10:14:43 - No P3-val improvement; patience remaining: 35/50
2025-09-29 10:14:43 - AVO val decreasing 3x. Reducing lambda_MMD to 0.210
2025-09-29 10:14:43 - Epoch 22/500 | LR=0.009957 | w_AVO=1.000 | w_P3=2.680 | lambda_MMD=0.210
2025-09-29 10:14:43 - Epoch Summary: TrainLoss=1.3069 | TrainAcc=0.659 | Val(P3)=0.600 | Val(AVO)=0.623
2025-09-29 10:14:43 - No P3-val improvement; patience remaining: 34/50
2025-09-29 10:14:43 - Epoch 23/500 | LR=0.009952 | w_AVO=1.000 | w_P3=2.680 | lambda_MMD=0.300
2025-09-29 10:14:43 - Epoch Summary: TrainLoss=1.2513 | TrainAcc=0.665 | Val(P3)=0.600 | Val(AVO)=0.629
2025-09-29 10:14:43 - No P3-val improvement; patience remaining: 33/50
2025-09-29 10:14:43 - Epoch 24/500 | LR=0.009948 | w_AVO=1.000 | w_P3=2.680 | lambda_MMD=0.300
2025-09-29 10:14:43 - Epoch Summary: TrainLoss=1.2539 | TrainAcc=0.652 | Val(P3)=0.543 | Val(AVO)=0.606
2025-09-29 10:14:43 - No P3-val improvement; patience remaining: 32/50
2025-09-29 10:14:43 - Epoch 25/500 | LR=0.009943 | w_AVO=1.000 | w_P3=2.680 | lambda_MMD=0.300
2025-09-29 10:14:44 - Epoch Summary: TrainLoss=1.2418 | TrainAcc=0.657 | Val(P3)=0.514 | Val(AVO)=0.619
2025-09-29 10:14:44 - No P3-val improvement; patience remaining: 31/50
2025-09-29 10:14:44 - P3 val decreasing 3x. Reducing w_small to 2.144, lambda_MMD to 0.150
2025-09-29 10:14:44 - Epoch 26/500 | LR=0.009938 | w_AVO=1.000 | w_P3=2.144 | lambda_MMD=0.150
2025-09-29 10:14:44 - Epoch Summary: TrainLoss=1.1443 | TrainAcc=0.650 | Val(P3)=0.543 | Val(AVO)=0.606
2025-09-29 10:14:44 - No P3-val improvement; patience remaining: 30/50
2025-09-29 10:14:44 - Epoch 27/500 | LR=0.009933 | w_AVO=1.000 | w_P3=2.680 | lambda_MMD=0.300
2025-09-29 10:14:44 - Epoch Summary: TrainLoss=1.2360 | TrainAcc=0.661 | Val(P3)=0.629 | Val(AVO)=0.626
2025-09-29 10:14:44 - No P3-val improvement; patience remaining: 29/50
2025-09-29 10:14:44 - Epoch 28/500 | LR=0.009928 | w_AVO=1.000 | w_P3=2.680 | lambda_MMD=0.300
2025-09-29 10:14:44 - Epoch Summary: TrainLoss=1.1745 | TrainAcc=0.679 | Val(P3)=0.543 | Val(AVO)=0.606
2025-09-29 10:14:44 - No P3-val improvement; patience remaining: 28/50
2025-09-29 10:14:44 - Epoch 29/500 | LR=0.009923 | w_AVO=1.000 | w_P3=2.680 | lambda_MMD=0.300
2025-09-29 10:14:44 - Epoch Summary: TrainLoss=1.1925 | TrainAcc=0.656 | Val(P3)=0.543 | Val(AVO)=0.619
2025-09-29 10:14:44 - No P3-val improvement; patience remaining: 27/50
2025-09-29 10:14:44 - Epoch 30/500 | LR=0.009917 | w_AVO=1.000 | w_P3=2.680 | lambda_MMD=0.300
2025-09-29 10:14:44 - Epoch Summary: TrainLoss=1.2140 | TrainAcc=0.659 | Val(P3)=0.543 | Val(AVO)=0.629
2025-09-29 10:14:44 - No P3-val improvement; patience remaining: 26/50
2025-09-29 10:14:44 - Epoch 31/500 | LR=0.009911 | w_AVO=1.000 | w_P3=2.680 | lambda_MMD=0.300
2025-09-29 10:14:44 - Epoch Summary: TrainLoss=1.2143 | TrainAcc=0.661 | Val(P3)=0.543 | Val(AVO)=0.635
2025-09-29 10:14:44 - No P3-val improvement; patience remaining: 25/50
2025-09-29 10:14:44 - Epoch 32/500 | LR=0.009905 | w_AVO=1.000 | w_P3=2.680 | lambda_MMD=0.300
2025-09-29 10:14:44 - Epoch Summary: TrainLoss=1.1933 | TrainAcc=0.671 | Val(P3)=0.600 | Val(AVO)=0.629
2025-09-29 10:14:44 - No P3-val improvement; patience remaining: 24/50
2025-09-29 10:14:44 - Epoch 33/500 | LR=0.009899 | w_AVO=1.000 | w_P3=2.680 | lambda_MMD=0.300
2025-09-29 10:14:45 - Epoch Summary: TrainLoss=1.1918 | TrainAcc=0.668 | Val(P3)=0.514 | Val(AVO)=0.642
2025-09-29 10:14:45 - No P3-val improvement; patience remaining: 23/50
2025-09-29 10:14:45 - Epoch 34/500 | LR=0.009893 | w_AVO=1.000 | w_P3=2.680 | lambda_MMD=0.300
2025-09-29 10:14:45 - Epoch Summary: TrainLoss=1.1915 | TrainAcc=0.673 | Val(P3)=0.486 | Val(AVO)=0.632
2025-09-29 10:14:45 - No P3-val improvement; patience remaining: 22/50
2025-09-29 10:14:45 - P3 val decreasing 3x. Reducing w_small to 2.144, lambda_MMD to 0.150
2025-09-29 10:14:45 - Epoch 35/500 | LR=0.009886 | w_AVO=1.000 | w_P3=2.144 | lambda_MMD=0.150
2025-09-29 10:14:45 - Epoch Summary: TrainLoss=1.0784 | TrainAcc=0.671 | Val(P3)=0.571 | Val(AVO)=0.642
2025-09-29 10:14:45 - No P3-val improvement; patience remaining: 21/50
2025-09-29 10:14:45 - Epoch 36/500 | LR=0.009880 | w_AVO=1.000 | w_P3=2.680 | lambda_MMD=0.300
2025-09-29 10:14:45 - Epoch Summary: TrainLoss=1.2099 | TrainAcc=0.670 | Val(P3)=0.571 | Val(AVO)=0.629
2025-09-29 10:14:45 - No P3-val improvement; patience remaining: 20/50
2025-09-29 10:14:45 - Epoch 37/500 | LR=0.009873 | w_AVO=1.000 | w_P3=2.680 | lambda_MMD=0.300
2025-09-29 10:14:45 - Epoch Summary: TrainLoss=1.1594 | TrainAcc=0.658 | Val(P3)=0.514 | Val(AVO)=0.639
2025-09-29 10:14:45 - No P3-val improvement; patience remaining: 19/50
2025-09-29 10:14:45 - Epoch 38/500 | LR=0.009865 | w_AVO=1.000 | w_P3=2.680 | lambda_MMD=0.300
2025-09-29 10:14:45 - Epoch Summary: TrainLoss=1.1601 | TrainAcc=0.670 | Val(P3)=0.543 | Val(AVO)=0.626
2025-09-29 10:14:45 - No P3-val improvement; patience remaining: 18/50
2025-09-29 10:14:45 - Epoch 39/500 | LR=0.009858 | w_AVO=1.000 | w_P3=2.680 | lambda_MMD=0.300
2025-09-29 10:14:45 - Epoch Summary: TrainLoss=1.1313 | TrainAcc=0.685 | Val(P3)=0.543 | Val(AVO)=0.652
2025-09-29 10:14:45 - No P3-val improvement; patience remaining: 17/50
2025-09-29 10:14:45 - Epoch 40/500 | LR=0.009851 | w_AVO=1.000 | w_P3=2.680 | lambda_MMD=0.300
2025-09-29 10:14:46 - Epoch Summary: TrainLoss=1.1879 | TrainAcc=0.667 | Val(P3)=0.543 | Val(AVO)=0.632
2025-09-29 10:14:46 - No P3-val improvement; patience remaining: 16/50
2025-09-29 10:14:46 - Epoch 41/500 | LR=0.009843 | w_AVO=1.000 | w_P3=2.680 | lambda_MMD=0.300
2025-09-29 10:14:46 - Epoch Summary: TrainLoss=1.2209 | TrainAcc=0.654 | Val(P3)=0.571 | Val(AVO)=0.613
2025-09-29 10:14:46 - No P3-val improvement; patience remaining: 15/50
2025-09-29 10:14:46 - AVO val decreasing 3x. Reducing lambda_MMD to 0.210
2025-09-29 10:14:46 - Epoch 42/500 | LR=0.009835 | w_AVO=1.000 | w_P3=2.680 | lambda_MMD=0.210
2025-09-29 10:14:46 - Epoch Summary: TrainLoss=1.1324 | TrainAcc=0.687 | Val(P3)=0.514 | Val(AVO)=0.629
2025-09-29 10:14:46 - No P3-val improvement; patience remaining: 14/50
2025-09-29 10:14:46 - Epoch 43/500 | LR=0.009827 | w_AVO=1.000 | w_P3=2.680 | lambda_MMD=0.300
2025-09-29 10:14:46 - Epoch Summary: TrainLoss=1.1379 | TrainAcc=0.678 | Val(P3)=0.543 | Val(AVO)=0.648
2025-09-29 10:14:46 - No P3-val improvement; patience remaining: 13/50
2025-09-29 10:14:46 - Epoch 44/500 | LR=0.009819 | w_AVO=1.000 | w_P3=2.680 | lambda_MMD=0.300
2025-09-29 10:14:46 - Epoch Summary: TrainLoss=1.1021 | TrainAcc=0.670 | Val(P3)=0.571 | Val(AVO)=0.629
2025-09-29 10:14:46 - No P3-val improvement; patience remaining: 12/50
2025-09-29 10:14:46 - Epoch 45/500 | LR=0.009810 | w_AVO=1.000 | w_P3=2.680 | lambda_MMD=0.300
2025-09-29 10:14:46 - Epoch Summary: TrainLoss=1.1171 | TrainAcc=0.678 | Val(P3)=0.543 | Val(AVO)=0.613
2025-09-29 10:14:46 - No P3-val improvement; patience remaining: 11/50
2025-09-29 10:14:46 - AVO val decreasing 3x. Reducing lambda_MMD to 0.210
2025-09-29 10:14:46 - Epoch 46/500 | LR=0.009801 | w_AVO=1.000 | w_P3=2.680 | lambda_MMD=0.210
2025-09-29 10:14:47 - Epoch Summary: TrainLoss=1.1351 | TrainAcc=0.667 | Val(P3)=0.543 | Val(AVO)=0.626
2025-09-29 10:14:47 - No P3-val improvement; patience remaining: 10/50
2025-09-29 10:14:47 - Epoch 47/500 | LR=0.009793 | w_AVO=1.000 | w_P3=2.680 | lambda_MMD=0.300
2025-09-29 10:14:47 - Epoch Summary: TrainLoss=1.1648 | TrainAcc=0.668 | Val(P3)=0.486 | Val(AVO)=0.623
2025-09-29 10:14:47 - No P3-val improvement; patience remaining: 9/50
2025-09-29 10:14:47 - Epoch 48/500 | LR=0.009784 | w_AVO=1.000 | w_P3=2.680 | lambda_MMD=0.300
2025-09-29 10:14:47 - Epoch Summary: TrainLoss=1.1118 | TrainAcc=0.678 | Val(P3)=0.486 | Val(AVO)=0.635
2025-09-29 10:14:47 - No P3-val improvement; patience remaining: 8/50
2025-09-29 10:14:47 - Epoch 49/500 | LR=0.009774 | w_AVO=1.000 | w_P3=2.680 | lambda_MMD=0.300
2025-09-29 10:14:47 - Epoch Summary: TrainLoss=1.1059 | TrainAcc=0.681 | Val(P3)=0.457 | Val(AVO)=0.655
2025-09-29 10:14:47 - No P3-val improvement; patience remaining: 7/50
2025-09-29 10:14:47 - Epoch 50/500 | LR=0.009765 | w_AVO=1.000 | w_P3=2.680 | lambda_MMD=0.300
2025-09-29 10:14:47 - Epoch Summary: TrainLoss=1.1348 | TrainAcc=0.667 | Val(P3)=0.629 | Val(AVO)=0.642
2025-09-29 10:14:47 - No P3-val improvement; patience remaining: 6/50
2025-09-29 10:14:47 - Epoch 51/500 | LR=0.009755 | w_AVO=1.000 | w_P3=2.680 | lambda_MMD=0.300
2025-09-29 10:14:47 - Epoch Summary: TrainLoss=1.1086 | TrainAcc=0.667 | Val(P3)=0.543 | Val(AVO)=0.645
2025-09-29 10:14:47 - No P3-val improvement; patience remaining: 5/50
2025-09-29 10:14:47 - Epoch 52/500 | LR=0.009745 | w_AVO=1.000 | w_P3=2.680 | lambda_MMD=0.300
2025-09-29 10:14:47 - Epoch Summary: TrainLoss=1.1302 | TrainAcc=0.671 | Val(P3)=0.514 | Val(AVO)=0.642
2025-09-29 10:14:47 - No P3-val improvement; patience remaining: 4/50
2025-09-29 10:14:47 - P3 val decreasing 3x. Reducing w_small to 2.144, lambda_MMD to 0.150
2025-09-29 10:14:47 - Epoch 53/500 | LR=0.009735 | w_AVO=1.000 | w_P3=2.144 | lambda_MMD=0.150
2025-09-29 10:14:47 - Epoch Summary: TrainLoss=0.9868 | TrainAcc=0.673 | Val(P3)=0.514 | Val(AVO)=0.648
2025-09-29 10:14:47 - No P3-val improvement; patience remaining: 3/50
2025-09-29 10:14:47 - Epoch 54/500 | LR=0.009725 | w_AVO=1.000 | w_P3=2.680 | lambda_MMD=0.300
2025-09-29 10:14:48 - Epoch Summary: TrainLoss=1.0811 | TrainAcc=0.686 | Val(P3)=0.486 | Val(AVO)=0.626
2025-09-29 10:14:48 - No P3-val improvement; patience remaining: 2/50
2025-09-29 10:14:48 - Epoch 55/500 | LR=0.009715 | w_AVO=1.000 | w_P3=2.680 | lambda_MMD=0.300
2025-09-29 10:14:48 - Epoch Summary: TrainLoss=1.0893 | TrainAcc=0.676 | Val(P3)=0.429 | Val(AVO)=0.632
2025-09-29 10:14:48 - No P3-val improvement; patience remaining: 1/50
2025-09-29 10:14:48 - P3 val decreasing 3x. Reducing w_small to 2.144, lambda_MMD to 0.150
2025-09-29 10:14:48 - Epoch 56/500 | LR=0.009704 | w_AVO=1.000 | w_P3=2.144 | lambda_MMD=0.150
2025-09-29 10:14:48 - Epoch Summary: TrainLoss=1.0211 | TrainAcc=0.670 | Val(P3)=0.457 | Val(AVO)=0.639
2025-09-29 10:14:48 - No P3-val improvement; patience remaining: 0/50
2025-09-29 10:14:48 - Early stopping triggered (P3-val)
2025-09-29 10:14:48 -     P3 Test | Acc=0.5714 P=0.5517 R=0.4848 F1=0.5161 AUC=0.5610 (n=70)
2025-09-29 10:14:48 -     AVO Test | Acc=0.6656 P=0.6247 R=0.8429 F1=0.7176 AUC=0.7221 (n=619)
2025-09-29 10:14:48 -     Overall Test Acc=0.6560
2025-09-29 10:14:48 - 
==================================================
2025-09-29 10:14:48 - CROSS-VALIDATION RESULTS
2025-09-29 10:14:48 - ==================================================
2025-09-29 10:14:48 - Overall accuracy: 0.6446 ± 0.0198
2025-09-29 10:14:48 - 95% Confidence Interval: [0.6364, 0.6527]
2025-09-29 10:14:48 - P3 Dataset - Mean Accuracy: 0.6008 | 95% CI: [0.5761, 0.6256]
2025-09-29 10:14:48 - AVO Dataset - Mean Accuracy: 0.6501 | 95% CI: [0.6408, 0.6594]
2025-09-29 10:14:48 - Detailed results saved to: tfdwt_detailed_results_20250929_101448.csv
2025-09-29 10:14:48 - Summary statistics saved to: tfdwt_summary_stats_20250929_101448.csv
