2025-09-29 13:06:54 - 
==================================================
2025-09-29 13:06:54 - TF-DWT Joint Training (Auto-Adjusted)
2025-09-29 13:06:54 - ==================================================
2025-09-29 13:06:54 - 
Experiment Configuration:
2025-09-29 13:06:54 - --------------------------------------------------
2025-09-29 13:06:54 - electrode_list: all
2025-09-29 13:06:54 - fusion_method: none
2025-09-29 13:06:54 - domain_adaptation: none
2025-09-29 13:06:54 - use_enhanced_preprocessing: True
2025-09-29 13:06:54 - batch_size: 128
2025-09-29 13:06:54 - max_epochs: 500
2025-09-29 13:06:54 - learning_rate: 0.01
2025-09-29 13:06:54 - weight_decay: 0.0001
2025-09-29 13:06:54 - dropout_rate: 0.25
2025-09-29 13:06:54 - use_data_augmentation: True
2025-09-29 13:06:54 - noise_std: 0.005
2025-09-29 13:06:54 - time_shift_range: 5
2025-09-29 13:06:54 - label_smoothing: 0.05
2025-09-29 13:06:54 - trials_per_subject_P3: 10
2025-09-29 13:06:54 - trials_per_subject_AVO: 80
2025-09-29 13:06:54 - train/val/test: (0.7, 0.1, 0.2)
2025-09-29 13:06:54 - device_mode: cuda
2025-09-29 13:06:54 - --------------------------------------------------
2025-09-29 13:06:54 - 
==================================================
2025-09-29 13:06:54 - Running Nested Cross-Validation with TF-DWT
2025-09-29 13:06:54 - ==================================================
2025-09-29 13:06:54 - Loading dataset for CV: P3
2025-09-29 13:06:54 - Subject P3_sub-001: Sampled 10/80 trials
2025-09-29 13:06:54 -   Original distribution: {np.int64(0): np.float64(0.5), np.int64(1): np.float64(0.5)}
2025-09-29 13:06:54 -   Sampled distribution: {np.int64(0): np.float64(0.5), np.int64(1): np.float64(0.5)}
2025-09-29 13:06:54 - Subject P3_sub-002: Sampled 10/80 trials
2025-09-29 13:06:54 -   Original distribution: {np.int64(0): np.float64(0.5), np.int64(1): np.float64(0.5)}
2025-09-29 13:06:54 -   Sampled distribution: {np.int64(0): np.float64(0.5), np.int64(1): np.float64(0.5)}
2025-09-29 13:06:55 - Subject P3_sub-003: Sampled 10/80 trials
2025-09-29 13:06:55 -   Original distribution: {np.int64(0): np.float64(0.5), np.int64(1): np.float64(0.5)}
2025-09-29 13:06:55 -   Sampled distribution: {np.int64(0): np.float64(0.5), np.int64(1): np.float64(0.5)}
2025-09-29 13:06:55 - Subject P3_sub-004: Sampled 10/78 trials
2025-09-29 13:06:55 -   Original distribution: {np.int64(0): np.float64(0.5), np.int64(1): np.float64(0.5)}
2025-09-29 13:06:55 -   Sampled distribution: {np.int64(0): np.float64(0.5), np.int64(1): np.float64(0.5)}
2025-09-29 13:06:55 - Subject P3_sub-005: Sampled 10/80 trials
2025-09-29 13:06:55 -   Original distribution: {np.int64(0): np.float64(0.5), np.int64(1): np.float64(0.5)}
2025-09-29 13:06:55 -   Sampled distribution: {np.int64(0): np.float64(0.5), np.int64(1): np.float64(0.5)}
2025-09-29 13:06:55 - Subject P3_sub-006: Sampled 10/80 trials
2025-09-29 13:06:55 -   Original distribution: {np.int64(0): np.float64(0.5), np.int64(1): np.float64(0.5)}
2025-09-29 13:06:55 -   Sampled distribution: {np.int64(0): np.float64(0.5), np.int64(1): np.float64(0.5)}
2025-09-29 13:06:55 - Subject P3_sub-007: Sampled 10/80 trials
2025-09-29 13:06:55 -   Original distribution: {np.int64(0): np.float64(0.5), np.int64(1): np.float64(0.5)}
2025-09-29 13:06:55 -   Sampled distribution: {np.int64(0): np.float64(0.5), np.int64(1): np.float64(0.5)}
2025-09-29 13:06:55 - Subject P3_sub-008: Sampled 10/80 trials
2025-09-29 13:06:55 -   Original distribution: {np.int64(0): np.float64(0.5), np.int64(1): np.float64(0.5)}
2025-09-29 13:06:55 -   Sampled distribution: {np.int64(0): np.float64(0.5), np.int64(1): np.float64(0.5)}
2025-09-29 13:06:56 - Subject P3_sub-009: Sampled 10/80 trials
2025-09-29 13:06:56 -   Original distribution: {np.int64(0): np.float64(0.5), np.int64(1): np.float64(0.5)}
2025-09-29 13:06:56 -   Sampled distribution: {np.int64(0): np.float64(0.5), np.int64(1): np.float64(0.5)}
2025-09-29 13:06:56 - Subject P3_sub-010: Sampled 10/80 trials
2025-09-29 13:06:56 -   Original distribution: {np.int64(0): np.float64(0.5), np.int64(1): np.float64(0.5)}
2025-09-29 13:06:56 -   Sampled distribution: {np.int64(0): np.float64(0.5), np.int64(1): np.float64(0.5)}
2025-09-29 13:06:56 - Subject P3_sub-011: Sampled 10/80 trials
2025-09-29 13:06:56 -   Original distribution: {np.int64(0): np.float64(0.5), np.int64(1): np.float64(0.5)}
2025-09-29 13:06:56 -   Sampled distribution: {np.int64(0): np.float64(0.5), np.int64(1): np.float64(0.5)}
2025-09-29 13:06:56 - Subject P3_sub-012: Sampled 10/78 trials
2025-09-29 13:06:56 -   Original distribution: {np.int64(0): np.float64(0.5), np.int64(1): np.float64(0.5)}
2025-09-29 13:06:56 -   Sampled distribution: {np.int64(0): np.float64(0.5), np.int64(1): np.float64(0.5)}
2025-09-29 13:06:56 - Subject P3_sub-013: Sampled 10/80 trials
2025-09-29 13:06:56 -   Original distribution: {np.int64(0): np.float64(0.5), np.int64(1): np.float64(0.5)}
2025-09-29 13:06:56 -   Sampled distribution: {np.int64(0): np.float64(0.5), np.int64(1): np.float64(0.5)}
2025-09-29 13:06:56 - Subject P3_sub-014: Sampled 10/80 trials
2025-09-29 13:06:56 -   Original distribution: {np.int64(0): np.float64(0.5), np.int64(1): np.float64(0.5)}
2025-09-29 13:06:56 -   Sampled distribution: {np.int64(0): np.float64(0.5), np.int64(1): np.float64(0.5)}
2025-09-29 13:06:56 - Subject P3_sub-015: Sampled 10/80 trials
2025-09-29 13:06:56 -   Original distribution: {np.int64(0): np.float64(0.5), np.int64(1): np.float64(0.5)}
2025-09-29 13:06:56 -   Sampled distribution: {np.int64(0): np.float64(0.5), np.int64(1): np.float64(0.5)}
2025-09-29 13:06:57 - Subject P3_sub-016: Sampled 10/80 trials
2025-09-29 13:06:57 -   Original distribution: {np.int64(0): np.float64(0.5), np.int64(1): np.float64(0.5)}
2025-09-29 13:06:57 -   Sampled distribution: {np.int64(0): np.float64(0.5), np.int64(1): np.float64(0.5)}
2025-09-29 13:06:57 - Subject P3_sub-017: Sampled 10/80 trials
2025-09-29 13:06:57 -   Original distribution: {np.int64(0): np.float64(0.5), np.int64(1): np.float64(0.5)}
2025-09-29 13:06:57 -   Sampled distribution: {np.int64(0): np.float64(0.5), np.int64(1): np.float64(0.5)}
2025-09-29 13:06:57 - Subject P3_sub-018: Sampled 10/80 trials
2025-09-29 13:06:57 -   Original distribution: {np.int64(0): np.float64(0.5), np.int64(1): np.float64(0.5)}
2025-09-29 13:06:57 -   Sampled distribution: {np.int64(0): np.float64(0.5), np.int64(1): np.float64(0.5)}
2025-09-29 13:06:57 - Subject P3_sub-019: Sampled 10/80 trials
2025-09-29 13:06:57 -   Original distribution: {np.int64(0): np.float64(0.5), np.int64(1): np.float64(0.5)}
2025-09-29 13:06:57 -   Sampled distribution: {np.int64(0): np.float64(0.5), np.int64(1): np.float64(0.5)}
2025-09-29 13:06:57 - Subject P3_sub-020: Sampled 10/78 trials
2025-09-29 13:06:57 -   Original distribution: {np.int64(0): np.float64(0.5), np.int64(1): np.float64(0.5)}
2025-09-29 13:06:57 -   Sampled distribution: {np.int64(0): np.float64(0.5), np.int64(1): np.float64(0.5)}
2025-09-29 13:06:57 - Subject P3_sub-021: Sampled 10/80 trials
2025-09-29 13:06:57 -   Original distribution: {np.int64(0): np.float64(0.5), np.int64(1): np.float64(0.5)}
2025-09-29 13:06:57 -   Sampled distribution: {np.int64(0): np.float64(0.5), np.int64(1): np.float64(0.5)}
2025-09-29 13:06:57 - Subject P3_sub-022: Sampled 10/80 trials
2025-09-29 13:06:57 -   Original distribution: {np.int64(0): np.float64(0.5), np.int64(1): np.float64(0.5)}
2025-09-29 13:06:57 -   Sampled distribution: {np.int64(0): np.float64(0.5), np.int64(1): np.float64(0.5)}
2025-09-29 13:06:58 - Subject P3_sub-023: Sampled 10/78 trials
2025-09-29 13:06:58 -   Original distribution: {np.int64(0): np.float64(0.5), np.int64(1): np.float64(0.5)}
2025-09-29 13:06:58 -   Sampled distribution: {np.int64(0): np.float64(0.5), np.int64(1): np.float64(0.5)}
2025-09-29 13:06:58 - Subject P3_sub-024: Sampled 10/80 trials
2025-09-29 13:06:58 -   Original distribution: {np.int64(0): np.float64(0.5), np.int64(1): np.float64(0.5)}
2025-09-29 13:06:58 -   Sampled distribution: {np.int64(0): np.float64(0.5), np.int64(1): np.float64(0.5)}
2025-09-29 13:06:58 - Subject P3_sub-025: Sampled 10/80 trials
2025-09-29 13:06:58 -   Original distribution: {np.int64(0): np.float64(0.5), np.int64(1): np.float64(0.5)}
2025-09-29 13:06:58 -   Sampled distribution: {np.int64(0): np.float64(0.5), np.int64(1): np.float64(0.5)}
2025-09-29 13:06:58 - Subject P3_sub-026: Sampled 10/80 trials
2025-09-29 13:06:58 -   Original distribution: {np.int64(0): np.float64(0.5), np.int64(1): np.float64(0.5)}
2025-09-29 13:06:58 -   Sampled distribution: {np.int64(0): np.float64(0.5), np.int64(1): np.float64(0.5)}
2025-09-29 13:06:58 - Subject P3_sub-027: Sampled 10/80 trials
2025-09-29 13:06:58 -   Original distribution: {np.int64(0): np.float64(0.5), np.int64(1): np.float64(0.5)}
2025-09-29 13:06:58 -   Sampled distribution: {np.int64(0): np.float64(0.5), np.int64(1): np.float64(0.5)}
2025-09-29 13:06:58 - Subject P3_sub-028: Sampled 10/80 trials
2025-09-29 13:06:58 -   Original distribution: {np.int64(0): np.float64(0.5), np.int64(1): np.float64(0.5)}
2025-09-29 13:06:58 -   Sampled distribution: {np.int64(0): np.float64(0.5), np.int64(1): np.float64(0.5)}
2025-09-29 13:06:58 - Subject P3_sub-029: Sampled 10/80 trials
2025-09-29 13:06:58 -   Original distribution: {np.int64(0): np.float64(0.5), np.int64(1): np.float64(0.5)}
2025-09-29 13:06:58 -   Sampled distribution: {np.int64(0): np.float64(0.5), np.int64(1): np.float64(0.5)}
2025-09-29 13:06:59 - Subject P3_sub-030: Sampled 10/80 trials
2025-09-29 13:06:59 -   Original distribution: {np.int64(0): np.float64(0.5), np.int64(1): np.float64(0.5)}
2025-09-29 13:06:59 -   Sampled distribution: {np.int64(0): np.float64(0.5), np.int64(1): np.float64(0.5)}
2025-09-29 13:06:59 - Subject P3_sub-031: Sampled 10/80 trials
2025-09-29 13:06:59 -   Original distribution: {np.int64(0): np.float64(0.5), np.int64(1): np.float64(0.5)}
2025-09-29 13:06:59 -   Sampled distribution: {np.int64(0): np.float64(0.5), np.int64(1): np.float64(0.5)}
2025-09-29 13:06:59 - Subject P3_sub-032: Sampled 10/80 trials
2025-09-29 13:06:59 -   Original distribution: {np.int64(0): np.float64(0.5), np.int64(1): np.float64(0.5)}
2025-09-29 13:06:59 -   Sampled distribution: {np.int64(0): np.float64(0.5), np.int64(1): np.float64(0.5)}
2025-09-29 13:06:59 - Subject P3_sub-033: Sampled 10/80 trials
2025-09-29 13:06:59 -   Original distribution: {np.int64(0): np.float64(0.5), np.int64(1): np.float64(0.5)}
2025-09-29 13:06:59 -   Sampled distribution: {np.int64(0): np.float64(0.5), np.int64(1): np.float64(0.5)}
2025-09-29 13:06:59 - Subject P3_sub-034: Sampled 10/80 trials
2025-09-29 13:06:59 -   Original distribution: {np.int64(0): np.float64(0.5), np.int64(1): np.float64(0.5)}
2025-09-29 13:06:59 -   Sampled distribution: {np.int64(0): np.float64(0.5), np.int64(1): np.float64(0.5)}
2025-09-29 13:06:59 - Subject P3_sub-035: Sampled 10/78 trials
2025-09-29 13:06:59 -   Original distribution: {np.int64(0): np.float64(0.5), np.int64(1): np.float64(0.5)}
2025-09-29 13:06:59 -   Sampled distribution: {np.int64(0): np.float64(0.5), np.int64(1): np.float64(0.5)}
2025-09-29 13:07:00 - Subject P3_sub-036: Sampled 10/80 trials
2025-09-29 13:07:00 -   Original distribution: {np.int64(0): np.float64(0.5), np.int64(1): np.float64(0.5)}
2025-09-29 13:07:00 -   Sampled distribution: {np.int64(0): np.float64(0.5), np.int64(1): np.float64(0.5)}
2025-09-29 13:07:00 - Subject P3_sub-037: Sampled 10/78 trials
2025-09-29 13:07:00 -   Original distribution: {np.int64(0): np.float64(0.5), np.int64(1): np.float64(0.5)}
2025-09-29 13:07:00 -   Sampled distribution: {np.int64(0): np.float64(0.5), np.int64(1): np.float64(0.5)}
2025-09-29 13:07:00 - Subject P3_sub-038: Sampled 10/80 trials
2025-09-29 13:07:00 -   Original distribution: {np.int64(0): np.float64(0.5), np.int64(1): np.float64(0.5)}
2025-09-29 13:07:00 -   Sampled distribution: {np.int64(0): np.float64(0.5), np.int64(1): np.float64(0.5)}
2025-09-29 13:07:00 - Subject P3_sub-039: Sampled 10/80 trials
2025-09-29 13:07:00 -   Original distribution: {np.int64(0): np.float64(0.5), np.int64(1): np.float64(0.5)}
2025-09-29 13:07:00 -   Sampled distribution: {np.int64(0): np.float64(0.5), np.int64(1): np.float64(0.5)}
2025-09-29 13:07:00 - Subject P3_sub-040: Sampled 10/80 trials
2025-09-29 13:07:00 -   Original distribution: {np.int64(0): np.float64(0.5), np.int64(1): np.float64(0.5)}
2025-09-29 13:07:00 -   Sampled distribution: {np.int64(0): np.float64(0.5), np.int64(1): np.float64(0.5)}
2025-09-29 13:07:00 - Loading dataset for CV: AVO
2025-09-29 13:07:11 - Subject AVO_038: Sampled 80/100 trials
2025-09-29 13:07:11 -   Original distribution: {np.int64(0): np.float64(0.5), np.int64(1): np.float64(0.5)}
2025-09-29 13:07:11 -   Sampled distribution: {np.int64(0): np.float64(0.5), np.int64(1): np.float64(0.5)}
2025-09-29 13:07:12 - Subject AVO_032: Sampled 80/96 trials
2025-09-29 13:07:12 -   Original distribution: {np.int64(0): np.float64(0.5), np.int64(1): np.float64(0.5)}
2025-09-29 13:07:12 -   Sampled distribution: {np.int64(0): np.float64(0.5), np.int64(1): np.float64(0.5)}
2025-09-29 13:07:12 - Subject AVO_047: Sampled 80/94 trials
2025-09-29 13:07:12 -   Original distribution: {np.int64(0): np.float64(0.5), np.int64(1): np.float64(0.5)}
2025-09-29 13:07:12 -   Sampled distribution: {np.int64(0): np.float64(0.5), np.int64(1): np.float64(0.5)}
2025-09-29 13:07:12 - Subject AVO_024: Sampled 80/92 trials
2025-09-29 13:07:12 -   Original distribution: {np.int64(0): np.float64(0.5), np.int64(1): np.float64(0.5)}
2025-09-29 13:07:12 -   Sampled distribution: {np.int64(0): np.float64(0.5), np.int64(1): np.float64(0.5)}
2025-09-29 13:07:12 - Subject AVO_003: Sampled 80/88 trials
2025-09-29 13:07:12 -   Original distribution: {np.int64(0): np.float64(0.5), np.int64(1): np.float64(0.5)}
2025-09-29 13:07:12 -   Sampled distribution: {np.int64(0): np.float64(0.5), np.int64(1): np.float64(0.5)}
2025-09-29 13:07:12 - Subject AVO_031: Sampled 80/88 trials
2025-09-29 13:07:12 -   Original distribution: {np.int64(0): np.float64(0.5), np.int64(1): np.float64(0.5)}
2025-09-29 13:07:12 -   Sampled distribution: {np.int64(0): np.float64(0.5), np.int64(1): np.float64(0.5)}
2025-09-29 13:07:12 - Subject AVO_035: Sampled 80/88 trials
2025-09-29 13:07:12 -   Original distribution: {np.int64(0): np.float64(0.5), np.int64(1): np.float64(0.5)}
2025-09-29 13:07:12 -   Sampled distribution: {np.int64(0): np.float64(0.5), np.int64(1): np.float64(0.5)}
2025-09-29 13:07:12 - Subject AVO_048: Sampled 80/88 trials
2025-09-29 13:07:12 -   Original distribution: {np.int64(0): np.float64(0.5), np.int64(1): np.float64(0.5)}
2025-09-29 13:07:12 -   Sampled distribution: {np.int64(0): np.float64(0.5), np.int64(1): np.float64(0.5)}
2025-09-29 13:07:12 - Subject AVO_037: Sampled 80/86 trials
2025-09-29 13:07:12 -   Original distribution: {np.int64(0): np.float64(0.5), np.int64(1): np.float64(0.5)}
2025-09-29 13:07:12 -   Sampled distribution: {np.int64(0): np.float64(0.5), np.int64(1): np.float64(0.5)}
2025-09-29 13:07:12 - Subject AVO_041: Sampled 80/86 trials
2025-09-29 13:07:12 -   Original distribution: {np.int64(0): np.float64(0.5), np.int64(1): np.float64(0.5)}
2025-09-29 13:07:12 -   Sampled distribution: {np.int64(0): np.float64(0.5), np.int64(1): np.float64(0.5)}
2025-09-29 13:07:13 - Subject AVO_004: Sampled 80/84 trials
2025-09-29 13:07:13 -   Original distribution: {np.int64(0): np.float64(0.5), np.int64(1): np.float64(0.5)}
2025-09-29 13:07:13 -   Sampled distribution: {np.int64(0): np.float64(0.5), np.int64(1): np.float64(0.5)}
2025-09-29 13:07:13 - Subject AVO_029: Sampled 80/84 trials
2025-09-29 13:07:13 -   Original distribution: {np.int64(0): np.float64(0.5), np.int64(1): np.float64(0.5)}
2025-09-29 13:07:13 -   Sampled distribution: {np.int64(0): np.float64(0.5), np.int64(1): np.float64(0.5)}
2025-09-29 13:07:13 - Subject AVO_036: Sampled 80/84 trials
2025-09-29 13:07:13 -   Original distribution: {np.int64(0): np.float64(0.5), np.int64(1): np.float64(0.5)}
2025-09-29 13:07:13 -   Sampled distribution: {np.int64(0): np.float64(0.5), np.int64(1): np.float64(0.5)}
2025-09-29 13:07:13 - Subject AVO_040: Sampled 80/84 trials
2025-09-29 13:07:13 -   Original distribution: {np.int64(0): np.float64(0.5), np.int64(1): np.float64(0.5)}
2025-09-29 13:07:13 -   Sampled distribution: {np.int64(0): np.float64(0.5), np.int64(1): np.float64(0.5)}
2025-09-29 13:07:13 - Subject AVO_051: Sampled 80/84 trials
2025-09-29 13:07:13 -   Original distribution: {np.int64(0): np.float64(0.5), np.int64(1): np.float64(0.5)}
2025-09-29 13:07:13 -   Sampled distribution: {np.int64(0): np.float64(0.5), np.int64(1): np.float64(0.5)}
2025-09-29 13:07:13 - Subject AVO_026: Sampled 80/82 trials
2025-09-29 13:07:13 -   Original distribution: {np.int64(0): np.float64(0.5), np.int64(1): np.float64(0.5)}
2025-09-29 13:07:13 -   Sampled distribution: {np.int64(0): np.float64(0.5), np.int64(1): np.float64(0.5)}
2025-09-29 13:07:13 - Subject AVO_028: Sampled 80/82 trials
2025-09-29 13:07:13 -   Original distribution: {np.int64(0): np.float64(0.5), np.int64(1): np.float64(0.5)}
2025-09-29 13:07:13 -   Sampled distribution: {np.int64(0): np.float64(0.5), np.int64(1): np.float64(0.5)}
2025-09-29 13:07:16 - Combined dataset summary: total=3450, P3=400, AVO=3050
2025-09-29 13:07:16 - Repeat 1/5
2025-09-29 13:07:16 -   Fold 1/5
2025-09-29 13:07:17 - Fold domains: small=P3 (n=279), large=AVO (n=2136)
2025-09-29 13:07:17 - Auto adjustments (symmetric): w_small≈1.000, lambda_MMD_target=0.300, warmup_epochs=5
2025-09-29 13:07:17 - Epoch 1/500 | LR=0.010000 | w_AVO=1.000 | w_P3=1.353 | lambda_MMD=0.060
2025-09-29 13:07:17 - Epoch Summary: TrainLoss=1.5717 | TrainAcc=0.593 | Val(P3)=0.676 | Val(AVO)=0.640
2025-09-29 13:07:17 - New best P3-val; checkpoint updated
2025-09-29 13:07:17 - Epoch 2/500 | LR=0.010000 | w_AVO=1.000 | w_P3=1.707 | lambda_MMD=0.120
2025-09-29 13:07:17 - Epoch Summary: TrainLoss=1.7334 | TrainAcc=0.610 | Val(P3)=0.676 | Val(AVO)=0.643
2025-09-29 13:07:17 - No P3-val improvement; patience remaining: 49/50
2025-09-29 13:07:17 - Epoch 3/500 | LR=0.010000 | w_AVO=1.000 | w_P3=2.060 | lambda_MMD=0.180
2025-09-29 13:07:17 - Epoch Summary: TrainLoss=1.9005 | TrainAcc=0.625 | Val(P3)=0.706 | Val(AVO)=0.678
2025-09-29 13:07:17 - New best P3-val; checkpoint updated
2025-09-29 13:07:17 - Epoch 4/500 | LR=0.009999 | w_AVO=1.000 | w_P3=2.414 | lambda_MMD=0.240
2025-09-29 13:07:18 - Epoch Summary: TrainLoss=2.1053 | TrainAcc=0.622 | Val(P3)=0.706 | Val(AVO)=0.666
2025-09-29 13:07:18 - No P3-val improvement; patience remaining: 49/50
2025-09-29 13:07:18 - Epoch 5/500 | LR=0.009998 | w_AVO=1.000 | w_P3=2.767 | lambda_MMD=0.300
2025-09-29 13:07:18 - Epoch Summary: TrainLoss=2.2676 | TrainAcc=0.634 | Val(P3)=0.588 | Val(AVO)=0.669
2025-09-29 13:07:18 - No P3-val improvement; patience remaining: 48/50
2025-09-29 13:07:18 - Epoch 6/500 | LR=0.009998 | w_AVO=1.000 | w_P3=2.767 | lambda_MMD=0.300
2025-09-29 13:07:18 - Epoch Summary: TrainLoss=2.2636 | TrainAcc=0.637 | Val(P3)=0.618 | Val(AVO)=0.675
2025-09-29 13:07:18 - No P3-val improvement; patience remaining: 47/50
2025-09-29 13:07:18 - Epoch 7/500 | LR=0.009996 | w_AVO=1.000 | w_P3=2.767 | lambda_MMD=0.300
2025-09-29 13:07:18 - Epoch Summary: TrainLoss=2.1528 | TrainAcc=0.628 | Val(P3)=0.618 | Val(AVO)=0.643
2025-09-29 13:07:18 - No P3-val improvement; patience remaining: 46/50
2025-09-29 13:07:18 - Epoch 8/500 | LR=0.009995 | w_AVO=1.000 | w_P3=2.767 | lambda_MMD=0.300
2025-09-29 13:07:18 - Epoch Summary: TrainLoss=2.0739 | TrainAcc=0.634 | Val(P3)=0.588 | Val(AVO)=0.659
2025-09-29 13:07:18 - No P3-val improvement; patience remaining: 45/50
2025-09-29 13:07:18 - Epoch 9/500 | LR=0.009994 | w_AVO=1.000 | w_P3=2.767 | lambda_MMD=0.300
2025-09-29 13:07:18 - Epoch Summary: TrainLoss=2.0610 | TrainAcc=0.627 | Val(P3)=0.559 | Val(AVO)=0.633
2025-09-29 13:07:18 - No P3-val improvement; patience remaining: 44/50
2025-09-29 13:07:18 - P3 val decreasing 3x. Reducing w_small to 2.214, lambda_MMD to 0.150
2025-09-29 13:07:18 - Epoch 10/500 | LR=0.009992 | w_AVO=1.000 | w_P3=2.214 | lambda_MMD=0.150
2025-09-29 13:07:19 - Epoch Summary: TrainLoss=1.7243 | TrainAcc=0.638 | Val(P3)=0.529 | Val(AVO)=0.659
2025-09-29 13:07:19 - No P3-val improvement; patience remaining: 43/50
2025-09-29 13:07:19 - P3 val decreasing 3x. Reducing w_small to 2.214, lambda_MMD to 0.150
2025-09-29 13:07:19 - Epoch 11/500 | LR=0.009990 | w_AVO=1.000 | w_P3=2.214 | lambda_MMD=0.150
2025-09-29 13:07:19 - Epoch Summary: TrainLoss=1.7324 | TrainAcc=0.630 | Val(P3)=0.588 | Val(AVO)=0.643
2025-09-29 13:07:19 - No P3-val improvement; patience remaining: 42/50
2025-09-29 13:07:19 - Epoch 12/500 | LR=0.009988 | w_AVO=1.000 | w_P3=2.767 | lambda_MMD=0.300
2025-09-29 13:07:19 - Epoch Summary: TrainLoss=1.9530 | TrainAcc=0.640 | Val(P3)=0.647 | Val(AVO)=0.621
2025-09-29 13:07:19 - No P3-val improvement; patience remaining: 41/50
2025-09-29 13:07:19 - AVO val decreasing 3x. Reducing lambda_MMD to 0.210
2025-09-29 13:07:19 - Epoch 13/500 | LR=0.009986 | w_AVO=1.000 | w_P3=2.767 | lambda_MMD=0.210
2025-09-29 13:07:19 - Epoch Summary: TrainLoss=1.9004 | TrainAcc=0.635 | Val(P3)=0.559 | Val(AVO)=0.678
2025-09-29 13:07:19 - No P3-val improvement; patience remaining: 40/50
2025-09-29 13:07:19 - Epoch 14/500 | LR=0.009983 | w_AVO=1.000 | w_P3=2.767 | lambda_MMD=0.300
2025-09-29 13:07:19 - Epoch Summary: TrainLoss=1.8586 | TrainAcc=0.636 | Val(P3)=0.559 | Val(AVO)=0.637
2025-09-29 13:07:19 - No P3-val improvement; patience remaining: 39/50
2025-09-29 13:07:19 - Epoch 15/500 | LR=0.009981 | w_AVO=1.000 | w_P3=2.767 | lambda_MMD=0.300
2025-09-29 13:07:19 - Epoch Summary: TrainLoss=1.8409 | TrainAcc=0.636 | Val(P3)=0.529 | Val(AVO)=0.650
2025-09-29 13:07:19 - No P3-val improvement; patience remaining: 38/50
2025-09-29 13:07:19 - Epoch 16/500 | LR=0.009978 | w_AVO=1.000 | w_P3=2.767 | lambda_MMD=0.300
2025-09-29 13:07:20 - Epoch Summary: TrainLoss=1.8107 | TrainAcc=0.630 | Val(P3)=0.618 | Val(AVO)=0.656
2025-09-29 13:07:20 - No P3-val improvement; patience remaining: 37/50
2025-09-29 13:07:20 - Epoch 17/500 | LR=0.009975 | w_AVO=1.000 | w_P3=2.767 | lambda_MMD=0.300
2025-09-29 13:07:20 - Epoch Summary: TrainLoss=1.7679 | TrainAcc=0.632 | Val(P3)=0.529 | Val(AVO)=0.685
2025-09-29 13:07:20 - No P3-val improvement; patience remaining: 36/50
2025-09-29 13:07:20 - Epoch 18/500 | LR=0.009972 | w_AVO=1.000 | w_P3=2.767 | lambda_MMD=0.300
2025-09-29 13:07:20 - Epoch Summary: TrainLoss=1.6689 | TrainAcc=0.647 | Val(P3)=0.588 | Val(AVO)=0.682
2025-09-29 13:07:20 - No P3-val improvement; patience remaining: 35/50
2025-09-29 13:07:20 - Epoch 19/500 | LR=0.009968 | w_AVO=1.000 | w_P3=2.767 | lambda_MMD=0.300
2025-09-29 13:07:20 - Epoch Summary: TrainLoss=1.6692 | TrainAcc=0.650 | Val(P3)=0.529 | Val(AVO)=0.601
2025-09-29 13:07:20 - No P3-val improvement; patience remaining: 34/50
2025-09-29 13:07:20 - AVO val decreasing 3x. Reducing lambda_MMD to 0.210
2025-09-29 13:07:20 - Epoch 20/500 | LR=0.009964 | w_AVO=1.000 | w_P3=2.767 | lambda_MMD=0.210
2025-09-29 13:07:20 - Epoch Summary: TrainLoss=1.6304 | TrainAcc=0.651 | Val(P3)=0.559 | Val(AVO)=0.621
2025-09-29 13:07:20 - No P3-val improvement; patience remaining: 33/50
2025-09-29 13:07:20 - Epoch 21/500 | LR=0.009961 | w_AVO=1.000 | w_P3=2.767 | lambda_MMD=0.300
2025-09-29 13:07:20 - Epoch Summary: TrainLoss=1.5810 | TrainAcc=0.638 | Val(P3)=0.559 | Val(AVO)=0.656
2025-09-29 13:07:20 - No P3-val improvement; patience remaining: 32/50
2025-09-29 13:07:20 - Epoch 22/500 | LR=0.009957 | w_AVO=1.000 | w_P3=2.767 | lambda_MMD=0.300
2025-09-29 13:07:21 - Epoch Summary: TrainLoss=1.6021 | TrainAcc=0.656 | Val(P3)=0.559 | Val(AVO)=0.656
2025-09-29 13:07:21 - No P3-val improvement; patience remaining: 31/50
2025-09-29 13:07:21 - Epoch 23/500 | LR=0.009952 | w_AVO=1.000 | w_P3=2.767 | lambda_MMD=0.300
2025-09-29 13:07:21 - Epoch Summary: TrainLoss=1.4684 | TrainAcc=0.655 | Val(P3)=0.529 | Val(AVO)=0.659
2025-09-29 13:07:21 - No P3-val improvement; patience remaining: 30/50
2025-09-29 13:07:21 - Epoch 24/500 | LR=0.009948 | w_AVO=1.000 | w_P3=2.767 | lambda_MMD=0.300
2025-09-29 13:07:21 - Epoch Summary: TrainLoss=1.4618 | TrainAcc=0.662 | Val(P3)=0.559 | Val(AVO)=0.675
2025-09-29 13:07:21 - No P3-val improvement; patience remaining: 29/50
2025-09-29 13:07:21 - Epoch 25/500 | LR=0.009943 | w_AVO=1.000 | w_P3=2.767 | lambda_MMD=0.300
2025-09-29 13:07:21 - Epoch Summary: TrainLoss=1.4350 | TrainAcc=0.654 | Val(P3)=0.529 | Val(AVO)=0.691
2025-09-29 13:07:21 - No P3-val improvement; patience remaining: 28/50
2025-09-29 13:07:21 - Epoch 26/500 | LR=0.009938 | w_AVO=1.000 | w_P3=2.767 | lambda_MMD=0.300
2025-09-29 13:07:21 - Epoch Summary: TrainLoss=1.3721 | TrainAcc=0.665 | Val(P3)=0.529 | Val(AVO)=0.640
2025-09-29 13:07:21 - No P3-val improvement; patience remaining: 27/50
2025-09-29 13:07:21 - Epoch 27/500 | LR=0.009933 | w_AVO=1.000 | w_P3=2.767 | lambda_MMD=0.300
2025-09-29 13:07:21 - Epoch Summary: TrainLoss=1.3664 | TrainAcc=0.665 | Val(P3)=0.529 | Val(AVO)=0.675
2025-09-29 13:07:21 - No P3-val improvement; patience remaining: 26/50
2025-09-29 13:07:21 - Epoch 28/500 | LR=0.009928 | w_AVO=1.000 | w_P3=2.767 | lambda_MMD=0.300
2025-09-29 13:07:22 - Epoch Summary: TrainLoss=1.3382 | TrainAcc=0.649 | Val(P3)=0.559 | Val(AVO)=0.688
2025-09-29 13:07:22 - No P3-val improvement; patience remaining: 25/50
2025-09-29 13:07:22 - Epoch 29/500 | LR=0.009923 | w_AVO=1.000 | w_P3=2.767 | lambda_MMD=0.300
2025-09-29 13:07:22 - Epoch Summary: TrainLoss=1.3410 | TrainAcc=0.666 | Val(P3)=0.529 | Val(AVO)=0.669
2025-09-29 13:07:22 - No P3-val improvement; patience remaining: 24/50
2025-09-29 13:07:22 - Epoch 30/500 | LR=0.009917 | w_AVO=1.000 | w_P3=2.767 | lambda_MMD=0.300
2025-09-29 13:07:22 - Epoch Summary: TrainLoss=1.2978 | TrainAcc=0.676 | Val(P3)=0.559 | Val(AVO)=0.691
2025-09-29 13:07:22 - No P3-val improvement; patience remaining: 23/50
2025-09-29 13:07:22 - Epoch 31/500 | LR=0.009911 | w_AVO=1.000 | w_P3=2.767 | lambda_MMD=0.300
2025-09-29 13:07:22 - Epoch Summary: TrainLoss=1.2426 | TrainAcc=0.674 | Val(P3)=0.559 | Val(AVO)=0.675
2025-09-29 13:07:22 - No P3-val improvement; patience remaining: 22/50
2025-09-29 13:07:22 - Epoch 32/500 | LR=0.009905 | w_AVO=1.000 | w_P3=2.767 | lambda_MMD=0.300
2025-09-29 13:07:22 - Epoch Summary: TrainLoss=1.2772 | TrainAcc=0.670 | Val(P3)=0.500 | Val(AVO)=0.672
2025-09-29 13:07:22 - No P3-val improvement; patience remaining: 21/50
2025-09-29 13:07:22 - AVO val decreasing 3x. Reducing lambda_MMD to 0.210
2025-09-29 13:07:22 - Epoch 33/500 | LR=0.009899 | w_AVO=1.000 | w_P3=2.767 | lambda_MMD=0.210
2025-09-29 13:07:23 - Epoch Summary: TrainLoss=1.2057 | TrainAcc=0.670 | Val(P3)=0.529 | Val(AVO)=0.637
2025-09-29 13:07:23 - No P3-val improvement; patience remaining: 20/50
2025-09-29 13:07:23 - AVO val decreasing 3x. Reducing lambda_MMD to 0.210
2025-09-29 13:07:23 - Epoch 34/500 | LR=0.009893 | w_AVO=1.000 | w_P3=2.767 | lambda_MMD=0.210
2025-09-29 13:07:23 - Epoch Summary: TrainLoss=1.2124 | TrainAcc=0.659 | Val(P3)=0.529 | Val(AVO)=0.675
2025-09-29 13:07:23 - No P3-val improvement; patience remaining: 19/50
2025-09-29 13:07:23 - Epoch 35/500 | LR=0.009886 | w_AVO=1.000 | w_P3=2.767 | lambda_MMD=0.300
2025-09-29 13:07:23 - Epoch Summary: TrainLoss=1.1851 | TrainAcc=0.665 | Val(P3)=0.500 | Val(AVO)=0.672
2025-09-29 13:07:23 - No P3-val improvement; patience remaining: 18/50
2025-09-29 13:07:23 - Epoch 36/500 | LR=0.009880 | w_AVO=1.000 | w_P3=2.767 | lambda_MMD=0.300
2025-09-29 13:07:23 - Epoch Summary: TrainLoss=1.1702 | TrainAcc=0.677 | Val(P3)=0.559 | Val(AVO)=0.646
2025-09-29 13:07:23 - No P3-val improvement; patience remaining: 17/50
2025-09-29 13:07:23 - AVO val decreasing 3x. Reducing lambda_MMD to 0.210
2025-09-29 13:07:23 - Epoch 37/500 | LR=0.009873 | w_AVO=1.000 | w_P3=2.767 | lambda_MMD=0.210
2025-09-29 13:07:23 - Epoch Summary: TrainLoss=1.1061 | TrainAcc=0.681 | Val(P3)=0.529 | Val(AVO)=0.695
2025-09-29 13:07:23 - No P3-val improvement; patience remaining: 16/50
2025-09-29 13:07:23 - Epoch 38/500 | LR=0.009865 | w_AVO=1.000 | w_P3=2.767 | lambda_MMD=0.300
2025-09-29 13:07:23 - Epoch Summary: TrainLoss=1.0768 | TrainAcc=0.685 | Val(P3)=0.529 | Val(AVO)=0.685
2025-09-29 13:07:23 - No P3-val improvement; patience remaining: 15/50
2025-09-29 13:07:23 - Epoch 39/500 | LR=0.009858 | w_AVO=1.000 | w_P3=2.767 | lambda_MMD=0.300
2025-09-29 13:07:24 - Epoch Summary: TrainLoss=1.0888 | TrainAcc=0.683 | Val(P3)=0.529 | Val(AVO)=0.656
2025-09-29 13:07:24 - No P3-val improvement; patience remaining: 14/50
2025-09-29 13:07:24 - AVO val decreasing 3x. Reducing lambda_MMD to 0.210
2025-09-29 13:07:24 - Epoch 40/500 | LR=0.009851 | w_AVO=1.000 | w_P3=2.767 | lambda_MMD=0.210
2025-09-29 13:07:24 - Epoch Summary: TrainLoss=1.0424 | TrainAcc=0.678 | Val(P3)=0.529 | Val(AVO)=0.711
2025-09-29 13:07:24 - No P3-val improvement; patience remaining: 13/50
2025-09-29 13:07:24 - Epoch 41/500 | LR=0.009843 | w_AVO=1.000 | w_P3=2.767 | lambda_MMD=0.300
2025-09-29 13:07:24 - Epoch Summary: TrainLoss=1.0212 | TrainAcc=0.683 | Val(P3)=0.500 | Val(AVO)=0.637
2025-09-29 13:07:24 - No P3-val improvement; patience remaining: 12/50
2025-09-29 13:07:24 - Epoch 42/500 | LR=0.009835 | w_AVO=1.000 | w_P3=2.767 | lambda_MMD=0.300
2025-09-29 13:07:24 - Epoch Summary: TrainLoss=1.0218 | TrainAcc=0.687 | Val(P3)=0.529 | Val(AVO)=0.688
2025-09-29 13:07:24 - No P3-val improvement; patience remaining: 11/50
2025-09-29 13:07:24 - Epoch 43/500 | LR=0.009827 | w_AVO=1.000 | w_P3=2.767 | lambda_MMD=0.300
2025-09-29 13:07:24 - Epoch Summary: TrainLoss=0.9978 | TrainAcc=0.690 | Val(P3)=0.500 | Val(AVO)=0.659
2025-09-29 13:07:24 - No P3-val improvement; patience remaining: 10/50
2025-09-29 13:07:24 - Epoch 44/500 | LR=0.009819 | w_AVO=1.000 | w_P3=2.767 | lambda_MMD=0.300
2025-09-29 13:07:24 - Epoch Summary: TrainLoss=1.0058 | TrainAcc=0.694 | Val(P3)=0.559 | Val(AVO)=0.678
2025-09-29 13:07:24 - No P3-val improvement; patience remaining: 9/50
2025-09-29 13:07:24 - Epoch 45/500 | LR=0.009810 | w_AVO=1.000 | w_P3=2.767 | lambda_MMD=0.300
2025-09-29 13:07:25 - Epoch Summary: TrainLoss=0.9768 | TrainAcc=0.689 | Val(P3)=0.529 | Val(AVO)=0.691
2025-09-29 13:07:25 - No P3-val improvement; patience remaining: 8/50
2025-09-29 13:07:25 - Epoch 46/500 | LR=0.009801 | w_AVO=1.000 | w_P3=2.767 | lambda_MMD=0.300
2025-09-29 13:07:25 - Epoch Summary: TrainLoss=0.9426 | TrainAcc=0.701 | Val(P3)=0.559 | Val(AVO)=0.685
2025-09-29 13:07:25 - No P3-val improvement; patience remaining: 7/50
2025-09-29 13:07:25 - Epoch 47/500 | LR=0.009793 | w_AVO=1.000 | w_P3=2.767 | lambda_MMD=0.300
2025-09-29 13:07:25 - Epoch Summary: TrainLoss=0.9338 | TrainAcc=0.707 | Val(P3)=0.500 | Val(AVO)=0.688
2025-09-29 13:07:25 - No P3-val improvement; patience remaining: 6/50
2025-09-29 13:07:25 - Epoch 48/500 | LR=0.009784 | w_AVO=1.000 | w_P3=2.767 | lambda_MMD=0.300
2025-09-29 13:07:25 - Epoch Summary: TrainLoss=0.9816 | TrainAcc=0.694 | Val(P3)=0.471 | Val(AVO)=0.637
2025-09-29 13:07:25 - No P3-val improvement; patience remaining: 5/50
2025-09-29 13:07:25 - P3 val decreasing 3x. Reducing w_small to 2.214, lambda_MMD to 0.150
2025-09-29 13:07:25 - Epoch 49/500 | LR=0.009774 | w_AVO=1.000 | w_P3=2.214 | lambda_MMD=0.150
2025-09-29 13:07:25 - Epoch Summary: TrainLoss=0.8880 | TrainAcc=0.700 | Val(P3)=0.588 | Val(AVO)=0.682
2025-09-29 13:07:25 - No P3-val improvement; patience remaining: 4/50
2025-09-29 13:07:25 - Epoch 50/500 | LR=0.009765 | w_AVO=1.000 | w_P3=2.767 | lambda_MMD=0.300
2025-09-29 13:07:25 - Epoch Summary: TrainLoss=1.0024 | TrainAcc=0.692 | Val(P3)=0.471 | Val(AVO)=0.698
2025-09-29 13:07:25 - No P3-val improvement; patience remaining: 3/50
2025-09-29 13:07:25 - Epoch 51/500 | LR=0.009755 | w_AVO=1.000 | w_P3=2.767 | lambda_MMD=0.300
2025-09-29 13:07:26 - Epoch Summary: TrainLoss=0.9244 | TrainAcc=0.694 | Val(P3)=0.529 | Val(AVO)=0.691
2025-09-29 13:07:26 - No P3-val improvement; patience remaining: 2/50
2025-09-29 13:07:26 - Epoch 52/500 | LR=0.009745 | w_AVO=1.000 | w_P3=2.767 | lambda_MMD=0.300
2025-09-29 13:07:26 - Epoch Summary: TrainLoss=0.8988 | TrainAcc=0.717 | Val(P3)=0.441 | Val(AVO)=0.678
2025-09-29 13:07:26 - No P3-val improvement; patience remaining: 1/50
2025-09-29 13:07:26 - AVO val decreasing 3x. Reducing lambda_MMD to 0.210
2025-09-29 13:07:26 - Epoch 53/500 | LR=0.009735 | w_AVO=1.000 | w_P3=2.767 | lambda_MMD=0.210
2025-09-29 13:07:26 - Epoch Summary: TrainLoss=0.9367 | TrainAcc=0.684 | Val(P3)=0.559 | Val(AVO)=0.650
2025-09-29 13:07:26 - No P3-val improvement; patience remaining: 0/50
2025-09-29 13:07:26 - Early stopping triggered (P3-val)
2025-09-29 13:07:26 -     P3 Test | Acc=0.6092 P=0.6154 R=0.6957 F1=0.6531 AUC=0.6463 (n=87)
2025-09-29 13:07:26 -     AVO Test | Acc=0.6036 P=0.5658 R=0.8629 F1=0.6834 AUC=0.6952 (n=603)
2025-09-29 13:07:26 -     Overall Test Acc=0.6043
2025-09-29 13:07:26 -   Fold 2/5
2025-09-29 13:07:26 - Fold domains: small=P3 (n=276), large=AVO (n=2139)
2025-09-29 13:07:26 - Auto adjustments (symmetric): w_small≈1.000, lambda_MMD_target=0.300, warmup_epochs=5
2025-09-29 13:07:26 - Epoch 1/500 | LR=0.010000 | w_AVO=1.000 | w_P3=1.357 | lambda_MMD=0.060
2025-09-29 13:07:26 - Epoch Summary: TrainLoss=1.6634 | TrainAcc=0.561 | Val(P3)=0.543 | Val(AVO)=0.539
2025-09-29 13:07:26 - New best P3-val; checkpoint updated
2025-09-29 13:07:26 - Epoch 2/500 | LR=0.010000 | w_AVO=1.000 | w_P3=1.714 | lambda_MMD=0.120
2025-09-29 13:07:26 - Epoch Summary: TrainLoss=1.7593 | TrainAcc=0.607 | Val(P3)=0.571 | Val(AVO)=0.574
2025-09-29 13:07:26 - New best P3-val; checkpoint updated
2025-09-29 13:07:26 - Epoch 3/500 | LR=0.010000 | w_AVO=1.000 | w_P3=2.070 | lambda_MMD=0.180
2025-09-29 13:07:26 - Epoch Summary: TrainLoss=1.9790 | TrainAcc=0.615 | Val(P3)=0.571 | Val(AVO)=0.655
2025-09-29 13:07:26 - No P3-val improvement; patience remaining: 49/50
2025-09-29 13:07:26 - Epoch 4/500 | LR=0.009999 | w_AVO=1.000 | w_P3=2.427 | lambda_MMD=0.240
2025-09-29 13:07:27 - Epoch Summary: TrainLoss=2.1952 | TrainAcc=0.606 | Val(P3)=0.571 | Val(AVO)=0.616
2025-09-29 13:07:27 - No P3-val improvement; patience remaining: 48/50
2025-09-29 13:07:27 - Epoch 5/500 | LR=0.009998 | w_AVO=1.000 | w_P3=2.784 | lambda_MMD=0.300
2025-09-29 13:07:27 - Epoch Summary: TrainLoss=2.3895 | TrainAcc=0.616 | Val(P3)=0.571 | Val(AVO)=0.642
2025-09-29 13:07:27 - No P3-val improvement; patience remaining: 47/50
2025-09-29 13:07:27 - Epoch 6/500 | LR=0.009998 | w_AVO=1.000 | w_P3=2.784 | lambda_MMD=0.300
2025-09-29 13:07:27 - Epoch Summary: TrainLoss=2.3831 | TrainAcc=0.625 | Val(P3)=0.514 | Val(AVO)=0.555
2025-09-29 13:07:27 - No P3-val improvement; patience remaining: 46/50
2025-09-29 13:07:27 - Epoch 7/500 | LR=0.009996 | w_AVO=1.000 | w_P3=2.784 | lambda_MMD=0.300
2025-09-29 13:07:27 - Epoch Summary: TrainLoss=2.3395 | TrainAcc=0.616 | Val(P3)=0.514 | Val(AVO)=0.652
2025-09-29 13:07:27 - No P3-val improvement; patience remaining: 45/50
2025-09-29 13:07:27 - Epoch 8/500 | LR=0.009995 | w_AVO=1.000 | w_P3=2.784 | lambda_MMD=0.300
2025-09-29 13:07:27 - Epoch Summary: TrainLoss=2.2872 | TrainAcc=0.640 | Val(P3)=0.514 | Val(AVO)=0.684
2025-09-29 13:07:27 - No P3-val improvement; patience remaining: 44/50
2025-09-29 13:07:27 - Epoch 9/500 | LR=0.009994 | w_AVO=1.000 | w_P3=2.784 | lambda_MMD=0.300
2025-09-29 13:07:27 - Epoch Summary: TrainLoss=2.2544 | TrainAcc=0.633 | Val(P3)=0.486 | Val(AVO)=0.671
2025-09-29 13:07:27 - No P3-val improvement; patience remaining: 43/50
2025-09-29 13:07:27 - Epoch 10/500 | LR=0.009992 | w_AVO=1.000 | w_P3=2.784 | lambda_MMD=0.300
2025-09-29 13:07:28 - Epoch Summary: TrainLoss=2.1841 | TrainAcc=0.656 | Val(P3)=0.457 | Val(AVO)=0.687
2025-09-29 13:07:28 - No P3-val improvement; patience remaining: 42/50
2025-09-29 13:07:28 - P3 val decreasing 3x. Reducing w_small to 2.227, lambda_MMD to 0.150
2025-09-29 13:07:28 - Epoch 11/500 | LR=0.009990 | w_AVO=1.000 | w_P3=2.227 | lambda_MMD=0.150
2025-09-29 13:07:28 - Epoch Summary: TrainLoss=1.8523 | TrainAcc=0.642 | Val(P3)=0.514 | Val(AVO)=0.671
2025-09-29 13:07:28 - No P3-val improvement; patience remaining: 41/50
2025-09-29 13:07:28 - Epoch 12/500 | LR=0.009988 | w_AVO=1.000 | w_P3=2.784 | lambda_MMD=0.300
2025-09-29 13:07:28 - Epoch Summary: TrainLoss=2.1124 | TrainAcc=0.641 | Val(P3)=0.514 | Val(AVO)=0.703
2025-09-29 13:07:28 - No P3-val improvement; patience remaining: 40/50
2025-09-29 13:07:28 - Epoch 13/500 | LR=0.009986 | w_AVO=1.000 | w_P3=2.784 | lambda_MMD=0.300
2025-09-29 13:07:28 - Epoch Summary: TrainLoss=2.0671 | TrainAcc=0.642 | Val(P3)=0.514 | Val(AVO)=0.639
2025-09-29 13:07:28 - No P3-val improvement; patience remaining: 39/50
2025-09-29 13:07:28 - Epoch 14/500 | LR=0.009983 | w_AVO=1.000 | w_P3=2.784 | lambda_MMD=0.300
2025-09-29 13:07:28 - Epoch Summary: TrainLoss=2.0257 | TrainAcc=0.637 | Val(P3)=0.457 | Val(AVO)=0.681
2025-09-29 13:07:28 - No P3-val improvement; patience remaining: 38/50
2025-09-29 13:07:28 - Epoch 15/500 | LR=0.009981 | w_AVO=1.000 | w_P3=2.784 | lambda_MMD=0.300
2025-09-29 13:07:28 - Epoch Summary: TrainLoss=1.9474 | TrainAcc=0.638 | Val(P3)=0.457 | Val(AVO)=0.665
2025-09-29 13:07:28 - No P3-val improvement; patience remaining: 37/50
2025-09-29 13:07:28 - Epoch 16/500 | LR=0.009978 | w_AVO=1.000 | w_P3=2.784 | lambda_MMD=0.300
2025-09-29 13:07:29 - Epoch Summary: TrainLoss=1.9398 | TrainAcc=0.646 | Val(P3)=0.429 | Val(AVO)=0.668
2025-09-29 13:07:29 - No P3-val improvement; patience remaining: 36/50
2025-09-29 13:07:29 - Epoch 17/500 | LR=0.009975 | w_AVO=1.000 | w_P3=2.784 | lambda_MMD=0.300
2025-09-29 13:07:29 - Epoch Summary: TrainLoss=1.9068 | TrainAcc=0.646 | Val(P3)=0.514 | Val(AVO)=0.629
2025-09-29 13:07:29 - No P3-val improvement; patience remaining: 35/50
2025-09-29 13:07:29 - Epoch 18/500 | LR=0.009972 | w_AVO=1.000 | w_P3=2.784 | lambda_MMD=0.300
2025-09-29 13:07:29 - Epoch Summary: TrainLoss=1.8733 | TrainAcc=0.648 | Val(P3)=0.486 | Val(AVO)=0.655
2025-09-29 13:07:29 - No P3-val improvement; patience remaining: 34/50
2025-09-29 13:07:29 - Epoch 19/500 | LR=0.009968 | w_AVO=1.000 | w_P3=2.784 | lambda_MMD=0.300
2025-09-29 13:07:29 - Epoch Summary: TrainLoss=1.8089 | TrainAcc=0.646 | Val(P3)=0.457 | Val(AVO)=0.665
2025-09-29 13:07:29 - No P3-val improvement; patience remaining: 33/50
2025-09-29 13:07:29 - P3 val decreasing 3x. Reducing w_small to 2.227, lambda_MMD to 0.150
2025-09-29 13:07:29 - Epoch 20/500 | LR=0.009964 | w_AVO=1.000 | w_P3=2.227 | lambda_MMD=0.150
2025-09-29 13:07:29 - Epoch Summary: TrainLoss=1.5302 | TrainAcc=0.646 | Val(P3)=0.514 | Val(AVO)=0.616
2025-09-29 13:07:29 - No P3-val improvement; patience remaining: 32/50
2025-09-29 13:07:29 - Epoch 21/500 | LR=0.009961 | w_AVO=1.000 | w_P3=2.784 | lambda_MMD=0.300
2025-09-29 13:07:30 - Epoch Summary: TrainLoss=1.6949 | TrainAcc=0.640 | Val(P3)=0.514 | Val(AVO)=0.655
2025-09-29 13:07:30 - No P3-val improvement; patience remaining: 31/50
2025-09-29 13:07:30 - Epoch 22/500 | LR=0.009957 | w_AVO=1.000 | w_P3=2.784 | lambda_MMD=0.300
2025-09-29 13:07:30 - Epoch Summary: TrainLoss=1.7208 | TrainAcc=0.635 | Val(P3)=0.457 | Val(AVO)=0.642
2025-09-29 13:07:30 - No P3-val improvement; patience remaining: 30/50
2025-09-29 13:07:30 - Epoch 23/500 | LR=0.009952 | w_AVO=1.000 | w_P3=2.784 | lambda_MMD=0.300
2025-09-29 13:07:30 - Epoch Summary: TrainLoss=1.6865 | TrainAcc=0.653 | Val(P3)=0.514 | Val(AVO)=0.684
2025-09-29 13:07:30 - No P3-val improvement; patience remaining: 29/50
2025-09-29 13:07:30 - Epoch 24/500 | LR=0.009948 | w_AVO=1.000 | w_P3=2.784 | lambda_MMD=0.300
2025-09-29 13:07:30 - Epoch Summary: TrainLoss=1.6397 | TrainAcc=0.655 | Val(P3)=0.457 | Val(AVO)=0.661
2025-09-29 13:07:30 - No P3-val improvement; patience remaining: 28/50
2025-09-29 13:07:30 - Epoch 25/500 | LR=0.009943 | w_AVO=1.000 | w_P3=2.784 | lambda_MMD=0.300
2025-09-29 13:07:30 - Epoch Summary: TrainLoss=1.6288 | TrainAcc=0.659 | Val(P3)=0.600 | Val(AVO)=0.597
2025-09-29 13:07:30 - New best P3-val; checkpoint updated
2025-09-29 13:07:30 - AVO val decreasing 3x. Reducing lambda_MMD to 0.210
2025-09-29 13:07:30 - Epoch 26/500 | LR=0.009938 | w_AVO=1.000 | w_P3=2.784 | lambda_MMD=0.210
2025-09-29 13:07:30 - Epoch Summary: TrainLoss=1.6227 | TrainAcc=0.639 | Val(P3)=0.543 | Val(AVO)=0.635
2025-09-29 13:07:30 - No P3-val improvement; patience remaining: 49/50
2025-09-29 13:07:30 - Epoch 27/500 | LR=0.009933 | w_AVO=1.000 | w_P3=2.784 | lambda_MMD=0.300
2025-09-29 13:07:31 - Epoch Summary: TrainLoss=1.5970 | TrainAcc=0.633 | Val(P3)=0.543 | Val(AVO)=0.616
2025-09-29 13:07:31 - No P3-val improvement; patience remaining: 48/50
2025-09-29 13:07:31 - Epoch 28/500 | LR=0.009928 | w_AVO=1.000 | w_P3=2.784 | lambda_MMD=0.300
2025-09-29 13:07:31 - Epoch Summary: TrainLoss=1.5219 | TrainAcc=0.666 | Val(P3)=0.514 | Val(AVO)=0.623
2025-09-29 13:07:31 - No P3-val improvement; patience remaining: 47/50
2025-09-29 13:07:31 - Epoch 29/500 | LR=0.009923 | w_AVO=1.000 | w_P3=2.784 | lambda_MMD=0.300
2025-09-29 13:07:31 - Epoch Summary: TrainLoss=1.4927 | TrainAcc=0.665 | Val(P3)=0.514 | Val(AVO)=0.652
2025-09-29 13:07:31 - No P3-val improvement; patience remaining: 46/50
2025-09-29 13:07:31 - Epoch 30/500 | LR=0.009917 | w_AVO=1.000 | w_P3=2.784 | lambda_MMD=0.300
2025-09-29 13:07:31 - Epoch Summary: TrainLoss=1.4516 | TrainAcc=0.658 | Val(P3)=0.486 | Val(AVO)=0.655
2025-09-29 13:07:31 - No P3-val improvement; patience remaining: 45/50
2025-09-29 13:07:31 - Epoch 31/500 | LR=0.009911 | w_AVO=1.000 | w_P3=2.784 | lambda_MMD=0.300
2025-09-29 13:07:31 - Epoch Summary: TrainLoss=1.4310 | TrainAcc=0.661 | Val(P3)=0.457 | Val(AVO)=0.626
2025-09-29 13:07:31 - No P3-val improvement; patience remaining: 44/50
2025-09-29 13:07:31 - P3 val decreasing 3x. Reducing w_small to 2.227, lambda_MMD to 0.150
2025-09-29 13:07:31 - Epoch 32/500 | LR=0.009905 | w_AVO=1.000 | w_P3=2.227 | lambda_MMD=0.150
2025-09-29 13:07:31 - Epoch Summary: TrainLoss=1.2064 | TrainAcc=0.685 | Val(P3)=0.486 | Val(AVO)=0.594
2025-09-29 13:07:31 - No P3-val improvement; patience remaining: 43/50
2025-09-29 13:07:31 - AVO val decreasing 3x. Reducing lambda_MMD to 0.210
2025-09-29 13:07:31 - Epoch 33/500 | LR=0.009899 | w_AVO=1.000 | w_P3=2.784 | lambda_MMD=0.210
2025-09-29 13:07:32 - Epoch Summary: TrainLoss=1.3730 | TrainAcc=0.667 | Val(P3)=0.514 | Val(AVO)=0.603
2025-09-29 13:07:32 - No P3-val improvement; patience remaining: 42/50
2025-09-29 13:07:32 - Epoch 34/500 | LR=0.009893 | w_AVO=1.000 | w_P3=2.784 | lambda_MMD=0.300
2025-09-29 13:07:32 - Epoch Summary: TrainLoss=1.3682 | TrainAcc=0.666 | Val(P3)=0.457 | Val(AVO)=0.581
2025-09-29 13:07:32 - No P3-val improvement; patience remaining: 41/50
2025-09-29 13:07:32 - Epoch 35/500 | LR=0.009886 | w_AVO=1.000 | w_P3=2.784 | lambda_MMD=0.300
2025-09-29 13:07:32 - Epoch Summary: TrainLoss=1.3437 | TrainAcc=0.659 | Val(P3)=0.429 | Val(AVO)=0.626
2025-09-29 13:07:32 - No P3-val improvement; patience remaining: 40/50
2025-09-29 13:07:32 - P3 val decreasing 3x. Reducing w_small to 2.227, lambda_MMD to 0.150
2025-09-29 13:07:32 - Epoch 36/500 | LR=0.009880 | w_AVO=1.000 | w_P3=2.227 | lambda_MMD=0.150
2025-09-29 13:07:32 - Epoch Summary: TrainLoss=1.1631 | TrainAcc=0.675 | Val(P3)=0.571 | Val(AVO)=0.661
2025-09-29 13:07:32 - No P3-val improvement; patience remaining: 39/50
2025-09-29 13:07:32 - Epoch 37/500 | LR=0.009873 | w_AVO=1.000 | w_P3=2.784 | lambda_MMD=0.300
2025-09-29 13:07:32 - Epoch Summary: TrainLoss=1.2375 | TrainAcc=0.681 | Val(P3)=0.457 | Val(AVO)=0.597
2025-09-29 13:07:32 - No P3-val improvement; patience remaining: 38/50
2025-09-29 13:07:32 - Epoch 38/500 | LR=0.009865 | w_AVO=1.000 | w_P3=2.784 | lambda_MMD=0.300
2025-09-29 13:07:32 - Epoch Summary: TrainLoss=1.3294 | TrainAcc=0.659 | Val(P3)=0.514 | Val(AVO)=0.587
2025-09-29 13:07:32 - No P3-val improvement; patience remaining: 37/50
2025-09-29 13:07:32 - AVO val decreasing 3x. Reducing lambda_MMD to 0.210
2025-09-29 13:07:32 - Epoch 39/500 | LR=0.009858 | w_AVO=1.000 | w_P3=2.784 | lambda_MMD=0.210
2025-09-29 13:07:33 - Epoch Summary: TrainLoss=1.3056 | TrainAcc=0.661 | Val(P3)=0.514 | Val(AVO)=0.623
2025-09-29 13:07:33 - No P3-val improvement; patience remaining: 36/50
2025-09-29 13:07:33 - Epoch 40/500 | LR=0.009851 | w_AVO=1.000 | w_P3=2.784 | lambda_MMD=0.300
2025-09-29 13:07:33 - Epoch Summary: TrainLoss=1.2232 | TrainAcc=0.686 | Val(P3)=0.543 | Val(AVO)=0.645
2025-09-29 13:07:33 - No P3-val improvement; patience remaining: 35/50
2025-09-29 13:07:33 - Epoch 41/500 | LR=0.009843 | w_AVO=1.000 | w_P3=2.784 | lambda_MMD=0.300
2025-09-29 13:07:33 - Epoch Summary: TrainLoss=1.2172 | TrainAcc=0.668 | Val(P3)=0.543 | Val(AVO)=0.648
2025-09-29 13:07:33 - No P3-val improvement; patience remaining: 34/50
2025-09-29 13:07:33 - Epoch 42/500 | LR=0.009835 | w_AVO=1.000 | w_P3=2.784 | lambda_MMD=0.300
2025-09-29 13:07:33 - Epoch Summary: TrainLoss=1.2316 | TrainAcc=0.687 | Val(P3)=0.514 | Val(AVO)=0.642
2025-09-29 13:07:33 - No P3-val improvement; patience remaining: 33/50
2025-09-29 13:07:33 - Epoch 43/500 | LR=0.009827 | w_AVO=1.000 | w_P3=2.784 | lambda_MMD=0.300
2025-09-29 13:07:33 - Epoch Summary: TrainLoss=1.1586 | TrainAcc=0.673 | Val(P3)=0.543 | Val(AVO)=0.629
2025-09-29 13:07:33 - No P3-val improvement; patience remaining: 32/50
2025-09-29 13:07:33 - AVO val decreasing 3x. Reducing lambda_MMD to 0.210
2025-09-29 13:07:33 - Epoch 44/500 | LR=0.009819 | w_AVO=1.000 | w_P3=2.784 | lambda_MMD=0.210
2025-09-29 13:07:33 - Epoch Summary: TrainLoss=1.1624 | TrainAcc=0.678 | Val(P3)=0.486 | Val(AVO)=0.597
2025-09-29 13:07:33 - No P3-val improvement; patience remaining: 31/50
2025-09-29 13:07:33 - AVO val decreasing 3x. Reducing lambda_MMD to 0.210
2025-09-29 13:07:33 - Epoch 45/500 | LR=0.009810 | w_AVO=1.000 | w_P3=2.784 | lambda_MMD=0.210
2025-09-29 13:07:34 - Epoch Summary: TrainLoss=1.1526 | TrainAcc=0.681 | Val(P3)=0.486 | Val(AVO)=0.600
2025-09-29 13:07:34 - No P3-val improvement; patience remaining: 30/50
2025-09-29 13:07:34 - Epoch 46/500 | LR=0.009801 | w_AVO=1.000 | w_P3=2.784 | lambda_MMD=0.300
2025-09-29 13:07:34 - Epoch Summary: TrainLoss=1.2063 | TrainAcc=0.674 | Val(P3)=0.486 | Val(AVO)=0.587
2025-09-29 13:07:34 - No P3-val improvement; patience remaining: 29/50
2025-09-29 13:07:34 - Epoch 47/500 | LR=0.009793 | w_AVO=1.000 | w_P3=2.784 | lambda_MMD=0.300
2025-09-29 13:07:34 - Epoch Summary: TrainLoss=1.1191 | TrainAcc=0.695 | Val(P3)=0.543 | Val(AVO)=0.623
2025-09-29 13:07:34 - No P3-val improvement; patience remaining: 28/50
2025-09-29 13:07:34 - Epoch 48/500 | LR=0.009784 | w_AVO=1.000 | w_P3=2.784 | lambda_MMD=0.300
2025-09-29 13:07:34 - Epoch Summary: TrainLoss=1.0641 | TrainAcc=0.696 | Val(P3)=0.486 | Val(AVO)=0.600
2025-09-29 13:07:34 - No P3-val improvement; patience remaining: 27/50
2025-09-29 13:07:34 - Epoch 49/500 | LR=0.009774 | w_AVO=1.000 | w_P3=2.784 | lambda_MMD=0.300
2025-09-29 13:07:34 - Epoch Summary: TrainLoss=1.1148 | TrainAcc=0.700 | Val(P3)=0.514 | Val(AVO)=0.639
2025-09-29 13:07:34 - No P3-val improvement; patience remaining: 26/50
2025-09-29 13:07:34 - Epoch 50/500 | LR=0.009765 | w_AVO=1.000 | w_P3=2.784 | lambda_MMD=0.300
2025-09-29 13:07:34 - Epoch Summary: TrainLoss=1.0234 | TrainAcc=0.681 | Val(P3)=0.514 | Val(AVO)=0.584
2025-09-29 13:07:34 - No P3-val improvement; patience remaining: 25/50
2025-09-29 13:07:34 - Epoch 51/500 | LR=0.009755 | w_AVO=1.000 | w_P3=2.784 | lambda_MMD=0.300
2025-09-29 13:07:35 - Epoch Summary: TrainLoss=1.0177 | TrainAcc=0.690 | Val(P3)=0.571 | Val(AVO)=0.606
2025-09-29 13:07:35 - No P3-val improvement; patience remaining: 24/50
2025-09-29 13:07:35 - Epoch 52/500 | LR=0.009745 | w_AVO=1.000 | w_P3=2.784 | lambda_MMD=0.300
2025-09-29 13:07:35 - Epoch Summary: TrainLoss=0.9880 | TrainAcc=0.697 | Val(P3)=0.486 | Val(AVO)=0.616
2025-09-29 13:07:35 - No P3-val improvement; patience remaining: 23/50
2025-09-29 13:07:35 - Epoch 53/500 | LR=0.009735 | w_AVO=1.000 | w_P3=2.784 | lambda_MMD=0.300
2025-09-29 13:07:35 - Epoch Summary: TrainLoss=1.0087 | TrainAcc=0.698 | Val(P3)=0.514 | Val(AVO)=0.603
2025-09-29 13:07:35 - No P3-val improvement; patience remaining: 22/50
2025-09-29 13:07:35 - Epoch 54/500 | LR=0.009725 | w_AVO=1.000 | w_P3=2.784 | lambda_MMD=0.300
2025-09-29 13:07:35 - Epoch Summary: TrainLoss=1.0127 | TrainAcc=0.701 | Val(P3)=0.457 | Val(AVO)=0.606
2025-09-29 13:07:35 - No P3-val improvement; patience remaining: 21/50
2025-09-29 13:07:35 - Epoch 55/500 | LR=0.009715 | w_AVO=1.000 | w_P3=2.784 | lambda_MMD=0.300
2025-09-29 13:07:35 - Epoch Summary: TrainLoss=0.9546 | TrainAcc=0.702 | Val(P3)=0.514 | Val(AVO)=0.616
2025-09-29 13:07:35 - No P3-val improvement; patience remaining: 20/50
2025-09-29 13:07:35 - Epoch 56/500 | LR=0.009704 | w_AVO=1.000 | w_P3=2.784 | lambda_MMD=0.300
2025-09-29 13:07:35 - Epoch Summary: TrainLoss=0.9465 | TrainAcc=0.692 | Val(P3)=0.514 | Val(AVO)=0.597
2025-09-29 13:07:35 - No P3-val improvement; patience remaining: 19/50
2025-09-29 13:07:35 - Epoch 57/500 | LR=0.009694 | w_AVO=1.000 | w_P3=2.784 | lambda_MMD=0.300
2025-09-29 13:07:36 - Epoch Summary: TrainLoss=0.9389 | TrainAcc=0.705 | Val(P3)=0.486 | Val(AVO)=0.568
2025-09-29 13:07:36 - No P3-val improvement; patience remaining: 18/50
2025-09-29 13:07:36 - AVO val decreasing 3x. Reducing lambda_MMD to 0.210
2025-09-29 13:07:36 - Epoch 58/500 | LR=0.009683 | w_AVO=1.000 | w_P3=2.784 | lambda_MMD=0.210
2025-09-29 13:07:36 - Epoch Summary: TrainLoss=0.9085 | TrainAcc=0.718 | Val(P3)=0.457 | Val(AVO)=0.584
2025-09-29 13:07:36 - No P3-val improvement; patience remaining: 17/50
2025-09-29 13:07:36 - P3 val decreasing 3x. Reducing w_small to 2.227, lambda_MMD to 0.150
2025-09-29 13:07:36 - Epoch 59/500 | LR=0.009672 | w_AVO=1.000 | w_P3=2.227 | lambda_MMD=0.150
2025-09-29 13:07:36 - Epoch Summary: TrainLoss=0.8203 | TrainAcc=0.714 | Val(P3)=0.514 | Val(AVO)=0.600
2025-09-29 13:07:36 - No P3-val improvement; patience remaining: 16/50
2025-09-29 13:07:36 - Epoch 60/500 | LR=0.009660 | w_AVO=1.000 | w_P3=2.784 | lambda_MMD=0.300
2025-09-29 13:07:36 - Epoch Summary: TrainLoss=0.8851 | TrainAcc=0.727 | Val(P3)=0.486 | Val(AVO)=0.577
2025-09-29 13:07:36 - No P3-val improvement; patience remaining: 15/50
2025-09-29 13:07:36 - Epoch 61/500 | LR=0.009649 | w_AVO=1.000 | w_P3=2.784 | lambda_MMD=0.300
2025-09-29 13:07:36 - Epoch Summary: TrainLoss=0.8970 | TrainAcc=0.715 | Val(P3)=0.514 | Val(AVO)=0.574
2025-09-29 13:07:36 - No P3-val improvement; patience remaining: 14/50
2025-09-29 13:07:36 - AVO val decreasing 3x. Reducing lambda_MMD to 0.210
2025-09-29 13:07:36 - Epoch 62/500 | LR=0.009637 | w_AVO=1.000 | w_P3=2.784 | lambda_MMD=0.210
2025-09-29 13:07:37 - Epoch Summary: TrainLoss=0.8892 | TrainAcc=0.717 | Val(P3)=0.486 | Val(AVO)=0.542
2025-09-29 13:07:37 - No P3-val improvement; patience remaining: 13/50
2025-09-29 13:07:37 - AVO val decreasing 3x. Reducing lambda_MMD to 0.210
2025-09-29 13:07:37 - Epoch 63/500 | LR=0.009625 | w_AVO=1.000 | w_P3=2.784 | lambda_MMD=0.210
2025-09-29 13:07:37 - Epoch Summary: TrainLoss=0.8661 | TrainAcc=0.704 | Val(P3)=0.457 | Val(AVO)=0.581
2025-09-29 13:07:37 - No P3-val improvement; patience remaining: 12/50
2025-09-29 13:07:37 - P3 val decreasing 3x. Reducing w_small to 2.227, lambda_MMD to 0.150
2025-09-29 13:07:37 - Epoch 64/500 | LR=0.009613 | w_AVO=1.000 | w_P3=2.227 | lambda_MMD=0.150
2025-09-29 13:07:37 - Epoch Summary: TrainLoss=0.8083 | TrainAcc=0.717 | Val(P3)=0.457 | Val(AVO)=0.613
2025-09-29 13:07:37 - No P3-val improvement; patience remaining: 11/50
2025-09-29 13:07:37 - Epoch 65/500 | LR=0.009601 | w_AVO=1.000 | w_P3=2.784 | lambda_MMD=0.300
2025-09-29 13:07:37 - Epoch Summary: TrainLoss=0.8918 | TrainAcc=0.711 | Val(P3)=0.486 | Val(AVO)=0.558
2025-09-29 13:07:37 - No P3-val improvement; patience remaining: 10/50
2025-09-29 13:07:37 - Epoch 66/500 | LR=0.009589 | w_AVO=1.000 | w_P3=2.784 | lambda_MMD=0.300
2025-09-29 13:07:37 - Epoch Summary: TrainLoss=0.8225 | TrainAcc=0.736 | Val(P3)=0.514 | Val(AVO)=0.613
2025-09-29 13:07:37 - No P3-val improvement; patience remaining: 9/50
2025-09-29 13:07:37 - Epoch 67/500 | LR=0.009576 | w_AVO=1.000 | w_P3=2.784 | lambda_MMD=0.300
2025-09-29 13:07:37 - Epoch Summary: TrainLoss=0.8634 | TrainAcc=0.727 | Val(P3)=0.543 | Val(AVO)=0.577
2025-09-29 13:07:37 - No P3-val improvement; patience remaining: 8/50
2025-09-29 13:07:37 - Epoch 68/500 | LR=0.009563 | w_AVO=1.000 | w_P3=2.784 | lambda_MMD=0.300
2025-09-29 13:07:38 - Epoch Summary: TrainLoss=0.8062 | TrainAcc=0.740 | Val(P3)=0.514 | Val(AVO)=0.600
2025-09-29 13:07:38 - No P3-val improvement; patience remaining: 7/50
2025-09-29 13:07:38 - Epoch 69/500 | LR=0.009551 | w_AVO=1.000 | w_P3=2.784 | lambda_MMD=0.300
2025-09-29 13:07:38 - Epoch Summary: TrainLoss=0.8244 | TrainAcc=0.727 | Val(P3)=0.486 | Val(AVO)=0.597
2025-09-29 13:07:38 - No P3-val improvement; patience remaining: 6/50
2025-09-29 13:07:38 - P3 val decreasing 3x. Reducing w_small to 2.227, lambda_MMD to 0.150
2025-09-29 13:07:38 - Epoch 70/500 | LR=0.009537 | w_AVO=1.000 | w_P3=2.227 | lambda_MMD=0.150
2025-09-29 13:07:38 - Epoch Summary: TrainLoss=0.7705 | TrainAcc=0.724 | Val(P3)=0.486 | Val(AVO)=0.535
2025-09-29 13:07:38 - No P3-val improvement; patience remaining: 5/50
2025-09-29 13:07:38 - AVO val decreasing 3x. Reducing lambda_MMD to 0.210
2025-09-29 13:07:38 - Epoch 71/500 | LR=0.009524 | w_AVO=1.000 | w_P3=2.784 | lambda_MMD=0.210
2025-09-29 13:07:38 - Epoch Summary: TrainLoss=0.8108 | TrainAcc=0.734 | Val(P3)=0.486 | Val(AVO)=0.642
2025-09-29 13:07:38 - No P3-val improvement; patience remaining: 4/50
2025-09-29 13:07:38 - Epoch 72/500 | LR=0.009511 | w_AVO=1.000 | w_P3=2.784 | lambda_MMD=0.300
2025-09-29 13:07:38 - Epoch Summary: TrainLoss=0.7989 | TrainAcc=0.735 | Val(P3)=0.514 | Val(AVO)=0.613
2025-09-29 13:07:38 - No P3-val improvement; patience remaining: 3/50
2025-09-29 13:07:38 - Epoch 73/500 | LR=0.009497 | w_AVO=1.000 | w_P3=2.784 | lambda_MMD=0.300
2025-09-29 13:07:38 - Epoch Summary: TrainLoss=0.8245 | TrainAcc=0.714 | Val(P3)=0.371 | Val(AVO)=0.574
2025-09-29 13:07:38 - No P3-val improvement; patience remaining: 2/50
2025-09-29 13:07:38 - AVO val decreasing 3x. Reducing lambda_MMD to 0.210
2025-09-29 13:07:38 - Epoch 74/500 | LR=0.009483 | w_AVO=1.000 | w_P3=2.784 | lambda_MMD=0.210
2025-09-29 13:07:39 - Epoch Summary: TrainLoss=0.8232 | TrainAcc=0.724 | Val(P3)=0.514 | Val(AVO)=0.539
2025-09-29 13:07:39 - No P3-val improvement; patience remaining: 1/50
2025-09-29 13:07:39 - AVO val decreasing 3x. Reducing lambda_MMD to 0.210
2025-09-29 13:07:39 - Epoch 75/500 | LR=0.009469 | w_AVO=1.000 | w_P3=2.784 | lambda_MMD=0.210
2025-09-29 13:07:39 - Epoch Summary: TrainLoss=0.8698 | TrainAcc=0.719 | Val(P3)=0.486 | Val(AVO)=0.639
2025-09-29 13:07:39 - No P3-val improvement; patience remaining: 0/50
2025-09-29 13:07:39 - Early stopping triggered (P3-val)
2025-09-29 13:07:39 -     P3 Test | Acc=0.6292 P=0.5833 R=0.5385 F1=0.5600 AUC=0.6569 (n=89)
2025-09-29 13:07:39 -     AVO Test | Acc=0.6622 P=0.6259 R=0.8366 F1=0.7161 AUC=0.7213 (n=601)
2025-09-29 13:07:39 -     Overall Test Acc=0.6580
2025-09-29 13:07:39 -   Fold 3/5
2025-09-29 13:07:39 - Fold domains: small=P3 (n=290), large=AVO (n=2125)
2025-09-29 13:07:39 - Auto adjustments (symmetric): w_small≈1.000, lambda_MMD_target=0.300, warmup_epochs=5
2025-09-29 13:07:39 - Epoch 1/500 | LR=0.010000 | w_AVO=1.000 | w_P3=1.341 | lambda_MMD=0.060
2025-09-29 13:07:39 - Epoch Summary: TrainLoss=1.6941 | TrainAcc=0.533 | Val(P3)=0.514 | Val(AVO)=0.519
2025-09-29 13:07:39 - New best P3-val; checkpoint updated
2025-09-29 13:07:39 - Epoch 2/500 | LR=0.010000 | w_AVO=1.000 | w_P3=1.683 | lambda_MMD=0.120
2025-09-29 13:07:39 - Epoch Summary: TrainLoss=1.7462 | TrainAcc=0.599 | Val(P3)=0.649 | Val(AVO)=0.610
2025-09-29 13:07:39 - New best P3-val; checkpoint updated
2025-09-29 13:07:39 - Epoch 3/500 | LR=0.010000 | w_AVO=1.000 | w_P3=2.024 | lambda_MMD=0.180
2025-09-29 13:07:39 - Epoch Summary: TrainLoss=1.9310 | TrainAcc=0.607 | Val(P3)=0.649 | Val(AVO)=0.568
2025-09-29 13:07:39 - No P3-val improvement; patience remaining: 49/50
2025-09-29 13:07:39 - Epoch 4/500 | LR=0.009999 | w_AVO=1.000 | w_P3=2.366 | lambda_MMD=0.240
2025-09-29 13:07:39 - Epoch Summary: TrainLoss=2.1376 | TrainAcc=0.618 | Val(P3)=0.595 | Val(AVO)=0.604
2025-09-29 13:07:39 - No P3-val improvement; patience remaining: 48/50
2025-09-29 13:07:39 - Epoch 5/500 | LR=0.009998 | w_AVO=1.000 | w_P3=2.707 | lambda_MMD=0.300
2025-09-29 13:07:40 - Epoch Summary: TrainLoss=2.3316 | TrainAcc=0.609 | Val(P3)=0.676 | Val(AVO)=0.591
2025-09-29 13:07:40 - New best P3-val; checkpoint updated
2025-09-29 13:07:40 - Epoch 6/500 | LR=0.009998 | w_AVO=1.000 | w_P3=2.707 | lambda_MMD=0.300
2025-09-29 13:07:40 - Epoch Summary: TrainLoss=2.2816 | TrainAcc=0.618 | Val(P3)=0.649 | Val(AVO)=0.604
2025-09-29 13:07:40 - No P3-val improvement; patience remaining: 49/50
2025-09-29 13:07:40 - Epoch 7/500 | LR=0.009996 | w_AVO=1.000 | w_P3=2.707 | lambda_MMD=0.300
2025-09-29 13:07:40 - Epoch Summary: TrainLoss=2.2358 | TrainAcc=0.629 | Val(P3)=0.595 | Val(AVO)=0.601
2025-09-29 13:07:40 - No P3-val improvement; patience remaining: 48/50
2025-09-29 13:07:40 - P3 val decreasing 3x. Reducing w_small to 2.166, lambda_MMD to 0.150
2025-09-29 13:07:40 - Epoch 8/500 | LR=0.009995 | w_AVO=1.000 | w_P3=2.166 | lambda_MMD=0.150
2025-09-29 13:07:40 - Epoch Summary: TrainLoss=1.8948 | TrainAcc=0.643 | Val(P3)=0.568 | Val(AVO)=0.627
2025-09-29 13:07:40 - No P3-val improvement; patience remaining: 47/50
2025-09-29 13:07:40 - P3 val decreasing 3x. Reducing w_small to 2.166, lambda_MMD to 0.150
2025-09-29 13:07:40 - Epoch 9/500 | LR=0.009994 | w_AVO=1.000 | w_P3=2.166 | lambda_MMD=0.150
2025-09-29 13:07:40 - Epoch Summary: TrainLoss=1.8788 | TrainAcc=0.655 | Val(P3)=0.595 | Val(AVO)=0.610
2025-09-29 13:07:40 - No P3-val improvement; patience remaining: 46/50
2025-09-29 13:07:40 - Epoch 10/500 | LR=0.009992 | w_AVO=1.000 | w_P3=2.707 | lambda_MMD=0.300
2025-09-29 13:07:41 - Epoch Summary: TrainLoss=2.1342 | TrainAcc=0.643 | Val(P3)=0.568 | Val(AVO)=0.617
2025-09-29 13:07:41 - No P3-val improvement; patience remaining: 45/50
2025-09-29 13:07:41 - Epoch 11/500 | LR=0.009990 | w_AVO=1.000 | w_P3=2.707 | lambda_MMD=0.300
2025-09-29 13:07:41 - Epoch Summary: TrainLoss=2.0731 | TrainAcc=0.650 | Val(P3)=0.568 | Val(AVO)=0.607
2025-09-29 13:07:41 - No P3-val improvement; patience remaining: 44/50
2025-09-29 13:07:41 - Epoch 12/500 | LR=0.009988 | w_AVO=1.000 | w_P3=2.707 | lambda_MMD=0.300
2025-09-29 13:07:41 - Epoch Summary: TrainLoss=2.0131 | TrainAcc=0.654 | Val(P3)=0.622 | Val(AVO)=0.623
2025-09-29 13:07:41 - No P3-val improvement; patience remaining: 43/50
2025-09-29 13:07:41 - Epoch 13/500 | LR=0.009986 | w_AVO=1.000 | w_P3=2.707 | lambda_MMD=0.300
2025-09-29 13:07:41 - Epoch Summary: TrainLoss=1.9498 | TrainAcc=0.642 | Val(P3)=0.595 | Val(AVO)=0.636
2025-09-29 13:07:41 - No P3-val improvement; patience remaining: 42/50
2025-09-29 13:07:41 - Epoch 14/500 | LR=0.009983 | w_AVO=1.000 | w_P3=2.707 | lambda_MMD=0.300
2025-09-29 13:07:41 - Epoch Summary: TrainLoss=1.8727 | TrainAcc=0.649 | Val(P3)=0.649 | Val(AVO)=0.646
2025-09-29 13:07:41 - No P3-val improvement; patience remaining: 41/50
2025-09-29 13:07:41 - Epoch 15/500 | LR=0.009981 | w_AVO=1.000 | w_P3=2.707 | lambda_MMD=0.300
2025-09-29 13:07:41 - Epoch Summary: TrainLoss=1.8790 | TrainAcc=0.643 | Val(P3)=0.622 | Val(AVO)=0.649
2025-09-29 13:07:41 - No P3-val improvement; patience remaining: 40/50
2025-09-29 13:07:41 - Epoch 16/500 | LR=0.009978 | w_AVO=1.000 | w_P3=2.707 | lambda_MMD=0.300
2025-09-29 13:07:42 - Epoch Summary: TrainLoss=1.7883 | TrainAcc=0.648 | Val(P3)=0.595 | Val(AVO)=0.646
2025-09-29 13:07:42 - No P3-val improvement; patience remaining: 39/50
2025-09-29 13:07:42 - P3 val decreasing 3x. Reducing w_small to 2.166, lambda_MMD to 0.150
2025-09-29 13:07:42 - Epoch 17/500 | LR=0.009975 | w_AVO=1.000 | w_P3=2.166 | lambda_MMD=0.150
2025-09-29 13:07:42 - Epoch Summary: TrainLoss=1.4701 | TrainAcc=0.671 | Val(P3)=0.649 | Val(AVO)=0.620
2025-09-29 13:07:42 - No P3-val improvement; patience remaining: 38/50
2025-09-29 13:07:42 - AVO val decreasing 3x. Reducing lambda_MMD to 0.210
2025-09-29 13:07:42 - Epoch 18/500 | LR=0.009972 | w_AVO=1.000 | w_P3=2.707 | lambda_MMD=0.210
2025-09-29 13:07:42 - Epoch Summary: TrainLoss=1.7082 | TrainAcc=0.661 | Val(P3)=0.622 | Val(AVO)=0.620
2025-09-29 13:07:42 - No P3-val improvement; patience remaining: 37/50
2025-09-29 13:07:42 - Epoch 19/500 | LR=0.009968 | w_AVO=1.000 | w_P3=2.707 | lambda_MMD=0.300
2025-09-29 13:07:42 - Epoch Summary: TrainLoss=1.6273 | TrainAcc=0.656 | Val(P3)=0.568 | Val(AVO)=0.630
2025-09-29 13:07:42 - No P3-val improvement; patience remaining: 36/50
2025-09-29 13:07:42 - P3 val decreasing 3x. Reducing w_small to 2.166, lambda_MMD to 0.150
2025-09-29 13:07:42 - Epoch 20/500 | LR=0.009964 | w_AVO=1.000 | w_P3=2.166 | lambda_MMD=0.150
2025-09-29 13:07:42 - Epoch Summary: TrainLoss=1.3845 | TrainAcc=0.657 | Val(P3)=0.595 | Val(AVO)=0.633
2025-09-29 13:07:42 - No P3-val improvement; patience remaining: 35/50
2025-09-29 13:07:42 - Epoch 21/500 | LR=0.009961 | w_AVO=1.000 | w_P3=2.707 | lambda_MMD=0.300
2025-09-29 13:07:42 - Epoch Summary: TrainLoss=1.6201 | TrainAcc=0.650 | Val(P3)=0.568 | Val(AVO)=0.623
2025-09-29 13:07:42 - No P3-val improvement; patience remaining: 34/50
2025-09-29 13:07:42 - Epoch 22/500 | LR=0.009957 | w_AVO=1.000 | w_P3=2.707 | lambda_MMD=0.300
2025-09-29 13:07:43 - Epoch Summary: TrainLoss=1.5569 | TrainAcc=0.661 | Val(P3)=0.622 | Val(AVO)=0.643
2025-09-29 13:07:43 - No P3-val improvement; patience remaining: 33/50
2025-09-29 13:07:43 - Epoch 23/500 | LR=0.009952 | w_AVO=1.000 | w_P3=2.707 | lambda_MMD=0.300
2025-09-29 13:07:43 - Epoch Summary: TrainLoss=1.4427 | TrainAcc=0.668 | Val(P3)=0.649 | Val(AVO)=0.649
2025-09-29 13:07:43 - No P3-val improvement; patience remaining: 32/50
2025-09-29 13:07:43 - Epoch 24/500 | LR=0.009948 | w_AVO=1.000 | w_P3=2.707 | lambda_MMD=0.300
2025-09-29 13:07:43 - Epoch Summary: TrainLoss=1.4144 | TrainAcc=0.669 | Val(P3)=0.649 | Val(AVO)=0.646
2025-09-29 13:07:43 - No P3-val improvement; patience remaining: 31/50
2025-09-29 13:07:43 - Epoch 25/500 | LR=0.009943 | w_AVO=1.000 | w_P3=2.707 | lambda_MMD=0.300
2025-09-29 13:07:43 - Epoch Summary: TrainLoss=1.4293 | TrainAcc=0.665 | Val(P3)=0.676 | Val(AVO)=0.614
2025-09-29 13:07:43 - No P3-val improvement; patience remaining: 30/50
2025-09-29 13:07:43 - AVO val decreasing 3x. Reducing lambda_MMD to 0.210
2025-09-29 13:07:43 - Epoch 26/500 | LR=0.009938 | w_AVO=1.000 | w_P3=2.707 | lambda_MMD=0.210
2025-09-29 13:07:43 - Epoch Summary: TrainLoss=1.3467 | TrainAcc=0.664 | Val(P3)=0.649 | Val(AVO)=0.640
2025-09-29 13:07:43 - No P3-val improvement; patience remaining: 29/50
2025-09-29 13:07:43 - Epoch 27/500 | LR=0.009933 | w_AVO=1.000 | w_P3=2.707 | lambda_MMD=0.300
2025-09-29 13:07:44 - Epoch Summary: TrainLoss=1.3551 | TrainAcc=0.676 | Val(P3)=0.595 | Val(AVO)=0.649
2025-09-29 13:07:44 - No P3-val improvement; patience remaining: 28/50
2025-09-29 13:07:44 - P3 val decreasing 3x. Reducing w_small to 2.166, lambda_MMD to 0.150
2025-09-29 13:07:44 - Epoch 28/500 | LR=0.009928 | w_AVO=1.000 | w_P3=2.166 | lambda_MMD=0.150
2025-09-29 13:07:44 - Epoch Summary: TrainLoss=1.1420 | TrainAcc=0.677 | Val(P3)=0.676 | Val(AVO)=0.653
2025-09-29 13:07:44 - No P3-val improvement; patience remaining: 27/50
2025-09-29 13:07:44 - Epoch 29/500 | LR=0.009923 | w_AVO=1.000 | w_P3=2.707 | lambda_MMD=0.300
2025-09-29 13:07:44 - Epoch Summary: TrainLoss=1.2407 | TrainAcc=0.685 | Val(P3)=0.676 | Val(AVO)=0.620
2025-09-29 13:07:44 - No P3-val improvement; patience remaining: 26/50
2025-09-29 13:07:44 - Epoch 30/500 | LR=0.009917 | w_AVO=1.000 | w_P3=2.707 | lambda_MMD=0.300
2025-09-29 13:07:44 - Epoch Summary: TrainLoss=1.2491 | TrainAcc=0.674 | Val(P3)=0.622 | Val(AVO)=0.633
2025-09-29 13:07:44 - No P3-val improvement; patience remaining: 25/50
2025-09-29 13:07:44 - Epoch 31/500 | LR=0.009911 | w_AVO=1.000 | w_P3=2.707 | lambda_MMD=0.300
2025-09-29 13:07:44 - Epoch Summary: TrainLoss=1.2315 | TrainAcc=0.693 | Val(P3)=0.676 | Val(AVO)=0.666
2025-09-29 13:07:44 - No P3-val improvement; patience remaining: 24/50
2025-09-29 13:07:44 - Epoch 32/500 | LR=0.009905 | w_AVO=1.000 | w_P3=2.707 | lambda_MMD=0.300
2025-09-29 13:07:44 - Epoch Summary: TrainLoss=1.1572 | TrainAcc=0.696 | Val(P3)=0.676 | Val(AVO)=0.627
2025-09-29 13:07:44 - No P3-val improvement; patience remaining: 23/50
2025-09-29 13:07:44 - Epoch 33/500 | LR=0.009899 | w_AVO=1.000 | w_P3=2.707 | lambda_MMD=0.300
2025-09-29 13:07:45 - Epoch Summary: TrainLoss=1.1526 | TrainAcc=0.685 | Val(P3)=0.676 | Val(AVO)=0.610
2025-09-29 13:07:45 - No P3-val improvement; patience remaining: 22/50
2025-09-29 13:07:45 - AVO val decreasing 3x. Reducing lambda_MMD to 0.210
2025-09-29 13:07:45 - Epoch 34/500 | LR=0.009893 | w_AVO=1.000 | w_P3=2.707 | lambda_MMD=0.210
2025-09-29 13:07:45 - Epoch Summary: TrainLoss=1.1063 | TrainAcc=0.690 | Val(P3)=0.676 | Val(AVO)=0.604
2025-09-29 13:07:45 - No P3-val improvement; patience remaining: 21/50
2025-09-29 13:07:45 - AVO val decreasing 3x. Reducing lambda_MMD to 0.210
2025-09-29 13:07:45 - Epoch 35/500 | LR=0.009886 | w_AVO=1.000 | w_P3=2.707 | lambda_MMD=0.210
2025-09-29 13:07:45 - Epoch Summary: TrainLoss=1.1076 | TrainAcc=0.687 | Val(P3)=0.649 | Val(AVO)=0.620
2025-09-29 13:07:45 - No P3-val improvement; patience remaining: 20/50
2025-09-29 13:07:45 - Epoch 36/500 | LR=0.009880 | w_AVO=1.000 | w_P3=2.707 | lambda_MMD=0.300
2025-09-29 13:07:45 - Epoch Summary: TrainLoss=1.0701 | TrainAcc=0.696 | Val(P3)=0.649 | Val(AVO)=0.640
2025-09-29 13:07:45 - No P3-val improvement; patience remaining: 19/50
2025-09-29 13:07:45 - Epoch 37/500 | LR=0.009873 | w_AVO=1.000 | w_P3=2.707 | lambda_MMD=0.300
2025-09-29 13:07:45 - Epoch Summary: TrainLoss=1.0506 | TrainAcc=0.690 | Val(P3)=0.649 | Val(AVO)=0.614
2025-09-29 13:07:45 - No P3-val improvement; patience remaining: 18/50
2025-09-29 13:07:45 - Epoch 38/500 | LR=0.009865 | w_AVO=1.000 | w_P3=2.707 | lambda_MMD=0.300
2025-09-29 13:07:45 - Epoch Summary: TrainLoss=1.0752 | TrainAcc=0.691 | Val(P3)=0.622 | Val(AVO)=0.597
2025-09-29 13:07:45 - No P3-val improvement; patience remaining: 17/50
2025-09-29 13:07:45 - AVO val decreasing 3x. Reducing lambda_MMD to 0.210
2025-09-29 13:07:45 - Epoch 39/500 | LR=0.009858 | w_AVO=1.000 | w_P3=2.707 | lambda_MMD=0.210
2025-09-29 13:07:46 - Epoch Summary: TrainLoss=1.1123 | TrainAcc=0.682 | Val(P3)=0.541 | Val(AVO)=0.672
2025-09-29 13:07:46 - No P3-val improvement; patience remaining: 16/50
2025-09-29 13:07:46 - P3 val decreasing 3x. Reducing w_small to 2.166, lambda_MMD to 0.150
2025-09-29 13:07:46 - Epoch 40/500 | LR=0.009851 | w_AVO=1.000 | w_P3=2.166 | lambda_MMD=0.150
2025-09-29 13:07:46 - Epoch Summary: TrainLoss=0.9462 | TrainAcc=0.682 | Val(P3)=0.676 | Val(AVO)=0.627
2025-09-29 13:07:46 - No P3-val improvement; patience remaining: 15/50
2025-09-29 13:07:46 - Epoch 41/500 | LR=0.009843 | w_AVO=1.000 | w_P3=2.707 | lambda_MMD=0.300
2025-09-29 13:07:46 - Epoch Summary: TrainLoss=0.9906 | TrainAcc=0.704 | Val(P3)=0.676 | Val(AVO)=0.633
2025-09-29 13:07:46 - No P3-val improvement; patience remaining: 14/50
2025-09-29 13:07:46 - Epoch 42/500 | LR=0.009835 | w_AVO=1.000 | w_P3=2.707 | lambda_MMD=0.300
2025-09-29 13:07:46 - Epoch Summary: TrainLoss=0.9804 | TrainAcc=0.696 | Val(P3)=0.649 | Val(AVO)=0.604
2025-09-29 13:07:46 - No P3-val improvement; patience remaining: 13/50
2025-09-29 13:07:46 - Epoch 43/500 | LR=0.009827 | w_AVO=1.000 | w_P3=2.707 | lambda_MMD=0.300
2025-09-29 13:07:46 - Epoch Summary: TrainLoss=0.9483 | TrainAcc=0.709 | Val(P3)=0.703 | Val(AVO)=0.597
2025-09-29 13:07:46 - New best P3-val; checkpoint updated
2025-09-29 13:07:46 - AVO val decreasing 3x. Reducing lambda_MMD to 0.210
2025-09-29 13:07:46 - Epoch 44/500 | LR=0.009819 | w_AVO=1.000 | w_P3=2.707 | lambda_MMD=0.210
2025-09-29 13:07:46 - Epoch Summary: TrainLoss=0.9956 | TrainAcc=0.694 | Val(P3)=0.622 | Val(AVO)=0.669
2025-09-29 13:07:46 - No P3-val improvement; patience remaining: 49/50
2025-09-29 13:07:46 - Epoch 45/500 | LR=0.009810 | w_AVO=1.000 | w_P3=2.707 | lambda_MMD=0.300
2025-09-29 13:07:47 - Epoch Summary: TrainLoss=0.9334 | TrainAcc=0.714 | Val(P3)=0.703 | Val(AVO)=0.627
2025-09-29 13:07:47 - No P3-val improvement; patience remaining: 48/50
2025-09-29 13:07:47 - Epoch 46/500 | LR=0.009801 | w_AVO=1.000 | w_P3=2.707 | lambda_MMD=0.300
2025-09-29 13:07:47 - Epoch Summary: TrainLoss=0.9062 | TrainAcc=0.715 | Val(P3)=0.676 | Val(AVO)=0.623
2025-09-29 13:07:47 - No P3-val improvement; patience remaining: 47/50
2025-09-29 13:07:47 - AVO val decreasing 3x. Reducing lambda_MMD to 0.210
2025-09-29 13:07:47 - Epoch 47/500 | LR=0.009793 | w_AVO=1.000 | w_P3=2.707 | lambda_MMD=0.210
2025-09-29 13:07:47 - Epoch Summary: TrainLoss=0.8894 | TrainAcc=0.715 | Val(P3)=0.649 | Val(AVO)=0.643
2025-09-29 13:07:47 - No P3-val improvement; patience remaining: 46/50
2025-09-29 13:07:47 - P3 val decreasing 3x. Reducing w_small to 2.166, lambda_MMD to 0.150
2025-09-29 13:07:47 - Epoch 48/500 | LR=0.009784 | w_AVO=1.000 | w_P3=2.166 | lambda_MMD=0.150
2025-09-29 13:07:47 - Epoch Summary: TrainLoss=0.8054 | TrainAcc=0.720 | Val(P3)=0.649 | Val(AVO)=0.636
2025-09-29 13:07:47 - No P3-val improvement; patience remaining: 45/50
2025-09-29 13:07:47 - Epoch 49/500 | LR=0.009774 | w_AVO=1.000 | w_P3=2.707 | lambda_MMD=0.300
2025-09-29 13:07:47 - Epoch Summary: TrainLoss=0.8688 | TrainAcc=0.712 | Val(P3)=0.676 | Val(AVO)=0.620
2025-09-29 13:07:47 - No P3-val improvement; patience remaining: 44/50
2025-09-29 13:07:47 - AVO val decreasing 3x. Reducing lambda_MMD to 0.210
2025-09-29 13:07:47 - Epoch 50/500 | LR=0.009765 | w_AVO=1.000 | w_P3=2.707 | lambda_MMD=0.210
2025-09-29 13:07:48 - Epoch Summary: TrainLoss=0.8253 | TrainAcc=0.727 | Val(P3)=0.649 | Val(AVO)=0.597
2025-09-29 13:07:48 - No P3-val improvement; patience remaining: 43/50
2025-09-29 13:07:48 - AVO val decreasing 3x. Reducing lambda_MMD to 0.210
2025-09-29 13:07:48 - Epoch 51/500 | LR=0.009755 | w_AVO=1.000 | w_P3=2.707 | lambda_MMD=0.210
2025-09-29 13:07:48 - Epoch Summary: TrainLoss=0.8498 | TrainAcc=0.729 | Val(P3)=0.622 | Val(AVO)=0.646
2025-09-29 13:07:48 - No P3-val improvement; patience remaining: 42/50
2025-09-29 13:07:48 - P3 val decreasing 3x. Reducing w_small to 2.166, lambda_MMD to 0.150
2025-09-29 13:07:48 - Epoch 52/500 | LR=0.009745 | w_AVO=1.000 | w_P3=2.166 | lambda_MMD=0.150
2025-09-29 13:07:48 - Epoch Summary: TrainLoss=0.7799 | TrainAcc=0.717 | Val(P3)=0.703 | Val(AVO)=0.633
2025-09-29 13:07:48 - No P3-val improvement; patience remaining: 41/50
2025-09-29 13:07:48 - Epoch 53/500 | LR=0.009735 | w_AVO=1.000 | w_P3=2.707 | lambda_MMD=0.300
2025-09-29 13:07:48 - Epoch Summary: TrainLoss=0.8236 | TrainAcc=0.718 | Val(P3)=0.622 | Val(AVO)=0.640
2025-09-29 13:07:48 - No P3-val improvement; patience remaining: 40/50
2025-09-29 13:07:48 - Epoch 54/500 | LR=0.009725 | w_AVO=1.000 | w_P3=2.707 | lambda_MMD=0.300
2025-09-29 13:07:48 - Epoch Summary: TrainLoss=0.8288 | TrainAcc=0.724 | Val(P3)=0.649 | Val(AVO)=0.620
2025-09-29 13:07:48 - No P3-val improvement; patience remaining: 39/50
2025-09-29 13:07:48 - Epoch 55/500 | LR=0.009715 | w_AVO=1.000 | w_P3=2.707 | lambda_MMD=0.300
2025-09-29 13:07:48 - Epoch Summary: TrainLoss=0.7944 | TrainAcc=0.727 | Val(P3)=0.595 | Val(AVO)=0.649
2025-09-29 13:07:48 - No P3-val improvement; patience remaining: 38/50
2025-09-29 13:07:48 - Epoch 56/500 | LR=0.009704 | w_AVO=1.000 | w_P3=2.707 | lambda_MMD=0.300
2025-09-29 13:07:49 - Epoch Summary: TrainLoss=0.8017 | TrainAcc=0.719 | Val(P3)=0.622 | Val(AVO)=0.649
2025-09-29 13:07:49 - No P3-val improvement; patience remaining: 37/50
2025-09-29 13:07:49 - Epoch 57/500 | LR=0.009694 | w_AVO=1.000 | w_P3=2.707 | lambda_MMD=0.300
2025-09-29 13:07:49 - Epoch Summary: TrainLoss=0.8092 | TrainAcc=0.731 | Val(P3)=0.703 | Val(AVO)=0.581
2025-09-29 13:07:49 - No P3-val improvement; patience remaining: 36/50
2025-09-29 13:07:49 - Epoch 58/500 | LR=0.009683 | w_AVO=1.000 | w_P3=2.707 | lambda_MMD=0.300
2025-09-29 13:07:49 - Epoch Summary: TrainLoss=0.7805 | TrainAcc=0.734 | Val(P3)=0.703 | Val(AVO)=0.617
2025-09-29 13:07:49 - No P3-val improvement; patience remaining: 35/50
2025-09-29 13:07:49 - Epoch 59/500 | LR=0.009672 | w_AVO=1.000 | w_P3=2.707 | lambda_MMD=0.300
2025-09-29 13:07:49 - Epoch Summary: TrainLoss=0.7976 | TrainAcc=0.732 | Val(P3)=0.649 | Val(AVO)=0.646
2025-09-29 13:07:49 - No P3-val improvement; patience remaining: 34/50
2025-09-29 13:07:49 - Epoch 60/500 | LR=0.009660 | w_AVO=1.000 | w_P3=2.707 | lambda_MMD=0.300
2025-09-29 13:07:49 - Epoch Summary: TrainLoss=0.7959 | TrainAcc=0.726 | Val(P3)=0.595 | Val(AVO)=0.659
2025-09-29 13:07:49 - No P3-val improvement; patience remaining: 33/50
2025-09-29 13:07:49 - P3 val decreasing 3x. Reducing w_small to 2.166, lambda_MMD to 0.150
2025-09-29 13:07:49 - Epoch 61/500 | LR=0.009649 | w_AVO=1.000 | w_P3=2.166 | lambda_MMD=0.150
2025-09-29 13:07:49 - Epoch Summary: TrainLoss=0.7140 | TrainAcc=0.732 | Val(P3)=0.676 | Val(AVO)=0.614
2025-09-29 13:07:49 - No P3-val improvement; patience remaining: 32/50
2025-09-29 13:07:49 - Epoch 62/500 | LR=0.009637 | w_AVO=1.000 | w_P3=2.707 | lambda_MMD=0.300
2025-09-29 13:07:50 - Epoch Summary: TrainLoss=0.7602 | TrainAcc=0.746 | Val(P3)=0.676 | Val(AVO)=0.646
2025-09-29 13:07:50 - No P3-val improvement; patience remaining: 31/50
2025-09-29 13:07:50 - Epoch 63/500 | LR=0.009625 | w_AVO=1.000 | w_P3=2.707 | lambda_MMD=0.300
2025-09-29 13:07:50 - Epoch Summary: TrainLoss=0.7797 | TrainAcc=0.738 | Val(P3)=0.703 | Val(AVO)=0.604
2025-09-29 13:07:50 - No P3-val improvement; patience remaining: 30/50
2025-09-29 13:07:50 - Epoch 64/500 | LR=0.009613 | w_AVO=1.000 | w_P3=2.707 | lambda_MMD=0.300
2025-09-29 13:07:50 - Epoch Summary: TrainLoss=0.7349 | TrainAcc=0.743 | Val(P3)=0.703 | Val(AVO)=0.630
2025-09-29 13:07:50 - No P3-val improvement; patience remaining: 29/50
2025-09-29 13:07:50 - Epoch 65/500 | LR=0.009601 | w_AVO=1.000 | w_P3=2.707 | lambda_MMD=0.300
2025-09-29 13:07:50 - Epoch Summary: TrainLoss=0.7234 | TrainAcc=0.750 | Val(P3)=0.676 | Val(AVO)=0.656
2025-09-29 13:07:50 - No P3-val improvement; patience remaining: 28/50
2025-09-29 13:07:50 - Epoch 66/500 | LR=0.009589 | w_AVO=1.000 | w_P3=2.707 | lambda_MMD=0.300
2025-09-29 13:07:50 - Epoch Summary: TrainLoss=0.7220 | TrainAcc=0.753 | Val(P3)=0.703 | Val(AVO)=0.653
2025-09-29 13:07:50 - No P3-val improvement; patience remaining: 27/50
2025-09-29 13:07:50 - Epoch 67/500 | LR=0.009576 | w_AVO=1.000 | w_P3=2.707 | lambda_MMD=0.300
2025-09-29 13:07:51 - Epoch Summary: TrainLoss=0.7154 | TrainAcc=0.749 | Val(P3)=0.676 | Val(AVO)=0.640
2025-09-29 13:07:51 - No P3-val improvement; patience remaining: 26/50
2025-09-29 13:07:51 - AVO val decreasing 3x. Reducing lambda_MMD to 0.210
2025-09-29 13:07:51 - Epoch 68/500 | LR=0.009563 | w_AVO=1.000 | w_P3=2.707 | lambda_MMD=0.210
2025-09-29 13:07:51 - Epoch Summary: TrainLoss=0.7118 | TrainAcc=0.748 | Val(P3)=0.649 | Val(AVO)=0.662
2025-09-29 13:07:51 - No P3-val improvement; patience remaining: 25/50
2025-09-29 13:07:51 - P3 val decreasing 3x. Reducing w_small to 2.166, lambda_MMD to 0.150
2025-09-29 13:07:51 - Epoch 69/500 | LR=0.009551 | w_AVO=1.000 | w_P3=2.166 | lambda_MMD=0.150
2025-09-29 13:07:51 - Epoch Summary: TrainLoss=0.6464 | TrainAcc=0.765 | Val(P3)=0.703 | Val(AVO)=0.643
2025-09-29 13:07:51 - No P3-val improvement; patience remaining: 24/50
2025-09-29 13:07:51 - Epoch 70/500 | LR=0.009537 | w_AVO=1.000 | w_P3=2.707 | lambda_MMD=0.300
2025-09-29 13:07:51 - Epoch Summary: TrainLoss=0.6705 | TrainAcc=0.762 | Val(P3)=0.703 | Val(AVO)=0.646
2025-09-29 13:07:51 - No P3-val improvement; patience remaining: 23/50
2025-09-29 13:07:51 - Epoch 71/500 | LR=0.009524 | w_AVO=1.000 | w_P3=2.707 | lambda_MMD=0.300
2025-09-29 13:07:51 - Epoch Summary: TrainLoss=0.6973 | TrainAcc=0.759 | Val(P3)=0.649 | Val(AVO)=0.656
2025-09-29 13:07:51 - No P3-val improvement; patience remaining: 22/50
2025-09-29 13:07:51 - Epoch 72/500 | LR=0.009511 | w_AVO=1.000 | w_P3=2.707 | lambda_MMD=0.300
2025-09-29 13:07:51 - Epoch Summary: TrainLoss=0.6825 | TrainAcc=0.760 | Val(P3)=0.703 | Val(AVO)=0.591
2025-09-29 13:07:51 - No P3-val improvement; patience remaining: 21/50
2025-09-29 13:07:51 - Epoch 73/500 | LR=0.009497 | w_AVO=1.000 | w_P3=2.707 | lambda_MMD=0.300
2025-09-29 13:07:52 - Epoch Summary: TrainLoss=0.6831 | TrainAcc=0.761 | Val(P3)=0.622 | Val(AVO)=0.653
2025-09-29 13:07:52 - No P3-val improvement; patience remaining: 20/50
2025-09-29 13:07:52 - Epoch 74/500 | LR=0.009483 | w_AVO=1.000 | w_P3=2.707 | lambda_MMD=0.300
2025-09-29 13:07:52 - Epoch Summary: TrainLoss=0.7427 | TrainAcc=0.729 | Val(P3)=0.649 | Val(AVO)=0.636
2025-09-29 13:07:52 - No P3-val improvement; patience remaining: 19/50
2025-09-29 13:07:52 - Epoch 75/500 | LR=0.009469 | w_AVO=1.000 | w_P3=2.707 | lambda_MMD=0.300
2025-09-29 13:07:52 - Epoch Summary: TrainLoss=0.7098 | TrainAcc=0.753 | Val(P3)=0.703 | Val(AVO)=0.643
2025-09-29 13:07:52 - No P3-val improvement; patience remaining: 18/50
2025-09-29 13:07:52 - Epoch 76/500 | LR=0.009455 | w_AVO=1.000 | w_P3=2.707 | lambda_MMD=0.300
2025-09-29 13:07:52 - Epoch Summary: TrainLoss=0.7450 | TrainAcc=0.725 | Val(P3)=0.595 | Val(AVO)=0.649
2025-09-29 13:07:52 - No P3-val improvement; patience remaining: 17/50
2025-09-29 13:07:52 - Epoch 77/500 | LR=0.009441 | w_AVO=1.000 | w_P3=2.707 | lambda_MMD=0.300
2025-09-29 13:07:52 - Epoch Summary: TrainLoss=0.6989 | TrainAcc=0.750 | Val(P3)=0.703 | Val(AVO)=0.646
2025-09-29 13:07:52 - No P3-val improvement; patience remaining: 16/50
2025-09-29 13:07:52 - Epoch 78/500 | LR=0.009426 | w_AVO=1.000 | w_P3=2.707 | lambda_MMD=0.300
2025-09-29 13:07:52 - Epoch Summary: TrainLoss=0.6502 | TrainAcc=0.775 | Val(P3)=0.649 | Val(AVO)=0.662
2025-09-29 13:07:52 - No P3-val improvement; patience remaining: 15/50
2025-09-29 13:07:52 - Epoch 79/500 | LR=0.009411 | w_AVO=1.000 | w_P3=2.707 | lambda_MMD=0.300
2025-09-29 13:07:53 - Epoch Summary: TrainLoss=0.6643 | TrainAcc=0.764 | Val(P3)=0.595 | Val(AVO)=0.666
2025-09-29 13:07:53 - No P3-val improvement; patience remaining: 14/50
2025-09-29 13:07:53 - P3 val decreasing 3x. Reducing w_small to 2.166, lambda_MMD to 0.150
2025-09-29 13:07:53 - Epoch 80/500 | LR=0.009397 | w_AVO=1.000 | w_P3=2.166 | lambda_MMD=0.150
2025-09-29 13:07:53 - Epoch Summary: TrainLoss=0.6085 | TrainAcc=0.771 | Val(P3)=0.676 | Val(AVO)=0.571
2025-09-29 13:07:53 - No P3-val improvement; patience remaining: 13/50
2025-09-29 13:07:53 - Epoch 81/500 | LR=0.009382 | w_AVO=1.000 | w_P3=2.707 | lambda_MMD=0.300
2025-09-29 13:07:53 - Epoch Summary: TrainLoss=0.6787 | TrainAcc=0.756 | Val(P3)=0.622 | Val(AVO)=0.675
2025-09-29 13:07:53 - No P3-val improvement; patience remaining: 12/50
2025-09-29 13:07:53 - Epoch 82/500 | LR=0.009366 | w_AVO=1.000 | w_P3=2.707 | lambda_MMD=0.300
2025-09-29 13:07:53 - Epoch Summary: TrainLoss=0.6279 | TrainAcc=0.787 | Val(P3)=0.676 | Val(AVO)=0.662
2025-09-29 13:07:53 - No P3-val improvement; patience remaining: 11/50
2025-09-29 13:07:53 - Epoch 83/500 | LR=0.009351 | w_AVO=1.000 | w_P3=2.707 | lambda_MMD=0.300
2025-09-29 13:07:53 - Epoch Summary: TrainLoss=0.6318 | TrainAcc=0.774 | Val(P3)=0.595 | Val(AVO)=0.669
2025-09-29 13:07:53 - No P3-val improvement; patience remaining: 10/50
2025-09-29 13:07:53 - Epoch 84/500 | LR=0.009335 | w_AVO=1.000 | w_P3=2.707 | lambda_MMD=0.300
2025-09-29 13:07:53 - Epoch Summary: TrainLoss=0.6440 | TrainAcc=0.775 | Val(P3)=0.703 | Val(AVO)=0.610
2025-09-29 13:07:53 - No P3-val improvement; patience remaining: 9/50
2025-09-29 13:07:53 - Epoch 85/500 | LR=0.009320 | w_AVO=1.000 | w_P3=2.707 | lambda_MMD=0.300
2025-09-29 13:07:54 - Epoch Summary: TrainLoss=0.6452 | TrainAcc=0.780 | Val(P3)=0.595 | Val(AVO)=0.669
2025-09-29 13:07:54 - No P3-val improvement; patience remaining: 8/50
2025-09-29 13:07:54 - Epoch 86/500 | LR=0.009304 | w_AVO=1.000 | w_P3=2.707 | lambda_MMD=0.300
2025-09-29 13:07:54 - Epoch Summary: TrainLoss=0.6557 | TrainAcc=0.775 | Val(P3)=0.676 | Val(AVO)=0.688
2025-09-29 13:07:54 - No P3-val improvement; patience remaining: 7/50
2025-09-29 13:07:54 - Epoch 87/500 | LR=0.009288 | w_AVO=1.000 | w_P3=2.707 | lambda_MMD=0.300
2025-09-29 13:07:54 - Epoch Summary: TrainLoss=0.6034 | TrainAcc=0.789 | Val(P3)=0.595 | Val(AVO)=0.653
2025-09-29 13:07:54 - No P3-val improvement; patience remaining: 6/50
2025-09-29 13:07:54 - Epoch 88/500 | LR=0.009271 | w_AVO=1.000 | w_P3=2.707 | lambda_MMD=0.300
2025-09-29 13:07:54 - Epoch Summary: TrainLoss=0.6111 | TrainAcc=0.784 | Val(P3)=0.703 | Val(AVO)=0.679
2025-09-29 13:07:54 - No P3-val improvement; patience remaining: 5/50
2025-09-29 13:07:54 - Epoch 89/500 | LR=0.009255 | w_AVO=1.000 | w_P3=2.707 | lambda_MMD=0.300
2025-09-29 13:07:54 - Epoch Summary: TrainLoss=0.5922 | TrainAcc=0.797 | Val(P3)=0.703 | Val(AVO)=0.646
2025-09-29 13:07:54 - No P3-val improvement; patience remaining: 4/50
2025-09-29 13:07:54 - Epoch 90/500 | LR=0.009238 | w_AVO=1.000 | w_P3=2.707 | lambda_MMD=0.300
2025-09-29 13:07:55 - Epoch Summary: TrainLoss=0.6084 | TrainAcc=0.795 | Val(P3)=0.622 | Val(AVO)=0.682
2025-09-29 13:07:55 - No P3-val improvement; patience remaining: 3/50
2025-09-29 13:07:55 - Epoch 91/500 | LR=0.009222 | w_AVO=1.000 | w_P3=2.707 | lambda_MMD=0.300
2025-09-29 13:07:55 - Epoch Summary: TrainLoss=0.5986 | TrainAcc=0.784 | Val(P3)=0.622 | Val(AVO)=0.672
2025-09-29 13:07:55 - No P3-val improvement; patience remaining: 2/50
2025-09-29 13:07:55 - Epoch 92/500 | LR=0.009205 | w_AVO=1.000 | w_P3=2.707 | lambda_MMD=0.300
2025-09-29 13:07:55 - Epoch Summary: TrainLoss=0.6269 | TrainAcc=0.779 | Val(P3)=0.622 | Val(AVO)=0.640
2025-09-29 13:07:55 - No P3-val improvement; patience remaining: 1/50
2025-09-29 13:07:55 - AVO val decreasing 3x. Reducing lambda_MMD to 0.210
2025-09-29 13:07:55 - Epoch 93/500 | LR=0.009188 | w_AVO=1.000 | w_P3=2.707 | lambda_MMD=0.210
2025-09-29 13:07:55 - Epoch Summary: TrainLoss=0.5778 | TrainAcc=0.788 | Val(P3)=0.649 | Val(AVO)=0.656
2025-09-29 13:07:55 - No P3-val improvement; patience remaining: 0/50
2025-09-29 13:07:55 - Early stopping triggered (P3-val)
2025-09-29 13:07:55 -     P3 Test | Acc=0.5616 P=0.5870 R=0.6750 F1=0.6279 AUC=0.5864 (n=73)
2025-09-29 13:07:55 -     AVO Test | Acc=0.6467 P=0.5969 R=0.8787 F1=0.7109 AUC=0.7595 (n=617)
2025-09-29 13:07:55 -     Overall Test Acc=0.6377
2025-09-29 13:07:55 -   Fold 4/5
2025-09-29 13:07:55 - Fold domains: small=P3 (n=293), large=AVO (n=2122)
2025-09-29 13:07:55 - Auto adjustments (symmetric): w_small≈1.000, lambda_MMD_target=0.300, warmup_epochs=5
2025-09-29 13:07:55 - Epoch 1/500 | LR=0.010000 | w_AVO=1.000 | w_P3=1.338 | lambda_MMD=0.060
2025-09-29 13:07:55 - Epoch Summary: TrainLoss=1.7608 | TrainAcc=0.525 | Val(P3)=0.611 | Val(AVO)=0.573
2025-09-29 13:07:55 - New best P3-val; checkpoint updated
2025-09-29 13:07:55 - Epoch 2/500 | LR=0.010000 | w_AVO=1.000 | w_P3=1.676 | lambda_MMD=0.120
2025-09-29 13:07:55 - Epoch Summary: TrainLoss=1.7434 | TrainAcc=0.593 | Val(P3)=0.500 | Val(AVO)=0.595
2025-09-29 13:07:55 - No P3-val improvement; patience remaining: 49/50
2025-09-29 13:07:55 - Epoch 3/500 | LR=0.010000 | w_AVO=1.000 | w_P3=2.015 | lambda_MMD=0.180
2025-09-29 13:07:56 - Epoch Summary: TrainLoss=1.9313 | TrainAcc=0.608 | Val(P3)=0.639 | Val(AVO)=0.618
2025-09-29 13:07:56 - New best P3-val; checkpoint updated
2025-09-29 13:07:56 - Epoch 4/500 | LR=0.009999 | w_AVO=1.000 | w_P3=2.353 | lambda_MMD=0.240
2025-09-29 13:07:56 - Epoch Summary: TrainLoss=2.1246 | TrainAcc=0.613 | Val(P3)=0.556 | Val(AVO)=0.621
2025-09-29 13:07:56 - No P3-val improvement; patience remaining: 49/50
2025-09-29 13:07:56 - Epoch 5/500 | LR=0.009998 | w_AVO=1.000 | w_P3=2.691 | lambda_MMD=0.300
2025-09-29 13:07:56 - Epoch Summary: TrainLoss=2.3375 | TrainAcc=0.614 | Val(P3)=0.556 | Val(AVO)=0.602
2025-09-29 13:07:56 - No P3-val improvement; patience remaining: 48/50
2025-09-29 13:07:56 - Epoch 6/500 | LR=0.009998 | w_AVO=1.000 | w_P3=2.691 | lambda_MMD=0.300
2025-09-29 13:07:56 - Epoch Summary: TrainLoss=2.2901 | TrainAcc=0.610 | Val(P3)=0.500 | Val(AVO)=0.628
2025-09-29 13:07:56 - No P3-val improvement; patience remaining: 47/50
2025-09-29 13:07:56 - Epoch 7/500 | LR=0.009996 | w_AVO=1.000 | w_P3=2.691 | lambda_MMD=0.300
2025-09-29 13:07:56 - Epoch Summary: TrainLoss=2.2883 | TrainAcc=0.613 | Val(P3)=0.583 | Val(AVO)=0.634
2025-09-29 13:07:56 - No P3-val improvement; patience remaining: 46/50
2025-09-29 13:07:56 - Epoch 8/500 | LR=0.009995 | w_AVO=1.000 | w_P3=2.691 | lambda_MMD=0.300
2025-09-29 13:07:57 - Epoch Summary: TrainLoss=2.2396 | TrainAcc=0.615 | Val(P3)=0.583 | Val(AVO)=0.638
2025-09-29 13:07:57 - No P3-val improvement; patience remaining: 45/50
2025-09-29 13:07:57 - Epoch 9/500 | LR=0.009994 | w_AVO=1.000 | w_P3=2.691 | lambda_MMD=0.300
2025-09-29 13:07:57 - Epoch Summary: TrainLoss=2.1676 | TrainAcc=0.617 | Val(P3)=0.528 | Val(AVO)=0.654
2025-09-29 13:07:57 - No P3-val improvement; patience remaining: 44/50
2025-09-29 13:07:57 - Epoch 10/500 | LR=0.009992 | w_AVO=1.000 | w_P3=2.691 | lambda_MMD=0.300
2025-09-29 13:07:57 - Epoch Summary: TrainLoss=2.1414 | TrainAcc=0.629 | Val(P3)=0.583 | Val(AVO)=0.641
2025-09-29 13:07:57 - No P3-val improvement; patience remaining: 43/50
2025-09-29 13:07:57 - Epoch 11/500 | LR=0.009990 | w_AVO=1.000 | w_P3=2.691 | lambda_MMD=0.300
2025-09-29 13:07:57 - Epoch Summary: TrainLoss=2.1175 | TrainAcc=0.627 | Val(P3)=0.500 | Val(AVO)=0.641
2025-09-29 13:07:57 - No P3-val improvement; patience remaining: 42/50
2025-09-29 13:07:57 - Epoch 12/500 | LR=0.009988 | w_AVO=1.000 | w_P3=2.691 | lambda_MMD=0.300
2025-09-29 13:07:57 - Epoch Summary: TrainLoss=2.0233 | TrainAcc=0.643 | Val(P3)=0.556 | Val(AVO)=0.644
2025-09-29 13:07:57 - No P3-val improvement; patience remaining: 41/50
2025-09-29 13:07:57 - Epoch 13/500 | LR=0.009986 | w_AVO=1.000 | w_P3=2.691 | lambda_MMD=0.300
2025-09-29 13:07:57 - Epoch Summary: TrainLoss=1.9895 | TrainAcc=0.641 | Val(P3)=0.556 | Val(AVO)=0.676
2025-09-29 13:07:57 - No P3-val improvement; patience remaining: 40/50
2025-09-29 13:07:57 - Epoch 14/500 | LR=0.009983 | w_AVO=1.000 | w_P3=2.691 | lambda_MMD=0.300
2025-09-29 13:07:58 - Epoch Summary: TrainLoss=1.9532 | TrainAcc=0.653 | Val(P3)=0.556 | Val(AVO)=0.634
2025-09-29 13:07:58 - No P3-val improvement; patience remaining: 39/50
2025-09-29 13:07:58 - Epoch 15/500 | LR=0.009981 | w_AVO=1.000 | w_P3=2.691 | lambda_MMD=0.300
2025-09-29 13:07:58 - Epoch Summary: TrainLoss=1.8942 | TrainAcc=0.656 | Val(P3)=0.528 | Val(AVO)=0.641
2025-09-29 13:07:58 - No P3-val improvement; patience remaining: 38/50
2025-09-29 13:07:58 - Epoch 16/500 | LR=0.009978 | w_AVO=1.000 | w_P3=2.691 | lambda_MMD=0.300
2025-09-29 13:07:58 - Epoch Summary: TrainLoss=1.8450 | TrainAcc=0.652 | Val(P3)=0.583 | Val(AVO)=0.654
2025-09-29 13:07:58 - No P3-val improvement; patience remaining: 37/50
2025-09-29 13:07:58 - Epoch 17/500 | LR=0.009975 | w_AVO=1.000 | w_P3=2.691 | lambda_MMD=0.300
2025-09-29 13:07:58 - Epoch Summary: TrainLoss=1.8328 | TrainAcc=0.666 | Val(P3)=0.583 | Val(AVO)=0.625
2025-09-29 13:07:58 - No P3-val improvement; patience remaining: 36/50
2025-09-29 13:07:58 - Epoch 18/500 | LR=0.009972 | w_AVO=1.000 | w_P3=2.691 | lambda_MMD=0.300
2025-09-29 13:07:58 - Epoch Summary: TrainLoss=1.7415 | TrainAcc=0.656 | Val(P3)=0.500 | Val(AVO)=0.638
2025-09-29 13:07:58 - No P3-val improvement; patience remaining: 35/50
2025-09-29 13:07:58 - Epoch 19/500 | LR=0.009968 | w_AVO=1.000 | w_P3=2.691 | lambda_MMD=0.300
2025-09-29 13:07:58 - Epoch Summary: TrainLoss=1.7459 | TrainAcc=0.658 | Val(P3)=0.639 | Val(AVO)=0.638
2025-09-29 13:07:58 - No P3-val improvement; patience remaining: 34/50
2025-09-29 13:07:58 - Epoch 20/500 | LR=0.009964 | w_AVO=1.000 | w_P3=2.691 | lambda_MMD=0.300
2025-09-29 13:07:59 - Epoch Summary: TrainLoss=1.7033 | TrainAcc=0.665 | Val(P3)=0.611 | Val(AVO)=0.644
2025-09-29 13:07:59 - No P3-val improvement; patience remaining: 33/50
2025-09-29 13:07:59 - Epoch 21/500 | LR=0.009961 | w_AVO=1.000 | w_P3=2.691 | lambda_MMD=0.300
2025-09-29 13:07:59 - Epoch Summary: TrainLoss=1.6747 | TrainAcc=0.663 | Val(P3)=0.611 | Val(AVO)=0.657
2025-09-29 13:07:59 - No P3-val improvement; patience remaining: 32/50
2025-09-29 13:07:59 - Epoch 22/500 | LR=0.009957 | w_AVO=1.000 | w_P3=2.691 | lambda_MMD=0.300
2025-09-29 13:07:59 - Epoch Summary: TrainLoss=1.5949 | TrainAcc=0.668 | Val(P3)=0.583 | Val(AVO)=0.647
2025-09-29 13:07:59 - No P3-val improvement; patience remaining: 31/50
2025-09-29 13:07:59 - Epoch 23/500 | LR=0.009952 | w_AVO=1.000 | w_P3=2.691 | lambda_MMD=0.300
2025-09-29 13:07:59 - Epoch Summary: TrainLoss=1.5575 | TrainAcc=0.674 | Val(P3)=0.611 | Val(AVO)=0.644
2025-09-29 13:07:59 - No P3-val improvement; patience remaining: 30/50
2025-09-29 13:07:59 - AVO val decreasing 3x. Reducing lambda_MMD to 0.210
2025-09-29 13:07:59 - Epoch 24/500 | LR=0.009948 | w_AVO=1.000 | w_P3=2.691 | lambda_MMD=0.210
2025-09-29 13:07:59 - Epoch Summary: TrainLoss=1.5243 | TrainAcc=0.678 | Val(P3)=0.583 | Val(AVO)=0.647
2025-09-29 13:07:59 - No P3-val improvement; patience remaining: 29/50
2025-09-29 13:07:59 - Epoch 25/500 | LR=0.009943 | w_AVO=1.000 | w_P3=2.691 | lambda_MMD=0.300
2025-09-29 13:07:59 - Epoch Summary: TrainLoss=1.5154 | TrainAcc=0.680 | Val(P3)=0.556 | Val(AVO)=0.618
2025-09-29 13:07:59 - No P3-val improvement; patience remaining: 28/50
2025-09-29 13:07:59 - P3 val decreasing 3x. Reducing w_small to 2.153, lambda_MMD to 0.150
2025-09-29 13:07:59 - Epoch 26/500 | LR=0.009938 | w_AVO=1.000 | w_P3=2.153 | lambda_MMD=0.150
2025-09-29 13:08:00 - Epoch Summary: TrainLoss=1.2855 | TrainAcc=0.681 | Val(P3)=0.611 | Val(AVO)=0.663
2025-09-29 13:08:00 - No P3-val improvement; patience remaining: 27/50
2025-09-29 13:08:00 - Epoch 27/500 | LR=0.009933 | w_AVO=1.000 | w_P3=2.691 | lambda_MMD=0.300
2025-09-29 13:08:00 - Epoch Summary: TrainLoss=1.4401 | TrainAcc=0.667 | Val(P3)=0.611 | Val(AVO)=0.654
2025-09-29 13:08:00 - No P3-val improvement; patience remaining: 26/50
2025-09-29 13:08:00 - Epoch 28/500 | LR=0.009928 | w_AVO=1.000 | w_P3=2.691 | lambda_MMD=0.300
2025-09-29 13:08:00 - Epoch Summary: TrainLoss=1.3790 | TrainAcc=0.688 | Val(P3)=0.472 | Val(AVO)=0.599
2025-09-29 13:08:00 - No P3-val improvement; patience remaining: 25/50
2025-09-29 13:08:00 - AVO val decreasing 3x. Reducing lambda_MMD to 0.210
2025-09-29 13:08:00 - Epoch 29/500 | LR=0.009923 | w_AVO=1.000 | w_P3=2.691 | lambda_MMD=0.210
2025-09-29 13:08:00 - Epoch Summary: TrainLoss=1.3530 | TrainAcc=0.679 | Val(P3)=0.611 | Val(AVO)=0.654
2025-09-29 13:08:00 - No P3-val improvement; patience remaining: 24/50
2025-09-29 13:08:00 - Epoch 30/500 | LR=0.009917 | w_AVO=1.000 | w_P3=2.691 | lambda_MMD=0.300
2025-09-29 13:08:00 - Epoch Summary: TrainLoss=1.3070 | TrainAcc=0.686 | Val(P3)=0.611 | Val(AVO)=0.686
2025-09-29 13:08:00 - No P3-val improvement; patience remaining: 23/50
2025-09-29 13:08:00 - Epoch 31/500 | LR=0.009911 | w_AVO=1.000 | w_P3=2.691 | lambda_MMD=0.300
2025-09-29 13:08:01 - Epoch Summary: TrainLoss=1.2994 | TrainAcc=0.679 | Val(P3)=0.611 | Val(AVO)=0.654
2025-09-29 13:08:01 - No P3-val improvement; patience remaining: 22/50
2025-09-29 13:08:01 - Epoch 32/500 | LR=0.009905 | w_AVO=1.000 | w_P3=2.691 | lambda_MMD=0.300
2025-09-29 13:08:01 - Epoch Summary: TrainLoss=1.2670 | TrainAcc=0.684 | Val(P3)=0.611 | Val(AVO)=0.683
2025-09-29 13:08:01 - No P3-val improvement; patience remaining: 21/50
2025-09-29 13:08:01 - Epoch 33/500 | LR=0.009899 | w_AVO=1.000 | w_P3=2.691 | lambda_MMD=0.300
2025-09-29 13:08:01 - Epoch Summary: TrainLoss=1.2360 | TrainAcc=0.690 | Val(P3)=0.667 | Val(AVO)=0.670
2025-09-29 13:08:01 - New best P3-val; checkpoint updated
2025-09-29 13:08:01 - Epoch 34/500 | LR=0.009893 | w_AVO=1.000 | w_P3=2.691 | lambda_MMD=0.300
2025-09-29 13:08:01 - Epoch Summary: TrainLoss=1.2072 | TrainAcc=0.696 | Val(P3)=0.611 | Val(AVO)=0.641
2025-09-29 13:08:01 - No P3-val improvement; patience remaining: 49/50
2025-09-29 13:08:01 - AVO val decreasing 3x. Reducing lambda_MMD to 0.210
2025-09-29 13:08:01 - Epoch 35/500 | LR=0.009886 | w_AVO=1.000 | w_P3=2.691 | lambda_MMD=0.210
2025-09-29 13:08:01 - Epoch Summary: TrainLoss=1.1909 | TrainAcc=0.687 | Val(P3)=0.667 | Val(AVO)=0.706
2025-09-29 13:08:01 - No P3-val improvement; patience remaining: 48/50
2025-09-29 13:08:01 - Epoch 36/500 | LR=0.009880 | w_AVO=1.000 | w_P3=2.691 | lambda_MMD=0.300
2025-09-29 13:08:01 - Epoch Summary: TrainLoss=1.1757 | TrainAcc=0.680 | Val(P3)=0.639 | Val(AVO)=0.683
2025-09-29 13:08:01 - No P3-val improvement; patience remaining: 47/50
2025-09-29 13:08:01 - Epoch 37/500 | LR=0.009873 | w_AVO=1.000 | w_P3=2.691 | lambda_MMD=0.300
2025-09-29 13:08:02 - Epoch Summary: TrainLoss=1.1825 | TrainAcc=0.689 | Val(P3)=0.528 | Val(AVO)=0.638
2025-09-29 13:08:02 - No P3-val improvement; patience remaining: 46/50
2025-09-29 13:08:02 - P3 val decreasing 3x. Reducing w_small to 2.153, lambda_MMD to 0.150
2025-09-29 13:08:02 - AVO val decreasing 3x. Reducing lambda_MMD to 0.105
2025-09-29 13:08:02 - Epoch 38/500 | LR=0.009865 | w_AVO=1.000 | w_P3=2.153 | lambda_MMD=0.105
2025-09-29 13:08:02 - Epoch Summary: TrainLoss=1.0139 | TrainAcc=0.695 | Val(P3)=0.611 | Val(AVO)=0.699
2025-09-29 13:08:02 - No P3-val improvement; patience remaining: 45/50
2025-09-29 13:08:02 - Epoch 39/500 | LR=0.009858 | w_AVO=1.000 | w_P3=2.691 | lambda_MMD=0.300
2025-09-29 13:08:02 - Epoch Summary: TrainLoss=1.1268 | TrainAcc=0.683 | Val(P3)=0.556 | Val(AVO)=0.657
2025-09-29 13:08:02 - No P3-val improvement; patience remaining: 44/50
2025-09-29 13:08:02 - Epoch 40/500 | LR=0.009851 | w_AVO=1.000 | w_P3=2.691 | lambda_MMD=0.300
2025-09-29 13:08:02 - Epoch Summary: TrainLoss=1.0801 | TrainAcc=0.707 | Val(P3)=0.528 | Val(AVO)=0.644
2025-09-29 13:08:02 - No P3-val improvement; patience remaining: 43/50
2025-09-29 13:08:02 - P3 val decreasing 3x. Reducing w_small to 2.153, lambda_MMD to 0.150
2025-09-29 13:08:02 - AVO val decreasing 3x. Reducing lambda_MMD to 0.105
2025-09-29 13:08:02 - Epoch 41/500 | LR=0.009843 | w_AVO=1.000 | w_P3=2.153 | lambda_MMD=0.105
2025-09-29 13:08:02 - Epoch Summary: TrainLoss=0.9411 | TrainAcc=0.703 | Val(P3)=0.556 | Val(AVO)=0.618
2025-09-29 13:08:02 - No P3-val improvement; patience remaining: 42/50
2025-09-29 13:08:02 - AVO val decreasing 3x. Reducing lambda_MMD to 0.210
2025-09-29 13:08:02 - Epoch 42/500 | LR=0.009835 | w_AVO=1.000 | w_P3=2.691 | lambda_MMD=0.210
2025-09-29 13:08:02 - Epoch Summary: TrainLoss=1.0784 | TrainAcc=0.707 | Val(P3)=0.611 | Val(AVO)=0.676
2025-09-29 13:08:02 - No P3-val improvement; patience remaining: 41/50
2025-09-29 13:08:02 - Epoch 43/500 | LR=0.009827 | w_AVO=1.000 | w_P3=2.691 | lambda_MMD=0.300
2025-09-29 13:08:03 - Epoch Summary: TrainLoss=1.0731 | TrainAcc=0.696 | Val(P3)=0.639 | Val(AVO)=0.657
2025-09-29 13:08:03 - No P3-val improvement; patience remaining: 40/50
2025-09-29 13:08:03 - Epoch 44/500 | LR=0.009819 | w_AVO=1.000 | w_P3=2.691 | lambda_MMD=0.300
2025-09-29 13:08:03 - Epoch Summary: TrainLoss=1.0564 | TrainAcc=0.687 | Val(P3)=0.611 | Val(AVO)=0.660
2025-09-29 13:08:03 - No P3-val improvement; patience remaining: 39/50
2025-09-29 13:08:03 - Epoch 45/500 | LR=0.009810 | w_AVO=1.000 | w_P3=2.691 | lambda_MMD=0.300
2025-09-29 13:08:03 - Epoch Summary: TrainLoss=0.9999 | TrainAcc=0.705 | Val(P3)=0.583 | Val(AVO)=0.683
2025-09-29 13:08:03 - No P3-val improvement; patience remaining: 38/50
2025-09-29 13:08:03 - P3 val decreasing 3x. Reducing w_small to 2.153, lambda_MMD to 0.150
2025-09-29 13:08:03 - Epoch 46/500 | LR=0.009801 | w_AVO=1.000 | w_P3=2.153 | lambda_MMD=0.150
2025-09-29 13:08:03 - Epoch Summary: TrainLoss=0.9424 | TrainAcc=0.697 | Val(P3)=0.583 | Val(AVO)=0.676
2025-09-29 13:08:03 - No P3-val improvement; patience remaining: 37/50
2025-09-29 13:08:03 - Epoch 47/500 | LR=0.009793 | w_AVO=1.000 | w_P3=2.691 | lambda_MMD=0.300
2025-09-29 13:08:03 - Epoch Summary: TrainLoss=0.9526 | TrainAcc=0.712 | Val(P3)=0.583 | Val(AVO)=0.696
2025-09-29 13:08:03 - No P3-val improvement; patience remaining: 36/50
2025-09-29 13:08:03 - Epoch 48/500 | LR=0.009784 | w_AVO=1.000 | w_P3=2.691 | lambda_MMD=0.300
2025-09-29 13:08:03 - Epoch Summary: TrainLoss=0.9409 | TrainAcc=0.709 | Val(P3)=0.583 | Val(AVO)=0.680
2025-09-29 13:08:03 - No P3-val improvement; patience remaining: 35/50
2025-09-29 13:08:03 - Epoch 49/500 | LR=0.009774 | w_AVO=1.000 | w_P3=2.691 | lambda_MMD=0.300
2025-09-29 13:08:04 - Epoch Summary: TrainLoss=0.9434 | TrainAcc=0.707 | Val(P3)=0.639 | Val(AVO)=0.644
2025-09-29 13:08:04 - No P3-val improvement; patience remaining: 34/50
2025-09-29 13:08:04 - AVO val decreasing 3x. Reducing lambda_MMD to 0.210
2025-09-29 13:08:04 - Epoch 50/500 | LR=0.009765 | w_AVO=1.000 | w_P3=2.691 | lambda_MMD=0.210
2025-09-29 13:08:04 - Epoch Summary: TrainLoss=0.9270 | TrainAcc=0.713 | Val(P3)=0.667 | Val(AVO)=0.628
2025-09-29 13:08:04 - No P3-val improvement; patience remaining: 33/50
2025-09-29 13:08:04 - AVO val decreasing 3x. Reducing lambda_MMD to 0.210
2025-09-29 13:08:04 - Epoch 51/500 | LR=0.009755 | w_AVO=1.000 | w_P3=2.691 | lambda_MMD=0.210
2025-09-29 13:08:04 - Epoch Summary: TrainLoss=0.9193 | TrainAcc=0.709 | Val(P3)=0.583 | Val(AVO)=0.670
2025-09-29 13:08:04 - No P3-val improvement; patience remaining: 32/50
2025-09-29 13:08:04 - Epoch 52/500 | LR=0.009745 | w_AVO=1.000 | w_P3=2.691 | lambda_MMD=0.300
2025-09-29 13:08:04 - Epoch Summary: TrainLoss=0.8867 | TrainAcc=0.720 | Val(P3)=0.528 | Val(AVO)=0.683
2025-09-29 13:08:04 - No P3-val improvement; patience remaining: 31/50
2025-09-29 13:08:04 - P3 val decreasing 3x. Reducing w_small to 2.153, lambda_MMD to 0.150
2025-09-29 13:08:04 - Epoch 53/500 | LR=0.009735 | w_AVO=1.000 | w_P3=2.153 | lambda_MMD=0.150
2025-09-29 13:08:04 - Epoch Summary: TrainLoss=0.8018 | TrainAcc=0.719 | Val(P3)=0.639 | Val(AVO)=0.657
2025-09-29 13:08:04 - No P3-val improvement; patience remaining: 30/50
2025-09-29 13:08:04 - Epoch 54/500 | LR=0.009725 | w_AVO=1.000 | w_P3=2.691 | lambda_MMD=0.300
2025-09-29 13:08:05 - Epoch Summary: TrainLoss=0.9194 | TrainAcc=0.706 | Val(P3)=0.556 | Val(AVO)=0.663
2025-09-29 13:08:05 - No P3-val improvement; patience remaining: 29/50
2025-09-29 13:08:05 - Epoch 55/500 | LR=0.009715 | w_AVO=1.000 | w_P3=2.691 | lambda_MMD=0.300
2025-09-29 13:08:05 - Epoch Summary: TrainLoss=0.8744 | TrainAcc=0.736 | Val(P3)=0.556 | Val(AVO)=0.693
2025-09-29 13:08:05 - No P3-val improvement; patience remaining: 28/50
2025-09-29 13:08:05 - Epoch 56/500 | LR=0.009704 | w_AVO=1.000 | w_P3=2.691 | lambda_MMD=0.300
2025-09-29 13:08:05 - Epoch Summary: TrainLoss=0.8381 | TrainAcc=0.728 | Val(P3)=0.528 | Val(AVO)=0.650
2025-09-29 13:08:05 - No P3-val improvement; patience remaining: 27/50
2025-09-29 13:08:05 - Epoch 57/500 | LR=0.009694 | w_AVO=1.000 | w_P3=2.691 | lambda_MMD=0.300
2025-09-29 13:08:05 - Epoch Summary: TrainLoss=0.8314 | TrainAcc=0.731 | Val(P3)=0.528 | Val(AVO)=0.676
2025-09-29 13:08:05 - No P3-val improvement; patience remaining: 26/50
2025-09-29 13:08:05 - Epoch 58/500 | LR=0.009683 | w_AVO=1.000 | w_P3=2.691 | lambda_MMD=0.300
2025-09-29 13:08:05 - Epoch Summary: TrainLoss=0.8167 | TrainAcc=0.738 | Val(P3)=0.583 | Val(AVO)=0.663
2025-09-29 13:08:05 - No P3-val improvement; patience remaining: 25/50
2025-09-29 13:08:05 - Epoch 59/500 | LR=0.009672 | w_AVO=1.000 | w_P3=2.691 | lambda_MMD=0.300
2025-09-29 13:08:05 - Epoch Summary: TrainLoss=0.7938 | TrainAcc=0.730 | Val(P3)=0.639 | Val(AVO)=0.647
2025-09-29 13:08:05 - No P3-val improvement; patience remaining: 24/50
2025-09-29 13:08:05 - AVO val decreasing 3x. Reducing lambda_MMD to 0.210
2025-09-29 13:08:05 - Epoch 60/500 | LR=0.009660 | w_AVO=1.000 | w_P3=2.691 | lambda_MMD=0.210
2025-09-29 13:08:06 - Epoch Summary: TrainLoss=0.7689 | TrainAcc=0.732 | Val(P3)=0.611 | Val(AVO)=0.644
2025-09-29 13:08:06 - No P3-val improvement; patience remaining: 23/50
2025-09-29 13:08:06 - AVO val decreasing 3x. Reducing lambda_MMD to 0.210
2025-09-29 13:08:06 - Epoch 61/500 | LR=0.009649 | w_AVO=1.000 | w_P3=2.691 | lambda_MMD=0.210
2025-09-29 13:08:06 - Epoch Summary: TrainLoss=0.8518 | TrainAcc=0.716 | Val(P3)=0.556 | Val(AVO)=0.621
2025-09-29 13:08:06 - No P3-val improvement; patience remaining: 22/50
2025-09-29 13:08:06 - P3 val decreasing 3x. Reducing w_small to 2.153, lambda_MMD to 0.150
2025-09-29 13:08:06 - AVO val decreasing 3x. Reducing lambda_MMD to 0.105
2025-09-29 13:08:06 - Epoch 62/500 | LR=0.009637 | w_AVO=1.000 | w_P3=2.153 | lambda_MMD=0.105
2025-09-29 13:08:06 - Epoch Summary: TrainLoss=0.7620 | TrainAcc=0.714 | Val(P3)=0.583 | Val(AVO)=0.663
2025-09-29 13:08:06 - No P3-val improvement; patience remaining: 21/50
2025-09-29 13:08:06 - Epoch 63/500 | LR=0.009625 | w_AVO=1.000 | w_P3=2.691 | lambda_MMD=0.300
2025-09-29 13:08:06 - Epoch Summary: TrainLoss=0.8162 | TrainAcc=0.732 | Val(P3)=0.611 | Val(AVO)=0.689
2025-09-29 13:08:06 - No P3-val improvement; patience remaining: 20/50
2025-09-29 13:08:06 - Epoch 64/500 | LR=0.009613 | w_AVO=1.000 | w_P3=2.691 | lambda_MMD=0.300
2025-09-29 13:08:06 - Epoch Summary: TrainLoss=0.7730 | TrainAcc=0.730 | Val(P3)=0.639 | Val(AVO)=0.670
2025-09-29 13:08:06 - No P3-val improvement; patience remaining: 19/50
2025-09-29 13:08:06 - Epoch 65/500 | LR=0.009601 | w_AVO=1.000 | w_P3=2.691 | lambda_MMD=0.300
2025-09-29 13:08:06 - Epoch Summary: TrainLoss=0.7807 | TrainAcc=0.729 | Val(P3)=0.611 | Val(AVO)=0.657
2025-09-29 13:08:06 - No P3-val improvement; patience remaining: 18/50
2025-09-29 13:08:06 - AVO val decreasing 3x. Reducing lambda_MMD to 0.210
2025-09-29 13:08:06 - Epoch 66/500 | LR=0.009589 | w_AVO=1.000 | w_P3=2.691 | lambda_MMD=0.210
2025-09-29 13:08:07 - Epoch Summary: TrainLoss=0.7558 | TrainAcc=0.738 | Val(P3)=0.556 | Val(AVO)=0.663
2025-09-29 13:08:07 - No P3-val improvement; patience remaining: 17/50
2025-09-29 13:08:07 - P3 val decreasing 3x. Reducing w_small to 2.153, lambda_MMD to 0.150
2025-09-29 13:08:07 - Epoch 67/500 | LR=0.009576 | w_AVO=1.000 | w_P3=2.153 | lambda_MMD=0.150
2025-09-29 13:08:07 - Epoch Summary: TrainLoss=0.7103 | TrainAcc=0.740 | Val(P3)=0.639 | Val(AVO)=0.647
2025-09-29 13:08:07 - No P3-val improvement; patience remaining: 16/50
2025-09-29 13:08:07 - Epoch 68/500 | LR=0.009563 | w_AVO=1.000 | w_P3=2.691 | lambda_MMD=0.300
2025-09-29 13:08:07 - Epoch Summary: TrainLoss=0.7377 | TrainAcc=0.757 | Val(P3)=0.528 | Val(AVO)=0.680
2025-09-29 13:08:07 - No P3-val improvement; patience remaining: 15/50
2025-09-29 13:08:07 - Epoch 69/500 | LR=0.009551 | w_AVO=1.000 | w_P3=2.691 | lambda_MMD=0.300
2025-09-29 13:08:07 - Epoch Summary: TrainLoss=0.7392 | TrainAcc=0.754 | Val(P3)=0.583 | Val(AVO)=0.673
2025-09-29 13:08:07 - No P3-val improvement; patience remaining: 14/50
2025-09-29 13:08:07 - Epoch 70/500 | LR=0.009537 | w_AVO=1.000 | w_P3=2.691 | lambda_MMD=0.300
2025-09-29 13:08:07 - Epoch Summary: TrainLoss=0.7807 | TrainAcc=0.730 | Val(P3)=0.639 | Val(AVO)=0.650
2025-09-29 13:08:07 - No P3-val improvement; patience remaining: 13/50
2025-09-29 13:08:07 - AVO val decreasing 3x. Reducing lambda_MMD to 0.210
2025-09-29 13:08:07 - Epoch 71/500 | LR=0.009524 | w_AVO=1.000 | w_P3=2.691 | lambda_MMD=0.210
2025-09-29 13:08:08 - Epoch Summary: TrainLoss=0.6964 | TrainAcc=0.750 | Val(P3)=0.722 | Val(AVO)=0.605
2025-09-29 13:08:08 - New best P3-val; checkpoint updated
2025-09-29 13:08:08 - AVO val decreasing 3x. Reducing lambda_MMD to 0.210
2025-09-29 13:08:08 - Epoch 72/500 | LR=0.009511 | w_AVO=1.000 | w_P3=2.691 | lambda_MMD=0.210
2025-09-29 13:08:08 - Epoch Summary: TrainLoss=0.7094 | TrainAcc=0.758 | Val(P3)=0.556 | Val(AVO)=0.683
2025-09-29 13:08:08 - No P3-val improvement; patience remaining: 49/50
2025-09-29 13:08:08 - Epoch 73/500 | LR=0.009497 | w_AVO=1.000 | w_P3=2.691 | lambda_MMD=0.300
2025-09-29 13:08:08 - Epoch Summary: TrainLoss=0.7071 | TrainAcc=0.758 | Val(P3)=0.583 | Val(AVO)=0.670
2025-09-29 13:08:08 - No P3-val improvement; patience remaining: 48/50
2025-09-29 13:08:08 - Epoch 74/500 | LR=0.009483 | w_AVO=1.000 | w_P3=2.691 | lambda_MMD=0.300
2025-09-29 13:08:08 - Epoch Summary: TrainLoss=0.7239 | TrainAcc=0.753 | Val(P3)=0.556 | Val(AVO)=0.663
2025-09-29 13:08:08 - No P3-val improvement; patience remaining: 47/50
2025-09-29 13:08:08 - AVO val decreasing 3x. Reducing lambda_MMD to 0.210
2025-09-29 13:08:08 - Epoch 75/500 | LR=0.009469 | w_AVO=1.000 | w_P3=2.691 | lambda_MMD=0.210
2025-09-29 13:08:08 - Epoch Summary: TrainLoss=0.6706 | TrainAcc=0.765 | Val(P3)=0.611 | Val(AVO)=0.663
2025-09-29 13:08:08 - No P3-val improvement; patience remaining: 46/50
2025-09-29 13:08:08 - Epoch 76/500 | LR=0.009455 | w_AVO=1.000 | w_P3=2.691 | lambda_MMD=0.300
2025-09-29 13:08:08 - Epoch Summary: TrainLoss=0.7407 | TrainAcc=0.742 | Val(P3)=0.556 | Val(AVO)=0.683
2025-09-29 13:08:08 - No P3-val improvement; patience remaining: 45/50
2025-09-29 13:08:08 - Epoch 77/500 | LR=0.009441 | w_AVO=1.000 | w_P3=2.691 | lambda_MMD=0.300
2025-09-29 13:08:09 - Epoch Summary: TrainLoss=0.7023 | TrainAcc=0.761 | Val(P3)=0.583 | Val(AVO)=0.644
2025-09-29 13:08:09 - No P3-val improvement; patience remaining: 44/50
2025-09-29 13:08:09 - Epoch 78/500 | LR=0.009426 | w_AVO=1.000 | w_P3=2.691 | lambda_MMD=0.300
2025-09-29 13:08:09 - Epoch Summary: TrainLoss=0.7067 | TrainAcc=0.747 | Val(P3)=0.639 | Val(AVO)=0.641
2025-09-29 13:08:09 - No P3-val improvement; patience remaining: 43/50
2025-09-29 13:08:09 - AVO val decreasing 3x. Reducing lambda_MMD to 0.210
2025-09-29 13:08:09 - Epoch 79/500 | LR=0.009411 | w_AVO=1.000 | w_P3=2.691 | lambda_MMD=0.210
2025-09-29 13:08:09 - Epoch Summary: TrainLoss=0.6910 | TrainAcc=0.759 | Val(P3)=0.639 | Val(AVO)=0.650
2025-09-29 13:08:09 - No P3-val improvement; patience remaining: 42/50
2025-09-29 13:08:09 - Epoch 80/500 | LR=0.009397 | w_AVO=1.000 | w_P3=2.691 | lambda_MMD=0.300
2025-09-29 13:08:09 - Epoch Summary: TrainLoss=0.6713 | TrainAcc=0.768 | Val(P3)=0.583 | Val(AVO)=0.663
2025-09-29 13:08:09 - No P3-val improvement; patience remaining: 41/50
2025-09-29 13:08:09 - Epoch 81/500 | LR=0.009382 | w_AVO=1.000 | w_P3=2.691 | lambda_MMD=0.300
2025-09-29 13:08:09 - Epoch Summary: TrainLoss=0.6722 | TrainAcc=0.770 | Val(P3)=0.583 | Val(AVO)=0.667
2025-09-29 13:08:09 - No P3-val improvement; patience remaining: 40/50
2025-09-29 13:08:09 - Epoch 82/500 | LR=0.009366 | w_AVO=1.000 | w_P3=2.691 | lambda_MMD=0.300
2025-09-29 13:08:09 - Epoch Summary: TrainLoss=0.6564 | TrainAcc=0.774 | Val(P3)=0.583 | Val(AVO)=0.676
2025-09-29 13:08:09 - No P3-val improvement; patience remaining: 39/50
2025-09-29 13:08:09 - Epoch 83/500 | LR=0.009351 | w_AVO=1.000 | w_P3=2.691 | lambda_MMD=0.300
2025-09-29 13:08:10 - Epoch Summary: TrainLoss=0.6754 | TrainAcc=0.770 | Val(P3)=0.639 | Val(AVO)=0.686
2025-09-29 13:08:10 - No P3-val improvement; patience remaining: 38/50
2025-09-29 13:08:10 - Epoch 84/500 | LR=0.009335 | w_AVO=1.000 | w_P3=2.691 | lambda_MMD=0.300
2025-09-29 13:08:10 - Epoch Summary: TrainLoss=0.6789 | TrainAcc=0.756 | Val(P3)=0.583 | Val(AVO)=0.676
2025-09-29 13:08:10 - No P3-val improvement; patience remaining: 37/50
2025-09-29 13:08:10 - Epoch 85/500 | LR=0.009320 | w_AVO=1.000 | w_P3=2.691 | lambda_MMD=0.300
2025-09-29 13:08:10 - Epoch Summary: TrainLoss=0.6373 | TrainAcc=0.780 | Val(P3)=0.556 | Val(AVO)=0.673
2025-09-29 13:08:10 - No P3-val improvement; patience remaining: 36/50
2025-09-29 13:08:10 - P3 val decreasing 3x. Reducing w_small to 2.153, lambda_MMD to 0.150
2025-09-29 13:08:10 - AVO val decreasing 3x. Reducing lambda_MMD to 0.105
2025-09-29 13:08:10 - Epoch 86/500 | LR=0.009304 | w_AVO=1.000 | w_P3=2.153 | lambda_MMD=0.105
2025-09-29 13:08:10 - Epoch Summary: TrainLoss=0.5914 | TrainAcc=0.765 | Val(P3)=0.611 | Val(AVO)=0.589
2025-09-29 13:08:10 - No P3-val improvement; patience remaining: 35/50
2025-09-29 13:08:10 - AVO val decreasing 3x. Reducing lambda_MMD to 0.210
2025-09-29 13:08:10 - Epoch 87/500 | LR=0.009288 | w_AVO=1.000 | w_P3=2.691 | lambda_MMD=0.210
2025-09-29 13:08:10 - Epoch Summary: TrainLoss=0.6505 | TrainAcc=0.768 | Val(P3)=0.611 | Val(AVO)=0.683
2025-09-29 13:08:10 - No P3-val improvement; patience remaining: 34/50
2025-09-29 13:08:10 - Epoch 88/500 | LR=0.009271 | w_AVO=1.000 | w_P3=2.691 | lambda_MMD=0.300
2025-09-29 13:08:11 - Epoch Summary: TrainLoss=0.6233 | TrainAcc=0.779 | Val(P3)=0.639 | Val(AVO)=0.654
2025-09-29 13:08:11 - No P3-val improvement; patience remaining: 33/50
2025-09-29 13:08:11 - Epoch 89/500 | LR=0.009255 | w_AVO=1.000 | w_P3=2.691 | lambda_MMD=0.300
2025-09-29 13:08:11 - Epoch Summary: TrainLoss=0.6692 | TrainAcc=0.770 | Val(P3)=0.611 | Val(AVO)=0.647
2025-09-29 13:08:11 - No P3-val improvement; patience remaining: 32/50
2025-09-29 13:08:11 - AVO val decreasing 3x. Reducing lambda_MMD to 0.210
2025-09-29 13:08:11 - Epoch 90/500 | LR=0.009238 | w_AVO=1.000 | w_P3=2.691 | lambda_MMD=0.210
2025-09-29 13:08:11 - Epoch Summary: TrainLoss=0.6146 | TrainAcc=0.790 | Val(P3)=0.611 | Val(AVO)=0.683
2025-09-29 13:08:11 - No P3-val improvement; patience remaining: 31/50
2025-09-29 13:08:11 - Epoch 91/500 | LR=0.009222 | w_AVO=1.000 | w_P3=2.691 | lambda_MMD=0.300
2025-09-29 13:08:11 - Epoch Summary: TrainLoss=0.6317 | TrainAcc=0.786 | Val(P3)=0.583 | Val(AVO)=0.657
2025-09-29 13:08:11 - No P3-val improvement; patience remaining: 30/50
2025-09-29 13:08:11 - Epoch 92/500 | LR=0.009205 | w_AVO=1.000 | w_P3=2.691 | lambda_MMD=0.300
2025-09-29 13:08:11 - Epoch Summary: TrainLoss=0.6480 | TrainAcc=0.779 | Val(P3)=0.583 | Val(AVO)=0.667
2025-09-29 13:08:11 - No P3-val improvement; patience remaining: 29/50
2025-09-29 13:08:11 - Epoch 93/500 | LR=0.009188 | w_AVO=1.000 | w_P3=2.691 | lambda_MMD=0.300
2025-09-29 13:08:11 - Epoch Summary: TrainLoss=0.6160 | TrainAcc=0.789 | Val(P3)=0.583 | Val(AVO)=0.670
2025-09-29 13:08:11 - No P3-val improvement; patience remaining: 28/50
2025-09-29 13:08:11 - Epoch 94/500 | LR=0.009170 | w_AVO=1.000 | w_P3=2.691 | lambda_MMD=0.300
2025-09-29 13:08:12 - Epoch Summary: TrainLoss=0.5923 | TrainAcc=0.796 | Val(P3)=0.611 | Val(AVO)=0.628
2025-09-29 13:08:12 - No P3-val improvement; patience remaining: 27/50
2025-09-29 13:08:12 - Epoch 95/500 | LR=0.009153 | w_AVO=1.000 | w_P3=2.691 | lambda_MMD=0.300
2025-09-29 13:08:12 - Epoch Summary: TrainLoss=0.5997 | TrainAcc=0.797 | Val(P3)=0.639 | Val(AVO)=0.676
2025-09-29 13:08:12 - No P3-val improvement; patience remaining: 26/50
2025-09-29 13:08:12 - Epoch 96/500 | LR=0.009135 | w_AVO=1.000 | w_P3=2.691 | lambda_MMD=0.300
2025-09-29 13:08:12 - Epoch Summary: TrainLoss=0.5791 | TrainAcc=0.801 | Val(P3)=0.583 | Val(AVO)=0.673
2025-09-29 13:08:12 - No P3-val improvement; patience remaining: 25/50
2025-09-29 13:08:12 - Epoch 97/500 | LR=0.009118 | w_AVO=1.000 | w_P3=2.691 | lambda_MMD=0.300
2025-09-29 13:08:12 - Epoch Summary: TrainLoss=0.6108 | TrainAcc=0.788 | Val(P3)=0.639 | Val(AVO)=0.625
2025-09-29 13:08:12 - No P3-val improvement; patience remaining: 24/50
2025-09-29 13:08:12 - AVO val decreasing 3x. Reducing lambda_MMD to 0.210
2025-09-29 13:08:12 - Epoch 98/500 | LR=0.009100 | w_AVO=1.000 | w_P3=2.691 | lambda_MMD=0.210
2025-09-29 13:08:12 - Epoch Summary: TrainLoss=0.5717 | TrainAcc=0.797 | Val(P3)=0.667 | Val(AVO)=0.670
2025-09-29 13:08:12 - No P3-val improvement; patience remaining: 23/50
2025-09-29 13:08:12 - Epoch 99/500 | LR=0.009082 | w_AVO=1.000 | w_P3=2.691 | lambda_MMD=0.300
2025-09-29 13:08:12 - Epoch Summary: TrainLoss=0.5848 | TrainAcc=0.801 | Val(P3)=0.583 | Val(AVO)=0.657
2025-09-29 13:08:12 - No P3-val improvement; patience remaining: 22/50
2025-09-29 13:08:12 - Epoch 100/500 | LR=0.009063 | w_AVO=1.000 | w_P3=2.691 | lambda_MMD=0.300
2025-09-29 13:08:13 - Epoch Summary: TrainLoss=0.6015 | TrainAcc=0.796 | Val(P3)=0.528 | Val(AVO)=0.686
2025-09-29 13:08:13 - No P3-val improvement; patience remaining: 21/50
2025-09-29 13:08:13 - P3 val decreasing 3x. Reducing w_small to 2.153, lambda_MMD to 0.150
2025-09-29 13:08:13 - Epoch 101/500 | LR=0.009045 | w_AVO=1.000 | w_P3=2.153 | lambda_MMD=0.150
2025-09-29 13:08:13 - Epoch Summary: TrainLoss=0.5323 | TrainAcc=0.794 | Val(P3)=0.556 | Val(AVO)=0.673
2025-09-29 13:08:13 - No P3-val improvement; patience remaining: 20/50
2025-09-29 13:08:13 - Epoch 102/500 | LR=0.009027 | w_AVO=1.000 | w_P3=2.691 | lambda_MMD=0.300
2025-09-29 13:08:13 - Epoch Summary: TrainLoss=0.5672 | TrainAcc=0.803 | Val(P3)=0.583 | Val(AVO)=0.644
2025-09-29 13:08:13 - No P3-val improvement; patience remaining: 19/50
2025-09-29 13:08:13 - AVO val decreasing 3x. Reducing lambda_MMD to 0.210
2025-09-29 13:08:13 - Epoch 103/500 | LR=0.009008 | w_AVO=1.000 | w_P3=2.691 | lambda_MMD=0.210
2025-09-29 13:08:13 - Epoch Summary: TrainLoss=0.5578 | TrainAcc=0.806 | Val(P3)=0.611 | Val(AVO)=0.680
2025-09-29 13:08:13 - No P3-val improvement; patience remaining: 18/50
2025-09-29 13:08:13 - Epoch 104/500 | LR=0.008989 | w_AVO=1.000 | w_P3=2.691 | lambda_MMD=0.300
2025-09-29 13:08:13 - Epoch Summary: TrainLoss=0.5614 | TrainAcc=0.812 | Val(P3)=0.694 | Val(AVO)=0.686
2025-09-29 13:08:13 - No P3-val improvement; patience remaining: 17/50
2025-09-29 13:08:13 - Epoch 105/500 | LR=0.008970 | w_AVO=1.000 | w_P3=2.691 | lambda_MMD=0.300
2025-09-29 13:08:13 - Epoch Summary: TrainLoss=0.5720 | TrainAcc=0.808 | Val(P3)=0.611 | Val(AVO)=0.612
2025-09-29 13:08:13 - No P3-val improvement; patience remaining: 16/50
2025-09-29 13:08:13 - Epoch 106/500 | LR=0.008951 | w_AVO=1.000 | w_P3=2.691 | lambda_MMD=0.300
2025-09-29 13:08:14 - Epoch Summary: TrainLoss=0.5546 | TrainAcc=0.817 | Val(P3)=0.500 | Val(AVO)=0.641
2025-09-29 13:08:14 - No P3-val improvement; patience remaining: 15/50
2025-09-29 13:08:14 - P3 val decreasing 3x. Reducing w_small to 2.153, lambda_MMD to 0.150
2025-09-29 13:08:14 - Epoch 107/500 | LR=0.008931 | w_AVO=1.000 | w_P3=2.153 | lambda_MMD=0.150
2025-09-29 13:08:14 - Epoch Summary: TrainLoss=0.5219 | TrainAcc=0.799 | Val(P3)=0.611 | Val(AVO)=0.712
2025-09-29 13:08:14 - No P3-val improvement; patience remaining: 14/50
2025-09-29 13:08:14 - Epoch 108/500 | LR=0.008912 | w_AVO=1.000 | w_P3=2.691 | lambda_MMD=0.300
2025-09-29 13:08:14 - Epoch Summary: TrainLoss=0.5409 | TrainAcc=0.808 | Val(P3)=0.639 | Val(AVO)=0.660
2025-09-29 13:08:14 - No P3-val improvement; patience remaining: 13/50
2025-09-29 13:08:14 - Epoch 109/500 | LR=0.008892 | w_AVO=1.000 | w_P3=2.691 | lambda_MMD=0.300
2025-09-29 13:08:14 - Epoch Summary: TrainLoss=0.5498 | TrainAcc=0.817 | Val(P3)=0.611 | Val(AVO)=0.689
2025-09-29 13:08:14 - No P3-val improvement; patience remaining: 12/50
2025-09-29 13:08:14 - Epoch 110/500 | LR=0.008873 | w_AVO=1.000 | w_P3=2.691 | lambda_MMD=0.300
2025-09-29 13:08:14 - Epoch Summary: TrainLoss=0.5512 | TrainAcc=0.811 | Val(P3)=0.611 | Val(AVO)=0.689
2025-09-29 13:08:14 - No P3-val improvement; patience remaining: 11/50
2025-09-29 13:08:14 - Epoch 111/500 | LR=0.008853 | w_AVO=1.000 | w_P3=2.691 | lambda_MMD=0.300
2025-09-29 13:08:15 - Epoch Summary: TrainLoss=0.5522 | TrainAcc=0.806 | Val(P3)=0.583 | Val(AVO)=0.650
2025-09-29 13:08:15 - No P3-val improvement; patience remaining: 10/50
2025-09-29 13:08:15 - Epoch 112/500 | LR=0.008832 | w_AVO=1.000 | w_P3=2.691 | lambda_MMD=0.300
2025-09-29 13:08:15 - Epoch Summary: TrainLoss=0.5477 | TrainAcc=0.826 | Val(P3)=0.639 | Val(AVO)=0.696
2025-09-29 13:08:15 - No P3-val improvement; patience remaining: 9/50
2025-09-29 13:08:15 - Epoch 113/500 | LR=0.008812 | w_AVO=1.000 | w_P3=2.691 | lambda_MMD=0.300
2025-09-29 13:08:15 - Epoch Summary: TrainLoss=0.5419 | TrainAcc=0.819 | Val(P3)=0.611 | Val(AVO)=0.663
2025-09-29 13:08:15 - No P3-val improvement; patience remaining: 8/50
2025-09-29 13:08:15 - Epoch 114/500 | LR=0.008792 | w_AVO=1.000 | w_P3=2.691 | lambda_MMD=0.300
2025-09-29 13:08:15 - Epoch Summary: TrainLoss=0.5388 | TrainAcc=0.821 | Val(P3)=0.556 | Val(AVO)=0.670
2025-09-29 13:08:15 - No P3-val improvement; patience remaining: 7/50
2025-09-29 13:08:15 - P3 val decreasing 3x. Reducing w_small to 2.153, lambda_MMD to 0.150
2025-09-29 13:08:15 - Epoch 115/500 | LR=0.008771 | w_AVO=1.000 | w_P3=2.153 | lambda_MMD=0.150
2025-09-29 13:08:15 - Epoch Summary: TrainLoss=0.4985 | TrainAcc=0.817 | Val(P3)=0.583 | Val(AVO)=0.634
2025-09-29 13:08:15 - No P3-val improvement; patience remaining: 6/50
2025-09-29 13:08:15 - Epoch 116/500 | LR=0.008751 | w_AVO=1.000 | w_P3=2.691 | lambda_MMD=0.300
2025-09-29 13:08:15 - Epoch Summary: TrainLoss=0.5522 | TrainAcc=0.812 | Val(P3)=0.639 | Val(AVO)=0.599
2025-09-29 13:08:15 - No P3-val improvement; patience remaining: 5/50
2025-09-29 13:08:15 - AVO val decreasing 3x. Reducing lambda_MMD to 0.210
2025-09-29 13:08:15 - Epoch 117/500 | LR=0.008730 | w_AVO=1.000 | w_P3=2.691 | lambda_MMD=0.210
2025-09-29 13:08:16 - Epoch Summary: TrainLoss=0.5111 | TrainAcc=0.821 | Val(P3)=0.611 | Val(AVO)=0.670
2025-09-29 13:08:16 - No P3-val improvement; patience remaining: 4/50
2025-09-29 13:08:16 - Epoch 118/500 | LR=0.008709 | w_AVO=1.000 | w_P3=2.691 | lambda_MMD=0.300
2025-09-29 13:08:16 - Epoch Summary: TrainLoss=0.5797 | TrainAcc=0.805 | Val(P3)=0.611 | Val(AVO)=0.689
2025-09-29 13:08:16 - No P3-val improvement; patience remaining: 3/50
2025-09-29 13:08:16 - Epoch 119/500 | LR=0.008688 | w_AVO=1.000 | w_P3=2.691 | lambda_MMD=0.300
2025-09-29 13:08:16 - Epoch Summary: TrainLoss=0.5709 | TrainAcc=0.798 | Val(P3)=0.639 | Val(AVO)=0.657
2025-09-29 13:08:16 - No P3-val improvement; patience remaining: 2/50
2025-09-29 13:08:16 - Epoch 120/500 | LR=0.008666 | w_AVO=1.000 | w_P3=2.691 | lambda_MMD=0.300
2025-09-29 13:08:16 - Epoch Summary: TrainLoss=0.5352 | TrainAcc=0.808 | Val(P3)=0.583 | Val(AVO)=0.663
2025-09-29 13:08:16 - No P3-val improvement; patience remaining: 1/50
2025-09-29 13:08:16 - Epoch 121/500 | LR=0.008645 | w_AVO=1.000 | w_P3=2.691 | lambda_MMD=0.300
2025-09-29 13:08:16 - Epoch Summary: TrainLoss=0.5068 | TrainAcc=0.836 | Val(P3)=0.611 | Val(AVO)=0.667
2025-09-29 13:08:16 - No P3-val improvement; patience remaining: 0/50
2025-09-29 13:08:16 - Early stopping triggered (P3-val)
2025-09-29 13:08:16 -     P3 Test | Acc=0.6197 P=0.5854 R=0.7059 F1=0.6400 AUC=0.6184 (n=71)
2025-09-29 13:08:16 -     AVO Test | Acc=0.6527 P=0.6034 R=0.9003 F1=0.7226 AUC=0.7555 (n=619)
2025-09-29 13:08:16 -     Overall Test Acc=0.6493
2025-09-29 13:08:16 -   Fold 5/5
2025-09-29 13:08:16 - Fold domains: small=P3 (n=286), large=AVO (n=2129)
2025-09-29 13:08:16 - Auto adjustments (symmetric): w_small≈1.000, lambda_MMD_target=0.300, warmup_epochs=5
2025-09-29 13:08:16 - Epoch 1/500 | LR=0.010000 | w_AVO=1.000 | w_P3=1.346 | lambda_MMD=0.060
2025-09-29 13:08:17 - Epoch Summary: TrainLoss=1.6851 | TrainAcc=0.543 | Val(P3)=0.529 | Val(AVO)=0.592
2025-09-29 13:08:17 - New best P3-val; checkpoint updated
2025-09-29 13:08:17 - Epoch 2/500 | LR=0.010000 | w_AVO=1.000 | w_P3=1.691 | lambda_MMD=0.120
2025-09-29 13:08:17 - Epoch Summary: TrainLoss=1.7099 | TrainAcc=0.610 | Val(P3)=0.500 | Val(AVO)=0.637
2025-09-29 13:08:17 - No P3-val improvement; patience remaining: 49/50
2025-09-29 13:08:17 - Epoch 3/500 | LR=0.010000 | w_AVO=1.000 | w_P3=2.037 | lambda_MMD=0.180
2025-09-29 13:08:17 - Epoch Summary: TrainLoss=1.8910 | TrainAcc=0.630 | Val(P3)=0.500 | Val(AVO)=0.601
2025-09-29 13:08:17 - No P3-val improvement; patience remaining: 48/50
2025-09-29 13:08:17 - Epoch 4/500 | LR=0.009999 | w_AVO=1.000 | w_P3=2.383 | lambda_MMD=0.240
2025-09-29 13:08:17 - Epoch Summary: TrainLoss=2.0979 | TrainAcc=0.631 | Val(P3)=0.529 | Val(AVO)=0.601
2025-09-29 13:08:17 - No P3-val improvement; patience remaining: 47/50
2025-09-29 13:08:17 - Epoch 5/500 | LR=0.009998 | w_AVO=1.000 | w_P3=2.728 | lambda_MMD=0.300
2025-09-29 13:08:17 - Epoch Summary: TrainLoss=2.3008 | TrainAcc=0.612 | Val(P3)=0.559 | Val(AVO)=0.576
2025-09-29 13:08:17 - New best P3-val; checkpoint updated
2025-09-29 13:08:17 - Epoch 6/500 | LR=0.009998 | w_AVO=1.000 | w_P3=2.728 | lambda_MMD=0.300
2025-09-29 13:08:17 - Epoch Summary: TrainLoss=2.2936 | TrainAcc=0.632 | Val(P3)=0.618 | Val(AVO)=0.617
2025-09-29 13:08:17 - New best P3-val; checkpoint updated
2025-09-29 13:08:17 - Epoch 7/500 | LR=0.009996 | w_AVO=1.000 | w_P3=2.728 | lambda_MMD=0.300
2025-09-29 13:08:18 - Epoch Summary: TrainLoss=2.2719 | TrainAcc=0.639 | Val(P3)=0.529 | Val(AVO)=0.614
2025-09-29 13:08:18 - No P3-val improvement; patience remaining: 49/50
2025-09-29 13:08:18 - Epoch 8/500 | LR=0.009995 | w_AVO=1.000 | w_P3=2.728 | lambda_MMD=0.300
2025-09-29 13:08:18 - Epoch Summary: TrainLoss=2.1954 | TrainAcc=0.639 | Val(P3)=0.500 | Val(AVO)=0.624
2025-09-29 13:08:18 - No P3-val improvement; patience remaining: 48/50
2025-09-29 13:08:18 - P3 val decreasing 3x. Reducing w_small to 2.183, lambda_MMD to 0.150
2025-09-29 13:08:18 - Epoch 9/500 | LR=0.009994 | w_AVO=1.000 | w_P3=2.183 | lambda_MMD=0.150
2025-09-29 13:08:18 - Epoch Summary: TrainLoss=1.8723 | TrainAcc=0.638 | Val(P3)=0.529 | Val(AVO)=0.650
2025-09-29 13:08:18 - No P3-val improvement; patience remaining: 47/50
2025-09-29 13:08:18 - Epoch 10/500 | LR=0.009992 | w_AVO=1.000 | w_P3=2.728 | lambda_MMD=0.300
2025-09-29 13:08:18 - Epoch Summary: TrainLoss=2.1409 | TrainAcc=0.645 | Val(P3)=0.588 | Val(AVO)=0.646
2025-09-29 13:08:18 - No P3-val improvement; patience remaining: 46/50
2025-09-29 13:08:18 - Epoch 11/500 | LR=0.009990 | w_AVO=1.000 | w_P3=2.728 | lambda_MMD=0.300
2025-09-29 13:08:18 - Epoch Summary: TrainLoss=2.0670 | TrainAcc=0.651 | Val(P3)=0.529 | Val(AVO)=0.592
2025-09-29 13:08:18 - No P3-val improvement; patience remaining: 45/50
2025-09-29 13:08:18 - AVO val decreasing 3x. Reducing lambda_MMD to 0.210
2025-09-29 13:08:18 - Epoch 12/500 | LR=0.009988 | w_AVO=1.000 | w_P3=2.728 | lambda_MMD=0.210
2025-09-29 13:08:18 - Epoch Summary: TrainLoss=2.0168 | TrainAcc=0.653 | Val(P3)=0.500 | Val(AVO)=0.617
2025-09-29 13:08:18 - No P3-val improvement; patience remaining: 44/50
2025-09-29 13:08:18 - P3 val decreasing 3x. Reducing w_small to 2.183, lambda_MMD to 0.150
2025-09-29 13:08:18 - Epoch 13/500 | LR=0.009986 | w_AVO=1.000 | w_P3=2.183 | lambda_MMD=0.150
2025-09-29 13:08:19 - Epoch Summary: TrainLoss=1.6994 | TrainAcc=0.658 | Val(P3)=0.588 | Val(AVO)=0.627
2025-09-29 13:08:19 - No P3-val improvement; patience remaining: 43/50
2025-09-29 13:08:19 - Epoch 14/500 | LR=0.009983 | w_AVO=1.000 | w_P3=2.728 | lambda_MMD=0.300
2025-09-29 13:08:19 - Epoch Summary: TrainLoss=1.9129 | TrainAcc=0.664 | Val(P3)=0.500 | Val(AVO)=0.614
2025-09-29 13:08:19 - No P3-val improvement; patience remaining: 42/50
2025-09-29 13:08:19 - Epoch 15/500 | LR=0.009981 | w_AVO=1.000 | w_P3=2.728 | lambda_MMD=0.300
2025-09-29 13:08:19 - Epoch Summary: TrainLoss=1.9028 | TrainAcc=0.658 | Val(P3)=0.647 | Val(AVO)=0.646
2025-09-29 13:08:19 - New best P3-val; checkpoint updated
2025-09-29 13:08:19 - Epoch 16/500 | LR=0.009978 | w_AVO=1.000 | w_P3=2.728 | lambda_MMD=0.300
2025-09-29 13:08:19 - Epoch Summary: TrainLoss=1.9352 | TrainAcc=0.624 | Val(P3)=0.618 | Val(AVO)=0.682
2025-09-29 13:08:19 - No P3-val improvement; patience remaining: 49/50
2025-09-29 13:08:19 - Epoch 17/500 | LR=0.009975 | w_AVO=1.000 | w_P3=2.728 | lambda_MMD=0.300
2025-09-29 13:08:19 - Epoch Summary: TrainLoss=1.8583 | TrainAcc=0.645 | Val(P3)=0.559 | Val(AVO)=0.611
2025-09-29 13:08:19 - No P3-val improvement; patience remaining: 48/50
2025-09-29 13:08:19 - P3 val decreasing 3x. Reducing w_small to 2.183, lambda_MMD to 0.150
2025-09-29 13:08:19 - Epoch 18/500 | LR=0.009972 | w_AVO=1.000 | w_P3=2.183 | lambda_MMD=0.150
2025-09-29 13:08:19 - Epoch Summary: TrainLoss=1.5255 | TrainAcc=0.663 | Val(P3)=0.588 | Val(AVO)=0.614
2025-09-29 13:08:19 - No P3-val improvement; patience remaining: 47/50
2025-09-29 13:08:19 - Epoch 19/500 | LR=0.009968 | w_AVO=1.000 | w_P3=2.728 | lambda_MMD=0.300
2025-09-29 13:08:20 - Epoch Summary: TrainLoss=1.7221 | TrainAcc=0.674 | Val(P3)=0.588 | Val(AVO)=0.617
2025-09-29 13:08:20 - No P3-val improvement; patience remaining: 46/50
2025-09-29 13:08:20 - Epoch 20/500 | LR=0.009964 | w_AVO=1.000 | w_P3=2.728 | lambda_MMD=0.300
2025-09-29 13:08:20 - Epoch Summary: TrainLoss=1.6957 | TrainAcc=0.683 | Val(P3)=0.441 | Val(AVO)=0.585
2025-09-29 13:08:20 - No P3-val improvement; patience remaining: 45/50
2025-09-29 13:08:20 - Epoch 21/500 | LR=0.009961 | w_AVO=1.000 | w_P3=2.728 | lambda_MMD=0.300
2025-09-29 13:08:20 - Epoch Summary: TrainLoss=1.6211 | TrainAcc=0.679 | Val(P3)=0.529 | Val(AVO)=0.598
2025-09-29 13:08:20 - No P3-val improvement; patience remaining: 44/50
2025-09-29 13:08:20 - Epoch 22/500 | LR=0.009957 | w_AVO=1.000 | w_P3=2.728 | lambda_MMD=0.300
2025-09-29 13:08:20 - Epoch Summary: TrainLoss=1.6627 | TrainAcc=0.651 | Val(P3)=0.529 | Val(AVO)=0.617
2025-09-29 13:08:20 - No P3-val improvement; patience remaining: 43/50
2025-09-29 13:08:20 - Epoch 23/500 | LR=0.009952 | w_AVO=1.000 | w_P3=2.728 | lambda_MMD=0.300
2025-09-29 13:08:20 - Epoch Summary: TrainLoss=1.5836 | TrainAcc=0.678 | Val(P3)=0.559 | Val(AVO)=0.656
2025-09-29 13:08:20 - No P3-val improvement; patience remaining: 42/50
2025-09-29 13:08:20 - Epoch 24/500 | LR=0.009948 | w_AVO=1.000 | w_P3=2.728 | lambda_MMD=0.300
2025-09-29 13:08:21 - Epoch Summary: TrainLoss=1.5450 | TrainAcc=0.669 | Val(P3)=0.588 | Val(AVO)=0.611
2025-09-29 13:08:21 - No P3-val improvement; patience remaining: 41/50
2025-09-29 13:08:21 - Epoch 25/500 | LR=0.009943 | w_AVO=1.000 | w_P3=2.728 | lambda_MMD=0.300
2025-09-29 13:08:21 - Epoch Summary: TrainLoss=1.5000 | TrainAcc=0.667 | Val(P3)=0.500 | Val(AVO)=0.605
2025-09-29 13:08:21 - No P3-val improvement; patience remaining: 40/50
2025-09-29 13:08:21 - AVO val decreasing 3x. Reducing lambda_MMD to 0.210
2025-09-29 13:08:21 - Epoch 26/500 | LR=0.009938 | w_AVO=1.000 | w_P3=2.728 | lambda_MMD=0.210
2025-09-29 13:08:21 - Epoch Summary: TrainLoss=1.5109 | TrainAcc=0.689 | Val(P3)=0.529 | Val(AVO)=0.592
2025-09-29 13:08:21 - No P3-val improvement; patience remaining: 39/50
2025-09-29 13:08:21 - AVO val decreasing 3x. Reducing lambda_MMD to 0.210
2025-09-29 13:08:21 - Epoch 27/500 | LR=0.009933 | w_AVO=1.000 | w_P3=2.728 | lambda_MMD=0.210
2025-09-29 13:08:21 - Epoch Summary: TrainLoss=1.4312 | TrainAcc=0.682 | Val(P3)=0.500 | Val(AVO)=0.627
2025-09-29 13:08:21 - No P3-val improvement; patience remaining: 38/50
2025-09-29 13:08:21 - Epoch 28/500 | LR=0.009928 | w_AVO=1.000 | w_P3=2.728 | lambda_MMD=0.300
2025-09-29 13:08:21 - Epoch Summary: TrainLoss=1.4497 | TrainAcc=0.682 | Val(P3)=0.618 | Val(AVO)=0.627
2025-09-29 13:08:21 - No P3-val improvement; patience remaining: 37/50
2025-09-29 13:08:21 - Epoch 29/500 | LR=0.009923 | w_AVO=1.000 | w_P3=2.728 | lambda_MMD=0.300
2025-09-29 13:08:21 - Epoch Summary: TrainLoss=1.4015 | TrainAcc=0.675 | Val(P3)=0.500 | Val(AVO)=0.617
2025-09-29 13:08:21 - No P3-val improvement; patience remaining: 36/50
2025-09-29 13:08:21 - Epoch 30/500 | LR=0.009917 | w_AVO=1.000 | w_P3=2.728 | lambda_MMD=0.300
2025-09-29 13:08:22 - Epoch Summary: TrainLoss=1.3684 | TrainAcc=0.697 | Val(P3)=0.471 | Val(AVO)=0.598
2025-09-29 13:08:22 - No P3-val improvement; patience remaining: 35/50
2025-09-29 13:08:22 - P3 val decreasing 3x. Reducing w_small to 2.183, lambda_MMD to 0.150
2025-09-29 13:08:22 - AVO val decreasing 3x. Reducing lambda_MMD to 0.105
2025-09-29 13:08:22 - Epoch 31/500 | LR=0.009911 | w_AVO=1.000 | w_P3=2.183 | lambda_MMD=0.105
2025-09-29 13:08:22 - Epoch Summary: TrainLoss=1.1534 | TrainAcc=0.688 | Val(P3)=0.529 | Val(AVO)=0.621
2025-09-29 13:08:22 - No P3-val improvement; patience remaining: 34/50
2025-09-29 13:08:22 - Epoch 32/500 | LR=0.009905 | w_AVO=1.000 | w_P3=2.728 | lambda_MMD=0.300
2025-09-29 13:08:22 - Epoch Summary: TrainLoss=1.3088 | TrainAcc=0.690 | Val(P3)=0.441 | Val(AVO)=0.547
2025-09-29 13:08:22 - No P3-val improvement; patience remaining: 33/50
2025-09-29 13:08:22 - Epoch 33/500 | LR=0.009899 | w_AVO=1.000 | w_P3=2.728 | lambda_MMD=0.300
2025-09-29 13:08:22 - Epoch Summary: TrainLoss=1.2829 | TrainAcc=0.680 | Val(P3)=0.471 | Val(AVO)=0.569
2025-09-29 13:08:22 - No P3-val improvement; patience remaining: 32/50
2025-09-29 13:08:22 - Epoch 34/500 | LR=0.009893 | w_AVO=1.000 | w_P3=2.728 | lambda_MMD=0.300
2025-09-29 13:08:22 - Epoch Summary: TrainLoss=1.2906 | TrainAcc=0.698 | Val(P3)=0.441 | Val(AVO)=0.569
2025-09-29 13:08:22 - No P3-val improvement; patience remaining: 31/50
2025-09-29 13:08:22 - Epoch 35/500 | LR=0.009886 | w_AVO=1.000 | w_P3=2.728 | lambda_MMD=0.300
2025-09-29 13:08:22 - Epoch Summary: TrainLoss=1.2138 | TrainAcc=0.696 | Val(P3)=0.500 | Val(AVO)=0.579
2025-09-29 13:08:22 - No P3-val improvement; patience remaining: 30/50
2025-09-29 13:08:22 - Epoch 36/500 | LR=0.009880 | w_AVO=1.000 | w_P3=2.728 | lambda_MMD=0.300
2025-09-29 13:08:23 - Epoch Summary: TrainLoss=1.1951 | TrainAcc=0.702 | Val(P3)=0.500 | Val(AVO)=0.576
2025-09-29 13:08:23 - No P3-val improvement; patience remaining: 29/50
2025-09-29 13:08:23 - Epoch 37/500 | LR=0.009873 | w_AVO=1.000 | w_P3=2.728 | lambda_MMD=0.300
2025-09-29 13:08:23 - Epoch Summary: TrainLoss=1.1254 | TrainAcc=0.703 | Val(P3)=0.500 | Val(AVO)=0.556
2025-09-29 13:08:23 - No P3-val improvement; patience remaining: 28/50
2025-09-29 13:08:23 - AVO val decreasing 3x. Reducing lambda_MMD to 0.210
2025-09-29 13:08:23 - Epoch 38/500 | LR=0.009865 | w_AVO=1.000 | w_P3=2.728 | lambda_MMD=0.210
2025-09-29 13:08:23 - Epoch Summary: TrainLoss=1.1332 | TrainAcc=0.710 | Val(P3)=0.500 | Val(AVO)=0.563
2025-09-29 13:08:23 - No P3-val improvement; patience remaining: 27/50
2025-09-29 13:08:23 - Epoch 39/500 | LR=0.009858 | w_AVO=1.000 | w_P3=2.728 | lambda_MMD=0.300
2025-09-29 13:08:23 - Epoch Summary: TrainLoss=1.1351 | TrainAcc=0.690 | Val(P3)=0.441 | Val(AVO)=0.527
2025-09-29 13:08:23 - No P3-val improvement; patience remaining: 26/50
2025-09-29 13:08:23 - Epoch 40/500 | LR=0.009851 | w_AVO=1.000 | w_P3=2.728 | lambda_MMD=0.300
2025-09-29 13:08:23 - Epoch Summary: TrainLoss=1.2179 | TrainAcc=0.685 | Val(P3)=0.588 | Val(AVO)=0.630
2025-09-29 13:08:23 - No P3-val improvement; patience remaining: 25/50
2025-09-29 13:08:23 - Epoch 41/500 | LR=0.009843 | w_AVO=1.000 | w_P3=2.728 | lambda_MMD=0.300
2025-09-29 13:08:23 - Epoch Summary: TrainLoss=1.1115 | TrainAcc=0.685 | Val(P3)=0.471 | Val(AVO)=0.537
2025-09-29 13:08:23 - No P3-val improvement; patience remaining: 24/50
2025-09-29 13:08:23 - Epoch 42/500 | LR=0.009835 | w_AVO=1.000 | w_P3=2.728 | lambda_MMD=0.300
2025-09-29 13:08:24 - Epoch Summary: TrainLoss=1.0256 | TrainAcc=0.714 | Val(P3)=0.471 | Val(AVO)=0.563
2025-09-29 13:08:24 - No P3-val improvement; patience remaining: 23/50
2025-09-29 13:08:24 - Epoch 43/500 | LR=0.009827 | w_AVO=1.000 | w_P3=2.728 | lambda_MMD=0.300
2025-09-29 13:08:24 - Epoch Summary: TrainLoss=1.0451 | TrainAcc=0.698 | Val(P3)=0.559 | Val(AVO)=0.598
2025-09-29 13:08:24 - No P3-val improvement; patience remaining: 22/50
2025-09-29 13:08:24 - Epoch 44/500 | LR=0.009819 | w_AVO=1.000 | w_P3=2.728 | lambda_MMD=0.300
2025-09-29 13:08:24 - Epoch Summary: TrainLoss=1.0317 | TrainAcc=0.719 | Val(P3)=0.559 | Val(AVO)=0.559
2025-09-29 13:08:24 - No P3-val improvement; patience remaining: 21/50
2025-09-29 13:08:24 - Epoch 45/500 | LR=0.009810 | w_AVO=1.000 | w_P3=2.728 | lambda_MMD=0.300
2025-09-29 13:08:24 - Epoch Summary: TrainLoss=1.0291 | TrainAcc=0.710 | Val(P3)=0.529 | Val(AVO)=0.576
2025-09-29 13:08:24 - No P3-val improvement; patience remaining: 20/50
2025-09-29 13:08:24 - Epoch 46/500 | LR=0.009801 | w_AVO=1.000 | w_P3=2.728 | lambda_MMD=0.300
2025-09-29 13:08:24 - Epoch Summary: TrainLoss=1.0032 | TrainAcc=0.706 | Val(P3)=0.353 | Val(AVO)=0.534
2025-09-29 13:08:24 - No P3-val improvement; patience remaining: 19/50
2025-09-29 13:08:24 - P3 val decreasing 3x. Reducing w_small to 2.183, lambda_MMD to 0.150
2025-09-29 13:08:24 - Epoch 47/500 | LR=0.009793 | w_AVO=1.000 | w_P3=2.183 | lambda_MMD=0.150
2025-09-29 13:08:24 - Epoch Summary: TrainLoss=0.8909 | TrainAcc=0.702 | Val(P3)=0.529 | Val(AVO)=0.543
2025-09-29 13:08:24 - No P3-val improvement; patience remaining: 18/50
2025-09-29 13:08:24 - Epoch 48/500 | LR=0.009784 | w_AVO=1.000 | w_P3=2.728 | lambda_MMD=0.300
2025-09-29 13:08:25 - Epoch Summary: TrainLoss=0.9642 | TrainAcc=0.701 | Val(P3)=0.529 | Val(AVO)=0.559
2025-09-29 13:08:25 - No P3-val improvement; patience remaining: 17/50
2025-09-29 13:08:25 - Epoch 49/500 | LR=0.009774 | w_AVO=1.000 | w_P3=2.728 | lambda_MMD=0.300
2025-09-29 13:08:25 - Epoch Summary: TrainLoss=0.9181 | TrainAcc=0.725 | Val(P3)=0.529 | Val(AVO)=0.563
2025-09-29 13:08:25 - No P3-val improvement; patience remaining: 16/50
2025-09-29 13:08:25 - Epoch 50/500 | LR=0.009765 | w_AVO=1.000 | w_P3=2.728 | lambda_MMD=0.300
2025-09-29 13:08:25 - Epoch Summary: TrainLoss=0.9501 | TrainAcc=0.705 | Val(P3)=0.529 | Val(AVO)=0.569
2025-09-29 13:08:25 - No P3-val improvement; patience remaining: 15/50
2025-09-29 13:08:25 - Epoch 51/500 | LR=0.009755 | w_AVO=1.000 | w_P3=2.728 | lambda_MMD=0.300
2025-09-29 13:08:25 - Epoch Summary: TrainLoss=0.9069 | TrainAcc=0.717 | Val(P3)=0.471 | Val(AVO)=0.543
2025-09-29 13:08:25 - No P3-val improvement; patience remaining: 14/50
2025-09-29 13:08:25 - Epoch 52/500 | LR=0.009745 | w_AVO=1.000 | w_P3=2.728 | lambda_MMD=0.300
2025-09-29 13:08:25 - Epoch Summary: TrainLoss=0.9024 | TrainAcc=0.727 | Val(P3)=0.412 | Val(AVO)=0.547
2025-09-29 13:08:25 - No P3-val improvement; patience remaining: 13/50
2025-09-29 13:08:25 - P3 val decreasing 3x. Reducing w_small to 2.183, lambda_MMD to 0.150
2025-09-29 13:08:25 - Epoch 53/500 | LR=0.009735 | w_AVO=1.000 | w_P3=2.183 | lambda_MMD=0.150
2025-09-29 13:08:26 - Epoch Summary: TrainLoss=0.7916 | TrainAcc=0.729 | Val(P3)=0.529 | Val(AVO)=0.559
2025-09-29 13:08:26 - No P3-val improvement; patience remaining: 12/50
2025-09-29 13:08:26 - Epoch 54/500 | LR=0.009725 | w_AVO=1.000 | w_P3=2.728 | lambda_MMD=0.300
2025-09-29 13:08:26 - Epoch Summary: TrainLoss=0.8628 | TrainAcc=0.721 | Val(P3)=0.471 | Val(AVO)=0.569
2025-09-29 13:08:26 - No P3-val improvement; patience remaining: 11/50
2025-09-29 13:08:26 - Epoch 55/500 | LR=0.009715 | w_AVO=1.000 | w_P3=2.728 | lambda_MMD=0.300
2025-09-29 13:08:26 - Epoch Summary: TrainLoss=0.8527 | TrainAcc=0.729 | Val(P3)=0.382 | Val(AVO)=0.534
2025-09-29 13:08:26 - No P3-val improvement; patience remaining: 10/50
2025-09-29 13:08:26 - P3 val decreasing 3x. Reducing w_small to 2.183, lambda_MMD to 0.150
2025-09-29 13:08:26 - Epoch 56/500 | LR=0.009704 | w_AVO=1.000 | w_P3=2.183 | lambda_MMD=0.150
2025-09-29 13:08:26 - Epoch Summary: TrainLoss=0.7767 | TrainAcc=0.714 | Val(P3)=0.471 | Val(AVO)=0.559
2025-09-29 13:08:26 - No P3-val improvement; patience remaining: 9/50
2025-09-29 13:08:26 - Epoch 57/500 | LR=0.009694 | w_AVO=1.000 | w_P3=2.728 | lambda_MMD=0.300
2025-09-29 13:08:26 - Epoch Summary: TrainLoss=0.8150 | TrainAcc=0.736 | Val(P3)=0.500 | Val(AVO)=0.576
2025-09-29 13:08:26 - No P3-val improvement; patience remaining: 8/50
2025-09-29 13:08:26 - Epoch 58/500 | LR=0.009683 | w_AVO=1.000 | w_P3=2.728 | lambda_MMD=0.300
2025-09-29 13:08:26 - Epoch Summary: TrainLoss=0.8106 | TrainAcc=0.742 | Val(P3)=0.529 | Val(AVO)=0.556
2025-09-29 13:08:26 - No P3-val improvement; patience remaining: 7/50
2025-09-29 13:08:26 - Epoch 59/500 | LR=0.009672 | w_AVO=1.000 | w_P3=2.728 | lambda_MMD=0.300
2025-09-29 13:08:27 - Epoch Summary: TrainLoss=0.8359 | TrainAcc=0.731 | Val(P3)=0.471 | Val(AVO)=0.563
2025-09-29 13:08:27 - No P3-val improvement; patience remaining: 6/50
2025-09-29 13:08:27 - Epoch 60/500 | LR=0.009660 | w_AVO=1.000 | w_P3=2.728 | lambda_MMD=0.300
2025-09-29 13:08:27 - Epoch Summary: TrainLoss=0.8358 | TrainAcc=0.745 | Val(P3)=0.500 | Val(AVO)=0.563
2025-09-29 13:08:27 - No P3-val improvement; patience remaining: 5/50
2025-09-29 13:08:27 - Epoch 61/500 | LR=0.009649 | w_AVO=1.000 | w_P3=2.728 | lambda_MMD=0.300
2025-09-29 13:08:27 - Epoch Summary: TrainLoss=0.8564 | TrainAcc=0.723 | Val(P3)=0.412 | Val(AVO)=0.534
2025-09-29 13:08:27 - No P3-val improvement; patience remaining: 4/50
2025-09-29 13:08:27 - Epoch 62/500 | LR=0.009637 | w_AVO=1.000 | w_P3=2.728 | lambda_MMD=0.300
2025-09-29 13:08:27 - Epoch Summary: TrainLoss=0.7792 | TrainAcc=0.746 | Val(P3)=0.382 | Val(AVO)=0.543
2025-09-29 13:08:27 - No P3-val improvement; patience remaining: 3/50
2025-09-29 13:08:27 - P3 val decreasing 3x. Reducing w_small to 2.183, lambda_MMD to 0.150
2025-09-29 13:08:27 - Epoch 63/500 | LR=0.009625 | w_AVO=1.000 | w_P3=2.183 | lambda_MMD=0.150
2025-09-29 13:08:27 - Epoch Summary: TrainLoss=0.7100 | TrainAcc=0.746 | Val(P3)=0.412 | Val(AVO)=0.550
2025-09-29 13:08:27 - No P3-val improvement; patience remaining: 2/50
2025-09-29 13:08:27 - Epoch 64/500 | LR=0.009613 | w_AVO=1.000 | w_P3=2.728 | lambda_MMD=0.300
2025-09-29 13:08:27 - Epoch Summary: TrainLoss=0.7718 | TrainAcc=0.740 | Val(P3)=0.500 | Val(AVO)=0.563
2025-09-29 13:08:27 - No P3-val improvement; patience remaining: 1/50
2025-09-29 13:08:27 - Epoch 65/500 | LR=0.009601 | w_AVO=1.000 | w_P3=2.728 | lambda_MMD=0.300
2025-09-29 13:08:28 - Epoch Summary: TrainLoss=0.7761 | TrainAcc=0.744 | Val(P3)=0.529 | Val(AVO)=0.563
2025-09-29 13:08:28 - No P3-val improvement; patience remaining: 0/50
2025-09-29 13:08:28 - Early stopping triggered (P3-val)
2025-09-29 13:08:28 -     P3 Test | Acc=0.6250 P=0.6410 R=0.6098 F1=0.6250 AUC=0.6298 (n=80)
2025-09-29 13:08:28 -     AVO Test | Acc=0.5459 P=0.5249 R=0.9375 F1=0.6730 AUC=0.6711 (n=610)
2025-09-29 13:08:28 -     Overall Test Acc=0.5551
2025-09-29 13:08:28 - Repeat 2/5
2025-09-29 13:08:28 -   Fold 1/5
2025-09-29 13:08:28 - Fold domains: small=P3 (n=293), large=AVO (n=2122)
2025-09-29 13:08:28 - Auto adjustments (symmetric): w_small≈1.000, lambda_MMD_target=0.300, warmup_epochs=5
2025-09-29 13:08:28 - Epoch 1/500 | LR=0.010000 | w_AVO=1.000 | w_P3=1.338 | lambda_MMD=0.060
2025-09-29 13:08:28 - Epoch Summary: TrainLoss=1.5536 | TrainAcc=0.576 | Val(P3)=0.571 | Val(AVO)=0.629
2025-09-29 13:08:28 - New best P3-val; checkpoint updated
2025-09-29 13:08:28 - Epoch 2/500 | LR=0.010000 | w_AVO=1.000 | w_P3=1.676 | lambda_MMD=0.120
2025-09-29 13:08:28 - Epoch Summary: TrainLoss=1.7060 | TrainAcc=0.601 | Val(P3)=0.600 | Val(AVO)=0.600
2025-09-29 13:08:28 - New best P3-val; checkpoint updated
2025-09-29 13:08:28 - Epoch 3/500 | LR=0.010000 | w_AVO=1.000 | w_P3=2.015 | lambda_MMD=0.180
2025-09-29 13:08:28 - Epoch Summary: TrainLoss=1.8812 | TrainAcc=0.620 | Val(P3)=0.657 | Val(AVO)=0.635
2025-09-29 13:08:28 - New best P3-val; checkpoint updated
2025-09-29 13:08:28 - Epoch 4/500 | LR=0.009999 | w_AVO=1.000 | w_P3=2.353 | lambda_MMD=0.240
2025-09-29 13:08:28 - Epoch Summary: TrainLoss=2.0593 | TrainAcc=0.622 | Val(P3)=0.629 | Val(AVO)=0.629
2025-09-29 13:08:28 - No P3-val improvement; patience remaining: 49/50
2025-09-29 13:08:28 - Epoch 5/500 | LR=0.009998 | w_AVO=1.000 | w_P3=2.691 | lambda_MMD=0.300
2025-09-29 13:08:29 - Epoch Summary: TrainLoss=2.2900 | TrainAcc=0.625 | Val(P3)=0.571 | Val(AVO)=0.619
2025-09-29 13:08:29 - No P3-val improvement; patience remaining: 48/50
2025-09-29 13:08:29 - P3 val decreasing 3x. Reducing w_small to 2.153, lambda_MMD to 0.150
2025-09-29 13:08:29 - AVO val decreasing 3x. Reducing lambda_MMD to 0.105
2025-09-29 13:08:29 - Epoch 6/500 | LR=0.009998 | w_AVO=1.000 | w_P3=2.153 | lambda_MMD=0.105
2025-09-29 13:08:29 - Epoch Summary: TrainLoss=1.9135 | TrainAcc=0.626 | Val(P3)=0.657 | Val(AVO)=0.610
2025-09-29 13:08:29 - No P3-val improvement; patience remaining: 47/50
2025-09-29 13:08:29 - AVO val decreasing 3x. Reducing lambda_MMD to 0.210
2025-09-29 13:08:29 - Epoch 7/500 | LR=0.009996 | w_AVO=1.000 | w_P3=2.691 | lambda_MMD=0.210
2025-09-29 13:08:29 - Epoch Summary: TrainLoss=2.2002 | TrainAcc=0.628 | Val(P3)=0.629 | Val(AVO)=0.655
2025-09-29 13:08:29 - No P3-val improvement; patience remaining: 46/50
2025-09-29 13:08:29 - Epoch 8/500 | LR=0.009995 | w_AVO=1.000 | w_P3=2.691 | lambda_MMD=0.300
2025-09-29 13:08:29 - Epoch Summary: TrainLoss=2.1546 | TrainAcc=0.639 | Val(P3)=0.629 | Val(AVO)=0.639
2025-09-29 13:08:29 - No P3-val improvement; patience remaining: 45/50
2025-09-29 13:08:29 - Epoch 9/500 | LR=0.009994 | w_AVO=1.000 | w_P3=2.691 | lambda_MMD=0.300
2025-09-29 13:08:29 - Epoch Summary: TrainLoss=2.0985 | TrainAcc=0.637 | Val(P3)=0.600 | Val(AVO)=0.632
2025-09-29 13:08:29 - No P3-val improvement; patience remaining: 44/50
2025-09-29 13:08:29 - AVO val decreasing 3x. Reducing lambda_MMD to 0.210
2025-09-29 13:08:29 - Epoch 10/500 | LR=0.009992 | w_AVO=1.000 | w_P3=2.691 | lambda_MMD=0.210
2025-09-29 13:08:29 - Epoch Summary: TrainLoss=2.0436 | TrainAcc=0.645 | Val(P3)=0.629 | Val(AVO)=0.658
2025-09-29 13:08:29 - No P3-val improvement; patience remaining: 43/50
2025-09-29 13:08:29 - Epoch 11/500 | LR=0.009990 | w_AVO=1.000 | w_P3=2.691 | lambda_MMD=0.300
2025-09-29 13:08:30 - Epoch Summary: TrainLoss=2.0135 | TrainAcc=0.654 | Val(P3)=0.629 | Val(AVO)=0.632
2025-09-29 13:08:30 - No P3-val improvement; patience remaining: 42/50
2025-09-29 13:08:30 - Epoch 12/500 | LR=0.009988 | w_AVO=1.000 | w_P3=2.691 | lambda_MMD=0.300
2025-09-29 13:08:30 - Epoch Summary: TrainLoss=1.9345 | TrainAcc=0.644 | Val(P3)=0.657 | Val(AVO)=0.648
2025-09-29 13:08:30 - No P3-val improvement; patience remaining: 41/50
2025-09-29 13:08:30 - Epoch 13/500 | LR=0.009986 | w_AVO=1.000 | w_P3=2.691 | lambda_MMD=0.300
2025-09-29 13:08:30 - Epoch Summary: TrainLoss=1.8493 | TrainAcc=0.646 | Val(P3)=0.657 | Val(AVO)=0.635
2025-09-29 13:08:30 - No P3-val improvement; patience remaining: 40/50
2025-09-29 13:08:30 - Epoch 14/500 | LR=0.009983 | w_AVO=1.000 | w_P3=2.691 | lambda_MMD=0.300
2025-09-29 13:08:30 - Epoch Summary: TrainLoss=1.7911 | TrainAcc=0.656 | Val(P3)=0.629 | Val(AVO)=0.639
2025-09-29 13:08:30 - No P3-val improvement; patience remaining: 39/50
2025-09-29 13:08:30 - Epoch 15/500 | LR=0.009981 | w_AVO=1.000 | w_P3=2.691 | lambda_MMD=0.300
2025-09-29 13:08:30 - Epoch Summary: TrainLoss=1.7506 | TrainAcc=0.656 | Val(P3)=0.657 | Val(AVO)=0.629
2025-09-29 13:08:30 - No P3-val improvement; patience remaining: 38/50
2025-09-29 13:08:30 - Epoch 16/500 | LR=0.009978 | w_AVO=1.000 | w_P3=2.691 | lambda_MMD=0.300
2025-09-29 13:08:30 - Epoch Summary: TrainLoss=1.6683 | TrainAcc=0.661 | Val(P3)=0.600 | Val(AVO)=0.626
2025-09-29 13:08:30 - No P3-val improvement; patience remaining: 37/50
2025-09-29 13:08:30 - AVO val decreasing 3x. Reducing lambda_MMD to 0.210
2025-09-29 13:08:30 - Epoch 17/500 | LR=0.009975 | w_AVO=1.000 | w_P3=2.691 | lambda_MMD=0.210
2025-09-29 13:08:31 - Epoch Summary: TrainLoss=1.6179 | TrainAcc=0.667 | Val(P3)=0.686 | Val(AVO)=0.606
2025-09-29 13:08:31 - New best P3-val; checkpoint updated
2025-09-29 13:08:31 - AVO val decreasing 3x. Reducing lambda_MMD to 0.210
2025-09-29 13:08:31 - Epoch 18/500 | LR=0.009972 | w_AVO=1.000 | w_P3=2.691 | lambda_MMD=0.210
2025-09-29 13:08:31 - Epoch Summary: TrainLoss=1.5648 | TrainAcc=0.663 | Val(P3)=0.600 | Val(AVO)=0.639
2025-09-29 13:08:31 - No P3-val improvement; patience remaining: 49/50
2025-09-29 13:08:31 - Epoch 19/500 | LR=0.009968 | w_AVO=1.000 | w_P3=2.691 | lambda_MMD=0.300
2025-09-29 13:08:31 - Epoch Summary: TrainLoss=1.5036 | TrainAcc=0.663 | Val(P3)=0.686 | Val(AVO)=0.648
2025-09-29 13:08:31 - No P3-val improvement; patience remaining: 48/50
2025-09-29 13:08:31 - Epoch 20/500 | LR=0.009964 | w_AVO=1.000 | w_P3=2.691 | lambda_MMD=0.300
2025-09-29 13:08:31 - Epoch Summary: TrainLoss=1.5202 | TrainAcc=0.650 | Val(P3)=0.629 | Val(AVO)=0.648
2025-09-29 13:08:31 - No P3-val improvement; patience remaining: 47/50
2025-09-29 13:08:31 - Epoch 21/500 | LR=0.009961 | w_AVO=1.000 | w_P3=2.691 | lambda_MMD=0.300
2025-09-29 13:08:31 - Epoch Summary: TrainLoss=1.4293 | TrainAcc=0.679 | Val(P3)=0.629 | Val(AVO)=0.674
2025-09-29 13:08:31 - No P3-val improvement; patience remaining: 46/50
2025-09-29 13:08:31 - Epoch 22/500 | LR=0.009957 | w_AVO=1.000 | w_P3=2.691 | lambda_MMD=0.300
2025-09-29 13:08:32 - Epoch Summary: TrainLoss=1.3807 | TrainAcc=0.678 | Val(P3)=0.657 | Val(AVO)=0.652
2025-09-29 13:08:32 - No P3-val improvement; patience remaining: 45/50
2025-09-29 13:08:32 - Epoch 23/500 | LR=0.009952 | w_AVO=1.000 | w_P3=2.691 | lambda_MMD=0.300
2025-09-29 13:08:32 - Epoch Summary: TrainLoss=1.3731 | TrainAcc=0.674 | Val(P3)=0.571 | Val(AVO)=0.652
2025-09-29 13:08:32 - No P3-val improvement; patience remaining: 44/50
2025-09-29 13:08:32 - Epoch 24/500 | LR=0.009948 | w_AVO=1.000 | w_P3=2.691 | lambda_MMD=0.300
2025-09-29 13:08:32 - Epoch Summary: TrainLoss=1.3096 | TrainAcc=0.680 | Val(P3)=0.714 | Val(AVO)=0.645
2025-09-29 13:08:32 - New best P3-val; checkpoint updated
2025-09-29 13:08:32 - Epoch 25/500 | LR=0.009943 | w_AVO=1.000 | w_P3=2.691 | lambda_MMD=0.300
2025-09-29 13:08:32 - Epoch Summary: TrainLoss=1.2642 | TrainAcc=0.683 | Val(P3)=0.686 | Val(AVO)=0.655
2025-09-29 13:08:32 - No P3-val improvement; patience remaining: 49/50
2025-09-29 13:08:32 - Epoch 26/500 | LR=0.009938 | w_AVO=1.000 | w_P3=2.691 | lambda_MMD=0.300
2025-09-29 13:08:32 - Epoch Summary: TrainLoss=1.2774 | TrainAcc=0.678 | Val(P3)=0.657 | Val(AVO)=0.639
2025-09-29 13:08:32 - No P3-val improvement; patience remaining: 48/50
2025-09-29 13:08:32 - P3 val decreasing 3x. Reducing w_small to 2.153, lambda_MMD to 0.150
2025-09-29 13:08:32 - Epoch 27/500 | LR=0.009933 | w_AVO=1.000 | w_P3=2.153 | lambda_MMD=0.150
2025-09-29 13:08:32 - Epoch Summary: TrainLoss=1.0840 | TrainAcc=0.691 | Val(P3)=0.629 | Val(AVO)=0.635
2025-09-29 13:08:32 - No P3-val improvement; patience remaining: 47/50
2025-09-29 13:08:32 - P3 val decreasing 3x. Reducing w_small to 2.153, lambda_MMD to 0.150
2025-09-29 13:08:32 - AVO val decreasing 3x. Reducing lambda_MMD to 0.105
2025-09-29 13:08:32 - Epoch 28/500 | LR=0.009928 | w_AVO=1.000 | w_P3=2.153 | lambda_MMD=0.105
2025-09-29 13:08:33 - Epoch Summary: TrainLoss=1.0425 | TrainAcc=0.700 | Val(P3)=0.657 | Val(AVO)=0.668
2025-09-29 13:08:33 - No P3-val improvement; patience remaining: 46/50
2025-09-29 13:08:33 - Epoch 29/500 | LR=0.009923 | w_AVO=1.000 | w_P3=2.691 | lambda_MMD=0.300
2025-09-29 13:08:33 - Epoch Summary: TrainLoss=1.1942 | TrainAcc=0.696 | Val(P3)=0.629 | Val(AVO)=0.626
2025-09-29 13:08:33 - No P3-val improvement; patience remaining: 45/50
2025-09-29 13:08:33 - Epoch 30/500 | LR=0.009917 | w_AVO=1.000 | w_P3=2.691 | lambda_MMD=0.300
2025-09-29 13:08:33 - Epoch Summary: TrainLoss=1.1370 | TrainAcc=0.697 | Val(P3)=0.686 | Val(AVO)=0.629
2025-09-29 13:08:33 - No P3-val improvement; patience remaining: 44/50
2025-09-29 13:08:33 - Epoch 31/500 | LR=0.009911 | w_AVO=1.000 | w_P3=2.691 | lambda_MMD=0.300
2025-09-29 13:08:33 - Epoch Summary: TrainLoss=1.0780 | TrainAcc=0.699 | Val(P3)=0.600 | Val(AVO)=0.623
2025-09-29 13:08:33 - No P3-val improvement; patience remaining: 43/50
2025-09-29 13:08:33 - Epoch 32/500 | LR=0.009905 | w_AVO=1.000 | w_P3=2.691 | lambda_MMD=0.300
2025-09-29 13:08:33 - Epoch Summary: TrainLoss=1.1229 | TrainAcc=0.696 | Val(P3)=0.657 | Val(AVO)=0.645
2025-09-29 13:08:33 - No P3-val improvement; patience remaining: 42/50
2025-09-29 13:08:33 - Epoch 33/500 | LR=0.009899 | w_AVO=1.000 | w_P3=2.691 | lambda_MMD=0.300
2025-09-29 13:08:33 - Epoch Summary: TrainLoss=1.0909 | TrainAcc=0.685 | Val(P3)=0.600 | Val(AVO)=0.635
2025-09-29 13:08:33 - No P3-val improvement; patience remaining: 41/50
2025-09-29 13:08:33 - Epoch 34/500 | LR=0.009893 | w_AVO=1.000 | w_P3=2.691 | lambda_MMD=0.300
2025-09-29 13:08:34 - Epoch Summary: TrainLoss=1.0643 | TrainAcc=0.698 | Val(P3)=0.686 | Val(AVO)=0.639
2025-09-29 13:08:34 - No P3-val improvement; patience remaining: 40/50
2025-09-29 13:08:34 - Epoch 35/500 | LR=0.009886 | w_AVO=1.000 | w_P3=2.691 | lambda_MMD=0.300
2025-09-29 13:08:34 - Epoch Summary: TrainLoss=1.0378 | TrainAcc=0.700 | Val(P3)=0.571 | Val(AVO)=0.655
2025-09-29 13:08:34 - No P3-val improvement; patience remaining: 39/50
2025-09-29 13:08:34 - Epoch 36/500 | LR=0.009880 | w_AVO=1.000 | w_P3=2.691 | lambda_MMD=0.300
2025-09-29 13:08:34 - Epoch Summary: TrainLoss=1.0205 | TrainAcc=0.714 | Val(P3)=0.629 | Val(AVO)=0.613
2025-09-29 13:08:34 - No P3-val improvement; patience remaining: 38/50
2025-09-29 13:08:34 - Epoch 37/500 | LR=0.009873 | w_AVO=1.000 | w_P3=2.691 | lambda_MMD=0.300
2025-09-29 13:08:34 - Epoch Summary: TrainLoss=0.9798 | TrainAcc=0.711 | Val(P3)=0.571 | Val(AVO)=0.610
2025-09-29 13:08:34 - No P3-val improvement; patience remaining: 37/50
2025-09-29 13:08:34 - AVO val decreasing 3x. Reducing lambda_MMD to 0.210
2025-09-29 13:08:34 - Epoch 38/500 | LR=0.009865 | w_AVO=1.000 | w_P3=2.691 | lambda_MMD=0.210
2025-09-29 13:08:34 - Epoch Summary: TrainLoss=0.9601 | TrainAcc=0.710 | Val(P3)=0.686 | Val(AVO)=0.606
2025-09-29 13:08:34 - No P3-val improvement; patience remaining: 36/50
2025-09-29 13:08:34 - AVO val decreasing 3x. Reducing lambda_MMD to 0.210
2025-09-29 13:08:34 - Epoch 39/500 | LR=0.009858 | w_AVO=1.000 | w_P3=2.691 | lambda_MMD=0.210
2025-09-29 13:08:35 - Epoch Summary: TrainLoss=0.9193 | TrainAcc=0.725 | Val(P3)=0.571 | Val(AVO)=0.655
2025-09-29 13:08:35 - No P3-val improvement; patience remaining: 35/50
2025-09-29 13:08:35 - Epoch 40/500 | LR=0.009851 | w_AVO=1.000 | w_P3=2.691 | lambda_MMD=0.300
2025-09-29 13:08:35 - Epoch Summary: TrainLoss=0.9256 | TrainAcc=0.726 | Val(P3)=0.657 | Val(AVO)=0.603
2025-09-29 13:08:35 - No P3-val improvement; patience remaining: 34/50
2025-09-29 13:08:35 - Epoch 41/500 | LR=0.009843 | w_AVO=1.000 | w_P3=2.691 | lambda_MMD=0.300
2025-09-29 13:08:35 - Epoch Summary: TrainLoss=0.9100 | TrainAcc=0.715 | Val(P3)=0.571 | Val(AVO)=0.626
2025-09-29 13:08:35 - No P3-val improvement; patience remaining: 33/50
2025-09-29 13:08:35 - Epoch 42/500 | LR=0.009835 | w_AVO=1.000 | w_P3=2.691 | lambda_MMD=0.300
2025-09-29 13:08:35 - Epoch Summary: TrainLoss=0.8947 | TrainAcc=0.718 | Val(P3)=0.629 | Val(AVO)=0.613
2025-09-29 13:08:35 - No P3-val improvement; patience remaining: 32/50
2025-09-29 13:08:35 - Epoch 43/500 | LR=0.009827 | w_AVO=1.000 | w_P3=2.691 | lambda_MMD=0.300
2025-09-29 13:08:35 - Epoch Summary: TrainLoss=0.8928 | TrainAcc=0.721 | Val(P3)=0.571 | Val(AVO)=0.629
2025-09-29 13:08:35 - No P3-val improvement; patience remaining: 31/50
2025-09-29 13:08:35 - Epoch 44/500 | LR=0.009819 | w_AVO=1.000 | w_P3=2.691 | lambda_MMD=0.300
2025-09-29 13:08:35 - Epoch Summary: TrainLoss=0.8687 | TrainAcc=0.733 | Val(P3)=0.629 | Val(AVO)=0.613
2025-09-29 13:08:35 - No P3-val improvement; patience remaining: 30/50
2025-09-29 13:08:35 - Epoch 45/500 | LR=0.009810 | w_AVO=1.000 | w_P3=2.691 | lambda_MMD=0.300
2025-09-29 13:08:36 - Epoch Summary: TrainLoss=0.8634 | TrainAcc=0.732 | Val(P3)=0.600 | Val(AVO)=0.623
2025-09-29 13:08:36 - No P3-val improvement; patience remaining: 29/50
2025-09-29 13:08:36 - Epoch 46/500 | LR=0.009801 | w_AVO=1.000 | w_P3=2.691 | lambda_MMD=0.300
2025-09-29 13:08:36 - Epoch Summary: TrainLoss=0.8560 | TrainAcc=0.709 | Val(P3)=0.543 | Val(AVO)=0.626
2025-09-29 13:08:36 - No P3-val improvement; patience remaining: 28/50
2025-09-29 13:08:36 - P3 val decreasing 3x. Reducing w_small to 2.153, lambda_MMD to 0.150
2025-09-29 13:08:36 - Epoch 47/500 | LR=0.009793 | w_AVO=1.000 | w_P3=2.153 | lambda_MMD=0.150
2025-09-29 13:08:36 - Epoch Summary: TrainLoss=0.8062 | TrainAcc=0.720 | Val(P3)=0.543 | Val(AVO)=0.635
2025-09-29 13:08:36 - No P3-val improvement; patience remaining: 27/50
2025-09-29 13:08:36 - Epoch 48/500 | LR=0.009784 | w_AVO=1.000 | w_P3=2.691 | lambda_MMD=0.300
2025-09-29 13:08:36 - Epoch Summary: TrainLoss=0.8251 | TrainAcc=0.743 | Val(P3)=0.629 | Val(AVO)=0.584
2025-09-29 13:08:36 - No P3-val improvement; patience remaining: 26/50
2025-09-29 13:08:36 - Epoch 49/500 | LR=0.009774 | w_AVO=1.000 | w_P3=2.691 | lambda_MMD=0.300
2025-09-29 13:08:36 - Epoch Summary: TrainLoss=0.8290 | TrainAcc=0.713 | Val(P3)=0.600 | Val(AVO)=0.610
2025-09-29 13:08:36 - No P3-val improvement; patience remaining: 25/50
2025-09-29 13:08:36 - Epoch 50/500 | LR=0.009765 | w_AVO=1.000 | w_P3=2.691 | lambda_MMD=0.300
2025-09-29 13:08:36 - Epoch Summary: TrainLoss=0.7937 | TrainAcc=0.746 | Val(P3)=0.629 | Val(AVO)=0.610
2025-09-29 13:08:36 - No P3-val improvement; patience remaining: 24/50
2025-09-29 13:08:36 - Epoch 51/500 | LR=0.009755 | w_AVO=1.000 | w_P3=2.691 | lambda_MMD=0.300
2025-09-29 13:08:37 - Epoch Summary: TrainLoss=0.8391 | TrainAcc=0.733 | Val(P3)=0.514 | Val(AVO)=0.606
2025-09-29 13:08:37 - No P3-val improvement; patience remaining: 23/50
2025-09-29 13:08:37 - Epoch 52/500 | LR=0.009745 | w_AVO=1.000 | w_P3=2.691 | lambda_MMD=0.300
2025-09-29 13:08:37 - Epoch Summary: TrainLoss=0.8180 | TrainAcc=0.728 | Val(P3)=0.600 | Val(AVO)=0.635
2025-09-29 13:08:37 - No P3-val improvement; patience remaining: 22/50
2025-09-29 13:08:37 - Epoch 53/500 | LR=0.009735 | w_AVO=1.000 | w_P3=2.691 | lambda_MMD=0.300
2025-09-29 13:08:37 - Epoch Summary: TrainLoss=0.7703 | TrainAcc=0.742 | Val(P3)=0.571 | Val(AVO)=0.616
2025-09-29 13:08:37 - No P3-val improvement; patience remaining: 21/50
2025-09-29 13:08:37 - Epoch 54/500 | LR=0.009725 | w_AVO=1.000 | w_P3=2.691 | lambda_MMD=0.300
2025-09-29 13:08:37 - Epoch Summary: TrainLoss=0.7549 | TrainAcc=0.758 | Val(P3)=0.600 | Val(AVO)=0.619
2025-09-29 13:08:37 - No P3-val improvement; patience remaining: 20/50
2025-09-29 13:08:37 - Epoch 55/500 | LR=0.009715 | w_AVO=1.000 | w_P3=2.691 | lambda_MMD=0.300
2025-09-29 13:08:37 - Epoch Summary: TrainLoss=0.7717 | TrainAcc=0.743 | Val(P3)=0.629 | Val(AVO)=0.594
2025-09-29 13:08:37 - No P3-val improvement; patience remaining: 19/50
2025-09-29 13:08:37 - Epoch 56/500 | LR=0.009704 | w_AVO=1.000 | w_P3=2.691 | lambda_MMD=0.300
2025-09-29 13:08:37 - Epoch Summary: TrainLoss=0.7661 | TrainAcc=0.738 | Val(P3)=0.629 | Val(AVO)=0.616
2025-09-29 13:08:37 - No P3-val improvement; patience remaining: 18/50
2025-09-29 13:08:37 - Epoch 57/500 | LR=0.009694 | w_AVO=1.000 | w_P3=2.691 | lambda_MMD=0.300
2025-09-29 13:08:38 - Epoch Summary: TrainLoss=0.7429 | TrainAcc=0.752 | Val(P3)=0.600 | Val(AVO)=0.632
2025-09-29 13:08:38 - No P3-val improvement; patience remaining: 17/50
2025-09-29 13:08:38 - Epoch 58/500 | LR=0.009683 | w_AVO=1.000 | w_P3=2.691 | lambda_MMD=0.300
2025-09-29 13:08:38 - Epoch Summary: TrainLoss=0.7355 | TrainAcc=0.749 | Val(P3)=0.571 | Val(AVO)=0.584
2025-09-29 13:08:38 - No P3-val improvement; patience remaining: 16/50
2025-09-29 13:08:38 - P3 val decreasing 3x. Reducing w_small to 2.153, lambda_MMD to 0.150
2025-09-29 13:08:38 - Epoch 59/500 | LR=0.009672 | w_AVO=1.000 | w_P3=2.153 | lambda_MMD=0.150
2025-09-29 13:08:38 - Epoch Summary: TrainLoss=0.6679 | TrainAcc=0.753 | Val(P3)=0.600 | Val(AVO)=0.600
2025-09-29 13:08:38 - No P3-val improvement; patience remaining: 15/50
2025-09-29 13:08:38 - Epoch 60/500 | LR=0.009660 | w_AVO=1.000 | w_P3=2.691 | lambda_MMD=0.300
2025-09-29 13:08:38 - Epoch Summary: TrainLoss=0.7374 | TrainAcc=0.767 | Val(P3)=0.571 | Val(AVO)=0.610
2025-09-29 13:08:38 - No P3-val improvement; patience remaining: 14/50
2025-09-29 13:08:38 - Epoch 61/500 | LR=0.009649 | w_AVO=1.000 | w_P3=2.691 | lambda_MMD=0.300
2025-09-29 13:08:38 - Epoch Summary: TrainLoss=0.7469 | TrainAcc=0.739 | Val(P3)=0.686 | Val(AVO)=0.574
2025-09-29 13:08:38 - No P3-val improvement; patience remaining: 13/50
2025-09-29 13:08:38 - Epoch 62/500 | LR=0.009637 | w_AVO=1.000 | w_P3=2.691 | lambda_MMD=0.300
2025-09-29 13:08:39 - Epoch Summary: TrainLoss=0.7598 | TrainAcc=0.743 | Val(P3)=0.600 | Val(AVO)=0.561
2025-09-29 13:08:39 - No P3-val improvement; patience remaining: 12/50
2025-09-29 13:08:39 - AVO val decreasing 3x. Reducing lambda_MMD to 0.210
2025-09-29 13:08:39 - Epoch 63/500 | LR=0.009625 | w_AVO=1.000 | w_P3=2.691 | lambda_MMD=0.210
2025-09-29 13:08:39 - Epoch Summary: TrainLoss=0.7430 | TrainAcc=0.738 | Val(P3)=0.543 | Val(AVO)=0.632
2025-09-29 13:08:39 - No P3-val improvement; patience remaining: 11/50
2025-09-29 13:08:39 - P3 val decreasing 3x. Reducing w_small to 2.153, lambda_MMD to 0.150
2025-09-29 13:08:39 - Epoch 64/500 | LR=0.009613 | w_AVO=1.000 | w_P3=2.153 | lambda_MMD=0.150
2025-09-29 13:08:39 - Epoch Summary: TrainLoss=0.6319 | TrainAcc=0.757 | Val(P3)=0.543 | Val(AVO)=0.639
2025-09-29 13:08:39 - No P3-val improvement; patience remaining: 10/50
2025-09-29 13:08:39 - Epoch 65/500 | LR=0.009601 | w_AVO=1.000 | w_P3=2.691 | lambda_MMD=0.300
2025-09-29 13:08:39 - Epoch Summary: TrainLoss=0.6727 | TrainAcc=0.773 | Val(P3)=0.571 | Val(AVO)=0.635
2025-09-29 13:08:39 - No P3-val improvement; patience remaining: 9/50
2025-09-29 13:08:39 - Epoch 66/500 | LR=0.009589 | w_AVO=1.000 | w_P3=2.691 | lambda_MMD=0.300
2025-09-29 13:08:39 - Epoch Summary: TrainLoss=0.6903 | TrainAcc=0.775 | Val(P3)=0.657 | Val(AVO)=0.597
2025-09-29 13:08:39 - No P3-val improvement; patience remaining: 8/50
2025-09-29 13:08:39 - AVO val decreasing 3x. Reducing lambda_MMD to 0.210
2025-09-29 13:08:39 - Epoch 67/500 | LR=0.009576 | w_AVO=1.000 | w_P3=2.691 | lambda_MMD=0.210
2025-09-29 13:08:39 - Epoch Summary: TrainLoss=0.6761 | TrainAcc=0.765 | Val(P3)=0.543 | Val(AVO)=0.629
2025-09-29 13:08:39 - No P3-val improvement; patience remaining: 7/50
2025-09-29 13:08:39 - Epoch 68/500 | LR=0.009563 | w_AVO=1.000 | w_P3=2.691 | lambda_MMD=0.300
2025-09-29 13:08:40 - Epoch Summary: TrainLoss=0.6518 | TrainAcc=0.778 | Val(P3)=0.600 | Val(AVO)=0.603
2025-09-29 13:08:40 - No P3-val improvement; patience remaining: 6/50
2025-09-29 13:08:40 - Epoch 69/500 | LR=0.009551 | w_AVO=1.000 | w_P3=2.691 | lambda_MMD=0.300
2025-09-29 13:08:40 - Epoch Summary: TrainLoss=0.6506 | TrainAcc=0.781 | Val(P3)=0.629 | Val(AVO)=0.606
2025-09-29 13:08:40 - No P3-val improvement; patience remaining: 5/50
2025-09-29 13:08:40 - Epoch 70/500 | LR=0.009537 | w_AVO=1.000 | w_P3=2.691 | lambda_MMD=0.300
2025-09-29 13:08:40 - Epoch Summary: TrainLoss=0.6589 | TrainAcc=0.776 | Val(P3)=0.543 | Val(AVO)=0.635
2025-09-29 13:08:40 - No P3-val improvement; patience remaining: 4/50
2025-09-29 13:08:40 - Epoch 71/500 | LR=0.009524 | w_AVO=1.000 | w_P3=2.691 | lambda_MMD=0.300
2025-09-29 13:08:40 - Epoch Summary: TrainLoss=0.7438 | TrainAcc=0.748 | Val(P3)=0.629 | Val(AVO)=0.577
2025-09-29 13:08:40 - No P3-val improvement; patience remaining: 3/50
2025-09-29 13:08:40 - Epoch 72/500 | LR=0.009511 | w_AVO=1.000 | w_P3=2.691 | lambda_MMD=0.300
2025-09-29 13:08:40 - Epoch Summary: TrainLoss=0.6836 | TrainAcc=0.768 | Val(P3)=0.543 | Val(AVO)=0.626
2025-09-29 13:08:40 - No P3-val improvement; patience remaining: 2/50
2025-09-29 13:08:40 - Epoch 73/500 | LR=0.009497 | w_AVO=1.000 | w_P3=2.691 | lambda_MMD=0.300
2025-09-29 13:08:40 - Epoch Summary: TrainLoss=0.6681 | TrainAcc=0.761 | Val(P3)=0.543 | Val(AVO)=0.635
2025-09-29 13:08:40 - No P3-val improvement; patience remaining: 1/50
2025-09-29 13:08:40 - Epoch 74/500 | LR=0.009483 | w_AVO=1.000 | w_P3=2.691 | lambda_MMD=0.300
2025-09-29 13:08:41 - Epoch Summary: TrainLoss=0.6244 | TrainAcc=0.786 | Val(P3)=0.629 | Val(AVO)=0.603
2025-09-29 13:08:41 - No P3-val improvement; patience remaining: 0/50
2025-09-29 13:08:41 - Early stopping triggered (P3-val)
2025-09-29 13:08:41 -     P3 Test | Acc=0.4722 P=0.4211 R=0.5000 F1=0.4571 AUC=0.4141 (n=72)
2025-09-29 13:08:41 -     AVO Test | Acc=0.5922 P=0.5588 R=0.9265 F1=0.6971 AUC=0.7155 (n=618)
2025-09-29 13:08:41 -     Overall Test Acc=0.5797
2025-09-29 13:08:41 -   Fold 2/5
2025-09-29 13:08:41 - Fold domains: small=P3 (n=290), large=AVO (n=2125)
2025-09-29 13:08:41 - Auto adjustments (symmetric): w_small≈1.000, lambda_MMD_target=0.300, warmup_epochs=5
2025-09-29 13:08:41 - Epoch 1/500 | LR=0.010000 | w_AVO=1.000 | w_P3=1.341 | lambda_MMD=0.060
2025-09-29 13:08:41 - Epoch Summary: TrainLoss=1.6566 | TrainAcc=0.535 | Val(P3)=0.583 | Val(AVO)=0.583
2025-09-29 13:08:41 - New best P3-val; checkpoint updated
2025-09-29 13:08:41 - Epoch 2/500 | LR=0.010000 | w_AVO=1.000 | w_P3=1.683 | lambda_MMD=0.120
2025-09-29 13:08:41 - Epoch Summary: TrainLoss=1.7319 | TrainAcc=0.595 | Val(P3)=0.611 | Val(AVO)=0.592
2025-09-29 13:08:41 - New best P3-val; checkpoint updated
2025-09-29 13:08:41 - Epoch 3/500 | LR=0.010000 | w_AVO=1.000 | w_P3=2.024 | lambda_MMD=0.180
2025-09-29 13:08:41 - Epoch Summary: TrainLoss=1.9268 | TrainAcc=0.602 | Val(P3)=0.639 | Val(AVO)=0.625
2025-09-29 13:08:41 - New best P3-val; checkpoint updated
2025-09-29 13:08:41 - Epoch 4/500 | LR=0.009999 | w_AVO=1.000 | w_P3=2.366 | lambda_MMD=0.240
2025-09-29 13:08:41 - Epoch Summary: TrainLoss=2.1124 | TrainAcc=0.625 | Val(P3)=0.611 | Val(AVO)=0.647
2025-09-29 13:08:41 - No P3-val improvement; patience remaining: 49/50
2025-09-29 13:08:41 - Epoch 5/500 | LR=0.009998 | w_AVO=1.000 | w_P3=2.707 | lambda_MMD=0.300
2025-09-29 13:08:42 - Epoch Summary: TrainLoss=2.3037 | TrainAcc=0.612 | Val(P3)=0.639 | Val(AVO)=0.602
2025-09-29 13:08:42 - No P3-val improvement; patience remaining: 48/50
2025-09-29 13:08:42 - Epoch 6/500 | LR=0.009998 | w_AVO=1.000 | w_P3=2.707 | lambda_MMD=0.300
2025-09-29 13:08:42 - Epoch Summary: TrainLoss=2.2521 | TrainAcc=0.630 | Val(P3)=0.583 | Val(AVO)=0.660
2025-09-29 13:08:42 - No P3-val improvement; patience remaining: 47/50
2025-09-29 13:08:42 - Epoch 7/500 | LR=0.009996 | w_AVO=1.000 | w_P3=2.707 | lambda_MMD=0.300
2025-09-29 13:08:42 - Epoch Summary: TrainLoss=2.2660 | TrainAcc=0.627 | Val(P3)=0.639 | Val(AVO)=0.621
2025-09-29 13:08:42 - No P3-val improvement; patience remaining: 46/50
2025-09-29 13:08:42 - Epoch 8/500 | LR=0.009995 | w_AVO=1.000 | w_P3=2.707 | lambda_MMD=0.300
2025-09-29 13:08:42 - Epoch Summary: TrainLoss=2.2556 | TrainAcc=0.635 | Val(P3)=0.556 | Val(AVO)=0.644
2025-09-29 13:08:42 - No P3-val improvement; patience remaining: 45/50
2025-09-29 13:08:42 - Epoch 9/500 | LR=0.009994 | w_AVO=1.000 | w_P3=2.707 | lambda_MMD=0.300
2025-09-29 13:08:42 - Epoch Summary: TrainLoss=2.1884 | TrainAcc=0.636 | Val(P3)=0.611 | Val(AVO)=0.657
2025-09-29 13:08:42 - No P3-val improvement; patience remaining: 44/50
2025-09-29 13:08:42 - Epoch 10/500 | LR=0.009992 | w_AVO=1.000 | w_P3=2.707 | lambda_MMD=0.300
2025-09-29 13:08:42 - Epoch Summary: TrainLoss=2.1345 | TrainAcc=0.649 | Val(P3)=0.639 | Val(AVO)=0.657
2025-09-29 13:08:42 - No P3-val improvement; patience remaining: 43/50
2025-09-29 13:08:42 - Epoch 11/500 | LR=0.009990 | w_AVO=1.000 | w_P3=2.707 | lambda_MMD=0.300
2025-09-29 13:08:43 - Epoch Summary: TrainLoss=2.0932 | TrainAcc=0.641 | Val(P3)=0.583 | Val(AVO)=0.670
2025-09-29 13:08:43 - No P3-val improvement; patience remaining: 42/50
2025-09-29 13:08:43 - Epoch 12/500 | LR=0.009988 | w_AVO=1.000 | w_P3=2.707 | lambda_MMD=0.300
2025-09-29 13:08:43 - Epoch Summary: TrainLoss=2.0732 | TrainAcc=0.649 | Val(P3)=0.611 | Val(AVO)=0.650
2025-09-29 13:08:43 - No P3-val improvement; patience remaining: 41/50
2025-09-29 13:08:43 - Epoch 13/500 | LR=0.009986 | w_AVO=1.000 | w_P3=2.707 | lambda_MMD=0.300
2025-09-29 13:08:43 - Epoch Summary: TrainLoss=2.0038 | TrainAcc=0.658 | Val(P3)=0.611 | Val(AVO)=0.628
2025-09-29 13:08:43 - No P3-val improvement; patience remaining: 40/50
2025-09-29 13:08:43 - AVO val decreasing 3x. Reducing lambda_MMD to 0.210
2025-09-29 13:08:43 - Epoch 14/500 | LR=0.009983 | w_AVO=1.000 | w_P3=2.707 | lambda_MMD=0.210
2025-09-29 13:08:43 - Epoch Summary: TrainLoss=1.9751 | TrainAcc=0.650 | Val(P3)=0.639 | Val(AVO)=0.650
2025-09-29 13:08:43 - No P3-val improvement; patience remaining: 39/50
2025-09-29 13:08:43 - Epoch 15/500 | LR=0.009981 | w_AVO=1.000 | w_P3=2.707 | lambda_MMD=0.300
2025-09-29 13:08:43 - Epoch Summary: TrainLoss=1.9240 | TrainAcc=0.658 | Val(P3)=0.639 | Val(AVO)=0.641
2025-09-29 13:08:43 - No P3-val improvement; patience remaining: 38/50
2025-09-29 13:08:43 - Epoch 16/500 | LR=0.009978 | w_AVO=1.000 | w_P3=2.707 | lambda_MMD=0.300
2025-09-29 13:08:44 - Epoch Summary: TrainLoss=1.8828 | TrainAcc=0.650 | Val(P3)=0.611 | Val(AVO)=0.680
2025-09-29 13:08:44 - No P3-val improvement; patience remaining: 37/50
2025-09-29 13:08:44 - Epoch 17/500 | LR=0.009975 | w_AVO=1.000 | w_P3=2.707 | lambda_MMD=0.300
2025-09-29 13:08:44 - Epoch Summary: TrainLoss=1.7890 | TrainAcc=0.658 | Val(P3)=0.583 | Val(AVO)=0.696
2025-09-29 13:08:44 - No P3-val improvement; patience remaining: 36/50
2025-09-29 13:08:44 - P3 val decreasing 3x. Reducing w_small to 2.166, lambda_MMD to 0.150
2025-09-29 13:08:44 - Epoch 18/500 | LR=0.009972 | w_AVO=1.000 | w_P3=2.166 | lambda_MMD=0.150
2025-09-29 13:08:44 - Epoch Summary: TrainLoss=1.5224 | TrainAcc=0.659 | Val(P3)=0.583 | Val(AVO)=0.660
2025-09-29 13:08:44 - No P3-val improvement; patience remaining: 35/50
2025-09-29 13:08:44 - Epoch 19/500 | LR=0.009968 | w_AVO=1.000 | w_P3=2.707 | lambda_MMD=0.300
2025-09-29 13:08:44 - Epoch Summary: TrainLoss=1.7140 | TrainAcc=0.652 | Val(P3)=0.528 | Val(AVO)=0.673
2025-09-29 13:08:44 - No P3-val improvement; patience remaining: 34/50
2025-09-29 13:08:44 - Epoch 20/500 | LR=0.009964 | w_AVO=1.000 | w_P3=2.707 | lambda_MMD=0.300
2025-09-29 13:08:44 - Epoch Summary: TrainLoss=1.6459 | TrainAcc=0.663 | Val(P3)=0.528 | Val(AVO)=0.680
2025-09-29 13:08:44 - No P3-val improvement; patience remaining: 33/50
2025-09-29 13:08:44 - Epoch 21/500 | LR=0.009961 | w_AVO=1.000 | w_P3=2.707 | lambda_MMD=0.300
2025-09-29 13:08:44 - Epoch Summary: TrainLoss=1.6221 | TrainAcc=0.654 | Val(P3)=0.528 | Val(AVO)=0.676
2025-09-29 13:08:44 - No P3-val improvement; patience remaining: 32/50
2025-09-29 13:08:44 - Epoch 22/500 | LR=0.009957 | w_AVO=1.000 | w_P3=2.707 | lambda_MMD=0.300
2025-09-29 13:08:45 - Epoch Summary: TrainLoss=1.5809 | TrainAcc=0.643 | Val(P3)=0.556 | Val(AVO)=0.673
2025-09-29 13:08:45 - No P3-val improvement; patience remaining: 31/50
2025-09-29 13:08:45 - AVO val decreasing 3x. Reducing lambda_MMD to 0.210
2025-09-29 13:08:45 - Epoch 23/500 | LR=0.009952 | w_AVO=1.000 | w_P3=2.707 | lambda_MMD=0.210
2025-09-29 13:08:45 - Epoch Summary: TrainLoss=1.5427 | TrainAcc=0.666 | Val(P3)=0.556 | Val(AVO)=0.631
2025-09-29 13:08:45 - No P3-val improvement; patience remaining: 30/50
2025-09-29 13:08:45 - AVO val decreasing 3x. Reducing lambda_MMD to 0.210
2025-09-29 13:08:45 - Epoch 24/500 | LR=0.009948 | w_AVO=1.000 | w_P3=2.707 | lambda_MMD=0.210
2025-09-29 13:08:45 - Epoch Summary: TrainLoss=1.4868 | TrainAcc=0.671 | Val(P3)=0.500 | Val(AVO)=0.676
2025-09-29 13:08:45 - No P3-val improvement; patience remaining: 29/50
2025-09-29 13:08:45 - Epoch 25/500 | LR=0.009943 | w_AVO=1.000 | w_P3=2.707 | lambda_MMD=0.300
2025-09-29 13:08:45 - Epoch Summary: TrainLoss=1.5042 | TrainAcc=0.660 | Val(P3)=0.500 | Val(AVO)=0.634
2025-09-29 13:08:45 - No P3-val improvement; patience remaining: 28/50
2025-09-29 13:08:45 - Epoch 26/500 | LR=0.009938 | w_AVO=1.000 | w_P3=2.707 | lambda_MMD=0.300
2025-09-29 13:08:45 - Epoch Summary: TrainLoss=1.4282 | TrainAcc=0.678 | Val(P3)=0.500 | Val(AVO)=0.676
2025-09-29 13:08:45 - No P3-val improvement; patience remaining: 27/50
2025-09-29 13:08:45 - Epoch 27/500 | LR=0.009933 | w_AVO=1.000 | w_P3=2.707 | lambda_MMD=0.300
2025-09-29 13:08:45 - Epoch Summary: TrainLoss=1.4168 | TrainAcc=0.667 | Val(P3)=0.528 | Val(AVO)=0.670
2025-09-29 13:08:45 - No P3-val improvement; patience remaining: 26/50
2025-09-29 13:08:45 - Epoch 28/500 | LR=0.009928 | w_AVO=1.000 | w_P3=2.707 | lambda_MMD=0.300
2025-09-29 13:08:46 - Epoch Summary: TrainLoss=1.3575 | TrainAcc=0.674 | Val(P3)=0.528 | Val(AVO)=0.657
2025-09-29 13:08:46 - No P3-val improvement; patience remaining: 25/50
2025-09-29 13:08:46 - AVO val decreasing 3x. Reducing lambda_MMD to 0.210
2025-09-29 13:08:46 - Epoch 29/500 | LR=0.009923 | w_AVO=1.000 | w_P3=2.707 | lambda_MMD=0.210
2025-09-29 13:08:46 - Epoch Summary: TrainLoss=1.3235 | TrainAcc=0.665 | Val(P3)=0.528 | Val(AVO)=0.660
2025-09-29 13:08:46 - No P3-val improvement; patience remaining: 24/50
2025-09-29 13:08:46 - Epoch 30/500 | LR=0.009917 | w_AVO=1.000 | w_P3=2.707 | lambda_MMD=0.300
2025-09-29 13:08:46 - Epoch Summary: TrainLoss=1.2882 | TrainAcc=0.683 | Val(P3)=0.472 | Val(AVO)=0.673
2025-09-29 13:08:46 - No P3-val improvement; patience remaining: 23/50
2025-09-29 13:08:46 - Epoch 31/500 | LR=0.009911 | w_AVO=1.000 | w_P3=2.707 | lambda_MMD=0.300
2025-09-29 13:08:46 - Epoch Summary: TrainLoss=1.2853 | TrainAcc=0.682 | Val(P3)=0.528 | Val(AVO)=0.638
2025-09-29 13:08:46 - No P3-val improvement; patience remaining: 22/50
2025-09-29 13:08:46 - Epoch 32/500 | LR=0.009905 | w_AVO=1.000 | w_P3=2.707 | lambda_MMD=0.300
2025-09-29 13:08:46 - Epoch Summary: TrainLoss=1.2178 | TrainAcc=0.677 | Val(P3)=0.500 | Val(AVO)=0.660
2025-09-29 13:08:46 - No P3-val improvement; patience remaining: 21/50
2025-09-29 13:08:46 - Epoch 33/500 | LR=0.009899 | w_AVO=1.000 | w_P3=2.707 | lambda_MMD=0.300
2025-09-29 13:08:46 - Epoch Summary: TrainLoss=1.2166 | TrainAcc=0.694 | Val(P3)=0.556 | Val(AVO)=0.663
2025-09-29 13:08:46 - No P3-val improvement; patience remaining: 20/50
2025-09-29 13:08:46 - Epoch 34/500 | LR=0.009893 | w_AVO=1.000 | w_P3=2.707 | lambda_MMD=0.300
2025-09-29 13:08:47 - Epoch Summary: TrainLoss=1.1571 | TrainAcc=0.694 | Val(P3)=0.528 | Val(AVO)=0.667
2025-09-29 13:08:47 - No P3-val improvement; patience remaining: 19/50
2025-09-29 13:08:47 - Epoch 35/500 | LR=0.009886 | w_AVO=1.000 | w_P3=2.707 | lambda_MMD=0.300
2025-09-29 13:08:47 - Epoch Summary: TrainLoss=1.2001 | TrainAcc=0.682 | Val(P3)=0.556 | Val(AVO)=0.654
2025-09-29 13:08:47 - No P3-val improvement; patience remaining: 18/50
2025-09-29 13:08:47 - Epoch 36/500 | LR=0.009880 | w_AVO=1.000 | w_P3=2.707 | lambda_MMD=0.300
2025-09-29 13:08:47 - Epoch Summary: TrainLoss=1.1586 | TrainAcc=0.699 | Val(P3)=0.556 | Val(AVO)=0.686
2025-09-29 13:08:47 - No P3-val improvement; patience remaining: 17/50
2025-09-29 13:08:47 - Epoch 37/500 | LR=0.009873 | w_AVO=1.000 | w_P3=2.707 | lambda_MMD=0.300
2025-09-29 13:08:47 - Epoch Summary: TrainLoss=1.1378 | TrainAcc=0.698 | Val(P3)=0.528 | Val(AVO)=0.660
2025-09-29 13:08:47 - No P3-val improvement; patience remaining: 16/50
2025-09-29 13:08:47 - Epoch 38/500 | LR=0.009865 | w_AVO=1.000 | w_P3=2.707 | lambda_MMD=0.300
2025-09-29 13:08:47 - Epoch Summary: TrainLoss=1.0698 | TrainAcc=0.695 | Val(P3)=0.528 | Val(AVO)=0.673
2025-09-29 13:08:47 - No P3-val improvement; patience remaining: 15/50
2025-09-29 13:08:47 - Epoch 39/500 | LR=0.009858 | w_AVO=1.000 | w_P3=2.707 | lambda_MMD=0.300
2025-09-29 13:08:48 - Epoch Summary: TrainLoss=1.0862 | TrainAcc=0.700 | Val(P3)=0.528 | Val(AVO)=0.660
2025-09-29 13:08:48 - No P3-val improvement; patience remaining: 14/50
2025-09-29 13:08:48 - Epoch 40/500 | LR=0.009851 | w_AVO=1.000 | w_P3=2.707 | lambda_MMD=0.300
2025-09-29 13:08:48 - Epoch Summary: TrainLoss=1.0875 | TrainAcc=0.692 | Val(P3)=0.528 | Val(AVO)=0.670
2025-09-29 13:08:48 - No P3-val improvement; patience remaining: 13/50
2025-09-29 13:08:48 - Epoch 41/500 | LR=0.009843 | w_AVO=1.000 | w_P3=2.707 | lambda_MMD=0.300
2025-09-29 13:08:48 - Epoch Summary: TrainLoss=1.0268 | TrainAcc=0.696 | Val(P3)=0.500 | Val(AVO)=0.647
2025-09-29 13:08:48 - No P3-val improvement; patience remaining: 12/50
2025-09-29 13:08:48 - Epoch 42/500 | LR=0.009835 | w_AVO=1.000 | w_P3=2.707 | lambda_MMD=0.300
2025-09-29 13:08:48 - Epoch Summary: TrainLoss=1.0493 | TrainAcc=0.694 | Val(P3)=0.528 | Val(AVO)=0.579
2025-09-29 13:08:48 - No P3-val improvement; patience remaining: 11/50
2025-09-29 13:08:48 - AVO val decreasing 3x. Reducing lambda_MMD to 0.210
2025-09-29 13:08:48 - Epoch 43/500 | LR=0.009827 | w_AVO=1.000 | w_P3=2.707 | lambda_MMD=0.210
2025-09-29 13:08:48 - Epoch Summary: TrainLoss=0.9843 | TrainAcc=0.703 | Val(P3)=0.528 | Val(AVO)=0.628
2025-09-29 13:08:48 - No P3-val improvement; patience remaining: 10/50
2025-09-29 13:08:48 - Epoch 44/500 | LR=0.009819 | w_AVO=1.000 | w_P3=2.707 | lambda_MMD=0.300
2025-09-29 13:08:48 - Epoch Summary: TrainLoss=0.9649 | TrainAcc=0.701 | Val(P3)=0.528 | Val(AVO)=0.650
2025-09-29 13:08:48 - No P3-val improvement; patience remaining: 9/50
2025-09-29 13:08:48 - Epoch 45/500 | LR=0.009810 | w_AVO=1.000 | w_P3=2.707 | lambda_MMD=0.300
2025-09-29 13:08:49 - Epoch Summary: TrainLoss=0.9529 | TrainAcc=0.711 | Val(P3)=0.472 | Val(AVO)=0.647
2025-09-29 13:08:49 - No P3-val improvement; patience remaining: 8/50
2025-09-29 13:08:49 - Epoch 46/500 | LR=0.009801 | w_AVO=1.000 | w_P3=2.707 | lambda_MMD=0.300
2025-09-29 13:08:49 - Epoch Summary: TrainLoss=0.9302 | TrainAcc=0.713 | Val(P3)=0.500 | Val(AVO)=0.673
2025-09-29 13:08:49 - No P3-val improvement; patience remaining: 7/50
2025-09-29 13:08:49 - Epoch 47/500 | LR=0.009793 | w_AVO=1.000 | w_P3=2.707 | lambda_MMD=0.300
2025-09-29 13:08:49 - Epoch Summary: TrainLoss=0.9183 | TrainAcc=0.719 | Val(P3)=0.528 | Val(AVO)=0.660
2025-09-29 13:08:49 - No P3-val improvement; patience remaining: 6/50
2025-09-29 13:08:49 - Epoch 48/500 | LR=0.009784 | w_AVO=1.000 | w_P3=2.707 | lambda_MMD=0.300
2025-09-29 13:08:49 - Epoch Summary: TrainLoss=0.9184 | TrainAcc=0.708 | Val(P3)=0.528 | Val(AVO)=0.676
2025-09-29 13:08:49 - No P3-val improvement; patience remaining: 5/50
2025-09-29 13:08:49 - Epoch 49/500 | LR=0.009774 | w_AVO=1.000 | w_P3=2.707 | lambda_MMD=0.300
2025-09-29 13:08:49 - Epoch Summary: TrainLoss=0.8833 | TrainAcc=0.729 | Val(P3)=0.500 | Val(AVO)=0.663
2025-09-29 13:08:49 - No P3-val improvement; patience remaining: 4/50
2025-09-29 13:08:49 - Epoch 50/500 | LR=0.009765 | w_AVO=1.000 | w_P3=2.707 | lambda_MMD=0.300
2025-09-29 13:08:49 - Epoch Summary: TrainLoss=0.8614 | TrainAcc=0.727 | Val(P3)=0.528 | Val(AVO)=0.628
2025-09-29 13:08:49 - No P3-val improvement; patience remaining: 3/50
2025-09-29 13:08:49 - AVO val decreasing 3x. Reducing lambda_MMD to 0.210
2025-09-29 13:08:49 - Epoch 51/500 | LR=0.009755 | w_AVO=1.000 | w_P3=2.707 | lambda_MMD=0.210
2025-09-29 13:08:50 - Epoch Summary: TrainLoss=0.8470 | TrainAcc=0.723 | Val(P3)=0.500 | Val(AVO)=0.676
2025-09-29 13:08:50 - No P3-val improvement; patience remaining: 2/50
2025-09-29 13:08:50 - Epoch 52/500 | LR=0.009745 | w_AVO=1.000 | w_P3=2.707 | lambda_MMD=0.300
2025-09-29 13:08:50 - Epoch Summary: TrainLoss=0.8738 | TrainAcc=0.713 | Val(P3)=0.500 | Val(AVO)=0.673
2025-09-29 13:08:50 - No P3-val improvement; patience remaining: 1/50
2025-09-29 13:08:50 - Epoch 53/500 | LR=0.009735 | w_AVO=1.000 | w_P3=2.707 | lambda_MMD=0.300
2025-09-29 13:08:50 - Epoch Summary: TrainLoss=0.8314 | TrainAcc=0.720 | Val(P3)=0.556 | Val(AVO)=0.676
2025-09-29 13:08:50 - No P3-val improvement; patience remaining: 0/50
2025-09-29 13:08:50 - Early stopping triggered (P3-val)
2025-09-29 13:08:50 -     P3 Test | Acc=0.5541 P=0.7500 R=0.4000 F1=0.5217 AUC=0.6782 (n=74)
2025-09-29 13:08:50 -     AVO Test | Acc=0.6120 P=0.6117 R=0.5567 F1=0.5829 AUC=0.6617 (n=616)
2025-09-29 13:08:50 -     Overall Test Acc=0.6058
2025-09-29 13:08:50 -   Fold 3/5
2025-09-29 13:08:50 - Fold domains: small=P3 (n=279), large=AVO (n=2136)
2025-09-29 13:08:50 - Auto adjustments (symmetric): w_small≈1.000, lambda_MMD_target=0.300, warmup_epochs=5
2025-09-29 13:08:50 - Epoch 1/500 | LR=0.010000 | w_AVO=1.000 | w_P3=1.353 | lambda_MMD=0.060
2025-09-29 13:08:50 - Epoch Summary: TrainLoss=1.6977 | TrainAcc=0.566 | Val(P3)=0.471 | Val(AVO)=0.595
2025-09-29 13:08:50 - New best P3-val; checkpoint updated
2025-09-29 13:08:50 - Epoch 2/500 | LR=0.010000 | w_AVO=1.000 | w_P3=1.707 | lambda_MMD=0.120
2025-09-29 13:08:50 - Epoch Summary: TrainLoss=1.7565 | TrainAcc=0.595 | Val(P3)=0.588 | Val(AVO)=0.656
2025-09-29 13:08:50 - New best P3-val; checkpoint updated
2025-09-29 13:08:50 - Epoch 3/500 | LR=0.010000 | w_AVO=1.000 | w_P3=2.060 | lambda_MMD=0.180
2025-09-29 13:08:51 - Epoch Summary: TrainLoss=1.9587 | TrainAcc=0.608 | Val(P3)=0.500 | Val(AVO)=0.624
2025-09-29 13:08:51 - No P3-val improvement; patience remaining: 49/50
2025-09-29 13:08:51 - Epoch 4/500 | LR=0.009999 | w_AVO=1.000 | w_P3=2.414 | lambda_MMD=0.240
2025-09-29 13:08:51 - Epoch Summary: TrainLoss=2.1439 | TrainAcc=0.621 | Val(P3)=0.500 | Val(AVO)=0.640
2025-09-29 13:08:51 - No P3-val improvement; patience remaining: 48/50
2025-09-29 13:08:51 - Epoch 5/500 | LR=0.009998 | w_AVO=1.000 | w_P3=2.767 | lambda_MMD=0.300
2025-09-29 13:08:51 - Epoch Summary: TrainLoss=2.3577 | TrainAcc=0.610 | Val(P3)=0.471 | Val(AVO)=0.633
2025-09-29 13:08:51 - No P3-val improvement; patience remaining: 47/50
2025-09-29 13:08:51 - Epoch 6/500 | LR=0.009998 | w_AVO=1.000 | w_P3=2.767 | lambda_MMD=0.300
2025-09-29 13:08:51 - Epoch Summary: TrainLoss=2.3092 | TrainAcc=0.622 | Val(P3)=0.529 | Val(AVO)=0.617
2025-09-29 13:08:51 - No P3-val improvement; patience remaining: 46/50
2025-09-29 13:08:51 - AVO val decreasing 3x. Reducing lambda_MMD to 0.210
2025-09-29 13:08:51 - Epoch 7/500 | LR=0.009996 | w_AVO=1.000 | w_P3=2.767 | lambda_MMD=0.210
2025-09-29 13:08:51 - Epoch Summary: TrainLoss=2.3006 | TrainAcc=0.633 | Val(P3)=0.559 | Val(AVO)=0.646
2025-09-29 13:08:51 - No P3-val improvement; patience remaining: 45/50
2025-09-29 13:08:51 - Epoch 8/500 | LR=0.009995 | w_AVO=1.000 | w_P3=2.767 | lambda_MMD=0.300
2025-09-29 13:08:51 - Epoch Summary: TrainLoss=2.2203 | TrainAcc=0.629 | Val(P3)=0.529 | Val(AVO)=0.611
2025-09-29 13:08:51 - No P3-val improvement; patience remaining: 44/50
2025-09-29 13:08:51 - Epoch 9/500 | LR=0.009994 | w_AVO=1.000 | w_P3=2.767 | lambda_MMD=0.300
2025-09-29 13:08:52 - Epoch Summary: TrainLoss=2.1571 | TrainAcc=0.619 | Val(P3)=0.529 | Val(AVO)=0.611
2025-09-29 13:08:52 - No P3-val improvement; patience remaining: 43/50
2025-09-29 13:08:52 - Epoch 10/500 | LR=0.009992 | w_AVO=1.000 | w_P3=2.767 | lambda_MMD=0.300
2025-09-29 13:08:52 - Epoch Summary: TrainLoss=2.1075 | TrainAcc=0.648 | Val(P3)=0.588 | Val(AVO)=0.633
2025-09-29 13:08:52 - No P3-val improvement; patience remaining: 42/50
2025-09-29 13:08:52 - Epoch 11/500 | LR=0.009990 | w_AVO=1.000 | w_P3=2.767 | lambda_MMD=0.300
2025-09-29 13:08:52 - Epoch Summary: TrainLoss=2.0718 | TrainAcc=0.651 | Val(P3)=0.588 | Val(AVO)=0.662
2025-09-29 13:08:52 - No P3-val improvement; patience remaining: 41/50
2025-09-29 13:08:52 - Epoch 12/500 | LR=0.009988 | w_AVO=1.000 | w_P3=2.767 | lambda_MMD=0.300
2025-09-29 13:08:52 - Epoch Summary: TrainLoss=2.0078 | TrainAcc=0.660 | Val(P3)=0.588 | Val(AVO)=0.640
2025-09-29 13:08:52 - No P3-val improvement; patience remaining: 40/50
2025-09-29 13:08:52 - Epoch 13/500 | LR=0.009986 | w_AVO=1.000 | w_P3=2.767 | lambda_MMD=0.300
2025-09-29 13:08:52 - Epoch Summary: TrainLoss=2.0136 | TrainAcc=0.650 | Val(P3)=0.412 | Val(AVO)=0.675
2025-09-29 13:08:52 - No P3-val improvement; patience remaining: 39/50
2025-09-29 13:08:52 - Epoch 14/500 | LR=0.009983 | w_AVO=1.000 | w_P3=2.767 | lambda_MMD=0.300
2025-09-29 13:08:52 - Epoch Summary: TrainLoss=1.9181 | TrainAcc=0.647 | Val(P3)=0.588 | Val(AVO)=0.659
2025-09-29 13:08:52 - No P3-val improvement; patience remaining: 38/50
2025-09-29 13:08:52 - Epoch 15/500 | LR=0.009981 | w_AVO=1.000 | w_P3=2.767 | lambda_MMD=0.300
2025-09-29 13:08:53 - Epoch Summary: TrainLoss=1.8430 | TrainAcc=0.654 | Val(P3)=0.559 | Val(AVO)=0.678
2025-09-29 13:08:53 - No P3-val improvement; patience remaining: 37/50
2025-09-29 13:08:53 - Epoch 16/500 | LR=0.009978 | w_AVO=1.000 | w_P3=2.767 | lambda_MMD=0.300
2025-09-29 13:08:53 - Epoch Summary: TrainLoss=1.8301 | TrainAcc=0.647 | Val(P3)=0.441 | Val(AVO)=0.653
2025-09-29 13:08:53 - No P3-val improvement; patience remaining: 36/50
2025-09-29 13:08:53 - P3 val decreasing 3x. Reducing w_small to 2.214, lambda_MMD to 0.150
2025-09-29 13:08:53 - Epoch 17/500 | LR=0.009975 | w_AVO=1.000 | w_P3=2.214 | lambda_MMD=0.150
2025-09-29 13:08:53 - Epoch Summary: TrainLoss=1.5857 | TrainAcc=0.654 | Val(P3)=0.529 | Val(AVO)=0.650
2025-09-29 13:08:53 - No P3-val improvement; patience remaining: 35/50
2025-09-29 13:08:53 - AVO val decreasing 3x. Reducing lambda_MMD to 0.210
2025-09-29 13:08:53 - Epoch 18/500 | LR=0.009972 | w_AVO=1.000 | w_P3=2.767 | lambda_MMD=0.210
2025-09-29 13:08:53 - Epoch Summary: TrainLoss=1.8663 | TrainAcc=0.648 | Val(P3)=0.529 | Val(AVO)=0.646
2025-09-29 13:08:53 - No P3-val improvement; patience remaining: 34/50
2025-09-29 13:08:53 - AVO val decreasing 3x. Reducing lambda_MMD to 0.210
2025-09-29 13:08:53 - Epoch 19/500 | LR=0.009968 | w_AVO=1.000 | w_P3=2.767 | lambda_MMD=0.210
2025-09-29 13:08:53 - Epoch Summary: TrainLoss=1.7413 | TrainAcc=0.659 | Val(P3)=0.529 | Val(AVO)=0.637
2025-09-29 13:08:53 - No P3-val improvement; patience remaining: 33/50
2025-09-29 13:08:53 - AVO val decreasing 3x. Reducing lambda_MMD to 0.210
2025-09-29 13:08:53 - Epoch 20/500 | LR=0.009964 | w_AVO=1.000 | w_P3=2.767 | lambda_MMD=0.210
2025-09-29 13:08:54 - Epoch Summary: TrainLoss=1.7416 | TrainAcc=0.664 | Val(P3)=0.500 | Val(AVO)=0.633
2025-09-29 13:08:54 - No P3-val improvement; patience remaining: 32/50
2025-09-29 13:08:54 - AVO val decreasing 3x. Reducing lambda_MMD to 0.210
2025-09-29 13:08:54 - Epoch 21/500 | LR=0.009961 | w_AVO=1.000 | w_P3=2.767 | lambda_MMD=0.210
2025-09-29 13:08:54 - Epoch Summary: TrainLoss=1.6441 | TrainAcc=0.653 | Val(P3)=0.559 | Val(AVO)=0.627
2025-09-29 13:08:54 - No P3-val improvement; patience remaining: 31/50
2025-09-29 13:08:54 - AVO val decreasing 3x. Reducing lambda_MMD to 0.210
2025-09-29 13:08:54 - Epoch 22/500 | LR=0.009957 | w_AVO=1.000 | w_P3=2.767 | lambda_MMD=0.210
2025-09-29 13:08:54 - Epoch Summary: TrainLoss=1.6223 | TrainAcc=0.662 | Val(P3)=0.559 | Val(AVO)=0.659
2025-09-29 13:08:54 - No P3-val improvement; patience remaining: 30/50
2025-09-29 13:08:54 - Epoch 23/500 | LR=0.009952 | w_AVO=1.000 | w_P3=2.767 | lambda_MMD=0.300
2025-09-29 13:08:54 - Epoch Summary: TrainLoss=1.5714 | TrainAcc=0.654 | Val(P3)=0.500 | Val(AVO)=0.640
2025-09-29 13:08:54 - No P3-val improvement; patience remaining: 29/50
2025-09-29 13:08:54 - Epoch 24/500 | LR=0.009948 | w_AVO=1.000 | w_P3=2.767 | lambda_MMD=0.300
2025-09-29 13:08:54 - Epoch Summary: TrainLoss=1.5484 | TrainAcc=0.677 | Val(P3)=0.559 | Val(AVO)=0.656
2025-09-29 13:08:54 - No P3-val improvement; patience remaining: 28/50
2025-09-29 13:08:54 - Epoch 25/500 | LR=0.009943 | w_AVO=1.000 | w_P3=2.767 | lambda_MMD=0.300
2025-09-29 13:08:54 - Epoch Summary: TrainLoss=1.5231 | TrainAcc=0.679 | Val(P3)=0.529 | Val(AVO)=0.595
2025-09-29 13:08:54 - No P3-val improvement; patience remaining: 27/50
2025-09-29 13:08:54 - Epoch 26/500 | LR=0.009938 | w_AVO=1.000 | w_P3=2.767 | lambda_MMD=0.300
2025-09-29 13:08:55 - Epoch Summary: TrainLoss=1.5453 | TrainAcc=0.662 | Val(P3)=0.441 | Val(AVO)=0.637
2025-09-29 13:08:55 - No P3-val improvement; patience remaining: 26/50
2025-09-29 13:08:55 - P3 val decreasing 3x. Reducing w_small to 2.214, lambda_MMD to 0.150
2025-09-29 13:08:55 - Epoch 27/500 | LR=0.009933 | w_AVO=1.000 | w_P3=2.214 | lambda_MMD=0.150
2025-09-29 13:08:55 - Epoch Summary: TrainLoss=1.2501 | TrainAcc=0.671 | Val(P3)=0.529 | Val(AVO)=0.627
2025-09-29 13:08:55 - No P3-val improvement; patience remaining: 25/50
2025-09-29 13:08:55 - Epoch 28/500 | LR=0.009928 | w_AVO=1.000 | w_P3=2.767 | lambda_MMD=0.300
2025-09-29 13:08:55 - Epoch Summary: TrainLoss=1.3886 | TrainAcc=0.676 | Val(P3)=0.500 | Val(AVO)=0.656
2025-09-29 13:08:55 - No P3-val improvement; patience remaining: 24/50
2025-09-29 13:08:55 - Epoch 29/500 | LR=0.009923 | w_AVO=1.000 | w_P3=2.767 | lambda_MMD=0.300
2025-09-29 13:08:55 - Epoch Summary: TrainLoss=1.4097 | TrainAcc=0.688 | Val(P3)=0.412 | Val(AVO)=0.666
2025-09-29 13:08:55 - No P3-val improvement; patience remaining: 23/50
2025-09-29 13:08:55 - P3 val decreasing 3x. Reducing w_small to 2.214, lambda_MMD to 0.150
2025-09-29 13:08:55 - Epoch 30/500 | LR=0.009917 | w_AVO=1.000 | w_P3=2.214 | lambda_MMD=0.150
2025-09-29 13:08:55 - Epoch Summary: TrainLoss=1.1860 | TrainAcc=0.683 | Val(P3)=0.471 | Val(AVO)=0.643
2025-09-29 13:08:55 - No P3-val improvement; patience remaining: 22/50
2025-09-29 13:08:55 - Epoch 31/500 | LR=0.009911 | w_AVO=1.000 | w_P3=2.767 | lambda_MMD=0.300
2025-09-29 13:08:55 - Epoch Summary: TrainLoss=1.4055 | TrainAcc=0.666 | Val(P3)=0.471 | Val(AVO)=0.627
2025-09-29 13:08:55 - No P3-val improvement; patience remaining: 21/50
2025-09-29 13:08:55 - AVO val decreasing 3x. Reducing lambda_MMD to 0.210
2025-09-29 13:08:55 - Epoch 32/500 | LR=0.009905 | w_AVO=1.000 | w_P3=2.767 | lambda_MMD=0.210
2025-09-29 13:08:56 - Epoch Summary: TrainLoss=1.3599 | TrainAcc=0.657 | Val(P3)=0.412 | Val(AVO)=0.624
2025-09-29 13:08:56 - No P3-val improvement; patience remaining: 20/50
2025-09-29 13:08:56 - AVO val decreasing 3x. Reducing lambda_MMD to 0.210
2025-09-29 13:08:56 - Epoch 33/500 | LR=0.009899 | w_AVO=1.000 | w_P3=2.767 | lambda_MMD=0.210
2025-09-29 13:08:56 - Epoch Summary: TrainLoss=1.2724 | TrainAcc=0.684 | Val(P3)=0.353 | Val(AVO)=0.633
2025-09-29 13:08:56 - No P3-val improvement; patience remaining: 19/50
2025-09-29 13:08:56 - P3 val decreasing 3x. Reducing w_small to 2.214, lambda_MMD to 0.150
2025-09-29 13:08:56 - Epoch 34/500 | LR=0.009893 | w_AVO=1.000 | w_P3=2.214 | lambda_MMD=0.150
2025-09-29 13:08:56 - Epoch Summary: TrainLoss=1.1294 | TrainAcc=0.681 | Val(P3)=0.441 | Val(AVO)=0.633
2025-09-29 13:08:56 - No P3-val improvement; patience remaining: 18/50
2025-09-29 13:08:56 - Epoch 35/500 | LR=0.009886 | w_AVO=1.000 | w_P3=2.767 | lambda_MMD=0.300
2025-09-29 13:08:56 - Epoch Summary: TrainLoss=1.2766 | TrainAcc=0.659 | Val(P3)=0.441 | Val(AVO)=0.646
2025-09-29 13:08:56 - No P3-val improvement; patience remaining: 17/50
2025-09-29 13:08:56 - Epoch 36/500 | LR=0.009880 | w_AVO=1.000 | w_P3=2.767 | lambda_MMD=0.300
2025-09-29 13:08:56 - Epoch Summary: TrainLoss=1.2583 | TrainAcc=0.669 | Val(P3)=0.441 | Val(AVO)=0.650
2025-09-29 13:08:56 - No P3-val improvement; patience remaining: 16/50
2025-09-29 13:08:56 - Epoch 37/500 | LR=0.009873 | w_AVO=1.000 | w_P3=2.767 | lambda_MMD=0.300
2025-09-29 13:08:56 - Epoch Summary: TrainLoss=1.1643 | TrainAcc=0.687 | Val(P3)=0.441 | Val(AVO)=0.646
2025-09-29 13:08:56 - No P3-val improvement; patience remaining: 15/50
2025-09-29 13:08:56 - Epoch 38/500 | LR=0.009865 | w_AVO=1.000 | w_P3=2.767 | lambda_MMD=0.300
2025-09-29 13:08:57 - Epoch Summary: TrainLoss=1.1489 | TrainAcc=0.680 | Val(P3)=0.529 | Val(AVO)=0.627
2025-09-29 13:08:57 - No P3-val improvement; patience remaining: 14/50
2025-09-29 13:08:57 - AVO val decreasing 3x. Reducing lambda_MMD to 0.210
2025-09-29 13:08:57 - Epoch 39/500 | LR=0.009858 | w_AVO=1.000 | w_P3=2.767 | lambda_MMD=0.210
2025-09-29 13:08:57 - Epoch Summary: TrainLoss=1.1203 | TrainAcc=0.700 | Val(P3)=0.559 | Val(AVO)=0.650
2025-09-29 13:08:57 - No P3-val improvement; patience remaining: 13/50
2025-09-29 13:08:57 - Epoch 40/500 | LR=0.009851 | w_AVO=1.000 | w_P3=2.767 | lambda_MMD=0.300
2025-09-29 13:08:57 - Epoch Summary: TrainLoss=1.1245 | TrainAcc=0.695 | Val(P3)=0.500 | Val(AVO)=0.678
2025-09-29 13:08:57 - No P3-val improvement; patience remaining: 12/50
2025-09-29 13:08:57 - Epoch 41/500 | LR=0.009843 | w_AVO=1.000 | w_P3=2.767 | lambda_MMD=0.300
2025-09-29 13:08:57 - Epoch Summary: TrainLoss=1.2337 | TrainAcc=0.673 | Val(P3)=0.412 | Val(AVO)=0.656
2025-09-29 13:08:57 - No P3-val improvement; patience remaining: 11/50
2025-09-29 13:08:57 - P3 val decreasing 3x. Reducing w_small to 2.214, lambda_MMD to 0.150
2025-09-29 13:08:57 - Epoch 42/500 | LR=0.009835 | w_AVO=1.000 | w_P3=2.214 | lambda_MMD=0.150
2025-09-29 13:08:57 - Epoch Summary: TrainLoss=0.9548 | TrainAcc=0.709 | Val(P3)=0.500 | Val(AVO)=0.653
2025-09-29 13:08:57 - No P3-val improvement; patience remaining: 10/50
2025-09-29 13:08:57 - AVO val decreasing 3x. Reducing lambda_MMD to 0.210
2025-09-29 13:08:57 - Epoch 43/500 | LR=0.009827 | w_AVO=1.000 | w_P3=2.767 | lambda_MMD=0.210
2025-09-29 13:08:57 - Epoch Summary: TrainLoss=1.0320 | TrainAcc=0.705 | Val(P3)=0.500 | Val(AVO)=0.678
2025-09-29 13:08:57 - No P3-val improvement; patience remaining: 9/50
2025-09-29 13:08:57 - Epoch 44/500 | LR=0.009819 | w_AVO=1.000 | w_P3=2.767 | lambda_MMD=0.300
2025-09-29 13:08:58 - Epoch Summary: TrainLoss=1.0482 | TrainAcc=0.688 | Val(P3)=0.529 | Val(AVO)=0.646
2025-09-29 13:08:58 - No P3-val improvement; patience remaining: 8/50
2025-09-29 13:08:58 - Epoch 45/500 | LR=0.009810 | w_AVO=1.000 | w_P3=2.767 | lambda_MMD=0.300
2025-09-29 13:08:58 - Epoch Summary: TrainLoss=1.0241 | TrainAcc=0.700 | Val(P3)=0.324 | Val(AVO)=0.675
2025-09-29 13:08:58 - No P3-val improvement; patience remaining: 7/50
2025-09-29 13:08:58 - Epoch 46/500 | LR=0.009801 | w_AVO=1.000 | w_P3=2.767 | lambda_MMD=0.300
2025-09-29 13:08:58 - Epoch Summary: TrainLoss=1.0139 | TrainAcc=0.699 | Val(P3)=0.412 | Val(AVO)=0.666
2025-09-29 13:08:58 - No P3-val improvement; patience remaining: 6/50
2025-09-29 13:08:58 - Epoch 47/500 | LR=0.009793 | w_AVO=1.000 | w_P3=2.767 | lambda_MMD=0.300
2025-09-29 13:08:58 - Epoch Summary: TrainLoss=0.9985 | TrainAcc=0.706 | Val(P3)=0.471 | Val(AVO)=0.633
2025-09-29 13:08:58 - No P3-val improvement; patience remaining: 5/50
2025-09-29 13:08:58 - AVO val decreasing 3x. Reducing lambda_MMD to 0.210
2025-09-29 13:08:58 - Epoch 48/500 | LR=0.009784 | w_AVO=1.000 | w_P3=2.767 | lambda_MMD=0.210
2025-09-29 13:08:58 - Epoch Summary: TrainLoss=0.9818 | TrainAcc=0.709 | Val(P3)=0.529 | Val(AVO)=0.640
2025-09-29 13:08:58 - No P3-val improvement; patience remaining: 4/50
2025-09-29 13:08:58 - Epoch 49/500 | LR=0.009774 | w_AVO=1.000 | w_P3=2.767 | lambda_MMD=0.300
2025-09-29 13:08:59 - Epoch Summary: TrainLoss=0.9397 | TrainAcc=0.706 | Val(P3)=0.500 | Val(AVO)=0.640
2025-09-29 13:08:59 - No P3-val improvement; patience remaining: 3/50
2025-09-29 13:08:59 - Epoch 50/500 | LR=0.009765 | w_AVO=1.000 | w_P3=2.767 | lambda_MMD=0.300
2025-09-29 13:08:59 - Epoch Summary: TrainLoss=0.9295 | TrainAcc=0.720 | Val(P3)=0.441 | Val(AVO)=0.672
2025-09-29 13:08:59 - No P3-val improvement; patience remaining: 2/50
2025-09-29 13:08:59 - P3 val decreasing 3x. Reducing w_small to 2.214, lambda_MMD to 0.150
2025-09-29 13:08:59 - Epoch 51/500 | LR=0.009755 | w_AVO=1.000 | w_P3=2.214 | lambda_MMD=0.150
2025-09-29 13:08:59 - Epoch Summary: TrainLoss=0.8344 | TrainAcc=0.721 | Val(P3)=0.471 | Val(AVO)=0.659
2025-09-29 13:08:59 - No P3-val improvement; patience remaining: 1/50
2025-09-29 13:08:59 - Epoch 52/500 | LR=0.009745 | w_AVO=1.000 | w_P3=2.767 | lambda_MMD=0.300
2025-09-29 13:08:59 - Epoch Summary: TrainLoss=0.9221 | TrainAcc=0.719 | Val(P3)=0.471 | Val(AVO)=0.650
2025-09-29 13:08:59 - No P3-val improvement; patience remaining: 0/50
2025-09-29 13:08:59 - Early stopping triggered (P3-val)
2025-09-29 13:08:59 -     P3 Test | Acc=0.5402 P=0.5833 R=0.5833 F1=0.5833 AUC=0.5796 (n=87)
2025-09-29 13:08:59 -     AVO Test | Acc=0.6551 P=0.6508 R=0.6465 F1=0.6486 AUC=0.7034 (n=603)
2025-09-29 13:08:59 -     Overall Test Acc=0.6406
2025-09-29 13:08:59 -   Fold 4/5
2025-09-29 13:08:59 - Fold domains: small=P3 (n=286), large=AVO (n=2129)
2025-09-29 13:08:59 - Auto adjustments (symmetric): w_small≈1.000, lambda_MMD_target=0.300, warmup_epochs=5
2025-09-29 13:08:59 - Epoch 1/500 | LR=0.010000 | w_AVO=1.000 | w_P3=1.346 | lambda_MMD=0.060
2025-09-29 13:08:59 - Epoch Summary: TrainLoss=1.7055 | TrainAcc=0.526 | Val(P3)=0.514 | Val(AVO)=0.558
2025-09-29 13:08:59 - New best P3-val; checkpoint updated
2025-09-29 13:08:59 - Epoch 2/500 | LR=0.010000 | w_AVO=1.000 | w_P3=1.691 | lambda_MMD=0.120
2025-09-29 13:08:59 - Epoch Summary: TrainLoss=1.7521 | TrainAcc=0.596 | Val(P3)=0.543 | Val(AVO)=0.561
2025-09-29 13:08:59 - New best P3-val; checkpoint updated
2025-09-29 13:08:59 - Epoch 3/500 | LR=0.010000 | w_AVO=1.000 | w_P3=2.037 | lambda_MMD=0.180
2025-09-29 13:09:00 - Epoch Summary: TrainLoss=1.9018 | TrainAcc=0.612 | Val(P3)=0.543 | Val(AVO)=0.632
2025-09-29 13:09:00 - No P3-val improvement; patience remaining: 49/50
2025-09-29 13:09:00 - Epoch 4/500 | LR=0.009999 | w_AVO=1.000 | w_P3=2.383 | lambda_MMD=0.240
2025-09-29 13:09:00 - Epoch Summary: TrainLoss=2.0757 | TrainAcc=0.629 | Val(P3)=0.571 | Val(AVO)=0.610
2025-09-29 13:09:00 - New best P3-val; checkpoint updated
2025-09-29 13:09:00 - Epoch 5/500 | LR=0.009998 | w_AVO=1.000 | w_P3=2.728 | lambda_MMD=0.300
2025-09-29 13:09:00 - Epoch Summary: TrainLoss=2.3016 | TrainAcc=0.621 | Val(P3)=0.600 | Val(AVO)=0.610
2025-09-29 13:09:00 - New best P3-val; checkpoint updated
2025-09-29 13:09:00 - Epoch 6/500 | LR=0.009998 | w_AVO=1.000 | w_P3=2.728 | lambda_MMD=0.300
2025-09-29 13:09:00 - Epoch Summary: TrainLoss=2.2522 | TrainAcc=0.612 | Val(P3)=0.600 | Val(AVO)=0.629
2025-09-29 13:09:00 - No P3-val improvement; patience remaining: 49/50
2025-09-29 13:09:00 - Epoch 7/500 | LR=0.009996 | w_AVO=1.000 | w_P3=2.728 | lambda_MMD=0.300
2025-09-29 13:09:00 - Epoch Summary: TrainLoss=2.2376 | TrainAcc=0.634 | Val(P3)=0.571 | Val(AVO)=0.626
2025-09-29 13:09:00 - No P3-val improvement; patience remaining: 48/50
2025-09-29 13:09:00 - Epoch 8/500 | LR=0.009995 | w_AVO=1.000 | w_P3=2.728 | lambda_MMD=0.300
2025-09-29 13:09:00 - Epoch Summary: TrainLoss=2.2230 | TrainAcc=0.624 | Val(P3)=0.600 | Val(AVO)=0.658
2025-09-29 13:09:00 - No P3-val improvement; patience remaining: 47/50
2025-09-29 13:09:00 - Epoch 9/500 | LR=0.009994 | w_AVO=1.000 | w_P3=2.728 | lambda_MMD=0.300
2025-09-29 13:09:01 - Epoch Summary: TrainLoss=2.1898 | TrainAcc=0.638 | Val(P3)=0.686 | Val(AVO)=0.642
2025-09-29 13:09:01 - New best P3-val; checkpoint updated
2025-09-29 13:09:01 - Epoch 10/500 | LR=0.009992 | w_AVO=1.000 | w_P3=2.728 | lambda_MMD=0.300
2025-09-29 13:09:01 - Epoch Summary: TrainLoss=2.1533 | TrainAcc=0.636 | Val(P3)=0.600 | Val(AVO)=0.652
2025-09-29 13:09:01 - No P3-val improvement; patience remaining: 49/50
2025-09-29 13:09:01 - Epoch 11/500 | LR=0.009990 | w_AVO=1.000 | w_P3=2.728 | lambda_MMD=0.300
2025-09-29 13:09:01 - Epoch Summary: TrainLoss=2.1332 | TrainAcc=0.639 | Val(P3)=0.629 | Val(AVO)=0.632
2025-09-29 13:09:01 - No P3-val improvement; patience remaining: 48/50
2025-09-29 13:09:01 - Epoch 12/500 | LR=0.009988 | w_AVO=1.000 | w_P3=2.728 | lambda_MMD=0.300
2025-09-29 13:09:01 - Epoch Summary: TrainLoss=2.0699 | TrainAcc=0.639 | Val(P3)=0.629 | Val(AVO)=0.623
2025-09-29 13:09:01 - No P3-val improvement; patience remaining: 47/50
2025-09-29 13:09:01 - AVO val decreasing 3x. Reducing lambda_MMD to 0.210
2025-09-29 13:09:01 - Epoch 13/500 | LR=0.009986 | w_AVO=1.000 | w_P3=2.728 | lambda_MMD=0.210
2025-09-29 13:09:01 - Epoch Summary: TrainLoss=2.0655 | TrainAcc=0.639 | Val(P3)=0.686 | Val(AVO)=0.623
2025-09-29 13:09:01 - No P3-val improvement; patience remaining: 46/50
2025-09-29 13:09:01 - Epoch 14/500 | LR=0.009983 | w_AVO=1.000 | w_P3=2.728 | lambda_MMD=0.300
2025-09-29 13:09:02 - Epoch Summary: TrainLoss=1.9969 | TrainAcc=0.649 | Val(P3)=0.600 | Val(AVO)=0.652
2025-09-29 13:09:02 - No P3-val improvement; patience remaining: 45/50
2025-09-29 13:09:02 - Epoch 15/500 | LR=0.009981 | w_AVO=1.000 | w_P3=2.728 | lambda_MMD=0.300
2025-09-29 13:09:02 - Epoch Summary: TrainLoss=1.9627 | TrainAcc=0.651 | Val(P3)=0.714 | Val(AVO)=0.652
2025-09-29 13:09:02 - New best P3-val; checkpoint updated
2025-09-29 13:09:02 - Epoch 16/500 | LR=0.009978 | w_AVO=1.000 | w_P3=2.728 | lambda_MMD=0.300
2025-09-29 13:09:02 - Epoch Summary: TrainLoss=1.9328 | TrainAcc=0.647 | Val(P3)=0.600 | Val(AVO)=0.665
2025-09-29 13:09:02 - No P3-val improvement; patience remaining: 49/50
2025-09-29 13:09:02 - Epoch 17/500 | LR=0.009975 | w_AVO=1.000 | w_P3=2.728 | lambda_MMD=0.300
2025-09-29 13:09:02 - Epoch Summary: TrainLoss=1.8667 | TrainAcc=0.640 | Val(P3)=0.686 | Val(AVO)=0.623
2025-09-29 13:09:02 - No P3-val improvement; patience remaining: 48/50
2025-09-29 13:09:02 - Epoch 18/500 | LR=0.009972 | w_AVO=1.000 | w_P3=2.728 | lambda_MMD=0.300
2025-09-29 13:09:02 - Epoch Summary: TrainLoss=1.8408 | TrainAcc=0.650 | Val(P3)=0.600 | Val(AVO)=0.655
2025-09-29 13:09:02 - No P3-val improvement; patience remaining: 47/50
2025-09-29 13:09:02 - Epoch 19/500 | LR=0.009968 | w_AVO=1.000 | w_P3=2.728 | lambda_MMD=0.300
2025-09-29 13:09:02 - Epoch Summary: TrainLoss=1.8064 | TrainAcc=0.659 | Val(P3)=0.629 | Val(AVO)=0.610
2025-09-29 13:09:02 - No P3-val improvement; patience remaining: 46/50
2025-09-29 13:09:02 - Epoch 20/500 | LR=0.009964 | w_AVO=1.000 | w_P3=2.728 | lambda_MMD=0.300
2025-09-29 13:09:03 - Epoch Summary: TrainLoss=1.7028 | TrainAcc=0.668 | Val(P3)=0.686 | Val(AVO)=0.623
2025-09-29 13:09:03 - No P3-val improvement; patience remaining: 45/50
2025-09-29 13:09:03 - Epoch 21/500 | LR=0.009961 | w_AVO=1.000 | w_P3=2.728 | lambda_MMD=0.300
2025-09-29 13:09:03 - Epoch Summary: TrainLoss=1.6432 | TrainAcc=0.657 | Val(P3)=0.686 | Val(AVO)=0.619
2025-09-29 13:09:03 - No P3-val improvement; patience remaining: 44/50
2025-09-29 13:09:03 - Epoch 22/500 | LR=0.009957 | w_AVO=1.000 | w_P3=2.728 | lambda_MMD=0.300
2025-09-29 13:09:03 - Epoch Summary: TrainLoss=1.6755 | TrainAcc=0.665 | Val(P3)=0.629 | Val(AVO)=0.652
2025-09-29 13:09:03 - No P3-val improvement; patience remaining: 43/50
2025-09-29 13:09:03 - Epoch 23/500 | LR=0.009952 | w_AVO=1.000 | w_P3=2.728 | lambda_MMD=0.300
2025-09-29 13:09:03 - Epoch Summary: TrainLoss=1.5979 | TrainAcc=0.668 | Val(P3)=0.629 | Val(AVO)=0.652
2025-09-29 13:09:03 - No P3-val improvement; patience remaining: 42/50
2025-09-29 13:09:03 - Epoch 24/500 | LR=0.009948 | w_AVO=1.000 | w_P3=2.728 | lambda_MMD=0.300
2025-09-29 13:09:03 - Epoch Summary: TrainLoss=1.5444 | TrainAcc=0.669 | Val(P3)=0.657 | Val(AVO)=0.635
2025-09-29 13:09:03 - No P3-val improvement; patience remaining: 41/50
2025-09-29 13:09:03 - Epoch 25/500 | LR=0.009943 | w_AVO=1.000 | w_P3=2.728 | lambda_MMD=0.300
2025-09-29 13:09:03 - Epoch Summary: TrainLoss=1.5280 | TrainAcc=0.667 | Val(P3)=0.657 | Val(AVO)=0.626
2025-09-29 13:09:03 - No P3-val improvement; patience remaining: 40/50
2025-09-29 13:09:03 - AVO val decreasing 3x. Reducing lambda_MMD to 0.210
2025-09-29 13:09:03 - Epoch 26/500 | LR=0.009938 | w_AVO=1.000 | w_P3=2.728 | lambda_MMD=0.210
2025-09-29 13:09:04 - Epoch Summary: TrainLoss=1.4931 | TrainAcc=0.667 | Val(P3)=0.571 | Val(AVO)=0.639
2025-09-29 13:09:04 - No P3-val improvement; patience remaining: 39/50
2025-09-29 13:09:04 - Epoch 27/500 | LR=0.009933 | w_AVO=1.000 | w_P3=2.728 | lambda_MMD=0.300
2025-09-29 13:09:04 - Epoch Summary: TrainLoss=1.4602 | TrainAcc=0.662 | Val(P3)=0.600 | Val(AVO)=0.658
2025-09-29 13:09:04 - No P3-val improvement; patience remaining: 38/50
2025-09-29 13:09:04 - Epoch 28/500 | LR=0.009928 | w_AVO=1.000 | w_P3=2.728 | lambda_MMD=0.300
2025-09-29 13:09:04 - Epoch Summary: TrainLoss=1.3891 | TrainAcc=0.664 | Val(P3)=0.686 | Val(AVO)=0.639
2025-09-29 13:09:04 - No P3-val improvement; patience remaining: 37/50
2025-09-29 13:09:04 - Epoch 29/500 | LR=0.009923 | w_AVO=1.000 | w_P3=2.728 | lambda_MMD=0.300
2025-09-29 13:09:04 - Epoch Summary: TrainLoss=1.3789 | TrainAcc=0.680 | Val(P3)=0.600 | Val(AVO)=0.639
2025-09-29 13:09:04 - No P3-val improvement; patience remaining: 36/50
2025-09-29 13:09:04 - Epoch 30/500 | LR=0.009917 | w_AVO=1.000 | w_P3=2.728 | lambda_MMD=0.300
2025-09-29 13:09:04 - Epoch Summary: TrainLoss=1.3539 | TrainAcc=0.676 | Val(P3)=0.600 | Val(AVO)=0.587
2025-09-29 13:09:04 - No P3-val improvement; patience remaining: 35/50
2025-09-29 13:09:04 - Epoch 31/500 | LR=0.009911 | w_AVO=1.000 | w_P3=2.728 | lambda_MMD=0.300
2025-09-29 13:09:04 - Epoch Summary: TrainLoss=1.3361 | TrainAcc=0.673 | Val(P3)=0.629 | Val(AVO)=0.590
2025-09-29 13:09:04 - No P3-val improvement; patience remaining: 34/50
2025-09-29 13:09:04 - Epoch 32/500 | LR=0.009905 | w_AVO=1.000 | w_P3=2.728 | lambda_MMD=0.300
2025-09-29 13:09:05 - Epoch Summary: TrainLoss=1.2988 | TrainAcc=0.670 | Val(P3)=0.543 | Val(AVO)=0.639
2025-09-29 13:09:05 - No P3-val improvement; patience remaining: 33/50
2025-09-29 13:09:05 - Epoch 33/500 | LR=0.009899 | w_AVO=1.000 | w_P3=2.728 | lambda_MMD=0.300
2025-09-29 13:09:05 - Epoch Summary: TrainLoss=1.2519 | TrainAcc=0.681 | Val(P3)=0.571 | Val(AVO)=0.658
2025-09-29 13:09:05 - No P3-val improvement; patience remaining: 32/50
2025-09-29 13:09:05 - Epoch 34/500 | LR=0.009893 | w_AVO=1.000 | w_P3=2.728 | lambda_MMD=0.300
2025-09-29 13:09:05 - Epoch Summary: TrainLoss=1.2263 | TrainAcc=0.669 | Val(P3)=0.571 | Val(AVO)=0.610
2025-09-29 13:09:05 - No P3-val improvement; patience remaining: 31/50
2025-09-29 13:09:05 - Epoch 35/500 | LR=0.009886 | w_AVO=1.000 | w_P3=2.728 | lambda_MMD=0.300
2025-09-29 13:09:05 - Epoch Summary: TrainLoss=1.2247 | TrainAcc=0.680 | Val(P3)=0.571 | Val(AVO)=0.590
2025-09-29 13:09:05 - No P3-val improvement; patience remaining: 30/50
2025-09-29 13:09:05 - AVO val decreasing 3x. Reducing lambda_MMD to 0.210
2025-09-29 13:09:05 - Epoch 36/500 | LR=0.009880 | w_AVO=1.000 | w_P3=2.728 | lambda_MMD=0.210
2025-09-29 13:09:05 - Epoch Summary: TrainLoss=1.2021 | TrainAcc=0.677 | Val(P3)=0.571 | Val(AVO)=0.635
2025-09-29 13:09:05 - No P3-val improvement; patience remaining: 29/50
2025-09-29 13:09:05 - Epoch 37/500 | LR=0.009873 | w_AVO=1.000 | w_P3=2.728 | lambda_MMD=0.300
2025-09-29 13:09:06 - Epoch Summary: TrainLoss=1.2192 | TrainAcc=0.690 | Val(P3)=0.571 | Val(AVO)=0.616
2025-09-29 13:09:06 - No P3-val improvement; patience remaining: 28/50
2025-09-29 13:09:06 - Epoch 38/500 | LR=0.009865 | w_AVO=1.000 | w_P3=2.728 | lambda_MMD=0.300
2025-09-29 13:09:06 - Epoch Summary: TrainLoss=1.1177 | TrainAcc=0.685 | Val(P3)=0.543 | Val(AVO)=0.674
2025-09-29 13:09:06 - No P3-val improvement; patience remaining: 27/50
2025-09-29 13:09:06 - Epoch 39/500 | LR=0.009858 | w_AVO=1.000 | w_P3=2.728 | lambda_MMD=0.300
2025-09-29 13:09:06 - Epoch Summary: TrainLoss=1.1205 | TrainAcc=0.696 | Val(P3)=0.543 | Val(AVO)=0.639
2025-09-29 13:09:06 - No P3-val improvement; patience remaining: 26/50
2025-09-29 13:09:06 - Epoch 40/500 | LR=0.009851 | w_AVO=1.000 | w_P3=2.728 | lambda_MMD=0.300
2025-09-29 13:09:06 - Epoch Summary: TrainLoss=1.1225 | TrainAcc=0.690 | Val(P3)=0.543 | Val(AVO)=0.642
2025-09-29 13:09:06 - No P3-val improvement; patience remaining: 25/50
2025-09-29 13:09:06 - Epoch 41/500 | LR=0.009843 | w_AVO=1.000 | w_P3=2.728 | lambda_MMD=0.300
2025-09-29 13:09:06 - Epoch Summary: TrainLoss=1.0449 | TrainAcc=0.695 | Val(P3)=0.571 | Val(AVO)=0.565
2025-09-29 13:09:06 - No P3-val improvement; patience remaining: 24/50
2025-09-29 13:09:06 - Epoch 42/500 | LR=0.009835 | w_AVO=1.000 | w_P3=2.728 | lambda_MMD=0.300
2025-09-29 13:09:06 - Epoch Summary: TrainLoss=1.0723 | TrainAcc=0.698 | Val(P3)=0.600 | Val(AVO)=0.639
2025-09-29 13:09:06 - No P3-val improvement; patience remaining: 23/50
2025-09-29 13:09:06 - Epoch 43/500 | LR=0.009827 | w_AVO=1.000 | w_P3=2.728 | lambda_MMD=0.300
2025-09-29 13:09:07 - Epoch Summary: TrainLoss=1.0352 | TrainAcc=0.703 | Val(P3)=0.571 | Val(AVO)=0.613
2025-09-29 13:09:07 - No P3-val improvement; patience remaining: 22/50
2025-09-29 13:09:07 - Epoch 44/500 | LR=0.009819 | w_AVO=1.000 | w_P3=2.728 | lambda_MMD=0.300
2025-09-29 13:09:07 - Epoch Summary: TrainLoss=1.0012 | TrainAcc=0.706 | Val(P3)=0.543 | Val(AVO)=0.577
2025-09-29 13:09:07 - No P3-val improvement; patience remaining: 21/50
2025-09-29 13:09:07 - P3 val decreasing 3x. Reducing w_small to 2.183, lambda_MMD to 0.150
2025-09-29 13:09:07 - AVO val decreasing 3x. Reducing lambda_MMD to 0.105
2025-09-29 13:09:07 - Epoch 45/500 | LR=0.009810 | w_AVO=1.000 | w_P3=2.183 | lambda_MMD=0.105
2025-09-29 13:09:07 - Epoch Summary: TrainLoss=0.9178 | TrainAcc=0.694 | Val(P3)=0.543 | Val(AVO)=0.590
2025-09-29 13:09:07 - No P3-val improvement; patience remaining: 20/50
2025-09-29 13:09:07 - Epoch 46/500 | LR=0.009801 | w_AVO=1.000 | w_P3=2.728 | lambda_MMD=0.300
2025-09-29 13:09:07 - Epoch Summary: TrainLoss=1.0074 | TrainAcc=0.703 | Val(P3)=0.571 | Val(AVO)=0.574
2025-09-29 13:09:07 - No P3-val improvement; patience remaining: 19/50
2025-09-29 13:09:07 - Epoch 47/500 | LR=0.009793 | w_AVO=1.000 | w_P3=2.728 | lambda_MMD=0.300
2025-09-29 13:09:07 - Epoch Summary: TrainLoss=0.9894 | TrainAcc=0.698 | Val(P3)=0.600 | Val(AVO)=0.661
2025-09-29 13:09:07 - No P3-val improvement; patience remaining: 18/50
2025-09-29 13:09:07 - Epoch 48/500 | LR=0.009784 | w_AVO=1.000 | w_P3=2.728 | lambda_MMD=0.300
2025-09-29 13:09:07 - Epoch Summary: TrainLoss=0.9370 | TrainAcc=0.715 | Val(P3)=0.514 | Val(AVO)=0.642
2025-09-29 13:09:07 - No P3-val improvement; patience remaining: 17/50
2025-09-29 13:09:07 - Epoch 49/500 | LR=0.009774 | w_AVO=1.000 | w_P3=2.728 | lambda_MMD=0.300
2025-09-29 13:09:08 - Epoch Summary: TrainLoss=0.9212 | TrainAcc=0.706 | Val(P3)=0.600 | Val(AVO)=0.561
2025-09-29 13:09:08 - No P3-val improvement; patience remaining: 16/50
2025-09-29 13:09:08 - AVO val decreasing 3x. Reducing lambda_MMD to 0.210
2025-09-29 13:09:08 - Epoch 50/500 | LR=0.009765 | w_AVO=1.000 | w_P3=2.728 | lambda_MMD=0.210
2025-09-29 13:09:08 - Epoch Summary: TrainLoss=0.9074 | TrainAcc=0.714 | Val(P3)=0.657 | Val(AVO)=0.561
2025-09-29 13:09:08 - No P3-val improvement; patience remaining: 15/50
2025-09-29 13:09:08 - Epoch 51/500 | LR=0.009755 | w_AVO=1.000 | w_P3=2.728 | lambda_MMD=0.300
2025-09-29 13:09:08 - Epoch Summary: TrainLoss=0.9009 | TrainAcc=0.706 | Val(P3)=0.514 | Val(AVO)=0.581
2025-09-29 13:09:08 - No P3-val improvement; patience remaining: 14/50
2025-09-29 13:09:08 - Epoch 52/500 | LR=0.009745 | w_AVO=1.000 | w_P3=2.728 | lambda_MMD=0.300
2025-09-29 13:09:08 - Epoch Summary: TrainLoss=0.8772 | TrainAcc=0.725 | Val(P3)=0.514 | Val(AVO)=0.613
2025-09-29 13:09:08 - No P3-val improvement; patience remaining: 13/50
2025-09-29 13:09:08 - Epoch 53/500 | LR=0.009735 | w_AVO=1.000 | w_P3=2.728 | lambda_MMD=0.300
2025-09-29 13:09:08 - Epoch Summary: TrainLoss=0.8620 | TrainAcc=0.721 | Val(P3)=0.543 | Val(AVO)=0.606
2025-09-29 13:09:08 - No P3-val improvement; patience remaining: 12/50
2025-09-29 13:09:08 - Epoch 54/500 | LR=0.009725 | w_AVO=1.000 | w_P3=2.728 | lambda_MMD=0.300
2025-09-29 13:09:09 - Epoch Summary: TrainLoss=0.9018 | TrainAcc=0.708 | Val(P3)=0.600 | Val(AVO)=0.581
2025-09-29 13:09:09 - No P3-val improvement; patience remaining: 11/50
2025-09-29 13:09:09 - AVO val decreasing 3x. Reducing lambda_MMD to 0.210
2025-09-29 13:09:09 - Epoch 55/500 | LR=0.009715 | w_AVO=1.000 | w_P3=2.728 | lambda_MMD=0.210
2025-09-29 13:09:09 - Epoch Summary: TrainLoss=0.8674 | TrainAcc=0.700 | Val(P3)=0.571 | Val(AVO)=0.597
2025-09-29 13:09:09 - No P3-val improvement; patience remaining: 10/50
2025-09-29 13:09:09 - Epoch 56/500 | LR=0.009704 | w_AVO=1.000 | w_P3=2.728 | lambda_MMD=0.300
2025-09-29 13:09:09 - Epoch Summary: TrainLoss=0.8179 | TrainAcc=0.722 | Val(P3)=0.514 | Val(AVO)=0.584
2025-09-29 13:09:09 - No P3-val improvement; patience remaining: 9/50
2025-09-29 13:09:09 - P3 val decreasing 3x. Reducing w_small to 2.183, lambda_MMD to 0.150
2025-09-29 13:09:09 - Epoch 57/500 | LR=0.009694 | w_AVO=1.000 | w_P3=2.183 | lambda_MMD=0.150
2025-09-29 13:09:09 - Epoch Summary: TrainLoss=0.7664 | TrainAcc=0.722 | Val(P3)=0.486 | Val(AVO)=0.645
2025-09-29 13:09:09 - No P3-val improvement; patience remaining: 8/50
2025-09-29 13:09:09 - P3 val decreasing 3x. Reducing w_small to 2.183, lambda_MMD to 0.150
2025-09-29 13:09:09 - Epoch 58/500 | LR=0.009683 | w_AVO=1.000 | w_P3=2.183 | lambda_MMD=0.150
2025-09-29 13:09:09 - Epoch Summary: TrainLoss=0.7590 | TrainAcc=0.722 | Val(P3)=0.514 | Val(AVO)=0.584
2025-09-29 13:09:09 - No P3-val improvement; patience remaining: 7/50
2025-09-29 13:09:09 - Epoch 59/500 | LR=0.009672 | w_AVO=1.000 | w_P3=2.728 | lambda_MMD=0.300
2025-09-29 13:09:09 - Epoch Summary: TrainLoss=0.8195 | TrainAcc=0.739 | Val(P3)=0.543 | Val(AVO)=0.577
2025-09-29 13:09:09 - No P3-val improvement; patience remaining: 6/50
2025-09-29 13:09:09 - AVO val decreasing 3x. Reducing lambda_MMD to 0.210
2025-09-29 13:09:09 - Epoch 60/500 | LR=0.009660 | w_AVO=1.000 | w_P3=2.728 | lambda_MMD=0.210
2025-09-29 13:09:10 - Epoch Summary: TrainLoss=0.8002 | TrainAcc=0.734 | Val(P3)=0.543 | Val(AVO)=0.619
2025-09-29 13:09:10 - No P3-val improvement; patience remaining: 5/50
2025-09-29 13:09:10 - Epoch 61/500 | LR=0.009649 | w_AVO=1.000 | w_P3=2.728 | lambda_MMD=0.300
2025-09-29 13:09:10 - Epoch Summary: TrainLoss=0.8242 | TrainAcc=0.720 | Val(P3)=0.571 | Val(AVO)=0.658
2025-09-29 13:09:10 - No P3-val improvement; patience remaining: 4/50
2025-09-29 13:09:10 - Epoch 62/500 | LR=0.009637 | w_AVO=1.000 | w_P3=2.728 | lambda_MMD=0.300
2025-09-29 13:09:10 - Epoch Summary: TrainLoss=0.8115 | TrainAcc=0.730 | Val(P3)=0.514 | Val(AVO)=0.632
2025-09-29 13:09:10 - No P3-val improvement; patience remaining: 3/50
2025-09-29 13:09:10 - Epoch 63/500 | LR=0.009625 | w_AVO=1.000 | w_P3=2.728 | lambda_MMD=0.300
2025-09-29 13:09:10 - Epoch Summary: TrainLoss=0.7543 | TrainAcc=0.741 | Val(P3)=0.600 | Val(AVO)=0.548
2025-09-29 13:09:10 - No P3-val improvement; patience remaining: 2/50
2025-09-29 13:09:10 - AVO val decreasing 3x. Reducing lambda_MMD to 0.210
2025-09-29 13:09:10 - Epoch 64/500 | LR=0.009613 | w_AVO=1.000 | w_P3=2.728 | lambda_MMD=0.210
2025-09-29 13:09:10 - Epoch Summary: TrainLoss=0.7642 | TrainAcc=0.741 | Val(P3)=0.543 | Val(AVO)=0.597
2025-09-29 13:09:10 - No P3-val improvement; patience remaining: 1/50
2025-09-29 13:09:10 - Epoch 65/500 | LR=0.009601 | w_AVO=1.000 | w_P3=2.728 | lambda_MMD=0.300
2025-09-29 13:09:10 - Epoch Summary: TrainLoss=0.8028 | TrainAcc=0.737 | Val(P3)=0.571 | Val(AVO)=0.603
2025-09-29 13:09:10 - No P3-val improvement; patience remaining: 0/50
2025-09-29 13:09:10 - Early stopping triggered (P3-val)
2025-09-29 13:09:10 -     P3 Test | Acc=0.5190 P=0.4333 R=0.3824 F1=0.4062 AUC=0.5536 (n=79)
2025-09-29 13:09:10 -     AVO Test | Acc=0.6121 P=0.5815 R=0.8489 F1=0.6902 AUC=0.6922 (n=611)
2025-09-29 13:09:10 -     Overall Test Acc=0.6014
2025-09-29 13:09:10 -   Fold 5/5
2025-09-29 13:09:10 - Fold domains: small=P3 (n=278), large=AVO (n=2137)
2025-09-29 13:09:10 - Auto adjustments (symmetric): w_small≈1.000, lambda_MMD_target=0.300, warmup_epochs=5
2025-09-29 13:09:10 - Epoch 1/500 | LR=0.010000 | w_AVO=1.000 | w_P3=1.355 | lambda_MMD=0.060
2025-09-29 13:09:11 - Epoch Summary: TrainLoss=1.6910 | TrainAcc=0.535 | Val(P3)=0.471 | Val(AVO)=0.576
2025-09-29 13:09:11 - New best P3-val; checkpoint updated
2025-09-29 13:09:11 - Epoch 2/500 | LR=0.010000 | w_AVO=1.000 | w_P3=1.709 | lambda_MMD=0.120
2025-09-29 13:09:11 - Epoch Summary: TrainLoss=1.8040 | TrainAcc=0.597 | Val(P3)=0.559 | Val(AVO)=0.588
2025-09-29 13:09:11 - New best P3-val; checkpoint updated
2025-09-29 13:09:11 - Epoch 3/500 | LR=0.010000 | w_AVO=1.000 | w_P3=2.064 | lambda_MMD=0.180
2025-09-29 13:09:11 - Epoch Summary: TrainLoss=1.9813 | TrainAcc=0.590 | Val(P3)=0.588 | Val(AVO)=0.605
2025-09-29 13:09:11 - New best P3-val; checkpoint updated
2025-09-29 13:09:11 - Epoch 4/500 | LR=0.009999 | w_AVO=1.000 | w_P3=2.418 | lambda_MMD=0.240
2025-09-29 13:09:11 - Epoch Summary: TrainLoss=2.1959 | TrainAcc=0.602 | Val(P3)=0.618 | Val(AVO)=0.646
2025-09-29 13:09:11 - New best P3-val; checkpoint updated
2025-09-29 13:09:11 - Epoch 5/500 | LR=0.009998 | w_AVO=1.000 | w_P3=2.773 | lambda_MMD=0.300
2025-09-29 13:09:11 - Epoch Summary: TrainLoss=2.3965 | TrainAcc=0.618 | Val(P3)=0.500 | Val(AVO)=0.611
2025-09-29 13:09:11 - No P3-val improvement; patience remaining: 49/50
2025-09-29 13:09:11 - Epoch 6/500 | LR=0.009998 | w_AVO=1.000 | w_P3=2.773 | lambda_MMD=0.300
2025-09-29 13:09:12 - Epoch Summary: TrainLoss=2.3567 | TrainAcc=0.619 | Val(P3)=0.559 | Val(AVO)=0.627
2025-09-29 13:09:12 - No P3-val improvement; patience remaining: 48/50
2025-09-29 13:09:12 - Epoch 7/500 | LR=0.009996 | w_AVO=1.000 | w_P3=2.773 | lambda_MMD=0.300
2025-09-29 13:09:12 - Epoch Summary: TrainLoss=2.3114 | TrainAcc=0.630 | Val(P3)=0.618 | Val(AVO)=0.672
2025-09-29 13:09:12 - No P3-val improvement; patience remaining: 47/50
2025-09-29 13:09:12 - Epoch 8/500 | LR=0.009995 | w_AVO=1.000 | w_P3=2.773 | lambda_MMD=0.300
2025-09-29 13:09:12 - Epoch Summary: TrainLoss=2.2526 | TrainAcc=0.633 | Val(P3)=0.588 | Val(AVO)=0.666
2025-09-29 13:09:12 - No P3-val improvement; patience remaining: 46/50
2025-09-29 13:09:12 - Epoch 9/500 | LR=0.009994 | w_AVO=1.000 | w_P3=2.773 | lambda_MMD=0.300
2025-09-29 13:09:12 - Epoch Summary: TrainLoss=2.1935 | TrainAcc=0.643 | Val(P3)=0.500 | Val(AVO)=0.611
2025-09-29 13:09:12 - No P3-val improvement; patience remaining: 45/50
2025-09-29 13:09:12 - P3 val decreasing 3x. Reducing w_small to 2.218, lambda_MMD to 0.150
2025-09-29 13:09:12 - AVO val decreasing 3x. Reducing lambda_MMD to 0.105
2025-09-29 13:09:12 - Epoch 10/500 | LR=0.009992 | w_AVO=1.000 | w_P3=2.218 | lambda_MMD=0.105
2025-09-29 13:09:12 - Epoch Summary: TrainLoss=1.8695 | TrainAcc=0.642 | Val(P3)=0.618 | Val(AVO)=0.678
2025-09-29 13:09:12 - No P3-val improvement; patience remaining: 44/50
2025-09-29 13:09:12 - Epoch 11/500 | LR=0.009990 | w_AVO=1.000 | w_P3=2.773 | lambda_MMD=0.300
2025-09-29 13:09:12 - Epoch Summary: TrainLoss=2.1117 | TrainAcc=0.655 | Val(P3)=0.559 | Val(AVO)=0.669
2025-09-29 13:09:12 - No P3-val improvement; patience remaining: 43/50
2025-09-29 13:09:12 - Epoch 12/500 | LR=0.009988 | w_AVO=1.000 | w_P3=2.773 | lambda_MMD=0.300
2025-09-29 13:09:13 - Epoch Summary: TrainLoss=2.0578 | TrainAcc=0.651 | Val(P3)=0.500 | Val(AVO)=0.614
2025-09-29 13:09:13 - No P3-val improvement; patience remaining: 42/50
2025-09-29 13:09:13 - P3 val decreasing 3x. Reducing w_small to 2.218, lambda_MMD to 0.150
2025-09-29 13:09:13 - AVO val decreasing 3x. Reducing lambda_MMD to 0.105
2025-09-29 13:09:13 - Epoch 13/500 | LR=0.009986 | w_AVO=1.000 | w_P3=2.218 | lambda_MMD=0.105
2025-09-29 13:09:13 - Epoch Summary: TrainLoss=1.7620 | TrainAcc=0.639 | Val(P3)=0.500 | Val(AVO)=0.611
2025-09-29 13:09:13 - No P3-val improvement; patience remaining: 41/50
2025-09-29 13:09:13 - AVO val decreasing 3x. Reducing lambda_MMD to 0.210
2025-09-29 13:09:13 - Epoch 14/500 | LR=0.009983 | w_AVO=1.000 | w_P3=2.773 | lambda_MMD=0.210
2025-09-29 13:09:13 - Epoch Summary: TrainLoss=1.9734 | TrainAcc=0.648 | Val(P3)=0.529 | Val(AVO)=0.617
2025-09-29 13:09:13 - No P3-val improvement; patience remaining: 40/50
2025-09-29 13:09:13 - Epoch 15/500 | LR=0.009981 | w_AVO=1.000 | w_P3=2.773 | lambda_MMD=0.300
2025-09-29 13:09:13 - Epoch Summary: TrainLoss=1.9311 | TrainAcc=0.651 | Val(P3)=0.500 | Val(AVO)=0.624
2025-09-29 13:09:13 - No P3-val improvement; patience remaining: 39/50
2025-09-29 13:09:13 - Epoch 16/500 | LR=0.009978 | w_AVO=1.000 | w_P3=2.773 | lambda_MMD=0.300
2025-09-29 13:09:13 - Epoch Summary: TrainLoss=1.8792 | TrainAcc=0.658 | Val(P3)=0.588 | Val(AVO)=0.669
2025-09-29 13:09:13 - No P3-val improvement; patience remaining: 38/50
2025-09-29 13:09:13 - Epoch 17/500 | LR=0.009975 | w_AVO=1.000 | w_P3=2.773 | lambda_MMD=0.300
2025-09-29 13:09:13 - Epoch Summary: TrainLoss=1.9426 | TrainAcc=0.642 | Val(P3)=0.471 | Val(AVO)=0.598
2025-09-29 13:09:13 - No P3-val improvement; patience remaining: 37/50
2025-09-29 13:09:13 - Epoch 18/500 | LR=0.009972 | w_AVO=1.000 | w_P3=2.773 | lambda_MMD=0.300
2025-09-29 13:09:14 - Epoch Summary: TrainLoss=1.8074 | TrainAcc=0.652 | Val(P3)=0.618 | Val(AVO)=0.627
2025-09-29 13:09:14 - No P3-val improvement; patience remaining: 36/50
2025-09-29 13:09:14 - Epoch 19/500 | LR=0.009968 | w_AVO=1.000 | w_P3=2.773 | lambda_MMD=0.300
2025-09-29 13:09:14 - Epoch Summary: TrainLoss=1.7783 | TrainAcc=0.656 | Val(P3)=0.471 | Val(AVO)=0.592
2025-09-29 13:09:14 - No P3-val improvement; patience remaining: 35/50
2025-09-29 13:09:14 - Epoch 20/500 | LR=0.009964 | w_AVO=1.000 | w_P3=2.773 | lambda_MMD=0.300
2025-09-29 13:09:14 - Epoch Summary: TrainLoss=1.6700 | TrainAcc=0.672 | Val(P3)=0.471 | Val(AVO)=0.611
2025-09-29 13:09:14 - No P3-val improvement; patience remaining: 34/50
2025-09-29 13:09:14 - Epoch 21/500 | LR=0.009961 | w_AVO=1.000 | w_P3=2.773 | lambda_MMD=0.300
2025-09-29 13:09:14 - Epoch Summary: TrainLoss=1.6692 | TrainAcc=0.650 | Val(P3)=0.559 | Val(AVO)=0.653
2025-09-29 13:09:14 - No P3-val improvement; patience remaining: 33/50
2025-09-29 13:09:14 - Epoch 22/500 | LR=0.009957 | w_AVO=1.000 | w_P3=2.773 | lambda_MMD=0.300
2025-09-29 13:09:14 - Epoch Summary: TrainLoss=1.6456 | TrainAcc=0.675 | Val(P3)=0.529 | Val(AVO)=0.630
2025-09-29 13:09:14 - No P3-val improvement; patience remaining: 32/50
2025-09-29 13:09:14 - Epoch 23/500 | LR=0.009952 | w_AVO=1.000 | w_P3=2.773 | lambda_MMD=0.300
2025-09-29 13:09:14 - Epoch Summary: TrainLoss=1.6143 | TrainAcc=0.662 | Val(P3)=0.500 | Val(AVO)=0.662
2025-09-29 13:09:14 - No P3-val improvement; patience remaining: 31/50
2025-09-29 13:09:14 - P3 val decreasing 3x. Reducing w_small to 2.218, lambda_MMD to 0.150
2025-09-29 13:09:14 - Epoch 24/500 | LR=0.009948 | w_AVO=1.000 | w_P3=2.218 | lambda_MMD=0.150
2025-09-29 13:09:15 - Epoch Summary: TrainLoss=1.3693 | TrainAcc=0.666 | Val(P3)=0.471 | Val(AVO)=0.656
2025-09-29 13:09:15 - No P3-val improvement; patience remaining: 30/50
2025-09-29 13:09:15 - P3 val decreasing 3x. Reducing w_small to 2.218, lambda_MMD to 0.150
2025-09-29 13:09:15 - Epoch 25/500 | LR=0.009943 | w_AVO=1.000 | w_P3=2.218 | lambda_MMD=0.150
2025-09-29 13:09:15 - Epoch Summary: TrainLoss=1.3342 | TrainAcc=0.672 | Val(P3)=0.529 | Val(AVO)=0.656
2025-09-29 13:09:15 - No P3-val improvement; patience remaining: 29/50
2025-09-29 13:09:15 - Epoch 26/500 | LR=0.009938 | w_AVO=1.000 | w_P3=2.773 | lambda_MMD=0.300
2025-09-29 13:09:15 - Epoch Summary: TrainLoss=1.5107 | TrainAcc=0.663 | Val(P3)=0.471 | Val(AVO)=0.592
2025-09-29 13:09:15 - No P3-val improvement; patience remaining: 28/50
2025-09-29 13:09:15 - Epoch 27/500 | LR=0.009933 | w_AVO=1.000 | w_P3=2.773 | lambda_MMD=0.300
2025-09-29 13:09:15 - Epoch Summary: TrainLoss=1.4827 | TrainAcc=0.675 | Val(P3)=0.471 | Val(AVO)=0.624
2025-09-29 13:09:15 - No P3-val improvement; patience remaining: 27/50
2025-09-29 13:09:15 - Epoch 28/500 | LR=0.009928 | w_AVO=1.000 | w_P3=2.773 | lambda_MMD=0.300
2025-09-29 13:09:15 - Epoch Summary: TrainLoss=1.4337 | TrainAcc=0.664 | Val(P3)=0.471 | Val(AVO)=0.598
2025-09-29 13:09:15 - No P3-val improvement; patience remaining: 26/50
2025-09-29 13:09:15 - Epoch 29/500 | LR=0.009923 | w_AVO=1.000 | w_P3=2.773 | lambda_MMD=0.300
2025-09-29 13:09:15 - Epoch Summary: TrainLoss=1.3890 | TrainAcc=0.672 | Val(P3)=0.500 | Val(AVO)=0.611
2025-09-29 13:09:15 - No P3-val improvement; patience remaining: 25/50
2025-09-29 13:09:15 - Epoch 30/500 | LR=0.009917 | w_AVO=1.000 | w_P3=2.773 | lambda_MMD=0.300
2025-09-29 13:09:16 - Epoch Summary: TrainLoss=1.4079 | TrainAcc=0.664 | Val(P3)=0.529 | Val(AVO)=0.669
2025-09-29 13:09:16 - No P3-val improvement; patience remaining: 24/50
2025-09-29 13:09:16 - Epoch 31/500 | LR=0.009911 | w_AVO=1.000 | w_P3=2.773 | lambda_MMD=0.300
2025-09-29 13:09:16 - Epoch Summary: TrainLoss=1.3951 | TrainAcc=0.664 | Val(P3)=0.500 | Val(AVO)=0.643
2025-09-29 13:09:16 - No P3-val improvement; patience remaining: 23/50
2025-09-29 13:09:16 - Epoch 32/500 | LR=0.009905 | w_AVO=1.000 | w_P3=2.773 | lambda_MMD=0.300
2025-09-29 13:09:16 - Epoch Summary: TrainLoss=1.2791 | TrainAcc=0.679 | Val(P3)=0.529 | Val(AVO)=0.592
2025-09-29 13:09:16 - No P3-val improvement; patience remaining: 22/50
2025-09-29 13:09:16 - AVO val decreasing 3x. Reducing lambda_MMD to 0.210
2025-09-29 13:09:16 - Epoch 33/500 | LR=0.009899 | w_AVO=1.000 | w_P3=2.773 | lambda_MMD=0.210
2025-09-29 13:09:16 - Epoch Summary: TrainLoss=1.3299 | TrainAcc=0.668 | Val(P3)=0.471 | Val(AVO)=0.572
2025-09-29 13:09:16 - No P3-val improvement; patience remaining: 21/50
2025-09-29 13:09:16 - AVO val decreasing 3x. Reducing lambda_MMD to 0.210
2025-09-29 13:09:16 - Epoch 34/500 | LR=0.009893 | w_AVO=1.000 | w_P3=2.773 | lambda_MMD=0.210
2025-09-29 13:09:16 - Epoch Summary: TrainLoss=1.2974 | TrainAcc=0.673 | Val(P3)=0.559 | Val(AVO)=0.653
2025-09-29 13:09:16 - No P3-val improvement; patience remaining: 20/50
2025-09-29 13:09:16 - Epoch 35/500 | LR=0.009886 | w_AVO=1.000 | w_P3=2.773 | lambda_MMD=0.300
2025-09-29 13:09:17 - Epoch Summary: TrainLoss=1.2227 | TrainAcc=0.679 | Val(P3)=0.500 | Val(AVO)=0.637
2025-09-29 13:09:17 - No P3-val improvement; patience remaining: 19/50
2025-09-29 13:09:17 - Epoch 36/500 | LR=0.009880 | w_AVO=1.000 | w_P3=2.773 | lambda_MMD=0.300
2025-09-29 13:09:17 - Epoch Summary: TrainLoss=1.1954 | TrainAcc=0.682 | Val(P3)=0.500 | Val(AVO)=0.672
2025-09-29 13:09:17 - No P3-val improvement; patience remaining: 18/50
2025-09-29 13:09:17 - Epoch 37/500 | LR=0.009873 | w_AVO=1.000 | w_P3=2.773 | lambda_MMD=0.300
2025-09-29 13:09:17 - Epoch Summary: TrainLoss=1.1618 | TrainAcc=0.687 | Val(P3)=0.500 | Val(AVO)=0.659
2025-09-29 13:09:17 - No P3-val improvement; patience remaining: 17/50
2025-09-29 13:09:17 - Epoch 38/500 | LR=0.009865 | w_AVO=1.000 | w_P3=2.773 | lambda_MMD=0.300
2025-09-29 13:09:17 - Epoch Summary: TrainLoss=1.1524 | TrainAcc=0.685 | Val(P3)=0.559 | Val(AVO)=0.643
2025-09-29 13:09:17 - No P3-val improvement; patience remaining: 16/50
2025-09-29 13:09:17 - AVO val decreasing 3x. Reducing lambda_MMD to 0.210
2025-09-29 13:09:17 - Epoch 39/500 | LR=0.009858 | w_AVO=1.000 | w_P3=2.773 | lambda_MMD=0.210
2025-09-29 13:09:17 - Epoch Summary: TrainLoss=1.1585 | TrainAcc=0.686 | Val(P3)=0.500 | Val(AVO)=0.621
2025-09-29 13:09:17 - No P3-val improvement; patience remaining: 15/50
2025-09-29 13:09:17 - AVO val decreasing 3x. Reducing lambda_MMD to 0.210
2025-09-29 13:09:17 - Epoch 40/500 | LR=0.009851 | w_AVO=1.000 | w_P3=2.773 | lambda_MMD=0.210
2025-09-29 13:09:17 - Epoch Summary: TrainLoss=1.1497 | TrainAcc=0.686 | Val(P3)=0.471 | Val(AVO)=0.640
2025-09-29 13:09:17 - No P3-val improvement; patience remaining: 14/50
2025-09-29 13:09:17 - P3 val decreasing 3x. Reducing w_small to 2.218, lambda_MMD to 0.150
2025-09-29 13:09:17 - Epoch 41/500 | LR=0.009843 | w_AVO=1.000 | w_P3=2.218 | lambda_MMD=0.150
2025-09-29 13:09:18 - Epoch Summary: TrainLoss=1.0092 | TrainAcc=0.690 | Val(P3)=0.529 | Val(AVO)=0.662
2025-09-29 13:09:18 - No P3-val improvement; patience remaining: 13/50
2025-09-29 13:09:18 - Epoch 42/500 | LR=0.009835 | w_AVO=1.000 | w_P3=2.773 | lambda_MMD=0.300
2025-09-29 13:09:18 - Epoch Summary: TrainLoss=1.0713 | TrainAcc=0.686 | Val(P3)=0.529 | Val(AVO)=0.588
2025-09-29 13:09:18 - No P3-val improvement; patience remaining: 12/50
2025-09-29 13:09:18 - Epoch 43/500 | LR=0.009827 | w_AVO=1.000 | w_P3=2.773 | lambda_MMD=0.300
2025-09-29 13:09:18 - Epoch Summary: TrainLoss=1.0701 | TrainAcc=0.688 | Val(P3)=0.529 | Val(AVO)=0.640
2025-09-29 13:09:18 - No P3-val improvement; patience remaining: 11/50
2025-09-29 13:09:18 - Epoch 44/500 | LR=0.009819 | w_AVO=1.000 | w_P3=2.773 | lambda_MMD=0.300
2025-09-29 13:09:18 - Epoch Summary: TrainLoss=1.0709 | TrainAcc=0.693 | Val(P3)=0.500 | Val(AVO)=0.605
2025-09-29 13:09:18 - No P3-val improvement; patience remaining: 10/50
2025-09-29 13:09:18 - Epoch 45/500 | LR=0.009810 | w_AVO=1.000 | w_P3=2.773 | lambda_MMD=0.300
2025-09-29 13:09:18 - Epoch Summary: TrainLoss=1.0823 | TrainAcc=0.691 | Val(P3)=0.500 | Val(AVO)=0.579
2025-09-29 13:09:18 - No P3-val improvement; patience remaining: 9/50
2025-09-29 13:09:18 - AVO val decreasing 3x. Reducing lambda_MMD to 0.210
2025-09-29 13:09:18 - Epoch 46/500 | LR=0.009801 | w_AVO=1.000 | w_P3=2.773 | lambda_MMD=0.210
2025-09-29 13:09:18 - Epoch Summary: TrainLoss=1.0373 | TrainAcc=0.684 | Val(P3)=0.559 | Val(AVO)=0.659
2025-09-29 13:09:18 - No P3-val improvement; patience remaining: 8/50
2025-09-29 13:09:18 - Epoch 47/500 | LR=0.009793 | w_AVO=1.000 | w_P3=2.773 | lambda_MMD=0.300
2025-09-29 13:09:19 - Epoch Summary: TrainLoss=1.0323 | TrainAcc=0.687 | Val(P3)=0.500 | Val(AVO)=0.559
2025-09-29 13:09:19 - No P3-val improvement; patience remaining: 7/50
2025-09-29 13:09:19 - Epoch 48/500 | LR=0.009784 | w_AVO=1.000 | w_P3=2.773 | lambda_MMD=0.300
2025-09-29 13:09:19 - Epoch Summary: TrainLoss=1.0103 | TrainAcc=0.694 | Val(P3)=0.529 | Val(AVO)=0.659
2025-09-29 13:09:19 - No P3-val improvement; patience remaining: 6/50
2025-09-29 13:09:19 - Epoch 49/500 | LR=0.009774 | w_AVO=1.000 | w_P3=2.773 | lambda_MMD=0.300
2025-09-29 13:09:19 - Epoch Summary: TrainLoss=0.9799 | TrainAcc=0.696 | Val(P3)=0.559 | Val(AVO)=0.662
2025-09-29 13:09:19 - No P3-val improvement; patience remaining: 5/50
2025-09-29 13:09:19 - Epoch 50/500 | LR=0.009765 | w_AVO=1.000 | w_P3=2.773 | lambda_MMD=0.300
2025-09-29 13:09:19 - Epoch Summary: TrainLoss=0.9791 | TrainAcc=0.697 | Val(P3)=0.500 | Val(AVO)=0.646
2025-09-29 13:09:19 - No P3-val improvement; patience remaining: 4/50
2025-09-29 13:09:19 - Epoch 51/500 | LR=0.009755 | w_AVO=1.000 | w_P3=2.773 | lambda_MMD=0.300
2025-09-29 13:09:19 - Epoch Summary: TrainLoss=0.9653 | TrainAcc=0.704 | Val(P3)=0.588 | Val(AVO)=0.662
2025-09-29 13:09:19 - No P3-val improvement; patience remaining: 3/50
2025-09-29 13:09:19 - Epoch 52/500 | LR=0.009745 | w_AVO=1.000 | w_P3=2.773 | lambda_MMD=0.300
2025-09-29 13:09:19 - Epoch Summary: TrainLoss=0.9197 | TrainAcc=0.702 | Val(P3)=0.529 | Val(AVO)=0.621
2025-09-29 13:09:19 - No P3-val improvement; patience remaining: 2/50
2025-09-29 13:09:19 - Epoch 53/500 | LR=0.009735 | w_AVO=1.000 | w_P3=2.773 | lambda_MMD=0.300
2025-09-29 13:09:20 - Epoch Summary: TrainLoss=0.9257 | TrainAcc=0.709 | Val(P3)=0.471 | Val(AVO)=0.646
2025-09-29 13:09:20 - No P3-val improvement; patience remaining: 1/50
2025-09-29 13:09:20 - P3 val decreasing 3x. Reducing w_small to 2.218, lambda_MMD to 0.150
2025-09-29 13:09:20 - Epoch 54/500 | LR=0.009725 | w_AVO=1.000 | w_P3=2.218 | lambda_MMD=0.150
2025-09-29 13:09:20 - Epoch Summary: TrainLoss=0.8309 | TrainAcc=0.699 | Val(P3)=0.441 | Val(AVO)=0.643
2025-09-29 13:09:20 - No P3-val improvement; patience remaining: 0/50
2025-09-29 13:09:20 - Early stopping triggered (P3-val)
2025-09-29 13:09:20 -     P3 Test | Acc=0.4886 P=0.4545 R=0.4878 F1=0.4706 AUC=0.5812 (n=88)
2025-09-29 13:09:20 -     AVO Test | Acc=0.6429 P=0.6110 R=0.8059 F1=0.6950 AUC=0.7199 (n=602)
2025-09-29 13:09:20 -     Overall Test Acc=0.6232
2025-09-29 13:09:20 - Repeat 3/5
2025-09-29 13:09:20 -   Fold 1/5
2025-09-29 13:09:20 - Fold domains: small=P3 (n=267), large=AVO (n=2148)
2025-09-29 13:09:20 - Auto adjustments (symmetric): w_small≈1.000, lambda_MMD_target=0.300, warmup_epochs=5
2025-09-29 13:09:20 - Epoch 1/500 | LR=0.010000 | w_AVO=1.000 | w_P3=1.367 | lambda_MMD=0.060
2025-09-29 13:09:20 - Epoch Summary: TrainLoss=1.7330 | TrainAcc=0.535 | Val(P3)=0.618 | Val(AVO)=0.566
2025-09-29 13:09:20 - New best P3-val; checkpoint updated
2025-09-29 13:09:20 - Epoch 2/500 | LR=0.010000 | w_AVO=1.000 | w_P3=1.735 | lambda_MMD=0.120
2025-09-29 13:09:20 - Epoch Summary: TrainLoss=1.7511 | TrainAcc=0.607 | Val(P3)=0.676 | Val(AVO)=0.582
2025-09-29 13:09:20 - New best P3-val; checkpoint updated
2025-09-29 13:09:20 - Epoch 3/500 | LR=0.010000 | w_AVO=1.000 | w_P3=2.102 | lambda_MMD=0.180
2025-09-29 13:09:20 - Epoch Summary: TrainLoss=1.9454 | TrainAcc=0.600 | Val(P3)=0.676 | Val(AVO)=0.572
2025-09-29 13:09:20 - No P3-val improvement; patience remaining: 49/50
2025-09-29 13:09:20 - Epoch 4/500 | LR=0.009999 | w_AVO=1.000 | w_P3=2.469 | lambda_MMD=0.240
2025-09-29 13:09:21 - Epoch Summary: TrainLoss=2.1878 | TrainAcc=0.601 | Val(P3)=0.647 | Val(AVO)=0.595
2025-09-29 13:09:21 - No P3-val improvement; patience remaining: 48/50
2025-09-29 13:09:21 - Epoch 5/500 | LR=0.009998 | w_AVO=1.000 | w_P3=2.836 | lambda_MMD=0.300
2025-09-29 13:09:21 - Epoch Summary: TrainLoss=2.4272 | TrainAcc=0.601 | Val(P3)=0.618 | Val(AVO)=0.559
2025-09-29 13:09:21 - No P3-val improvement; patience remaining: 47/50
2025-09-29 13:09:21 - P3 val decreasing 3x. Reducing w_small to 2.269, lambda_MMD to 0.150
2025-09-29 13:09:21 - Epoch 6/500 | LR=0.009998 | w_AVO=1.000 | w_P3=2.269 | lambda_MMD=0.150
2025-09-29 13:09:21 - Epoch Summary: TrainLoss=2.0176 | TrainAcc=0.608 | Val(P3)=0.588 | Val(AVO)=0.569
2025-09-29 13:09:21 - No P3-val improvement; patience remaining: 46/50
2025-09-29 13:09:21 - P3 val decreasing 3x. Reducing w_small to 2.269, lambda_MMD to 0.150
2025-09-29 13:09:21 - Epoch 7/500 | LR=0.009996 | w_AVO=1.000 | w_P3=2.269 | lambda_MMD=0.150
2025-09-29 13:09:21 - Epoch Summary: TrainLoss=1.9780 | TrainAcc=0.611 | Val(P3)=0.618 | Val(AVO)=0.572
2025-09-29 13:09:21 - No P3-val improvement; patience remaining: 45/50
2025-09-29 13:09:21 - Epoch 8/500 | LR=0.009995 | w_AVO=1.000 | w_P3=2.836 | lambda_MMD=0.300
2025-09-29 13:09:21 - Epoch Summary: TrainLoss=2.3399 | TrainAcc=0.620 | Val(P3)=0.618 | Val(AVO)=0.572
2025-09-29 13:09:21 - No P3-val improvement; patience remaining: 44/50
2025-09-29 13:09:21 - Epoch 9/500 | LR=0.009994 | w_AVO=1.000 | w_P3=2.836 | lambda_MMD=0.300
2025-09-29 13:09:21 - Epoch Summary: TrainLoss=2.3384 | TrainAcc=0.612 | Val(P3)=0.647 | Val(AVO)=0.640
2025-09-29 13:09:21 - No P3-val improvement; patience remaining: 43/50
2025-09-29 13:09:21 - Epoch 10/500 | LR=0.009992 | w_AVO=1.000 | w_P3=2.836 | lambda_MMD=0.300
2025-09-29 13:09:22 - Epoch Summary: TrainLoss=2.2782 | TrainAcc=0.634 | Val(P3)=0.676 | Val(AVO)=0.534
2025-09-29 13:09:22 - No P3-val improvement; patience remaining: 42/50
2025-09-29 13:09:22 - Epoch 11/500 | LR=0.009990 | w_AVO=1.000 | w_P3=2.836 | lambda_MMD=0.300
2025-09-29 13:09:22 - Epoch Summary: TrainLoss=2.2049 | TrainAcc=0.633 | Val(P3)=0.735 | Val(AVO)=0.605
2025-09-29 13:09:22 - New best P3-val; checkpoint updated
2025-09-29 13:09:22 - Epoch 12/500 | LR=0.009988 | w_AVO=1.000 | w_P3=2.836 | lambda_MMD=0.300
2025-09-29 13:09:22 - Epoch Summary: TrainLoss=2.3228 | TrainAcc=0.633 | Val(P3)=0.647 | Val(AVO)=0.588
2025-09-29 13:09:22 - No P3-val improvement; patience remaining: 49/50
2025-09-29 13:09:22 - Epoch 13/500 | LR=0.009986 | w_AVO=1.000 | w_P3=2.836 | lambda_MMD=0.300
2025-09-29 13:09:22 - Epoch Summary: TrainLoss=2.2275 | TrainAcc=0.632 | Val(P3)=0.618 | Val(AVO)=0.614
2025-09-29 13:09:22 - No P3-val improvement; patience remaining: 48/50
2025-09-29 13:09:22 - P3 val decreasing 3x. Reducing w_small to 2.269, lambda_MMD to 0.150
2025-09-29 13:09:22 - Epoch 14/500 | LR=0.009983 | w_AVO=1.000 | w_P3=2.269 | lambda_MMD=0.150
2025-09-29 13:09:22 - Epoch Summary: TrainLoss=2.0168 | TrainAcc=0.625 | Val(P3)=0.588 | Val(AVO)=0.611
2025-09-29 13:09:22 - No P3-val improvement; patience remaining: 47/50
2025-09-29 13:09:22 - P3 val decreasing 3x. Reducing w_small to 2.269, lambda_MMD to 0.150
2025-09-29 13:09:22 - Epoch 15/500 | LR=0.009981 | w_AVO=1.000 | w_P3=2.269 | lambda_MMD=0.150
2025-09-29 13:09:22 - Epoch Summary: TrainLoss=1.7992 | TrainAcc=0.636 | Val(P3)=0.618 | Val(AVO)=0.572
2025-09-29 13:09:22 - No P3-val improvement; patience remaining: 46/50
2025-09-29 13:09:22 - AVO val decreasing 3x. Reducing lambda_MMD to 0.210
2025-09-29 13:09:22 - Epoch 16/500 | LR=0.009978 | w_AVO=1.000 | w_P3=2.836 | lambda_MMD=0.210
2025-09-29 13:09:23 - Epoch Summary: TrainLoss=2.1936 | TrainAcc=0.649 | Val(P3)=0.529 | Val(AVO)=0.643
2025-09-29 13:09:23 - No P3-val improvement; patience remaining: 45/50
2025-09-29 13:09:23 - Epoch 17/500 | LR=0.009975 | w_AVO=1.000 | w_P3=2.836 | lambda_MMD=0.300
2025-09-29 13:09:23 - Epoch Summary: TrainLoss=2.0983 | TrainAcc=0.639 | Val(P3)=0.588 | Val(AVO)=0.617
2025-09-29 13:09:23 - No P3-val improvement; patience remaining: 44/50
2025-09-29 13:09:23 - Epoch 18/500 | LR=0.009972 | w_AVO=1.000 | w_P3=2.836 | lambda_MMD=0.300
2025-09-29 13:09:23 - Epoch Summary: TrainLoss=2.1023 | TrainAcc=0.644 | Val(P3)=0.559 | Val(AVO)=0.627
2025-09-29 13:09:23 - No P3-val improvement; patience remaining: 43/50
2025-09-29 13:09:23 - Epoch 19/500 | LR=0.009968 | w_AVO=1.000 | w_P3=2.836 | lambda_MMD=0.300
2025-09-29 13:09:23 - Epoch Summary: TrainLoss=2.0674 | TrainAcc=0.642 | Val(P3)=0.529 | Val(AVO)=0.643
2025-09-29 13:09:23 - No P3-val improvement; patience remaining: 42/50
2025-09-29 13:09:23 - P3 val decreasing 3x. Reducing w_small to 2.269, lambda_MMD to 0.150
2025-09-29 13:09:23 - Epoch 20/500 | LR=0.009964 | w_AVO=1.000 | w_P3=2.269 | lambda_MMD=0.150
2025-09-29 13:09:23 - Epoch Summary: TrainLoss=1.7025 | TrainAcc=0.644 | Val(P3)=0.559 | Val(AVO)=0.640
2025-09-29 13:09:23 - No P3-val improvement; patience remaining: 41/50
2025-09-29 13:09:23 - Epoch 21/500 | LR=0.009961 | w_AVO=1.000 | w_P3=2.836 | lambda_MMD=0.300
2025-09-29 13:09:23 - Epoch Summary: TrainLoss=1.9955 | TrainAcc=0.644 | Val(P3)=0.559 | Val(AVO)=0.637
2025-09-29 13:09:23 - No P3-val improvement; patience remaining: 40/50
2025-09-29 13:09:23 - AVO val decreasing 3x. Reducing lambda_MMD to 0.210
2025-09-29 13:09:23 - Epoch 22/500 | LR=0.009957 | w_AVO=1.000 | w_P3=2.836 | lambda_MMD=0.210
2025-09-29 13:09:24 - Epoch Summary: TrainLoss=1.9688 | TrainAcc=0.650 | Val(P3)=0.471 | Val(AVO)=0.592
2025-09-29 13:09:24 - No P3-val improvement; patience remaining: 39/50
2025-09-29 13:09:24 - AVO val decreasing 3x. Reducing lambda_MMD to 0.210
2025-09-29 13:09:24 - Epoch 23/500 | LR=0.009952 | w_AVO=1.000 | w_P3=2.836 | lambda_MMD=0.210
2025-09-29 13:09:24 - Epoch Summary: TrainLoss=1.9495 | TrainAcc=0.655 | Val(P3)=0.529 | Val(AVO)=0.640
2025-09-29 13:09:24 - No P3-val improvement; patience remaining: 38/50
2025-09-29 13:09:24 - Epoch 24/500 | LR=0.009948 | w_AVO=1.000 | w_P3=2.836 | lambda_MMD=0.300
2025-09-29 13:09:24 - Epoch Summary: TrainLoss=1.8935 | TrainAcc=0.642 | Val(P3)=0.588 | Val(AVO)=0.659
2025-09-29 13:09:24 - No P3-val improvement; patience remaining: 37/50
2025-09-29 13:09:24 - Epoch 25/500 | LR=0.009943 | w_AVO=1.000 | w_P3=2.836 | lambda_MMD=0.300
2025-09-29 13:09:24 - Epoch Summary: TrainLoss=1.8438 | TrainAcc=0.643 | Val(P3)=0.471 | Val(AVO)=0.566
2025-09-29 13:09:24 - No P3-val improvement; patience remaining: 36/50
2025-09-29 13:09:24 - Epoch 26/500 | LR=0.009938 | w_AVO=1.000 | w_P3=2.836 | lambda_MMD=0.300
2025-09-29 13:09:24 - Epoch Summary: TrainLoss=1.8143 | TrainAcc=0.649 | Val(P3)=0.529 | Val(AVO)=0.569
2025-09-29 13:09:24 - No P3-val improvement; patience remaining: 35/50
2025-09-29 13:09:24 - Epoch 27/500 | LR=0.009933 | w_AVO=1.000 | w_P3=2.836 | lambda_MMD=0.300
2025-09-29 13:09:24 - Epoch Summary: TrainLoss=1.7661 | TrainAcc=0.644 | Val(P3)=0.471 | Val(AVO)=0.605
2025-09-29 13:09:24 - No P3-val improvement; patience remaining: 34/50
2025-09-29 13:09:24 - Epoch 28/500 | LR=0.009928 | w_AVO=1.000 | w_P3=2.836 | lambda_MMD=0.300
2025-09-29 13:09:25 - Epoch Summary: TrainLoss=1.7397 | TrainAcc=0.655 | Val(P3)=0.500 | Val(AVO)=0.611
2025-09-29 13:09:25 - No P3-val improvement; patience remaining: 33/50
2025-09-29 13:09:25 - Epoch 29/500 | LR=0.009923 | w_AVO=1.000 | w_P3=2.836 | lambda_MMD=0.300
2025-09-29 13:09:25 - Epoch Summary: TrainLoss=1.7156 | TrainAcc=0.650 | Val(P3)=0.500 | Val(AVO)=0.605
2025-09-29 13:09:25 - No P3-val improvement; patience remaining: 32/50
2025-09-29 13:09:25 - Epoch 30/500 | LR=0.009917 | w_AVO=1.000 | w_P3=2.836 | lambda_MMD=0.300
2025-09-29 13:09:25 - Epoch Summary: TrainLoss=1.7730 | TrainAcc=0.635 | Val(P3)=0.529 | Val(AVO)=0.550
2025-09-29 13:09:25 - No P3-val improvement; patience remaining: 31/50
2025-09-29 13:09:25 - AVO val decreasing 3x. Reducing lambda_MMD to 0.210
2025-09-29 13:09:25 - Epoch 31/500 | LR=0.009911 | w_AVO=1.000 | w_P3=2.836 | lambda_MMD=0.210
2025-09-29 13:09:25 - Epoch Summary: TrainLoss=1.6500 | TrainAcc=0.649 | Val(P3)=0.471 | Val(AVO)=0.605
2025-09-29 13:09:25 - No P3-val improvement; patience remaining: 30/50
2025-09-29 13:09:25 - Epoch 32/500 | LR=0.009905 | w_AVO=1.000 | w_P3=2.836 | lambda_MMD=0.300
2025-09-29 13:09:25 - Epoch Summary: TrainLoss=1.6288 | TrainAcc=0.656 | Val(P3)=0.559 | Val(AVO)=0.576
2025-09-29 13:09:25 - No P3-val improvement; patience remaining: 29/50
2025-09-29 13:09:25 - Epoch 33/500 | LR=0.009899 | w_AVO=1.000 | w_P3=2.836 | lambda_MMD=0.300
2025-09-29 13:09:26 - Epoch Summary: TrainLoss=1.6303 | TrainAcc=0.652 | Val(P3)=0.471 | Val(AVO)=0.605
2025-09-29 13:09:26 - No P3-val improvement; patience remaining: 28/50
2025-09-29 13:09:26 - Epoch 34/500 | LR=0.009893 | w_AVO=1.000 | w_P3=2.836 | lambda_MMD=0.300
2025-09-29 13:09:26 - Epoch Summary: TrainLoss=1.6664 | TrainAcc=0.649 | Val(P3)=0.500 | Val(AVO)=0.534
2025-09-29 13:09:26 - No P3-val improvement; patience remaining: 27/50
2025-09-29 13:09:26 - Epoch 35/500 | LR=0.009886 | w_AVO=1.000 | w_P3=2.836 | lambda_MMD=0.300
2025-09-29 13:09:26 - Epoch Summary: TrainLoss=1.5538 | TrainAcc=0.651 | Val(P3)=0.471 | Val(AVO)=0.601
2025-09-29 13:09:26 - No P3-val improvement; patience remaining: 26/50
2025-09-29 13:09:26 - Epoch 36/500 | LR=0.009880 | w_AVO=1.000 | w_P3=2.836 | lambda_MMD=0.300
2025-09-29 13:09:26 - Epoch Summary: TrainLoss=1.5406 | TrainAcc=0.660 | Val(P3)=0.500 | Val(AVO)=0.624
2025-09-29 13:09:26 - No P3-val improvement; patience remaining: 25/50
2025-09-29 13:09:26 - Epoch 37/500 | LR=0.009873 | w_AVO=1.000 | w_P3=2.836 | lambda_MMD=0.300
2025-09-29 13:09:26 - Epoch Summary: TrainLoss=1.5843 | TrainAcc=0.661 | Val(P3)=0.471 | Val(AVO)=0.572
2025-09-29 13:09:26 - No P3-val improvement; patience remaining: 24/50
2025-09-29 13:09:26 - Epoch 38/500 | LR=0.009865 | w_AVO=1.000 | w_P3=2.836 | lambda_MMD=0.300
2025-09-29 13:09:26 - Epoch Summary: TrainLoss=1.4413 | TrainAcc=0.656 | Val(P3)=0.529 | Val(AVO)=0.624
2025-09-29 13:09:26 - No P3-val improvement; patience remaining: 23/50
2025-09-29 13:09:26 - Epoch 39/500 | LR=0.009858 | w_AVO=1.000 | w_P3=2.836 | lambda_MMD=0.300
2025-09-29 13:09:27 - Epoch Summary: TrainLoss=1.4505 | TrainAcc=0.656 | Val(P3)=0.559 | Val(AVO)=0.576
2025-09-29 13:09:27 - No P3-val improvement; patience remaining: 22/50
2025-09-29 13:09:27 - Epoch 40/500 | LR=0.009851 | w_AVO=1.000 | w_P3=2.836 | lambda_MMD=0.300
2025-09-29 13:09:27 - Epoch Summary: TrainLoss=1.4836 | TrainAcc=0.657 | Val(P3)=0.500 | Val(AVO)=0.624
2025-09-29 13:09:27 - No P3-val improvement; patience remaining: 21/50
2025-09-29 13:09:27 - Epoch 41/500 | LR=0.009843 | w_AVO=1.000 | w_P3=2.836 | lambda_MMD=0.300
2025-09-29 13:09:27 - Epoch Summary: TrainLoss=1.5403 | TrainAcc=0.640 | Val(P3)=0.471 | Val(AVO)=0.559
2025-09-29 13:09:27 - No P3-val improvement; patience remaining: 20/50
2025-09-29 13:09:27 - P3 val decreasing 3x. Reducing w_small to 2.269, lambda_MMD to 0.150
2025-09-29 13:09:27 - Epoch 42/500 | LR=0.009835 | w_AVO=1.000 | w_P3=2.269 | lambda_MMD=0.150
2025-09-29 13:09:27 - Epoch Summary: TrainLoss=1.2938 | TrainAcc=0.668 | Val(P3)=0.559 | Val(AVO)=0.556
2025-09-29 13:09:27 - No P3-val improvement; patience remaining: 19/50
2025-09-29 13:09:27 - AVO val decreasing 3x. Reducing lambda_MMD to 0.210
2025-09-29 13:09:27 - Epoch 43/500 | LR=0.009827 | w_AVO=1.000 | w_P3=2.836 | lambda_MMD=0.210
2025-09-29 13:09:27 - Epoch Summary: TrainLoss=1.4736 | TrainAcc=0.648 | Val(P3)=0.500 | Val(AVO)=0.553
2025-09-29 13:09:27 - No P3-val improvement; patience remaining: 18/50
2025-09-29 13:09:27 - AVO val decreasing 3x. Reducing lambda_MMD to 0.210
2025-09-29 13:09:27 - Epoch 44/500 | LR=0.009819 | w_AVO=1.000 | w_P3=2.836 | lambda_MMD=0.210
2025-09-29 13:09:27 - Epoch Summary: TrainLoss=1.3069 | TrainAcc=0.662 | Val(P3)=0.471 | Val(AVO)=0.556
2025-09-29 13:09:27 - No P3-val improvement; patience remaining: 17/50
2025-09-29 13:09:27 - P3 val decreasing 3x. Reducing w_small to 2.269, lambda_MMD to 0.150
2025-09-29 13:09:27 - Epoch 45/500 | LR=0.009810 | w_AVO=1.000 | w_P3=2.269 | lambda_MMD=0.150
2025-09-29 13:09:28 - Epoch Summary: TrainLoss=1.2647 | TrainAcc=0.658 | Val(P3)=0.500 | Val(AVO)=0.576
2025-09-29 13:09:28 - No P3-val improvement; patience remaining: 16/50
2025-09-29 13:09:28 - Epoch 46/500 | LR=0.009801 | w_AVO=1.000 | w_P3=2.836 | lambda_MMD=0.300
2025-09-29 13:09:28 - Epoch Summary: TrainLoss=1.3626 | TrainAcc=0.667 | Val(P3)=0.441 | Val(AVO)=0.637
2025-09-29 13:09:28 - No P3-val improvement; patience remaining: 15/50
2025-09-29 13:09:28 - Epoch 47/500 | LR=0.009793 | w_AVO=1.000 | w_P3=2.836 | lambda_MMD=0.300
2025-09-29 13:09:28 - Epoch Summary: TrainLoss=1.3695 | TrainAcc=0.669 | Val(P3)=0.500 | Val(AVO)=0.559
2025-09-29 13:09:28 - No P3-val improvement; patience remaining: 14/50
2025-09-29 13:09:28 - Epoch 48/500 | LR=0.009784 | w_AVO=1.000 | w_P3=2.836 | lambda_MMD=0.300
2025-09-29 13:09:28 - Epoch Summary: TrainLoss=1.3489 | TrainAcc=0.669 | Val(P3)=0.500 | Val(AVO)=0.556
2025-09-29 13:09:28 - No P3-val improvement; patience remaining: 13/50
2025-09-29 13:09:28 - AVO val decreasing 3x. Reducing lambda_MMD to 0.210
2025-09-29 13:09:28 - Epoch 49/500 | LR=0.009774 | w_AVO=1.000 | w_P3=2.836 | lambda_MMD=0.210
2025-09-29 13:09:28 - Epoch Summary: TrainLoss=1.2479 | TrainAcc=0.676 | Val(P3)=0.500 | Val(AVO)=0.640
2025-09-29 13:09:28 - No P3-val improvement; patience remaining: 12/50
2025-09-29 13:09:28 - Epoch 50/500 | LR=0.009765 | w_AVO=1.000 | w_P3=2.836 | lambda_MMD=0.300
2025-09-29 13:09:28 - Epoch Summary: TrainLoss=1.2156 | TrainAcc=0.674 | Val(P3)=0.500 | Val(AVO)=0.576
2025-09-29 13:09:28 - No P3-val improvement; patience remaining: 11/50
2025-09-29 13:09:28 - Epoch 51/500 | LR=0.009755 | w_AVO=1.000 | w_P3=2.836 | lambda_MMD=0.300
2025-09-29 13:09:29 - Epoch Summary: TrainLoss=1.2338 | TrainAcc=0.663 | Val(P3)=0.500 | Val(AVO)=0.582
2025-09-29 13:09:29 - No P3-val improvement; patience remaining: 10/50
2025-09-29 13:09:29 - Epoch 52/500 | LR=0.009745 | w_AVO=1.000 | w_P3=2.836 | lambda_MMD=0.300
2025-09-29 13:09:29 - Epoch Summary: TrainLoss=1.2598 | TrainAcc=0.675 | Val(P3)=0.471 | Val(AVO)=0.559
2025-09-29 13:09:29 - No P3-val improvement; patience remaining: 9/50
2025-09-29 13:09:29 - Epoch 53/500 | LR=0.009735 | w_AVO=1.000 | w_P3=2.836 | lambda_MMD=0.300
2025-09-29 13:09:29 - Epoch Summary: TrainLoss=1.2275 | TrainAcc=0.679 | Val(P3)=0.412 | Val(AVO)=0.630
2025-09-29 13:09:29 - No P3-val improvement; patience remaining: 8/50
2025-09-29 13:09:29 - P3 val decreasing 3x. Reducing w_small to 2.269, lambda_MMD to 0.150
2025-09-29 13:09:29 - Epoch 54/500 | LR=0.009725 | w_AVO=1.000 | w_P3=2.269 | lambda_MMD=0.150
2025-09-29 13:09:29 - Epoch Summary: TrainLoss=1.0462 | TrainAcc=0.679 | Val(P3)=0.471 | Val(AVO)=0.572
2025-09-29 13:09:29 - No P3-val improvement; patience remaining: 7/50
2025-09-29 13:09:29 - Epoch 55/500 | LR=0.009715 | w_AVO=1.000 | w_P3=2.836 | lambda_MMD=0.300
2025-09-29 13:09:29 - Epoch Summary: TrainLoss=1.1556 | TrainAcc=0.679 | Val(P3)=0.500 | Val(AVO)=0.576
2025-09-29 13:09:29 - No P3-val improvement; patience remaining: 6/50
2025-09-29 13:09:29 - Epoch 56/500 | LR=0.009704 | w_AVO=1.000 | w_P3=2.836 | lambda_MMD=0.300
2025-09-29 13:09:29 - Epoch Summary: TrainLoss=1.1533 | TrainAcc=0.678 | Val(P3)=0.441 | Val(AVO)=0.540
2025-09-29 13:09:29 - No P3-val improvement; patience remaining: 5/50
2025-09-29 13:09:29 - Epoch 57/500 | LR=0.009694 | w_AVO=1.000 | w_P3=2.836 | lambda_MMD=0.300
2025-09-29 13:09:30 - Epoch Summary: TrainLoss=1.1000 | TrainAcc=0.686 | Val(P3)=0.471 | Val(AVO)=0.588
2025-09-29 13:09:30 - No P3-val improvement; patience remaining: 4/50
2025-09-29 13:09:30 - Epoch 58/500 | LR=0.009683 | w_AVO=1.000 | w_P3=2.836 | lambda_MMD=0.300
2025-09-29 13:09:30 - Epoch Summary: TrainLoss=1.0786 | TrainAcc=0.686 | Val(P3)=0.500 | Val(AVO)=0.559
2025-09-29 13:09:30 - No P3-val improvement; patience remaining: 3/50
2025-09-29 13:09:30 - Epoch 59/500 | LR=0.009672 | w_AVO=1.000 | w_P3=2.836 | lambda_MMD=0.300
2025-09-29 13:09:30 - Epoch Summary: TrainLoss=1.1125 | TrainAcc=0.677 | Val(P3)=0.382 | Val(AVO)=0.601
2025-09-29 13:09:30 - No P3-val improvement; patience remaining: 2/50
2025-09-29 13:09:30 - Epoch 60/500 | LR=0.009660 | w_AVO=1.000 | w_P3=2.836 | lambda_MMD=0.300
2025-09-29 13:09:30 - Epoch Summary: TrainLoss=1.0646 | TrainAcc=0.691 | Val(P3)=0.412 | Val(AVO)=0.595
2025-09-29 13:09:30 - No P3-val improvement; patience remaining: 1/50
2025-09-29 13:09:30 - Epoch 61/500 | LR=0.009649 | w_AVO=1.000 | w_P3=2.836 | lambda_MMD=0.300
2025-09-29 13:09:30 - Epoch Summary: TrainLoss=1.0766 | TrainAcc=0.684 | Val(P3)=0.500 | Val(AVO)=0.559
2025-09-29 13:09:30 - No P3-val improvement; patience remaining: 0/50
2025-09-29 13:09:30 - Early stopping triggered (P3-val)
2025-09-29 13:09:30 -     P3 Test | Acc=0.5859 P=0.5952 R=0.5102 F1=0.5495 AUC=0.6429 (n=99)
2025-09-29 13:09:30 -     AVO Test | Acc=0.5854 P=0.5517 R=0.9189 F1=0.6895 AUC=0.6969 (n=591)
2025-09-29 13:09:30 -     Overall Test Acc=0.5855
2025-09-29 13:09:30 -   Fold 2/5
2025-09-29 13:09:30 - Fold domains: small=P3 (n=281), large=AVO (n=2134)
2025-09-29 13:09:30 - Auto adjustments (symmetric): w_small≈1.000, lambda_MMD_target=0.300, warmup_epochs=5
2025-09-29 13:09:30 - Epoch 1/500 | LR=0.010000 | w_AVO=1.000 | w_P3=1.351 | lambda_MMD=0.060
2025-09-29 13:09:31 - Epoch Summary: TrainLoss=1.6969 | TrainAcc=0.534 | Val(P3)=0.559 | Val(AVO)=0.553
2025-09-29 13:09:31 - New best P3-val; checkpoint updated
2025-09-29 13:09:31 - Epoch 2/500 | LR=0.010000 | w_AVO=1.000 | w_P3=1.702 | lambda_MMD=0.120
2025-09-29 13:09:31 - Epoch Summary: TrainLoss=1.7903 | TrainAcc=0.590 | Val(P3)=0.559 | Val(AVO)=0.579
2025-09-29 13:09:31 - No P3-val improvement; patience remaining: 49/50
2025-09-29 13:09:31 - Epoch 3/500 | LR=0.010000 | w_AVO=1.000 | w_P3=2.053 | lambda_MMD=0.180
2025-09-29 13:09:31 - Epoch Summary: TrainLoss=1.9459 | TrainAcc=0.616 | Val(P3)=0.676 | Val(AVO)=0.588
2025-09-29 13:09:31 - New best P3-val; checkpoint updated
2025-09-29 13:09:31 - Epoch 4/500 | LR=0.009999 | w_AVO=1.000 | w_P3=2.405 | lambda_MMD=0.240
2025-09-29 13:09:31 - Epoch Summary: TrainLoss=2.1139 | TrainAcc=0.608 | Val(P3)=0.618 | Val(AVO)=0.605
2025-09-29 13:09:31 - No P3-val improvement; patience remaining: 49/50
2025-09-29 13:09:31 - Epoch 5/500 | LR=0.009998 | w_AVO=1.000 | w_P3=2.756 | lambda_MMD=0.300
2025-09-29 13:09:31 - Epoch Summary: TrainLoss=2.3565 | TrainAcc=0.627 | Val(P3)=0.618 | Val(AVO)=0.585
2025-09-29 13:09:31 - No P3-val improvement; patience remaining: 48/50
2025-09-29 13:09:31 - Epoch 6/500 | LR=0.009998 | w_AVO=1.000 | w_P3=2.756 | lambda_MMD=0.300
2025-09-29 13:09:31 - Epoch Summary: TrainLoss=2.3226 | TrainAcc=0.622 | Val(P3)=0.676 | Val(AVO)=0.630
2025-09-29 13:09:31 - No P3-val improvement; patience remaining: 47/50
2025-09-29 13:09:31 - Epoch 7/500 | LR=0.009996 | w_AVO=1.000 | w_P3=2.756 | lambda_MMD=0.300
2025-09-29 13:09:32 - Epoch Summary: TrainLoss=2.2680 | TrainAcc=0.627 | Val(P3)=0.588 | Val(AVO)=0.614
2025-09-29 13:09:32 - No P3-val improvement; patience remaining: 46/50
2025-09-29 13:09:32 - Epoch 8/500 | LR=0.009995 | w_AVO=1.000 | w_P3=2.756 | lambda_MMD=0.300
2025-09-29 13:09:32 - Epoch Summary: TrainLoss=2.2757 | TrainAcc=0.623 | Val(P3)=0.588 | Val(AVO)=0.605
2025-09-29 13:09:32 - No P3-val improvement; patience remaining: 45/50
2025-09-29 13:09:32 - AVO val decreasing 3x. Reducing lambda_MMD to 0.210
2025-09-29 13:09:32 - Epoch 9/500 | LR=0.009994 | w_AVO=1.000 | w_P3=2.756 | lambda_MMD=0.210
2025-09-29 13:09:32 - Epoch Summary: TrainLoss=2.1981 | TrainAcc=0.635 | Val(P3)=0.618 | Val(AVO)=0.637
2025-09-29 13:09:32 - No P3-val improvement; patience remaining: 44/50
2025-09-29 13:09:32 - Epoch 10/500 | LR=0.009992 | w_AVO=1.000 | w_P3=2.756 | lambda_MMD=0.300
2025-09-29 13:09:32 - Epoch Summary: TrainLoss=2.1152 | TrainAcc=0.641 | Val(P3)=0.559 | Val(AVO)=0.653
2025-09-29 13:09:32 - No P3-val improvement; patience remaining: 43/50
2025-09-29 13:09:32 - Epoch 11/500 | LR=0.009990 | w_AVO=1.000 | w_P3=2.756 | lambda_MMD=0.300
2025-09-29 13:09:32 - Epoch Summary: TrainLoss=2.0572 | TrainAcc=0.646 | Val(P3)=0.588 | Val(AVO)=0.621
2025-09-29 13:09:32 - No P3-val improvement; patience remaining: 42/50
2025-09-29 13:09:32 - Epoch 12/500 | LR=0.009988 | w_AVO=1.000 | w_P3=2.756 | lambda_MMD=0.300
2025-09-29 13:09:32 - Epoch Summary: TrainLoss=2.0183 | TrainAcc=0.646 | Val(P3)=0.529 | Val(AVO)=0.601
2025-09-29 13:09:32 - No P3-val improvement; patience remaining: 41/50
2025-09-29 13:09:32 - AVO val decreasing 3x. Reducing lambda_MMD to 0.210
2025-09-29 13:09:32 - Epoch 13/500 | LR=0.009986 | w_AVO=1.000 | w_P3=2.756 | lambda_MMD=0.210
2025-09-29 13:09:33 - Epoch Summary: TrainLoss=1.9900 | TrainAcc=0.631 | Val(P3)=0.647 | Val(AVO)=0.627
2025-09-29 13:09:33 - No P3-val improvement; patience remaining: 40/50
2025-09-29 13:09:33 - Epoch 14/500 | LR=0.009983 | w_AVO=1.000 | w_P3=2.756 | lambda_MMD=0.300
2025-09-29 13:09:33 - Epoch Summary: TrainLoss=1.9490 | TrainAcc=0.654 | Val(P3)=0.618 | Val(AVO)=0.617
2025-09-29 13:09:33 - No P3-val improvement; patience remaining: 39/50
2025-09-29 13:09:33 - Epoch 15/500 | LR=0.009981 | w_AVO=1.000 | w_P3=2.756 | lambda_MMD=0.300
2025-09-29 13:09:33 - Epoch Summary: TrainLoss=1.9227 | TrainAcc=0.647 | Val(P3)=0.618 | Val(AVO)=0.630
2025-09-29 13:09:33 - No P3-val improvement; patience remaining: 38/50
2025-09-29 13:09:33 - Epoch 16/500 | LR=0.009978 | w_AVO=1.000 | w_P3=2.756 | lambda_MMD=0.300
2025-09-29 13:09:33 - Epoch Summary: TrainLoss=1.8412 | TrainAcc=0.663 | Val(P3)=0.618 | Val(AVO)=0.627
2025-09-29 13:09:33 - No P3-val improvement; patience remaining: 37/50
2025-09-29 13:09:33 - Epoch 17/500 | LR=0.009975 | w_AVO=1.000 | w_P3=2.756 | lambda_MMD=0.300
2025-09-29 13:09:33 - Epoch Summary: TrainLoss=1.7633 | TrainAcc=0.653 | Val(P3)=0.647 | Val(AVO)=0.624
2025-09-29 13:09:33 - No P3-val improvement; patience remaining: 36/50
2025-09-29 13:09:33 - AVO val decreasing 3x. Reducing lambda_MMD to 0.210
2025-09-29 13:09:33 - Epoch 18/500 | LR=0.009972 | w_AVO=1.000 | w_P3=2.756 | lambda_MMD=0.210
2025-09-29 13:09:33 - Epoch Summary: TrainLoss=1.7494 | TrainAcc=0.658 | Val(P3)=0.618 | Val(AVO)=0.624
2025-09-29 13:09:33 - No P3-val improvement; patience remaining: 35/50
2025-09-29 13:09:33 - Epoch 19/500 | LR=0.009968 | w_AVO=1.000 | w_P3=2.756 | lambda_MMD=0.300
2025-09-29 13:09:34 - Epoch Summary: TrainLoss=1.6688 | TrainAcc=0.664 | Val(P3)=0.588 | Val(AVO)=0.617
2025-09-29 13:09:34 - No P3-val improvement; patience remaining: 34/50
2025-09-29 13:09:34 - P3 val decreasing 3x. Reducing w_small to 2.205, lambda_MMD to 0.150
2025-09-29 13:09:34 - Epoch 20/500 | LR=0.009964 | w_AVO=1.000 | w_P3=2.205 | lambda_MMD=0.150
2025-09-29 13:09:34 - Epoch Summary: TrainLoss=1.4421 | TrainAcc=0.665 | Val(P3)=0.588 | Val(AVO)=0.633
2025-09-29 13:09:34 - No P3-val improvement; patience remaining: 33/50
2025-09-29 13:09:34 - Epoch 21/500 | LR=0.009961 | w_AVO=1.000 | w_P3=2.756 | lambda_MMD=0.300
2025-09-29 13:09:34 - Epoch Summary: TrainLoss=1.6648 | TrainAcc=0.659 | Val(P3)=0.676 | Val(AVO)=0.630
2025-09-29 13:09:34 - No P3-val improvement; patience remaining: 32/50
2025-09-29 13:09:34 - Epoch 22/500 | LR=0.009957 | w_AVO=1.000 | w_P3=2.756 | lambda_MMD=0.300
2025-09-29 13:09:34 - Epoch Summary: TrainLoss=1.5773 | TrainAcc=0.666 | Val(P3)=0.618 | Val(AVO)=0.617
2025-09-29 13:09:34 - No P3-val improvement; patience remaining: 31/50
2025-09-29 13:09:34 - AVO val decreasing 3x. Reducing lambda_MMD to 0.210
2025-09-29 13:09:34 - Epoch 23/500 | LR=0.009952 | w_AVO=1.000 | w_P3=2.756 | lambda_MMD=0.210
2025-09-29 13:09:34 - Epoch Summary: TrainLoss=1.5334 | TrainAcc=0.676 | Val(P3)=0.647 | Val(AVO)=0.630
2025-09-29 13:09:34 - No P3-val improvement; patience remaining: 30/50
2025-09-29 13:09:34 - Epoch 24/500 | LR=0.009948 | w_AVO=1.000 | w_P3=2.756 | lambda_MMD=0.300
2025-09-29 13:09:34 - Epoch Summary: TrainLoss=1.5282 | TrainAcc=0.668 | Val(P3)=0.588 | Val(AVO)=0.611
2025-09-29 13:09:34 - No P3-val improvement; patience remaining: 29/50
2025-09-29 13:09:34 - Epoch 25/500 | LR=0.009943 | w_AVO=1.000 | w_P3=2.756 | lambda_MMD=0.300
2025-09-29 13:09:35 - Epoch Summary: TrainLoss=1.4370 | TrainAcc=0.683 | Val(P3)=0.618 | Val(AVO)=0.582
2025-09-29 13:09:35 - No P3-val improvement; patience remaining: 28/50
2025-09-29 13:09:35 - AVO val decreasing 3x. Reducing lambda_MMD to 0.210
2025-09-29 13:09:35 - Epoch 26/500 | LR=0.009938 | w_AVO=1.000 | w_P3=2.756 | lambda_MMD=0.210
2025-09-29 13:09:35 - Epoch Summary: TrainLoss=1.4031 | TrainAcc=0.678 | Val(P3)=0.588 | Val(AVO)=0.627
2025-09-29 13:09:35 - No P3-val improvement; patience remaining: 27/50
2025-09-29 13:09:35 - Epoch 27/500 | LR=0.009933 | w_AVO=1.000 | w_P3=2.756 | lambda_MMD=0.300
2025-09-29 13:09:35 - Epoch Summary: TrainLoss=1.3815 | TrainAcc=0.685 | Val(P3)=0.647 | Val(AVO)=0.617
2025-09-29 13:09:35 - No P3-val improvement; patience remaining: 26/50
2025-09-29 13:09:35 - Epoch 28/500 | LR=0.009928 | w_AVO=1.000 | w_P3=2.756 | lambda_MMD=0.300
2025-09-29 13:09:35 - Epoch Summary: TrainLoss=1.3555 | TrainAcc=0.676 | Val(P3)=0.676 | Val(AVO)=0.595
2025-09-29 13:09:35 - No P3-val improvement; patience remaining: 25/50
2025-09-29 13:09:35 - AVO val decreasing 3x. Reducing lambda_MMD to 0.210
2025-09-29 13:09:35 - Epoch 29/500 | LR=0.009923 | w_AVO=1.000 | w_P3=2.756 | lambda_MMD=0.210
2025-09-29 13:09:35 - Epoch Summary: TrainLoss=1.3118 | TrainAcc=0.683 | Val(P3)=0.559 | Val(AVO)=0.627
2025-09-29 13:09:35 - No P3-val improvement; patience remaining: 24/50
2025-09-29 13:09:35 - Epoch 30/500 | LR=0.009917 | w_AVO=1.000 | w_P3=2.756 | lambda_MMD=0.300
2025-09-29 13:09:35 - Epoch Summary: TrainLoss=1.2725 | TrainAcc=0.683 | Val(P3)=0.559 | Val(AVO)=0.643
2025-09-29 13:09:35 - No P3-val improvement; patience remaining: 23/50
2025-09-29 13:09:35 - Epoch 31/500 | LR=0.009911 | w_AVO=1.000 | w_P3=2.756 | lambda_MMD=0.300
2025-09-29 13:09:36 - Epoch Summary: TrainLoss=1.2443 | TrainAcc=0.680 | Val(P3)=0.559 | Val(AVO)=0.621
2025-09-29 13:09:36 - No P3-val improvement; patience remaining: 22/50
2025-09-29 13:09:36 - Epoch 32/500 | LR=0.009905 | w_AVO=1.000 | w_P3=2.756 | lambda_MMD=0.300
2025-09-29 13:09:36 - Epoch Summary: TrainLoss=1.2365 | TrainAcc=0.694 | Val(P3)=0.618 | Val(AVO)=0.624
2025-09-29 13:09:36 - No P3-val improvement; patience remaining: 21/50
2025-09-29 13:09:36 - Epoch 33/500 | LR=0.009899 | w_AVO=1.000 | w_P3=2.756 | lambda_MMD=0.300
2025-09-29 13:09:36 - Epoch Summary: TrainLoss=1.2215 | TrainAcc=0.681 | Val(P3)=0.588 | Val(AVO)=0.614
2025-09-29 13:09:36 - No P3-val improvement; patience remaining: 20/50
2025-09-29 13:09:36 - Epoch 34/500 | LR=0.009893 | w_AVO=1.000 | w_P3=2.756 | lambda_MMD=0.300
2025-09-29 13:09:36 - Epoch Summary: TrainLoss=1.1826 | TrainAcc=0.692 | Val(P3)=0.500 | Val(AVO)=0.617
2025-09-29 13:09:36 - No P3-val improvement; patience remaining: 19/50
2025-09-29 13:09:36 - P3 val decreasing 3x. Reducing w_small to 2.205, lambda_MMD to 0.150
2025-09-29 13:09:36 - Epoch 35/500 | LR=0.009886 | w_AVO=1.000 | w_P3=2.205 | lambda_MMD=0.150
2025-09-29 13:09:36 - Epoch Summary: TrainLoss=1.0391 | TrainAcc=0.683 | Val(P3)=0.647 | Val(AVO)=0.627
2025-09-29 13:09:36 - No P3-val improvement; patience remaining: 18/50
2025-09-29 13:09:36 - Epoch 36/500 | LR=0.009880 | w_AVO=1.000 | w_P3=2.756 | lambda_MMD=0.300
2025-09-29 13:09:36 - Epoch Summary: TrainLoss=1.1281 | TrainAcc=0.687 | Val(P3)=0.647 | Val(AVO)=0.630
2025-09-29 13:09:36 - No P3-val improvement; patience remaining: 17/50
2025-09-29 13:09:36 - Epoch 37/500 | LR=0.009873 | w_AVO=1.000 | w_P3=2.756 | lambda_MMD=0.300
2025-09-29 13:09:37 - Epoch Summary: TrainLoss=1.1214 | TrainAcc=0.694 | Val(P3)=0.588 | Val(AVO)=0.630
2025-09-29 13:09:37 - No P3-val improvement; patience remaining: 16/50
2025-09-29 13:09:37 - Epoch 38/500 | LR=0.009865 | w_AVO=1.000 | w_P3=2.756 | lambda_MMD=0.300
2025-09-29 13:09:37 - Epoch Summary: TrainLoss=1.1046 | TrainAcc=0.684 | Val(P3)=0.559 | Val(AVO)=0.608
2025-09-29 13:09:37 - No P3-val improvement; patience remaining: 15/50
2025-09-29 13:09:37 - P3 val decreasing 3x. Reducing w_small to 2.205, lambda_MMD to 0.150
2025-09-29 13:09:37 - Epoch 39/500 | LR=0.009858 | w_AVO=1.000 | w_P3=2.205 | lambda_MMD=0.150
2025-09-29 13:09:37 - Epoch Summary: TrainLoss=0.9606 | TrainAcc=0.707 | Val(P3)=0.618 | Val(AVO)=0.643
2025-09-29 13:09:37 - No P3-val improvement; patience remaining: 14/50
2025-09-29 13:09:37 - Epoch 40/500 | LR=0.009851 | w_AVO=1.000 | w_P3=2.756 | lambda_MMD=0.300
2025-09-29 13:09:37 - Epoch Summary: TrainLoss=1.0605 | TrainAcc=0.697 | Val(P3)=0.588 | Val(AVO)=0.617
2025-09-29 13:09:37 - No P3-val improvement; patience remaining: 13/50
2025-09-29 13:09:37 - Epoch 41/500 | LR=0.009843 | w_AVO=1.000 | w_P3=2.756 | lambda_MMD=0.300
2025-09-29 13:09:37 - Epoch Summary: TrainLoss=1.1023 | TrainAcc=0.690 | Val(P3)=0.588 | Val(AVO)=0.617
2025-09-29 13:09:37 - No P3-val improvement; patience remaining: 12/50
2025-09-29 13:09:37 - Epoch 42/500 | LR=0.009835 | w_AVO=1.000 | w_P3=2.756 | lambda_MMD=0.300
2025-09-29 13:09:38 - Epoch Summary: TrainLoss=1.0672 | TrainAcc=0.699 | Val(P3)=0.559 | Val(AVO)=0.592
2025-09-29 13:09:38 - No P3-val improvement; patience remaining: 11/50
2025-09-29 13:09:38 - Epoch 43/500 | LR=0.009827 | w_AVO=1.000 | w_P3=2.756 | lambda_MMD=0.300
2025-09-29 13:09:38 - Epoch Summary: TrainLoss=1.0405 | TrainAcc=0.691 | Val(P3)=0.588 | Val(AVO)=0.601
2025-09-29 13:09:38 - No P3-val improvement; patience remaining: 10/50
2025-09-29 13:09:38 - Epoch 44/500 | LR=0.009819 | w_AVO=1.000 | w_P3=2.756 | lambda_MMD=0.300
2025-09-29 13:09:38 - Epoch Summary: TrainLoss=0.9950 | TrainAcc=0.703 | Val(P3)=0.559 | Val(AVO)=0.650
2025-09-29 13:09:38 - No P3-val improvement; patience remaining: 9/50
2025-09-29 13:09:38 - Epoch 45/500 | LR=0.009810 | w_AVO=1.000 | w_P3=2.756 | lambda_MMD=0.300
2025-09-29 13:09:38 - Epoch Summary: TrainLoss=0.9635 | TrainAcc=0.716 | Val(P3)=0.559 | Val(AVO)=0.640
2025-09-29 13:09:38 - No P3-val improvement; patience remaining: 8/50
2025-09-29 13:09:38 - Epoch 46/500 | LR=0.009801 | w_AVO=1.000 | w_P3=2.756 | lambda_MMD=0.300
2025-09-29 13:09:38 - Epoch Summary: TrainLoss=0.9715 | TrainAcc=0.710 | Val(P3)=0.618 | Val(AVO)=0.627
2025-09-29 13:09:38 - No P3-val improvement; patience remaining: 7/50
2025-09-29 13:09:38 - AVO val decreasing 3x. Reducing lambda_MMD to 0.210
2025-09-29 13:09:38 - Epoch 47/500 | LR=0.009793 | w_AVO=1.000 | w_P3=2.756 | lambda_MMD=0.210
2025-09-29 13:09:38 - Epoch Summary: TrainLoss=0.9663 | TrainAcc=0.705 | Val(P3)=0.588 | Val(AVO)=0.630
2025-09-29 13:09:38 - No P3-val improvement; patience remaining: 6/50
2025-09-29 13:09:38 - Epoch 48/500 | LR=0.009784 | w_AVO=1.000 | w_P3=2.756 | lambda_MMD=0.300
2025-09-29 13:09:39 - Epoch Summary: TrainLoss=0.9240 | TrainAcc=0.711 | Val(P3)=0.559 | Val(AVO)=0.633
2025-09-29 13:09:39 - No P3-val improvement; patience remaining: 5/50
2025-09-29 13:09:39 - P3 val decreasing 3x. Reducing w_small to 2.205, lambda_MMD to 0.150
2025-09-29 13:09:39 - Epoch 49/500 | LR=0.009774 | w_AVO=1.000 | w_P3=2.205 | lambda_MMD=0.150
2025-09-29 13:09:39 - Epoch Summary: TrainLoss=0.8207 | TrainAcc=0.711 | Val(P3)=0.588 | Val(AVO)=0.601
2025-09-29 13:09:39 - No P3-val improvement; patience remaining: 4/50
2025-09-29 13:09:39 - Epoch 50/500 | LR=0.009765 | w_AVO=1.000 | w_P3=2.756 | lambda_MMD=0.300
2025-09-29 13:09:39 - Epoch Summary: TrainLoss=0.8884 | TrainAcc=0.706 | Val(P3)=0.529 | Val(AVO)=0.630
2025-09-29 13:09:39 - No P3-val improvement; patience remaining: 3/50
2025-09-29 13:09:39 - Epoch 51/500 | LR=0.009755 | w_AVO=1.000 | w_P3=2.756 | lambda_MMD=0.300
2025-09-29 13:09:39 - Epoch Summary: TrainLoss=0.9698 | TrainAcc=0.708 | Val(P3)=0.500 | Val(AVO)=0.608
2025-09-29 13:09:39 - No P3-val improvement; patience remaining: 2/50
2025-09-29 13:09:39 - P3 val decreasing 3x. Reducing w_small to 2.205, lambda_MMD to 0.150
2025-09-29 13:09:39 - Epoch 52/500 | LR=0.009745 | w_AVO=1.000 | w_P3=2.205 | lambda_MMD=0.150
2025-09-29 13:09:39 - Epoch Summary: TrainLoss=0.7948 | TrainAcc=0.728 | Val(P3)=0.559 | Val(AVO)=0.617
2025-09-29 13:09:39 - No P3-val improvement; patience remaining: 1/50
2025-09-29 13:09:39 - Epoch 53/500 | LR=0.009735 | w_AVO=1.000 | w_P3=2.756 | lambda_MMD=0.300
2025-09-29 13:09:39 - Epoch Summary: TrainLoss=0.8876 | TrainAcc=0.713 | Val(P3)=0.588 | Val(AVO)=0.608
2025-09-29 13:09:39 - No P3-val improvement; patience remaining: 0/50
2025-09-29 13:09:39 - Early stopping triggered (P3-val)
2025-09-29 13:09:39 -     P3 Test | Acc=0.4941 P=0.5200 R=0.2955 F1=0.3768 AUC=0.5538 (n=85)
2025-09-29 13:09:39 -     AVO Test | Acc=0.6248 P=0.7403 R=0.3787 F1=0.5011 AUC=0.7318 (n=605)
2025-09-29 13:09:39 -     Overall Test Acc=0.6087
2025-09-29 13:09:39 -   Fold 3/5
2025-09-29 13:09:39 - Fold domains: small=P3 (n=295), large=AVO (n=2120)
2025-09-29 13:09:39 - Auto adjustments (symmetric): w_small≈1.000, lambda_MMD_target=0.300, warmup_epochs=5
2025-09-29 13:09:39 - Epoch 1/500 | LR=0.010000 | w_AVO=1.000 | w_P3=1.336 | lambda_MMD=0.060
2025-09-29 13:09:40 - Epoch Summary: TrainLoss=1.6733 | TrainAcc=0.541 | Val(P3)=0.649 | Val(AVO)=0.604
2025-09-29 13:09:40 - New best P3-val; checkpoint updated
2025-09-29 13:09:40 - Epoch 2/500 | LR=0.010000 | w_AVO=1.000 | w_P3=1.672 | lambda_MMD=0.120
2025-09-29 13:09:40 - Epoch Summary: TrainLoss=1.7259 | TrainAcc=0.612 | Val(P3)=0.649 | Val(AVO)=0.610
2025-09-29 13:09:40 - No P3-val improvement; patience remaining: 49/50
2025-09-29 13:09:40 - Epoch 3/500 | LR=0.010000 | w_AVO=1.000 | w_P3=2.008 | lambda_MMD=0.180
2025-09-29 13:09:40 - Epoch Summary: TrainLoss=1.9431 | TrainAcc=0.612 | Val(P3)=0.595 | Val(AVO)=0.594
2025-09-29 13:09:40 - No P3-val improvement; patience remaining: 48/50
2025-09-29 13:09:40 - Epoch 4/500 | LR=0.009999 | w_AVO=1.000 | w_P3=2.345 | lambda_MMD=0.240
2025-09-29 13:09:40 - Epoch Summary: TrainLoss=2.1242 | TrainAcc=0.615 | Val(P3)=0.649 | Val(AVO)=0.604
2025-09-29 13:09:40 - No P3-val improvement; patience remaining: 47/50
2025-09-29 13:09:40 - Epoch 5/500 | LR=0.009998 | w_AVO=1.000 | w_P3=2.681 | lambda_MMD=0.300
2025-09-29 13:09:40 - Epoch Summary: TrainLoss=2.3119 | TrainAcc=0.608 | Val(P3)=0.622 | Val(AVO)=0.610
2025-09-29 13:09:40 - No P3-val improvement; patience remaining: 46/50
2025-09-29 13:09:40 - Epoch 6/500 | LR=0.009998 | w_AVO=1.000 | w_P3=2.681 | lambda_MMD=0.300
2025-09-29 13:09:40 - Epoch Summary: TrainLoss=2.2747 | TrainAcc=0.631 | Val(P3)=0.649 | Val(AVO)=0.607
2025-09-29 13:09:40 - No P3-val improvement; patience remaining: 45/50
2025-09-29 13:09:40 - Epoch 7/500 | LR=0.009996 | w_AVO=1.000 | w_P3=2.681 | lambda_MMD=0.300
2025-09-29 13:09:41 - Epoch Summary: TrainLoss=2.2374 | TrainAcc=0.623 | Val(P3)=0.568 | Val(AVO)=0.620
2025-09-29 13:09:41 - No P3-val improvement; patience remaining: 44/50
2025-09-29 13:09:41 - Epoch 8/500 | LR=0.009995 | w_AVO=1.000 | w_P3=2.681 | lambda_MMD=0.300
2025-09-29 13:09:41 - Epoch Summary: TrainLoss=2.1852 | TrainAcc=0.628 | Val(P3)=0.649 | Val(AVO)=0.640
2025-09-29 13:09:41 - No P3-val improvement; patience remaining: 43/50
2025-09-29 13:09:41 - Epoch 9/500 | LR=0.009994 | w_AVO=1.000 | w_P3=2.681 | lambda_MMD=0.300
2025-09-29 13:09:41 - Epoch Summary: TrainLoss=2.1214 | TrainAcc=0.642 | Val(P3)=0.649 | Val(AVO)=0.630
2025-09-29 13:09:41 - No P3-val improvement; patience remaining: 42/50
2025-09-29 13:09:41 - Epoch 10/500 | LR=0.009992 | w_AVO=1.000 | w_P3=2.681 | lambda_MMD=0.300
2025-09-29 13:09:41 - Epoch Summary: TrainLoss=2.0718 | TrainAcc=0.643 | Val(P3)=0.649 | Val(AVO)=0.640
2025-09-29 13:09:41 - No P3-val improvement; patience remaining: 41/50
2025-09-29 13:09:41 - Epoch 11/500 | LR=0.009990 | w_AVO=1.000 | w_P3=2.681 | lambda_MMD=0.300
2025-09-29 13:09:41 - Epoch Summary: TrainLoss=2.0258 | TrainAcc=0.653 | Val(P3)=0.595 | Val(AVO)=0.643
2025-09-29 13:09:41 - No P3-val improvement; patience remaining: 40/50
2025-09-29 13:09:41 - Epoch 12/500 | LR=0.009988 | w_AVO=1.000 | w_P3=2.681 | lambda_MMD=0.300
2025-09-29 13:09:42 - Epoch Summary: TrainLoss=1.9866 | TrainAcc=0.649 | Val(P3)=0.676 | Val(AVO)=0.643
2025-09-29 13:09:42 - New best P3-val; checkpoint updated
2025-09-29 13:09:42 - Epoch 13/500 | LR=0.009986 | w_AVO=1.000 | w_P3=2.681 | lambda_MMD=0.300
2025-09-29 13:09:42 - Epoch Summary: TrainLoss=1.9008 | TrainAcc=0.653 | Val(P3)=0.622 | Val(AVO)=0.623
2025-09-29 13:09:42 - No P3-val improvement; patience remaining: 49/50
2025-09-29 13:09:42 - Epoch 14/500 | LR=0.009983 | w_AVO=1.000 | w_P3=2.681 | lambda_MMD=0.300
2025-09-29 13:09:42 - Epoch Summary: TrainLoss=1.8713 | TrainAcc=0.646 | Val(P3)=0.676 | Val(AVO)=0.646
2025-09-29 13:09:42 - No P3-val improvement; patience remaining: 48/50
2025-09-29 13:09:42 - Epoch 15/500 | LR=0.009981 | w_AVO=1.000 | w_P3=2.681 | lambda_MMD=0.300
2025-09-29 13:09:42 - Epoch Summary: TrainLoss=1.8052 | TrainAcc=0.650 | Val(P3)=0.595 | Val(AVO)=0.630
2025-09-29 13:09:42 - No P3-val improvement; patience remaining: 47/50
2025-09-29 13:09:42 - Epoch 16/500 | LR=0.009978 | w_AVO=1.000 | w_P3=2.681 | lambda_MMD=0.300
2025-09-29 13:09:42 - Epoch Summary: TrainLoss=1.7702 | TrainAcc=0.669 | Val(P3)=0.622 | Val(AVO)=0.636
2025-09-29 13:09:42 - No P3-val improvement; patience remaining: 46/50
2025-09-29 13:09:42 - Epoch 17/500 | LR=0.009975 | w_AVO=1.000 | w_P3=2.681 | lambda_MMD=0.300
2025-09-29 13:09:42 - Epoch Summary: TrainLoss=1.7064 | TrainAcc=0.663 | Val(P3)=0.622 | Val(AVO)=0.617
2025-09-29 13:09:42 - No P3-val improvement; patience remaining: 45/50
2025-09-29 13:09:42 - Epoch 18/500 | LR=0.009972 | w_AVO=1.000 | w_P3=2.681 | lambda_MMD=0.300
2025-09-29 13:09:43 - Epoch Summary: TrainLoss=1.6493 | TrainAcc=0.661 | Val(P3)=0.622 | Val(AVO)=0.620
2025-09-29 13:09:43 - No P3-val improvement; patience remaining: 44/50
2025-09-29 13:09:43 - Epoch 19/500 | LR=0.009968 | w_AVO=1.000 | w_P3=2.681 | lambda_MMD=0.300
2025-09-29 13:09:43 - Epoch Summary: TrainLoss=1.6608 | TrainAcc=0.662 | Val(P3)=0.649 | Val(AVO)=0.643
2025-09-29 13:09:43 - No P3-val improvement; patience remaining: 43/50
2025-09-29 13:09:43 - Epoch 20/500 | LR=0.009964 | w_AVO=1.000 | w_P3=2.681 | lambda_MMD=0.300
2025-09-29 13:09:43 - Epoch Summary: TrainLoss=1.6067 | TrainAcc=0.668 | Val(P3)=0.622 | Val(AVO)=0.614
2025-09-29 13:09:43 - No P3-val improvement; patience remaining: 42/50
2025-09-29 13:09:43 - Epoch 21/500 | LR=0.009961 | w_AVO=1.000 | w_P3=2.681 | lambda_MMD=0.300
2025-09-29 13:09:43 - Epoch Summary: TrainLoss=1.5882 | TrainAcc=0.665 | Val(P3)=0.649 | Val(AVO)=0.643
2025-09-29 13:09:43 - No P3-val improvement; patience remaining: 41/50
2025-09-29 13:09:43 - Epoch 22/500 | LR=0.009957 | w_AVO=1.000 | w_P3=2.681 | lambda_MMD=0.300
2025-09-29 13:09:43 - Epoch Summary: TrainLoss=1.5136 | TrainAcc=0.668 | Val(P3)=0.703 | Val(AVO)=0.649
2025-09-29 13:09:43 - New best P3-val; checkpoint updated
2025-09-29 13:09:43 - Epoch 23/500 | LR=0.009952 | w_AVO=1.000 | w_P3=2.681 | lambda_MMD=0.300
2025-09-29 13:09:43 - Epoch Summary: TrainLoss=1.4809 | TrainAcc=0.674 | Val(P3)=0.649 | Val(AVO)=0.630
2025-09-29 13:09:43 - No P3-val improvement; patience remaining: 49/50
2025-09-29 13:09:43 - Epoch 24/500 | LR=0.009948 | w_AVO=1.000 | w_P3=2.681 | lambda_MMD=0.300
2025-09-29 13:09:44 - Epoch Summary: TrainLoss=1.4606 | TrainAcc=0.674 | Val(P3)=0.595 | Val(AVO)=0.646
2025-09-29 13:09:44 - No P3-val improvement; patience remaining: 48/50
2025-09-29 13:09:44 - P3 val decreasing 3x. Reducing w_small to 2.145, lambda_MMD to 0.150
2025-09-29 13:09:44 - Epoch 25/500 | LR=0.009943 | w_AVO=1.000 | w_P3=2.145 | lambda_MMD=0.150
2025-09-29 13:09:44 - Epoch Summary: TrainLoss=1.2718 | TrainAcc=0.670 | Val(P3)=0.622 | Val(AVO)=0.636
2025-09-29 13:09:44 - No P3-val improvement; patience remaining: 47/50
2025-09-29 13:09:44 - Epoch 26/500 | LR=0.009938 | w_AVO=1.000 | w_P3=2.681 | lambda_MMD=0.300
2025-09-29 13:09:44 - Epoch Summary: TrainLoss=1.3941 | TrainAcc=0.675 | Val(P3)=0.595 | Val(AVO)=0.630
2025-09-29 13:09:44 - No P3-val improvement; patience remaining: 46/50
2025-09-29 13:09:44 - AVO val decreasing 3x. Reducing lambda_MMD to 0.210
2025-09-29 13:09:44 - Epoch 27/500 | LR=0.009933 | w_AVO=1.000 | w_P3=2.681 | lambda_MMD=0.210
2025-09-29 13:09:44 - Epoch Summary: TrainLoss=1.3939 | TrainAcc=0.679 | Val(P3)=0.622 | Val(AVO)=0.656
2025-09-29 13:09:44 - No P3-val improvement; patience remaining: 45/50
2025-09-29 13:09:44 - Epoch 28/500 | LR=0.009928 | w_AVO=1.000 | w_P3=2.681 | lambda_MMD=0.300
2025-09-29 13:09:44 - Epoch Summary: TrainLoss=1.3356 | TrainAcc=0.667 | Val(P3)=0.622 | Val(AVO)=0.672
2025-09-29 13:09:44 - No P3-val improvement; patience remaining: 44/50
2025-09-29 13:09:44 - Epoch 29/500 | LR=0.009923 | w_AVO=1.000 | w_P3=2.681 | lambda_MMD=0.300
2025-09-29 13:09:45 - Epoch Summary: TrainLoss=1.3431 | TrainAcc=0.680 | Val(P3)=0.730 | Val(AVO)=0.653
2025-09-29 13:09:45 - New best P3-val; checkpoint updated
2025-09-29 13:09:45 - Epoch 30/500 | LR=0.009917 | w_AVO=1.000 | w_P3=2.681 | lambda_MMD=0.300
2025-09-29 13:09:45 - Epoch Summary: TrainLoss=1.2909 | TrainAcc=0.676 | Val(P3)=0.649 | Val(AVO)=0.669
2025-09-29 13:09:45 - No P3-val improvement; patience remaining: 49/50
2025-09-29 13:09:45 - Epoch 31/500 | LR=0.009911 | w_AVO=1.000 | w_P3=2.681 | lambda_MMD=0.300
2025-09-29 13:09:45 - Epoch Summary: TrainLoss=1.2605 | TrainAcc=0.682 | Val(P3)=0.595 | Val(AVO)=0.610
2025-09-29 13:09:45 - No P3-val improvement; patience remaining: 48/50
2025-09-29 13:09:45 - P3 val decreasing 3x. Reducing w_small to 2.145, lambda_MMD to 0.150
2025-09-29 13:09:45 - Epoch 32/500 | LR=0.009905 | w_AVO=1.000 | w_P3=2.145 | lambda_MMD=0.150
2025-09-29 13:09:45 - Epoch Summary: TrainLoss=1.0927 | TrainAcc=0.689 | Val(P3)=0.676 | Val(AVO)=0.653
2025-09-29 13:09:45 - No P3-val improvement; patience remaining: 47/50
2025-09-29 13:09:45 - Epoch 33/500 | LR=0.009899 | w_AVO=1.000 | w_P3=2.681 | lambda_MMD=0.300
2025-09-29 13:09:45 - Epoch Summary: TrainLoss=1.2071 | TrainAcc=0.683 | Val(P3)=0.703 | Val(AVO)=0.659
2025-09-29 13:09:45 - No P3-val improvement; patience remaining: 46/50
2025-09-29 13:09:45 - Epoch 34/500 | LR=0.009893 | w_AVO=1.000 | w_P3=2.681 | lambda_MMD=0.300
2025-09-29 13:09:45 - Epoch Summary: TrainLoss=1.1703 | TrainAcc=0.703 | Val(P3)=0.595 | Val(AVO)=0.617
2025-09-29 13:09:45 - No P3-val improvement; patience remaining: 45/50
2025-09-29 13:09:45 - Epoch 35/500 | LR=0.009886 | w_AVO=1.000 | w_P3=2.681 | lambda_MMD=0.300
2025-09-29 13:09:46 - Epoch Summary: TrainLoss=1.1378 | TrainAcc=0.708 | Val(P3)=0.676 | Val(AVO)=0.643
2025-09-29 13:09:46 - No P3-val improvement; patience remaining: 44/50
2025-09-29 13:09:46 - Epoch 36/500 | LR=0.009880 | w_AVO=1.000 | w_P3=2.681 | lambda_MMD=0.300
2025-09-29 13:09:46 - Epoch Summary: TrainLoss=1.1046 | TrainAcc=0.698 | Val(P3)=0.622 | Val(AVO)=0.659
2025-09-29 13:09:46 - No P3-val improvement; patience remaining: 43/50
2025-09-29 13:09:46 - Epoch 37/500 | LR=0.009873 | w_AVO=1.000 | w_P3=2.681 | lambda_MMD=0.300
2025-09-29 13:09:46 - Epoch Summary: TrainLoss=1.1093 | TrainAcc=0.708 | Val(P3)=0.622 | Val(AVO)=0.640
2025-09-29 13:09:46 - No P3-val improvement; patience remaining: 42/50
2025-09-29 13:09:46 - Epoch 38/500 | LR=0.009865 | w_AVO=1.000 | w_P3=2.681 | lambda_MMD=0.300
2025-09-29 13:09:46 - Epoch Summary: TrainLoss=1.0975 | TrainAcc=0.705 | Val(P3)=0.649 | Val(AVO)=0.646
2025-09-29 13:09:46 - No P3-val improvement; patience remaining: 41/50
2025-09-29 13:09:46 - Epoch 39/500 | LR=0.009858 | w_AVO=1.000 | w_P3=2.681 | lambda_MMD=0.300
2025-09-29 13:09:46 - Epoch Summary: TrainLoss=1.0540 | TrainAcc=0.706 | Val(P3)=0.676 | Val(AVO)=0.630
2025-09-29 13:09:46 - No P3-val improvement; patience remaining: 40/50
2025-09-29 13:09:46 - Epoch 40/500 | LR=0.009851 | w_AVO=1.000 | w_P3=2.681 | lambda_MMD=0.300
2025-09-29 13:09:46 - Epoch Summary: TrainLoss=1.0207 | TrainAcc=0.709 | Val(P3)=0.730 | Val(AVO)=0.682
2025-09-29 13:09:46 - No P3-val improvement; patience remaining: 39/50
2025-09-29 13:09:46 - Epoch 41/500 | LR=0.009843 | w_AVO=1.000 | w_P3=2.681 | lambda_MMD=0.300
2025-09-29 13:09:47 - Epoch Summary: TrainLoss=1.0118 | TrainAcc=0.710 | Val(P3)=0.622 | Val(AVO)=0.630
2025-09-29 13:09:47 - No P3-val improvement; patience remaining: 38/50
2025-09-29 13:09:47 - Epoch 42/500 | LR=0.009835 | w_AVO=1.000 | w_P3=2.681 | lambda_MMD=0.300
2025-09-29 13:09:47 - Epoch Summary: TrainLoss=0.9878 | TrainAcc=0.726 | Val(P3)=0.622 | Val(AVO)=0.640
2025-09-29 13:09:47 - No P3-val improvement; patience remaining: 37/50
2025-09-29 13:09:47 - Epoch 43/500 | LR=0.009827 | w_AVO=1.000 | w_P3=2.681 | lambda_MMD=0.300
2025-09-29 13:09:47 - Epoch Summary: TrainLoss=0.9747 | TrainAcc=0.726 | Val(P3)=0.649 | Val(AVO)=0.636
2025-09-29 13:09:47 - No P3-val improvement; patience remaining: 36/50
2025-09-29 13:09:47 - Epoch 44/500 | LR=0.009819 | w_AVO=1.000 | w_P3=2.681 | lambda_MMD=0.300
2025-09-29 13:09:47 - Epoch Summary: TrainLoss=0.9641 | TrainAcc=0.712 | Val(P3)=0.676 | Val(AVO)=0.636
2025-09-29 13:09:47 - No P3-val improvement; patience remaining: 35/50
2025-09-29 13:09:47 - Epoch 45/500 | LR=0.009810 | w_AVO=1.000 | w_P3=2.681 | lambda_MMD=0.300
2025-09-29 13:09:47 - Epoch Summary: TrainLoss=0.9299 | TrainAcc=0.723 | Val(P3)=0.622 | Val(AVO)=0.640
2025-09-29 13:09:47 - No P3-val improvement; patience remaining: 34/50
2025-09-29 13:09:47 - Epoch 46/500 | LR=0.009801 | w_AVO=1.000 | w_P3=2.681 | lambda_MMD=0.300
2025-09-29 13:09:48 - Epoch Summary: TrainLoss=0.9344 | TrainAcc=0.722 | Val(P3)=0.676 | Val(AVO)=0.620
2025-09-29 13:09:48 - No P3-val improvement; patience remaining: 33/50
2025-09-29 13:09:48 - Epoch 47/500 | LR=0.009793 | w_AVO=1.000 | w_P3=2.681 | lambda_MMD=0.300
2025-09-29 13:09:48 - Epoch Summary: TrainLoss=0.9520 | TrainAcc=0.722 | Val(P3)=0.568 | Val(AVO)=0.581
2025-09-29 13:09:48 - No P3-val improvement; patience remaining: 32/50
2025-09-29 13:09:48 - AVO val decreasing 3x. Reducing lambda_MMD to 0.210
2025-09-29 13:09:48 - Epoch 48/500 | LR=0.009784 | w_AVO=1.000 | w_P3=2.681 | lambda_MMD=0.210
2025-09-29 13:09:48 - Epoch Summary: TrainLoss=0.8984 | TrainAcc=0.726 | Val(P3)=0.541 | Val(AVO)=0.620
2025-09-29 13:09:48 - No P3-val improvement; patience remaining: 31/50
2025-09-29 13:09:48 - P3 val decreasing 3x. Reducing w_small to 2.145, lambda_MMD to 0.150
2025-09-29 13:09:48 - Epoch 49/500 | LR=0.009774 | w_AVO=1.000 | w_P3=2.145 | lambda_MMD=0.150
2025-09-29 13:09:48 - Epoch Summary: TrainLoss=0.8061 | TrainAcc=0.727 | Val(P3)=0.595 | Val(AVO)=0.614
2025-09-29 13:09:48 - No P3-val improvement; patience remaining: 30/50
2025-09-29 13:09:48 - Epoch 50/500 | LR=0.009765 | w_AVO=1.000 | w_P3=2.681 | lambda_MMD=0.300
2025-09-29 13:09:48 - Epoch Summary: TrainLoss=0.8942 | TrainAcc=0.732 | Val(P3)=0.676 | Val(AVO)=0.646
2025-09-29 13:09:48 - No P3-val improvement; patience remaining: 29/50
2025-09-29 13:09:48 - Epoch 51/500 | LR=0.009755 | w_AVO=1.000 | w_P3=2.681 | lambda_MMD=0.300
2025-09-29 13:09:48 - Epoch Summary: TrainLoss=0.8620 | TrainAcc=0.736 | Val(P3)=0.649 | Val(AVO)=0.636
2025-09-29 13:09:48 - No P3-val improvement; patience remaining: 28/50
2025-09-29 13:09:48 - Epoch 52/500 | LR=0.009745 | w_AVO=1.000 | w_P3=2.681 | lambda_MMD=0.300
2025-09-29 13:09:49 - Epoch Summary: TrainLoss=0.8293 | TrainAcc=0.747 | Val(P3)=0.649 | Val(AVO)=0.617
2025-09-29 13:09:49 - No P3-val improvement; patience remaining: 27/50
2025-09-29 13:09:49 - AVO val decreasing 3x. Reducing lambda_MMD to 0.210
2025-09-29 13:09:49 - Epoch 53/500 | LR=0.009735 | w_AVO=1.000 | w_P3=2.681 | lambda_MMD=0.210
2025-09-29 13:09:49 - Epoch Summary: TrainLoss=0.8344 | TrainAcc=0.733 | Val(P3)=0.622 | Val(AVO)=0.636
2025-09-29 13:09:49 - No P3-val improvement; patience remaining: 26/50
2025-09-29 13:09:49 - Epoch 54/500 | LR=0.009725 | w_AVO=1.000 | w_P3=2.681 | lambda_MMD=0.300
2025-09-29 13:09:49 - Epoch Summary: TrainLoss=0.8368 | TrainAcc=0.747 | Val(P3)=0.703 | Val(AVO)=0.649
2025-09-29 13:09:49 - No P3-val improvement; patience remaining: 25/50
2025-09-29 13:09:49 - Epoch 55/500 | LR=0.009715 | w_AVO=1.000 | w_P3=2.681 | lambda_MMD=0.300
2025-09-29 13:09:49 - Epoch Summary: TrainLoss=0.8900 | TrainAcc=0.724 | Val(P3)=0.649 | Val(AVO)=0.623
2025-09-29 13:09:49 - No P3-val improvement; patience remaining: 24/50
2025-09-29 13:09:49 - Epoch 56/500 | LR=0.009704 | w_AVO=1.000 | w_P3=2.681 | lambda_MMD=0.300
2025-09-29 13:09:49 - Epoch Summary: TrainLoss=0.8052 | TrainAcc=0.744 | Val(P3)=0.622 | Val(AVO)=0.627
2025-09-29 13:09:49 - No P3-val improvement; patience remaining: 23/50
2025-09-29 13:09:49 - P3 val decreasing 3x. Reducing w_small to 2.145, lambda_MMD to 0.150
2025-09-29 13:09:49 - Epoch 57/500 | LR=0.009694 | w_AVO=1.000 | w_P3=2.145 | lambda_MMD=0.150
2025-09-29 13:09:49 - Epoch Summary: TrainLoss=0.7571 | TrainAcc=0.735 | Val(P3)=0.676 | Val(AVO)=0.630
2025-09-29 13:09:49 - No P3-val improvement; patience remaining: 22/50
2025-09-29 13:09:49 - Epoch 58/500 | LR=0.009683 | w_AVO=1.000 | w_P3=2.681 | lambda_MMD=0.300
2025-09-29 13:09:50 - Epoch Summary: TrainLoss=0.8045 | TrainAcc=0.738 | Val(P3)=0.514 | Val(AVO)=0.568
2025-09-29 13:09:50 - No P3-val improvement; patience remaining: 21/50
2025-09-29 13:09:50 - Epoch 59/500 | LR=0.009672 | w_AVO=1.000 | w_P3=2.681 | lambda_MMD=0.300
2025-09-29 13:09:50 - Epoch Summary: TrainLoss=0.8085 | TrainAcc=0.744 | Val(P3)=0.649 | Val(AVO)=0.620
2025-09-29 13:09:50 - No P3-val improvement; patience remaining: 20/50
2025-09-29 13:09:50 - Epoch 60/500 | LR=0.009660 | w_AVO=1.000 | w_P3=2.681 | lambda_MMD=0.300
2025-09-29 13:09:50 - Epoch Summary: TrainLoss=0.8977 | TrainAcc=0.717 | Val(P3)=0.568 | Val(AVO)=0.578
2025-09-29 13:09:50 - No P3-val improvement; patience remaining: 19/50
2025-09-29 13:09:50 - Epoch 61/500 | LR=0.009649 | w_AVO=1.000 | w_P3=2.681 | lambda_MMD=0.300
2025-09-29 13:09:50 - Epoch Summary: TrainLoss=0.7902 | TrainAcc=0.733 | Val(P3)=0.622 | Val(AVO)=0.617
2025-09-29 13:09:50 - No P3-val improvement; patience remaining: 18/50
2025-09-29 13:09:50 - Epoch 62/500 | LR=0.009637 | w_AVO=1.000 | w_P3=2.681 | lambda_MMD=0.300
2025-09-29 13:09:50 - Epoch Summary: TrainLoss=0.7491 | TrainAcc=0.754 | Val(P3)=0.568 | Val(AVO)=0.578
2025-09-29 13:09:50 - No P3-val improvement; patience remaining: 17/50
2025-09-29 13:09:50 - Epoch 63/500 | LR=0.009625 | w_AVO=1.000 | w_P3=2.681 | lambda_MMD=0.300
2025-09-29 13:09:51 - Epoch Summary: TrainLoss=0.7312 | TrainAcc=0.759 | Val(P3)=0.622 | Val(AVO)=0.633
2025-09-29 13:09:51 - No P3-val improvement; patience remaining: 16/50
2025-09-29 13:09:51 - Epoch 64/500 | LR=0.009613 | w_AVO=1.000 | w_P3=2.681 | lambda_MMD=0.300
2025-09-29 13:09:51 - Epoch Summary: TrainLoss=0.7265 | TrainAcc=0.763 | Val(P3)=0.676 | Val(AVO)=0.617
2025-09-29 13:09:51 - No P3-val improvement; patience remaining: 15/50
2025-09-29 13:09:51 - Epoch 65/500 | LR=0.009601 | w_AVO=1.000 | w_P3=2.681 | lambda_MMD=0.300
2025-09-29 13:09:51 - Epoch Summary: TrainLoss=0.7264 | TrainAcc=0.764 | Val(P3)=0.622 | Val(AVO)=0.627
2025-09-29 13:09:51 - No P3-val improvement; patience remaining: 14/50
2025-09-29 13:09:51 - Epoch 66/500 | LR=0.009589 | w_AVO=1.000 | w_P3=2.681 | lambda_MMD=0.300
2025-09-29 13:09:51 - Epoch Summary: TrainLoss=0.7241 | TrainAcc=0.761 | Val(P3)=0.649 | Val(AVO)=0.640
2025-09-29 13:09:51 - No P3-val improvement; patience remaining: 13/50
2025-09-29 13:09:51 - Epoch 67/500 | LR=0.009576 | w_AVO=1.000 | w_P3=2.681 | lambda_MMD=0.300
2025-09-29 13:09:51 - Epoch Summary: TrainLoss=0.7149 | TrainAcc=0.763 | Val(P3)=0.595 | Val(AVO)=0.607
2025-09-29 13:09:51 - No P3-val improvement; patience remaining: 12/50
2025-09-29 13:09:51 - Epoch 68/500 | LR=0.009563 | w_AVO=1.000 | w_P3=2.681 | lambda_MMD=0.300
2025-09-29 13:09:51 - Epoch Summary: TrainLoss=0.7090 | TrainAcc=0.768 | Val(P3)=0.649 | Val(AVO)=0.630
2025-09-29 13:09:51 - No P3-val improvement; patience remaining: 11/50
2025-09-29 13:09:51 - Epoch 69/500 | LR=0.009551 | w_AVO=1.000 | w_P3=2.681 | lambda_MMD=0.300
2025-09-29 13:09:52 - Epoch Summary: TrainLoss=0.7195 | TrainAcc=0.761 | Val(P3)=0.649 | Val(AVO)=0.672
2025-09-29 13:09:52 - No P3-val improvement; patience remaining: 10/50
2025-09-29 13:09:52 - Epoch 70/500 | LR=0.009537 | w_AVO=1.000 | w_P3=2.681 | lambda_MMD=0.300
2025-09-29 13:09:52 - Epoch Summary: TrainLoss=0.6905 | TrainAcc=0.765 | Val(P3)=0.595 | Val(AVO)=0.610
2025-09-29 13:09:52 - No P3-val improvement; patience remaining: 9/50
2025-09-29 13:09:52 - Epoch 71/500 | LR=0.009524 | w_AVO=1.000 | w_P3=2.681 | lambda_MMD=0.300
2025-09-29 13:09:52 - Epoch Summary: TrainLoss=0.6825 | TrainAcc=0.779 | Val(P3)=0.568 | Val(AVO)=0.536
2025-09-29 13:09:52 - No P3-val improvement; patience remaining: 8/50
2025-09-29 13:09:52 - P3 val decreasing 3x. Reducing w_small to 2.145, lambda_MMD to 0.150
2025-09-29 13:09:52 - AVO val decreasing 3x. Reducing lambda_MMD to 0.105
2025-09-29 13:09:52 - Epoch 72/500 | LR=0.009511 | w_AVO=1.000 | w_P3=2.145 | lambda_MMD=0.105
2025-09-29 13:09:52 - Epoch Summary: TrainLoss=0.6523 | TrainAcc=0.750 | Val(P3)=0.649 | Val(AVO)=0.659
2025-09-29 13:09:52 - No P3-val improvement; patience remaining: 7/50
2025-09-29 13:09:52 - Epoch 73/500 | LR=0.009497 | w_AVO=1.000 | w_P3=2.681 | lambda_MMD=0.300
2025-09-29 13:09:52 - Epoch Summary: TrainLoss=0.6848 | TrainAcc=0.770 | Val(P3)=0.595 | Val(AVO)=0.662
2025-09-29 13:09:52 - No P3-val improvement; patience remaining: 6/50
2025-09-29 13:09:52 - Epoch 74/500 | LR=0.009483 | w_AVO=1.000 | w_P3=2.681 | lambda_MMD=0.300
2025-09-29 13:09:52 - Epoch Summary: TrainLoss=0.6733 | TrainAcc=0.766 | Val(P3)=0.622 | Val(AVO)=0.610
2025-09-29 13:09:52 - No P3-val improvement; patience remaining: 5/50
2025-09-29 13:09:52 - Epoch 75/500 | LR=0.009469 | w_AVO=1.000 | w_P3=2.681 | lambda_MMD=0.300
2025-09-29 13:09:53 - Epoch Summary: TrainLoss=0.6614 | TrainAcc=0.783 | Val(P3)=0.649 | Val(AVO)=0.640
2025-09-29 13:09:53 - No P3-val improvement; patience remaining: 4/50
2025-09-29 13:09:53 - Epoch 76/500 | LR=0.009455 | w_AVO=1.000 | w_P3=2.681 | lambda_MMD=0.300
2025-09-29 13:09:53 - Epoch Summary: TrainLoss=0.6865 | TrainAcc=0.763 | Val(P3)=0.622 | Val(AVO)=0.614
2025-09-29 13:09:53 - No P3-val improvement; patience remaining: 3/50
2025-09-29 13:09:53 - Epoch 77/500 | LR=0.009441 | w_AVO=1.000 | w_P3=2.681 | lambda_MMD=0.300
2025-09-29 13:09:53 - Epoch Summary: TrainLoss=0.6410 | TrainAcc=0.784 | Val(P3)=0.595 | Val(AVO)=0.630
2025-09-29 13:09:53 - No P3-val improvement; patience remaining: 2/50
2025-09-29 13:09:53 - P3 val decreasing 3x. Reducing w_small to 2.145, lambda_MMD to 0.150
2025-09-29 13:09:53 - Epoch 78/500 | LR=0.009426 | w_AVO=1.000 | w_P3=2.145 | lambda_MMD=0.150
2025-09-29 13:09:53 - Epoch Summary: TrainLoss=0.5790 | TrainAcc=0.788 | Val(P3)=0.649 | Val(AVO)=0.646
2025-09-29 13:09:53 - No P3-val improvement; patience remaining: 1/50
2025-09-29 13:09:53 - Epoch 79/500 | LR=0.009411 | w_AVO=1.000 | w_P3=2.681 | lambda_MMD=0.300
2025-09-29 13:09:53 - Epoch Summary: TrainLoss=0.6325 | TrainAcc=0.783 | Val(P3)=0.649 | Val(AVO)=0.620
2025-09-29 13:09:53 - No P3-val improvement; patience remaining: 0/50
2025-09-29 13:09:53 - Early stopping triggered (P3-val)
2025-09-29 13:09:53 -     P3 Test | Acc=0.5147 P=0.5366 R=0.6111 F1=0.5714 AUC=0.5521 (n=68)
2025-09-29 13:09:53 -     AVO Test | Acc=0.6061 P=0.5640 R=0.9126 F1=0.6972 AUC=0.7195 (n=622)
2025-09-29 13:09:53 -     Overall Test Acc=0.5971
2025-09-29 13:09:53 -   Fold 4/5
2025-09-29 13:09:53 - Fold domains: small=P3 (n=289), large=AVO (n=2126)
2025-09-29 13:09:53 - Auto adjustments (symmetric): w_small≈1.000, lambda_MMD_target=0.300, warmup_epochs=5
2025-09-29 13:09:53 - Epoch 1/500 | LR=0.010000 | w_AVO=1.000 | w_P3=1.342 | lambda_MMD=0.060
2025-09-29 13:09:54 - Epoch Summary: TrainLoss=1.6278 | TrainAcc=0.565 | Val(P3)=0.543 | Val(AVO)=0.626
2025-09-29 13:09:54 - New best P3-val; checkpoint updated
2025-09-29 13:09:54 - Epoch 2/500 | LR=0.010000 | w_AVO=1.000 | w_P3=1.685 | lambda_MMD=0.120
2025-09-29 13:09:54 - Epoch Summary: TrainLoss=1.7420 | TrainAcc=0.601 | Val(P3)=0.486 | Val(AVO)=0.561
2025-09-29 13:09:54 - No P3-val improvement; patience remaining: 49/50
2025-09-29 13:09:54 - Epoch 3/500 | LR=0.010000 | w_AVO=1.000 | w_P3=2.027 | lambda_MMD=0.180
2025-09-29 13:09:54 - Epoch Summary: TrainLoss=1.9114 | TrainAcc=0.613 | Val(P3)=0.600 | Val(AVO)=0.613
2025-09-29 13:09:54 - New best P3-val; checkpoint updated
2025-09-29 13:09:54 - Epoch 4/500 | LR=0.009999 | w_AVO=1.000 | w_P3=2.370 | lambda_MMD=0.240
2025-09-29 13:09:54 - Epoch Summary: TrainLoss=2.1097 | TrainAcc=0.621 | Val(P3)=0.514 | Val(AVO)=0.606
2025-09-29 13:09:54 - No P3-val improvement; patience remaining: 49/50
2025-09-29 13:09:54 - Epoch 5/500 | LR=0.009998 | w_AVO=1.000 | w_P3=2.712 | lambda_MMD=0.300
2025-09-29 13:09:54 - Epoch Summary: TrainLoss=2.2855 | TrainAcc=0.620 | Val(P3)=0.600 | Val(AVO)=0.597
2025-09-29 13:09:54 - No P3-val improvement; patience remaining: 48/50
2025-09-29 13:09:54 - AVO val decreasing 3x. Reducing lambda_MMD to 0.210
2025-09-29 13:09:54 - Epoch 6/500 | LR=0.009998 | w_AVO=1.000 | w_P3=2.712 | lambda_MMD=0.210
2025-09-29 13:09:54 - Epoch Summary: TrainLoss=2.2561 | TrainAcc=0.630 | Val(P3)=0.543 | Val(AVO)=0.642
2025-09-29 13:09:54 - No P3-val improvement; patience remaining: 47/50
2025-09-29 13:09:54 - Epoch 7/500 | LR=0.009996 | w_AVO=1.000 | w_P3=2.712 | lambda_MMD=0.300
2025-09-29 13:09:55 - Epoch Summary: TrainLoss=2.2119 | TrainAcc=0.637 | Val(P3)=0.543 | Val(AVO)=0.645
2025-09-29 13:09:55 - No P3-val improvement; patience remaining: 46/50
2025-09-29 13:09:55 - Epoch 8/500 | LR=0.009995 | w_AVO=1.000 | w_P3=2.712 | lambda_MMD=0.300
2025-09-29 13:09:55 - Epoch Summary: TrainLoss=2.2019 | TrainAcc=0.637 | Val(P3)=0.571 | Val(AVO)=0.623
2025-09-29 13:09:55 - No P3-val improvement; patience remaining: 45/50
2025-09-29 13:09:55 - Epoch 9/500 | LR=0.009994 | w_AVO=1.000 | w_P3=2.712 | lambda_MMD=0.300
2025-09-29 13:09:55 - Epoch Summary: TrainLoss=2.1219 | TrainAcc=0.634 | Val(P3)=0.571 | Val(AVO)=0.623
2025-09-29 13:09:55 - No P3-val improvement; patience remaining: 44/50
2025-09-29 13:09:55 - Epoch 10/500 | LR=0.009992 | w_AVO=1.000 | w_P3=2.712 | lambda_MMD=0.300
2025-09-29 13:09:55 - Epoch Summary: TrainLoss=2.0899 | TrainAcc=0.639 | Val(P3)=0.571 | Val(AVO)=0.590
2025-09-29 13:09:55 - No P3-val improvement; patience remaining: 43/50
2025-09-29 13:09:55 - Epoch 11/500 | LR=0.009990 | w_AVO=1.000 | w_P3=2.712 | lambda_MMD=0.300
2025-09-29 13:09:55 - Epoch Summary: TrainLoss=2.0033 | TrainAcc=0.651 | Val(P3)=0.543 | Val(AVO)=0.613
2025-09-29 13:09:55 - No P3-val improvement; patience remaining: 42/50
2025-09-29 13:09:55 - Epoch 12/500 | LR=0.009988 | w_AVO=1.000 | w_P3=2.712 | lambda_MMD=0.300
2025-09-29 13:09:56 - Epoch Summary: TrainLoss=1.9932 | TrainAcc=0.652 | Val(P3)=0.514 | Val(AVO)=0.613
2025-09-29 13:09:56 - No P3-val improvement; patience remaining: 41/50
2025-09-29 13:09:56 - P3 val decreasing 3x. Reducing w_small to 2.170, lambda_MMD to 0.150
2025-09-29 13:09:56 - Epoch 13/500 | LR=0.009986 | w_AVO=1.000 | w_P3=2.170 | lambda_MMD=0.150
2025-09-29 13:09:56 - Epoch Summary: TrainLoss=1.6812 | TrainAcc=0.661 | Val(P3)=0.514 | Val(AVO)=0.597
2025-09-29 13:09:56 - No P3-val improvement; patience remaining: 40/50
2025-09-29 13:09:56 - Epoch 14/500 | LR=0.009983 | w_AVO=1.000 | w_P3=2.712 | lambda_MMD=0.300
2025-09-29 13:09:56 - Epoch Summary: TrainLoss=1.9130 | TrainAcc=0.640 | Val(P3)=0.543 | Val(AVO)=0.594
2025-09-29 13:09:56 - No P3-val improvement; patience remaining: 39/50
2025-09-29 13:09:56 - AVO val decreasing 3x. Reducing lambda_MMD to 0.210
2025-09-29 13:09:56 - Epoch 15/500 | LR=0.009981 | w_AVO=1.000 | w_P3=2.712 | lambda_MMD=0.210
2025-09-29 13:09:56 - Epoch Summary: TrainLoss=1.8551 | TrainAcc=0.634 | Val(P3)=0.457 | Val(AVO)=0.613
2025-09-29 13:09:56 - No P3-val improvement; patience remaining: 38/50
2025-09-29 13:09:56 - Epoch 16/500 | LR=0.009978 | w_AVO=1.000 | w_P3=2.712 | lambda_MMD=0.300
2025-09-29 13:09:56 - Epoch Summary: TrainLoss=1.8009 | TrainAcc=0.643 | Val(P3)=0.543 | Val(AVO)=0.623
2025-09-29 13:09:56 - No P3-val improvement; patience remaining: 37/50
2025-09-29 13:09:56 - Epoch 17/500 | LR=0.009975 | w_AVO=1.000 | w_P3=2.712 | lambda_MMD=0.300
2025-09-29 13:09:56 - Epoch Summary: TrainLoss=1.7921 | TrainAcc=0.661 | Val(P3)=0.543 | Val(AVO)=0.613
2025-09-29 13:09:56 - No P3-val improvement; patience remaining: 36/50
2025-09-29 13:09:56 - Epoch 18/500 | LR=0.009972 | w_AVO=1.000 | w_P3=2.712 | lambda_MMD=0.300
2025-09-29 13:09:57 - Epoch Summary: TrainLoss=1.7035 | TrainAcc=0.651 | Val(P3)=0.571 | Val(AVO)=0.639
2025-09-29 13:09:57 - No P3-val improvement; patience remaining: 35/50
2025-09-29 13:09:57 - Epoch 19/500 | LR=0.009968 | w_AVO=1.000 | w_P3=2.712 | lambda_MMD=0.300
2025-09-29 13:09:57 - Epoch Summary: TrainLoss=1.6757 | TrainAcc=0.659 | Val(P3)=0.571 | Val(AVO)=0.613
2025-09-29 13:09:57 - No P3-val improvement; patience remaining: 34/50
2025-09-29 13:09:57 - Epoch 20/500 | LR=0.009964 | w_AVO=1.000 | w_P3=2.712 | lambda_MMD=0.300
2025-09-29 13:09:57 - Epoch Summary: TrainLoss=1.6299 | TrainAcc=0.658 | Val(P3)=0.543 | Val(AVO)=0.603
2025-09-29 13:09:57 - No P3-val improvement; patience remaining: 33/50
2025-09-29 13:09:57 - AVO val decreasing 3x. Reducing lambda_MMD to 0.210
2025-09-29 13:09:57 - Epoch 21/500 | LR=0.009961 | w_AVO=1.000 | w_P3=2.712 | lambda_MMD=0.210
2025-09-29 13:09:57 - Epoch Summary: TrainLoss=1.6244 | TrainAcc=0.662 | Val(P3)=0.543 | Val(AVO)=0.635
2025-09-29 13:09:57 - No P3-val improvement; patience remaining: 32/50
2025-09-29 13:09:57 - Epoch 22/500 | LR=0.009957 | w_AVO=1.000 | w_P3=2.712 | lambda_MMD=0.300
2025-09-29 13:09:57 - Epoch Summary: TrainLoss=1.5626 | TrainAcc=0.667 | Val(P3)=0.600 | Val(AVO)=0.635
2025-09-29 13:09:57 - No P3-val improvement; patience remaining: 31/50
2025-09-29 13:09:57 - Epoch 23/500 | LR=0.009952 | w_AVO=1.000 | w_P3=2.712 | lambda_MMD=0.300
2025-09-29 13:09:57 - Epoch Summary: TrainLoss=1.5269 | TrainAcc=0.671 | Val(P3)=0.514 | Val(AVO)=0.619
2025-09-29 13:09:57 - No P3-val improvement; patience remaining: 30/50
2025-09-29 13:09:57 - Epoch 24/500 | LR=0.009948 | w_AVO=1.000 | w_P3=2.712 | lambda_MMD=0.300
2025-09-29 13:09:58 - Epoch Summary: TrainLoss=1.5130 | TrainAcc=0.663 | Val(P3)=0.571 | Val(AVO)=0.642
2025-09-29 13:09:58 - No P3-val improvement; patience remaining: 29/50
2025-09-29 13:09:58 - Epoch 25/500 | LR=0.009943 | w_AVO=1.000 | w_P3=2.712 | lambda_MMD=0.300
2025-09-29 13:09:58 - Epoch Summary: TrainLoss=1.4116 | TrainAcc=0.685 | Val(P3)=0.629 | Val(AVO)=0.639
2025-09-29 13:09:58 - New best P3-val; checkpoint updated
2025-09-29 13:09:58 - Epoch 26/500 | LR=0.009938 | w_AVO=1.000 | w_P3=2.712 | lambda_MMD=0.300
2025-09-29 13:09:58 - Epoch Summary: TrainLoss=1.3902 | TrainAcc=0.684 | Val(P3)=0.514 | Val(AVO)=0.642
2025-09-29 13:09:58 - No P3-val improvement; patience remaining: 49/50
2025-09-29 13:09:58 - Epoch 27/500 | LR=0.009933 | w_AVO=1.000 | w_P3=2.712 | lambda_MMD=0.300
2025-09-29 13:09:58 - Epoch Summary: TrainLoss=1.3449 | TrainAcc=0.685 | Val(P3)=0.514 | Val(AVO)=0.642
2025-09-29 13:09:58 - No P3-val improvement; patience remaining: 48/50
2025-09-29 13:09:58 - Epoch 28/500 | LR=0.009928 | w_AVO=1.000 | w_P3=2.712 | lambda_MMD=0.300
2025-09-29 13:09:58 - Epoch Summary: TrainLoss=1.3176 | TrainAcc=0.693 | Val(P3)=0.514 | Val(AVO)=0.623
2025-09-29 13:09:58 - No P3-val improvement; patience remaining: 47/50
2025-09-29 13:09:58 - Epoch 29/500 | LR=0.009923 | w_AVO=1.000 | w_P3=2.712 | lambda_MMD=0.300
2025-09-29 13:09:58 - Epoch Summary: TrainLoss=1.3231 | TrainAcc=0.673 | Val(P3)=0.600 | Val(AVO)=0.600
2025-09-29 13:09:58 - No P3-val improvement; patience remaining: 46/50
2025-09-29 13:09:58 - AVO val decreasing 3x. Reducing lambda_MMD to 0.210
2025-09-29 13:09:58 - Epoch 30/500 | LR=0.009917 | w_AVO=1.000 | w_P3=2.712 | lambda_MMD=0.210
2025-09-29 13:09:59 - Epoch Summary: TrainLoss=1.2377 | TrainAcc=0.692 | Val(P3)=0.571 | Val(AVO)=0.632
2025-09-29 13:09:59 - No P3-val improvement; patience remaining: 45/50
2025-09-29 13:09:59 - Epoch 31/500 | LR=0.009911 | w_AVO=1.000 | w_P3=2.712 | lambda_MMD=0.300
2025-09-29 13:09:59 - Epoch Summary: TrainLoss=1.2971 | TrainAcc=0.667 | Val(P3)=0.514 | Val(AVO)=0.623
2025-09-29 13:09:59 - No P3-val improvement; patience remaining: 44/50
2025-09-29 13:09:59 - P3 val decreasing 3x. Reducing w_small to 2.170, lambda_MMD to 0.150
2025-09-29 13:09:59 - Epoch 32/500 | LR=0.009905 | w_AVO=1.000 | w_P3=2.170 | lambda_MMD=0.150
2025-09-29 13:09:59 - Epoch Summary: TrainLoss=1.0966 | TrainAcc=0.683 | Val(P3)=0.600 | Val(AVO)=0.635
2025-09-29 13:09:59 - No P3-val improvement; patience remaining: 43/50
2025-09-29 13:09:59 - Epoch 33/500 | LR=0.009899 | w_AVO=1.000 | w_P3=2.712 | lambda_MMD=0.300
2025-09-29 13:09:59 - Epoch Summary: TrainLoss=1.1713 | TrainAcc=0.684 | Val(P3)=0.571 | Val(AVO)=0.648
2025-09-29 13:09:59 - No P3-val improvement; patience remaining: 42/50
2025-09-29 13:09:59 - Epoch 34/500 | LR=0.009893 | w_AVO=1.000 | w_P3=2.712 | lambda_MMD=0.300
2025-09-29 13:09:59 - Epoch Summary: TrainLoss=1.1559 | TrainAcc=0.703 | Val(P3)=0.571 | Val(AVO)=0.639
2025-09-29 13:09:59 - No P3-val improvement; patience remaining: 41/50
2025-09-29 13:09:59 - Epoch 35/500 | LR=0.009886 | w_AVO=1.000 | w_P3=2.712 | lambda_MMD=0.300
2025-09-29 13:10:00 - Epoch Summary: TrainLoss=1.1747 | TrainAcc=0.690 | Val(P3)=0.486 | Val(AVO)=0.639
2025-09-29 13:10:00 - No P3-val improvement; patience remaining: 40/50
2025-09-29 13:10:00 - Epoch 36/500 | LR=0.009880 | w_AVO=1.000 | w_P3=2.712 | lambda_MMD=0.300
2025-09-29 13:10:00 - Epoch Summary: TrainLoss=1.1831 | TrainAcc=0.683 | Val(P3)=0.543 | Val(AVO)=0.645
2025-09-29 13:10:00 - No P3-val improvement; patience remaining: 39/50
2025-09-29 13:10:00 - Epoch 37/500 | LR=0.009873 | w_AVO=1.000 | w_P3=2.712 | lambda_MMD=0.300
2025-09-29 13:10:00 - Epoch Summary: TrainLoss=1.1693 | TrainAcc=0.689 | Val(P3)=0.514 | Val(AVO)=0.639
2025-09-29 13:10:00 - No P3-val improvement; patience remaining: 38/50
2025-09-29 13:10:00 - Epoch 38/500 | LR=0.009865 | w_AVO=1.000 | w_P3=2.712 | lambda_MMD=0.300
2025-09-29 13:10:00 - Epoch Summary: TrainLoss=1.1221 | TrainAcc=0.693 | Val(P3)=0.514 | Val(AVO)=0.632
2025-09-29 13:10:00 - No P3-val improvement; patience remaining: 37/50
2025-09-29 13:10:00 - AVO val decreasing 3x. Reducing lambda_MMD to 0.210
2025-09-29 13:10:00 - Epoch 39/500 | LR=0.009858 | w_AVO=1.000 | w_P3=2.712 | lambda_MMD=0.210
2025-09-29 13:10:00 - Epoch Summary: TrainLoss=1.0436 | TrainAcc=0.706 | Val(P3)=0.571 | Val(AVO)=0.597
2025-09-29 13:10:00 - No P3-val improvement; patience remaining: 36/50
2025-09-29 13:10:00 - AVO val decreasing 3x. Reducing lambda_MMD to 0.210
2025-09-29 13:10:00 - Epoch 40/500 | LR=0.009851 | w_AVO=1.000 | w_P3=2.712 | lambda_MMD=0.210
2025-09-29 13:10:00 - Epoch Summary: TrainLoss=1.0363 | TrainAcc=0.701 | Val(P3)=0.629 | Val(AVO)=0.648
2025-09-29 13:10:00 - No P3-val improvement; patience remaining: 35/50
2025-09-29 13:10:00 - Epoch 41/500 | LR=0.009843 | w_AVO=1.000 | w_P3=2.712 | lambda_MMD=0.300
2025-09-29 13:10:01 - Epoch Summary: TrainLoss=1.0218 | TrainAcc=0.702 | Val(P3)=0.543 | Val(AVO)=0.606
2025-09-29 13:10:01 - No P3-val improvement; patience remaining: 34/50
2025-09-29 13:10:01 - Epoch 42/500 | LR=0.009835 | w_AVO=1.000 | w_P3=2.712 | lambda_MMD=0.300
2025-09-29 13:10:01 - Epoch Summary: TrainLoss=0.9780 | TrainAcc=0.699 | Val(P3)=0.514 | Val(AVO)=0.616
2025-09-29 13:10:01 - No P3-val improvement; patience remaining: 33/50
2025-09-29 13:10:01 - P3 val decreasing 3x. Reducing w_small to 2.170, lambda_MMD to 0.150
2025-09-29 13:10:01 - Epoch 43/500 | LR=0.009827 | w_AVO=1.000 | w_P3=2.170 | lambda_MMD=0.150
2025-09-29 13:10:01 - Epoch Summary: TrainLoss=0.8936 | TrainAcc=0.710 | Val(P3)=0.486 | Val(AVO)=0.635
2025-09-29 13:10:01 - No P3-val improvement; patience remaining: 32/50
2025-09-29 13:10:01 - P3 val decreasing 3x. Reducing w_small to 2.170, lambda_MMD to 0.150
2025-09-29 13:10:01 - Epoch 44/500 | LR=0.009819 | w_AVO=1.000 | w_P3=2.170 | lambda_MMD=0.150
2025-09-29 13:10:01 - Epoch Summary: TrainLoss=0.8619 | TrainAcc=0.711 | Val(P3)=0.514 | Val(AVO)=0.623
2025-09-29 13:10:01 - No P3-val improvement; patience remaining: 31/50
2025-09-29 13:10:01 - Epoch 45/500 | LR=0.009810 | w_AVO=1.000 | w_P3=2.712 | lambda_MMD=0.300
2025-09-29 13:10:01 - Epoch Summary: TrainLoss=0.9174 | TrainAcc=0.732 | Val(P3)=0.543 | Val(AVO)=0.623
2025-09-29 13:10:01 - No P3-val improvement; patience remaining: 30/50
2025-09-29 13:10:01 - Epoch 46/500 | LR=0.009801 | w_AVO=1.000 | w_P3=2.712 | lambda_MMD=0.300
2025-09-29 13:10:01 - Epoch Summary: TrainLoss=0.9204 | TrainAcc=0.723 | Val(P3)=0.486 | Val(AVO)=0.658
2025-09-29 13:10:01 - No P3-val improvement; patience remaining: 29/50
2025-09-29 13:10:01 - Epoch 47/500 | LR=0.009793 | w_AVO=1.000 | w_P3=2.712 | lambda_MMD=0.300
2025-09-29 13:10:02 - Epoch Summary: TrainLoss=0.9165 | TrainAcc=0.728 | Val(P3)=0.543 | Val(AVO)=0.652
2025-09-29 13:10:02 - No P3-val improvement; patience remaining: 28/50
2025-09-29 13:10:02 - Epoch 48/500 | LR=0.009784 | w_AVO=1.000 | w_P3=2.712 | lambda_MMD=0.300
2025-09-29 13:10:02 - Epoch Summary: TrainLoss=0.9143 | TrainAcc=0.724 | Val(P3)=0.514 | Val(AVO)=0.610
2025-09-29 13:10:02 - No P3-val improvement; patience remaining: 27/50
2025-09-29 13:10:02 - AVO val decreasing 3x. Reducing lambda_MMD to 0.210
2025-09-29 13:10:02 - Epoch 49/500 | LR=0.009774 | w_AVO=1.000 | w_P3=2.712 | lambda_MMD=0.210
2025-09-29 13:10:02 - Epoch Summary: TrainLoss=0.9329 | TrainAcc=0.697 | Val(P3)=0.571 | Val(AVO)=0.648
2025-09-29 13:10:02 - No P3-val improvement; patience remaining: 26/50
2025-09-29 13:10:02 - Epoch 50/500 | LR=0.009765 | w_AVO=1.000 | w_P3=2.712 | lambda_MMD=0.300
2025-09-29 13:10:02 - Epoch Summary: TrainLoss=0.9172 | TrainAcc=0.718 | Val(P3)=0.514 | Val(AVO)=0.648
2025-09-29 13:10:02 - No P3-val improvement; patience remaining: 25/50
2025-09-29 13:10:02 - Epoch 51/500 | LR=0.009755 | w_AVO=1.000 | w_P3=2.712 | lambda_MMD=0.300
2025-09-29 13:10:02 - Epoch Summary: TrainLoss=0.9067 | TrainAcc=0.722 | Val(P3)=0.543 | Val(AVO)=0.629
2025-09-29 13:10:02 - No P3-val improvement; patience remaining: 24/50
2025-09-29 13:10:02 - Epoch 52/500 | LR=0.009745 | w_AVO=1.000 | w_P3=2.712 | lambda_MMD=0.300
2025-09-29 13:10:02 - Epoch Summary: TrainLoss=0.8886 | TrainAcc=0.719 | Val(P3)=0.514 | Val(AVO)=0.652
2025-09-29 13:10:02 - No P3-val improvement; patience remaining: 23/50
2025-09-29 13:10:02 - Epoch 53/500 | LR=0.009735 | w_AVO=1.000 | w_P3=2.712 | lambda_MMD=0.300
2025-09-29 13:10:03 - Epoch Summary: TrainLoss=0.8392 | TrainAcc=0.727 | Val(P3)=0.514 | Val(AVO)=0.648
2025-09-29 13:10:03 - No P3-val improvement; patience remaining: 22/50
2025-09-29 13:10:03 - Epoch 54/500 | LR=0.009725 | w_AVO=1.000 | w_P3=2.712 | lambda_MMD=0.300
2025-09-29 13:10:03 - Epoch Summary: TrainLoss=0.8624 | TrainAcc=0.720 | Val(P3)=0.543 | Val(AVO)=0.645
2025-09-29 13:10:03 - No P3-val improvement; patience remaining: 21/50
2025-09-29 13:10:03 - AVO val decreasing 3x. Reducing lambda_MMD to 0.210
2025-09-29 13:10:03 - Epoch 55/500 | LR=0.009715 | w_AVO=1.000 | w_P3=2.712 | lambda_MMD=0.210
2025-09-29 13:10:03 - Epoch Summary: TrainLoss=0.8344 | TrainAcc=0.724 | Val(P3)=0.543 | Val(AVO)=0.713
2025-09-29 13:10:03 - No P3-val improvement; patience remaining: 20/50
2025-09-29 13:10:03 - Epoch 56/500 | LR=0.009704 | w_AVO=1.000 | w_P3=2.712 | lambda_MMD=0.300
2025-09-29 13:10:03 - Epoch Summary: TrainLoss=0.8504 | TrainAcc=0.721 | Val(P3)=0.543 | Val(AVO)=0.639
2025-09-29 13:10:03 - No P3-val improvement; patience remaining: 19/50
2025-09-29 13:10:03 - Epoch 57/500 | LR=0.009694 | w_AVO=1.000 | w_P3=2.712 | lambda_MMD=0.300
2025-09-29 13:10:03 - Epoch Summary: TrainLoss=0.8172 | TrainAcc=0.734 | Val(P3)=0.514 | Val(AVO)=0.635
2025-09-29 13:10:03 - No P3-val improvement; patience remaining: 18/50
2025-09-29 13:10:03 - AVO val decreasing 3x. Reducing lambda_MMD to 0.210
2025-09-29 13:10:03 - Epoch 58/500 | LR=0.009683 | w_AVO=1.000 | w_P3=2.712 | lambda_MMD=0.210
2025-09-29 13:10:04 - Epoch Summary: TrainLoss=0.8002 | TrainAcc=0.728 | Val(P3)=0.571 | Val(AVO)=0.690
2025-09-29 13:10:04 - No P3-val improvement; patience remaining: 17/50
2025-09-29 13:10:04 - Epoch 59/500 | LR=0.009672 | w_AVO=1.000 | w_P3=2.712 | lambda_MMD=0.300
2025-09-29 13:10:04 - Epoch Summary: TrainLoss=0.7839 | TrainAcc=0.741 | Val(P3)=0.571 | Val(AVO)=0.590
2025-09-29 13:10:04 - No P3-val improvement; patience remaining: 16/50
2025-09-29 13:10:04 - Epoch 60/500 | LR=0.009660 | w_AVO=1.000 | w_P3=2.712 | lambda_MMD=0.300
2025-09-29 13:10:04 - Epoch Summary: TrainLoss=0.7962 | TrainAcc=0.736 | Val(P3)=0.543 | Val(AVO)=0.639
2025-09-29 13:10:04 - No P3-val improvement; patience remaining: 15/50
2025-09-29 13:10:04 - Epoch 61/500 | LR=0.009649 | w_AVO=1.000 | w_P3=2.712 | lambda_MMD=0.300
2025-09-29 13:10:04 - Epoch Summary: TrainLoss=0.7698 | TrainAcc=0.752 | Val(P3)=0.600 | Val(AVO)=0.610
2025-09-29 13:10:04 - No P3-val improvement; patience remaining: 14/50
2025-09-29 13:10:04 - Epoch 62/500 | LR=0.009637 | w_AVO=1.000 | w_P3=2.712 | lambda_MMD=0.300
2025-09-29 13:10:04 - Epoch Summary: TrainLoss=0.7864 | TrainAcc=0.731 | Val(P3)=0.629 | Val(AVO)=0.574
2025-09-29 13:10:04 - No P3-val improvement; patience remaining: 13/50
2025-09-29 13:10:04 - AVO val decreasing 3x. Reducing lambda_MMD to 0.210
2025-09-29 13:10:04 - Epoch 63/500 | LR=0.009625 | w_AVO=1.000 | w_P3=2.712 | lambda_MMD=0.210
2025-09-29 13:10:04 - Epoch Summary: TrainLoss=0.7985 | TrainAcc=0.726 | Val(P3)=0.571 | Val(AVO)=0.626
2025-09-29 13:10:04 - No P3-val improvement; patience remaining: 12/50
2025-09-29 13:10:04 - Epoch 64/500 | LR=0.009613 | w_AVO=1.000 | w_P3=2.712 | lambda_MMD=0.300
2025-09-29 13:10:05 - Epoch Summary: TrainLoss=0.7801 | TrainAcc=0.730 | Val(P3)=0.571 | Val(AVO)=0.623
2025-09-29 13:10:05 - No P3-val improvement; patience remaining: 11/50
2025-09-29 13:10:05 - Epoch 65/500 | LR=0.009601 | w_AVO=1.000 | w_P3=2.712 | lambda_MMD=0.300
2025-09-29 13:10:05 - Epoch Summary: TrainLoss=0.7391 | TrainAcc=0.746 | Val(P3)=0.543 | Val(AVO)=0.616
2025-09-29 13:10:05 - No P3-val improvement; patience remaining: 10/50
2025-09-29 13:10:05 - AVO val decreasing 3x. Reducing lambda_MMD to 0.210
2025-09-29 13:10:05 - Epoch 66/500 | LR=0.009589 | w_AVO=1.000 | w_P3=2.712 | lambda_MMD=0.210
2025-09-29 13:10:05 - Epoch Summary: TrainLoss=0.7216 | TrainAcc=0.741 | Val(P3)=0.543 | Val(AVO)=0.642
2025-09-29 13:10:05 - No P3-val improvement; patience remaining: 9/50
2025-09-29 13:10:05 - Epoch 67/500 | LR=0.009576 | w_AVO=1.000 | w_P3=2.712 | lambda_MMD=0.300
2025-09-29 13:10:05 - Epoch Summary: TrainLoss=0.7600 | TrainAcc=0.741 | Val(P3)=0.600 | Val(AVO)=0.655
2025-09-29 13:10:05 - No P3-val improvement; patience remaining: 8/50
2025-09-29 13:10:05 - Epoch 68/500 | LR=0.009563 | w_AVO=1.000 | w_P3=2.712 | lambda_MMD=0.300
2025-09-29 13:10:05 - Epoch Summary: TrainLoss=0.7418 | TrainAcc=0.738 | Val(P3)=0.543 | Val(AVO)=0.710
2025-09-29 13:10:05 - No P3-val improvement; patience remaining: 7/50
2025-09-29 13:10:05 - Epoch 69/500 | LR=0.009551 | w_AVO=1.000 | w_P3=2.712 | lambda_MMD=0.300
2025-09-29 13:10:05 - Epoch Summary: TrainLoss=0.7782 | TrainAcc=0.732 | Val(P3)=0.629 | Val(AVO)=0.581
2025-09-29 13:10:05 - No P3-val improvement; patience remaining: 6/50
2025-09-29 13:10:05 - Epoch 70/500 | LR=0.009537 | w_AVO=1.000 | w_P3=2.712 | lambda_MMD=0.300
2025-09-29 13:10:06 - Epoch Summary: TrainLoss=0.7047 | TrainAcc=0.752 | Val(P3)=0.571 | Val(AVO)=0.584
2025-09-29 13:10:06 - No P3-val improvement; patience remaining: 5/50
2025-09-29 13:10:06 - Epoch 71/500 | LR=0.009524 | w_AVO=1.000 | w_P3=2.712 | lambda_MMD=0.300
2025-09-29 13:10:06 - Epoch Summary: TrainLoss=0.7206 | TrainAcc=0.740 | Val(P3)=0.543 | Val(AVO)=0.661
2025-09-29 13:10:06 - No P3-val improvement; patience remaining: 4/50
2025-09-29 13:10:06 - P3 val decreasing 3x. Reducing w_small to 2.170, lambda_MMD to 0.150
2025-09-29 13:10:06 - Epoch 72/500 | LR=0.009511 | w_AVO=1.000 | w_P3=2.170 | lambda_MMD=0.150
2025-09-29 13:10:06 - Epoch Summary: TrainLoss=0.6598 | TrainAcc=0.746 | Val(P3)=0.571 | Val(AVO)=0.626
2025-09-29 13:10:06 - No P3-val improvement; patience remaining: 3/50
2025-09-29 13:10:06 - Epoch 73/500 | LR=0.009497 | w_AVO=1.000 | w_P3=2.712 | lambda_MMD=0.300
2025-09-29 13:10:06 - Epoch Summary: TrainLoss=0.7062 | TrainAcc=0.753 | Val(P3)=0.571 | Val(AVO)=0.642
2025-09-29 13:10:06 - No P3-val improvement; patience remaining: 2/50
2025-09-29 13:10:06 - Epoch 74/500 | LR=0.009483 | w_AVO=1.000 | w_P3=2.712 | lambda_MMD=0.300
2025-09-29 13:10:06 - Epoch Summary: TrainLoss=0.6788 | TrainAcc=0.769 | Val(P3)=0.571 | Val(AVO)=0.645
2025-09-29 13:10:06 - No P3-val improvement; patience remaining: 1/50
2025-09-29 13:10:06 - Epoch 75/500 | LR=0.009469 | w_AVO=1.000 | w_P3=2.712 | lambda_MMD=0.300
2025-09-29 13:10:06 - Epoch Summary: TrainLoss=0.7123 | TrainAcc=0.758 | Val(P3)=0.600 | Val(AVO)=0.606
2025-09-29 13:10:06 - No P3-val improvement; patience remaining: 0/50
2025-09-29 13:10:06 - Early stopping triggered (P3-val)
2025-09-29 13:10:07 -     P3 Test | Acc=0.6053 P=0.5789 R=0.6111 F1=0.5946 AUC=0.6715 (n=76)
2025-09-29 13:10:07 -     AVO Test | Acc=0.5798 P=0.5484 R=0.9353 F1=0.6914 AUC=0.7355 (n=614)
2025-09-29 13:10:07 -     Overall Test Acc=0.5826
2025-09-29 13:10:07 -   Fold 5/5
2025-09-29 13:10:07 - Fold domains: small=P3 (n=292), large=AVO (n=2123)
2025-09-29 13:10:07 - Auto adjustments (symmetric): w_small≈1.000, lambda_MMD_target=0.300, warmup_epochs=5
2025-09-29 13:10:07 - Epoch 1/500 | LR=0.010000 | w_AVO=1.000 | w_P3=1.339 | lambda_MMD=0.060
2025-09-29 13:10:07 - Epoch Summary: TrainLoss=1.6428 | TrainAcc=0.558 | Val(P3)=0.583 | Val(AVO)=0.586
2025-09-29 13:10:07 - New best P3-val; checkpoint updated
2025-09-29 13:10:07 - Epoch 2/500 | LR=0.010000 | w_AVO=1.000 | w_P3=1.679 | lambda_MMD=0.120
2025-09-29 13:10:07 - Epoch Summary: TrainLoss=1.7563 | TrainAcc=0.602 | Val(P3)=0.583 | Val(AVO)=0.618
2025-09-29 13:10:07 - No P3-val improvement; patience remaining: 49/50
2025-09-29 13:10:07 - Epoch 3/500 | LR=0.010000 | w_AVO=1.000 | w_P3=2.018 | lambda_MMD=0.180
2025-09-29 13:10:07 - Epoch Summary: TrainLoss=1.9336 | TrainAcc=0.622 | Val(P3)=0.528 | Val(AVO)=0.644
2025-09-29 13:10:07 - No P3-val improvement; patience remaining: 48/50
2025-09-29 13:10:07 - Epoch 4/500 | LR=0.009999 | w_AVO=1.000 | w_P3=2.357 | lambda_MMD=0.240
2025-09-29 13:10:07 - Epoch Summary: TrainLoss=2.1271 | TrainAcc=0.620 | Val(P3)=0.556 | Val(AVO)=0.654
2025-09-29 13:10:07 - No P3-val improvement; patience remaining: 47/50
2025-09-29 13:10:07 - Epoch 5/500 | LR=0.009998 | w_AVO=1.000 | w_P3=2.696 | lambda_MMD=0.300
2025-09-29 13:10:07 - Epoch Summary: TrainLoss=2.2830 | TrainAcc=0.623 | Val(P3)=0.528 | Val(AVO)=0.663
2025-09-29 13:10:07 - No P3-val improvement; patience remaining: 46/50
2025-09-29 13:10:07 - Epoch 6/500 | LR=0.009998 | w_AVO=1.000 | w_P3=2.696 | lambda_MMD=0.300
2025-09-29 13:10:08 - Epoch Summary: TrainLoss=2.2523 | TrainAcc=0.641 | Val(P3)=0.583 | Val(AVO)=0.676
2025-09-29 13:10:08 - No P3-val improvement; patience remaining: 45/50
2025-09-29 13:10:08 - Epoch 7/500 | LR=0.009996 | w_AVO=1.000 | w_P3=2.696 | lambda_MMD=0.300
2025-09-29 13:10:08 - Epoch Summary: TrainLoss=2.2049 | TrainAcc=0.656 | Val(P3)=0.500 | Val(AVO)=0.683
2025-09-29 13:10:08 - No P3-val improvement; patience remaining: 44/50
2025-09-29 13:10:08 - Epoch 8/500 | LR=0.009995 | w_AVO=1.000 | w_P3=2.696 | lambda_MMD=0.300
2025-09-29 13:10:08 - Epoch Summary: TrainLoss=2.1142 | TrainAcc=0.650 | Val(P3)=0.556 | Val(AVO)=0.689
2025-09-29 13:10:08 - No P3-val improvement; patience remaining: 43/50
2025-09-29 13:10:08 - Epoch 9/500 | LR=0.009994 | w_AVO=1.000 | w_P3=2.696 | lambda_MMD=0.300
2025-09-29 13:10:08 - Epoch Summary: TrainLoss=2.0476 | TrainAcc=0.657 | Val(P3)=0.611 | Val(AVO)=0.660
2025-09-29 13:10:08 - New best P3-val; checkpoint updated
2025-09-29 13:10:08 - Epoch 10/500 | LR=0.009992 | w_AVO=1.000 | w_P3=2.696 | lambda_MMD=0.300
2025-09-29 13:10:08 - Epoch Summary: TrainLoss=1.9614 | TrainAcc=0.657 | Val(P3)=0.611 | Val(AVO)=0.615
2025-09-29 13:10:08 - No P3-val improvement; patience remaining: 49/50
2025-09-29 13:10:08 - AVO val decreasing 3x. Reducing lambda_MMD to 0.210
2025-09-29 13:10:08 - Epoch 11/500 | LR=0.009990 | w_AVO=1.000 | w_P3=2.696 | lambda_MMD=0.210
2025-09-29 13:10:09 - Epoch Summary: TrainLoss=1.8975 | TrainAcc=0.650 | Val(P3)=0.500 | Val(AVO)=0.634
2025-09-29 13:10:09 - No P3-val improvement; patience remaining: 48/50
2025-09-29 13:10:09 - Epoch 12/500 | LR=0.009988 | w_AVO=1.000 | w_P3=2.696 | lambda_MMD=0.300
2025-09-29 13:10:09 - Epoch Summary: TrainLoss=1.8430 | TrainAcc=0.656 | Val(P3)=0.667 | Val(AVO)=0.647
2025-09-29 13:10:09 - New best P3-val; checkpoint updated
2025-09-29 13:10:09 - Epoch 13/500 | LR=0.009986 | w_AVO=1.000 | w_P3=2.696 | lambda_MMD=0.300
2025-09-29 13:10:09 - Epoch Summary: TrainLoss=1.7598 | TrainAcc=0.672 | Val(P3)=0.639 | Val(AVO)=0.670
2025-09-29 13:10:09 - No P3-val improvement; patience remaining: 49/50
2025-09-29 13:10:09 - Epoch 14/500 | LR=0.009983 | w_AVO=1.000 | w_P3=2.696 | lambda_MMD=0.300
2025-09-29 13:10:09 - Epoch Summary: TrainLoss=1.7272 | TrainAcc=0.664 | Val(P3)=0.556 | Val(AVO)=0.641
2025-09-29 13:10:09 - No P3-val improvement; patience remaining: 48/50
2025-09-29 13:10:09 - P3 val decreasing 3x. Reducing w_small to 2.157, lambda_MMD to 0.150
2025-09-29 13:10:09 - Epoch 15/500 | LR=0.009981 | w_AVO=1.000 | w_P3=2.157 | lambda_MMD=0.150
2025-09-29 13:10:09 - Epoch Summary: TrainLoss=1.4487 | TrainAcc=0.667 | Val(P3)=0.611 | Val(AVO)=0.660
2025-09-29 13:10:09 - No P3-val improvement; patience remaining: 47/50
2025-09-29 13:10:09 - Epoch 16/500 | LR=0.009978 | w_AVO=1.000 | w_P3=2.696 | lambda_MMD=0.300
2025-09-29 13:10:09 - Epoch Summary: TrainLoss=1.6381 | TrainAcc=0.660 | Val(P3)=0.611 | Val(AVO)=0.650
2025-09-29 13:10:09 - No P3-val improvement; patience remaining: 46/50
2025-09-29 13:10:09 - Epoch 17/500 | LR=0.009975 | w_AVO=1.000 | w_P3=2.696 | lambda_MMD=0.300
2025-09-29 13:10:10 - Epoch Summary: TrainLoss=1.5735 | TrainAcc=0.677 | Val(P3)=0.583 | Val(AVO)=0.654
2025-09-29 13:10:10 - No P3-val improvement; patience remaining: 45/50
2025-09-29 13:10:10 - Epoch 18/500 | LR=0.009972 | w_AVO=1.000 | w_P3=2.696 | lambda_MMD=0.300
2025-09-29 13:10:10 - Epoch Summary: TrainLoss=1.5212 | TrainAcc=0.677 | Val(P3)=0.500 | Val(AVO)=0.650
2025-09-29 13:10:10 - No P3-val improvement; patience remaining: 44/50
2025-09-29 13:10:10 - P3 val decreasing 3x. Reducing w_small to 2.157, lambda_MMD to 0.150
2025-09-29 13:10:10 - Epoch 19/500 | LR=0.009968 | w_AVO=1.000 | w_P3=2.157 | lambda_MMD=0.150
2025-09-29 13:10:10 - Epoch Summary: TrainLoss=1.2957 | TrainAcc=0.673 | Val(P3)=0.417 | Val(AVO)=0.670
2025-09-29 13:10:10 - No P3-val improvement; patience remaining: 43/50
2025-09-29 13:10:10 - P3 val decreasing 3x. Reducing w_small to 2.157, lambda_MMD to 0.150
2025-09-29 13:10:10 - Epoch 20/500 | LR=0.009964 | w_AVO=1.000 | w_P3=2.157 | lambda_MMD=0.150
2025-09-29 13:10:10 - Epoch Summary: TrainLoss=1.2850 | TrainAcc=0.680 | Val(P3)=0.472 | Val(AVO)=0.654
2025-09-29 13:10:10 - No P3-val improvement; patience remaining: 42/50
2025-09-29 13:10:10 - Epoch 21/500 | LR=0.009961 | w_AVO=1.000 | w_P3=2.696 | lambda_MMD=0.300
2025-09-29 13:10:10 - Epoch Summary: TrainLoss=1.4479 | TrainAcc=0.681 | Val(P3)=0.361 | Val(AVO)=0.673
2025-09-29 13:10:10 - No P3-val improvement; patience remaining: 41/50
2025-09-29 13:10:10 - Epoch 22/500 | LR=0.009957 | w_AVO=1.000 | w_P3=2.696 | lambda_MMD=0.300
2025-09-29 13:10:10 - Epoch Summary: TrainLoss=1.4024 | TrainAcc=0.678 | Val(P3)=0.528 | Val(AVO)=0.634
2025-09-29 13:10:10 - No P3-val improvement; patience remaining: 40/50
2025-09-29 13:10:10 - Epoch 23/500 | LR=0.009952 | w_AVO=1.000 | w_P3=2.696 | lambda_MMD=0.300
2025-09-29 13:10:11 - Epoch Summary: TrainLoss=1.3419 | TrainAcc=0.685 | Val(P3)=0.528 | Val(AVO)=0.650
2025-09-29 13:10:11 - No P3-val improvement; patience remaining: 39/50
2025-09-29 13:10:11 - Epoch 24/500 | LR=0.009948 | w_AVO=1.000 | w_P3=2.696 | lambda_MMD=0.300
2025-09-29 13:10:11 - Epoch Summary: TrainLoss=1.2990 | TrainAcc=0.691 | Val(P3)=0.444 | Val(AVO)=0.699
2025-09-29 13:10:11 - No P3-val improvement; patience remaining: 38/50
2025-09-29 13:10:11 - Epoch 25/500 | LR=0.009943 | w_AVO=1.000 | w_P3=2.696 | lambda_MMD=0.300
2025-09-29 13:10:11 - Epoch Summary: TrainLoss=1.2392 | TrainAcc=0.691 | Val(P3)=0.444 | Val(AVO)=0.709
2025-09-29 13:10:11 - No P3-val improvement; patience remaining: 37/50
2025-09-29 13:10:11 - Epoch 26/500 | LR=0.009938 | w_AVO=1.000 | w_P3=2.696 | lambda_MMD=0.300
2025-09-29 13:10:11 - Epoch Summary: TrainLoss=1.2201 | TrainAcc=0.684 | Val(P3)=0.472 | Val(AVO)=0.680
2025-09-29 13:10:11 - No P3-val improvement; patience remaining: 36/50
2025-09-29 13:10:11 - Epoch 27/500 | LR=0.009933 | w_AVO=1.000 | w_P3=2.696 | lambda_MMD=0.300
2025-09-29 13:10:11 - Epoch Summary: TrainLoss=1.2358 | TrainAcc=0.694 | Val(P3)=0.472 | Val(AVO)=0.638
2025-09-29 13:10:11 - No P3-val improvement; patience remaining: 35/50
2025-09-29 13:10:11 - AVO val decreasing 3x. Reducing lambda_MMD to 0.210
2025-09-29 13:10:11 - Epoch 28/500 | LR=0.009928 | w_AVO=1.000 | w_P3=2.696 | lambda_MMD=0.210
2025-09-29 13:10:12 - Epoch Summary: TrainLoss=1.1367 | TrainAcc=0.695 | Val(P3)=0.417 | Val(AVO)=0.667
2025-09-29 13:10:12 - No P3-val improvement; patience remaining: 34/50
2025-09-29 13:10:12 - Epoch 29/500 | LR=0.009923 | w_AVO=1.000 | w_P3=2.696 | lambda_MMD=0.300
2025-09-29 13:10:12 - Epoch Summary: TrainLoss=1.1296 | TrainAcc=0.691 | Val(P3)=0.389 | Val(AVO)=0.686
2025-09-29 13:10:12 - No P3-val improvement; patience remaining: 33/50
2025-09-29 13:10:12 - P3 val decreasing 3x. Reducing w_small to 2.157, lambda_MMD to 0.150
2025-09-29 13:10:12 - Epoch 30/500 | LR=0.009917 | w_AVO=1.000 | w_P3=2.157 | lambda_MMD=0.150
2025-09-29 13:10:12 - Epoch Summary: TrainLoss=1.0067 | TrainAcc=0.691 | Val(P3)=0.389 | Val(AVO)=0.647
2025-09-29 13:10:12 - No P3-val improvement; patience remaining: 32/50
2025-09-29 13:10:12 - Epoch 31/500 | LR=0.009911 | w_AVO=1.000 | w_P3=2.696 | lambda_MMD=0.300
2025-09-29 13:10:12 - Epoch Summary: TrainLoss=1.1319 | TrainAcc=0.684 | Val(P3)=0.472 | Val(AVO)=0.686
2025-09-29 13:10:12 - No P3-val improvement; patience remaining: 31/50
2025-09-29 13:10:12 - Epoch 32/500 | LR=0.009905 | w_AVO=1.000 | w_P3=2.696 | lambda_MMD=0.300
2025-09-29 13:10:12 - Epoch Summary: TrainLoss=1.0794 | TrainAcc=0.699 | Val(P3)=0.417 | Val(AVO)=0.650
2025-09-29 13:10:12 - No P3-val improvement; patience remaining: 30/50
2025-09-29 13:10:12 - Epoch 33/500 | LR=0.009899 | w_AVO=1.000 | w_P3=2.696 | lambda_MMD=0.300
2025-09-29 13:10:12 - Epoch Summary: TrainLoss=1.0850 | TrainAcc=0.697 | Val(P3)=0.417 | Val(AVO)=0.641
2025-09-29 13:10:12 - No P3-val improvement; patience remaining: 29/50
2025-09-29 13:10:12 - AVO val decreasing 3x. Reducing lambda_MMD to 0.210
2025-09-29 13:10:12 - Epoch 34/500 | LR=0.009893 | w_AVO=1.000 | w_P3=2.696 | lambda_MMD=0.210
2025-09-29 13:10:13 - Epoch Summary: TrainLoss=1.0808 | TrainAcc=0.688 | Val(P3)=0.472 | Val(AVO)=0.667
2025-09-29 13:10:13 - No P3-val improvement; patience remaining: 28/50
2025-09-29 13:10:13 - Epoch 35/500 | LR=0.009886 | w_AVO=1.000 | w_P3=2.696 | lambda_MMD=0.300
2025-09-29 13:10:13 - Epoch Summary: TrainLoss=1.0396 | TrainAcc=0.699 | Val(P3)=0.417 | Val(AVO)=0.621
2025-09-29 13:10:13 - No P3-val improvement; patience remaining: 27/50
2025-09-29 13:10:13 - Epoch 36/500 | LR=0.009880 | w_AVO=1.000 | w_P3=2.696 | lambda_MMD=0.300
2025-09-29 13:10:13 - Epoch Summary: TrainLoss=0.9984 | TrainAcc=0.698 | Val(P3)=0.417 | Val(AVO)=0.647
2025-09-29 13:10:13 - No P3-val improvement; patience remaining: 26/50
2025-09-29 13:10:13 - Epoch 37/500 | LR=0.009873 | w_AVO=1.000 | w_P3=2.696 | lambda_MMD=0.300
2025-09-29 13:10:13 - Epoch Summary: TrainLoss=0.9929 | TrainAcc=0.704 | Val(P3)=0.472 | Val(AVO)=0.631
2025-09-29 13:10:13 - No P3-val improvement; patience remaining: 25/50
2025-09-29 13:10:13 - Epoch 38/500 | LR=0.009865 | w_AVO=1.000 | w_P3=2.696 | lambda_MMD=0.300
2025-09-29 13:10:13 - Epoch Summary: TrainLoss=0.9750 | TrainAcc=0.709 | Val(P3)=0.361 | Val(AVO)=0.625
2025-09-29 13:10:13 - No P3-val improvement; patience remaining: 24/50
2025-09-29 13:10:13 - AVO val decreasing 3x. Reducing lambda_MMD to 0.210
2025-09-29 13:10:13 - Epoch 39/500 | LR=0.009858 | w_AVO=1.000 | w_P3=2.696 | lambda_MMD=0.210
2025-09-29 13:10:13 - Epoch Summary: TrainLoss=0.9480 | TrainAcc=0.714 | Val(P3)=0.611 | Val(AVO)=0.634
2025-09-29 13:10:13 - No P3-val improvement; patience remaining: 23/50
2025-09-29 13:10:13 - Epoch 40/500 | LR=0.009851 | w_AVO=1.000 | w_P3=2.696 | lambda_MMD=0.300
2025-09-29 13:10:14 - Epoch Summary: TrainLoss=0.9810 | TrainAcc=0.692 | Val(P3)=0.444 | Val(AVO)=0.667
2025-09-29 13:10:14 - No P3-val improvement; patience remaining: 22/50
2025-09-29 13:10:14 - Epoch 41/500 | LR=0.009843 | w_AVO=1.000 | w_P3=2.696 | lambda_MMD=0.300
2025-09-29 13:10:14 - Epoch Summary: TrainLoss=0.9362 | TrainAcc=0.708 | Val(P3)=0.444 | Val(AVO)=0.680
2025-09-29 13:10:14 - No P3-val improvement; patience remaining: 21/50
2025-09-29 13:10:14 - Epoch 42/500 | LR=0.009835 | w_AVO=1.000 | w_P3=2.696 | lambda_MMD=0.300
2025-09-29 13:10:14 - Epoch Summary: TrainLoss=0.8909 | TrainAcc=0.721 | Val(P3)=0.444 | Val(AVO)=0.618
2025-09-29 13:10:14 - No P3-val improvement; patience remaining: 20/50
2025-09-29 13:10:14 - Epoch 43/500 | LR=0.009827 | w_AVO=1.000 | w_P3=2.696 | lambda_MMD=0.300
2025-09-29 13:10:14 - Epoch Summary: TrainLoss=0.9351 | TrainAcc=0.713 | Val(P3)=0.417 | Val(AVO)=0.673
2025-09-29 13:10:14 - No P3-val improvement; patience remaining: 19/50
2025-09-29 13:10:14 - Epoch 44/500 | LR=0.009819 | w_AVO=1.000 | w_P3=2.696 | lambda_MMD=0.300
2025-09-29 13:10:14 - Epoch Summary: TrainLoss=0.9049 | TrainAcc=0.713 | Val(P3)=0.472 | Val(AVO)=0.625
2025-09-29 13:10:14 - No P3-val improvement; patience remaining: 18/50
2025-09-29 13:10:14 - Epoch 45/500 | LR=0.009810 | w_AVO=1.000 | w_P3=2.696 | lambda_MMD=0.300
2025-09-29 13:10:14 - Epoch Summary: TrainLoss=0.8827 | TrainAcc=0.717 | Val(P3)=0.472 | Val(AVO)=0.631
2025-09-29 13:10:14 - No P3-val improvement; patience remaining: 17/50
2025-09-29 13:10:14 - Epoch 46/500 | LR=0.009801 | w_AVO=1.000 | w_P3=2.696 | lambda_MMD=0.300
2025-09-29 13:10:15 - Epoch Summary: TrainLoss=0.8852 | TrainAcc=0.714 | Val(P3)=0.528 | Val(AVO)=0.625
2025-09-29 13:10:15 - No P3-val improvement; patience remaining: 16/50
2025-09-29 13:10:15 - Epoch 47/500 | LR=0.009793 | w_AVO=1.000 | w_P3=2.696 | lambda_MMD=0.300
2025-09-29 13:10:15 - Epoch Summary: TrainLoss=0.8955 | TrainAcc=0.715 | Val(P3)=0.417 | Val(AVO)=0.680
2025-09-29 13:10:15 - No P3-val improvement; patience remaining: 15/50
2025-09-29 13:10:15 - Epoch 48/500 | LR=0.009784 | w_AVO=1.000 | w_P3=2.696 | lambda_MMD=0.300
2025-09-29 13:10:15 - Epoch Summary: TrainLoss=0.8335 | TrainAcc=0.724 | Val(P3)=0.417 | Val(AVO)=0.638
2025-09-29 13:10:15 - No P3-val improvement; patience remaining: 14/50
2025-09-29 13:10:15 - Epoch 49/500 | LR=0.009774 | w_AVO=1.000 | w_P3=2.696 | lambda_MMD=0.300
2025-09-29 13:10:15 - Epoch Summary: TrainLoss=0.8424 | TrainAcc=0.726 | Val(P3)=0.444 | Val(AVO)=0.641
2025-09-29 13:10:15 - No P3-val improvement; patience remaining: 13/50
2025-09-29 13:10:15 - Epoch 50/500 | LR=0.009765 | w_AVO=1.000 | w_P3=2.696 | lambda_MMD=0.300
2025-09-29 13:10:15 - Epoch Summary: TrainLoss=0.8110 | TrainAcc=0.724 | Val(P3)=0.417 | Val(AVO)=0.641
2025-09-29 13:10:15 - No P3-val improvement; patience remaining: 12/50
2025-09-29 13:10:15 - Epoch 51/500 | LR=0.009755 | w_AVO=1.000 | w_P3=2.696 | lambda_MMD=0.300
2025-09-29 13:10:16 - Epoch Summary: TrainLoss=0.7925 | TrainAcc=0.729 | Val(P3)=0.444 | Val(AVO)=0.663
2025-09-29 13:10:16 - No P3-val improvement; patience remaining: 11/50
2025-09-29 13:10:16 - Epoch 52/500 | LR=0.009745 | w_AVO=1.000 | w_P3=2.696 | lambda_MMD=0.300
2025-09-29 13:10:16 - Epoch Summary: TrainLoss=0.8108 | TrainAcc=0.734 | Val(P3)=0.500 | Val(AVO)=0.654
2025-09-29 13:10:16 - No P3-val improvement; patience remaining: 10/50
2025-09-29 13:10:16 - Epoch 53/500 | LR=0.009735 | w_AVO=1.000 | w_P3=2.696 | lambda_MMD=0.300
2025-09-29 13:10:16 - Epoch Summary: TrainLoss=0.8212 | TrainAcc=0.728 | Val(P3)=0.500 | Val(AVO)=0.560
2025-09-29 13:10:16 - No P3-val improvement; patience remaining: 9/50
2025-09-29 13:10:16 - AVO val decreasing 3x. Reducing lambda_MMD to 0.210
2025-09-29 13:10:16 - Epoch 54/500 | LR=0.009725 | w_AVO=1.000 | w_P3=2.696 | lambda_MMD=0.210
2025-09-29 13:10:16 - Epoch Summary: TrainLoss=0.8238 | TrainAcc=0.732 | Val(P3)=0.444 | Val(AVO)=0.670
2025-09-29 13:10:16 - No P3-val improvement; patience remaining: 8/50
2025-09-29 13:10:16 - Epoch 55/500 | LR=0.009715 | w_AVO=1.000 | w_P3=2.696 | lambda_MMD=0.300
2025-09-29 13:10:16 - Epoch Summary: TrainLoss=0.7919 | TrainAcc=0.731 | Val(P3)=0.472 | Val(AVO)=0.657
2025-09-29 13:10:16 - No P3-val improvement; patience remaining: 7/50
2025-09-29 13:10:16 - Epoch 56/500 | LR=0.009704 | w_AVO=1.000 | w_P3=2.696 | lambda_MMD=0.300
2025-09-29 13:10:16 - Epoch Summary: TrainLoss=0.7537 | TrainAcc=0.748 | Val(P3)=0.444 | Val(AVO)=0.696
2025-09-29 13:10:16 - No P3-val improvement; patience remaining: 6/50
2025-09-29 13:10:16 - Epoch 57/500 | LR=0.009694 | w_AVO=1.000 | w_P3=2.696 | lambda_MMD=0.300
2025-09-29 13:10:17 - Epoch Summary: TrainLoss=0.8002 | TrainAcc=0.728 | Val(P3)=0.472 | Val(AVO)=0.608
2025-09-29 13:10:17 - No P3-val improvement; patience remaining: 5/50
2025-09-29 13:10:17 - Epoch 58/500 | LR=0.009683 | w_AVO=1.000 | w_P3=2.696 | lambda_MMD=0.300
2025-09-29 13:10:17 - Epoch Summary: TrainLoss=0.7878 | TrainAcc=0.725 | Val(P3)=0.389 | Val(AVO)=0.693
2025-09-29 13:10:17 - No P3-val improvement; patience remaining: 4/50
2025-09-29 13:10:17 - Epoch 59/500 | LR=0.009672 | w_AVO=1.000 | w_P3=2.696 | lambda_MMD=0.300
2025-09-29 13:10:17 - Epoch Summary: TrainLoss=0.7414 | TrainAcc=0.740 | Val(P3)=0.472 | Val(AVO)=0.612
2025-09-29 13:10:17 - No P3-val improvement; patience remaining: 3/50
2025-09-29 13:10:17 - Epoch 60/500 | LR=0.009660 | w_AVO=1.000 | w_P3=2.696 | lambda_MMD=0.300
2025-09-29 13:10:17 - Epoch Summary: TrainLoss=0.7326 | TrainAcc=0.748 | Val(P3)=0.417 | Val(AVO)=0.657
2025-09-29 13:10:17 - No P3-val improvement; patience remaining: 2/50
2025-09-29 13:10:17 - Epoch 61/500 | LR=0.009649 | w_AVO=1.000 | w_P3=2.696 | lambda_MMD=0.300
2025-09-29 13:10:17 - Epoch Summary: TrainLoss=0.7606 | TrainAcc=0.733 | Val(P3)=0.472 | Val(AVO)=0.576
2025-09-29 13:10:17 - No P3-val improvement; patience remaining: 1/50
2025-09-29 13:10:17 - Epoch 62/500 | LR=0.009637 | w_AVO=1.000 | w_P3=2.696 | lambda_MMD=0.300
2025-09-29 13:10:17 - Epoch Summary: TrainLoss=0.7372 | TrainAcc=0.753 | Val(P3)=0.444 | Val(AVO)=0.650
2025-09-29 13:10:17 - No P3-val improvement; patience remaining: 0/50
2025-09-29 13:10:17 - Early stopping triggered (P3-val)
2025-09-29 13:10:18 -     P3 Test | Acc=0.5000 P=0.4865 R=0.5143 F1=0.5000 AUC=0.5104 (n=72)
2025-09-29 13:10:18 -     AVO Test | Acc=0.6214 P=0.5844 R=0.8484 F1=0.6921 AUC=0.7111 (n=618)
2025-09-29 13:10:18 -     Overall Test Acc=0.6087
2025-09-29 13:10:18 - Repeat 4/5
2025-09-29 13:10:18 -   Fold 1/5
2025-09-29 13:10:18 - Fold domains: small=P3 (n=278), large=AVO (n=2137)
2025-09-29 13:10:18 - Auto adjustments (symmetric): w_small≈1.000, lambda_MMD_target=0.300, warmup_epochs=5
2025-09-29 13:10:18 - Epoch 1/500 | LR=0.010000 | w_AVO=1.000 | w_P3=1.355 | lambda_MMD=0.060
2025-09-29 13:10:18 - Epoch Summary: TrainLoss=1.7118 | TrainAcc=0.527 | Val(P3)=0.543 | Val(AVO)=0.565
2025-09-29 13:10:18 - New best P3-val; checkpoint updated
2025-09-29 13:10:18 - Epoch 2/500 | LR=0.010000 | w_AVO=1.000 | w_P3=1.709 | lambda_MMD=0.120
2025-09-29 13:10:18 - Epoch Summary: TrainLoss=1.7519 | TrainAcc=0.599 | Val(P3)=0.629 | Val(AVO)=0.594
2025-09-29 13:10:18 - New best P3-val; checkpoint updated
2025-09-29 13:10:18 - Epoch 3/500 | LR=0.010000 | w_AVO=1.000 | w_P3=2.064 | lambda_MMD=0.180
2025-09-29 13:10:18 - Epoch Summary: TrainLoss=1.9381 | TrainAcc=0.601 | Val(P3)=0.514 | Val(AVO)=0.597
2025-09-29 13:10:18 - No P3-val improvement; patience remaining: 49/50
2025-09-29 13:10:18 - Epoch 4/500 | LR=0.009999 | w_AVO=1.000 | w_P3=2.418 | lambda_MMD=0.240
2025-09-29 13:10:18 - Epoch Summary: TrainLoss=2.1226 | TrainAcc=0.607 | Val(P3)=0.571 | Val(AVO)=0.590
2025-09-29 13:10:18 - No P3-val improvement; patience remaining: 48/50
2025-09-29 13:10:18 - Epoch 5/500 | LR=0.009998 | w_AVO=1.000 | w_P3=2.773 | lambda_MMD=0.300
2025-09-29 13:10:18 - Epoch Summary: TrainLoss=2.3706 | TrainAcc=0.601 | Val(P3)=0.457 | Val(AVO)=0.594
2025-09-29 13:10:18 - No P3-val improvement; patience remaining: 47/50
2025-09-29 13:10:18 - Epoch 6/500 | LR=0.009998 | w_AVO=1.000 | w_P3=2.773 | lambda_MMD=0.300
2025-09-29 13:10:19 - Epoch Summary: TrainLoss=2.3133 | TrainAcc=0.614 | Val(P3)=0.543 | Val(AVO)=0.581
2025-09-29 13:10:19 - No P3-val improvement; patience remaining: 46/50
2025-09-29 13:10:19 - Epoch 7/500 | LR=0.009996 | w_AVO=1.000 | w_P3=2.773 | lambda_MMD=0.300
2025-09-29 13:10:19 - Epoch Summary: TrainLoss=2.2775 | TrainAcc=0.615 | Val(P3)=0.543 | Val(AVO)=0.606
2025-09-29 13:10:19 - No P3-val improvement; patience remaining: 45/50
2025-09-29 13:10:19 - Epoch 8/500 | LR=0.009995 | w_AVO=1.000 | w_P3=2.773 | lambda_MMD=0.300
2025-09-29 13:10:19 - Epoch Summary: TrainLoss=2.2188 | TrainAcc=0.621 | Val(P3)=0.514 | Val(AVO)=0.594
2025-09-29 13:10:19 - No P3-val improvement; patience remaining: 44/50
2025-09-29 13:10:19 - Epoch 9/500 | LR=0.009994 | w_AVO=1.000 | w_P3=2.773 | lambda_MMD=0.300
2025-09-29 13:10:19 - Epoch Summary: TrainLoss=2.1370 | TrainAcc=0.620 | Val(P3)=0.571 | Val(AVO)=0.616
2025-09-29 13:10:19 - No P3-val improvement; patience remaining: 43/50
2025-09-29 13:10:19 - Epoch 10/500 | LR=0.009992 | w_AVO=1.000 | w_P3=2.773 | lambda_MMD=0.300
2025-09-29 13:10:19 - Epoch Summary: TrainLoss=2.1307 | TrainAcc=0.620 | Val(P3)=0.486 | Val(AVO)=0.610
2025-09-29 13:10:19 - No P3-val improvement; patience remaining: 42/50
2025-09-29 13:10:19 - Epoch 11/500 | LR=0.009990 | w_AVO=1.000 | w_P3=2.773 | lambda_MMD=0.300
2025-09-29 13:10:19 - Epoch Summary: TrainLoss=2.0639 | TrainAcc=0.631 | Val(P3)=0.543 | Val(AVO)=0.610
2025-09-29 13:10:19 - No P3-val improvement; patience remaining: 41/50
2025-09-29 13:10:19 - Epoch 12/500 | LR=0.009988 | w_AVO=1.000 | w_P3=2.773 | lambda_MMD=0.300
2025-09-29 13:10:20 - Epoch Summary: TrainLoss=2.0255 | TrainAcc=0.639 | Val(P3)=0.571 | Val(AVO)=0.619
2025-09-29 13:10:20 - No P3-val improvement; patience remaining: 40/50
2025-09-29 13:10:20 - Epoch 13/500 | LR=0.009986 | w_AVO=1.000 | w_P3=2.773 | lambda_MMD=0.300
2025-09-29 13:10:20 - Epoch Summary: TrainLoss=1.9552 | TrainAcc=0.640 | Val(P3)=0.543 | Val(AVO)=0.603
2025-09-29 13:10:20 - No P3-val improvement; patience remaining: 39/50
2025-09-29 13:10:20 - Epoch 14/500 | LR=0.009983 | w_AVO=1.000 | w_P3=2.773 | lambda_MMD=0.300
2025-09-29 13:10:20 - Epoch Summary: TrainLoss=1.9466 | TrainAcc=0.633 | Val(P3)=0.457 | Val(AVO)=0.619
2025-09-29 13:10:20 - No P3-val improvement; patience remaining: 38/50
2025-09-29 13:10:20 - P3 val decreasing 3x. Reducing w_small to 2.218, lambda_MMD to 0.150
2025-09-29 13:10:20 - Epoch 15/500 | LR=0.009981 | w_AVO=1.000 | w_P3=2.218 | lambda_MMD=0.150
2025-09-29 13:10:20 - Epoch Summary: TrainLoss=1.6252 | TrainAcc=0.640 | Val(P3)=0.543 | Val(AVO)=0.629
2025-09-29 13:10:20 - No P3-val improvement; patience remaining: 37/50
2025-09-29 13:10:20 - Epoch 16/500 | LR=0.009978 | w_AVO=1.000 | w_P3=2.773 | lambda_MMD=0.300
2025-09-29 13:10:20 - Epoch Summary: TrainLoss=1.8270 | TrainAcc=0.654 | Val(P3)=0.543 | Val(AVO)=0.626
2025-09-29 13:10:20 - No P3-val improvement; patience remaining: 36/50
2025-09-29 13:10:20 - Epoch 17/500 | LR=0.009975 | w_AVO=1.000 | w_P3=2.773 | lambda_MMD=0.300
2025-09-29 13:10:20 - Epoch Summary: TrainLoss=1.7847 | TrainAcc=0.656 | Val(P3)=0.457 | Val(AVO)=0.623
2025-09-29 13:10:20 - No P3-val improvement; patience remaining: 35/50
2025-09-29 13:10:20 - AVO val decreasing 3x. Reducing lambda_MMD to 0.210
2025-09-29 13:10:20 - Epoch 18/500 | LR=0.009972 | w_AVO=1.000 | w_P3=2.773 | lambda_MMD=0.210
2025-09-29 13:10:21 - Epoch Summary: TrainLoss=1.7368 | TrainAcc=0.661 | Val(P3)=0.486 | Val(AVO)=0.600
2025-09-29 13:10:21 - No P3-val improvement; patience remaining: 34/50
2025-09-29 13:10:21 - AVO val decreasing 3x. Reducing lambda_MMD to 0.210
2025-09-29 13:10:21 - Epoch 19/500 | LR=0.009968 | w_AVO=1.000 | w_P3=2.773 | lambda_MMD=0.210
2025-09-29 13:10:21 - Epoch Summary: TrainLoss=1.6679 | TrainAcc=0.654 | Val(P3)=0.543 | Val(AVO)=0.600
2025-09-29 13:10:21 - No P3-val improvement; patience remaining: 33/50
2025-09-29 13:10:21 - Epoch 20/500 | LR=0.009964 | w_AVO=1.000 | w_P3=2.773 | lambda_MMD=0.300
2025-09-29 13:10:21 - Epoch Summary: TrainLoss=1.6382 | TrainAcc=0.675 | Val(P3)=0.543 | Val(AVO)=0.577
2025-09-29 13:10:21 - No P3-val improvement; patience remaining: 32/50
2025-09-29 13:10:21 - Epoch 21/500 | LR=0.009961 | w_AVO=1.000 | w_P3=2.773 | lambda_MMD=0.300
2025-09-29 13:10:21 - Epoch Summary: TrainLoss=1.6201 | TrainAcc=0.656 | Val(P3)=0.543 | Val(AVO)=0.639
2025-09-29 13:10:21 - No P3-val improvement; patience remaining: 31/50
2025-09-29 13:10:21 - Epoch 22/500 | LR=0.009957 | w_AVO=1.000 | w_P3=2.773 | lambda_MMD=0.300
2025-09-29 13:10:21 - Epoch Summary: TrainLoss=1.6241 | TrainAcc=0.663 | Val(P3)=0.486 | Val(AVO)=0.603
2025-09-29 13:10:21 - No P3-val improvement; patience remaining: 30/50
2025-09-29 13:10:21 - Epoch 23/500 | LR=0.009952 | w_AVO=1.000 | w_P3=2.773 | lambda_MMD=0.300
2025-09-29 13:10:21 - Epoch Summary: TrainLoss=1.5713 | TrainAcc=0.662 | Val(P3)=0.400 | Val(AVO)=0.561
2025-09-29 13:10:21 - No P3-val improvement; patience remaining: 29/50
2025-09-29 13:10:21 - P3 val decreasing 3x. Reducing w_small to 2.218, lambda_MMD to 0.150
2025-09-29 13:10:21 - AVO val decreasing 3x. Reducing lambda_MMD to 0.105
2025-09-29 13:10:21 - Epoch 24/500 | LR=0.009948 | w_AVO=1.000 | w_P3=2.218 | lambda_MMD=0.105
2025-09-29 13:10:22 - Epoch Summary: TrainLoss=1.3166 | TrainAcc=0.674 | Val(P3)=0.486 | Val(AVO)=0.626
2025-09-29 13:10:22 - No P3-val improvement; patience remaining: 28/50
2025-09-29 13:10:22 - Epoch 25/500 | LR=0.009943 | w_AVO=1.000 | w_P3=2.773 | lambda_MMD=0.300
2025-09-29 13:10:22 - Epoch Summary: TrainLoss=1.4475 | TrainAcc=0.674 | Val(P3)=0.486 | Val(AVO)=0.629
2025-09-29 13:10:22 - No P3-val improvement; patience remaining: 27/50
2025-09-29 13:10:22 - Epoch 26/500 | LR=0.009938 | w_AVO=1.000 | w_P3=2.773 | lambda_MMD=0.300
2025-09-29 13:10:22 - Epoch Summary: TrainLoss=1.4492 | TrainAcc=0.664 | Val(P3)=0.457 | Val(AVO)=0.600
2025-09-29 13:10:22 - No P3-val improvement; patience remaining: 26/50
2025-09-29 13:10:22 - Epoch 27/500 | LR=0.009933 | w_AVO=1.000 | w_P3=2.773 | lambda_MMD=0.300
2025-09-29 13:10:22 - Epoch Summary: TrainLoss=1.4473 | TrainAcc=0.663 | Val(P3)=0.486 | Val(AVO)=0.619
2025-09-29 13:10:22 - No P3-val improvement; patience remaining: 25/50
2025-09-29 13:10:22 - Epoch 28/500 | LR=0.009928 | w_AVO=1.000 | w_P3=2.773 | lambda_MMD=0.300
2025-09-29 13:10:22 - Epoch Summary: TrainLoss=1.4061 | TrainAcc=0.680 | Val(P3)=0.486 | Val(AVO)=0.597
2025-09-29 13:10:22 - No P3-val improvement; patience remaining: 24/50
2025-09-29 13:10:22 - Epoch 29/500 | LR=0.009923 | w_AVO=1.000 | w_P3=2.773 | lambda_MMD=0.300
2025-09-29 13:10:23 - Epoch Summary: TrainLoss=1.3555 | TrainAcc=0.673 | Val(P3)=0.457 | Val(AVO)=0.639
2025-09-29 13:10:23 - No P3-val improvement; patience remaining: 23/50
2025-09-29 13:10:23 - Epoch 30/500 | LR=0.009917 | w_AVO=1.000 | w_P3=2.773 | lambda_MMD=0.300
2025-09-29 13:10:23 - Epoch Summary: TrainLoss=1.3151 | TrainAcc=0.667 | Val(P3)=0.514 | Val(AVO)=0.571
2025-09-29 13:10:23 - No P3-val improvement; patience remaining: 22/50
2025-09-29 13:10:23 - Epoch 31/500 | LR=0.009911 | w_AVO=1.000 | w_P3=2.773 | lambda_MMD=0.300
2025-09-29 13:10:23 - Epoch Summary: TrainLoss=1.3221 | TrainAcc=0.669 | Val(P3)=0.429 | Val(AVO)=0.606
2025-09-29 13:10:23 - No P3-val improvement; patience remaining: 21/50
2025-09-29 13:10:23 - Epoch 32/500 | LR=0.009905 | w_AVO=1.000 | w_P3=2.773 | lambda_MMD=0.300
2025-09-29 13:10:23 - Epoch Summary: TrainLoss=1.2603 | TrainAcc=0.679 | Val(P3)=0.457 | Val(AVO)=0.619
2025-09-29 13:10:23 - No P3-val improvement; patience remaining: 20/50
2025-09-29 13:10:23 - Epoch 33/500 | LR=0.009899 | w_AVO=1.000 | w_P3=2.773 | lambda_MMD=0.300
2025-09-29 13:10:23 - Epoch Summary: TrainLoss=1.2165 | TrainAcc=0.682 | Val(P3)=0.429 | Val(AVO)=0.552
2025-09-29 13:10:23 - No P3-val improvement; patience remaining: 19/50
2025-09-29 13:10:23 - Epoch 34/500 | LR=0.009893 | w_AVO=1.000 | w_P3=2.773 | lambda_MMD=0.300
2025-09-29 13:10:23 - Epoch Summary: TrainLoss=1.1962 | TrainAcc=0.680 | Val(P3)=0.486 | Val(AVO)=0.626
2025-09-29 13:10:23 - No P3-val improvement; patience remaining: 18/50
2025-09-29 13:10:23 - Epoch 35/500 | LR=0.009886 | w_AVO=1.000 | w_P3=2.773 | lambda_MMD=0.300
2025-09-29 13:10:24 - Epoch Summary: TrainLoss=1.1488 | TrainAcc=0.682 | Val(P3)=0.457 | Val(AVO)=0.581
2025-09-29 13:10:24 - No P3-val improvement; patience remaining: 17/50
2025-09-29 13:10:24 - Epoch 36/500 | LR=0.009880 | w_AVO=1.000 | w_P3=2.773 | lambda_MMD=0.300
2025-09-29 13:10:24 - Epoch Summary: TrainLoss=1.1224 | TrainAcc=0.699 | Val(P3)=0.457 | Val(AVO)=0.606
2025-09-29 13:10:24 - No P3-val improvement; patience remaining: 16/50
2025-09-29 13:10:24 - Epoch 37/500 | LR=0.009873 | w_AVO=1.000 | w_P3=2.773 | lambda_MMD=0.300
2025-09-29 13:10:24 - Epoch Summary: TrainLoss=1.1021 | TrainAcc=0.692 | Val(P3)=0.400 | Val(AVO)=0.565
2025-09-29 13:10:24 - No P3-val improvement; patience remaining: 15/50
2025-09-29 13:10:24 - Epoch 38/500 | LR=0.009865 | w_AVO=1.000 | w_P3=2.773 | lambda_MMD=0.300
2025-09-29 13:10:24 - Epoch Summary: TrainLoss=1.1303 | TrainAcc=0.682 | Val(P3)=0.457 | Val(AVO)=0.613
2025-09-29 13:10:24 - No P3-val improvement; patience remaining: 14/50
2025-09-29 13:10:24 - Epoch 39/500 | LR=0.009858 | w_AVO=1.000 | w_P3=2.773 | lambda_MMD=0.300
2025-09-29 13:10:24 - Epoch Summary: TrainLoss=1.0931 | TrainAcc=0.697 | Val(P3)=0.371 | Val(AVO)=0.568
2025-09-29 13:10:24 - No P3-val improvement; patience remaining: 13/50
2025-09-29 13:10:24 - Epoch 40/500 | LR=0.009851 | w_AVO=1.000 | w_P3=2.773 | lambda_MMD=0.300
2025-09-29 13:10:24 - Epoch Summary: TrainLoss=1.0493 | TrainAcc=0.706 | Val(P3)=0.400 | Val(AVO)=0.581
2025-09-29 13:10:24 - No P3-val improvement; patience remaining: 12/50
2025-09-29 13:10:24 - Epoch 41/500 | LR=0.009843 | w_AVO=1.000 | w_P3=2.773 | lambda_MMD=0.300
2025-09-29 13:10:25 - Epoch Summary: TrainLoss=1.0489 | TrainAcc=0.710 | Val(P3)=0.400 | Val(AVO)=0.532
2025-09-29 13:10:25 - No P3-val improvement; patience remaining: 11/50
2025-09-29 13:10:25 - Epoch 42/500 | LR=0.009835 | w_AVO=1.000 | w_P3=2.773 | lambda_MMD=0.300
2025-09-29 13:10:25 - Epoch Summary: TrainLoss=1.0436 | TrainAcc=0.710 | Val(P3)=0.429 | Val(AVO)=0.552
2025-09-29 13:10:25 - No P3-val improvement; patience remaining: 10/50
2025-09-29 13:10:25 - Epoch 43/500 | LR=0.009827 | w_AVO=1.000 | w_P3=2.773 | lambda_MMD=0.300
2025-09-29 13:10:25 - Epoch Summary: TrainLoss=1.0019 | TrainAcc=0.699 | Val(P3)=0.371 | Val(AVO)=0.590
2025-09-29 13:10:25 - No P3-val improvement; patience remaining: 9/50
2025-09-29 13:10:25 - Epoch 44/500 | LR=0.009819 | w_AVO=1.000 | w_P3=2.773 | lambda_MMD=0.300
2025-09-29 13:10:25 - Epoch Summary: TrainLoss=0.9579 | TrainAcc=0.722 | Val(P3)=0.400 | Val(AVO)=0.561
2025-09-29 13:10:25 - No P3-val improvement; patience remaining: 8/50
2025-09-29 13:10:25 - Epoch 45/500 | LR=0.009810 | w_AVO=1.000 | w_P3=2.773 | lambda_MMD=0.300
2025-09-29 13:10:25 - Epoch Summary: TrainLoss=0.9532 | TrainAcc=0.699 | Val(P3)=0.371 | Val(AVO)=0.539
2025-09-29 13:10:25 - No P3-val improvement; patience remaining: 7/50
2025-09-29 13:10:25 - AVO val decreasing 3x. Reducing lambda_MMD to 0.210
2025-09-29 13:10:25 - Epoch 46/500 | LR=0.009801 | w_AVO=1.000 | w_P3=2.773 | lambda_MMD=0.210
2025-09-29 13:10:25 - Epoch Summary: TrainLoss=0.9392 | TrainAcc=0.718 | Val(P3)=0.371 | Val(AVO)=0.584
2025-09-29 13:10:25 - No P3-val improvement; patience remaining: 6/50
2025-09-29 13:10:25 - Epoch 47/500 | LR=0.009793 | w_AVO=1.000 | w_P3=2.773 | lambda_MMD=0.300
2025-09-29 13:10:26 - Epoch Summary: TrainLoss=0.9295 | TrainAcc=0.716 | Val(P3)=0.457 | Val(AVO)=0.584
2025-09-29 13:10:26 - No P3-val improvement; patience remaining: 5/50
2025-09-29 13:10:26 - Epoch 48/500 | LR=0.009784 | w_AVO=1.000 | w_P3=2.773 | lambda_MMD=0.300
2025-09-29 13:10:26 - Epoch Summary: TrainLoss=0.9133 | TrainAcc=0.721 | Val(P3)=0.457 | Val(AVO)=0.584
2025-09-29 13:10:26 - No P3-val improvement; patience remaining: 4/50
2025-09-29 13:10:26 - Epoch 49/500 | LR=0.009774 | w_AVO=1.000 | w_P3=2.773 | lambda_MMD=0.300
2025-09-29 13:10:26 - Epoch Summary: TrainLoss=0.8992 | TrainAcc=0.728 | Val(P3)=0.400 | Val(AVO)=0.584
2025-09-29 13:10:26 - No P3-val improvement; patience remaining: 3/50
2025-09-29 13:10:26 - Epoch 50/500 | LR=0.009765 | w_AVO=1.000 | w_P3=2.773 | lambda_MMD=0.300
2025-09-29 13:10:26 - Epoch Summary: TrainLoss=0.8760 | TrainAcc=0.730 | Val(P3)=0.429 | Val(AVO)=0.558
2025-09-29 13:10:26 - No P3-val improvement; patience remaining: 2/50
2025-09-29 13:10:26 - Epoch 51/500 | LR=0.009755 | w_AVO=1.000 | w_P3=2.773 | lambda_MMD=0.300
2025-09-29 13:10:26 - Epoch Summary: TrainLoss=0.9184 | TrainAcc=0.719 | Val(P3)=0.400 | Val(AVO)=0.561
2025-09-29 13:10:26 - No P3-val improvement; patience remaining: 1/50
2025-09-29 13:10:26 - Epoch 52/500 | LR=0.009745 | w_AVO=1.000 | w_P3=2.773 | lambda_MMD=0.300
2025-09-29 13:10:26 - Epoch Summary: TrainLoss=0.9535 | TrainAcc=0.699 | Val(P3)=0.429 | Val(AVO)=0.565
2025-09-29 13:10:26 - No P3-val improvement; patience remaining: 0/50
2025-09-29 13:10:26 - Early stopping triggered (P3-val)
2025-09-29 13:10:27 -     P3 Test | Acc=0.6322 P=0.6735 R=0.6735 F1=0.6735 AUC=0.6568 (n=87)
2025-09-29 13:10:27 -     AVO Test | Acc=0.5738 P=0.5405 R=0.8784 F1=0.6692 AUC=0.6985 (n=603)
2025-09-29 13:10:27 -     Overall Test Acc=0.5812
2025-09-29 13:10:27 -   Fold 2/5
2025-09-29 13:10:27 - Fold domains: small=P3 (n=277), large=AVO (n=2138)
2025-09-29 13:10:27 - Auto adjustments (symmetric): w_small≈1.000, lambda_MMD_target=0.300, warmup_epochs=5
2025-09-29 13:10:27 - Epoch 1/500 | LR=0.010000 | w_AVO=1.000 | w_P3=1.356 | lambda_MMD=0.060
2025-09-29 13:10:27 - Epoch Summary: TrainLoss=1.6663 | TrainAcc=0.568 | Val(P3)=0.629 | Val(AVO)=0.616
2025-09-29 13:10:27 - New best P3-val; checkpoint updated
2025-09-29 13:10:27 - Epoch 2/500 | LR=0.010000 | w_AVO=1.000 | w_P3=1.711 | lambda_MMD=0.120
2025-09-29 13:10:27 - Epoch Summary: TrainLoss=1.7705 | TrainAcc=0.614 | Val(P3)=0.657 | Val(AVO)=0.606
2025-09-29 13:10:27 - New best P3-val; checkpoint updated
2025-09-29 13:10:27 - Epoch 3/500 | LR=0.010000 | w_AVO=1.000 | w_P3=2.067 | lambda_MMD=0.180
2025-09-29 13:10:27 - Epoch Summary: TrainLoss=1.9739 | TrainAcc=0.622 | Val(P3)=0.657 | Val(AVO)=0.629
2025-09-29 13:10:27 - No P3-val improvement; patience remaining: 49/50
2025-09-29 13:10:27 - Epoch 4/500 | LR=0.009999 | w_AVO=1.000 | w_P3=2.423 | lambda_MMD=0.240
2025-09-29 13:10:27 - Epoch Summary: TrainLoss=2.1941 | TrainAcc=0.616 | Val(P3)=0.657 | Val(AVO)=0.632
2025-09-29 13:10:27 - No P3-val improvement; patience remaining: 48/50
2025-09-29 13:10:27 - Epoch 5/500 | LR=0.009998 | w_AVO=1.000 | w_P3=2.778 | lambda_MMD=0.300
2025-09-29 13:10:27 - Epoch Summary: TrainLoss=2.4006 | TrainAcc=0.636 | Val(P3)=0.657 | Val(AVO)=0.655
2025-09-29 13:10:27 - No P3-val improvement; patience remaining: 47/50
2025-09-29 13:10:27 - Epoch 6/500 | LR=0.009998 | w_AVO=1.000 | w_P3=2.778 | lambda_MMD=0.300
2025-09-29 13:10:28 - Epoch Summary: TrainLoss=2.4141 | TrainAcc=0.639 | Val(P3)=0.629 | Val(AVO)=0.632
2025-09-29 13:10:28 - No P3-val improvement; patience remaining: 46/50
2025-09-29 13:10:28 - Epoch 7/500 | LR=0.009996 | w_AVO=1.000 | w_P3=2.778 | lambda_MMD=0.300
2025-09-29 13:10:28 - Epoch Summary: TrainLoss=2.3640 | TrainAcc=0.638 | Val(P3)=0.571 | Val(AVO)=0.629
2025-09-29 13:10:28 - No P3-val improvement; patience remaining: 45/50
2025-09-29 13:10:28 - P3 val decreasing 3x. Reducing w_small to 2.223, lambda_MMD to 0.150
2025-09-29 13:10:28 - AVO val decreasing 3x. Reducing lambda_MMD to 0.105
2025-09-29 13:10:28 - Epoch 8/500 | LR=0.009995 | w_AVO=1.000 | w_P3=2.223 | lambda_MMD=0.105
2025-09-29 13:10:28 - Epoch Summary: TrainLoss=1.9847 | TrainAcc=0.640 | Val(P3)=0.600 | Val(AVO)=0.610
2025-09-29 13:10:28 - No P3-val improvement; patience remaining: 44/50
2025-09-29 13:10:28 - AVO val decreasing 3x. Reducing lambda_MMD to 0.210
2025-09-29 13:10:28 - Epoch 9/500 | LR=0.009994 | w_AVO=1.000 | w_P3=2.778 | lambda_MMD=0.210
2025-09-29 13:10:28 - Epoch Summary: TrainLoss=2.3043 | TrainAcc=0.623 | Val(P3)=0.571 | Val(AVO)=0.642
2025-09-29 13:10:28 - No P3-val improvement; patience remaining: 43/50
2025-09-29 13:10:28 - Epoch 10/500 | LR=0.009992 | w_AVO=1.000 | w_P3=2.778 | lambda_MMD=0.300
2025-09-29 13:10:28 - Epoch Summary: TrainLoss=2.2739 | TrainAcc=0.650 | Val(P3)=0.657 | Val(AVO)=0.632
2025-09-29 13:10:28 - No P3-val improvement; patience remaining: 42/50
2025-09-29 13:10:28 - Epoch 11/500 | LR=0.009990 | w_AVO=1.000 | w_P3=2.778 | lambda_MMD=0.300
2025-09-29 13:10:28 - Epoch Summary: TrainLoss=2.3005 | TrainAcc=0.630 | Val(P3)=0.600 | Val(AVO)=0.652
2025-09-29 13:10:28 - No P3-val improvement; patience remaining: 41/50
2025-09-29 13:10:28 - Epoch 12/500 | LR=0.009988 | w_AVO=1.000 | w_P3=2.778 | lambda_MMD=0.300
2025-09-29 13:10:29 - Epoch Summary: TrainLoss=2.2197 | TrainAcc=0.662 | Val(P3)=0.600 | Val(AVO)=0.623
2025-09-29 13:10:29 - No P3-val improvement; patience remaining: 40/50
2025-09-29 13:10:29 - Epoch 13/500 | LR=0.009986 | w_AVO=1.000 | w_P3=2.778 | lambda_MMD=0.300
2025-09-29 13:10:29 - Epoch Summary: TrainLoss=2.1727 | TrainAcc=0.660 | Val(P3)=0.514 | Val(AVO)=0.642
2025-09-29 13:10:29 - No P3-val improvement; patience remaining: 39/50
2025-09-29 13:10:29 - Epoch 14/500 | LR=0.009983 | w_AVO=1.000 | w_P3=2.778 | lambda_MMD=0.300
2025-09-29 13:10:29 - Epoch Summary: TrainLoss=2.1331 | TrainAcc=0.653 | Val(P3)=0.600 | Val(AVO)=0.648
2025-09-29 13:10:29 - No P3-val improvement; patience remaining: 38/50
2025-09-29 13:10:29 - Epoch 15/500 | LR=0.009981 | w_AVO=1.000 | w_P3=2.778 | lambda_MMD=0.300
2025-09-29 13:10:29 - Epoch Summary: TrainLoss=2.1173 | TrainAcc=0.632 | Val(P3)=0.486 | Val(AVO)=0.648
2025-09-29 13:10:29 - No P3-val improvement; patience remaining: 37/50
2025-09-29 13:10:29 - Epoch 16/500 | LR=0.009978 | w_AVO=1.000 | w_P3=2.778 | lambda_MMD=0.300
2025-09-29 13:10:29 - Epoch Summary: TrainLoss=2.1031 | TrainAcc=0.635 | Val(P3)=0.543 | Val(AVO)=0.652
2025-09-29 13:10:29 - No P3-val improvement; patience remaining: 36/50
2025-09-29 13:10:29 - Epoch 17/500 | LR=0.009975 | w_AVO=1.000 | w_P3=2.778 | lambda_MMD=0.300
2025-09-29 13:10:29 - Epoch Summary: TrainLoss=1.9597 | TrainAcc=0.668 | Val(P3)=0.543 | Val(AVO)=0.655
2025-09-29 13:10:29 - No P3-val improvement; patience remaining: 35/50
2025-09-29 13:10:29 - Epoch 18/500 | LR=0.009972 | w_AVO=1.000 | w_P3=2.778 | lambda_MMD=0.300
2025-09-29 13:10:30 - Epoch Summary: TrainLoss=1.9452 | TrainAcc=0.663 | Val(P3)=0.514 | Val(AVO)=0.635
2025-09-29 13:10:30 - No P3-val improvement; patience remaining: 34/50
2025-09-29 13:10:30 - Epoch 19/500 | LR=0.009968 | w_AVO=1.000 | w_P3=2.778 | lambda_MMD=0.300
2025-09-29 13:10:30 - Epoch Summary: TrainLoss=1.8903 | TrainAcc=0.657 | Val(P3)=0.543 | Val(AVO)=0.629
2025-09-29 13:10:30 - No P3-val improvement; patience remaining: 33/50
2025-09-29 13:10:30 - AVO val decreasing 3x. Reducing lambda_MMD to 0.210
2025-09-29 13:10:30 - Epoch 20/500 | LR=0.009964 | w_AVO=1.000 | w_P3=2.778 | lambda_MMD=0.210
2025-09-29 13:10:30 - Epoch Summary: TrainLoss=1.8386 | TrainAcc=0.663 | Val(P3)=0.457 | Val(AVO)=0.652
2025-09-29 13:10:30 - No P3-val improvement; patience remaining: 32/50
2025-09-29 13:10:30 - Epoch 21/500 | LR=0.009961 | w_AVO=1.000 | w_P3=2.778 | lambda_MMD=0.300
2025-09-29 13:10:30 - Epoch Summary: TrainLoss=1.8437 | TrainAcc=0.672 | Val(P3)=0.457 | Val(AVO)=0.668
2025-09-29 13:10:30 - No P3-val improvement; patience remaining: 31/50
2025-09-29 13:10:30 - Epoch 22/500 | LR=0.009957 | w_AVO=1.000 | w_P3=2.778 | lambda_MMD=0.300
2025-09-29 13:10:30 - Epoch Summary: TrainLoss=1.8003 | TrainAcc=0.660 | Val(P3)=0.571 | Val(AVO)=0.590
2025-09-29 13:10:30 - No P3-val improvement; patience remaining: 30/50
2025-09-29 13:10:30 - Epoch 23/500 | LR=0.009952 | w_AVO=1.000 | w_P3=2.778 | lambda_MMD=0.300
2025-09-29 13:10:31 - Epoch Summary: TrainLoss=1.7509 | TrainAcc=0.666 | Val(P3)=0.629 | Val(AVO)=0.613
2025-09-29 13:10:31 - No P3-val improvement; patience remaining: 29/50
2025-09-29 13:10:31 - Epoch 24/500 | LR=0.009948 | w_AVO=1.000 | w_P3=2.778 | lambda_MMD=0.300
2025-09-29 13:10:31 - Epoch Summary: TrainLoss=1.7245 | TrainAcc=0.665 | Val(P3)=0.543 | Val(AVO)=0.648
2025-09-29 13:10:31 - No P3-val improvement; patience remaining: 28/50
2025-09-29 13:10:31 - Epoch 25/500 | LR=0.009943 | w_AVO=1.000 | w_P3=2.778 | lambda_MMD=0.300
2025-09-29 13:10:31 - Epoch Summary: TrainLoss=1.6535 | TrainAcc=0.661 | Val(P3)=0.457 | Val(AVO)=0.690
2025-09-29 13:10:31 - No P3-val improvement; patience remaining: 27/50
2025-09-29 13:10:31 - P3 val decreasing 3x. Reducing w_small to 2.223, lambda_MMD to 0.150
2025-09-29 13:10:31 - Epoch 26/500 | LR=0.009938 | w_AVO=1.000 | w_P3=2.223 | lambda_MMD=0.150
2025-09-29 13:10:31 - Epoch Summary: TrainLoss=1.4172 | TrainAcc=0.669 | Val(P3)=0.486 | Val(AVO)=0.665
2025-09-29 13:10:31 - No P3-val improvement; patience remaining: 26/50
2025-09-29 13:10:31 - Epoch 27/500 | LR=0.009933 | w_AVO=1.000 | w_P3=2.778 | lambda_MMD=0.300
2025-09-29 13:10:31 - Epoch Summary: TrainLoss=1.5576 | TrainAcc=0.678 | Val(P3)=0.543 | Val(AVO)=0.645
2025-09-29 13:10:31 - No P3-val improvement; patience remaining: 25/50
2025-09-29 13:10:31 - AVO val decreasing 3x. Reducing lambda_MMD to 0.210
2025-09-29 13:10:31 - Epoch 28/500 | LR=0.009928 | w_AVO=1.000 | w_P3=2.778 | lambda_MMD=0.210
2025-09-29 13:10:31 - Epoch Summary: TrainLoss=1.6003 | TrainAcc=0.679 | Val(P3)=0.571 | Val(AVO)=0.629
2025-09-29 13:10:31 - No P3-val improvement; patience remaining: 24/50
2025-09-29 13:10:31 - AVO val decreasing 3x. Reducing lambda_MMD to 0.210
2025-09-29 13:10:31 - Epoch 29/500 | LR=0.009923 | w_AVO=1.000 | w_P3=2.778 | lambda_MMD=0.210
2025-09-29 13:10:32 - Epoch Summary: TrainLoss=1.5571 | TrainAcc=0.675 | Val(P3)=0.486 | Val(AVO)=0.655
2025-09-29 13:10:32 - No P3-val improvement; patience remaining: 23/50
2025-09-29 13:10:32 - Epoch 30/500 | LR=0.009917 | w_AVO=1.000 | w_P3=2.778 | lambda_MMD=0.300
2025-09-29 13:10:32 - Epoch Summary: TrainLoss=1.5035 | TrainAcc=0.679 | Val(P3)=0.486 | Val(AVO)=0.626
2025-09-29 13:10:32 - No P3-val improvement; patience remaining: 22/50
2025-09-29 13:10:32 - Epoch 31/500 | LR=0.009911 | w_AVO=1.000 | w_P3=2.778 | lambda_MMD=0.300
2025-09-29 13:10:32 - Epoch Summary: TrainLoss=1.4573 | TrainAcc=0.675 | Val(P3)=0.457 | Val(AVO)=0.648
2025-09-29 13:10:32 - No P3-val improvement; patience remaining: 21/50
2025-09-29 13:10:32 - Epoch 32/500 | LR=0.009905 | w_AVO=1.000 | w_P3=2.778 | lambda_MMD=0.300
2025-09-29 13:10:32 - Epoch Summary: TrainLoss=1.4131 | TrainAcc=0.690 | Val(P3)=0.514 | Val(AVO)=0.629
2025-09-29 13:10:32 - No P3-val improvement; patience remaining: 20/50
2025-09-29 13:10:32 - Epoch 33/500 | LR=0.009899 | w_AVO=1.000 | w_P3=2.778 | lambda_MMD=0.300
2025-09-29 13:10:32 - Epoch Summary: TrainLoss=1.3936 | TrainAcc=0.686 | Val(P3)=0.486 | Val(AVO)=0.635
2025-09-29 13:10:32 - No P3-val improvement; patience remaining: 19/50
2025-09-29 13:10:32 - Epoch 34/500 | LR=0.009893 | w_AVO=1.000 | w_P3=2.778 | lambda_MMD=0.300
2025-09-29 13:10:32 - Epoch Summary: TrainLoss=1.3642 | TrainAcc=0.690 | Val(P3)=0.486 | Val(AVO)=0.632
2025-09-29 13:10:32 - No P3-val improvement; patience remaining: 18/50
2025-09-29 13:10:32 - Epoch 35/500 | LR=0.009886 | w_AVO=1.000 | w_P3=2.778 | lambda_MMD=0.300
2025-09-29 13:10:33 - Epoch Summary: TrainLoss=1.3402 | TrainAcc=0.692 | Val(P3)=0.486 | Val(AVO)=0.626
2025-09-29 13:10:33 - No P3-val improvement; patience remaining: 17/50
2025-09-29 13:10:33 - AVO val decreasing 3x. Reducing lambda_MMD to 0.210
2025-09-29 13:10:33 - Epoch 36/500 | LR=0.009880 | w_AVO=1.000 | w_P3=2.778 | lambda_MMD=0.210
2025-09-29 13:10:33 - Epoch Summary: TrainLoss=1.2715 | TrainAcc=0.689 | Val(P3)=0.486 | Val(AVO)=0.645
2025-09-29 13:10:33 - No P3-val improvement; patience remaining: 16/50
2025-09-29 13:10:33 - Epoch 37/500 | LR=0.009873 | w_AVO=1.000 | w_P3=2.778 | lambda_MMD=0.300
2025-09-29 13:10:33 - Epoch Summary: TrainLoss=1.2819 | TrainAcc=0.697 | Val(P3)=0.457 | Val(AVO)=0.632
2025-09-29 13:10:33 - No P3-val improvement; patience remaining: 15/50
2025-09-29 13:10:33 - Epoch 38/500 | LR=0.009865 | w_AVO=1.000 | w_P3=2.778 | lambda_MMD=0.300
2025-09-29 13:10:33 - Epoch Summary: TrainLoss=1.2970 | TrainAcc=0.689 | Val(P3)=0.514 | Val(AVO)=0.626
2025-09-29 13:10:33 - No P3-val improvement; patience remaining: 14/50
2025-09-29 13:10:33 - AVO val decreasing 3x. Reducing lambda_MMD to 0.210
2025-09-29 13:10:33 - Epoch 39/500 | LR=0.009858 | w_AVO=1.000 | w_P3=2.778 | lambda_MMD=0.210
2025-09-29 13:10:33 - Epoch Summary: TrainLoss=1.2376 | TrainAcc=0.696 | Val(P3)=0.429 | Val(AVO)=0.668
2025-09-29 13:10:33 - No P3-val improvement; patience remaining: 13/50
2025-09-29 13:10:33 - Epoch 40/500 | LR=0.009851 | w_AVO=1.000 | w_P3=2.778 | lambda_MMD=0.300
2025-09-29 13:10:33 - Epoch Summary: TrainLoss=1.2126 | TrainAcc=0.689 | Val(P3)=0.486 | Val(AVO)=0.652
2025-09-29 13:10:33 - No P3-val improvement; patience remaining: 12/50
2025-09-29 13:10:33 - Epoch 41/500 | LR=0.009843 | w_AVO=1.000 | w_P3=2.778 | lambda_MMD=0.300
2025-09-29 13:10:34 - Epoch Summary: TrainLoss=1.1679 | TrainAcc=0.696 | Val(P3)=0.514 | Val(AVO)=0.671
2025-09-29 13:10:34 - No P3-val improvement; patience remaining: 11/50
2025-09-29 13:10:34 - Epoch 42/500 | LR=0.009835 | w_AVO=1.000 | w_P3=2.778 | lambda_MMD=0.300
2025-09-29 13:10:34 - Epoch Summary: TrainLoss=1.1322 | TrainAcc=0.703 | Val(P3)=0.514 | Val(AVO)=0.658
2025-09-29 13:10:34 - No P3-val improvement; patience remaining: 10/50
2025-09-29 13:10:34 - Epoch 43/500 | LR=0.009827 | w_AVO=1.000 | w_P3=2.778 | lambda_MMD=0.300
2025-09-29 13:10:34 - Epoch Summary: TrainLoss=1.1447 | TrainAcc=0.715 | Val(P3)=0.457 | Val(AVO)=0.655
2025-09-29 13:10:34 - No P3-val improvement; patience remaining: 9/50
2025-09-29 13:10:34 - AVO val decreasing 3x. Reducing lambda_MMD to 0.210
2025-09-29 13:10:34 - Epoch 44/500 | LR=0.009819 | w_AVO=1.000 | w_P3=2.778 | lambda_MMD=0.210
2025-09-29 13:10:34 - Epoch Summary: TrainLoss=1.1072 | TrainAcc=0.701 | Val(P3)=0.543 | Val(AVO)=0.597
2025-09-29 13:10:34 - No P3-val improvement; patience remaining: 8/50
2025-09-29 13:10:34 - AVO val decreasing 3x. Reducing lambda_MMD to 0.210
2025-09-29 13:10:34 - Epoch 45/500 | LR=0.009810 | w_AVO=1.000 | w_P3=2.778 | lambda_MMD=0.210
2025-09-29 13:10:34 - Epoch Summary: TrainLoss=1.1230 | TrainAcc=0.691 | Val(P3)=0.486 | Val(AVO)=0.629
2025-09-29 13:10:34 - No P3-val improvement; patience remaining: 7/50
2025-09-29 13:10:34 - Epoch 46/500 | LR=0.009801 | w_AVO=1.000 | w_P3=2.778 | lambda_MMD=0.300
2025-09-29 13:10:35 - Epoch Summary: TrainLoss=1.0548 | TrainAcc=0.699 | Val(P3)=0.514 | Val(AVO)=0.648
2025-09-29 13:10:35 - No P3-val improvement; patience remaining: 6/50
2025-09-29 13:10:35 - Epoch 47/500 | LR=0.009793 | w_AVO=1.000 | w_P3=2.778 | lambda_MMD=0.300
2025-09-29 13:10:35 - Epoch Summary: TrainLoss=1.0498 | TrainAcc=0.715 | Val(P3)=0.514 | Val(AVO)=0.652
2025-09-29 13:10:35 - No P3-val improvement; patience remaining: 5/50
2025-09-29 13:10:35 - Epoch 48/500 | LR=0.009784 | w_AVO=1.000 | w_P3=2.778 | lambda_MMD=0.300
2025-09-29 13:10:35 - Epoch Summary: TrainLoss=1.0433 | TrainAcc=0.695 | Val(P3)=0.486 | Val(AVO)=0.648
2025-09-29 13:10:35 - No P3-val improvement; patience remaining: 4/50
2025-09-29 13:10:35 - Epoch 49/500 | LR=0.009774 | w_AVO=1.000 | w_P3=2.778 | lambda_MMD=0.300
2025-09-29 13:10:35 - Epoch Summary: TrainLoss=1.0035 | TrainAcc=0.719 | Val(P3)=0.486 | Val(AVO)=0.687
2025-09-29 13:10:35 - No P3-val improvement; patience remaining: 3/50
2025-09-29 13:10:35 - Epoch 50/500 | LR=0.009765 | w_AVO=1.000 | w_P3=2.778 | lambda_MMD=0.300
2025-09-29 13:10:35 - Epoch Summary: TrainLoss=0.9706 | TrainAcc=0.721 | Val(P3)=0.457 | Val(AVO)=0.658
2025-09-29 13:10:35 - No P3-val improvement; patience remaining: 2/50
2025-09-29 13:10:35 - Epoch 51/500 | LR=0.009755 | w_AVO=1.000 | w_P3=2.778 | lambda_MMD=0.300
2025-09-29 13:10:35 - Epoch Summary: TrainLoss=1.0056 | TrainAcc=0.711 | Val(P3)=0.486 | Val(AVO)=0.661
2025-09-29 13:10:35 - No P3-val improvement; patience remaining: 1/50
2025-09-29 13:10:35 - Epoch 52/500 | LR=0.009745 | w_AVO=1.000 | w_P3=2.778 | lambda_MMD=0.300
2025-09-29 13:10:36 - Epoch Summary: TrainLoss=0.9675 | TrainAcc=0.709 | Val(P3)=0.543 | Val(AVO)=0.665
2025-09-29 13:10:36 - No P3-val improvement; patience remaining: 0/50
2025-09-29 13:10:36 - Early stopping triggered (P3-val)
2025-09-29 13:10:36 -     P3 Test | Acc=0.5455 P=0.4706 R=0.6486 F1=0.5455 AUC=0.6142 (n=88)
2025-09-29 13:10:36 -     AVO Test | Acc=0.6262 P=0.6277 R=0.6623 F1=0.6445 AUC=0.6643 (n=602)
2025-09-29 13:10:36 -     Overall Test Acc=0.6159
2025-09-29 13:10:36 -   Fold 3/5
2025-09-29 13:10:36 - Fold domains: small=P3 (n=286), large=AVO (n=2129)
2025-09-29 13:10:36 - Auto adjustments (symmetric): w_small≈1.000, lambda_MMD_target=0.300, warmup_epochs=5
2025-09-29 13:10:36 - Epoch 1/500 | LR=0.010000 | w_AVO=1.000 | w_P3=1.346 | lambda_MMD=0.060
2025-09-29 13:10:36 - Epoch Summary: TrainLoss=1.6924 | TrainAcc=0.526 | Val(P3)=0.611 | Val(AVO)=0.573
2025-09-29 13:10:36 - New best P3-val; checkpoint updated
2025-09-29 13:10:36 - Epoch 2/500 | LR=0.010000 | w_AVO=1.000 | w_P3=1.691 | lambda_MMD=0.120
2025-09-29 13:10:36 - Epoch Summary: TrainLoss=1.7655 | TrainAcc=0.600 | Val(P3)=0.639 | Val(AVO)=0.644
2025-09-29 13:10:36 - New best P3-val; checkpoint updated
2025-09-29 13:10:36 - Epoch 3/500 | LR=0.010000 | w_AVO=1.000 | w_P3=2.037 | lambda_MMD=0.180
2025-09-29 13:10:36 - Epoch Summary: TrainLoss=1.9462 | TrainAcc=0.617 | Val(P3)=0.611 | Val(AVO)=0.634
2025-09-29 13:10:36 - No P3-val improvement; patience remaining: 49/50
2025-09-29 13:10:36 - Epoch 4/500 | LR=0.009999 | w_AVO=1.000 | w_P3=2.383 | lambda_MMD=0.240
2025-09-29 13:10:36 - Epoch Summary: TrainLoss=2.1474 | TrainAcc=0.611 | Val(P3)=0.611 | Val(AVO)=0.638
2025-09-29 13:10:36 - No P3-val improvement; patience remaining: 48/50
2025-09-29 13:10:36 - Epoch 5/500 | LR=0.009998 | w_AVO=1.000 | w_P3=2.728 | lambda_MMD=0.300
2025-09-29 13:10:37 - Epoch Summary: TrainLoss=2.3293 | TrainAcc=0.618 | Val(P3)=0.556 | Val(AVO)=0.605
2025-09-29 13:10:37 - No P3-val improvement; patience remaining: 47/50
2025-09-29 13:10:37 - Epoch 6/500 | LR=0.009998 | w_AVO=1.000 | w_P3=2.728 | lambda_MMD=0.300
2025-09-29 13:10:37 - Epoch Summary: TrainLoss=2.2919 | TrainAcc=0.620 | Val(P3)=0.611 | Val(AVO)=0.634
2025-09-29 13:10:37 - No P3-val improvement; patience remaining: 46/50
2025-09-29 13:10:37 - Epoch 7/500 | LR=0.009996 | w_AVO=1.000 | w_P3=2.728 | lambda_MMD=0.300
2025-09-29 13:10:37 - Epoch Summary: TrainLoss=2.2576 | TrainAcc=0.621 | Val(P3)=0.583 | Val(AVO)=0.644
2025-09-29 13:10:37 - No P3-val improvement; patience remaining: 45/50
2025-09-29 13:10:37 - Epoch 8/500 | LR=0.009995 | w_AVO=1.000 | w_P3=2.728 | lambda_MMD=0.300
2025-09-29 13:10:37 - Epoch Summary: TrainLoss=2.2070 | TrainAcc=0.617 | Val(P3)=0.556 | Val(AVO)=0.602
2025-09-29 13:10:37 - No P3-val improvement; patience remaining: 44/50
2025-09-29 13:10:37 - P3 val decreasing 3x. Reducing w_small to 2.183, lambda_MMD to 0.150
2025-09-29 13:10:37 - Epoch 9/500 | LR=0.009994 | w_AVO=1.000 | w_P3=2.183 | lambda_MMD=0.150
2025-09-29 13:10:37 - Epoch Summary: TrainLoss=1.8393 | TrainAcc=0.628 | Val(P3)=0.611 | Val(AVO)=0.644
2025-09-29 13:10:37 - No P3-val improvement; patience remaining: 43/50
2025-09-29 13:10:37 - Epoch 10/500 | LR=0.009992 | w_AVO=1.000 | w_P3=2.728 | lambda_MMD=0.300
2025-09-29 13:10:37 - Epoch Summary: TrainLoss=2.0919 | TrainAcc=0.623 | Val(P3)=0.611 | Val(AVO)=0.631
2025-09-29 13:10:37 - No P3-val improvement; patience remaining: 42/50
2025-09-29 13:10:37 - Epoch 11/500 | LR=0.009990 | w_AVO=1.000 | w_P3=2.728 | lambda_MMD=0.300
2025-09-29 13:10:38 - Epoch Summary: TrainLoss=2.0527 | TrainAcc=0.638 | Val(P3)=0.583 | Val(AVO)=0.654
2025-09-29 13:10:38 - No P3-val improvement; patience remaining: 41/50
2025-09-29 13:10:38 - Epoch 12/500 | LR=0.009988 | w_AVO=1.000 | w_P3=2.728 | lambda_MMD=0.300
2025-09-29 13:10:38 - Epoch Summary: TrainLoss=2.0050 | TrainAcc=0.635 | Val(P3)=0.556 | Val(AVO)=0.644
2025-09-29 13:10:38 - No P3-val improvement; patience remaining: 40/50
2025-09-29 13:10:38 - P3 val decreasing 3x. Reducing w_small to 2.183, lambda_MMD to 0.150
2025-09-29 13:10:38 - Epoch 13/500 | LR=0.009986 | w_AVO=1.000 | w_P3=2.183 | lambda_MMD=0.150
2025-09-29 13:10:38 - Epoch Summary: TrainLoss=1.6662 | TrainAcc=0.643 | Val(P3)=0.528 | Val(AVO)=0.625
2025-09-29 13:10:38 - No P3-val improvement; patience remaining: 39/50
2025-09-29 13:10:38 - P3 val decreasing 3x. Reducing w_small to 2.183, lambda_MMD to 0.150
2025-09-29 13:10:38 - AVO val decreasing 3x. Reducing lambda_MMD to 0.105
2025-09-29 13:10:38 - Epoch 14/500 | LR=0.009983 | w_AVO=1.000 | w_P3=2.183 | lambda_MMD=0.105
2025-09-29 13:10:38 - Epoch Summary: TrainLoss=1.6196 | TrainAcc=0.656 | Val(P3)=0.583 | Val(AVO)=0.628
2025-09-29 13:10:38 - No P3-val improvement; patience remaining: 38/50
2025-09-29 13:10:38 - Epoch 15/500 | LR=0.009981 | w_AVO=1.000 | w_P3=2.728 | lambda_MMD=0.300
2025-09-29 13:10:38 - Epoch Summary: TrainLoss=1.8487 | TrainAcc=0.658 | Val(P3)=0.611 | Val(AVO)=0.625
2025-09-29 13:10:38 - No P3-val improvement; patience remaining: 37/50
2025-09-29 13:10:38 - Epoch 16/500 | LR=0.009978 | w_AVO=1.000 | w_P3=2.728 | lambda_MMD=0.300
2025-09-29 13:10:38 - Epoch Summary: TrainLoss=1.7639 | TrainAcc=0.655 | Val(P3)=0.528 | Val(AVO)=0.644
2025-09-29 13:10:38 - No P3-val improvement; patience remaining: 36/50
2025-09-29 13:10:38 - Epoch 17/500 | LR=0.009975 | w_AVO=1.000 | w_P3=2.728 | lambda_MMD=0.300
2025-09-29 13:10:39 - Epoch Summary: TrainLoss=1.7246 | TrainAcc=0.660 | Val(P3)=0.583 | Val(AVO)=0.631
2025-09-29 13:10:39 - No P3-val improvement; patience remaining: 35/50
2025-09-29 13:10:39 - Epoch 18/500 | LR=0.009972 | w_AVO=1.000 | w_P3=2.728 | lambda_MMD=0.300
2025-09-29 13:10:39 - Epoch Summary: TrainLoss=1.6585 | TrainAcc=0.659 | Val(P3)=0.583 | Val(AVO)=0.650
2025-09-29 13:10:39 - No P3-val improvement; patience remaining: 34/50
2025-09-29 13:10:39 - Epoch 19/500 | LR=0.009968 | w_AVO=1.000 | w_P3=2.728 | lambda_MMD=0.300
2025-09-29 13:10:39 - Epoch Summary: TrainLoss=1.6480 | TrainAcc=0.656 | Val(P3)=0.611 | Val(AVO)=0.663
2025-09-29 13:10:39 - No P3-val improvement; patience remaining: 33/50
2025-09-29 13:10:39 - Epoch 20/500 | LR=0.009964 | w_AVO=1.000 | w_P3=2.728 | lambda_MMD=0.300
2025-09-29 13:10:39 - Epoch Summary: TrainLoss=1.6234 | TrainAcc=0.643 | Val(P3)=0.583 | Val(AVO)=0.641
2025-09-29 13:10:39 - No P3-val improvement; patience remaining: 32/50
2025-09-29 13:10:39 - Epoch 21/500 | LR=0.009961 | w_AVO=1.000 | w_P3=2.728 | lambda_MMD=0.300
2025-09-29 13:10:39 - Epoch Summary: TrainLoss=1.5880 | TrainAcc=0.651 | Val(P3)=0.583 | Val(AVO)=0.660
2025-09-29 13:10:39 - No P3-val improvement; patience remaining: 31/50
2025-09-29 13:10:39 - Epoch 22/500 | LR=0.009957 | w_AVO=1.000 | w_P3=2.728 | lambda_MMD=0.300
2025-09-29 13:10:39 - Epoch Summary: TrainLoss=1.5514 | TrainAcc=0.659 | Val(P3)=0.694 | Val(AVO)=0.612
2025-09-29 13:10:39 - New best P3-val; checkpoint updated
2025-09-29 13:10:39 - Epoch 23/500 | LR=0.009952 | w_AVO=1.000 | w_P3=2.728 | lambda_MMD=0.300
2025-09-29 13:10:40 - Epoch Summary: TrainLoss=1.4644 | TrainAcc=0.671 | Val(P3)=0.639 | Val(AVO)=0.647
2025-09-29 13:10:40 - No P3-val improvement; patience remaining: 49/50
2025-09-29 13:10:40 - Epoch 24/500 | LR=0.009948 | w_AVO=1.000 | w_P3=2.728 | lambda_MMD=0.300
2025-09-29 13:10:40 - Epoch Summary: TrainLoss=1.4210 | TrainAcc=0.669 | Val(P3)=0.639 | Val(AVO)=0.641
2025-09-29 13:10:40 - No P3-val improvement; patience remaining: 48/50
2025-09-29 13:10:40 - Epoch 25/500 | LR=0.009943 | w_AVO=1.000 | w_P3=2.728 | lambda_MMD=0.300
2025-09-29 13:10:40 - Epoch Summary: TrainLoss=1.4175 | TrainAcc=0.656 | Val(P3)=0.611 | Val(AVO)=0.631
2025-09-29 13:10:40 - No P3-val improvement; patience remaining: 47/50
2025-09-29 13:10:40 - AVO val decreasing 3x. Reducing lambda_MMD to 0.210
2025-09-29 13:10:40 - Epoch 26/500 | LR=0.009938 | w_AVO=1.000 | w_P3=2.728 | lambda_MMD=0.210
2025-09-29 13:10:40 - Epoch Summary: TrainLoss=1.3373 | TrainAcc=0.661 | Val(P3)=0.639 | Val(AVO)=0.641
2025-09-29 13:10:40 - No P3-val improvement; patience remaining: 46/50
2025-09-29 13:10:40 - Epoch 27/500 | LR=0.009933 | w_AVO=1.000 | w_P3=2.728 | lambda_MMD=0.300
2025-09-29 13:10:40 - Epoch Summary: TrainLoss=1.3250 | TrainAcc=0.666 | Val(P3)=0.611 | Val(AVO)=0.650
2025-09-29 13:10:40 - No P3-val improvement; patience remaining: 45/50
2025-09-29 13:10:40 - Epoch 28/500 | LR=0.009928 | w_AVO=1.000 | w_P3=2.728 | lambda_MMD=0.300
2025-09-29 13:10:40 - Epoch Summary: TrainLoss=1.2649 | TrainAcc=0.674 | Val(P3)=0.639 | Val(AVO)=0.612
2025-09-29 13:10:40 - No P3-val improvement; patience remaining: 44/50
2025-09-29 13:10:40 - Epoch 29/500 | LR=0.009923 | w_AVO=1.000 | w_P3=2.728 | lambda_MMD=0.300
2025-09-29 13:10:41 - Epoch Summary: TrainLoss=1.2651 | TrainAcc=0.674 | Val(P3)=0.611 | Val(AVO)=0.667
2025-09-29 13:10:41 - No P3-val improvement; patience remaining: 43/50
2025-09-29 13:10:41 - Epoch 30/500 | LR=0.009917 | w_AVO=1.000 | w_P3=2.728 | lambda_MMD=0.300
2025-09-29 13:10:41 - Epoch Summary: TrainLoss=1.2400 | TrainAcc=0.676 | Val(P3)=0.667 | Val(AVO)=0.628
2025-09-29 13:10:41 - No P3-val improvement; patience remaining: 42/50
2025-09-29 13:10:41 - Epoch 31/500 | LR=0.009911 | w_AVO=1.000 | w_P3=2.728 | lambda_MMD=0.300
2025-09-29 13:10:41 - Epoch Summary: TrainLoss=1.2350 | TrainAcc=0.667 | Val(P3)=0.556 | Val(AVO)=0.667
2025-09-29 13:10:41 - No P3-val improvement; patience remaining: 41/50
2025-09-29 13:10:41 - Epoch 32/500 | LR=0.009905 | w_AVO=1.000 | w_P3=2.728 | lambda_MMD=0.300
2025-09-29 13:10:41 - Epoch Summary: TrainLoss=1.1434 | TrainAcc=0.673 | Val(P3)=0.611 | Val(AVO)=0.641
2025-09-29 13:10:41 - No P3-val improvement; patience remaining: 40/50
2025-09-29 13:10:41 - Epoch 33/500 | LR=0.009899 | w_AVO=1.000 | w_P3=2.728 | lambda_MMD=0.300
2025-09-29 13:10:41 - Epoch Summary: TrainLoss=1.1279 | TrainAcc=0.683 | Val(P3)=0.667 | Val(AVO)=0.663
2025-09-29 13:10:41 - No P3-val improvement; patience remaining: 39/50
2025-09-29 13:10:41 - Epoch 34/500 | LR=0.009893 | w_AVO=1.000 | w_P3=2.728 | lambda_MMD=0.300
2025-09-29 13:10:41 - Epoch Summary: TrainLoss=1.1218 | TrainAcc=0.682 | Val(P3)=0.583 | Val(AVO)=0.667
2025-09-29 13:10:41 - No P3-val improvement; patience remaining: 38/50
2025-09-29 13:10:41 - Epoch 35/500 | LR=0.009886 | w_AVO=1.000 | w_P3=2.728 | lambda_MMD=0.300
2025-09-29 13:10:42 - Epoch Summary: TrainLoss=1.1452 | TrainAcc=0.675 | Val(P3)=0.694 | Val(AVO)=0.638
2025-09-29 13:10:42 - No P3-val improvement; patience remaining: 37/50
2025-09-29 13:10:42 - Epoch 36/500 | LR=0.009880 | w_AVO=1.000 | w_P3=2.728 | lambda_MMD=0.300
2025-09-29 13:10:42 - Epoch Summary: TrainLoss=1.0926 | TrainAcc=0.674 | Val(P3)=0.639 | Val(AVO)=0.647
2025-09-29 13:10:42 - No P3-val improvement; patience remaining: 36/50
2025-09-29 13:10:42 - Epoch 37/500 | LR=0.009873 | w_AVO=1.000 | w_P3=2.728 | lambda_MMD=0.300
2025-09-29 13:10:42 - Epoch Summary: TrainLoss=1.0700 | TrainAcc=0.680 | Val(P3)=0.556 | Val(AVO)=0.644
2025-09-29 13:10:42 - No P3-val improvement; patience remaining: 35/50
2025-09-29 13:10:42 - P3 val decreasing 3x. Reducing w_small to 2.183, lambda_MMD to 0.150
2025-09-29 13:10:42 - Epoch 38/500 | LR=0.009865 | w_AVO=1.000 | w_P3=2.183 | lambda_MMD=0.150
2025-09-29 13:10:42 - Epoch Summary: TrainLoss=0.9579 | TrainAcc=0.686 | Val(P3)=0.556 | Val(AVO)=0.638
2025-09-29 13:10:42 - No P3-val improvement; patience remaining: 34/50
2025-09-29 13:10:42 - AVO val decreasing 3x. Reducing lambda_MMD to 0.210
2025-09-29 13:10:42 - Epoch 39/500 | LR=0.009858 | w_AVO=1.000 | w_P3=2.728 | lambda_MMD=0.210
2025-09-29 13:10:42 - Epoch Summary: TrainLoss=1.0319 | TrainAcc=0.676 | Val(P3)=0.611 | Val(AVO)=0.654
2025-09-29 13:10:42 - No P3-val improvement; patience remaining: 33/50
2025-09-29 13:10:42 - Epoch 40/500 | LR=0.009851 | w_AVO=1.000 | w_P3=2.728 | lambda_MMD=0.300
2025-09-29 13:10:43 - Epoch Summary: TrainLoss=0.9912 | TrainAcc=0.696 | Val(P3)=0.556 | Val(AVO)=0.644
2025-09-29 13:10:43 - No P3-val improvement; patience remaining: 32/50
2025-09-29 13:10:43 - Epoch 41/500 | LR=0.009843 | w_AVO=1.000 | w_P3=2.728 | lambda_MMD=0.300
2025-09-29 13:10:43 - Epoch Summary: TrainLoss=0.9899 | TrainAcc=0.690 | Val(P3)=0.639 | Val(AVO)=0.667
2025-09-29 13:10:43 - No P3-val improvement; patience remaining: 31/50
2025-09-29 13:10:43 - Epoch 42/500 | LR=0.009835 | w_AVO=1.000 | w_P3=2.728 | lambda_MMD=0.300
2025-09-29 13:10:43 - Epoch Summary: TrainLoss=0.9514 | TrainAcc=0.699 | Val(P3)=0.667 | Val(AVO)=0.625
2025-09-29 13:10:43 - No P3-val improvement; patience remaining: 30/50
2025-09-29 13:10:43 - Epoch 43/500 | LR=0.009827 | w_AVO=1.000 | w_P3=2.728 | lambda_MMD=0.300
2025-09-29 13:10:43 - Epoch Summary: TrainLoss=0.9940 | TrainAcc=0.706 | Val(P3)=0.639 | Val(AVO)=0.638
2025-09-29 13:10:43 - No P3-val improvement; patience remaining: 29/50
2025-09-29 13:10:43 - Epoch 44/500 | LR=0.009819 | w_AVO=1.000 | w_P3=2.728 | lambda_MMD=0.300
2025-09-29 13:10:43 - Epoch Summary: TrainLoss=0.9440 | TrainAcc=0.688 | Val(P3)=0.556 | Val(AVO)=0.670
2025-09-29 13:10:43 - No P3-val improvement; patience remaining: 28/50
2025-09-29 13:10:43 - P3 val decreasing 3x. Reducing w_small to 2.183, lambda_MMD to 0.150
2025-09-29 13:10:43 - Epoch 45/500 | LR=0.009810 | w_AVO=1.000 | w_P3=2.183 | lambda_MMD=0.150
2025-09-29 13:10:43 - Epoch Summary: TrainLoss=0.8379 | TrainAcc=0.710 | Val(P3)=0.556 | Val(AVO)=0.657
2025-09-29 13:10:43 - No P3-val improvement; patience remaining: 27/50
2025-09-29 13:10:43 - Epoch 46/500 | LR=0.009801 | w_AVO=1.000 | w_P3=2.728 | lambda_MMD=0.300
2025-09-29 13:10:44 - Epoch Summary: TrainLoss=0.8961 | TrainAcc=0.710 | Val(P3)=0.583 | Val(AVO)=0.680
2025-09-29 13:10:44 - No P3-val improvement; patience remaining: 26/50
2025-09-29 13:10:44 - Epoch 47/500 | LR=0.009793 | w_AVO=1.000 | w_P3=2.728 | lambda_MMD=0.300
2025-09-29 13:10:44 - Epoch Summary: TrainLoss=0.8840 | TrainAcc=0.720 | Val(P3)=0.500 | Val(AVO)=0.638
2025-09-29 13:10:44 - No P3-val improvement; patience remaining: 25/50
2025-09-29 13:10:44 - Epoch 48/500 | LR=0.009784 | w_AVO=1.000 | w_P3=2.728 | lambda_MMD=0.300
2025-09-29 13:10:44 - Epoch Summary: TrainLoss=0.9094 | TrainAcc=0.697 | Val(P3)=0.611 | Val(AVO)=0.667
2025-09-29 13:10:44 - No P3-val improvement; patience remaining: 24/50
2025-09-29 13:10:44 - Epoch 49/500 | LR=0.009774 | w_AVO=1.000 | w_P3=2.728 | lambda_MMD=0.300
2025-09-29 13:10:44 - Epoch Summary: TrainLoss=0.9034 | TrainAcc=0.694 | Val(P3)=0.583 | Val(AVO)=0.663
2025-09-29 13:10:44 - No P3-val improvement; patience remaining: 23/50
2025-09-29 13:10:44 - Epoch 50/500 | LR=0.009765 | w_AVO=1.000 | w_P3=2.728 | lambda_MMD=0.300
2025-09-29 13:10:44 - Epoch Summary: TrainLoss=0.8504 | TrainAcc=0.717 | Val(P3)=0.556 | Val(AVO)=0.657
2025-09-29 13:10:44 - No P3-val improvement; patience remaining: 22/50
2025-09-29 13:10:44 - P3 val decreasing 3x. Reducing w_small to 2.183, lambda_MMD to 0.150
2025-09-29 13:10:44 - AVO val decreasing 3x. Reducing lambda_MMD to 0.105
2025-09-29 13:10:44 - Epoch 51/500 | LR=0.009755 | w_AVO=1.000 | w_P3=2.183 | lambda_MMD=0.105
2025-09-29 13:10:44 - Epoch Summary: TrainLoss=0.7693 | TrainAcc=0.721 | Val(P3)=0.611 | Val(AVO)=0.654
2025-09-29 13:10:44 - No P3-val improvement; patience remaining: 21/50
2025-09-29 13:10:44 - AVO val decreasing 3x. Reducing lambda_MMD to 0.210
2025-09-29 13:10:44 - Epoch 52/500 | LR=0.009745 | w_AVO=1.000 | w_P3=2.728 | lambda_MMD=0.210
2025-09-29 13:10:45 - Epoch Summary: TrainLoss=0.8288 | TrainAcc=0.708 | Val(P3)=0.583 | Val(AVO)=0.605
2025-09-29 13:10:45 - No P3-val improvement; patience remaining: 20/50
2025-09-29 13:10:45 - AVO val decreasing 3x. Reducing lambda_MMD to 0.210
2025-09-29 13:10:45 - Epoch 53/500 | LR=0.009735 | w_AVO=1.000 | w_P3=2.728 | lambda_MMD=0.210
2025-09-29 13:10:45 - Epoch Summary: TrainLoss=0.8725 | TrainAcc=0.712 | Val(P3)=0.556 | Val(AVO)=0.654
2025-09-29 13:10:45 - No P3-val improvement; patience remaining: 19/50
2025-09-29 13:10:45 - P3 val decreasing 3x. Reducing w_small to 2.183, lambda_MMD to 0.150
2025-09-29 13:10:45 - Epoch 54/500 | LR=0.009725 | w_AVO=1.000 | w_P3=2.183 | lambda_MMD=0.150
2025-09-29 13:10:45 - Epoch Summary: TrainLoss=0.7310 | TrainAcc=0.726 | Val(P3)=0.556 | Val(AVO)=0.660
2025-09-29 13:10:45 - No P3-val improvement; patience remaining: 18/50
2025-09-29 13:10:45 - Epoch 55/500 | LR=0.009715 | w_AVO=1.000 | w_P3=2.728 | lambda_MMD=0.300
2025-09-29 13:10:45 - Epoch Summary: TrainLoss=0.7992 | TrainAcc=0.728 | Val(P3)=0.639 | Val(AVO)=0.650
2025-09-29 13:10:45 - No P3-val improvement; patience remaining: 17/50
2025-09-29 13:10:45 - Epoch 56/500 | LR=0.009704 | w_AVO=1.000 | w_P3=2.728 | lambda_MMD=0.300
2025-09-29 13:10:45 - Epoch Summary: TrainLoss=0.7919 | TrainAcc=0.731 | Val(P3)=0.611 | Val(AVO)=0.676
2025-09-29 13:10:45 - No P3-val improvement; patience remaining: 16/50
2025-09-29 13:10:45 - Epoch 57/500 | LR=0.009694 | w_AVO=1.000 | w_P3=2.728 | lambda_MMD=0.300
2025-09-29 13:10:45 - Epoch Summary: TrainLoss=0.7744 | TrainAcc=0.727 | Val(P3)=0.639 | Val(AVO)=0.644
2025-09-29 13:10:45 - No P3-val improvement; patience remaining: 15/50
2025-09-29 13:10:45 - Epoch 58/500 | LR=0.009683 | w_AVO=1.000 | w_P3=2.728 | lambda_MMD=0.300
2025-09-29 13:10:46 - Epoch Summary: TrainLoss=0.7747 | TrainAcc=0.728 | Val(P3)=0.611 | Val(AVO)=0.638
2025-09-29 13:10:46 - No P3-val improvement; patience remaining: 14/50
2025-09-29 13:10:46 - AVO val decreasing 3x. Reducing lambda_MMD to 0.210
2025-09-29 13:10:46 - Epoch 59/500 | LR=0.009672 | w_AVO=1.000 | w_P3=2.728 | lambda_MMD=0.210
2025-09-29 13:10:46 - Epoch Summary: TrainLoss=0.7553 | TrainAcc=0.734 | Val(P3)=0.583 | Val(AVO)=0.634
2025-09-29 13:10:46 - No P3-val improvement; patience remaining: 13/50
2025-09-29 13:10:46 - P3 val decreasing 3x. Reducing w_small to 2.183, lambda_MMD to 0.150
2025-09-29 13:10:46 - AVO val decreasing 3x. Reducing lambda_MMD to 0.105
2025-09-29 13:10:46 - Epoch 60/500 | LR=0.009660 | w_AVO=1.000 | w_P3=2.183 | lambda_MMD=0.105
2025-09-29 13:10:46 - Epoch Summary: TrainLoss=0.6833 | TrainAcc=0.736 | Val(P3)=0.611 | Val(AVO)=0.660
2025-09-29 13:10:46 - No P3-val improvement; patience remaining: 12/50
2025-09-29 13:10:46 - Epoch 61/500 | LR=0.009649 | w_AVO=1.000 | w_P3=2.728 | lambda_MMD=0.300
2025-09-29 13:10:46 - Epoch Summary: TrainLoss=0.7246 | TrainAcc=0.743 | Val(P3)=0.583 | Val(AVO)=0.641
2025-09-29 13:10:46 - No P3-val improvement; patience remaining: 11/50
2025-09-29 13:10:46 - Epoch 62/500 | LR=0.009637 | w_AVO=1.000 | w_P3=2.728 | lambda_MMD=0.300
2025-09-29 13:10:46 - Epoch Summary: TrainLoss=0.8194 | TrainAcc=0.710 | Val(P3)=0.528 | Val(AVO)=0.631
2025-09-29 13:10:46 - No P3-val improvement; patience remaining: 10/50
2025-09-29 13:10:46 - P3 val decreasing 3x. Reducing w_small to 2.183, lambda_MMD to 0.150
2025-09-29 13:10:46 - AVO val decreasing 3x. Reducing lambda_MMD to 0.105
2025-09-29 13:10:46 - Epoch 63/500 | LR=0.009625 | w_AVO=1.000 | w_P3=2.183 | lambda_MMD=0.105
2025-09-29 13:10:46 - Epoch Summary: TrainLoss=0.7463 | TrainAcc=0.727 | Val(P3)=0.583 | Val(AVO)=0.631
2025-09-29 13:10:46 - No P3-val improvement; patience remaining: 9/50
2025-09-29 13:10:46 - Epoch 64/500 | LR=0.009613 | w_AVO=1.000 | w_P3=2.728 | lambda_MMD=0.300
2025-09-29 13:10:47 - Epoch Summary: TrainLoss=0.7867 | TrainAcc=0.734 | Val(P3)=0.556 | Val(AVO)=0.634
2025-09-29 13:10:47 - No P3-val improvement; patience remaining: 8/50
2025-09-29 13:10:47 - Epoch 65/500 | LR=0.009601 | w_AVO=1.000 | w_P3=2.728 | lambda_MMD=0.300
2025-09-29 13:10:47 - Epoch Summary: TrainLoss=0.8021 | TrainAcc=0.731 | Val(P3)=0.611 | Val(AVO)=0.663
2025-09-29 13:10:47 - No P3-val improvement; patience remaining: 7/50
2025-09-29 13:10:47 - Epoch 66/500 | LR=0.009589 | w_AVO=1.000 | w_P3=2.728 | lambda_MMD=0.300
2025-09-29 13:10:47 - Epoch Summary: TrainLoss=0.7293 | TrainAcc=0.744 | Val(P3)=0.500 | Val(AVO)=0.660
2025-09-29 13:10:47 - No P3-val improvement; patience remaining: 6/50
2025-09-29 13:10:47 - Epoch 67/500 | LR=0.009576 | w_AVO=1.000 | w_P3=2.728 | lambda_MMD=0.300
2025-09-29 13:10:47 - Epoch Summary: TrainLoss=0.7290 | TrainAcc=0.744 | Val(P3)=0.528 | Val(AVO)=0.660
2025-09-29 13:10:47 - No P3-val improvement; patience remaining: 5/50
2025-09-29 13:10:47 - Epoch 68/500 | LR=0.009563 | w_AVO=1.000 | w_P3=2.728 | lambda_MMD=0.300
2025-09-29 13:10:47 - Epoch Summary: TrainLoss=0.7206 | TrainAcc=0.757 | Val(P3)=0.639 | Val(AVO)=0.660
2025-09-29 13:10:47 - No P3-val improvement; patience remaining: 4/50
2025-09-29 13:10:47 - Epoch 69/500 | LR=0.009551 | w_AVO=1.000 | w_P3=2.728 | lambda_MMD=0.300
2025-09-29 13:10:48 - Epoch Summary: TrainLoss=0.7269 | TrainAcc=0.740 | Val(P3)=0.583 | Val(AVO)=0.657
2025-09-29 13:10:48 - No P3-val improvement; patience remaining: 3/50
2025-09-29 13:10:48 - Epoch 70/500 | LR=0.009537 | w_AVO=1.000 | w_P3=2.728 | lambda_MMD=0.300
2025-09-29 13:10:48 - Epoch Summary: TrainLoss=0.6926 | TrainAcc=0.756 | Val(P3)=0.583 | Val(AVO)=0.667
2025-09-29 13:10:48 - No P3-val improvement; patience remaining: 2/50
2025-09-29 13:10:48 - Epoch 71/500 | LR=0.009524 | w_AVO=1.000 | w_P3=2.728 | lambda_MMD=0.300
2025-09-29 13:10:48 - Epoch Summary: TrainLoss=0.6816 | TrainAcc=0.754 | Val(P3)=0.583 | Val(AVO)=0.644
2025-09-29 13:10:48 - No P3-val improvement; patience remaining: 1/50
2025-09-29 13:10:48 - Epoch 72/500 | LR=0.009511 | w_AVO=1.000 | w_P3=2.728 | lambda_MMD=0.300
2025-09-29 13:10:48 - Epoch Summary: TrainLoss=0.6724 | TrainAcc=0.761 | Val(P3)=0.556 | Val(AVO)=0.663
2025-09-29 13:10:48 - No P3-val improvement; patience remaining: 0/50
2025-09-29 13:10:48 - Early stopping triggered (P3-val)
2025-09-29 13:10:48 -     P3 Test | Acc=0.5256 P=0.5455 R=0.4500 F1=0.4932 AUC=0.5079 (n=78)
2025-09-29 13:10:48 -     AVO Test | Acc=0.6389 P=0.6014 R=0.8164 F1=0.6926 AUC=0.7075 (n=612)
2025-09-29 13:10:48 -     Overall Test Acc=0.6261
2025-09-29 13:10:48 -   Fold 4/5
2025-09-29 13:10:48 - Fold domains: small=P3 (n=293), large=AVO (n=2122)
2025-09-29 13:10:48 - Auto adjustments (symmetric): w_small≈1.000, lambda_MMD_target=0.300, warmup_epochs=5
2025-09-29 13:10:48 - Epoch 1/500 | LR=0.010000 | w_AVO=1.000 | w_P3=1.338 | lambda_MMD=0.060
2025-09-29 13:10:48 - Epoch Summary: TrainLoss=1.6874 | TrainAcc=0.557 | Val(P3)=0.622 | Val(AVO)=0.601
2025-09-29 13:10:48 - New best P3-val; checkpoint updated
2025-09-29 13:10:48 - Epoch 2/500 | LR=0.010000 | w_AVO=1.000 | w_P3=1.676 | lambda_MMD=0.120
2025-09-29 13:10:48 - Epoch Summary: TrainLoss=1.7122 | TrainAcc=0.612 | Val(P3)=0.649 | Val(AVO)=0.630
2025-09-29 13:10:48 - New best P3-val; checkpoint updated
2025-09-29 13:10:48 - Epoch 3/500 | LR=0.010000 | w_AVO=1.000 | w_P3=2.015 | lambda_MMD=0.180
2025-09-29 13:10:49 - Epoch Summary: TrainLoss=1.8692 | TrainAcc=0.616 | Val(P3)=0.622 | Val(AVO)=0.620
2025-09-29 13:10:49 - No P3-val improvement; patience remaining: 49/50
2025-09-29 13:10:49 - Epoch 4/500 | LR=0.009999 | w_AVO=1.000 | w_P3=2.353 | lambda_MMD=0.240
2025-09-29 13:10:49 - Epoch Summary: TrainLoss=2.0573 | TrainAcc=0.632 | Val(P3)=0.568 | Val(AVO)=0.623
2025-09-29 13:10:49 - No P3-val improvement; patience remaining: 48/50
2025-09-29 13:10:49 - P3 val decreasing 3x. Reducing w_small to 2.153, lambda_MMD to 0.150
2025-09-29 13:10:49 - Epoch 5/500 | LR=0.009998 | w_AVO=1.000 | w_P3=2.153 | lambda_MMD=0.150
2025-09-29 13:10:49 - Epoch Summary: TrainLoss=1.9124 | TrainAcc=0.621 | Val(P3)=0.568 | Val(AVO)=0.649
2025-09-29 13:10:49 - No P3-val improvement; patience remaining: 47/50
2025-09-29 13:10:49 - Epoch 6/500 | LR=0.009998 | w_AVO=1.000 | w_P3=2.691 | lambda_MMD=0.300
2025-09-29 13:10:49 - Epoch Summary: TrainLoss=2.1633 | TrainAcc=0.639 | Val(P3)=0.568 | Val(AVO)=0.646
2025-09-29 13:10:49 - No P3-val improvement; patience remaining: 46/50
2025-09-29 13:10:49 - Epoch 7/500 | LR=0.009996 | w_AVO=1.000 | w_P3=2.691 | lambda_MMD=0.300
2025-09-29 13:10:49 - Epoch Summary: TrainLoss=2.1176 | TrainAcc=0.623 | Val(P3)=0.595 | Val(AVO)=0.620
2025-09-29 13:10:49 - No P3-val improvement; patience remaining: 45/50
2025-09-29 13:10:49 - AVO val decreasing 3x. Reducing lambda_MMD to 0.210
2025-09-29 13:10:49 - Epoch 8/500 | LR=0.009995 | w_AVO=1.000 | w_P3=2.691 | lambda_MMD=0.210
2025-09-29 13:10:49 - Epoch Summary: TrainLoss=2.0656 | TrainAcc=0.651 | Val(P3)=0.649 | Val(AVO)=0.617
2025-09-29 13:10:49 - No P3-val improvement; patience remaining: 44/50
2025-09-29 13:10:49 - AVO val decreasing 3x. Reducing lambda_MMD to 0.210
2025-09-29 13:10:49 - Epoch 9/500 | LR=0.009994 | w_AVO=1.000 | w_P3=2.691 | lambda_MMD=0.210
2025-09-29 13:10:50 - Epoch Summary: TrainLoss=2.0143 | TrainAcc=0.644 | Val(P3)=0.568 | Val(AVO)=0.604
2025-09-29 13:10:50 - No P3-val improvement; patience remaining: 43/50
2025-09-29 13:10:50 - AVO val decreasing 3x. Reducing lambda_MMD to 0.210
2025-09-29 13:10:50 - Epoch 10/500 | LR=0.009992 | w_AVO=1.000 | w_P3=2.691 | lambda_MMD=0.210
2025-09-29 13:10:50 - Epoch Summary: TrainLoss=1.9438 | TrainAcc=0.653 | Val(P3)=0.622 | Val(AVO)=0.601
2025-09-29 13:10:50 - No P3-val improvement; patience remaining: 42/50
2025-09-29 13:10:50 - AVO val decreasing 3x. Reducing lambda_MMD to 0.210
2025-09-29 13:10:50 - Epoch 11/500 | LR=0.009990 | w_AVO=1.000 | w_P3=2.691 | lambda_MMD=0.210
2025-09-29 13:10:50 - Epoch Summary: TrainLoss=1.8963 | TrainAcc=0.649 | Val(P3)=0.568 | Val(AVO)=0.607
2025-09-29 13:10:50 - No P3-val improvement; patience remaining: 41/50
2025-09-29 13:10:50 - Epoch 12/500 | LR=0.009988 | w_AVO=1.000 | w_P3=2.691 | lambda_MMD=0.300
2025-09-29 13:10:50 - Epoch Summary: TrainLoss=1.8626 | TrainAcc=0.654 | Val(P3)=0.676 | Val(AVO)=0.591
2025-09-29 13:10:50 - New best P3-val; checkpoint updated
2025-09-29 13:10:50 - Epoch 13/500 | LR=0.009986 | w_AVO=1.000 | w_P3=2.691 | lambda_MMD=0.300
2025-09-29 13:10:50 - Epoch Summary: TrainLoss=1.7986 | TrainAcc=0.651 | Val(P3)=0.676 | Val(AVO)=0.552
2025-09-29 13:10:50 - No P3-val improvement; patience remaining: 49/50
2025-09-29 13:10:50 - AVO val decreasing 3x. Reducing lambda_MMD to 0.210
2025-09-29 13:10:50 - Epoch 14/500 | LR=0.009983 | w_AVO=1.000 | w_P3=2.691 | lambda_MMD=0.210
2025-09-29 13:10:51 - Epoch Summary: TrainLoss=1.7580 | TrainAcc=0.659 | Val(P3)=0.649 | Val(AVO)=0.571
2025-09-29 13:10:51 - No P3-val improvement; patience remaining: 48/50
2025-09-29 13:10:51 - Epoch 15/500 | LR=0.009981 | w_AVO=1.000 | w_P3=2.691 | lambda_MMD=0.300
2025-09-29 13:10:51 - Epoch Summary: TrainLoss=1.7033 | TrainAcc=0.662 | Val(P3)=0.649 | Val(AVO)=0.633
2025-09-29 13:10:51 - No P3-val improvement; patience remaining: 47/50
2025-09-29 13:10:51 - Epoch 16/500 | LR=0.009978 | w_AVO=1.000 | w_P3=2.691 | lambda_MMD=0.300
2025-09-29 13:10:51 - Epoch Summary: TrainLoss=1.6863 | TrainAcc=0.665 | Val(P3)=0.514 | Val(AVO)=0.666
2025-09-29 13:10:51 - No P3-val improvement; patience remaining: 46/50
2025-09-29 13:10:51 - Epoch 17/500 | LR=0.009975 | w_AVO=1.000 | w_P3=2.691 | lambda_MMD=0.300
2025-09-29 13:10:51 - Epoch Summary: TrainLoss=1.6421 | TrainAcc=0.659 | Val(P3)=0.568 | Val(AVO)=0.620
2025-09-29 13:10:51 - No P3-val improvement; patience remaining: 45/50
2025-09-29 13:10:51 - Epoch 18/500 | LR=0.009972 | w_AVO=1.000 | w_P3=2.691 | lambda_MMD=0.300
2025-09-29 13:10:51 - Epoch Summary: TrainLoss=1.5589 | TrainAcc=0.677 | Val(P3)=0.649 | Val(AVO)=0.623
2025-09-29 13:10:51 - No P3-val improvement; patience remaining: 44/50
2025-09-29 13:10:51 - Epoch 19/500 | LR=0.009968 | w_AVO=1.000 | w_P3=2.691 | lambda_MMD=0.300
2025-09-29 13:10:51 - Epoch Summary: TrainLoss=1.5190 | TrainAcc=0.687 | Val(P3)=0.703 | Val(AVO)=0.581
2025-09-29 13:10:51 - New best P3-val; checkpoint updated
2025-09-29 13:10:51 - Epoch 20/500 | LR=0.009964 | w_AVO=1.000 | w_P3=2.691 | lambda_MMD=0.300
2025-09-29 13:10:52 - Epoch Summary: TrainLoss=1.4937 | TrainAcc=0.684 | Val(P3)=0.622 | Val(AVO)=0.633
2025-09-29 13:10:52 - No P3-val improvement; patience remaining: 49/50
2025-09-29 13:10:52 - Epoch 21/500 | LR=0.009961 | w_AVO=1.000 | w_P3=2.691 | lambda_MMD=0.300
2025-09-29 13:10:52 - Epoch Summary: TrainLoss=1.4471 | TrainAcc=0.684 | Val(P3)=0.649 | Val(AVO)=0.591
2025-09-29 13:10:52 - No P3-val improvement; patience remaining: 48/50
2025-09-29 13:10:52 - Epoch 22/500 | LR=0.009957 | w_AVO=1.000 | w_P3=2.691 | lambda_MMD=0.300
2025-09-29 13:10:52 - Epoch Summary: TrainLoss=1.4339 | TrainAcc=0.684 | Val(P3)=0.676 | Val(AVO)=0.607
2025-09-29 13:10:52 - No P3-val improvement; patience remaining: 47/50
2025-09-29 13:10:52 - Epoch 23/500 | LR=0.009952 | w_AVO=1.000 | w_P3=2.691 | lambda_MMD=0.300
2025-09-29 13:10:52 - Epoch Summary: TrainLoss=1.4171 | TrainAcc=0.677 | Val(P3)=0.649 | Val(AVO)=0.623
2025-09-29 13:10:52 - No P3-val improvement; patience remaining: 46/50
2025-09-29 13:10:52 - Epoch 24/500 | LR=0.009948 | w_AVO=1.000 | w_P3=2.691 | lambda_MMD=0.300
2025-09-29 13:10:52 - Epoch Summary: TrainLoss=1.3828 | TrainAcc=0.679 | Val(P3)=0.595 | Val(AVO)=0.656
2025-09-29 13:10:52 - No P3-val improvement; patience remaining: 45/50
2025-09-29 13:10:52 - P3 val decreasing 3x. Reducing w_small to 2.153, lambda_MMD to 0.150
2025-09-29 13:10:52 - Epoch 25/500 | LR=0.009943 | w_AVO=1.000 | w_P3=2.153 | lambda_MMD=0.150
2025-09-29 13:10:52 - Epoch Summary: TrainLoss=1.2293 | TrainAcc=0.671 | Val(P3)=0.595 | Val(AVO)=0.636
2025-09-29 13:10:52 - No P3-val improvement; patience remaining: 44/50
2025-09-29 13:10:52 - Epoch 26/500 | LR=0.009938 | w_AVO=1.000 | w_P3=2.691 | lambda_MMD=0.300
2025-09-29 13:10:53 - Epoch Summary: TrainLoss=1.3917 | TrainAcc=0.673 | Val(P3)=0.568 | Val(AVO)=0.643
2025-09-29 13:10:53 - No P3-val improvement; patience remaining: 43/50
2025-09-29 13:10:53 - Epoch 27/500 | LR=0.009933 | w_AVO=1.000 | w_P3=2.691 | lambda_MMD=0.300
2025-09-29 13:10:53 - Epoch Summary: TrainLoss=1.2945 | TrainAcc=0.698 | Val(P3)=0.676 | Val(AVO)=0.633
2025-09-29 13:10:53 - No P3-val improvement; patience remaining: 42/50
2025-09-29 13:10:53 - Epoch 28/500 | LR=0.009928 | w_AVO=1.000 | w_P3=2.691 | lambda_MMD=0.300
2025-09-29 13:10:53 - Epoch Summary: TrainLoss=1.2548 | TrainAcc=0.698 | Val(P3)=0.676 | Val(AVO)=0.604
2025-09-29 13:10:53 - No P3-val improvement; patience remaining: 41/50
2025-09-29 13:10:53 - AVO val decreasing 3x. Reducing lambda_MMD to 0.210
2025-09-29 13:10:53 - Epoch 29/500 | LR=0.009923 | w_AVO=1.000 | w_P3=2.691 | lambda_MMD=0.210
2025-09-29 13:10:53 - Epoch Summary: TrainLoss=1.2121 | TrainAcc=0.689 | Val(P3)=0.649 | Val(AVO)=0.623
2025-09-29 13:10:53 - No P3-val improvement; patience remaining: 40/50
2025-09-29 13:10:53 - Epoch 30/500 | LR=0.009917 | w_AVO=1.000 | w_P3=2.691 | lambda_MMD=0.300
2025-09-29 13:10:53 - Epoch Summary: TrainLoss=1.1714 | TrainAcc=0.702 | Val(P3)=0.649 | Val(AVO)=0.581
2025-09-29 13:10:53 - No P3-val improvement; patience remaining: 39/50
2025-09-29 13:10:53 - Epoch 31/500 | LR=0.009911 | w_AVO=1.000 | w_P3=2.691 | lambda_MMD=0.300
2025-09-29 13:10:54 - Epoch Summary: TrainLoss=1.1512 | TrainAcc=0.697 | Val(P3)=0.649 | Val(AVO)=0.610
2025-09-29 13:10:54 - No P3-val improvement; patience remaining: 38/50
2025-09-29 13:10:54 - Epoch 32/500 | LR=0.009905 | w_AVO=1.000 | w_P3=2.691 | lambda_MMD=0.300
2025-09-29 13:10:54 - Epoch Summary: TrainLoss=1.1415 | TrainAcc=0.710 | Val(P3)=0.676 | Val(AVO)=0.636
2025-09-29 13:10:54 - No P3-val improvement; patience remaining: 37/50
2025-09-29 13:10:54 - Epoch 33/500 | LR=0.009899 | w_AVO=1.000 | w_P3=2.691 | lambda_MMD=0.300
2025-09-29 13:10:54 - Epoch Summary: TrainLoss=1.1316 | TrainAcc=0.699 | Val(P3)=0.676 | Val(AVO)=0.578
2025-09-29 13:10:54 - No P3-val improvement; patience remaining: 36/50
2025-09-29 13:10:54 - Epoch 34/500 | LR=0.009893 | w_AVO=1.000 | w_P3=2.691 | lambda_MMD=0.300
2025-09-29 13:10:54 - Epoch Summary: TrainLoss=1.0972 | TrainAcc=0.711 | Val(P3)=0.676 | Val(AVO)=0.627
2025-09-29 13:10:54 - No P3-val improvement; patience remaining: 35/50
2025-09-29 13:10:54 - Epoch 35/500 | LR=0.009886 | w_AVO=1.000 | w_P3=2.691 | lambda_MMD=0.300
2025-09-29 13:10:54 - Epoch Summary: TrainLoss=1.0817 | TrainAcc=0.706 | Val(P3)=0.595 | Val(AVO)=0.610
2025-09-29 13:10:54 - No P3-val improvement; patience remaining: 34/50
2025-09-29 13:10:54 - Epoch 36/500 | LR=0.009880 | w_AVO=1.000 | w_P3=2.691 | lambda_MMD=0.300
2025-09-29 13:10:54 - Epoch Summary: TrainLoss=1.0305 | TrainAcc=0.706 | Val(P3)=0.676 | Val(AVO)=0.617
2025-09-29 13:10:54 - No P3-val improvement; patience remaining: 33/50
2025-09-29 13:10:54 - Epoch 37/500 | LR=0.009873 | w_AVO=1.000 | w_P3=2.691 | lambda_MMD=0.300
2025-09-29 13:10:55 - Epoch Summary: TrainLoss=1.0377 | TrainAcc=0.698 | Val(P3)=0.676 | Val(AVO)=0.604
2025-09-29 13:10:55 - No P3-val improvement; patience remaining: 32/50
2025-09-29 13:10:55 - Epoch 38/500 | LR=0.009865 | w_AVO=1.000 | w_P3=2.691 | lambda_MMD=0.300
2025-09-29 13:10:55 - Epoch Summary: TrainLoss=1.0261 | TrainAcc=0.709 | Val(P3)=0.703 | Val(AVO)=0.597
2025-09-29 13:10:55 - No P3-val improvement; patience remaining: 31/50
2025-09-29 13:10:55 - AVO val decreasing 3x. Reducing lambda_MMD to 0.210
2025-09-29 13:10:55 - Epoch 39/500 | LR=0.009858 | w_AVO=1.000 | w_P3=2.691 | lambda_MMD=0.210
2025-09-29 13:10:55 - Epoch Summary: TrainLoss=1.0154 | TrainAcc=0.708 | Val(P3)=0.676 | Val(AVO)=0.607
2025-09-29 13:10:55 - No P3-val improvement; patience remaining: 30/50
2025-09-29 13:10:55 - Epoch 40/500 | LR=0.009851 | w_AVO=1.000 | w_P3=2.691 | lambda_MMD=0.300
2025-09-29 13:10:55 - Epoch Summary: TrainLoss=0.9606 | TrainAcc=0.718 | Val(P3)=0.676 | Val(AVO)=0.568
2025-09-29 13:10:55 - No P3-val improvement; patience remaining: 29/50
2025-09-29 13:10:55 - Epoch 41/500 | LR=0.009843 | w_AVO=1.000 | w_P3=2.691 | lambda_MMD=0.300
2025-09-29 13:10:55 - Epoch Summary: TrainLoss=1.0095 | TrainAcc=0.696 | Val(P3)=0.595 | Val(AVO)=0.633
2025-09-29 13:10:55 - No P3-val improvement; patience remaining: 28/50
2025-09-29 13:10:55 - Epoch 42/500 | LR=0.009835 | w_AVO=1.000 | w_P3=2.691 | lambda_MMD=0.300
2025-09-29 13:10:56 - Epoch Summary: TrainLoss=0.9574 | TrainAcc=0.713 | Val(P3)=0.703 | Val(AVO)=0.584
2025-09-29 13:10:56 - No P3-val improvement; patience remaining: 27/50
2025-09-29 13:10:56 - Epoch 43/500 | LR=0.009827 | w_AVO=1.000 | w_P3=2.691 | lambda_MMD=0.300
2025-09-29 13:10:56 - Epoch Summary: TrainLoss=0.9284 | TrainAcc=0.726 | Val(P3)=0.568 | Val(AVO)=0.633
2025-09-29 13:10:56 - No P3-val improvement; patience remaining: 26/50
2025-09-29 13:10:56 - Epoch 44/500 | LR=0.009819 | w_AVO=1.000 | w_P3=2.691 | lambda_MMD=0.300
2025-09-29 13:10:56 - Epoch Summary: TrainLoss=0.9146 | TrainAcc=0.713 | Val(P3)=0.703 | Val(AVO)=0.627
2025-09-29 13:10:56 - No P3-val improvement; patience remaining: 25/50
2025-09-29 13:10:56 - Epoch 45/500 | LR=0.009810 | w_AVO=1.000 | w_P3=2.691 | lambda_MMD=0.300
2025-09-29 13:10:56 - Epoch Summary: TrainLoss=0.9106 | TrainAcc=0.718 | Val(P3)=0.649 | Val(AVO)=0.610
2025-09-29 13:10:56 - No P3-val improvement; patience remaining: 24/50
2025-09-29 13:10:56 - AVO val decreasing 3x. Reducing lambda_MMD to 0.210
2025-09-29 13:10:56 - Epoch 46/500 | LR=0.009801 | w_AVO=1.000 | w_P3=2.691 | lambda_MMD=0.210
2025-09-29 13:10:56 - Epoch Summary: TrainLoss=0.8761 | TrainAcc=0.718 | Val(P3)=0.676 | Val(AVO)=0.558
2025-09-29 13:10:56 - No P3-val improvement; patience remaining: 23/50
2025-09-29 13:10:56 - AVO val decreasing 3x. Reducing lambda_MMD to 0.210
2025-09-29 13:10:56 - Epoch 47/500 | LR=0.009793 | w_AVO=1.000 | w_P3=2.691 | lambda_MMD=0.210
2025-09-29 13:10:56 - Epoch Summary: TrainLoss=0.9325 | TrainAcc=0.714 | Val(P3)=0.541 | Val(AVO)=0.656
2025-09-29 13:10:56 - No P3-val improvement; patience remaining: 22/50
2025-09-29 13:10:56 - Epoch 48/500 | LR=0.009784 | w_AVO=1.000 | w_P3=2.691 | lambda_MMD=0.300
2025-09-29 13:10:57 - Epoch Summary: TrainLoss=1.0348 | TrainAcc=0.699 | Val(P3)=0.649 | Val(AVO)=0.623
2025-09-29 13:10:57 - No P3-val improvement; patience remaining: 21/50
2025-09-29 13:10:57 - Epoch 49/500 | LR=0.009774 | w_AVO=1.000 | w_P3=2.691 | lambda_MMD=0.300
2025-09-29 13:10:57 - Epoch Summary: TrainLoss=0.9229 | TrainAcc=0.722 | Val(P3)=0.676 | Val(AVO)=0.588
2025-09-29 13:10:57 - No P3-val improvement; patience remaining: 20/50
2025-09-29 13:10:57 - AVO val decreasing 3x. Reducing lambda_MMD to 0.210
2025-09-29 13:10:57 - Epoch 50/500 | LR=0.009765 | w_AVO=1.000 | w_P3=2.691 | lambda_MMD=0.210
2025-09-29 13:10:57 - Epoch Summary: TrainLoss=0.8430 | TrainAcc=0.728 | Val(P3)=0.649 | Val(AVO)=0.623
2025-09-29 13:10:57 - No P3-val improvement; patience remaining: 19/50
2025-09-29 13:10:57 - Epoch 51/500 | LR=0.009755 | w_AVO=1.000 | w_P3=2.691 | lambda_MMD=0.300
2025-09-29 13:10:57 - Epoch Summary: TrainLoss=0.8368 | TrainAcc=0.721 | Val(P3)=0.649 | Val(AVO)=0.581
2025-09-29 13:10:57 - No P3-val improvement; patience remaining: 18/50
2025-09-29 13:10:57 - Epoch 52/500 | LR=0.009745 | w_AVO=1.000 | w_P3=2.691 | lambda_MMD=0.300
2025-09-29 13:10:57 - Epoch Summary: TrainLoss=0.8189 | TrainAcc=0.732 | Val(P3)=0.622 | Val(AVO)=0.617
2025-09-29 13:10:57 - No P3-val improvement; patience remaining: 17/50
2025-09-29 13:10:57 - Epoch 53/500 | LR=0.009735 | w_AVO=1.000 | w_P3=2.691 | lambda_MMD=0.300
2025-09-29 13:10:57 - Epoch Summary: TrainLoss=0.8364 | TrainAcc=0.726 | Val(P3)=0.649 | Val(AVO)=0.640
2025-09-29 13:10:57 - No P3-val improvement; patience remaining: 16/50
2025-09-29 13:10:57 - Epoch 54/500 | LR=0.009725 | w_AVO=1.000 | w_P3=2.691 | lambda_MMD=0.300
2025-09-29 13:10:58 - Epoch Summary: TrainLoss=0.8416 | TrainAcc=0.712 | Val(P3)=0.676 | Val(AVO)=0.584
2025-09-29 13:10:58 - No P3-val improvement; patience remaining: 15/50
2025-09-29 13:10:58 - Epoch 55/500 | LR=0.009715 | w_AVO=1.000 | w_P3=2.691 | lambda_MMD=0.300
2025-09-29 13:10:58 - Epoch Summary: TrainLoss=0.8161 | TrainAcc=0.730 | Val(P3)=0.676 | Val(AVO)=0.597
2025-09-29 13:10:58 - No P3-val improvement; patience remaining: 14/50
2025-09-29 13:10:58 - Epoch 56/500 | LR=0.009704 | w_AVO=1.000 | w_P3=2.691 | lambda_MMD=0.300
2025-09-29 13:10:58 - Epoch Summary: TrainLoss=0.7847 | TrainAcc=0.746 | Val(P3)=0.676 | Val(AVO)=0.610
2025-09-29 13:10:58 - No P3-val improvement; patience remaining: 13/50
2025-09-29 13:10:58 - Epoch 57/500 | LR=0.009694 | w_AVO=1.000 | w_P3=2.691 | lambda_MMD=0.300
2025-09-29 13:10:58 - Epoch Summary: TrainLoss=0.7840 | TrainAcc=0.732 | Val(P3)=0.676 | Val(AVO)=0.607
2025-09-29 13:10:58 - No P3-val improvement; patience remaining: 12/50
2025-09-29 13:10:58 - Epoch 58/500 | LR=0.009683 | w_AVO=1.000 | w_P3=2.691 | lambda_MMD=0.300
2025-09-29 13:10:58 - Epoch Summary: TrainLoss=0.7817 | TrainAcc=0.734 | Val(P3)=0.649 | Val(AVO)=0.575
2025-09-29 13:10:58 - No P3-val improvement; patience remaining: 11/50
2025-09-29 13:10:58 - AVO val decreasing 3x. Reducing lambda_MMD to 0.210
2025-09-29 13:10:58 - Epoch 59/500 | LR=0.009672 | w_AVO=1.000 | w_P3=2.691 | lambda_MMD=0.210
2025-09-29 13:10:58 - Epoch Summary: TrainLoss=0.7567 | TrainAcc=0.738 | Val(P3)=0.649 | Val(AVO)=0.578
2025-09-29 13:10:58 - No P3-val improvement; patience remaining: 10/50
2025-09-29 13:10:58 - Epoch 60/500 | LR=0.009660 | w_AVO=1.000 | w_P3=2.691 | lambda_MMD=0.300
2025-09-29 13:10:59 - Epoch Summary: TrainLoss=0.7620 | TrainAcc=0.734 | Val(P3)=0.703 | Val(AVO)=0.601
2025-09-29 13:10:59 - No P3-val improvement; patience remaining: 9/50
2025-09-29 13:10:59 - Epoch 61/500 | LR=0.009649 | w_AVO=1.000 | w_P3=2.691 | lambda_MMD=0.300
2025-09-29 13:10:59 - Epoch Summary: TrainLoss=0.7693 | TrainAcc=0.728 | Val(P3)=0.649 | Val(AVO)=0.640
2025-09-29 13:10:59 - No P3-val improvement; patience remaining: 8/50
2025-09-29 13:10:59 - Epoch 62/500 | LR=0.009637 | w_AVO=1.000 | w_P3=2.691 | lambda_MMD=0.300
2025-09-29 13:10:59 - Epoch Summary: TrainLoss=0.7934 | TrainAcc=0.734 | Val(P3)=0.649 | Val(AVO)=0.555
2025-09-29 13:10:59 - No P3-val improvement; patience remaining: 7/50
2025-09-29 13:10:59 - Epoch 63/500 | LR=0.009625 | w_AVO=1.000 | w_P3=2.691 | lambda_MMD=0.300
2025-09-29 13:10:59 - Epoch Summary: TrainLoss=0.7965 | TrainAcc=0.738 | Val(P3)=0.595 | Val(AVO)=0.659
2025-09-29 13:10:59 - No P3-val improvement; patience remaining: 6/50
2025-09-29 13:10:59 - Epoch 64/500 | LR=0.009613 | w_AVO=1.000 | w_P3=2.691 | lambda_MMD=0.300
2025-09-29 13:10:59 - Epoch Summary: TrainLoss=0.7884 | TrainAcc=0.738 | Val(P3)=0.676 | Val(AVO)=0.588
2025-09-29 13:10:59 - No P3-val improvement; patience remaining: 5/50
2025-09-29 13:10:59 - Epoch 65/500 | LR=0.009601 | w_AVO=1.000 | w_P3=2.691 | lambda_MMD=0.300
2025-09-29 13:11:00 - Epoch Summary: TrainLoss=0.7306 | TrainAcc=0.740 | Val(P3)=0.649 | Val(AVO)=0.633
2025-09-29 13:11:00 - No P3-val improvement; patience remaining: 4/50
2025-09-29 13:11:00 - Epoch 66/500 | LR=0.009589 | w_AVO=1.000 | w_P3=2.691 | lambda_MMD=0.300
2025-09-29 13:11:00 - Epoch Summary: TrainLoss=0.7298 | TrainAcc=0.754 | Val(P3)=0.703 | Val(AVO)=0.591
2025-09-29 13:11:00 - No P3-val improvement; patience remaining: 3/50
2025-09-29 13:11:00 - Epoch 67/500 | LR=0.009576 | w_AVO=1.000 | w_P3=2.691 | lambda_MMD=0.300
2025-09-29 13:11:00 - Epoch Summary: TrainLoss=0.6992 | TrainAcc=0.754 | Val(P3)=0.676 | Val(AVO)=0.623
2025-09-29 13:11:00 - No P3-val improvement; patience remaining: 2/50
2025-09-29 13:11:00 - Epoch 68/500 | LR=0.009563 | w_AVO=1.000 | w_P3=2.691 | lambda_MMD=0.300
2025-09-29 13:11:00 - Epoch Summary: TrainLoss=0.6932 | TrainAcc=0.748 | Val(P3)=0.676 | Val(AVO)=0.601
2025-09-29 13:11:00 - No P3-val improvement; patience remaining: 1/50
2025-09-29 13:11:00 - Epoch 69/500 | LR=0.009551 | w_AVO=1.000 | w_P3=2.691 | lambda_MMD=0.300
2025-09-29 13:11:00 - Epoch Summary: TrainLoss=0.6956 | TrainAcc=0.758 | Val(P3)=0.676 | Val(AVO)=0.601
2025-09-29 13:11:00 - No P3-val improvement; patience remaining: 0/50
2025-09-29 13:11:00 - Early stopping triggered (P3-val)
2025-09-29 13:11:00 -     P3 Test | Acc=0.4571 P=0.5000 R=0.5263 F1=0.5128 AUC=0.4992 (n=70)
2025-09-29 13:11:00 -     AVO Test | Acc=0.5758 P=0.5470 R=0.8339 F1=0.6606 AUC=0.6906 (n=620)
2025-09-29 13:11:00 -     Overall Test Acc=0.5638
2025-09-29 13:11:00 -   Fold 5/5
2025-09-29 13:11:00 - Fold domains: small=P3 (n=288), large=AVO (n=2127)
2025-09-29 13:11:00 - Auto adjustments (symmetric): w_small≈1.000, lambda_MMD_target=0.300, warmup_epochs=5
2025-09-29 13:11:00 - Epoch 1/500 | LR=0.010000 | w_AVO=1.000 | w_P3=1.344 | lambda_MMD=0.060
2025-09-29 13:11:01 - Epoch Summary: TrainLoss=1.6647 | TrainAcc=0.539 | Val(P3)=0.629 | Val(AVO)=0.626
2025-09-29 13:11:01 - New best P3-val; checkpoint updated
2025-09-29 13:11:01 - Epoch 2/500 | LR=0.010000 | w_AVO=1.000 | w_P3=1.687 | lambda_MMD=0.120
2025-09-29 13:11:01 - Epoch Summary: TrainLoss=1.7719 | TrainAcc=0.591 | Val(P3)=0.600 | Val(AVO)=0.648
2025-09-29 13:11:01 - No P3-val improvement; patience remaining: 49/50
2025-09-29 13:11:01 - Epoch 3/500 | LR=0.010000 | w_AVO=1.000 | w_P3=2.031 | lambda_MMD=0.180
2025-09-29 13:11:01 - Epoch Summary: TrainLoss=1.9400 | TrainAcc=0.598 | Val(P3)=0.486 | Val(AVO)=0.565
2025-09-29 13:11:01 - No P3-val improvement; patience remaining: 48/50
2025-09-29 13:11:01 - P3 val decreasing 3x. Reducing w_small to 1.899, lambda_MMD to 0.120
2025-09-29 13:11:01 - Epoch 4/500 | LR=0.009999 | w_AVO=1.000 | w_P3=1.899 | lambda_MMD=0.120
2025-09-29 13:11:01 - Epoch Summary: TrainLoss=1.8568 | TrainAcc=0.609 | Val(P3)=0.543 | Val(AVO)=0.655
2025-09-29 13:11:01 - No P3-val improvement; patience remaining: 47/50
2025-09-29 13:11:01 - Epoch 5/500 | LR=0.009998 | w_AVO=1.000 | w_P3=2.718 | lambda_MMD=0.300
2025-09-29 13:11:01 - Epoch Summary: TrainLoss=2.3300 | TrainAcc=0.608 | Val(P3)=0.571 | Val(AVO)=0.648
2025-09-29 13:11:01 - No P3-val improvement; patience remaining: 46/50
2025-09-29 13:11:01 - Epoch 6/500 | LR=0.009998 | w_AVO=1.000 | w_P3=2.718 | lambda_MMD=0.300
2025-09-29 13:11:01 - Epoch Summary: TrainLoss=2.2906 | TrainAcc=0.628 | Val(P3)=0.571 | Val(AVO)=0.668
2025-09-29 13:11:01 - No P3-val improvement; patience remaining: 45/50
2025-09-29 13:11:01 - Epoch 7/500 | LR=0.009996 | w_AVO=1.000 | w_P3=2.718 | lambda_MMD=0.300
2025-09-29 13:11:02 - Epoch Summary: TrainLoss=2.2285 | TrainAcc=0.639 | Val(P3)=0.486 | Val(AVO)=0.610
2025-09-29 13:11:02 - No P3-val improvement; patience remaining: 44/50
2025-09-29 13:11:02 - Epoch 8/500 | LR=0.009995 | w_AVO=1.000 | w_P3=2.718 | lambda_MMD=0.300
2025-09-29 13:11:02 - Epoch Summary: TrainLoss=2.1634 | TrainAcc=0.624 | Val(P3)=0.429 | Val(AVO)=0.652
2025-09-29 13:11:02 - No P3-val improvement; patience remaining: 43/50
2025-09-29 13:11:02 - P3 val decreasing 3x. Reducing w_small to 2.174, lambda_MMD to 0.150
2025-09-29 13:11:02 - Epoch 9/500 | LR=0.009994 | w_AVO=1.000 | w_P3=2.174 | lambda_MMD=0.150
2025-09-29 13:11:02 - Epoch Summary: TrainLoss=1.8078 | TrainAcc=0.627 | Val(P3)=0.629 | Val(AVO)=0.655
2025-09-29 13:11:02 - No P3-val improvement; patience remaining: 42/50
2025-09-29 13:11:02 - Epoch 10/500 | LR=0.009992 | w_AVO=1.000 | w_P3=2.718 | lambda_MMD=0.300
2025-09-29 13:11:02 - Epoch Summary: TrainLoss=2.0564 | TrainAcc=0.630 | Val(P3)=0.514 | Val(AVO)=0.681
2025-09-29 13:11:02 - No P3-val improvement; patience remaining: 41/50
2025-09-29 13:11:02 - Epoch 11/500 | LR=0.009990 | w_AVO=1.000 | w_P3=2.718 | lambda_MMD=0.300
2025-09-29 13:11:02 - Epoch Summary: TrainLoss=2.0305 | TrainAcc=0.648 | Val(P3)=0.571 | Val(AVO)=0.706
2025-09-29 13:11:02 - No P3-val improvement; patience remaining: 40/50
2025-09-29 13:11:02 - Epoch 12/500 | LR=0.009988 | w_AVO=1.000 | w_P3=2.718 | lambda_MMD=0.300
2025-09-29 13:11:02 - Epoch Summary: TrainLoss=1.9753 | TrainAcc=0.647 | Val(P3)=0.514 | Val(AVO)=0.652
2025-09-29 13:11:02 - No P3-val improvement; patience remaining: 39/50
2025-09-29 13:11:02 - Epoch 13/500 | LR=0.009986 | w_AVO=1.000 | w_P3=2.718 | lambda_MMD=0.300
2025-09-29 13:11:03 - Epoch Summary: TrainLoss=1.9100 | TrainAcc=0.654 | Val(P3)=0.514 | Val(AVO)=0.687
2025-09-29 13:11:03 - No P3-val improvement; patience remaining: 38/50
2025-09-29 13:11:03 - Epoch 14/500 | LR=0.009983 | w_AVO=1.000 | w_P3=2.718 | lambda_MMD=0.300
2025-09-29 13:11:03 - Epoch Summary: TrainLoss=1.8713 | TrainAcc=0.654 | Val(P3)=0.514 | Val(AVO)=0.687
2025-09-29 13:11:03 - No P3-val improvement; patience remaining: 37/50
2025-09-29 13:11:03 - Epoch 15/500 | LR=0.009981 | w_AVO=1.000 | w_P3=2.718 | lambda_MMD=0.300
2025-09-29 13:11:03 - Epoch Summary: TrainLoss=1.8506 | TrainAcc=0.653 | Val(P3)=0.571 | Val(AVO)=0.706
2025-09-29 13:11:03 - No P3-val improvement; patience remaining: 36/50
2025-09-29 13:11:03 - Epoch 16/500 | LR=0.009978 | w_AVO=1.000 | w_P3=2.718 | lambda_MMD=0.300
2025-09-29 13:11:03 - Epoch Summary: TrainLoss=1.7977 | TrainAcc=0.652 | Val(P3)=0.514 | Val(AVO)=0.674
2025-09-29 13:11:03 - No P3-val improvement; patience remaining: 35/50
2025-09-29 13:11:03 - Epoch 17/500 | LR=0.009975 | w_AVO=1.000 | w_P3=2.718 | lambda_MMD=0.300
2025-09-29 13:11:03 - Epoch Summary: TrainLoss=1.7393 | TrainAcc=0.653 | Val(P3)=0.571 | Val(AVO)=0.626
2025-09-29 13:11:03 - No P3-val improvement; patience remaining: 34/50
2025-09-29 13:11:03 - AVO val decreasing 3x. Reducing lambda_MMD to 0.210
2025-09-29 13:11:03 - Epoch 18/500 | LR=0.009972 | w_AVO=1.000 | w_P3=2.718 | lambda_MMD=0.210
2025-09-29 13:11:03 - Epoch Summary: TrainLoss=1.7319 | TrainAcc=0.648 | Val(P3)=0.629 | Val(AVO)=0.597
2025-09-29 13:11:03 - No P3-val improvement; patience remaining: 33/50
2025-09-29 13:11:03 - AVO val decreasing 3x. Reducing lambda_MMD to 0.210
2025-09-29 13:11:03 - Epoch 19/500 | LR=0.009968 | w_AVO=1.000 | w_P3=2.718 | lambda_MMD=0.210
2025-09-29 13:11:04 - Epoch Summary: TrainLoss=1.6499 | TrainAcc=0.668 | Val(P3)=0.543 | Val(AVO)=0.552
2025-09-29 13:11:04 - No P3-val improvement; patience remaining: 32/50
2025-09-29 13:11:04 - AVO val decreasing 3x. Reducing lambda_MMD to 0.210
2025-09-29 13:11:04 - Epoch 20/500 | LR=0.009964 | w_AVO=1.000 | w_P3=2.718 | lambda_MMD=0.210
2025-09-29 13:11:04 - Epoch Summary: TrainLoss=1.6277 | TrainAcc=0.663 | Val(P3)=0.457 | Val(AVO)=0.703
2025-09-29 13:11:04 - No P3-val improvement; patience remaining: 31/50
2025-09-29 13:11:04 - P3 val decreasing 3x. Reducing w_small to 2.174, lambda_MMD to 0.150
2025-09-29 13:11:04 - Epoch 21/500 | LR=0.009961 | w_AVO=1.000 | w_P3=2.174 | lambda_MMD=0.150
2025-09-29 13:11:04 - Epoch Summary: TrainLoss=1.3671 | TrainAcc=0.655 | Val(P3)=0.457 | Val(AVO)=0.668
2025-09-29 13:11:04 - No P3-val improvement; patience remaining: 30/50
2025-09-29 13:11:04 - Epoch 22/500 | LR=0.009957 | w_AVO=1.000 | w_P3=2.718 | lambda_MMD=0.300
2025-09-29 13:11:04 - Epoch Summary: TrainLoss=1.5605 | TrainAcc=0.653 | Val(P3)=0.543 | Val(AVO)=0.677
2025-09-29 13:11:04 - No P3-val improvement; patience remaining: 29/50
2025-09-29 13:11:04 - Epoch 23/500 | LR=0.009952 | w_AVO=1.000 | w_P3=2.718 | lambda_MMD=0.300
2025-09-29 13:11:04 - Epoch Summary: TrainLoss=1.5180 | TrainAcc=0.671 | Val(P3)=0.457 | Val(AVO)=0.658
2025-09-29 13:11:04 - No P3-val improvement; patience remaining: 28/50
2025-09-29 13:11:04 - Epoch 24/500 | LR=0.009948 | w_AVO=1.000 | w_P3=2.718 | lambda_MMD=0.300
2025-09-29 13:11:05 - Epoch Summary: TrainLoss=1.5138 | TrainAcc=0.647 | Val(P3)=0.514 | Val(AVO)=0.648
2025-09-29 13:11:05 - No P3-val improvement; patience remaining: 27/50
2025-09-29 13:11:05 - AVO val decreasing 3x. Reducing lambda_MMD to 0.210
2025-09-29 13:11:05 - Epoch 25/500 | LR=0.009943 | w_AVO=1.000 | w_P3=2.718 | lambda_MMD=0.210
2025-09-29 13:11:05 - Epoch Summary: TrainLoss=1.4461 | TrainAcc=0.669 | Val(P3)=0.571 | Val(AVO)=0.635
2025-09-29 13:11:05 - No P3-val improvement; patience remaining: 26/50
2025-09-29 13:11:05 - AVO val decreasing 3x. Reducing lambda_MMD to 0.210
2025-09-29 13:11:05 - Epoch 26/500 | LR=0.009938 | w_AVO=1.000 | w_P3=2.718 | lambda_MMD=0.210
2025-09-29 13:11:05 - Epoch Summary: TrainLoss=1.3908 | TrainAcc=0.670 | Val(P3)=0.571 | Val(AVO)=0.677
2025-09-29 13:11:05 - No P3-val improvement; patience remaining: 25/50
2025-09-29 13:11:05 - Epoch 27/500 | LR=0.009933 | w_AVO=1.000 | w_P3=2.718 | lambda_MMD=0.300
2025-09-29 13:11:05 - Epoch Summary: TrainLoss=1.3846 | TrainAcc=0.669 | Val(P3)=0.571 | Val(AVO)=0.632
2025-09-29 13:11:05 - No P3-val improvement; patience remaining: 24/50
2025-09-29 13:11:05 - Epoch 28/500 | LR=0.009928 | w_AVO=1.000 | w_P3=2.718 | lambda_MMD=0.300
2025-09-29 13:11:05 - Epoch Summary: TrainLoss=1.4019 | TrainAcc=0.661 | Val(P3)=0.543 | Val(AVO)=0.561
2025-09-29 13:11:05 - No P3-val improvement; patience remaining: 23/50
2025-09-29 13:11:05 - AVO val decreasing 3x. Reducing lambda_MMD to 0.210
2025-09-29 13:11:05 - Epoch 29/500 | LR=0.009923 | w_AVO=1.000 | w_P3=2.718 | lambda_MMD=0.210
2025-09-29 13:11:05 - Epoch Summary: TrainLoss=1.3322 | TrainAcc=0.677 | Val(P3)=0.543 | Val(AVO)=0.600
2025-09-29 13:11:05 - No P3-val improvement; patience remaining: 22/50
2025-09-29 13:11:05 - Epoch 30/500 | LR=0.009917 | w_AVO=1.000 | w_P3=2.718 | lambda_MMD=0.300
2025-09-29 13:11:06 - Epoch Summary: TrainLoss=1.2595 | TrainAcc=0.682 | Val(P3)=0.571 | Val(AVO)=0.610
2025-09-29 13:11:06 - No P3-val improvement; patience remaining: 21/50
2025-09-29 13:11:06 - Epoch 31/500 | LR=0.009911 | w_AVO=1.000 | w_P3=2.718 | lambda_MMD=0.300
2025-09-29 13:11:06 - Epoch Summary: TrainLoss=1.2560 | TrainAcc=0.676 | Val(P3)=0.571 | Val(AVO)=0.635
2025-09-29 13:11:06 - No P3-val improvement; patience remaining: 20/50
2025-09-29 13:11:06 - Epoch 32/500 | LR=0.009905 | w_AVO=1.000 | w_P3=2.718 | lambda_MMD=0.300
2025-09-29 13:11:06 - Epoch Summary: TrainLoss=1.2547 | TrainAcc=0.683 | Val(P3)=0.429 | Val(AVO)=0.655
2025-09-29 13:11:06 - No P3-val improvement; patience remaining: 19/50
2025-09-29 13:11:06 - Epoch 33/500 | LR=0.009899 | w_AVO=1.000 | w_P3=2.718 | lambda_MMD=0.300
2025-09-29 13:11:06 - Epoch Summary: TrainLoss=1.2500 | TrainAcc=0.675 | Val(P3)=0.571 | Val(AVO)=0.619
2025-09-29 13:11:06 - No P3-val improvement; patience remaining: 18/50
2025-09-29 13:11:06 - Epoch 34/500 | LR=0.009893 | w_AVO=1.000 | w_P3=2.718 | lambda_MMD=0.300
2025-09-29 13:11:06 - Epoch Summary: TrainLoss=1.1999 | TrainAcc=0.679 | Val(P3)=0.543 | Val(AVO)=0.671
2025-09-29 13:11:06 - No P3-val improvement; patience remaining: 17/50
2025-09-29 13:11:06 - Epoch 35/500 | LR=0.009886 | w_AVO=1.000 | w_P3=2.718 | lambda_MMD=0.300
2025-09-29 13:11:06 - Epoch Summary: TrainLoss=1.1449 | TrainAcc=0.685 | Val(P3)=0.600 | Val(AVO)=0.671
2025-09-29 13:11:06 - No P3-val improvement; patience remaining: 16/50
2025-09-29 13:11:06 - Epoch 36/500 | LR=0.009880 | w_AVO=1.000 | w_P3=2.718 | lambda_MMD=0.300
2025-09-29 13:11:07 - Epoch Summary: TrainLoss=1.1546 | TrainAcc=0.683 | Val(P3)=0.486 | Val(AVO)=0.658
2025-09-29 13:11:07 - No P3-val improvement; patience remaining: 15/50
2025-09-29 13:11:07 - Epoch 37/500 | LR=0.009873 | w_AVO=1.000 | w_P3=2.718 | lambda_MMD=0.300
2025-09-29 13:11:07 - Epoch Summary: TrainLoss=1.1898 | TrainAcc=0.666 | Val(P3)=0.600 | Val(AVO)=0.568
2025-09-29 13:11:07 - No P3-val improvement; patience remaining: 14/50
2025-09-29 13:11:07 - AVO val decreasing 3x. Reducing lambda_MMD to 0.210
2025-09-29 13:11:07 - Epoch 38/500 | LR=0.009865 | w_AVO=1.000 | w_P3=2.718 | lambda_MMD=0.210
2025-09-29 13:11:07 - Epoch Summary: TrainLoss=1.0886 | TrainAcc=0.683 | Val(P3)=0.486 | Val(AVO)=0.687
2025-09-29 13:11:07 - No P3-val improvement; patience remaining: 13/50
2025-09-29 13:11:07 - Epoch 39/500 | LR=0.009858 | w_AVO=1.000 | w_P3=2.718 | lambda_MMD=0.300
2025-09-29 13:11:07 - Epoch Summary: TrainLoss=1.1293 | TrainAcc=0.677 | Val(P3)=0.543 | Val(AVO)=0.681
2025-09-29 13:11:07 - No P3-val improvement; patience remaining: 12/50
2025-09-29 13:11:07 - Epoch 40/500 | LR=0.009851 | w_AVO=1.000 | w_P3=2.718 | lambda_MMD=0.300
2025-09-29 13:11:07 - Epoch Summary: TrainLoss=1.0577 | TrainAcc=0.701 | Val(P3)=0.571 | Val(AVO)=0.600
2025-09-29 13:11:07 - No P3-val improvement; patience remaining: 11/50
2025-09-29 13:11:07 - AVO val decreasing 3x. Reducing lambda_MMD to 0.210
2025-09-29 13:11:07 - Epoch 41/500 | LR=0.009843 | w_AVO=1.000 | w_P3=2.718 | lambda_MMD=0.210
2025-09-29 13:11:08 - Epoch Summary: TrainLoss=1.0687 | TrainAcc=0.682 | Val(P3)=0.600 | Val(AVO)=0.626
2025-09-29 13:11:08 - No P3-val improvement; patience remaining: 10/50
2025-09-29 13:11:08 - Epoch 42/500 | LR=0.009835 | w_AVO=1.000 | w_P3=2.718 | lambda_MMD=0.300
2025-09-29 13:11:08 - Epoch Summary: TrainLoss=1.0242 | TrainAcc=0.689 | Val(P3)=0.571 | Val(AVO)=0.645
2025-09-29 13:11:08 - No P3-val improvement; patience remaining: 9/50
2025-09-29 13:11:08 - Epoch 43/500 | LR=0.009827 | w_AVO=1.000 | w_P3=2.718 | lambda_MMD=0.300
2025-09-29 13:11:08 - Epoch Summary: TrainLoss=1.0388 | TrainAcc=0.709 | Val(P3)=0.486 | Val(AVO)=0.671
2025-09-29 13:11:08 - No P3-val improvement; patience remaining: 8/50
2025-09-29 13:11:08 - P3 val decreasing 3x. Reducing w_small to 2.174, lambda_MMD to 0.150
2025-09-29 13:11:08 - Epoch 44/500 | LR=0.009819 | w_AVO=1.000 | w_P3=2.174 | lambda_MMD=0.150
2025-09-29 13:11:08 - Epoch Summary: TrainLoss=0.9158 | TrainAcc=0.688 | Val(P3)=0.514 | Val(AVO)=0.681
2025-09-29 13:11:08 - No P3-val improvement; patience remaining: 7/50
2025-09-29 13:11:08 - Epoch 45/500 | LR=0.009810 | w_AVO=1.000 | w_P3=2.718 | lambda_MMD=0.300
2025-09-29 13:11:08 - Epoch Summary: TrainLoss=0.9882 | TrainAcc=0.706 | Val(P3)=0.543 | Val(AVO)=0.648
2025-09-29 13:11:08 - No P3-val improvement; patience remaining: 6/50
2025-09-29 13:11:08 - Epoch 46/500 | LR=0.009801 | w_AVO=1.000 | w_P3=2.718 | lambda_MMD=0.300
2025-09-29 13:11:08 - Epoch Summary: TrainLoss=0.9829 | TrainAcc=0.705 | Val(P3)=0.600 | Val(AVO)=0.555
2025-09-29 13:11:08 - No P3-val improvement; patience remaining: 5/50
2025-09-29 13:11:08 - AVO val decreasing 3x. Reducing lambda_MMD to 0.210
2025-09-29 13:11:08 - Epoch 47/500 | LR=0.009793 | w_AVO=1.000 | w_P3=2.718 | lambda_MMD=0.210
2025-09-29 13:11:09 - Epoch Summary: TrainLoss=0.9578 | TrainAcc=0.707 | Val(P3)=0.457 | Val(AVO)=0.687
2025-09-29 13:11:09 - No P3-val improvement; patience remaining: 4/50
2025-09-29 13:11:09 - Epoch 48/500 | LR=0.009784 | w_AVO=1.000 | w_P3=2.718 | lambda_MMD=0.300
2025-09-29 13:11:09 - Epoch Summary: TrainLoss=0.9860 | TrainAcc=0.703 | Val(P3)=0.514 | Val(AVO)=0.706
2025-09-29 13:11:09 - No P3-val improvement; patience remaining: 3/50
2025-09-29 13:11:09 - Epoch 49/500 | LR=0.009774 | w_AVO=1.000 | w_P3=2.718 | lambda_MMD=0.300
2025-09-29 13:11:09 - Epoch Summary: TrainLoss=0.9379 | TrainAcc=0.703 | Val(P3)=0.571 | Val(AVO)=0.587
2025-09-29 13:11:09 - No P3-val improvement; patience remaining: 2/50
2025-09-29 13:11:09 - Epoch 50/500 | LR=0.009765 | w_AVO=1.000 | w_P3=2.718 | lambda_MMD=0.300
2025-09-29 13:11:09 - Epoch Summary: TrainLoss=0.9262 | TrainAcc=0.711 | Val(P3)=0.571 | Val(AVO)=0.613
2025-09-29 13:11:09 - No P3-val improvement; patience remaining: 1/50
2025-09-29 13:11:09 - Epoch 51/500 | LR=0.009755 | w_AVO=1.000 | w_P3=2.718 | lambda_MMD=0.300
2025-09-29 13:11:09 - Epoch Summary: TrainLoss=0.8918 | TrainAcc=0.727 | Val(P3)=0.543 | Val(AVO)=0.616
2025-09-29 13:11:09 - No P3-val improvement; patience remaining: 0/50
2025-09-29 13:11:09 - Early stopping triggered (P3-val)
2025-09-29 13:11:09 -     P3 Test | Acc=0.5714 P=0.5319 R=0.6944 F1=0.6024 AUC=0.6369 (n=77)
2025-09-29 13:11:09 -     AVO Test | Acc=0.6378 P=0.6048 R=0.8123 F1=0.6934 AUC=0.7013 (n=613)
2025-09-29 13:11:09 -     Overall Test Acc=0.6304
2025-09-29 13:11:09 - Repeat 5/5
2025-09-29 13:11:09 -   Fold 1/5
2025-09-29 13:11:09 - Fold domains: small=P3 (n=276), large=AVO (n=2139)
2025-09-29 13:11:09 - Auto adjustments (symmetric): w_small≈1.000, lambda_MMD_target=0.300, warmup_epochs=5
2025-09-29 13:11:09 - Epoch 1/500 | LR=0.010000 | w_AVO=1.000 | w_P3=1.357 | lambda_MMD=0.060
2025-09-29 13:11:09 - Epoch Summary: TrainLoss=1.6779 | TrainAcc=0.541 | Val(P3)=0.588 | Val(AVO)=0.601
2025-09-29 13:11:09 - New best P3-val; checkpoint updated
2025-09-29 13:11:09 - Epoch 2/500 | LR=0.010000 | w_AVO=1.000 | w_P3=1.714 | lambda_MMD=0.120
2025-09-29 13:11:10 - Epoch Summary: TrainLoss=1.7252 | TrainAcc=0.606 | Val(P3)=0.588 | Val(AVO)=0.614
2025-09-29 13:11:10 - No P3-val improvement; patience remaining: 49/50
2025-09-29 13:11:10 - Epoch 3/500 | LR=0.010000 | w_AVO=1.000 | w_P3=2.070 | lambda_MMD=0.180
2025-09-29 13:11:10 - Epoch Summary: TrainLoss=1.9597 | TrainAcc=0.612 | Val(P3)=0.676 | Val(AVO)=0.637
2025-09-29 13:11:10 - New best P3-val; checkpoint updated
2025-09-29 13:11:10 - Epoch 4/500 | LR=0.009999 | w_AVO=1.000 | w_P3=2.427 | lambda_MMD=0.240
2025-09-29 13:11:10 - Epoch Summary: TrainLoss=2.1607 | TrainAcc=0.622 | Val(P3)=0.647 | Val(AVO)=0.627
2025-09-29 13:11:10 - No P3-val improvement; patience remaining: 49/50
2025-09-29 13:11:10 - Epoch 5/500 | LR=0.009998 | w_AVO=1.000 | w_P3=2.784 | lambda_MMD=0.300
2025-09-29 13:11:10 - Epoch Summary: TrainLoss=2.3201 | TrainAcc=0.631 | Val(P3)=0.588 | Val(AVO)=0.627
2025-09-29 13:11:10 - No P3-val improvement; patience remaining: 48/50
2025-09-29 13:11:10 - P3 val decreasing 3x. Reducing w_small to 2.227, lambda_MMD to 0.150
2025-09-29 13:11:10 - Epoch 6/500 | LR=0.009998 | w_AVO=1.000 | w_P3=2.227 | lambda_MMD=0.150
2025-09-29 13:11:10 - Epoch Summary: TrainLoss=1.9930 | TrainAcc=0.630 | Val(P3)=0.735 | Val(AVO)=0.630
2025-09-29 13:11:10 - New best P3-val; checkpoint updated
2025-09-29 13:11:10 - Epoch 7/500 | LR=0.009996 | w_AVO=1.000 | w_P3=2.784 | lambda_MMD=0.300
2025-09-29 13:11:11 - Epoch Summary: TrainLoss=2.2779 | TrainAcc=0.638 | Val(P3)=0.647 | Val(AVO)=0.646
2025-09-29 13:11:11 - No P3-val improvement; patience remaining: 49/50
2025-09-29 13:11:11 - Epoch 8/500 | LR=0.009995 | w_AVO=1.000 | w_P3=2.784 | lambda_MMD=0.300
2025-09-29 13:11:11 - Epoch Summary: TrainLoss=2.2539 | TrainAcc=0.636 | Val(P3)=0.559 | Val(AVO)=0.611
2025-09-29 13:11:11 - No P3-val improvement; patience remaining: 48/50
2025-09-29 13:11:11 - P3 val decreasing 3x. Reducing w_small to 2.227, lambda_MMD to 0.150
2025-09-29 13:11:11 - Epoch 9/500 | LR=0.009994 | w_AVO=1.000 | w_P3=2.227 | lambda_MMD=0.150
2025-09-29 13:11:11 - Epoch Summary: TrainLoss=1.8503 | TrainAcc=0.644 | Val(P3)=0.647 | Val(AVO)=0.688
2025-09-29 13:11:11 - No P3-val improvement; patience remaining: 47/50
2025-09-29 13:11:11 - Epoch 10/500 | LR=0.009992 | w_AVO=1.000 | w_P3=2.784 | lambda_MMD=0.300
2025-09-29 13:11:11 - Epoch Summary: TrainLoss=2.1261 | TrainAcc=0.649 | Val(P3)=0.647 | Val(AVO)=0.643
2025-09-29 13:11:11 - No P3-val improvement; patience remaining: 46/50
2025-09-29 13:11:11 - Epoch 11/500 | LR=0.009990 | w_AVO=1.000 | w_P3=2.784 | lambda_MMD=0.300
2025-09-29 13:11:11 - Epoch Summary: TrainLoss=2.1157 | TrainAcc=0.640 | Val(P3)=0.588 | Val(AVO)=0.630
2025-09-29 13:11:11 - No P3-val improvement; patience remaining: 45/50
2025-09-29 13:11:11 - AVO val decreasing 3x. Reducing lambda_MMD to 0.210
2025-09-29 13:11:11 - Epoch 12/500 | LR=0.009988 | w_AVO=1.000 | w_P3=2.784 | lambda_MMD=0.210
2025-09-29 13:11:11 - Epoch Summary: TrainLoss=2.0200 | TrainAcc=0.653 | Val(P3)=0.529 | Val(AVO)=0.585
2025-09-29 13:11:11 - No P3-val improvement; patience remaining: 44/50
2025-09-29 13:11:11 - P3 val decreasing 3x. Reducing w_small to 2.227, lambda_MMD to 0.150
2025-09-29 13:11:11 - AVO val decreasing 3x. Reducing lambda_MMD to 0.105
2025-09-29 13:11:11 - Epoch 13/500 | LR=0.009986 | w_AVO=1.000 | w_P3=2.227 | lambda_MMD=0.105
2025-09-29 13:11:12 - Epoch Summary: TrainLoss=1.7363 | TrainAcc=0.659 | Val(P3)=0.618 | Val(AVO)=0.640
2025-09-29 13:11:12 - No P3-val improvement; patience remaining: 43/50
2025-09-29 13:11:12 - Epoch 14/500 | LR=0.009983 | w_AVO=1.000 | w_P3=2.784 | lambda_MMD=0.300
2025-09-29 13:11:12 - Epoch Summary: TrainLoss=1.9611 | TrainAcc=0.662 | Val(P3)=0.588 | Val(AVO)=0.640
2025-09-29 13:11:12 - No P3-val improvement; patience remaining: 42/50
2025-09-29 13:11:12 - Epoch 15/500 | LR=0.009981 | w_AVO=1.000 | w_P3=2.784 | lambda_MMD=0.300
2025-09-29 13:11:12 - Epoch Summary: TrainLoss=1.9277 | TrainAcc=0.650 | Val(P3)=0.588 | Val(AVO)=0.601
2025-09-29 13:11:12 - No P3-val improvement; patience remaining: 41/50
2025-09-29 13:11:12 - Epoch 16/500 | LR=0.009978 | w_AVO=1.000 | w_P3=2.784 | lambda_MMD=0.300
2025-09-29 13:11:12 - Epoch Summary: TrainLoss=1.9138 | TrainAcc=0.666 | Val(P3)=0.618 | Val(AVO)=0.633
2025-09-29 13:11:12 - No P3-val improvement; patience remaining: 40/50
2025-09-29 13:11:12 - Epoch 17/500 | LR=0.009975 | w_AVO=1.000 | w_P3=2.784 | lambda_MMD=0.300
2025-09-29 13:11:12 - Epoch Summary: TrainLoss=1.8301 | TrainAcc=0.659 | Val(P3)=0.618 | Val(AVO)=0.627
2025-09-29 13:11:12 - No P3-val improvement; patience remaining: 39/50
2025-09-29 13:11:12 - Epoch 18/500 | LR=0.009972 | w_AVO=1.000 | w_P3=2.784 | lambda_MMD=0.300
2025-09-29 13:11:12 - Epoch Summary: TrainLoss=1.8315 | TrainAcc=0.665 | Val(P3)=0.559 | Val(AVO)=0.646
2025-09-29 13:11:12 - No P3-val improvement; patience remaining: 38/50
2025-09-29 13:11:12 - Epoch 19/500 | LR=0.009968 | w_AVO=1.000 | w_P3=2.784 | lambda_MMD=0.300
2025-09-29 13:11:13 - Epoch Summary: TrainLoss=1.8223 | TrainAcc=0.659 | Val(P3)=0.588 | Val(AVO)=0.569
2025-09-29 13:11:13 - No P3-val improvement; patience remaining: 37/50
2025-09-29 13:11:13 - Epoch 20/500 | LR=0.009964 | w_AVO=1.000 | w_P3=2.784 | lambda_MMD=0.300
2025-09-29 13:11:13 - Epoch Summary: TrainLoss=1.7995 | TrainAcc=0.660 | Val(P3)=0.647 | Val(AVO)=0.576
2025-09-29 13:11:13 - No P3-val improvement; patience remaining: 36/50
2025-09-29 13:11:13 - Epoch 21/500 | LR=0.009961 | w_AVO=1.000 | w_P3=2.784 | lambda_MMD=0.300
2025-09-29 13:11:13 - Epoch Summary: TrainLoss=1.7371 | TrainAcc=0.667 | Val(P3)=0.559 | Val(AVO)=0.630
2025-09-29 13:11:13 - No P3-val improvement; patience remaining: 35/50
2025-09-29 13:11:13 - Epoch 22/500 | LR=0.009957 | w_AVO=1.000 | w_P3=2.784 | lambda_MMD=0.300
2025-09-29 13:11:13 - Epoch Summary: TrainLoss=1.6694 | TrainAcc=0.681 | Val(P3)=0.529 | Val(AVO)=0.643
2025-09-29 13:11:13 - No P3-val improvement; patience remaining: 34/50
2025-09-29 13:11:13 - P3 val decreasing 3x. Reducing w_small to 2.227, lambda_MMD to 0.150
2025-09-29 13:11:13 - Epoch 23/500 | LR=0.009952 | w_AVO=1.000 | w_P3=2.227 | lambda_MMD=0.150
2025-09-29 13:11:13 - Epoch Summary: TrainLoss=1.3962 | TrainAcc=0.681 | Val(P3)=0.471 | Val(AVO)=0.617
2025-09-29 13:11:13 - No P3-val improvement; patience remaining: 33/50
2025-09-29 13:11:13 - P3 val decreasing 3x. Reducing w_small to 2.227, lambda_MMD to 0.150
2025-09-29 13:11:13 - Epoch 24/500 | LR=0.009948 | w_AVO=1.000 | w_P3=2.227 | lambda_MMD=0.150
2025-09-29 13:11:13 - Epoch Summary: TrainLoss=1.3829 | TrainAcc=0.673 | Val(P3)=0.588 | Val(AVO)=0.656
2025-09-29 13:11:13 - No P3-val improvement; patience remaining: 32/50
2025-09-29 13:11:13 - Epoch 25/500 | LR=0.009943 | w_AVO=1.000 | w_P3=2.784 | lambda_MMD=0.300
2025-09-29 13:11:14 - Epoch Summary: TrainLoss=1.5500 | TrainAcc=0.678 | Val(P3)=0.559 | Val(AVO)=0.653
2025-09-29 13:11:14 - No P3-val improvement; patience remaining: 31/50
2025-09-29 13:11:14 - Epoch 26/500 | LR=0.009938 | w_AVO=1.000 | w_P3=2.784 | lambda_MMD=0.300
2025-09-29 13:11:14 - Epoch Summary: TrainLoss=1.6429 | TrainAcc=0.676 | Val(P3)=0.559 | Val(AVO)=0.656
2025-09-29 13:11:14 - No P3-val improvement; patience remaining: 30/50
2025-09-29 13:11:14 - Epoch 27/500 | LR=0.009933 | w_AVO=1.000 | w_P3=2.784 | lambda_MMD=0.300
2025-09-29 13:11:14 - Epoch Summary: TrainLoss=1.5170 | TrainAcc=0.674 | Val(P3)=0.471 | Val(AVO)=0.659
2025-09-29 13:11:14 - No P3-val improvement; patience remaining: 29/50
2025-09-29 13:11:14 - Epoch 28/500 | LR=0.009928 | w_AVO=1.000 | w_P3=2.784 | lambda_MMD=0.300
2025-09-29 13:11:14 - Epoch Summary: TrainLoss=1.5310 | TrainAcc=0.674 | Val(P3)=0.588 | Val(AVO)=0.633
2025-09-29 13:11:14 - No P3-val improvement; patience remaining: 28/50
2025-09-29 13:11:14 - Epoch 29/500 | LR=0.009923 | w_AVO=1.000 | w_P3=2.784 | lambda_MMD=0.300
2025-09-29 13:11:14 - Epoch Summary: TrainLoss=1.4522 | TrainAcc=0.693 | Val(P3)=0.529 | Val(AVO)=0.650
2025-09-29 13:11:14 - No P3-val improvement; patience remaining: 27/50
2025-09-29 13:11:14 - Epoch 30/500 | LR=0.009917 | w_AVO=1.000 | w_P3=2.784 | lambda_MMD=0.300
2025-09-29 13:11:14 - Epoch Summary: TrainLoss=1.4439 | TrainAcc=0.680 | Val(P3)=0.559 | Val(AVO)=0.637
2025-09-29 13:11:14 - No P3-val improvement; patience remaining: 26/50
2025-09-29 13:11:14 - Epoch 31/500 | LR=0.009911 | w_AVO=1.000 | w_P3=2.784 | lambda_MMD=0.300
2025-09-29 13:11:15 - Epoch Summary: TrainLoss=1.4255 | TrainAcc=0.683 | Val(P3)=0.559 | Val(AVO)=0.621
2025-09-29 13:11:15 - No P3-val improvement; patience remaining: 25/50
2025-09-29 13:11:15 - AVO val decreasing 3x. Reducing lambda_MMD to 0.210
2025-09-29 13:11:15 - Epoch 32/500 | LR=0.009905 | w_AVO=1.000 | w_P3=2.784 | lambda_MMD=0.210
2025-09-29 13:11:15 - Epoch Summary: TrainLoss=1.4009 | TrainAcc=0.682 | Val(P3)=0.471 | Val(AVO)=0.608
2025-09-29 13:11:15 - No P3-val improvement; patience remaining: 24/50
2025-09-29 13:11:15 - AVO val decreasing 3x. Reducing lambda_MMD to 0.210
2025-09-29 13:11:15 - Epoch 33/500 | LR=0.009899 | w_AVO=1.000 | w_P3=2.784 | lambda_MMD=0.210
2025-09-29 13:11:15 - Epoch Summary: TrainLoss=1.3896 | TrainAcc=0.676 | Val(P3)=0.500 | Val(AVO)=0.640
2025-09-29 13:11:15 - No P3-val improvement; patience remaining: 23/50
2025-09-29 13:11:15 - Epoch 34/500 | LR=0.009893 | w_AVO=1.000 | w_P3=2.784 | lambda_MMD=0.300
2025-09-29 13:11:15 - Epoch Summary: TrainLoss=1.2992 | TrainAcc=0.686 | Val(P3)=0.500 | Val(AVO)=0.640
2025-09-29 13:11:15 - No P3-val improvement; patience remaining: 22/50
2025-09-29 13:11:15 - Epoch 35/500 | LR=0.009886 | w_AVO=1.000 | w_P3=2.784 | lambda_MMD=0.300
2025-09-29 13:11:15 - Epoch Summary: TrainLoss=1.3138 | TrainAcc=0.676 | Val(P3)=0.500 | Val(AVO)=0.650
2025-09-29 13:11:15 - No P3-val improvement; patience remaining: 21/50
2025-09-29 13:11:15 - Epoch 36/500 | LR=0.009880 | w_AVO=1.000 | w_P3=2.784 | lambda_MMD=0.300
2025-09-29 13:11:15 - Epoch Summary: TrainLoss=1.3114 | TrainAcc=0.688 | Val(P3)=0.529 | Val(AVO)=0.656
2025-09-29 13:11:15 - No P3-val improvement; patience remaining: 20/50
2025-09-29 13:11:15 - Epoch 37/500 | LR=0.009873 | w_AVO=1.000 | w_P3=2.784 | lambda_MMD=0.300
2025-09-29 13:11:16 - Epoch Summary: TrainLoss=1.2221 | TrainAcc=0.699 | Val(P3)=0.412 | Val(AVO)=0.633
2025-09-29 13:11:16 - No P3-val improvement; patience remaining: 19/50
2025-09-29 13:11:16 - Epoch 38/500 | LR=0.009865 | w_AVO=1.000 | w_P3=2.784 | lambda_MMD=0.300
2025-09-29 13:11:16 - Epoch Summary: TrainLoss=1.2403 | TrainAcc=0.687 | Val(P3)=0.500 | Val(AVO)=0.650
2025-09-29 13:11:16 - No P3-val improvement; patience remaining: 18/50
2025-09-29 13:11:16 - Epoch 39/500 | LR=0.009858 | w_AVO=1.000 | w_P3=2.784 | lambda_MMD=0.300
2025-09-29 13:11:16 - Epoch Summary: TrainLoss=1.2032 | TrainAcc=0.701 | Val(P3)=0.529 | Val(AVO)=0.643
2025-09-29 13:11:16 - No P3-val improvement; patience remaining: 17/50
2025-09-29 13:11:16 - Epoch 40/500 | LR=0.009851 | w_AVO=1.000 | w_P3=2.784 | lambda_MMD=0.300
2025-09-29 13:11:16 - Epoch Summary: TrainLoss=1.2483 | TrainAcc=0.691 | Val(P3)=0.529 | Val(AVO)=0.669
2025-09-29 13:11:16 - No P3-val improvement; patience remaining: 16/50
2025-09-29 13:11:16 - Epoch 41/500 | LR=0.009843 | w_AVO=1.000 | w_P3=2.784 | lambda_MMD=0.300
2025-09-29 13:11:16 - Epoch Summary: TrainLoss=1.2018 | TrainAcc=0.694 | Val(P3)=0.471 | Val(AVO)=0.633
2025-09-29 13:11:16 - No P3-val improvement; patience remaining: 15/50
2025-09-29 13:11:16 - Epoch 42/500 | LR=0.009835 | w_AVO=1.000 | w_P3=2.784 | lambda_MMD=0.300
2025-09-29 13:11:17 - Epoch Summary: TrainLoss=1.1287 | TrainAcc=0.702 | Val(P3)=0.471 | Val(AVO)=0.656
2025-09-29 13:11:17 - No P3-val improvement; patience remaining: 14/50
2025-09-29 13:11:17 - Epoch 43/500 | LR=0.009827 | w_AVO=1.000 | w_P3=2.784 | lambda_MMD=0.300
2025-09-29 13:11:17 - Epoch Summary: TrainLoss=1.1505 | TrainAcc=0.707 | Val(P3)=0.412 | Val(AVO)=0.611
2025-09-29 13:11:17 - No P3-val improvement; patience remaining: 13/50
2025-09-29 13:11:17 - Epoch 44/500 | LR=0.009819 | w_AVO=1.000 | w_P3=2.784 | lambda_MMD=0.300
2025-09-29 13:11:17 - Epoch Summary: TrainLoss=1.1632 | TrainAcc=0.705 | Val(P3)=0.471 | Val(AVO)=0.653
2025-09-29 13:11:17 - No P3-val improvement; patience remaining: 12/50
2025-09-29 13:11:17 - Epoch 45/500 | LR=0.009810 | w_AVO=1.000 | w_P3=2.784 | lambda_MMD=0.300
2025-09-29 13:11:17 - Epoch Summary: TrainLoss=1.1138 | TrainAcc=0.712 | Val(P3)=0.471 | Val(AVO)=0.653
2025-09-29 13:11:17 - No P3-val improvement; patience remaining: 11/50
2025-09-29 13:11:17 - Epoch 46/500 | LR=0.009801 | w_AVO=1.000 | w_P3=2.784 | lambda_MMD=0.300
2025-09-29 13:11:17 - Epoch Summary: TrainLoss=1.0256 | TrainAcc=0.716 | Val(P3)=0.559 | Val(AVO)=0.633
2025-09-29 13:11:17 - No P3-val improvement; patience remaining: 10/50
2025-09-29 13:11:17 - Epoch 47/500 | LR=0.009793 | w_AVO=1.000 | w_P3=2.784 | lambda_MMD=0.300
2025-09-29 13:11:17 - Epoch Summary: TrainLoss=1.0342 | TrainAcc=0.710 | Val(P3)=0.441 | Val(AVO)=0.637
2025-09-29 13:11:17 - No P3-val improvement; patience remaining: 9/50
2025-09-29 13:11:17 - Epoch 48/500 | LR=0.009784 | w_AVO=1.000 | w_P3=2.784 | lambda_MMD=0.300
2025-09-29 13:11:18 - Epoch Summary: TrainLoss=1.0034 | TrainAcc=0.717 | Val(P3)=0.500 | Val(AVO)=0.646
2025-09-29 13:11:18 - No P3-val improvement; patience remaining: 8/50
2025-09-29 13:11:18 - Epoch 49/500 | LR=0.009774 | w_AVO=1.000 | w_P3=2.784 | lambda_MMD=0.300
2025-09-29 13:11:18 - Epoch Summary: TrainLoss=1.0075 | TrainAcc=0.705 | Val(P3)=0.441 | Val(AVO)=0.624
2025-09-29 13:11:18 - No P3-val improvement; patience remaining: 7/50
2025-09-29 13:11:18 - Epoch 50/500 | LR=0.009765 | w_AVO=1.000 | w_P3=2.784 | lambda_MMD=0.300
2025-09-29 13:11:18 - Epoch Summary: TrainLoss=0.9618 | TrainAcc=0.714 | Val(P3)=0.471 | Val(AVO)=0.640
2025-09-29 13:11:18 - No P3-val improvement; patience remaining: 6/50
2025-09-29 13:11:18 - Epoch 51/500 | LR=0.009755 | w_AVO=1.000 | w_P3=2.784 | lambda_MMD=0.300
2025-09-29 13:11:18 - Epoch Summary: TrainLoss=0.9259 | TrainAcc=0.727 | Val(P3)=0.471 | Val(AVO)=0.643
2025-09-29 13:11:18 - No P3-val improvement; patience remaining: 5/50
2025-09-29 13:11:18 - Epoch 52/500 | LR=0.009745 | w_AVO=1.000 | w_P3=2.784 | lambda_MMD=0.300
2025-09-29 13:11:18 - Epoch Summary: TrainLoss=1.0033 | TrainAcc=0.711 | Val(P3)=0.412 | Val(AVO)=0.614
2025-09-29 13:11:18 - No P3-val improvement; patience remaining: 4/50
2025-09-29 13:11:18 - Epoch 53/500 | LR=0.009735 | w_AVO=1.000 | w_P3=2.784 | lambda_MMD=0.300
2025-09-29 13:11:18 - Epoch Summary: TrainLoss=0.9380 | TrainAcc=0.718 | Val(P3)=0.441 | Val(AVO)=0.646
2025-09-29 13:11:18 - No P3-val improvement; patience remaining: 3/50
2025-09-29 13:11:18 - Epoch 54/500 | LR=0.009725 | w_AVO=1.000 | w_P3=2.784 | lambda_MMD=0.300
2025-09-29 13:11:19 - Epoch Summary: TrainLoss=0.9654 | TrainAcc=0.716 | Val(P3)=0.412 | Val(AVO)=0.598
2025-09-29 13:11:19 - No P3-val improvement; patience remaining: 2/50
2025-09-29 13:11:19 - Epoch 55/500 | LR=0.009715 | w_AVO=1.000 | w_P3=2.784 | lambda_MMD=0.300
2025-09-29 13:11:19 - Epoch Summary: TrainLoss=0.9613 | TrainAcc=0.719 | Val(P3)=0.529 | Val(AVO)=0.617
2025-09-29 13:11:19 - No P3-val improvement; patience remaining: 1/50
2025-09-29 13:11:19 - Epoch 56/500 | LR=0.009704 | w_AVO=1.000 | w_P3=2.784 | lambda_MMD=0.300
2025-09-29 13:11:19 - Epoch Summary: TrainLoss=0.9639 | TrainAcc=0.716 | Val(P3)=0.412 | Val(AVO)=0.611
2025-09-29 13:11:19 - No P3-val improvement; patience remaining: 0/50
2025-09-29 13:11:19 - Early stopping triggered (P3-val)
2025-09-29 13:11:19 -     P3 Test | Acc=0.5778 P=0.6000 R=0.6250 F1=0.6122 AUC=0.6230 (n=90)
2025-09-29 13:11:19 -     AVO Test | Acc=0.6267 P=0.5843 R=0.8519 F1=0.6932 AUC=0.7058 (n=600)
2025-09-29 13:11:19 -     Overall Test Acc=0.6203
2025-09-29 13:11:19 -   Fold 2/5
2025-09-29 13:11:19 - Fold domains: small=P3 (n=290), large=AVO (n=2125)
2025-09-29 13:11:19 - Auto adjustments (symmetric): w_small≈1.000, lambda_MMD_target=0.300, warmup_epochs=5
2025-09-29 13:11:19 - Epoch 1/500 | LR=0.010000 | w_AVO=1.000 | w_P3=1.341 | lambda_MMD=0.060
2025-09-29 13:11:19 - Epoch Summary: TrainLoss=1.6930 | TrainAcc=0.537 | Val(P3)=0.583 | Val(AVO)=0.621
2025-09-29 13:11:19 - New best P3-val; checkpoint updated
2025-09-29 13:11:19 - Epoch 2/500 | LR=0.010000 | w_AVO=1.000 | w_P3=1.683 | lambda_MMD=0.120
2025-09-29 13:11:19 - Epoch Summary: TrainLoss=1.7700 | TrainAcc=0.592 | Val(P3)=0.556 | Val(AVO)=0.647
2025-09-29 13:11:19 - No P3-val improvement; patience remaining: 49/50
2025-09-29 13:11:19 - Epoch 3/500 | LR=0.010000 | w_AVO=1.000 | w_P3=2.024 | lambda_MMD=0.180
2025-09-29 13:11:19 - Epoch Summary: TrainLoss=1.9508 | TrainAcc=0.608 | Val(P3)=0.556 | Val(AVO)=0.638
2025-09-29 13:11:19 - No P3-val improvement; patience remaining: 48/50
2025-09-29 13:11:19 - Epoch 4/500 | LR=0.009999 | w_AVO=1.000 | w_P3=2.366 | lambda_MMD=0.240
2025-09-29 13:11:20 - Epoch Summary: TrainLoss=2.1470 | TrainAcc=0.619 | Val(P3)=0.583 | Val(AVO)=0.654
2025-09-29 13:11:20 - No P3-val improvement; patience remaining: 47/50
2025-09-29 13:11:20 - Epoch 5/500 | LR=0.009998 | w_AVO=1.000 | w_P3=2.707 | lambda_MMD=0.300
2025-09-29 13:11:20 - Epoch Summary: TrainLoss=2.3568 | TrainAcc=0.625 | Val(P3)=0.528 | Val(AVO)=0.657
2025-09-29 13:11:20 - No P3-val improvement; patience remaining: 46/50
2025-09-29 13:11:20 - Epoch 6/500 | LR=0.009998 | w_AVO=1.000 | w_P3=2.707 | lambda_MMD=0.300
2025-09-29 13:11:20 - Epoch Summary: TrainLoss=2.3029 | TrainAcc=0.639 | Val(P3)=0.444 | Val(AVO)=0.667
2025-09-29 13:11:20 - No P3-val improvement; patience remaining: 45/50
2025-09-29 13:11:20 - P3 val decreasing 3x. Reducing w_small to 2.166, lambda_MMD to 0.150
2025-09-29 13:11:20 - Epoch 7/500 | LR=0.009996 | w_AVO=1.000 | w_P3=2.166 | lambda_MMD=0.150
2025-09-29 13:11:20 - Epoch Summary: TrainLoss=1.9565 | TrainAcc=0.636 | Val(P3)=0.500 | Val(AVO)=0.660
2025-09-29 13:11:20 - No P3-val improvement; patience remaining: 44/50
2025-09-29 13:11:20 - Epoch 8/500 | LR=0.009995 | w_AVO=1.000 | w_P3=2.707 | lambda_MMD=0.300
2025-09-29 13:11:20 - Epoch Summary: TrainLoss=2.2706 | TrainAcc=0.645 | Val(P3)=0.528 | Val(AVO)=0.689
2025-09-29 13:11:20 - No P3-val improvement; patience remaining: 43/50
2025-09-29 13:11:20 - Epoch 9/500 | LR=0.009994 | w_AVO=1.000 | w_P3=2.707 | lambda_MMD=0.300
2025-09-29 13:11:21 - Epoch Summary: TrainLoss=2.1895 | TrainAcc=0.653 | Val(P3)=0.500 | Val(AVO)=0.689
2025-09-29 13:11:21 - No P3-val improvement; patience remaining: 42/50
2025-09-29 13:11:21 - Epoch 10/500 | LR=0.009992 | w_AVO=1.000 | w_P3=2.707 | lambda_MMD=0.300
2025-09-29 13:11:21 - Epoch Summary: TrainLoss=2.1196 | TrainAcc=0.661 | Val(P3)=0.472 | Val(AVO)=0.689
2025-09-29 13:11:21 - No P3-val improvement; patience remaining: 41/50
2025-09-29 13:11:21 - P3 val decreasing 3x. Reducing w_small to 2.166, lambda_MMD to 0.150
2025-09-29 13:11:21 - Epoch 11/500 | LR=0.009990 | w_AVO=1.000 | w_P3=2.166 | lambda_MMD=0.150
2025-09-29 13:11:21 - Epoch Summary: TrainLoss=1.7707 | TrainAcc=0.661 | Val(P3)=0.611 | Val(AVO)=0.673
2025-09-29 13:11:21 - New best P3-val; checkpoint updated
2025-09-29 13:11:21 - Epoch 12/500 | LR=0.009988 | w_AVO=1.000 | w_P3=2.707 | lambda_MMD=0.300
2025-09-29 13:11:21 - Epoch Summary: TrainLoss=2.0100 | TrainAcc=0.664 | Val(P3)=0.472 | Val(AVO)=0.612
2025-09-29 13:11:21 - No P3-val improvement; patience remaining: 49/50
2025-09-29 13:11:21 - AVO val decreasing 3x. Reducing lambda_MMD to 0.210
2025-09-29 13:11:21 - Epoch 13/500 | LR=0.009986 | w_AVO=1.000 | w_P3=2.707 | lambda_MMD=0.210
2025-09-29 13:11:21 - Epoch Summary: TrainLoss=1.9605 | TrainAcc=0.674 | Val(P3)=0.444 | Val(AVO)=0.676
2025-09-29 13:11:21 - No P3-val improvement; patience remaining: 48/50
2025-09-29 13:11:21 - P3 val decreasing 3x. Reducing w_small to 2.166, lambda_MMD to 0.150
2025-09-29 13:11:21 - Epoch 14/500 | LR=0.009983 | w_AVO=1.000 | w_P3=2.166 | lambda_MMD=0.150
2025-09-29 13:11:21 - Epoch Summary: TrainLoss=1.6661 | TrainAcc=0.660 | Val(P3)=0.611 | Val(AVO)=0.663
2025-09-29 13:11:21 - No P3-val improvement; patience remaining: 47/50
2025-09-29 13:11:21 - Epoch 15/500 | LR=0.009981 | w_AVO=1.000 | w_P3=2.707 | lambda_MMD=0.300
2025-09-29 13:11:22 - Epoch Summary: TrainLoss=1.8801 | TrainAcc=0.664 | Val(P3)=0.583 | Val(AVO)=0.670
2025-09-29 13:11:22 - No P3-val improvement; patience remaining: 46/50
2025-09-29 13:11:22 - Epoch 16/500 | LR=0.009978 | w_AVO=1.000 | w_P3=2.707 | lambda_MMD=0.300
2025-09-29 13:11:22 - Epoch Summary: TrainLoss=1.8054 | TrainAcc=0.671 | Val(P3)=0.583 | Val(AVO)=0.631
2025-09-29 13:11:22 - No P3-val improvement; patience remaining: 45/50
2025-09-29 13:11:22 - Epoch 17/500 | LR=0.009975 | w_AVO=1.000 | w_P3=2.707 | lambda_MMD=0.300
2025-09-29 13:11:22 - Epoch Summary: TrainLoss=1.7408 | TrainAcc=0.680 | Val(P3)=0.500 | Val(AVO)=0.644
2025-09-29 13:11:22 - No P3-val improvement; patience remaining: 44/50
2025-09-29 13:11:22 - Epoch 18/500 | LR=0.009972 | w_AVO=1.000 | w_P3=2.707 | lambda_MMD=0.300
2025-09-29 13:11:22 - Epoch Summary: TrainLoss=1.7434 | TrainAcc=0.671 | Val(P3)=0.583 | Val(AVO)=0.650
2025-09-29 13:11:22 - No P3-val improvement; patience remaining: 43/50
2025-09-29 13:11:22 - Epoch 19/500 | LR=0.009968 | w_AVO=1.000 | w_P3=2.707 | lambda_MMD=0.300
2025-09-29 13:11:22 - Epoch Summary: TrainLoss=1.6803 | TrainAcc=0.668 | Val(P3)=0.556 | Val(AVO)=0.650
2025-09-29 13:11:22 - No P3-val improvement; patience remaining: 42/50
2025-09-29 13:11:22 - Epoch 20/500 | LR=0.009964 | w_AVO=1.000 | w_P3=2.707 | lambda_MMD=0.300
2025-09-29 13:11:23 - Epoch Summary: TrainLoss=1.6368 | TrainAcc=0.680 | Val(P3)=0.528 | Val(AVO)=0.680
2025-09-29 13:11:23 - No P3-val improvement; patience remaining: 41/50
2025-09-29 13:11:23 - P3 val decreasing 3x. Reducing w_small to 2.166, lambda_MMD to 0.150
2025-09-29 13:11:23 - Epoch 21/500 | LR=0.009961 | w_AVO=1.000 | w_P3=2.166 | lambda_MMD=0.150
2025-09-29 13:11:23 - Epoch Summary: TrainLoss=1.3837 | TrainAcc=0.678 | Val(P3)=0.528 | Val(AVO)=0.654
2025-09-29 13:11:23 - No P3-val improvement; patience remaining: 40/50
2025-09-29 13:11:23 - Epoch 22/500 | LR=0.009957 | w_AVO=1.000 | w_P3=2.707 | lambda_MMD=0.300
2025-09-29 13:11:23 - Epoch Summary: TrainLoss=1.5644 | TrainAcc=0.677 | Val(P3)=0.611 | Val(AVO)=0.634
2025-09-29 13:11:23 - No P3-val improvement; patience remaining: 39/50
2025-09-29 13:11:23 - AVO val decreasing 3x. Reducing lambda_MMD to 0.210
2025-09-29 13:11:23 - Epoch 23/500 | LR=0.009952 | w_AVO=1.000 | w_P3=2.707 | lambda_MMD=0.210
2025-09-29 13:11:23 - Epoch Summary: TrainLoss=1.5092 | TrainAcc=0.675 | Val(P3)=0.528 | Val(AVO)=0.621
2025-09-29 13:11:23 - No P3-val improvement; patience remaining: 38/50
2025-09-29 13:11:23 - AVO val decreasing 3x. Reducing lambda_MMD to 0.210
2025-09-29 13:11:23 - Epoch 24/500 | LR=0.009948 | w_AVO=1.000 | w_P3=2.707 | lambda_MMD=0.210
2025-09-29 13:11:23 - Epoch Summary: TrainLoss=1.4977 | TrainAcc=0.680 | Val(P3)=0.639 | Val(AVO)=0.650
2025-09-29 13:11:23 - New best P3-val; checkpoint updated
2025-09-29 13:11:23 - Epoch 25/500 | LR=0.009943 | w_AVO=1.000 | w_P3=2.707 | lambda_MMD=0.300
2025-09-29 13:11:23 - Epoch Summary: TrainLoss=1.4444 | TrainAcc=0.688 | Val(P3)=0.556 | Val(AVO)=0.667
2025-09-29 13:11:23 - No P3-val improvement; patience remaining: 49/50
2025-09-29 13:11:23 - Epoch 26/500 | LR=0.009938 | w_AVO=1.000 | w_P3=2.707 | lambda_MMD=0.300
2025-09-29 13:11:24 - Epoch Summary: TrainLoss=1.3765 | TrainAcc=0.682 | Val(P3)=0.583 | Val(AVO)=0.650
2025-09-29 13:11:24 - No P3-val improvement; patience remaining: 48/50
2025-09-29 13:11:24 - Epoch 27/500 | LR=0.009933 | w_AVO=1.000 | w_P3=2.707 | lambda_MMD=0.300
2025-09-29 13:11:24 - Epoch Summary: TrainLoss=1.3995 | TrainAcc=0.680 | Val(P3)=0.528 | Val(AVO)=0.693
2025-09-29 13:11:24 - No P3-val improvement; patience remaining: 47/50
2025-09-29 13:11:24 - Epoch 28/500 | LR=0.009928 | w_AVO=1.000 | w_P3=2.707 | lambda_MMD=0.300
2025-09-29 13:11:24 - Epoch Summary: TrainLoss=1.3742 | TrainAcc=0.688 | Val(P3)=0.556 | Val(AVO)=0.625
2025-09-29 13:11:24 - No P3-val improvement; patience remaining: 46/50
2025-09-29 13:11:24 - Epoch 29/500 | LR=0.009923 | w_AVO=1.000 | w_P3=2.707 | lambda_MMD=0.300
2025-09-29 13:11:24 - Epoch Summary: TrainLoss=1.4284 | TrainAcc=0.679 | Val(P3)=0.500 | Val(AVO)=0.683
2025-09-29 13:11:24 - No P3-val improvement; patience remaining: 45/50
2025-09-29 13:11:24 - Epoch 30/500 | LR=0.009917 | w_AVO=1.000 | w_P3=2.707 | lambda_MMD=0.300
2025-09-29 13:11:24 - Epoch Summary: TrainLoss=1.3871 | TrainAcc=0.678 | Val(P3)=0.528 | Val(AVO)=0.676
2025-09-29 13:11:24 - No P3-val improvement; patience remaining: 44/50
2025-09-29 13:11:24 - Epoch 31/500 | LR=0.009911 | w_AVO=1.000 | w_P3=2.707 | lambda_MMD=0.300
2025-09-29 13:11:24 - Epoch Summary: TrainLoss=1.2727 | TrainAcc=0.688 | Val(P3)=0.639 | Val(AVO)=0.680
2025-09-29 13:11:24 - No P3-val improvement; patience remaining: 43/50
2025-09-29 13:11:24 - Epoch 32/500 | LR=0.009905 | w_AVO=1.000 | w_P3=2.707 | lambda_MMD=0.300
2025-09-29 13:11:25 - Epoch Summary: TrainLoss=1.2250 | TrainAcc=0.695 | Val(P3)=0.528 | Val(AVO)=0.673
2025-09-29 13:11:25 - No P3-val improvement; patience remaining: 42/50
2025-09-29 13:11:25 - Epoch 33/500 | LR=0.009899 | w_AVO=1.000 | w_P3=2.707 | lambda_MMD=0.300
2025-09-29 13:11:25 - Epoch Summary: TrainLoss=1.1966 | TrainAcc=0.696 | Val(P3)=0.583 | Val(AVO)=0.683
2025-09-29 13:11:25 - No P3-val improvement; patience remaining: 41/50
2025-09-29 13:11:25 - Epoch 34/500 | LR=0.009893 | w_AVO=1.000 | w_P3=2.707 | lambda_MMD=0.300
2025-09-29 13:11:25 - Epoch Summary: TrainLoss=1.1816 | TrainAcc=0.707 | Val(P3)=0.528 | Val(AVO)=0.686
2025-09-29 13:11:25 - No P3-val improvement; patience remaining: 40/50
2025-09-29 13:11:25 - Epoch 35/500 | LR=0.009886 | w_AVO=1.000 | w_P3=2.707 | lambda_MMD=0.300
2025-09-29 13:11:25 - Epoch Summary: TrainLoss=1.1632 | TrainAcc=0.705 | Val(P3)=0.528 | Val(AVO)=0.657
2025-09-29 13:11:25 - No P3-val improvement; patience remaining: 39/50
2025-09-29 13:11:25 - Epoch 36/500 | LR=0.009880 | w_AVO=1.000 | w_P3=2.707 | lambda_MMD=0.300
2025-09-29 13:11:25 - Epoch Summary: TrainLoss=1.1367 | TrainAcc=0.697 | Val(P3)=0.528 | Val(AVO)=0.644
2025-09-29 13:11:25 - No P3-val improvement; patience remaining: 38/50
2025-09-29 13:11:25 - AVO val decreasing 3x. Reducing lambda_MMD to 0.210
2025-09-29 13:11:25 - Epoch 37/500 | LR=0.009873 | w_AVO=1.000 | w_P3=2.707 | lambda_MMD=0.210
2025-09-29 13:11:25 - Epoch Summary: TrainLoss=1.0724 | TrainAcc=0.709 | Val(P3)=0.583 | Val(AVO)=0.693
2025-09-29 13:11:25 - No P3-val improvement; patience remaining: 37/50
2025-09-29 13:11:25 - Epoch 38/500 | LR=0.009865 | w_AVO=1.000 | w_P3=2.707 | lambda_MMD=0.300
2025-09-29 13:11:26 - Epoch Summary: TrainLoss=1.0928 | TrainAcc=0.702 | Val(P3)=0.611 | Val(AVO)=0.693
2025-09-29 13:11:26 - No P3-val improvement; patience remaining: 36/50
2025-09-29 13:11:26 - Epoch 39/500 | LR=0.009858 | w_AVO=1.000 | w_P3=2.707 | lambda_MMD=0.300
2025-09-29 13:11:26 - Epoch Summary: TrainLoss=1.0457 | TrainAcc=0.714 | Val(P3)=0.556 | Val(AVO)=0.696
2025-09-29 13:11:26 - No P3-val improvement; patience remaining: 35/50
2025-09-29 13:11:26 - Epoch 40/500 | LR=0.009851 | w_AVO=1.000 | w_P3=2.707 | lambda_MMD=0.300
2025-09-29 13:11:26 - Epoch Summary: TrainLoss=1.0650 | TrainAcc=0.700 | Val(P3)=0.556 | Val(AVO)=0.647
2025-09-29 13:11:26 - No P3-val improvement; patience remaining: 34/50
2025-09-29 13:11:26 - Epoch 41/500 | LR=0.009843 | w_AVO=1.000 | w_P3=2.707 | lambda_MMD=0.300
2025-09-29 13:11:26 - Epoch Summary: TrainLoss=1.0256 | TrainAcc=0.701 | Val(P3)=0.556 | Val(AVO)=0.657
2025-09-29 13:11:26 - No P3-val improvement; patience remaining: 33/50
2025-09-29 13:11:26 - Epoch 42/500 | LR=0.009835 | w_AVO=1.000 | w_P3=2.707 | lambda_MMD=0.300
2025-09-29 13:11:26 - Epoch Summary: TrainLoss=1.0398 | TrainAcc=0.707 | Val(P3)=0.556 | Val(AVO)=0.686
2025-09-29 13:11:26 - No P3-val improvement; patience remaining: 32/50
2025-09-29 13:11:26 - Epoch 43/500 | LR=0.009827 | w_AVO=1.000 | w_P3=2.707 | lambda_MMD=0.300
2025-09-29 13:11:27 - Epoch Summary: TrainLoss=0.9842 | TrainAcc=0.696 | Val(P3)=0.556 | Val(AVO)=0.657
2025-09-29 13:11:27 - No P3-val improvement; patience remaining: 31/50
2025-09-29 13:11:27 - Epoch 44/500 | LR=0.009819 | w_AVO=1.000 | w_P3=2.707 | lambda_MMD=0.300
2025-09-29 13:11:27 - Epoch Summary: TrainLoss=0.9427 | TrainAcc=0.726 | Val(P3)=0.528 | Val(AVO)=0.670
2025-09-29 13:11:27 - No P3-val improvement; patience remaining: 30/50
2025-09-29 13:11:27 - Epoch 45/500 | LR=0.009810 | w_AVO=1.000 | w_P3=2.707 | lambda_MMD=0.300
2025-09-29 13:11:27 - Epoch Summary: TrainLoss=0.9594 | TrainAcc=0.718 | Val(P3)=0.528 | Val(AVO)=0.680
2025-09-29 13:11:27 - No P3-val improvement; patience remaining: 29/50
2025-09-29 13:11:27 - Epoch 46/500 | LR=0.009801 | w_AVO=1.000 | w_P3=2.707 | lambda_MMD=0.300
2025-09-29 13:11:27 - Epoch Summary: TrainLoss=0.9479 | TrainAcc=0.730 | Val(P3)=0.528 | Val(AVO)=0.699
2025-09-29 13:11:27 - No P3-val improvement; patience remaining: 28/50
2025-09-29 13:11:27 - Epoch 47/500 | LR=0.009793 | w_AVO=1.000 | w_P3=2.707 | lambda_MMD=0.300
2025-09-29 13:11:27 - Epoch Summary: TrainLoss=0.9076 | TrainAcc=0.722 | Val(P3)=0.528 | Val(AVO)=0.689
2025-09-29 13:11:27 - No P3-val improvement; patience remaining: 27/50
2025-09-29 13:11:27 - Epoch 48/500 | LR=0.009784 | w_AVO=1.000 | w_P3=2.707 | lambda_MMD=0.300
2025-09-29 13:11:27 - Epoch Summary: TrainLoss=0.8752 | TrainAcc=0.728 | Val(P3)=0.556 | Val(AVO)=0.696
2025-09-29 13:11:27 - No P3-val improvement; patience remaining: 26/50
2025-09-29 13:11:27 - Epoch 49/500 | LR=0.009774 | w_AVO=1.000 | w_P3=2.707 | lambda_MMD=0.300
2025-09-29 13:11:28 - Epoch Summary: TrainLoss=0.8806 | TrainAcc=0.730 | Val(P3)=0.500 | Val(AVO)=0.689
2025-09-29 13:11:28 - No P3-val improvement; patience remaining: 25/50
2025-09-29 13:11:28 - Epoch 50/500 | LR=0.009765 | w_AVO=1.000 | w_P3=2.707 | lambda_MMD=0.300
2025-09-29 13:11:28 - Epoch Summary: TrainLoss=0.8544 | TrainAcc=0.745 | Val(P3)=0.556 | Val(AVO)=0.670
2025-09-29 13:11:28 - No P3-val improvement; patience remaining: 24/50
2025-09-29 13:11:28 - AVO val decreasing 3x. Reducing lambda_MMD to 0.210
2025-09-29 13:11:28 - Epoch 51/500 | LR=0.009755 | w_AVO=1.000 | w_P3=2.707 | lambda_MMD=0.210
2025-09-29 13:11:28 - Epoch Summary: TrainLoss=0.8386 | TrainAcc=0.735 | Val(P3)=0.556 | Val(AVO)=0.654
2025-09-29 13:11:28 - No P3-val improvement; patience remaining: 23/50
2025-09-29 13:11:28 - AVO val decreasing 3x. Reducing lambda_MMD to 0.210
2025-09-29 13:11:28 - Epoch 52/500 | LR=0.009745 | w_AVO=1.000 | w_P3=2.707 | lambda_MMD=0.210
2025-09-29 13:11:28 - Epoch Summary: TrainLoss=0.8566 | TrainAcc=0.736 | Val(P3)=0.528 | Val(AVO)=0.641
2025-09-29 13:11:28 - No P3-val improvement; patience remaining: 22/50
2025-09-29 13:11:28 - AVO val decreasing 3x. Reducing lambda_MMD to 0.210
2025-09-29 13:11:28 - Epoch 53/500 | LR=0.009735 | w_AVO=1.000 | w_P3=2.707 | lambda_MMD=0.210
2025-09-29 13:11:28 - Epoch Summary: TrainLoss=0.8761 | TrainAcc=0.717 | Val(P3)=0.500 | Val(AVO)=0.663
2025-09-29 13:11:28 - No P3-val improvement; patience remaining: 21/50
2025-09-29 13:11:28 - P3 val decreasing 3x. Reducing w_small to 2.166, lambda_MMD to 0.150
2025-09-29 13:11:28 - Epoch 54/500 | LR=0.009725 | w_AVO=1.000 | w_P3=2.166 | lambda_MMD=0.150
2025-09-29 13:11:28 - Epoch Summary: TrainLoss=0.7423 | TrainAcc=0.748 | Val(P3)=0.583 | Val(AVO)=0.693
2025-09-29 13:11:28 - No P3-val improvement; patience remaining: 20/50
2025-09-29 13:11:28 - Epoch 55/500 | LR=0.009715 | w_AVO=1.000 | w_P3=2.707 | lambda_MMD=0.300
2025-09-29 13:11:29 - Epoch Summary: TrainLoss=0.9165 | TrainAcc=0.725 | Val(P3)=0.500 | Val(AVO)=0.563
2025-09-29 13:11:29 - No P3-val improvement; patience remaining: 19/50
2025-09-29 13:11:29 - Epoch 56/500 | LR=0.009704 | w_AVO=1.000 | w_P3=2.707 | lambda_MMD=0.300
2025-09-29 13:11:29 - Epoch Summary: TrainLoss=0.8859 | TrainAcc=0.726 | Val(P3)=0.583 | Val(AVO)=0.683
2025-09-29 13:11:29 - No P3-val improvement; patience remaining: 18/50
2025-09-29 13:11:29 - Epoch 57/500 | LR=0.009694 | w_AVO=1.000 | w_P3=2.707 | lambda_MMD=0.300
2025-09-29 13:11:29 - Epoch Summary: TrainLoss=0.8201 | TrainAcc=0.751 | Val(P3)=0.556 | Val(AVO)=0.644
2025-09-29 13:11:29 - No P3-val improvement; patience remaining: 17/50
2025-09-29 13:11:29 - Epoch 58/500 | LR=0.009683 | w_AVO=1.000 | w_P3=2.707 | lambda_MMD=0.300
2025-09-29 13:11:29 - Epoch Summary: TrainLoss=0.8203 | TrainAcc=0.725 | Val(P3)=0.556 | Val(AVO)=0.673
2025-09-29 13:11:29 - No P3-val improvement; patience remaining: 16/50
2025-09-29 13:11:29 - Epoch 59/500 | LR=0.009672 | w_AVO=1.000 | w_P3=2.707 | lambda_MMD=0.300
2025-09-29 13:11:29 - Epoch Summary: TrainLoss=0.7777 | TrainAcc=0.733 | Val(P3)=0.583 | Val(AVO)=0.589
2025-09-29 13:11:29 - No P3-val improvement; patience remaining: 15/50
2025-09-29 13:11:29 - Epoch 60/500 | LR=0.009660 | w_AVO=1.000 | w_P3=2.707 | lambda_MMD=0.300
2025-09-29 13:11:30 - Epoch Summary: TrainLoss=0.7578 | TrainAcc=0.758 | Val(P3)=0.556 | Val(AVO)=0.605
2025-09-29 13:11:30 - No P3-val improvement; patience remaining: 14/50
2025-09-29 13:11:30 - Epoch 61/500 | LR=0.009649 | w_AVO=1.000 | w_P3=2.707 | lambda_MMD=0.300
2025-09-29 13:11:30 - Epoch Summary: TrainLoss=0.7736 | TrainAcc=0.756 | Val(P3)=0.583 | Val(AVO)=0.621
2025-09-29 13:11:30 - No P3-val improvement; patience remaining: 13/50
2025-09-29 13:11:30 - Epoch 62/500 | LR=0.009637 | w_AVO=1.000 | w_P3=2.707 | lambda_MMD=0.300
2025-09-29 13:11:30 - Epoch Summary: TrainLoss=0.7739 | TrainAcc=0.744 | Val(P3)=0.556 | Val(AVO)=0.576
2025-09-29 13:11:30 - No P3-val improvement; patience remaining: 12/50
2025-09-29 13:11:30 - Epoch 63/500 | LR=0.009625 | w_AVO=1.000 | w_P3=2.707 | lambda_MMD=0.300
2025-09-29 13:11:30 - Epoch Summary: TrainLoss=0.8079 | TrainAcc=0.745 | Val(P3)=0.528 | Val(AVO)=0.647
2025-09-29 13:11:30 - No P3-val improvement; patience remaining: 11/50
2025-09-29 13:11:30 - P3 val decreasing 3x. Reducing w_small to 2.166, lambda_MMD to 0.150
2025-09-29 13:11:30 - Epoch 64/500 | LR=0.009613 | w_AVO=1.000 | w_P3=2.166 | lambda_MMD=0.150
2025-09-29 13:11:30 - Epoch Summary: TrainLoss=0.7147 | TrainAcc=0.755 | Val(P3)=0.556 | Val(AVO)=0.663
2025-09-29 13:11:30 - No P3-val improvement; patience remaining: 10/50
2025-09-29 13:11:30 - Epoch 65/500 | LR=0.009601 | w_AVO=1.000 | w_P3=2.707 | lambda_MMD=0.300
2025-09-29 13:11:30 - Epoch Summary: TrainLoss=0.6970 | TrainAcc=0.770 | Val(P3)=0.500 | Val(AVO)=0.667
2025-09-29 13:11:30 - No P3-val improvement; patience remaining: 9/50
2025-09-29 13:11:30 - Epoch 66/500 | LR=0.009589 | w_AVO=1.000 | w_P3=2.707 | lambda_MMD=0.300
2025-09-29 13:11:31 - Epoch Summary: TrainLoss=0.7348 | TrainAcc=0.750 | Val(P3)=0.528 | Val(AVO)=0.673
2025-09-29 13:11:31 - No P3-val improvement; patience remaining: 8/50
2025-09-29 13:11:31 - Epoch 67/500 | LR=0.009576 | w_AVO=1.000 | w_P3=2.707 | lambda_MMD=0.300
2025-09-29 13:11:31 - Epoch Summary: TrainLoss=0.7148 | TrainAcc=0.752 | Val(P3)=0.528 | Val(AVO)=0.660
2025-09-29 13:11:31 - No P3-val improvement; patience remaining: 7/50
2025-09-29 13:11:31 - Epoch 68/500 | LR=0.009563 | w_AVO=1.000 | w_P3=2.707 | lambda_MMD=0.300
2025-09-29 13:11:31 - Epoch Summary: TrainLoss=0.7440 | TrainAcc=0.756 | Val(P3)=0.611 | Val(AVO)=0.663
2025-09-29 13:11:31 - No P3-val improvement; patience remaining: 6/50
2025-09-29 13:11:31 - Epoch 69/500 | LR=0.009551 | w_AVO=1.000 | w_P3=2.707 | lambda_MMD=0.300
2025-09-29 13:11:31 - Epoch Summary: TrainLoss=0.7436 | TrainAcc=0.766 | Val(P3)=0.583 | Val(AVO)=0.702
2025-09-29 13:11:31 - No P3-val improvement; patience remaining: 5/50
2025-09-29 13:11:31 - Epoch 70/500 | LR=0.009537 | w_AVO=1.000 | w_P3=2.707 | lambda_MMD=0.300
2025-09-29 13:11:31 - Epoch Summary: TrainLoss=0.7292 | TrainAcc=0.756 | Val(P3)=0.500 | Val(AVO)=0.644
2025-09-29 13:11:31 - No P3-val improvement; patience remaining: 4/50
2025-09-29 13:11:31 - P3 val decreasing 3x. Reducing w_small to 2.166, lambda_MMD to 0.150
2025-09-29 13:11:31 - Epoch 71/500 | LR=0.009524 | w_AVO=1.000 | w_P3=2.166 | lambda_MMD=0.150
2025-09-29 13:11:31 - Epoch Summary: TrainLoss=0.6305 | TrainAcc=0.770 | Val(P3)=0.583 | Val(AVO)=0.663
2025-09-29 13:11:31 - No P3-val improvement; patience remaining: 3/50
2025-09-29 13:11:31 - Epoch 72/500 | LR=0.009511 | w_AVO=1.000 | w_P3=2.707 | lambda_MMD=0.300
2025-09-29 13:11:32 - Epoch Summary: TrainLoss=0.6878 | TrainAcc=0.779 | Val(P3)=0.556 | Val(AVO)=0.586
2025-09-29 13:11:32 - No P3-val improvement; patience remaining: 2/50
2025-09-29 13:11:32 - Epoch 73/500 | LR=0.009497 | w_AVO=1.000 | w_P3=2.707 | lambda_MMD=0.300
2025-09-29 13:11:32 - Epoch Summary: TrainLoss=0.6707 | TrainAcc=0.765 | Val(P3)=0.500 | Val(AVO)=0.589
2025-09-29 13:11:32 - No P3-val improvement; patience remaining: 1/50
2025-09-29 13:11:32 - P3 val decreasing 3x. Reducing w_small to 2.166, lambda_MMD to 0.150
2025-09-29 13:11:32 - Epoch 74/500 | LR=0.009483 | w_AVO=1.000 | w_P3=2.166 | lambda_MMD=0.150
2025-09-29 13:11:32 - Epoch Summary: TrainLoss=0.5993 | TrainAcc=0.772 | Val(P3)=0.556 | Val(AVO)=0.673
2025-09-29 13:11:32 - No P3-val improvement; patience remaining: 0/50
2025-09-29 13:11:32 - Early stopping triggered (P3-val)
2025-09-29 13:11:32 -     P3 Test | Acc=0.6216 P=0.7241 R=0.5122 F1=0.6000 AUC=0.7007 (n=74)
2025-09-29 13:11:32 -     AVO Test | Acc=0.6071 P=0.5981 R=0.6217 F1=0.6097 AUC=0.6467 (n=616)
2025-09-29 13:11:32 -     Overall Test Acc=0.6087
2025-09-29 13:11:32 -   Fold 3/5
2025-09-29 13:11:32 - Fold domains: small=P3 (n=278), large=AVO (n=2137)
2025-09-29 13:11:32 - Auto adjustments (symmetric): w_small≈1.000, lambda_MMD_target=0.300, warmup_epochs=5
2025-09-29 13:11:32 - Epoch 1/500 | LR=0.010000 | w_AVO=1.000 | w_P3=1.355 | lambda_MMD=0.060
2025-09-29 13:11:32 - Epoch Summary: TrainLoss=1.6719 | TrainAcc=0.541 | Val(P3)=0.706 | Val(AVO)=0.637
2025-09-29 13:11:32 - New best P3-val; checkpoint updated
2025-09-29 13:11:32 - Epoch 2/500 | LR=0.010000 | w_AVO=1.000 | w_P3=1.709 | lambda_MMD=0.120
2025-09-29 13:11:32 - Epoch Summary: TrainLoss=1.7468 | TrainAcc=0.606 | Val(P3)=0.647 | Val(AVO)=0.588
2025-09-29 13:11:32 - No P3-val improvement; patience remaining: 49/50
2025-09-29 13:11:32 - Epoch 3/500 | LR=0.010000 | w_AVO=1.000 | w_P3=2.064 | lambda_MMD=0.180
2025-09-29 13:11:33 - Epoch Summary: TrainLoss=1.9403 | TrainAcc=0.604 | Val(P3)=0.706 | Val(AVO)=0.585
2025-09-29 13:11:33 - No P3-val improvement; patience remaining: 48/50
2025-09-29 13:11:33 - AVO val decreasing 3x. Reducing lambda_MMD to 0.168
2025-09-29 13:11:33 - Epoch 4/500 | LR=0.009999 | w_AVO=1.000 | w_P3=2.418 | lambda_MMD=0.168
2025-09-29 13:11:33 - Epoch Summary: TrainLoss=2.1066 | TrainAcc=0.604 | Val(P3)=0.618 | Val(AVO)=0.582
2025-09-29 13:11:33 - No P3-val improvement; patience remaining: 47/50
2025-09-29 13:11:33 - AVO val decreasing 3x. Reducing lambda_MMD to 0.210
2025-09-29 13:11:33 - Epoch 5/500 | LR=0.009998 | w_AVO=1.000 | w_P3=2.773 | lambda_MMD=0.210
2025-09-29 13:11:33 - Epoch Summary: TrainLoss=2.3338 | TrainAcc=0.600 | Val(P3)=0.647 | Val(AVO)=0.598
2025-09-29 13:11:33 - No P3-val improvement; patience remaining: 46/50
2025-09-29 13:11:33 - Epoch 6/500 | LR=0.009998 | w_AVO=1.000 | w_P3=2.773 | lambda_MMD=0.300
2025-09-29 13:11:33 - Epoch Summary: TrainLoss=2.2979 | TrainAcc=0.615 | Val(P3)=0.618 | Val(AVO)=0.611
2025-09-29 13:11:33 - No P3-val improvement; patience remaining: 45/50
2025-09-29 13:11:33 - Epoch 7/500 | LR=0.009996 | w_AVO=1.000 | w_P3=2.773 | lambda_MMD=0.300
2025-09-29 13:11:33 - Epoch Summary: TrainLoss=2.2625 | TrainAcc=0.620 | Val(P3)=0.647 | Val(AVO)=0.624
2025-09-29 13:11:33 - No P3-val improvement; patience remaining: 44/50
2025-09-29 13:11:33 - Epoch 8/500 | LR=0.009995 | w_AVO=1.000 | w_P3=2.773 | lambda_MMD=0.300
2025-09-29 13:11:33 - Epoch Summary: TrainLoss=2.2443 | TrainAcc=0.628 | Val(P3)=0.618 | Val(AVO)=0.617
2025-09-29 13:11:33 - No P3-val improvement; patience remaining: 43/50
2025-09-29 13:11:33 - Epoch 9/500 | LR=0.009994 | w_AVO=1.000 | w_P3=2.773 | lambda_MMD=0.300
2025-09-29 13:11:34 - Epoch Summary: TrainLoss=2.2047 | TrainAcc=0.624 | Val(P3)=0.588 | Val(AVO)=0.614
2025-09-29 13:11:34 - No P3-val improvement; patience remaining: 42/50
2025-09-29 13:11:34 - P3 val decreasing 3x. Reducing w_small to 2.218, lambda_MMD to 0.150
2025-09-29 13:11:34 - AVO val decreasing 3x. Reducing lambda_MMD to 0.105
2025-09-29 13:11:34 - Epoch 10/500 | LR=0.009992 | w_AVO=1.000 | w_P3=2.218 | lambda_MMD=0.105
2025-09-29 13:11:34 - Epoch Summary: TrainLoss=1.8358 | TrainAcc=0.630 | Val(P3)=0.588 | Val(AVO)=0.646
2025-09-29 13:11:34 - No P3-val improvement; patience remaining: 41/50
2025-09-29 13:11:34 - Epoch 11/500 | LR=0.009990 | w_AVO=1.000 | w_P3=2.773 | lambda_MMD=0.300
2025-09-29 13:11:34 - Epoch Summary: TrainLoss=2.0763 | TrainAcc=0.633 | Val(P3)=0.618 | Val(AVO)=0.621
2025-09-29 13:11:34 - No P3-val improvement; patience remaining: 40/50
2025-09-29 13:11:34 - Epoch 12/500 | LR=0.009988 | w_AVO=1.000 | w_P3=2.773 | lambda_MMD=0.300
2025-09-29 13:11:34 - Epoch Summary: TrainLoss=2.0207 | TrainAcc=0.636 | Val(P3)=0.618 | Val(AVO)=0.592
2025-09-29 13:11:34 - No P3-val improvement; patience remaining: 39/50
2025-09-29 13:11:34 - AVO val decreasing 3x. Reducing lambda_MMD to 0.210
2025-09-29 13:11:34 - Epoch 13/500 | LR=0.009986 | w_AVO=1.000 | w_P3=2.773 | lambda_MMD=0.210
2025-09-29 13:11:34 - Epoch Summary: TrainLoss=2.0023 | TrainAcc=0.626 | Val(P3)=0.588 | Val(AVO)=0.630
2025-09-29 13:11:34 - No P3-val improvement; patience remaining: 38/50
2025-09-29 13:11:34 - Epoch 14/500 | LR=0.009983 | w_AVO=1.000 | w_P3=2.773 | lambda_MMD=0.300
2025-09-29 13:11:34 - Epoch Summary: TrainLoss=1.9368 | TrainAcc=0.634 | Val(P3)=0.588 | Val(AVO)=0.630
2025-09-29 13:11:34 - No P3-val improvement; patience remaining: 37/50
2025-09-29 13:11:34 - Epoch 15/500 | LR=0.009981 | w_AVO=1.000 | w_P3=2.773 | lambda_MMD=0.300
2025-09-29 13:11:35 - Epoch Summary: TrainLoss=1.8886 | TrainAcc=0.638 | Val(P3)=0.559 | Val(AVO)=0.637
2025-09-29 13:11:35 - No P3-val improvement; patience remaining: 36/50
2025-09-29 13:11:35 - Epoch 16/500 | LR=0.009978 | w_AVO=1.000 | w_P3=2.773 | lambda_MMD=0.300
2025-09-29 13:11:35 - Epoch Summary: TrainLoss=1.8509 | TrainAcc=0.636 | Val(P3)=0.500 | Val(AVO)=0.608
2025-09-29 13:11:35 - No P3-val improvement; patience remaining: 35/50
2025-09-29 13:11:35 - P3 val decreasing 3x. Reducing w_small to 2.218, lambda_MMD to 0.150
2025-09-29 13:11:35 - Epoch 17/500 | LR=0.009975 | w_AVO=1.000 | w_P3=2.218 | lambda_MMD=0.150
2025-09-29 13:11:35 - Epoch Summary: TrainLoss=1.5627 | TrainAcc=0.640 | Val(P3)=0.500 | Val(AVO)=0.637
2025-09-29 13:11:35 - No P3-val improvement; patience remaining: 34/50
2025-09-29 13:11:35 - Epoch 18/500 | LR=0.009972 | w_AVO=1.000 | w_P3=2.773 | lambda_MMD=0.300
2025-09-29 13:11:35 - Epoch Summary: TrainLoss=1.7142 | TrainAcc=0.649 | Val(P3)=0.500 | Val(AVO)=0.621
2025-09-29 13:11:35 - No P3-val improvement; patience remaining: 33/50
2025-09-29 13:11:35 - Epoch 19/500 | LR=0.009968 | w_AVO=1.000 | w_P3=2.773 | lambda_MMD=0.300
2025-09-29 13:11:35 - Epoch Summary: TrainLoss=1.7652 | TrainAcc=0.642 | Val(P3)=0.559 | Val(AVO)=0.637
2025-09-29 13:11:35 - No P3-val improvement; patience remaining: 32/50
2025-09-29 13:11:35 - Epoch 20/500 | LR=0.009964 | w_AVO=1.000 | w_P3=2.773 | lambda_MMD=0.300
2025-09-29 13:11:36 - Epoch Summary: TrainLoss=1.6871 | TrainAcc=0.634 | Val(P3)=0.500 | Val(AVO)=0.633
2025-09-29 13:11:36 - No P3-val improvement; patience remaining: 31/50
2025-09-29 13:11:36 - Epoch 21/500 | LR=0.009961 | w_AVO=1.000 | w_P3=2.773 | lambda_MMD=0.300
2025-09-29 13:11:36 - Epoch Summary: TrainLoss=1.6107 | TrainAcc=0.646 | Val(P3)=0.588 | Val(AVO)=0.656
2025-09-29 13:11:36 - No P3-val improvement; patience remaining: 30/50
2025-09-29 13:11:36 - Epoch 22/500 | LR=0.009957 | w_AVO=1.000 | w_P3=2.773 | lambda_MMD=0.300
2025-09-29 13:11:36 - Epoch Summary: TrainLoss=1.6882 | TrainAcc=0.639 | Val(P3)=0.618 | Val(AVO)=0.640
2025-09-29 13:11:36 - No P3-val improvement; patience remaining: 29/50
2025-09-29 13:11:36 - Epoch 23/500 | LR=0.009952 | w_AVO=1.000 | w_P3=2.773 | lambda_MMD=0.300
2025-09-29 13:11:36 - Epoch Summary: TrainLoss=1.6009 | TrainAcc=0.634 | Val(P3)=0.618 | Val(AVO)=0.608
2025-09-29 13:11:36 - No P3-val improvement; patience remaining: 28/50
2025-09-29 13:11:36 - AVO val decreasing 3x. Reducing lambda_MMD to 0.210
2025-09-29 13:11:36 - Epoch 24/500 | LR=0.009948 | w_AVO=1.000 | w_P3=2.773 | lambda_MMD=0.210
2025-09-29 13:11:36 - Epoch Summary: TrainLoss=1.6180 | TrainAcc=0.627 | Val(P3)=0.559 | Val(AVO)=0.608
2025-09-29 13:11:36 - No P3-val improvement; patience remaining: 27/50
2025-09-29 13:11:36 - Epoch 25/500 | LR=0.009943 | w_AVO=1.000 | w_P3=2.773 | lambda_MMD=0.300
2025-09-29 13:11:36 - Epoch Summary: TrainLoss=1.5296 | TrainAcc=0.636 | Val(P3)=0.529 | Val(AVO)=0.640
2025-09-29 13:11:36 - No P3-val improvement; patience remaining: 26/50
2025-09-29 13:11:36 - P3 val decreasing 3x. Reducing w_small to 2.218, lambda_MMD to 0.150
2025-09-29 13:11:36 - Epoch 26/500 | LR=0.009938 | w_AVO=1.000 | w_P3=2.218 | lambda_MMD=0.150
2025-09-29 13:11:37 - Epoch Summary: TrainLoss=1.3575 | TrainAcc=0.650 | Val(P3)=0.588 | Val(AVO)=0.582
2025-09-29 13:11:37 - No P3-val improvement; patience remaining: 25/50
2025-09-29 13:11:37 - Epoch 27/500 | LR=0.009933 | w_AVO=1.000 | w_P3=2.773 | lambda_MMD=0.300
2025-09-29 13:11:37 - Epoch Summary: TrainLoss=1.5498 | TrainAcc=0.644 | Val(P3)=0.529 | Val(AVO)=0.650
2025-09-29 13:11:37 - No P3-val improvement; patience remaining: 24/50
2025-09-29 13:11:37 - Epoch 28/500 | LR=0.009928 | w_AVO=1.000 | w_P3=2.773 | lambda_MMD=0.300
2025-09-29 13:11:37 - Epoch Summary: TrainLoss=1.4464 | TrainAcc=0.656 | Val(P3)=0.529 | Val(AVO)=0.598
2025-09-29 13:11:37 - No P3-val improvement; patience remaining: 23/50
2025-09-29 13:11:37 - Epoch 29/500 | LR=0.009923 | w_AVO=1.000 | w_P3=2.773 | lambda_MMD=0.300
2025-09-29 13:11:37 - Epoch Summary: TrainLoss=1.3893 | TrainAcc=0.655 | Val(P3)=0.529 | Val(AVO)=0.627
2025-09-29 13:11:37 - No P3-val improvement; patience remaining: 22/50
2025-09-29 13:11:37 - Epoch 30/500 | LR=0.009917 | w_AVO=1.000 | w_P3=2.773 | lambda_MMD=0.300
2025-09-29 13:11:37 - Epoch Summary: TrainLoss=1.3517 | TrainAcc=0.665 | Val(P3)=0.588 | Val(AVO)=0.653
2025-09-29 13:11:37 - No P3-val improvement; patience remaining: 21/50
2025-09-29 13:11:37 - Epoch 31/500 | LR=0.009911 | w_AVO=1.000 | w_P3=2.773 | lambda_MMD=0.300
2025-09-29 13:11:37 - Epoch Summary: TrainLoss=1.3465 | TrainAcc=0.663 | Val(P3)=0.559 | Val(AVO)=0.585
2025-09-29 13:11:37 - No P3-val improvement; patience remaining: 20/50
2025-09-29 13:11:37 - Epoch 32/500 | LR=0.009905 | w_AVO=1.000 | w_P3=2.773 | lambda_MMD=0.300
2025-09-29 13:11:38 - Epoch Summary: TrainLoss=1.3538 | TrainAcc=0.649 | Val(P3)=0.618 | Val(AVO)=0.637
2025-09-29 13:11:38 - No P3-val improvement; patience remaining: 19/50
2025-09-29 13:11:38 - Epoch 33/500 | LR=0.009899 | w_AVO=1.000 | w_P3=2.773 | lambda_MMD=0.300
2025-09-29 13:11:38 - Epoch Summary: TrainLoss=1.3252 | TrainAcc=0.669 | Val(P3)=0.529 | Val(AVO)=0.662
2025-09-29 13:11:38 - No P3-val improvement; patience remaining: 18/50
2025-09-29 13:11:38 - Epoch 34/500 | LR=0.009893 | w_AVO=1.000 | w_P3=2.773 | lambda_MMD=0.300
2025-09-29 13:11:38 - Epoch Summary: TrainLoss=1.3640 | TrainAcc=0.657 | Val(P3)=0.618 | Val(AVO)=0.621
2025-09-29 13:11:38 - No P3-val improvement; patience remaining: 17/50
2025-09-29 13:11:38 - Epoch 35/500 | LR=0.009886 | w_AVO=1.000 | w_P3=2.773 | lambda_MMD=0.300
2025-09-29 13:11:38 - Epoch Summary: TrainLoss=1.2623 | TrainAcc=0.647 | Val(P3)=0.559 | Val(AVO)=0.656
2025-09-29 13:11:38 - No P3-val improvement; patience remaining: 16/50
2025-09-29 13:11:38 - Epoch 36/500 | LR=0.009880 | w_AVO=1.000 | w_P3=2.773 | lambda_MMD=0.300
2025-09-29 13:11:38 - Epoch Summary: TrainLoss=1.2262 | TrainAcc=0.667 | Val(P3)=0.529 | Val(AVO)=0.656
2025-09-29 13:11:38 - No P3-val improvement; patience remaining: 15/50
2025-09-29 13:11:38 - P3 val decreasing 3x. Reducing w_small to 2.218, lambda_MMD to 0.150
2025-09-29 13:11:38 - Epoch 37/500 | LR=0.009873 | w_AVO=1.000 | w_P3=2.218 | lambda_MMD=0.150
2025-09-29 13:11:38 - Epoch Summary: TrainLoss=1.0614 | TrainAcc=0.683 | Val(P3)=0.529 | Val(AVO)=0.627
2025-09-29 13:11:38 - No P3-val improvement; patience remaining: 14/50
2025-09-29 13:11:38 - Epoch 38/500 | LR=0.009865 | w_AVO=1.000 | w_P3=2.773 | lambda_MMD=0.300
2025-09-29 13:11:39 - Epoch Summary: TrainLoss=1.1669 | TrainAcc=0.670 | Val(P3)=0.559 | Val(AVO)=0.605
2025-09-29 13:11:39 - No P3-val improvement; patience remaining: 13/50
2025-09-29 13:11:39 - AVO val decreasing 3x. Reducing lambda_MMD to 0.210
2025-09-29 13:11:39 - Epoch 39/500 | LR=0.009858 | w_AVO=1.000 | w_P3=2.773 | lambda_MMD=0.210
2025-09-29 13:11:39 - Epoch Summary: TrainLoss=1.1649 | TrainAcc=0.667 | Val(P3)=0.559 | Val(AVO)=0.650
2025-09-29 13:11:39 - No P3-val improvement; patience remaining: 12/50
2025-09-29 13:11:39 - Epoch 40/500 | LR=0.009851 | w_AVO=1.000 | w_P3=2.773 | lambda_MMD=0.300
2025-09-29 13:11:39 - Epoch Summary: TrainLoss=1.1616 | TrainAcc=0.662 | Val(P3)=0.559 | Val(AVO)=0.669
2025-09-29 13:11:39 - No P3-val improvement; patience remaining: 11/50
2025-09-29 13:11:39 - Epoch 41/500 | LR=0.009843 | w_AVO=1.000 | w_P3=2.773 | lambda_MMD=0.300
2025-09-29 13:11:39 - Epoch Summary: TrainLoss=1.0991 | TrainAcc=0.689 | Val(P3)=0.588 | Val(AVO)=0.653
2025-09-29 13:11:39 - No P3-val improvement; patience remaining: 10/50
2025-09-29 13:11:39 - Epoch 42/500 | LR=0.009835 | w_AVO=1.000 | w_P3=2.773 | lambda_MMD=0.300
2025-09-29 13:11:39 - Epoch Summary: TrainLoss=1.0830 | TrainAcc=0.682 | Val(P3)=0.618 | Val(AVO)=0.666
2025-09-29 13:11:39 - No P3-val improvement; patience remaining: 9/50
2025-09-29 13:11:39 - Epoch 43/500 | LR=0.009827 | w_AVO=1.000 | w_P3=2.773 | lambda_MMD=0.300
2025-09-29 13:11:40 - Epoch Summary: TrainLoss=1.0534 | TrainAcc=0.704 | Val(P3)=0.588 | Val(AVO)=0.669
2025-09-29 13:11:40 - No P3-val improvement; patience remaining: 8/50
2025-09-29 13:11:40 - Epoch 44/500 | LR=0.009819 | w_AVO=1.000 | w_P3=2.773 | lambda_MMD=0.300
2025-09-29 13:11:40 - Epoch Summary: TrainLoss=1.0185 | TrainAcc=0.699 | Val(P3)=0.618 | Val(AVO)=0.653
2025-09-29 13:11:40 - No P3-val improvement; patience remaining: 7/50
2025-09-29 13:11:40 - Epoch 45/500 | LR=0.009810 | w_AVO=1.000 | w_P3=2.773 | lambda_MMD=0.300
2025-09-29 13:11:40 - Epoch Summary: TrainLoss=1.0291 | TrainAcc=0.691 | Val(P3)=0.618 | Val(AVO)=0.695
2025-09-29 13:11:40 - No P3-val improvement; patience remaining: 6/50
2025-09-29 13:11:40 - Epoch 46/500 | LR=0.009801 | w_AVO=1.000 | w_P3=2.773 | lambda_MMD=0.300
2025-09-29 13:11:40 - Epoch Summary: TrainLoss=1.0043 | TrainAcc=0.712 | Val(P3)=0.559 | Val(AVO)=0.595
2025-09-29 13:11:40 - No P3-val improvement; patience remaining: 5/50
2025-09-29 13:11:40 - Epoch 47/500 | LR=0.009793 | w_AVO=1.000 | w_P3=2.773 | lambda_MMD=0.300
2025-09-29 13:11:40 - Epoch Summary: TrainLoss=1.0259 | TrainAcc=0.695 | Val(P3)=0.647 | Val(AVO)=0.598
2025-09-29 13:11:40 - No P3-val improvement; patience remaining: 4/50
2025-09-29 13:11:40 - Epoch 48/500 | LR=0.009784 | w_AVO=1.000 | w_P3=2.773 | lambda_MMD=0.300
2025-09-29 13:11:40 - Epoch Summary: TrainLoss=0.9852 | TrainAcc=0.688 | Val(P3)=0.647 | Val(AVO)=0.662
2025-09-29 13:11:40 - No P3-val improvement; patience remaining: 3/50
2025-09-29 13:11:40 - Epoch 49/500 | LR=0.009774 | w_AVO=1.000 | w_P3=2.773 | lambda_MMD=0.300
2025-09-29 13:11:41 - Epoch Summary: TrainLoss=1.0063 | TrainAcc=0.687 | Val(P3)=0.559 | Val(AVO)=0.608
2025-09-29 13:11:41 - No P3-val improvement; patience remaining: 2/50
2025-09-29 13:11:41 - Epoch 50/500 | LR=0.009765 | w_AVO=1.000 | w_P3=2.773 | lambda_MMD=0.300
2025-09-29 13:11:41 - Epoch Summary: TrainLoss=0.9459 | TrainAcc=0.707 | Val(P3)=0.588 | Val(AVO)=0.669
2025-09-29 13:11:41 - No P3-val improvement; patience remaining: 1/50
2025-09-29 13:11:41 - Epoch 51/500 | LR=0.009755 | w_AVO=1.000 | w_P3=2.773 | lambda_MMD=0.300
2025-09-29 13:11:41 - Epoch Summary: TrainLoss=0.9303 | TrainAcc=0.710 | Val(P3)=0.588 | Val(AVO)=0.659
2025-09-29 13:11:41 - No P3-val improvement; patience remaining: 0/50
2025-09-29 13:11:41 - Early stopping triggered (P3-val)
2025-09-29 13:11:41 -     P3 Test | Acc=0.4886 P=0.5000 R=0.3333 F1=0.4000 AUC=0.4951 (n=88)
2025-09-29 13:11:41 -     AVO Test | Acc=0.6595 P=0.6766 R=0.6067 F1=0.6397 AUC=0.7308 (n=602)
2025-09-29 13:11:41 -     Overall Test Acc=0.6377
2025-09-29 13:11:41 -   Fold 4/5
2025-09-29 13:11:41 - Fold domains: small=P3 (n=286), large=AVO (n=2129)
2025-09-29 13:11:41 - Auto adjustments (symmetric): w_small≈1.000, lambda_MMD_target=0.300, warmup_epochs=5
2025-09-29 13:11:41 - Epoch 1/500 | LR=0.010000 | w_AVO=1.000 | w_P3=1.346 | lambda_MMD=0.060
2025-09-29 13:11:41 - Epoch Summary: TrainLoss=1.5992 | TrainAcc=0.573 | Val(P3)=0.686 | Val(AVO)=0.539
2025-09-29 13:11:41 - New best P3-val; checkpoint updated
2025-09-29 13:11:41 - Epoch 2/500 | LR=0.010000 | w_AVO=1.000 | w_P3=1.691 | lambda_MMD=0.120
2025-09-29 13:11:41 - Epoch Summary: TrainLoss=1.7545 | TrainAcc=0.587 | Val(P3)=0.571 | Val(AVO)=0.639
2025-09-29 13:11:41 - No P3-val improvement; patience remaining: 49/50
2025-09-29 13:11:41 - Epoch 3/500 | LR=0.010000 | w_AVO=1.000 | w_P3=2.037 | lambda_MMD=0.180
2025-09-29 13:11:41 - Epoch Summary: TrainLoss=1.9393 | TrainAcc=0.603 | Val(P3)=0.514 | Val(AVO)=0.619
2025-09-29 13:11:41 - No P3-val improvement; patience remaining: 48/50
2025-09-29 13:11:41 - P3 val decreasing 3x. Reducing w_small to 1.906, lambda_MMD to 0.120
2025-09-29 13:11:41 - Epoch 4/500 | LR=0.009999 | w_AVO=1.000 | w_P3=1.906 | lambda_MMD=0.120
2025-09-29 13:11:42 - Epoch Summary: TrainLoss=1.8233 | TrainAcc=0.621 | Val(P3)=0.600 | Val(AVO)=0.600
2025-09-29 13:11:42 - No P3-val improvement; patience remaining: 47/50
2025-09-29 13:11:42 - AVO val decreasing 3x. Reducing lambda_MMD to 0.210
2025-09-29 13:11:42 - Epoch 5/500 | LR=0.009998 | w_AVO=1.000 | w_P3=2.728 | lambda_MMD=0.210
2025-09-29 13:11:42 - Epoch Summary: TrainLoss=2.2610 | TrainAcc=0.616 | Val(P3)=0.543 | Val(AVO)=0.616
2025-09-29 13:11:42 - No P3-val improvement; patience remaining: 46/50
2025-09-29 13:11:42 - Epoch 6/500 | LR=0.009998 | w_AVO=1.000 | w_P3=2.728 | lambda_MMD=0.300
2025-09-29 13:11:42 - Epoch Summary: TrainLoss=2.2792 | TrainAcc=0.622 | Val(P3)=0.514 | Val(AVO)=0.626
2025-09-29 13:11:42 - No P3-val improvement; patience remaining: 45/50
2025-09-29 13:11:42 - P3 val decreasing 3x. Reducing w_small to 2.183, lambda_MMD to 0.150
2025-09-29 13:11:42 - Epoch 7/500 | LR=0.009996 | w_AVO=1.000 | w_P3=2.183 | lambda_MMD=0.150
2025-09-29 13:11:42 - Epoch Summary: TrainLoss=1.8956 | TrainAcc=0.634 | Val(P3)=0.457 | Val(AVO)=0.639
2025-09-29 13:11:42 - No P3-val improvement; patience remaining: 44/50
2025-09-29 13:11:42 - P3 val decreasing 3x. Reducing w_small to 2.183, lambda_MMD to 0.150
2025-09-29 13:11:42 - Epoch 8/500 | LR=0.009995 | w_AVO=1.000 | w_P3=2.183 | lambda_MMD=0.150
2025-09-29 13:11:42 - Epoch Summary: TrainLoss=1.8607 | TrainAcc=0.636 | Val(P3)=0.600 | Val(AVO)=0.613
2025-09-29 13:11:42 - No P3-val improvement; patience remaining: 43/50
2025-09-29 13:11:42 - Epoch 9/500 | LR=0.009994 | w_AVO=1.000 | w_P3=2.728 | lambda_MMD=0.300
2025-09-29 13:11:43 - Epoch Summary: TrainLoss=2.1280 | TrainAcc=0.630 | Val(P3)=0.571 | Val(AVO)=0.652
2025-09-29 13:11:43 - No P3-val improvement; patience remaining: 42/50
2025-09-29 13:11:43 - Epoch 10/500 | LR=0.009992 | w_AVO=1.000 | w_P3=2.728 | lambda_MMD=0.300
2025-09-29 13:11:43 - Epoch Summary: TrainLoss=2.1057 | TrainAcc=0.626 | Val(P3)=0.514 | Val(AVO)=0.616
2025-09-29 13:11:43 - No P3-val improvement; patience remaining: 41/50
2025-09-29 13:11:43 - P3 val decreasing 3x. Reducing w_small to 2.183, lambda_MMD to 0.150
2025-09-29 13:11:43 - Epoch 11/500 | LR=0.009990 | w_AVO=1.000 | w_P3=2.183 | lambda_MMD=0.150
2025-09-29 13:11:43 - Epoch Summary: TrainLoss=1.7640 | TrainAcc=0.620 | Val(P3)=0.629 | Val(AVO)=0.632
2025-09-29 13:11:43 - No P3-val improvement; patience remaining: 40/50
2025-09-29 13:11:43 - Epoch 12/500 | LR=0.009988 | w_AVO=1.000 | w_P3=2.728 | lambda_MMD=0.300
2025-09-29 13:11:43 - Epoch Summary: TrainLoss=2.0143 | TrainAcc=0.617 | Val(P3)=0.600 | Val(AVO)=0.626
2025-09-29 13:11:43 - No P3-val improvement; patience remaining: 39/50
2025-09-29 13:11:43 - Epoch 13/500 | LR=0.009986 | w_AVO=1.000 | w_P3=2.728 | lambda_MMD=0.300
2025-09-29 13:11:43 - Epoch Summary: TrainLoss=1.9595 | TrainAcc=0.624 | Val(P3)=0.571 | Val(AVO)=0.671
2025-09-29 13:11:43 - No P3-val improvement; patience remaining: 38/50
2025-09-29 13:11:43 - P3 val decreasing 3x. Reducing w_small to 2.183, lambda_MMD to 0.150
2025-09-29 13:11:43 - Epoch 14/500 | LR=0.009983 | w_AVO=1.000 | w_P3=2.183 | lambda_MMD=0.150
2025-09-29 13:11:43 - Epoch Summary: TrainLoss=1.6364 | TrainAcc=0.639 | Val(P3)=0.629 | Val(AVO)=0.652
2025-09-29 13:11:43 - No P3-val improvement; patience remaining: 37/50
2025-09-29 13:11:43 - Epoch 15/500 | LR=0.009981 | w_AVO=1.000 | w_P3=2.728 | lambda_MMD=0.300
2025-09-29 13:11:44 - Epoch Summary: TrainLoss=1.8179 | TrainAcc=0.644 | Val(P3)=0.600 | Val(AVO)=0.619
2025-09-29 13:11:44 - No P3-val improvement; patience remaining: 36/50
2025-09-29 13:11:44 - AVO val decreasing 3x. Reducing lambda_MMD to 0.210
2025-09-29 13:11:44 - Epoch 16/500 | LR=0.009978 | w_AVO=1.000 | w_P3=2.728 | lambda_MMD=0.210
2025-09-29 13:11:44 - Epoch Summary: TrainLoss=1.7751 | TrainAcc=0.647 | Val(P3)=0.571 | Val(AVO)=0.642
2025-09-29 13:11:44 - No P3-val improvement; patience remaining: 35/50
2025-09-29 13:11:44 - P3 val decreasing 3x. Reducing w_small to 2.183, lambda_MMD to 0.150
2025-09-29 13:11:44 - Epoch 17/500 | LR=0.009975 | w_AVO=1.000 | w_P3=2.183 | lambda_MMD=0.150
2025-09-29 13:11:44 - Epoch Summary: TrainLoss=1.5139 | TrainAcc=0.654 | Val(P3)=0.543 | Val(AVO)=0.661
2025-09-29 13:11:44 - No P3-val improvement; patience remaining: 34/50
2025-09-29 13:11:44 - P3 val decreasing 3x. Reducing w_small to 2.183, lambda_MMD to 0.150
2025-09-29 13:11:44 - Epoch 18/500 | LR=0.009972 | w_AVO=1.000 | w_P3=2.183 | lambda_MMD=0.150
2025-09-29 13:11:44 - Epoch Summary: TrainLoss=1.4713 | TrainAcc=0.649 | Val(P3)=0.514 | Val(AVO)=0.629
2025-09-29 13:11:44 - No P3-val improvement; patience remaining: 33/50
2025-09-29 13:11:44 - P3 val decreasing 3x. Reducing w_small to 2.183, lambda_MMD to 0.150
2025-09-29 13:11:44 - Epoch 19/500 | LR=0.009968 | w_AVO=1.000 | w_P3=2.183 | lambda_MMD=0.150
2025-09-29 13:11:44 - Epoch Summary: TrainLoss=1.5028 | TrainAcc=0.638 | Val(P3)=0.600 | Val(AVO)=0.687
2025-09-29 13:11:44 - No P3-val improvement; patience remaining: 32/50
2025-09-29 13:11:44 - Epoch 20/500 | LR=0.009964 | w_AVO=1.000 | w_P3=2.728 | lambda_MMD=0.300
2025-09-29 13:11:44 - Epoch Summary: TrainLoss=1.6060 | TrainAcc=0.661 | Val(P3)=0.571 | Val(AVO)=0.687
2025-09-29 13:11:44 - No P3-val improvement; patience remaining: 31/50
2025-09-29 13:11:44 - Epoch 21/500 | LR=0.009961 | w_AVO=1.000 | w_P3=2.728 | lambda_MMD=0.300
2025-09-29 13:11:45 - Epoch Summary: TrainLoss=1.5407 | TrainAcc=0.666 | Val(P3)=0.571 | Val(AVO)=0.648
2025-09-29 13:11:45 - No P3-val improvement; patience remaining: 30/50
2025-09-29 13:11:45 - Epoch 22/500 | LR=0.009957 | w_AVO=1.000 | w_P3=2.728 | lambda_MMD=0.300
2025-09-29 13:11:45 - Epoch Summary: TrainLoss=1.5662 | TrainAcc=0.658 | Val(P3)=0.686 | Val(AVO)=0.658
2025-09-29 13:11:45 - No P3-val improvement; patience remaining: 29/50
2025-09-29 13:11:45 - Epoch 23/500 | LR=0.009952 | w_AVO=1.000 | w_P3=2.728 | lambda_MMD=0.300
2025-09-29 13:11:45 - Epoch Summary: TrainLoss=1.5049 | TrainAcc=0.670 | Val(P3)=0.571 | Val(AVO)=0.655
2025-09-29 13:11:45 - No P3-val improvement; patience remaining: 28/50
2025-09-29 13:11:45 - Epoch 24/500 | LR=0.009948 | w_AVO=1.000 | w_P3=2.728 | lambda_MMD=0.300
2025-09-29 13:11:45 - Epoch Summary: TrainLoss=1.4939 | TrainAcc=0.656 | Val(P3)=0.600 | Val(AVO)=0.626
2025-09-29 13:11:45 - No P3-val improvement; patience remaining: 27/50
2025-09-29 13:11:45 - AVO val decreasing 3x. Reducing lambda_MMD to 0.210
2025-09-29 13:11:45 - Epoch 25/500 | LR=0.009943 | w_AVO=1.000 | w_P3=2.728 | lambda_MMD=0.210
2025-09-29 13:11:45 - Epoch Summary: TrainLoss=1.4114 | TrainAcc=0.655 | Val(P3)=0.629 | Val(AVO)=0.626
2025-09-29 13:11:45 - No P3-val improvement; patience remaining: 26/50
2025-09-29 13:11:45 - Epoch 26/500 | LR=0.009938 | w_AVO=1.000 | w_P3=2.728 | lambda_MMD=0.300
2025-09-29 13:11:46 - Epoch Summary: TrainLoss=1.3950 | TrainAcc=0.653 | Val(P3)=0.571 | Val(AVO)=0.642
2025-09-29 13:11:46 - No P3-val improvement; patience remaining: 25/50
2025-09-29 13:11:46 - Epoch 27/500 | LR=0.009933 | w_AVO=1.000 | w_P3=2.728 | lambda_MMD=0.300
2025-09-29 13:11:46 - Epoch Summary: TrainLoss=1.3936 | TrainAcc=0.653 | Val(P3)=0.571 | Val(AVO)=0.619
2025-09-29 13:11:46 - No P3-val improvement; patience remaining: 24/50
2025-09-29 13:11:46 - Epoch 28/500 | LR=0.009928 | w_AVO=1.000 | w_P3=2.728 | lambda_MMD=0.300
2025-09-29 13:11:46 - Epoch Summary: TrainLoss=1.3596 | TrainAcc=0.644 | Val(P3)=0.514 | Val(AVO)=0.629
2025-09-29 13:11:46 - No P3-val improvement; patience remaining: 23/50
2025-09-29 13:11:46 - Epoch 29/500 | LR=0.009923 | w_AVO=1.000 | w_P3=2.728 | lambda_MMD=0.300
2025-09-29 13:11:46 - Epoch Summary: TrainLoss=1.3016 | TrainAcc=0.661 | Val(P3)=0.571 | Val(AVO)=0.603
2025-09-29 13:11:46 - No P3-val improvement; patience remaining: 22/50
2025-09-29 13:11:46 - Epoch 30/500 | LR=0.009917 | w_AVO=1.000 | w_P3=2.728 | lambda_MMD=0.300
2025-09-29 13:11:46 - Epoch Summary: TrainLoss=1.2738 | TrainAcc=0.673 | Val(P3)=0.629 | Val(AVO)=0.584
2025-09-29 13:11:46 - No P3-val improvement; patience remaining: 21/50
2025-09-29 13:11:46 - AVO val decreasing 3x. Reducing lambda_MMD to 0.210
2025-09-29 13:11:46 - Epoch 31/500 | LR=0.009911 | w_AVO=1.000 | w_P3=2.728 | lambda_MMD=0.210
2025-09-29 13:11:46 - Epoch Summary: TrainLoss=1.2360 | TrainAcc=0.661 | Val(P3)=0.571 | Val(AVO)=0.626
2025-09-29 13:11:46 - No P3-val improvement; patience remaining: 20/50
2025-09-29 13:11:46 - Epoch 32/500 | LR=0.009905 | w_AVO=1.000 | w_P3=2.728 | lambda_MMD=0.300
2025-09-29 13:11:47 - Epoch Summary: TrainLoss=1.2284 | TrainAcc=0.669 | Val(P3)=0.543 | Val(AVO)=0.594
2025-09-29 13:11:47 - No P3-val improvement; patience remaining: 19/50
2025-09-29 13:11:47 - P3 val decreasing 3x. Reducing w_small to 2.183, lambda_MMD to 0.150
2025-09-29 13:11:47 - Epoch 33/500 | LR=0.009899 | w_AVO=1.000 | w_P3=2.183 | lambda_MMD=0.150
2025-09-29 13:11:47 - Epoch Summary: TrainLoss=1.0687 | TrainAcc=0.668 | Val(P3)=0.543 | Val(AVO)=0.629
2025-09-29 13:11:47 - No P3-val improvement; patience remaining: 18/50
2025-09-29 13:11:47 - Epoch 34/500 | LR=0.009893 | w_AVO=1.000 | w_P3=2.728 | lambda_MMD=0.300
2025-09-29 13:11:47 - Epoch Summary: TrainLoss=1.1680 | TrainAcc=0.669 | Val(P3)=0.543 | Val(AVO)=0.616
2025-09-29 13:11:47 - No P3-val improvement; patience remaining: 17/50
2025-09-29 13:11:47 - Epoch 35/500 | LR=0.009886 | w_AVO=1.000 | w_P3=2.728 | lambda_MMD=0.300
2025-09-29 13:11:47 - Epoch Summary: TrainLoss=1.1338 | TrainAcc=0.684 | Val(P3)=0.543 | Val(AVO)=0.610
2025-09-29 13:11:47 - No P3-val improvement; patience remaining: 16/50
2025-09-29 13:11:47 - AVO val decreasing 3x. Reducing lambda_MMD to 0.210
2025-09-29 13:11:47 - Epoch 36/500 | LR=0.009880 | w_AVO=1.000 | w_P3=2.728 | lambda_MMD=0.210
2025-09-29 13:11:47 - Epoch Summary: TrainLoss=1.1322 | TrainAcc=0.685 | Val(P3)=0.600 | Val(AVO)=0.616
2025-09-29 13:11:47 - No P3-val improvement; patience remaining: 15/50
2025-09-29 13:11:47 - Epoch 37/500 | LR=0.009873 | w_AVO=1.000 | w_P3=2.728 | lambda_MMD=0.300
2025-09-29 13:11:47 - Epoch Summary: TrainLoss=1.1136 | TrainAcc=0.670 | Val(P3)=0.514 | Val(AVO)=0.639
2025-09-29 13:11:47 - No P3-val improvement; patience remaining: 14/50
2025-09-29 13:11:47 - Epoch 38/500 | LR=0.009865 | w_AVO=1.000 | w_P3=2.728 | lambda_MMD=0.300
2025-09-29 13:11:48 - Epoch Summary: TrainLoss=1.0644 | TrainAcc=0.691 | Val(P3)=0.543 | Val(AVO)=0.635
2025-09-29 13:11:48 - No P3-val improvement; patience remaining: 13/50
2025-09-29 13:11:48 - Epoch 39/500 | LR=0.009858 | w_AVO=1.000 | w_P3=2.728 | lambda_MMD=0.300
2025-09-29 13:11:48 - Epoch Summary: TrainLoss=1.0624 | TrainAcc=0.688 | Val(P3)=0.543 | Val(AVO)=0.639
2025-09-29 13:11:48 - No P3-val improvement; patience remaining: 12/50
2025-09-29 13:11:48 - Epoch 40/500 | LR=0.009851 | w_AVO=1.000 | w_P3=2.728 | lambda_MMD=0.300
2025-09-29 13:11:48 - Epoch Summary: TrainLoss=1.1380 | TrainAcc=0.666 | Val(P3)=0.543 | Val(AVO)=0.661
2025-09-29 13:11:48 - No P3-val improvement; patience remaining: 11/50
2025-09-29 13:11:48 - Epoch 41/500 | LR=0.009843 | w_AVO=1.000 | w_P3=2.728 | lambda_MMD=0.300
2025-09-29 13:11:48 - Epoch Summary: TrainLoss=1.0643 | TrainAcc=0.690 | Val(P3)=0.629 | Val(AVO)=0.539
2025-09-29 13:11:48 - No P3-val improvement; patience remaining: 10/50
2025-09-29 13:11:48 - Epoch 42/500 | LR=0.009835 | w_AVO=1.000 | w_P3=2.728 | lambda_MMD=0.300
2025-09-29 13:11:48 - Epoch Summary: TrainLoss=1.0860 | TrainAcc=0.672 | Val(P3)=0.486 | Val(AVO)=0.639
2025-09-29 13:11:48 - No P3-val improvement; patience remaining: 9/50
2025-09-29 13:11:48 - Epoch 43/500 | LR=0.009827 | w_AVO=1.000 | w_P3=2.728 | lambda_MMD=0.300
2025-09-29 13:11:49 - Epoch Summary: TrainLoss=0.9992 | TrainAcc=0.693 | Val(P3)=0.514 | Val(AVO)=0.632
2025-09-29 13:11:49 - No P3-val improvement; patience remaining: 8/50
2025-09-29 13:11:49 - Epoch 44/500 | LR=0.009819 | w_AVO=1.000 | w_P3=2.728 | lambda_MMD=0.300
2025-09-29 13:11:49 - Epoch Summary: TrainLoss=1.0132 | TrainAcc=0.702 | Val(P3)=0.457 | Val(AVO)=0.648
2025-09-29 13:11:49 - No P3-val improvement; patience remaining: 7/50
2025-09-29 13:11:49 - Epoch 45/500 | LR=0.009810 | w_AVO=1.000 | w_P3=2.728 | lambda_MMD=0.300
2025-09-29 13:11:49 - Epoch Summary: TrainLoss=0.9514 | TrainAcc=0.699 | Val(P3)=0.600 | Val(AVO)=0.658
2025-09-29 13:11:49 - No P3-val improvement; patience remaining: 6/50
2025-09-29 13:11:49 - Epoch 46/500 | LR=0.009801 | w_AVO=1.000 | w_P3=2.728 | lambda_MMD=0.300
2025-09-29 13:11:49 - Epoch Summary: TrainLoss=0.9466 | TrainAcc=0.702 | Val(P3)=0.600 | Val(AVO)=0.613
2025-09-29 13:11:49 - No P3-val improvement; patience remaining: 5/50
2025-09-29 13:11:49 - Epoch 47/500 | LR=0.009793 | w_AVO=1.000 | w_P3=2.728 | lambda_MMD=0.300
2025-09-29 13:11:49 - Epoch Summary: TrainLoss=0.9279 | TrainAcc=0.702 | Val(P3)=0.543 | Val(AVO)=0.642
2025-09-29 13:11:49 - No P3-val improvement; patience remaining: 4/50
2025-09-29 13:11:49 - Epoch 48/500 | LR=0.009784 | w_AVO=1.000 | w_P3=2.728 | lambda_MMD=0.300
2025-09-29 13:11:49 - Epoch Summary: TrainLoss=0.9208 | TrainAcc=0.713 | Val(P3)=0.600 | Val(AVO)=0.590
2025-09-29 13:11:49 - No P3-val improvement; patience remaining: 3/50
2025-09-29 13:11:49 - Epoch 49/500 | LR=0.009774 | w_AVO=1.000 | w_P3=2.728 | lambda_MMD=0.300
2025-09-29 13:11:50 - Epoch Summary: TrainLoss=0.9264 | TrainAcc=0.698 | Val(P3)=0.571 | Val(AVO)=0.661
2025-09-29 13:11:50 - No P3-val improvement; patience remaining: 2/50
2025-09-29 13:11:50 - Epoch 50/500 | LR=0.009765 | w_AVO=1.000 | w_P3=2.728 | lambda_MMD=0.300
2025-09-29 13:11:50 - Epoch Summary: TrainLoss=0.9051 | TrainAcc=0.703 | Val(P3)=0.571 | Val(AVO)=0.623
2025-09-29 13:11:50 - No P3-val improvement; patience remaining: 1/50
2025-09-29 13:11:50 - Epoch 51/500 | LR=0.009755 | w_AVO=1.000 | w_P3=2.728 | lambda_MMD=0.300
2025-09-29 13:11:50 - Epoch Summary: TrainLoss=0.9304 | TrainAcc=0.708 | Val(P3)=0.629 | Val(AVO)=0.610
2025-09-29 13:11:50 - No P3-val improvement; patience remaining: 0/50
2025-09-29 13:11:50 - Early stopping triggered (P3-val)
2025-09-29 13:11:50 -     P3 Test | Acc=0.5190 P=0.4565 R=0.6176 F1=0.5250 AUC=0.6275 (n=79)
2025-09-29 13:11:50 -     AVO Test | Acc=0.6137 P=0.5789 R=0.8842 F1=0.6997 AUC=0.7090 (n=611)
2025-09-29 13:11:50 -     Overall Test Acc=0.6029
2025-09-29 13:11:50 -   Fold 5/5
2025-09-29 13:11:50 - Fold domains: small=P3 (n=295), large=AVO (n=2120)
2025-09-29 13:11:50 - Auto adjustments (symmetric): w_small≈1.000, lambda_MMD_target=0.300, warmup_epochs=5
2025-09-29 13:11:50 - Epoch 1/500 | LR=0.010000 | w_AVO=1.000 | w_P3=1.336 | lambda_MMD=0.060
2025-09-29 13:11:50 - Epoch Summary: TrainLoss=1.6066 | TrainAcc=0.573 | Val(P3)=0.639 | Val(AVO)=0.599
2025-09-29 13:11:50 - New best P3-val; checkpoint updated
2025-09-29 13:11:50 - Epoch 2/500 | LR=0.010000 | w_AVO=1.000 | w_P3=1.672 | lambda_MMD=0.120
2025-09-29 13:11:50 - Epoch Summary: TrainLoss=1.6897 | TrainAcc=0.609 | Val(P3)=0.556 | Val(AVO)=0.618
2025-09-29 13:11:50 - No P3-val improvement; patience remaining: 49/50
2025-09-29 13:11:50 - Epoch 3/500 | LR=0.010000 | w_AVO=1.000 | w_P3=2.008 | lambda_MMD=0.180
2025-09-29 13:11:51 - Epoch Summary: TrainLoss=1.8910 | TrainAcc=0.613 | Val(P3)=0.667 | Val(AVO)=0.621
2025-09-29 13:11:51 - New best P3-val; checkpoint updated
2025-09-29 13:11:51 - Epoch 4/500 | LR=0.009999 | w_AVO=1.000 | w_P3=2.345 | lambda_MMD=0.240
2025-09-29 13:11:51 - Epoch Summary: TrainLoss=2.0814 | TrainAcc=0.625 | Val(P3)=0.583 | Val(AVO)=0.615
2025-09-29 13:11:51 - No P3-val improvement; patience remaining: 49/50
2025-09-29 13:11:51 - Epoch 5/500 | LR=0.009998 | w_AVO=1.000 | w_P3=2.681 | lambda_MMD=0.300
2025-09-29 13:11:51 - Epoch Summary: TrainLoss=2.2174 | TrainAcc=0.637 | Val(P3)=0.667 | Val(AVO)=0.628
2025-09-29 13:11:51 - No P3-val improvement; patience remaining: 48/50
2025-09-29 13:11:51 - Epoch 6/500 | LR=0.009998 | w_AVO=1.000 | w_P3=2.681 | lambda_MMD=0.300
2025-09-29 13:11:51 - Epoch Summary: TrainLoss=2.1857 | TrainAcc=0.652 | Val(P3)=0.694 | Val(AVO)=0.660
2025-09-29 13:11:51 - New best P3-val; checkpoint updated
2025-09-29 13:11:51 - Epoch 7/500 | LR=0.009996 | w_AVO=1.000 | w_P3=2.681 | lambda_MMD=0.300
2025-09-29 13:11:51 - Epoch Summary: TrainLoss=2.1323 | TrainAcc=0.642 | Val(P3)=0.611 | Val(AVO)=0.657
2025-09-29 13:11:51 - No P3-val improvement; patience remaining: 49/50
2025-09-29 13:11:51 - Epoch 8/500 | LR=0.009995 | w_AVO=1.000 | w_P3=2.681 | lambda_MMD=0.300
2025-09-29 13:11:52 - Epoch Summary: TrainLoss=2.0674 | TrainAcc=0.656 | Val(P3)=0.639 | Val(AVO)=0.660
2025-09-29 13:11:52 - No P3-val improvement; patience remaining: 48/50
2025-09-29 13:11:52 - Epoch 9/500 | LR=0.009994 | w_AVO=1.000 | w_P3=2.681 | lambda_MMD=0.300
2025-09-29 13:11:52 - Epoch Summary: TrainLoss=1.9699 | TrainAcc=0.645 | Val(P3)=0.639 | Val(AVO)=0.638
2025-09-29 13:11:52 - No P3-val improvement; patience remaining: 47/50
2025-09-29 13:11:52 - Epoch 10/500 | LR=0.009992 | w_AVO=1.000 | w_P3=2.681 | lambda_MMD=0.300
2025-09-29 13:11:52 - Epoch Summary: TrainLoss=1.9401 | TrainAcc=0.652 | Val(P3)=0.611 | Val(AVO)=0.631
2025-09-29 13:11:52 - No P3-val improvement; patience remaining: 46/50
2025-09-29 13:11:52 - AVO val decreasing 3x. Reducing lambda_MMD to 0.210
2025-09-29 13:11:52 - Epoch 11/500 | LR=0.009990 | w_AVO=1.000 | w_P3=2.681 | lambda_MMD=0.210
2025-09-29 13:11:52 - Epoch Summary: TrainLoss=1.8654 | TrainAcc=0.658 | Val(P3)=0.611 | Val(AVO)=0.644
2025-09-29 13:11:52 - No P3-val improvement; patience remaining: 45/50
2025-09-29 13:11:52 - Epoch 12/500 | LR=0.009988 | w_AVO=1.000 | w_P3=2.681 | lambda_MMD=0.300
2025-09-29 13:11:52 - Epoch Summary: TrainLoss=1.7839 | TrainAcc=0.656 | Val(P3)=0.667 | Val(AVO)=0.680
2025-09-29 13:11:52 - No P3-val improvement; patience remaining: 44/50
2025-09-29 13:11:52 - Epoch 13/500 | LR=0.009986 | w_AVO=1.000 | w_P3=2.681 | lambda_MMD=0.300
2025-09-29 13:11:52 - Epoch Summary: TrainLoss=1.7366 | TrainAcc=0.666 | Val(P3)=0.611 | Val(AVO)=0.670
2025-09-29 13:11:52 - No P3-val improvement; patience remaining: 43/50
2025-09-29 13:11:52 - Epoch 14/500 | LR=0.009983 | w_AVO=1.000 | w_P3=2.681 | lambda_MMD=0.300
2025-09-29 13:11:53 - Epoch Summary: TrainLoss=1.7328 | TrainAcc=0.647 | Val(P3)=0.639 | Val(AVO)=0.641
2025-09-29 13:11:53 - No P3-val improvement; patience remaining: 42/50
2025-09-29 13:11:53 - AVO val decreasing 3x. Reducing lambda_MMD to 0.210
2025-09-29 13:11:53 - Epoch 15/500 | LR=0.009981 | w_AVO=1.000 | w_P3=2.681 | lambda_MMD=0.210
2025-09-29 13:11:53 - Epoch Summary: TrainLoss=1.6478 | TrainAcc=0.667 | Val(P3)=0.667 | Val(AVO)=0.673
2025-09-29 13:11:53 - No P3-val improvement; patience remaining: 41/50
2025-09-29 13:11:53 - Epoch 16/500 | LR=0.009978 | w_AVO=1.000 | w_P3=2.681 | lambda_MMD=0.300
2025-09-29 13:11:53 - Epoch Summary: TrainLoss=1.6195 | TrainAcc=0.662 | Val(P3)=0.583 | Val(AVO)=0.647
2025-09-29 13:11:53 - No P3-val improvement; patience remaining: 40/50
2025-09-29 13:11:53 - Epoch 17/500 | LR=0.009975 | w_AVO=1.000 | w_P3=2.681 | lambda_MMD=0.300
2025-09-29 13:11:53 - Epoch Summary: TrainLoss=1.5749 | TrainAcc=0.672 | Val(P3)=0.639 | Val(AVO)=0.667
2025-09-29 13:11:53 - No P3-val improvement; patience remaining: 39/50
2025-09-29 13:11:53 - Epoch 18/500 | LR=0.009972 | w_AVO=1.000 | w_P3=2.681 | lambda_MMD=0.300
2025-09-29 13:11:53 - Epoch Summary: TrainLoss=1.4865 | TrainAcc=0.672 | Val(P3)=0.556 | Val(AVO)=0.650
2025-09-29 13:11:53 - No P3-val improvement; patience remaining: 38/50
2025-09-29 13:11:53 - Epoch 19/500 | LR=0.009968 | w_AVO=1.000 | w_P3=2.681 | lambda_MMD=0.300
2025-09-29 13:11:53 - Epoch Summary: TrainLoss=1.4795 | TrainAcc=0.672 | Val(P3)=0.611 | Val(AVO)=0.673
2025-09-29 13:11:53 - No P3-val improvement; patience remaining: 37/50
2025-09-29 13:11:53 - Epoch 20/500 | LR=0.009964 | w_AVO=1.000 | w_P3=2.681 | lambda_MMD=0.300
2025-09-29 13:11:54 - Epoch Summary: TrainLoss=1.4152 | TrainAcc=0.676 | Val(P3)=0.667 | Val(AVO)=0.650
2025-09-29 13:11:54 - No P3-val improvement; patience remaining: 36/50
2025-09-29 13:11:54 - Epoch 21/500 | LR=0.009961 | w_AVO=1.000 | w_P3=2.681 | lambda_MMD=0.300
2025-09-29 13:11:54 - Epoch Summary: TrainLoss=1.4147 | TrainAcc=0.684 | Val(P3)=0.694 | Val(AVO)=0.689
2025-09-29 13:11:54 - No P3-val improvement; patience remaining: 35/50
2025-09-29 13:11:54 - Epoch 22/500 | LR=0.009957 | w_AVO=1.000 | w_P3=2.681 | lambda_MMD=0.300
2025-09-29 13:11:54 - Epoch Summary: TrainLoss=1.3799 | TrainAcc=0.672 | Val(P3)=0.667 | Val(AVO)=0.647
2025-09-29 13:11:54 - No P3-val improvement; patience remaining: 34/50
2025-09-29 13:11:54 - Epoch 23/500 | LR=0.009952 | w_AVO=1.000 | w_P3=2.681 | lambda_MMD=0.300
2025-09-29 13:11:54 - Epoch Summary: TrainLoss=1.3322 | TrainAcc=0.671 | Val(P3)=0.611 | Val(AVO)=0.634
2025-09-29 13:11:54 - No P3-val improvement; patience remaining: 33/50
2025-09-29 13:11:54 - P3 val decreasing 3x. Reducing w_small to 2.145, lambda_MMD to 0.150
2025-09-29 13:11:54 - AVO val decreasing 3x. Reducing lambda_MMD to 0.105
2025-09-29 13:11:54 - Epoch 24/500 | LR=0.009948 | w_AVO=1.000 | w_P3=2.145 | lambda_MMD=0.105
2025-09-29 13:11:54 - Epoch Summary: TrainLoss=1.1544 | TrainAcc=0.692 | Val(P3)=0.639 | Val(AVO)=0.647
2025-09-29 13:11:54 - No P3-val improvement; patience remaining: 32/50
2025-09-29 13:11:54 - Epoch 25/500 | LR=0.009943 | w_AVO=1.000 | w_P3=2.681 | lambda_MMD=0.300
2025-09-29 13:11:55 - Epoch Summary: TrainLoss=1.3456 | TrainAcc=0.667 | Val(P3)=0.556 | Val(AVO)=0.680
2025-09-29 13:11:55 - No P3-val improvement; patience remaining: 31/50
2025-09-29 13:11:55 - Epoch 26/500 | LR=0.009938 | w_AVO=1.000 | w_P3=2.681 | lambda_MMD=0.300
2025-09-29 13:11:55 - Epoch Summary: TrainLoss=1.3390 | TrainAcc=0.682 | Val(P3)=0.639 | Val(AVO)=0.663
2025-09-29 13:11:55 - No P3-val improvement; patience remaining: 30/50
2025-09-29 13:11:55 - Epoch 27/500 | LR=0.009933 | w_AVO=1.000 | w_P3=2.681 | lambda_MMD=0.300
2025-09-29 13:11:55 - Epoch Summary: TrainLoss=1.2171 | TrainAcc=0.692 | Val(P3)=0.639 | Val(AVO)=0.644
2025-09-29 13:11:55 - No P3-val improvement; patience remaining: 29/50
2025-09-29 13:11:55 - AVO val decreasing 3x. Reducing lambda_MMD to 0.210
2025-09-29 13:11:55 - Epoch 28/500 | LR=0.009928 | w_AVO=1.000 | w_P3=2.681 | lambda_MMD=0.210
2025-09-29 13:11:55 - Epoch Summary: TrainLoss=1.2063 | TrainAcc=0.684 | Val(P3)=0.611 | Val(AVO)=0.638
2025-09-29 13:11:55 - No P3-val improvement; patience remaining: 28/50
2025-09-29 13:11:55 - AVO val decreasing 3x. Reducing lambda_MMD to 0.210
2025-09-29 13:11:55 - Epoch 29/500 | LR=0.009923 | w_AVO=1.000 | w_P3=2.681 | lambda_MMD=0.210
2025-09-29 13:11:55 - Epoch Summary: TrainLoss=1.2044 | TrainAcc=0.683 | Val(P3)=0.667 | Val(AVO)=0.660
2025-09-29 13:11:55 - No P3-val improvement; patience remaining: 27/50
2025-09-29 13:11:55 - Epoch 30/500 | LR=0.009917 | w_AVO=1.000 | w_P3=2.681 | lambda_MMD=0.300
2025-09-29 13:11:55 - Epoch Summary: TrainLoss=1.1410 | TrainAcc=0.694 | Val(P3)=0.639 | Val(AVO)=0.628
2025-09-29 13:11:55 - No P3-val improvement; patience remaining: 26/50
2025-09-29 13:11:55 - Epoch 31/500 | LR=0.009911 | w_AVO=1.000 | w_P3=2.681 | lambda_MMD=0.300
2025-09-29 13:11:56 - Epoch Summary: TrainLoss=1.1356 | TrainAcc=0.698 | Val(P3)=0.611 | Val(AVO)=0.657
2025-09-29 13:11:56 - No P3-val improvement; patience remaining: 25/50
2025-09-29 13:11:56 - P3 val decreasing 3x. Reducing w_small to 2.145, lambda_MMD to 0.150
2025-09-29 13:11:56 - Epoch 32/500 | LR=0.009905 | w_AVO=1.000 | w_P3=2.145 | lambda_MMD=0.150
2025-09-29 13:11:56 - Epoch Summary: TrainLoss=0.9719 | TrainAcc=0.704 | Val(P3)=0.667 | Val(AVO)=0.631
2025-09-29 13:11:56 - No P3-val improvement; patience remaining: 24/50
2025-09-29 13:11:56 - Epoch 33/500 | LR=0.009899 | w_AVO=1.000 | w_P3=2.681 | lambda_MMD=0.300
2025-09-29 13:11:56 - Epoch Summary: TrainLoss=1.0573 | TrainAcc=0.703 | Val(P3)=0.611 | Val(AVO)=0.625
2025-09-29 13:11:56 - No P3-val improvement; patience remaining: 23/50
2025-09-29 13:11:56 - AVO val decreasing 3x. Reducing lambda_MMD to 0.210
2025-09-29 13:11:56 - Epoch 34/500 | LR=0.009893 | w_AVO=1.000 | w_P3=2.681 | lambda_MMD=0.210
2025-09-29 13:11:56 - Epoch Summary: TrainLoss=1.0585 | TrainAcc=0.705 | Val(P3)=0.611 | Val(AVO)=0.647
2025-09-29 13:11:56 - No P3-val improvement; patience remaining: 22/50
2025-09-29 13:11:56 - Epoch 35/500 | LR=0.009886 | w_AVO=1.000 | w_P3=2.681 | lambda_MMD=0.300
2025-09-29 13:11:56 - Epoch Summary: TrainLoss=1.0311 | TrainAcc=0.701 | Val(P3)=0.639 | Val(AVO)=0.615
2025-09-29 13:11:56 - No P3-val improvement; patience remaining: 21/50
2025-09-29 13:11:56 - Epoch 36/500 | LR=0.009880 | w_AVO=1.000 | w_P3=2.681 | lambda_MMD=0.300
2025-09-29 13:11:56 - Epoch Summary: TrainLoss=1.0387 | TrainAcc=0.704 | Val(P3)=0.694 | Val(AVO)=0.602
2025-09-29 13:11:56 - No P3-val improvement; patience remaining: 20/50
2025-09-29 13:11:56 - AVO val decreasing 3x. Reducing lambda_MMD to 0.210
2025-09-29 13:11:56 - Epoch 37/500 | LR=0.009873 | w_AVO=1.000 | w_P3=2.681 | lambda_MMD=0.210
2025-09-29 13:11:57 - Epoch Summary: TrainLoss=0.9907 | TrainAcc=0.704 | Val(P3)=0.583 | Val(AVO)=0.660
2025-09-29 13:11:57 - No P3-val improvement; patience remaining: 19/50
2025-09-29 13:11:57 - Epoch 38/500 | LR=0.009865 | w_AVO=1.000 | w_P3=2.681 | lambda_MMD=0.300
2025-09-29 13:11:57 - Epoch Summary: TrainLoss=0.9464 | TrainAcc=0.709 | Val(P3)=0.639 | Val(AVO)=0.638
2025-09-29 13:11:57 - No P3-val improvement; patience remaining: 18/50
2025-09-29 13:11:57 - Epoch 39/500 | LR=0.009858 | w_AVO=1.000 | w_P3=2.681 | lambda_MMD=0.300
2025-09-29 13:11:57 - Epoch Summary: TrainLoss=1.0086 | TrainAcc=0.696 | Val(P3)=0.611 | Val(AVO)=0.586
2025-09-29 13:11:57 - No P3-val improvement; patience remaining: 17/50
2025-09-29 13:11:57 - AVO val decreasing 3x. Reducing lambda_MMD to 0.210
2025-09-29 13:11:57 - Epoch 40/500 | LR=0.009851 | w_AVO=1.000 | w_P3=2.681 | lambda_MMD=0.210
2025-09-29 13:11:57 - Epoch Summary: TrainLoss=1.0111 | TrainAcc=0.696 | Val(P3)=0.722 | Val(AVO)=0.660
2025-09-29 13:11:57 - New best P3-val; checkpoint updated
2025-09-29 13:11:57 - Epoch 41/500 | LR=0.009843 | w_AVO=1.000 | w_P3=2.681 | lambda_MMD=0.300
2025-09-29 13:11:57 - Epoch Summary: TrainLoss=0.9422 | TrainAcc=0.710 | Val(P3)=0.583 | Val(AVO)=0.631
2025-09-29 13:11:57 - No P3-val improvement; patience remaining: 49/50
2025-09-29 13:11:57 - Epoch 42/500 | LR=0.009835 | w_AVO=1.000 | w_P3=2.681 | lambda_MMD=0.300
2025-09-29 13:11:58 - Epoch Summary: TrainLoss=0.8888 | TrainAcc=0.717 | Val(P3)=0.639 | Val(AVO)=0.625
2025-09-29 13:11:58 - No P3-val improvement; patience remaining: 48/50
2025-09-29 13:11:58 - AVO val decreasing 3x. Reducing lambda_MMD to 0.210
2025-09-29 13:11:58 - Epoch 43/500 | LR=0.009827 | w_AVO=1.000 | w_P3=2.681 | lambda_MMD=0.210
2025-09-29 13:11:58 - Epoch Summary: TrainLoss=0.8760 | TrainAcc=0.719 | Val(P3)=0.611 | Val(AVO)=0.644
2025-09-29 13:11:58 - No P3-val improvement; patience remaining: 47/50
2025-09-29 13:11:58 - Epoch 44/500 | LR=0.009819 | w_AVO=1.000 | w_P3=2.681 | lambda_MMD=0.300
2025-09-29 13:11:58 - Epoch Summary: TrainLoss=0.9096 | TrainAcc=0.717 | Val(P3)=0.639 | Val(AVO)=0.644
2025-09-29 13:11:58 - No P3-val improvement; patience remaining: 46/50
2025-09-29 13:11:58 - Epoch 45/500 | LR=0.009810 | w_AVO=1.000 | w_P3=2.681 | lambda_MMD=0.300
2025-09-29 13:11:58 - Epoch Summary: TrainLoss=0.8868 | TrainAcc=0.720 | Val(P3)=0.667 | Val(AVO)=0.657
2025-09-29 13:11:58 - No P3-val improvement; patience remaining: 45/50
2025-09-29 13:11:58 - Epoch 46/500 | LR=0.009801 | w_AVO=1.000 | w_P3=2.681 | lambda_MMD=0.300
2025-09-29 13:11:58 - Epoch Summary: TrainLoss=0.8421 | TrainAcc=0.722 | Val(P3)=0.639 | Val(AVO)=0.641
2025-09-29 13:11:58 - No P3-val improvement; patience remaining: 44/50
2025-09-29 13:11:58 - Epoch 47/500 | LR=0.009793 | w_AVO=1.000 | w_P3=2.681 | lambda_MMD=0.300
2025-09-29 13:11:58 - Epoch Summary: TrainLoss=0.8338 | TrainAcc=0.730 | Val(P3)=0.667 | Val(AVO)=0.612
2025-09-29 13:11:58 - No P3-val improvement; patience remaining: 43/50
2025-09-29 13:11:58 - AVO val decreasing 3x. Reducing lambda_MMD to 0.210
2025-09-29 13:11:58 - Epoch 48/500 | LR=0.009784 | w_AVO=1.000 | w_P3=2.681 | lambda_MMD=0.210
2025-09-29 13:11:59 - Epoch Summary: TrainLoss=0.8407 | TrainAcc=0.728 | Val(P3)=0.639 | Val(AVO)=0.657
2025-09-29 13:11:59 - No P3-val improvement; patience remaining: 42/50
2025-09-29 13:11:59 - Epoch 49/500 | LR=0.009774 | w_AVO=1.000 | w_P3=2.681 | lambda_MMD=0.300
2025-09-29 13:11:59 - Epoch Summary: TrainLoss=0.8436 | TrainAcc=0.714 | Val(P3)=0.611 | Val(AVO)=0.612
2025-09-29 13:11:59 - No P3-val improvement; patience remaining: 41/50
2025-09-29 13:11:59 - P3 val decreasing 3x. Reducing w_small to 2.145, lambda_MMD to 0.150
2025-09-29 13:11:59 - Epoch 50/500 | LR=0.009765 | w_AVO=1.000 | w_P3=2.145 | lambda_MMD=0.150
2025-09-29 13:11:59 - Epoch Summary: TrainLoss=0.7693 | TrainAcc=0.724 | Val(P3)=0.583 | Val(AVO)=0.605
2025-09-29 13:11:59 - No P3-val improvement; patience remaining: 40/50
2025-09-29 13:11:59 - P3 val decreasing 3x. Reducing w_small to 2.145, lambda_MMD to 0.150
2025-09-29 13:11:59 - AVO val decreasing 3x. Reducing lambda_MMD to 0.105
2025-09-29 13:11:59 - Epoch 51/500 | LR=0.009755 | w_AVO=1.000 | w_P3=2.145 | lambda_MMD=0.105
2025-09-29 13:11:59 - Epoch Summary: TrainLoss=0.7474 | TrainAcc=0.718 | Val(P3)=0.611 | Val(AVO)=0.579
2025-09-29 13:11:59 - No P3-val improvement; patience remaining: 39/50
2025-09-29 13:11:59 - AVO val decreasing 3x. Reducing lambda_MMD to 0.210
2025-09-29 13:11:59 - Epoch 52/500 | LR=0.009745 | w_AVO=1.000 | w_P3=2.681 | lambda_MMD=0.210
2025-09-29 13:11:59 - Epoch Summary: TrainLoss=0.8032 | TrainAcc=0.722 | Val(P3)=0.611 | Val(AVO)=0.573
2025-09-29 13:11:59 - No P3-val improvement; patience remaining: 38/50
2025-09-29 13:11:59 - AVO val decreasing 3x. Reducing lambda_MMD to 0.210
2025-09-29 13:11:59 - Epoch 53/500 | LR=0.009735 | w_AVO=1.000 | w_P3=2.681 | lambda_MMD=0.210
2025-09-29 13:11:59 - Epoch Summary: TrainLoss=0.7657 | TrainAcc=0.737 | Val(P3)=0.639 | Val(AVO)=0.631
2025-09-29 13:11:59 - No P3-val improvement; patience remaining: 37/50
2025-09-29 13:11:59 - Epoch 54/500 | LR=0.009725 | w_AVO=1.000 | w_P3=2.681 | lambda_MMD=0.300
2025-09-29 13:12:00 - Epoch Summary: TrainLoss=0.7818 | TrainAcc=0.733 | Val(P3)=0.611 | Val(AVO)=0.605
2025-09-29 13:12:00 - No P3-val improvement; patience remaining: 36/50
2025-09-29 13:12:00 - Epoch 55/500 | LR=0.009715 | w_AVO=1.000 | w_P3=2.681 | lambda_MMD=0.300
2025-09-29 13:12:00 - Epoch Summary: TrainLoss=0.7771 | TrainAcc=0.729 | Val(P3)=0.583 | Val(AVO)=0.608
2025-09-29 13:12:00 - No P3-val improvement; patience remaining: 35/50
2025-09-29 13:12:00 - P3 val decreasing 3x. Reducing w_small to 2.145, lambda_MMD to 0.150
2025-09-29 13:12:00 - Epoch 56/500 | LR=0.009704 | w_AVO=1.000 | w_P3=2.145 | lambda_MMD=0.150
2025-09-29 13:12:00 - Epoch Summary: TrainLoss=0.7868 | TrainAcc=0.711 | Val(P3)=0.694 | Val(AVO)=0.631
2025-09-29 13:12:00 - No P3-val improvement; patience remaining: 34/50
2025-09-29 13:12:00 - Epoch 57/500 | LR=0.009694 | w_AVO=1.000 | w_P3=2.681 | lambda_MMD=0.300
2025-09-29 13:12:00 - Epoch Summary: TrainLoss=0.8174 | TrainAcc=0.726 | Val(P3)=0.556 | Val(AVO)=0.599
2025-09-29 13:12:00 - No P3-val improvement; patience remaining: 33/50
2025-09-29 13:12:00 - Epoch 58/500 | LR=0.009683 | w_AVO=1.000 | w_P3=2.681 | lambda_MMD=0.300
2025-09-29 13:12:00 - Epoch Summary: TrainLoss=0.7607 | TrainAcc=0.742 | Val(P3)=0.667 | Val(AVO)=0.605
2025-09-29 13:12:00 - No P3-val improvement; patience remaining: 32/50
2025-09-29 13:12:00 - Epoch 59/500 | LR=0.009672 | w_AVO=1.000 | w_P3=2.681 | lambda_MMD=0.300
2025-09-29 13:12:01 - Epoch Summary: TrainLoss=0.7396 | TrainAcc=0.741 | Val(P3)=0.611 | Val(AVO)=0.599
2025-09-29 13:12:01 - No P3-val improvement; patience remaining: 31/50
2025-09-29 13:12:01 - Epoch 60/500 | LR=0.009660 | w_AVO=1.000 | w_P3=2.681 | lambda_MMD=0.300
2025-09-29 13:12:01 - Epoch Summary: TrainLoss=0.7466 | TrainAcc=0.738 | Val(P3)=0.611 | Val(AVO)=0.592
2025-09-29 13:12:01 - No P3-val improvement; patience remaining: 30/50
2025-09-29 13:12:01 - AVO val decreasing 3x. Reducing lambda_MMD to 0.210
2025-09-29 13:12:01 - Epoch 61/500 | LR=0.009649 | w_AVO=1.000 | w_P3=2.681 | lambda_MMD=0.210
2025-09-29 13:12:01 - Epoch Summary: TrainLoss=0.7152 | TrainAcc=0.740 | Val(P3)=0.611 | Val(AVO)=0.573
2025-09-29 13:12:01 - No P3-val improvement; patience remaining: 29/50
2025-09-29 13:12:01 - AVO val decreasing 3x. Reducing lambda_MMD to 0.210
2025-09-29 13:12:01 - Epoch 62/500 | LR=0.009637 | w_AVO=1.000 | w_P3=2.681 | lambda_MMD=0.210
2025-09-29 13:12:01 - Epoch Summary: TrainLoss=0.7358 | TrainAcc=0.733 | Val(P3)=0.639 | Val(AVO)=0.644
2025-09-29 13:12:01 - No P3-val improvement; patience remaining: 28/50
2025-09-29 13:12:01 - Epoch 63/500 | LR=0.009625 | w_AVO=1.000 | w_P3=2.681 | lambda_MMD=0.300
2025-09-29 13:12:01 - Epoch Summary: TrainLoss=0.7160 | TrainAcc=0.752 | Val(P3)=0.611 | Val(AVO)=0.618
2025-09-29 13:12:01 - No P3-val improvement; patience remaining: 27/50
2025-09-29 13:12:01 - Epoch 64/500 | LR=0.009613 | w_AVO=1.000 | w_P3=2.681 | lambda_MMD=0.300
2025-09-29 13:12:01 - Epoch Summary: TrainLoss=0.7401 | TrainAcc=0.738 | Val(P3)=0.611 | Val(AVO)=0.608
2025-09-29 13:12:01 - No P3-val improvement; patience remaining: 26/50
2025-09-29 13:12:01 - AVO val decreasing 3x. Reducing lambda_MMD to 0.210
2025-09-29 13:12:01 - Epoch 65/500 | LR=0.009601 | w_AVO=1.000 | w_P3=2.681 | lambda_MMD=0.210
2025-09-29 13:12:02 - Epoch Summary: TrainLoss=0.7494 | TrainAcc=0.743 | Val(P3)=0.611 | Val(AVO)=0.615
2025-09-29 13:12:02 - No P3-val improvement; patience remaining: 25/50
2025-09-29 13:12:02 - Epoch 66/500 | LR=0.009589 | w_AVO=1.000 | w_P3=2.681 | lambda_MMD=0.300
2025-09-29 13:12:02 - Epoch Summary: TrainLoss=0.7292 | TrainAcc=0.735 | Val(P3)=0.611 | Val(AVO)=0.686
2025-09-29 13:12:02 - No P3-val improvement; patience remaining: 24/50
2025-09-29 13:12:02 - Epoch 67/500 | LR=0.009576 | w_AVO=1.000 | w_P3=2.681 | lambda_MMD=0.300
2025-09-29 13:12:02 - Epoch Summary: TrainLoss=0.7033 | TrainAcc=0.757 | Val(P3)=0.528 | Val(AVO)=0.560
2025-09-29 13:12:02 - No P3-val improvement; patience remaining: 23/50
2025-09-29 13:12:02 - Epoch 68/500 | LR=0.009563 | w_AVO=1.000 | w_P3=2.681 | lambda_MMD=0.300
2025-09-29 13:12:02 - Epoch Summary: TrainLoss=0.7073 | TrainAcc=0.742 | Val(P3)=0.639 | Val(AVO)=0.566
2025-09-29 13:12:02 - No P3-val improvement; patience remaining: 22/50
2025-09-29 13:12:02 - Epoch 69/500 | LR=0.009551 | w_AVO=1.000 | w_P3=2.681 | lambda_MMD=0.300
2025-09-29 13:12:02 - Epoch Summary: TrainLoss=0.7000 | TrainAcc=0.758 | Val(P3)=0.667 | Val(AVO)=0.634
2025-09-29 13:12:02 - No P3-val improvement; patience remaining: 21/50
2025-09-29 13:12:02 - Epoch 70/500 | LR=0.009537 | w_AVO=1.000 | w_P3=2.681 | lambda_MMD=0.300
2025-09-29 13:12:02 - Epoch Summary: TrainLoss=0.6815 | TrainAcc=0.762 | Val(P3)=0.639 | Val(AVO)=0.670
2025-09-29 13:12:02 - No P3-val improvement; patience remaining: 20/50
2025-09-29 13:12:02 - Epoch 71/500 | LR=0.009524 | w_AVO=1.000 | w_P3=2.681 | lambda_MMD=0.300
2025-09-29 13:12:03 - Epoch Summary: TrainLoss=0.6718 | TrainAcc=0.761 | Val(P3)=0.667 | Val(AVO)=0.595
2025-09-29 13:12:03 - No P3-val improvement; patience remaining: 19/50
2025-09-29 13:12:03 - Epoch 72/500 | LR=0.009511 | w_AVO=1.000 | w_P3=2.681 | lambda_MMD=0.300
2025-09-29 13:12:03 - Epoch Summary: TrainLoss=0.6977 | TrainAcc=0.756 | Val(P3)=0.639 | Val(AVO)=0.696
2025-09-29 13:12:03 - No P3-val improvement; patience remaining: 18/50
2025-09-29 13:12:03 - Epoch 73/500 | LR=0.009497 | w_AVO=1.000 | w_P3=2.681 | lambda_MMD=0.300
2025-09-29 13:12:03 - Epoch Summary: TrainLoss=0.6876 | TrainAcc=0.758 | Val(P3)=0.611 | Val(AVO)=0.644
2025-09-29 13:12:03 - No P3-val improvement; patience remaining: 17/50
2025-09-29 13:12:03 - P3 val decreasing 3x. Reducing w_small to 2.145, lambda_MMD to 0.150
2025-09-29 13:12:03 - Epoch 74/500 | LR=0.009483 | w_AVO=1.000 | w_P3=2.145 | lambda_MMD=0.150
2025-09-29 13:12:03 - Epoch Summary: TrainLoss=0.6370 | TrainAcc=0.754 | Val(P3)=0.639 | Val(AVO)=0.579
2025-09-29 13:12:03 - No P3-val improvement; patience remaining: 16/50
2025-09-29 13:12:03 - AVO val decreasing 3x. Reducing lambda_MMD to 0.210
2025-09-29 13:12:03 - Epoch 75/500 | LR=0.009469 | w_AVO=1.000 | w_P3=2.681 | lambda_MMD=0.210
2025-09-29 13:12:03 - Epoch Summary: TrainLoss=0.6264 | TrainAcc=0.772 | Val(P3)=0.694 | Val(AVO)=0.579
2025-09-29 13:12:03 - No P3-val improvement; patience remaining: 15/50
2025-09-29 13:12:03 - Epoch 76/500 | LR=0.009455 | w_AVO=1.000 | w_P3=2.681 | lambda_MMD=0.300
2025-09-29 13:12:04 - Epoch Summary: TrainLoss=0.6358 | TrainAcc=0.770 | Val(P3)=0.556 | Val(AVO)=0.547
2025-09-29 13:12:04 - No P3-val improvement; patience remaining: 14/50
2025-09-29 13:12:04 - Epoch 77/500 | LR=0.009441 | w_AVO=1.000 | w_P3=2.681 | lambda_MMD=0.300
2025-09-29 13:12:04 - Epoch Summary: TrainLoss=0.6621 | TrainAcc=0.761 | Val(P3)=0.611 | Val(AVO)=0.566
2025-09-29 13:12:04 - No P3-val improvement; patience remaining: 13/50
2025-09-29 13:12:04 - Epoch 78/500 | LR=0.009426 | w_AVO=1.000 | w_P3=2.681 | lambda_MMD=0.300
2025-09-29 13:12:04 - Epoch Summary: TrainLoss=0.6512 | TrainAcc=0.772 | Val(P3)=0.611 | Val(AVO)=0.566
2025-09-29 13:12:04 - No P3-val improvement; patience remaining: 12/50
2025-09-29 13:12:04 - Epoch 79/500 | LR=0.009411 | w_AVO=1.000 | w_P3=2.681 | lambda_MMD=0.300
2025-09-29 13:12:04 - Epoch Summary: TrainLoss=0.6894 | TrainAcc=0.752 | Val(P3)=0.694 | Val(AVO)=0.589
2025-09-29 13:12:04 - No P3-val improvement; patience remaining: 11/50
2025-09-29 13:12:04 - Epoch 80/500 | LR=0.009397 | w_AVO=1.000 | w_P3=2.681 | lambda_MMD=0.300
2025-09-29 13:12:04 - Epoch Summary: TrainLoss=0.6371 | TrainAcc=0.777 | Val(P3)=0.611 | Val(AVO)=0.579
2025-09-29 13:12:04 - No P3-val improvement; patience remaining: 10/50
2025-09-29 13:12:04 - Epoch 81/500 | LR=0.009382 | w_AVO=1.000 | w_P3=2.681 | lambda_MMD=0.300
2025-09-29 13:12:04 - Epoch Summary: TrainLoss=0.6329 | TrainAcc=0.772 | Val(P3)=0.639 | Val(AVO)=0.615
2025-09-29 13:12:04 - No P3-val improvement; patience remaining: 9/50
2025-09-29 13:12:04 - Epoch 82/500 | LR=0.009366 | w_AVO=1.000 | w_P3=2.681 | lambda_MMD=0.300
2025-09-29 13:12:05 - Epoch Summary: TrainLoss=0.6532 | TrainAcc=0.769 | Val(P3)=0.611 | Val(AVO)=0.621
2025-09-29 13:12:05 - No P3-val improvement; patience remaining: 8/50
2025-09-29 13:12:05 - Epoch 83/500 | LR=0.009351 | w_AVO=1.000 | w_P3=2.681 | lambda_MMD=0.300
2025-09-29 13:12:05 - Epoch Summary: TrainLoss=0.6494 | TrainAcc=0.783 | Val(P3)=0.611 | Val(AVO)=0.657
2025-09-29 13:12:05 - No P3-val improvement; patience remaining: 7/50
2025-09-29 13:12:05 - Epoch 84/500 | LR=0.009335 | w_AVO=1.000 | w_P3=2.681 | lambda_MMD=0.300
2025-09-29 13:12:05 - Epoch Summary: TrainLoss=0.6528 | TrainAcc=0.755 | Val(P3)=0.611 | Val(AVO)=0.586
2025-09-29 13:12:05 - No P3-val improvement; patience remaining: 6/50
2025-09-29 13:12:05 - Epoch 85/500 | LR=0.009320 | w_AVO=1.000 | w_P3=2.681 | lambda_MMD=0.300
2025-09-29 13:12:05 - Epoch Summary: TrainLoss=0.6310 | TrainAcc=0.782 | Val(P3)=0.583 | Val(AVO)=0.599
2025-09-29 13:12:05 - No P3-val improvement; patience remaining: 5/50
2025-09-29 13:12:05 - Epoch 86/500 | LR=0.009304 | w_AVO=1.000 | w_P3=2.681 | lambda_MMD=0.300
2025-09-29 13:12:05 - Epoch Summary: TrainLoss=0.6126 | TrainAcc=0.778 | Val(P3)=0.639 | Val(AVO)=0.592
2025-09-29 13:12:05 - No P3-val improvement; patience remaining: 4/50
2025-09-29 13:12:05 - Epoch 87/500 | LR=0.009288 | w_AVO=1.000 | w_P3=2.681 | lambda_MMD=0.300
2025-09-29 13:12:05 - Epoch Summary: TrainLoss=0.6260 | TrainAcc=0.780 | Val(P3)=0.556 | Val(AVO)=0.608
2025-09-29 13:12:05 - No P3-val improvement; patience remaining: 3/50
2025-09-29 13:12:05 - Epoch 88/500 | LR=0.009271 | w_AVO=1.000 | w_P3=2.681 | lambda_MMD=0.300
2025-09-29 13:12:05 - Epoch Summary: TrainLoss=0.6068 | TrainAcc=0.795 | Val(P3)=0.611 | Val(AVO)=0.621
2025-09-29 13:12:05 - No P3-val improvement; patience remaining: 2/50
2025-09-29 13:12:05 - Epoch 89/500 | LR=0.009255 | w_AVO=1.000 | w_P3=2.681 | lambda_MMD=0.300
2025-09-29 13:12:06 - Epoch Summary: TrainLoss=0.5985 | TrainAcc=0.792 | Val(P3)=0.611 | Val(AVO)=0.621
2025-09-29 13:12:06 - No P3-val improvement; patience remaining: 1/50
2025-09-29 13:12:06 - Epoch 90/500 | LR=0.009238 | w_AVO=1.000 | w_P3=2.681 | lambda_MMD=0.300
2025-09-29 13:12:06 - Epoch Summary: TrainLoss=0.6068 | TrainAcc=0.789 | Val(P3)=0.694 | Val(AVO)=0.589
2025-09-29 13:12:06 - No P3-val improvement; patience remaining: 0/50
2025-09-29 13:12:06 - Early stopping triggered (P3-val)
2025-09-29 13:12:06 -     P3 Test | Acc=0.5362 P=0.5000 R=0.5938 F1=0.5429 AUC=0.5473 (n=69)
2025-09-29 13:12:06 -     AVO Test | Acc=0.6006 P=0.5624 R=0.9361 F1=0.7026 AUC=0.7447 (n=621)
2025-09-29 13:12:06 -     Overall Test Acc=0.5942
2025-09-29 13:12:06 - 
==================================================
2025-09-29 13:12:06 - CROSS-VALIDATION RESULTS
2025-09-29 13:12:06 - ==================================================
2025-09-29 13:12:06 - Overall accuracy: 0.6088 ± 0.0259
2025-09-29 13:12:06 - 95% Confidence Interval: [0.5981, 0.6194]
2025-09-29 13:12:06 - P3 Dataset - Mean Accuracy: 0.5518 | 95% CI: [0.5295, 0.5740]
2025-09-29 13:12:06 - AVO Dataset - Mean Accuracy: 0.6161 | 95% CI: [0.6037, 0.6285]
2025-09-29 13:12:06 - Detailed results saved to: tfdwt_detailed_results_20250929_131206.csv
2025-09-29 13:12:06 - Summary statistics saved to: tfdwt_summary_stats_20250929_131206.csv
