2025-10-01 14:38:57 - 
==================================================
2025-10-01 14:38:57 - TF-DWT Joint Training (Auto-Adjusted)
2025-10-01 14:38:57 - ==================================================
2025-10-01 14:38:57 - 
Experiment Configuration:
2025-10-01 14:38:57 - --------------------------------------------------
2025-10-01 14:38:57 - electrode_list: all
2025-10-01 14:38:57 - fusion_method: none
2025-10-01 14:38:57 - domain_adaptation: none
2025-10-01 14:38:57 - use_enhanced_preprocessing: True
2025-10-01 14:38:57 - batch_size: 128
2025-10-01 14:38:57 - max_epochs: 500
2025-10-01 14:38:57 - learning_rate: 0.01
2025-10-01 14:38:57 - weight_decay: 0.0001
2025-10-01 14:38:57 - dropout_rate: 0.25
2025-10-01 14:38:57 - use_data_augmentation: True
2025-10-01 14:38:57 - noise_std: 0.005
2025-10-01 14:38:57 - time_shift_range: 5
2025-10-01 14:38:57 - label_smoothing: 0.05
2025-10-01 14:38:57 - trials_per_subject_P3: 80
2025-10-01 14:38:57 - trials_per_subject_AVO: 10
2025-10-01 14:38:57 - train/val/test: (0.7, 0.1, 0.2)
2025-10-01 14:38:57 - device_mode: cuda
2025-10-01 14:38:57 - --------------------------------------------------
2025-10-01 14:38:57 - 
==================================================
2025-10-01 14:38:57 - Running Nested Cross-Validation with TF-DWT
2025-10-01 14:38:57 - ==================================================
2025-10-01 14:38:57 - Loading dataset for CV: P3
2025-10-01 14:39:03 - Loading dataset for CV: AVO
2025-10-01 14:39:14 - Subject AVO_038: Sampled 10/100 trials
2025-10-01 14:39:14 -   Original distribution: {np.int64(0): np.float64(0.5), np.int64(1): np.float64(0.5)}
2025-10-01 14:39:14 -   Sampled distribution: {np.int64(0): np.float64(0.5), np.int64(1): np.float64(0.5)}
2025-10-01 14:39:14 - Subject AVO_032: Sampled 10/96 trials
2025-10-01 14:39:14 -   Original distribution: {np.int64(0): np.float64(0.5), np.int64(1): np.float64(0.5)}
2025-10-01 14:39:14 -   Sampled distribution: {np.int64(0): np.float64(0.5), np.int64(1): np.float64(0.5)}
2025-10-01 14:39:14 - Subject AVO_047: Sampled 10/94 trials
2025-10-01 14:39:14 -   Original distribution: {np.int64(0): np.float64(0.5), np.int64(1): np.float64(0.5)}
2025-10-01 14:39:14 -   Sampled distribution: {np.int64(0): np.float64(0.5), np.int64(1): np.float64(0.5)}
2025-10-01 14:39:14 - Subject AVO_024: Sampled 10/92 trials
2025-10-01 14:39:14 -   Original distribution: {np.int64(0): np.float64(0.5), np.int64(1): np.float64(0.5)}
2025-10-01 14:39:14 -   Sampled distribution: {np.int64(0): np.float64(0.5), np.int64(1): np.float64(0.5)}
2025-10-01 14:39:14 - Subject AVO_003: Sampled 10/88 trials
2025-10-01 14:39:14 -   Original distribution: {np.int64(0): np.float64(0.5), np.int64(1): np.float64(0.5)}
2025-10-01 14:39:14 -   Sampled distribution: {np.int64(0): np.float64(0.5), np.int64(1): np.float64(0.5)}
2025-10-01 14:39:14 - Subject AVO_031: Sampled 10/88 trials
2025-10-01 14:39:14 -   Original distribution: {np.int64(0): np.float64(0.5), np.int64(1): np.float64(0.5)}
2025-10-01 14:39:14 -   Sampled distribution: {np.int64(0): np.float64(0.5), np.int64(1): np.float64(0.5)}
2025-10-01 14:39:14 - Subject AVO_035: Sampled 10/88 trials
2025-10-01 14:39:14 -   Original distribution: {np.int64(0): np.float64(0.5), np.int64(1): np.float64(0.5)}
2025-10-01 14:39:14 -   Sampled distribution: {np.int64(0): np.float64(0.5), np.int64(1): np.float64(0.5)}
2025-10-01 14:39:15 - Subject AVO_048: Sampled 10/88 trials
2025-10-01 14:39:15 -   Original distribution: {np.int64(0): np.float64(0.5), np.int64(1): np.float64(0.5)}
2025-10-01 14:39:15 -   Sampled distribution: {np.int64(0): np.float64(0.5), np.int64(1): np.float64(0.5)}
2025-10-01 14:39:15 - Subject AVO_037: Sampled 10/86 trials
2025-10-01 14:39:15 -   Original distribution: {np.int64(0): np.float64(0.5), np.int64(1): np.float64(0.5)}
2025-10-01 14:39:15 -   Sampled distribution: {np.int64(0): np.float64(0.5), np.int64(1): np.float64(0.5)}
2025-10-01 14:39:15 - Subject AVO_041: Sampled 10/86 trials
2025-10-01 14:39:15 -   Original distribution: {np.int64(0): np.float64(0.5), np.int64(1): np.float64(0.5)}
2025-10-01 14:39:15 -   Sampled distribution: {np.int64(0): np.float64(0.5), np.int64(1): np.float64(0.5)}
2025-10-01 14:39:15 - Subject AVO_004: Sampled 10/84 trials
2025-10-01 14:39:15 -   Original distribution: {np.int64(0): np.float64(0.5), np.int64(1): np.float64(0.5)}
2025-10-01 14:39:15 -   Sampled distribution: {np.int64(0): np.float64(0.5), np.int64(1): np.float64(0.5)}
2025-10-01 14:39:15 - Subject AVO_029: Sampled 10/84 trials
2025-10-01 14:39:15 -   Original distribution: {np.int64(0): np.float64(0.5), np.int64(1): np.float64(0.5)}
2025-10-01 14:39:15 -   Sampled distribution: {np.int64(0): np.float64(0.5), np.int64(1): np.float64(0.5)}
2025-10-01 14:39:15 - Subject AVO_036: Sampled 10/84 trials
2025-10-01 14:39:15 -   Original distribution: {np.int64(0): np.float64(0.5), np.int64(1): np.float64(0.5)}
2025-10-01 14:39:15 -   Sampled distribution: {np.int64(0): np.float64(0.5), np.int64(1): np.float64(0.5)}
2025-10-01 14:39:15 - Subject AVO_040: Sampled 10/84 trials
2025-10-01 14:39:15 -   Original distribution: {np.int64(0): np.float64(0.5), np.int64(1): np.float64(0.5)}
2025-10-01 14:39:15 -   Sampled distribution: {np.int64(0): np.float64(0.5), np.int64(1): np.float64(0.5)}
2025-10-01 14:39:15 - Subject AVO_051: Sampled 10/84 trials
2025-10-01 14:39:15 -   Original distribution: {np.int64(0): np.float64(0.5), np.int64(1): np.float64(0.5)}
2025-10-01 14:39:15 -   Sampled distribution: {np.int64(0): np.float64(0.5), np.int64(1): np.float64(0.5)}
2025-10-01 14:39:15 - Subject AVO_026: Sampled 10/82 trials
2025-10-01 14:39:15 -   Original distribution: {np.int64(0): np.float64(0.5), np.int64(1): np.float64(0.5)}
2025-10-01 14:39:15 -   Sampled distribution: {np.int64(0): np.float64(0.5), np.int64(1): np.float64(0.5)}
2025-10-01 14:39:15 - Subject AVO_028: Sampled 10/82 trials
2025-10-01 14:39:15 -   Original distribution: {np.int64(0): np.float64(0.5), np.int64(1): np.float64(0.5)}
2025-10-01 14:39:15 -   Sampled distribution: {np.int64(0): np.float64(0.5), np.int64(1): np.float64(0.5)}
2025-10-01 14:39:16 - Subject AVO_021: Sampled 10/80 trials
2025-10-01 14:39:16 -   Original distribution: {np.int64(0): np.float64(0.5), np.int64(1): np.float64(0.5)}
2025-10-01 14:39:16 -   Sampled distribution: {np.int64(0): np.float64(0.5), np.int64(1): np.float64(0.5)}
2025-10-01 14:39:16 - Subject AVO_023: Sampled 10/78 trials
2025-10-01 14:39:16 -   Original distribution: {np.int64(0): np.float64(0.5), np.int64(1): np.float64(0.5)}
2025-10-01 14:39:16 -   Sampled distribution: {np.int64(0): np.float64(0.5), np.int64(1): np.float64(0.5)}
2025-10-01 14:39:16 - Subject AVO_033: Sampled 10/78 trials
2025-10-01 14:39:16 -   Original distribution: {np.int64(0): np.float64(0.5), np.int64(1): np.float64(0.5)}
2025-10-01 14:39:16 -   Sampled distribution: {np.int64(0): np.float64(0.5), np.int64(1): np.float64(0.5)}
2025-10-01 14:39:16 - Subject AVO_007: Sampled 10/76 trials
2025-10-01 14:39:16 -   Original distribution: {np.int64(0): np.float64(0.5), np.int64(1): np.float64(0.5)}
2025-10-01 14:39:16 -   Sampled distribution: {np.int64(0): np.float64(0.5), np.int64(1): np.float64(0.5)}
2025-10-01 14:39:16 - Subject AVO_009: Sampled 10/76 trials
2025-10-01 14:39:16 -   Original distribution: {np.int64(0): np.float64(0.5), np.int64(1): np.float64(0.5)}
2025-10-01 14:39:16 -   Sampled distribution: {np.int64(0): np.float64(0.5), np.int64(1): np.float64(0.5)}
2025-10-01 14:39:16 - Subject AVO_019: Sampled 10/76 trials
2025-10-01 14:39:16 -   Original distribution: {np.int64(0): np.float64(0.5), np.int64(1): np.float64(0.5)}
2025-10-01 14:39:16 -   Sampled distribution: {np.int64(0): np.float64(0.5), np.int64(1): np.float64(0.5)}
2025-10-01 14:39:16 - Subject AVO_020: Sampled 10/76 trials
2025-10-01 14:39:16 -   Original distribution: {np.int64(0): np.float64(0.5), np.int64(1): np.float64(0.5)}
2025-10-01 14:39:16 -   Sampled distribution: {np.int64(0): np.float64(0.5), np.int64(1): np.float64(0.5)}
2025-10-01 14:39:16 - Subject AVO_006: Sampled 10/74 trials
2025-10-01 14:39:16 -   Original distribution: {np.int64(0): np.float64(0.5), np.int64(1): np.float64(0.5)}
2025-10-01 14:39:16 -   Sampled distribution: {np.int64(0): np.float64(0.5), np.int64(1): np.float64(0.5)}
2025-10-01 14:39:16 - Subject AVO_017: Sampled 10/74 trials
2025-10-01 14:39:16 -   Original distribution: {np.int64(0): np.float64(0.5), np.int64(1): np.float64(0.5)}
2025-10-01 14:39:16 -   Sampled distribution: {np.int64(0): np.float64(0.5), np.int64(1): np.float64(0.5)}
2025-10-01 14:39:17 - Subject AVO_005: Sampled 10/72 trials
2025-10-01 14:39:17 -   Original distribution: {np.int64(0): np.float64(0.5), np.int64(1): np.float64(0.5)}
2025-10-01 14:39:17 -   Sampled distribution: {np.int64(0): np.float64(0.5), np.int64(1): np.float64(0.5)}
2025-10-01 14:39:17 - Subject AVO_008: Sampled 10/72 trials
2025-10-01 14:39:17 -   Original distribution: {np.int64(0): np.float64(0.5), np.int64(1): np.float64(0.5)}
2025-10-01 14:39:17 -   Sampled distribution: {np.int64(0): np.float64(0.5), np.int64(1): np.float64(0.5)}
2025-10-01 14:39:17 - Subject AVO_010: Sampled 10/72 trials
2025-10-01 14:39:17 -   Original distribution: {np.int64(0): np.float64(0.5), np.int64(1): np.float64(0.5)}
2025-10-01 14:39:17 -   Sampled distribution: {np.int64(0): np.float64(0.5), np.int64(1): np.float64(0.5)}
2025-10-01 14:39:17 - Subject AVO_012: Sampled 10/72 trials
2025-10-01 14:39:17 -   Original distribution: {np.int64(0): np.float64(0.5), np.int64(1): np.float64(0.5)}
2025-10-01 14:39:17 -   Sampled distribution: {np.int64(0): np.float64(0.5), np.int64(1): np.float64(0.5)}
2025-10-01 14:39:17 - Subject AVO_013: Sampled 10/72 trials
2025-10-01 14:39:17 -   Original distribution: {np.int64(0): np.float64(0.5), np.int64(1): np.float64(0.5)}
2025-10-01 14:39:17 -   Sampled distribution: {np.int64(0): np.float64(0.5), np.int64(1): np.float64(0.5)}
2025-10-01 14:39:17 - Subject AVO_014: Sampled 10/72 trials
2025-10-01 14:39:17 -   Original distribution: {np.int64(0): np.float64(0.5), np.int64(1): np.float64(0.5)}
2025-10-01 14:39:17 -   Sampled distribution: {np.int64(0): np.float64(0.5), np.int64(1): np.float64(0.5)}
2025-10-01 14:39:17 - Subject AVO_022: Sampled 10/72 trials
2025-10-01 14:39:17 -   Original distribution: {np.int64(0): np.float64(0.5), np.int64(1): np.float64(0.5)}
2025-10-01 14:39:17 -   Sampled distribution: {np.int64(0): np.float64(0.5), np.int64(1): np.float64(0.5)}
2025-10-01 14:39:17 - Subject AVO_030: Sampled 10/72 trials
2025-10-01 14:39:17 -   Original distribution: {np.int64(0): np.float64(0.5), np.int64(1): np.float64(0.5)}
2025-10-01 14:39:17 -   Sampled distribution: {np.int64(0): np.float64(0.5), np.int64(1): np.float64(0.5)}
2025-10-01 14:39:17 - Subject AVO_034: Sampled 10/72 trials
2025-10-01 14:39:17 -   Original distribution: {np.int64(0): np.float64(0.5), np.int64(1): np.float64(0.5)}
2025-10-01 14:39:17 -   Sampled distribution: {np.int64(0): np.float64(0.5), np.int64(1): np.float64(0.5)}
2025-10-01 14:39:18 - Subject AVO_042: Sampled 10/72 trials
2025-10-01 14:39:18 -   Original distribution: {np.int64(0): np.float64(0.5), np.int64(1): np.float64(0.5)}
2025-10-01 14:39:18 -   Sampled distribution: {np.int64(0): np.float64(0.5), np.int64(1): np.float64(0.5)}
2025-10-01 14:39:18 - Subject AVO_043: Sampled 10/72 trials
2025-10-01 14:39:18 -   Original distribution: {np.int64(0): np.float64(0.5), np.int64(1): np.float64(0.5)}
2025-10-01 14:39:18 -   Sampled distribution: {np.int64(0): np.float64(0.5), np.int64(1): np.float64(0.5)}
2025-10-01 14:39:18 - Subject AVO_001: Sampled 10/70 trials
2025-10-01 14:39:18 -   Original distribution: {np.int64(0): np.float64(0.5), np.int64(1): np.float64(0.5)}
2025-10-01 14:39:18 -   Sampled distribution: {np.int64(0): np.float64(0.5), np.int64(1): np.float64(0.5)}
2025-10-01 14:39:18 - Subject AVO_002: Sampled 10/70 trials
2025-10-01 14:39:18 -   Original distribution: {np.int64(0): np.float64(0.5), np.int64(1): np.float64(0.5)}
2025-10-01 14:39:18 -   Sampled distribution: {np.int64(0): np.float64(0.5), np.int64(1): np.float64(0.5)}
2025-10-01 14:39:18 - Subject AVO_016: Sampled 10/70 trials
2025-10-01 14:39:18 -   Original distribution: {np.int64(0): np.float64(0.5), np.int64(1): np.float64(0.5)}
2025-10-01 14:39:18 -   Sampled distribution: {np.int64(0): np.float64(0.5), np.int64(1): np.float64(0.5)}
2025-10-01 14:39:18 - Combined dataset summary: total=3588, P3=3188, AVO=400
2025-10-01 14:39:18 - Repeat 1/5
2025-10-01 14:39:18 -   Fold 1/5
2025-10-01 14:39:18 - Fold domains: small=AVO (n=267), large=P3 (n=2244)
2025-10-01 14:39:18 - Auto adjustments (symmetric): w_small≈1.000, lambda_MMD_target=0.150, warmup_epochs=5
2025-10-01 14:39:18 - Epoch 1/500 | LR=0.010000 | w_P3=1.000 | w_AVO=1.380 | lambda_MMD=0.030
2025-10-01 14:39:19 - Epoch Summary: TrainLoss=1.7070 | TrainAcc=0.539 | Val(P3)=0.597 | Val(AVO)=0.706
2025-10-01 14:39:19 - New best AVO-val; checkpoint updated
2025-10-01 14:39:19 - Epoch 2/500 | LR=0.010000 | w_P3=1.000 | w_AVO=1.760 | lambda_MMD=0.060
2025-10-01 14:39:19 - Epoch Summary: TrainLoss=1.7703 | TrainAcc=0.614 | Val(P3)=0.568 | Val(AVO)=0.667
2025-10-01 14:39:19 - No AVO-val improvement; patience remaining: 49/50
2025-10-01 14:39:19 - Epoch 3/500 | LR=0.010000 | w_P3=1.000 | w_AVO=2.139 | lambda_MMD=0.090
2025-10-01 14:39:19 - Epoch Summary: TrainLoss=1.9804 | TrainAcc=0.605 | Val(P3)=0.594 | Val(AVO)=0.647
2025-10-01 14:39:19 - No AVO-val improvement; patience remaining: 48/50
2025-10-01 14:39:19 - AVO val decreasing 3x. Reducing w_small to 2.015, lambda_MMD to 0.060
2025-10-01 14:39:19 - Epoch 4/500 | LR=0.009999 | w_P3=1.000 | w_AVO=2.015 | lambda_MMD=0.060
2025-10-01 14:39:19 - Epoch Summary: TrainLoss=1.9463 | TrainAcc=0.611 | Val(P3)=0.643 | Val(AVO)=0.627
2025-10-01 14:39:19 - No AVO-val improvement; patience remaining: 47/50
2025-10-01 14:39:19 - AVO val decreasing 3x. Reducing w_small to 2.319, lambda_MMD to 0.075
2025-10-01 14:39:19 - Epoch 5/500 | LR=0.009998 | w_P3=1.000 | w_AVO=2.319 | lambda_MMD=0.075
2025-10-01 14:39:20 - Epoch Summary: TrainLoss=2.1181 | TrainAcc=0.615 | Val(P3)=0.597 | Val(AVO)=0.569
2025-10-01 14:39:20 - No AVO-val improvement; patience remaining: 46/50
2025-10-01 14:39:20 - AVO val decreasing 3x. Reducing w_small to 2.319, lambda_MMD to 0.075
2025-10-01 14:39:20 - Epoch 6/500 | LR=0.009998 | w_P3=1.000 | w_AVO=2.319 | lambda_MMD=0.075
2025-10-01 14:39:20 - Epoch Summary: TrainLoss=2.0677 | TrainAcc=0.610 | Val(P3)=0.607 | Val(AVO)=0.627
2025-10-01 14:39:20 - No AVO-val improvement; patience remaining: 45/50
2025-10-01 14:39:20 - Epoch 7/500 | LR=0.009996 | w_P3=1.000 | w_AVO=2.899 | lambda_MMD=0.150
2025-10-01 14:39:20 - Epoch Summary: TrainLoss=2.4228 | TrainAcc=0.610 | Val(P3)=0.591 | Val(AVO)=0.725
2025-10-01 14:39:20 - New best AVO-val; checkpoint updated
2025-10-01 14:39:20 - Epoch 8/500 | LR=0.009995 | w_P3=1.000 | w_AVO=2.899 | lambda_MMD=0.150
2025-10-01 14:39:20 - Epoch Summary: TrainLoss=2.3485 | TrainAcc=0.619 | Val(P3)=0.610 | Val(AVO)=0.706
2025-10-01 14:39:20 - No AVO-val improvement; patience remaining: 49/50
2025-10-01 14:39:20 - Epoch 9/500 | LR=0.009994 | w_P3=1.000 | w_AVO=2.899 | lambda_MMD=0.150
2025-10-01 14:39:20 - Epoch Summary: TrainLoss=2.3406 | TrainAcc=0.618 | Val(P3)=0.575 | Val(AVO)=0.569
2025-10-01 14:39:20 - No AVO-val improvement; patience remaining: 48/50
2025-10-01 14:39:20 - AVO val decreasing 3x. Reducing w_small to 2.319, lambda_MMD to 0.075
2025-10-01 14:39:20 - Epoch 10/500 | LR=0.009992 | w_P3=1.000 | w_AVO=2.319 | lambda_MMD=0.075
2025-10-01 14:39:20 - Epoch Summary: TrainLoss=1.9837 | TrainAcc=0.604 | Val(P3)=0.562 | Val(AVO)=0.725
2025-10-01 14:39:20 - No AVO-val improvement; patience remaining: 47/50
2025-10-01 14:39:20 - P3 val decreasing 3x. Reducing lambda_MMD to 0.105
2025-10-01 14:39:20 - Epoch 11/500 | LR=0.009990 | w_P3=1.000 | w_AVO=2.899 | lambda_MMD=0.105
2025-10-01 14:39:20 - Epoch Summary: TrainLoss=2.3504 | TrainAcc=0.606 | Val(P3)=0.604 | Val(AVO)=0.608
2025-10-01 14:39:20 - No AVO-val improvement; patience remaining: 46/50
2025-10-01 14:39:20 - Epoch 12/500 | LR=0.009988 | w_P3=1.000 | w_AVO=2.899 | lambda_MMD=0.150
2025-10-01 14:39:21 - Epoch Summary: TrainLoss=2.2931 | TrainAcc=0.621 | Val(P3)=0.604 | Val(AVO)=0.686
2025-10-01 14:39:21 - No AVO-val improvement; patience remaining: 45/50
2025-10-01 14:39:21 - Epoch 13/500 | LR=0.009986 | w_P3=1.000 | w_AVO=2.899 | lambda_MMD=0.150
2025-10-01 14:39:21 - Epoch Summary: TrainLoss=2.2891 | TrainAcc=0.620 | Val(P3)=0.594 | Val(AVO)=0.608
2025-10-01 14:39:21 - No AVO-val improvement; patience remaining: 44/50
2025-10-01 14:39:21 - Epoch 14/500 | LR=0.009983 | w_P3=1.000 | w_AVO=2.899 | lambda_MMD=0.150
2025-10-01 14:39:21 - Epoch Summary: TrainLoss=2.2823 | TrainAcc=0.624 | Val(P3)=0.610 | Val(AVO)=0.667
2025-10-01 14:39:21 - No AVO-val improvement; patience remaining: 43/50
2025-10-01 14:39:21 - Epoch 15/500 | LR=0.009981 | w_P3=1.000 | w_AVO=2.899 | lambda_MMD=0.150
2025-10-01 14:39:21 - Epoch Summary: TrainLoss=2.2396 | TrainAcc=0.626 | Val(P3)=0.627 | Val(AVO)=0.588
2025-10-01 14:39:21 - No AVO-val improvement; patience remaining: 42/50
2025-10-01 14:39:21 - Epoch 16/500 | LR=0.009978 | w_P3=1.000 | w_AVO=2.899 | lambda_MMD=0.150
2025-10-01 14:39:21 - Epoch Summary: TrainLoss=2.1693 | TrainAcc=0.619 | Val(P3)=0.581 | Val(AVO)=0.706
2025-10-01 14:39:21 - No AVO-val improvement; patience remaining: 41/50
2025-10-01 14:39:21 - Epoch 17/500 | LR=0.009975 | w_P3=1.000 | w_AVO=2.899 | lambda_MMD=0.150
2025-10-01 14:39:21 - Epoch Summary: TrainLoss=2.0738 | TrainAcc=0.619 | Val(P3)=0.578 | Val(AVO)=0.569
2025-10-01 14:39:21 - No AVO-val improvement; patience remaining: 40/50
2025-10-01 14:39:21 - P3 val decreasing 3x. Reducing lambda_MMD to 0.105
2025-10-01 14:39:21 - Epoch 18/500 | LR=0.009972 | w_P3=1.000 | w_AVO=2.899 | lambda_MMD=0.105
2025-10-01 14:39:21 - Epoch Summary: TrainLoss=2.0639 | TrainAcc=0.614 | Val(P3)=0.532 | Val(AVO)=0.706
2025-10-01 14:39:21 - No AVO-val improvement; patience remaining: 39/50
2025-10-01 14:39:21 - P3 val decreasing 3x. Reducing lambda_MMD to 0.105
2025-10-01 14:39:21 - Epoch 19/500 | LR=0.009968 | w_P3=1.000 | w_AVO=2.899 | lambda_MMD=0.105
2025-10-01 14:39:22 - Epoch Summary: TrainLoss=2.0978 | TrainAcc=0.618 | Val(P3)=0.584 | Val(AVO)=0.627
2025-10-01 14:39:22 - No AVO-val improvement; patience remaining: 38/50
2025-10-01 14:39:22 - Epoch 20/500 | LR=0.009964 | w_P3=1.000 | w_AVO=2.899 | lambda_MMD=0.150
2025-10-01 14:39:22 - Epoch Summary: TrainLoss=2.0775 | TrainAcc=0.618 | Val(P3)=0.591 | Val(AVO)=0.706
2025-10-01 14:39:22 - No AVO-val improvement; patience remaining: 37/50
2025-10-01 14:39:22 - Epoch 21/500 | LR=0.009961 | w_P3=1.000 | w_AVO=2.899 | lambda_MMD=0.150
2025-10-01 14:39:22 - Epoch Summary: TrainLoss=2.0038 | TrainAcc=0.630 | Val(P3)=0.581 | Val(AVO)=0.686
2025-10-01 14:39:22 - No AVO-val improvement; patience remaining: 36/50
2025-10-01 14:39:22 - Epoch 22/500 | LR=0.009957 | w_P3=1.000 | w_AVO=2.899 | lambda_MMD=0.150
2025-10-01 14:39:22 - Epoch Summary: TrainLoss=1.9954 | TrainAcc=0.630 | Val(P3)=0.571 | Val(AVO)=0.667
2025-10-01 14:39:22 - No AVO-val improvement; patience remaining: 35/50
2025-10-01 14:39:22 - AVO val decreasing 3x. Reducing w_small to 2.319, lambda_MMD to 0.075
2025-10-01 14:39:22 - P3 val decreasing 3x. Reducing lambda_MMD to 0.052
2025-10-01 14:39:22 - Epoch 23/500 | LR=0.009952 | w_P3=1.000 | w_AVO=2.319 | lambda_MMD=0.052
2025-10-01 14:39:22 - Epoch Summary: TrainLoss=1.6719 | TrainAcc=0.641 | Val(P3)=0.552 | Val(AVO)=0.706
2025-10-01 14:39:22 - No AVO-val improvement; patience remaining: 34/50
2025-10-01 14:39:22 - P3 val decreasing 3x. Reducing lambda_MMD to 0.105
2025-10-01 14:39:22 - Epoch 24/500 | LR=0.009948 | w_P3=1.000 | w_AVO=2.899 | lambda_MMD=0.105
2025-10-01 14:39:22 - Epoch Summary: TrainLoss=1.9525 | TrainAcc=0.612 | Val(P3)=0.601 | Val(AVO)=0.706
2025-10-01 14:39:22 - No AVO-val improvement; patience remaining: 33/50
2025-10-01 14:39:22 - Epoch 25/500 | LR=0.009943 | w_P3=1.000 | w_AVO=2.899 | lambda_MMD=0.150
2025-10-01 14:39:23 - Epoch Summary: TrainLoss=1.8528 | TrainAcc=0.631 | Val(P3)=0.607 | Val(AVO)=0.686
2025-10-01 14:39:23 - No AVO-val improvement; patience remaining: 32/50
2025-10-01 14:39:23 - Epoch 26/500 | LR=0.009938 | w_P3=1.000 | w_AVO=2.899 | lambda_MMD=0.150
2025-10-01 14:39:23 - Epoch Summary: TrainLoss=1.8696 | TrainAcc=0.631 | Val(P3)=0.594 | Val(AVO)=0.686
2025-10-01 14:39:23 - No AVO-val improvement; patience remaining: 31/50
2025-10-01 14:39:23 - Epoch 27/500 | LR=0.009933 | w_P3=1.000 | w_AVO=2.899 | lambda_MMD=0.150
2025-10-01 14:39:23 - Epoch Summary: TrainLoss=1.8769 | TrainAcc=0.630 | Val(P3)=0.568 | Val(AVO)=0.706
2025-10-01 14:39:23 - No AVO-val improvement; patience remaining: 30/50
2025-10-01 14:39:23 - P3 val decreasing 3x. Reducing lambda_MMD to 0.105
2025-10-01 14:39:23 - Epoch 28/500 | LR=0.009928 | w_P3=1.000 | w_AVO=2.899 | lambda_MMD=0.105
2025-10-01 14:39:23 - Epoch Summary: TrainLoss=1.8677 | TrainAcc=0.623 | Val(P3)=0.581 | Val(AVO)=0.647
2025-10-01 14:39:23 - No AVO-val improvement; patience remaining: 29/50
2025-10-01 14:39:23 - Epoch 29/500 | LR=0.009923 | w_P3=1.000 | w_AVO=2.899 | lambda_MMD=0.150
2025-10-01 14:39:23 - Epoch Summary: TrainLoss=1.8496 | TrainAcc=0.627 | Val(P3)=0.591 | Val(AVO)=0.608
2025-10-01 14:39:23 - No AVO-val improvement; patience remaining: 28/50
2025-10-01 14:39:23 - AVO val decreasing 3x. Reducing w_small to 2.319, lambda_MMD to 0.075
2025-10-01 14:39:23 - Epoch 30/500 | LR=0.009917 | w_P3=1.000 | w_AVO=2.319 | lambda_MMD=0.075
2025-10-01 14:39:23 - Epoch Summary: TrainLoss=1.6128 | TrainAcc=0.621 | Val(P3)=0.617 | Val(AVO)=0.647
2025-10-01 14:39:23 - No AVO-val improvement; patience remaining: 27/50
2025-10-01 14:39:23 - Epoch 31/500 | LR=0.009911 | w_P3=1.000 | w_AVO=2.899 | lambda_MMD=0.150
2025-10-01 14:39:23 - Epoch Summary: TrainLoss=1.7389 | TrainAcc=0.637 | Val(P3)=0.597 | Val(AVO)=0.725
2025-10-01 14:39:23 - No AVO-val improvement; patience remaining: 26/50
2025-10-01 14:39:23 - Epoch 32/500 | LR=0.009905 | w_P3=1.000 | w_AVO=2.899 | lambda_MMD=0.150
2025-10-01 14:39:24 - Epoch Summary: TrainLoss=1.7119 | TrainAcc=0.643 | Val(P3)=0.591 | Val(AVO)=0.627
2025-10-01 14:39:24 - No AVO-val improvement; patience remaining: 25/50
2025-10-01 14:39:24 - P3 val decreasing 3x. Reducing lambda_MMD to 0.105
2025-10-01 14:39:24 - Epoch 33/500 | LR=0.009899 | w_P3=1.000 | w_AVO=2.899 | lambda_MMD=0.105
2025-10-01 14:39:24 - Epoch Summary: TrainLoss=1.6416 | TrainAcc=0.638 | Val(P3)=0.571 | Val(AVO)=0.745
2025-10-01 14:39:24 - New best AVO-val; checkpoint updated
2025-10-01 14:39:24 - P3 val decreasing 3x. Reducing lambda_MMD to 0.105
2025-10-01 14:39:24 - Epoch 34/500 | LR=0.009893 | w_P3=1.000 | w_AVO=2.899 | lambda_MMD=0.105
2025-10-01 14:39:24 - Epoch Summary: TrainLoss=1.6879 | TrainAcc=0.641 | Val(P3)=0.607 | Val(AVO)=0.784
2025-10-01 14:39:24 - New best AVO-val; checkpoint updated
2025-10-01 14:39:24 - Epoch 35/500 | LR=0.009886 | w_P3=1.000 | w_AVO=2.899 | lambda_MMD=0.150
2025-10-01 14:39:24 - Epoch Summary: TrainLoss=1.6351 | TrainAcc=0.636 | Val(P3)=0.545 | Val(AVO)=0.549
2025-10-01 14:39:24 - No AVO-val improvement; patience remaining: 49/50
2025-10-01 14:39:24 - Epoch 36/500 | LR=0.009880 | w_P3=1.000 | w_AVO=2.899 | lambda_MMD=0.150
2025-10-01 14:39:24 - Epoch Summary: TrainLoss=1.5392 | TrainAcc=0.625 | Val(P3)=0.545 | Val(AVO)=0.647
2025-10-01 14:39:24 - No AVO-val improvement; patience remaining: 48/50
2025-10-01 14:39:24 - Epoch 37/500 | LR=0.009873 | w_P3=1.000 | w_AVO=2.899 | lambda_MMD=0.150
2025-10-01 14:39:24 - Epoch Summary: TrainLoss=1.6464 | TrainAcc=0.638 | Val(P3)=0.594 | Val(AVO)=0.667
2025-10-01 14:39:24 - No AVO-val improvement; patience remaining: 47/50
2025-10-01 14:39:24 - Epoch 38/500 | LR=0.009865 | w_P3=1.000 | w_AVO=2.899 | lambda_MMD=0.150
2025-10-01 14:39:24 - Epoch Summary: TrainLoss=1.5475 | TrainAcc=0.643 | Val(P3)=0.604 | Val(AVO)=0.725
2025-10-01 14:39:24 - No AVO-val improvement; patience remaining: 46/50
2025-10-01 14:39:24 - Epoch 39/500 | LR=0.009858 | w_P3=1.000 | w_AVO=2.899 | lambda_MMD=0.150
2025-10-01 14:39:25 - Epoch Summary: TrainLoss=1.5497 | TrainAcc=0.646 | Val(P3)=0.584 | Val(AVO)=0.725
2025-10-01 14:39:25 - No AVO-val improvement; patience remaining: 45/50
2025-10-01 14:39:25 - Epoch 40/500 | LR=0.009851 | w_P3=1.000 | w_AVO=2.899 | lambda_MMD=0.150
2025-10-01 14:39:25 - Epoch Summary: TrainLoss=1.5254 | TrainAcc=0.627 | Val(P3)=0.584 | Val(AVO)=0.706
2025-10-01 14:39:25 - No AVO-val improvement; patience remaining: 44/50
2025-10-01 14:39:25 - Epoch 41/500 | LR=0.009843 | w_P3=1.000 | w_AVO=2.899 | lambda_MMD=0.150
2025-10-01 14:39:25 - Epoch Summary: TrainLoss=1.4931 | TrainAcc=0.649 | Val(P3)=0.594 | Val(AVO)=0.706
2025-10-01 14:39:25 - No AVO-val improvement; patience remaining: 43/50
2025-10-01 14:39:25 - Epoch 42/500 | LR=0.009835 | w_P3=1.000 | w_AVO=2.899 | lambda_MMD=0.150
2025-10-01 14:39:25 - Epoch Summary: TrainLoss=1.3904 | TrainAcc=0.632 | Val(P3)=0.614 | Val(AVO)=0.706
2025-10-01 14:39:25 - No AVO-val improvement; patience remaining: 42/50
2025-10-01 14:39:25 - Epoch 43/500 | LR=0.009827 | w_P3=1.000 | w_AVO=2.899 | lambda_MMD=0.150
2025-10-01 14:39:25 - Epoch Summary: TrainLoss=1.4250 | TrainAcc=0.651 | Val(P3)=0.630 | Val(AVO)=0.725
2025-10-01 14:39:25 - No AVO-val improvement; patience remaining: 41/50
2025-10-01 14:39:25 - Epoch 44/500 | LR=0.009819 | w_P3=1.000 | w_AVO=2.899 | lambda_MMD=0.150
2025-10-01 14:39:25 - Epoch Summary: TrainLoss=1.3731 | TrainAcc=0.622 | Val(P3)=0.597 | Val(AVO)=0.725
2025-10-01 14:39:25 - No AVO-val improvement; patience remaining: 40/50
2025-10-01 14:39:25 - Epoch 45/500 | LR=0.009810 | w_P3=1.000 | w_AVO=2.899 | lambda_MMD=0.150
2025-10-01 14:39:25 - Epoch Summary: TrainLoss=1.4018 | TrainAcc=0.637 | Val(P3)=0.549 | Val(AVO)=0.627
2025-10-01 14:39:25 - No AVO-val improvement; patience remaining: 39/50
2025-10-01 14:39:25 - P3 val decreasing 3x. Reducing lambda_MMD to 0.105
2025-10-01 14:39:25 - Epoch 46/500 | LR=0.009801 | w_P3=1.000 | w_AVO=2.899 | lambda_MMD=0.105
2025-10-01 14:39:26 - Epoch Summary: TrainLoss=1.3764 | TrainAcc=0.647 | Val(P3)=0.549 | Val(AVO)=0.608
2025-10-01 14:39:26 - No AVO-val improvement; patience remaining: 38/50
2025-10-01 14:39:26 - AVO val decreasing 3x. Reducing w_small to 2.319, lambda_MMD to 0.075
2025-10-01 14:39:26 - Epoch 47/500 | LR=0.009793 | w_P3=1.000 | w_AVO=2.319 | lambda_MMD=0.075
2025-10-01 14:39:26 - Epoch Summary: TrainLoss=1.2052 | TrainAcc=0.649 | Val(P3)=0.601 | Val(AVO)=0.706
2025-10-01 14:39:26 - No AVO-val improvement; patience remaining: 37/50
2025-10-01 14:39:26 - Epoch 48/500 | LR=0.009784 | w_P3=1.000 | w_AVO=2.899 | lambda_MMD=0.150
2025-10-01 14:39:26 - Epoch Summary: TrainLoss=1.2918 | TrainAcc=0.651 | Val(P3)=0.597 | Val(AVO)=0.667
2025-10-01 14:39:26 - No AVO-val improvement; patience remaining: 36/50
2025-10-01 14:39:26 - Epoch 49/500 | LR=0.009774 | w_P3=1.000 | w_AVO=2.899 | lambda_MMD=0.150
2025-10-01 14:39:26 - Epoch Summary: TrainLoss=1.2980 | TrainAcc=0.656 | Val(P3)=0.562 | Val(AVO)=0.588
2025-10-01 14:39:26 - No AVO-val improvement; patience remaining: 35/50
2025-10-01 14:39:26 - AVO val decreasing 3x. Reducing w_small to 2.319, lambda_MMD to 0.075
2025-10-01 14:39:26 - P3 val decreasing 3x. Reducing lambda_MMD to 0.052
2025-10-01 14:39:26 - Epoch 50/500 | LR=0.009765 | w_P3=1.000 | w_AVO=2.319 | lambda_MMD=0.052
2025-10-01 14:39:26 - Epoch Summary: TrainLoss=1.1703 | TrainAcc=0.651 | Val(P3)=0.597 | Val(AVO)=0.667
2025-10-01 14:39:26 - No AVO-val improvement; patience remaining: 34/50
2025-10-01 14:39:26 - Epoch 51/500 | LR=0.009755 | w_P3=1.000 | w_AVO=2.899 | lambda_MMD=0.150
2025-10-01 14:39:26 - Epoch Summary: TrainLoss=1.2835 | TrainAcc=0.662 | Val(P3)=0.594 | Val(AVO)=0.725
2025-10-01 14:39:26 - No AVO-val improvement; patience remaining: 33/50
2025-10-01 14:39:26 - Epoch 52/500 | LR=0.009745 | w_P3=1.000 | w_AVO=2.899 | lambda_MMD=0.150
2025-10-01 14:39:27 - Epoch Summary: TrainLoss=1.2134 | TrainAcc=0.640 | Val(P3)=0.532 | Val(AVO)=0.549
2025-10-01 14:39:27 - No AVO-val improvement; patience remaining: 32/50
2025-10-01 14:39:27 - P3 val decreasing 3x. Reducing lambda_MMD to 0.105
2025-10-01 14:39:27 - Epoch 53/500 | LR=0.009735 | w_P3=1.000 | w_AVO=2.899 | lambda_MMD=0.105
2025-10-01 14:39:27 - Epoch Summary: TrainLoss=1.2467 | TrainAcc=0.652 | Val(P3)=0.614 | Val(AVO)=0.667
2025-10-01 14:39:27 - No AVO-val improvement; patience remaining: 31/50
2025-10-01 14:39:27 - Epoch 54/500 | LR=0.009725 | w_P3=1.000 | w_AVO=2.899 | lambda_MMD=0.150
2025-10-01 14:39:27 - Epoch Summary: TrainLoss=1.2684 | TrainAcc=0.653 | Val(P3)=0.604 | Val(AVO)=0.706
2025-10-01 14:39:27 - No AVO-val improvement; patience remaining: 30/50
2025-10-01 14:39:27 - Epoch 55/500 | LR=0.009715 | w_P3=1.000 | w_AVO=2.899 | lambda_MMD=0.150
2025-10-01 14:39:27 - Epoch Summary: TrainLoss=1.1720 | TrainAcc=0.656 | Val(P3)=0.623 | Val(AVO)=0.627
2025-10-01 14:39:27 - No AVO-val improvement; patience remaining: 29/50
2025-10-01 14:39:27 - Epoch 56/500 | LR=0.009704 | w_P3=1.000 | w_AVO=2.899 | lambda_MMD=0.150
2025-10-01 14:39:27 - Epoch Summary: TrainLoss=1.1645 | TrainAcc=0.645 | Val(P3)=0.604 | Val(AVO)=0.686
2025-10-01 14:39:27 - No AVO-val improvement; patience remaining: 28/50
2025-10-01 14:39:27 - Epoch 57/500 | LR=0.009694 | w_P3=1.000 | w_AVO=2.899 | lambda_MMD=0.150
2025-10-01 14:39:27 - Epoch Summary: TrainLoss=1.1759 | TrainAcc=0.664 | Val(P3)=0.575 | Val(AVO)=0.667
2025-10-01 14:39:27 - No AVO-val improvement; patience remaining: 27/50
2025-10-01 14:39:27 - P3 val decreasing 3x. Reducing lambda_MMD to 0.105
2025-10-01 14:39:27 - Epoch 58/500 | LR=0.009683 | w_P3=1.000 | w_AVO=2.899 | lambda_MMD=0.105
2025-10-01 14:39:27 - Epoch Summary: TrainLoss=1.1293 | TrainAcc=0.650 | Val(P3)=0.555 | Val(AVO)=0.549
2025-10-01 14:39:27 - No AVO-val improvement; patience remaining: 26/50
2025-10-01 14:39:27 - AVO val decreasing 3x. Reducing w_small to 2.319, lambda_MMD to 0.075
2025-10-01 14:39:27 - P3 val decreasing 3x. Reducing lambda_MMD to 0.052
2025-10-01 14:39:27 - Epoch 59/500 | LR=0.009672 | w_P3=1.000 | w_AVO=2.319 | lambda_MMD=0.052
2025-10-01 14:39:28 - Epoch Summary: TrainLoss=0.9845 | TrainAcc=0.668 | Val(P3)=0.607 | Val(AVO)=0.647
2025-10-01 14:39:28 - No AVO-val improvement; patience remaining: 25/50
2025-10-01 14:39:28 - Epoch 60/500 | LR=0.009660 | w_P3=1.000 | w_AVO=2.899 | lambda_MMD=0.150
2025-10-01 14:39:28 - Epoch Summary: TrainLoss=1.1318 | TrainAcc=0.659 | Val(P3)=0.562 | Val(AVO)=0.647
2025-10-01 14:39:28 - No AVO-val improvement; patience remaining: 24/50
2025-10-01 14:39:28 - Epoch 61/500 | LR=0.009649 | w_P3=1.000 | w_AVO=2.899 | lambda_MMD=0.150
2025-10-01 14:39:28 - Epoch Summary: TrainLoss=1.0613 | TrainAcc=0.672 | Val(P3)=0.604 | Val(AVO)=0.647
2025-10-01 14:39:28 - No AVO-val improvement; patience remaining: 23/50
2025-10-01 14:39:28 - Epoch 62/500 | LR=0.009637 | w_P3=1.000 | w_AVO=2.899 | lambda_MMD=0.150
2025-10-01 14:39:28 - Epoch Summary: TrainLoss=1.0899 | TrainAcc=0.660 | Val(P3)=0.594 | Val(AVO)=0.686
2025-10-01 14:39:28 - No AVO-val improvement; patience remaining: 22/50
2025-10-01 14:39:28 - Epoch 63/500 | LR=0.009625 | w_P3=1.000 | w_AVO=2.899 | lambda_MMD=0.150
2025-10-01 14:39:28 - Epoch Summary: TrainLoss=1.0710 | TrainAcc=0.659 | Val(P3)=0.594 | Val(AVO)=0.608
2025-10-01 14:39:28 - No AVO-val improvement; patience remaining: 21/50
2025-10-01 14:39:28 - Epoch 64/500 | LR=0.009613 | w_P3=1.000 | w_AVO=2.899 | lambda_MMD=0.150
2025-10-01 14:39:28 - Epoch Summary: TrainLoss=1.0492 | TrainAcc=0.675 | Val(P3)=0.568 | Val(AVO)=0.608
2025-10-01 14:39:28 - No AVO-val improvement; patience remaining: 20/50
2025-10-01 14:39:28 - Epoch 65/500 | LR=0.009601 | w_P3=1.000 | w_AVO=2.899 | lambda_MMD=0.150
2025-10-01 14:39:28 - Epoch Summary: TrainLoss=1.0760 | TrainAcc=0.668 | Val(P3)=0.588 | Val(AVO)=0.588
2025-10-01 14:39:28 - No AVO-val improvement; patience remaining: 19/50
2025-10-01 14:39:28 - Epoch 66/500 | LR=0.009589 | w_P3=1.000 | w_AVO=2.899 | lambda_MMD=0.150
2025-10-01 14:39:29 - Epoch Summary: TrainLoss=1.0792 | TrainAcc=0.668 | Val(P3)=0.536 | Val(AVO)=0.471
2025-10-01 14:39:29 - No AVO-val improvement; patience remaining: 18/50
2025-10-01 14:39:29 - AVO val decreasing 3x. Reducing w_small to 2.319, lambda_MMD to 0.075
2025-10-01 14:39:29 - Epoch 67/500 | LR=0.009576 | w_P3=1.000 | w_AVO=2.319 | lambda_MMD=0.075
2025-10-01 14:39:29 - Epoch Summary: TrainLoss=0.9430 | TrainAcc=0.677 | Val(P3)=0.552 | Val(AVO)=0.529
2025-10-01 14:39:29 - No AVO-val improvement; patience remaining: 17/50
2025-10-01 14:39:29 - Epoch 68/500 | LR=0.009563 | w_P3=1.000 | w_AVO=2.899 | lambda_MMD=0.150
2025-10-01 14:39:29 - Epoch Summary: TrainLoss=0.9961 | TrainAcc=0.678 | Val(P3)=0.617 | Val(AVO)=0.706
2025-10-01 14:39:29 - No AVO-val improvement; patience remaining: 16/50
2025-10-01 14:39:29 - Epoch 69/500 | LR=0.009551 | w_P3=1.000 | w_AVO=2.899 | lambda_MMD=0.150
2025-10-01 14:39:29 - Epoch Summary: TrainLoss=1.0430 | TrainAcc=0.673 | Val(P3)=0.620 | Val(AVO)=0.647
2025-10-01 14:39:29 - No AVO-val improvement; patience remaining: 15/50
2025-10-01 14:39:29 - Epoch 70/500 | LR=0.009537 | w_P3=1.000 | w_AVO=2.899 | lambda_MMD=0.150
2025-10-01 14:39:29 - Epoch Summary: TrainLoss=0.9951 | TrainAcc=0.665 | Val(P3)=0.623 | Val(AVO)=0.608
2025-10-01 14:39:29 - No AVO-val improvement; patience remaining: 14/50
2025-10-01 14:39:29 - AVO val decreasing 3x. Reducing w_small to 2.319, lambda_MMD to 0.075
2025-10-01 14:39:29 - Epoch 71/500 | LR=0.009524 | w_P3=1.000 | w_AVO=2.319 | lambda_MMD=0.075
2025-10-01 14:39:29 - Epoch Summary: TrainLoss=0.9286 | TrainAcc=0.675 | Val(P3)=0.604 | Val(AVO)=0.706
2025-10-01 14:39:29 - No AVO-val improvement; patience remaining: 13/50
2025-10-01 14:39:29 - Epoch 72/500 | LR=0.009511 | w_P3=1.000 | w_AVO=2.899 | lambda_MMD=0.150
2025-10-01 14:39:30 - Epoch Summary: TrainLoss=0.9632 | TrainAcc=0.678 | Val(P3)=0.630 | Val(AVO)=0.706
2025-10-01 14:39:30 - No AVO-val improvement; patience remaining: 12/50
2025-10-01 14:39:30 - Epoch 73/500 | LR=0.009497 | w_P3=1.000 | w_AVO=2.899 | lambda_MMD=0.150
2025-10-01 14:39:30 - Epoch Summary: TrainLoss=0.9748 | TrainAcc=0.677 | Val(P3)=0.640 | Val(AVO)=0.706
2025-10-01 14:39:30 - No AVO-val improvement; patience remaining: 11/50
2025-10-01 14:39:30 - Epoch 74/500 | LR=0.009483 | w_P3=1.000 | w_AVO=2.899 | lambda_MMD=0.150
2025-10-01 14:39:30 - Epoch Summary: TrainLoss=0.9290 | TrainAcc=0.680 | Val(P3)=0.630 | Val(AVO)=0.686
2025-10-01 14:39:30 - No AVO-val improvement; patience remaining: 10/50
2025-10-01 14:39:30 - Epoch 75/500 | LR=0.009469 | w_P3=1.000 | w_AVO=2.899 | lambda_MMD=0.150
2025-10-01 14:39:30 - Epoch Summary: TrainLoss=0.8990 | TrainAcc=0.685 | Val(P3)=0.636 | Val(AVO)=0.647
2025-10-01 14:39:30 - No AVO-val improvement; patience remaining: 9/50
2025-10-01 14:39:30 - AVO val decreasing 3x. Reducing w_small to 2.319, lambda_MMD to 0.075
2025-10-01 14:39:30 - Epoch 76/500 | LR=0.009455 | w_P3=1.000 | w_AVO=2.319 | lambda_MMD=0.075
2025-10-01 14:39:30 - Epoch Summary: TrainLoss=0.9033 | TrainAcc=0.677 | Val(P3)=0.591 | Val(AVO)=0.569
2025-10-01 14:39:30 - No AVO-val improvement; patience remaining: 8/50
2025-10-01 14:39:30 - AVO val decreasing 3x. Reducing w_small to 2.319, lambda_MMD to 0.075
2025-10-01 14:39:30 - Epoch 77/500 | LR=0.009441 | w_P3=1.000 | w_AVO=2.319 | lambda_MMD=0.075
2025-10-01 14:39:30 - Epoch Summary: TrainLoss=0.8452 | TrainAcc=0.688 | Val(P3)=0.601 | Val(AVO)=0.627
2025-10-01 14:39:30 - No AVO-val improvement; patience remaining: 7/50
2025-10-01 14:39:30 - Epoch 78/500 | LR=0.009426 | w_P3=1.000 | w_AVO=2.899 | lambda_MMD=0.150
2025-10-01 14:39:30 - Epoch Summary: TrainLoss=0.8913 | TrainAcc=0.686 | Val(P3)=0.604 | Val(AVO)=0.647
2025-10-01 14:39:30 - No AVO-val improvement; patience remaining: 6/50
2025-10-01 14:39:30 - Epoch 79/500 | LR=0.009411 | w_P3=1.000 | w_AVO=2.899 | lambda_MMD=0.150
2025-10-01 14:39:31 - Epoch Summary: TrainLoss=0.8683 | TrainAcc=0.695 | Val(P3)=0.601 | Val(AVO)=0.686
2025-10-01 14:39:31 - No AVO-val improvement; patience remaining: 5/50
2025-10-01 14:39:31 - Epoch 80/500 | LR=0.009397 | w_P3=1.000 | w_AVO=2.899 | lambda_MMD=0.150
2025-10-01 14:39:31 - Epoch Summary: TrainLoss=0.8841 | TrainAcc=0.698 | Val(P3)=0.575 | Val(AVO)=0.608
2025-10-01 14:39:31 - No AVO-val improvement; patience remaining: 4/50
2025-10-01 14:39:31 - P3 val decreasing 3x. Reducing lambda_MMD to 0.105
2025-10-01 14:39:31 - Epoch 81/500 | LR=0.009382 | w_P3=1.000 | w_AVO=2.899 | lambda_MMD=0.105
2025-10-01 14:39:31 - Epoch Summary: TrainLoss=0.8699 | TrainAcc=0.691 | Val(P3)=0.601 | Val(AVO)=0.627
2025-10-01 14:39:31 - No AVO-val improvement; patience remaining: 3/50
2025-10-01 14:39:31 - Epoch 82/500 | LR=0.009366 | w_P3=1.000 | w_AVO=2.899 | lambda_MMD=0.150
2025-10-01 14:39:31 - Epoch Summary: TrainLoss=0.8477 | TrainAcc=0.697 | Val(P3)=0.588 | Val(AVO)=0.549
2025-10-01 14:39:31 - No AVO-val improvement; patience remaining: 2/50
2025-10-01 14:39:31 - Epoch 83/500 | LR=0.009351 | w_P3=1.000 | w_AVO=2.899 | lambda_MMD=0.150
2025-10-01 14:39:31 - Epoch Summary: TrainLoss=1.0331 | TrainAcc=0.689 | Val(P3)=0.607 | Val(AVO)=0.647
2025-10-01 14:39:31 - No AVO-val improvement; patience remaining: 1/50
2025-10-01 14:39:31 - Epoch 84/500 | LR=0.009335 | w_P3=1.000 | w_AVO=2.899 | lambda_MMD=0.150
2025-10-01 14:39:31 - Epoch Summary: TrainLoss=0.9104 | TrainAcc=0.686 | Val(P3)=0.617 | Val(AVO)=0.667
2025-10-01 14:39:31 - No AVO-val improvement; patience remaining: 0/50
2025-10-01 14:39:31 - Early stopping triggered (AVO-val)
2025-10-01 14:39:31 -     P3 Test | Acc=0.6101 P=0.6897 R=0.4308 F1=0.5303 AUC=0.6395 (n=636)
2025-10-01 14:39:31 -     AVO Test | Acc=0.5976 P=0.5122 R=0.6176 F1=0.5600 AUC=0.5827 (n=82)
2025-10-01 14:39:31 -     Overall Test Acc=0.6086
2025-10-01 14:39:31 -   Fold 2/5
2025-10-01 14:39:31 - Fold domains: small=AVO (n=274), large=P3 (n=2237)
2025-10-01 14:39:31 - Auto adjustments (symmetric): w_small≈1.000, lambda_MMD_target=0.150, warmup_epochs=5
2025-10-01 14:39:31 - Epoch 1/500 | LR=0.010000 | w_P3=1.000 | w_AVO=1.371 | lambda_MMD=0.030
2025-10-01 14:39:31 - Epoch Summary: TrainLoss=1.7201 | TrainAcc=0.561 | Val(P3)=0.593 | Val(AVO)=0.615
2025-10-01 14:39:31 - New best AVO-val; checkpoint updated
2025-10-01 14:39:31 - Epoch 2/500 | LR=0.010000 | w_P3=1.000 | w_AVO=1.743 | lambda_MMD=0.060
2025-10-01 14:39:32 - Epoch Summary: TrainLoss=1.8275 | TrainAcc=0.585 | Val(P3)=0.599 | Val(AVO)=0.577
2025-10-01 14:39:32 - No AVO-val improvement; patience remaining: 49/50
2025-10-01 14:39:32 - Epoch 3/500 | LR=0.010000 | w_P3=1.000 | w_AVO=2.114 | lambda_MMD=0.090
2025-10-01 14:39:32 - Epoch Summary: TrainLoss=1.9957 | TrainAcc=0.608 | Val(P3)=0.603 | Val(AVO)=0.615
2025-10-01 14:39:32 - No AVO-val improvement; patience remaining: 48/50
2025-10-01 14:39:32 - Epoch 4/500 | LR=0.009999 | w_P3=1.000 | w_AVO=2.486 | lambda_MMD=0.120
2025-10-01 14:39:32 - Epoch Summary: TrainLoss=2.2412 | TrainAcc=0.607 | Val(P3)=0.599 | Val(AVO)=0.596
2025-10-01 14:39:32 - No AVO-val improvement; patience remaining: 47/50
2025-10-01 14:39:32 - Epoch 5/500 | LR=0.009998 | w_P3=1.000 | w_AVO=2.857 | lambda_MMD=0.150
2025-10-01 14:39:32 - Epoch Summary: TrainLoss=2.4513 | TrainAcc=0.596 | Val(P3)=0.593 | Val(AVO)=0.654
2025-10-01 14:39:32 - New best AVO-val; checkpoint updated
2025-10-01 14:39:32 - P3 val decreasing 3x. Reducing lambda_MMD to 0.105
2025-10-01 14:39:32 - Epoch 6/500 | LR=0.009998 | w_P3=1.000 | w_AVO=2.857 | lambda_MMD=0.105
2025-10-01 14:39:32 - Epoch Summary: TrainLoss=2.4779 | TrainAcc=0.604 | Val(P3)=0.593 | Val(AVO)=0.712
2025-10-01 14:39:32 - New best AVO-val; checkpoint updated
2025-10-01 14:39:32 - Epoch 7/500 | LR=0.009996 | w_P3=1.000 | w_AVO=2.857 | lambda_MMD=0.150
2025-10-01 14:39:32 - Epoch Summary: TrainLoss=2.3171 | TrainAcc=0.601 | Val(P3)=0.603 | Val(AVO)=0.654
2025-10-01 14:39:32 - No AVO-val improvement; patience remaining: 49/50
2025-10-01 14:39:32 - Epoch 8/500 | LR=0.009995 | w_P3=1.000 | w_AVO=2.857 | lambda_MMD=0.150
2025-10-01 14:39:33 - Epoch Summary: TrainLoss=2.2977 | TrainAcc=0.616 | Val(P3)=0.612 | Val(AVO)=0.596
2025-10-01 14:39:33 - No AVO-val improvement; patience remaining: 48/50
2025-10-01 14:39:33 - AVO val decreasing 3x. Reducing w_small to 2.286, lambda_MMD to 0.075
2025-10-01 14:39:33 - Epoch 9/500 | LR=0.009994 | w_P3=1.000 | w_AVO=2.286 | lambda_MMD=0.075
2025-10-01 14:39:33 - Epoch Summary: TrainLoss=1.9506 | TrainAcc=0.609 | Val(P3)=0.603 | Val(AVO)=0.673
2025-10-01 14:39:33 - No AVO-val improvement; patience remaining: 47/50
2025-10-01 14:39:33 - Epoch 10/500 | LR=0.009992 | w_P3=1.000 | w_AVO=2.857 | lambda_MMD=0.150
2025-10-01 14:39:33 - Epoch Summary: TrainLoss=2.2250 | TrainAcc=0.619 | Val(P3)=0.606 | Val(AVO)=0.654
2025-10-01 14:39:33 - No AVO-val improvement; patience remaining: 46/50
2025-10-01 14:39:33 - Epoch 11/500 | LR=0.009990 | w_P3=1.000 | w_AVO=2.857 | lambda_MMD=0.150
2025-10-01 14:39:33 - Epoch Summary: TrainLoss=2.2020 | TrainAcc=0.614 | Val(P3)=0.593 | Val(AVO)=0.596
2025-10-01 14:39:33 - No AVO-val improvement; patience remaining: 45/50
2025-10-01 14:39:33 - AVO val decreasing 3x. Reducing w_small to 2.286, lambda_MMD to 0.075
2025-10-01 14:39:33 - Epoch 12/500 | LR=0.009988 | w_P3=1.000 | w_AVO=2.286 | lambda_MMD=0.075
2025-10-01 14:39:33 - Epoch Summary: TrainLoss=1.9057 | TrainAcc=0.616 | Val(P3)=0.606 | Val(AVO)=0.673
2025-10-01 14:39:33 - No AVO-val improvement; patience remaining: 44/50
2025-10-01 14:39:33 - Epoch 13/500 | LR=0.009986 | w_P3=1.000 | w_AVO=2.857 | lambda_MMD=0.150
2025-10-01 14:39:33 - Epoch Summary: TrainLoss=2.2037 | TrainAcc=0.608 | Val(P3)=0.606 | Val(AVO)=0.654
2025-10-01 14:39:33 - No AVO-val improvement; patience remaining: 43/50
2025-10-01 14:39:33 - Epoch 14/500 | LR=0.009983 | w_P3=1.000 | w_AVO=2.857 | lambda_MMD=0.150
2025-10-01 14:39:33 - Epoch Summary: TrainLoss=2.1323 | TrainAcc=0.612 | Val(P3)=0.603 | Val(AVO)=0.635
2025-10-01 14:39:33 - No AVO-val improvement; patience remaining: 42/50
2025-10-01 14:39:33 - AVO val decreasing 3x. Reducing w_small to 2.286, lambda_MMD to 0.075
2025-10-01 14:39:33 - Epoch 15/500 | LR=0.009981 | w_P3=1.000 | w_AVO=2.286 | lambda_MMD=0.075
2025-10-01 14:39:34 - Epoch Summary: TrainLoss=1.7852 | TrainAcc=0.621 | Val(P3)=0.599 | Val(AVO)=0.635
2025-10-01 14:39:34 - No AVO-val improvement; patience remaining: 41/50
2025-10-01 14:39:34 - P3 val decreasing 3x. Reducing lambda_MMD to 0.105
2025-10-01 14:39:34 - Epoch 16/500 | LR=0.009978 | w_P3=1.000 | w_AVO=2.857 | lambda_MMD=0.105
2025-10-01 14:39:34 - Epoch Summary: TrainLoss=2.0088 | TrainAcc=0.612 | Val(P3)=0.577 | Val(AVO)=0.519
2025-10-01 14:39:34 - No AVO-val improvement; patience remaining: 40/50
2025-10-01 14:39:34 - P3 val decreasing 3x. Reducing lambda_MMD to 0.105
2025-10-01 14:39:34 - Epoch 17/500 | LR=0.009975 | w_P3=1.000 | w_AVO=2.857 | lambda_MMD=0.105
2025-10-01 14:39:34 - Epoch Summary: TrainLoss=2.0358 | TrainAcc=0.626 | Val(P3)=0.567 | Val(AVO)=0.635
2025-10-01 14:39:34 - No AVO-val improvement; patience remaining: 39/50
2025-10-01 14:39:34 - P3 val decreasing 3x. Reducing lambda_MMD to 0.105
2025-10-01 14:39:34 - Epoch 18/500 | LR=0.009972 | w_P3=1.000 | w_AVO=2.857 | lambda_MMD=0.105
2025-10-01 14:39:34 - Epoch Summary: TrainLoss=2.0363 | TrainAcc=0.616 | Val(P3)=0.586 | Val(AVO)=0.654
2025-10-01 14:39:34 - No AVO-val improvement; patience remaining: 38/50
2025-10-01 14:39:34 - Epoch 19/500 | LR=0.009968 | w_P3=1.000 | w_AVO=2.857 | lambda_MMD=0.150
2025-10-01 14:39:34 - Epoch Summary: TrainLoss=2.0213 | TrainAcc=0.613 | Val(P3)=0.564 | Val(AVO)=0.635
2025-10-01 14:39:34 - No AVO-val improvement; patience remaining: 37/50
2025-10-01 14:39:34 - Epoch 20/500 | LR=0.009964 | w_P3=1.000 | w_AVO=2.857 | lambda_MMD=0.150
2025-10-01 14:39:34 - Epoch Summary: TrainLoss=1.9017 | TrainAcc=0.625 | Val(P3)=0.590 | Val(AVO)=0.673
2025-10-01 14:39:34 - No AVO-val improvement; patience remaining: 36/50
2025-10-01 14:39:34 - Epoch 21/500 | LR=0.009961 | w_P3=1.000 | w_AVO=2.857 | lambda_MMD=0.150
2025-10-01 14:39:35 - Epoch Summary: TrainLoss=1.8914 | TrainAcc=0.618 | Val(P3)=0.570 | Val(AVO)=0.635
2025-10-01 14:39:35 - No AVO-val improvement; patience remaining: 35/50
2025-10-01 14:39:35 - Epoch 22/500 | LR=0.009957 | w_P3=1.000 | w_AVO=2.857 | lambda_MMD=0.150
2025-10-01 14:39:35 - Epoch Summary: TrainLoss=1.8850 | TrainAcc=0.618 | Val(P3)=0.606 | Val(AVO)=0.731
2025-10-01 14:39:35 - New best AVO-val; checkpoint updated
2025-10-01 14:39:35 - Epoch 23/500 | LR=0.009952 | w_P3=1.000 | w_AVO=2.857 | lambda_MMD=0.150
2025-10-01 14:39:35 - Epoch Summary: TrainLoss=1.9348 | TrainAcc=0.607 | Val(P3)=0.544 | Val(AVO)=0.462
2025-10-01 14:39:35 - No AVO-val improvement; patience remaining: 49/50
2025-10-01 14:39:35 - Epoch 24/500 | LR=0.009948 | w_P3=1.000 | w_AVO=2.857 | lambda_MMD=0.150
2025-10-01 14:39:35 - Epoch Summary: TrainLoss=1.8964 | TrainAcc=0.612 | Val(P3)=0.590 | Val(AVO)=0.712
2025-10-01 14:39:35 - No AVO-val improvement; patience remaining: 48/50
2025-10-01 14:39:35 - Epoch 25/500 | LR=0.009943 | w_P3=1.000 | w_AVO=2.857 | lambda_MMD=0.150
2025-10-01 14:39:35 - Epoch Summary: TrainLoss=1.8294 | TrainAcc=0.630 | Val(P3)=0.554 | Val(AVO)=0.538
2025-10-01 14:39:35 - No AVO-val improvement; patience remaining: 47/50
2025-10-01 14:39:35 - Epoch 26/500 | LR=0.009938 | w_P3=1.000 | w_AVO=2.857 | lambda_MMD=0.150
2025-10-01 14:39:35 - Epoch Summary: TrainLoss=1.8160 | TrainAcc=0.639 | Val(P3)=0.557 | Val(AVO)=0.769
2025-10-01 14:39:35 - New best AVO-val; checkpoint updated
2025-10-01 14:39:35 - Epoch 27/500 | LR=0.009933 | w_P3=1.000 | w_AVO=2.857 | lambda_MMD=0.150
2025-10-01 14:39:36 - Epoch Summary: TrainLoss=1.7345 | TrainAcc=0.624 | Val(P3)=0.573 | Val(AVO)=0.635
2025-10-01 14:39:36 - No AVO-val improvement; patience remaining: 49/50
2025-10-01 14:39:36 - Epoch 28/500 | LR=0.009928 | w_P3=1.000 | w_AVO=2.857 | lambda_MMD=0.150
2025-10-01 14:39:36 - Epoch Summary: TrainLoss=1.7040 | TrainAcc=0.631 | Val(P3)=0.577 | Val(AVO)=0.577
2025-10-01 14:39:36 - No AVO-val improvement; patience remaining: 48/50
2025-10-01 14:39:36 - AVO val decreasing 3x. Reducing w_small to 2.286, lambda_MMD to 0.075
2025-10-01 14:39:36 - Epoch 29/500 | LR=0.009923 | w_P3=1.000 | w_AVO=2.286 | lambda_MMD=0.075
2025-10-01 14:39:36 - Epoch Summary: TrainLoss=1.4226 | TrainAcc=0.638 | Val(P3)=0.547 | Val(AVO)=0.596
2025-10-01 14:39:36 - No AVO-val improvement; patience remaining: 47/50
2025-10-01 14:39:36 - Epoch 30/500 | LR=0.009917 | w_P3=1.000 | w_AVO=2.857 | lambda_MMD=0.150
2025-10-01 14:39:36 - Epoch Summary: TrainLoss=1.6069 | TrainAcc=0.650 | Val(P3)=0.547 | Val(AVO)=0.500
2025-10-01 14:39:36 - No AVO-val improvement; patience remaining: 46/50
2025-10-01 14:39:36 - Epoch 31/500 | LR=0.009911 | w_P3=1.000 | w_AVO=2.857 | lambda_MMD=0.150
2025-10-01 14:39:36 - Epoch Summary: TrainLoss=1.5496 | TrainAcc=0.636 | Val(P3)=0.547 | Val(AVO)=0.615
2025-10-01 14:39:36 - No AVO-val improvement; patience remaining: 45/50
2025-10-01 14:39:36 - Epoch 32/500 | LR=0.009905 | w_P3=1.000 | w_AVO=2.857 | lambda_MMD=0.150
2025-10-01 14:39:36 - Epoch Summary: TrainLoss=1.5424 | TrainAcc=0.646 | Val(P3)=0.577 | Val(AVO)=0.615
2025-10-01 14:39:36 - No AVO-val improvement; patience remaining: 44/50
2025-10-01 14:39:36 - Epoch 33/500 | LR=0.009899 | w_P3=1.000 | w_AVO=2.857 | lambda_MMD=0.150
2025-10-01 14:39:36 - Epoch Summary: TrainLoss=1.5511 | TrainAcc=0.640 | Val(P3)=0.622 | Val(AVO)=0.712
2025-10-01 14:39:36 - No AVO-val improvement; patience remaining: 43/50
2025-10-01 14:39:36 - Epoch 34/500 | LR=0.009893 | w_P3=1.000 | w_AVO=2.857 | lambda_MMD=0.150
2025-10-01 14:39:37 - Epoch Summary: TrainLoss=1.5051 | TrainAcc=0.635 | Val(P3)=0.586 | Val(AVO)=0.731
2025-10-01 14:39:37 - No AVO-val improvement; patience remaining: 42/50
2025-10-01 14:39:37 - Epoch 35/500 | LR=0.009886 | w_P3=1.000 | w_AVO=2.857 | lambda_MMD=0.150
2025-10-01 14:39:37 - Epoch Summary: TrainLoss=1.5162 | TrainAcc=0.649 | Val(P3)=0.564 | Val(AVO)=0.577
2025-10-01 14:39:37 - No AVO-val improvement; patience remaining: 41/50
2025-10-01 14:39:37 - P3 val decreasing 3x. Reducing lambda_MMD to 0.105
2025-10-01 14:39:37 - Epoch 36/500 | LR=0.009880 | w_P3=1.000 | w_AVO=2.857 | lambda_MMD=0.105
2025-10-01 14:39:37 - Epoch Summary: TrainLoss=1.4618 | TrainAcc=0.639 | Val(P3)=0.534 | Val(AVO)=0.442
2025-10-01 14:39:37 - No AVO-val improvement; patience remaining: 40/50
2025-10-01 14:39:37 - AVO val decreasing 3x. Reducing w_small to 2.286, lambda_MMD to 0.075
2025-10-01 14:39:37 - P3 val decreasing 3x. Reducing lambda_MMD to 0.052
2025-10-01 14:39:37 - Epoch 37/500 | LR=0.009873 | w_P3=1.000 | w_AVO=2.286 | lambda_MMD=0.052
2025-10-01 14:39:37 - Epoch Summary: TrainLoss=1.2983 | TrainAcc=0.644 | Val(P3)=0.541 | Val(AVO)=0.519
2025-10-01 14:39:37 - No AVO-val improvement; patience remaining: 39/50
2025-10-01 14:39:37 - Epoch 38/500 | LR=0.009865 | w_P3=1.000 | w_AVO=2.857 | lambda_MMD=0.150
2025-10-01 14:39:37 - Epoch Summary: TrainLoss=1.4086 | TrainAcc=0.648 | Val(P3)=0.560 | Val(AVO)=0.692
2025-10-01 14:39:37 - No AVO-val improvement; patience remaining: 38/50
2025-10-01 14:39:37 - Epoch 39/500 | LR=0.009858 | w_P3=1.000 | w_AVO=2.857 | lambda_MMD=0.150
2025-10-01 14:39:37 - Epoch Summary: TrainLoss=1.4003 | TrainAcc=0.649 | Val(P3)=0.580 | Val(AVO)=0.635
2025-10-01 14:39:37 - No AVO-val improvement; patience remaining: 37/50
2025-10-01 14:39:37 - Epoch 40/500 | LR=0.009851 | w_P3=1.000 | w_AVO=2.857 | lambda_MMD=0.150
2025-10-01 14:39:37 - Epoch Summary: TrainLoss=1.3460 | TrainAcc=0.645 | Val(P3)=0.531 | Val(AVO)=0.538
2025-10-01 14:39:37 - No AVO-val improvement; patience remaining: 36/50
2025-10-01 14:39:37 - AVO val decreasing 3x. Reducing w_small to 2.286, lambda_MMD to 0.075
2025-10-01 14:39:37 - Epoch 41/500 | LR=0.009843 | w_P3=1.000 | w_AVO=2.286 | lambda_MMD=0.075
2025-10-01 14:39:38 - Epoch Summary: TrainLoss=1.2217 | TrainAcc=0.640 | Val(P3)=0.596 | Val(AVO)=0.692
2025-10-01 14:39:38 - No AVO-val improvement; patience remaining: 35/50
2025-10-01 14:39:38 - Epoch 42/500 | LR=0.009835 | w_P3=1.000 | w_AVO=2.857 | lambda_MMD=0.150
2025-10-01 14:39:38 - Epoch Summary: TrainLoss=1.3056 | TrainAcc=0.662 | Val(P3)=0.570 | Val(AVO)=0.673
2025-10-01 14:39:38 - No AVO-val improvement; patience remaining: 34/50
2025-10-01 14:39:38 - Epoch 43/500 | LR=0.009827 | w_P3=1.000 | w_AVO=2.857 | lambda_MMD=0.150
2025-10-01 14:39:38 - Epoch Summary: TrainLoss=1.3287 | TrainAcc=0.637 | Val(P3)=0.586 | Val(AVO)=0.654
2025-10-01 14:39:38 - No AVO-val improvement; patience remaining: 33/50
2025-10-01 14:39:38 - AVO val decreasing 3x. Reducing w_small to 2.286, lambda_MMD to 0.075
2025-10-01 14:39:38 - Epoch 44/500 | LR=0.009819 | w_P3=1.000 | w_AVO=2.286 | lambda_MMD=0.075
2025-10-01 14:39:38 - Epoch Summary: TrainLoss=1.1635 | TrainAcc=0.650 | Val(P3)=0.534 | Val(AVO)=0.558
2025-10-01 14:39:38 - No AVO-val improvement; patience remaining: 32/50
2025-10-01 14:39:38 - AVO val decreasing 3x. Reducing w_small to 2.286, lambda_MMD to 0.075
2025-10-01 14:39:38 - Epoch 45/500 | LR=0.009810 | w_P3=1.000 | w_AVO=2.286 | lambda_MMD=0.075
2025-10-01 14:39:38 - Epoch Summary: TrainLoss=1.1370 | TrainAcc=0.651 | Val(P3)=0.573 | Val(AVO)=0.615
2025-10-01 14:39:38 - No AVO-val improvement; patience remaining: 31/50
2025-10-01 14:39:38 - Epoch 46/500 | LR=0.009801 | w_P3=1.000 | w_AVO=2.857 | lambda_MMD=0.150
2025-10-01 14:39:38 - Epoch Summary: TrainLoss=1.2424 | TrainAcc=0.657 | Val(P3)=0.564 | Val(AVO)=0.577
2025-10-01 14:39:38 - No AVO-val improvement; patience remaining: 30/50
2025-10-01 14:39:38 - Epoch 47/500 | LR=0.009793 | w_P3=1.000 | w_AVO=2.857 | lambda_MMD=0.150
2025-10-01 14:39:38 - Epoch Summary: TrainLoss=1.2549 | TrainAcc=0.651 | Val(P3)=0.580 | Val(AVO)=0.654
2025-10-01 14:39:38 - No AVO-val improvement; patience remaining: 29/50
2025-10-01 14:39:38 - Epoch 48/500 | LR=0.009784 | w_P3=1.000 | w_AVO=2.857 | lambda_MMD=0.150
2025-10-01 14:39:39 - Epoch Summary: TrainLoss=1.2153 | TrainAcc=0.650 | Val(P3)=0.524 | Val(AVO)=0.538
2025-10-01 14:39:39 - No AVO-val improvement; patience remaining: 28/50
2025-10-01 14:39:39 - Epoch 49/500 | LR=0.009774 | w_P3=1.000 | w_AVO=2.857 | lambda_MMD=0.150
2025-10-01 14:39:39 - Epoch Summary: TrainLoss=1.2622 | TrainAcc=0.657 | Val(P3)=0.560 | Val(AVO)=0.519
2025-10-01 14:39:39 - No AVO-val improvement; patience remaining: 27/50
2025-10-01 14:39:39 - AVO val decreasing 3x. Reducing w_small to 2.286, lambda_MMD to 0.075
2025-10-01 14:39:39 - Epoch 50/500 | LR=0.009765 | w_P3=1.000 | w_AVO=2.286 | lambda_MMD=0.075
2025-10-01 14:39:39 - Epoch Summary: TrainLoss=1.1145 | TrainAcc=0.664 | Val(P3)=0.570 | Val(AVO)=0.769
2025-10-01 14:39:39 - No AVO-val improvement; patience remaining: 26/50
2025-10-01 14:39:39 - Epoch 51/500 | LR=0.009755 | w_P3=1.000 | w_AVO=2.857 | lambda_MMD=0.150
2025-10-01 14:39:39 - Epoch Summary: TrainLoss=1.1843 | TrainAcc=0.646 | Val(P3)=0.580 | Val(AVO)=0.731
2025-10-01 14:39:39 - No AVO-val improvement; patience remaining: 25/50
2025-10-01 14:39:39 - Epoch 52/500 | LR=0.009745 | w_P3=1.000 | w_AVO=2.857 | lambda_MMD=0.150
2025-10-01 14:39:39 - Epoch Summary: TrainLoss=1.1503 | TrainAcc=0.657 | Val(P3)=0.544 | Val(AVO)=0.519
2025-10-01 14:39:39 - No AVO-val improvement; patience remaining: 24/50
2025-10-01 14:39:39 - AVO val decreasing 3x. Reducing w_small to 2.286, lambda_MMD to 0.075
2025-10-01 14:39:39 - Epoch 53/500 | LR=0.009735 | w_P3=1.000 | w_AVO=2.286 | lambda_MMD=0.075
2025-10-01 14:39:39 - Epoch Summary: TrainLoss=1.0454 | TrainAcc=0.676 | Val(P3)=0.541 | Val(AVO)=0.500
2025-10-01 14:39:39 - No AVO-val improvement; patience remaining: 23/50
2025-10-01 14:39:39 - AVO val decreasing 3x. Reducing w_small to 2.286, lambda_MMD to 0.075
2025-10-01 14:39:39 - P3 val decreasing 3x. Reducing lambda_MMD to 0.052
2025-10-01 14:39:39 - Epoch 54/500 | LR=0.009725 | w_P3=1.000 | w_AVO=2.286 | lambda_MMD=0.052
2025-10-01 14:39:39 - Epoch Summary: TrainLoss=1.0137 | TrainAcc=0.669 | Val(P3)=0.593 | Val(AVO)=0.712
2025-10-01 14:39:39 - No AVO-val improvement; patience remaining: 22/50
2025-10-01 14:39:39 - Epoch 55/500 | LR=0.009715 | w_P3=1.000 | w_AVO=2.857 | lambda_MMD=0.150
2025-10-01 14:39:40 - Epoch Summary: TrainLoss=1.0908 | TrainAcc=0.665 | Val(P3)=0.544 | Val(AVO)=0.500
2025-10-01 14:39:40 - No AVO-val improvement; patience remaining: 21/50
2025-10-01 14:39:40 - Epoch 56/500 | LR=0.009704 | w_P3=1.000 | w_AVO=2.857 | lambda_MMD=0.150
2025-10-01 14:39:40 - Epoch Summary: TrainLoss=1.0950 | TrainAcc=0.664 | Val(P3)=0.580 | Val(AVO)=0.712
2025-10-01 14:39:40 - No AVO-val improvement; patience remaining: 20/50
2025-10-01 14:39:40 - Epoch 57/500 | LR=0.009694 | w_P3=1.000 | w_AVO=2.857 | lambda_MMD=0.150
2025-10-01 14:39:40 - Epoch Summary: TrainLoss=1.1406 | TrainAcc=0.658 | Val(P3)=0.550 | Val(AVO)=0.519
2025-10-01 14:39:40 - No AVO-val improvement; patience remaining: 19/50
2025-10-01 14:39:40 - Epoch 58/500 | LR=0.009683 | w_P3=1.000 | w_AVO=2.857 | lambda_MMD=0.150
2025-10-01 14:39:40 - Epoch Summary: TrainLoss=1.0299 | TrainAcc=0.678 | Val(P3)=0.564 | Val(AVO)=0.731
2025-10-01 14:39:40 - No AVO-val improvement; patience remaining: 18/50
2025-10-01 14:39:40 - Epoch 59/500 | LR=0.009672 | w_P3=1.000 | w_AVO=2.857 | lambda_MMD=0.150
2025-10-01 14:39:40 - Epoch Summary: TrainLoss=1.0274 | TrainAcc=0.675 | Val(P3)=0.550 | Val(AVO)=0.673
2025-10-01 14:39:40 - No AVO-val improvement; patience remaining: 17/50
2025-10-01 14:39:40 - Epoch 60/500 | LR=0.009660 | w_P3=1.000 | w_AVO=2.857 | lambda_MMD=0.150
2025-10-01 14:39:40 - Epoch Summary: TrainLoss=1.0399 | TrainAcc=0.669 | Val(P3)=0.547 | Val(AVO)=0.615
2025-10-01 14:39:40 - No AVO-val improvement; patience remaining: 16/50
2025-10-01 14:39:40 - AVO val decreasing 3x. Reducing w_small to 2.286, lambda_MMD to 0.075
2025-10-01 14:39:40 - P3 val decreasing 3x. Reducing lambda_MMD to 0.052
2025-10-01 14:39:40 - Epoch 61/500 | LR=0.009649 | w_P3=1.000 | w_AVO=2.286 | lambda_MMD=0.052
2025-10-01 14:39:41 - Epoch Summary: TrainLoss=0.9930 | TrainAcc=0.656 | Val(P3)=0.580 | Val(AVO)=0.731
2025-10-01 14:39:41 - No AVO-val improvement; patience remaining: 15/50
2025-10-01 14:39:41 - Epoch 62/500 | LR=0.009637 | w_P3=1.000 | w_AVO=2.857 | lambda_MMD=0.150
2025-10-01 14:39:41 - Epoch Summary: TrainLoss=1.0176 | TrainAcc=0.678 | Val(P3)=0.577 | Val(AVO)=0.731
2025-10-01 14:39:41 - No AVO-val improvement; patience remaining: 14/50
2025-10-01 14:39:41 - Epoch 63/500 | LR=0.009625 | w_P3=1.000 | w_AVO=2.857 | lambda_MMD=0.150
2025-10-01 14:39:41 - Epoch Summary: TrainLoss=0.9916 | TrainAcc=0.683 | Val(P3)=0.583 | Val(AVO)=0.712
2025-10-01 14:39:41 - No AVO-val improvement; patience remaining: 13/50
2025-10-01 14:39:41 - Epoch 64/500 | LR=0.009613 | w_P3=1.000 | w_AVO=2.857 | lambda_MMD=0.150
2025-10-01 14:39:41 - Epoch Summary: TrainLoss=1.0009 | TrainAcc=0.675 | Val(P3)=0.544 | Val(AVO)=0.481
2025-10-01 14:39:41 - No AVO-val improvement; patience remaining: 12/50
2025-10-01 14:39:41 - AVO val decreasing 3x. Reducing w_small to 2.286, lambda_MMD to 0.075
2025-10-01 14:39:41 - Epoch 65/500 | LR=0.009601 | w_P3=1.000 | w_AVO=2.286 | lambda_MMD=0.075
2025-10-01 14:39:41 - Epoch Summary: TrainLoss=0.9448 | TrainAcc=0.668 | Val(P3)=0.528 | Val(AVO)=0.423
2025-10-01 14:39:41 - No AVO-val improvement; patience remaining: 11/50
2025-10-01 14:39:41 - AVO val decreasing 3x. Reducing w_small to 2.286, lambda_MMD to 0.075
2025-10-01 14:39:41 - P3 val decreasing 3x. Reducing lambda_MMD to 0.052
2025-10-01 14:39:41 - Epoch 66/500 | LR=0.009589 | w_P3=1.000 | w_AVO=2.286 | lambda_MMD=0.052
2025-10-01 14:39:41 - Epoch Summary: TrainLoss=0.9216 | TrainAcc=0.679 | Val(P3)=0.550 | Val(AVO)=0.500
2025-10-01 14:39:41 - No AVO-val improvement; patience remaining: 10/50
2025-10-01 14:39:41 - Epoch 67/500 | LR=0.009576 | w_P3=1.000 | w_AVO=2.857 | lambda_MMD=0.150
2025-10-01 14:39:41 - Epoch Summary: TrainLoss=0.9877 | TrainAcc=0.676 | Val(P3)=0.544 | Val(AVO)=0.538
2025-10-01 14:39:41 - No AVO-val improvement; patience remaining: 9/50
2025-10-01 14:39:41 - Epoch 68/500 | LR=0.009563 | w_P3=1.000 | w_AVO=2.857 | lambda_MMD=0.150
2025-10-01 14:39:41 - Epoch Summary: TrainLoss=0.9708 | TrainAcc=0.679 | Val(P3)=0.547 | Val(AVO)=0.596
2025-10-01 14:39:41 - No AVO-val improvement; patience remaining: 8/50
2025-10-01 14:39:41 - Epoch 69/500 | LR=0.009551 | w_P3=1.000 | w_AVO=2.857 | lambda_MMD=0.150
2025-10-01 14:39:42 - Epoch Summary: TrainLoss=0.9224 | TrainAcc=0.683 | Val(P3)=0.590 | Val(AVO)=0.673
2025-10-01 14:39:42 - No AVO-val improvement; patience remaining: 7/50
2025-10-01 14:39:42 - Epoch 70/500 | LR=0.009537 | w_P3=1.000 | w_AVO=2.857 | lambda_MMD=0.150
2025-10-01 14:39:42 - Epoch Summary: TrainLoss=0.9522 | TrainAcc=0.696 | Val(P3)=0.577 | Val(AVO)=0.654
2025-10-01 14:39:42 - No AVO-val improvement; patience remaining: 6/50
2025-10-01 14:39:42 - Epoch 71/500 | LR=0.009524 | w_P3=1.000 | w_AVO=2.857 | lambda_MMD=0.150
2025-10-01 14:39:42 - Epoch Summary: TrainLoss=0.9182 | TrainAcc=0.691 | Val(P3)=0.547 | Val(AVO)=0.615
2025-10-01 14:39:42 - No AVO-val improvement; patience remaining: 5/50
2025-10-01 14:39:42 - AVO val decreasing 3x. Reducing w_small to 2.286, lambda_MMD to 0.075
2025-10-01 14:39:42 - P3 val decreasing 3x. Reducing lambda_MMD to 0.052
2025-10-01 14:39:42 - Epoch 72/500 | LR=0.009511 | w_P3=1.000 | w_AVO=2.286 | lambda_MMD=0.052
2025-10-01 14:39:42 - Epoch Summary: TrainLoss=0.8327 | TrainAcc=0.685 | Val(P3)=0.573 | Val(AVO)=0.635
2025-10-01 14:39:42 - No AVO-val improvement; patience remaining: 4/50
2025-10-01 14:39:42 - Epoch 73/500 | LR=0.009497 | w_P3=1.000 | w_AVO=2.857 | lambda_MMD=0.150
2025-10-01 14:39:42 - Epoch Summary: TrainLoss=0.8914 | TrainAcc=0.693 | Val(P3)=0.557 | Val(AVO)=0.615
2025-10-01 14:39:42 - No AVO-val improvement; patience remaining: 3/50
2025-10-01 14:39:42 - Epoch 74/500 | LR=0.009483 | w_P3=1.000 | w_AVO=2.857 | lambda_MMD=0.150
2025-10-01 14:39:42 - Epoch Summary: TrainLoss=0.8769 | TrainAcc=0.697 | Val(P3)=0.564 | Val(AVO)=0.712
2025-10-01 14:39:42 - No AVO-val improvement; patience remaining: 2/50
2025-10-01 14:39:42 - Epoch 75/500 | LR=0.009469 | w_P3=1.000 | w_AVO=2.857 | lambda_MMD=0.150
2025-10-01 14:39:43 - Epoch Summary: TrainLoss=0.8960 | TrainAcc=0.691 | Val(P3)=0.567 | Val(AVO)=0.731
2025-10-01 14:39:43 - No AVO-val improvement; patience remaining: 1/50
2025-10-01 14:39:43 - Epoch 76/500 | LR=0.009455 | w_P3=1.000 | w_AVO=2.857 | lambda_MMD=0.150
2025-10-01 14:39:43 - Epoch Summary: TrainLoss=0.9465 | TrainAcc=0.689 | Val(P3)=0.544 | Val(AVO)=0.519
2025-10-01 14:39:43 - No AVO-val improvement; patience remaining: 0/50
2025-10-01 14:39:43 - Early stopping triggered (AVO-val)
2025-10-01 14:39:43 -     P3 Test | Acc=0.5264 P=0.7500 R=0.0658 F1=0.1210 AUC=0.6007 (n=644)
2025-10-01 14:39:43 -     AVO Test | Acc=0.6486 P=0.7500 R=0.5250 F1=0.6176 AUC=0.7221 (n=74)
2025-10-01 14:39:43 -     Overall Test Acc=0.5390
2025-10-01 14:39:43 -   Fold 3/5
2025-10-01 14:39:43 - Fold domains: small=AVO (n=260), large=P3 (n=2251)
2025-10-01 14:39:43 - Auto adjustments (symmetric): w_small≈1.000, lambda_MMD_target=0.150, warmup_epochs=5
2025-10-01 14:39:43 - Epoch 1/500 | LR=0.010000 | w_P3=1.000 | w_AVO=1.388 | lambda_MMD=0.030
2025-10-01 14:39:43 - Epoch Summary: TrainLoss=1.6995 | TrainAcc=0.543 | Val(P3)=0.526 | Val(AVO)=0.633
2025-10-01 14:39:43 - New best AVO-val; checkpoint updated
2025-10-01 14:39:43 - Epoch 2/500 | LR=0.010000 | w_P3=1.000 | w_AVO=1.777 | lambda_MMD=0.060
2025-10-01 14:39:43 - Epoch Summary: TrainLoss=1.7953 | TrainAcc=0.603 | Val(P3)=0.597 | Val(AVO)=0.592
2025-10-01 14:39:43 - No AVO-val improvement; patience remaining: 49/50
2025-10-01 14:39:43 - Epoch 3/500 | LR=0.010000 | w_P3=1.000 | w_AVO=2.165 | lambda_MMD=0.090
2025-10-01 14:39:43 - Epoch Summary: TrainLoss=2.0309 | TrainAcc=0.610 | Val(P3)=0.574 | Val(AVO)=0.571
2025-10-01 14:39:43 - No AVO-val improvement; patience remaining: 48/50
2025-10-01 14:39:43 - AVO val decreasing 3x. Reducing w_small to 2.043, lambda_MMD to 0.060
2025-10-01 14:39:43 - Epoch 4/500 | LR=0.009999 | w_P3=1.000 | w_AVO=2.043 | lambda_MMD=0.060
2025-10-01 14:39:43 - Epoch Summary: TrainLoss=1.9306 | TrainAcc=0.601 | Val(P3)=0.594 | Val(AVO)=0.490
2025-10-01 14:39:43 - No AVO-val improvement; patience remaining: 47/50
2025-10-01 14:39:43 - AVO val decreasing 3x. Reducing w_small to 2.354, lambda_MMD to 0.075
2025-10-01 14:39:43 - Epoch 5/500 | LR=0.009998 | w_P3=1.000 | w_AVO=2.354 | lambda_MMD=0.075
2025-10-01 14:39:43 - Epoch Summary: TrainLoss=2.0811 | TrainAcc=0.610 | Val(P3)=0.616 | Val(AVO)=0.571
2025-10-01 14:39:43 - No AVO-val improvement; patience remaining: 46/50
2025-10-01 14:39:43 - Epoch 6/500 | LR=0.009998 | w_P3=1.000 | w_AVO=2.942 | lambda_MMD=0.150
2025-10-01 14:39:44 - Epoch Summary: TrainLoss=2.2794 | TrainAcc=0.615 | Val(P3)=0.600 | Val(AVO)=0.490
2025-10-01 14:39:44 - No AVO-val improvement; patience remaining: 45/50
2025-10-01 14:39:44 - Epoch 7/500 | LR=0.009996 | w_P3=1.000 | w_AVO=2.942 | lambda_MMD=0.150
2025-10-01 14:39:44 - Epoch Summary: TrainLoss=2.2101 | TrainAcc=0.612 | Val(P3)=0.590 | Val(AVO)=0.612
2025-10-01 14:39:44 - No AVO-val improvement; patience remaining: 44/50
2025-10-01 14:39:44 - P3 val decreasing 3x. Reducing lambda_MMD to 0.105
2025-10-01 14:39:44 - Epoch 8/500 | LR=0.009995 | w_P3=1.000 | w_AVO=2.942 | lambda_MMD=0.105
2025-10-01 14:39:44 - Epoch Summary: TrainLoss=2.3699 | TrainAcc=0.605 | Val(P3)=0.577 | Val(AVO)=0.551
2025-10-01 14:39:44 - No AVO-val improvement; patience remaining: 43/50
2025-10-01 14:39:44 - P3 val decreasing 3x. Reducing lambda_MMD to 0.105
2025-10-01 14:39:44 - Epoch 9/500 | LR=0.009994 | w_P3=1.000 | w_AVO=2.942 | lambda_MMD=0.105
2025-10-01 14:39:44 - Epoch Summary: TrainLoss=2.3764 | TrainAcc=0.615 | Val(P3)=0.571 | Val(AVO)=0.551
2025-10-01 14:39:44 - No AVO-val improvement; patience remaining: 42/50
2025-10-01 14:39:44 - P3 val decreasing 3x. Reducing lambda_MMD to 0.105
2025-10-01 14:39:44 - Epoch 10/500 | LR=0.009992 | w_P3=1.000 | w_AVO=2.942 | lambda_MMD=0.105
2025-10-01 14:39:44 - Epoch Summary: TrainLoss=2.2265 | TrainAcc=0.613 | Val(P3)=0.587 | Val(AVO)=0.531
2025-10-01 14:39:44 - No AVO-val improvement; patience remaining: 41/50
2025-10-01 14:39:44 - Epoch 11/500 | LR=0.009990 | w_P3=1.000 | w_AVO=2.942 | lambda_MMD=0.150
2025-10-01 14:39:44 - Epoch Summary: TrainLoss=2.3519 | TrainAcc=0.616 | Val(P3)=0.587 | Val(AVO)=0.653
2025-10-01 14:39:44 - New best AVO-val; checkpoint updated
2025-10-01 14:39:44 - Epoch 12/500 | LR=0.009988 | w_P3=1.000 | w_AVO=2.942 | lambda_MMD=0.150
2025-10-01 14:39:44 - Epoch Summary: TrainLoss=2.1647 | TrainAcc=0.611 | Val(P3)=0.568 | Val(AVO)=0.531
2025-10-01 14:39:44 - No AVO-val improvement; patience remaining: 49/50
2025-10-01 14:39:44 - Epoch 13/500 | LR=0.009986 | w_P3=1.000 | w_AVO=2.942 | lambda_MMD=0.150
2025-10-01 14:39:45 - Epoch Summary: TrainLoss=2.2111 | TrainAcc=0.615 | Val(P3)=0.568 | Val(AVO)=0.551
2025-10-01 14:39:45 - No AVO-val improvement; patience remaining: 48/50
2025-10-01 14:39:45 - Epoch 14/500 | LR=0.009983 | w_P3=1.000 | w_AVO=2.942 | lambda_MMD=0.150
2025-10-01 14:39:45 - Epoch Summary: TrainLoss=2.2061 | TrainAcc=0.626 | Val(P3)=0.574 | Val(AVO)=0.571
2025-10-01 14:39:45 - No AVO-val improvement; patience remaining: 47/50
2025-10-01 14:39:45 - Epoch 15/500 | LR=0.009981 | w_P3=1.000 | w_AVO=2.942 | lambda_MMD=0.150
2025-10-01 14:39:45 - Epoch Summary: TrainLoss=2.2647 | TrainAcc=0.621 | Val(P3)=0.571 | Val(AVO)=0.510
2025-10-01 14:39:45 - No AVO-val improvement; patience remaining: 46/50
2025-10-01 14:39:45 - Epoch 16/500 | LR=0.009978 | w_P3=1.000 | w_AVO=2.942 | lambda_MMD=0.150
2025-10-01 14:39:45 - Epoch Summary: TrainLoss=2.1403 | TrainAcc=0.618 | Val(P3)=0.581 | Val(AVO)=0.612
2025-10-01 14:39:45 - No AVO-val improvement; patience remaining: 45/50
2025-10-01 14:39:45 - Epoch 17/500 | LR=0.009975 | w_P3=1.000 | w_AVO=2.942 | lambda_MMD=0.150
2025-10-01 14:39:45 - Epoch Summary: TrainLoss=2.2627 | TrainAcc=0.618 | Val(P3)=0.571 | Val(AVO)=0.612
2025-10-01 14:39:45 - No AVO-val improvement; patience remaining: 44/50
2025-10-01 14:39:45 - Epoch 18/500 | LR=0.009972 | w_P3=1.000 | w_AVO=2.942 | lambda_MMD=0.150
2025-10-01 14:39:45 - Epoch Summary: TrainLoss=2.1971 | TrainAcc=0.625 | Val(P3)=0.574 | Val(AVO)=0.531
2025-10-01 14:39:45 - No AVO-val improvement; patience remaining: 43/50
2025-10-01 14:39:45 - Epoch 19/500 | LR=0.009968 | w_P3=1.000 | w_AVO=2.942 | lambda_MMD=0.150
2025-10-01 14:39:45 - Epoch Summary: TrainLoss=2.2817 | TrainAcc=0.629 | Val(P3)=0.574 | Val(AVO)=0.592
2025-10-01 14:39:45 - No AVO-val improvement; patience remaining: 42/50
2025-10-01 14:39:45 - Epoch 20/500 | LR=0.009964 | w_P3=1.000 | w_AVO=2.942 | lambda_MMD=0.150
2025-10-01 14:39:46 - Epoch Summary: TrainLoss=2.0068 | TrainAcc=0.629 | Val(P3)=0.565 | Val(AVO)=0.449
2025-10-01 14:39:46 - No AVO-val improvement; patience remaining: 41/50
2025-10-01 14:39:46 - Epoch 21/500 | LR=0.009961 | w_P3=1.000 | w_AVO=2.942 | lambda_MMD=0.150
2025-10-01 14:39:46 - Epoch Summary: TrainLoss=2.2510 | TrainAcc=0.625 | Val(P3)=0.565 | Val(AVO)=0.510
2025-10-01 14:39:46 - No AVO-val improvement; patience remaining: 40/50
2025-10-01 14:39:46 - Epoch 22/500 | LR=0.009957 | w_P3=1.000 | w_AVO=2.942 | lambda_MMD=0.150
2025-10-01 14:39:46 - Epoch Summary: TrainLoss=2.1735 | TrainAcc=0.622 | Val(P3)=0.581 | Val(AVO)=0.551
2025-10-01 14:39:46 - No AVO-val improvement; patience remaining: 39/50
2025-10-01 14:39:46 - Epoch 23/500 | LR=0.009952 | w_P3=1.000 | w_AVO=2.942 | lambda_MMD=0.150
2025-10-01 14:39:46 - Epoch Summary: TrainLoss=2.1297 | TrainAcc=0.631 | Val(P3)=0.577 | Val(AVO)=0.592
2025-10-01 14:39:46 - No AVO-val improvement; patience remaining: 38/50
2025-10-01 14:39:46 - Epoch 24/500 | LR=0.009948 | w_P3=1.000 | w_AVO=2.942 | lambda_MMD=0.150
2025-10-01 14:39:46 - Epoch Summary: TrainLoss=2.2180 | TrainAcc=0.628 | Val(P3)=0.561 | Val(AVO)=0.531
2025-10-01 14:39:46 - No AVO-val improvement; patience remaining: 37/50
2025-10-01 14:39:46 - P3 val decreasing 3x. Reducing lambda_MMD to 0.105
2025-10-01 14:39:46 - Epoch 25/500 | LR=0.009943 | w_P3=1.000 | w_AVO=2.942 | lambda_MMD=0.105
2025-10-01 14:39:46 - Epoch Summary: TrainLoss=2.0624 | TrainAcc=0.629 | Val(P3)=0.571 | Val(AVO)=0.592
2025-10-01 14:39:46 - No AVO-val improvement; patience remaining: 36/50
2025-10-01 14:39:46 - Epoch 26/500 | LR=0.009938 | w_P3=1.000 | w_AVO=2.942 | lambda_MMD=0.150
2025-10-01 14:39:47 - Epoch Summary: TrainLoss=2.1172 | TrainAcc=0.629 | Val(P3)=0.565 | Val(AVO)=0.571
2025-10-01 14:39:47 - No AVO-val improvement; patience remaining: 35/50
2025-10-01 14:39:47 - Epoch 27/500 | LR=0.009933 | w_P3=1.000 | w_AVO=2.942 | lambda_MMD=0.150
2025-10-01 14:39:47 - Epoch Summary: TrainLoss=2.0211 | TrainAcc=0.630 | Val(P3)=0.555 | Val(AVO)=0.551
2025-10-01 14:39:47 - No AVO-val improvement; patience remaining: 34/50
2025-10-01 14:39:47 - AVO val decreasing 3x. Reducing w_small to 2.354, lambda_MMD to 0.075
2025-10-01 14:39:47 - P3 val decreasing 3x. Reducing lambda_MMD to 0.052
2025-10-01 14:39:47 - Epoch 28/500 | LR=0.009928 | w_P3=1.000 | w_AVO=2.354 | lambda_MMD=0.052
2025-10-01 14:39:47 - Epoch Summary: TrainLoss=1.7744 | TrainAcc=0.630 | Val(P3)=0.574 | Val(AVO)=0.673
2025-10-01 14:39:47 - New best AVO-val; checkpoint updated
2025-10-01 14:39:47 - Epoch 29/500 | LR=0.009923 | w_P3=1.000 | w_AVO=2.942 | lambda_MMD=0.150
2025-10-01 14:39:47 - Epoch Summary: TrainLoss=1.9525 | TrainAcc=0.621 | Val(P3)=0.590 | Val(AVO)=0.633
2025-10-01 14:39:47 - No AVO-val improvement; patience remaining: 49/50
2025-10-01 14:39:47 - Epoch 30/500 | LR=0.009917 | w_P3=1.000 | w_AVO=2.942 | lambda_MMD=0.150
2025-10-01 14:39:47 - Epoch Summary: TrainLoss=2.0214 | TrainAcc=0.639 | Val(P3)=0.600 | Val(AVO)=0.612
2025-10-01 14:39:47 - No AVO-val improvement; patience remaining: 48/50
2025-10-01 14:39:47 - AVO val decreasing 3x. Reducing w_small to 2.354, lambda_MMD to 0.075
2025-10-01 14:39:47 - Epoch 31/500 | LR=0.009911 | w_P3=1.000 | w_AVO=2.354 | lambda_MMD=0.075
2025-10-01 14:39:47 - Epoch Summary: TrainLoss=1.7601 | TrainAcc=0.615 | Val(P3)=0.597 | Val(AVO)=0.592
2025-10-01 14:39:47 - No AVO-val improvement; patience remaining: 47/50
2025-10-01 14:39:47 - AVO val decreasing 3x. Reducing w_small to 2.354, lambda_MMD to 0.075
2025-10-01 14:39:47 - Epoch 32/500 | LR=0.009905 | w_P3=1.000 | w_AVO=2.354 | lambda_MMD=0.075
2025-10-01 14:39:47 - Epoch Summary: TrainLoss=1.7406 | TrainAcc=0.628 | Val(P3)=0.565 | Val(AVO)=0.633
2025-10-01 14:39:47 - No AVO-val improvement; patience remaining: 46/50
2025-10-01 14:39:47 - P3 val decreasing 3x. Reducing lambda_MMD to 0.105
2025-10-01 14:39:47 - Epoch 33/500 | LR=0.009899 | w_P3=1.000 | w_AVO=2.942 | lambda_MMD=0.105
2025-10-01 14:39:48 - Epoch Summary: TrainLoss=1.9179 | TrainAcc=0.636 | Val(P3)=0.581 | Val(AVO)=0.612
2025-10-01 14:39:48 - No AVO-val improvement; patience remaining: 45/50
2025-10-01 14:39:48 - Epoch 34/500 | LR=0.009893 | w_P3=1.000 | w_AVO=2.942 | lambda_MMD=0.150
2025-10-01 14:39:48 - Epoch Summary: TrainLoss=1.9477 | TrainAcc=0.639 | Val(P3)=0.584 | Val(AVO)=0.633
2025-10-01 14:39:48 - No AVO-val improvement; patience remaining: 44/50
2025-10-01 14:39:48 - Epoch 35/500 | LR=0.009886 | w_P3=1.000 | w_AVO=2.942 | lambda_MMD=0.150
2025-10-01 14:39:48 - Epoch Summary: TrainLoss=1.9574 | TrainAcc=0.641 | Val(P3)=0.606 | Val(AVO)=0.490
2025-10-01 14:39:48 - No AVO-val improvement; patience remaining: 43/50
2025-10-01 14:39:48 - Epoch 36/500 | LR=0.009880 | w_P3=1.000 | w_AVO=2.942 | lambda_MMD=0.150
2025-10-01 14:39:48 - Epoch Summary: TrainLoss=1.9595 | TrainAcc=0.630 | Val(P3)=0.581 | Val(AVO)=0.633
2025-10-01 14:39:48 - No AVO-val improvement; patience remaining: 42/50
2025-10-01 14:39:48 - Epoch 37/500 | LR=0.009873 | w_P3=1.000 | w_AVO=2.942 | lambda_MMD=0.150
2025-10-01 14:39:48 - Epoch Summary: TrainLoss=1.9545 | TrainAcc=0.637 | Val(P3)=0.581 | Val(AVO)=0.653
2025-10-01 14:39:48 - No AVO-val improvement; patience remaining: 41/50
2025-10-01 14:39:48 - Epoch 38/500 | LR=0.009865 | w_P3=1.000 | w_AVO=2.942 | lambda_MMD=0.150
2025-10-01 14:39:48 - Epoch Summary: TrainLoss=1.8767 | TrainAcc=0.635 | Val(P3)=0.571 | Val(AVO)=0.633
2025-10-01 14:39:48 - No AVO-val improvement; patience remaining: 40/50
2025-10-01 14:39:48 - Epoch 39/500 | LR=0.009858 | w_P3=1.000 | w_AVO=2.942 | lambda_MMD=0.150
2025-10-01 14:39:49 - Epoch Summary: TrainLoss=1.8407 | TrainAcc=0.636 | Val(P3)=0.616 | Val(AVO)=0.592
2025-10-01 14:39:49 - No AVO-val improvement; patience remaining: 39/50
2025-10-01 14:39:49 - AVO val decreasing 3x. Reducing w_small to 2.354, lambda_MMD to 0.075
2025-10-01 14:39:49 - Epoch 40/500 | LR=0.009851 | w_P3=1.000 | w_AVO=2.354 | lambda_MMD=0.075
2025-10-01 14:39:49 - Epoch Summary: TrainLoss=1.7252 | TrainAcc=0.633 | Val(P3)=0.561 | Val(AVO)=0.612
2025-10-01 14:39:49 - No AVO-val improvement; patience remaining: 38/50
2025-10-01 14:39:49 - Epoch 41/500 | LR=0.009843 | w_P3=1.000 | w_AVO=2.942 | lambda_MMD=0.150
2025-10-01 14:39:49 - Epoch Summary: TrainLoss=1.9078 | TrainAcc=0.629 | Val(P3)=0.584 | Val(AVO)=0.612
2025-10-01 14:39:49 - No AVO-val improvement; patience remaining: 37/50
2025-10-01 14:39:49 - Epoch 42/500 | LR=0.009835 | w_P3=1.000 | w_AVO=2.942 | lambda_MMD=0.150
2025-10-01 14:39:49 - Epoch Summary: TrainLoss=1.9790 | TrainAcc=0.636 | Val(P3)=0.565 | Val(AVO)=0.571
2025-10-01 14:39:49 - No AVO-val improvement; patience remaining: 36/50
2025-10-01 14:39:49 - Epoch 43/500 | LR=0.009827 | w_P3=1.000 | w_AVO=2.942 | lambda_MMD=0.150
2025-10-01 14:39:49 - Epoch Summary: TrainLoss=1.8402 | TrainAcc=0.638 | Val(P3)=0.565 | Val(AVO)=0.633
2025-10-01 14:39:49 - No AVO-val improvement; patience remaining: 35/50
2025-10-01 14:39:49 - Epoch 44/500 | LR=0.009819 | w_P3=1.000 | w_AVO=2.942 | lambda_MMD=0.150
2025-10-01 14:39:49 - Epoch Summary: TrainLoss=1.7291 | TrainAcc=0.636 | Val(P3)=0.590 | Val(AVO)=0.551
2025-10-01 14:39:49 - No AVO-val improvement; patience remaining: 34/50
2025-10-01 14:39:49 - Epoch 45/500 | LR=0.009810 | w_P3=1.000 | w_AVO=2.942 | lambda_MMD=0.150
2025-10-01 14:39:49 - Epoch Summary: TrainLoss=1.8292 | TrainAcc=0.628 | Val(P3)=0.555 | Val(AVO)=0.633
2025-10-01 14:39:49 - No AVO-val improvement; patience remaining: 33/50
2025-10-01 14:39:49 - Epoch 46/500 | LR=0.009801 | w_P3=1.000 | w_AVO=2.942 | lambda_MMD=0.150
2025-10-01 14:39:49 - Epoch Summary: TrainLoss=1.7624 | TrainAcc=0.629 | Val(P3)=0.577 | Val(AVO)=0.633
2025-10-01 14:39:49 - No AVO-val improvement; patience remaining: 32/50
2025-10-01 14:39:49 - Epoch 47/500 | LR=0.009793 | w_P3=1.000 | w_AVO=2.942 | lambda_MMD=0.150
2025-10-01 14:39:50 - Epoch Summary: TrainLoss=1.7861 | TrainAcc=0.636 | Val(P3)=0.571 | Val(AVO)=0.612
2025-10-01 14:39:50 - No AVO-val improvement; patience remaining: 31/50
2025-10-01 14:39:50 - Epoch 48/500 | LR=0.009784 | w_P3=1.000 | w_AVO=2.942 | lambda_MMD=0.150
2025-10-01 14:39:50 - Epoch Summary: TrainLoss=1.7244 | TrainAcc=0.640 | Val(P3)=0.587 | Val(AVO)=0.592
2025-10-01 14:39:50 - No AVO-val improvement; patience remaining: 30/50
2025-10-01 14:39:50 - AVO val decreasing 3x. Reducing w_small to 2.354, lambda_MMD to 0.075
2025-10-01 14:39:50 - Epoch 49/500 | LR=0.009774 | w_P3=1.000 | w_AVO=2.354 | lambda_MMD=0.075
2025-10-01 14:39:50 - Epoch Summary: TrainLoss=1.4621 | TrainAcc=0.646 | Val(P3)=0.600 | Val(AVO)=0.653
2025-10-01 14:39:50 - No AVO-val improvement; patience remaining: 29/50
2025-10-01 14:39:50 - Epoch 50/500 | LR=0.009765 | w_P3=1.000 | w_AVO=2.942 | lambda_MMD=0.150
2025-10-01 14:39:50 - Epoch Summary: TrainLoss=1.7187 | TrainAcc=0.635 | Val(P3)=0.610 | Val(AVO)=0.633
2025-10-01 14:39:50 - No AVO-val improvement; patience remaining: 28/50
2025-10-01 14:39:50 - Epoch 51/500 | LR=0.009755 | w_P3=1.000 | w_AVO=2.942 | lambda_MMD=0.150
2025-10-01 14:39:50 - Epoch Summary: TrainLoss=1.6975 | TrainAcc=0.640 | Val(P3)=0.574 | Val(AVO)=0.612
2025-10-01 14:39:50 - No AVO-val improvement; patience remaining: 27/50
2025-10-01 14:39:50 - AVO val decreasing 3x. Reducing w_small to 2.354, lambda_MMD to 0.075
2025-10-01 14:39:50 - Epoch 52/500 | LR=0.009745 | w_P3=1.000 | w_AVO=2.354 | lambda_MMD=0.075
2025-10-01 14:39:50 - Epoch Summary: TrainLoss=1.3996 | TrainAcc=0.646 | Val(P3)=0.587 | Val(AVO)=0.592
2025-10-01 14:39:50 - No AVO-val improvement; patience remaining: 26/50
2025-10-01 14:39:50 - AVO val decreasing 3x. Reducing w_small to 2.354, lambda_MMD to 0.075
2025-10-01 14:39:50 - Epoch 53/500 | LR=0.009735 | w_P3=1.000 | w_AVO=2.354 | lambda_MMD=0.075
2025-10-01 14:39:50 - Epoch Summary: TrainLoss=1.5475 | TrainAcc=0.643 | Val(P3)=0.600 | Val(AVO)=0.592
2025-10-01 14:39:50 - No AVO-val improvement; patience remaining: 25/50
2025-10-01 14:39:50 - Epoch 54/500 | LR=0.009725 | w_P3=1.000 | w_AVO=2.942 | lambda_MMD=0.150
2025-10-01 14:39:51 - Epoch Summary: TrainLoss=1.6466 | TrainAcc=0.644 | Val(P3)=0.581 | Val(AVO)=0.571
2025-10-01 14:39:51 - No AVO-val improvement; patience remaining: 24/50
2025-10-01 14:39:51 - Epoch 55/500 | LR=0.009715 | w_P3=1.000 | w_AVO=2.942 | lambda_MMD=0.150
2025-10-01 14:39:51 - Epoch Summary: TrainLoss=1.7387 | TrainAcc=0.644 | Val(P3)=0.574 | Val(AVO)=0.653
2025-10-01 14:39:51 - No AVO-val improvement; patience remaining: 23/50
2025-10-01 14:39:51 - P3 val decreasing 3x. Reducing lambda_MMD to 0.105
2025-10-01 14:39:51 - Epoch 56/500 | LR=0.009704 | w_P3=1.000 | w_AVO=2.942 | lambda_MMD=0.105
2025-10-01 14:39:51 - Epoch Summary: TrainLoss=1.7023 | TrainAcc=0.635 | Val(P3)=0.581 | Val(AVO)=0.592
2025-10-01 14:39:51 - No AVO-val improvement; patience remaining: 22/50
2025-10-01 14:39:51 - Epoch 57/500 | LR=0.009694 | w_P3=1.000 | w_AVO=2.942 | lambda_MMD=0.150
2025-10-01 14:39:51 - Epoch Summary: TrainLoss=1.5937 | TrainAcc=0.649 | Val(P3)=0.590 | Val(AVO)=0.592
2025-10-01 14:39:51 - No AVO-val improvement; patience remaining: 21/50
2025-10-01 14:39:51 - Epoch 58/500 | LR=0.009683 | w_P3=1.000 | w_AVO=2.942 | lambda_MMD=0.150
2025-10-01 14:39:51 - Epoch Summary: TrainLoss=1.6259 | TrainAcc=0.645 | Val(P3)=0.590 | Val(AVO)=0.571
2025-10-01 14:39:51 - No AVO-val improvement; patience remaining: 20/50
2025-10-01 14:39:51 - Epoch 59/500 | LR=0.009672 | w_P3=1.000 | w_AVO=2.942 | lambda_MMD=0.150
2025-10-01 14:39:51 - Epoch Summary: TrainLoss=1.5200 | TrainAcc=0.649 | Val(P3)=0.571 | Val(AVO)=0.571
2025-10-01 14:39:51 - No AVO-val improvement; patience remaining: 19/50
2025-10-01 14:39:51 - Epoch 60/500 | LR=0.009660 | w_P3=1.000 | w_AVO=2.942 | lambda_MMD=0.150
2025-10-01 14:39:51 - Epoch Summary: TrainLoss=1.4615 | TrainAcc=0.645 | Val(P3)=0.581 | Val(AVO)=0.653
2025-10-01 14:39:51 - No AVO-val improvement; patience remaining: 18/50
2025-10-01 14:39:51 - Epoch 61/500 | LR=0.009649 | w_P3=1.000 | w_AVO=2.942 | lambda_MMD=0.150
2025-10-01 14:39:52 - Epoch Summary: TrainLoss=1.5228 | TrainAcc=0.649 | Val(P3)=0.568 | Val(AVO)=0.653
2025-10-01 14:39:52 - No AVO-val improvement; patience remaining: 17/50
2025-10-01 14:39:52 - Epoch 62/500 | LR=0.009637 | w_P3=1.000 | w_AVO=2.942 | lambda_MMD=0.150
2025-10-01 14:39:52 - Epoch Summary: TrainLoss=1.5255 | TrainAcc=0.657 | Val(P3)=0.555 | Val(AVO)=0.408
2025-10-01 14:39:52 - No AVO-val improvement; patience remaining: 16/50
2025-10-01 14:39:52 - P3 val decreasing 3x. Reducing lambda_MMD to 0.105
2025-10-01 14:39:52 - Epoch 63/500 | LR=0.009625 | w_P3=1.000 | w_AVO=2.942 | lambda_MMD=0.105
2025-10-01 14:39:52 - Epoch Summary: TrainLoss=1.4299 | TrainAcc=0.651 | Val(P3)=0.574 | Val(AVO)=0.673
2025-10-01 14:39:52 - No AVO-val improvement; patience remaining: 15/50
2025-10-01 14:39:52 - Epoch 64/500 | LR=0.009613 | w_P3=1.000 | w_AVO=2.942 | lambda_MMD=0.150
2025-10-01 14:39:52 - Epoch Summary: TrainLoss=1.4241 | TrainAcc=0.649 | Val(P3)=0.600 | Val(AVO)=0.551
2025-10-01 14:39:52 - No AVO-val improvement; patience remaining: 14/50
2025-10-01 14:39:52 - Epoch 65/500 | LR=0.009601 | w_P3=1.000 | w_AVO=2.942 | lambda_MMD=0.150
2025-10-01 14:39:52 - Epoch Summary: TrainLoss=1.4948 | TrainAcc=0.638 | Val(P3)=0.574 | Val(AVO)=0.571
2025-10-01 14:39:52 - No AVO-val improvement; patience remaining: 13/50
2025-10-01 14:39:52 - Epoch 66/500 | LR=0.009589 | w_P3=1.000 | w_AVO=2.942 | lambda_MMD=0.150
2025-10-01 14:39:52 - Epoch Summary: TrainLoss=1.3853 | TrainAcc=0.661 | Val(P3)=0.574 | Val(AVO)=0.633
2025-10-01 14:39:52 - No AVO-val improvement; patience remaining: 12/50
2025-10-01 14:39:52 - Epoch 67/500 | LR=0.009576 | w_P3=1.000 | w_AVO=2.942 | lambda_MMD=0.150
2025-10-01 14:39:52 - Epoch Summary: TrainLoss=1.4742 | TrainAcc=0.653 | Val(P3)=0.552 | Val(AVO)=0.592
2025-10-01 14:39:52 - No AVO-val improvement; patience remaining: 11/50
2025-10-01 14:39:52 - Epoch 68/500 | LR=0.009563 | w_P3=1.000 | w_AVO=2.942 | lambda_MMD=0.150
2025-10-01 14:39:53 - Epoch Summary: TrainLoss=1.4324 | TrainAcc=0.655 | Val(P3)=0.584 | Val(AVO)=0.653
2025-10-01 14:39:53 - No AVO-val improvement; patience remaining: 10/50
2025-10-01 14:39:53 - Epoch 69/500 | LR=0.009551 | w_P3=1.000 | w_AVO=2.942 | lambda_MMD=0.150
2025-10-01 14:39:53 - Epoch Summary: TrainLoss=1.3546 | TrainAcc=0.658 | Val(P3)=0.581 | Val(AVO)=0.653
2025-10-01 14:39:53 - No AVO-val improvement; patience remaining: 9/50
2025-10-01 14:39:53 - Epoch 70/500 | LR=0.009537 | w_P3=1.000 | w_AVO=2.942 | lambda_MMD=0.150
2025-10-01 14:39:53 - Epoch Summary: TrainLoss=1.3310 | TrainAcc=0.651 | Val(P3)=0.545 | Val(AVO)=0.571
2025-10-01 14:39:53 - No AVO-val improvement; patience remaining: 8/50
2025-10-01 14:39:53 - P3 val decreasing 3x. Reducing lambda_MMD to 0.105
2025-10-01 14:39:53 - Epoch 71/500 | LR=0.009524 | w_P3=1.000 | w_AVO=2.942 | lambda_MMD=0.105
2025-10-01 14:39:53 - Epoch Summary: TrainLoss=1.3821 | TrainAcc=0.657 | Val(P3)=0.610 | Val(AVO)=0.592
2025-10-01 14:39:53 - No AVO-val improvement; patience remaining: 7/50
2025-10-01 14:39:53 - Epoch 72/500 | LR=0.009511 | w_P3=1.000 | w_AVO=2.942 | lambda_MMD=0.150
2025-10-01 14:39:53 - Epoch Summary: TrainLoss=1.3738 | TrainAcc=0.649 | Val(P3)=0.555 | Val(AVO)=0.551
2025-10-01 14:39:53 - No AVO-val improvement; patience remaining: 6/50
2025-10-01 14:39:53 - Epoch 73/500 | LR=0.009497 | w_P3=1.000 | w_AVO=2.942 | lambda_MMD=0.150
2025-10-01 14:39:53 - Epoch Summary: TrainLoss=1.3455 | TrainAcc=0.649 | Val(P3)=0.581 | Val(AVO)=0.633
2025-10-01 14:39:53 - No AVO-val improvement; patience remaining: 5/50
2025-10-01 14:39:53 - Epoch 74/500 | LR=0.009483 | w_P3=1.000 | w_AVO=2.942 | lambda_MMD=0.150
2025-10-01 14:39:53 - Epoch Summary: TrainLoss=1.2808 | TrainAcc=0.666 | Val(P3)=0.584 | Val(AVO)=0.633
2025-10-01 14:39:53 - No AVO-val improvement; patience remaining: 4/50
2025-10-01 14:39:53 - Epoch 75/500 | LR=0.009469 | w_P3=1.000 | w_AVO=2.942 | lambda_MMD=0.150
2025-10-01 14:39:54 - Epoch Summary: TrainLoss=1.3625 | TrainAcc=0.651 | Val(P3)=0.587 | Val(AVO)=0.633
2025-10-01 14:39:54 - No AVO-val improvement; patience remaining: 3/50
2025-10-01 14:39:54 - Epoch 76/500 | LR=0.009455 | w_P3=1.000 | w_AVO=2.942 | lambda_MMD=0.150
2025-10-01 14:39:54 - Epoch Summary: TrainLoss=1.3526 | TrainAcc=0.665 | Val(P3)=0.581 | Val(AVO)=0.571
2025-10-01 14:39:54 - No AVO-val improvement; patience remaining: 2/50
2025-10-01 14:39:54 - Epoch 77/500 | LR=0.009441 | w_P3=1.000 | w_AVO=2.942 | lambda_MMD=0.150
2025-10-01 14:39:54 - Epoch Summary: TrainLoss=1.2679 | TrainAcc=0.656 | Val(P3)=0.561 | Val(AVO)=0.612
2025-10-01 14:39:54 - No AVO-val improvement; patience remaining: 1/50
2025-10-01 14:39:54 - P3 val decreasing 3x. Reducing lambda_MMD to 0.105
2025-10-01 14:39:54 - Epoch 78/500 | LR=0.009426 | w_P3=1.000 | w_AVO=2.942 | lambda_MMD=0.105
2025-10-01 14:39:54 - Epoch Summary: TrainLoss=1.4380 | TrainAcc=0.648 | Val(P3)=0.606 | Val(AVO)=0.653
2025-10-01 14:39:54 - No AVO-val improvement; patience remaining: 0/50
2025-10-01 14:39:54 - Early stopping triggered (AVO-val)
2025-10-01 14:39:54 -     P3 Test | Acc=0.5901 P=0.5936 R=0.5419 F1=0.5666 AUC=0.6147 (n=627)
2025-10-01 14:39:54 -     AVO Test | Acc=0.6264 P=0.6190 R=0.7959 F1=0.6964 AUC=0.6511 (n=91)
2025-10-01 14:39:54 -     Overall Test Acc=0.5947
2025-10-01 14:39:54 -   Fold 4/5
2025-10-01 14:39:54 - Fold domains: small=AVO (n=269), large=P3 (n=2243)
2025-10-01 14:39:54 - Auto adjustments (symmetric): w_small≈1.000, lambda_MMD_target=0.150, warmup_epochs=5
2025-10-01 14:39:54 - Epoch 1/500 | LR=0.010000 | w_P3=1.000 | w_AVO=1.378 | lambda_MMD=0.030
2025-10-01 14:39:54 - Epoch Summary: TrainLoss=1.6221 | TrainAcc=0.574 | Val(P3)=0.627 | Val(AVO)=0.431
2025-10-01 14:39:54 - New best AVO-val; checkpoint updated
2025-10-01 14:39:54 - Epoch 2/500 | LR=0.010000 | w_P3=1.000 | w_AVO=1.755 | lambda_MMD=0.060
2025-10-01 14:39:54 - Epoch Summary: TrainLoss=1.7975 | TrainAcc=0.619 | Val(P3)=0.617 | Val(AVO)=0.412
2025-10-01 14:39:54 - No AVO-val improvement; patience remaining: 49/50
2025-10-01 14:39:54 - Epoch 3/500 | LR=0.010000 | w_P3=1.000 | w_AVO=2.133 | lambda_MMD=0.090
2025-10-01 14:39:55 - Epoch Summary: TrainLoss=2.0280 | TrainAcc=0.606 | Val(P3)=0.604 | Val(AVO)=0.471
2025-10-01 14:39:55 - New best AVO-val; checkpoint updated
2025-10-01 14:39:55 - P3 val decreasing 3x. Reducing lambda_MMD to 0.084
2025-10-01 14:39:55 - Epoch 4/500 | LR=0.009999 | w_P3=1.000 | w_AVO=2.510 | lambda_MMD=0.084
2025-10-01 14:39:55 - Epoch Summary: TrainLoss=2.1703 | TrainAcc=0.610 | Val(P3)=0.614 | Val(AVO)=0.510
2025-10-01 14:39:55 - New best AVO-val; checkpoint updated
2025-10-01 14:39:55 - Epoch 5/500 | LR=0.009998 | w_P3=1.000 | w_AVO=2.888 | lambda_MMD=0.150
2025-10-01 14:39:55 - Epoch Summary: TrainLoss=2.4426 | TrainAcc=0.604 | Val(P3)=0.617 | Val(AVO)=0.569
2025-10-01 14:39:55 - New best AVO-val; checkpoint updated
2025-10-01 14:39:55 - Epoch 6/500 | LR=0.009998 | w_P3=1.000 | w_AVO=2.888 | lambda_MMD=0.150
2025-10-01 14:39:55 - Epoch Summary: TrainLoss=2.3358 | TrainAcc=0.617 | Val(P3)=0.607 | Val(AVO)=0.549
2025-10-01 14:39:55 - No AVO-val improvement; patience remaining: 49/50
2025-10-01 14:39:55 - Epoch 7/500 | LR=0.009996 | w_P3=1.000 | w_AVO=2.888 | lambda_MMD=0.150
2025-10-01 14:39:55 - Epoch Summary: TrainLoss=2.2796 | TrainAcc=0.618 | Val(P3)=0.610 | Val(AVO)=0.471
2025-10-01 14:39:55 - No AVO-val improvement; patience remaining: 48/50
2025-10-01 14:39:55 - AVO val decreasing 3x. Reducing w_small to 2.310, lambda_MMD to 0.075
2025-10-01 14:39:55 - Epoch 8/500 | LR=0.009995 | w_P3=1.000 | w_AVO=2.310 | lambda_MMD=0.075
2025-10-01 14:39:55 - Epoch Summary: TrainLoss=1.9631 | TrainAcc=0.609 | Val(P3)=0.627 | Val(AVO)=0.627
2025-10-01 14:39:55 - New best AVO-val; checkpoint updated
2025-10-01 14:39:55 - Epoch 9/500 | LR=0.009994 | w_P3=1.000 | w_AVO=2.888 | lambda_MMD=0.150
2025-10-01 14:39:56 - Epoch Summary: TrainLoss=2.2154 | TrainAcc=0.622 | Val(P3)=0.636 | Val(AVO)=0.510
2025-10-01 14:39:56 - No AVO-val improvement; patience remaining: 49/50
2025-10-01 14:39:56 - Epoch 10/500 | LR=0.009992 | w_P3=1.000 | w_AVO=2.888 | lambda_MMD=0.150
2025-10-01 14:39:56 - Epoch Summary: TrainLoss=2.2005 | TrainAcc=0.628 | Val(P3)=0.627 | Val(AVO)=0.569
2025-10-01 14:39:56 - No AVO-val improvement; patience remaining: 48/50
2025-10-01 14:39:56 - Epoch 11/500 | LR=0.009990 | w_P3=1.000 | w_AVO=2.888 | lambda_MMD=0.150
2025-10-01 14:39:56 - Epoch Summary: TrainLoss=2.1237 | TrainAcc=0.622 | Val(P3)=0.601 | Val(AVO)=0.588
2025-10-01 14:39:56 - No AVO-val improvement; patience remaining: 47/50
2025-10-01 14:39:56 - P3 val decreasing 3x. Reducing lambda_MMD to 0.105
2025-10-01 14:39:56 - Epoch 12/500 | LR=0.009988 | w_P3=1.000 | w_AVO=2.888 | lambda_MMD=0.105
2025-10-01 14:39:56 - Epoch Summary: TrainLoss=2.1680 | TrainAcc=0.640 | Val(P3)=0.584 | Val(AVO)=0.451
2025-10-01 14:39:56 - No AVO-val improvement; patience remaining: 46/50
2025-10-01 14:39:56 - P3 val decreasing 3x. Reducing lambda_MMD to 0.105
2025-10-01 14:39:56 - Epoch 13/500 | LR=0.009986 | w_P3=1.000 | w_AVO=2.888 | lambda_MMD=0.105
2025-10-01 14:39:56 - Epoch Summary: TrainLoss=2.1342 | TrainAcc=0.613 | Val(P3)=0.614 | Val(AVO)=0.627
2025-10-01 14:39:56 - No AVO-val improvement; patience remaining: 45/50
2025-10-01 14:39:56 - Epoch 14/500 | LR=0.009983 | w_P3=1.000 | w_AVO=2.888 | lambda_MMD=0.150
2025-10-01 14:39:56 - Epoch Summary: TrainLoss=2.1187 | TrainAcc=0.613 | Val(P3)=0.620 | Val(AVO)=0.569
2025-10-01 14:39:56 - No AVO-val improvement; patience remaining: 44/50
2025-10-01 14:39:56 - Epoch 15/500 | LR=0.009981 | w_P3=1.000 | w_AVO=2.888 | lambda_MMD=0.150
2025-10-01 14:39:56 - Epoch Summary: TrainLoss=2.0161 | TrainAcc=0.645 | Val(P3)=0.604 | Val(AVO)=0.549
2025-10-01 14:39:56 - No AVO-val improvement; patience remaining: 43/50
2025-10-01 14:39:56 - AVO val decreasing 3x. Reducing w_small to 2.310, lambda_MMD to 0.075
2025-10-01 14:39:56 - Epoch 16/500 | LR=0.009978 | w_P3=1.000 | w_AVO=2.310 | lambda_MMD=0.075
2025-10-01 14:39:57 - Epoch Summary: TrainLoss=1.7044 | TrainAcc=0.622 | Val(P3)=0.604 | Val(AVO)=0.627
2025-10-01 14:39:57 - No AVO-val improvement; patience remaining: 42/50
2025-10-01 14:39:57 - Epoch 17/500 | LR=0.009975 | w_P3=1.000 | w_AVO=2.888 | lambda_MMD=0.150
2025-10-01 14:39:57 - Epoch Summary: TrainLoss=1.9605 | TrainAcc=0.631 | Val(P3)=0.588 | Val(AVO)=0.549
2025-10-01 14:39:57 - No AVO-val improvement; patience remaining: 41/50
2025-10-01 14:39:57 - Epoch 18/500 | LR=0.009972 | w_P3=1.000 | w_AVO=2.888 | lambda_MMD=0.150
2025-10-01 14:39:57 - Epoch Summary: TrainLoss=1.8677 | TrainAcc=0.643 | Val(P3)=0.594 | Val(AVO)=0.549
2025-10-01 14:39:57 - No AVO-val improvement; patience remaining: 40/50
2025-10-01 14:39:57 - Epoch 19/500 | LR=0.009968 | w_P3=1.000 | w_AVO=2.888 | lambda_MMD=0.150
2025-10-01 14:39:57 - Epoch Summary: TrainLoss=1.8741 | TrainAcc=0.639 | Val(P3)=0.623 | Val(AVO)=0.569
2025-10-01 14:39:57 - No AVO-val improvement; patience remaining: 39/50
2025-10-01 14:39:57 - Epoch 20/500 | LR=0.009964 | w_P3=1.000 | w_AVO=2.888 | lambda_MMD=0.150
2025-10-01 14:39:57 - Epoch Summary: TrainLoss=1.7867 | TrainAcc=0.641 | Val(P3)=0.597 | Val(AVO)=0.608
2025-10-01 14:39:57 - No AVO-val improvement; patience remaining: 38/50
2025-10-01 14:39:57 - Epoch 21/500 | LR=0.009961 | w_P3=1.000 | w_AVO=2.888 | lambda_MMD=0.150
2025-10-01 14:39:57 - Epoch Summary: TrainLoss=1.8532 | TrainAcc=0.637 | Val(P3)=0.614 | Val(AVO)=0.569
2025-10-01 14:39:57 - No AVO-val improvement; patience remaining: 37/50
2025-10-01 14:39:57 - Epoch 22/500 | LR=0.009957 | w_P3=1.000 | w_AVO=2.888 | lambda_MMD=0.150
2025-10-01 14:39:57 - Epoch Summary: TrainLoss=1.7773 | TrainAcc=0.635 | Val(P3)=0.604 | Val(AVO)=0.608
2025-10-01 14:39:57 - No AVO-val improvement; patience remaining: 36/50
2025-10-01 14:39:57 - Epoch 23/500 | LR=0.009952 | w_P3=1.000 | w_AVO=2.888 | lambda_MMD=0.150
2025-10-01 14:39:58 - Epoch Summary: TrainLoss=1.7295 | TrainAcc=0.643 | Val(P3)=0.620 | Val(AVO)=0.608
2025-10-01 14:39:58 - No AVO-val improvement; patience remaining: 35/50
2025-10-01 14:39:58 - Epoch 24/500 | LR=0.009948 | w_P3=1.000 | w_AVO=2.888 | lambda_MMD=0.150
2025-10-01 14:39:58 - Epoch Summary: TrainLoss=1.7669 | TrainAcc=0.635 | Val(P3)=0.584 | Val(AVO)=0.549
2025-10-01 14:39:58 - No AVO-val improvement; patience remaining: 34/50
2025-10-01 14:39:58 - Epoch 25/500 | LR=0.009943 | w_P3=1.000 | w_AVO=2.888 | lambda_MMD=0.150
2025-10-01 14:39:58 - Epoch Summary: TrainLoss=1.6211 | TrainAcc=0.638 | Val(P3)=0.597 | Val(AVO)=0.529
2025-10-01 14:39:58 - No AVO-val improvement; patience remaining: 33/50
2025-10-01 14:39:58 - AVO val decreasing 3x. Reducing w_small to 2.310, lambda_MMD to 0.075
2025-10-01 14:39:58 - Epoch 26/500 | LR=0.009938 | w_P3=1.000 | w_AVO=2.310 | lambda_MMD=0.075
2025-10-01 14:39:58 - Epoch Summary: TrainLoss=1.4400 | TrainAcc=0.635 | Val(P3)=0.610 | Val(AVO)=0.647
2025-10-01 14:39:58 - New best AVO-val; checkpoint updated
2025-10-01 14:39:58 - Epoch 27/500 | LR=0.009933 | w_P3=1.000 | w_AVO=2.888 | lambda_MMD=0.150
2025-10-01 14:39:58 - Epoch Summary: TrainLoss=1.6653 | TrainAcc=0.629 | Val(P3)=0.588 | Val(AVO)=0.549
2025-10-01 14:39:58 - No AVO-val improvement; patience remaining: 49/50
2025-10-01 14:39:58 - Epoch 28/500 | LR=0.009928 | w_P3=1.000 | w_AVO=2.888 | lambda_MMD=0.150
2025-10-01 14:39:58 - Epoch Summary: TrainLoss=1.5765 | TrainAcc=0.646 | Val(P3)=0.591 | Val(AVO)=0.529
2025-10-01 14:39:58 - No AVO-val improvement; patience remaining: 48/50
2025-10-01 14:39:58 - AVO val decreasing 3x. Reducing w_small to 2.310, lambda_MMD to 0.075
2025-10-01 14:39:58 - Epoch 29/500 | LR=0.009923 | w_P3=1.000 | w_AVO=2.310 | lambda_MMD=0.075
2025-10-01 14:39:58 - Epoch Summary: TrainLoss=1.3844 | TrainAcc=0.642 | Val(P3)=0.594 | Val(AVO)=0.490
2025-10-01 14:39:58 - No AVO-val improvement; patience remaining: 47/50
2025-10-01 14:39:58 - AVO val decreasing 3x. Reducing w_small to 2.310, lambda_MMD to 0.075
2025-10-01 14:39:58 - Epoch 30/500 | LR=0.009917 | w_P3=1.000 | w_AVO=2.310 | lambda_MMD=0.075
2025-10-01 14:39:59 - Epoch Summary: TrainLoss=1.2984 | TrainAcc=0.636 | Val(P3)=0.601 | Val(AVO)=0.588
2025-10-01 14:39:59 - No AVO-val improvement; patience remaining: 46/50
2025-10-01 14:39:59 - Epoch 31/500 | LR=0.009911 | w_P3=1.000 | w_AVO=2.888 | lambda_MMD=0.150
2025-10-01 14:39:59 - Epoch Summary: TrainLoss=1.5164 | TrainAcc=0.650 | Val(P3)=0.578 | Val(AVO)=0.490
2025-10-01 14:39:59 - No AVO-val improvement; patience remaining: 45/50
2025-10-01 14:39:59 - Epoch 32/500 | LR=0.009905 | w_P3=1.000 | w_AVO=2.888 | lambda_MMD=0.150
2025-10-01 14:39:59 - Epoch Summary: TrainLoss=1.4890 | TrainAcc=0.650 | Val(P3)=0.594 | Val(AVO)=0.471
2025-10-01 14:39:59 - No AVO-val improvement; patience remaining: 44/50
2025-10-01 14:39:59 - AVO val decreasing 3x. Reducing w_small to 2.310, lambda_MMD to 0.075
2025-10-01 14:39:59 - Epoch 33/500 | LR=0.009899 | w_P3=1.000 | w_AVO=2.310 | lambda_MMD=0.075
2025-10-01 14:39:59 - Epoch Summary: TrainLoss=1.2542 | TrainAcc=0.660 | Val(P3)=0.620 | Val(AVO)=0.549
2025-10-01 14:39:59 - No AVO-val improvement; patience remaining: 43/50
2025-10-01 14:39:59 - Epoch 34/500 | LR=0.009893 | w_P3=1.000 | w_AVO=2.888 | lambda_MMD=0.150
2025-10-01 14:39:59 - Epoch Summary: TrainLoss=1.4633 | TrainAcc=0.661 | Val(P3)=0.617 | Val(AVO)=0.569
2025-10-01 14:39:59 - No AVO-val improvement; patience remaining: 42/50
2025-10-01 14:39:59 - Epoch 35/500 | LR=0.009886 | w_P3=1.000 | w_AVO=2.888 | lambda_MMD=0.150
2025-10-01 14:39:59 - Epoch Summary: TrainLoss=1.3687 | TrainAcc=0.643 | Val(P3)=0.610 | Val(AVO)=0.529
2025-10-01 14:39:59 - No AVO-val improvement; patience remaining: 41/50
2025-10-01 14:39:59 - P3 val decreasing 3x. Reducing lambda_MMD to 0.105
2025-10-01 14:39:59 - Epoch 36/500 | LR=0.009880 | w_P3=1.000 | w_AVO=2.888 | lambda_MMD=0.105
2025-10-01 14:39:59 - Epoch Summary: TrainLoss=1.3541 | TrainAcc=0.643 | Val(P3)=0.594 | Val(AVO)=0.529
2025-10-01 14:39:59 - No AVO-val improvement; patience remaining: 40/50
2025-10-01 14:39:59 - P3 val decreasing 3x. Reducing lambda_MMD to 0.105
2025-10-01 14:39:59 - Epoch 37/500 | LR=0.009873 | w_P3=1.000 | w_AVO=2.888 | lambda_MMD=0.105
2025-10-01 14:39:59 - Epoch Summary: TrainLoss=1.3966 | TrainAcc=0.646 | Val(P3)=0.597 | Val(AVO)=0.588
2025-10-01 14:39:59 - No AVO-val improvement; patience remaining: 39/50
2025-10-01 14:39:59 - Epoch 38/500 | LR=0.009865 | w_P3=1.000 | w_AVO=2.888 | lambda_MMD=0.150
2025-10-01 14:40:00 - Epoch Summary: TrainLoss=1.3198 | TrainAcc=0.661 | Val(P3)=0.584 | Val(AVO)=0.549
2025-10-01 14:40:00 - No AVO-val improvement; patience remaining: 38/50
2025-10-01 14:40:00 - Epoch 39/500 | LR=0.009858 | w_P3=1.000 | w_AVO=2.888 | lambda_MMD=0.150
2025-10-01 14:40:00 - Epoch Summary: TrainLoss=1.2539 | TrainAcc=0.657 | Val(P3)=0.594 | Val(AVO)=0.667
2025-10-01 14:40:00 - New best AVO-val; checkpoint updated
2025-10-01 14:40:00 - Epoch 40/500 | LR=0.009851 | w_P3=1.000 | w_AVO=2.888 | lambda_MMD=0.150
2025-10-01 14:40:00 - Epoch Summary: TrainLoss=1.3644 | TrainAcc=0.652 | Val(P3)=0.614 | Val(AVO)=0.569
2025-10-01 14:40:00 - No AVO-val improvement; patience remaining: 49/50
2025-10-01 14:40:00 - Epoch 41/500 | LR=0.009843 | w_P3=1.000 | w_AVO=2.888 | lambda_MMD=0.150
2025-10-01 14:40:00 - Epoch Summary: TrainLoss=1.3061 | TrainAcc=0.645 | Val(P3)=0.623 | Val(AVO)=0.588
2025-10-01 14:40:00 - No AVO-val improvement; patience remaining: 48/50
2025-10-01 14:40:00 - Epoch 42/500 | LR=0.009835 | w_P3=1.000 | w_AVO=2.888 | lambda_MMD=0.150
2025-10-01 14:40:00 - Epoch Summary: TrainLoss=1.2416 | TrainAcc=0.655 | Val(P3)=0.601 | Val(AVO)=0.569
2025-10-01 14:40:00 - No AVO-val improvement; patience remaining: 47/50
2025-10-01 14:40:00 - Epoch 43/500 | LR=0.009827 | w_P3=1.000 | w_AVO=2.888 | lambda_MMD=0.150
2025-10-01 14:40:00 - Epoch Summary: TrainLoss=1.2521 | TrainAcc=0.651 | Val(P3)=0.601 | Val(AVO)=0.588
2025-10-01 14:40:00 - No AVO-val improvement; patience remaining: 46/50
2025-10-01 14:40:00 - Epoch 44/500 | LR=0.009819 | w_P3=1.000 | w_AVO=2.888 | lambda_MMD=0.150
2025-10-01 14:40:00 - Epoch Summary: TrainLoss=1.2282 | TrainAcc=0.659 | Val(P3)=0.617 | Val(AVO)=0.608
2025-10-01 14:40:00 - No AVO-val improvement; patience remaining: 45/50
2025-10-01 14:40:00 - Epoch 45/500 | LR=0.009810 | w_P3=1.000 | w_AVO=2.888 | lambda_MMD=0.150
2025-10-01 14:40:01 - Epoch Summary: TrainLoss=1.2064 | TrainAcc=0.658 | Val(P3)=0.571 | Val(AVO)=0.490
2025-10-01 14:40:01 - No AVO-val improvement; patience remaining: 44/50
2025-10-01 14:40:01 - Epoch 46/500 | LR=0.009801 | w_P3=1.000 | w_AVO=2.888 | lambda_MMD=0.150
2025-10-01 14:40:01 - Epoch Summary: TrainLoss=1.1698 | TrainAcc=0.667 | Val(P3)=0.588 | Val(AVO)=0.549
2025-10-01 14:40:01 - No AVO-val improvement; patience remaining: 43/50
2025-10-01 14:40:01 - Epoch 47/500 | LR=0.009793 | w_P3=1.000 | w_AVO=2.888 | lambda_MMD=0.150
2025-10-01 14:40:01 - Epoch Summary: TrainLoss=1.1300 | TrainAcc=0.666 | Val(P3)=0.597 | Val(AVO)=0.510
2025-10-01 14:40:01 - No AVO-val improvement; patience remaining: 42/50
2025-10-01 14:40:01 - Epoch 48/500 | LR=0.009784 | w_P3=1.000 | w_AVO=2.888 | lambda_MMD=0.150
2025-10-01 14:40:01 - Epoch Summary: TrainLoss=1.1508 | TrainAcc=0.663 | Val(P3)=0.591 | Val(AVO)=0.529
2025-10-01 14:40:01 - No AVO-val improvement; patience remaining: 41/50
2025-10-01 14:40:01 - Epoch 49/500 | LR=0.009774 | w_P3=1.000 | w_AVO=2.888 | lambda_MMD=0.150
2025-10-01 14:40:01 - Epoch Summary: TrainLoss=1.1313 | TrainAcc=0.667 | Val(P3)=0.578 | Val(AVO)=0.529
2025-10-01 14:40:01 - No AVO-val improvement; patience remaining: 40/50
2025-10-01 14:40:01 - P3 val decreasing 3x. Reducing lambda_MMD to 0.105
2025-10-01 14:40:01 - Epoch 50/500 | LR=0.009765 | w_P3=1.000 | w_AVO=2.888 | lambda_MMD=0.105
2025-10-01 14:40:01 - Epoch Summary: TrainLoss=1.1123 | TrainAcc=0.672 | Val(P3)=0.594 | Val(AVO)=0.608
2025-10-01 14:40:01 - No AVO-val improvement; patience remaining: 39/50
2025-10-01 14:40:01 - Epoch 51/500 | LR=0.009755 | w_P3=1.000 | w_AVO=2.888 | lambda_MMD=0.150
2025-10-01 14:40:02 - Epoch Summary: TrainLoss=1.0602 | TrainAcc=0.672 | Val(P3)=0.591 | Val(AVO)=0.529
2025-10-01 14:40:02 - No AVO-val improvement; patience remaining: 38/50
2025-10-01 14:40:02 - Epoch 52/500 | LR=0.009745 | w_P3=1.000 | w_AVO=2.888 | lambda_MMD=0.150
2025-10-01 14:40:02 - Epoch Summary: TrainLoss=1.1041 | TrainAcc=0.666 | Val(P3)=0.568 | Val(AVO)=0.510
2025-10-01 14:40:02 - No AVO-val improvement; patience remaining: 37/50
2025-10-01 14:40:02 - AVO val decreasing 3x. Reducing w_small to 2.310, lambda_MMD to 0.075
2025-10-01 14:40:02 - P3 val decreasing 3x. Reducing lambda_MMD to 0.052
2025-10-01 14:40:02 - Epoch 53/500 | LR=0.009735 | w_P3=1.000 | w_AVO=2.310 | lambda_MMD=0.052
2025-10-01 14:40:02 - Epoch Summary: TrainLoss=0.9706 | TrainAcc=0.675 | Val(P3)=0.601 | Val(AVO)=0.608
2025-10-01 14:40:02 - No AVO-val improvement; patience remaining: 36/50
2025-10-01 14:40:02 - Epoch 54/500 | LR=0.009725 | w_P3=1.000 | w_AVO=2.888 | lambda_MMD=0.150
2025-10-01 14:40:02 - Epoch Summary: TrainLoss=1.0901 | TrainAcc=0.663 | Val(P3)=0.581 | Val(AVO)=0.471
2025-10-01 14:40:02 - No AVO-val improvement; patience remaining: 35/50
2025-10-01 14:40:02 - Epoch 55/500 | LR=0.009715 | w_P3=1.000 | w_AVO=2.888 | lambda_MMD=0.150
2025-10-01 14:40:02 - Epoch Summary: TrainLoss=1.0375 | TrainAcc=0.677 | Val(P3)=0.601 | Val(AVO)=0.569
2025-10-01 14:40:02 - No AVO-val improvement; patience remaining: 34/50
2025-10-01 14:40:02 - Epoch 56/500 | LR=0.009704 | w_P3=1.000 | w_AVO=2.888 | lambda_MMD=0.150
2025-10-01 14:40:02 - Epoch Summary: TrainLoss=0.9833 | TrainAcc=0.672 | Val(P3)=0.581 | Val(AVO)=0.510
2025-10-01 14:40:02 - No AVO-val improvement; patience remaining: 33/50
2025-10-01 14:40:02 - Epoch 57/500 | LR=0.009694 | w_P3=1.000 | w_AVO=2.888 | lambda_MMD=0.150
2025-10-01 14:40:02 - Epoch Summary: TrainLoss=0.9810 | TrainAcc=0.671 | Val(P3)=0.594 | Val(AVO)=0.569
2025-10-01 14:40:02 - No AVO-val improvement; patience remaining: 32/50
2025-10-01 14:40:02 - Epoch 58/500 | LR=0.009683 | w_P3=1.000 | w_AVO=2.888 | lambda_MMD=0.150
2025-10-01 14:40:02 - Epoch Summary: TrainLoss=0.9998 | TrainAcc=0.669 | Val(P3)=0.597 | Val(AVO)=0.588
2025-10-01 14:40:02 - No AVO-val improvement; patience remaining: 31/50
2025-10-01 14:40:02 - Epoch 59/500 | LR=0.009672 | w_P3=1.000 | w_AVO=2.888 | lambda_MMD=0.150
2025-10-01 14:40:03 - Epoch Summary: TrainLoss=1.0028 | TrainAcc=0.672 | Val(P3)=0.558 | Val(AVO)=0.471
2025-10-01 14:40:03 - No AVO-val improvement; patience remaining: 30/50
2025-10-01 14:40:03 - Epoch 60/500 | LR=0.009660 | w_P3=1.000 | w_AVO=2.888 | lambda_MMD=0.150
2025-10-01 14:40:03 - Epoch Summary: TrainLoss=0.9766 | TrainAcc=0.684 | Val(P3)=0.581 | Val(AVO)=0.529
2025-10-01 14:40:03 - No AVO-val improvement; patience remaining: 29/50
2025-10-01 14:40:03 - Epoch 61/500 | LR=0.009649 | w_P3=1.000 | w_AVO=2.888 | lambda_MMD=0.150
2025-10-01 14:40:03 - Epoch Summary: TrainLoss=0.9742 | TrainAcc=0.681 | Val(P3)=0.568 | Val(AVO)=0.490
2025-10-01 14:40:03 - No AVO-val improvement; patience remaining: 28/50
2025-10-01 14:40:03 - Epoch 62/500 | LR=0.009637 | w_P3=1.000 | w_AVO=2.888 | lambda_MMD=0.150
2025-10-01 14:40:03 - Epoch Summary: TrainLoss=0.9782 | TrainAcc=0.667 | Val(P3)=0.571 | Val(AVO)=0.529
2025-10-01 14:40:03 - No AVO-val improvement; patience remaining: 27/50
2025-10-01 14:40:03 - Epoch 63/500 | LR=0.009625 | w_P3=1.000 | w_AVO=2.888 | lambda_MMD=0.150
2025-10-01 14:40:03 - Epoch Summary: TrainLoss=0.9246 | TrainAcc=0.686 | Val(P3)=0.575 | Val(AVO)=0.529
2025-10-01 14:40:03 - No AVO-val improvement; patience remaining: 26/50
2025-10-01 14:40:03 - Epoch 64/500 | LR=0.009613 | w_P3=1.000 | w_AVO=2.888 | lambda_MMD=0.150
2025-10-01 14:40:03 - Epoch Summary: TrainLoss=1.0152 | TrainAcc=0.689 | Val(P3)=0.601 | Val(AVO)=0.549
2025-10-01 14:40:03 - No AVO-val improvement; patience remaining: 25/50
2025-10-01 14:40:03 - Epoch 65/500 | LR=0.009601 | w_P3=1.000 | w_AVO=2.888 | lambda_MMD=0.150
2025-10-01 14:40:03 - Epoch Summary: TrainLoss=0.9310 | TrainAcc=0.676 | Val(P3)=0.578 | Val(AVO)=0.529
2025-10-01 14:40:03 - No AVO-val improvement; patience remaining: 24/50
2025-10-01 14:40:03 - Epoch 66/500 | LR=0.009589 | w_P3=1.000 | w_AVO=2.888 | lambda_MMD=0.150
2025-10-01 14:40:04 - Epoch Summary: TrainLoss=0.9505 | TrainAcc=0.685 | Val(P3)=0.558 | Val(AVO)=0.471
2025-10-01 14:40:04 - No AVO-val improvement; patience remaining: 23/50
2025-10-01 14:40:04 - AVO val decreasing 3x. Reducing w_small to 2.310, lambda_MMD to 0.075
2025-10-01 14:40:04 - P3 val decreasing 3x. Reducing lambda_MMD to 0.052
2025-10-01 14:40:04 - Epoch 67/500 | LR=0.009576 | w_P3=1.000 | w_AVO=2.310 | lambda_MMD=0.052
2025-10-01 14:40:04 - Epoch Summary: TrainLoss=0.8286 | TrainAcc=0.685 | Val(P3)=0.597 | Val(AVO)=0.569
2025-10-01 14:40:04 - No AVO-val improvement; patience remaining: 22/50
2025-10-01 14:40:04 - Epoch 68/500 | LR=0.009563 | w_P3=1.000 | w_AVO=2.888 | lambda_MMD=0.150
2025-10-01 14:40:04 - Epoch Summary: TrainLoss=0.8729 | TrainAcc=0.691 | Val(P3)=0.578 | Val(AVO)=0.510
2025-10-01 14:40:04 - No AVO-val improvement; patience remaining: 21/50
2025-10-01 14:40:04 - Epoch 69/500 | LR=0.009551 | w_P3=1.000 | w_AVO=2.888 | lambda_MMD=0.150
2025-10-01 14:40:04 - Epoch Summary: TrainLoss=0.8938 | TrainAcc=0.697 | Val(P3)=0.568 | Val(AVO)=0.529
2025-10-01 14:40:04 - No AVO-val improvement; patience remaining: 20/50
2025-10-01 14:40:04 - P3 val decreasing 3x. Reducing lambda_MMD to 0.105
2025-10-01 14:40:04 - Epoch 70/500 | LR=0.009537 | w_P3=1.000 | w_AVO=2.888 | lambda_MMD=0.105
2025-10-01 14:40:04 - Epoch Summary: TrainLoss=0.8518 | TrainAcc=0.703 | Val(P3)=0.568 | Val(AVO)=0.549
2025-10-01 14:40:04 - No AVO-val improvement; patience remaining: 19/50
2025-10-01 14:40:04 - Epoch 71/500 | LR=0.009524 | w_P3=1.000 | w_AVO=2.888 | lambda_MMD=0.150
2025-10-01 14:40:04 - Epoch Summary: TrainLoss=0.8472 | TrainAcc=0.700 | Val(P3)=0.594 | Val(AVO)=0.529
2025-10-01 14:40:04 - No AVO-val improvement; patience remaining: 18/50
2025-10-01 14:40:04 - Epoch 72/500 | LR=0.009511 | w_P3=1.000 | w_AVO=2.888 | lambda_MMD=0.150
2025-10-01 14:40:05 - Epoch Summary: TrainLoss=0.8458 | TrainAcc=0.705 | Val(P3)=0.562 | Val(AVO)=0.529
2025-10-01 14:40:05 - No AVO-val improvement; patience remaining: 17/50
2025-10-01 14:40:05 - Epoch 73/500 | LR=0.009497 | w_P3=1.000 | w_AVO=2.888 | lambda_MMD=0.150
2025-10-01 14:40:05 - Epoch Summary: TrainLoss=0.8589 | TrainAcc=0.700 | Val(P3)=0.584 | Val(AVO)=0.510
2025-10-01 14:40:05 - No AVO-val improvement; patience remaining: 16/50
2025-10-01 14:40:05 - Epoch 74/500 | LR=0.009483 | w_P3=1.000 | w_AVO=2.888 | lambda_MMD=0.150
2025-10-01 14:40:05 - Epoch Summary: TrainLoss=0.7974 | TrainAcc=0.713 | Val(P3)=0.601 | Val(AVO)=0.490
2025-10-01 14:40:05 - No AVO-val improvement; patience remaining: 15/50
2025-10-01 14:40:05 - AVO val decreasing 3x. Reducing w_small to 2.310, lambda_MMD to 0.075
2025-10-01 14:40:05 - Epoch 75/500 | LR=0.009469 | w_P3=1.000 | w_AVO=2.310 | lambda_MMD=0.075
2025-10-01 14:40:05 - Epoch Summary: TrainLoss=0.7987 | TrainAcc=0.700 | Val(P3)=0.591 | Val(AVO)=0.549
2025-10-01 14:40:05 - No AVO-val improvement; patience remaining: 14/50
2025-10-01 14:40:05 - Epoch 76/500 | LR=0.009455 | w_P3=1.000 | w_AVO=2.888 | lambda_MMD=0.150
2025-10-01 14:40:05 - Epoch Summary: TrainLoss=0.8084 | TrainAcc=0.710 | Val(P3)=0.555 | Val(AVO)=0.529
2025-10-01 14:40:05 - No AVO-val improvement; patience remaining: 13/50
2025-10-01 14:40:05 - P3 val decreasing 3x. Reducing lambda_MMD to 0.105
2025-10-01 14:40:05 - Epoch 77/500 | LR=0.009441 | w_P3=1.000 | w_AVO=2.888 | lambda_MMD=0.105
2025-10-01 14:40:05 - Epoch Summary: TrainLoss=0.8147 | TrainAcc=0.711 | Val(P3)=0.571 | Val(AVO)=0.569
2025-10-01 14:40:05 - No AVO-val improvement; patience remaining: 12/50
2025-10-01 14:40:05 - Epoch 78/500 | LR=0.009426 | w_P3=1.000 | w_AVO=2.888 | lambda_MMD=0.150
2025-10-01 14:40:05 - Epoch Summary: TrainLoss=0.8756 | TrainAcc=0.709 | Val(P3)=0.584 | Val(AVO)=0.569
2025-10-01 14:40:05 - No AVO-val improvement; patience remaining: 11/50
2025-10-01 14:40:05 - Epoch 79/500 | LR=0.009411 | w_P3=1.000 | w_AVO=2.888 | lambda_MMD=0.150
2025-10-01 14:40:06 - Epoch Summary: TrainLoss=0.8163 | TrainAcc=0.704 | Val(P3)=0.597 | Val(AVO)=0.529
2025-10-01 14:40:06 - No AVO-val improvement; patience remaining: 10/50
2025-10-01 14:40:06 - Epoch 80/500 | LR=0.009397 | w_P3=1.000 | w_AVO=2.888 | lambda_MMD=0.150
2025-10-01 14:40:06 - Epoch Summary: TrainLoss=0.8026 | TrainAcc=0.720 | Val(P3)=0.571 | Val(AVO)=0.588
2025-10-01 14:40:06 - No AVO-val improvement; patience remaining: 9/50
2025-10-01 14:40:06 - Epoch 81/500 | LR=0.009382 | w_P3=1.000 | w_AVO=2.888 | lambda_MMD=0.150
2025-10-01 14:40:06 - Epoch Summary: TrainLoss=0.7837 | TrainAcc=0.721 | Val(P3)=0.558 | Val(AVO)=0.471
2025-10-01 14:40:06 - No AVO-val improvement; patience remaining: 8/50
2025-10-01 14:40:06 - P3 val decreasing 3x. Reducing lambda_MMD to 0.105
2025-10-01 14:40:06 - Epoch 82/500 | LR=0.009366 | w_P3=1.000 | w_AVO=2.888 | lambda_MMD=0.105
2025-10-01 14:40:06 - Epoch Summary: TrainLoss=0.7854 | TrainAcc=0.722 | Val(P3)=0.591 | Val(AVO)=0.588
2025-10-01 14:40:06 - No AVO-val improvement; patience remaining: 7/50
2025-10-01 14:40:06 - Epoch 83/500 | LR=0.009351 | w_P3=1.000 | w_AVO=2.888 | lambda_MMD=0.150
2025-10-01 14:40:06 - Epoch Summary: TrainLoss=0.7410 | TrainAcc=0.728 | Val(P3)=0.575 | Val(AVO)=0.490
2025-10-01 14:40:06 - No AVO-val improvement; patience remaining: 6/50
2025-10-01 14:40:06 - Epoch 84/500 | LR=0.009335 | w_P3=1.000 | w_AVO=2.888 | lambda_MMD=0.150
2025-10-01 14:40:06 - Epoch Summary: TrainLoss=0.8201 | TrainAcc=0.723 | Val(P3)=0.604 | Val(AVO)=0.569
2025-10-01 14:40:06 - No AVO-val improvement; patience remaining: 5/50
2025-10-01 14:40:06 - Epoch 85/500 | LR=0.009320 | w_P3=1.000 | w_AVO=2.888 | lambda_MMD=0.150
2025-10-01 14:40:06 - Epoch Summary: TrainLoss=0.7737 | TrainAcc=0.731 | Val(P3)=0.565 | Val(AVO)=0.490
2025-10-01 14:40:06 - No AVO-val improvement; patience remaining: 4/50
2025-10-01 14:40:06 - Epoch 86/500 | LR=0.009304 | w_P3=1.000 | w_AVO=2.888 | lambda_MMD=0.150
2025-10-01 14:40:07 - Epoch Summary: TrainLoss=0.8012 | TrainAcc=0.711 | Val(P3)=0.610 | Val(AVO)=0.529
2025-10-01 14:40:07 - No AVO-val improvement; patience remaining: 3/50
2025-10-01 14:40:07 - Epoch 87/500 | LR=0.009288 | w_P3=1.000 | w_AVO=2.888 | lambda_MMD=0.150
2025-10-01 14:40:07 - Epoch Summary: TrainLoss=0.8389 | TrainAcc=0.720 | Val(P3)=0.575 | Val(AVO)=0.569
2025-10-01 14:40:07 - No AVO-val improvement; patience remaining: 2/50
2025-10-01 14:40:07 - Epoch 88/500 | LR=0.009271 | w_P3=1.000 | w_AVO=2.888 | lambda_MMD=0.150
2025-10-01 14:40:07 - Epoch Summary: TrainLoss=0.7652 | TrainAcc=0.719 | Val(P3)=0.591 | Val(AVO)=0.569
2025-10-01 14:40:07 - No AVO-val improvement; patience remaining: 1/50
2025-10-01 14:40:07 - Epoch 89/500 | LR=0.009255 | w_P3=1.000 | w_AVO=2.888 | lambda_MMD=0.150
2025-10-01 14:40:07 - Epoch Summary: TrainLoss=0.7715 | TrainAcc=0.722 | Val(P3)=0.588 | Val(AVO)=0.588
2025-10-01 14:40:07 - No AVO-val improvement; patience remaining: 0/50
2025-10-01 14:40:07 - Early stopping triggered (AVO-val)
2025-10-01 14:40:07 -     P3 Test | Acc=0.5730 P=0.6471 R=0.3416 F1=0.4472 AUC=0.6511 (n=637)
2025-10-01 14:40:07 -     AVO Test | Acc=0.6375 P=0.5952 R=0.6757 F1=0.6329 AUC=0.7121 (n=80)
2025-10-01 14:40:07 -     Overall Test Acc=0.5802
2025-10-01 14:40:07 -   Fold 5/5
2025-10-01 14:40:07 - Fold domains: small=AVO (n=275), large=P3 (n=2237)
2025-10-01 14:40:07 - Auto adjustments (symmetric): w_small≈1.000, lambda_MMD_target=0.150, warmup_epochs=5
2025-10-01 14:40:07 - Epoch 1/500 | LR=0.010000 | w_P3=1.000 | w_AVO=1.370 | lambda_MMD=0.030
2025-10-01 14:40:07 - Epoch Summary: TrainLoss=1.6419 | TrainAcc=0.565 | Val(P3)=0.586 | Val(AVO)=0.538
2025-10-01 14:40:07 - New best AVO-val; checkpoint updated
2025-10-01 14:40:07 - Epoch 2/500 | LR=0.010000 | w_P3=1.000 | w_AVO=1.741 | lambda_MMD=0.060
2025-10-01 14:40:07 - Epoch Summary: TrainLoss=1.7343 | TrainAcc=0.606 | Val(P3)=0.596 | Val(AVO)=0.538
2025-10-01 14:40:07 - No AVO-val improvement; patience remaining: 49/50
2025-10-01 14:40:07 - Epoch 3/500 | LR=0.010000 | w_P3=1.000 | w_AVO=2.111 | lambda_MMD=0.090
2025-10-01 14:40:08 - Epoch Summary: TrainLoss=1.9096 | TrainAcc=0.606 | Val(P3)=0.599 | Val(AVO)=0.673
2025-10-01 14:40:08 - New best AVO-val; checkpoint updated
2025-10-01 14:40:08 - Epoch 4/500 | LR=0.009999 | w_P3=1.000 | w_AVO=2.482 | lambda_MMD=0.120
2025-10-01 14:40:08 - Epoch Summary: TrainLoss=2.1548 | TrainAcc=0.610 | Val(P3)=0.573 | Val(AVO)=0.654
2025-10-01 14:40:08 - No AVO-val improvement; patience remaining: 49/50
2025-10-01 14:40:08 - Epoch 5/500 | LR=0.009998 | w_P3=1.000 | w_AVO=2.852 | lambda_MMD=0.150
2025-10-01 14:40:08 - Epoch Summary: TrainLoss=2.2981 | TrainAcc=0.615 | Val(P3)=0.567 | Val(AVO)=0.654
2025-10-01 14:40:08 - No AVO-val improvement; patience remaining: 48/50
2025-10-01 14:40:08 - P3 val decreasing 3x. Reducing lambda_MMD to 0.105
2025-10-01 14:40:08 - Epoch 6/500 | LR=0.009998 | w_P3=1.000 | w_AVO=2.852 | lambda_MMD=0.105
2025-10-01 14:40:08 - Epoch Summary: TrainLoss=2.2460 | TrainAcc=0.612 | Val(P3)=0.564 | Val(AVO)=0.538
2025-10-01 14:40:08 - No AVO-val improvement; patience remaining: 47/50
2025-10-01 14:40:08 - P3 val decreasing 3x. Reducing lambda_MMD to 0.105
2025-10-01 14:40:08 - Epoch 7/500 | LR=0.009996 | w_P3=1.000 | w_AVO=2.852 | lambda_MMD=0.105
2025-10-01 14:40:08 - Epoch Summary: TrainLoss=2.2520 | TrainAcc=0.611 | Val(P3)=0.593 | Val(AVO)=0.692
2025-10-01 14:40:08 - New best AVO-val; checkpoint updated
2025-10-01 14:40:08 - Epoch 8/500 | LR=0.009995 | w_P3=1.000 | w_AVO=2.852 | lambda_MMD=0.150
2025-10-01 14:40:08 - Epoch Summary: TrainLoss=2.1584 | TrainAcc=0.613 | Val(P3)=0.577 | Val(AVO)=0.596
2025-10-01 14:40:08 - No AVO-val improvement; patience remaining: 49/50
2025-10-01 14:40:08 - Epoch 9/500 | LR=0.009994 | w_P3=1.000 | w_AVO=2.852 | lambda_MMD=0.150
2025-10-01 14:40:08 - Epoch Summary: TrainLoss=2.1459 | TrainAcc=0.637 | Val(P3)=0.593 | Val(AVO)=0.462
2025-10-01 14:40:08 - No AVO-val improvement; patience remaining: 48/50
2025-10-01 14:40:08 - AVO val decreasing 3x. Reducing w_small to 2.282, lambda_MMD to 0.075
2025-10-01 14:40:08 - Epoch 10/500 | LR=0.009992 | w_P3=1.000 | w_AVO=2.282 | lambda_MMD=0.075
2025-10-01 14:40:09 - Epoch Summary: TrainLoss=1.8456 | TrainAcc=0.629 | Val(P3)=0.564 | Val(AVO)=0.673
2025-10-01 14:40:09 - No AVO-val improvement; patience remaining: 47/50
2025-10-01 14:40:09 - Epoch 11/500 | LR=0.009990 | w_P3=1.000 | w_AVO=2.852 | lambda_MMD=0.150
2025-10-01 14:40:09 - Epoch Summary: TrainLoss=2.0672 | TrainAcc=0.626 | Val(P3)=0.625 | Val(AVO)=0.596
2025-10-01 14:40:09 - No AVO-val improvement; patience remaining: 46/50
2025-10-01 14:40:09 - Epoch 12/500 | LR=0.009988 | w_P3=1.000 | w_AVO=2.852 | lambda_MMD=0.150
2025-10-01 14:40:09 - Epoch Summary: TrainLoss=2.0561 | TrainAcc=0.633 | Val(P3)=0.580 | Val(AVO)=0.538
2025-10-01 14:40:09 - No AVO-val improvement; patience remaining: 45/50
2025-10-01 14:40:09 - AVO val decreasing 3x. Reducing w_small to 2.282, lambda_MMD to 0.075
2025-10-01 14:40:09 - Epoch 13/500 | LR=0.009986 | w_P3=1.000 | w_AVO=2.282 | lambda_MMD=0.075
2025-10-01 14:40:09 - Epoch Summary: TrainLoss=1.7345 | TrainAcc=0.627 | Val(P3)=0.616 | Val(AVO)=0.596
2025-10-01 14:40:09 - No AVO-val improvement; patience remaining: 44/50
2025-10-01 14:40:09 - Epoch 14/500 | LR=0.009983 | w_P3=1.000 | w_AVO=2.852 | lambda_MMD=0.150
2025-10-01 14:40:09 - Epoch Summary: TrainLoss=2.0035 | TrainAcc=0.633 | Val(P3)=0.599 | Val(AVO)=0.558
2025-10-01 14:40:09 - No AVO-val improvement; patience remaining: 43/50
2025-10-01 14:40:09 - Epoch 15/500 | LR=0.009981 | w_P3=1.000 | w_AVO=2.852 | lambda_MMD=0.150
2025-10-01 14:40:09 - Epoch Summary: TrainLoss=1.9413 | TrainAcc=0.637 | Val(P3)=0.583 | Val(AVO)=0.538
2025-10-01 14:40:09 - No AVO-val improvement; patience remaining: 42/50
2025-10-01 14:40:09 - AVO val decreasing 3x. Reducing w_small to 2.282, lambda_MMD to 0.075
2025-10-01 14:40:09 - P3 val decreasing 3x. Reducing lambda_MMD to 0.052
2025-10-01 14:40:09 - Epoch 16/500 | LR=0.009978 | w_P3=1.000 | w_AVO=2.282 | lambda_MMD=0.052
2025-10-01 14:40:09 - Epoch Summary: TrainLoss=1.6778 | TrainAcc=0.633 | Val(P3)=0.573 | Val(AVO)=0.615
2025-10-01 14:40:09 - No AVO-val improvement; patience remaining: 41/50
2025-10-01 14:40:09 - P3 val decreasing 3x. Reducing lambda_MMD to 0.105
2025-10-01 14:40:09 - Epoch 17/500 | LR=0.009975 | w_P3=1.000 | w_AVO=2.852 | lambda_MMD=0.105
2025-10-01 14:40:10 - Epoch Summary: TrainLoss=1.8650 | TrainAcc=0.640 | Val(P3)=0.583 | Val(AVO)=0.692
2025-10-01 14:40:10 - No AVO-val improvement; patience remaining: 40/50
2025-10-01 14:40:10 - Epoch 18/500 | LR=0.009972 | w_P3=1.000 | w_AVO=2.852 | lambda_MMD=0.150
2025-10-01 14:40:10 - Epoch Summary: TrainLoss=1.8632 | TrainAcc=0.644 | Val(P3)=0.586 | Val(AVO)=0.712
2025-10-01 14:40:10 - New best AVO-val; checkpoint updated
2025-10-01 14:40:10 - Epoch 19/500 | LR=0.009968 | w_P3=1.000 | w_AVO=2.852 | lambda_MMD=0.150
2025-10-01 14:40:10 - Epoch Summary: TrainLoss=1.8063 | TrainAcc=0.643 | Val(P3)=0.570 | Val(AVO)=0.558
2025-10-01 14:40:10 - No AVO-val improvement; patience remaining: 49/50
2025-10-01 14:40:10 - Epoch 20/500 | LR=0.009964 | w_P3=1.000 | w_AVO=2.852 | lambda_MMD=0.150
2025-10-01 14:40:10 - Epoch Summary: TrainLoss=1.7453 | TrainAcc=0.646 | Val(P3)=0.573 | Val(AVO)=0.654
2025-10-01 14:40:10 - No AVO-val improvement; patience remaining: 48/50
2025-10-01 14:40:10 - Epoch 21/500 | LR=0.009961 | w_P3=1.000 | w_AVO=2.852 | lambda_MMD=0.150
2025-10-01 14:40:10 - Epoch Summary: TrainLoss=1.7212 | TrainAcc=0.641 | Val(P3)=0.593 | Val(AVO)=0.577
2025-10-01 14:40:10 - No AVO-val improvement; patience remaining: 47/50
2025-10-01 14:40:10 - Epoch 22/500 | LR=0.009957 | w_P3=1.000 | w_AVO=2.852 | lambda_MMD=0.150
2025-10-01 14:40:10 - Epoch Summary: TrainLoss=1.6865 | TrainAcc=0.636 | Val(P3)=0.567 | Val(AVO)=0.712
2025-10-01 14:40:10 - No AVO-val improvement; patience remaining: 46/50
2025-10-01 14:40:10 - Epoch 23/500 | LR=0.009952 | w_P3=1.000 | w_AVO=2.852 | lambda_MMD=0.150
2025-10-01 14:40:10 - Epoch Summary: TrainLoss=1.6819 | TrainAcc=0.654 | Val(P3)=0.577 | Val(AVO)=0.712
2025-10-01 14:40:10 - No AVO-val improvement; patience remaining: 45/50
2025-10-01 14:40:10 - Epoch 24/500 | LR=0.009948 | w_P3=1.000 | w_AVO=2.852 | lambda_MMD=0.150
2025-10-01 14:40:11 - Epoch Summary: TrainLoss=1.6467 | TrainAcc=0.645 | Val(P3)=0.573 | Val(AVO)=0.673
2025-10-01 14:40:11 - No AVO-val improvement; patience remaining: 44/50
2025-10-01 14:40:11 - Epoch 25/500 | LR=0.009943 | w_P3=1.000 | w_AVO=2.852 | lambda_MMD=0.150
2025-10-01 14:40:11 - Epoch Summary: TrainLoss=1.6024 | TrainAcc=0.652 | Val(P3)=0.580 | Val(AVO)=0.731
2025-10-01 14:40:11 - New best AVO-val; checkpoint updated
2025-10-01 14:40:11 - Epoch 26/500 | LR=0.009938 | w_P3=1.000 | w_AVO=2.852 | lambda_MMD=0.150
2025-10-01 14:40:11 - Epoch Summary: TrainLoss=1.5513 | TrainAcc=0.645 | Val(P3)=0.567 | Val(AVO)=0.692
2025-10-01 14:40:11 - No AVO-val improvement; patience remaining: 49/50
2025-10-01 14:40:11 - Epoch 27/500 | LR=0.009933 | w_P3=1.000 | w_AVO=2.852 | lambda_MMD=0.150
2025-10-01 14:40:11 - Epoch Summary: TrainLoss=1.4863 | TrainAcc=0.646 | Val(P3)=0.573 | Val(AVO)=0.692
2025-10-01 14:40:11 - No AVO-val improvement; patience remaining: 48/50
2025-10-01 14:40:11 - Epoch 28/500 | LR=0.009928 | w_P3=1.000 | w_AVO=2.852 | lambda_MMD=0.150
2025-10-01 14:40:11 - Epoch Summary: TrainLoss=1.5152 | TrainAcc=0.641 | Val(P3)=0.554 | Val(AVO)=0.577
2025-10-01 14:40:11 - No AVO-val improvement; patience remaining: 47/50
2025-10-01 14:40:11 - Epoch 29/500 | LR=0.009923 | w_P3=1.000 | w_AVO=2.852 | lambda_MMD=0.150
2025-10-01 14:40:11 - Epoch Summary: TrainLoss=1.4019 | TrainAcc=0.641 | Val(P3)=0.567 | Val(AVO)=0.673
2025-10-01 14:40:11 - No AVO-val improvement; patience remaining: 46/50
2025-10-01 14:40:11 - Epoch 30/500 | LR=0.009917 | w_P3=1.000 | w_AVO=2.852 | lambda_MMD=0.150
2025-10-01 14:40:11 - Epoch Summary: TrainLoss=1.4320 | TrainAcc=0.655 | Val(P3)=0.534 | Val(AVO)=0.500
2025-10-01 14:40:11 - No AVO-val improvement; patience remaining: 45/50
2025-10-01 14:40:11 - Epoch 31/500 | LR=0.009911 | w_P3=1.000 | w_AVO=2.852 | lambda_MMD=0.150
2025-10-01 14:40:11 - Epoch Summary: TrainLoss=1.4127 | TrainAcc=0.646 | Val(P3)=0.573 | Val(AVO)=0.712
2025-10-01 14:40:11 - No AVO-val improvement; patience remaining: 44/50
2025-10-01 14:40:11 - Epoch 32/500 | LR=0.009905 | w_P3=1.000 | w_AVO=2.852 | lambda_MMD=0.150
2025-10-01 14:40:12 - Epoch Summary: TrainLoss=1.3366 | TrainAcc=0.644 | Val(P3)=0.577 | Val(AVO)=0.692
2025-10-01 14:40:12 - No AVO-val improvement; patience remaining: 43/50
2025-10-01 14:40:12 - Epoch 33/500 | LR=0.009899 | w_P3=1.000 | w_AVO=2.852 | lambda_MMD=0.150
2025-10-01 14:40:12 - Epoch Summary: TrainLoss=1.3526 | TrainAcc=0.664 | Val(P3)=0.557 | Val(AVO)=0.712
2025-10-01 14:40:12 - No AVO-val improvement; patience remaining: 42/50
2025-10-01 14:40:12 - Epoch 34/500 | LR=0.009893 | w_P3=1.000 | w_AVO=2.852 | lambda_MMD=0.150
2025-10-01 14:40:12 - Epoch Summary: TrainLoss=1.3936 | TrainAcc=0.657 | Val(P3)=0.586 | Val(AVO)=0.712
2025-10-01 14:40:12 - No AVO-val improvement; patience remaining: 41/50
2025-10-01 14:40:12 - Epoch 35/500 | LR=0.009886 | w_P3=1.000 | w_AVO=2.852 | lambda_MMD=0.150
2025-10-01 14:40:12 - Epoch Summary: TrainLoss=1.4216 | TrainAcc=0.637 | Val(P3)=0.573 | Val(AVO)=0.692
2025-10-01 14:40:12 - No AVO-val improvement; patience remaining: 40/50
2025-10-01 14:40:12 - Epoch 36/500 | LR=0.009880 | w_P3=1.000 | w_AVO=2.852 | lambda_MMD=0.150
2025-10-01 14:40:12 - Epoch Summary: TrainLoss=1.3298 | TrainAcc=0.656 | Val(P3)=0.531 | Val(AVO)=0.538
2025-10-01 14:40:12 - No AVO-val improvement; patience remaining: 39/50
2025-10-01 14:40:12 - AVO val decreasing 3x. Reducing w_small to 2.282, lambda_MMD to 0.075
2025-10-01 14:40:12 - P3 val decreasing 3x. Reducing lambda_MMD to 0.052
2025-10-01 14:40:12 - Epoch 37/500 | LR=0.009873 | w_P3=1.000 | w_AVO=2.282 | lambda_MMD=0.052
2025-10-01 14:40:12 - Epoch Summary: TrainLoss=1.1358 | TrainAcc=0.656 | Val(P3)=0.570 | Val(AVO)=0.750
2025-10-01 14:40:12 - New best AVO-val; checkpoint updated
2025-10-01 14:40:12 - Epoch 38/500 | LR=0.009865 | w_P3=1.000 | w_AVO=2.852 | lambda_MMD=0.150
2025-10-01 14:40:12 - Epoch Summary: TrainLoss=1.2243 | TrainAcc=0.669 | Val(P3)=0.577 | Val(AVO)=0.712
2025-10-01 14:40:12 - No AVO-val improvement; patience remaining: 49/50
2025-10-01 14:40:12 - Epoch 39/500 | LR=0.009858 | w_P3=1.000 | w_AVO=2.852 | lambda_MMD=0.150
2025-10-01 14:40:13 - Epoch Summary: TrainLoss=1.2110 | TrainAcc=0.671 | Val(P3)=0.521 | Val(AVO)=0.481
2025-10-01 14:40:13 - No AVO-val improvement; patience remaining: 48/50
2025-10-01 14:40:13 - AVO val decreasing 3x. Reducing w_small to 2.282, lambda_MMD to 0.075
2025-10-01 14:40:13 - Epoch 40/500 | LR=0.009851 | w_P3=1.000 | w_AVO=2.282 | lambda_MMD=0.075
2025-10-01 14:40:13 - Epoch Summary: TrainLoss=1.0850 | TrainAcc=0.671 | Val(P3)=0.541 | Val(AVO)=0.692
2025-10-01 14:40:13 - No AVO-val improvement; patience remaining: 47/50
2025-10-01 14:40:13 - Epoch 41/500 | LR=0.009843 | w_P3=1.000 | w_AVO=2.852 | lambda_MMD=0.150
2025-10-01 14:40:13 - Epoch Summary: TrainLoss=1.1554 | TrainAcc=0.671 | Val(P3)=0.537 | Val(AVO)=0.577
2025-10-01 14:40:13 - No AVO-val improvement; patience remaining: 46/50
2025-10-01 14:40:13 - Epoch 42/500 | LR=0.009835 | w_P3=1.000 | w_AVO=2.852 | lambda_MMD=0.150
2025-10-01 14:40:13 - Epoch Summary: TrainLoss=1.1346 | TrainAcc=0.669 | Val(P3)=0.564 | Val(AVO)=0.692
2025-10-01 14:40:13 - No AVO-val improvement; patience remaining: 45/50
2025-10-01 14:40:13 - Epoch 43/500 | LR=0.009827 | w_P3=1.000 | w_AVO=2.852 | lambda_MMD=0.150
2025-10-01 14:40:13 - Epoch Summary: TrainLoss=1.1265 | TrainAcc=0.683 | Val(P3)=0.564 | Val(AVO)=0.692
2025-10-01 14:40:13 - No AVO-val improvement; patience remaining: 44/50
2025-10-01 14:40:13 - Epoch 44/500 | LR=0.009819 | w_P3=1.000 | w_AVO=2.852 | lambda_MMD=0.150
2025-10-01 14:40:13 - Epoch Summary: TrainLoss=1.0897 | TrainAcc=0.672 | Val(P3)=0.537 | Val(AVO)=0.577
2025-10-01 14:40:13 - No AVO-val improvement; patience remaining: 43/50
2025-10-01 14:40:13 - Epoch 45/500 | LR=0.009810 | w_P3=1.000 | w_AVO=2.852 | lambda_MMD=0.150
2025-10-01 14:40:13 - Epoch Summary: TrainLoss=1.1198 | TrainAcc=0.671 | Val(P3)=0.573 | Val(AVO)=0.615
2025-10-01 14:40:13 - No AVO-val improvement; patience remaining: 42/50
2025-10-01 14:40:13 - Epoch 46/500 | LR=0.009801 | w_P3=1.000 | w_AVO=2.852 | lambda_MMD=0.150
2025-10-01 14:40:13 - Epoch Summary: TrainLoss=1.1544 | TrainAcc=0.654 | Val(P3)=0.570 | Val(AVO)=0.673
2025-10-01 14:40:13 - No AVO-val improvement; patience remaining: 41/50
2025-10-01 14:40:13 - Epoch 47/500 | LR=0.009793 | w_P3=1.000 | w_AVO=2.852 | lambda_MMD=0.150
2025-10-01 14:40:14 - Epoch Summary: TrainLoss=1.0973 | TrainAcc=0.676 | Val(P3)=0.544 | Val(AVO)=0.654
2025-10-01 14:40:14 - No AVO-val improvement; patience remaining: 40/50
2025-10-01 14:40:14 - P3 val decreasing 3x. Reducing lambda_MMD to 0.105
2025-10-01 14:40:14 - Epoch 48/500 | LR=0.009784 | w_P3=1.000 | w_AVO=2.852 | lambda_MMD=0.105
2025-10-01 14:40:14 - Epoch Summary: TrainLoss=1.0325 | TrainAcc=0.677 | Val(P3)=0.573 | Val(AVO)=0.712
2025-10-01 14:40:14 - No AVO-val improvement; patience remaining: 39/50
2025-10-01 14:40:14 - Epoch 49/500 | LR=0.009774 | w_P3=1.000 | w_AVO=2.852 | lambda_MMD=0.150
2025-10-01 14:40:14 - Epoch Summary: TrainLoss=1.0670 | TrainAcc=0.678 | Val(P3)=0.531 | Val(AVO)=0.596
2025-10-01 14:40:14 - No AVO-val improvement; patience remaining: 38/50
2025-10-01 14:40:14 - Epoch 50/500 | LR=0.009765 | w_P3=1.000 | w_AVO=2.852 | lambda_MMD=0.150
2025-10-01 14:40:14 - Epoch Summary: TrainLoss=1.0055 | TrainAcc=0.682 | Val(P3)=0.544 | Val(AVO)=0.635
2025-10-01 14:40:14 - No AVO-val improvement; patience remaining: 37/50
2025-10-01 14:40:14 - Epoch 51/500 | LR=0.009755 | w_P3=1.000 | w_AVO=2.852 | lambda_MMD=0.150
2025-10-01 14:40:14 - Epoch Summary: TrainLoss=1.0114 | TrainAcc=0.677 | Val(P3)=0.537 | Val(AVO)=0.654
2025-10-01 14:40:14 - No AVO-val improvement; patience remaining: 36/50
2025-10-01 14:40:14 - Epoch 52/500 | LR=0.009745 | w_P3=1.000 | w_AVO=2.852 | lambda_MMD=0.150
2025-10-01 14:40:14 - Epoch Summary: TrainLoss=1.0514 | TrainAcc=0.680 | Val(P3)=0.564 | Val(AVO)=0.750
2025-10-01 14:40:14 - No AVO-val improvement; patience remaining: 35/50
2025-10-01 14:40:14 - Epoch 53/500 | LR=0.009735 | w_P3=1.000 | w_AVO=2.852 | lambda_MMD=0.150
2025-10-01 14:40:14 - Epoch Summary: TrainLoss=0.9980 | TrainAcc=0.684 | Val(P3)=0.524 | Val(AVO)=0.635
2025-10-01 14:40:14 - No AVO-val improvement; patience remaining: 34/50
2025-10-01 14:40:14 - Epoch 54/500 | LR=0.009725 | w_P3=1.000 | w_AVO=2.852 | lambda_MMD=0.150
2025-10-01 14:40:15 - Epoch Summary: TrainLoss=1.0021 | TrainAcc=0.677 | Val(P3)=0.528 | Val(AVO)=0.558
2025-10-01 14:40:15 - No AVO-val improvement; patience remaining: 33/50
2025-10-01 14:40:15 - AVO val decreasing 3x. Reducing w_small to 2.282, lambda_MMD to 0.075
2025-10-01 14:40:15 - Epoch 55/500 | LR=0.009715 | w_P3=1.000 | w_AVO=2.282 | lambda_MMD=0.075
2025-10-01 14:40:15 - Epoch Summary: TrainLoss=0.9406 | TrainAcc=0.675 | Val(P3)=0.567 | Val(AVO)=0.731
2025-10-01 14:40:15 - No AVO-val improvement; patience remaining: 32/50
2025-10-01 14:40:15 - Epoch 56/500 | LR=0.009704 | w_P3=1.000 | w_AVO=2.852 | lambda_MMD=0.150
2025-10-01 14:40:15 - Epoch Summary: TrainLoss=0.9562 | TrainAcc=0.679 | Val(P3)=0.544 | Val(AVO)=0.673
2025-10-01 14:40:15 - No AVO-val improvement; patience remaining: 31/50
2025-10-01 14:40:15 - Epoch 57/500 | LR=0.009694 | w_P3=1.000 | w_AVO=2.852 | lambda_MMD=0.150
2025-10-01 14:40:15 - Epoch Summary: TrainLoss=0.9654 | TrainAcc=0.692 | Val(P3)=0.534 | Val(AVO)=0.673
2025-10-01 14:40:15 - No AVO-val improvement; patience remaining: 30/50
2025-10-01 14:40:15 - P3 val decreasing 3x. Reducing lambda_MMD to 0.105
2025-10-01 14:40:15 - Epoch 58/500 | LR=0.009683 | w_P3=1.000 | w_AVO=2.852 | lambda_MMD=0.105
2025-10-01 14:40:15 - Epoch Summary: TrainLoss=0.9143 | TrainAcc=0.692 | Val(P3)=0.521 | Val(AVO)=0.577
2025-10-01 14:40:15 - No AVO-val improvement; patience remaining: 29/50
2025-10-01 14:40:15 - P3 val decreasing 3x. Reducing lambda_MMD to 0.105
2025-10-01 14:40:15 - Epoch 59/500 | LR=0.009672 | w_P3=1.000 | w_AVO=2.852 | lambda_MMD=0.105
2025-10-01 14:40:15 - Epoch Summary: TrainLoss=1.0760 | TrainAcc=0.672 | Val(P3)=0.570 | Val(AVO)=0.731
2025-10-01 14:40:15 - No AVO-val improvement; patience remaining: 28/50
2025-10-01 14:40:15 - Epoch 60/500 | LR=0.009660 | w_P3=1.000 | w_AVO=2.852 | lambda_MMD=0.150
2025-10-01 14:40:15 - Epoch Summary: TrainLoss=0.9531 | TrainAcc=0.681 | Val(P3)=0.544 | Val(AVO)=0.712
2025-10-01 14:40:15 - No AVO-val improvement; patience remaining: 27/50
2025-10-01 14:40:15 - Epoch 61/500 | LR=0.009649 | w_P3=1.000 | w_AVO=2.852 | lambda_MMD=0.150
2025-10-01 14:40:16 - Epoch Summary: TrainLoss=0.9216 | TrainAcc=0.691 | Val(P3)=0.583 | Val(AVO)=0.692
2025-10-01 14:40:16 - No AVO-val improvement; patience remaining: 26/50
2025-10-01 14:40:16 - AVO val decreasing 3x. Reducing w_small to 2.282, lambda_MMD to 0.075
2025-10-01 14:40:16 - Epoch 62/500 | LR=0.009637 | w_P3=1.000 | w_AVO=2.282 | lambda_MMD=0.075
2025-10-01 14:40:16 - Epoch Summary: TrainLoss=0.8820 | TrainAcc=0.679 | Val(P3)=0.521 | Val(AVO)=0.500
2025-10-01 14:40:16 - No AVO-val improvement; patience remaining: 25/50
2025-10-01 14:40:16 - AVO val decreasing 3x. Reducing w_small to 2.282, lambda_MMD to 0.075
2025-10-01 14:40:16 - Epoch 63/500 | LR=0.009625 | w_P3=1.000 | w_AVO=2.282 | lambda_MMD=0.075
2025-10-01 14:40:16 - Epoch Summary: TrainLoss=0.8642 | TrainAcc=0.693 | Val(P3)=0.544 | Val(AVO)=0.712
2025-10-01 14:40:16 - No AVO-val improvement; patience remaining: 24/50
2025-10-01 14:40:16 - Epoch 64/500 | LR=0.009613 | w_P3=1.000 | w_AVO=2.852 | lambda_MMD=0.150
2025-10-01 14:40:16 - Epoch Summary: TrainLoss=0.9132 | TrainAcc=0.691 | Val(P3)=0.531 | Val(AVO)=0.654
2025-10-01 14:40:16 - No AVO-val improvement; patience remaining: 23/50
2025-10-01 14:40:16 - Epoch 65/500 | LR=0.009601 | w_P3=1.000 | w_AVO=2.852 | lambda_MMD=0.150
2025-10-01 14:40:16 - Epoch Summary: TrainLoss=0.8833 | TrainAcc=0.699 | Val(P3)=0.547 | Val(AVO)=0.731
2025-10-01 14:40:16 - No AVO-val improvement; patience remaining: 22/50
2025-10-01 14:40:16 - Epoch 66/500 | LR=0.009589 | w_P3=1.000 | w_AVO=2.852 | lambda_MMD=0.150
2025-10-01 14:40:16 - Epoch Summary: TrainLoss=0.8973 | TrainAcc=0.696 | Val(P3)=0.573 | Val(AVO)=0.731
2025-10-01 14:40:16 - No AVO-val improvement; patience remaining: 21/50
2025-10-01 14:40:16 - Epoch 67/500 | LR=0.009576 | w_P3=1.000 | w_AVO=2.852 | lambda_MMD=0.150
2025-10-01 14:40:17 - Epoch Summary: TrainLoss=0.8933 | TrainAcc=0.703 | Val(P3)=0.524 | Val(AVO)=0.519
2025-10-01 14:40:17 - No AVO-val improvement; patience remaining: 20/50
2025-10-01 14:40:17 - Epoch 68/500 | LR=0.009563 | w_P3=1.000 | w_AVO=2.852 | lambda_MMD=0.150
2025-10-01 14:40:17 - Epoch Summary: TrainLoss=0.9163 | TrainAcc=0.698 | Val(P3)=0.573 | Val(AVO)=0.731
2025-10-01 14:40:17 - No AVO-val improvement; patience remaining: 19/50
2025-10-01 14:40:17 - Epoch 69/500 | LR=0.009551 | w_P3=1.000 | w_AVO=2.852 | lambda_MMD=0.150
2025-10-01 14:40:17 - Epoch Summary: TrainLoss=0.9173 | TrainAcc=0.700 | Val(P3)=0.521 | Val(AVO)=0.481
2025-10-01 14:40:17 - No AVO-val improvement; patience remaining: 18/50
2025-10-01 14:40:17 - Epoch 70/500 | LR=0.009537 | w_P3=1.000 | w_AVO=2.852 | lambda_MMD=0.150
2025-10-01 14:40:17 - Epoch Summary: TrainLoss=0.9071 | TrainAcc=0.684 | Val(P3)=0.521 | Val(AVO)=0.481
2025-10-01 14:40:17 - No AVO-val improvement; patience remaining: 17/50
2025-10-01 14:40:17 - Epoch 71/500 | LR=0.009524 | w_P3=1.000 | w_AVO=2.852 | lambda_MMD=0.150
2025-10-01 14:40:17 - Epoch Summary: TrainLoss=0.8471 | TrainAcc=0.699 | Val(P3)=0.547 | Val(AVO)=0.712
2025-10-01 14:40:17 - No AVO-val improvement; patience remaining: 16/50
2025-10-01 14:40:17 - Epoch 72/500 | LR=0.009511 | w_P3=1.000 | w_AVO=2.852 | lambda_MMD=0.150
2025-10-01 14:40:17 - Epoch Summary: TrainLoss=0.8230 | TrainAcc=0.714 | Val(P3)=0.537 | Val(AVO)=0.712
2025-10-01 14:40:17 - No AVO-val improvement; patience remaining: 15/50
2025-10-01 14:40:17 - Epoch 73/500 | LR=0.009497 | w_P3=1.000 | w_AVO=2.852 | lambda_MMD=0.150
2025-10-01 14:40:17 - Epoch Summary: TrainLoss=0.8396 | TrainAcc=0.718 | Val(P3)=0.531 | Val(AVO)=0.712
2025-10-01 14:40:17 - No AVO-val improvement; patience remaining: 14/50
2025-10-01 14:40:17 - P3 val decreasing 3x. Reducing lambda_MMD to 0.105
2025-10-01 14:40:17 - Epoch 74/500 | LR=0.009483 | w_P3=1.000 | w_AVO=2.852 | lambda_MMD=0.105
2025-10-01 14:40:17 - Epoch Summary: TrainLoss=0.8217 | TrainAcc=0.702 | Val(P3)=0.524 | Val(AVO)=0.558
2025-10-01 14:40:17 - No AVO-val improvement; patience remaining: 13/50
2025-10-01 14:40:17 - P3 val decreasing 3x. Reducing lambda_MMD to 0.105
2025-10-01 14:40:17 - Epoch 75/500 | LR=0.009469 | w_P3=1.000 | w_AVO=2.852 | lambda_MMD=0.105
2025-10-01 14:40:18 - Epoch Summary: TrainLoss=0.8179 | TrainAcc=0.702 | Val(P3)=0.524 | Val(AVO)=0.500
2025-10-01 14:40:18 - No AVO-val improvement; patience remaining: 12/50
2025-10-01 14:40:18 - AVO val decreasing 3x. Reducing w_small to 2.282, lambda_MMD to 0.075
2025-10-01 14:40:18 - Epoch 76/500 | LR=0.009455 | w_P3=1.000 | w_AVO=2.282 | lambda_MMD=0.075
2025-10-01 14:40:18 - Epoch Summary: TrainLoss=0.8451 | TrainAcc=0.688 | Val(P3)=0.531 | Val(AVO)=0.673
2025-10-01 14:40:18 - No AVO-val improvement; patience remaining: 11/50
2025-10-01 14:40:18 - Epoch 77/500 | LR=0.009441 | w_P3=1.000 | w_AVO=2.852 | lambda_MMD=0.150
2025-10-01 14:40:18 - Epoch Summary: TrainLoss=0.8370 | TrainAcc=0.693 | Val(P3)=0.570 | Val(AVO)=0.731
2025-10-01 14:40:18 - No AVO-val improvement; patience remaining: 10/50
2025-10-01 14:40:18 - Epoch 78/500 | LR=0.009426 | w_P3=1.000 | w_AVO=2.852 | lambda_MMD=0.150
2025-10-01 14:40:18 - Epoch Summary: TrainLoss=0.7846 | TrainAcc=0.705 | Val(P3)=0.554 | Val(AVO)=0.712
2025-10-01 14:40:18 - No AVO-val improvement; patience remaining: 9/50
2025-10-01 14:40:18 - Epoch 79/500 | LR=0.009411 | w_P3=1.000 | w_AVO=2.852 | lambda_MMD=0.150
2025-10-01 14:40:18 - Epoch Summary: TrainLoss=0.7952 | TrainAcc=0.717 | Val(P3)=0.541 | Val(AVO)=0.692
2025-10-01 14:40:18 - No AVO-val improvement; patience remaining: 8/50
2025-10-01 14:40:18 - AVO val decreasing 3x. Reducing w_small to 2.282, lambda_MMD to 0.075
2025-10-01 14:40:18 - P3 val decreasing 3x. Reducing lambda_MMD to 0.052
2025-10-01 14:40:18 - Epoch 80/500 | LR=0.009397 | w_P3=1.000 | w_AVO=2.282 | lambda_MMD=0.052
2025-10-01 14:40:18 - Epoch Summary: TrainLoss=0.7181 | TrainAcc=0.709 | Val(P3)=0.524 | Val(AVO)=0.635
2025-10-01 14:40:18 - No AVO-val improvement; patience remaining: 7/50
2025-10-01 14:40:18 - AVO val decreasing 3x. Reducing w_small to 2.282, lambda_MMD to 0.075
2025-10-01 14:40:18 - P3 val decreasing 3x. Reducing lambda_MMD to 0.052
2025-10-01 14:40:18 - Epoch 81/500 | LR=0.009382 | w_P3=1.000 | w_AVO=2.282 | lambda_MMD=0.052
2025-10-01 14:40:18 - Epoch Summary: TrainLoss=0.7440 | TrainAcc=0.709 | Val(P3)=0.570 | Val(AVO)=0.692
2025-10-01 14:40:18 - No AVO-val improvement; patience remaining: 6/50
2025-10-01 14:40:18 - Epoch 82/500 | LR=0.009366 | w_P3=1.000 | w_AVO=2.852 | lambda_MMD=0.150
2025-10-01 14:40:18 - Epoch Summary: TrainLoss=0.8071 | TrainAcc=0.708 | Val(P3)=0.560 | Val(AVO)=0.712
2025-10-01 14:40:18 - No AVO-val improvement; patience remaining: 5/50
2025-10-01 14:40:18 - Epoch 83/500 | LR=0.009351 | w_P3=1.000 | w_AVO=2.852 | lambda_MMD=0.150
2025-10-01 14:40:19 - Epoch Summary: TrainLoss=0.8002 | TrainAcc=0.716 | Val(P3)=0.521 | Val(AVO)=0.519
2025-10-01 14:40:19 - No AVO-val improvement; patience remaining: 4/50
2025-10-01 14:40:19 - P3 val decreasing 3x. Reducing lambda_MMD to 0.105
2025-10-01 14:40:19 - Epoch 84/500 | LR=0.009335 | w_P3=1.000 | w_AVO=2.852 | lambda_MMD=0.105
2025-10-01 14:40:19 - Epoch Summary: TrainLoss=0.7813 | TrainAcc=0.705 | Val(P3)=0.524 | Val(AVO)=0.519
2025-10-01 14:40:19 - No AVO-val improvement; patience remaining: 3/50
2025-10-01 14:40:19 - Epoch 85/500 | LR=0.009320 | w_P3=1.000 | w_AVO=2.852 | lambda_MMD=0.150
2025-10-01 14:40:19 - Epoch Summary: TrainLoss=0.7850 | TrainAcc=0.717 | Val(P3)=0.537 | Val(AVO)=0.712
2025-10-01 14:40:19 - No AVO-val improvement; patience remaining: 2/50
2025-10-01 14:40:19 - Epoch 86/500 | LR=0.009304 | w_P3=1.000 | w_AVO=2.852 | lambda_MMD=0.150
2025-10-01 14:40:19 - Epoch Summary: TrainLoss=0.7892 | TrainAcc=0.720 | Val(P3)=0.531 | Val(AVO)=0.692
2025-10-01 14:40:19 - No AVO-val improvement; patience remaining: 1/50
2025-10-01 14:40:19 - Epoch 87/500 | LR=0.009288 | w_P3=1.000 | w_AVO=2.852 | lambda_MMD=0.150
2025-10-01 14:40:19 - Epoch Summary: TrainLoss=0.7860 | TrainAcc=0.713 | Val(P3)=0.534 | Val(AVO)=0.673
2025-10-01 14:40:19 - No AVO-val improvement; patience remaining: 0/50
2025-10-01 14:40:19 - Early stopping triggered (AVO-val)
2025-10-01 14:40:19 -     P3 Test | Acc=0.5155 P=0.6500 R=0.0409 F1=0.0769 AUC=0.6094 (n=644)
2025-10-01 14:40:19 -     AVO Test | Acc=0.6301 P=0.7097 R=0.5500 F1=0.6197 AUC=0.6985 (n=73)
2025-10-01 14:40:19 -     Overall Test Acc=0.5272
2025-10-01 14:40:19 - Repeat 2/5
2025-10-01 14:40:19 -   Fold 1/5
2025-10-01 14:40:19 - Fold domains: small=AVO (n=260), large=P3 (n=2251)
2025-10-01 14:40:19 - Auto adjustments (symmetric): w_small≈1.000, lambda_MMD_target=0.150, warmup_epochs=5
2025-10-01 14:40:19 - Epoch 1/500 | LR=0.010000 | w_P3=1.000 | w_AVO=1.388 | lambda_MMD=0.030
2025-10-01 14:40:19 - Epoch Summary: TrainLoss=1.7295 | TrainAcc=0.546 | Val(P3)=0.604 | Val(AVO)=0.569
2025-10-01 14:40:19 - New best AVO-val; checkpoint updated
2025-10-01 14:40:19 - Epoch 2/500 | LR=0.010000 | w_P3=1.000 | w_AVO=1.777 | lambda_MMD=0.060
2025-10-01 14:40:19 - Epoch Summary: TrainLoss=1.8223 | TrainAcc=0.599 | Val(P3)=0.594 | Val(AVO)=0.608
2025-10-01 14:40:19 - New best AVO-val; checkpoint updated
2025-10-01 14:40:19 - Epoch 3/500 | LR=0.010000 | w_P3=1.000 | w_AVO=2.165 | lambda_MMD=0.090
2025-10-01 14:40:20 - Epoch Summary: TrainLoss=2.1375 | TrainAcc=0.606 | Val(P3)=0.571 | Val(AVO)=0.627
2025-10-01 14:40:20 - New best AVO-val; checkpoint updated
2025-10-01 14:40:20 - P3 val decreasing 3x. Reducing lambda_MMD to 0.084
2025-10-01 14:40:20 - Epoch 4/500 | LR=0.009999 | w_P3=1.000 | w_AVO=2.554 | lambda_MMD=0.084
2025-10-01 14:40:20 - Epoch Summary: TrainLoss=2.3410 | TrainAcc=0.561 | Val(P3)=0.594 | Val(AVO)=0.569
2025-10-01 14:40:20 - No AVO-val improvement; patience remaining: 49/50
2025-10-01 14:40:20 - Epoch 5/500 | LR=0.009998 | w_P3=1.000 | w_AVO=2.942 | lambda_MMD=0.150
2025-10-01 14:40:20 - Epoch Summary: TrainLoss=2.4520 | TrainAcc=0.590 | Val(P3)=0.591 | Val(AVO)=0.627
2025-10-01 14:40:20 - No AVO-val improvement; patience remaining: 48/50
2025-10-01 14:40:20 - Epoch 6/500 | LR=0.009998 | w_P3=1.000 | w_AVO=2.942 | lambda_MMD=0.150
2025-10-01 14:40:20 - Epoch Summary: TrainLoss=2.5175 | TrainAcc=0.593 | Val(P3)=0.591 | Val(AVO)=0.608
2025-10-01 14:40:20 - No AVO-val improvement; patience remaining: 47/50
2025-10-01 14:40:20 - Epoch 7/500 | LR=0.009996 | w_P3=1.000 | w_AVO=2.942 | lambda_MMD=0.150
2025-10-01 14:40:20 - Epoch Summary: TrainLoss=2.5166 | TrainAcc=0.579 | Val(P3)=0.581 | Val(AVO)=0.510
2025-10-01 14:40:20 - No AVO-val improvement; patience remaining: 46/50
2025-10-01 14:40:20 - AVO val decreasing 3x. Reducing w_small to 2.354, lambda_MMD to 0.075
2025-10-01 14:40:20 - Epoch 8/500 | LR=0.009995 | w_P3=1.000 | w_AVO=2.354 | lambda_MMD=0.075
2025-10-01 14:40:20 - Epoch Summary: TrainLoss=2.2216 | TrainAcc=0.608 | Val(P3)=0.604 | Val(AVO)=0.549
2025-10-01 14:40:20 - No AVO-val improvement; patience remaining: 45/50
2025-10-01 14:40:20 - Epoch 9/500 | LR=0.009994 | w_P3=1.000 | w_AVO=2.942 | lambda_MMD=0.150
2025-10-01 14:40:21 - Epoch Summary: TrainLoss=2.5524 | TrainAcc=0.603 | Val(P3)=0.597 | Val(AVO)=0.569
2025-10-01 14:40:21 - No AVO-val improvement; patience remaining: 44/50
2025-10-01 14:40:21 - Epoch 10/500 | LR=0.009992 | w_P3=1.000 | w_AVO=2.942 | lambda_MMD=0.150
2025-10-01 14:40:21 - Epoch Summary: TrainLoss=2.3483 | TrainAcc=0.597 | Val(P3)=0.584 | Val(AVO)=0.608
2025-10-01 14:40:21 - No AVO-val improvement; patience remaining: 43/50
2025-10-01 14:40:21 - P3 val decreasing 3x. Reducing lambda_MMD to 0.105
2025-10-01 14:40:21 - Epoch 11/500 | LR=0.009990 | w_P3=1.000 | w_AVO=2.942 | lambda_MMD=0.105
2025-10-01 14:40:21 - Epoch Summary: TrainLoss=2.3815 | TrainAcc=0.591 | Val(P3)=0.620 | Val(AVO)=0.647
2025-10-01 14:40:21 - New best AVO-val; checkpoint updated
2025-10-01 14:40:21 - Epoch 12/500 | LR=0.009988 | w_P3=1.000 | w_AVO=2.942 | lambda_MMD=0.150
2025-10-01 14:40:21 - Epoch Summary: TrainLoss=2.4498 | TrainAcc=0.596 | Val(P3)=0.591 | Val(AVO)=0.588
2025-10-01 14:40:21 - No AVO-val improvement; patience remaining: 49/50
2025-10-01 14:40:21 - Epoch 13/500 | LR=0.009986 | w_P3=1.000 | w_AVO=2.942 | lambda_MMD=0.150
2025-10-01 14:40:21 - Epoch Summary: TrainLoss=2.3952 | TrainAcc=0.597 | Val(P3)=0.597 | Val(AVO)=0.627
2025-10-01 14:40:21 - No AVO-val improvement; patience remaining: 48/50
2025-10-01 14:40:21 - Epoch 14/500 | LR=0.009983 | w_P3=1.000 | w_AVO=2.942 | lambda_MMD=0.150
2025-10-01 14:40:21 - Epoch Summary: TrainLoss=2.4240 | TrainAcc=0.600 | Val(P3)=0.620 | Val(AVO)=0.667
2025-10-01 14:40:21 - New best AVO-val; checkpoint updated
2025-10-01 14:40:21 - Epoch 15/500 | LR=0.009981 | w_P3=1.000 | w_AVO=2.942 | lambda_MMD=0.150
2025-10-01 14:40:21 - Epoch Summary: TrainLoss=2.3336 | TrainAcc=0.611 | Val(P3)=0.607 | Val(AVO)=0.667
2025-10-01 14:40:21 - No AVO-val improvement; patience remaining: 49/50
2025-10-01 14:40:21 - Epoch 16/500 | LR=0.009978 | w_P3=1.000 | w_AVO=2.942 | lambda_MMD=0.150
2025-10-01 14:40:22 - Epoch Summary: TrainLoss=2.4519 | TrainAcc=0.601 | Val(P3)=0.601 | Val(AVO)=0.569
2025-10-01 14:40:22 - No AVO-val improvement; patience remaining: 48/50
2025-10-01 14:40:22 - P3 val decreasing 3x. Reducing lambda_MMD to 0.105
2025-10-01 14:40:22 - Epoch 17/500 | LR=0.009975 | w_P3=1.000 | w_AVO=2.942 | lambda_MMD=0.105
2025-10-01 14:40:22 - Epoch Summary: TrainLoss=2.3583 | TrainAcc=0.604 | Val(P3)=0.591 | Val(AVO)=0.569
2025-10-01 14:40:22 - No AVO-val improvement; patience remaining: 47/50
2025-10-01 14:40:22 - P3 val decreasing 3x. Reducing lambda_MMD to 0.105
2025-10-01 14:40:22 - Epoch 18/500 | LR=0.009972 | w_P3=1.000 | w_AVO=2.942 | lambda_MMD=0.105
2025-10-01 14:40:22 - Epoch Summary: TrainLoss=2.4452 | TrainAcc=0.606 | Val(P3)=0.614 | Val(AVO)=0.608
2025-10-01 14:40:22 - No AVO-val improvement; patience remaining: 46/50
2025-10-01 14:40:22 - Epoch 19/500 | LR=0.009968 | w_P3=1.000 | w_AVO=2.942 | lambda_MMD=0.150
2025-10-01 14:40:22 - Epoch Summary: TrainLoss=2.3343 | TrainAcc=0.605 | Val(P3)=0.594 | Val(AVO)=0.549
2025-10-01 14:40:22 - No AVO-val improvement; patience remaining: 45/50
2025-10-01 14:40:22 - Epoch 20/500 | LR=0.009964 | w_P3=1.000 | w_AVO=2.942 | lambda_MMD=0.150
2025-10-01 14:40:22 - Epoch Summary: TrainLoss=2.3338 | TrainAcc=0.609 | Val(P3)=0.571 | Val(AVO)=0.667
2025-10-01 14:40:22 - No AVO-val improvement; patience remaining: 44/50
2025-10-01 14:40:22 - P3 val decreasing 3x. Reducing lambda_MMD to 0.105
2025-10-01 14:40:22 - Epoch 21/500 | LR=0.009961 | w_P3=1.000 | w_AVO=2.942 | lambda_MMD=0.105
2025-10-01 14:40:22 - Epoch Summary: TrainLoss=2.3753 | TrainAcc=0.594 | Val(P3)=0.597 | Val(AVO)=0.608
2025-10-01 14:40:22 - No AVO-val improvement; patience remaining: 43/50
2025-10-01 14:40:22 - Epoch 22/500 | LR=0.009957 | w_P3=1.000 | w_AVO=2.942 | lambda_MMD=0.150
2025-10-01 14:40:22 - Epoch Summary: TrainLoss=2.3960 | TrainAcc=0.611 | Val(P3)=0.604 | Val(AVO)=0.725
2025-10-01 14:40:22 - New best AVO-val; checkpoint updated
2025-10-01 14:40:22 - Epoch 23/500 | LR=0.009952 | w_P3=1.000 | w_AVO=2.942 | lambda_MMD=0.150
2025-10-01 14:40:22 - Epoch Summary: TrainLoss=2.2254 | TrainAcc=0.623 | Val(P3)=0.578 | Val(AVO)=0.588
2025-10-01 14:40:22 - No AVO-val improvement; patience remaining: 49/50
2025-10-01 14:40:22 - Epoch 24/500 | LR=0.009948 | w_P3=1.000 | w_AVO=2.942 | lambda_MMD=0.150
2025-10-01 14:40:23 - Epoch Summary: TrainLoss=2.3254 | TrainAcc=0.610 | Val(P3)=0.565 | Val(AVO)=0.647
2025-10-01 14:40:23 - No AVO-val improvement; patience remaining: 48/50
2025-10-01 14:40:23 - P3 val decreasing 3x. Reducing lambda_MMD to 0.105
2025-10-01 14:40:23 - Epoch 25/500 | LR=0.009943 | w_P3=1.000 | w_AVO=2.942 | lambda_MMD=0.105
2025-10-01 14:40:23 - Epoch Summary: TrainLoss=2.2834 | TrainAcc=0.614 | Val(P3)=0.604 | Val(AVO)=0.667
2025-10-01 14:40:23 - No AVO-val improvement; patience remaining: 47/50
2025-10-01 14:40:23 - Epoch 26/500 | LR=0.009938 | w_P3=1.000 | w_AVO=2.942 | lambda_MMD=0.150
2025-10-01 14:40:23 - Epoch Summary: TrainLoss=2.3228 | TrainAcc=0.614 | Val(P3)=0.610 | Val(AVO)=0.627
2025-10-01 14:40:23 - No AVO-val improvement; patience remaining: 46/50
2025-10-01 14:40:23 - Epoch 27/500 | LR=0.009933 | w_P3=1.000 | w_AVO=2.942 | lambda_MMD=0.150
2025-10-01 14:40:23 - Epoch Summary: TrainLoss=2.2460 | TrainAcc=0.601 | Val(P3)=0.630 | Val(AVO)=0.608
2025-10-01 14:40:23 - No AVO-val improvement; patience remaining: 45/50
2025-10-01 14:40:23 - AVO val decreasing 3x. Reducing w_small to 2.354, lambda_MMD to 0.075
2025-10-01 14:40:23 - Epoch 28/500 | LR=0.009928 | w_P3=1.000 | w_AVO=2.354 | lambda_MMD=0.075
2025-10-01 14:40:23 - Epoch Summary: TrainLoss=1.9715 | TrainAcc=0.611 | Val(P3)=0.607 | Val(AVO)=0.647
2025-10-01 14:40:23 - No AVO-val improvement; patience remaining: 44/50
2025-10-01 14:40:23 - Epoch 29/500 | LR=0.009923 | w_P3=1.000 | w_AVO=2.942 | lambda_MMD=0.150
2025-10-01 14:40:23 - Epoch Summary: TrainLoss=2.2030 | TrainAcc=0.612 | Val(P3)=0.607 | Val(AVO)=0.608
2025-10-01 14:40:23 - No AVO-val improvement; patience remaining: 43/50
2025-10-01 14:40:23 - Epoch 30/500 | LR=0.009917 | w_P3=1.000 | w_AVO=2.942 | lambda_MMD=0.150
2025-10-01 14:40:24 - Epoch Summary: TrainLoss=2.3033 | TrainAcc=0.604 | Val(P3)=0.597 | Val(AVO)=0.627
2025-10-01 14:40:24 - No AVO-val improvement; patience remaining: 42/50
2025-10-01 14:40:24 - Epoch 31/500 | LR=0.009911 | w_P3=1.000 | w_AVO=2.942 | lambda_MMD=0.150
2025-10-01 14:40:24 - Epoch Summary: TrainLoss=2.3228 | TrainAcc=0.618 | Val(P3)=0.594 | Val(AVO)=0.686
2025-10-01 14:40:24 - No AVO-val improvement; patience remaining: 41/50
2025-10-01 14:40:24 - P3 val decreasing 3x. Reducing lambda_MMD to 0.105
2025-10-01 14:40:24 - Epoch 32/500 | LR=0.009905 | w_P3=1.000 | w_AVO=2.942 | lambda_MMD=0.105
2025-10-01 14:40:24 - Epoch Summary: TrainLoss=2.2548 | TrainAcc=0.606 | Val(P3)=0.575 | Val(AVO)=0.627
2025-10-01 14:40:24 - No AVO-val improvement; patience remaining: 40/50
2025-10-01 14:40:24 - P3 val decreasing 3x. Reducing lambda_MMD to 0.105
2025-10-01 14:40:24 - Epoch 33/500 | LR=0.009899 | w_P3=1.000 | w_AVO=2.942 | lambda_MMD=0.105
2025-10-01 14:40:24 - Epoch Summary: TrainLoss=2.2207 | TrainAcc=0.614 | Val(P3)=0.601 | Val(AVO)=0.706
2025-10-01 14:40:24 - No AVO-val improvement; patience remaining: 39/50
2025-10-01 14:40:24 - Epoch 34/500 | LR=0.009893 | w_P3=1.000 | w_AVO=2.942 | lambda_MMD=0.150
2025-10-01 14:40:24 - Epoch Summary: TrainLoss=2.2436 | TrainAcc=0.641 | Val(P3)=0.623 | Val(AVO)=0.627
2025-10-01 14:40:24 - No AVO-val improvement; patience remaining: 38/50
2025-10-01 14:40:24 - Epoch 35/500 | LR=0.009886 | w_P3=1.000 | w_AVO=2.942 | lambda_MMD=0.150
2025-10-01 14:40:24 - Epoch Summary: TrainLoss=2.0989 | TrainAcc=0.623 | Val(P3)=0.588 | Val(AVO)=0.608
2025-10-01 14:40:24 - No AVO-val improvement; patience remaining: 37/50
2025-10-01 14:40:24 - AVO val decreasing 3x. Reducing w_small to 2.354, lambda_MMD to 0.075
2025-10-01 14:40:24 - Epoch 36/500 | LR=0.009880 | w_P3=1.000 | w_AVO=2.354 | lambda_MMD=0.075
2025-10-01 14:40:24 - Epoch Summary: TrainLoss=1.8837 | TrainAcc=0.615 | Val(P3)=0.614 | Val(AVO)=0.725
2025-10-01 14:40:24 - No AVO-val improvement; patience remaining: 36/50
2025-10-01 14:40:24 - Epoch 37/500 | LR=0.009873 | w_P3=1.000 | w_AVO=2.942 | lambda_MMD=0.150
2025-10-01 14:40:24 - Epoch Summary: TrainLoss=2.0579 | TrainAcc=0.629 | Val(P3)=0.601 | Val(AVO)=0.647
2025-10-01 14:40:24 - No AVO-val improvement; patience remaining: 35/50
2025-10-01 14:40:24 - Epoch 38/500 | LR=0.009865 | w_P3=1.000 | w_AVO=2.942 | lambda_MMD=0.150
2025-10-01 14:40:25 - Epoch Summary: TrainLoss=2.1386 | TrainAcc=0.617 | Val(P3)=0.614 | Val(AVO)=0.667
2025-10-01 14:40:25 - No AVO-val improvement; patience remaining: 34/50
2025-10-01 14:40:25 - Epoch 39/500 | LR=0.009858 | w_P3=1.000 | w_AVO=2.942 | lambda_MMD=0.150
2025-10-01 14:40:25 - Epoch Summary: TrainLoss=2.1828 | TrainAcc=0.622 | Val(P3)=0.607 | Val(AVO)=0.588
2025-10-01 14:40:25 - No AVO-val improvement; patience remaining: 33/50
2025-10-01 14:40:25 - Epoch 40/500 | LR=0.009851 | w_P3=1.000 | w_AVO=2.942 | lambda_MMD=0.150
2025-10-01 14:40:25 - Epoch Summary: TrainLoss=2.1264 | TrainAcc=0.602 | Val(P3)=0.617 | Val(AVO)=0.725
2025-10-01 14:40:25 - No AVO-val improvement; patience remaining: 32/50
2025-10-01 14:40:25 - Epoch 41/500 | LR=0.009843 | w_P3=1.000 | w_AVO=2.942 | lambda_MMD=0.150
2025-10-01 14:40:25 - Epoch Summary: TrainLoss=2.1067 | TrainAcc=0.616 | Val(P3)=0.617 | Val(AVO)=0.627
2025-10-01 14:40:25 - No AVO-val improvement; patience remaining: 31/50
2025-10-01 14:40:25 - Epoch 42/500 | LR=0.009835 | w_P3=1.000 | w_AVO=2.942 | lambda_MMD=0.150
2025-10-01 14:40:25 - Epoch Summary: TrainLoss=2.1639 | TrainAcc=0.634 | Val(P3)=0.604 | Val(AVO)=0.627
2025-10-01 14:40:25 - No AVO-val improvement; patience remaining: 30/50
2025-10-01 14:40:25 - Epoch 43/500 | LR=0.009827 | w_P3=1.000 | w_AVO=2.942 | lambda_MMD=0.150
2025-10-01 14:40:25 - Epoch Summary: TrainLoss=2.1170 | TrainAcc=0.629 | Val(P3)=0.620 | Val(AVO)=0.627
2025-10-01 14:40:25 - No AVO-val improvement; patience remaining: 29/50
2025-10-01 14:40:25 - Epoch 44/500 | LR=0.009819 | w_P3=1.000 | w_AVO=2.942 | lambda_MMD=0.150
2025-10-01 14:40:25 - Epoch Summary: TrainLoss=2.0373 | TrainAcc=0.615 | Val(P3)=0.633 | Val(AVO)=0.627
2025-10-01 14:40:25 - No AVO-val improvement; patience remaining: 28/50
2025-10-01 14:40:25 - Epoch 45/500 | LR=0.009810 | w_P3=1.000 | w_AVO=2.942 | lambda_MMD=0.150
2025-10-01 14:40:25 - Epoch Summary: TrainLoss=2.1031 | TrainAcc=0.627 | Val(P3)=0.620 | Val(AVO)=0.647
2025-10-01 14:40:25 - No AVO-val improvement; patience remaining: 27/50
2025-10-01 14:40:25 - Epoch 46/500 | LR=0.009801 | w_P3=1.000 | w_AVO=2.942 | lambda_MMD=0.150
2025-10-01 14:40:26 - Epoch Summary: TrainLoss=2.0257 | TrainAcc=0.625 | Val(P3)=0.640 | Val(AVO)=0.627
2025-10-01 14:40:26 - No AVO-val improvement; patience remaining: 26/50
2025-10-01 14:40:26 - Epoch 47/500 | LR=0.009793 | w_P3=1.000 | w_AVO=2.942 | lambda_MMD=0.150
2025-10-01 14:40:26 - Epoch Summary: TrainLoss=2.0651 | TrainAcc=0.633 | Val(P3)=0.640 | Val(AVO)=0.647
2025-10-01 14:40:26 - No AVO-val improvement; patience remaining: 25/50
2025-10-01 14:40:26 - Epoch 48/500 | LR=0.009784 | w_P3=1.000 | w_AVO=2.942 | lambda_MMD=0.150
2025-10-01 14:40:26 - Epoch Summary: TrainLoss=2.1659 | TrainAcc=0.624 | Val(P3)=0.614 | Val(AVO)=0.627
2025-10-01 14:40:26 - No AVO-val improvement; patience remaining: 24/50
2025-10-01 14:40:26 - Epoch 49/500 | LR=0.009774 | w_P3=1.000 | w_AVO=2.942 | lambda_MMD=0.150
2025-10-01 14:40:26 - Epoch Summary: TrainLoss=2.0561 | TrainAcc=0.623 | Val(P3)=0.620 | Val(AVO)=0.647
2025-10-01 14:40:26 - No AVO-val improvement; patience remaining: 23/50
2025-10-01 14:40:26 - Epoch 50/500 | LR=0.009765 | w_P3=1.000 | w_AVO=2.942 | lambda_MMD=0.150
2025-10-01 14:40:26 - Epoch Summary: TrainLoss=1.9655 | TrainAcc=0.633 | Val(P3)=0.627 | Val(AVO)=0.647
2025-10-01 14:40:26 - No AVO-val improvement; patience remaining: 22/50
2025-10-01 14:40:26 - Epoch 51/500 | LR=0.009755 | w_P3=1.000 | w_AVO=2.942 | lambda_MMD=0.150
2025-10-01 14:40:26 - Epoch Summary: TrainLoss=1.9107 | TrainAcc=0.628 | Val(P3)=0.620 | Val(AVO)=0.667
2025-10-01 14:40:26 - No AVO-val improvement; patience remaining: 21/50
2025-10-01 14:40:26 - Epoch 52/500 | LR=0.009745 | w_P3=1.000 | w_AVO=2.942 | lambda_MMD=0.150
2025-10-01 14:40:26 - Epoch Summary: TrainLoss=1.9760 | TrainAcc=0.622 | Val(P3)=0.617 | Val(AVO)=0.647
2025-10-01 14:40:26 - No AVO-val improvement; patience remaining: 20/50
2025-10-01 14:40:26 - P3 val decreasing 3x. Reducing lambda_MMD to 0.105
2025-10-01 14:40:26 - Epoch 53/500 | LR=0.009735 | w_P3=1.000 | w_AVO=2.942 | lambda_MMD=0.105
2025-10-01 14:40:27 - Epoch Summary: TrainLoss=1.9079 | TrainAcc=0.633 | Val(P3)=0.623 | Val(AVO)=0.647
2025-10-01 14:40:27 - No AVO-val improvement; patience remaining: 19/50
2025-10-01 14:40:27 - Epoch 54/500 | LR=0.009725 | w_P3=1.000 | w_AVO=2.942 | lambda_MMD=0.150
2025-10-01 14:40:27 - Epoch Summary: TrainLoss=1.8014 | TrainAcc=0.634 | Val(P3)=0.604 | Val(AVO)=0.667
2025-10-01 14:40:27 - No AVO-val improvement; patience remaining: 18/50
2025-10-01 14:40:27 - Epoch 55/500 | LR=0.009715 | w_P3=1.000 | w_AVO=2.942 | lambda_MMD=0.150
2025-10-01 14:40:27 - Epoch Summary: TrainLoss=1.7818 | TrainAcc=0.649 | Val(P3)=0.627 | Val(AVO)=0.667
2025-10-01 14:40:27 - No AVO-val improvement; patience remaining: 17/50
2025-10-01 14:40:27 - Epoch 56/500 | LR=0.009704 | w_P3=1.000 | w_AVO=2.942 | lambda_MMD=0.150
2025-10-01 14:40:27 - Epoch Summary: TrainLoss=1.8454 | TrainAcc=0.625 | Val(P3)=0.604 | Val(AVO)=0.627
2025-10-01 14:40:27 - No AVO-val improvement; patience remaining: 16/50
2025-10-01 14:40:27 - Epoch 57/500 | LR=0.009694 | w_P3=1.000 | w_AVO=2.942 | lambda_MMD=0.150
2025-10-01 14:40:27 - Epoch Summary: TrainLoss=1.8727 | TrainAcc=0.625 | Val(P3)=0.571 | Val(AVO)=0.667
2025-10-01 14:40:27 - No AVO-val improvement; patience remaining: 15/50
2025-10-01 14:40:27 - P3 val decreasing 3x. Reducing lambda_MMD to 0.105
2025-10-01 14:40:27 - Epoch 58/500 | LR=0.009683 | w_P3=1.000 | w_AVO=2.942 | lambda_MMD=0.105
2025-10-01 14:40:27 - Epoch Summary: TrainLoss=1.9283 | TrainAcc=0.633 | Val(P3)=0.604 | Val(AVO)=0.706
2025-10-01 14:40:27 - No AVO-val improvement; patience remaining: 14/50
2025-10-01 14:40:27 - Epoch 59/500 | LR=0.009672 | w_P3=1.000 | w_AVO=2.942 | lambda_MMD=0.150
2025-10-01 14:40:27 - Epoch Summary: TrainLoss=1.7949 | TrainAcc=0.618 | Val(P3)=0.630 | Val(AVO)=0.549
2025-10-01 14:40:27 - No AVO-val improvement; patience remaining: 13/50
2025-10-01 14:40:27 - Epoch 60/500 | LR=0.009660 | w_P3=1.000 | w_AVO=2.942 | lambda_MMD=0.150
2025-10-01 14:40:28 - Epoch Summary: TrainLoss=1.7985 | TrainAcc=0.652 | Val(P3)=0.601 | Val(AVO)=0.608
2025-10-01 14:40:28 - No AVO-val improvement; patience remaining: 12/50
2025-10-01 14:40:28 - Epoch 61/500 | LR=0.009649 | w_P3=1.000 | w_AVO=2.942 | lambda_MMD=0.150
2025-10-01 14:40:28 - Epoch Summary: TrainLoss=1.7389 | TrainAcc=0.629 | Val(P3)=0.610 | Val(AVO)=0.647
2025-10-01 14:40:28 - No AVO-val improvement; patience remaining: 11/50
2025-10-01 14:40:28 - Epoch 62/500 | LR=0.009637 | w_P3=1.000 | w_AVO=2.942 | lambda_MMD=0.150
2025-10-01 14:40:28 - Epoch Summary: TrainLoss=1.7252 | TrainAcc=0.636 | Val(P3)=0.630 | Val(AVO)=0.667
2025-10-01 14:40:28 - No AVO-val improvement; patience remaining: 10/50
2025-10-01 14:40:28 - Epoch 63/500 | LR=0.009625 | w_P3=1.000 | w_AVO=2.942 | lambda_MMD=0.150
2025-10-01 14:40:28 - Epoch Summary: TrainLoss=1.6161 | TrainAcc=0.649 | Val(P3)=0.617 | Val(AVO)=0.627
2025-10-01 14:40:28 - No AVO-val improvement; patience remaining: 9/50
2025-10-01 14:40:28 - Epoch 64/500 | LR=0.009613 | w_P3=1.000 | w_AVO=2.942 | lambda_MMD=0.150
2025-10-01 14:40:28 - Epoch Summary: TrainLoss=1.6779 | TrainAcc=0.633 | Val(P3)=0.607 | Val(AVO)=0.608
2025-10-01 14:40:28 - No AVO-val improvement; patience remaining: 8/50
2025-10-01 14:40:28 - AVO val decreasing 3x. Reducing w_small to 2.354, lambda_MMD to 0.075
2025-10-01 14:40:28 - P3 val decreasing 3x. Reducing lambda_MMD to 0.052
2025-10-01 14:40:28 - Epoch 65/500 | LR=0.009601 | w_P3=1.000 | w_AVO=2.354 | lambda_MMD=0.052
2025-10-01 14:40:28 - Epoch Summary: TrainLoss=1.4247 | TrainAcc=0.651 | Val(P3)=0.620 | Val(AVO)=0.667
2025-10-01 14:40:28 - No AVO-val improvement; patience remaining: 7/50
2025-10-01 14:40:28 - Epoch 66/500 | LR=0.009589 | w_P3=1.000 | w_AVO=2.942 | lambda_MMD=0.150
2025-10-01 14:40:28 - Epoch Summary: TrainLoss=1.6588 | TrainAcc=0.644 | Val(P3)=0.591 | Val(AVO)=0.686
2025-10-01 14:40:28 - No AVO-val improvement; patience remaining: 6/50
2025-10-01 14:40:28 - Epoch 67/500 | LR=0.009576 | w_P3=1.000 | w_AVO=2.942 | lambda_MMD=0.150
2025-10-01 14:40:28 - Epoch Summary: TrainLoss=1.7214 | TrainAcc=0.626 | Val(P3)=0.578 | Val(AVO)=0.608
2025-10-01 14:40:28 - No AVO-val improvement; patience remaining: 5/50
2025-10-01 14:40:28 - P3 val decreasing 3x. Reducing lambda_MMD to 0.105
2025-10-01 14:40:28 - Epoch 68/500 | LR=0.009563 | w_P3=1.000 | w_AVO=2.942 | lambda_MMD=0.105
2025-10-01 14:40:29 - Epoch Summary: TrainLoss=1.8004 | TrainAcc=0.635 | Val(P3)=0.617 | Val(AVO)=0.647
2025-10-01 14:40:29 - No AVO-val improvement; patience remaining: 4/50
2025-10-01 14:40:29 - Epoch 69/500 | LR=0.009551 | w_P3=1.000 | w_AVO=2.942 | lambda_MMD=0.150
2025-10-01 14:40:29 - Epoch Summary: TrainLoss=1.6539 | TrainAcc=0.627 | Val(P3)=0.568 | Val(AVO)=0.667
2025-10-01 14:40:29 - No AVO-val improvement; patience remaining: 3/50
2025-10-01 14:40:29 - Epoch 70/500 | LR=0.009537 | w_P3=1.000 | w_AVO=2.942 | lambda_MMD=0.150
2025-10-01 14:40:29 - Epoch Summary: TrainLoss=1.6490 | TrainAcc=0.636 | Val(P3)=0.640 | Val(AVO)=0.706
2025-10-01 14:40:29 - No AVO-val improvement; patience remaining: 2/50
2025-10-01 14:40:29 - Epoch 71/500 | LR=0.009524 | w_P3=1.000 | w_AVO=2.942 | lambda_MMD=0.150
2025-10-01 14:40:29 - Epoch Summary: TrainLoss=1.6950 | TrainAcc=0.640 | Val(P3)=0.578 | Val(AVO)=0.627
2025-10-01 14:40:29 - No AVO-val improvement; patience remaining: 1/50
2025-10-01 14:40:29 - Epoch 72/500 | LR=0.009511 | w_P3=1.000 | w_AVO=2.942 | lambda_MMD=0.150
2025-10-01 14:40:29 - Epoch Summary: TrainLoss=1.6431 | TrainAcc=0.630 | Val(P3)=0.617 | Val(AVO)=0.686
2025-10-01 14:40:29 - No AVO-val improvement; patience remaining: 0/50
2025-10-01 14:40:29 - Early stopping triggered (AVO-val)
2025-10-01 14:40:29 -     P3 Test | Acc=0.5866 P=0.6580 R=0.3956 F1=0.4942 AUC=0.6318 (n=629)
2025-10-01 14:40:29 -     AVO Test | Acc=0.6742 P=0.5818 R=0.8421 F1=0.6882 AUC=0.7276 (n=89)
2025-10-01 14:40:29 -     Overall Test Acc=0.5975
2025-10-01 14:40:29 -   Fold 2/5
2025-10-01 14:40:29 - Fold domains: small=AVO (n=274), large=P3 (n=2237)
2025-10-01 14:40:29 - Auto adjustments (symmetric): w_small≈1.000, lambda_MMD_target=0.150, warmup_epochs=5
2025-10-01 14:40:29 - Epoch 1/500 | LR=0.010000 | w_P3=1.000 | w_AVO=1.371 | lambda_MMD=0.030
2025-10-01 14:40:29 - Epoch Summary: TrainLoss=1.7026 | TrainAcc=0.553 | Val(P3)=0.584 | Val(AVO)=0.574
2025-10-01 14:40:29 - New best AVO-val; checkpoint updated
2025-10-01 14:40:29 - Epoch 2/500 | LR=0.010000 | w_P3=1.000 | w_AVO=1.743 | lambda_MMD=0.060
2025-10-01 14:40:30 - Epoch Summary: TrainLoss=1.7961 | TrainAcc=0.596 | Val(P3)=0.600 | Val(AVO)=0.593
2025-10-01 14:40:30 - New best AVO-val; checkpoint updated
2025-10-01 14:40:30 - Epoch 3/500 | LR=0.010000 | w_P3=1.000 | w_AVO=2.114 | lambda_MMD=0.090
2025-10-01 14:40:30 - Epoch Summary: TrainLoss=1.9751 | TrainAcc=0.623 | Val(P3)=0.590 | Val(AVO)=0.611
2025-10-01 14:40:30 - New best AVO-val; checkpoint updated
2025-10-01 14:40:30 - Epoch 4/500 | LR=0.009999 | w_P3=1.000 | w_AVO=2.486 | lambda_MMD=0.120
2025-10-01 14:40:30 - Epoch Summary: TrainLoss=2.1736 | TrainAcc=0.616 | Val(P3)=0.541 | Val(AVO)=0.704
2025-10-01 14:40:30 - New best AVO-val; checkpoint updated
2025-10-01 14:40:30 - P3 val decreasing 3x. Reducing lambda_MMD to 0.105
2025-10-01 14:40:30 - Epoch 5/500 | LR=0.009998 | w_P3=1.000 | w_AVO=2.857 | lambda_MMD=0.105
2025-10-01 14:40:30 - Epoch Summary: TrainLoss=2.3913 | TrainAcc=0.610 | Val(P3)=0.567 | Val(AVO)=0.630
2025-10-01 14:40:30 - No AVO-val improvement; patience remaining: 49/50
2025-10-01 14:40:30 - Epoch 6/500 | LR=0.009998 | w_P3=1.000 | w_AVO=2.857 | lambda_MMD=0.150
2025-10-01 14:40:30 - Epoch Summary: TrainLoss=2.4085 | TrainAcc=0.619 | Val(P3)=0.564 | Val(AVO)=0.593
2025-10-01 14:40:30 - No AVO-val improvement; patience remaining: 48/50
2025-10-01 14:40:30 - AVO val decreasing 3x. Reducing w_small to 2.286, lambda_MMD to 0.075
2025-10-01 14:40:30 - Epoch 7/500 | LR=0.009996 | w_P3=1.000 | w_AVO=2.286 | lambda_MMD=0.075
2025-10-01 14:40:30 - Epoch Summary: TrainLoss=1.9923 | TrainAcc=0.624 | Val(P3)=0.551 | Val(AVO)=0.704
2025-10-01 14:40:30 - No AVO-val improvement; patience remaining: 47/50
2025-10-01 14:40:30 - P3 val decreasing 3x. Reducing lambda_MMD to 0.105
2025-10-01 14:40:30 - Epoch 8/500 | LR=0.009995 | w_P3=1.000 | w_AVO=2.857 | lambda_MMD=0.105
2025-10-01 14:40:31 - Epoch Summary: TrainLoss=2.3201 | TrainAcc=0.628 | Val(P3)=0.557 | Val(AVO)=0.704
2025-10-01 14:40:31 - No AVO-val improvement; patience remaining: 46/50
2025-10-01 14:40:31 - Epoch 9/500 | LR=0.009994 | w_P3=1.000 | w_AVO=2.857 | lambda_MMD=0.150
2025-10-01 14:40:31 - Epoch Summary: TrainLoss=2.2800 | TrainAcc=0.626 | Val(P3)=0.557 | Val(AVO)=0.630
2025-10-01 14:40:31 - No AVO-val improvement; patience remaining: 45/50
2025-10-01 14:40:31 - Epoch 10/500 | LR=0.009992 | w_P3=1.000 | w_AVO=2.857 | lambda_MMD=0.150
2025-10-01 14:40:31 - Epoch Summary: TrainLoss=2.2708 | TrainAcc=0.619 | Val(P3)=0.544 | Val(AVO)=0.796
2025-10-01 14:40:31 - New best AVO-val; checkpoint updated
2025-10-01 14:40:31 - Epoch 11/500 | LR=0.009990 | w_P3=1.000 | w_AVO=2.857 | lambda_MMD=0.150
2025-10-01 14:40:31 - Epoch Summary: TrainLoss=2.2051 | TrainAcc=0.623 | Val(P3)=0.548 | Val(AVO)=0.704
2025-10-01 14:40:31 - No AVO-val improvement; patience remaining: 49/50
2025-10-01 14:40:31 - Epoch 12/500 | LR=0.009988 | w_P3=1.000 | w_AVO=2.857 | lambda_MMD=0.150
2025-10-01 14:40:31 - Epoch Summary: TrainLoss=2.2230 | TrainAcc=0.628 | Val(P3)=0.521 | Val(AVO)=0.778
2025-10-01 14:40:31 - No AVO-val improvement; patience remaining: 48/50
2025-10-01 14:40:31 - Epoch 13/500 | LR=0.009986 | w_P3=1.000 | w_AVO=2.857 | lambda_MMD=0.150
2025-10-01 14:40:31 - Epoch Summary: TrainLoss=2.1945 | TrainAcc=0.629 | Val(P3)=0.551 | Val(AVO)=0.759
2025-10-01 14:40:31 - No AVO-val improvement; patience remaining: 47/50
2025-10-01 14:40:31 - Epoch 14/500 | LR=0.009983 | w_P3=1.000 | w_AVO=2.857 | lambda_MMD=0.150
2025-10-01 14:40:32 - Epoch Summary: TrainLoss=2.1431 | TrainAcc=0.631 | Val(P3)=0.570 | Val(AVO)=0.630
2025-10-01 14:40:32 - No AVO-val improvement; patience remaining: 46/50
2025-10-01 14:40:32 - AVO val decreasing 3x. Reducing w_small to 2.286, lambda_MMD to 0.075
2025-10-01 14:40:32 - Epoch 15/500 | LR=0.009981 | w_P3=1.000 | w_AVO=2.286 | lambda_MMD=0.075
2025-10-01 14:40:32 - Epoch Summary: TrainLoss=1.8095 | TrainAcc=0.629 | Val(P3)=0.567 | Val(AVO)=0.759
2025-10-01 14:40:32 - No AVO-val improvement; patience remaining: 45/50
2025-10-01 14:40:32 - Epoch 16/500 | LR=0.009978 | w_P3=1.000 | w_AVO=2.857 | lambda_MMD=0.150
2025-10-01 14:40:32 - Epoch Summary: TrainLoss=2.0947 | TrainAcc=0.643 | Val(P3)=0.554 | Val(AVO)=0.648
2025-10-01 14:40:32 - No AVO-val improvement; patience remaining: 44/50
2025-10-01 14:40:32 - P3 val decreasing 3x. Reducing lambda_MMD to 0.105
2025-10-01 14:40:32 - Epoch 17/500 | LR=0.009975 | w_P3=1.000 | w_AVO=2.857 | lambda_MMD=0.105
2025-10-01 14:40:32 - Epoch Summary: TrainLoss=2.1256 | TrainAcc=0.632 | Val(P3)=0.587 | Val(AVO)=0.722
2025-10-01 14:40:32 - No AVO-val improvement; patience remaining: 43/50
2025-10-01 14:40:32 - Epoch 18/500 | LR=0.009972 | w_P3=1.000 | w_AVO=2.857 | lambda_MMD=0.150
2025-10-01 14:40:32 - Epoch Summary: TrainLoss=2.0500 | TrainAcc=0.643 | Val(P3)=0.580 | Val(AVO)=0.685
2025-10-01 14:40:32 - No AVO-val improvement; patience remaining: 42/50
2025-10-01 14:40:32 - Epoch 19/500 | LR=0.009968 | w_P3=1.000 | w_AVO=2.857 | lambda_MMD=0.150
2025-10-01 14:40:32 - Epoch Summary: TrainLoss=1.9748 | TrainAcc=0.637 | Val(P3)=0.600 | Val(AVO)=0.667
2025-10-01 14:40:32 - No AVO-val improvement; patience remaining: 41/50
2025-10-01 14:40:32 - AVO val decreasing 3x. Reducing w_small to 2.286, lambda_MMD to 0.075
2025-10-01 14:40:32 - Epoch 20/500 | LR=0.009964 | w_P3=1.000 | w_AVO=2.286 | lambda_MMD=0.075
2025-10-01 14:40:33 - Epoch Summary: TrainLoss=1.7159 | TrainAcc=0.638 | Val(P3)=0.577 | Val(AVO)=0.741
2025-10-01 14:40:33 - No AVO-val improvement; patience remaining: 40/50
2025-10-01 14:40:33 - Epoch 21/500 | LR=0.009961 | w_P3=1.000 | w_AVO=2.857 | lambda_MMD=0.150
2025-10-01 14:40:33 - Epoch Summary: TrainLoss=1.9476 | TrainAcc=0.650 | Val(P3)=0.567 | Val(AVO)=0.685
2025-10-01 14:40:33 - No AVO-val improvement; patience remaining: 39/50
2025-10-01 14:40:33 - P3 val decreasing 3x. Reducing lambda_MMD to 0.105
2025-10-01 14:40:33 - Epoch 22/500 | LR=0.009957 | w_P3=1.000 | w_AVO=2.857 | lambda_MMD=0.105
2025-10-01 14:40:33 - Epoch Summary: TrainLoss=1.8683 | TrainAcc=0.651 | Val(P3)=0.561 | Val(AVO)=0.778
2025-10-01 14:40:33 - No AVO-val improvement; patience remaining: 38/50
2025-10-01 14:40:33 - P3 val decreasing 3x. Reducing lambda_MMD to 0.105
2025-10-01 14:40:33 - Epoch 23/500 | LR=0.009952 | w_P3=1.000 | w_AVO=2.857 | lambda_MMD=0.105
2025-10-01 14:40:33 - Epoch Summary: TrainLoss=1.8272 | TrainAcc=0.655 | Val(P3)=0.587 | Val(AVO)=0.759
2025-10-01 14:40:33 - No AVO-val improvement; patience remaining: 37/50
2025-10-01 14:40:33 - Epoch 24/500 | LR=0.009948 | w_P3=1.000 | w_AVO=2.857 | lambda_MMD=0.150
2025-10-01 14:40:33 - Epoch Summary: TrainLoss=1.7821 | TrainAcc=0.650 | Val(P3)=0.584 | Val(AVO)=0.704
2025-10-01 14:40:33 - No AVO-val improvement; patience remaining: 36/50
2025-10-01 14:40:33 - AVO val decreasing 3x. Reducing w_small to 2.286, lambda_MMD to 0.075
2025-10-01 14:40:33 - Epoch 25/500 | LR=0.009943 | w_P3=1.000 | w_AVO=2.286 | lambda_MMD=0.075
2025-10-01 14:40:33 - Epoch Summary: TrainLoss=1.5740 | TrainAcc=0.656 | Val(P3)=0.567 | Val(AVO)=0.722
2025-10-01 14:40:33 - No AVO-val improvement; patience remaining: 35/50
2025-10-01 14:40:33 - P3 val decreasing 3x. Reducing lambda_MMD to 0.105
2025-10-01 14:40:33 - Epoch 26/500 | LR=0.009938 | w_P3=1.000 | w_AVO=2.857 | lambda_MMD=0.105
2025-10-01 14:40:34 - Epoch Summary: TrainLoss=1.7532 | TrainAcc=0.644 | Val(P3)=0.577 | Val(AVO)=0.759
2025-10-01 14:40:34 - No AVO-val improvement; patience remaining: 34/50
2025-10-01 14:40:34 - Epoch 27/500 | LR=0.009933 | w_P3=1.000 | w_AVO=2.857 | lambda_MMD=0.150
2025-10-01 14:40:34 - Epoch Summary: TrainLoss=1.7274 | TrainAcc=0.647 | Val(P3)=0.570 | Val(AVO)=0.574
2025-10-01 14:40:34 - No AVO-val improvement; patience remaining: 33/50
2025-10-01 14:40:34 - Epoch 28/500 | LR=0.009928 | w_P3=1.000 | w_AVO=2.857 | lambda_MMD=0.150
2025-10-01 14:40:34 - Epoch Summary: TrainLoss=1.7313 | TrainAcc=0.657 | Val(P3)=0.564 | Val(AVO)=0.722
2025-10-01 14:40:34 - No AVO-val improvement; patience remaining: 32/50
2025-10-01 14:40:34 - P3 val decreasing 3x. Reducing lambda_MMD to 0.105
2025-10-01 14:40:34 - Epoch 29/500 | LR=0.009923 | w_P3=1.000 | w_AVO=2.857 | lambda_MMD=0.105
2025-10-01 14:40:34 - Epoch Summary: TrainLoss=1.6882 | TrainAcc=0.654 | Val(P3)=0.580 | Val(AVO)=0.667
2025-10-01 14:40:34 - No AVO-val improvement; patience remaining: 31/50
2025-10-01 14:40:34 - Epoch 30/500 | LR=0.009917 | w_P3=1.000 | w_AVO=2.857 | lambda_MMD=0.150
2025-10-01 14:40:34 - Epoch Summary: TrainLoss=1.6162 | TrainAcc=0.650 | Val(P3)=0.593 | Val(AVO)=0.667
2025-10-01 14:40:34 - No AVO-val improvement; patience remaining: 30/50
2025-10-01 14:40:34 - Epoch 31/500 | LR=0.009911 | w_P3=1.000 | w_AVO=2.857 | lambda_MMD=0.150
2025-10-01 14:40:34 - Epoch Summary: TrainLoss=1.5940 | TrainAcc=0.647 | Val(P3)=0.590 | Val(AVO)=0.593
2025-10-01 14:40:34 - No AVO-val improvement; patience remaining: 29/50
2025-10-01 14:40:34 - Epoch 32/500 | LR=0.009905 | w_P3=1.000 | w_AVO=2.857 | lambda_MMD=0.150
2025-10-01 14:40:34 - Epoch Summary: TrainLoss=1.5582 | TrainAcc=0.657 | Val(P3)=0.587 | Val(AVO)=0.630
2025-10-01 14:40:34 - No AVO-val improvement; patience remaining: 28/50
2025-10-01 14:40:34 - P3 val decreasing 3x. Reducing lambda_MMD to 0.105
2025-10-01 14:40:34 - Epoch 33/500 | LR=0.009899 | w_P3=1.000 | w_AVO=2.857 | lambda_MMD=0.105
2025-10-01 14:40:35 - Epoch Summary: TrainLoss=1.5359 | TrainAcc=0.655 | Val(P3)=0.574 | Val(AVO)=0.759
2025-10-01 14:40:35 - No AVO-val improvement; patience remaining: 27/50
2025-10-01 14:40:35 - P3 val decreasing 3x. Reducing lambda_MMD to 0.105
2025-10-01 14:40:35 - Epoch 34/500 | LR=0.009893 | w_P3=1.000 | w_AVO=2.857 | lambda_MMD=0.105
2025-10-01 14:40:35 - Epoch Summary: TrainLoss=1.5288 | TrainAcc=0.654 | Val(P3)=0.587 | Val(AVO)=0.796
2025-10-01 14:40:35 - No AVO-val improvement; patience remaining: 26/50
2025-10-01 14:40:35 - Epoch 35/500 | LR=0.009886 | w_P3=1.000 | w_AVO=2.857 | lambda_MMD=0.150
2025-10-01 14:40:35 - Epoch Summary: TrainLoss=1.4525 | TrainAcc=0.660 | Val(P3)=0.590 | Val(AVO)=0.685
2025-10-01 14:40:35 - No AVO-val improvement; patience remaining: 25/50
2025-10-01 14:40:35 - Epoch 36/500 | LR=0.009880 | w_P3=1.000 | w_AVO=2.857 | lambda_MMD=0.150
2025-10-01 14:40:35 - Epoch Summary: TrainLoss=1.4323 | TrainAcc=0.657 | Val(P3)=0.587 | Val(AVO)=0.704
2025-10-01 14:40:35 - No AVO-val improvement; patience remaining: 24/50
2025-10-01 14:40:35 - Epoch 37/500 | LR=0.009873 | w_P3=1.000 | w_AVO=2.857 | lambda_MMD=0.150
2025-10-01 14:40:35 - Epoch Summary: TrainLoss=1.4640 | TrainAcc=0.655 | Val(P3)=0.574 | Val(AVO)=0.741
2025-10-01 14:40:35 - No AVO-val improvement; patience remaining: 23/50
2025-10-01 14:40:35 - P3 val decreasing 3x. Reducing lambda_MMD to 0.105
2025-10-01 14:40:35 - Epoch 38/500 | LR=0.009865 | w_P3=1.000 | w_AVO=2.857 | lambda_MMD=0.105
2025-10-01 14:40:35 - Epoch Summary: TrainLoss=1.4047 | TrainAcc=0.658 | Val(P3)=0.593 | Val(AVO)=0.704
2025-10-01 14:40:35 - No AVO-val improvement; patience remaining: 22/50
2025-10-01 14:40:35 - Epoch 39/500 | LR=0.009858 | w_P3=1.000 | w_AVO=2.857 | lambda_MMD=0.150
2025-10-01 14:40:36 - Epoch Summary: TrainLoss=1.3841 | TrainAcc=0.659 | Val(P3)=0.584 | Val(AVO)=0.741
2025-10-01 14:40:36 - No AVO-val improvement; patience remaining: 21/50
2025-10-01 14:40:36 - Epoch 40/500 | LR=0.009851 | w_P3=1.000 | w_AVO=2.857 | lambda_MMD=0.150
2025-10-01 14:40:36 - Epoch Summary: TrainLoss=1.3952 | TrainAcc=0.661 | Val(P3)=0.574 | Val(AVO)=0.741
2025-10-01 14:40:36 - No AVO-val improvement; patience remaining: 20/50
2025-10-01 14:40:36 - P3 val decreasing 3x. Reducing lambda_MMD to 0.105
2025-10-01 14:40:36 - Epoch 41/500 | LR=0.009843 | w_P3=1.000 | w_AVO=2.857 | lambda_MMD=0.105
2025-10-01 14:40:36 - Epoch Summary: TrainLoss=1.3172 | TrainAcc=0.656 | Val(P3)=0.587 | Val(AVO)=0.741
2025-10-01 14:40:36 - No AVO-val improvement; patience remaining: 19/50
2025-10-01 14:40:36 - Epoch 42/500 | LR=0.009835 | w_P3=1.000 | w_AVO=2.857 | lambda_MMD=0.150
2025-10-01 14:40:36 - Epoch Summary: TrainLoss=1.3468 | TrainAcc=0.655 | Val(P3)=0.567 | Val(AVO)=0.778
2025-10-01 14:40:36 - No AVO-val improvement; patience remaining: 18/50
2025-10-01 14:40:36 - Epoch 43/500 | LR=0.009827 | w_P3=1.000 | w_AVO=2.857 | lambda_MMD=0.150
2025-10-01 14:40:36 - Epoch Summary: TrainLoss=1.3845 | TrainAcc=0.646 | Val(P3)=0.580 | Val(AVO)=0.722
2025-10-01 14:40:36 - No AVO-val improvement; patience remaining: 17/50
2025-10-01 14:40:36 - Epoch 44/500 | LR=0.009819 | w_P3=1.000 | w_AVO=2.857 | lambda_MMD=0.150
2025-10-01 14:40:36 - Epoch Summary: TrainLoss=1.3210 | TrainAcc=0.666 | Val(P3)=0.587 | Val(AVO)=0.796
2025-10-01 14:40:36 - No AVO-val improvement; patience remaining: 16/50
2025-10-01 14:40:36 - Epoch 45/500 | LR=0.009810 | w_P3=1.000 | w_AVO=2.857 | lambda_MMD=0.150
2025-10-01 14:40:36 - Epoch Summary: TrainLoss=1.2576 | TrainAcc=0.653 | Val(P3)=0.567 | Val(AVO)=0.741
2025-10-01 14:40:36 - No AVO-val improvement; patience remaining: 15/50
2025-10-01 14:40:36 - Epoch 46/500 | LR=0.009801 | w_P3=1.000 | w_AVO=2.857 | lambda_MMD=0.150
2025-10-01 14:40:37 - Epoch Summary: TrainLoss=1.2780 | TrainAcc=0.653 | Val(P3)=0.593 | Val(AVO)=0.759
2025-10-01 14:40:37 - No AVO-val improvement; patience remaining: 14/50
2025-10-01 14:40:37 - Epoch 47/500 | LR=0.009793 | w_P3=1.000 | w_AVO=2.857 | lambda_MMD=0.150
2025-10-01 14:40:37 - Epoch Summary: TrainLoss=1.2493 | TrainAcc=0.662 | Val(P3)=0.567 | Val(AVO)=0.759
2025-10-01 14:40:37 - No AVO-val improvement; patience remaining: 13/50
2025-10-01 14:40:37 - Epoch 48/500 | LR=0.009784 | w_P3=1.000 | w_AVO=2.857 | lambda_MMD=0.150
2025-10-01 14:40:37 - Epoch Summary: TrainLoss=1.1927 | TrainAcc=0.655 | Val(P3)=0.584 | Val(AVO)=0.759
2025-10-01 14:40:37 - No AVO-val improvement; patience remaining: 12/50
2025-10-01 14:40:37 - Epoch 49/500 | LR=0.009774 | w_P3=1.000 | w_AVO=2.857 | lambda_MMD=0.150
2025-10-01 14:40:37 - Epoch Summary: TrainLoss=1.1830 | TrainAcc=0.663 | Val(P3)=0.577 | Val(AVO)=0.759
2025-10-01 14:40:37 - No AVO-val improvement; patience remaining: 11/50
2025-10-01 14:40:37 - Epoch 50/500 | LR=0.009765 | w_P3=1.000 | w_AVO=2.857 | lambda_MMD=0.150
2025-10-01 14:40:37 - Epoch Summary: TrainLoss=1.1852 | TrainAcc=0.665 | Val(P3)=0.567 | Val(AVO)=0.648
2025-10-01 14:40:37 - No AVO-val improvement; patience remaining: 10/50
2025-10-01 14:40:37 - P3 val decreasing 3x. Reducing lambda_MMD to 0.105
2025-10-01 14:40:37 - Epoch 51/500 | LR=0.009755 | w_P3=1.000 | w_AVO=2.857 | lambda_MMD=0.105
2025-10-01 14:40:37 - Epoch Summary: TrainLoss=1.1641 | TrainAcc=0.667 | Val(P3)=0.597 | Val(AVO)=0.759
2025-10-01 14:40:37 - No AVO-val improvement; patience remaining: 9/50
2025-10-01 14:40:37 - Epoch 52/500 | LR=0.009745 | w_P3=1.000 | w_AVO=2.857 | lambda_MMD=0.150
2025-10-01 14:40:37 - Epoch Summary: TrainLoss=1.1635 | TrainAcc=0.671 | Val(P3)=0.574 | Val(AVO)=0.759
2025-10-01 14:40:37 - No AVO-val improvement; patience remaining: 8/50
2025-10-01 14:40:37 - Epoch 53/500 | LR=0.009735 | w_P3=1.000 | w_AVO=2.857 | lambda_MMD=0.150
2025-10-01 14:40:38 - Epoch Summary: TrainLoss=1.1647 | TrainAcc=0.667 | Val(P3)=0.577 | Val(AVO)=0.741
2025-10-01 14:40:38 - No AVO-val improvement; patience remaining: 7/50
2025-10-01 14:40:38 - Epoch 54/500 | LR=0.009725 | w_P3=1.000 | w_AVO=2.857 | lambda_MMD=0.150
2025-10-01 14:40:38 - Epoch Summary: TrainLoss=1.1083 | TrainAcc=0.667 | Val(P3)=0.564 | Val(AVO)=0.630
2025-10-01 14:40:38 - No AVO-val improvement; patience remaining: 6/50
2025-10-01 14:40:38 - AVO val decreasing 3x. Reducing w_small to 2.286, lambda_MMD to 0.075
2025-10-01 14:40:38 - Epoch 55/500 | LR=0.009715 | w_P3=1.000 | w_AVO=2.286 | lambda_MMD=0.075
2025-10-01 14:40:38 - Epoch Summary: TrainLoss=1.0944 | TrainAcc=0.650 | Val(P3)=0.597 | Val(AVO)=0.685
2025-10-01 14:40:38 - No AVO-val improvement; patience remaining: 5/50
2025-10-01 14:40:38 - Epoch 56/500 | LR=0.009704 | w_P3=1.000 | w_AVO=2.857 | lambda_MMD=0.150
2025-10-01 14:40:38 - Epoch Summary: TrainLoss=1.1449 | TrainAcc=0.675 | Val(P3)=0.597 | Val(AVO)=0.722
2025-10-01 14:40:38 - No AVO-val improvement; patience remaining: 4/50
2025-10-01 14:40:38 - Epoch 57/500 | LR=0.009694 | w_P3=1.000 | w_AVO=2.857 | lambda_MMD=0.150
2025-10-01 14:40:38 - Epoch Summary: TrainLoss=1.0933 | TrainAcc=0.663 | Val(P3)=0.590 | Val(AVO)=0.759
2025-10-01 14:40:38 - No AVO-val improvement; patience remaining: 3/50
2025-10-01 14:40:38 - Epoch 58/500 | LR=0.009683 | w_P3=1.000 | w_AVO=2.857 | lambda_MMD=0.150
2025-10-01 14:40:38 - Epoch Summary: TrainLoss=1.0723 | TrainAcc=0.663 | Val(P3)=0.570 | Val(AVO)=0.685
2025-10-01 14:40:38 - No AVO-val improvement; patience remaining: 2/50
2025-10-01 14:40:38 - P3 val decreasing 3x. Reducing lambda_MMD to 0.105
2025-10-01 14:40:38 - Epoch 59/500 | LR=0.009672 | w_P3=1.000 | w_AVO=2.857 | lambda_MMD=0.105
2025-10-01 14:40:38 - Epoch Summary: TrainLoss=1.0061 | TrainAcc=0.689 | Val(P3)=0.587 | Val(AVO)=0.778
2025-10-01 14:40:38 - No AVO-val improvement; patience remaining: 1/50
2025-10-01 14:40:38 - Epoch 60/500 | LR=0.009660 | w_P3=1.000 | w_AVO=2.857 | lambda_MMD=0.150
2025-10-01 14:40:39 - Epoch Summary: TrainLoss=1.0628 | TrainAcc=0.661 | Val(P3)=0.584 | Val(AVO)=0.759
2025-10-01 14:40:39 - No AVO-val improvement; patience remaining: 0/50
2025-10-01 14:40:39 - Early stopping triggered (AVO-val)
2025-10-01 14:40:39 -     P3 Test | Acc=0.5650 P=0.5783 R=0.4196 F1=0.4863 AUC=0.5961 (n=646)
2025-10-01 14:40:39 -     AVO Test | Acc=0.6389 P=0.6538 R=0.8095 F1=0.7234 AUC=0.6770 (n=72)
2025-10-01 14:40:39 -     Overall Test Acc=0.5724
2025-10-01 14:40:39 -   Fold 3/5
2025-10-01 14:40:39 - Fold domains: small=AVO (n=271), large=P3 (n=2240)
2025-10-01 14:40:39 - Auto adjustments (symmetric): w_small≈1.000, lambda_MMD_target=0.150, warmup_epochs=5
2025-10-01 14:40:39 - Epoch 1/500 | LR=0.010000 | w_P3=1.000 | w_AVO=1.375 | lambda_MMD=0.030
2025-10-01 14:40:39 - Epoch Summary: TrainLoss=1.7339 | TrainAcc=0.543 | Val(P3)=0.629 | Val(AVO)=0.558
2025-10-01 14:40:39 - New best AVO-val; checkpoint updated
2025-10-01 14:40:39 - Epoch 2/500 | LR=0.010000 | w_P3=1.000 | w_AVO=1.750 | lambda_MMD=0.060
2025-10-01 14:40:39 - Epoch Summary: TrainLoss=1.8200 | TrainAcc=0.614 | Val(P3)=0.645 | Val(AVO)=0.558
2025-10-01 14:40:39 - No AVO-val improvement; patience remaining: 49/50
2025-10-01 14:40:39 - Epoch 3/500 | LR=0.010000 | w_P3=1.000 | w_AVO=2.125 | lambda_MMD=0.090
2025-10-01 14:40:39 - Epoch Summary: TrainLoss=1.9795 | TrainAcc=0.622 | Val(P3)=0.622 | Val(AVO)=0.558
2025-10-01 14:40:39 - No AVO-val improvement; patience remaining: 48/50
2025-10-01 14:40:39 - Epoch 4/500 | LR=0.009999 | w_P3=1.000 | w_AVO=2.500 | lambda_MMD=0.120
2025-10-01 14:40:39 - Epoch Summary: TrainLoss=2.2270 | TrainAcc=0.618 | Val(P3)=0.625 | Val(AVO)=0.577
2025-10-01 14:40:39 - New best AVO-val; checkpoint updated
2025-10-01 14:40:39 - Epoch 5/500 | LR=0.009998 | w_P3=1.000 | w_AVO=2.875 | lambda_MMD=0.150
2025-10-01 14:40:39 - Epoch Summary: TrainLoss=2.4206 | TrainAcc=0.612 | Val(P3)=0.622 | Val(AVO)=0.538
2025-10-01 14:40:39 - No AVO-val improvement; patience remaining: 49/50
2025-10-01 14:40:39 - Epoch 6/500 | LR=0.009998 | w_P3=1.000 | w_AVO=2.875 | lambda_MMD=0.150
2025-10-01 14:40:40 - Epoch Summary: TrainLoss=2.3504 | TrainAcc=0.622 | Val(P3)=0.596 | Val(AVO)=0.615
2025-10-01 14:40:40 - New best AVO-val; checkpoint updated
2025-10-01 14:40:40 - P3 val decreasing 3x. Reducing lambda_MMD to 0.105
2025-10-01 14:40:40 - Epoch 7/500 | LR=0.009996 | w_P3=1.000 | w_AVO=2.875 | lambda_MMD=0.105
2025-10-01 14:40:40 - Epoch Summary: TrainLoss=2.3434 | TrainAcc=0.630 | Val(P3)=0.622 | Val(AVO)=0.654
2025-10-01 14:40:40 - New best AVO-val; checkpoint updated
2025-10-01 14:40:40 - Epoch 8/500 | LR=0.009995 | w_P3=1.000 | w_AVO=2.875 | lambda_MMD=0.150
2025-10-01 14:40:40 - Epoch Summary: TrainLoss=2.2907 | TrainAcc=0.622 | Val(P3)=0.580 | Val(AVO)=0.635
2025-10-01 14:40:40 - No AVO-val improvement; patience remaining: 49/50
2025-10-01 14:40:40 - Epoch 9/500 | LR=0.009994 | w_P3=1.000 | w_AVO=2.875 | lambda_MMD=0.150
2025-10-01 14:40:40 - Epoch Summary: TrainLoss=2.3480 | TrainAcc=0.611 | Val(P3)=0.583 | Val(AVO)=0.635
2025-10-01 14:40:40 - No AVO-val improvement; patience remaining: 48/50
2025-10-01 14:40:40 - Epoch 10/500 | LR=0.009992 | w_P3=1.000 | w_AVO=2.875 | lambda_MMD=0.150
2025-10-01 14:40:40 - Epoch Summary: TrainLoss=2.2828 | TrainAcc=0.628 | Val(P3)=0.603 | Val(AVO)=0.635
2025-10-01 14:40:40 - No AVO-val improvement; patience remaining: 47/50
2025-10-01 14:40:40 - Epoch 11/500 | LR=0.009990 | w_P3=1.000 | w_AVO=2.875 | lambda_MMD=0.150
2025-10-01 14:40:40 - Epoch Summary: TrainLoss=2.2236 | TrainAcc=0.621 | Val(P3)=0.625 | Val(AVO)=0.635
2025-10-01 14:40:40 - No AVO-val improvement; patience remaining: 46/50
2025-10-01 14:40:40 - Epoch 12/500 | LR=0.009988 | w_P3=1.000 | w_AVO=2.875 | lambda_MMD=0.150
2025-10-01 14:40:40 - Epoch Summary: TrainLoss=2.1758 | TrainAcc=0.625 | Val(P3)=0.616 | Val(AVO)=0.654
2025-10-01 14:40:40 - No AVO-val improvement; patience remaining: 45/50
2025-10-01 14:40:40 - Epoch 13/500 | LR=0.009986 | w_P3=1.000 | w_AVO=2.875 | lambda_MMD=0.150
2025-10-01 14:40:41 - Epoch Summary: TrainLoss=2.1888 | TrainAcc=0.634 | Val(P3)=0.609 | Val(AVO)=0.635
2025-10-01 14:40:41 - No AVO-val improvement; patience remaining: 44/50
2025-10-01 14:40:41 - P3 val decreasing 3x. Reducing lambda_MMD to 0.105
2025-10-01 14:40:41 - Epoch 14/500 | LR=0.009983 | w_P3=1.000 | w_AVO=2.875 | lambda_MMD=0.105
2025-10-01 14:40:41 - Epoch Summary: TrainLoss=2.0974 | TrainAcc=0.635 | Val(P3)=0.612 | Val(AVO)=0.635
2025-10-01 14:40:41 - No AVO-val improvement; patience remaining: 43/50
2025-10-01 14:40:41 - Epoch 15/500 | LR=0.009981 | w_P3=1.000 | w_AVO=2.875 | lambda_MMD=0.150
2025-10-01 14:40:41 - Epoch Summary: TrainLoss=2.0526 | TrainAcc=0.627 | Val(P3)=0.635 | Val(AVO)=0.692
2025-10-01 14:40:41 - New best AVO-val; checkpoint updated
2025-10-01 14:40:41 - Epoch 16/500 | LR=0.009978 | w_P3=1.000 | w_AVO=2.875 | lambda_MMD=0.150
2025-10-01 14:40:41 - Epoch Summary: TrainLoss=2.0549 | TrainAcc=0.625 | Val(P3)=0.612 | Val(AVO)=0.635
2025-10-01 14:40:41 - No AVO-val improvement; patience remaining: 49/50
2025-10-01 14:40:41 - Epoch 17/500 | LR=0.009975 | w_P3=1.000 | w_AVO=2.875 | lambda_MMD=0.150
2025-10-01 14:40:41 - Epoch Summary: TrainLoss=2.0133 | TrainAcc=0.643 | Val(P3)=0.625 | Val(AVO)=0.596
2025-10-01 14:40:41 - No AVO-val improvement; patience remaining: 48/50
2025-10-01 14:40:41 - AVO val decreasing 3x. Reducing w_small to 2.300, lambda_MMD to 0.075
2025-10-01 14:40:41 - Epoch 18/500 | LR=0.009972 | w_P3=1.000 | w_AVO=2.300 | lambda_MMD=0.075
2025-10-01 14:40:41 - Epoch Summary: TrainLoss=1.7167 | TrainAcc=0.630 | Val(P3)=0.599 | Val(AVO)=0.615
2025-10-01 14:40:41 - No AVO-val improvement; patience remaining: 47/50
2025-10-01 14:40:41 - Epoch 19/500 | LR=0.009968 | w_P3=1.000 | w_AVO=2.875 | lambda_MMD=0.150
2025-10-01 14:40:41 - Epoch Summary: TrainLoss=1.9408 | TrainAcc=0.631 | Val(P3)=0.596 | Val(AVO)=0.558
2025-10-01 14:40:41 - No AVO-val improvement; patience remaining: 46/50
2025-10-01 14:40:41 - P3 val decreasing 3x. Reducing lambda_MMD to 0.105
2025-10-01 14:40:41 - Epoch 20/500 | LR=0.009964 | w_P3=1.000 | w_AVO=2.875 | lambda_MMD=0.105
2025-10-01 14:40:41 - Epoch Summary: TrainLoss=1.9333 | TrainAcc=0.637 | Val(P3)=0.629 | Val(AVO)=0.654
2025-10-01 14:40:41 - No AVO-val improvement; patience remaining: 45/50
2025-10-01 14:40:41 - Epoch 21/500 | LR=0.009961 | w_P3=1.000 | w_AVO=2.875 | lambda_MMD=0.150
2025-10-01 14:40:42 - Epoch Summary: TrainLoss=1.8787 | TrainAcc=0.636 | Val(P3)=0.622 | Val(AVO)=0.654
2025-10-01 14:40:42 - No AVO-val improvement; patience remaining: 44/50
2025-10-01 14:40:42 - Epoch 22/500 | LR=0.009957 | w_P3=1.000 | w_AVO=2.875 | lambda_MMD=0.150
2025-10-01 14:40:42 - Epoch Summary: TrainLoss=1.7780 | TrainAcc=0.645 | Val(P3)=0.625 | Val(AVO)=0.673
2025-10-01 14:40:42 - No AVO-val improvement; patience remaining: 43/50
2025-10-01 14:40:42 - Epoch 23/500 | LR=0.009952 | w_P3=1.000 | w_AVO=2.875 | lambda_MMD=0.150
2025-10-01 14:40:42 - Epoch Summary: TrainLoss=1.8476 | TrainAcc=0.637 | Val(P3)=0.609 | Val(AVO)=0.808
2025-10-01 14:40:42 - New best AVO-val; checkpoint updated
2025-10-01 14:40:42 - Epoch 24/500 | LR=0.009948 | w_P3=1.000 | w_AVO=2.875 | lambda_MMD=0.150
2025-10-01 14:40:42 - Epoch Summary: TrainLoss=1.8368 | TrainAcc=0.637 | Val(P3)=0.586 | Val(AVO)=0.596
2025-10-01 14:40:42 - No AVO-val improvement; patience remaining: 49/50
2025-10-01 14:40:42 - P3 val decreasing 3x. Reducing lambda_MMD to 0.105
2025-10-01 14:40:42 - Epoch 25/500 | LR=0.009943 | w_P3=1.000 | w_AVO=2.875 | lambda_MMD=0.105
2025-10-01 14:40:42 - Epoch Summary: TrainLoss=1.7597 | TrainAcc=0.633 | Val(P3)=0.580 | Val(AVO)=0.635
2025-10-01 14:40:42 - No AVO-val improvement; patience remaining: 48/50
2025-10-01 14:40:42 - P3 val decreasing 3x. Reducing lambda_MMD to 0.105
2025-10-01 14:40:42 - Epoch 26/500 | LR=0.009938 | w_P3=1.000 | w_AVO=2.875 | lambda_MMD=0.105
2025-10-01 14:40:42 - Epoch Summary: TrainLoss=1.6781 | TrainAcc=0.639 | Val(P3)=0.560 | Val(AVO)=0.635
2025-10-01 14:40:42 - No AVO-val improvement; patience remaining: 47/50
2025-10-01 14:40:42 - P3 val decreasing 3x. Reducing lambda_MMD to 0.105
2025-10-01 14:40:42 - Epoch 27/500 | LR=0.009933 | w_P3=1.000 | w_AVO=2.875 | lambda_MMD=0.105
2025-10-01 14:40:42 - Epoch Summary: TrainLoss=1.7728 | TrainAcc=0.625 | Val(P3)=0.616 | Val(AVO)=0.673
2025-10-01 14:40:42 - No AVO-val improvement; patience remaining: 46/50
2025-10-01 14:40:42 - Epoch 28/500 | LR=0.009928 | w_P3=1.000 | w_AVO=2.875 | lambda_MMD=0.150
2025-10-01 14:40:43 - Epoch Summary: TrainLoss=1.6527 | TrainAcc=0.642 | Val(P3)=0.622 | Val(AVO)=0.731
2025-10-01 14:40:43 - No AVO-val improvement; patience remaining: 45/50
2025-10-01 14:40:43 - Epoch 29/500 | LR=0.009923 | w_P3=1.000 | w_AVO=2.875 | lambda_MMD=0.150
2025-10-01 14:40:43 - Epoch Summary: TrainLoss=1.6901 | TrainAcc=0.638 | Val(P3)=0.622 | Val(AVO)=0.712
2025-10-01 14:40:43 - No AVO-val improvement; patience remaining: 44/50
2025-10-01 14:40:43 - Epoch 30/500 | LR=0.009917 | w_P3=1.000 | w_AVO=2.875 | lambda_MMD=0.150
2025-10-01 14:40:43 - Epoch Summary: TrainLoss=1.5802 | TrainAcc=0.641 | Val(P3)=0.622 | Val(AVO)=0.673
2025-10-01 14:40:43 - No AVO-val improvement; patience remaining: 43/50
2025-10-01 14:40:43 - AVO val decreasing 3x. Reducing w_small to 2.300, lambda_MMD to 0.075
2025-10-01 14:40:43 - Epoch 31/500 | LR=0.009911 | w_P3=1.000 | w_AVO=2.300 | lambda_MMD=0.075
2025-10-01 14:40:43 - Epoch Summary: TrainLoss=1.3575 | TrainAcc=0.645 | Val(P3)=0.622 | Val(AVO)=0.731
2025-10-01 14:40:43 - No AVO-val improvement; patience remaining: 42/50
2025-10-01 14:40:43 - Epoch 32/500 | LR=0.009905 | w_P3=1.000 | w_AVO=2.875 | lambda_MMD=0.150
2025-10-01 14:40:43 - Epoch Summary: TrainLoss=1.4730 | TrainAcc=0.650 | Val(P3)=0.619 | Val(AVO)=0.673
2025-10-01 14:40:43 - No AVO-val improvement; patience remaining: 41/50
2025-10-01 14:40:43 - Epoch 33/500 | LR=0.009899 | w_P3=1.000 | w_AVO=2.875 | lambda_MMD=0.150
2025-10-01 14:40:43 - Epoch Summary: TrainLoss=1.5309 | TrainAcc=0.646 | Val(P3)=0.625 | Val(AVO)=0.673
2025-10-01 14:40:43 - No AVO-val improvement; patience remaining: 40/50
2025-10-01 14:40:43 - Epoch 34/500 | LR=0.009893 | w_P3=1.000 | w_AVO=2.875 | lambda_MMD=0.150
2025-10-01 14:40:43 - Epoch Summary: TrainLoss=1.5036 | TrainAcc=0.638 | Val(P3)=0.625 | Val(AVO)=0.731
2025-10-01 14:40:43 - No AVO-val improvement; patience remaining: 39/50
2025-10-01 14:40:43 - Epoch 35/500 | LR=0.009886 | w_P3=1.000 | w_AVO=2.875 | lambda_MMD=0.150
2025-10-01 14:40:44 - Epoch Summary: TrainLoss=1.4820 | TrainAcc=0.644 | Val(P3)=0.619 | Val(AVO)=0.712
2025-10-01 14:40:44 - No AVO-val improvement; patience remaining: 38/50
2025-10-01 14:40:44 - Epoch 36/500 | LR=0.009880 | w_P3=1.000 | w_AVO=2.875 | lambda_MMD=0.150
2025-10-01 14:40:44 - Epoch Summary: TrainLoss=1.4011 | TrainAcc=0.642 | Val(P3)=0.567 | Val(AVO)=0.558
2025-10-01 14:40:44 - No AVO-val improvement; patience remaining: 37/50
2025-10-01 14:40:44 - AVO val decreasing 3x. Reducing w_small to 2.300, lambda_MMD to 0.075
2025-10-01 14:40:44 - P3 val decreasing 3x. Reducing lambda_MMD to 0.052
2025-10-01 14:40:44 - Epoch 37/500 | LR=0.009873 | w_P3=1.000 | w_AVO=2.300 | lambda_MMD=0.052
2025-10-01 14:40:44 - Epoch Summary: TrainLoss=1.2659 | TrainAcc=0.648 | Val(P3)=0.550 | Val(AVO)=0.577
2025-10-01 14:40:44 - No AVO-val improvement; patience remaining: 36/50
2025-10-01 14:40:44 - P3 val decreasing 3x. Reducing lambda_MMD to 0.105
2025-10-01 14:40:44 - Epoch 38/500 | LR=0.009865 | w_P3=1.000 | w_AVO=2.875 | lambda_MMD=0.105
2025-10-01 14:40:44 - Epoch Summary: TrainLoss=1.3435 | TrainAcc=0.659 | Val(P3)=0.583 | Val(AVO)=0.635
2025-10-01 14:40:44 - No AVO-val improvement; patience remaining: 35/50
2025-10-01 14:40:44 - Epoch 39/500 | LR=0.009858 | w_P3=1.000 | w_AVO=2.875 | lambda_MMD=0.150
2025-10-01 14:40:44 - Epoch Summary: TrainLoss=1.3613 | TrainAcc=0.653 | Val(P3)=0.596 | Val(AVO)=0.673
2025-10-01 14:40:44 - No AVO-val improvement; patience remaining: 34/50
2025-10-01 14:40:44 - Epoch 40/500 | LR=0.009851 | w_P3=1.000 | w_AVO=2.875 | lambda_MMD=0.150
2025-10-01 14:40:44 - Epoch Summary: TrainLoss=1.3552 | TrainAcc=0.653 | Val(P3)=0.603 | Val(AVO)=0.635
2025-10-01 14:40:44 - No AVO-val improvement; patience remaining: 33/50
2025-10-01 14:40:44 - Epoch 41/500 | LR=0.009843 | w_P3=1.000 | w_AVO=2.875 | lambda_MMD=0.150
2025-10-01 14:40:44 - Epoch Summary: TrainLoss=1.2826 | TrainAcc=0.659 | Val(P3)=0.616 | Val(AVO)=0.731
2025-10-01 14:40:44 - No AVO-val improvement; patience remaining: 32/50
2025-10-01 14:40:44 - Epoch 42/500 | LR=0.009835 | w_P3=1.000 | w_AVO=2.875 | lambda_MMD=0.150
2025-10-01 14:40:45 - Epoch Summary: TrainLoss=1.2427 | TrainAcc=0.654 | Val(P3)=0.609 | Val(AVO)=0.596
2025-10-01 14:40:45 - No AVO-val improvement; patience remaining: 31/50
2025-10-01 14:40:45 - Epoch 43/500 | LR=0.009827 | w_P3=1.000 | w_AVO=2.875 | lambda_MMD=0.150
2025-10-01 14:40:45 - Epoch Summary: TrainLoss=1.4005 | TrainAcc=0.653 | Val(P3)=0.596 | Val(AVO)=0.712
2025-10-01 14:40:45 - No AVO-val improvement; patience remaining: 30/50
2025-10-01 14:40:45 - P3 val decreasing 3x. Reducing lambda_MMD to 0.105
2025-10-01 14:40:45 - Epoch 44/500 | LR=0.009819 | w_P3=1.000 | w_AVO=2.875 | lambda_MMD=0.105
2025-10-01 14:40:45 - Epoch Summary: TrainLoss=1.2792 | TrainAcc=0.654 | Val(P3)=0.616 | Val(AVO)=0.654
2025-10-01 14:40:45 - No AVO-val improvement; patience remaining: 29/50
2025-10-01 14:40:45 - Epoch 45/500 | LR=0.009810 | w_P3=1.000 | w_AVO=2.875 | lambda_MMD=0.150
2025-10-01 14:40:45 - Epoch Summary: TrainLoss=1.1709 | TrainAcc=0.659 | Val(P3)=0.567 | Val(AVO)=0.673
2025-10-01 14:40:45 - No AVO-val improvement; patience remaining: 28/50
2025-10-01 14:40:45 - Epoch 46/500 | LR=0.009801 | w_P3=1.000 | w_AVO=2.875 | lambda_MMD=0.150
2025-10-01 14:40:45 - Epoch Summary: TrainLoss=1.2780 | TrainAcc=0.648 | Val(P3)=0.554 | Val(AVO)=0.519
2025-10-01 14:40:45 - No AVO-val improvement; patience remaining: 27/50
2025-10-01 14:40:45 - P3 val decreasing 3x. Reducing lambda_MMD to 0.105
2025-10-01 14:40:45 - Epoch 47/500 | LR=0.009793 | w_P3=1.000 | w_AVO=2.875 | lambda_MMD=0.105
2025-10-01 14:40:45 - Epoch Summary: TrainLoss=1.1814 | TrainAcc=0.655 | Val(P3)=0.590 | Val(AVO)=0.712
2025-10-01 14:40:45 - No AVO-val improvement; patience remaining: 26/50
2025-10-01 14:40:45 - Epoch 48/500 | LR=0.009784 | w_P3=1.000 | w_AVO=2.875 | lambda_MMD=0.150
2025-10-01 14:40:45 - Epoch Summary: TrainLoss=1.1504 | TrainAcc=0.672 | Val(P3)=0.606 | Val(AVO)=0.731
2025-10-01 14:40:45 - No AVO-val improvement; patience remaining: 25/50
2025-10-01 14:40:45 - Epoch 49/500 | LR=0.009774 | w_P3=1.000 | w_AVO=2.875 | lambda_MMD=0.150
2025-10-01 14:40:46 - Epoch Summary: TrainLoss=1.1523 | TrainAcc=0.661 | Val(P3)=0.599 | Val(AVO)=0.712
2025-10-01 14:40:46 - No AVO-val improvement; patience remaining: 24/50
2025-10-01 14:40:46 - Epoch 50/500 | LR=0.009765 | w_P3=1.000 | w_AVO=2.875 | lambda_MMD=0.150
2025-10-01 14:40:46 - Epoch Summary: TrainLoss=1.1463 | TrainAcc=0.657 | Val(P3)=0.557 | Val(AVO)=0.481
2025-10-01 14:40:46 - No AVO-val improvement; patience remaining: 23/50
2025-10-01 14:40:46 - AVO val decreasing 3x. Reducing w_small to 2.300, lambda_MMD to 0.075
2025-10-01 14:40:46 - P3 val decreasing 3x. Reducing lambda_MMD to 0.052
2025-10-01 14:40:46 - Epoch 51/500 | LR=0.009755 | w_P3=1.000 | w_AVO=2.300 | lambda_MMD=0.052
2025-10-01 14:40:46 - Epoch Summary: TrainLoss=1.0697 | TrainAcc=0.664 | Val(P3)=0.583 | Val(AVO)=0.615
2025-10-01 14:40:46 - No AVO-val improvement; patience remaining: 22/50
2025-10-01 14:40:46 - Epoch 52/500 | LR=0.009745 | w_P3=1.000 | w_AVO=2.875 | lambda_MMD=0.150
2025-10-01 14:40:46 - Epoch Summary: TrainLoss=1.0961 | TrainAcc=0.668 | Val(P3)=0.596 | Val(AVO)=0.769
2025-10-01 14:40:46 - No AVO-val improvement; patience remaining: 21/50
2025-10-01 14:40:46 - Epoch 53/500 | LR=0.009735 | w_P3=1.000 | w_AVO=2.875 | lambda_MMD=0.150
2025-10-01 14:40:46 - Epoch Summary: TrainLoss=1.0538 | TrainAcc=0.667 | Val(P3)=0.603 | Val(AVO)=0.750
2025-10-01 14:40:46 - No AVO-val improvement; patience remaining: 20/50
2025-10-01 14:40:46 - Epoch 54/500 | LR=0.009725 | w_P3=1.000 | w_AVO=2.875 | lambda_MMD=0.150
2025-10-01 14:40:46 - Epoch Summary: TrainLoss=1.1353 | TrainAcc=0.663 | Val(P3)=0.583 | Val(AVO)=0.692
2025-10-01 14:40:46 - No AVO-val improvement; patience remaining: 19/50
2025-10-01 14:40:46 - AVO val decreasing 3x. Reducing w_small to 2.300, lambda_MMD to 0.075
2025-10-01 14:40:46 - Epoch 55/500 | LR=0.009715 | w_P3=1.000 | w_AVO=2.300 | lambda_MMD=0.075
2025-10-01 14:40:46 - Epoch Summary: TrainLoss=0.9928 | TrainAcc=0.674 | Val(P3)=0.599 | Val(AVO)=0.596
2025-10-01 14:40:46 - No AVO-val improvement; patience remaining: 18/50
2025-10-01 14:40:46 - AVO val decreasing 3x. Reducing w_small to 2.300, lambda_MMD to 0.075
2025-10-01 14:40:46 - Epoch 56/500 | LR=0.009704 | w_P3=1.000 | w_AVO=2.300 | lambda_MMD=0.075
2025-10-01 14:40:47 - Epoch Summary: TrainLoss=0.9625 | TrainAcc=0.666 | Val(P3)=0.580 | Val(AVO)=0.673
2025-10-01 14:40:47 - No AVO-val improvement; patience remaining: 17/50
2025-10-01 14:40:47 - Epoch 57/500 | LR=0.009694 | w_P3=1.000 | w_AVO=2.875 | lambda_MMD=0.150
2025-10-01 14:40:47 - Epoch Summary: TrainLoss=1.0234 | TrainAcc=0.685 | Val(P3)=0.554 | Val(AVO)=0.519
2025-10-01 14:40:47 - No AVO-val improvement; patience remaining: 16/50
2025-10-01 14:40:47 - P3 val decreasing 3x. Reducing lambda_MMD to 0.105
2025-10-01 14:40:47 - Epoch 58/500 | LR=0.009683 | w_P3=1.000 | w_AVO=2.875 | lambda_MMD=0.105
2025-10-01 14:40:47 - Epoch Summary: TrainLoss=1.0158 | TrainAcc=0.677 | Val(P3)=0.573 | Val(AVO)=0.596
2025-10-01 14:40:47 - No AVO-val improvement; patience remaining: 15/50
2025-10-01 14:40:47 - Epoch 59/500 | LR=0.009672 | w_P3=1.000 | w_AVO=2.875 | lambda_MMD=0.150
2025-10-01 14:40:47 - Epoch Summary: TrainLoss=1.0334 | TrainAcc=0.678 | Val(P3)=0.603 | Val(AVO)=0.692
2025-10-01 14:40:47 - No AVO-val improvement; patience remaining: 14/50
2025-10-01 14:40:47 - Epoch 60/500 | LR=0.009660 | w_P3=1.000 | w_AVO=2.875 | lambda_MMD=0.150
2025-10-01 14:40:47 - Epoch Summary: TrainLoss=0.9509 | TrainAcc=0.682 | Val(P3)=0.612 | Val(AVO)=0.635
2025-10-01 14:40:47 - No AVO-val improvement; patience remaining: 13/50
2025-10-01 14:40:47 - Epoch 61/500 | LR=0.009649 | w_P3=1.000 | w_AVO=2.875 | lambda_MMD=0.150
2025-10-01 14:40:47 - Epoch Summary: TrainLoss=1.0004 | TrainAcc=0.678 | Val(P3)=0.586 | Val(AVO)=0.654
2025-10-01 14:40:47 - No AVO-val improvement; patience remaining: 12/50
2025-10-01 14:40:47 - Epoch 62/500 | LR=0.009637 | w_P3=1.000 | w_AVO=2.875 | lambda_MMD=0.150
2025-10-01 14:40:47 - Epoch Summary: TrainLoss=1.1243 | TrainAcc=0.671 | Val(P3)=0.593 | Val(AVO)=0.750
2025-10-01 14:40:47 - No AVO-val improvement; patience remaining: 11/50
2025-10-01 14:40:47 - Epoch 63/500 | LR=0.009625 | w_P3=1.000 | w_AVO=2.875 | lambda_MMD=0.150
2025-10-01 14:40:47 - Epoch Summary: TrainLoss=1.0624 | TrainAcc=0.660 | Val(P3)=0.580 | Val(AVO)=0.654
2025-10-01 14:40:47 - No AVO-val improvement; patience remaining: 10/50
2025-10-01 14:40:47 - Epoch 64/500 | LR=0.009613 | w_P3=1.000 | w_AVO=2.875 | lambda_MMD=0.150
2025-10-01 14:40:48 - Epoch Summary: TrainLoss=1.0179 | TrainAcc=0.676 | Val(P3)=0.577 | Val(AVO)=0.654
2025-10-01 14:40:48 - No AVO-val improvement; patience remaining: 9/50
2025-10-01 14:40:48 - P3 val decreasing 3x. Reducing lambda_MMD to 0.105
2025-10-01 14:40:48 - Epoch 65/500 | LR=0.009601 | w_P3=1.000 | w_AVO=2.875 | lambda_MMD=0.105
2025-10-01 14:40:48 - Epoch Summary: TrainLoss=0.9447 | TrainAcc=0.688 | Val(P3)=0.586 | Val(AVO)=0.654
2025-10-01 14:40:48 - No AVO-val improvement; patience remaining: 8/50
2025-10-01 14:40:48 - Epoch 66/500 | LR=0.009589 | w_P3=1.000 | w_AVO=2.875 | lambda_MMD=0.150
2025-10-01 14:40:48 - Epoch Summary: TrainLoss=0.9402 | TrainAcc=0.676 | Val(P3)=0.564 | Val(AVO)=0.635
2025-10-01 14:40:48 - No AVO-val improvement; patience remaining: 7/50
2025-10-01 14:40:48 - Epoch 67/500 | LR=0.009576 | w_P3=1.000 | w_AVO=2.875 | lambda_MMD=0.150
2025-10-01 14:40:48 - Epoch Summary: TrainLoss=0.9092 | TrainAcc=0.692 | Val(P3)=0.590 | Val(AVO)=0.692
2025-10-01 14:40:48 - No AVO-val improvement; patience remaining: 6/50
2025-10-01 14:40:48 - Epoch 68/500 | LR=0.009563 | w_P3=1.000 | w_AVO=2.875 | lambda_MMD=0.150
2025-10-01 14:40:48 - Epoch Summary: TrainLoss=0.9268 | TrainAcc=0.698 | Val(P3)=0.580 | Val(AVO)=0.654
2025-10-01 14:40:48 - No AVO-val improvement; patience remaining: 5/50
2025-10-01 14:40:48 - Epoch 69/500 | LR=0.009551 | w_P3=1.000 | w_AVO=2.875 | lambda_MMD=0.150
2025-10-01 14:40:48 - Epoch Summary: TrainLoss=0.9515 | TrainAcc=0.688 | Val(P3)=0.580 | Val(AVO)=0.615
2025-10-01 14:40:48 - No AVO-val improvement; patience remaining: 4/50
2025-10-01 14:40:48 - AVO val decreasing 3x. Reducing w_small to 2.300, lambda_MMD to 0.075
2025-10-01 14:40:48 - Epoch 70/500 | LR=0.009537 | w_P3=1.000 | w_AVO=2.300 | lambda_MMD=0.075
2025-10-01 14:40:48 - Epoch Summary: TrainLoss=0.8477 | TrainAcc=0.695 | Val(P3)=0.583 | Val(AVO)=0.635
2025-10-01 14:40:48 - No AVO-val improvement; patience remaining: 3/50
2025-10-01 14:40:48 - Epoch 71/500 | LR=0.009524 | w_P3=1.000 | w_AVO=2.875 | lambda_MMD=0.150
2025-10-01 14:40:49 - Epoch Summary: TrainLoss=0.8768 | TrainAcc=0.700 | Val(P3)=0.596 | Val(AVO)=0.615
2025-10-01 14:40:49 - No AVO-val improvement; patience remaining: 2/50
2025-10-01 14:40:49 - Epoch 72/500 | LR=0.009511 | w_P3=1.000 | w_AVO=2.875 | lambda_MMD=0.150
2025-10-01 14:40:49 - Epoch Summary: TrainLoss=0.8659 | TrainAcc=0.700 | Val(P3)=0.580 | Val(AVO)=0.615
2025-10-01 14:40:49 - No AVO-val improvement; patience remaining: 1/50
2025-10-01 14:40:49 - Epoch 73/500 | LR=0.009497 | w_P3=1.000 | w_AVO=2.875 | lambda_MMD=0.150
2025-10-01 14:40:49 - Epoch Summary: TrainLoss=0.8761 | TrainAcc=0.708 | Val(P3)=0.570 | Val(AVO)=0.635
2025-10-01 14:40:49 - No AVO-val improvement; patience remaining: 0/50
2025-10-01 14:40:49 - Early stopping triggered (AVO-val)
2025-10-01 14:40:49 -     P3 Test | Acc=0.5413 P=0.7361 R=0.1616 F1=0.2650 AUC=0.6448 (n=641)
2025-10-01 14:40:49 -     AVO Test | Acc=0.6234 P=0.5385 R=0.4516 F1=0.4912 AUC=0.6487 (n=77)
2025-10-01 14:40:49 -     Overall Test Acc=0.5501
2025-10-01 14:40:49 -   Fold 4/5
2025-10-01 14:40:49 - Fold domains: small=AVO (n=268), large=P3 (n=2244)
2025-10-01 14:40:49 - Auto adjustments (symmetric): w_small≈1.000, lambda_MMD_target=0.150, warmup_epochs=5
2025-10-01 14:40:49 - Epoch 1/500 | LR=0.010000 | w_P3=1.000 | w_AVO=1.379 | lambda_MMD=0.030
2025-10-01 14:40:49 - Epoch Summary: TrainLoss=1.7081 | TrainAcc=0.538 | Val(P3)=0.568 | Val(AVO)=0.569
2025-10-01 14:40:49 - New best AVO-val; checkpoint updated
2025-10-01 14:40:49 - Epoch 2/500 | LR=0.010000 | w_P3=1.000 | w_AVO=1.757 | lambda_MMD=0.060
2025-10-01 14:40:49 - Epoch Summary: TrainLoss=1.8271 | TrainAcc=0.582 | Val(P3)=0.581 | Val(AVO)=0.706
2025-10-01 14:40:49 - New best AVO-val; checkpoint updated
2025-10-01 14:40:49 - Epoch 3/500 | LR=0.010000 | w_P3=1.000 | w_AVO=2.136 | lambda_MMD=0.090
2025-10-01 14:40:49 - Epoch Summary: TrainLoss=1.9793 | TrainAcc=0.611 | Val(P3)=0.575 | Val(AVO)=0.647
2025-10-01 14:40:49 - No AVO-val improvement; patience remaining: 49/50
2025-10-01 14:40:49 - Epoch 4/500 | LR=0.009999 | w_P3=1.000 | w_AVO=2.515 | lambda_MMD=0.120
2025-10-01 14:40:50 - Epoch Summary: TrainLoss=2.2045 | TrainAcc=0.610 | Val(P3)=0.568 | Val(AVO)=0.647
2025-10-01 14:40:50 - No AVO-val improvement; patience remaining: 48/50
2025-10-01 14:40:50 - P3 val decreasing 3x. Reducing lambda_MMD to 0.105
2025-10-01 14:40:50 - Epoch 5/500 | LR=0.009998 | w_P3=1.000 | w_AVO=2.894 | lambda_MMD=0.105
2025-10-01 14:40:50 - Epoch Summary: TrainLoss=2.4422 | TrainAcc=0.603 | Val(P3)=0.584 | Val(AVO)=0.686
2025-10-01 14:40:50 - No AVO-val improvement; patience remaining: 47/50
2025-10-01 14:40:50 - Epoch 6/500 | LR=0.009998 | w_P3=1.000 | w_AVO=2.894 | lambda_MMD=0.150
2025-10-01 14:40:50 - Epoch Summary: TrainLoss=2.4249 | TrainAcc=0.594 | Val(P3)=0.555 | Val(AVO)=0.667
2025-10-01 14:40:50 - No AVO-val improvement; patience remaining: 46/50
2025-10-01 14:40:50 - Epoch 7/500 | LR=0.009996 | w_P3=1.000 | w_AVO=2.894 | lambda_MMD=0.150
2025-10-01 14:40:50 - Epoch Summary: TrainLoss=2.3961 | TrainAcc=0.605 | Val(P3)=0.578 | Val(AVO)=0.490
2025-10-01 14:40:50 - No AVO-val improvement; patience remaining: 45/50
2025-10-01 14:40:50 - AVO val decreasing 3x. Reducing w_small to 2.315, lambda_MMD to 0.075
2025-10-01 14:40:50 - Epoch 8/500 | LR=0.009995 | w_P3=1.000 | w_AVO=2.315 | lambda_MMD=0.075
2025-10-01 14:40:50 - Epoch Summary: TrainLoss=1.9900 | TrainAcc=0.608 | Val(P3)=0.562 | Val(AVO)=0.667
2025-10-01 14:40:50 - No AVO-val improvement; patience remaining: 44/50
2025-10-01 14:40:50 - Epoch 9/500 | LR=0.009994 | w_P3=1.000 | w_AVO=2.894 | lambda_MMD=0.150
2025-10-01 14:40:50 - Epoch Summary: TrainLoss=2.3509 | TrainAcc=0.615 | Val(P3)=0.562 | Val(AVO)=0.510
2025-10-01 14:40:50 - No AVO-val improvement; patience remaining: 43/50
2025-10-01 14:40:50 - Epoch 10/500 | LR=0.009992 | w_P3=1.000 | w_AVO=2.894 | lambda_MMD=0.150
2025-10-01 14:40:51 - Epoch Summary: TrainLoss=2.3052 | TrainAcc=0.612 | Val(P3)=0.558 | Val(AVO)=0.725
2025-10-01 14:40:51 - New best AVO-val; checkpoint updated
2025-10-01 14:40:51 - Epoch 11/500 | LR=0.009990 | w_P3=1.000 | w_AVO=2.894 | lambda_MMD=0.150
2025-10-01 14:40:51 - Epoch Summary: TrainLoss=2.3448 | TrainAcc=0.607 | Val(P3)=0.555 | Val(AVO)=0.627
2025-10-01 14:40:51 - No AVO-val improvement; patience remaining: 49/50
2025-10-01 14:40:51 - P3 val decreasing 3x. Reducing lambda_MMD to 0.105
2025-10-01 14:40:51 - Epoch 12/500 | LR=0.009988 | w_P3=1.000 | w_AVO=2.894 | lambda_MMD=0.105
2025-10-01 14:40:51 - Epoch Summary: TrainLoss=2.2995 | TrainAcc=0.615 | Val(P3)=0.568 | Val(AVO)=0.627
2025-10-01 14:40:51 - No AVO-val improvement; patience remaining: 48/50
2025-10-01 14:40:51 - Epoch 13/500 | LR=0.009986 | w_P3=1.000 | w_AVO=2.894 | lambda_MMD=0.150
2025-10-01 14:40:51 - Epoch Summary: TrainLoss=2.2467 | TrainAcc=0.627 | Val(P3)=0.575 | Val(AVO)=0.627
2025-10-01 14:40:51 - No AVO-val improvement; patience remaining: 47/50
2025-10-01 14:40:51 - Epoch 14/500 | LR=0.009983 | w_P3=1.000 | w_AVO=2.894 | lambda_MMD=0.150
2025-10-01 14:40:51 - Epoch Summary: TrainLoss=2.2863 | TrainAcc=0.610 | Val(P3)=0.568 | Val(AVO)=0.588
2025-10-01 14:40:51 - No AVO-val improvement; patience remaining: 46/50
2025-10-01 14:40:51 - Epoch 15/500 | LR=0.009981 | w_P3=1.000 | w_AVO=2.894 | lambda_MMD=0.150
2025-10-01 14:40:51 - Epoch Summary: TrainLoss=2.2510 | TrainAcc=0.626 | Val(P3)=0.571 | Val(AVO)=0.549
2025-10-01 14:40:51 - No AVO-val improvement; patience remaining: 45/50
2025-10-01 14:40:51 - AVO val decreasing 3x. Reducing w_small to 2.315, lambda_MMD to 0.075
2025-10-01 14:40:51 - Epoch 16/500 | LR=0.009978 | w_P3=1.000 | w_AVO=2.315 | lambda_MMD=0.075
2025-10-01 14:40:51 - Epoch Summary: TrainLoss=1.8266 | TrainAcc=0.625 | Val(P3)=0.584 | Val(AVO)=0.667
2025-10-01 14:40:51 - No AVO-val improvement; patience remaining: 44/50
2025-10-01 14:40:51 - Epoch 17/500 | LR=0.009975 | w_P3=1.000 | w_AVO=2.894 | lambda_MMD=0.150
2025-10-01 14:40:51 - Epoch Summary: TrainLoss=2.1583 | TrainAcc=0.630 | Val(P3)=0.539 | Val(AVO)=0.471
2025-10-01 14:40:51 - No AVO-val improvement; patience remaining: 43/50
2025-10-01 14:40:51 - Epoch 18/500 | LR=0.009972 | w_P3=1.000 | w_AVO=2.894 | lambda_MMD=0.150
2025-10-01 14:40:52 - Epoch Summary: TrainLoss=2.1636 | TrainAcc=0.627 | Val(P3)=0.565 | Val(AVO)=0.647
2025-10-01 14:40:52 - No AVO-val improvement; patience remaining: 42/50
2025-10-01 14:40:52 - Epoch 19/500 | LR=0.009968 | w_P3=1.000 | w_AVO=2.894 | lambda_MMD=0.150
2025-10-01 14:40:52 - Epoch Summary: TrainLoss=2.0760 | TrainAcc=0.631 | Val(P3)=0.555 | Val(AVO)=0.588
2025-10-01 14:40:52 - No AVO-val improvement; patience remaining: 41/50
2025-10-01 14:40:52 - Epoch 20/500 | LR=0.009964 | w_P3=1.000 | w_AVO=2.894 | lambda_MMD=0.150
2025-10-01 14:40:52 - Epoch Summary: TrainLoss=2.0829 | TrainAcc=0.619 | Val(P3)=0.545 | Val(AVO)=0.686
2025-10-01 14:40:52 - No AVO-val improvement; patience remaining: 40/50
2025-10-01 14:40:52 - P3 val decreasing 3x. Reducing lambda_MMD to 0.105
2025-10-01 14:40:52 - Epoch 21/500 | LR=0.009961 | w_P3=1.000 | w_AVO=2.894 | lambda_MMD=0.105
2025-10-01 14:40:52 - Epoch Summary: TrainLoss=2.0929 | TrainAcc=0.624 | Val(P3)=0.552 | Val(AVO)=0.608
2025-10-01 14:40:52 - No AVO-val improvement; patience remaining: 39/50
2025-10-01 14:40:52 - Epoch 22/500 | LR=0.009957 | w_P3=1.000 | w_AVO=2.894 | lambda_MMD=0.150
2025-10-01 14:40:52 - Epoch Summary: TrainLoss=2.0103 | TrainAcc=0.621 | Val(P3)=0.539 | Val(AVO)=0.588
2025-10-01 14:40:52 - No AVO-val improvement; patience remaining: 38/50
2025-10-01 14:40:52 - AVO val decreasing 3x. Reducing w_small to 2.315, lambda_MMD to 0.075
2025-10-01 14:40:52 - Epoch 23/500 | LR=0.009952 | w_P3=1.000 | w_AVO=2.315 | lambda_MMD=0.075
2025-10-01 14:40:52 - Epoch Summary: TrainLoss=1.6691 | TrainAcc=0.645 | Val(P3)=0.568 | Val(AVO)=0.667
2025-10-01 14:40:52 - No AVO-val improvement; patience remaining: 37/50
2025-10-01 14:40:52 - Epoch 24/500 | LR=0.009948 | w_P3=1.000 | w_AVO=2.894 | lambda_MMD=0.150
2025-10-01 14:40:53 - Epoch Summary: TrainLoss=1.8791 | TrainAcc=0.636 | Val(P3)=0.542 | Val(AVO)=0.569
2025-10-01 14:40:53 - No AVO-val improvement; patience remaining: 36/50
2025-10-01 14:40:53 - Epoch 25/500 | LR=0.009943 | w_P3=1.000 | w_AVO=2.894 | lambda_MMD=0.150
2025-10-01 14:40:53 - Epoch Summary: TrainLoss=1.8475 | TrainAcc=0.643 | Val(P3)=0.571 | Val(AVO)=0.667
2025-10-01 14:40:53 - No AVO-val improvement; patience remaining: 35/50
2025-10-01 14:40:53 - Epoch 26/500 | LR=0.009938 | w_P3=1.000 | w_AVO=2.894 | lambda_MMD=0.150
2025-10-01 14:40:53 - Epoch Summary: TrainLoss=1.9103 | TrainAcc=0.635 | Val(P3)=0.565 | Val(AVO)=0.490
2025-10-01 14:40:53 - No AVO-val improvement; patience remaining: 34/50
2025-10-01 14:40:53 - Epoch 27/500 | LR=0.009933 | w_P3=1.000 | w_AVO=2.894 | lambda_MMD=0.150
2025-10-01 14:40:53 - Epoch Summary: TrainLoss=1.8496 | TrainAcc=0.632 | Val(P3)=0.565 | Val(AVO)=0.647
2025-10-01 14:40:53 - No AVO-val improvement; patience remaining: 33/50
2025-10-01 14:40:53 - Epoch 28/500 | LR=0.009928 | w_P3=1.000 | w_AVO=2.894 | lambda_MMD=0.150
2025-10-01 14:40:53 - Epoch Summary: TrainLoss=1.8744 | TrainAcc=0.646 | Val(P3)=0.555 | Val(AVO)=0.647
2025-10-01 14:40:53 - No AVO-val improvement; patience remaining: 32/50
2025-10-01 14:40:53 - Epoch 29/500 | LR=0.009923 | w_P3=1.000 | w_AVO=2.894 | lambda_MMD=0.150
2025-10-01 14:40:53 - Epoch Summary: TrainLoss=1.8294 | TrainAcc=0.639 | Val(P3)=0.565 | Val(AVO)=0.647
2025-10-01 14:40:53 - No AVO-val improvement; patience remaining: 31/50
2025-10-01 14:40:53 - Epoch 30/500 | LR=0.009917 | w_P3=1.000 | w_AVO=2.894 | lambda_MMD=0.150
2025-10-01 14:40:54 - Epoch Summary: TrainLoss=1.7916 | TrainAcc=0.648 | Val(P3)=0.588 | Val(AVO)=0.686
2025-10-01 14:40:54 - No AVO-val improvement; patience remaining: 30/50
2025-10-01 14:40:54 - Epoch 31/500 | LR=0.009911 | w_P3=1.000 | w_AVO=2.894 | lambda_MMD=0.150
2025-10-01 14:40:54 - Epoch Summary: TrainLoss=1.7515 | TrainAcc=0.643 | Val(P3)=0.558 | Val(AVO)=0.667
2025-10-01 14:40:54 - No AVO-val improvement; patience remaining: 29/50
2025-10-01 14:40:54 - Epoch 32/500 | LR=0.009905 | w_P3=1.000 | w_AVO=2.894 | lambda_MMD=0.150
2025-10-01 14:40:54 - Epoch Summary: TrainLoss=1.8032 | TrainAcc=0.639 | Val(P3)=0.542 | Val(AVO)=0.569
2025-10-01 14:40:54 - No AVO-val improvement; patience remaining: 28/50
2025-10-01 14:40:54 - AVO val decreasing 3x. Reducing w_small to 2.315, lambda_MMD to 0.075
2025-10-01 14:40:54 - P3 val decreasing 3x. Reducing lambda_MMD to 0.052
2025-10-01 14:40:54 - Epoch 33/500 | LR=0.009899 | w_P3=1.000 | w_AVO=2.315 | lambda_MMD=0.052
2025-10-01 14:40:54 - Epoch Summary: TrainLoss=1.4679 | TrainAcc=0.634 | Val(P3)=0.558 | Val(AVO)=0.647
2025-10-01 14:40:54 - No AVO-val improvement; patience remaining: 27/50
2025-10-01 14:40:54 - Epoch 34/500 | LR=0.009893 | w_P3=1.000 | w_AVO=2.894 | lambda_MMD=0.150
2025-10-01 14:40:54 - Epoch Summary: TrainLoss=1.6930 | TrainAcc=0.648 | Val(P3)=0.558 | Val(AVO)=0.588
2025-10-01 14:40:54 - No AVO-val improvement; patience remaining: 26/50
2025-10-01 14:40:54 - Epoch 35/500 | LR=0.009886 | w_P3=1.000 | w_AVO=2.894 | lambda_MMD=0.150
2025-10-01 14:40:54 - Epoch Summary: TrainLoss=1.7099 | TrainAcc=0.645 | Val(P3)=0.549 | Val(AVO)=0.647
2025-10-01 14:40:54 - No AVO-val improvement; patience remaining: 25/50
2025-10-01 14:40:54 - Epoch 36/500 | LR=0.009880 | w_P3=1.000 | w_AVO=2.894 | lambda_MMD=0.150
2025-10-01 14:40:55 - Epoch Summary: TrainLoss=1.6304 | TrainAcc=0.643 | Val(P3)=0.542 | Val(AVO)=0.647
2025-10-01 14:40:55 - No AVO-val improvement; patience remaining: 24/50
2025-10-01 14:40:55 - P3 val decreasing 3x. Reducing lambda_MMD to 0.105
2025-10-01 14:40:55 - Epoch 37/500 | LR=0.009873 | w_P3=1.000 | w_AVO=2.894 | lambda_MMD=0.105
2025-10-01 14:40:55 - Epoch Summary: TrainLoss=1.5695 | TrainAcc=0.646 | Val(P3)=0.571 | Val(AVO)=0.667
2025-10-01 14:40:55 - No AVO-val improvement; patience remaining: 23/50
2025-10-01 14:40:55 - Epoch 38/500 | LR=0.009865 | w_P3=1.000 | w_AVO=2.894 | lambda_MMD=0.150
2025-10-01 14:40:55 - Epoch Summary: TrainLoss=1.6128 | TrainAcc=0.662 | Val(P3)=0.562 | Val(AVO)=0.627
2025-10-01 14:40:55 - No AVO-val improvement; patience remaining: 22/50
2025-10-01 14:40:55 - Epoch 39/500 | LR=0.009858 | w_P3=1.000 | w_AVO=2.894 | lambda_MMD=0.150
2025-10-01 14:40:55 - Epoch Summary: TrainLoss=1.5244 | TrainAcc=0.650 | Val(P3)=0.588 | Val(AVO)=0.647
2025-10-01 14:40:55 - No AVO-val improvement; patience remaining: 21/50
2025-10-01 14:40:55 - Epoch 40/500 | LR=0.009851 | w_P3=1.000 | w_AVO=2.894 | lambda_MMD=0.150
2025-10-01 14:40:55 - Epoch Summary: TrainLoss=1.5515 | TrainAcc=0.647 | Val(P3)=0.545 | Val(AVO)=0.510
2025-10-01 14:40:55 - No AVO-val improvement; patience remaining: 20/50
2025-10-01 14:40:55 - Epoch 41/500 | LR=0.009843 | w_P3=1.000 | w_AVO=2.894 | lambda_MMD=0.150
2025-10-01 14:40:56 - Epoch Summary: TrainLoss=1.5161 | TrainAcc=0.650 | Val(P3)=0.545 | Val(AVO)=0.490
2025-10-01 14:40:56 - No AVO-val improvement; patience remaining: 19/50
2025-10-01 14:40:56 - AVO val decreasing 3x. Reducing w_small to 2.315, lambda_MMD to 0.075
2025-10-01 14:40:56 - Epoch 42/500 | LR=0.009835 | w_P3=1.000 | w_AVO=2.315 | lambda_MMD=0.075
2025-10-01 14:40:56 - Epoch Summary: TrainLoss=1.3175 | TrainAcc=0.643 | Val(P3)=0.571 | Val(AVO)=0.667
2025-10-01 14:40:56 - No AVO-val improvement; patience remaining: 18/50
2025-10-01 14:40:56 - Epoch 43/500 | LR=0.009827 | w_P3=1.000 | w_AVO=2.894 | lambda_MMD=0.150
2025-10-01 14:40:56 - Epoch Summary: TrainLoss=1.4645 | TrainAcc=0.650 | Val(P3)=0.571 | Val(AVO)=0.588
2025-10-01 14:40:56 - No AVO-val improvement; patience remaining: 17/50
2025-10-01 14:40:56 - Epoch 44/500 | LR=0.009819 | w_P3=1.000 | w_AVO=2.894 | lambda_MMD=0.150
2025-10-01 14:40:56 - Epoch Summary: TrainLoss=1.5148 | TrainAcc=0.647 | Val(P3)=0.552 | Val(AVO)=0.608
2025-10-01 14:40:56 - No AVO-val improvement; patience remaining: 16/50
2025-10-01 14:40:56 - Epoch 45/500 | LR=0.009810 | w_P3=1.000 | w_AVO=2.894 | lambda_MMD=0.150
2025-10-01 14:40:56 - Epoch Summary: TrainLoss=1.4149 | TrainAcc=0.649 | Val(P3)=0.552 | Val(AVO)=0.588
2025-10-01 14:40:56 - No AVO-val improvement; patience remaining: 15/50
2025-10-01 14:40:56 - Epoch 46/500 | LR=0.009801 | w_P3=1.000 | w_AVO=2.894 | lambda_MMD=0.150
2025-10-01 14:40:56 - Epoch Summary: TrainLoss=1.4097 | TrainAcc=0.655 | Val(P3)=0.555 | Val(AVO)=0.627
2025-10-01 14:40:56 - No AVO-val improvement; patience remaining: 14/50
2025-10-01 14:40:56 - Epoch 47/500 | LR=0.009793 | w_P3=1.000 | w_AVO=2.894 | lambda_MMD=0.150
2025-10-01 14:40:56 - Epoch Summary: TrainLoss=1.4149 | TrainAcc=0.655 | Val(P3)=0.552 | Val(AVO)=0.608
2025-10-01 14:40:56 - No AVO-val improvement; patience remaining: 13/50
2025-10-01 14:40:56 - Epoch 48/500 | LR=0.009784 | w_P3=1.000 | w_AVO=2.894 | lambda_MMD=0.150
2025-10-01 14:40:56 - Epoch Summary: TrainLoss=1.4059 | TrainAcc=0.656 | Val(P3)=0.549 | Val(AVO)=0.667
2025-10-01 14:40:56 - No AVO-val improvement; patience remaining: 12/50
2025-10-01 14:40:56 - P3 val decreasing 3x. Reducing lambda_MMD to 0.105
2025-10-01 14:40:56 - Epoch 49/500 | LR=0.009774 | w_P3=1.000 | w_AVO=2.894 | lambda_MMD=0.105
2025-10-01 14:40:57 - Epoch Summary: TrainLoss=1.4081 | TrainAcc=0.662 | Val(P3)=0.532 | Val(AVO)=0.667
2025-10-01 14:40:57 - No AVO-val improvement; patience remaining: 11/50
2025-10-01 14:40:57 - P3 val decreasing 3x. Reducing lambda_MMD to 0.105
2025-10-01 14:40:57 - Epoch 50/500 | LR=0.009765 | w_P3=1.000 | w_AVO=2.894 | lambda_MMD=0.105
2025-10-01 14:40:57 - Epoch Summary: TrainLoss=1.3744 | TrainAcc=0.648 | Val(P3)=0.558 | Val(AVO)=0.686
2025-10-01 14:40:57 - No AVO-val improvement; patience remaining: 10/50
2025-10-01 14:40:57 - Epoch 51/500 | LR=0.009755 | w_P3=1.000 | w_AVO=2.894 | lambda_MMD=0.150
2025-10-01 14:40:57 - Epoch Summary: TrainLoss=1.3610 | TrainAcc=0.659 | Val(P3)=0.555 | Val(AVO)=0.647
2025-10-01 14:40:57 - No AVO-val improvement; patience remaining: 9/50
2025-10-01 14:40:57 - Epoch 52/500 | LR=0.009745 | w_P3=1.000 | w_AVO=2.894 | lambda_MMD=0.150
2025-10-01 14:40:57 - Epoch Summary: TrainLoss=1.3431 | TrainAcc=0.664 | Val(P3)=0.542 | Val(AVO)=0.647
2025-10-01 14:40:57 - No AVO-val improvement; patience remaining: 8/50
2025-10-01 14:40:57 - P3 val decreasing 3x. Reducing lambda_MMD to 0.105
2025-10-01 14:40:57 - Epoch 53/500 | LR=0.009735 | w_P3=1.000 | w_AVO=2.894 | lambda_MMD=0.105
2025-10-01 14:40:57 - Epoch Summary: TrainLoss=1.3037 | TrainAcc=0.666 | Val(P3)=0.552 | Val(AVO)=0.667
2025-10-01 14:40:57 - No AVO-val improvement; patience remaining: 7/50
2025-10-01 14:40:57 - Epoch 54/500 | LR=0.009725 | w_P3=1.000 | w_AVO=2.894 | lambda_MMD=0.150
2025-10-01 14:40:57 - Epoch Summary: TrainLoss=1.2681 | TrainAcc=0.664 | Val(P3)=0.558 | Val(AVO)=0.627
2025-10-01 14:40:57 - No AVO-val improvement; patience remaining: 6/50
2025-10-01 14:40:57 - Epoch 55/500 | LR=0.009715 | w_P3=1.000 | w_AVO=2.894 | lambda_MMD=0.150
2025-10-01 14:40:58 - Epoch Summary: TrainLoss=1.3044 | TrainAcc=0.668 | Val(P3)=0.562 | Val(AVO)=0.706
2025-10-01 14:40:58 - No AVO-val improvement; patience remaining: 5/50
2025-10-01 14:40:58 - Epoch 56/500 | LR=0.009704 | w_P3=1.000 | w_AVO=2.894 | lambda_MMD=0.150
2025-10-01 14:40:58 - Epoch Summary: TrainLoss=1.2950 | TrainAcc=0.660 | Val(P3)=0.555 | Val(AVO)=0.647
2025-10-01 14:40:58 - No AVO-val improvement; patience remaining: 4/50
2025-10-01 14:40:58 - Epoch 57/500 | LR=0.009694 | w_P3=1.000 | w_AVO=2.894 | lambda_MMD=0.150
2025-10-01 14:40:58 - Epoch Summary: TrainLoss=1.2333 | TrainAcc=0.663 | Val(P3)=0.568 | Val(AVO)=0.647
2025-10-01 14:40:58 - No AVO-val improvement; patience remaining: 3/50
2025-10-01 14:40:58 - Epoch 58/500 | LR=0.009683 | w_P3=1.000 | w_AVO=2.894 | lambda_MMD=0.150
2025-10-01 14:40:58 - Epoch Summary: TrainLoss=1.1977 | TrainAcc=0.672 | Val(P3)=0.568 | Val(AVO)=0.686
2025-10-01 14:40:58 - No AVO-val improvement; patience remaining: 2/50
2025-10-01 14:40:58 - Epoch 59/500 | LR=0.009672 | w_P3=1.000 | w_AVO=2.894 | lambda_MMD=0.150
2025-10-01 14:40:58 - Epoch Summary: TrainLoss=1.2319 | TrainAcc=0.667 | Val(P3)=0.571 | Val(AVO)=0.686
2025-10-01 14:40:58 - No AVO-val improvement; patience remaining: 1/50
2025-10-01 14:40:58 - Epoch 60/500 | LR=0.009660 | w_P3=1.000 | w_AVO=2.894 | lambda_MMD=0.150
2025-10-01 14:40:58 - Epoch Summary: TrainLoss=1.2021 | TrainAcc=0.667 | Val(P3)=0.539 | Val(AVO)=0.667
2025-10-01 14:40:58 - No AVO-val improvement; patience remaining: 0/50
2025-10-01 14:40:58 - Early stopping triggered (AVO-val)
2025-10-01 14:40:58 -     P3 Test | Acc=0.5189 P=0.7000 R=0.0226 F1=0.0437 AUC=0.6300 (n=636)
2025-10-01 14:40:58 -     AVO Test | Acc=0.5185 P=0.7083 R=0.3469 F1=0.4658 AUC=0.6518 (n=81)
2025-10-01 14:40:58 -     Overall Test Acc=0.5188
2025-10-01 14:40:58 -   Fold 5/5
2025-10-01 14:40:58 - Fold domains: small=AVO (n=269), large=P3 (n=2243)
2025-10-01 14:40:58 - Auto adjustments (symmetric): w_small≈1.000, lambda_MMD_target=0.150, warmup_epochs=5
2025-10-01 14:40:58 - Epoch 1/500 | LR=0.010000 | w_P3=1.000 | w_AVO=1.378 | lambda_MMD=0.030
2025-10-01 14:40:58 - Epoch Summary: TrainLoss=1.6535 | TrainAcc=0.560 | Val(P3)=0.595 | Val(AVO)=0.520
2025-10-01 14:40:58 - New best AVO-val; checkpoint updated
2025-10-01 14:40:58 - Epoch 2/500 | LR=0.010000 | w_P3=1.000 | w_AVO=1.755 | lambda_MMD=0.060
2025-10-01 14:40:58 - Epoch Summary: TrainLoss=1.7854 | TrainAcc=0.617 | Val(P3)=0.576 | Val(AVO)=0.760
2025-10-01 14:40:58 - New best AVO-val; checkpoint updated
2025-10-01 14:40:58 - Epoch 3/500 | LR=0.010000 | w_P3=1.000 | w_AVO=2.133 | lambda_MMD=0.090
2025-10-01 14:40:59 - Epoch Summary: TrainLoss=1.9940 | TrainAcc=0.614 | Val(P3)=0.586 | Val(AVO)=0.680
2025-10-01 14:40:59 - No AVO-val improvement; patience remaining: 49/50
2025-10-01 14:40:59 - Epoch 4/500 | LR=0.009999 | w_P3=1.000 | w_AVO=2.510 | lambda_MMD=0.120
2025-10-01 14:40:59 - Epoch Summary: TrainLoss=2.1841 | TrainAcc=0.605 | Val(P3)=0.583 | Val(AVO)=0.420
2025-10-01 14:40:59 - No AVO-val improvement; patience remaining: 48/50
2025-10-01 14:40:59 - AVO val decreasing 3x. Reducing w_small to 2.310, lambda_MMD to 0.075
2025-10-01 14:40:59 - Epoch 5/500 | LR=0.009998 | w_P3=1.000 | w_AVO=2.310 | lambda_MMD=0.075
2025-10-01 14:40:59 - Epoch Summary: TrainLoss=2.0440 | TrainAcc=0.608 | Val(P3)=0.579 | Val(AVO)=0.600
2025-10-01 14:40:59 - No AVO-val improvement; patience remaining: 47/50
2025-10-01 14:40:59 - P3 val decreasing 3x. Reducing lambda_MMD to 0.105
2025-10-01 14:40:59 - Epoch 6/500 | LR=0.009998 | w_P3=1.000 | w_AVO=2.888 | lambda_MMD=0.105
2025-10-01 14:40:59 - Epoch Summary: TrainLoss=2.4411 | TrainAcc=0.606 | Val(P3)=0.573 | Val(AVO)=0.600
2025-10-01 14:40:59 - No AVO-val improvement; patience remaining: 46/50
2025-10-01 14:40:59 - P3 val decreasing 3x. Reducing lambda_MMD to 0.105
2025-10-01 14:40:59 - Epoch 7/500 | LR=0.009996 | w_P3=1.000 | w_AVO=2.888 | lambda_MMD=0.105
2025-10-01 14:40:59 - Epoch Summary: TrainLoss=2.3488 | TrainAcc=0.615 | Val(P3)=0.579 | Val(AVO)=0.600
2025-10-01 14:40:59 - No AVO-val improvement; patience remaining: 45/50
2025-10-01 14:40:59 - Epoch 8/500 | LR=0.009995 | w_P3=1.000 | w_AVO=2.888 | lambda_MMD=0.150
2025-10-01 14:40:59 - Epoch Summary: TrainLoss=2.3505 | TrainAcc=0.622 | Val(P3)=0.586 | Val(AVO)=0.720
2025-10-01 14:40:59 - No AVO-val improvement; patience remaining: 44/50
2025-10-01 14:40:59 - Epoch 9/500 | LR=0.009994 | w_P3=1.000 | w_AVO=2.888 | lambda_MMD=0.150
2025-10-01 14:40:59 - Epoch Summary: TrainLoss=2.3404 | TrainAcc=0.610 | Val(P3)=0.566 | Val(AVO)=0.700
2025-10-01 14:40:59 - No AVO-val improvement; patience remaining: 43/50
2025-10-01 14:40:59 - Epoch 10/500 | LR=0.009992 | w_P3=1.000 | w_AVO=2.888 | lambda_MMD=0.150
2025-10-01 14:40:59 - Epoch Summary: TrainLoss=2.3036 | TrainAcc=0.618 | Val(P3)=0.553 | Val(AVO)=0.680
2025-10-01 14:40:59 - No AVO-val improvement; patience remaining: 42/50
2025-10-01 14:40:59 - AVO val decreasing 3x. Reducing w_small to 2.310, lambda_MMD to 0.075
2025-10-01 14:40:59 - P3 val decreasing 3x. Reducing lambda_MMD to 0.052
2025-10-01 14:40:59 - Epoch 11/500 | LR=0.009990 | w_P3=1.000 | w_AVO=2.310 | lambda_MMD=0.052
2025-10-01 14:41:00 - Epoch Summary: TrainLoss=1.9755 | TrainAcc=0.627 | Val(P3)=0.579 | Val(AVO)=0.660
2025-10-01 14:41:00 - No AVO-val improvement; patience remaining: 41/50
2025-10-01 14:41:00 - AVO val decreasing 3x. Reducing w_small to 2.310, lambda_MMD to 0.075
2025-10-01 14:41:00 - Epoch 12/500 | LR=0.009988 | w_P3=1.000 | w_AVO=2.310 | lambda_MMD=0.075
2025-10-01 14:41:00 - Epoch Summary: TrainLoss=1.8960 | TrainAcc=0.622 | Val(P3)=0.550 | Val(AVO)=0.620
2025-10-01 14:41:00 - No AVO-val improvement; patience remaining: 40/50
2025-10-01 14:41:00 - AVO val decreasing 3x. Reducing w_small to 2.310, lambda_MMD to 0.075
2025-10-01 14:41:00 - Epoch 13/500 | LR=0.009986 | w_P3=1.000 | w_AVO=2.310 | lambda_MMD=0.075
2025-10-01 14:41:00 - Epoch Summary: TrainLoss=1.9245 | TrainAcc=0.622 | Val(P3)=0.586 | Val(AVO)=0.600
2025-10-01 14:41:00 - No AVO-val improvement; patience remaining: 39/50
2025-10-01 14:41:00 - AVO val decreasing 3x. Reducing w_small to 2.310, lambda_MMD to 0.075
2025-10-01 14:41:00 - Epoch 14/500 | LR=0.009983 | w_P3=1.000 | w_AVO=2.310 | lambda_MMD=0.075
2025-10-01 14:41:00 - Epoch Summary: TrainLoss=1.9079 | TrainAcc=0.616 | Val(P3)=0.579 | Val(AVO)=0.680
2025-10-01 14:41:00 - No AVO-val improvement; patience remaining: 38/50
2025-10-01 14:41:00 - Epoch 15/500 | LR=0.009981 | w_P3=1.000 | w_AVO=2.888 | lambda_MMD=0.150
2025-10-01 14:41:00 - Epoch Summary: TrainLoss=2.1814 | TrainAcc=0.629 | Val(P3)=0.586 | Val(AVO)=0.720
2025-10-01 14:41:00 - No AVO-val improvement; patience remaining: 37/50
2025-10-01 14:41:00 - Epoch 16/500 | LR=0.009978 | w_P3=1.000 | w_AVO=2.888 | lambda_MMD=0.150
2025-10-01 14:41:00 - Epoch Summary: TrainLoss=2.1545 | TrainAcc=0.624 | Val(P3)=0.589 | Val(AVO)=0.560
2025-10-01 14:41:00 - No AVO-val improvement; patience remaining: 36/50
2025-10-01 14:41:00 - Epoch 17/500 | LR=0.009975 | w_P3=1.000 | w_AVO=2.888 | lambda_MMD=0.150
2025-10-01 14:41:00 - Epoch Summary: TrainLoss=2.1796 | TrainAcc=0.620 | Val(P3)=0.586 | Val(AVO)=0.680
2025-10-01 14:41:00 - No AVO-val improvement; patience remaining: 35/50
2025-10-01 14:41:00 - Epoch 18/500 | LR=0.009972 | w_P3=1.000 | w_AVO=2.888 | lambda_MMD=0.150
2025-10-01 14:41:00 - Epoch Summary: TrainLoss=2.1392 | TrainAcc=0.629 | Val(P3)=0.602 | Val(AVO)=0.660
2025-10-01 14:41:00 - No AVO-val improvement; patience remaining: 34/50
2025-10-01 14:41:00 - Epoch 19/500 | LR=0.009968 | w_P3=1.000 | w_AVO=2.888 | lambda_MMD=0.150
2025-10-01 14:41:01 - Epoch Summary: TrainLoss=2.0116 | TrainAcc=0.636 | Val(P3)=0.595 | Val(AVO)=0.660
2025-10-01 14:41:01 - No AVO-val improvement; patience remaining: 33/50
2025-10-01 14:41:01 - Epoch 20/500 | LR=0.009964 | w_P3=1.000 | w_AVO=2.888 | lambda_MMD=0.150
2025-10-01 14:41:01 - Epoch Summary: TrainLoss=2.0153 | TrainAcc=0.634 | Val(P3)=0.595 | Val(AVO)=0.560
2025-10-01 14:41:01 - No AVO-val improvement; patience remaining: 32/50
2025-10-01 14:41:01 - Epoch 21/500 | LR=0.009961 | w_P3=1.000 | w_AVO=2.888 | lambda_MMD=0.150
2025-10-01 14:41:01 - Epoch Summary: TrainLoss=1.9871 | TrainAcc=0.635 | Val(P3)=0.586 | Val(AVO)=0.760
2025-10-01 14:41:01 - No AVO-val improvement; patience remaining: 31/50
2025-10-01 14:41:01 - Epoch 22/500 | LR=0.009957 | w_P3=1.000 | w_AVO=2.888 | lambda_MMD=0.150
2025-10-01 14:41:01 - Epoch Summary: TrainLoss=2.0300 | TrainAcc=0.615 | Val(P3)=0.602 | Val(AVO)=0.680
2025-10-01 14:41:01 - No AVO-val improvement; patience remaining: 30/50
2025-10-01 14:41:01 - Epoch 23/500 | LR=0.009952 | w_P3=1.000 | w_AVO=2.888 | lambda_MMD=0.150
2025-10-01 14:41:01 - Epoch Summary: TrainLoss=1.8722 | TrainAcc=0.630 | Val(P3)=0.586 | Val(AVO)=0.660
2025-10-01 14:41:01 - No AVO-val improvement; patience remaining: 29/50
2025-10-01 14:41:01 - AVO val decreasing 3x. Reducing w_small to 2.310, lambda_MMD to 0.075
2025-10-01 14:41:01 - Epoch 24/500 | LR=0.009948 | w_P3=1.000 | w_AVO=2.310 | lambda_MMD=0.075
2025-10-01 14:41:01 - Epoch Summary: TrainLoss=1.6219 | TrainAcc=0.642 | Val(P3)=0.599 | Val(AVO)=0.460
2025-10-01 14:41:01 - No AVO-val improvement; patience remaining: 28/50
2025-10-01 14:41:01 - AVO val decreasing 3x. Reducing w_small to 2.310, lambda_MMD to 0.075
2025-10-01 14:41:01 - Epoch 25/500 | LR=0.009943 | w_P3=1.000 | w_AVO=2.310 | lambda_MMD=0.075
2025-10-01 14:41:01 - Epoch Summary: TrainLoss=1.6457 | TrainAcc=0.628 | Val(P3)=0.605 | Val(AVO)=0.720
2025-10-01 14:41:01 - No AVO-val improvement; patience remaining: 27/50
2025-10-01 14:41:01 - Epoch 26/500 | LR=0.009938 | w_P3=1.000 | w_AVO=2.888 | lambda_MMD=0.150
2025-10-01 14:41:02 - Epoch Summary: TrainLoss=1.8022 | TrainAcc=0.639 | Val(P3)=0.618 | Val(AVO)=0.640
2025-10-01 14:41:02 - No AVO-val improvement; patience remaining: 26/50
2025-10-01 14:41:02 - Epoch 27/500 | LR=0.009933 | w_P3=1.000 | w_AVO=2.888 | lambda_MMD=0.150
2025-10-01 14:41:02 - Epoch Summary: TrainLoss=1.8138 | TrainAcc=0.639 | Val(P3)=0.605 | Val(AVO)=0.600
2025-10-01 14:41:02 - No AVO-val improvement; patience remaining: 25/50
2025-10-01 14:41:02 - AVO val decreasing 3x. Reducing w_small to 2.310, lambda_MMD to 0.075
2025-10-01 14:41:02 - Epoch 28/500 | LR=0.009928 | w_P3=1.000 | w_AVO=2.310 | lambda_MMD=0.075
2025-10-01 14:41:02 - Epoch Summary: TrainLoss=1.5244 | TrainAcc=0.645 | Val(P3)=0.602 | Val(AVO)=0.540
2025-10-01 14:41:02 - No AVO-val improvement; patience remaining: 24/50
2025-10-01 14:41:02 - AVO val decreasing 3x. Reducing w_small to 2.310, lambda_MMD to 0.075
2025-10-01 14:41:02 - P3 val decreasing 3x. Reducing lambda_MMD to 0.052
2025-10-01 14:41:02 - Epoch 29/500 | LR=0.009923 | w_P3=1.000 | w_AVO=2.310 | lambda_MMD=0.052
2025-10-01 14:41:02 - Epoch Summary: TrainLoss=1.5413 | TrainAcc=0.647 | Val(P3)=0.592 | Val(AVO)=0.720
2025-10-01 14:41:02 - No AVO-val improvement; patience remaining: 23/50
2025-10-01 14:41:02 - P3 val decreasing 3x. Reducing lambda_MMD to 0.105
2025-10-01 14:41:02 - Epoch 30/500 | LR=0.009917 | w_P3=1.000 | w_AVO=2.888 | lambda_MMD=0.105
2025-10-01 14:41:02 - Epoch Summary: TrainLoss=1.7362 | TrainAcc=0.639 | Val(P3)=0.592 | Val(AVO)=0.640
2025-10-01 14:41:02 - No AVO-val improvement; patience remaining: 22/50
2025-10-01 14:41:02 - Epoch 31/500 | LR=0.009911 | w_P3=1.000 | w_AVO=2.888 | lambda_MMD=0.150
2025-10-01 14:41:02 - Epoch Summary: TrainLoss=1.6828 | TrainAcc=0.644 | Val(P3)=0.589 | Val(AVO)=0.640
2025-10-01 14:41:02 - No AVO-val improvement; patience remaining: 21/50
2025-10-01 14:41:02 - Epoch 32/500 | LR=0.009905 | w_P3=1.000 | w_AVO=2.888 | lambda_MMD=0.150
2025-10-01 14:41:02 - Epoch Summary: TrainLoss=1.6704 | TrainAcc=0.638 | Val(P3)=0.608 | Val(AVO)=0.660
2025-10-01 14:41:02 - No AVO-val improvement; patience remaining: 20/50
2025-10-01 14:41:02 - Epoch 33/500 | LR=0.009899 | w_P3=1.000 | w_AVO=2.888 | lambda_MMD=0.150
2025-10-01 14:41:02 - Epoch Summary: TrainLoss=1.6163 | TrainAcc=0.644 | Val(P3)=0.608 | Val(AVO)=0.700
2025-10-01 14:41:02 - No AVO-val improvement; patience remaining: 19/50
2025-10-01 14:41:02 - Epoch 34/500 | LR=0.009893 | w_P3=1.000 | w_AVO=2.888 | lambda_MMD=0.150
2025-10-01 14:41:03 - Epoch Summary: TrainLoss=1.5876 | TrainAcc=0.647 | Val(P3)=0.615 | Val(AVO)=0.700
2025-10-01 14:41:03 - No AVO-val improvement; patience remaining: 18/50
2025-10-01 14:41:03 - Epoch 35/500 | LR=0.009886 | w_P3=1.000 | w_AVO=2.888 | lambda_MMD=0.150
2025-10-01 14:41:03 - Epoch Summary: TrainLoss=1.5534 | TrainAcc=0.638 | Val(P3)=0.583 | Val(AVO)=0.580
2025-10-01 14:41:03 - No AVO-val improvement; patience remaining: 17/50
2025-10-01 14:41:03 - Epoch 36/500 | LR=0.009880 | w_P3=1.000 | w_AVO=2.888 | lambda_MMD=0.150
2025-10-01 14:41:03 - Epoch Summary: TrainLoss=1.6284 | TrainAcc=0.649 | Val(P3)=0.602 | Val(AVO)=0.540
2025-10-01 14:41:03 - No AVO-val improvement; patience remaining: 16/50
2025-10-01 14:41:03 - AVO val decreasing 3x. Reducing w_small to 2.310, lambda_MMD to 0.075
2025-10-01 14:41:03 - Epoch 37/500 | LR=0.009873 | w_P3=1.000 | w_AVO=2.310 | lambda_MMD=0.075
2025-10-01 14:41:03 - Epoch Summary: TrainLoss=1.3590 | TrainAcc=0.642 | Val(P3)=0.602 | Val(AVO)=0.680
2025-10-01 14:41:03 - No AVO-val improvement; patience remaining: 15/50
2025-10-01 14:41:03 - Epoch 38/500 | LR=0.009865 | w_P3=1.000 | w_AVO=2.888 | lambda_MMD=0.150
2025-10-01 14:41:03 - Epoch Summary: TrainLoss=1.4446 | TrainAcc=0.659 | Val(P3)=0.612 | Val(AVO)=0.640
2025-10-01 14:41:03 - No AVO-val improvement; patience remaining: 14/50
2025-10-01 14:41:03 - Epoch 39/500 | LR=0.009858 | w_P3=1.000 | w_AVO=2.888 | lambda_MMD=0.150
2025-10-01 14:41:03 - Epoch Summary: TrainLoss=1.4666 | TrainAcc=0.654 | Val(P3)=0.605 | Val(AVO)=0.680
2025-10-01 14:41:03 - No AVO-val improvement; patience remaining: 13/50
2025-10-01 14:41:03 - Epoch 40/500 | LR=0.009851 | w_P3=1.000 | w_AVO=2.888 | lambda_MMD=0.150
2025-10-01 14:41:03 - Epoch Summary: TrainLoss=1.4367 | TrainAcc=0.646 | Val(P3)=0.605 | Val(AVO)=0.740
2025-10-01 14:41:03 - No AVO-val improvement; patience remaining: 12/50
2025-10-01 14:41:03 - Epoch 41/500 | LR=0.009843 | w_P3=1.000 | w_AVO=2.888 | lambda_MMD=0.150
2025-10-01 14:41:04 - Epoch Summary: TrainLoss=1.4623 | TrainAcc=0.657 | Val(P3)=0.576 | Val(AVO)=0.760
2025-10-01 14:41:04 - No AVO-val improvement; patience remaining: 11/50
2025-10-01 14:41:04 - Epoch 42/500 | LR=0.009835 | w_P3=1.000 | w_AVO=2.888 | lambda_MMD=0.150
2025-10-01 14:41:04 - Epoch Summary: TrainLoss=1.4874 | TrainAcc=0.649 | Val(P3)=0.605 | Val(AVO)=0.640
2025-10-01 14:41:04 - No AVO-val improvement; patience remaining: 10/50
2025-10-01 14:41:04 - Epoch 43/500 | LR=0.009827 | w_P3=1.000 | w_AVO=2.888 | lambda_MMD=0.150
2025-10-01 14:41:04 - Epoch Summary: TrainLoss=1.3745 | TrainAcc=0.662 | Val(P3)=0.586 | Val(AVO)=0.700
2025-10-01 14:41:04 - No AVO-val improvement; patience remaining: 9/50
2025-10-01 14:41:04 - Epoch 44/500 | LR=0.009819 | w_P3=1.000 | w_AVO=2.888 | lambda_MMD=0.150
2025-10-01 14:41:04 - Epoch Summary: TrainLoss=1.3621 | TrainAcc=0.654 | Val(P3)=0.592 | Val(AVO)=0.700
2025-10-01 14:41:04 - No AVO-val improvement; patience remaining: 8/50
2025-10-01 14:41:04 - Epoch 45/500 | LR=0.009810 | w_P3=1.000 | w_AVO=2.888 | lambda_MMD=0.150
2025-10-01 14:41:04 - Epoch Summary: TrainLoss=1.3423 | TrainAcc=0.653 | Val(P3)=0.605 | Val(AVO)=0.640
2025-10-01 14:41:04 - No AVO-val improvement; patience remaining: 7/50
2025-10-01 14:41:04 - Epoch 46/500 | LR=0.009801 | w_P3=1.000 | w_AVO=2.888 | lambda_MMD=0.150
2025-10-01 14:41:04 - Epoch Summary: TrainLoss=1.3233 | TrainAcc=0.652 | Val(P3)=0.608 | Val(AVO)=0.740
2025-10-01 14:41:04 - No AVO-val improvement; patience remaining: 6/50
2025-10-01 14:41:04 - Epoch 47/500 | LR=0.009793 | w_P3=1.000 | w_AVO=2.888 | lambda_MMD=0.150
2025-10-01 14:41:04 - Epoch Summary: TrainLoss=1.3595 | TrainAcc=0.657 | Val(P3)=0.605 | Val(AVO)=0.680
2025-10-01 14:41:04 - No AVO-val improvement; patience remaining: 5/50
2025-10-01 14:41:04 - Epoch 48/500 | LR=0.009784 | w_P3=1.000 | w_AVO=2.888 | lambda_MMD=0.150
2025-10-01 14:41:04 - Epoch Summary: TrainLoss=1.3321 | TrainAcc=0.662 | Val(P3)=0.595 | Val(AVO)=0.640
2025-10-01 14:41:04 - No AVO-val improvement; patience remaining: 4/50
2025-10-01 14:41:04 - AVO val decreasing 3x. Reducing w_small to 2.310, lambda_MMD to 0.075
2025-10-01 14:41:04 - P3 val decreasing 3x. Reducing lambda_MMD to 0.052
2025-10-01 14:41:04 - Epoch 49/500 | LR=0.009774 | w_P3=1.000 | w_AVO=2.310 | lambda_MMD=0.052
2025-10-01 14:41:05 - Epoch Summary: TrainLoss=1.1503 | TrainAcc=0.645 | Val(P3)=0.599 | Val(AVO)=0.660
2025-10-01 14:41:05 - No AVO-val improvement; patience remaining: 3/50
2025-10-01 14:41:05 - Epoch 50/500 | LR=0.009765 | w_P3=1.000 | w_AVO=2.888 | lambda_MMD=0.150
2025-10-01 14:41:05 - Epoch Summary: TrainLoss=1.1923 | TrainAcc=0.663 | Val(P3)=0.612 | Val(AVO)=0.580
2025-10-01 14:41:05 - No AVO-val improvement; patience remaining: 2/50
2025-10-01 14:41:05 - Epoch 51/500 | LR=0.009755 | w_P3=1.000 | w_AVO=2.888 | lambda_MMD=0.150
2025-10-01 14:41:05 - Epoch Summary: TrainLoss=1.2803 | TrainAcc=0.663 | Val(P3)=0.599 | Val(AVO)=0.600
2025-10-01 14:41:05 - No AVO-val improvement; patience remaining: 1/50
2025-10-01 14:41:05 - Epoch 52/500 | LR=0.009745 | w_P3=1.000 | w_AVO=2.888 | lambda_MMD=0.150
2025-10-01 14:41:05 - Epoch Summary: TrainLoss=1.2376 | TrainAcc=0.667 | Val(P3)=0.608 | Val(AVO)=0.680
2025-10-01 14:41:05 - No AVO-val improvement; patience remaining: 0/50
2025-10-01 14:41:05 - Early stopping triggered (AVO-val)
2025-10-01 14:41:05 -     P3 Test | Acc=0.5582 P=0.5815 R=0.4151 F1=0.4844 AUC=0.6175 (n=636)
2025-10-01 14:41:05 -     AVO Test | Acc=0.7037 P=0.7222 R=0.6500 F1=0.6842 AUC=0.7415 (n=81)
2025-10-01 14:41:05 -     Overall Test Acc=0.5746
2025-10-01 14:41:05 - Repeat 3/5
2025-10-01 14:41:05 -   Fold 1/5
2025-10-01 14:41:05 - Fold domains: small=AVO (n=267), large=P3 (n=2244)
2025-10-01 14:41:05 - Auto adjustments (symmetric): w_small≈1.000, lambda_MMD_target=0.150, warmup_epochs=5
2025-10-01 14:41:05 - Epoch 1/500 | LR=0.010000 | w_P3=1.000 | w_AVO=1.380 | lambda_MMD=0.030
2025-10-01 14:41:05 - Epoch Summary: TrainLoss=1.7732 | TrainAcc=0.542 | Val(P3)=0.568 | Val(AVO)=0.725
2025-10-01 14:41:05 - New best AVO-val; checkpoint updated
2025-10-01 14:41:05 - Epoch 2/500 | LR=0.010000 | w_P3=1.000 | w_AVO=1.760 | lambda_MMD=0.060
2025-10-01 14:41:05 - Epoch Summary: TrainLoss=1.8166 | TrainAcc=0.589 | Val(P3)=0.614 | Val(AVO)=0.588
2025-10-01 14:41:05 - No AVO-val improvement; patience remaining: 49/50
2025-10-01 14:41:05 - Epoch 3/500 | LR=0.010000 | w_P3=1.000 | w_AVO=2.139 | lambda_MMD=0.090
2025-10-01 14:41:05 - Epoch Summary: TrainLoss=1.9890 | TrainAcc=0.616 | Val(P3)=0.584 | Val(AVO)=0.608
2025-10-01 14:41:05 - No AVO-val improvement; patience remaining: 48/50
2025-10-01 14:41:05 - Epoch 4/500 | LR=0.009999 | w_P3=1.000 | w_AVO=2.519 | lambda_MMD=0.120
2025-10-01 14:41:05 - Epoch Summary: TrainLoss=2.2562 | TrainAcc=0.609 | Val(P3)=0.594 | Val(AVO)=0.608
2025-10-01 14:41:05 - No AVO-val improvement; patience remaining: 47/50
2025-10-01 14:41:05 - Epoch 5/500 | LR=0.009998 | w_P3=1.000 | w_AVO=2.899 | lambda_MMD=0.150
2025-10-01 14:41:06 - Epoch Summary: TrainLoss=2.4579 | TrainAcc=0.610 | Val(P3)=0.610 | Val(AVO)=0.627
2025-10-01 14:41:06 - No AVO-val improvement; patience remaining: 46/50
2025-10-01 14:41:06 - Epoch 6/500 | LR=0.009998 | w_P3=1.000 | w_AVO=2.899 | lambda_MMD=0.150
2025-10-01 14:41:06 - Epoch Summary: TrainLoss=2.3772 | TrainAcc=0.617 | Val(P3)=0.597 | Val(AVO)=0.588
2025-10-01 14:41:06 - No AVO-val improvement; patience remaining: 45/50
2025-10-01 14:41:06 - Epoch 7/500 | LR=0.009996 | w_P3=1.000 | w_AVO=2.899 | lambda_MMD=0.150
2025-10-01 14:41:06 - Epoch Summary: TrainLoss=2.3980 | TrainAcc=0.622 | Val(P3)=0.565 | Val(AVO)=0.627
2025-10-01 14:41:06 - No AVO-val improvement; patience remaining: 44/50
2025-10-01 14:41:06 - P3 val decreasing 3x. Reducing lambda_MMD to 0.105
2025-10-01 14:41:06 - Epoch 8/500 | LR=0.009995 | w_P3=1.000 | w_AVO=2.899 | lambda_MMD=0.105
2025-10-01 14:41:06 - Epoch Summary: TrainLoss=2.2883 | TrainAcc=0.615 | Val(P3)=0.588 | Val(AVO)=0.608
2025-10-01 14:41:06 - No AVO-val improvement; patience remaining: 43/50
2025-10-01 14:41:06 - Epoch 9/500 | LR=0.009994 | w_P3=1.000 | w_AVO=2.899 | lambda_MMD=0.150
2025-10-01 14:41:06 - Epoch Summary: TrainLoss=2.2350 | TrainAcc=0.622 | Val(P3)=0.552 | Val(AVO)=0.706
2025-10-01 14:41:06 - No AVO-val improvement; patience remaining: 42/50
2025-10-01 14:41:06 - Epoch 10/500 | LR=0.009992 | w_P3=1.000 | w_AVO=2.899 | lambda_MMD=0.150
2025-10-01 14:41:06 - Epoch Summary: TrainLoss=2.2262 | TrainAcc=0.621 | Val(P3)=0.565 | Val(AVO)=0.667
2025-10-01 14:41:06 - No AVO-val improvement; patience remaining: 41/50
2025-10-01 14:41:06 - Epoch 11/500 | LR=0.009990 | w_P3=1.000 | w_AVO=2.899 | lambda_MMD=0.150
2025-10-01 14:41:06 - Epoch Summary: TrainLoss=2.2490 | TrainAcc=0.621 | Val(P3)=0.601 | Val(AVO)=0.588
2025-10-01 14:41:06 - No AVO-val improvement; patience remaining: 40/50
2025-10-01 14:41:06 - AVO val decreasing 3x. Reducing w_small to 2.319, lambda_MMD to 0.075
2025-10-01 14:41:06 - Epoch 12/500 | LR=0.009988 | w_P3=1.000 | w_AVO=2.319 | lambda_MMD=0.075
2025-10-01 14:41:06 - Epoch Summary: TrainLoss=1.9174 | TrainAcc=0.627 | Val(P3)=0.565 | Val(AVO)=0.667
2025-10-01 14:41:06 - No AVO-val improvement; patience remaining: 39/50
2025-10-01 14:41:06 - Epoch 13/500 | LR=0.009986 | w_P3=1.000 | w_AVO=2.899 | lambda_MMD=0.150
2025-10-01 14:41:07 - Epoch Summary: TrainLoss=2.1399 | TrainAcc=0.625 | Val(P3)=0.539 | Val(AVO)=0.627
2025-10-01 14:41:07 - No AVO-val improvement; patience remaining: 38/50
2025-10-01 14:41:07 - P3 val decreasing 3x. Reducing lambda_MMD to 0.105
2025-10-01 14:41:07 - Epoch 14/500 | LR=0.009983 | w_P3=1.000 | w_AVO=2.899 | lambda_MMD=0.105
2025-10-01 14:41:07 - Epoch Summary: TrainLoss=2.1431 | TrainAcc=0.627 | Val(P3)=0.568 | Val(AVO)=0.608
2025-10-01 14:41:07 - No AVO-val improvement; patience remaining: 37/50
2025-10-01 14:41:07 - AVO val decreasing 3x. Reducing w_small to 2.319, lambda_MMD to 0.075
2025-10-01 14:41:07 - Epoch 15/500 | LR=0.009981 | w_P3=1.000 | w_AVO=2.319 | lambda_MMD=0.075
2025-10-01 14:41:07 - Epoch Summary: TrainLoss=1.8697 | TrainAcc=0.627 | Val(P3)=0.575 | Val(AVO)=0.588
2025-10-01 14:41:07 - No AVO-val improvement; patience remaining: 36/50
2025-10-01 14:41:07 - AVO val decreasing 3x. Reducing w_small to 2.319, lambda_MMD to 0.075
2025-10-01 14:41:07 - Epoch 16/500 | LR=0.009978 | w_P3=1.000 | w_AVO=2.319 | lambda_MMD=0.075
2025-10-01 14:41:07 - Epoch Summary: TrainLoss=1.8393 | TrainAcc=0.617 | Val(P3)=0.562 | Val(AVO)=0.588
2025-10-01 14:41:07 - No AVO-val improvement; patience remaining: 35/50
2025-10-01 14:41:07 - Epoch 17/500 | LR=0.009975 | w_P3=1.000 | w_AVO=2.899 | lambda_MMD=0.150
2025-10-01 14:41:07 - Epoch Summary: TrainLoss=2.0462 | TrainAcc=0.631 | Val(P3)=0.562 | Val(AVO)=0.588
2025-10-01 14:41:07 - No AVO-val improvement; patience remaining: 34/50
2025-10-01 14:41:07 - Epoch 18/500 | LR=0.009972 | w_P3=1.000 | w_AVO=2.899 | lambda_MMD=0.150
2025-10-01 14:41:07 - Epoch Summary: TrainLoss=2.2095 | TrainAcc=0.624 | Val(P3)=0.591 | Val(AVO)=0.588
2025-10-01 14:41:07 - No AVO-val improvement; patience remaining: 33/50
2025-10-01 14:41:07 - Epoch 19/500 | LR=0.009968 | w_P3=1.000 | w_AVO=2.899 | lambda_MMD=0.150
2025-10-01 14:41:07 - Epoch Summary: TrainLoss=2.1664 | TrainAcc=0.619 | Val(P3)=0.601 | Val(AVO)=0.686
2025-10-01 14:41:07 - No AVO-val improvement; patience remaining: 32/50
2025-10-01 14:41:07 - Epoch 20/500 | LR=0.009964 | w_P3=1.000 | w_AVO=2.899 | lambda_MMD=0.150
2025-10-01 14:41:08 - Epoch Summary: TrainLoss=2.0534 | TrainAcc=0.635 | Val(P3)=0.568 | Val(AVO)=0.667
2025-10-01 14:41:08 - No AVO-val improvement; patience remaining: 31/50
2025-10-01 14:41:08 - Epoch 21/500 | LR=0.009961 | w_P3=1.000 | w_AVO=2.899 | lambda_MMD=0.150
2025-10-01 14:41:08 - Epoch Summary: TrainLoss=2.0297 | TrainAcc=0.635 | Val(P3)=0.571 | Val(AVO)=0.608
2025-10-01 14:41:08 - No AVO-val improvement; patience remaining: 30/50
2025-10-01 14:41:08 - AVO val decreasing 3x. Reducing w_small to 2.319, lambda_MMD to 0.075
2025-10-01 14:41:08 - Epoch 22/500 | LR=0.009957 | w_P3=1.000 | w_AVO=2.319 | lambda_MMD=0.075
2025-10-01 14:41:08 - Epoch Summary: TrainLoss=1.7245 | TrainAcc=0.642 | Val(P3)=0.578 | Val(AVO)=0.627
2025-10-01 14:41:08 - No AVO-val improvement; patience remaining: 29/50
2025-10-01 14:41:08 - Epoch 23/500 | LR=0.009952 | w_P3=1.000 | w_AVO=2.899 | lambda_MMD=0.150
2025-10-01 14:41:08 - Epoch Summary: TrainLoss=1.9425 | TrainAcc=0.632 | Val(P3)=0.591 | Val(AVO)=0.647
2025-10-01 14:41:08 - No AVO-val improvement; patience remaining: 28/50
2025-10-01 14:41:08 - Epoch 24/500 | LR=0.009948 | w_P3=1.000 | w_AVO=2.899 | lambda_MMD=0.150
2025-10-01 14:41:08 - Epoch Summary: TrainLoss=1.9421 | TrainAcc=0.641 | Val(P3)=0.597 | Val(AVO)=0.608
2025-10-01 14:41:08 - No AVO-val improvement; patience remaining: 27/50
2025-10-01 14:41:08 - Epoch 25/500 | LR=0.009943 | w_P3=1.000 | w_AVO=2.899 | lambda_MMD=0.150
2025-10-01 14:41:08 - Epoch Summary: TrainLoss=1.9194 | TrainAcc=0.630 | Val(P3)=0.565 | Val(AVO)=0.647
2025-10-01 14:41:08 - No AVO-val improvement; patience remaining: 26/50
2025-10-01 14:41:08 - Epoch 26/500 | LR=0.009938 | w_P3=1.000 | w_AVO=2.899 | lambda_MMD=0.150
2025-10-01 14:41:08 - Epoch Summary: TrainLoss=1.8054 | TrainAcc=0.647 | Val(P3)=0.581 | Val(AVO)=0.686
2025-10-01 14:41:08 - No AVO-val improvement; patience remaining: 25/50
2025-10-01 14:41:08 - Epoch 27/500 | LR=0.009933 | w_P3=1.000 | w_AVO=2.899 | lambda_MMD=0.150
2025-10-01 14:41:09 - Epoch Summary: TrainLoss=1.7900 | TrainAcc=0.646 | Val(P3)=0.552 | Val(AVO)=0.686
2025-10-01 14:41:09 - No AVO-val improvement; patience remaining: 24/50
2025-10-01 14:41:09 - Epoch 28/500 | LR=0.009928 | w_P3=1.000 | w_AVO=2.899 | lambda_MMD=0.150
2025-10-01 14:41:09 - Epoch Summary: TrainLoss=1.8699 | TrainAcc=0.640 | Val(P3)=0.594 | Val(AVO)=0.627
2025-10-01 14:41:09 - No AVO-val improvement; patience remaining: 23/50
2025-10-01 14:41:09 - Epoch 29/500 | LR=0.009923 | w_P3=1.000 | w_AVO=2.899 | lambda_MMD=0.150
2025-10-01 14:41:09 - Epoch Summary: TrainLoss=1.8726 | TrainAcc=0.637 | Val(P3)=0.568 | Val(AVO)=0.647
2025-10-01 14:41:09 - No AVO-val improvement; patience remaining: 22/50
2025-10-01 14:41:09 - Epoch 30/500 | LR=0.009917 | w_P3=1.000 | w_AVO=2.899 | lambda_MMD=0.150
2025-10-01 14:41:09 - Epoch Summary: TrainLoss=1.7949 | TrainAcc=0.648 | Val(P3)=0.581 | Val(AVO)=0.588
2025-10-01 14:41:09 - No AVO-val improvement; patience remaining: 21/50
2025-10-01 14:41:09 - Epoch 31/500 | LR=0.009911 | w_P3=1.000 | w_AVO=2.899 | lambda_MMD=0.150
2025-10-01 14:41:09 - Epoch Summary: TrainLoss=1.7557 | TrainAcc=0.642 | Val(P3)=0.568 | Val(AVO)=0.647
2025-10-01 14:41:09 - No AVO-val improvement; patience remaining: 20/50
2025-10-01 14:41:09 - Epoch 32/500 | LR=0.009905 | w_P3=1.000 | w_AVO=2.899 | lambda_MMD=0.150
2025-10-01 14:41:09 - Epoch Summary: TrainLoss=1.7737 | TrainAcc=0.646 | Val(P3)=0.620 | Val(AVO)=0.627
2025-10-01 14:41:09 - No AVO-val improvement; patience remaining: 19/50
2025-10-01 14:41:09 - Epoch 33/500 | LR=0.009899 | w_P3=1.000 | w_AVO=2.899 | lambda_MMD=0.150
2025-10-01 14:41:09 - Epoch Summary: TrainLoss=1.6724 | TrainAcc=0.653 | Val(P3)=0.584 | Val(AVO)=0.529
2025-10-01 14:41:09 - No AVO-val improvement; patience remaining: 18/50
2025-10-01 14:41:09 - AVO val decreasing 3x. Reducing w_small to 2.319, lambda_MMD to 0.075
2025-10-01 14:41:09 - Epoch 34/500 | LR=0.009893 | w_P3=1.000 | w_AVO=2.319 | lambda_MMD=0.075
2025-10-01 14:41:10 - Epoch Summary: TrainLoss=1.5571 | TrainAcc=0.636 | Val(P3)=0.597 | Val(AVO)=0.725
2025-10-01 14:41:10 - No AVO-val improvement; patience remaining: 17/50
2025-10-01 14:41:10 - Epoch 35/500 | LR=0.009886 | w_P3=1.000 | w_AVO=2.899 | lambda_MMD=0.150
2025-10-01 14:41:10 - Epoch Summary: TrainLoss=1.6379 | TrainAcc=0.643 | Val(P3)=0.601 | Val(AVO)=0.706
2025-10-01 14:41:10 - No AVO-val improvement; patience remaining: 16/50
2025-10-01 14:41:10 - Epoch 36/500 | LR=0.009880 | w_P3=1.000 | w_AVO=2.899 | lambda_MMD=0.150
2025-10-01 14:41:10 - Epoch Summary: TrainLoss=1.6312 | TrainAcc=0.644 | Val(P3)=0.578 | Val(AVO)=0.706
2025-10-01 14:41:10 - No AVO-val improvement; patience remaining: 15/50
2025-10-01 14:41:10 - Epoch 37/500 | LR=0.009873 | w_P3=1.000 | w_AVO=2.899 | lambda_MMD=0.150
2025-10-01 14:41:10 - Epoch Summary: TrainLoss=1.5922 | TrainAcc=0.655 | Val(P3)=0.571 | Val(AVO)=0.686
2025-10-01 14:41:10 - No AVO-val improvement; patience remaining: 14/50
2025-10-01 14:41:10 - P3 val decreasing 3x. Reducing lambda_MMD to 0.105
2025-10-01 14:41:10 - Epoch 38/500 | LR=0.009865 | w_P3=1.000 | w_AVO=2.899 | lambda_MMD=0.105
2025-10-01 14:41:10 - Epoch Summary: TrainLoss=1.5632 | TrainAcc=0.652 | Val(P3)=0.581 | Val(AVO)=0.647
2025-10-01 14:41:10 - No AVO-val improvement; patience remaining: 13/50
2025-10-01 14:41:10 - AVO val decreasing 3x. Reducing w_small to 2.319, lambda_MMD to 0.075
2025-10-01 14:41:10 - Epoch 39/500 | LR=0.009858 | w_P3=1.000 | w_AVO=2.319 | lambda_MMD=0.075
2025-10-01 14:41:10 - Epoch Summary: TrainLoss=1.3797 | TrainAcc=0.641 | Val(P3)=0.604 | Val(AVO)=0.647
2025-10-01 14:41:10 - No AVO-val improvement; patience remaining: 12/50
2025-10-01 14:41:10 - Epoch 40/500 | LR=0.009851 | w_P3=1.000 | w_AVO=2.899 | lambda_MMD=0.150
2025-10-01 14:41:10 - Epoch Summary: TrainLoss=1.5404 | TrainAcc=0.660 | Val(P3)=0.578 | Val(AVO)=0.686
2025-10-01 14:41:10 - No AVO-val improvement; patience remaining: 11/50
2025-10-01 14:41:10 - Epoch 41/500 | LR=0.009843 | w_P3=1.000 | w_AVO=2.899 | lambda_MMD=0.150
2025-10-01 14:41:10 - Epoch Summary: TrainLoss=1.5788 | TrainAcc=0.651 | Val(P3)=0.578 | Val(AVO)=0.667
2025-10-01 14:41:10 - No AVO-val improvement; patience remaining: 10/50
2025-10-01 14:41:10 - Epoch 42/500 | LR=0.009835 | w_P3=1.000 | w_AVO=2.899 | lambda_MMD=0.150
2025-10-01 14:41:11 - Epoch Summary: TrainLoss=1.4849 | TrainAcc=0.646 | Val(P3)=0.591 | Val(AVO)=0.647
2025-10-01 14:41:11 - No AVO-val improvement; patience remaining: 9/50
2025-10-01 14:41:11 - AVO val decreasing 3x. Reducing w_small to 2.319, lambda_MMD to 0.075
2025-10-01 14:41:11 - Epoch 43/500 | LR=0.009827 | w_P3=1.000 | w_AVO=2.319 | lambda_MMD=0.075
2025-10-01 14:41:11 - Epoch Summary: TrainLoss=1.3061 | TrainAcc=0.655 | Val(P3)=0.575 | Val(AVO)=0.667
2025-10-01 14:41:11 - No AVO-val improvement; patience remaining: 8/50
2025-10-01 14:41:11 - Epoch 44/500 | LR=0.009819 | w_P3=1.000 | w_AVO=2.899 | lambda_MMD=0.150
2025-10-01 14:41:11 - Epoch Summary: TrainLoss=1.4035 | TrainAcc=0.655 | Val(P3)=0.562 | Val(AVO)=0.608
2025-10-01 14:41:11 - No AVO-val improvement; patience remaining: 7/50
2025-10-01 14:41:11 - P3 val decreasing 3x. Reducing lambda_MMD to 0.105
2025-10-01 14:41:11 - Epoch 45/500 | LR=0.009810 | w_P3=1.000 | w_AVO=2.899 | lambda_MMD=0.105
2025-10-01 14:41:11 - Epoch Summary: TrainLoss=1.4800 | TrainAcc=0.658 | Val(P3)=0.562 | Val(AVO)=0.627
2025-10-01 14:41:11 - No AVO-val improvement; patience remaining: 6/50
2025-10-01 14:41:11 - Epoch 46/500 | LR=0.009801 | w_P3=1.000 | w_AVO=2.899 | lambda_MMD=0.150
2025-10-01 14:41:11 - Epoch Summary: TrainLoss=1.4599 | TrainAcc=0.655 | Val(P3)=0.601 | Val(AVO)=0.667
2025-10-01 14:41:11 - No AVO-val improvement; patience remaining: 5/50
2025-10-01 14:41:11 - Epoch 47/500 | LR=0.009793 | w_P3=1.000 | w_AVO=2.899 | lambda_MMD=0.150
2025-10-01 14:41:11 - Epoch Summary: TrainLoss=1.3712 | TrainAcc=0.661 | Val(P3)=0.575 | Val(AVO)=0.608
2025-10-01 14:41:11 - No AVO-val improvement; patience remaining: 4/50
2025-10-01 14:41:11 - Epoch 48/500 | LR=0.009784 | w_P3=1.000 | w_AVO=2.899 | lambda_MMD=0.150
2025-10-01 14:41:11 - Epoch Summary: TrainLoss=1.3384 | TrainAcc=0.648 | Val(P3)=0.571 | Val(AVO)=0.647
2025-10-01 14:41:11 - No AVO-val improvement; patience remaining: 3/50
2025-10-01 14:41:11 - P3 val decreasing 3x. Reducing lambda_MMD to 0.105
2025-10-01 14:41:11 - Epoch 49/500 | LR=0.009774 | w_P3=1.000 | w_AVO=2.899 | lambda_MMD=0.105
2025-10-01 14:41:11 - Epoch Summary: TrainLoss=1.3939 | TrainAcc=0.643 | Val(P3)=0.571 | Val(AVO)=0.667
2025-10-01 14:41:11 - No AVO-val improvement; patience remaining: 2/50
2025-10-01 14:41:11 - Epoch 50/500 | LR=0.009765 | w_P3=1.000 | w_AVO=2.899 | lambda_MMD=0.150
2025-10-01 14:41:12 - Epoch Summary: TrainLoss=1.3575 | TrainAcc=0.661 | Val(P3)=0.575 | Val(AVO)=0.706
2025-10-01 14:41:12 - No AVO-val improvement; patience remaining: 1/50
2025-10-01 14:41:12 - Epoch 51/500 | LR=0.009755 | w_P3=1.000 | w_AVO=2.899 | lambda_MMD=0.150
2025-10-01 14:41:12 - Epoch Summary: TrainLoss=1.2653 | TrainAcc=0.659 | Val(P3)=0.558 | Val(AVO)=0.647
2025-10-01 14:41:12 - No AVO-val improvement; patience remaining: 0/50
2025-10-01 14:41:12 - Early stopping triggered (AVO-val)
2025-10-01 14:41:12 -     P3 Test | Acc=0.5912 P=0.7113 R=0.3156 F1=0.4372 AUC=0.6594 (n=636)
2025-10-01 14:41:12 -     AVO Test | Acc=0.5488 P=0.5455 R=0.3077 F1=0.3934 AUC=0.6398 (n=82)
2025-10-01 14:41:12 -     Overall Test Acc=0.5864
2025-10-01 14:41:12 -   Fold 2/5
2025-10-01 14:41:12 - Fold domains: small=AVO (n=265), large=P3 (n=2246)
2025-10-01 14:41:12 - Auto adjustments (symmetric): w_small≈1.000, lambda_MMD_target=0.150, warmup_epochs=5
2025-10-01 14:41:12 - Epoch 1/500 | LR=0.010000 | w_P3=1.000 | w_AVO=1.382 | lambda_MMD=0.030
2025-10-01 14:41:12 - Epoch Summary: TrainLoss=1.7308 | TrainAcc=0.537 | Val(P3)=0.571 | Val(AVO)=0.592
2025-10-01 14:41:12 - New best AVO-val; checkpoint updated
2025-10-01 14:41:12 - Epoch 2/500 | LR=0.010000 | w_P3=1.000 | w_AVO=1.765 | lambda_MMD=0.060
2025-10-01 14:41:12 - Epoch Summary: TrainLoss=1.8178 | TrainAcc=0.607 | Val(P3)=0.603 | Val(AVO)=0.551
2025-10-01 14:41:12 - No AVO-val improvement; patience remaining: 49/50
2025-10-01 14:41:12 - Epoch 3/500 | LR=0.010000 | w_P3=1.000 | w_AVO=2.147 | lambda_MMD=0.090
2025-10-01 14:41:12 - Epoch Summary: TrainLoss=1.9921 | TrainAcc=0.598 | Val(P3)=0.571 | Val(AVO)=0.571
2025-10-01 14:41:12 - No AVO-val improvement; patience remaining: 48/50
2025-10-01 14:41:12 - Epoch 4/500 | LR=0.009999 | w_P3=1.000 | w_AVO=2.529 | lambda_MMD=0.120
2025-10-01 14:41:12 - Epoch Summary: TrainLoss=2.1960 | TrainAcc=0.595 | Val(P3)=0.571 | Val(AVO)=0.571
2025-10-01 14:41:12 - No AVO-val improvement; patience remaining: 47/50
2025-10-01 14:41:12 - Epoch 5/500 | LR=0.009998 | w_P3=1.000 | w_AVO=2.911 | lambda_MMD=0.150
2025-10-01 14:41:13 - Epoch Summary: TrainLoss=2.4438 | TrainAcc=0.608 | Val(P3)=0.539 | Val(AVO)=0.653
2025-10-01 14:41:13 - New best AVO-val; checkpoint updated
2025-10-01 14:41:13 - Epoch 6/500 | LR=0.009998 | w_P3=1.000 | w_AVO=2.911 | lambda_MMD=0.150
2025-10-01 14:41:13 - Epoch Summary: TrainLoss=2.3995 | TrainAcc=0.608 | Val(P3)=0.558 | Val(AVO)=0.612
2025-10-01 14:41:13 - No AVO-val improvement; patience remaining: 49/50
2025-10-01 14:41:13 - Epoch 7/500 | LR=0.009996 | w_P3=1.000 | w_AVO=2.911 | lambda_MMD=0.150
2025-10-01 14:41:13 - Epoch Summary: TrainLoss=2.4115 | TrainAcc=0.583 | Val(P3)=0.548 | Val(AVO)=0.490
2025-10-01 14:41:13 - No AVO-val improvement; patience remaining: 48/50
2025-10-01 14:41:13 - AVO val decreasing 3x. Reducing w_small to 2.329, lambda_MMD to 0.075
2025-10-01 14:41:13 - Epoch 8/500 | LR=0.009995 | w_P3=1.000 | w_AVO=2.329 | lambda_MMD=0.075
2025-10-01 14:41:13 - Epoch Summary: TrainLoss=2.0121 | TrainAcc=0.606 | Val(P3)=0.571 | Val(AVO)=0.571
2025-10-01 14:41:13 - No AVO-val improvement; patience remaining: 47/50
2025-10-01 14:41:13 - Epoch 9/500 | LR=0.009994 | w_P3=1.000 | w_AVO=2.911 | lambda_MMD=0.150
2025-10-01 14:41:13 - Epoch Summary: TrainLoss=2.3503 | TrainAcc=0.618 | Val(P3)=0.565 | Val(AVO)=0.633
2025-10-01 14:41:13 - No AVO-val improvement; patience remaining: 46/50
2025-10-01 14:41:13 - Epoch 10/500 | LR=0.009992 | w_P3=1.000 | w_AVO=2.911 | lambda_MMD=0.150
2025-10-01 14:41:13 - Epoch Summary: TrainLoss=2.2535 | TrainAcc=0.611 | Val(P3)=0.590 | Val(AVO)=0.612
2025-10-01 14:41:13 - No AVO-val improvement; patience remaining: 45/50
2025-10-01 14:41:13 - Epoch 11/500 | LR=0.009990 | w_P3=1.000 | w_AVO=2.911 | lambda_MMD=0.150
2025-10-01 14:41:13 - Epoch Summary: TrainLoss=2.2621 | TrainAcc=0.628 | Val(P3)=0.565 | Val(AVO)=0.653
2025-10-01 14:41:13 - No AVO-val improvement; patience remaining: 44/50
2025-10-01 14:41:13 - Epoch 12/500 | LR=0.009988 | w_P3=1.000 | w_AVO=2.911 | lambda_MMD=0.150
2025-10-01 14:41:13 - Epoch Summary: TrainLoss=2.2979 | TrainAcc=0.627 | Val(P3)=0.587 | Val(AVO)=0.694
2025-10-01 14:41:13 - New best AVO-val; checkpoint updated
2025-10-01 14:41:13 - Epoch 13/500 | LR=0.009986 | w_P3=1.000 | w_AVO=2.911 | lambda_MMD=0.150
2025-10-01 14:41:14 - Epoch Summary: TrainLoss=2.2048 | TrainAcc=0.615 | Val(P3)=0.558 | Val(AVO)=0.571
2025-10-01 14:41:14 - No AVO-val improvement; patience remaining: 49/50
2025-10-01 14:41:14 - Epoch 14/500 | LR=0.009983 | w_P3=1.000 | w_AVO=2.911 | lambda_MMD=0.150
2025-10-01 14:41:14 - Epoch Summary: TrainLoss=2.0783 | TrainAcc=0.627 | Val(P3)=0.561 | Val(AVO)=0.592
2025-10-01 14:41:14 - No AVO-val improvement; patience remaining: 48/50
2025-10-01 14:41:14 - Epoch 15/500 | LR=0.009981 | w_P3=1.000 | w_AVO=2.911 | lambda_MMD=0.150
2025-10-01 14:41:14 - Epoch Summary: TrainLoss=2.1183 | TrainAcc=0.630 | Val(P3)=0.587 | Val(AVO)=0.673
2025-10-01 14:41:14 - No AVO-val improvement; patience remaining: 47/50
2025-10-01 14:41:14 - Epoch 16/500 | LR=0.009978 | w_P3=1.000 | w_AVO=2.911 | lambda_MMD=0.150
2025-10-01 14:41:14 - Epoch Summary: TrainLoss=2.2107 | TrainAcc=0.629 | Val(P3)=0.594 | Val(AVO)=0.633
2025-10-01 14:41:14 - No AVO-val improvement; patience remaining: 46/50
2025-10-01 14:41:14 - Epoch 17/500 | LR=0.009975 | w_P3=1.000 | w_AVO=2.911 | lambda_MMD=0.150
2025-10-01 14:41:14 - Epoch Summary: TrainLoss=2.0439 | TrainAcc=0.631 | Val(P3)=0.584 | Val(AVO)=0.673
2025-10-01 14:41:14 - No AVO-val improvement; patience remaining: 45/50
2025-10-01 14:41:14 - Epoch 18/500 | LR=0.009972 | w_P3=1.000 | w_AVO=2.911 | lambda_MMD=0.150
2025-10-01 14:41:14 - Epoch Summary: TrainLoss=1.9681 | TrainAcc=0.625 | Val(P3)=0.587 | Val(AVO)=0.633
2025-10-01 14:41:14 - No AVO-val improvement; patience remaining: 44/50
2025-10-01 14:41:14 - Epoch 19/500 | LR=0.009968 | w_P3=1.000 | w_AVO=2.911 | lambda_MMD=0.150
2025-10-01 14:41:14 - Epoch Summary: TrainLoss=2.0052 | TrainAcc=0.628 | Val(P3)=0.577 | Val(AVO)=0.551
2025-10-01 14:41:14 - No AVO-val improvement; patience remaining: 43/50
2025-10-01 14:41:14 - AVO val decreasing 3x. Reducing w_small to 2.329, lambda_MMD to 0.075
2025-10-01 14:41:14 - Epoch 20/500 | LR=0.009964 | w_P3=1.000 | w_AVO=2.329 | lambda_MMD=0.075
2025-10-01 14:41:14 - Epoch Summary: TrainLoss=1.7471 | TrainAcc=0.634 | Val(P3)=0.577 | Val(AVO)=0.673
2025-10-01 14:41:14 - No AVO-val improvement; patience remaining: 42/50
2025-10-01 14:41:14 - Epoch 21/500 | LR=0.009961 | w_P3=1.000 | w_AVO=2.911 | lambda_MMD=0.150
2025-10-01 14:41:15 - Epoch Summary: TrainLoss=1.9541 | TrainAcc=0.646 | Val(P3)=0.571 | Val(AVO)=0.653
2025-10-01 14:41:15 - No AVO-val improvement; patience remaining: 41/50
2025-10-01 14:41:15 - Epoch 22/500 | LR=0.009957 | w_P3=1.000 | w_AVO=2.911 | lambda_MMD=0.150
2025-10-01 14:41:15 - Epoch Summary: TrainLoss=1.9440 | TrainAcc=0.634 | Val(P3)=0.581 | Val(AVO)=0.653
2025-10-01 14:41:15 - No AVO-val improvement; patience remaining: 40/50
2025-10-01 14:41:15 - Epoch 23/500 | LR=0.009952 | w_P3=1.000 | w_AVO=2.911 | lambda_MMD=0.150
2025-10-01 14:41:15 - Epoch Summary: TrainLoss=1.9711 | TrainAcc=0.642 | Val(P3)=0.532 | Val(AVO)=0.551
2025-10-01 14:41:15 - No AVO-val improvement; patience remaining: 39/50
2025-10-01 14:41:15 - Epoch 24/500 | LR=0.009948 | w_P3=1.000 | w_AVO=2.911 | lambda_MMD=0.150
2025-10-01 14:41:15 - Epoch Summary: TrainLoss=1.9515 | TrainAcc=0.657 | Val(P3)=0.577 | Val(AVO)=0.612
2025-10-01 14:41:15 - No AVO-val improvement; patience remaining: 38/50
2025-10-01 14:41:15 - Epoch 25/500 | LR=0.009943 | w_P3=1.000 | w_AVO=2.911 | lambda_MMD=0.150
2025-10-01 14:41:15 - Epoch Summary: TrainLoss=1.9031 | TrainAcc=0.632 | Val(P3)=0.571 | Val(AVO)=0.653
2025-10-01 14:41:15 - No AVO-val improvement; patience remaining: 37/50
2025-10-01 14:41:15 - Epoch 26/500 | LR=0.009938 | w_P3=1.000 | w_AVO=2.911 | lambda_MMD=0.150
2025-10-01 14:41:15 - Epoch Summary: TrainLoss=1.8162 | TrainAcc=0.639 | Val(P3)=0.600 | Val(AVO)=0.633
2025-10-01 14:41:15 - No AVO-val improvement; patience remaining: 36/50
2025-10-01 14:41:15 - Epoch 27/500 | LR=0.009933 | w_P3=1.000 | w_AVO=2.911 | lambda_MMD=0.150
2025-10-01 14:41:15 - Epoch Summary: TrainLoss=1.9271 | TrainAcc=0.626 | Val(P3)=0.539 | Val(AVO)=0.592
2025-10-01 14:41:15 - No AVO-val improvement; patience remaining: 35/50
2025-10-01 14:41:15 - AVO val decreasing 3x. Reducing w_small to 2.329, lambda_MMD to 0.075
2025-10-01 14:41:15 - Epoch 28/500 | LR=0.009928 | w_P3=1.000 | w_AVO=2.329 | lambda_MMD=0.075
2025-10-01 14:41:15 - Epoch Summary: TrainLoss=1.5671 | TrainAcc=0.650 | Val(P3)=0.555 | Val(AVO)=0.673
2025-10-01 14:41:15 - No AVO-val improvement; patience remaining: 34/50
2025-10-01 14:41:15 - Epoch 29/500 | LR=0.009923 | w_P3=1.000 | w_AVO=2.911 | lambda_MMD=0.150
2025-10-01 14:41:16 - Epoch Summary: TrainLoss=1.6948 | TrainAcc=0.644 | Val(P3)=0.584 | Val(AVO)=0.653
2025-10-01 14:41:16 - No AVO-val improvement; patience remaining: 33/50
2025-10-01 14:41:16 - Epoch 30/500 | LR=0.009917 | w_P3=1.000 | w_AVO=2.911 | lambda_MMD=0.150
2025-10-01 14:41:16 - Epoch Summary: TrainLoss=1.8142 | TrainAcc=0.644 | Val(P3)=0.587 | Val(AVO)=0.551
2025-10-01 14:41:16 - No AVO-val improvement; patience remaining: 32/50
2025-10-01 14:41:16 - AVO val decreasing 3x. Reducing w_small to 2.329, lambda_MMD to 0.075
2025-10-01 14:41:16 - Epoch 31/500 | LR=0.009911 | w_P3=1.000 | w_AVO=2.329 | lambda_MMD=0.075
2025-10-01 14:41:16 - Epoch Summary: TrainLoss=1.5826 | TrainAcc=0.639 | Val(P3)=0.535 | Val(AVO)=0.531
2025-10-01 14:41:16 - No AVO-val improvement; patience remaining: 31/50
2025-10-01 14:41:16 - AVO val decreasing 3x. Reducing w_small to 2.329, lambda_MMD to 0.075
2025-10-01 14:41:16 - Epoch 32/500 | LR=0.009905 | w_P3=1.000 | w_AVO=2.329 | lambda_MMD=0.075
2025-10-01 14:41:16 - Epoch Summary: TrainLoss=1.5070 | TrainAcc=0.642 | Val(P3)=0.539 | Val(AVO)=0.531
2025-10-01 14:41:16 - No AVO-val improvement; patience remaining: 30/50
2025-10-01 14:41:16 - Epoch 33/500 | LR=0.009899 | w_P3=1.000 | w_AVO=2.911 | lambda_MMD=0.150
2025-10-01 14:41:16 - Epoch Summary: TrainLoss=1.7980 | TrainAcc=0.644 | Val(P3)=0.545 | Val(AVO)=0.571
2025-10-01 14:41:16 - No AVO-val improvement; patience remaining: 29/50
2025-10-01 14:41:16 - Epoch 34/500 | LR=0.009893 | w_P3=1.000 | w_AVO=2.911 | lambda_MMD=0.150
2025-10-01 14:41:16 - Epoch Summary: TrainLoss=1.6501 | TrainAcc=0.646 | Val(P3)=0.574 | Val(AVO)=0.653
2025-10-01 14:41:16 - No AVO-val improvement; patience remaining: 28/50
2025-10-01 14:41:16 - Epoch 35/500 | LR=0.009886 | w_P3=1.000 | w_AVO=2.911 | lambda_MMD=0.150
2025-10-01 14:41:16 - Epoch Summary: TrainLoss=1.6707 | TrainAcc=0.642 | Val(P3)=0.555 | Val(AVO)=0.673
2025-10-01 14:41:16 - No AVO-val improvement; patience remaining: 27/50
2025-10-01 14:41:16 - Epoch 36/500 | LR=0.009880 | w_P3=1.000 | w_AVO=2.911 | lambda_MMD=0.150
2025-10-01 14:41:17 - Epoch Summary: TrainLoss=1.6880 | TrainAcc=0.642 | Val(P3)=0.548 | Val(AVO)=0.571
2025-10-01 14:41:17 - No AVO-val improvement; patience remaining: 26/50
2025-10-01 14:41:17 - P3 val decreasing 3x. Reducing lambda_MMD to 0.105
2025-10-01 14:41:17 - Epoch 37/500 | LR=0.009873 | w_P3=1.000 | w_AVO=2.911 | lambda_MMD=0.105
2025-10-01 14:41:17 - Epoch Summary: TrainLoss=1.6452 | TrainAcc=0.646 | Val(P3)=0.565 | Val(AVO)=0.653
2025-10-01 14:41:17 - No AVO-val improvement; patience remaining: 25/50
2025-10-01 14:41:17 - Epoch 38/500 | LR=0.009865 | w_P3=1.000 | w_AVO=2.911 | lambda_MMD=0.150
2025-10-01 14:41:17 - Epoch Summary: TrainLoss=1.6441 | TrainAcc=0.647 | Val(P3)=0.545 | Val(AVO)=0.633
2025-10-01 14:41:17 - No AVO-val improvement; patience remaining: 24/50
2025-10-01 14:41:17 - Epoch 39/500 | LR=0.009858 | w_P3=1.000 | w_AVO=2.911 | lambda_MMD=0.150
2025-10-01 14:41:17 - Epoch Summary: TrainLoss=1.5586 | TrainAcc=0.641 | Val(P3)=0.555 | Val(AVO)=0.653
2025-10-01 14:41:17 - No AVO-val improvement; patience remaining: 23/50
2025-10-01 14:41:17 - Epoch 40/500 | LR=0.009851 | w_P3=1.000 | w_AVO=2.911 | lambda_MMD=0.150
2025-10-01 14:41:17 - Epoch Summary: TrainLoss=1.4808 | TrainAcc=0.651 | Val(P3)=0.568 | Val(AVO)=0.612
2025-10-01 14:41:17 - No AVO-val improvement; patience remaining: 22/50
2025-10-01 14:41:17 - Epoch 41/500 | LR=0.009843 | w_P3=1.000 | w_AVO=2.911 | lambda_MMD=0.150
2025-10-01 14:41:17 - Epoch Summary: TrainLoss=1.4969 | TrainAcc=0.655 | Val(P3)=0.584 | Val(AVO)=0.653
2025-10-01 14:41:17 - No AVO-val improvement; patience remaining: 21/50
2025-10-01 14:41:17 - Epoch 42/500 | LR=0.009835 | w_P3=1.000 | w_AVO=2.911 | lambda_MMD=0.150
2025-10-01 14:41:17 - Epoch Summary: TrainLoss=1.5614 | TrainAcc=0.642 | Val(P3)=0.568 | Val(AVO)=0.633
2025-10-01 14:41:17 - No AVO-val improvement; patience remaining: 20/50
2025-10-01 14:41:17 - Epoch 43/500 | LR=0.009827 | w_P3=1.000 | w_AVO=2.911 | lambda_MMD=0.150
2025-10-01 14:41:17 - Epoch Summary: TrainLoss=1.4806 | TrainAcc=0.659 | Val(P3)=0.568 | Val(AVO)=0.633
2025-10-01 14:41:17 - No AVO-val improvement; patience remaining: 19/50
2025-10-01 14:41:17 - Epoch 44/500 | LR=0.009819 | w_P3=1.000 | w_AVO=2.911 | lambda_MMD=0.150
2025-10-01 14:41:18 - Epoch Summary: TrainLoss=1.4713 | TrainAcc=0.645 | Val(P3)=0.532 | Val(AVO)=0.551
2025-10-01 14:41:18 - No AVO-val improvement; patience remaining: 18/50
2025-10-01 14:41:18 - Epoch 45/500 | LR=0.009810 | w_P3=1.000 | w_AVO=2.911 | lambda_MMD=0.150
2025-10-01 14:41:18 - Epoch Summary: TrainLoss=1.4822 | TrainAcc=0.636 | Val(P3)=0.555 | Val(AVO)=0.612
2025-10-01 14:41:18 - No AVO-val improvement; patience remaining: 17/50
2025-10-01 14:41:18 - Epoch 46/500 | LR=0.009801 | w_P3=1.000 | w_AVO=2.911 | lambda_MMD=0.150
2025-10-01 14:41:18 - Epoch Summary: TrainLoss=1.4782 | TrainAcc=0.646 | Val(P3)=0.571 | Val(AVO)=0.612
2025-10-01 14:41:18 - No AVO-val improvement; patience remaining: 16/50
2025-10-01 14:41:18 - Epoch 47/500 | LR=0.009793 | w_P3=1.000 | w_AVO=2.911 | lambda_MMD=0.150
2025-10-01 14:41:18 - Epoch Summary: TrainLoss=1.6177 | TrainAcc=0.634 | Val(P3)=0.561 | Val(AVO)=0.612
2025-10-01 14:41:18 - No AVO-val improvement; patience remaining: 15/50
2025-10-01 14:41:18 - Epoch 48/500 | LR=0.009784 | w_P3=1.000 | w_AVO=2.911 | lambda_MMD=0.150
2025-10-01 14:41:18 - Epoch Summary: TrainLoss=1.4318 | TrainAcc=0.650 | Val(P3)=0.548 | Val(AVO)=0.551
2025-10-01 14:41:18 - No AVO-val improvement; patience remaining: 14/50
2025-10-01 14:41:18 - P3 val decreasing 3x. Reducing lambda_MMD to 0.105
2025-10-01 14:41:18 - Epoch 49/500 | LR=0.009774 | w_P3=1.000 | w_AVO=2.911 | lambda_MMD=0.105
2025-10-01 14:41:18 - Epoch Summary: TrainLoss=1.3694 | TrainAcc=0.650 | Val(P3)=0.555 | Val(AVO)=0.571
2025-10-01 14:41:18 - No AVO-val improvement; patience remaining: 13/50
2025-10-01 14:41:18 - Epoch 50/500 | LR=0.009765 | w_P3=1.000 | w_AVO=2.911 | lambda_MMD=0.150
2025-10-01 14:41:18 - Epoch Summary: TrainLoss=1.3155 | TrainAcc=0.650 | Val(P3)=0.565 | Val(AVO)=0.612
2025-10-01 14:41:18 - No AVO-val improvement; patience remaining: 12/50
2025-10-01 14:41:18 - Epoch 51/500 | LR=0.009755 | w_P3=1.000 | w_AVO=2.911 | lambda_MMD=0.150
2025-10-01 14:41:19 - Epoch Summary: TrainLoss=1.3319 | TrainAcc=0.650 | Val(P3)=0.571 | Val(AVO)=0.571
2025-10-01 14:41:19 - No AVO-val improvement; patience remaining: 11/50
2025-10-01 14:41:19 - Epoch 52/500 | LR=0.009745 | w_P3=1.000 | w_AVO=2.911 | lambda_MMD=0.150
2025-10-01 14:41:19 - Epoch Summary: TrainLoss=1.3529 | TrainAcc=0.638 | Val(P3)=0.535 | Val(AVO)=0.612
2025-10-01 14:41:19 - No AVO-val improvement; patience remaining: 10/50
2025-10-01 14:41:19 - Epoch 53/500 | LR=0.009735 | w_P3=1.000 | w_AVO=2.911 | lambda_MMD=0.150
2025-10-01 14:41:19 - Epoch Summary: TrainLoss=1.3633 | TrainAcc=0.650 | Val(P3)=0.565 | Val(AVO)=0.571
2025-10-01 14:41:19 - No AVO-val improvement; patience remaining: 9/50
2025-10-01 14:41:19 - Epoch 54/500 | LR=0.009725 | w_P3=1.000 | w_AVO=2.911 | lambda_MMD=0.150
2025-10-01 14:41:19 - Epoch Summary: TrainLoss=1.2979 | TrainAcc=0.660 | Val(P3)=0.558 | Val(AVO)=0.571
2025-10-01 14:41:19 - No AVO-val improvement; patience remaining: 8/50
2025-10-01 14:41:19 - Epoch 55/500 | LR=0.009715 | w_P3=1.000 | w_AVO=2.911 | lambda_MMD=0.150
2025-10-01 14:41:19 - Epoch Summary: TrainLoss=1.2702 | TrainAcc=0.650 | Val(P3)=0.581 | Val(AVO)=0.592
2025-10-01 14:41:19 - No AVO-val improvement; patience remaining: 7/50
2025-10-01 14:41:19 - Epoch 56/500 | LR=0.009704 | w_P3=1.000 | w_AVO=2.911 | lambda_MMD=0.150
2025-10-01 14:41:19 - Epoch Summary: TrainLoss=1.2341 | TrainAcc=0.660 | Val(P3)=0.561 | Val(AVO)=0.592
2025-10-01 14:41:19 - No AVO-val improvement; patience remaining: 6/50
2025-10-01 14:41:19 - Epoch 57/500 | LR=0.009694 | w_P3=1.000 | w_AVO=2.911 | lambda_MMD=0.150
2025-10-01 14:41:19 - Epoch Summary: TrainLoss=1.2623 | TrainAcc=0.654 | Val(P3)=0.548 | Val(AVO)=0.592
2025-10-01 14:41:19 - No AVO-val improvement; patience remaining: 5/50
2025-10-01 14:41:19 - P3 val decreasing 3x. Reducing lambda_MMD to 0.105
2025-10-01 14:41:19 - Epoch 58/500 | LR=0.009683 | w_P3=1.000 | w_AVO=2.911 | lambda_MMD=0.105
2025-10-01 14:41:19 - Epoch Summary: TrainLoss=1.2114 | TrainAcc=0.648 | Val(P3)=0.558 | Val(AVO)=0.612
2025-10-01 14:41:19 - No AVO-val improvement; patience remaining: 4/50
2025-10-01 14:41:19 - Epoch 59/500 | LR=0.009672 | w_P3=1.000 | w_AVO=2.911 | lambda_MMD=0.150
2025-10-01 14:41:20 - Epoch Summary: TrainLoss=1.2293 | TrainAcc=0.647 | Val(P3)=0.561 | Val(AVO)=0.612
2025-10-01 14:41:20 - No AVO-val improvement; patience remaining: 3/50
2025-10-01 14:41:20 - Epoch 60/500 | LR=0.009660 | w_P3=1.000 | w_AVO=2.911 | lambda_MMD=0.150
2025-10-01 14:41:20 - Epoch Summary: TrainLoss=1.1357 | TrainAcc=0.660 | Val(P3)=0.548 | Val(AVO)=0.612
2025-10-01 14:41:20 - No AVO-val improvement; patience remaining: 2/50
2025-10-01 14:41:20 - Epoch 61/500 | LR=0.009649 | w_P3=1.000 | w_AVO=2.911 | lambda_MMD=0.150
2025-10-01 14:41:20 - Epoch Summary: TrainLoss=1.1213 | TrainAcc=0.654 | Val(P3)=0.542 | Val(AVO)=0.633
2025-10-01 14:41:20 - No AVO-val improvement; patience remaining: 1/50
2025-10-01 14:41:20 - P3 val decreasing 3x. Reducing lambda_MMD to 0.105
2025-10-01 14:41:20 - Epoch 62/500 | LR=0.009637 | w_P3=1.000 | w_AVO=2.911 | lambda_MMD=0.105
2025-10-01 14:41:20 - Epoch Summary: TrainLoss=1.1702 | TrainAcc=0.663 | Val(P3)=0.561 | Val(AVO)=0.592
2025-10-01 14:41:20 - No AVO-val improvement; patience remaining: 0/50
2025-10-01 14:41:20 - Early stopping triggered (AVO-val)
2025-10-01 14:41:20 -     P3 Test | Acc=0.5301 P=0.5962 R=0.1010 F1=0.1727 AUC=0.6091 (n=632)
2025-10-01 14:41:20 -     AVO Test | Acc=0.6512 P=0.7619 R=0.6154 F1=0.6809 AUC=0.7127 (n=86)
2025-10-01 14:41:20 -     Overall Test Acc=0.5446
2025-10-01 14:41:20 -   Fold 3/5
2025-10-01 14:41:20 - Fold domains: small=AVO (n=276), large=P3 (n=2235)
2025-10-01 14:41:20 - Auto adjustments (symmetric): w_small≈1.000, lambda_MMD_target=0.150, warmup_epochs=5
2025-10-01 14:41:20 - Epoch 1/500 | LR=0.010000 | w_P3=1.000 | w_AVO=1.369 | lambda_MMD=0.030
2025-10-01 14:41:20 - Epoch Summary: TrainLoss=1.6837 | TrainAcc=0.557 | Val(P3)=0.627 | Val(AVO)=0.547
2025-10-01 14:41:20 - New best AVO-val; checkpoint updated
2025-10-01 14:41:20 - Epoch 2/500 | LR=0.010000 | w_P3=1.000 | w_AVO=1.738 | lambda_MMD=0.060
2025-10-01 14:41:20 - Epoch Summary: TrainLoss=1.7787 | TrainAcc=0.607 | Val(P3)=0.598 | Val(AVO)=0.547
2025-10-01 14:41:20 - No AVO-val improvement; patience remaining: 49/50
2025-10-01 14:41:20 - Epoch 3/500 | LR=0.010000 | w_P3=1.000 | w_AVO=2.107 | lambda_MMD=0.090
2025-10-01 14:41:20 - Epoch Summary: TrainLoss=2.0002 | TrainAcc=0.617 | Val(P3)=0.641 | Val(AVO)=0.491
2025-10-01 14:41:20 - No AVO-val improvement; patience remaining: 48/50
2025-10-01 14:41:20 - Epoch 4/500 | LR=0.009999 | w_P3=1.000 | w_AVO=2.477 | lambda_MMD=0.120
2025-10-01 14:41:21 - Epoch Summary: TrainLoss=2.2144 | TrainAcc=0.595 | Val(P3)=0.588 | Val(AVO)=0.623
2025-10-01 14:41:21 - New best AVO-val; checkpoint updated
2025-10-01 14:41:21 - Epoch 5/500 | LR=0.009998 | w_P3=1.000 | w_AVO=2.846 | lambda_MMD=0.150
2025-10-01 14:41:21 - Epoch Summary: TrainLoss=2.3987 | TrainAcc=0.622 | Val(P3)=0.582 | Val(AVO)=0.604
2025-10-01 14:41:21 - No AVO-val improvement; patience remaining: 49/50
2025-10-01 14:41:21 - P3 val decreasing 3x. Reducing lambda_MMD to 0.105
2025-10-01 14:41:21 - Epoch 6/500 | LR=0.009998 | w_P3=1.000 | w_AVO=2.846 | lambda_MMD=0.105
2025-10-01 14:41:21 - Epoch Summary: TrainLoss=2.3599 | TrainAcc=0.626 | Val(P3)=0.624 | Val(AVO)=0.547
2025-10-01 14:41:21 - No AVO-val improvement; patience remaining: 48/50
2025-10-01 14:41:21 - AVO val decreasing 3x. Reducing w_small to 2.277, lambda_MMD to 0.075
2025-10-01 14:41:21 - Epoch 7/500 | LR=0.009996 | w_P3=1.000 | w_AVO=2.277 | lambda_MMD=0.075
2025-10-01 14:41:21 - Epoch Summary: TrainLoss=2.0131 | TrainAcc=0.618 | Val(P3)=0.621 | Val(AVO)=0.660
2025-10-01 14:41:21 - New best AVO-val; checkpoint updated
2025-10-01 14:41:21 - Epoch 8/500 | LR=0.009995 | w_P3=1.000 | w_AVO=2.846 | lambda_MMD=0.150
2025-10-01 14:41:21 - Epoch Summary: TrainLoss=2.3052 | TrainAcc=0.620 | Val(P3)=0.618 | Val(AVO)=0.623
2025-10-01 14:41:21 - No AVO-val improvement; patience remaining: 49/50
2025-10-01 14:41:21 - P3 val decreasing 3x. Reducing lambda_MMD to 0.105
2025-10-01 14:41:21 - Epoch 9/500 | LR=0.009994 | w_P3=1.000 | w_AVO=2.846 | lambda_MMD=0.105
2025-10-01 14:41:21 - Epoch Summary: TrainLoss=2.2828 | TrainAcc=0.629 | Val(P3)=0.608 | Val(AVO)=0.642
2025-10-01 14:41:21 - No AVO-val improvement; patience remaining: 48/50
2025-10-01 14:41:21 - P3 val decreasing 3x. Reducing lambda_MMD to 0.105
2025-10-01 14:41:21 - Epoch 10/500 | LR=0.009992 | w_P3=1.000 | w_AVO=2.846 | lambda_MMD=0.105
2025-10-01 14:41:21 - Epoch Summary: TrainLoss=2.2085 | TrainAcc=0.629 | Val(P3)=0.641 | Val(AVO)=0.566
2025-10-01 14:41:21 - No AVO-val improvement; patience remaining: 47/50
2025-10-01 14:41:21 - Epoch 11/500 | LR=0.009990 | w_P3=1.000 | w_AVO=2.846 | lambda_MMD=0.150
2025-10-01 14:41:21 - Epoch Summary: TrainLoss=2.2238 | TrainAcc=0.634 | Val(P3)=0.608 | Val(AVO)=0.717
2025-10-01 14:41:21 - New best AVO-val; checkpoint updated
2025-10-01 14:41:21 - Epoch 12/500 | LR=0.009988 | w_P3=1.000 | w_AVO=2.846 | lambda_MMD=0.150
2025-10-01 14:41:22 - Epoch Summary: TrainLoss=2.2147 | TrainAcc=0.639 | Val(P3)=0.627 | Val(AVO)=0.604
2025-10-01 14:41:22 - No AVO-val improvement; patience remaining: 49/50
2025-10-01 14:41:22 - Epoch 13/500 | LR=0.009986 | w_P3=1.000 | w_AVO=2.846 | lambda_MMD=0.150
2025-10-01 14:41:22 - Epoch Summary: TrainLoss=2.1821 | TrainAcc=0.638 | Val(P3)=0.631 | Val(AVO)=0.774
2025-10-01 14:41:22 - New best AVO-val; checkpoint updated
2025-10-01 14:41:22 - Epoch 14/500 | LR=0.009983 | w_P3=1.000 | w_AVO=2.846 | lambda_MMD=0.150
2025-10-01 14:41:22 - Epoch Summary: TrainLoss=2.1043 | TrainAcc=0.630 | Val(P3)=0.621 | Val(AVO)=0.660
2025-10-01 14:41:22 - No AVO-val improvement; patience remaining: 49/50
2025-10-01 14:41:22 - Epoch 15/500 | LR=0.009981 | w_P3=1.000 | w_AVO=2.846 | lambda_MMD=0.150
2025-10-01 14:41:22 - Epoch Summary: TrainLoss=2.1277 | TrainAcc=0.642 | Val(P3)=0.611 | Val(AVO)=0.623
2025-10-01 14:41:22 - No AVO-val improvement; patience remaining: 48/50
2025-10-01 14:41:22 - AVO val decreasing 3x. Reducing w_small to 2.277, lambda_MMD to 0.075
2025-10-01 14:41:22 - P3 val decreasing 3x. Reducing lambda_MMD to 0.052
2025-10-01 14:41:22 - Epoch 16/500 | LR=0.009978 | w_P3=1.000 | w_AVO=2.277 | lambda_MMD=0.052
2025-10-01 14:41:22 - Epoch Summary: TrainLoss=1.7589 | TrainAcc=0.634 | Val(P3)=0.601 | Val(AVO)=0.660
2025-10-01 14:41:22 - No AVO-val improvement; patience remaining: 47/50
2025-10-01 14:41:22 - P3 val decreasing 3x. Reducing lambda_MMD to 0.105
2025-10-01 14:41:22 - Epoch 17/500 | LR=0.009975 | w_P3=1.000 | w_AVO=2.846 | lambda_MMD=0.105
2025-10-01 14:41:22 - Epoch Summary: TrainLoss=1.9874 | TrainAcc=0.622 | Val(P3)=0.582 | Val(AVO)=0.679
2025-10-01 14:41:22 - No AVO-val improvement; patience remaining: 46/50
2025-10-01 14:41:22 - P3 val decreasing 3x. Reducing lambda_MMD to 0.105
2025-10-01 14:41:22 - Epoch 18/500 | LR=0.009972 | w_P3=1.000 | w_AVO=2.846 | lambda_MMD=0.105
2025-10-01 14:41:22 - Epoch Summary: TrainLoss=1.9279 | TrainAcc=0.628 | Val(P3)=0.608 | Val(AVO)=0.642
2025-10-01 14:41:22 - No AVO-val improvement; patience remaining: 45/50
2025-10-01 14:41:22 - Epoch 19/500 | LR=0.009968 | w_P3=1.000 | w_AVO=2.846 | lambda_MMD=0.150
2025-10-01 14:41:22 - Epoch Summary: TrainLoss=1.9750 | TrainAcc=0.630 | Val(P3)=0.624 | Val(AVO)=0.623
2025-10-01 14:41:22 - No AVO-val improvement; patience remaining: 44/50
2025-10-01 14:41:22 - AVO val decreasing 3x. Reducing w_small to 2.277, lambda_MMD to 0.075
2025-10-01 14:41:22 - Epoch 20/500 | LR=0.009964 | w_P3=1.000 | w_AVO=2.277 | lambda_MMD=0.075
2025-10-01 14:41:23 - Epoch Summary: TrainLoss=1.6698 | TrainAcc=0.631 | Val(P3)=0.644 | Val(AVO)=0.736
2025-10-01 14:41:23 - No AVO-val improvement; patience remaining: 43/50
2025-10-01 14:41:23 - Epoch 21/500 | LR=0.009961 | w_P3=1.000 | w_AVO=2.846 | lambda_MMD=0.150
2025-10-01 14:41:23 - Epoch Summary: TrainLoss=1.8881 | TrainAcc=0.629 | Val(P3)=0.631 | Val(AVO)=0.660
2025-10-01 14:41:23 - No AVO-val improvement; patience remaining: 42/50
2025-10-01 14:41:23 - Epoch 22/500 | LR=0.009957 | w_P3=1.000 | w_AVO=2.846 | lambda_MMD=0.150
2025-10-01 14:41:23 - Epoch Summary: TrainLoss=1.8532 | TrainAcc=0.629 | Val(P3)=0.624 | Val(AVO)=0.679
2025-10-01 14:41:23 - No AVO-val improvement; patience remaining: 41/50
2025-10-01 14:41:23 - P3 val decreasing 3x. Reducing lambda_MMD to 0.105
2025-10-01 14:41:23 - Epoch 23/500 | LR=0.009952 | w_P3=1.000 | w_AVO=2.846 | lambda_MMD=0.105
2025-10-01 14:41:23 - Epoch Summary: TrainLoss=1.8501 | TrainAcc=0.643 | Val(P3)=0.595 | Val(AVO)=0.604
2025-10-01 14:41:23 - No AVO-val improvement; patience remaining: 40/50
2025-10-01 14:41:23 - P3 val decreasing 3x. Reducing lambda_MMD to 0.105
2025-10-01 14:41:23 - Epoch 24/500 | LR=0.009948 | w_P3=1.000 | w_AVO=2.846 | lambda_MMD=0.105
2025-10-01 14:41:23 - Epoch Summary: TrainLoss=1.7897 | TrainAcc=0.628 | Val(P3)=0.618 | Val(AVO)=0.679
2025-10-01 14:41:23 - No AVO-val improvement; patience remaining: 39/50
2025-10-01 14:41:23 - Epoch 25/500 | LR=0.009943 | w_P3=1.000 | w_AVO=2.846 | lambda_MMD=0.150
2025-10-01 14:41:23 - Epoch Summary: TrainLoss=1.7437 | TrainAcc=0.633 | Val(P3)=0.614 | Val(AVO)=0.623
2025-10-01 14:41:23 - No AVO-val improvement; patience remaining: 38/50
2025-10-01 14:41:23 - Epoch 26/500 | LR=0.009938 | w_P3=1.000 | w_AVO=2.846 | lambda_MMD=0.150
2025-10-01 14:41:23 - Epoch Summary: TrainLoss=1.6792 | TrainAcc=0.635 | Val(P3)=0.611 | Val(AVO)=0.679
2025-10-01 14:41:23 - No AVO-val improvement; patience remaining: 37/50
2025-10-01 14:41:23 - P3 val decreasing 3x. Reducing lambda_MMD to 0.105
2025-10-01 14:41:23 - Epoch 27/500 | LR=0.009933 | w_P3=1.000 | w_AVO=2.846 | lambda_MMD=0.105
2025-10-01 14:41:23 - Epoch Summary: TrainLoss=1.6963 | TrainAcc=0.639 | Val(P3)=0.621 | Val(AVO)=0.585
2025-10-01 14:41:23 - No AVO-val improvement; patience remaining: 36/50
2025-10-01 14:41:23 - Epoch 28/500 | LR=0.009928 | w_P3=1.000 | w_AVO=2.846 | lambda_MMD=0.150
2025-10-01 14:41:24 - Epoch Summary: TrainLoss=1.6414 | TrainAcc=0.639 | Val(P3)=0.588 | Val(AVO)=0.566
2025-10-01 14:41:24 - No AVO-val improvement; patience remaining: 35/50
2025-10-01 14:41:24 - AVO val decreasing 3x. Reducing w_small to 2.277, lambda_MMD to 0.075
2025-10-01 14:41:24 - Epoch 29/500 | LR=0.009923 | w_P3=1.000 | w_AVO=2.277 | lambda_MMD=0.075
2025-10-01 14:41:24 - Epoch Summary: TrainLoss=1.3679 | TrainAcc=0.635 | Val(P3)=0.621 | Val(AVO)=0.660
2025-10-01 14:41:24 - No AVO-val improvement; patience remaining: 34/50
2025-10-01 14:41:24 - Epoch 30/500 | LR=0.009917 | w_P3=1.000 | w_AVO=2.846 | lambda_MMD=0.150
2025-10-01 14:41:24 - Epoch Summary: TrainLoss=1.5450 | TrainAcc=0.645 | Val(P3)=0.621 | Val(AVO)=0.642
2025-10-01 14:41:24 - No AVO-val improvement; patience remaining: 33/50
2025-10-01 14:41:24 - Epoch 31/500 | LR=0.009911 | w_P3=1.000 | w_AVO=2.846 | lambda_MMD=0.150
2025-10-01 14:41:24 - Epoch Summary: TrainLoss=1.5784 | TrainAcc=0.643 | Val(P3)=0.582 | Val(AVO)=0.679
2025-10-01 14:41:24 - No AVO-val improvement; patience remaining: 32/50
2025-10-01 14:41:24 - Epoch 32/500 | LR=0.009905 | w_P3=1.000 | w_AVO=2.846 | lambda_MMD=0.150
2025-10-01 14:41:24 - Epoch Summary: TrainLoss=1.5029 | TrainAcc=0.634 | Val(P3)=0.627 | Val(AVO)=0.660
2025-10-01 14:41:24 - No AVO-val improvement; patience remaining: 31/50
2025-10-01 14:41:24 - Epoch 33/500 | LR=0.009899 | w_P3=1.000 | w_AVO=2.846 | lambda_MMD=0.150
2025-10-01 14:41:24 - Epoch Summary: TrainLoss=1.4936 | TrainAcc=0.642 | Val(P3)=0.592 | Val(AVO)=0.604
2025-10-01 14:41:24 - No AVO-val improvement; patience remaining: 30/50
2025-10-01 14:41:24 - AVO val decreasing 3x. Reducing w_small to 2.277, lambda_MMD to 0.075
2025-10-01 14:41:24 - Epoch 34/500 | LR=0.009893 | w_P3=1.000 | w_AVO=2.277 | lambda_MMD=0.075
2025-10-01 14:41:24 - Epoch Summary: TrainLoss=1.3300 | TrainAcc=0.638 | Val(P3)=0.605 | Val(AVO)=0.585
2025-10-01 14:41:24 - No AVO-val improvement; patience remaining: 29/50
2025-10-01 14:41:24 - AVO val decreasing 3x. Reducing w_small to 2.277, lambda_MMD to 0.075
2025-10-01 14:41:24 - Epoch 35/500 | LR=0.009886 | w_P3=1.000 | w_AVO=2.277 | lambda_MMD=0.075
2025-10-01 14:41:24 - Epoch Summary: TrainLoss=1.2979 | TrainAcc=0.638 | Val(P3)=0.595 | Val(AVO)=0.547
2025-10-01 14:41:24 - No AVO-val improvement; patience remaining: 28/50
2025-10-01 14:41:24 - AVO val decreasing 3x. Reducing w_small to 2.277, lambda_MMD to 0.075
2025-10-01 14:41:24 - Epoch 36/500 | LR=0.009880 | w_P3=1.000 | w_AVO=2.277 | lambda_MMD=0.075
2025-10-01 14:41:25 - Epoch Summary: TrainLoss=1.2838 | TrainAcc=0.647 | Val(P3)=0.595 | Val(AVO)=0.623
2025-10-01 14:41:25 - No AVO-val improvement; patience remaining: 27/50
2025-10-01 14:41:25 - Epoch 37/500 | LR=0.009873 | w_P3=1.000 | w_AVO=2.846 | lambda_MMD=0.150
2025-10-01 14:41:25 - Epoch Summary: TrainLoss=1.3857 | TrainAcc=0.645 | Val(P3)=0.608 | Val(AVO)=0.660
2025-10-01 14:41:25 - No AVO-val improvement; patience remaining: 26/50
2025-10-01 14:41:25 - Epoch 38/500 | LR=0.009865 | w_P3=1.000 | w_AVO=2.846 | lambda_MMD=0.150
2025-10-01 14:41:25 - Epoch Summary: TrainLoss=1.3327 | TrainAcc=0.654 | Val(P3)=0.605 | Val(AVO)=0.736
2025-10-01 14:41:25 - No AVO-val improvement; patience remaining: 25/50
2025-10-01 14:41:25 - Epoch 39/500 | LR=0.009858 | w_P3=1.000 | w_AVO=2.846 | lambda_MMD=0.150
2025-10-01 14:41:25 - Epoch Summary: TrainLoss=1.3240 | TrainAcc=0.641 | Val(P3)=0.592 | Val(AVO)=0.566
2025-10-01 14:41:25 - No AVO-val improvement; patience remaining: 24/50
2025-10-01 14:41:25 - P3 val decreasing 3x. Reducing lambda_MMD to 0.105
2025-10-01 14:41:25 - Epoch 40/500 | LR=0.009851 | w_P3=1.000 | w_AVO=2.846 | lambda_MMD=0.105
2025-10-01 14:41:25 - Epoch Summary: TrainLoss=1.3307 | TrainAcc=0.643 | Val(P3)=0.631 | Val(AVO)=0.679
2025-10-01 14:41:25 - No AVO-val improvement; patience remaining: 23/50
2025-10-01 14:41:25 - Epoch 41/500 | LR=0.009843 | w_P3=1.000 | w_AVO=2.846 | lambda_MMD=0.150
2025-10-01 14:41:25 - Epoch Summary: TrainLoss=1.3358 | TrainAcc=0.647 | Val(P3)=0.608 | Val(AVO)=0.717
2025-10-01 14:41:25 - No AVO-val improvement; patience remaining: 22/50
2025-10-01 14:41:25 - Epoch 42/500 | LR=0.009835 | w_P3=1.000 | w_AVO=2.846 | lambda_MMD=0.150
2025-10-01 14:41:25 - Epoch Summary: TrainLoss=1.2374 | TrainAcc=0.664 | Val(P3)=0.592 | Val(AVO)=0.642
2025-10-01 14:41:25 - No AVO-val improvement; patience remaining: 21/50
2025-10-01 14:41:25 - P3 val decreasing 3x. Reducing lambda_MMD to 0.105
2025-10-01 14:41:25 - Epoch 43/500 | LR=0.009827 | w_P3=1.000 | w_AVO=2.846 | lambda_MMD=0.105
2025-10-01 14:41:25 - Epoch Summary: TrainLoss=1.2400 | TrainAcc=0.653 | Val(P3)=0.608 | Val(AVO)=0.660
2025-10-01 14:41:25 - No AVO-val improvement; patience remaining: 20/50
2025-10-01 14:41:25 - Epoch 44/500 | LR=0.009819 | w_P3=1.000 | w_AVO=2.846 | lambda_MMD=0.150
2025-10-01 14:41:26 - Epoch Summary: TrainLoss=1.1993 | TrainAcc=0.657 | Val(P3)=0.608 | Val(AVO)=0.679
2025-10-01 14:41:26 - No AVO-val improvement; patience remaining: 19/50
2025-10-01 14:41:26 - Epoch 45/500 | LR=0.009810 | w_P3=1.000 | w_AVO=2.846 | lambda_MMD=0.150
2025-10-01 14:41:26 - Epoch Summary: TrainLoss=1.2762 | TrainAcc=0.645 | Val(P3)=0.611 | Val(AVO)=0.623
2025-10-01 14:41:26 - No AVO-val improvement; patience remaining: 18/50
2025-10-01 14:41:26 - Epoch 46/500 | LR=0.009801 | w_P3=1.000 | w_AVO=2.846 | lambda_MMD=0.150
2025-10-01 14:41:26 - Epoch Summary: TrainLoss=1.1824 | TrainAcc=0.653 | Val(P3)=0.592 | Val(AVO)=0.698
2025-10-01 14:41:26 - No AVO-val improvement; patience remaining: 17/50
2025-10-01 14:41:26 - Epoch 47/500 | LR=0.009793 | w_P3=1.000 | w_AVO=2.846 | lambda_MMD=0.150
2025-10-01 14:41:26 - Epoch Summary: TrainLoss=1.1618 | TrainAcc=0.660 | Val(P3)=0.598 | Val(AVO)=0.660
2025-10-01 14:41:26 - No AVO-val improvement; patience remaining: 16/50
2025-10-01 14:41:26 - Epoch 48/500 | LR=0.009784 | w_P3=1.000 | w_AVO=2.846 | lambda_MMD=0.150
2025-10-01 14:41:26 - Epoch Summary: TrainLoss=1.2183 | TrainAcc=0.651 | Val(P3)=0.608 | Val(AVO)=0.717
2025-10-01 14:41:26 - No AVO-val improvement; patience remaining: 15/50
2025-10-01 14:41:26 - Epoch 49/500 | LR=0.009774 | w_P3=1.000 | w_AVO=2.846 | lambda_MMD=0.150
2025-10-01 14:41:26 - Epoch Summary: TrainLoss=1.1092 | TrainAcc=0.667 | Val(P3)=0.592 | Val(AVO)=0.679
2025-10-01 14:41:26 - No AVO-val improvement; patience remaining: 14/50
2025-10-01 14:41:26 - Epoch 50/500 | LR=0.009765 | w_P3=1.000 | w_AVO=2.846 | lambda_MMD=0.150
2025-10-01 14:41:26 - Epoch Summary: TrainLoss=1.1295 | TrainAcc=0.650 | Val(P3)=0.595 | Val(AVO)=0.604
2025-10-01 14:41:26 - No AVO-val improvement; patience remaining: 13/50
2025-10-01 14:41:26 - AVO val decreasing 3x. Reducing w_small to 2.277, lambda_MMD to 0.075
2025-10-01 14:41:26 - Epoch 51/500 | LR=0.009755 | w_P3=1.000 | w_AVO=2.277 | lambda_MMD=0.075
2025-10-01 14:41:26 - Epoch Summary: TrainLoss=0.9757 | TrainAcc=0.672 | Val(P3)=0.565 | Val(AVO)=0.509
2025-10-01 14:41:26 - No AVO-val improvement; patience remaining: 12/50
2025-10-01 14:41:26 - AVO val decreasing 3x. Reducing w_small to 2.277, lambda_MMD to 0.075
2025-10-01 14:41:26 - Epoch 52/500 | LR=0.009745 | w_P3=1.000 | w_AVO=2.277 | lambda_MMD=0.075
2025-10-01 14:41:27 - Epoch Summary: TrainLoss=0.9625 | TrainAcc=0.665 | Val(P3)=0.601 | Val(AVO)=0.660
2025-10-01 14:41:27 - No AVO-val improvement; patience remaining: 11/50
2025-10-01 14:41:27 - Epoch 53/500 | LR=0.009735 | w_P3=1.000 | w_AVO=2.846 | lambda_MMD=0.150
2025-10-01 14:41:27 - Epoch Summary: TrainLoss=1.0354 | TrainAcc=0.671 | Val(P3)=0.595 | Val(AVO)=0.585
2025-10-01 14:41:27 - No AVO-val improvement; patience remaining: 10/50
2025-10-01 14:41:27 - Epoch 54/500 | LR=0.009725 | w_P3=1.000 | w_AVO=2.846 | lambda_MMD=0.150
2025-10-01 14:41:27 - Epoch Summary: TrainLoss=1.2008 | TrainAcc=0.647 | Val(P3)=0.601 | Val(AVO)=0.660
2025-10-01 14:41:27 - No AVO-val improvement; patience remaining: 9/50
2025-10-01 14:41:27 - Epoch 55/500 | LR=0.009715 | w_P3=1.000 | w_AVO=2.846 | lambda_MMD=0.150
2025-10-01 14:41:27 - Epoch Summary: TrainLoss=1.3115 | TrainAcc=0.650 | Val(P3)=0.562 | Val(AVO)=0.472
2025-10-01 14:41:27 - No AVO-val improvement; patience remaining: 8/50
2025-10-01 14:41:27 - Epoch 56/500 | LR=0.009704 | w_P3=1.000 | w_AVO=2.846 | lambda_MMD=0.150
2025-10-01 14:41:27 - Epoch Summary: TrainLoss=1.1133 | TrainAcc=0.666 | Val(P3)=0.578 | Val(AVO)=0.660
2025-10-01 14:41:27 - No AVO-val improvement; patience remaining: 7/50
2025-10-01 14:41:27 - Epoch 57/500 | LR=0.009694 | w_P3=1.000 | w_AVO=2.846 | lambda_MMD=0.150
2025-10-01 14:41:27 - Epoch Summary: TrainLoss=1.0726 | TrainAcc=0.655 | Val(P3)=0.601 | Val(AVO)=0.660
2025-10-01 14:41:27 - No AVO-val improvement; patience remaining: 6/50
2025-10-01 14:41:27 - Epoch 58/500 | LR=0.009683 | w_P3=1.000 | w_AVO=2.846 | lambda_MMD=0.150
2025-10-01 14:41:27 - Epoch Summary: TrainLoss=1.0542 | TrainAcc=0.666 | Val(P3)=0.592 | Val(AVO)=0.679
2025-10-01 14:41:27 - No AVO-val improvement; patience remaining: 5/50
2025-10-01 14:41:27 - Epoch 59/500 | LR=0.009672 | w_P3=1.000 | w_AVO=2.846 | lambda_MMD=0.150
2025-10-01 14:41:27 - Epoch Summary: TrainLoss=1.0127 | TrainAcc=0.672 | Val(P3)=0.562 | Val(AVO)=0.660
2025-10-01 14:41:27 - No AVO-val improvement; patience remaining: 4/50
2025-10-01 14:41:27 - P3 val decreasing 3x. Reducing lambda_MMD to 0.105
2025-10-01 14:41:27 - Epoch 60/500 | LR=0.009660 | w_P3=1.000 | w_AVO=2.846 | lambda_MMD=0.105
2025-10-01 14:41:28 - Epoch Summary: TrainLoss=0.9727 | TrainAcc=0.682 | Val(P3)=0.601 | Val(AVO)=0.679
2025-10-01 14:41:28 - No AVO-val improvement; patience remaining: 3/50
2025-10-01 14:41:28 - Epoch 61/500 | LR=0.009649 | w_P3=1.000 | w_AVO=2.846 | lambda_MMD=0.150
2025-10-01 14:41:28 - Epoch Summary: TrainLoss=0.9563 | TrainAcc=0.680 | Val(P3)=0.605 | Val(AVO)=0.698
2025-10-01 14:41:28 - No AVO-val improvement; patience remaining: 2/50
2025-10-01 14:41:28 - Epoch 62/500 | LR=0.009637 | w_P3=1.000 | w_AVO=2.846 | lambda_MMD=0.150
2025-10-01 14:41:28 - Epoch Summary: TrainLoss=0.9454 | TrainAcc=0.681 | Val(P3)=0.582 | Val(AVO)=0.660
2025-10-01 14:41:28 - No AVO-val improvement; patience remaining: 1/50
2025-10-01 14:41:28 - Epoch 63/500 | LR=0.009625 | w_P3=1.000 | w_AVO=2.846 | lambda_MMD=0.150
2025-10-01 14:41:28 - Epoch Summary: TrainLoss=0.9473 | TrainAcc=0.681 | Val(P3)=0.608 | Val(AVO)=0.717
2025-10-01 14:41:28 - No AVO-val improvement; patience remaining: 0/50
2025-10-01 14:41:28 - Early stopping triggered (AVO-val)
2025-10-01 14:41:28 -     P3 Test | Acc=0.5549 P=0.5702 R=0.4286 F1=0.4894 AUC=0.6030 (n=647)
2025-10-01 14:41:28 -     AVO Test | Acc=0.6056 P=0.5763 R=0.9189 F1=0.7083 AUC=0.7289 (n=71)
2025-10-01 14:41:28 -     Overall Test Acc=0.5599
2025-10-01 14:41:28 -   Fold 4/5
2025-10-01 14:41:28 - Fold domains: small=AVO (n=269), large=P3 (n=2243)
2025-10-01 14:41:28 - Auto adjustments (symmetric): w_small≈1.000, lambda_MMD_target=0.150, warmup_epochs=5
2025-10-01 14:41:28 - Epoch 1/500 | LR=0.010000 | w_P3=1.000 | w_AVO=1.378 | lambda_MMD=0.030
2025-10-01 14:41:28 - Epoch Summary: TrainLoss=1.6808 | TrainAcc=0.554 | Val(P3)=0.571 | Val(AVO)=0.627
2025-10-01 14:41:28 - New best AVO-val; checkpoint updated
2025-10-01 14:41:28 - Epoch 2/500 | LR=0.010000 | w_P3=1.000 | w_AVO=1.755 | lambda_MMD=0.060
2025-10-01 14:41:28 - Epoch Summary: TrainLoss=1.8199 | TrainAcc=0.611 | Val(P3)=0.610 | Val(AVO)=0.588
2025-10-01 14:41:28 - No AVO-val improvement; patience remaining: 49/50
2025-10-01 14:41:28 - Epoch 3/500 | LR=0.010000 | w_P3=1.000 | w_AVO=2.133 | lambda_MMD=0.090
2025-10-01 14:41:28 - Epoch Summary: TrainLoss=2.0355 | TrainAcc=0.604 | Val(P3)=0.623 | Val(AVO)=0.588
2025-10-01 14:41:28 - No AVO-val improvement; patience remaining: 48/50
2025-10-01 14:41:28 - Epoch 4/500 | LR=0.009999 | w_P3=1.000 | w_AVO=2.510 | lambda_MMD=0.120
2025-10-01 14:41:29 - Epoch Summary: TrainLoss=2.2176 | TrainAcc=0.612 | Val(P3)=0.617 | Val(AVO)=0.471
2025-10-01 14:41:29 - No AVO-val improvement; patience remaining: 47/50
2025-10-01 14:41:29 - Epoch 5/500 | LR=0.009998 | w_P3=1.000 | w_AVO=2.888 | lambda_MMD=0.150
2025-10-01 14:41:29 - Epoch Summary: TrainLoss=2.3976 | TrainAcc=0.611 | Val(P3)=0.610 | Val(AVO)=0.725
2025-10-01 14:41:29 - New best AVO-val; checkpoint updated
2025-10-01 14:41:29 - P3 val decreasing 3x. Reducing lambda_MMD to 0.105
2025-10-01 14:41:29 - Epoch 6/500 | LR=0.009998 | w_P3=1.000 | w_AVO=2.888 | lambda_MMD=0.105
2025-10-01 14:41:29 - Epoch Summary: TrainLoss=2.4203 | TrainAcc=0.612 | Val(P3)=0.588 | Val(AVO)=0.608
2025-10-01 14:41:29 - No AVO-val improvement; patience remaining: 49/50
2025-10-01 14:41:29 - P3 val decreasing 3x. Reducing lambda_MMD to 0.105
2025-10-01 14:41:29 - Epoch 7/500 | LR=0.009996 | w_P3=1.000 | w_AVO=2.888 | lambda_MMD=0.105
2025-10-01 14:41:29 - Epoch Summary: TrainLoss=2.3748 | TrainAcc=0.606 | Val(P3)=0.571 | Val(AVO)=0.588
2025-10-01 14:41:29 - No AVO-val improvement; patience remaining: 48/50
2025-10-01 14:41:29 - AVO val decreasing 3x. Reducing w_small to 2.310, lambda_MMD to 0.075
2025-10-01 14:41:29 - P3 val decreasing 3x. Reducing lambda_MMD to 0.052
2025-10-01 14:41:29 - Epoch 8/500 | LR=0.009995 | w_P3=1.000 | w_AVO=2.310 | lambda_MMD=0.052
2025-10-01 14:41:29 - Epoch Summary: TrainLoss=2.0153 | TrainAcc=0.612 | Val(P3)=0.568 | Val(AVO)=0.686
2025-10-01 14:41:29 - No AVO-val improvement; patience remaining: 47/50
2025-10-01 14:41:29 - P3 val decreasing 3x. Reducing lambda_MMD to 0.105
2025-10-01 14:41:29 - Epoch 9/500 | LR=0.009994 | w_P3=1.000 | w_AVO=2.888 | lambda_MMD=0.105
2025-10-01 14:41:29 - Epoch Summary: TrainLoss=2.3278 | TrainAcc=0.611 | Val(P3)=0.542 | Val(AVO)=0.647
2025-10-01 14:41:29 - No AVO-val improvement; patience remaining: 46/50
2025-10-01 14:41:29 - P3 val decreasing 3x. Reducing lambda_MMD to 0.105
2025-10-01 14:41:29 - Epoch 10/500 | LR=0.009992 | w_P3=1.000 | w_AVO=2.888 | lambda_MMD=0.105
2025-10-01 14:41:29 - Epoch Summary: TrainLoss=2.2338 | TrainAcc=0.606 | Val(P3)=0.539 | Val(AVO)=0.549
2025-10-01 14:41:29 - No AVO-val improvement; patience remaining: 45/50
2025-10-01 14:41:29 - AVO val decreasing 3x. Reducing w_small to 2.310, lambda_MMD to 0.075
2025-10-01 14:41:29 - P3 val decreasing 3x. Reducing lambda_MMD to 0.052
2025-10-01 14:41:29 - Epoch 11/500 | LR=0.009990 | w_P3=1.000 | w_AVO=2.310 | lambda_MMD=0.052
2025-10-01 14:41:29 - Epoch Summary: TrainLoss=1.8750 | TrainAcc=0.630 | Val(P3)=0.558 | Val(AVO)=0.647
2025-10-01 14:41:29 - No AVO-val improvement; patience remaining: 44/50
2025-10-01 14:41:29 - Epoch 12/500 | LR=0.009988 | w_P3=1.000 | w_AVO=2.888 | lambda_MMD=0.150
2025-10-01 14:41:30 - Epoch Summary: TrainLoss=2.1754 | TrainAcc=0.617 | Val(P3)=0.545 | Val(AVO)=0.490
2025-10-01 14:41:30 - No AVO-val improvement; patience remaining: 43/50
2025-10-01 14:41:30 - Epoch 13/500 | LR=0.009986 | w_P3=1.000 | w_AVO=2.888 | lambda_MMD=0.150
2025-10-01 14:41:30 - Epoch Summary: TrainLoss=2.2048 | TrainAcc=0.619 | Val(P3)=0.529 | Val(AVO)=0.627
2025-10-01 14:41:30 - No AVO-val improvement; patience remaining: 42/50
2025-10-01 14:41:30 - P3 val decreasing 3x. Reducing lambda_MMD to 0.105
2025-10-01 14:41:30 - Epoch 14/500 | LR=0.009983 | w_P3=1.000 | w_AVO=2.888 | lambda_MMD=0.105
2025-10-01 14:41:30 - Epoch Summary: TrainLoss=2.1026 | TrainAcc=0.627 | Val(P3)=0.529 | Val(AVO)=0.647
2025-10-01 14:41:30 - No AVO-val improvement; patience remaining: 41/50
2025-10-01 14:41:30 - Epoch 15/500 | LR=0.009981 | w_P3=1.000 | w_AVO=2.888 | lambda_MMD=0.150
2025-10-01 14:41:30 - Epoch Summary: TrainLoss=2.0357 | TrainAcc=0.613 | Val(P3)=0.542 | Val(AVO)=0.647
2025-10-01 14:41:30 - No AVO-val improvement; patience remaining: 40/50
2025-10-01 14:41:30 - Epoch 16/500 | LR=0.009978 | w_P3=1.000 | w_AVO=2.888 | lambda_MMD=0.150
2025-10-01 14:41:30 - Epoch Summary: TrainLoss=2.0400 | TrainAcc=0.621 | Val(P3)=0.532 | Val(AVO)=0.569
2025-10-01 14:41:30 - No AVO-val improvement; patience remaining: 39/50
2025-10-01 14:41:30 - Epoch 17/500 | LR=0.009975 | w_P3=1.000 | w_AVO=2.888 | lambda_MMD=0.150
2025-10-01 14:41:30 - Epoch Summary: TrainLoss=2.0751 | TrainAcc=0.604 | Val(P3)=0.562 | Val(AVO)=0.706
2025-10-01 14:41:30 - No AVO-val improvement; patience remaining: 38/50
2025-10-01 14:41:30 - Epoch 18/500 | LR=0.009972 | w_P3=1.000 | w_AVO=2.888 | lambda_MMD=0.150
2025-10-01 14:41:30 - Epoch Summary: TrainLoss=1.9933 | TrainAcc=0.617 | Val(P3)=0.532 | Val(AVO)=0.667
2025-10-01 14:41:30 - No AVO-val improvement; patience remaining: 37/50
2025-10-01 14:41:30 - Epoch 19/500 | LR=0.009968 | w_P3=1.000 | w_AVO=2.888 | lambda_MMD=0.150
2025-10-01 14:41:30 - Epoch Summary: TrainLoss=1.9776 | TrainAcc=0.618 | Val(P3)=0.532 | Val(AVO)=0.608
2025-10-01 14:41:30 - No AVO-val improvement; patience remaining: 36/50
2025-10-01 14:41:30 - AVO val decreasing 3x. Reducing w_small to 2.310, lambda_MMD to 0.075
2025-10-01 14:41:30 - Epoch 20/500 | LR=0.009964 | w_P3=1.000 | w_AVO=2.310 | lambda_MMD=0.075
2025-10-01 14:41:31 - Epoch Summary: TrainLoss=1.6908 | TrainAcc=0.617 | Val(P3)=0.542 | Val(AVO)=0.627
2025-10-01 14:41:31 - No AVO-val improvement; patience remaining: 35/50
2025-10-01 14:41:31 - Epoch 21/500 | LR=0.009961 | w_P3=1.000 | w_AVO=2.888 | lambda_MMD=0.150
2025-10-01 14:41:31 - Epoch Summary: TrainLoss=1.8817 | TrainAcc=0.631 | Val(P3)=0.549 | Val(AVO)=0.647
2025-10-01 14:41:31 - No AVO-val improvement; patience remaining: 34/50
2025-10-01 14:41:31 - Epoch 22/500 | LR=0.009957 | w_P3=1.000 | w_AVO=2.888 | lambda_MMD=0.150
2025-10-01 14:41:31 - Epoch Summary: TrainLoss=1.8943 | TrainAcc=0.622 | Val(P3)=0.545 | Val(AVO)=0.667
2025-10-01 14:41:31 - No AVO-val improvement; patience remaining: 33/50
2025-10-01 14:41:31 - Epoch 23/500 | LR=0.009952 | w_P3=1.000 | w_AVO=2.888 | lambda_MMD=0.150
2025-10-01 14:41:31 - Epoch Summary: TrainLoss=1.7468 | TrainAcc=0.637 | Val(P3)=0.571 | Val(AVO)=0.706
2025-10-01 14:41:31 - No AVO-val improvement; patience remaining: 32/50
2025-10-01 14:41:31 - Epoch 24/500 | LR=0.009948 | w_P3=1.000 | w_AVO=2.888 | lambda_MMD=0.150
2025-10-01 14:41:31 - Epoch Summary: TrainLoss=1.8090 | TrainAcc=0.622 | Val(P3)=0.539 | Val(AVO)=0.667
2025-10-01 14:41:31 - No AVO-val improvement; patience remaining: 31/50
2025-10-01 14:41:31 - Epoch 25/500 | LR=0.009943 | w_P3=1.000 | w_AVO=2.888 | lambda_MMD=0.150
2025-10-01 14:41:31 - Epoch Summary: TrainLoss=1.7707 | TrainAcc=0.621 | Val(P3)=0.542 | Val(AVO)=0.627
2025-10-01 14:41:31 - No AVO-val improvement; patience remaining: 30/50
2025-10-01 14:41:31 - AVO val decreasing 3x. Reducing w_small to 2.310, lambda_MMD to 0.075
2025-10-01 14:41:31 - Epoch 26/500 | LR=0.009938 | w_P3=1.000 | w_AVO=2.310 | lambda_MMD=0.075
2025-10-01 14:41:31 - Epoch Summary: TrainLoss=1.5484 | TrainAcc=0.631 | Val(P3)=0.536 | Val(AVO)=0.647
2025-10-01 14:41:31 - No AVO-val improvement; patience remaining: 29/50
2025-10-01 14:41:31 - Epoch 27/500 | LR=0.009933 | w_P3=1.000 | w_AVO=2.888 | lambda_MMD=0.150
2025-10-01 14:41:32 - Epoch Summary: TrainLoss=1.7261 | TrainAcc=0.626 | Val(P3)=0.558 | Val(AVO)=0.627
2025-10-01 14:41:32 - No AVO-val improvement; patience remaining: 28/50
2025-10-01 14:41:32 - Epoch 28/500 | LR=0.009928 | w_P3=1.000 | w_AVO=2.888 | lambda_MMD=0.150
2025-10-01 14:41:32 - Epoch Summary: TrainLoss=1.7707 | TrainAcc=0.621 | Val(P3)=0.555 | Val(AVO)=0.627
2025-10-01 14:41:32 - No AVO-val improvement; patience remaining: 27/50
2025-10-01 14:41:32 - Epoch 29/500 | LR=0.009923 | w_P3=1.000 | w_AVO=2.888 | lambda_MMD=0.150
2025-10-01 14:41:32 - Epoch Summary: TrainLoss=1.8044 | TrainAcc=0.613 | Val(P3)=0.562 | Val(AVO)=0.686
2025-10-01 14:41:32 - No AVO-val improvement; patience remaining: 26/50
2025-10-01 14:41:32 - Epoch 30/500 | LR=0.009917 | w_P3=1.000 | w_AVO=2.888 | lambda_MMD=0.150
2025-10-01 14:41:32 - Epoch Summary: TrainLoss=1.7063 | TrainAcc=0.626 | Val(P3)=0.542 | Val(AVO)=0.569
2025-10-01 14:41:32 - No AVO-val improvement; patience remaining: 25/50
2025-10-01 14:41:32 - Epoch 31/500 | LR=0.009911 | w_P3=1.000 | w_AVO=2.888 | lambda_MMD=0.150
2025-10-01 14:41:32 - Epoch Summary: TrainLoss=1.6170 | TrainAcc=0.634 | Val(P3)=0.562 | Val(AVO)=0.647
2025-10-01 14:41:32 - No AVO-val improvement; patience remaining: 24/50
2025-10-01 14:41:32 - Epoch 32/500 | LR=0.009905 | w_P3=1.000 | w_AVO=2.888 | lambda_MMD=0.150
2025-10-01 14:41:32 - Epoch Summary: TrainLoss=1.6172 | TrainAcc=0.623 | Val(P3)=0.552 | Val(AVO)=0.569
2025-10-01 14:41:32 - No AVO-val improvement; patience remaining: 23/50
2025-10-01 14:41:32 - Epoch 33/500 | LR=0.009899 | w_P3=1.000 | w_AVO=2.888 | lambda_MMD=0.150
2025-10-01 14:41:32 - Epoch Summary: TrainLoss=1.6585 | TrainAcc=0.623 | Val(P3)=0.562 | Val(AVO)=0.667
2025-10-01 14:41:32 - No AVO-val improvement; patience remaining: 22/50
2025-10-01 14:41:32 - Epoch 34/500 | LR=0.009893 | w_P3=1.000 | w_AVO=2.888 | lambda_MMD=0.150
2025-10-01 14:41:33 - Epoch Summary: TrainLoss=1.5927 | TrainAcc=0.631 | Val(P3)=0.529 | Val(AVO)=0.569
2025-10-01 14:41:33 - No AVO-val improvement; patience remaining: 21/50
2025-10-01 14:41:33 - Epoch 35/500 | LR=0.009886 | w_P3=1.000 | w_AVO=2.888 | lambda_MMD=0.150
2025-10-01 14:41:33 - Epoch Summary: TrainLoss=1.5725 | TrainAcc=0.627 | Val(P3)=0.542 | Val(AVO)=0.608
2025-10-01 14:41:33 - No AVO-val improvement; patience remaining: 20/50
2025-10-01 14:41:33 - Epoch 36/500 | LR=0.009880 | w_P3=1.000 | w_AVO=2.888 | lambda_MMD=0.150
2025-10-01 14:41:33 - Epoch Summary: TrainLoss=1.5710 | TrainAcc=0.631 | Val(P3)=0.558 | Val(AVO)=0.667
2025-10-01 14:41:33 - No AVO-val improvement; patience remaining: 19/50
2025-10-01 14:41:33 - Epoch 37/500 | LR=0.009873 | w_P3=1.000 | w_AVO=2.888 | lambda_MMD=0.150
2025-10-01 14:41:33 - Epoch Summary: TrainLoss=1.5659 | TrainAcc=0.630 | Val(P3)=0.565 | Val(AVO)=0.686
2025-10-01 14:41:33 - No AVO-val improvement; patience remaining: 18/50
2025-10-01 14:41:33 - Epoch 38/500 | LR=0.009865 | w_P3=1.000 | w_AVO=2.888 | lambda_MMD=0.150
2025-10-01 14:41:33 - Epoch Summary: TrainLoss=1.5329 | TrainAcc=0.630 | Val(P3)=0.558 | Val(AVO)=0.647
2025-10-01 14:41:33 - No AVO-val improvement; patience remaining: 17/50
2025-10-01 14:41:33 - Epoch 39/500 | LR=0.009858 | w_P3=1.000 | w_AVO=2.888 | lambda_MMD=0.150
2025-10-01 14:41:33 - Epoch Summary: TrainLoss=1.4409 | TrainAcc=0.629 | Val(P3)=0.555 | Val(AVO)=0.745
2025-10-01 14:41:33 - New best AVO-val; checkpoint updated
2025-10-01 14:41:33 - P3 val decreasing 3x. Reducing lambda_MMD to 0.105
2025-10-01 14:41:33 - Epoch 40/500 | LR=0.009851 | w_P3=1.000 | w_AVO=2.888 | lambda_MMD=0.105
2025-10-01 14:41:34 - Epoch Summary: TrainLoss=1.4726 | TrainAcc=0.642 | Val(P3)=0.555 | Val(AVO)=0.706
2025-10-01 14:41:34 - No AVO-val improvement; patience remaining: 49/50
2025-10-01 14:41:34 - Epoch 41/500 | LR=0.009843 | w_P3=1.000 | w_AVO=2.888 | lambda_MMD=0.150
2025-10-01 14:41:34 - Epoch Summary: TrainLoss=1.4937 | TrainAcc=0.641 | Val(P3)=0.562 | Val(AVO)=0.667
2025-10-01 14:41:34 - No AVO-val improvement; patience remaining: 48/50
2025-10-01 14:41:34 - AVO val decreasing 3x. Reducing w_small to 2.310, lambda_MMD to 0.075
2025-10-01 14:41:34 - Epoch 42/500 | LR=0.009835 | w_P3=1.000 | w_AVO=2.310 | lambda_MMD=0.075
2025-10-01 14:41:34 - Epoch Summary: TrainLoss=1.2346 | TrainAcc=0.642 | Val(P3)=0.571 | Val(AVO)=0.725
2025-10-01 14:41:34 - No AVO-val improvement; patience remaining: 47/50
2025-10-01 14:41:34 - Epoch 43/500 | LR=0.009827 | w_P3=1.000 | w_AVO=2.888 | lambda_MMD=0.150
2025-10-01 14:41:34 - Epoch Summary: TrainLoss=1.3894 | TrainAcc=0.640 | Val(P3)=0.565 | Val(AVO)=0.686
2025-10-01 14:41:34 - No AVO-val improvement; patience remaining: 46/50
2025-10-01 14:41:34 - Epoch 44/500 | LR=0.009819 | w_P3=1.000 | w_AVO=2.888 | lambda_MMD=0.150
2025-10-01 14:41:34 - Epoch Summary: TrainLoss=1.3805 | TrainAcc=0.649 | Val(P3)=0.558 | Val(AVO)=0.647
2025-10-01 14:41:34 - No AVO-val improvement; patience remaining: 45/50
2025-10-01 14:41:34 - AVO val decreasing 3x. Reducing w_small to 2.310, lambda_MMD to 0.075
2025-10-01 14:41:34 - P3 val decreasing 3x. Reducing lambda_MMD to 0.052
2025-10-01 14:41:34 - Epoch 45/500 | LR=0.009810 | w_P3=1.000 | w_AVO=2.310 | lambda_MMD=0.052
2025-10-01 14:41:34 - Epoch Summary: TrainLoss=1.2172 | TrainAcc=0.649 | Val(P3)=0.545 | Val(AVO)=0.647
2025-10-01 14:41:34 - No AVO-val improvement; patience remaining: 44/50
2025-10-01 14:41:34 - P3 val decreasing 3x. Reducing lambda_MMD to 0.105
2025-10-01 14:41:34 - Epoch 46/500 | LR=0.009801 | w_P3=1.000 | w_AVO=2.888 | lambda_MMD=0.105
2025-10-01 14:41:35 - Epoch Summary: TrainLoss=1.3619 | TrainAcc=0.653 | Val(P3)=0.529 | Val(AVO)=0.588
2025-10-01 14:41:35 - No AVO-val improvement; patience remaining: 43/50
2025-10-01 14:41:35 - P3 val decreasing 3x. Reducing lambda_MMD to 0.105
2025-10-01 14:41:35 - Epoch 47/500 | LR=0.009793 | w_P3=1.000 | w_AVO=2.888 | lambda_MMD=0.105
2025-10-01 14:41:35 - Epoch Summary: TrainLoss=1.3684 | TrainAcc=0.645 | Val(P3)=0.545 | Val(AVO)=0.627
2025-10-01 14:41:35 - No AVO-val improvement; patience remaining: 42/50
2025-10-01 14:41:35 - Epoch 48/500 | LR=0.009784 | w_P3=1.000 | w_AVO=2.888 | lambda_MMD=0.150
2025-10-01 14:41:35 - Epoch Summary: TrainLoss=1.3083 | TrainAcc=0.636 | Val(P3)=0.565 | Val(AVO)=0.706
2025-10-01 14:41:35 - No AVO-val improvement; patience remaining: 41/50
2025-10-01 14:41:35 - Epoch 49/500 | LR=0.009774 | w_P3=1.000 | w_AVO=2.888 | lambda_MMD=0.150
2025-10-01 14:41:35 - Epoch Summary: TrainLoss=1.2191 | TrainAcc=0.650 | Val(P3)=0.565 | Val(AVO)=0.725
2025-10-01 14:41:35 - No AVO-val improvement; patience remaining: 40/50
2025-10-01 14:41:35 - Epoch 50/500 | LR=0.009765 | w_P3=1.000 | w_AVO=2.888 | lambda_MMD=0.150
2025-10-01 14:41:35 - Epoch Summary: TrainLoss=1.2598 | TrainAcc=0.647 | Val(P3)=0.571 | Val(AVO)=0.706
2025-10-01 14:41:35 - No AVO-val improvement; patience remaining: 39/50
2025-10-01 14:41:35 - Epoch 51/500 | LR=0.009755 | w_P3=1.000 | w_AVO=2.888 | lambda_MMD=0.150
2025-10-01 14:41:35 - Epoch Summary: TrainLoss=1.2691 | TrainAcc=0.650 | Val(P3)=0.578 | Val(AVO)=0.706
2025-10-01 14:41:35 - No AVO-val improvement; patience remaining: 38/50
2025-10-01 14:41:35 - Epoch 52/500 | LR=0.009745 | w_P3=1.000 | w_AVO=2.888 | lambda_MMD=0.150
2025-10-01 14:41:35 - Epoch Summary: TrainLoss=1.3673 | TrainAcc=0.649 | Val(P3)=0.542 | Val(AVO)=0.725
2025-10-01 14:41:35 - No AVO-val improvement; patience remaining: 37/50
2025-10-01 14:41:35 - Epoch 53/500 | LR=0.009735 | w_P3=1.000 | w_AVO=2.888 | lambda_MMD=0.150
2025-10-01 14:41:36 - Epoch Summary: TrainLoss=1.2495 | TrainAcc=0.651 | Val(P3)=0.545 | Val(AVO)=0.667
2025-10-01 14:41:36 - No AVO-val improvement; patience remaining: 36/50
2025-10-01 14:41:36 - Epoch 54/500 | LR=0.009725 | w_P3=1.000 | w_AVO=2.888 | lambda_MMD=0.150
2025-10-01 14:41:36 - Epoch Summary: TrainLoss=1.1924 | TrainAcc=0.648 | Val(P3)=0.565 | Val(AVO)=0.706
2025-10-01 14:41:36 - No AVO-val improvement; patience remaining: 35/50
2025-10-01 14:41:36 - Epoch 55/500 | LR=0.009715 | w_P3=1.000 | w_AVO=2.888 | lambda_MMD=0.150
2025-10-01 14:41:36 - Epoch Summary: TrainLoss=1.2015 | TrainAcc=0.654 | Val(P3)=0.568 | Val(AVO)=0.667
2025-10-01 14:41:36 - No AVO-val improvement; patience remaining: 34/50
2025-10-01 14:41:36 - Epoch 56/500 | LR=0.009704 | w_P3=1.000 | w_AVO=2.888 | lambda_MMD=0.150
2025-10-01 14:41:36 - Epoch Summary: TrainLoss=1.2234 | TrainAcc=0.654 | Val(P3)=0.565 | Val(AVO)=0.686
2025-10-01 14:41:36 - No AVO-val improvement; patience remaining: 33/50
2025-10-01 14:41:36 - Epoch 57/500 | LR=0.009694 | w_P3=1.000 | w_AVO=2.888 | lambda_MMD=0.150
2025-10-01 14:41:36 - Epoch Summary: TrainLoss=1.1200 | TrainAcc=0.658 | Val(P3)=0.542 | Val(AVO)=0.667
2025-10-01 14:41:36 - No AVO-val improvement; patience remaining: 32/50
2025-10-01 14:41:36 - P3 val decreasing 3x. Reducing lambda_MMD to 0.105
2025-10-01 14:41:36 - Epoch 58/500 | LR=0.009683 | w_P3=1.000 | w_AVO=2.888 | lambda_MMD=0.105
2025-10-01 14:41:36 - Epoch Summary: TrainLoss=1.2028 | TrainAcc=0.649 | Val(P3)=0.591 | Val(AVO)=0.706
2025-10-01 14:41:36 - No AVO-val improvement; patience remaining: 31/50
2025-10-01 14:41:36 - Epoch 59/500 | LR=0.009672 | w_P3=1.000 | w_AVO=2.888 | lambda_MMD=0.150
2025-10-01 14:41:36 - Epoch Summary: TrainLoss=1.2044 | TrainAcc=0.647 | Val(P3)=0.549 | Val(AVO)=0.647
2025-10-01 14:41:36 - No AVO-val improvement; patience remaining: 30/50
2025-10-01 14:41:36 - Epoch 60/500 | LR=0.009660 | w_P3=1.000 | w_AVO=2.888 | lambda_MMD=0.150
2025-10-01 14:41:36 - Epoch Summary: TrainLoss=1.1037 | TrainAcc=0.660 | Val(P3)=0.565 | Val(AVO)=0.686
2025-10-01 14:41:36 - No AVO-val improvement; patience remaining: 29/50
2025-10-01 14:41:36 - Epoch 61/500 | LR=0.009649 | w_P3=1.000 | w_AVO=2.888 | lambda_MMD=0.150
2025-10-01 14:41:37 - Epoch Summary: TrainLoss=1.0935 | TrainAcc=0.665 | Val(P3)=0.565 | Val(AVO)=0.667
2025-10-01 14:41:37 - No AVO-val improvement; patience remaining: 28/50
2025-10-01 14:41:37 - Epoch 62/500 | LR=0.009637 | w_P3=1.000 | w_AVO=2.888 | lambda_MMD=0.150
2025-10-01 14:41:37 - Epoch Summary: TrainLoss=1.1912 | TrainAcc=0.660 | Val(P3)=0.591 | Val(AVO)=0.686
2025-10-01 14:41:37 - No AVO-val improvement; patience remaining: 27/50
2025-10-01 14:41:37 - Epoch 63/500 | LR=0.009625 | w_P3=1.000 | w_AVO=2.888 | lambda_MMD=0.150
2025-10-01 14:41:37 - Epoch Summary: TrainLoss=1.0862 | TrainAcc=0.658 | Val(P3)=0.571 | Val(AVO)=0.647
2025-10-01 14:41:37 - No AVO-val improvement; patience remaining: 26/50
2025-10-01 14:41:37 - Epoch 64/500 | LR=0.009613 | w_P3=1.000 | w_AVO=2.888 | lambda_MMD=0.150
2025-10-01 14:41:37 - Epoch Summary: TrainLoss=1.0504 | TrainAcc=0.670 | Val(P3)=0.568 | Val(AVO)=0.667
2025-10-01 14:41:37 - No AVO-val improvement; patience remaining: 25/50
2025-10-01 14:41:37 - P3 val decreasing 3x. Reducing lambda_MMD to 0.105
2025-10-01 14:41:37 - Epoch 65/500 | LR=0.009601 | w_P3=1.000 | w_AVO=2.888 | lambda_MMD=0.105
2025-10-01 14:41:37 - Epoch Summary: TrainLoss=1.0300 | TrainAcc=0.679 | Val(P3)=0.545 | Val(AVO)=0.647
2025-10-01 14:41:37 - No AVO-val improvement; patience remaining: 24/50
2025-10-01 14:41:37 - P3 val decreasing 3x. Reducing lambda_MMD to 0.105
2025-10-01 14:41:37 - Epoch 66/500 | LR=0.009589 | w_P3=1.000 | w_AVO=2.888 | lambda_MMD=0.105
2025-10-01 14:41:37 - Epoch Summary: TrainLoss=1.0271 | TrainAcc=0.664 | Val(P3)=0.545 | Val(AVO)=0.686
2025-10-01 14:41:37 - No AVO-val improvement; patience remaining: 23/50
2025-10-01 14:41:37 - Epoch 67/500 | LR=0.009576 | w_P3=1.000 | w_AVO=2.888 | lambda_MMD=0.150
2025-10-01 14:41:37 - Epoch Summary: TrainLoss=1.0041 | TrainAcc=0.677 | Val(P3)=0.558 | Val(AVO)=0.706
2025-10-01 14:41:37 - No AVO-val improvement; patience remaining: 22/50
2025-10-01 14:41:37 - Epoch 68/500 | LR=0.009563 | w_P3=1.000 | w_AVO=2.888 | lambda_MMD=0.150
2025-10-01 14:41:38 - Epoch Summary: TrainLoss=0.9870 | TrainAcc=0.669 | Val(P3)=0.542 | Val(AVO)=0.686
2025-10-01 14:41:38 - No AVO-val improvement; patience remaining: 21/50
2025-10-01 14:41:38 - Epoch 69/500 | LR=0.009551 | w_P3=1.000 | w_AVO=2.888 | lambda_MMD=0.150
2025-10-01 14:41:38 - Epoch Summary: TrainLoss=1.0095 | TrainAcc=0.673 | Val(P3)=0.549 | Val(AVO)=0.706
2025-10-01 14:41:38 - No AVO-val improvement; patience remaining: 20/50
2025-10-01 14:41:38 - Epoch 70/500 | LR=0.009537 | w_P3=1.000 | w_AVO=2.888 | lambda_MMD=0.150
2025-10-01 14:41:38 - Epoch Summary: TrainLoss=1.0285 | TrainAcc=0.671 | Val(P3)=0.539 | Val(AVO)=0.706
2025-10-01 14:41:38 - No AVO-val improvement; patience remaining: 19/50
2025-10-01 14:41:38 - Epoch 71/500 | LR=0.009524 | w_P3=1.000 | w_AVO=2.888 | lambda_MMD=0.150
2025-10-01 14:41:38 - Epoch Summary: TrainLoss=0.9759 | TrainAcc=0.679 | Val(P3)=0.539 | Val(AVO)=0.725
2025-10-01 14:41:38 - No AVO-val improvement; patience remaining: 18/50
2025-10-01 14:41:38 - Epoch 72/500 | LR=0.009511 | w_P3=1.000 | w_AVO=2.888 | lambda_MMD=0.150
2025-10-01 14:41:38 - Epoch Summary: TrainLoss=1.0358 | TrainAcc=0.677 | Val(P3)=0.529 | Val(AVO)=0.647
2025-10-01 14:41:38 - No AVO-val improvement; patience remaining: 17/50
2025-10-01 14:41:38 - Epoch 73/500 | LR=0.009497 | w_P3=1.000 | w_AVO=2.888 | lambda_MMD=0.150
2025-10-01 14:41:38 - Epoch Summary: TrainLoss=0.9608 | TrainAcc=0.672 | Val(P3)=0.549 | Val(AVO)=0.745
2025-10-01 14:41:38 - No AVO-val improvement; patience remaining: 16/50
2025-10-01 14:41:38 - Epoch 74/500 | LR=0.009483 | w_P3=1.000 | w_AVO=2.888 | lambda_MMD=0.150
2025-10-01 14:41:39 - Epoch Summary: TrainLoss=0.9158 | TrainAcc=0.678 | Val(P3)=0.545 | Val(AVO)=0.667
2025-10-01 14:41:39 - No AVO-val improvement; patience remaining: 15/50
2025-10-01 14:41:39 - Epoch 75/500 | LR=0.009469 | w_P3=1.000 | w_AVO=2.888 | lambda_MMD=0.150
2025-10-01 14:41:39 - Epoch Summary: TrainLoss=1.0020 | TrainAcc=0.676 | Val(P3)=0.555 | Val(AVO)=0.725
2025-10-01 14:41:39 - No AVO-val improvement; patience remaining: 14/50
2025-10-01 14:41:39 - Epoch 76/500 | LR=0.009455 | w_P3=1.000 | w_AVO=2.888 | lambda_MMD=0.150
2025-10-01 14:41:39 - Epoch Summary: TrainLoss=0.9899 | TrainAcc=0.677 | Val(P3)=0.578 | Val(AVO)=0.706
2025-10-01 14:41:39 - No AVO-val improvement; patience remaining: 13/50
2025-10-01 14:41:39 - Epoch 77/500 | LR=0.009441 | w_P3=1.000 | w_AVO=2.888 | lambda_MMD=0.150
2025-10-01 14:41:39 - Epoch Summary: TrainLoss=1.0379 | TrainAcc=0.685 | Val(P3)=0.594 | Val(AVO)=0.647
2025-10-01 14:41:39 - No AVO-val improvement; patience remaining: 12/50
2025-10-01 14:41:39 - AVO val decreasing 3x. Reducing w_small to 2.310, lambda_MMD to 0.075
2025-10-01 14:41:39 - Epoch 78/500 | LR=0.009426 | w_P3=1.000 | w_AVO=2.310 | lambda_MMD=0.075
2025-10-01 14:41:39 - Epoch Summary: TrainLoss=0.8831 | TrainAcc=0.692 | Val(P3)=0.552 | Val(AVO)=0.725
2025-10-01 14:41:39 - No AVO-val improvement; patience remaining: 11/50
2025-10-01 14:41:39 - Epoch 79/500 | LR=0.009411 | w_P3=1.000 | w_AVO=2.888 | lambda_MMD=0.150
2025-10-01 14:41:39 - Epoch Summary: TrainLoss=1.0002 | TrainAcc=0.684 | Val(P3)=0.529 | Val(AVO)=0.588
2025-10-01 14:41:39 - No AVO-val improvement; patience remaining: 10/50
2025-10-01 14:41:39 - P3 val decreasing 3x. Reducing lambda_MMD to 0.105
2025-10-01 14:41:39 - Epoch 80/500 | LR=0.009397 | w_P3=1.000 | w_AVO=2.888 | lambda_MMD=0.105
2025-10-01 14:41:39 - Epoch Summary: TrainLoss=0.9466 | TrainAcc=0.673 | Val(P3)=0.552 | Val(AVO)=0.706
2025-10-01 14:41:39 - No AVO-val improvement; patience remaining: 9/50
2025-10-01 14:41:39 - Epoch 81/500 | LR=0.009382 | w_P3=1.000 | w_AVO=2.888 | lambda_MMD=0.150
2025-10-01 14:41:39 - Epoch Summary: TrainLoss=0.9088 | TrainAcc=0.690 | Val(P3)=0.614 | Val(AVO)=0.627
2025-10-01 14:41:39 - No AVO-val improvement; patience remaining: 8/50
2025-10-01 14:41:39 - Epoch 82/500 | LR=0.009366 | w_P3=1.000 | w_AVO=2.888 | lambda_MMD=0.150
2025-10-01 14:41:40 - Epoch Summary: TrainLoss=0.9550 | TrainAcc=0.672 | Val(P3)=0.536 | Val(AVO)=0.706
2025-10-01 14:41:40 - No AVO-val improvement; patience remaining: 7/50
2025-10-01 14:41:40 - Epoch 83/500 | LR=0.009351 | w_P3=1.000 | w_AVO=2.888 | lambda_MMD=0.150
2025-10-01 14:41:40 - Epoch Summary: TrainLoss=0.8742 | TrainAcc=0.698 | Val(P3)=0.545 | Val(AVO)=0.667
2025-10-01 14:41:40 - No AVO-val improvement; patience remaining: 6/50
2025-10-01 14:41:40 - Epoch 84/500 | LR=0.009335 | w_P3=1.000 | w_AVO=2.888 | lambda_MMD=0.150
2025-10-01 14:41:40 - Epoch Summary: TrainLoss=0.8574 | TrainAcc=0.698 | Val(P3)=0.542 | Val(AVO)=0.706
2025-10-01 14:41:40 - No AVO-val improvement; patience remaining: 5/50
2025-10-01 14:41:40 - Epoch 85/500 | LR=0.009320 | w_P3=1.000 | w_AVO=2.888 | lambda_MMD=0.150
2025-10-01 14:41:40 - Epoch Summary: TrainLoss=0.8765 | TrainAcc=0.690 | Val(P3)=0.536 | Val(AVO)=0.745
2025-10-01 14:41:40 - No AVO-val improvement; patience remaining: 4/50
2025-10-01 14:41:40 - P3 val decreasing 3x. Reducing lambda_MMD to 0.105
2025-10-01 14:41:40 - Epoch 86/500 | LR=0.009304 | w_P3=1.000 | w_AVO=2.888 | lambda_MMD=0.105
2025-10-01 14:41:40 - Epoch Summary: TrainLoss=0.8335 | TrainAcc=0.702 | Val(P3)=0.549 | Val(AVO)=0.667
2025-10-01 14:41:40 - No AVO-val improvement; patience remaining: 3/50
2025-10-01 14:41:40 - Epoch 87/500 | LR=0.009288 | w_P3=1.000 | w_AVO=2.888 | lambda_MMD=0.150
2025-10-01 14:41:40 - Epoch Summary: TrainLoss=0.8854 | TrainAcc=0.707 | Val(P3)=0.536 | Val(AVO)=0.725
2025-10-01 14:41:40 - No AVO-val improvement; patience remaining: 2/50
2025-10-01 14:41:40 - Epoch 88/500 | LR=0.009271 | w_P3=1.000 | w_AVO=2.888 | lambda_MMD=0.150
2025-10-01 14:41:40 - Epoch Summary: TrainLoss=0.8805 | TrainAcc=0.705 | Val(P3)=0.545 | Val(AVO)=0.725
2025-10-01 14:41:40 - No AVO-val improvement; patience remaining: 1/50
2025-10-01 14:41:40 - Epoch 89/500 | LR=0.009255 | w_P3=1.000 | w_AVO=2.888 | lambda_MMD=0.150
2025-10-01 14:41:40 - Epoch Summary: TrainLoss=0.7869 | TrainAcc=0.713 | Val(P3)=0.536 | Val(AVO)=0.686
2025-10-01 14:41:40 - No AVO-val improvement; patience remaining: 0/50
2025-10-01 14:41:40 - Early stopping triggered (AVO-val)
2025-10-01 14:41:40 -     P3 Test | Acc=0.5604 P=0.7087 R=0.2260 F1=0.3427 AUC=0.6161 (n=637)
2025-10-01 14:41:40 -     AVO Test | Acc=0.6250 P=0.5556 R=0.8333 F1=0.6667 AUC=0.7311 (n=80)
2025-10-01 14:41:40 -     Overall Test Acc=0.5676
2025-10-01 14:41:40 -   Fold 5/5
2025-10-01 14:41:40 - Fold domains: small=AVO (n=268), large=P3 (n=2244)
2025-10-01 14:41:40 - Auto adjustments (symmetric): w_small≈1.000, lambda_MMD_target=0.150, warmup_epochs=5
2025-10-01 14:41:40 - Epoch 1/500 | LR=0.010000 | w_P3=1.000 | w_AVO=1.379 | lambda_MMD=0.030
2025-10-01 14:41:41 - Epoch Summary: TrainLoss=1.6450 | TrainAcc=0.575 | Val(P3)=0.614 | Val(AVO)=0.471
2025-10-01 14:41:41 - New best AVO-val; checkpoint updated
2025-10-01 14:41:41 - Epoch 2/500 | LR=0.010000 | w_P3=1.000 | w_AVO=1.757 | lambda_MMD=0.060
2025-10-01 14:41:41 - Epoch Summary: TrainLoss=1.7521 | TrainAcc=0.603 | Val(P3)=0.623 | Val(AVO)=0.471
2025-10-01 14:41:41 - No AVO-val improvement; patience remaining: 49/50
2025-10-01 14:41:41 - Epoch 3/500 | LR=0.010000 | w_P3=1.000 | w_AVO=2.136 | lambda_MMD=0.090
2025-10-01 14:41:41 - Epoch Summary: TrainLoss=2.0194 | TrainAcc=0.596 | Val(P3)=0.623 | Val(AVO)=0.569
2025-10-01 14:41:41 - New best AVO-val; checkpoint updated
2025-10-01 14:41:41 - Epoch 4/500 | LR=0.009999 | w_P3=1.000 | w_AVO=2.515 | lambda_MMD=0.120
2025-10-01 14:41:41 - Epoch Summary: TrainLoss=2.1888 | TrainAcc=0.614 | Val(P3)=0.610 | Val(AVO)=0.549
2025-10-01 14:41:41 - No AVO-val improvement; patience remaining: 49/50
2025-10-01 14:41:41 - Epoch 5/500 | LR=0.009998 | w_P3=1.000 | w_AVO=2.894 | lambda_MMD=0.150
2025-10-01 14:41:41 - Epoch Summary: TrainLoss=2.4990 | TrainAcc=0.596 | Val(P3)=0.614 | Val(AVO)=0.627
2025-10-01 14:41:41 - New best AVO-val; checkpoint updated
2025-10-01 14:41:41 - Epoch 6/500 | LR=0.009998 | w_P3=1.000 | w_AVO=2.894 | lambda_MMD=0.150
2025-10-01 14:41:41 - Epoch Summary: TrainLoss=2.4355 | TrainAcc=0.614 | Val(P3)=0.604 | Val(AVO)=0.549
2025-10-01 14:41:41 - No AVO-val improvement; patience remaining: 49/50
2025-10-01 14:41:41 - Epoch 7/500 | LR=0.009996 | w_P3=1.000 | w_AVO=2.894 | lambda_MMD=0.150
2025-10-01 14:41:41 - Epoch Summary: TrainLoss=2.3752 | TrainAcc=0.601 | Val(P3)=0.601 | Val(AVO)=0.510
2025-10-01 14:41:41 - No AVO-val improvement; patience remaining: 48/50
2025-10-01 14:41:41 - AVO val decreasing 3x. Reducing w_small to 2.315, lambda_MMD to 0.075
2025-10-01 14:41:41 - P3 val decreasing 3x. Reducing lambda_MMD to 0.052
2025-10-01 14:41:41 - Epoch 8/500 | LR=0.009995 | w_P3=1.000 | w_AVO=2.315 | lambda_MMD=0.052
2025-10-01 14:41:41 - Epoch Summary: TrainLoss=1.9969 | TrainAcc=0.611 | Val(P3)=0.649 | Val(AVO)=0.627
2025-10-01 14:41:41 - No AVO-val improvement; patience remaining: 47/50
2025-10-01 14:41:41 - Epoch 9/500 | LR=0.009994 | w_P3=1.000 | w_AVO=2.894 | lambda_MMD=0.150
2025-10-01 14:41:42 - Epoch Summary: TrainLoss=2.3092 | TrainAcc=0.612 | Val(P3)=0.581 | Val(AVO)=0.510
2025-10-01 14:41:42 - No AVO-val improvement; patience remaining: 46/50
2025-10-01 14:41:42 - Epoch 10/500 | LR=0.009992 | w_P3=1.000 | w_AVO=2.894 | lambda_MMD=0.150
2025-10-01 14:41:42 - Epoch Summary: TrainLoss=2.3519 | TrainAcc=0.626 | Val(P3)=0.591 | Val(AVO)=0.549
2025-10-01 14:41:42 - No AVO-val improvement; patience remaining: 45/50
2025-10-01 14:41:42 - Epoch 11/500 | LR=0.009990 | w_P3=1.000 | w_AVO=2.894 | lambda_MMD=0.150
2025-10-01 14:41:42 - Epoch Summary: TrainLoss=2.2167 | TrainAcc=0.617 | Val(P3)=0.591 | Val(AVO)=0.549
2025-10-01 14:41:42 - No AVO-val improvement; patience remaining: 44/50
2025-10-01 14:41:42 - Epoch 12/500 | LR=0.009988 | w_P3=1.000 | w_AVO=2.894 | lambda_MMD=0.150
2025-10-01 14:41:42 - Epoch Summary: TrainLoss=2.2591 | TrainAcc=0.615 | Val(P3)=0.597 | Val(AVO)=0.529
2025-10-01 14:41:42 - No AVO-val improvement; patience remaining: 43/50
2025-10-01 14:41:42 - Epoch 13/500 | LR=0.009986 | w_P3=1.000 | w_AVO=2.894 | lambda_MMD=0.150
2025-10-01 14:41:42 - Epoch Summary: TrainLoss=2.1847 | TrainAcc=0.620 | Val(P3)=0.604 | Val(AVO)=0.529
2025-10-01 14:41:42 - No AVO-val improvement; patience remaining: 42/50
2025-10-01 14:41:42 - Epoch 14/500 | LR=0.009983 | w_P3=1.000 | w_AVO=2.894 | lambda_MMD=0.150
2025-10-01 14:41:42 - Epoch Summary: TrainLoss=2.1431 | TrainAcc=0.603 | Val(P3)=0.588 | Val(AVO)=0.608
2025-10-01 14:41:42 - No AVO-val improvement; patience remaining: 41/50
2025-10-01 14:41:42 - Epoch 15/500 | LR=0.009981 | w_P3=1.000 | w_AVO=2.894 | lambda_MMD=0.150
2025-10-01 14:41:42 - Epoch Summary: TrainLoss=2.1439 | TrainAcc=0.617 | Val(P3)=0.601 | Val(AVO)=0.647
2025-10-01 14:41:42 - New best AVO-val; checkpoint updated
2025-10-01 14:41:42 - Epoch 16/500 | LR=0.009978 | w_P3=1.000 | w_AVO=2.894 | lambda_MMD=0.150
2025-10-01 14:41:42 - Epoch Summary: TrainLoss=2.0895 | TrainAcc=0.611 | Val(P3)=0.558 | Val(AVO)=0.431
2025-10-01 14:41:42 - No AVO-val improvement; patience remaining: 49/50
2025-10-01 14:41:42 - Epoch 17/500 | LR=0.009975 | w_P3=1.000 | w_AVO=2.894 | lambda_MMD=0.150
2025-10-01 14:41:43 - Epoch Summary: TrainLoss=2.0357 | TrainAcc=0.632 | Val(P3)=0.555 | Val(AVO)=0.569
2025-10-01 14:41:43 - No AVO-val improvement; patience remaining: 48/50
2025-10-01 14:41:43 - P3 val decreasing 3x. Reducing lambda_MMD to 0.105
2025-10-01 14:41:43 - Epoch 18/500 | LR=0.009972 | w_P3=1.000 | w_AVO=2.894 | lambda_MMD=0.105
2025-10-01 14:41:43 - Epoch Summary: TrainLoss=1.9675 | TrainAcc=0.627 | Val(P3)=0.597 | Val(AVO)=0.510
2025-10-01 14:41:43 - No AVO-val improvement; patience remaining: 47/50
2025-10-01 14:41:43 - Epoch 19/500 | LR=0.009968 | w_P3=1.000 | w_AVO=2.894 | lambda_MMD=0.150
2025-10-01 14:41:43 - Epoch Summary: TrainLoss=2.0146 | TrainAcc=0.619 | Val(P3)=0.588 | Val(AVO)=0.529
2025-10-01 14:41:43 - No AVO-val improvement; patience remaining: 46/50
2025-10-01 14:41:43 - Epoch 20/500 | LR=0.009964 | w_P3=1.000 | w_AVO=2.894 | lambda_MMD=0.150
2025-10-01 14:41:43 - Epoch Summary: TrainLoss=1.9603 | TrainAcc=0.619 | Val(P3)=0.627 | Val(AVO)=0.608
2025-10-01 14:41:43 - No AVO-val improvement; patience remaining: 45/50
2025-10-01 14:41:43 - Epoch 21/500 | LR=0.009961 | w_P3=1.000 | w_AVO=2.894 | lambda_MMD=0.150
2025-10-01 14:41:43 - Epoch Summary: TrainLoss=1.9929 | TrainAcc=0.621 | Val(P3)=0.565 | Val(AVO)=0.510
2025-10-01 14:41:43 - No AVO-val improvement; patience remaining: 44/50
2025-10-01 14:41:43 - Epoch 22/500 | LR=0.009957 | w_P3=1.000 | w_AVO=2.894 | lambda_MMD=0.150
2025-10-01 14:41:43 - Epoch Summary: TrainLoss=1.9372 | TrainAcc=0.633 | Val(P3)=0.575 | Val(AVO)=0.647
2025-10-01 14:41:43 - No AVO-val improvement; patience remaining: 43/50
2025-10-01 14:41:43 - Epoch 23/500 | LR=0.009952 | w_P3=1.000 | w_AVO=2.894 | lambda_MMD=0.150
2025-10-01 14:41:43 - Epoch Summary: TrainLoss=1.8180 | TrainAcc=0.631 | Val(P3)=0.562 | Val(AVO)=0.569
2025-10-01 14:41:43 - No AVO-val improvement; patience remaining: 42/50
2025-10-01 14:41:43 - Epoch 24/500 | LR=0.009948 | w_P3=1.000 | w_AVO=2.894 | lambda_MMD=0.150
2025-10-01 14:41:43 - Epoch Summary: TrainLoss=1.8259 | TrainAcc=0.625 | Val(P3)=0.584 | Val(AVO)=0.686
2025-10-01 14:41:43 - New best AVO-val; checkpoint updated
2025-10-01 14:41:43 - Epoch 25/500 | LR=0.009943 | w_P3=1.000 | w_AVO=2.894 | lambda_MMD=0.150
2025-10-01 14:41:44 - Epoch Summary: TrainLoss=1.7966 | TrainAcc=0.624 | Val(P3)=0.555 | Val(AVO)=0.471
2025-10-01 14:41:44 - No AVO-val improvement; patience remaining: 49/50
2025-10-01 14:41:44 - Epoch 26/500 | LR=0.009938 | w_P3=1.000 | w_AVO=2.894 | lambda_MMD=0.150
2025-10-01 14:41:44 - Epoch Summary: TrainLoss=1.7769 | TrainAcc=0.623 | Val(P3)=0.536 | Val(AVO)=0.490
2025-10-01 14:41:44 - No AVO-val improvement; patience remaining: 48/50
2025-10-01 14:41:44 - P3 val decreasing 3x. Reducing lambda_MMD to 0.105
2025-10-01 14:41:44 - Epoch 27/500 | LR=0.009933 | w_P3=1.000 | w_AVO=2.894 | lambda_MMD=0.105
2025-10-01 14:41:44 - Epoch Summary: TrainLoss=1.7121 | TrainAcc=0.628 | Val(P3)=0.594 | Val(AVO)=0.706
2025-10-01 14:41:44 - New best AVO-val; checkpoint updated
2025-10-01 14:41:44 - Epoch 28/500 | LR=0.009928 | w_P3=1.000 | w_AVO=2.894 | lambda_MMD=0.150
2025-10-01 14:41:44 - Epoch Summary: TrainLoss=1.6804 | TrainAcc=0.639 | Val(P3)=0.542 | Val(AVO)=0.608
2025-10-01 14:41:44 - No AVO-val improvement; patience remaining: 49/50
2025-10-01 14:41:44 - Epoch 29/500 | LR=0.009923 | w_P3=1.000 | w_AVO=2.894 | lambda_MMD=0.150
2025-10-01 14:41:44 - Epoch Summary: TrainLoss=1.7036 | TrainAcc=0.624 | Val(P3)=0.575 | Val(AVO)=0.608
2025-10-01 14:41:44 - No AVO-val improvement; patience remaining: 48/50
2025-10-01 14:41:44 - Epoch 30/500 | LR=0.009917 | w_P3=1.000 | w_AVO=2.894 | lambda_MMD=0.150
2025-10-01 14:41:44 - Epoch Summary: TrainLoss=1.7179 | TrainAcc=0.630 | Val(P3)=0.552 | Val(AVO)=0.647
2025-10-01 14:41:44 - No AVO-val improvement; patience remaining: 47/50
2025-10-01 14:41:44 - Epoch 31/500 | LR=0.009911 | w_P3=1.000 | w_AVO=2.894 | lambda_MMD=0.150
2025-10-01 14:41:45 - Epoch Summary: TrainLoss=1.6397 | TrainAcc=0.633 | Val(P3)=0.552 | Val(AVO)=0.510
2025-10-01 14:41:45 - No AVO-val improvement; patience remaining: 46/50
2025-10-01 14:41:45 - Epoch 32/500 | LR=0.009905 | w_P3=1.000 | w_AVO=2.894 | lambda_MMD=0.150
2025-10-01 14:41:45 - Epoch Summary: TrainLoss=1.5295 | TrainAcc=0.631 | Val(P3)=0.542 | Val(AVO)=0.529
2025-10-01 14:41:45 - No AVO-val improvement; patience remaining: 45/50
2025-10-01 14:41:45 - Epoch 33/500 | LR=0.009899 | w_P3=1.000 | w_AVO=2.894 | lambda_MMD=0.150
2025-10-01 14:41:45 - Epoch Summary: TrainLoss=1.5039 | TrainAcc=0.640 | Val(P3)=0.578 | Val(AVO)=0.647
2025-10-01 14:41:45 - No AVO-val improvement; patience remaining: 44/50
2025-10-01 14:41:45 - Epoch 34/500 | LR=0.009893 | w_P3=1.000 | w_AVO=2.894 | lambda_MMD=0.150
2025-10-01 14:41:45 - Epoch Summary: TrainLoss=1.5773 | TrainAcc=0.639 | Val(P3)=0.565 | Val(AVO)=0.647
2025-10-01 14:41:45 - No AVO-val improvement; patience remaining: 43/50
2025-10-01 14:41:45 - Epoch 35/500 | LR=0.009886 | w_P3=1.000 | w_AVO=2.894 | lambda_MMD=0.150
2025-10-01 14:41:45 - Epoch Summary: TrainLoss=1.5513 | TrainAcc=0.641 | Val(P3)=0.552 | Val(AVO)=0.490
2025-10-01 14:41:45 - No AVO-val improvement; patience remaining: 42/50
2025-10-01 14:41:45 - P3 val decreasing 3x. Reducing lambda_MMD to 0.105
2025-10-01 14:41:45 - Epoch 36/500 | LR=0.009880 | w_P3=1.000 | w_AVO=2.894 | lambda_MMD=0.105
2025-10-01 14:41:45 - Epoch Summary: TrainLoss=1.5058 | TrainAcc=0.639 | Val(P3)=0.545 | Val(AVO)=0.549
2025-10-01 14:41:45 - No AVO-val improvement; patience remaining: 41/50
2025-10-01 14:41:45 - P3 val decreasing 3x. Reducing lambda_MMD to 0.105
2025-10-01 14:41:45 - Epoch 37/500 | LR=0.009873 | w_P3=1.000 | w_AVO=2.894 | lambda_MMD=0.105
2025-10-01 14:41:45 - Epoch Summary: TrainLoss=1.4416 | TrainAcc=0.641 | Val(P3)=0.545 | Val(AVO)=0.686
2025-10-01 14:41:45 - No AVO-val improvement; patience remaining: 40/50
2025-10-01 14:41:45 - Epoch 38/500 | LR=0.009865 | w_P3=1.000 | w_AVO=2.894 | lambda_MMD=0.150
2025-10-01 14:41:45 - Epoch Summary: TrainLoss=1.4331 | TrainAcc=0.641 | Val(P3)=0.571 | Val(AVO)=0.647
2025-10-01 14:41:45 - No AVO-val improvement; patience remaining: 39/50
2025-10-01 14:41:45 - Epoch 39/500 | LR=0.009858 | w_P3=1.000 | w_AVO=2.894 | lambda_MMD=0.150
2025-10-01 14:41:46 - Epoch Summary: TrainLoss=1.4846 | TrainAcc=0.631 | Val(P3)=0.581 | Val(AVO)=0.667
2025-10-01 14:41:46 - No AVO-val improvement; patience remaining: 38/50
2025-10-01 14:41:46 - Epoch 40/500 | LR=0.009851 | w_P3=1.000 | w_AVO=2.894 | lambda_MMD=0.150
2025-10-01 14:41:46 - Epoch Summary: TrainLoss=1.4541 | TrainAcc=0.643 | Val(P3)=0.532 | Val(AVO)=0.686
2025-10-01 14:41:46 - No AVO-val improvement; patience remaining: 37/50
2025-10-01 14:41:46 - Epoch 41/500 | LR=0.009843 | w_P3=1.000 | w_AVO=2.894 | lambda_MMD=0.150
2025-10-01 14:41:46 - Epoch Summary: TrainLoss=1.3256 | TrainAcc=0.644 | Val(P3)=0.562 | Val(AVO)=0.647
2025-10-01 14:41:46 - No AVO-val improvement; patience remaining: 36/50
2025-10-01 14:41:46 - Epoch 42/500 | LR=0.009835 | w_P3=1.000 | w_AVO=2.894 | lambda_MMD=0.150
2025-10-01 14:41:46 - Epoch Summary: TrainLoss=1.3237 | TrainAcc=0.642 | Val(P3)=0.545 | Val(AVO)=0.667
2025-10-01 14:41:46 - No AVO-val improvement; patience remaining: 35/50
2025-10-01 14:41:46 - Epoch 43/500 | LR=0.009827 | w_P3=1.000 | w_AVO=2.894 | lambda_MMD=0.150
2025-10-01 14:41:46 - Epoch Summary: TrainLoss=1.3245 | TrainAcc=0.650 | Val(P3)=0.584 | Val(AVO)=0.627
2025-10-01 14:41:46 - No AVO-val improvement; patience remaining: 34/50
2025-10-01 14:41:46 - Epoch 44/500 | LR=0.009819 | w_P3=1.000 | w_AVO=2.894 | lambda_MMD=0.150
2025-10-01 14:41:46 - Epoch Summary: TrainLoss=1.3284 | TrainAcc=0.635 | Val(P3)=0.581 | Val(AVO)=0.627
2025-10-01 14:41:46 - No AVO-val improvement; patience remaining: 33/50
2025-10-01 14:41:46 - Epoch 45/500 | LR=0.009810 | w_P3=1.000 | w_AVO=2.894 | lambda_MMD=0.150
2025-10-01 14:41:46 - Epoch Summary: TrainLoss=1.3106 | TrainAcc=0.652 | Val(P3)=0.584 | Val(AVO)=0.608
2025-10-01 14:41:46 - No AVO-val improvement; patience remaining: 32/50
2025-10-01 14:41:46 - Epoch 46/500 | LR=0.009801 | w_P3=1.000 | w_AVO=2.894 | lambda_MMD=0.150
2025-10-01 14:41:47 - Epoch Summary: TrainLoss=1.2717 | TrainAcc=0.646 | Val(P3)=0.562 | Val(AVO)=0.647
2025-10-01 14:41:47 - No AVO-val improvement; patience remaining: 31/50
2025-10-01 14:41:47 - Epoch 47/500 | LR=0.009793 | w_P3=1.000 | w_AVO=2.894 | lambda_MMD=0.150
2025-10-01 14:41:47 - Epoch Summary: TrainLoss=1.2472 | TrainAcc=0.660 | Val(P3)=0.545 | Val(AVO)=0.706
2025-10-01 14:41:47 - No AVO-val improvement; patience remaining: 30/50
2025-10-01 14:41:47 - P3 val decreasing 3x. Reducing lambda_MMD to 0.105
2025-10-01 14:41:47 - Epoch 48/500 | LR=0.009784 | w_P3=1.000 | w_AVO=2.894 | lambda_MMD=0.105
2025-10-01 14:41:47 - Epoch Summary: TrainLoss=1.2400 | TrainAcc=0.658 | Val(P3)=0.555 | Val(AVO)=0.667
2025-10-01 14:41:47 - No AVO-val improvement; patience remaining: 29/50
2025-10-01 14:41:47 - Epoch 49/500 | LR=0.009774 | w_P3=1.000 | w_AVO=2.894 | lambda_MMD=0.150
2025-10-01 14:41:47 - Epoch Summary: TrainLoss=1.2389 | TrainAcc=0.655 | Val(P3)=0.575 | Val(AVO)=0.686
2025-10-01 14:41:47 - No AVO-val improvement; patience remaining: 28/50
2025-10-01 14:41:47 - Epoch 50/500 | LR=0.009765 | w_P3=1.000 | w_AVO=2.894 | lambda_MMD=0.150
2025-10-01 14:41:47 - Epoch Summary: TrainLoss=1.1999 | TrainAcc=0.649 | Val(P3)=0.542 | Val(AVO)=0.647
2025-10-01 14:41:47 - No AVO-val improvement; patience remaining: 27/50
2025-10-01 14:41:47 - Epoch 51/500 | LR=0.009755 | w_P3=1.000 | w_AVO=2.894 | lambda_MMD=0.150
2025-10-01 14:41:47 - Epoch Summary: TrainLoss=1.1701 | TrainAcc=0.660 | Val(P3)=0.555 | Val(AVO)=0.647
2025-10-01 14:41:47 - No AVO-val improvement; patience remaining: 26/50
2025-10-01 14:41:47 - Epoch 52/500 | LR=0.009745 | w_P3=1.000 | w_AVO=2.894 | lambda_MMD=0.150
2025-10-01 14:41:48 - Epoch Summary: TrainLoss=1.1816 | TrainAcc=0.655 | Val(P3)=0.542 | Val(AVO)=0.647
2025-10-01 14:41:48 - No AVO-val improvement; patience remaining: 25/50
2025-10-01 14:41:48 - Epoch 53/500 | LR=0.009735 | w_P3=1.000 | w_AVO=2.894 | lambda_MMD=0.150
2025-10-01 14:41:48 - Epoch Summary: TrainLoss=1.1302 | TrainAcc=0.651 | Val(P3)=0.545 | Val(AVO)=0.647
2025-10-01 14:41:48 - No AVO-val improvement; patience remaining: 24/50
2025-10-01 14:41:48 - Epoch 54/500 | LR=0.009725 | w_P3=1.000 | w_AVO=2.894 | lambda_MMD=0.150
2025-10-01 14:41:48 - Epoch Summary: TrainLoss=1.1170 | TrainAcc=0.660 | Val(P3)=0.532 | Val(AVO)=0.706
2025-10-01 14:41:48 - No AVO-val improvement; patience remaining: 23/50
2025-10-01 14:41:48 - Epoch 55/500 | LR=0.009715 | w_P3=1.000 | w_AVO=2.894 | lambda_MMD=0.150
2025-10-01 14:41:48 - Epoch Summary: TrainLoss=1.1333 | TrainAcc=0.657 | Val(P3)=0.558 | Val(AVO)=0.647
2025-10-01 14:41:48 - No AVO-val improvement; patience remaining: 22/50
2025-10-01 14:41:48 - Epoch 56/500 | LR=0.009704 | w_P3=1.000 | w_AVO=2.894 | lambda_MMD=0.150
2025-10-01 14:41:48 - Epoch Summary: TrainLoss=1.1411 | TrainAcc=0.660 | Val(P3)=0.536 | Val(AVO)=0.569
2025-10-01 14:41:48 - No AVO-val improvement; patience remaining: 21/50
2025-10-01 14:41:48 - AVO val decreasing 3x. Reducing w_small to 2.315, lambda_MMD to 0.075
2025-10-01 14:41:48 - Epoch 57/500 | LR=0.009694 | w_P3=1.000 | w_AVO=2.315 | lambda_MMD=0.075
2025-10-01 14:41:48 - Epoch Summary: TrainLoss=1.0064 | TrainAcc=0.648 | Val(P3)=0.545 | Val(AVO)=0.647
2025-10-01 14:41:48 - No AVO-val improvement; patience remaining: 20/50
2025-10-01 14:41:48 - Epoch 58/500 | LR=0.009683 | w_P3=1.000 | w_AVO=2.894 | lambda_MMD=0.150
2025-10-01 14:41:48 - Epoch Summary: TrainLoss=1.1166 | TrainAcc=0.666 | Val(P3)=0.542 | Val(AVO)=0.549
2025-10-01 14:41:48 - No AVO-val improvement; patience remaining: 19/50
2025-10-01 14:41:48 - Epoch 59/500 | LR=0.009672 | w_P3=1.000 | w_AVO=2.894 | lambda_MMD=0.150
2025-10-01 14:41:48 - Epoch Summary: TrainLoss=1.1375 | TrainAcc=0.668 | Val(P3)=0.536 | Val(AVO)=0.667
2025-10-01 14:41:48 - No AVO-val improvement; patience remaining: 18/50
2025-10-01 14:41:48 - P3 val decreasing 3x. Reducing lambda_MMD to 0.105
2025-10-01 14:41:48 - Epoch 60/500 | LR=0.009660 | w_P3=1.000 | w_AVO=2.894 | lambda_MMD=0.105
2025-10-01 14:41:49 - Epoch Summary: TrainLoss=1.0232 | TrainAcc=0.667 | Val(P3)=0.526 | Val(AVO)=0.706
2025-10-01 14:41:49 - No AVO-val improvement; patience remaining: 17/50
2025-10-01 14:41:49 - P3 val decreasing 3x. Reducing lambda_MMD to 0.105
2025-10-01 14:41:49 - Epoch 61/500 | LR=0.009649 | w_P3=1.000 | w_AVO=2.894 | lambda_MMD=0.105
2025-10-01 14:41:49 - Epoch Summary: TrainLoss=1.0515 | TrainAcc=0.671 | Val(P3)=0.539 | Val(AVO)=0.608
2025-10-01 14:41:49 - No AVO-val improvement; patience remaining: 16/50
2025-10-01 14:41:49 - Epoch 62/500 | LR=0.009637 | w_P3=1.000 | w_AVO=2.894 | lambda_MMD=0.150
2025-10-01 14:41:49 - Epoch Summary: TrainLoss=1.0915 | TrainAcc=0.670 | Val(P3)=0.549 | Val(AVO)=0.647
2025-10-01 14:41:49 - No AVO-val improvement; patience remaining: 15/50
2025-10-01 14:41:49 - Epoch 63/500 | LR=0.009625 | w_P3=1.000 | w_AVO=2.894 | lambda_MMD=0.150
2025-10-01 14:41:49 - Epoch Summary: TrainLoss=1.0864 | TrainAcc=0.667 | Val(P3)=0.594 | Val(AVO)=0.647
2025-10-01 14:41:49 - No AVO-val improvement; patience remaining: 14/50
2025-10-01 14:41:49 - Epoch 64/500 | LR=0.009613 | w_P3=1.000 | w_AVO=2.894 | lambda_MMD=0.150
2025-10-01 14:41:49 - Epoch Summary: TrainLoss=1.1520 | TrainAcc=0.652 | Val(P3)=0.542 | Val(AVO)=0.686
2025-10-01 14:41:49 - No AVO-val improvement; patience remaining: 13/50
2025-10-01 14:41:49 - Epoch 65/500 | LR=0.009601 | w_P3=1.000 | w_AVO=2.894 | lambda_MMD=0.150
2025-10-01 14:41:49 - Epoch Summary: TrainLoss=0.9677 | TrainAcc=0.670 | Val(P3)=0.536 | Val(AVO)=0.627
2025-10-01 14:41:49 - No AVO-val improvement; patience remaining: 12/50
2025-10-01 14:41:49 - P3 val decreasing 3x. Reducing lambda_MMD to 0.105
2025-10-01 14:41:49 - Epoch 66/500 | LR=0.009589 | w_P3=1.000 | w_AVO=2.894 | lambda_MMD=0.105
2025-10-01 14:41:49 - Epoch Summary: TrainLoss=0.9783 | TrainAcc=0.665 | Val(P3)=0.529 | Val(AVO)=0.725
2025-10-01 14:41:49 - New best AVO-val; checkpoint updated
2025-10-01 14:41:49 - P3 val decreasing 3x. Reducing lambda_MMD to 0.105
2025-10-01 14:41:49 - Epoch 67/500 | LR=0.009576 | w_P3=1.000 | w_AVO=2.894 | lambda_MMD=0.105
2025-10-01 14:41:49 - Epoch Summary: TrainLoss=0.9987 | TrainAcc=0.682 | Val(P3)=0.536 | Val(AVO)=0.686
2025-10-01 14:41:49 - No AVO-val improvement; patience remaining: 49/50
2025-10-01 14:41:49 - Epoch 68/500 | LR=0.009563 | w_P3=1.000 | w_AVO=2.894 | lambda_MMD=0.150
2025-10-01 14:41:50 - Epoch Summary: TrainLoss=0.9460 | TrainAcc=0.668 | Val(P3)=0.542 | Val(AVO)=0.627
2025-10-01 14:41:50 - No AVO-val improvement; patience remaining: 48/50
2025-10-01 14:41:50 - AVO val decreasing 3x. Reducing w_small to 2.315, lambda_MMD to 0.075
2025-10-01 14:41:50 - Epoch 69/500 | LR=0.009551 | w_P3=1.000 | w_AVO=2.315 | lambda_MMD=0.075
2025-10-01 14:41:50 - Epoch Summary: TrainLoss=0.8939 | TrainAcc=0.672 | Val(P3)=0.565 | Val(AVO)=0.706
2025-10-01 14:41:50 - No AVO-val improvement; patience remaining: 47/50
2025-10-01 14:41:50 - Epoch 70/500 | LR=0.009537 | w_P3=1.000 | w_AVO=2.894 | lambda_MMD=0.150
2025-10-01 14:41:50 - Epoch Summary: TrainLoss=0.9669 | TrainAcc=0.687 | Val(P3)=0.539 | Val(AVO)=0.608
2025-10-01 14:41:50 - No AVO-val improvement; patience remaining: 46/50
2025-10-01 14:41:50 - Epoch 71/500 | LR=0.009524 | w_P3=1.000 | w_AVO=2.894 | lambda_MMD=0.150
2025-10-01 14:41:50 - Epoch Summary: TrainLoss=0.9452 | TrainAcc=0.685 | Val(P3)=0.549 | Val(AVO)=0.725
2025-10-01 14:41:50 - No AVO-val improvement; patience remaining: 45/50
2025-10-01 14:41:50 - Epoch 72/500 | LR=0.009511 | w_P3=1.000 | w_AVO=2.894 | lambda_MMD=0.150
2025-10-01 14:41:50 - Epoch Summary: TrainLoss=0.9538 | TrainAcc=0.674 | Val(P3)=0.542 | Val(AVO)=0.647
2025-10-01 14:41:50 - No AVO-val improvement; patience remaining: 44/50
2025-10-01 14:41:50 - Epoch 73/500 | LR=0.009497 | w_P3=1.000 | w_AVO=2.894 | lambda_MMD=0.150
2025-10-01 14:41:50 - Epoch Summary: TrainLoss=0.9157 | TrainAcc=0.686 | Val(P3)=0.539 | Val(AVO)=0.569
2025-10-01 14:41:50 - No AVO-val improvement; patience remaining: 43/50
2025-10-01 14:41:50 - AVO val decreasing 3x. Reducing w_small to 2.315, lambda_MMD to 0.075
2025-10-01 14:41:50 - P3 val decreasing 3x. Reducing lambda_MMD to 0.052
2025-10-01 14:41:50 - Epoch 74/500 | LR=0.009483 | w_P3=1.000 | w_AVO=2.315 | lambda_MMD=0.052
2025-10-01 14:41:50 - Epoch Summary: TrainLoss=0.8465 | TrainAcc=0.688 | Val(P3)=0.539 | Val(AVO)=0.686
2025-10-01 14:41:50 - No AVO-val improvement; patience remaining: 42/50
2025-10-01 14:41:50 - Epoch 75/500 | LR=0.009469 | w_P3=1.000 | w_AVO=2.894 | lambda_MMD=0.150
2025-10-01 14:41:50 - Epoch Summary: TrainLoss=0.9176 | TrainAcc=0.691 | Val(P3)=0.536 | Val(AVO)=0.667
2025-10-01 14:41:50 - No AVO-val improvement; patience remaining: 41/50
2025-10-01 14:41:50 - Epoch 76/500 | LR=0.009455 | w_P3=1.000 | w_AVO=2.894 | lambda_MMD=0.150
2025-10-01 14:41:51 - Epoch Summary: TrainLoss=0.9193 | TrainAcc=0.675 | Val(P3)=0.536 | Val(AVO)=0.647
2025-10-01 14:41:51 - No AVO-val improvement; patience remaining: 40/50
2025-10-01 14:41:51 - AVO val decreasing 3x. Reducing w_small to 2.315, lambda_MMD to 0.075
2025-10-01 14:41:51 - Epoch 77/500 | LR=0.009441 | w_P3=1.000 | w_AVO=2.315 | lambda_MMD=0.075
2025-10-01 14:41:51 - Epoch Summary: TrainLoss=0.8340 | TrainAcc=0.688 | Val(P3)=0.536 | Val(AVO)=0.627
2025-10-01 14:41:51 - No AVO-val improvement; patience remaining: 39/50
2025-10-01 14:41:51 - AVO val decreasing 3x. Reducing w_small to 2.315, lambda_MMD to 0.075
2025-10-01 14:41:51 - Epoch 78/500 | LR=0.009426 | w_P3=1.000 | w_AVO=2.315 | lambda_MMD=0.075
2025-10-01 14:41:51 - Epoch Summary: TrainLoss=0.8210 | TrainAcc=0.684 | Val(P3)=0.532 | Val(AVO)=0.647
2025-10-01 14:41:51 - No AVO-val improvement; patience remaining: 38/50
2025-10-01 14:41:51 - Epoch 79/500 | LR=0.009411 | w_P3=1.000 | w_AVO=2.894 | lambda_MMD=0.150
2025-10-01 14:41:51 - Epoch Summary: TrainLoss=0.9161 | TrainAcc=0.686 | Val(P3)=0.568 | Val(AVO)=0.608
2025-10-01 14:41:51 - No AVO-val improvement; patience remaining: 37/50
2025-10-01 14:41:51 - Epoch 80/500 | LR=0.009397 | w_P3=1.000 | w_AVO=2.894 | lambda_MMD=0.150
2025-10-01 14:41:51 - Epoch Summary: TrainLoss=0.9288 | TrainAcc=0.686 | Val(P3)=0.552 | Val(AVO)=0.686
2025-10-01 14:41:51 - No AVO-val improvement; patience remaining: 36/50
2025-10-01 14:41:51 - Epoch 81/500 | LR=0.009382 | w_P3=1.000 | w_AVO=2.894 | lambda_MMD=0.150
2025-10-01 14:41:51 - Epoch Summary: TrainLoss=0.8950 | TrainAcc=0.676 | Val(P3)=0.539 | Val(AVO)=0.667
2025-10-01 14:41:51 - No AVO-val improvement; patience remaining: 35/50
2025-10-01 14:41:51 - P3 val decreasing 3x. Reducing lambda_MMD to 0.105
2025-10-01 14:41:51 - Epoch 82/500 | LR=0.009366 | w_P3=1.000 | w_AVO=2.894 | lambda_MMD=0.105
2025-10-01 14:41:51 - Epoch Summary: TrainLoss=0.8681 | TrainAcc=0.695 | Val(P3)=0.552 | Val(AVO)=0.667
2025-10-01 14:41:51 - No AVO-val improvement; patience remaining: 34/50
2025-10-01 14:41:51 - Epoch 83/500 | LR=0.009351 | w_P3=1.000 | w_AVO=2.894 | lambda_MMD=0.150
2025-10-01 14:41:52 - Epoch Summary: TrainLoss=0.8712 | TrainAcc=0.690 | Val(P3)=0.529 | Val(AVO)=0.627
2025-10-01 14:41:52 - No AVO-val improvement; patience remaining: 33/50
2025-10-01 14:41:52 - Epoch 84/500 | LR=0.009335 | w_P3=1.000 | w_AVO=2.894 | lambda_MMD=0.150
2025-10-01 14:41:52 - Epoch Summary: TrainLoss=0.8879 | TrainAcc=0.694 | Val(P3)=0.526 | Val(AVO)=0.510
2025-10-01 14:41:52 - No AVO-val improvement; patience remaining: 32/50
2025-10-01 14:41:52 - AVO val decreasing 3x. Reducing w_small to 2.315, lambda_MMD to 0.075
2025-10-01 14:41:52 - P3 val decreasing 3x. Reducing lambda_MMD to 0.052
2025-10-01 14:41:52 - Epoch 85/500 | LR=0.009320 | w_P3=1.000 | w_AVO=2.315 | lambda_MMD=0.052
2025-10-01 14:41:52 - Epoch Summary: TrainLoss=0.7842 | TrainAcc=0.697 | Val(P3)=0.539 | Val(AVO)=0.627
2025-10-01 14:41:52 - No AVO-val improvement; patience remaining: 31/50
2025-10-01 14:41:52 - Epoch 86/500 | LR=0.009304 | w_P3=1.000 | w_AVO=2.894 | lambda_MMD=0.150
2025-10-01 14:41:52 - Epoch Summary: TrainLoss=0.8277 | TrainAcc=0.693 | Val(P3)=0.542 | Val(AVO)=0.667
2025-10-01 14:41:52 - No AVO-val improvement; patience remaining: 30/50
2025-10-01 14:41:52 - Epoch 87/500 | LR=0.009288 | w_P3=1.000 | w_AVO=2.894 | lambda_MMD=0.150
2025-10-01 14:41:52 - Epoch Summary: TrainLoss=0.8992 | TrainAcc=0.700 | Val(P3)=0.536 | Val(AVO)=0.569
2025-10-01 14:41:52 - No AVO-val improvement; patience remaining: 29/50
2025-10-01 14:41:52 - Epoch 88/500 | LR=0.009271 | w_P3=1.000 | w_AVO=2.894 | lambda_MMD=0.150
2025-10-01 14:41:52 - Epoch Summary: TrainLoss=0.8224 | TrainAcc=0.697 | Val(P3)=0.532 | Val(AVO)=0.608
2025-10-01 14:41:52 - No AVO-val improvement; patience remaining: 28/50
2025-10-01 14:41:52 - P3 val decreasing 3x. Reducing lambda_MMD to 0.105
2025-10-01 14:41:52 - Epoch 89/500 | LR=0.009255 | w_P3=1.000 | w_AVO=2.894 | lambda_MMD=0.105
2025-10-01 14:41:52 - Epoch Summary: TrainLoss=0.8036 | TrainAcc=0.708 | Val(P3)=0.539 | Val(AVO)=0.667
2025-10-01 14:41:52 - No AVO-val improvement; patience remaining: 27/50
2025-10-01 14:41:52 - Epoch 90/500 | LR=0.009238 | w_P3=1.000 | w_AVO=2.894 | lambda_MMD=0.150
2025-10-01 14:41:52 - Epoch Summary: TrainLoss=0.8284 | TrainAcc=0.698 | Val(P3)=0.529 | Val(AVO)=0.627
2025-10-01 14:41:52 - No AVO-val improvement; patience remaining: 26/50
2025-10-01 14:41:52 - Epoch 91/500 | LR=0.009222 | w_P3=1.000 | w_AVO=2.894 | lambda_MMD=0.150
2025-10-01 14:41:53 - Epoch Summary: TrainLoss=0.8453 | TrainAcc=0.711 | Val(P3)=0.539 | Val(AVO)=0.706
2025-10-01 14:41:53 - No AVO-val improvement; patience remaining: 25/50
2025-10-01 14:41:53 - Epoch 92/500 | LR=0.009205 | w_P3=1.000 | w_AVO=2.894 | lambda_MMD=0.150
2025-10-01 14:41:53 - Epoch Summary: TrainLoss=0.7854 | TrainAcc=0.706 | Val(P3)=0.536 | Val(AVO)=0.627
2025-10-01 14:41:53 - No AVO-val improvement; patience remaining: 24/50
2025-10-01 14:41:53 - Epoch 93/500 | LR=0.009188 | w_P3=1.000 | w_AVO=2.894 | lambda_MMD=0.150
2025-10-01 14:41:53 - Epoch Summary: TrainLoss=0.7979 | TrainAcc=0.713 | Val(P3)=0.575 | Val(AVO)=0.686
2025-10-01 14:41:53 - No AVO-val improvement; patience remaining: 23/50
2025-10-01 14:41:53 - Epoch 94/500 | LR=0.009170 | w_P3=1.000 | w_AVO=2.894 | lambda_MMD=0.150
2025-10-01 14:41:53 - Epoch Summary: TrainLoss=0.7945 | TrainAcc=0.717 | Val(P3)=0.529 | Val(AVO)=0.627
2025-10-01 14:41:53 - No AVO-val improvement; patience remaining: 22/50
2025-10-01 14:41:53 - Epoch 95/500 | LR=0.009153 | w_P3=1.000 | w_AVO=2.894 | lambda_MMD=0.150
2025-10-01 14:41:53 - Epoch Summary: TrainLoss=0.8214 | TrainAcc=0.697 | Val(P3)=0.568 | Val(AVO)=0.725
2025-10-01 14:41:53 - No AVO-val improvement; patience remaining: 21/50
2025-10-01 14:41:53 - Epoch 96/500 | LR=0.009135 | w_P3=1.000 | w_AVO=2.894 | lambda_MMD=0.150
2025-10-01 14:41:53 - Epoch Summary: TrainLoss=0.7972 | TrainAcc=0.709 | Val(P3)=0.536 | Val(AVO)=0.627
2025-10-01 14:41:53 - No AVO-val improvement; patience remaining: 20/50
2025-10-01 14:41:53 - Epoch 97/500 | LR=0.009118 | w_P3=1.000 | w_AVO=2.894 | lambda_MMD=0.150
2025-10-01 14:41:53 - Epoch Summary: TrainLoss=0.7957 | TrainAcc=0.709 | Val(P3)=0.575 | Val(AVO)=0.706
2025-10-01 14:41:53 - No AVO-val improvement; patience remaining: 19/50
2025-10-01 14:41:53 - Epoch 98/500 | LR=0.009100 | w_P3=1.000 | w_AVO=2.894 | lambda_MMD=0.150
2025-10-01 14:41:53 - Epoch Summary: TrainLoss=0.7947 | TrainAcc=0.709 | Val(P3)=0.578 | Val(AVO)=0.667
2025-10-01 14:41:53 - No AVO-val improvement; patience remaining: 18/50
2025-10-01 14:41:53 - Epoch 99/500 | LR=0.009082 | w_P3=1.000 | w_AVO=2.894 | lambda_MMD=0.150
2025-10-01 14:41:54 - Epoch Summary: TrainLoss=0.7630 | TrainAcc=0.719 | Val(P3)=0.536 | Val(AVO)=0.647
2025-10-01 14:41:54 - No AVO-val improvement; patience remaining: 17/50
2025-10-01 14:41:54 - AVO val decreasing 3x. Reducing w_small to 2.315, lambda_MMD to 0.075
2025-10-01 14:41:54 - Epoch 100/500 | LR=0.009063 | w_P3=1.000 | w_AVO=2.315 | lambda_MMD=0.075
2025-10-01 14:41:54 - Epoch Summary: TrainLoss=0.7135 | TrainAcc=0.712 | Val(P3)=0.575 | Val(AVO)=0.608
2025-10-01 14:41:54 - No AVO-val improvement; patience remaining: 16/50
2025-10-01 14:41:54 - AVO val decreasing 3x. Reducing w_small to 2.315, lambda_MMD to 0.075
2025-10-01 14:41:54 - Epoch 101/500 | LR=0.009045 | w_P3=1.000 | w_AVO=2.315 | lambda_MMD=0.075
2025-10-01 14:41:54 - Epoch Summary: TrainLoss=0.7886 | TrainAcc=0.701 | Val(P3)=0.526 | Val(AVO)=0.549
2025-10-01 14:41:54 - No AVO-val improvement; patience remaining: 15/50
2025-10-01 14:41:54 - AVO val decreasing 3x. Reducing w_small to 2.315, lambda_MMD to 0.075
2025-10-01 14:41:54 - Epoch 102/500 | LR=0.009027 | w_P3=1.000 | w_AVO=2.315 | lambda_MMD=0.075
2025-10-01 14:41:54 - Epoch Summary: TrainLoss=0.7242 | TrainAcc=0.711 | Val(P3)=0.536 | Val(AVO)=0.647
2025-10-01 14:41:54 - No AVO-val improvement; patience remaining: 14/50
2025-10-01 14:41:54 - Epoch 103/500 | LR=0.009008 | w_P3=1.000 | w_AVO=2.894 | lambda_MMD=0.150
2025-10-01 14:41:54 - Epoch Summary: TrainLoss=0.7636 | TrainAcc=0.714 | Val(P3)=0.539 | Val(AVO)=0.608
2025-10-01 14:41:54 - No AVO-val improvement; patience remaining: 13/50
2025-10-01 14:41:54 - Epoch 104/500 | LR=0.008989 | w_P3=1.000 | w_AVO=2.894 | lambda_MMD=0.150
2025-10-01 14:41:54 - Epoch Summary: TrainLoss=0.8404 | TrainAcc=0.701 | Val(P3)=0.578 | Val(AVO)=0.647
2025-10-01 14:41:54 - No AVO-val improvement; patience remaining: 12/50
2025-10-01 14:41:54 - Epoch 105/500 | LR=0.008970 | w_P3=1.000 | w_AVO=2.894 | lambda_MMD=0.150
2025-10-01 14:41:54 - Epoch Summary: TrainLoss=0.7643 | TrainAcc=0.709 | Val(P3)=0.545 | Val(AVO)=0.667
2025-10-01 14:41:54 - No AVO-val improvement; patience remaining: 11/50
2025-10-01 14:41:54 - Epoch 106/500 | LR=0.008951 | w_P3=1.000 | w_AVO=2.894 | lambda_MMD=0.150
2025-10-01 14:41:55 - Epoch Summary: TrainLoss=0.7653 | TrainAcc=0.709 | Val(P3)=0.552 | Val(AVO)=0.706
2025-10-01 14:41:55 - No AVO-val improvement; patience remaining: 10/50
2025-10-01 14:41:55 - Epoch 107/500 | LR=0.008931 | w_P3=1.000 | w_AVO=2.894 | lambda_MMD=0.150
2025-10-01 14:41:55 - Epoch Summary: TrainLoss=0.7316 | TrainAcc=0.735 | Val(P3)=0.536 | Val(AVO)=0.588
2025-10-01 14:41:55 - No AVO-val improvement; patience remaining: 9/50
2025-10-01 14:41:55 - Epoch 108/500 | LR=0.008912 | w_P3=1.000 | w_AVO=2.894 | lambda_MMD=0.150
2025-10-01 14:41:55 - Epoch Summary: TrainLoss=0.7630 | TrainAcc=0.710 | Val(P3)=0.532 | Val(AVO)=0.627
2025-10-01 14:41:55 - No AVO-val improvement; patience remaining: 8/50
2025-10-01 14:41:55 - P3 val decreasing 3x. Reducing lambda_MMD to 0.105
2025-10-01 14:41:55 - Epoch 109/500 | LR=0.008892 | w_P3=1.000 | w_AVO=2.894 | lambda_MMD=0.105
2025-10-01 14:41:55 - Epoch Summary: TrainLoss=0.7290 | TrainAcc=0.725 | Val(P3)=0.539 | Val(AVO)=0.569
2025-10-01 14:41:55 - No AVO-val improvement; patience remaining: 7/50
2025-10-01 14:41:55 - Epoch 110/500 | LR=0.008873 | w_P3=1.000 | w_AVO=2.894 | lambda_MMD=0.150
2025-10-01 14:41:55 - Epoch Summary: TrainLoss=0.7120 | TrainAcc=0.730 | Val(P3)=0.536 | Val(AVO)=0.667
2025-10-01 14:41:55 - No AVO-val improvement; patience remaining: 6/50
2025-10-01 14:41:55 - Epoch 111/500 | LR=0.008853 | w_P3=1.000 | w_AVO=2.894 | lambda_MMD=0.150
2025-10-01 14:41:55 - Epoch Summary: TrainLoss=0.7446 | TrainAcc=0.726 | Val(P3)=0.555 | Val(AVO)=0.647
2025-10-01 14:41:55 - No AVO-val improvement; patience remaining: 5/50
2025-10-01 14:41:55 - Epoch 112/500 | LR=0.008832 | w_P3=1.000 | w_AVO=2.894 | lambda_MMD=0.150
2025-10-01 14:41:55 - Epoch Summary: TrainLoss=0.7312 | TrainAcc=0.717 | Val(P3)=0.536 | Val(AVO)=0.529
2025-10-01 14:41:55 - No AVO-val improvement; patience remaining: 4/50
2025-10-01 14:41:55 - AVO val decreasing 3x. Reducing w_small to 2.315, lambda_MMD to 0.075
2025-10-01 14:41:55 - Epoch 113/500 | LR=0.008812 | w_P3=1.000 | w_AVO=2.315 | lambda_MMD=0.075
2025-10-01 14:41:56 - Epoch Summary: TrainLoss=0.7118 | TrainAcc=0.710 | Val(P3)=0.536 | Val(AVO)=0.569
2025-10-01 14:41:56 - No AVO-val improvement; patience remaining: 3/50
2025-10-01 14:41:56 - Epoch 114/500 | LR=0.008792 | w_P3=1.000 | w_AVO=2.894 | lambda_MMD=0.150
2025-10-01 14:41:56 - Epoch Summary: TrainLoss=0.7380 | TrainAcc=0.725 | Val(P3)=0.539 | Val(AVO)=0.667
2025-10-01 14:41:56 - No AVO-val improvement; patience remaining: 2/50
2025-10-01 14:41:56 - Epoch 115/500 | LR=0.008771 | w_P3=1.000 | w_AVO=2.894 | lambda_MMD=0.150
2025-10-01 14:41:56 - Epoch Summary: TrainLoss=0.6895 | TrainAcc=0.738 | Val(P3)=0.545 | Val(AVO)=0.608
2025-10-01 14:41:56 - No AVO-val improvement; patience remaining: 1/50
2025-10-01 14:41:56 - Epoch 116/500 | LR=0.008751 | w_P3=1.000 | w_AVO=2.894 | lambda_MMD=0.150
2025-10-01 14:41:56 - Epoch Summary: TrainLoss=0.6769 | TrainAcc=0.746 | Val(P3)=0.555 | Val(AVO)=0.627
2025-10-01 14:41:56 - No AVO-val improvement; patience remaining: 0/50
2025-10-01 14:41:56 - Early stopping triggered (AVO-val)
2025-10-01 14:41:56 -     P3 Test | Acc=0.5425 P=0.7719 R=0.1366 F1=0.2322 AUC=0.6618 (n=636)
2025-10-01 14:41:56 -     AVO Test | Acc=0.6667 P=0.6364 R=0.5833 F1=0.6087 AUC=0.6870 (n=81)
2025-10-01 14:41:56 -     Overall Test Acc=0.5565
2025-10-01 14:41:56 - Repeat 4/5
2025-10-01 14:41:56 -   Fold 1/5
2025-10-01 14:41:56 - Fold domains: small=AVO (n=271), large=P3 (n=2240)
2025-10-01 14:41:56 - Auto adjustments (symmetric): w_small≈1.000, lambda_MMD_target=0.150, warmup_epochs=5
2025-10-01 14:41:56 - Epoch 1/500 | LR=0.010000 | w_P3=1.000 | w_AVO=1.375 | lambda_MMD=0.030
2025-10-01 14:41:56 - Epoch Summary: TrainLoss=1.7429 | TrainAcc=0.517 | Val(P3)=0.507 | Val(AVO)=0.566
2025-10-01 14:41:56 - New best AVO-val; checkpoint updated
2025-10-01 14:41:56 - Epoch 2/500 | LR=0.010000 | w_P3=1.000 | w_AVO=1.750 | lambda_MMD=0.060
2025-10-01 14:41:56 - Epoch Summary: TrainLoss=1.8097 | TrainAcc=0.588 | Val(P3)=0.582 | Val(AVO)=0.642
2025-10-01 14:41:56 - New best AVO-val; checkpoint updated
2025-10-01 14:41:56 - Epoch 3/500 | LR=0.010000 | w_P3=1.000 | w_AVO=2.125 | lambda_MMD=0.090
2025-10-01 14:41:57 - Epoch Summary: TrainLoss=2.0163 | TrainAcc=0.603 | Val(P3)=0.585 | Val(AVO)=0.717
2025-10-01 14:41:57 - New best AVO-val; checkpoint updated
2025-10-01 14:41:57 - Epoch 4/500 | LR=0.009999 | w_P3=1.000 | w_AVO=2.500 | lambda_MMD=0.120
2025-10-01 14:41:57 - Epoch Summary: TrainLoss=2.2156 | TrainAcc=0.598 | Val(P3)=0.608 | Val(AVO)=0.547
2025-10-01 14:41:57 - No AVO-val improvement; patience remaining: 49/50
2025-10-01 14:41:57 - Epoch 5/500 | LR=0.009998 | w_P3=1.000 | w_AVO=2.875 | lambda_MMD=0.150
2025-10-01 14:41:57 - Epoch Summary: TrainLoss=2.4823 | TrainAcc=0.598 | Val(P3)=0.585 | Val(AVO)=0.679
2025-10-01 14:41:57 - No AVO-val improvement; patience remaining: 48/50
2025-10-01 14:41:57 - Epoch 6/500 | LR=0.009998 | w_P3=1.000 | w_AVO=2.875 | lambda_MMD=0.150
2025-10-01 14:41:57 - Epoch Summary: TrainLoss=2.3731 | TrainAcc=0.603 | Val(P3)=0.582 | Val(AVO)=0.604
2025-10-01 14:41:57 - No AVO-val improvement; patience remaining: 47/50
2025-10-01 14:41:57 - P3 val decreasing 3x. Reducing lambda_MMD to 0.105
2025-10-01 14:41:57 - Epoch 7/500 | LR=0.009996 | w_P3=1.000 | w_AVO=2.875 | lambda_MMD=0.105
2025-10-01 14:41:57 - Epoch Summary: TrainLoss=2.4433 | TrainAcc=0.593 | Val(P3)=0.556 | Val(AVO)=0.698
2025-10-01 14:41:57 - No AVO-val improvement; patience remaining: 46/50
2025-10-01 14:41:57 - P3 val decreasing 3x. Reducing lambda_MMD to 0.105
2025-10-01 14:41:57 - Epoch 8/500 | LR=0.009995 | w_P3=1.000 | w_AVO=2.875 | lambda_MMD=0.105
2025-10-01 14:41:57 - Epoch Summary: TrainLoss=2.3756 | TrainAcc=0.609 | Val(P3)=0.588 | Val(AVO)=0.698
2025-10-01 14:41:57 - No AVO-val improvement; patience remaining: 45/50
2025-10-01 14:41:57 - Epoch 9/500 | LR=0.009994 | w_P3=1.000 | w_AVO=2.875 | lambda_MMD=0.150
2025-10-01 14:41:58 - Epoch Summary: TrainLoss=2.3440 | TrainAcc=0.608 | Val(P3)=0.582 | Val(AVO)=0.642
2025-10-01 14:41:58 - No AVO-val improvement; patience remaining: 44/50
2025-10-01 14:41:58 - Epoch 10/500 | LR=0.009992 | w_P3=1.000 | w_AVO=2.875 | lambda_MMD=0.150
2025-10-01 14:41:58 - Epoch Summary: TrainLoss=2.2139 | TrainAcc=0.622 | Val(P3)=0.611 | Val(AVO)=0.717
2025-10-01 14:41:58 - No AVO-val improvement; patience remaining: 43/50
2025-10-01 14:41:58 - Epoch 11/500 | LR=0.009990 | w_P3=1.000 | w_AVO=2.875 | lambda_MMD=0.150
2025-10-01 14:41:58 - Epoch Summary: TrainLoss=2.2937 | TrainAcc=0.620 | Val(P3)=0.605 | Val(AVO)=0.566
2025-10-01 14:41:58 - No AVO-val improvement; patience remaining: 42/50
2025-10-01 14:41:58 - Epoch 12/500 | LR=0.009988 | w_P3=1.000 | w_AVO=2.875 | lambda_MMD=0.150
2025-10-01 14:41:58 - Epoch Summary: TrainLoss=2.2402 | TrainAcc=0.633 | Val(P3)=0.621 | Val(AVO)=0.642
2025-10-01 14:41:58 - No AVO-val improvement; patience remaining: 41/50
2025-10-01 14:41:58 - Epoch 13/500 | LR=0.009986 | w_P3=1.000 | w_AVO=2.875 | lambda_MMD=0.150
2025-10-01 14:41:58 - Epoch Summary: TrainLoss=2.1521 | TrainAcc=0.631 | Val(P3)=0.627 | Val(AVO)=0.698
2025-10-01 14:41:58 - No AVO-val improvement; patience remaining: 40/50
2025-10-01 14:41:58 - Epoch 14/500 | LR=0.009983 | w_P3=1.000 | w_AVO=2.875 | lambda_MMD=0.150
2025-10-01 14:41:58 - Epoch Summary: TrainLoss=2.1323 | TrainAcc=0.627 | Val(P3)=0.618 | Val(AVO)=0.679
2025-10-01 14:41:58 - No AVO-val improvement; patience remaining: 39/50
2025-10-01 14:41:58 - Epoch 15/500 | LR=0.009981 | w_P3=1.000 | w_AVO=2.875 | lambda_MMD=0.150
2025-10-01 14:41:59 - Epoch Summary: TrainLoss=2.0991 | TrainAcc=0.622 | Val(P3)=0.598 | Val(AVO)=0.679
2025-10-01 14:41:59 - No AVO-val improvement; patience remaining: 38/50
2025-10-01 14:41:59 - P3 val decreasing 3x. Reducing lambda_MMD to 0.105
2025-10-01 14:41:59 - Epoch 16/500 | LR=0.009978 | w_P3=1.000 | w_AVO=2.875 | lambda_MMD=0.105
2025-10-01 14:41:59 - Epoch Summary: TrainLoss=2.0741 | TrainAcc=0.627 | Val(P3)=0.624 | Val(AVO)=0.698
2025-10-01 14:41:59 - No AVO-val improvement; patience remaining: 37/50
2025-10-01 14:41:59 - Epoch 17/500 | LR=0.009975 | w_P3=1.000 | w_AVO=2.875 | lambda_MMD=0.150
2025-10-01 14:41:59 - Epoch Summary: TrainLoss=2.0572 | TrainAcc=0.633 | Val(P3)=0.592 | Val(AVO)=0.547
2025-10-01 14:41:59 - No AVO-val improvement; patience remaining: 36/50
2025-10-01 14:41:59 - Epoch 18/500 | LR=0.009972 | w_P3=1.000 | w_AVO=2.875 | lambda_MMD=0.150
2025-10-01 14:41:59 - Epoch Summary: TrainLoss=2.0477 | TrainAcc=0.615 | Val(P3)=0.582 | Val(AVO)=0.698
2025-10-01 14:41:59 - No AVO-val improvement; patience remaining: 35/50
2025-10-01 14:41:59 - P3 val decreasing 3x. Reducing lambda_MMD to 0.105
2025-10-01 14:41:59 - Epoch 19/500 | LR=0.009968 | w_P3=1.000 | w_AVO=2.875 | lambda_MMD=0.105
2025-10-01 14:41:59 - Epoch Summary: TrainLoss=1.9902 | TrainAcc=0.625 | Val(P3)=0.595 | Val(AVO)=0.585
2025-10-01 14:41:59 - No AVO-val improvement; patience remaining: 34/50
2025-10-01 14:41:59 - Epoch 20/500 | LR=0.009964 | w_P3=1.000 | w_AVO=2.875 | lambda_MMD=0.150
2025-10-01 14:41:59 - Epoch Summary: TrainLoss=1.9162 | TrainAcc=0.627 | Val(P3)=0.598 | Val(AVO)=0.736
2025-10-01 14:41:59 - New best AVO-val; checkpoint updated
2025-10-01 14:41:59 - Epoch 21/500 | LR=0.009961 | w_P3=1.000 | w_AVO=2.875 | lambda_MMD=0.150
2025-10-01 14:41:59 - Epoch Summary: TrainLoss=1.9341 | TrainAcc=0.624 | Val(P3)=0.575 | Val(AVO)=0.660
2025-10-01 14:41:59 - No AVO-val improvement; patience remaining: 49/50
2025-10-01 14:41:59 - Epoch 22/500 | LR=0.009957 | w_P3=1.000 | w_AVO=2.875 | lambda_MMD=0.150
2025-10-01 14:41:59 - Epoch Summary: TrainLoss=1.9373 | TrainAcc=0.617 | Val(P3)=0.601 | Val(AVO)=0.660
2025-10-01 14:41:59 - No AVO-val improvement; patience remaining: 48/50
2025-10-01 14:41:59 - Epoch 23/500 | LR=0.009952 | w_P3=1.000 | w_AVO=2.875 | lambda_MMD=0.150
2025-10-01 14:42:00 - Epoch Summary: TrainLoss=1.9090 | TrainAcc=0.616 | Val(P3)=0.595 | Val(AVO)=0.547
2025-10-01 14:42:00 - No AVO-val improvement; patience remaining: 47/50
2025-10-01 14:42:00 - Epoch 24/500 | LR=0.009948 | w_P3=1.000 | w_AVO=2.875 | lambda_MMD=0.150
2025-10-01 14:42:00 - Epoch Summary: TrainLoss=1.8802 | TrainAcc=0.635 | Val(P3)=0.585 | Val(AVO)=0.528
2025-10-01 14:42:00 - No AVO-val improvement; patience remaining: 46/50
2025-10-01 14:42:00 - AVO val decreasing 3x. Reducing w_small to 2.300, lambda_MMD to 0.075
2025-10-01 14:42:00 - P3 val decreasing 3x. Reducing lambda_MMD to 0.052
2025-10-01 14:42:00 - Epoch 25/500 | LR=0.009943 | w_P3=1.000 | w_AVO=2.300 | lambda_MMD=0.052
2025-10-01 14:42:00 - Epoch Summary: TrainLoss=1.5602 | TrainAcc=0.632 | Val(P3)=0.592 | Val(AVO)=0.604
2025-10-01 14:42:00 - No AVO-val improvement; patience remaining: 45/50
2025-10-01 14:42:00 - Epoch 26/500 | LR=0.009938 | w_P3=1.000 | w_AVO=2.875 | lambda_MMD=0.150
2025-10-01 14:42:00 - Epoch Summary: TrainLoss=1.7799 | TrainAcc=0.627 | Val(P3)=0.618 | Val(AVO)=0.679
2025-10-01 14:42:00 - No AVO-val improvement; patience remaining: 44/50
2025-10-01 14:42:00 - Epoch 27/500 | LR=0.009933 | w_P3=1.000 | w_AVO=2.875 | lambda_MMD=0.150
2025-10-01 14:42:00 - Epoch Summary: TrainLoss=1.8279 | TrainAcc=0.630 | Val(P3)=0.588 | Val(AVO)=0.642
2025-10-01 14:42:00 - No AVO-val improvement; patience remaining: 43/50
2025-10-01 14:42:00 - Epoch 28/500 | LR=0.009928 | w_P3=1.000 | w_AVO=2.875 | lambda_MMD=0.150
2025-10-01 14:42:00 - Epoch Summary: TrainLoss=1.7538 | TrainAcc=0.627 | Val(P3)=0.598 | Val(AVO)=0.717
2025-10-01 14:42:00 - No AVO-val improvement; patience remaining: 42/50
2025-10-01 14:42:00 - Epoch 29/500 | LR=0.009923 | w_P3=1.000 | w_AVO=2.875 | lambda_MMD=0.150
2025-10-01 14:42:00 - Epoch Summary: TrainLoss=1.7536 | TrainAcc=0.642 | Val(P3)=0.588 | Val(AVO)=0.660
2025-10-01 14:42:00 - No AVO-val improvement; patience remaining: 41/50
2025-10-01 14:42:00 - Epoch 30/500 | LR=0.009917 | w_P3=1.000 | w_AVO=2.875 | lambda_MMD=0.150
2025-10-01 14:42:00 - Epoch Summary: TrainLoss=1.6755 | TrainAcc=0.631 | Val(P3)=0.595 | Val(AVO)=0.698
2025-10-01 14:42:00 - No AVO-val improvement; patience remaining: 40/50
2025-10-01 14:42:00 - Epoch 31/500 | LR=0.009911 | w_P3=1.000 | w_AVO=2.875 | lambda_MMD=0.150
2025-10-01 14:42:01 - Epoch Summary: TrainLoss=1.6859 | TrainAcc=0.632 | Val(P3)=0.592 | Val(AVO)=0.679
2025-10-01 14:42:01 - No AVO-val improvement; patience remaining: 39/50
2025-10-01 14:42:01 - Epoch 32/500 | LR=0.009905 | w_P3=1.000 | w_AVO=2.875 | lambda_MMD=0.150
2025-10-01 14:42:01 - Epoch Summary: TrainLoss=1.6270 | TrainAcc=0.635 | Val(P3)=0.611 | Val(AVO)=0.623
2025-10-01 14:42:01 - No AVO-val improvement; patience remaining: 38/50
2025-10-01 14:42:01 - AVO val decreasing 3x. Reducing w_small to 2.300, lambda_MMD to 0.075
2025-10-01 14:42:01 - Epoch 33/500 | LR=0.009899 | w_P3=1.000 | w_AVO=2.300 | lambda_MMD=0.075
2025-10-01 14:42:01 - Epoch Summary: TrainLoss=1.4128 | TrainAcc=0.637 | Val(P3)=0.595 | Val(AVO)=0.698
2025-10-01 14:42:01 - No AVO-val improvement; patience remaining: 37/50
2025-10-01 14:42:01 - Epoch 34/500 | LR=0.009893 | w_P3=1.000 | w_AVO=2.875 | lambda_MMD=0.150
2025-10-01 14:42:01 - Epoch Summary: TrainLoss=1.5844 | TrainAcc=0.642 | Val(P3)=0.598 | Val(AVO)=0.642
2025-10-01 14:42:01 - No AVO-val improvement; patience remaining: 36/50
2025-10-01 14:42:01 - Epoch 35/500 | LR=0.009886 | w_P3=1.000 | w_AVO=2.875 | lambda_MMD=0.150
2025-10-01 14:42:01 - Epoch Summary: TrainLoss=1.5851 | TrainAcc=0.645 | Val(P3)=0.592 | Val(AVO)=0.698
2025-10-01 14:42:01 - No AVO-val improvement; patience remaining: 35/50
2025-10-01 14:42:01 - Epoch 36/500 | LR=0.009880 | w_P3=1.000 | w_AVO=2.875 | lambda_MMD=0.150
2025-10-01 14:42:01 - Epoch Summary: TrainLoss=1.5268 | TrainAcc=0.643 | Val(P3)=0.605 | Val(AVO)=0.660
2025-10-01 14:42:01 - No AVO-val improvement; patience remaining: 34/50
2025-10-01 14:42:01 - Epoch 37/500 | LR=0.009873 | w_P3=1.000 | w_AVO=2.875 | lambda_MMD=0.150
2025-10-01 14:42:01 - Epoch Summary: TrainLoss=1.5127 | TrainAcc=0.653 | Val(P3)=0.605 | Val(AVO)=0.698
2025-10-01 14:42:01 - No AVO-val improvement; patience remaining: 33/50
2025-10-01 14:42:01 - Epoch 38/500 | LR=0.009865 | w_P3=1.000 | w_AVO=2.875 | lambda_MMD=0.150
2025-10-01 14:42:01 - Epoch Summary: TrainLoss=1.4234 | TrainAcc=0.653 | Val(P3)=0.611 | Val(AVO)=0.642
2025-10-01 14:42:01 - No AVO-val improvement; patience remaining: 32/50
2025-10-01 14:42:01 - Epoch 39/500 | LR=0.009858 | w_P3=1.000 | w_AVO=2.875 | lambda_MMD=0.150
2025-10-01 14:42:02 - Epoch Summary: TrainLoss=1.4972 | TrainAcc=0.639 | Val(P3)=0.588 | Val(AVO)=0.623
2025-10-01 14:42:02 - No AVO-val improvement; patience remaining: 31/50
2025-10-01 14:42:02 - AVO val decreasing 3x. Reducing w_small to 2.300, lambda_MMD to 0.075
2025-10-01 14:42:02 - Epoch 40/500 | LR=0.009851 | w_P3=1.000 | w_AVO=2.300 | lambda_MMD=0.075
2025-10-01 14:42:02 - Epoch Summary: TrainLoss=1.2767 | TrainAcc=0.654 | Val(P3)=0.611 | Val(AVO)=0.642
2025-10-01 14:42:02 - No AVO-val improvement; patience remaining: 30/50
2025-10-01 14:42:02 - Epoch 41/500 | LR=0.009843 | w_P3=1.000 | w_AVO=2.875 | lambda_MMD=0.150
2025-10-01 14:42:02 - Epoch Summary: TrainLoss=1.4501 | TrainAcc=0.662 | Val(P3)=0.582 | Val(AVO)=0.660
2025-10-01 14:42:02 - No AVO-val improvement; patience remaining: 29/50
2025-10-01 14:42:02 - Epoch 42/500 | LR=0.009835 | w_P3=1.000 | w_AVO=2.875 | lambda_MMD=0.150
2025-10-01 14:42:02 - Epoch Summary: TrainLoss=1.4016 | TrainAcc=0.638 | Val(P3)=0.595 | Val(AVO)=0.679
2025-10-01 14:42:02 - No AVO-val improvement; patience remaining: 28/50
2025-10-01 14:42:02 - Epoch 43/500 | LR=0.009827 | w_P3=1.000 | w_AVO=2.875 | lambda_MMD=0.150
2025-10-01 14:42:02 - Epoch Summary: TrainLoss=1.3585 | TrainAcc=0.646 | Val(P3)=0.598 | Val(AVO)=0.679
2025-10-01 14:42:02 - No AVO-val improvement; patience remaining: 27/50
2025-10-01 14:42:02 - Epoch 44/500 | LR=0.009819 | w_P3=1.000 | w_AVO=2.875 | lambda_MMD=0.150
2025-10-01 14:42:02 - Epoch Summary: TrainLoss=1.3192 | TrainAcc=0.655 | Val(P3)=0.614 | Val(AVO)=0.717
2025-10-01 14:42:02 - No AVO-val improvement; patience remaining: 26/50
2025-10-01 14:42:02 - Epoch 45/500 | LR=0.009810 | w_P3=1.000 | w_AVO=2.875 | lambda_MMD=0.150
2025-10-01 14:42:02 - Epoch Summary: TrainLoss=1.3203 | TrainAcc=0.655 | Val(P3)=0.598 | Val(AVO)=0.755
2025-10-01 14:42:02 - New best AVO-val; checkpoint updated
2025-10-01 14:42:02 - Epoch 46/500 | LR=0.009801 | w_P3=1.000 | w_AVO=2.875 | lambda_MMD=0.150
2025-10-01 14:42:02 - Epoch Summary: TrainLoss=1.2987 | TrainAcc=0.642 | Val(P3)=0.611 | Val(AVO)=0.623
2025-10-01 14:42:02 - No AVO-val improvement; patience remaining: 49/50
2025-10-01 14:42:02 - Epoch 47/500 | LR=0.009793 | w_P3=1.000 | w_AVO=2.875 | lambda_MMD=0.150
2025-10-01 14:42:03 - Epoch Summary: TrainLoss=1.2724 | TrainAcc=0.663 | Val(P3)=0.572 | Val(AVO)=0.660
2025-10-01 14:42:03 - No AVO-val improvement; patience remaining: 48/50
2025-10-01 14:42:03 - Epoch 48/500 | LR=0.009784 | w_P3=1.000 | w_AVO=2.875 | lambda_MMD=0.150
2025-10-01 14:42:03 - Epoch Summary: TrainLoss=1.2536 | TrainAcc=0.655 | Val(P3)=0.595 | Val(AVO)=0.660
2025-10-01 14:42:03 - No AVO-val improvement; patience remaining: 47/50
2025-10-01 14:42:03 - Epoch 49/500 | LR=0.009774 | w_P3=1.000 | w_AVO=2.875 | lambda_MMD=0.150
2025-10-01 14:42:03 - Epoch Summary: TrainLoss=1.2362 | TrainAcc=0.655 | Val(P3)=0.598 | Val(AVO)=0.698
2025-10-01 14:42:03 - No AVO-val improvement; patience remaining: 46/50
2025-10-01 14:42:03 - Epoch 50/500 | LR=0.009765 | w_P3=1.000 | w_AVO=2.875 | lambda_MMD=0.150
2025-10-01 14:42:03 - Epoch Summary: TrainLoss=1.2246 | TrainAcc=0.641 | Val(P3)=0.578 | Val(AVO)=0.736
2025-10-01 14:42:03 - No AVO-val improvement; patience remaining: 45/50
2025-10-01 14:42:03 - Epoch 51/500 | LR=0.009755 | w_P3=1.000 | w_AVO=2.875 | lambda_MMD=0.150
2025-10-01 14:42:03 - Epoch Summary: TrainLoss=1.1915 | TrainAcc=0.658 | Val(P3)=0.605 | Val(AVO)=0.698
2025-10-01 14:42:03 - No AVO-val improvement; patience remaining: 44/50
2025-10-01 14:42:03 - Epoch 52/500 | LR=0.009745 | w_P3=1.000 | w_AVO=2.875 | lambda_MMD=0.150
2025-10-01 14:42:03 - Epoch Summary: TrainLoss=1.1761 | TrainAcc=0.651 | Val(P3)=0.592 | Val(AVO)=0.698
2025-10-01 14:42:03 - No AVO-val improvement; patience remaining: 43/50
2025-10-01 14:42:03 - Epoch 53/500 | LR=0.009735 | w_P3=1.000 | w_AVO=2.875 | lambda_MMD=0.150
2025-10-01 14:42:03 - Epoch Summary: TrainLoss=1.1903 | TrainAcc=0.661 | Val(P3)=0.601 | Val(AVO)=0.698
2025-10-01 14:42:03 - No AVO-val improvement; patience remaining: 42/50
2025-10-01 14:42:03 - Epoch 54/500 | LR=0.009725 | w_P3=1.000 | w_AVO=2.875 | lambda_MMD=0.150
2025-10-01 14:42:03 - Epoch Summary: TrainLoss=1.1373 | TrainAcc=0.666 | Val(P3)=0.601 | Val(AVO)=0.736
2025-10-01 14:42:03 - No AVO-val improvement; patience remaining: 41/50
2025-10-01 14:42:03 - Epoch 55/500 | LR=0.009715 | w_P3=1.000 | w_AVO=2.875 | lambda_MMD=0.150
2025-10-01 14:42:04 - Epoch Summary: TrainLoss=1.1476 | TrainAcc=0.662 | Val(P3)=0.598 | Val(AVO)=0.679
2025-10-01 14:42:04 - No AVO-val improvement; patience remaining: 40/50
2025-10-01 14:42:04 - Epoch 56/500 | LR=0.009704 | w_P3=1.000 | w_AVO=2.875 | lambda_MMD=0.150
2025-10-01 14:42:04 - Epoch Summary: TrainLoss=1.0989 | TrainAcc=0.661 | Val(P3)=0.611 | Val(AVO)=0.736
2025-10-01 14:42:04 - No AVO-val improvement; patience remaining: 39/50
2025-10-01 14:42:04 - Epoch 57/500 | LR=0.009694 | w_P3=1.000 | w_AVO=2.875 | lambda_MMD=0.150
2025-10-01 14:42:04 - Epoch Summary: TrainLoss=1.0843 | TrainAcc=0.673 | Val(P3)=0.608 | Val(AVO)=0.717
2025-10-01 14:42:04 - No AVO-val improvement; patience remaining: 38/50
2025-10-01 14:42:04 - Epoch 58/500 | LR=0.009683 | w_P3=1.000 | w_AVO=2.875 | lambda_MMD=0.150
2025-10-01 14:42:04 - Epoch Summary: TrainLoss=1.0962 | TrainAcc=0.671 | Val(P3)=0.601 | Val(AVO)=0.679
2025-10-01 14:42:04 - No AVO-val improvement; patience remaining: 37/50
2025-10-01 14:42:04 - AVO val decreasing 3x. Reducing w_small to 2.300, lambda_MMD to 0.075
2025-10-01 14:42:04 - P3 val decreasing 3x. Reducing lambda_MMD to 0.052
2025-10-01 14:42:04 - Epoch 59/500 | LR=0.009672 | w_P3=1.000 | w_AVO=2.300 | lambda_MMD=0.052
2025-10-01 14:42:04 - Epoch Summary: TrainLoss=1.0312 | TrainAcc=0.656 | Val(P3)=0.595 | Val(AVO)=0.642
2025-10-01 14:42:04 - No AVO-val improvement; patience remaining: 36/50
2025-10-01 14:42:04 - AVO val decreasing 3x. Reducing w_small to 2.300, lambda_MMD to 0.075
2025-10-01 14:42:04 - P3 val decreasing 3x. Reducing lambda_MMD to 0.052
2025-10-01 14:42:04 - Epoch 60/500 | LR=0.009660 | w_P3=1.000 | w_AVO=2.300 | lambda_MMD=0.052
2025-10-01 14:42:04 - Epoch Summary: TrainLoss=0.9307 | TrainAcc=0.663 | Val(P3)=0.588 | Val(AVO)=0.736
2025-10-01 14:42:04 - No AVO-val improvement; patience remaining: 35/50
2025-10-01 14:42:04 - P3 val decreasing 3x. Reducing lambda_MMD to 0.105
2025-10-01 14:42:04 - Epoch 61/500 | LR=0.009649 | w_P3=1.000 | w_AVO=2.875 | lambda_MMD=0.105
2025-10-01 14:42:04 - Epoch Summary: TrainLoss=1.0394 | TrainAcc=0.671 | Val(P3)=0.608 | Val(AVO)=0.736
2025-10-01 14:42:04 - No AVO-val improvement; patience remaining: 34/50
2025-10-01 14:42:04 - Epoch 62/500 | LR=0.009637 | w_P3=1.000 | w_AVO=2.875 | lambda_MMD=0.150
2025-10-01 14:42:05 - Epoch Summary: TrainLoss=1.0495 | TrainAcc=0.678 | Val(P3)=0.588 | Val(AVO)=0.736
2025-10-01 14:42:05 - No AVO-val improvement; patience remaining: 33/50
2025-10-01 14:42:05 - Epoch 63/500 | LR=0.009625 | w_P3=1.000 | w_AVO=2.875 | lambda_MMD=0.150
2025-10-01 14:42:05 - Epoch Summary: TrainLoss=0.9958 | TrainAcc=0.665 | Val(P3)=0.588 | Val(AVO)=0.736
2025-10-01 14:42:05 - No AVO-val improvement; patience remaining: 32/50
2025-10-01 14:42:05 - Epoch 64/500 | LR=0.009613 | w_P3=1.000 | w_AVO=2.875 | lambda_MMD=0.150
2025-10-01 14:42:05 - Epoch Summary: TrainLoss=0.9824 | TrainAcc=0.676 | Val(P3)=0.598 | Val(AVO)=0.717
2025-10-01 14:42:05 - No AVO-val improvement; patience remaining: 31/50
2025-10-01 14:42:05 - Epoch 65/500 | LR=0.009601 | w_P3=1.000 | w_AVO=2.875 | lambda_MMD=0.150
2025-10-01 14:42:05 - Epoch Summary: TrainLoss=1.0113 | TrainAcc=0.671 | Val(P3)=0.592 | Val(AVO)=0.623
2025-10-01 14:42:05 - No AVO-val improvement; patience remaining: 30/50
2025-10-01 14:42:05 - AVO val decreasing 3x. Reducing w_small to 2.300, lambda_MMD to 0.075
2025-10-01 14:42:05 - Epoch 66/500 | LR=0.009589 | w_P3=1.000 | w_AVO=2.300 | lambda_MMD=0.075
2025-10-01 14:42:05 - Epoch Summary: TrainLoss=0.8836 | TrainAcc=0.671 | Val(P3)=0.598 | Val(AVO)=0.679
2025-10-01 14:42:05 - No AVO-val improvement; patience remaining: 29/50
2025-10-01 14:42:05 - Epoch 67/500 | LR=0.009576 | w_P3=1.000 | w_AVO=2.875 | lambda_MMD=0.150
2025-10-01 14:42:05 - Epoch Summary: TrainLoss=0.9724 | TrainAcc=0.678 | Val(P3)=0.585 | Val(AVO)=0.660
2025-10-01 14:42:05 - No AVO-val improvement; patience remaining: 28/50
2025-10-01 14:42:05 - Epoch 68/500 | LR=0.009563 | w_P3=1.000 | w_AVO=2.875 | lambda_MMD=0.150
2025-10-01 14:42:05 - Epoch Summary: TrainLoss=0.9528 | TrainAcc=0.673 | Val(P3)=0.608 | Val(AVO)=0.679
2025-10-01 14:42:05 - No AVO-val improvement; patience remaining: 27/50
2025-10-01 14:42:05 - Epoch 69/500 | LR=0.009551 | w_P3=1.000 | w_AVO=2.875 | lambda_MMD=0.150
2025-10-01 14:42:05 - Epoch Summary: TrainLoss=0.9124 | TrainAcc=0.669 | Val(P3)=0.585 | Val(AVO)=0.698
2025-10-01 14:42:05 - No AVO-val improvement; patience remaining: 26/50
2025-10-01 14:42:05 - Epoch 70/500 | LR=0.009537 | w_P3=1.000 | w_AVO=2.875 | lambda_MMD=0.150
2025-10-01 14:42:06 - Epoch Summary: TrainLoss=0.9900 | TrainAcc=0.682 | Val(P3)=0.598 | Val(AVO)=0.679
2025-10-01 14:42:06 - No AVO-val improvement; patience remaining: 25/50
2025-10-01 14:42:06 - Epoch 71/500 | LR=0.009524 | w_P3=1.000 | w_AVO=2.875 | lambda_MMD=0.150
2025-10-01 14:42:06 - Epoch Summary: TrainLoss=0.9337 | TrainAcc=0.688 | Val(P3)=0.598 | Val(AVO)=0.717
2025-10-01 14:42:06 - No AVO-val improvement; patience remaining: 24/50
2025-10-01 14:42:06 - Epoch 72/500 | LR=0.009511 | w_P3=1.000 | w_AVO=2.875 | lambda_MMD=0.150
2025-10-01 14:42:06 - Epoch Summary: TrainLoss=0.9127 | TrainAcc=0.680 | Val(P3)=0.601 | Val(AVO)=0.679
2025-10-01 14:42:06 - No AVO-val improvement; patience remaining: 23/50
2025-10-01 14:42:06 - Epoch 73/500 | LR=0.009497 | w_P3=1.000 | w_AVO=2.875 | lambda_MMD=0.150
2025-10-01 14:42:06 - Epoch Summary: TrainLoss=0.9036 | TrainAcc=0.681 | Val(P3)=0.595 | Val(AVO)=0.736
2025-10-01 14:42:06 - No AVO-val improvement; patience remaining: 22/50
2025-10-01 14:42:06 - Epoch 74/500 | LR=0.009483 | w_P3=1.000 | w_AVO=2.875 | lambda_MMD=0.150
2025-10-01 14:42:06 - Epoch Summary: TrainLoss=0.8991 | TrainAcc=0.683 | Val(P3)=0.595 | Val(AVO)=0.736
2025-10-01 14:42:06 - No AVO-val improvement; patience remaining: 21/50
2025-10-01 14:42:06 - Epoch 75/500 | LR=0.009469 | w_P3=1.000 | w_AVO=2.875 | lambda_MMD=0.150
2025-10-01 14:42:06 - Epoch Summary: TrainLoss=0.8816 | TrainAcc=0.682 | Val(P3)=0.601 | Val(AVO)=0.736
2025-10-01 14:42:06 - No AVO-val improvement; patience remaining: 20/50
2025-10-01 14:42:06 - Epoch 76/500 | LR=0.009455 | w_P3=1.000 | w_AVO=2.875 | lambda_MMD=0.150
2025-10-01 14:42:06 - Epoch Summary: TrainLoss=0.9432 | TrainAcc=0.688 | Val(P3)=0.601 | Val(AVO)=0.755
2025-10-01 14:42:06 - No AVO-val improvement; patience remaining: 19/50
2025-10-01 14:42:06 - Epoch 77/500 | LR=0.009441 | w_P3=1.000 | w_AVO=2.875 | lambda_MMD=0.150
2025-10-01 14:42:06 - Epoch Summary: TrainLoss=0.8519 | TrainAcc=0.696 | Val(P3)=0.608 | Val(AVO)=0.660
2025-10-01 14:42:06 - No AVO-val improvement; patience remaining: 18/50
2025-10-01 14:42:06 - Epoch 78/500 | LR=0.009426 | w_P3=1.000 | w_AVO=2.875 | lambda_MMD=0.150
2025-10-01 14:42:07 - Epoch Summary: TrainLoss=0.8308 | TrainAcc=0.696 | Val(P3)=0.595 | Val(AVO)=0.679
2025-10-01 14:42:07 - No AVO-val improvement; patience remaining: 17/50
2025-10-01 14:42:07 - Epoch 79/500 | LR=0.009411 | w_P3=1.000 | w_AVO=2.875 | lambda_MMD=0.150
2025-10-01 14:42:07 - Epoch Summary: TrainLoss=0.8380 | TrainAcc=0.694 | Val(P3)=0.588 | Val(AVO)=0.660
2025-10-01 14:42:07 - No AVO-val improvement; patience remaining: 16/50
2025-10-01 14:42:07 - P3 val decreasing 3x. Reducing lambda_MMD to 0.105
2025-10-01 14:42:07 - Epoch 80/500 | LR=0.009397 | w_P3=1.000 | w_AVO=2.875 | lambda_MMD=0.105
2025-10-01 14:42:07 - Epoch Summary: TrainLoss=0.8553 | TrainAcc=0.683 | Val(P3)=0.588 | Val(AVO)=0.642
2025-10-01 14:42:07 - No AVO-val improvement; patience remaining: 15/50
2025-10-01 14:42:07 - AVO val decreasing 3x. Reducing w_small to 2.300, lambda_MMD to 0.075
2025-10-01 14:42:07 - Epoch 81/500 | LR=0.009382 | w_P3=1.000 | w_AVO=2.300 | lambda_MMD=0.075
2025-10-01 14:42:07 - Epoch Summary: TrainLoss=0.7754 | TrainAcc=0.698 | Val(P3)=0.592 | Val(AVO)=0.698
2025-10-01 14:42:07 - No AVO-val improvement; patience remaining: 14/50
2025-10-01 14:42:07 - Epoch 82/500 | LR=0.009366 | w_P3=1.000 | w_AVO=2.875 | lambda_MMD=0.150
2025-10-01 14:42:07 - Epoch Summary: TrainLoss=0.8228 | TrainAcc=0.705 | Val(P3)=0.575 | Val(AVO)=0.660
2025-10-01 14:42:07 - No AVO-val improvement; patience remaining: 13/50
2025-10-01 14:42:07 - Epoch 83/500 | LR=0.009351 | w_P3=1.000 | w_AVO=2.875 | lambda_MMD=0.150
2025-10-01 14:42:07 - Epoch Summary: TrainLoss=0.8385 | TrainAcc=0.700 | Val(P3)=0.578 | Val(AVO)=0.660
2025-10-01 14:42:07 - No AVO-val improvement; patience remaining: 12/50
2025-10-01 14:42:07 - Epoch 84/500 | LR=0.009335 | w_P3=1.000 | w_AVO=2.875 | lambda_MMD=0.150
2025-10-01 14:42:07 - Epoch Summary: TrainLoss=0.8205 | TrainAcc=0.708 | Val(P3)=0.585 | Val(AVO)=0.679
2025-10-01 14:42:07 - No AVO-val improvement; patience remaining: 11/50
2025-10-01 14:42:07 - Epoch 85/500 | LR=0.009320 | w_P3=1.000 | w_AVO=2.875 | lambda_MMD=0.150
2025-10-01 14:42:08 - Epoch Summary: TrainLoss=0.8447 | TrainAcc=0.717 | Val(P3)=0.595 | Val(AVO)=0.604
2025-10-01 14:42:08 - No AVO-val improvement; patience remaining: 10/50
2025-10-01 14:42:08 - Epoch 86/500 | LR=0.009304 | w_P3=1.000 | w_AVO=2.875 | lambda_MMD=0.150
2025-10-01 14:42:08 - Epoch Summary: TrainLoss=0.8144 | TrainAcc=0.696 | Val(P3)=0.592 | Val(AVO)=0.660
2025-10-01 14:42:08 - No AVO-val improvement; patience remaining: 9/50
2025-10-01 14:42:08 - Epoch 87/500 | LR=0.009288 | w_P3=1.000 | w_AVO=2.875 | lambda_MMD=0.150
2025-10-01 14:42:08 - Epoch Summary: TrainLoss=0.8103 | TrainAcc=0.704 | Val(P3)=0.565 | Val(AVO)=0.660
2025-10-01 14:42:08 - No AVO-val improvement; patience remaining: 8/50
2025-10-01 14:42:08 - P3 val decreasing 3x. Reducing lambda_MMD to 0.105
2025-10-01 14:42:08 - Epoch 88/500 | LR=0.009271 | w_P3=1.000 | w_AVO=2.875 | lambda_MMD=0.105
2025-10-01 14:42:08 - Epoch Summary: TrainLoss=0.7459 | TrainAcc=0.712 | Val(P3)=0.595 | Val(AVO)=0.736
2025-10-01 14:42:08 - No AVO-val improvement; patience remaining: 7/50
2025-10-01 14:42:08 - Epoch 89/500 | LR=0.009255 | w_P3=1.000 | w_AVO=2.875 | lambda_MMD=0.150
2025-10-01 14:42:08 - Epoch Summary: TrainLoss=0.8249 | TrainAcc=0.702 | Val(P3)=0.585 | Val(AVO)=0.698
2025-10-01 14:42:08 - No AVO-val improvement; patience remaining: 6/50
2025-10-01 14:42:08 - Epoch 90/500 | LR=0.009238 | w_P3=1.000 | w_AVO=2.875 | lambda_MMD=0.150
2025-10-01 14:42:08 - Epoch Summary: TrainLoss=0.8054 | TrainAcc=0.702 | Val(P3)=0.578 | Val(AVO)=0.698
2025-10-01 14:42:08 - No AVO-val improvement; patience remaining: 5/50
2025-10-01 14:42:08 - P3 val decreasing 3x. Reducing lambda_MMD to 0.105
2025-10-01 14:42:08 - Epoch 91/500 | LR=0.009222 | w_P3=1.000 | w_AVO=2.875 | lambda_MMD=0.105
2025-10-01 14:42:08 - Epoch Summary: TrainLoss=0.7747 | TrainAcc=0.703 | Val(P3)=0.595 | Val(AVO)=0.679
2025-10-01 14:42:08 - No AVO-val improvement; patience remaining: 4/50
2025-10-01 14:42:08 - Epoch 92/500 | LR=0.009205 | w_P3=1.000 | w_AVO=2.875 | lambda_MMD=0.150
2025-10-01 14:42:09 - Epoch Summary: TrainLoss=0.8349 | TrainAcc=0.703 | Val(P3)=0.585 | Val(AVO)=0.717
2025-10-01 14:42:09 - No AVO-val improvement; patience remaining: 3/50
2025-10-01 14:42:09 - Epoch 93/500 | LR=0.009188 | w_P3=1.000 | w_AVO=2.875 | lambda_MMD=0.150
2025-10-01 14:42:09 - Epoch Summary: TrainLoss=0.7945 | TrainAcc=0.720 | Val(P3)=0.595 | Val(AVO)=0.717
2025-10-01 14:42:09 - No AVO-val improvement; patience remaining: 2/50
2025-10-01 14:42:09 - Epoch 94/500 | LR=0.009170 | w_P3=1.000 | w_AVO=2.875 | lambda_MMD=0.150
2025-10-01 14:42:09 - Epoch Summary: TrainLoss=0.7883 | TrainAcc=0.706 | Val(P3)=0.601 | Val(AVO)=0.679
2025-10-01 14:42:09 - No AVO-val improvement; patience remaining: 1/50
2025-10-01 14:42:09 - Epoch 95/500 | LR=0.009153 | w_P3=1.000 | w_AVO=2.875 | lambda_MMD=0.150
2025-10-01 14:42:09 - Epoch Summary: TrainLoss=0.7427 | TrainAcc=0.722 | Val(P3)=0.569 | Val(AVO)=0.585
2025-10-01 14:42:09 - No AVO-val improvement; patience remaining: 0/50
2025-10-01 14:42:09 - Early stopping triggered (AVO-val)
2025-10-01 14:42:09 -     P3 Test | Acc=0.5514 P=0.7424 R=0.1531 F1=0.2539 AUC=0.6382 (n=642)
2025-10-01 14:42:09 -     AVO Test | Acc=0.5789 P=0.6400 R=0.4103 F1=0.5000 AUC=0.6230 (n=76)
2025-10-01 14:42:09 -     Overall Test Acc=0.5543
2025-10-01 14:42:09 -   Fold 2/5
2025-10-01 14:42:09 - Fold domains: small=AVO (n=265), large=P3 (n=2246)
2025-10-01 14:42:09 - Auto adjustments (symmetric): w_small≈1.000, lambda_MMD_target=0.150, warmup_epochs=5
2025-10-01 14:42:09 - Epoch 1/500 | LR=0.010000 | w_P3=1.000 | w_AVO=1.382 | lambda_MMD=0.030
2025-10-01 14:42:09 - Epoch Summary: TrainLoss=1.7419 | TrainAcc=0.537 | Val(P3)=0.579 | Val(AVO)=0.640
2025-10-01 14:42:09 - New best AVO-val; checkpoint updated
2025-10-01 14:42:09 - Epoch 2/500 | LR=0.010000 | w_P3=1.000 | w_AVO=1.765 | lambda_MMD=0.060
2025-10-01 14:42:09 - Epoch Summary: TrainLoss=1.8320 | TrainAcc=0.579 | Val(P3)=0.644 | Val(AVO)=0.740
2025-10-01 14:42:09 - New best AVO-val; checkpoint updated
2025-10-01 14:42:09 - Epoch 3/500 | LR=0.010000 | w_P3=1.000 | w_AVO=2.147 | lambda_MMD=0.090
2025-10-01 14:42:09 - Epoch Summary: TrainLoss=1.9561 | TrainAcc=0.614 | Val(P3)=0.650 | Val(AVO)=0.540
2025-10-01 14:42:09 - No AVO-val improvement; patience remaining: 49/50
2025-10-01 14:42:09 - Epoch 4/500 | LR=0.009999 | w_P3=1.000 | w_AVO=2.529 | lambda_MMD=0.120
2025-10-01 14:42:10 - Epoch Summary: TrainLoss=2.2126 | TrainAcc=0.592 | Val(P3)=0.647 | Val(AVO)=0.680
2025-10-01 14:42:10 - No AVO-val improvement; patience remaining: 48/50
2025-10-01 14:42:10 - Epoch 5/500 | LR=0.009998 | w_P3=1.000 | w_AVO=2.911 | lambda_MMD=0.150
2025-10-01 14:42:10 - Epoch Summary: TrainLoss=2.4404 | TrainAcc=0.592 | Val(P3)=0.657 | Val(AVO)=0.680
2025-10-01 14:42:10 - No AVO-val improvement; patience remaining: 47/50
2025-10-01 14:42:10 - Epoch 6/500 | LR=0.009998 | w_P3=1.000 | w_AVO=2.911 | lambda_MMD=0.150
2025-10-01 14:42:10 - Epoch Summary: TrainLoss=2.4825 | TrainAcc=0.589 | Val(P3)=0.641 | Val(AVO)=0.640
2025-10-01 14:42:10 - No AVO-val improvement; patience remaining: 46/50
2025-10-01 14:42:10 - Epoch 7/500 | LR=0.009996 | w_P3=1.000 | w_AVO=2.911 | lambda_MMD=0.150
2025-10-01 14:42:10 - Epoch Summary: TrainLoss=2.4663 | TrainAcc=0.601 | Val(P3)=0.634 | Val(AVO)=0.740
2025-10-01 14:42:10 - No AVO-val improvement; patience remaining: 45/50
2025-10-01 14:42:10 - P3 val decreasing 3x. Reducing lambda_MMD to 0.105
2025-10-01 14:42:10 - Epoch 8/500 | LR=0.009995 | w_P3=1.000 | w_AVO=2.911 | lambda_MMD=0.105
2025-10-01 14:42:10 - Epoch Summary: TrainLoss=2.3025 | TrainAcc=0.586 | Val(P3)=0.638 | Val(AVO)=0.640
2025-10-01 14:42:10 - No AVO-val improvement; patience remaining: 44/50
2025-10-01 14:42:10 - Epoch 9/500 | LR=0.009994 | w_P3=1.000 | w_AVO=2.911 | lambda_MMD=0.150
2025-10-01 14:42:10 - Epoch Summary: TrainLoss=2.2993 | TrainAcc=0.599 | Val(P3)=0.641 | Val(AVO)=0.760
2025-10-01 14:42:10 - New best AVO-val; checkpoint updated
2025-10-01 14:42:10 - Epoch 10/500 | LR=0.009992 | w_P3=1.000 | w_AVO=2.911 | lambda_MMD=0.150
2025-10-01 14:42:10 - Epoch Summary: TrainLoss=2.3411 | TrainAcc=0.603 | Val(P3)=0.644 | Val(AVO)=0.760
2025-10-01 14:42:10 - No AVO-val improvement; patience remaining: 49/50
2025-10-01 14:42:10 - Epoch 11/500 | LR=0.009990 | w_P3=1.000 | w_AVO=2.911 | lambda_MMD=0.150
2025-10-01 14:42:10 - Epoch Summary: TrainLoss=2.2528 | TrainAcc=0.601 | Val(P3)=0.628 | Val(AVO)=0.760
2025-10-01 14:42:10 - No AVO-val improvement; patience remaining: 48/50
2025-10-01 14:42:10 - Epoch 12/500 | LR=0.009988 | w_P3=1.000 | w_AVO=2.911 | lambda_MMD=0.150
2025-10-01 14:42:11 - Epoch Summary: TrainLoss=2.2085 | TrainAcc=0.608 | Val(P3)=0.576 | Val(AVO)=0.740
2025-10-01 14:42:11 - No AVO-val improvement; patience remaining: 47/50
2025-10-01 14:42:11 - P3 val decreasing 3x. Reducing lambda_MMD to 0.105
2025-10-01 14:42:11 - Epoch 13/500 | LR=0.009986 | w_P3=1.000 | w_AVO=2.911 | lambda_MMD=0.105
2025-10-01 14:42:11 - Epoch Summary: TrainLoss=2.2719 | TrainAcc=0.616 | Val(P3)=0.599 | Val(AVO)=0.520
2025-10-01 14:42:11 - No AVO-val improvement; patience remaining: 46/50
2025-10-01 14:42:11 - AVO val decreasing 3x. Reducing w_small to 2.329, lambda_MMD to 0.075
2025-10-01 14:42:11 - Epoch 14/500 | LR=0.009983 | w_P3=1.000 | w_AVO=2.329 | lambda_MMD=0.075
2025-10-01 14:42:11 - Epoch Summary: TrainLoss=1.8270 | TrainAcc=0.610 | Val(P3)=0.573 | Val(AVO)=0.540
2025-10-01 14:42:11 - No AVO-val improvement; patience remaining: 45/50
2025-10-01 14:42:11 - Epoch 15/500 | LR=0.009981 | w_P3=1.000 | w_AVO=2.911 | lambda_MMD=0.150
2025-10-01 14:42:11 - Epoch Summary: TrainLoss=2.2117 | TrainAcc=0.605 | Val(P3)=0.602 | Val(AVO)=0.760
2025-10-01 14:42:11 - No AVO-val improvement; patience remaining: 44/50
2025-10-01 14:42:11 - Epoch 16/500 | LR=0.009978 | w_P3=1.000 | w_AVO=2.911 | lambda_MMD=0.150
2025-10-01 14:42:11 - Epoch Summary: TrainLoss=2.1517 | TrainAcc=0.614 | Val(P3)=0.589 | Val(AVO)=0.580
2025-10-01 14:42:11 - No AVO-val improvement; patience remaining: 43/50
2025-10-01 14:42:11 - Epoch 17/500 | LR=0.009975 | w_P3=1.000 | w_AVO=2.911 | lambda_MMD=0.150
2025-10-01 14:42:11 - Epoch Summary: TrainLoss=2.0663 | TrainAcc=0.618 | Val(P3)=0.615 | Val(AVO)=0.680
2025-10-01 14:42:11 - No AVO-val improvement; patience remaining: 42/50
2025-10-01 14:42:11 - Epoch 18/500 | LR=0.009972 | w_P3=1.000 | w_AVO=2.911 | lambda_MMD=0.150
2025-10-01 14:42:11 - Epoch Summary: TrainLoss=2.0577 | TrainAcc=0.623 | Val(P3)=0.608 | Val(AVO)=0.780
2025-10-01 14:42:11 - New best AVO-val; checkpoint updated
2025-10-01 14:42:11 - Epoch 19/500 | LR=0.009968 | w_P3=1.000 | w_AVO=2.911 | lambda_MMD=0.150
2025-10-01 14:42:12 - Epoch Summary: TrainLoss=2.1042 | TrainAcc=0.619 | Val(P3)=0.621 | Val(AVO)=0.780
2025-10-01 14:42:12 - No AVO-val improvement; patience remaining: 49/50
2025-10-01 14:42:12 - Epoch 20/500 | LR=0.009964 | w_P3=1.000 | w_AVO=2.911 | lambda_MMD=0.150
2025-10-01 14:42:12 - Epoch Summary: TrainLoss=2.0408 | TrainAcc=0.623 | Val(P3)=0.599 | Val(AVO)=0.660
2025-10-01 14:42:12 - No AVO-val improvement; patience remaining: 48/50
2025-10-01 14:42:12 - Epoch 21/500 | LR=0.009961 | w_P3=1.000 | w_AVO=2.911 | lambda_MMD=0.150
2025-10-01 14:42:12 - Epoch Summary: TrainLoss=2.0589 | TrainAcc=0.630 | Val(P3)=0.625 | Val(AVO)=0.760
2025-10-01 14:42:12 - No AVO-val improvement; patience remaining: 47/50
2025-10-01 14:42:12 - Epoch 22/500 | LR=0.009957 | w_P3=1.000 | w_AVO=2.911 | lambda_MMD=0.150
2025-10-01 14:42:12 - Epoch Summary: TrainLoss=2.0004 | TrainAcc=0.608 | Val(P3)=0.628 | Val(AVO)=0.820
2025-10-01 14:42:12 - New best AVO-val; checkpoint updated
2025-10-01 14:42:12 - Epoch 23/500 | LR=0.009952 | w_P3=1.000 | w_AVO=2.911 | lambda_MMD=0.150
2025-10-01 14:42:12 - Epoch Summary: TrainLoss=1.9543 | TrainAcc=0.646 | Val(P3)=0.573 | Val(AVO)=0.460
2025-10-01 14:42:12 - No AVO-val improvement; patience remaining: 49/50
2025-10-01 14:42:12 - Epoch 24/500 | LR=0.009948 | w_P3=1.000 | w_AVO=2.911 | lambda_MMD=0.150
2025-10-01 14:42:12 - Epoch Summary: TrainLoss=2.0509 | TrainAcc=0.607 | Val(P3)=0.647 | Val(AVO)=0.760
2025-10-01 14:42:12 - No AVO-val improvement; patience remaining: 48/50
2025-10-01 14:42:12 - Epoch 25/500 | LR=0.009943 | w_P3=1.000 | w_AVO=2.911 | lambda_MMD=0.150
2025-10-01 14:42:12 - Epoch Summary: TrainLoss=1.9865 | TrainAcc=0.625 | Val(P3)=0.621 | Val(AVO)=0.760
2025-10-01 14:42:12 - No AVO-val improvement; patience remaining: 47/50
2025-10-01 14:42:12 - Epoch 26/500 | LR=0.009938 | w_P3=1.000 | w_AVO=2.911 | lambda_MMD=0.150
2025-10-01 14:42:12 - Epoch Summary: TrainLoss=1.8704 | TrainAcc=0.620 | Val(P3)=0.583 | Val(AVO)=0.680
2025-10-01 14:42:12 - No AVO-val improvement; patience remaining: 46/50
2025-10-01 14:42:12 - P3 val decreasing 3x. Reducing lambda_MMD to 0.105
2025-10-01 14:42:12 - Epoch 27/500 | LR=0.009933 | w_P3=1.000 | w_AVO=2.911 | lambda_MMD=0.105
2025-10-01 14:42:13 - Epoch Summary: TrainLoss=1.9000 | TrainAcc=0.632 | Val(P3)=0.605 | Val(AVO)=0.760
2025-10-01 14:42:13 - No AVO-val improvement; patience remaining: 45/50
2025-10-01 14:42:13 - Epoch 28/500 | LR=0.009928 | w_P3=1.000 | w_AVO=2.911 | lambda_MMD=0.150
2025-10-01 14:42:13 - Epoch Summary: TrainLoss=1.7971 | TrainAcc=0.634 | Val(P3)=0.605 | Val(AVO)=0.660
2025-10-01 14:42:13 - No AVO-val improvement; patience remaining: 44/50
2025-10-01 14:42:13 - Epoch 29/500 | LR=0.009923 | w_P3=1.000 | w_AVO=2.911 | lambda_MMD=0.150
2025-10-01 14:42:13 - Epoch Summary: TrainLoss=1.8676 | TrainAcc=0.626 | Val(P3)=0.605 | Val(AVO)=0.740
2025-10-01 14:42:13 - No AVO-val improvement; patience remaining: 43/50
2025-10-01 14:42:13 - Epoch 30/500 | LR=0.009917 | w_P3=1.000 | w_AVO=2.911 | lambda_MMD=0.150
2025-10-01 14:42:13 - Epoch Summary: TrainLoss=1.8571 | TrainAcc=0.632 | Val(P3)=0.615 | Val(AVO)=0.640
2025-10-01 14:42:13 - No AVO-val improvement; patience remaining: 42/50
2025-10-01 14:42:13 - Epoch 31/500 | LR=0.009911 | w_P3=1.000 | w_AVO=2.911 | lambda_MMD=0.150
2025-10-01 14:42:13 - Epoch Summary: TrainLoss=1.8118 | TrainAcc=0.629 | Val(P3)=0.644 | Val(AVO)=0.740
2025-10-01 14:42:13 - No AVO-val improvement; patience remaining: 41/50
2025-10-01 14:42:13 - Epoch 32/500 | LR=0.009905 | w_P3=1.000 | w_AVO=2.911 | lambda_MMD=0.150
2025-10-01 14:42:13 - Epoch Summary: TrainLoss=1.7422 | TrainAcc=0.612 | Val(P3)=0.625 | Val(AVO)=0.780
2025-10-01 14:42:13 - No AVO-val improvement; patience remaining: 40/50
2025-10-01 14:42:13 - Epoch 33/500 | LR=0.009899 | w_P3=1.000 | w_AVO=2.911 | lambda_MMD=0.150
2025-10-01 14:42:13 - Epoch Summary: TrainLoss=1.7502 | TrainAcc=0.637 | Val(P3)=0.599 | Val(AVO)=0.580
2025-10-01 14:42:13 - No AVO-val improvement; patience remaining: 39/50
2025-10-01 14:42:13 - P3 val decreasing 3x. Reducing lambda_MMD to 0.105
2025-10-01 14:42:13 - Epoch 34/500 | LR=0.009893 | w_P3=1.000 | w_AVO=2.911 | lambda_MMD=0.105
2025-10-01 14:42:14 - Epoch Summary: TrainLoss=1.7548 | TrainAcc=0.634 | Val(P3)=0.608 | Val(AVO)=0.740
2025-10-01 14:42:14 - No AVO-val improvement; patience remaining: 38/50
2025-10-01 14:42:14 - Epoch 35/500 | LR=0.009886 | w_P3=1.000 | w_AVO=2.911 | lambda_MMD=0.150
2025-10-01 14:42:14 - Epoch Summary: TrainLoss=1.6544 | TrainAcc=0.624 | Val(P3)=0.625 | Val(AVO)=0.700
2025-10-01 14:42:14 - No AVO-val improvement; patience remaining: 37/50
2025-10-01 14:42:14 - Epoch 36/500 | LR=0.009880 | w_P3=1.000 | w_AVO=2.911 | lambda_MMD=0.150
2025-10-01 14:42:14 - Epoch Summary: TrainLoss=1.6221 | TrainAcc=0.643 | Val(P3)=0.615 | Val(AVO)=0.620
2025-10-01 14:42:14 - No AVO-val improvement; patience remaining: 36/50
2025-10-01 14:42:14 - AVO val decreasing 3x. Reducing w_small to 2.329, lambda_MMD to 0.075
2025-10-01 14:42:14 - Epoch 37/500 | LR=0.009873 | w_P3=1.000 | w_AVO=2.329 | lambda_MMD=0.075
2025-10-01 14:42:14 - Epoch Summary: TrainLoss=1.3892 | TrainAcc=0.643 | Val(P3)=0.615 | Val(AVO)=0.720
2025-10-01 14:42:14 - No AVO-val improvement; patience remaining: 35/50
2025-10-01 14:42:14 - Epoch 38/500 | LR=0.009865 | w_P3=1.000 | w_AVO=2.911 | lambda_MMD=0.150
2025-10-01 14:42:14 - Epoch Summary: TrainLoss=1.6436 | TrainAcc=0.640 | Val(P3)=0.618 | Val(AVO)=0.720
2025-10-01 14:42:14 - No AVO-val improvement; patience remaining: 34/50
2025-10-01 14:42:14 - Epoch 39/500 | LR=0.009858 | w_P3=1.000 | w_AVO=2.911 | lambda_MMD=0.150
2025-10-01 14:42:14 - Epoch Summary: TrainLoss=1.5783 | TrainAcc=0.638 | Val(P3)=0.638 | Val(AVO)=0.760
2025-10-01 14:42:14 - No AVO-val improvement; patience remaining: 33/50
2025-10-01 14:42:14 - Epoch 40/500 | LR=0.009851 | w_P3=1.000 | w_AVO=2.911 | lambda_MMD=0.150
2025-10-01 14:42:15 - Epoch Summary: TrainLoss=1.6809 | TrainAcc=0.643 | Val(P3)=0.608 | Val(AVO)=0.760
2025-10-01 14:42:15 - No AVO-val improvement; patience remaining: 32/50
2025-10-01 14:42:15 - Epoch 41/500 | LR=0.009843 | w_P3=1.000 | w_AVO=2.911 | lambda_MMD=0.150
2025-10-01 14:42:15 - Epoch Summary: TrainLoss=1.5757 | TrainAcc=0.636 | Val(P3)=0.631 | Val(AVO)=0.700
2025-10-01 14:42:15 - No AVO-val improvement; patience remaining: 31/50
2025-10-01 14:42:15 - Epoch 42/500 | LR=0.009835 | w_P3=1.000 | w_AVO=2.911 | lambda_MMD=0.150
2025-10-01 14:42:15 - Epoch Summary: TrainLoss=1.6381 | TrainAcc=0.625 | Val(P3)=0.595 | Val(AVO)=0.420
2025-10-01 14:42:15 - No AVO-val improvement; patience remaining: 30/50
2025-10-01 14:42:15 - AVO val decreasing 3x. Reducing w_small to 2.329, lambda_MMD to 0.075
2025-10-01 14:42:15 - Epoch 43/500 | LR=0.009827 | w_P3=1.000 | w_AVO=2.329 | lambda_MMD=0.075
2025-10-01 14:42:15 - Epoch Summary: TrainLoss=1.4214 | TrainAcc=0.636 | Val(P3)=0.644 | Val(AVO)=0.800
2025-10-01 14:42:15 - No AVO-val improvement; patience remaining: 29/50
2025-10-01 14:42:15 - Epoch 44/500 | LR=0.009819 | w_P3=1.000 | w_AVO=2.911 | lambda_MMD=0.150
2025-10-01 14:42:15 - Epoch Summary: TrainLoss=1.5805 | TrainAcc=0.659 | Val(P3)=0.595 | Val(AVO)=0.740
2025-10-01 14:42:15 - No AVO-val improvement; patience remaining: 28/50
2025-10-01 14:42:15 - Epoch 45/500 | LR=0.009810 | w_P3=1.000 | w_AVO=2.911 | lambda_MMD=0.150
2025-10-01 14:42:15 - Epoch Summary: TrainLoss=1.4917 | TrainAcc=0.656 | Val(P3)=0.589 | Val(AVO)=0.620
2025-10-01 14:42:15 - No AVO-val improvement; patience remaining: 27/50
2025-10-01 14:42:15 - AVO val decreasing 3x. Reducing w_small to 2.329, lambda_MMD to 0.075
2025-10-01 14:42:15 - P3 val decreasing 3x. Reducing lambda_MMD to 0.052
2025-10-01 14:42:15 - Epoch 46/500 | LR=0.009801 | w_P3=1.000 | w_AVO=2.329 | lambda_MMD=0.052
2025-10-01 14:42:15 - Epoch Summary: TrainLoss=1.3365 | TrainAcc=0.648 | Val(P3)=0.621 | Val(AVO)=0.680
2025-10-01 14:42:15 - No AVO-val improvement; patience remaining: 26/50
2025-10-01 14:42:15 - Epoch 47/500 | LR=0.009793 | w_P3=1.000 | w_AVO=2.911 | lambda_MMD=0.150
2025-10-01 14:42:16 - Epoch Summary: TrainLoss=1.5018 | TrainAcc=0.634 | Val(P3)=0.618 | Val(AVO)=0.760
2025-10-01 14:42:16 - No AVO-val improvement; patience remaining: 25/50
2025-10-01 14:42:16 - Epoch 48/500 | LR=0.009784 | w_P3=1.000 | w_AVO=2.911 | lambda_MMD=0.150
2025-10-01 14:42:16 - Epoch Summary: TrainLoss=1.4855 | TrainAcc=0.639 | Val(P3)=0.641 | Val(AVO)=0.720
2025-10-01 14:42:16 - No AVO-val improvement; patience remaining: 24/50
2025-10-01 14:42:16 - Epoch 49/500 | LR=0.009774 | w_P3=1.000 | w_AVO=2.911 | lambda_MMD=0.150
2025-10-01 14:42:16 - Epoch Summary: TrainLoss=1.4177 | TrainAcc=0.638 | Val(P3)=0.647 | Val(AVO)=0.760
2025-10-01 14:42:16 - No AVO-val improvement; patience remaining: 23/50
2025-10-01 14:42:16 - Epoch 50/500 | LR=0.009765 | w_P3=1.000 | w_AVO=2.911 | lambda_MMD=0.150
2025-10-01 14:42:16 - Epoch Summary: TrainLoss=1.3981 | TrainAcc=0.640 | Val(P3)=0.618 | Val(AVO)=0.660
2025-10-01 14:42:16 - No AVO-val improvement; patience remaining: 22/50
2025-10-01 14:42:16 - Epoch 51/500 | LR=0.009755 | w_P3=1.000 | w_AVO=2.911 | lambda_MMD=0.150
2025-10-01 14:42:16 - Epoch Summary: TrainLoss=1.4049 | TrainAcc=0.640 | Val(P3)=0.615 | Val(AVO)=0.660
2025-10-01 14:42:16 - No AVO-val improvement; patience remaining: 21/50
2025-10-01 14:42:16 - P3 val decreasing 3x. Reducing lambda_MMD to 0.105
2025-10-01 14:42:16 - Epoch 52/500 | LR=0.009745 | w_P3=1.000 | w_AVO=2.911 | lambda_MMD=0.105
2025-10-01 14:42:16 - Epoch Summary: TrainLoss=1.3800 | TrainAcc=0.636 | Val(P3)=0.595 | Val(AVO)=0.560
2025-10-01 14:42:16 - No AVO-val improvement; patience remaining: 20/50
2025-10-01 14:42:16 - P3 val decreasing 3x. Reducing lambda_MMD to 0.105
2025-10-01 14:42:16 - Epoch 53/500 | LR=0.009735 | w_P3=1.000 | w_AVO=2.911 | lambda_MMD=0.105
2025-10-01 14:42:16 - Epoch Summary: TrainLoss=1.3959 | TrainAcc=0.646 | Val(P3)=0.631 | Val(AVO)=0.780
2025-10-01 14:42:16 - No AVO-val improvement; patience remaining: 19/50
2025-10-01 14:42:16 - Epoch 54/500 | LR=0.009725 | w_P3=1.000 | w_AVO=2.911 | lambda_MMD=0.150
2025-10-01 14:42:17 - Epoch Summary: TrainLoss=1.3784 | TrainAcc=0.634 | Val(P3)=0.602 | Val(AVO)=0.640
2025-10-01 14:42:17 - No AVO-val improvement; patience remaining: 18/50
2025-10-01 14:42:17 - Epoch 55/500 | LR=0.009715 | w_P3=1.000 | w_AVO=2.911 | lambda_MMD=0.150
2025-10-01 14:42:17 - Epoch Summary: TrainLoss=1.3016 | TrainAcc=0.653 | Val(P3)=0.628 | Val(AVO)=0.680
2025-10-01 14:42:17 - No AVO-val improvement; patience remaining: 17/50
2025-10-01 14:42:17 - Epoch 56/500 | LR=0.009704 | w_P3=1.000 | w_AVO=2.911 | lambda_MMD=0.150
2025-10-01 14:42:17 - Epoch Summary: TrainLoss=1.3573 | TrainAcc=0.652 | Val(P3)=0.631 | Val(AVO)=0.780
2025-10-01 14:42:17 - No AVO-val improvement; patience remaining: 16/50
2025-10-01 14:42:17 - Epoch 57/500 | LR=0.009694 | w_P3=1.000 | w_AVO=2.911 | lambda_MMD=0.150
2025-10-01 14:42:17 - Epoch Summary: TrainLoss=1.2845 | TrainAcc=0.653 | Val(P3)=0.595 | Val(AVO)=0.660
2025-10-01 14:42:17 - No AVO-val improvement; patience remaining: 15/50
2025-10-01 14:42:17 - Epoch 58/500 | LR=0.009683 | w_P3=1.000 | w_AVO=2.911 | lambda_MMD=0.150
2025-10-01 14:42:17 - Epoch Summary: TrainLoss=1.3038 | TrainAcc=0.656 | Val(P3)=0.608 | Val(AVO)=0.700
2025-10-01 14:42:17 - No AVO-val improvement; patience remaining: 14/50
2025-10-01 14:42:17 - Epoch 59/500 | LR=0.009672 | w_P3=1.000 | w_AVO=2.911 | lambda_MMD=0.150
2025-10-01 14:42:17 - Epoch Summary: TrainLoss=1.2598 | TrainAcc=0.664 | Val(P3)=0.608 | Val(AVO)=0.620
2025-10-01 14:42:17 - No AVO-val improvement; patience remaining: 13/50
2025-10-01 14:42:17 - Epoch 60/500 | LR=0.009660 | w_P3=1.000 | w_AVO=2.911 | lambda_MMD=0.150
2025-10-01 14:42:17 - Epoch Summary: TrainLoss=1.2542 | TrainAcc=0.655 | Val(P3)=0.599 | Val(AVO)=0.680
2025-10-01 14:42:17 - No AVO-val improvement; patience remaining: 12/50
2025-10-01 14:42:17 - Epoch 61/500 | LR=0.009649 | w_P3=1.000 | w_AVO=2.911 | lambda_MMD=0.150
2025-10-01 14:42:17 - Epoch Summary: TrainLoss=1.2506 | TrainAcc=0.646 | Val(P3)=0.592 | Val(AVO)=0.520
2025-10-01 14:42:17 - No AVO-val improvement; patience remaining: 11/50
2025-10-01 14:42:17 - P3 val decreasing 3x. Reducing lambda_MMD to 0.105
2025-10-01 14:42:17 - Epoch 62/500 | LR=0.009637 | w_P3=1.000 | w_AVO=2.911 | lambda_MMD=0.105
2025-10-01 14:42:18 - Epoch Summary: TrainLoss=1.3125 | TrainAcc=0.636 | Val(P3)=0.595 | Val(AVO)=0.720
2025-10-01 14:42:18 - No AVO-val improvement; patience remaining: 10/50
2025-10-01 14:42:18 - Epoch 63/500 | LR=0.009625 | w_P3=1.000 | w_AVO=2.911 | lambda_MMD=0.150
2025-10-01 14:42:18 - Epoch Summary: TrainLoss=1.2219 | TrainAcc=0.652 | Val(P3)=0.615 | Val(AVO)=0.760
2025-10-01 14:42:18 - No AVO-val improvement; patience remaining: 9/50
2025-10-01 14:42:18 - Epoch 64/500 | LR=0.009613 | w_P3=1.000 | w_AVO=2.911 | lambda_MMD=0.150
2025-10-01 14:42:18 - Epoch Summary: TrainLoss=1.2001 | TrainAcc=0.655 | Val(P3)=0.592 | Val(AVO)=0.600
2025-10-01 14:42:18 - No AVO-val improvement; patience remaining: 8/50
2025-10-01 14:42:18 - Epoch 65/500 | LR=0.009601 | w_P3=1.000 | w_AVO=2.911 | lambda_MMD=0.150
2025-10-01 14:42:18 - Epoch Summary: TrainLoss=1.1778 | TrainAcc=0.665 | Val(P3)=0.602 | Val(AVO)=0.800
2025-10-01 14:42:18 - No AVO-val improvement; patience remaining: 7/50
2025-10-01 14:42:18 - Epoch 66/500 | LR=0.009589 | w_P3=1.000 | w_AVO=2.911 | lambda_MMD=0.150
2025-10-01 14:42:18 - Epoch Summary: TrainLoss=1.2390 | TrainAcc=0.659 | Val(P3)=0.595 | Val(AVO)=0.720
2025-10-01 14:42:18 - No AVO-val improvement; patience remaining: 6/50
2025-10-01 14:42:18 - Epoch 67/500 | LR=0.009576 | w_P3=1.000 | w_AVO=2.911 | lambda_MMD=0.150
2025-10-01 14:42:18 - Epoch Summary: TrainLoss=1.2532 | TrainAcc=0.650 | Val(P3)=0.628 | Val(AVO)=0.800
2025-10-01 14:42:18 - No AVO-val improvement; patience remaining: 5/50
2025-10-01 14:42:18 - Epoch 68/500 | LR=0.009563 | w_P3=1.000 | w_AVO=2.911 | lambda_MMD=0.150
2025-10-01 14:42:18 - Epoch Summary: TrainLoss=1.1549 | TrainAcc=0.659 | Val(P3)=0.599 | Val(AVO)=0.620
2025-10-01 14:42:18 - No AVO-val improvement; patience remaining: 4/50
2025-10-01 14:42:18 - Epoch 69/500 | LR=0.009551 | w_P3=1.000 | w_AVO=2.911 | lambda_MMD=0.150
2025-10-01 14:42:18 - Epoch Summary: TrainLoss=1.1767 | TrainAcc=0.656 | Val(P3)=0.589 | Val(AVO)=0.620
2025-10-01 14:42:18 - No AVO-val improvement; patience remaining: 3/50
2025-10-01 14:42:18 - P3 val decreasing 3x. Reducing lambda_MMD to 0.105
2025-10-01 14:42:18 - Epoch 70/500 | LR=0.009537 | w_P3=1.000 | w_AVO=2.911 | lambda_MMD=0.105
2025-10-01 14:42:19 - Epoch Summary: TrainLoss=1.0658 | TrainAcc=0.662 | Val(P3)=0.599 | Val(AVO)=0.700
2025-10-01 14:42:19 - No AVO-val improvement; patience remaining: 2/50
2025-10-01 14:42:19 - Epoch 71/500 | LR=0.009524 | w_P3=1.000 | w_AVO=2.911 | lambda_MMD=0.150
2025-10-01 14:42:19 - Epoch Summary: TrainLoss=1.0634 | TrainAcc=0.663 | Val(P3)=0.605 | Val(AVO)=0.660
2025-10-01 14:42:19 - No AVO-val improvement; patience remaining: 1/50
2025-10-01 14:42:19 - Epoch 72/500 | LR=0.009511 | w_P3=1.000 | w_AVO=2.911 | lambda_MMD=0.150
2025-10-01 14:42:19 - Epoch Summary: TrainLoss=1.0679 | TrainAcc=0.659 | Val(P3)=0.586 | Val(AVO)=0.660
2025-10-01 14:42:19 - No AVO-val improvement; patience remaining: 0/50
2025-10-01 14:42:19 - Early stopping triggered (AVO-val)
2025-10-01 14:42:19 -     P3 Test | Acc=0.5450 P=0.6165 R=0.2571 F1=0.3628 AUC=0.5726 (n=633)
2025-10-01 14:42:19 -     AVO Test | Acc=0.5647 P=0.5455 R=0.4500 F1=0.4932 AUC=0.5872 (n=85)
2025-10-01 14:42:19 -     Overall Test Acc=0.5474
2025-10-01 14:42:19 -   Fold 3/5
2025-10-01 14:42:19 - Fold domains: small=AVO (n=270), large=P3 (n=2241)
2025-10-01 14:42:19 - Auto adjustments (symmetric): w_small≈1.000, lambda_MMD_target=0.150, warmup_epochs=5
2025-10-01 14:42:19 - Epoch 1/500 | LR=0.010000 | w_P3=1.000 | w_AVO=1.376 | lambda_MMD=0.030
2025-10-01 14:42:19 - Epoch Summary: TrainLoss=1.6907 | TrainAcc=0.563 | Val(P3)=0.612 | Val(AVO)=0.481
2025-10-01 14:42:19 - New best AVO-val; checkpoint updated
2025-10-01 14:42:19 - Epoch 2/500 | LR=0.010000 | w_P3=1.000 | w_AVO=1.752 | lambda_MMD=0.060
2025-10-01 14:42:19 - Epoch Summary: TrainLoss=1.7570 | TrainAcc=0.635 | Val(P3)=0.596 | Val(AVO)=0.500
2025-10-01 14:42:19 - New best AVO-val; checkpoint updated
2025-10-01 14:42:19 - Epoch 3/500 | LR=0.010000 | w_P3=1.000 | w_AVO=2.129 | lambda_MMD=0.090
2025-10-01 14:42:19 - Epoch Summary: TrainLoss=1.9712 | TrainAcc=0.631 | Val(P3)=0.612 | Val(AVO)=0.558
2025-10-01 14:42:19 - New best AVO-val; checkpoint updated
2025-10-01 14:42:19 - Epoch 4/500 | LR=0.009999 | w_P3=1.000 | w_AVO=2.505 | lambda_MMD=0.120
2025-10-01 14:42:19 - Epoch Summary: TrainLoss=2.1892 | TrainAcc=0.631 | Val(P3)=0.629 | Val(AVO)=0.462
2025-10-01 14:42:19 - No AVO-val improvement; patience remaining: 49/50
2025-10-01 14:42:19 - Epoch 5/500 | LR=0.009998 | w_P3=1.000 | w_AVO=2.881 | lambda_MMD=0.150
2025-10-01 14:42:19 - Epoch Summary: TrainLoss=2.3914 | TrainAcc=0.637 | Val(P3)=0.583 | Val(AVO)=0.519
2025-10-01 14:42:19 - No AVO-val improvement; patience remaining: 48/50
2025-10-01 14:42:19 - Epoch 6/500 | LR=0.009998 | w_P3=1.000 | w_AVO=2.881 | lambda_MMD=0.150
2025-10-01 14:42:20 - Epoch Summary: TrainLoss=2.4212 | TrainAcc=0.627 | Val(P3)=0.590 | Val(AVO)=0.519
2025-10-01 14:42:20 - No AVO-val improvement; patience remaining: 47/50
2025-10-01 14:42:20 - Epoch 7/500 | LR=0.009996 | w_P3=1.000 | w_AVO=2.881 | lambda_MMD=0.150
2025-10-01 14:42:20 - Epoch Summary: TrainLoss=2.3707 | TrainAcc=0.634 | Val(P3)=0.570 | Val(AVO)=0.558
2025-10-01 14:42:20 - No AVO-val improvement; patience remaining: 46/50
2025-10-01 14:42:20 - Epoch 8/500 | LR=0.009995 | w_P3=1.000 | w_AVO=2.881 | lambda_MMD=0.150
2025-10-01 14:42:20 - Epoch Summary: TrainLoss=2.3020 | TrainAcc=0.622 | Val(P3)=0.580 | Val(AVO)=0.500
2025-10-01 14:42:20 - No AVO-val improvement; patience remaining: 45/50
2025-10-01 14:42:20 - Epoch 9/500 | LR=0.009994 | w_P3=1.000 | w_AVO=2.881 | lambda_MMD=0.150
2025-10-01 14:42:20 - Epoch Summary: TrainLoss=2.3246 | TrainAcc=0.634 | Val(P3)=0.560 | Val(AVO)=0.519
2025-10-01 14:42:20 - No AVO-val improvement; patience remaining: 44/50
2025-10-01 14:42:20 - Epoch 10/500 | LR=0.009992 | w_P3=1.000 | w_AVO=2.881 | lambda_MMD=0.150
2025-10-01 14:42:20 - Epoch Summary: TrainLoss=2.2619 | TrainAcc=0.645 | Val(P3)=0.580 | Val(AVO)=0.538
2025-10-01 14:42:20 - No AVO-val improvement; patience remaining: 43/50
2025-10-01 14:42:20 - Epoch 11/500 | LR=0.009990 | w_P3=1.000 | w_AVO=2.881 | lambda_MMD=0.150
2025-10-01 14:42:20 - Epoch Summary: TrainLoss=2.2347 | TrainAcc=0.649 | Val(P3)=0.580 | Val(AVO)=0.577
2025-10-01 14:42:20 - New best AVO-val; checkpoint updated
2025-10-01 14:42:20 - Epoch 12/500 | LR=0.009988 | w_P3=1.000 | w_AVO=2.881 | lambda_MMD=0.150
2025-10-01 14:42:20 - Epoch Summary: TrainLoss=2.1482 | TrainAcc=0.632 | Val(P3)=0.531 | Val(AVO)=0.519
2025-10-01 14:42:20 - No AVO-val improvement; patience remaining: 49/50
2025-10-01 14:42:20 - Epoch 13/500 | LR=0.009986 | w_P3=1.000 | w_AVO=2.881 | lambda_MMD=0.150
2025-10-01 14:42:20 - Epoch Summary: TrainLoss=2.2132 | TrainAcc=0.640 | Val(P3)=0.596 | Val(AVO)=0.635
2025-10-01 14:42:20 - New best AVO-val; checkpoint updated
2025-10-01 14:42:20 - Epoch 14/500 | LR=0.009983 | w_P3=1.000 | w_AVO=2.881 | lambda_MMD=0.150
2025-10-01 14:42:21 - Epoch Summary: TrainLoss=2.0535 | TrainAcc=0.643 | Val(P3)=0.593 | Val(AVO)=0.577
2025-10-01 14:42:21 - No AVO-val improvement; patience remaining: 49/50
2025-10-01 14:42:21 - Epoch 15/500 | LR=0.009981 | w_P3=1.000 | w_AVO=2.881 | lambda_MMD=0.150
2025-10-01 14:42:21 - Epoch Summary: TrainLoss=2.0686 | TrainAcc=0.639 | Val(P3)=0.586 | Val(AVO)=0.577
2025-10-01 14:42:21 - No AVO-val improvement; patience remaining: 48/50
2025-10-01 14:42:21 - P3 val decreasing 3x. Reducing lambda_MMD to 0.105
2025-10-01 14:42:21 - Epoch 16/500 | LR=0.009978 | w_P3=1.000 | w_AVO=2.881 | lambda_MMD=0.105
2025-10-01 14:42:21 - Epoch Summary: TrainLoss=2.0632 | TrainAcc=0.637 | Val(P3)=0.564 | Val(AVO)=0.654
2025-10-01 14:42:21 - New best AVO-val; checkpoint updated
2025-10-01 14:42:21 - P3 val decreasing 3x. Reducing lambda_MMD to 0.105
2025-10-01 14:42:21 - Epoch 17/500 | LR=0.009975 | w_P3=1.000 | w_AVO=2.881 | lambda_MMD=0.105
2025-10-01 14:42:21 - Epoch Summary: TrainLoss=2.0763 | TrainAcc=0.639 | Val(P3)=0.577 | Val(AVO)=0.692
2025-10-01 14:42:21 - New best AVO-val; checkpoint updated
2025-10-01 14:42:21 - Epoch 18/500 | LR=0.009972 | w_P3=1.000 | w_AVO=2.881 | lambda_MMD=0.150
2025-10-01 14:42:21 - Epoch Summary: TrainLoss=1.9232 | TrainAcc=0.643 | Val(P3)=0.596 | Val(AVO)=0.577
2025-10-01 14:42:21 - No AVO-val improvement; patience remaining: 49/50
2025-10-01 14:42:21 - Epoch 19/500 | LR=0.009968 | w_P3=1.000 | w_AVO=2.881 | lambda_MMD=0.150
2025-10-01 14:42:21 - Epoch Summary: TrainLoss=1.9010 | TrainAcc=0.647 | Val(P3)=0.570 | Val(AVO)=0.500
2025-10-01 14:42:21 - No AVO-val improvement; patience remaining: 48/50
2025-10-01 14:42:21 - AVO val decreasing 3x. Reducing w_small to 2.305, lambda_MMD to 0.075
2025-10-01 14:42:21 - Epoch 20/500 | LR=0.009964 | w_P3=1.000 | w_AVO=2.305 | lambda_MMD=0.075
2025-10-01 14:42:21 - Epoch Summary: TrainLoss=1.7116 | TrainAcc=0.646 | Val(P3)=0.629 | Val(AVO)=0.635
2025-10-01 14:42:21 - No AVO-val improvement; patience remaining: 47/50
2025-10-01 14:42:21 - Epoch 21/500 | LR=0.009961 | w_P3=1.000 | w_AVO=2.881 | lambda_MMD=0.150
2025-10-01 14:42:21 - Epoch Summary: TrainLoss=1.8779 | TrainAcc=0.641 | Val(P3)=0.577 | Val(AVO)=0.538
2025-10-01 14:42:21 - No AVO-val improvement; patience remaining: 46/50
2025-10-01 14:42:21 - Epoch 22/500 | LR=0.009957 | w_P3=1.000 | w_AVO=2.881 | lambda_MMD=0.150
2025-10-01 14:42:22 - Epoch Summary: TrainLoss=1.8181 | TrainAcc=0.646 | Val(P3)=0.609 | Val(AVO)=0.712
2025-10-01 14:42:22 - New best AVO-val; checkpoint updated
2025-10-01 14:42:22 - Epoch 23/500 | LR=0.009952 | w_P3=1.000 | w_AVO=2.881 | lambda_MMD=0.150
2025-10-01 14:42:22 - Epoch Summary: TrainLoss=1.7796 | TrainAcc=0.650 | Val(P3)=0.590 | Val(AVO)=0.654
2025-10-01 14:42:22 - No AVO-val improvement; patience remaining: 49/50
2025-10-01 14:42:22 - Epoch 24/500 | LR=0.009948 | w_P3=1.000 | w_AVO=2.881 | lambda_MMD=0.150
2025-10-01 14:42:22 - Epoch Summary: TrainLoss=1.7448 | TrainAcc=0.653 | Val(P3)=0.573 | Val(AVO)=0.577
2025-10-01 14:42:22 - No AVO-val improvement; patience remaining: 48/50
2025-10-01 14:42:22 - AVO val decreasing 3x. Reducing w_small to 2.305, lambda_MMD to 0.075
2025-10-01 14:42:22 - P3 val decreasing 3x. Reducing lambda_MMD to 0.052
2025-10-01 14:42:22 - Epoch 25/500 | LR=0.009943 | w_P3=1.000 | w_AVO=2.305 | lambda_MMD=0.052
2025-10-01 14:42:22 - Epoch Summary: TrainLoss=1.5114 | TrainAcc=0.649 | Val(P3)=0.599 | Val(AVO)=0.673
2025-10-01 14:42:22 - No AVO-val improvement; patience remaining: 47/50
2025-10-01 14:42:22 - Epoch 26/500 | LR=0.009938 | w_P3=1.000 | w_AVO=2.881 | lambda_MMD=0.150
2025-10-01 14:42:22 - Epoch Summary: TrainLoss=1.7804 | TrainAcc=0.649 | Val(P3)=0.573 | Val(AVO)=0.500
2025-10-01 14:42:22 - No AVO-val improvement; patience remaining: 46/50
2025-10-01 14:42:22 - Epoch 27/500 | LR=0.009933 | w_P3=1.000 | w_AVO=2.881 | lambda_MMD=0.150
2025-10-01 14:42:22 - Epoch Summary: TrainLoss=1.6306 | TrainAcc=0.651 | Val(P3)=0.580 | Val(AVO)=0.596
2025-10-01 14:42:22 - No AVO-val improvement; patience remaining: 45/50
2025-10-01 14:42:22 - Epoch 28/500 | LR=0.009928 | w_P3=1.000 | w_AVO=2.881 | lambda_MMD=0.150
2025-10-01 14:42:22 - Epoch Summary: TrainLoss=1.6438 | TrainAcc=0.652 | Val(P3)=0.580 | Val(AVO)=0.673
2025-10-01 14:42:22 - No AVO-val improvement; patience remaining: 44/50
2025-10-01 14:42:22 - Epoch 29/500 | LR=0.009923 | w_P3=1.000 | w_AVO=2.881 | lambda_MMD=0.150
2025-10-01 14:42:22 - Epoch Summary: TrainLoss=1.5850 | TrainAcc=0.646 | Val(P3)=0.583 | Val(AVO)=0.615
2025-10-01 14:42:22 - No AVO-val improvement; patience remaining: 43/50
2025-10-01 14:42:22 - Epoch 30/500 | LR=0.009917 | w_P3=1.000 | w_AVO=2.881 | lambda_MMD=0.150
2025-10-01 14:42:23 - Epoch Summary: TrainLoss=1.5375 | TrainAcc=0.652 | Val(P3)=0.577 | Val(AVO)=0.596
2025-10-01 14:42:23 - No AVO-val improvement; patience remaining: 42/50
2025-10-01 14:42:23 - AVO val decreasing 3x. Reducing w_small to 2.305, lambda_MMD to 0.075
2025-10-01 14:42:23 - Epoch 31/500 | LR=0.009911 | w_P3=1.000 | w_AVO=2.305 | lambda_MMD=0.075
2025-10-01 14:42:23 - Epoch Summary: TrainLoss=1.3650 | TrainAcc=0.642 | Val(P3)=0.580 | Val(AVO)=0.558
2025-10-01 14:42:23 - No AVO-val improvement; patience remaining: 41/50
2025-10-01 14:42:23 - AVO val decreasing 3x. Reducing w_small to 2.305, lambda_MMD to 0.075
2025-10-01 14:42:23 - Epoch 32/500 | LR=0.009905 | w_P3=1.000 | w_AVO=2.305 | lambda_MMD=0.075
2025-10-01 14:42:23 - Epoch Summary: TrainLoss=1.3468 | TrainAcc=0.660 | Val(P3)=0.564 | Val(AVO)=0.519
2025-10-01 14:42:23 - No AVO-val improvement; patience remaining: 40/50
2025-10-01 14:42:23 - AVO val decreasing 3x. Reducing w_small to 2.305, lambda_MMD to 0.075
2025-10-01 14:42:23 - Epoch 33/500 | LR=0.009899 | w_P3=1.000 | w_AVO=2.305 | lambda_MMD=0.075
2025-10-01 14:42:23 - Epoch Summary: TrainLoss=1.3127 | TrainAcc=0.665 | Val(P3)=0.609 | Val(AVO)=0.615
2025-10-01 14:42:23 - No AVO-val improvement; patience remaining: 39/50
2025-10-01 14:42:23 - Epoch 34/500 | LR=0.009893 | w_P3=1.000 | w_AVO=2.881 | lambda_MMD=0.150
2025-10-01 14:42:23 - Epoch Summary: TrainLoss=1.4415 | TrainAcc=0.655 | Val(P3)=0.606 | Val(AVO)=0.635
2025-10-01 14:42:23 - No AVO-val improvement; patience remaining: 38/50
2025-10-01 14:42:23 - Epoch 35/500 | LR=0.009886 | w_P3=1.000 | w_AVO=2.881 | lambda_MMD=0.150
2025-10-01 14:42:23 - Epoch Summary: TrainLoss=1.4141 | TrainAcc=0.646 | Val(P3)=0.593 | Val(AVO)=0.635
2025-10-01 14:42:23 - No AVO-val improvement; patience remaining: 37/50
2025-10-01 14:42:23 - P3 val decreasing 3x. Reducing lambda_MMD to 0.105
2025-10-01 14:42:23 - Epoch 36/500 | LR=0.009880 | w_P3=1.000 | w_AVO=2.881 | lambda_MMD=0.105
2025-10-01 14:42:23 - Epoch Summary: TrainLoss=1.4289 | TrainAcc=0.660 | Val(P3)=0.599 | Val(AVO)=0.673
2025-10-01 14:42:23 - No AVO-val improvement; patience remaining: 36/50
2025-10-01 14:42:23 - Epoch 37/500 | LR=0.009873 | w_P3=1.000 | w_AVO=2.881 | lambda_MMD=0.150
2025-10-01 14:42:23 - Epoch Summary: TrainLoss=1.3536 | TrainAcc=0.650 | Val(P3)=0.593 | Val(AVO)=0.596
2025-10-01 14:42:23 - No AVO-val improvement; patience remaining: 35/50
2025-10-01 14:42:23 - Epoch 38/500 | LR=0.009865 | w_P3=1.000 | w_AVO=2.881 | lambda_MMD=0.150
2025-10-01 14:42:24 - Epoch Summary: TrainLoss=1.3403 | TrainAcc=0.658 | Val(P3)=0.544 | Val(AVO)=0.462
2025-10-01 14:42:24 - No AVO-val improvement; patience remaining: 34/50
2025-10-01 14:42:24 - AVO val decreasing 3x. Reducing w_small to 2.305, lambda_MMD to 0.075
2025-10-01 14:42:24 - P3 val decreasing 3x. Reducing lambda_MMD to 0.052
2025-10-01 14:42:24 - Epoch 39/500 | LR=0.009858 | w_P3=1.000 | w_AVO=2.305 | lambda_MMD=0.052
2025-10-01 14:42:24 - Epoch Summary: TrainLoss=1.1735 | TrainAcc=0.664 | Val(P3)=0.619 | Val(AVO)=0.596
2025-10-01 14:42:24 - No AVO-val improvement; patience remaining: 33/50
2025-10-01 14:42:24 - Epoch 40/500 | LR=0.009851 | w_P3=1.000 | w_AVO=2.881 | lambda_MMD=0.150
2025-10-01 14:42:24 - Epoch Summary: TrainLoss=1.3055 | TrainAcc=0.660 | Val(P3)=0.606 | Val(AVO)=0.538
2025-10-01 14:42:24 - No AVO-val improvement; patience remaining: 32/50
2025-10-01 14:42:24 - Epoch 41/500 | LR=0.009843 | w_P3=1.000 | w_AVO=2.881 | lambda_MMD=0.150
2025-10-01 14:42:24 - Epoch Summary: TrainLoss=1.3361 | TrainAcc=0.665 | Val(P3)=0.606 | Val(AVO)=0.731
2025-10-01 14:42:24 - New best AVO-val; checkpoint updated
2025-10-01 14:42:24 - Epoch 42/500 | LR=0.009835 | w_P3=1.000 | w_AVO=2.881 | lambda_MMD=0.150
2025-10-01 14:42:24 - Epoch Summary: TrainLoss=1.3435 | TrainAcc=0.660 | Val(P3)=0.616 | Val(AVO)=0.635
2025-10-01 14:42:24 - No AVO-val improvement; patience remaining: 49/50
2025-10-01 14:42:24 - Epoch 43/500 | LR=0.009827 | w_P3=1.000 | w_AVO=2.881 | lambda_MMD=0.150
2025-10-01 14:42:24 - Epoch Summary: TrainLoss=1.2163 | TrainAcc=0.666 | Val(P3)=0.590 | Val(AVO)=0.673
2025-10-01 14:42:24 - No AVO-val improvement; patience remaining: 48/50
2025-10-01 14:42:24 - Epoch 44/500 | LR=0.009819 | w_P3=1.000 | w_AVO=2.881 | lambda_MMD=0.150
2025-10-01 14:42:24 - Epoch Summary: TrainLoss=1.1906 | TrainAcc=0.657 | Val(P3)=0.603 | Val(AVO)=0.692
2025-10-01 14:42:24 - No AVO-val improvement; patience remaining: 47/50
2025-10-01 14:42:24 - Epoch 45/500 | LR=0.009810 | w_P3=1.000 | w_AVO=2.881 | lambda_MMD=0.150
2025-10-01 14:42:25 - Epoch Summary: TrainLoss=1.1981 | TrainAcc=0.663 | Val(P3)=0.570 | Val(AVO)=0.500
2025-10-01 14:42:25 - No AVO-val improvement; patience remaining: 46/50
2025-10-01 14:42:25 - Epoch 46/500 | LR=0.009801 | w_P3=1.000 | w_AVO=2.881 | lambda_MMD=0.150
2025-10-01 14:42:25 - Epoch Summary: TrainLoss=1.2203 | TrainAcc=0.665 | Val(P3)=0.541 | Val(AVO)=0.500
2025-10-01 14:42:25 - No AVO-val improvement; patience remaining: 45/50
2025-10-01 14:42:25 - P3 val decreasing 3x. Reducing lambda_MMD to 0.105
2025-10-01 14:42:25 - Epoch 47/500 | LR=0.009793 | w_P3=1.000 | w_AVO=2.881 | lambda_MMD=0.105
2025-10-01 14:42:25 - Epoch Summary: TrainLoss=1.2205 | TrainAcc=0.662 | Val(P3)=0.583 | Val(AVO)=0.654
2025-10-01 14:42:25 - No AVO-val improvement; patience remaining: 44/50
2025-10-01 14:42:25 - Epoch 48/500 | LR=0.009784 | w_P3=1.000 | w_AVO=2.881 | lambda_MMD=0.150
2025-10-01 14:42:25 - Epoch Summary: TrainLoss=1.1511 | TrainAcc=0.661 | Val(P3)=0.560 | Val(AVO)=0.558
2025-10-01 14:42:25 - No AVO-val improvement; patience remaining: 43/50
2025-10-01 14:42:25 - Epoch 49/500 | LR=0.009774 | w_P3=1.000 | w_AVO=2.881 | lambda_MMD=0.150
2025-10-01 14:42:25 - Epoch Summary: TrainLoss=1.0945 | TrainAcc=0.670 | Val(P3)=0.557 | Val(AVO)=0.423
2025-10-01 14:42:25 - No AVO-val improvement; patience remaining: 42/50
2025-10-01 14:42:25 - AVO val decreasing 3x. Reducing w_small to 2.305, lambda_MMD to 0.075
2025-10-01 14:42:25 - P3 val decreasing 3x. Reducing lambda_MMD to 0.052
2025-10-01 14:42:25 - Epoch 50/500 | LR=0.009765 | w_P3=1.000 | w_AVO=2.305 | lambda_MMD=0.052
2025-10-01 14:42:25 - Epoch Summary: TrainLoss=0.9959 | TrainAcc=0.678 | Val(P3)=0.573 | Val(AVO)=0.519
2025-10-01 14:42:25 - No AVO-val improvement; patience remaining: 41/50
2025-10-01 14:42:25 - Epoch 51/500 | LR=0.009755 | w_P3=1.000 | w_AVO=2.881 | lambda_MMD=0.150
2025-10-01 14:42:25 - Epoch Summary: TrainLoss=1.0880 | TrainAcc=0.672 | Val(P3)=0.593 | Val(AVO)=0.673
2025-10-01 14:42:25 - No AVO-val improvement; patience remaining: 40/50
2025-10-01 14:42:25 - Epoch 52/500 | LR=0.009745 | w_P3=1.000 | w_AVO=2.881 | lambda_MMD=0.150
2025-10-01 14:42:26 - Epoch Summary: TrainLoss=1.0835 | TrainAcc=0.678 | Val(P3)=0.612 | Val(AVO)=0.654
2025-10-01 14:42:26 - No AVO-val improvement; patience remaining: 39/50
2025-10-01 14:42:26 - Epoch 53/500 | LR=0.009735 | w_P3=1.000 | w_AVO=2.881 | lambda_MMD=0.150
2025-10-01 14:42:26 - Epoch Summary: TrainLoss=1.0607 | TrainAcc=0.668 | Val(P3)=0.593 | Val(AVO)=0.692
2025-10-01 14:42:26 - No AVO-val improvement; patience remaining: 38/50
2025-10-01 14:42:26 - Epoch 54/500 | LR=0.009725 | w_P3=1.000 | w_AVO=2.881 | lambda_MMD=0.150
2025-10-01 14:42:26 - Epoch Summary: TrainLoss=1.0345 | TrainAcc=0.681 | Val(P3)=0.531 | Val(AVO)=0.462
2025-10-01 14:42:26 - No AVO-val improvement; patience remaining: 37/50
2025-10-01 14:42:26 - P3 val decreasing 3x. Reducing lambda_MMD to 0.105
2025-10-01 14:42:26 - Epoch 55/500 | LR=0.009715 | w_P3=1.000 | w_AVO=2.881 | lambda_MMD=0.105
2025-10-01 14:42:26 - Epoch Summary: TrainLoss=1.0223 | TrainAcc=0.684 | Val(P3)=0.586 | Val(AVO)=0.596
2025-10-01 14:42:26 - No AVO-val improvement; patience remaining: 36/50
2025-10-01 14:42:26 - Epoch 56/500 | LR=0.009704 | w_P3=1.000 | w_AVO=2.881 | lambda_MMD=0.150
2025-10-01 14:42:26 - Epoch Summary: TrainLoss=1.0650 | TrainAcc=0.658 | Val(P3)=0.590 | Val(AVO)=0.673
2025-10-01 14:42:26 - No AVO-val improvement; patience remaining: 35/50
2025-10-01 14:42:26 - Epoch 57/500 | LR=0.009694 | w_P3=1.000 | w_AVO=2.881 | lambda_MMD=0.150
2025-10-01 14:42:26 - Epoch Summary: TrainLoss=1.0875 | TrainAcc=0.673 | Val(P3)=0.534 | Val(AVO)=0.404
2025-10-01 14:42:26 - No AVO-val improvement; patience remaining: 34/50
2025-10-01 14:42:26 - Epoch 58/500 | LR=0.009683 | w_P3=1.000 | w_AVO=2.881 | lambda_MMD=0.150
2025-10-01 14:42:26 - Epoch Summary: TrainLoss=1.0292 | TrainAcc=0.699 | Val(P3)=0.573 | Val(AVO)=0.538
2025-10-01 14:42:26 - No AVO-val improvement; patience remaining: 33/50
2025-10-01 14:42:26 - Epoch 59/500 | LR=0.009672 | w_P3=1.000 | w_AVO=2.881 | lambda_MMD=0.150
2025-10-01 14:42:27 - Epoch Summary: TrainLoss=1.0489 | TrainAcc=0.681 | Val(P3)=0.573 | Val(AVO)=0.596
2025-10-01 14:42:27 - No AVO-val improvement; patience remaining: 32/50
2025-10-01 14:42:27 - Epoch 60/500 | LR=0.009660 | w_P3=1.000 | w_AVO=2.881 | lambda_MMD=0.150
2025-10-01 14:42:27 - Epoch Summary: TrainLoss=0.9426 | TrainAcc=0.694 | Val(P3)=0.586 | Val(AVO)=0.692
2025-10-01 14:42:27 - No AVO-val improvement; patience remaining: 31/50
2025-10-01 14:42:27 - Epoch 61/500 | LR=0.009649 | w_P3=1.000 | w_AVO=2.881 | lambda_MMD=0.150
2025-10-01 14:42:27 - Epoch Summary: TrainLoss=0.9335 | TrainAcc=0.696 | Val(P3)=0.541 | Val(AVO)=0.481
2025-10-01 14:42:27 - No AVO-val improvement; patience remaining: 30/50
2025-10-01 14:42:27 - Epoch 62/500 | LR=0.009637 | w_P3=1.000 | w_AVO=2.881 | lambda_MMD=0.150
2025-10-01 14:42:27 - Epoch Summary: TrainLoss=0.9288 | TrainAcc=0.683 | Val(P3)=0.554 | Val(AVO)=0.596
2025-10-01 14:42:27 - No AVO-val improvement; patience remaining: 29/50
2025-10-01 14:42:27 - Epoch 63/500 | LR=0.009625 | w_P3=1.000 | w_AVO=2.881 | lambda_MMD=0.150
2025-10-01 14:42:27 - Epoch Summary: TrainLoss=0.8964 | TrainAcc=0.693 | Val(P3)=0.557 | Val(AVO)=0.538
2025-10-01 14:42:27 - No AVO-val improvement; patience remaining: 28/50
2025-10-01 14:42:27 - Epoch 64/500 | LR=0.009613 | w_P3=1.000 | w_AVO=2.881 | lambda_MMD=0.150
2025-10-01 14:42:27 - Epoch Summary: TrainLoss=0.9195 | TrainAcc=0.692 | Val(P3)=0.531 | Val(AVO)=0.500
2025-10-01 14:42:27 - No AVO-val improvement; patience remaining: 27/50
2025-10-01 14:42:27 - AVO val decreasing 3x. Reducing w_small to 2.305, lambda_MMD to 0.075
2025-10-01 14:42:27 - Epoch 65/500 | LR=0.009601 | w_P3=1.000 | w_AVO=2.305 | lambda_MMD=0.075
2025-10-01 14:42:28 - Epoch Summary: TrainLoss=0.8936 | TrainAcc=0.669 | Val(P3)=0.570 | Val(AVO)=0.519
2025-10-01 14:42:28 - No AVO-val improvement; patience remaining: 26/50
2025-10-01 14:42:28 - Epoch 66/500 | LR=0.009589 | w_P3=1.000 | w_AVO=2.881 | lambda_MMD=0.150
2025-10-01 14:42:28 - Epoch Summary: TrainLoss=0.9287 | TrainAcc=0.696 | Val(P3)=0.560 | Val(AVO)=0.558
2025-10-01 14:42:28 - No AVO-val improvement; patience remaining: 25/50
2025-10-01 14:42:28 - Epoch 67/500 | LR=0.009576 | w_P3=1.000 | w_AVO=2.881 | lambda_MMD=0.150
2025-10-01 14:42:28 - Epoch Summary: TrainLoss=0.9142 | TrainAcc=0.707 | Val(P3)=0.564 | Val(AVO)=0.596
2025-10-01 14:42:28 - No AVO-val improvement; patience remaining: 24/50
2025-10-01 14:42:28 - Epoch 68/500 | LR=0.009563 | w_P3=1.000 | w_AVO=2.881 | lambda_MMD=0.150
2025-10-01 14:42:28 - Epoch Summary: TrainLoss=0.9070 | TrainAcc=0.701 | Val(P3)=0.557 | Val(AVO)=0.538
2025-10-01 14:42:28 - No AVO-val improvement; patience remaining: 23/50
2025-10-01 14:42:28 - Epoch 69/500 | LR=0.009551 | w_P3=1.000 | w_AVO=2.881 | lambda_MMD=0.150
2025-10-01 14:42:28 - Epoch Summary: TrainLoss=0.9068 | TrainAcc=0.698 | Val(P3)=0.570 | Val(AVO)=0.500
2025-10-01 14:42:28 - No AVO-val improvement; patience remaining: 22/50
2025-10-01 14:42:28 - AVO val decreasing 3x. Reducing w_small to 2.305, lambda_MMD to 0.075
2025-10-01 14:42:28 - Epoch 70/500 | LR=0.009537 | w_P3=1.000 | w_AVO=2.305 | lambda_MMD=0.075
2025-10-01 14:42:28 - Epoch Summary: TrainLoss=0.8339 | TrainAcc=0.694 | Val(P3)=0.560 | Val(AVO)=0.481
2025-10-01 14:42:28 - No AVO-val improvement; patience remaining: 21/50
2025-10-01 14:42:28 - AVO val decreasing 3x. Reducing w_small to 2.305, lambda_MMD to 0.075
2025-10-01 14:42:28 - Epoch 71/500 | LR=0.009524 | w_P3=1.000 | w_AVO=2.305 | lambda_MMD=0.075
2025-10-01 14:42:28 - Epoch Summary: TrainLoss=0.8161 | TrainAcc=0.695 | Val(P3)=0.586 | Val(AVO)=0.673
2025-10-01 14:42:28 - No AVO-val improvement; patience remaining: 20/50
2025-10-01 14:42:28 - Epoch 72/500 | LR=0.009511 | w_P3=1.000 | w_AVO=2.881 | lambda_MMD=0.150
2025-10-01 14:42:28 - Epoch Summary: TrainLoss=0.8635 | TrainAcc=0.704 | Val(P3)=0.567 | Val(AVO)=0.481
2025-10-01 14:42:28 - No AVO-val improvement; patience remaining: 19/50
2025-10-01 14:42:28 - Epoch 73/500 | LR=0.009497 | w_P3=1.000 | w_AVO=2.881 | lambda_MMD=0.150
2025-10-01 14:42:29 - Epoch Summary: TrainLoss=0.8950 | TrainAcc=0.691 | Val(P3)=0.547 | Val(AVO)=0.481
2025-10-01 14:42:29 - No AVO-val improvement; patience remaining: 18/50
2025-10-01 14:42:29 - P3 val decreasing 3x. Reducing lambda_MMD to 0.105
2025-10-01 14:42:29 - Epoch 74/500 | LR=0.009483 | w_P3=1.000 | w_AVO=2.881 | lambda_MMD=0.105
2025-10-01 14:42:29 - Epoch Summary: TrainLoss=0.8403 | TrainAcc=0.698 | Val(P3)=0.599 | Val(AVO)=0.673
2025-10-01 14:42:29 - No AVO-val improvement; patience remaining: 17/50
2025-10-01 14:42:29 - Epoch 75/500 | LR=0.009469 | w_P3=1.000 | w_AVO=2.881 | lambda_MMD=0.150
2025-10-01 14:42:29 - Epoch Summary: TrainLoss=0.8438 | TrainAcc=0.705 | Val(P3)=0.573 | Val(AVO)=0.635
2025-10-01 14:42:29 - No AVO-val improvement; patience remaining: 16/50
2025-10-01 14:42:29 - Epoch 76/500 | LR=0.009455 | w_P3=1.000 | w_AVO=2.881 | lambda_MMD=0.150
2025-10-01 14:42:29 - Epoch Summary: TrainLoss=0.8240 | TrainAcc=0.714 | Val(P3)=0.586 | Val(AVO)=0.577
2025-10-01 14:42:29 - No AVO-val improvement; patience remaining: 15/50
2025-10-01 14:42:29 - AVO val decreasing 3x. Reducing w_small to 2.305, lambda_MMD to 0.075
2025-10-01 14:42:29 - Epoch 77/500 | LR=0.009441 | w_P3=1.000 | w_AVO=2.305 | lambda_MMD=0.075
2025-10-01 14:42:29 - Epoch Summary: TrainLoss=0.8425 | TrainAcc=0.710 | Val(P3)=0.528 | Val(AVO)=0.442
2025-10-01 14:42:29 - No AVO-val improvement; patience remaining: 14/50
2025-10-01 14:42:29 - AVO val decreasing 3x. Reducing w_small to 2.305, lambda_MMD to 0.075
2025-10-01 14:42:29 - Epoch 78/500 | LR=0.009426 | w_P3=1.000 | w_AVO=2.305 | lambda_MMD=0.075
2025-10-01 14:42:29 - Epoch Summary: TrainLoss=0.7589 | TrainAcc=0.702 | Val(P3)=0.541 | Val(AVO)=0.500
2025-10-01 14:42:29 - No AVO-val improvement; patience remaining: 13/50
2025-10-01 14:42:29 - Epoch 79/500 | LR=0.009411 | w_P3=1.000 | w_AVO=2.881 | lambda_MMD=0.150
2025-10-01 14:42:29 - Epoch Summary: TrainLoss=0.7691 | TrainAcc=0.724 | Val(P3)=0.573 | Val(AVO)=0.558
2025-10-01 14:42:29 - No AVO-val improvement; patience remaining: 12/50
2025-10-01 14:42:29 - Epoch 80/500 | LR=0.009397 | w_P3=1.000 | w_AVO=2.881 | lambda_MMD=0.150
2025-10-01 14:42:29 - Epoch Summary: TrainLoss=0.7967 | TrainAcc=0.716 | Val(P3)=0.583 | Val(AVO)=0.615
2025-10-01 14:42:29 - No AVO-val improvement; patience remaining: 11/50
2025-10-01 14:42:29 - Epoch 81/500 | LR=0.009382 | w_P3=1.000 | w_AVO=2.881 | lambda_MMD=0.150
2025-10-01 14:42:30 - Epoch Summary: TrainLoss=0.7981 | TrainAcc=0.708 | Val(P3)=0.590 | Val(AVO)=0.538
2025-10-01 14:42:30 - No AVO-val improvement; patience remaining: 10/50
2025-10-01 14:42:30 - Epoch 82/500 | LR=0.009366 | w_P3=1.000 | w_AVO=2.881 | lambda_MMD=0.150
2025-10-01 14:42:30 - Epoch Summary: TrainLoss=0.7644 | TrainAcc=0.718 | Val(P3)=0.560 | Val(AVO)=0.577
2025-10-01 14:42:30 - No AVO-val improvement; patience remaining: 9/50
2025-10-01 14:42:30 - Epoch 83/500 | LR=0.009351 | w_P3=1.000 | w_AVO=2.881 | lambda_MMD=0.150
2025-10-01 14:42:30 - Epoch Summary: TrainLoss=0.7859 | TrainAcc=0.721 | Val(P3)=0.570 | Val(AVO)=0.577
2025-10-01 14:42:30 - No AVO-val improvement; patience remaining: 8/50
2025-10-01 14:42:30 - Epoch 84/500 | LR=0.009335 | w_P3=1.000 | w_AVO=2.881 | lambda_MMD=0.150
2025-10-01 14:42:30 - Epoch Summary: TrainLoss=0.7864 | TrainAcc=0.710 | Val(P3)=0.541 | Val(AVO)=0.538
2025-10-01 14:42:30 - No AVO-val improvement; patience remaining: 7/50
2025-10-01 14:42:30 - Epoch 85/500 | LR=0.009320 | w_P3=1.000 | w_AVO=2.881 | lambda_MMD=0.150
2025-10-01 14:42:30 - Epoch Summary: TrainLoss=0.7774 | TrainAcc=0.721 | Val(P3)=0.564 | Val(AVO)=0.596
2025-10-01 14:42:30 - No AVO-val improvement; patience remaining: 6/50
2025-10-01 14:42:30 - Epoch 86/500 | LR=0.009304 | w_P3=1.000 | w_AVO=2.881 | lambda_MMD=0.150
2025-10-01 14:42:30 - Epoch Summary: TrainLoss=0.7395 | TrainAcc=0.731 | Val(P3)=0.560 | Val(AVO)=0.615
2025-10-01 14:42:30 - No AVO-val improvement; patience remaining: 5/50
2025-10-01 14:42:30 - Epoch 87/500 | LR=0.009288 | w_P3=1.000 | w_AVO=2.881 | lambda_MMD=0.150
2025-10-01 14:42:30 - Epoch Summary: TrainLoss=0.7431 | TrainAcc=0.740 | Val(P3)=0.577 | Val(AVO)=0.596
2025-10-01 14:42:30 - No AVO-val improvement; patience remaining: 4/50
2025-10-01 14:42:30 - Epoch 88/500 | LR=0.009271 | w_P3=1.000 | w_AVO=2.881 | lambda_MMD=0.150
2025-10-01 14:42:30 - Epoch Summary: TrainLoss=0.7442 | TrainAcc=0.724 | Val(P3)=0.560 | Val(AVO)=0.577
2025-10-01 14:42:30 - No AVO-val improvement; patience remaining: 3/50
2025-10-01 14:42:30 - AVO val decreasing 3x. Reducing w_small to 2.305, lambda_MMD to 0.075
2025-10-01 14:42:30 - Epoch 89/500 | LR=0.009255 | w_P3=1.000 | w_AVO=2.305 | lambda_MMD=0.075
2025-10-01 14:42:31 - Epoch Summary: TrainLoss=0.6937 | TrainAcc=0.729 | Val(P3)=0.570 | Val(AVO)=0.615
2025-10-01 14:42:31 - No AVO-val improvement; patience remaining: 2/50
2025-10-01 14:42:31 - Epoch 90/500 | LR=0.009238 | w_P3=1.000 | w_AVO=2.881 | lambda_MMD=0.150
2025-10-01 14:42:31 - Epoch Summary: TrainLoss=0.7198 | TrainAcc=0.727 | Val(P3)=0.567 | Val(AVO)=0.596
2025-10-01 14:42:31 - No AVO-val improvement; patience remaining: 1/50
2025-10-01 14:42:31 - Epoch 91/500 | LR=0.009222 | w_P3=1.000 | w_AVO=2.881 | lambda_MMD=0.150
2025-10-01 14:42:31 - Epoch Summary: TrainLoss=0.7370 | TrainAcc=0.730 | Val(P3)=0.534 | Val(AVO)=0.404
2025-10-01 14:42:31 - No AVO-val improvement; patience remaining: 0/50
2025-10-01 14:42:31 - Early stopping triggered (AVO-val)
2025-10-01 14:42:31 -     P3 Test | Acc=0.5156 P=0.6667 R=0.0255 F1=0.0491 AUC=0.6320 (n=640)
2025-10-01 14:42:31 -     AVO Test | Acc=0.5385 P=0.8462 R=0.2444 F1=0.3793 AUC=0.6687 (n=78)
2025-10-01 14:42:31 -     Overall Test Acc=0.5181
2025-10-01 14:42:31 -   Fold 4/5
2025-10-01 14:42:31 - Fold domains: small=AVO (n=275), large=P3 (n=2237)
2025-10-01 14:42:31 - Auto adjustments (symmetric): w_small≈1.000, lambda_MMD_target=0.150, warmup_epochs=5
2025-10-01 14:42:31 - Epoch 1/500 | LR=0.010000 | w_P3=1.000 | w_AVO=1.370 | lambda_MMD=0.030
2025-10-01 14:42:31 - Epoch Summary: TrainLoss=1.6030 | TrainAcc=0.581 | Val(P3)=0.623 | Val(AVO)=0.569
2025-10-01 14:42:31 - New best AVO-val; checkpoint updated
2025-10-01 14:42:31 - Epoch 2/500 | LR=0.010000 | w_P3=1.000 | w_AVO=1.741 | lambda_MMD=0.060
2025-10-01 14:42:31 - Epoch Summary: TrainLoss=1.7895 | TrainAcc=0.610 | Val(P3)=0.571 | Val(AVO)=0.569
2025-10-01 14:42:31 - No AVO-val improvement; patience remaining: 49/50
2025-10-01 14:42:31 - Epoch 3/500 | LR=0.010000 | w_P3=1.000 | w_AVO=2.111 | lambda_MMD=0.090
2025-10-01 14:42:31 - Epoch Summary: TrainLoss=1.9869 | TrainAcc=0.614 | Val(P3)=0.607 | Val(AVO)=0.588
2025-10-01 14:42:31 - New best AVO-val; checkpoint updated
2025-10-01 14:42:31 - Epoch 4/500 | LR=0.009999 | w_P3=1.000 | w_AVO=2.482 | lambda_MMD=0.120
2025-10-01 14:42:32 - Epoch Summary: TrainLoss=2.1630 | TrainAcc=0.621 | Val(P3)=0.581 | Val(AVO)=0.549
2025-10-01 14:42:32 - No AVO-val improvement; patience remaining: 49/50
2025-10-01 14:42:32 - Epoch 5/500 | LR=0.009998 | w_P3=1.000 | w_AVO=2.852 | lambda_MMD=0.150
2025-10-01 14:42:32 - Epoch Summary: TrainLoss=2.3235 | TrainAcc=0.620 | Val(P3)=0.565 | Val(AVO)=0.608
2025-10-01 14:42:32 - New best AVO-val; checkpoint updated
2025-10-01 14:42:32 - P3 val decreasing 3x. Reducing lambda_MMD to 0.105
2025-10-01 14:42:32 - Epoch 6/500 | LR=0.009998 | w_P3=1.000 | w_AVO=2.852 | lambda_MMD=0.105
2025-10-01 14:42:32 - Epoch Summary: TrainLoss=2.2741 | TrainAcc=0.613 | Val(P3)=0.568 | Val(AVO)=0.647
2025-10-01 14:42:32 - New best AVO-val; checkpoint updated
2025-10-01 14:42:32 - Epoch 7/500 | LR=0.009996 | w_P3=1.000 | w_AVO=2.852 | lambda_MMD=0.150
2025-10-01 14:42:32 - Epoch Summary: TrainLoss=2.2863 | TrainAcc=0.610 | Val(P3)=0.565 | Val(AVO)=0.647
2025-10-01 14:42:32 - No AVO-val improvement; patience remaining: 49/50
2025-10-01 14:42:32 - Epoch 8/500 | LR=0.009995 | w_P3=1.000 | w_AVO=2.852 | lambda_MMD=0.150
2025-10-01 14:42:32 - Epoch Summary: TrainLoss=2.2647 | TrainAcc=0.620 | Val(P3)=0.565 | Val(AVO)=0.647
2025-10-01 14:42:32 - No AVO-val improvement; patience remaining: 48/50
2025-10-01 14:42:32 - Epoch 9/500 | LR=0.009994 | w_P3=1.000 | w_AVO=2.852 | lambda_MMD=0.150
2025-10-01 14:42:32 - Epoch Summary: TrainLoss=2.2891 | TrainAcc=0.626 | Val(P3)=0.568 | Val(AVO)=0.588
2025-10-01 14:42:32 - No AVO-val improvement; patience remaining: 47/50
2025-10-01 14:42:32 - Epoch 10/500 | LR=0.009992 | w_P3=1.000 | w_AVO=2.852 | lambda_MMD=0.150
2025-10-01 14:42:32 - Epoch Summary: TrainLoss=2.1412 | TrainAcc=0.614 | Val(P3)=0.536 | Val(AVO)=0.627
2025-10-01 14:42:32 - No AVO-val improvement; patience remaining: 46/50
2025-10-01 14:42:32 - Epoch 11/500 | LR=0.009990 | w_P3=1.000 | w_AVO=2.852 | lambda_MMD=0.150
2025-10-01 14:42:32 - Epoch Summary: TrainLoss=2.2439 | TrainAcc=0.632 | Val(P3)=0.558 | Val(AVO)=0.588
2025-10-01 14:42:32 - No AVO-val improvement; patience remaining: 45/50
2025-10-01 14:42:32 - Epoch 12/500 | LR=0.009988 | w_P3=1.000 | w_AVO=2.852 | lambda_MMD=0.150
2025-10-01 14:42:33 - Epoch Summary: TrainLoss=2.1276 | TrainAcc=0.624 | Val(P3)=0.578 | Val(AVO)=0.510
2025-10-01 14:42:33 - No AVO-val improvement; patience remaining: 44/50
2025-10-01 14:42:33 - AVO val decreasing 3x. Reducing w_small to 2.282, lambda_MMD to 0.075
2025-10-01 14:42:33 - Epoch 13/500 | LR=0.009986 | w_P3=1.000 | w_AVO=2.282 | lambda_MMD=0.075
2025-10-01 14:42:33 - Epoch Summary: TrainLoss=1.7877 | TrainAcc=0.635 | Val(P3)=0.575 | Val(AVO)=0.588
2025-10-01 14:42:33 - No AVO-val improvement; patience remaining: 43/50
2025-10-01 14:42:33 - Epoch 14/500 | LR=0.009983 | w_P3=1.000 | w_AVO=2.852 | lambda_MMD=0.150
2025-10-01 14:42:33 - Epoch Summary: TrainLoss=2.0653 | TrainAcc=0.639 | Val(P3)=0.581 | Val(AVO)=0.608
2025-10-01 14:42:33 - No AVO-val improvement; patience remaining: 42/50
2025-10-01 14:42:33 - Epoch 15/500 | LR=0.009981 | w_P3=1.000 | w_AVO=2.852 | lambda_MMD=0.150
2025-10-01 14:42:33 - Epoch Summary: TrainLoss=1.9783 | TrainAcc=0.633 | Val(P3)=0.571 | Val(AVO)=0.608
2025-10-01 14:42:33 - No AVO-val improvement; patience remaining: 41/50
2025-10-01 14:42:33 - Epoch 16/500 | LR=0.009978 | w_P3=1.000 | w_AVO=2.852 | lambda_MMD=0.150
2025-10-01 14:42:33 - Epoch Summary: TrainLoss=1.9558 | TrainAcc=0.636 | Val(P3)=0.594 | Val(AVO)=0.569
2025-10-01 14:42:33 - No AVO-val improvement; patience remaining: 40/50
2025-10-01 14:42:33 - Epoch 17/500 | LR=0.009975 | w_P3=1.000 | w_AVO=2.852 | lambda_MMD=0.150
2025-10-01 14:42:33 - Epoch Summary: TrainLoss=1.9577 | TrainAcc=0.633 | Val(P3)=0.542 | Val(AVO)=0.608
2025-10-01 14:42:33 - No AVO-val improvement; patience remaining: 39/50
2025-10-01 14:42:33 - Epoch 18/500 | LR=0.009972 | w_P3=1.000 | w_AVO=2.852 | lambda_MMD=0.150
2025-10-01 14:42:34 - Epoch Summary: TrainLoss=1.9316 | TrainAcc=0.649 | Val(P3)=0.562 | Val(AVO)=0.588
2025-10-01 14:42:34 - No AVO-val improvement; patience remaining: 38/50
2025-10-01 14:42:34 - Epoch 19/500 | LR=0.009968 | w_P3=1.000 | w_AVO=2.852 | lambda_MMD=0.150
2025-10-01 14:42:34 - Epoch Summary: TrainLoss=1.8692 | TrainAcc=0.639 | Val(P3)=0.552 | Val(AVO)=0.588
2025-10-01 14:42:34 - No AVO-val improvement; patience remaining: 37/50
2025-10-01 14:42:34 - Epoch 20/500 | LR=0.009964 | w_P3=1.000 | w_AVO=2.852 | lambda_MMD=0.150
2025-10-01 14:42:34 - Epoch Summary: TrainLoss=1.8692 | TrainAcc=0.633 | Val(P3)=0.571 | Val(AVO)=0.608
2025-10-01 14:42:34 - No AVO-val improvement; patience remaining: 36/50
2025-10-01 14:42:34 - Epoch 21/500 | LR=0.009961 | w_P3=1.000 | w_AVO=2.852 | lambda_MMD=0.150
2025-10-01 14:42:34 - Epoch Summary: TrainLoss=1.8697 | TrainAcc=0.640 | Val(P3)=0.552 | Val(AVO)=0.647
2025-10-01 14:42:34 - No AVO-val improvement; patience remaining: 35/50
2025-10-01 14:42:34 - Epoch 22/500 | LR=0.009957 | w_P3=1.000 | w_AVO=2.852 | lambda_MMD=0.150
2025-10-01 14:42:34 - Epoch Summary: TrainLoss=1.8762 | TrainAcc=0.644 | Val(P3)=0.584 | Val(AVO)=0.451
2025-10-01 14:42:34 - No AVO-val improvement; patience remaining: 34/50
2025-10-01 14:42:34 - Epoch 23/500 | LR=0.009952 | w_P3=1.000 | w_AVO=2.852 | lambda_MMD=0.150
2025-10-01 14:42:34 - Epoch Summary: TrainLoss=1.8204 | TrainAcc=0.641 | Val(P3)=0.601 | Val(AVO)=0.510
2025-10-01 14:42:34 - No AVO-val improvement; patience remaining: 33/50
2025-10-01 14:42:34 - Epoch 24/500 | LR=0.009948 | w_P3=1.000 | w_AVO=2.852 | lambda_MMD=0.150
2025-10-01 14:42:35 - Epoch Summary: TrainLoss=1.7799 | TrainAcc=0.637 | Val(P3)=0.594 | Val(AVO)=0.588
2025-10-01 14:42:35 - No AVO-val improvement; patience remaining: 32/50
2025-10-01 14:42:35 - Epoch 25/500 | LR=0.009943 | w_P3=1.000 | w_AVO=2.852 | lambda_MMD=0.150
2025-10-01 14:42:35 - Epoch Summary: TrainLoss=1.7485 | TrainAcc=0.650 | Val(P3)=0.571 | Val(AVO)=0.529
2025-10-01 14:42:35 - No AVO-val improvement; patience remaining: 31/50
2025-10-01 14:42:35 - P3 val decreasing 3x. Reducing lambda_MMD to 0.105
2025-10-01 14:42:35 - Epoch 26/500 | LR=0.009938 | w_P3=1.000 | w_AVO=2.852 | lambda_MMD=0.105
2025-10-01 14:42:35 - Epoch Summary: TrainLoss=1.7345 | TrainAcc=0.636 | Val(P3)=0.558 | Val(AVO)=0.510
2025-10-01 14:42:35 - No AVO-val improvement; patience remaining: 30/50
2025-10-01 14:42:35 - AVO val decreasing 3x. Reducing w_small to 2.282, lambda_MMD to 0.075
2025-10-01 14:42:35 - P3 val decreasing 3x. Reducing lambda_MMD to 0.052
2025-10-01 14:42:35 - Epoch 27/500 | LR=0.009933 | w_P3=1.000 | w_AVO=2.282 | lambda_MMD=0.052
2025-10-01 14:42:35 - Epoch Summary: TrainLoss=1.4871 | TrainAcc=0.645 | Val(P3)=0.601 | Val(AVO)=0.627
2025-10-01 14:42:35 - No AVO-val improvement; patience remaining: 29/50
2025-10-01 14:42:35 - Epoch 28/500 | LR=0.009928 | w_P3=1.000 | w_AVO=2.852 | lambda_MMD=0.150
2025-10-01 14:42:35 - Epoch Summary: TrainLoss=1.6622 | TrainAcc=0.649 | Val(P3)=0.565 | Val(AVO)=0.627
2025-10-01 14:42:35 - No AVO-val improvement; patience remaining: 28/50
2025-10-01 14:42:35 - Epoch 29/500 | LR=0.009923 | w_P3=1.000 | w_AVO=2.852 | lambda_MMD=0.150
2025-10-01 14:42:35 - Epoch Summary: TrainLoss=1.6432 | TrainAcc=0.641 | Val(P3)=0.571 | Val(AVO)=0.686
2025-10-01 14:42:35 - New best AVO-val; checkpoint updated
2025-10-01 14:42:35 - Epoch 30/500 | LR=0.009917 | w_P3=1.000 | w_AVO=2.852 | lambda_MMD=0.150
2025-10-01 14:42:36 - Epoch Summary: TrainLoss=1.6154 | TrainAcc=0.635 | Val(P3)=0.555 | Val(AVO)=0.627
2025-10-01 14:42:36 - No AVO-val improvement; patience remaining: 49/50
2025-10-01 14:42:36 - Epoch 31/500 | LR=0.009911 | w_P3=1.000 | w_AVO=2.852 | lambda_MMD=0.150
2025-10-01 14:42:36 - Epoch Summary: TrainLoss=1.5875 | TrainAcc=0.637 | Val(P3)=0.575 | Val(AVO)=0.549
2025-10-01 14:42:36 - No AVO-val improvement; patience remaining: 48/50
2025-10-01 14:42:36 - AVO val decreasing 3x. Reducing w_small to 2.282, lambda_MMD to 0.075
2025-10-01 14:42:36 - Epoch 32/500 | LR=0.009905 | w_P3=1.000 | w_AVO=2.282 | lambda_MMD=0.075
2025-10-01 14:42:36 - Epoch Summary: TrainLoss=1.3727 | TrainAcc=0.648 | Val(P3)=0.578 | Val(AVO)=0.569
2025-10-01 14:42:36 - No AVO-val improvement; patience remaining: 47/50
2025-10-01 14:42:36 - Epoch 33/500 | LR=0.009899 | w_P3=1.000 | w_AVO=2.852 | lambda_MMD=0.150
2025-10-01 14:42:36 - Epoch Summary: TrainLoss=1.5446 | TrainAcc=0.650 | Val(P3)=0.558 | Val(AVO)=0.647
2025-10-01 14:42:36 - No AVO-val improvement; patience remaining: 46/50
2025-10-01 14:42:36 - Epoch 34/500 | LR=0.009893 | w_P3=1.000 | w_AVO=2.852 | lambda_MMD=0.150
2025-10-01 14:42:36 - Epoch Summary: TrainLoss=1.4543 | TrainAcc=0.650 | Val(P3)=0.558 | Val(AVO)=0.529
2025-10-01 14:42:36 - No AVO-val improvement; patience remaining: 45/50
2025-10-01 14:42:36 - Epoch 35/500 | LR=0.009886 | w_P3=1.000 | w_AVO=2.852 | lambda_MMD=0.150
2025-10-01 14:42:36 - Epoch Summary: TrainLoss=1.4584 | TrainAcc=0.652 | Val(P3)=0.568 | Val(AVO)=0.647
2025-10-01 14:42:36 - No AVO-val improvement; patience remaining: 44/50
2025-10-01 14:42:36 - Epoch 36/500 | LR=0.009880 | w_P3=1.000 | w_AVO=2.852 | lambda_MMD=0.150
2025-10-01 14:42:36 - Epoch Summary: TrainLoss=1.4205 | TrainAcc=0.650 | Val(P3)=0.584 | Val(AVO)=0.529
2025-10-01 14:42:36 - No AVO-val improvement; patience remaining: 43/50
2025-10-01 14:42:36 - Epoch 37/500 | LR=0.009873 | w_P3=1.000 | w_AVO=2.852 | lambda_MMD=0.150
2025-10-01 14:42:36 - Epoch Summary: TrainLoss=1.3778 | TrainAcc=0.647 | Val(P3)=0.591 | Val(AVO)=0.569
2025-10-01 14:42:36 - No AVO-val improvement; patience remaining: 42/50
2025-10-01 14:42:36 - Epoch 38/500 | LR=0.009865 | w_P3=1.000 | w_AVO=2.852 | lambda_MMD=0.150
2025-10-01 14:42:37 - Epoch Summary: TrainLoss=1.3853 | TrainAcc=0.656 | Val(P3)=0.597 | Val(AVO)=0.588
2025-10-01 14:42:37 - No AVO-val improvement; patience remaining: 41/50
2025-10-01 14:42:37 - Epoch 39/500 | LR=0.009858 | w_P3=1.000 | w_AVO=2.852 | lambda_MMD=0.150
2025-10-01 14:42:37 - Epoch Summary: TrainLoss=1.3873 | TrainAcc=0.641 | Val(P3)=0.578 | Val(AVO)=0.529
2025-10-01 14:42:37 - No AVO-val improvement; patience remaining: 40/50
2025-10-01 14:42:37 - Epoch 40/500 | LR=0.009851 | w_P3=1.000 | w_AVO=2.852 | lambda_MMD=0.150
2025-10-01 14:42:37 - Epoch Summary: TrainLoss=1.3500 | TrainAcc=0.660 | Val(P3)=0.555 | Val(AVO)=0.529
2025-10-01 14:42:37 - No AVO-val improvement; patience remaining: 39/50
2025-10-01 14:42:37 - P3 val decreasing 3x. Reducing lambda_MMD to 0.105
2025-10-01 14:42:37 - Epoch 41/500 | LR=0.009843 | w_P3=1.000 | w_AVO=2.852 | lambda_MMD=0.105
2025-10-01 14:42:37 - Epoch Summary: TrainLoss=1.3578 | TrainAcc=0.657 | Val(P3)=0.588 | Val(AVO)=0.647
2025-10-01 14:42:37 - No AVO-val improvement; patience remaining: 38/50
2025-10-01 14:42:37 - Epoch 42/500 | LR=0.009835 | w_P3=1.000 | w_AVO=2.852 | lambda_MMD=0.150
2025-10-01 14:42:37 - Epoch Summary: TrainLoss=1.2660 | TrainAcc=0.666 | Val(P3)=0.578 | Val(AVO)=0.529
2025-10-01 14:42:37 - No AVO-val improvement; patience remaining: 37/50
2025-10-01 14:42:37 - Epoch 43/500 | LR=0.009827 | w_P3=1.000 | w_AVO=2.852 | lambda_MMD=0.150
2025-10-01 14:42:37 - Epoch Summary: TrainLoss=1.2331 | TrainAcc=0.656 | Val(P3)=0.584 | Val(AVO)=0.647
2025-10-01 14:42:37 - No AVO-val improvement; patience remaining: 36/50
2025-10-01 14:42:37 - Epoch 44/500 | LR=0.009819 | w_P3=1.000 | w_AVO=2.852 | lambda_MMD=0.150
2025-10-01 14:42:37 - Epoch Summary: TrainLoss=1.2299 | TrainAcc=0.661 | Val(P3)=0.571 | Val(AVO)=0.529
2025-10-01 14:42:37 - No AVO-val improvement; patience remaining: 35/50
2025-10-01 14:42:37 - Epoch 45/500 | LR=0.009810 | w_P3=1.000 | w_AVO=2.852 | lambda_MMD=0.150
2025-10-01 14:42:38 - Epoch Summary: TrainLoss=1.2335 | TrainAcc=0.659 | Val(P3)=0.536 | Val(AVO)=0.451
2025-10-01 14:42:38 - No AVO-val improvement; patience remaining: 34/50
2025-10-01 14:42:38 - AVO val decreasing 3x. Reducing w_small to 2.282, lambda_MMD to 0.075
2025-10-01 14:42:38 - P3 val decreasing 3x. Reducing lambda_MMD to 0.052
2025-10-01 14:42:38 - Epoch 46/500 | LR=0.009801 | w_P3=1.000 | w_AVO=2.282 | lambda_MMD=0.052
2025-10-01 14:42:38 - Epoch Summary: TrainLoss=1.1191 | TrainAcc=0.658 | Val(P3)=0.552 | Val(AVO)=0.451
2025-10-01 14:42:38 - No AVO-val improvement; patience remaining: 33/50
2025-10-01 14:42:38 - Epoch 47/500 | LR=0.009793 | w_P3=1.000 | w_AVO=2.852 | lambda_MMD=0.150
2025-10-01 14:42:38 - Epoch Summary: TrainLoss=1.1825 | TrainAcc=0.672 | Val(P3)=0.588 | Val(AVO)=0.686
2025-10-01 14:42:38 - No AVO-val improvement; patience remaining: 32/50
2025-10-01 14:42:38 - Epoch 48/500 | LR=0.009784 | w_P3=1.000 | w_AVO=2.852 | lambda_MMD=0.150
2025-10-01 14:42:38 - Epoch Summary: TrainLoss=1.2026 | TrainAcc=0.662 | Val(P3)=0.552 | Val(AVO)=0.686
2025-10-01 14:42:38 - No AVO-val improvement; patience remaining: 31/50
2025-10-01 14:42:38 - Epoch 49/500 | LR=0.009774 | w_P3=1.000 | w_AVO=2.852 | lambda_MMD=0.150
2025-10-01 14:42:38 - Epoch Summary: TrainLoss=1.2377 | TrainAcc=0.663 | Val(P3)=0.581 | Val(AVO)=0.667
2025-10-01 14:42:38 - No AVO-val improvement; patience remaining: 30/50
2025-10-01 14:42:38 - Epoch 50/500 | LR=0.009765 | w_P3=1.000 | w_AVO=2.852 | lambda_MMD=0.150
2025-10-01 14:42:38 - Epoch Summary: TrainLoss=1.1805 | TrainAcc=0.671 | Val(P3)=0.558 | Val(AVO)=0.706
2025-10-01 14:42:38 - New best AVO-val; checkpoint updated
2025-10-01 14:42:38 - Epoch 51/500 | LR=0.009755 | w_P3=1.000 | w_AVO=2.852 | lambda_MMD=0.150
2025-10-01 14:42:38 - Epoch Summary: TrainLoss=1.1656 | TrainAcc=0.667 | Val(P3)=0.558 | Val(AVO)=0.549
2025-10-01 14:42:38 - No AVO-val improvement; patience remaining: 49/50
2025-10-01 14:42:38 - Epoch 52/500 | LR=0.009745 | w_P3=1.000 | w_AVO=2.852 | lambda_MMD=0.150
2025-10-01 14:42:38 - Epoch Summary: TrainLoss=1.1065 | TrainAcc=0.684 | Val(P3)=0.562 | Val(AVO)=0.549
2025-10-01 14:42:38 - No AVO-val improvement; patience remaining: 48/50
2025-10-01 14:42:38 - Epoch 53/500 | LR=0.009735 | w_P3=1.000 | w_AVO=2.852 | lambda_MMD=0.150
2025-10-01 14:42:39 - Epoch Summary: TrainLoss=1.0837 | TrainAcc=0.664 | Val(P3)=0.542 | Val(AVO)=0.549
2025-10-01 14:42:39 - No AVO-val improvement; patience remaining: 47/50
2025-10-01 14:42:39 - Epoch 54/500 | LR=0.009725 | w_P3=1.000 | w_AVO=2.852 | lambda_MMD=0.150
2025-10-01 14:42:39 - Epoch Summary: TrainLoss=1.0913 | TrainAcc=0.668 | Val(P3)=0.575 | Val(AVO)=0.627
2025-10-01 14:42:39 - No AVO-val improvement; patience remaining: 46/50
2025-10-01 14:42:39 - Epoch 55/500 | LR=0.009715 | w_P3=1.000 | w_AVO=2.852 | lambda_MMD=0.150
2025-10-01 14:42:39 - Epoch Summary: TrainLoss=1.0547 | TrainAcc=0.678 | Val(P3)=0.542 | Val(AVO)=0.569
2025-10-01 14:42:39 - No AVO-val improvement; patience remaining: 45/50
2025-10-01 14:42:39 - Epoch 56/500 | LR=0.009704 | w_P3=1.000 | w_AVO=2.852 | lambda_MMD=0.150
2025-10-01 14:42:39 - Epoch Summary: TrainLoss=1.1308 | TrainAcc=0.664 | Val(P3)=0.591 | Val(AVO)=0.627
2025-10-01 14:42:39 - No AVO-val improvement; patience remaining: 44/50
2025-10-01 14:42:39 - Epoch 57/500 | LR=0.009694 | w_P3=1.000 | w_AVO=2.852 | lambda_MMD=0.150
2025-10-01 14:42:39 - Epoch Summary: TrainLoss=1.1374 | TrainAcc=0.658 | Val(P3)=0.555 | Val(AVO)=0.451
2025-10-01 14:42:39 - No AVO-val improvement; patience remaining: 43/50
2025-10-01 14:42:39 - Epoch 58/500 | LR=0.009683 | w_P3=1.000 | w_AVO=2.852 | lambda_MMD=0.150
2025-10-01 14:42:39 - Epoch Summary: TrainLoss=1.0313 | TrainAcc=0.669 | Val(P3)=0.562 | Val(AVO)=0.627
2025-10-01 14:42:39 - No AVO-val improvement; patience remaining: 42/50
2025-10-01 14:42:39 - Epoch 59/500 | LR=0.009672 | w_P3=1.000 | w_AVO=2.852 | lambda_MMD=0.150
2025-10-01 14:42:39 - Epoch Summary: TrainLoss=1.0175 | TrainAcc=0.680 | Val(P3)=0.575 | Val(AVO)=0.608
2025-10-01 14:42:39 - No AVO-val improvement; patience remaining: 41/50
2025-10-01 14:42:39 - Epoch 60/500 | LR=0.009660 | w_P3=1.000 | w_AVO=2.852 | lambda_MMD=0.150
2025-10-01 14:42:39 - Epoch Summary: TrainLoss=0.9933 | TrainAcc=0.673 | Val(P3)=0.568 | Val(AVO)=0.627
2025-10-01 14:42:39 - No AVO-val improvement; patience remaining: 40/50
2025-10-01 14:42:39 - Epoch 61/500 | LR=0.009649 | w_P3=1.000 | w_AVO=2.852 | lambda_MMD=0.150
2025-10-01 14:42:40 - Epoch Summary: TrainLoss=1.1131 | TrainAcc=0.656 | Val(P3)=0.578 | Val(AVO)=0.608
2025-10-01 14:42:40 - No AVO-val improvement; patience remaining: 39/50
2025-10-01 14:42:40 - Epoch 62/500 | LR=0.009637 | w_P3=1.000 | w_AVO=2.852 | lambda_MMD=0.150
2025-10-01 14:42:40 - Epoch Summary: TrainLoss=1.0639 | TrainAcc=0.662 | Val(P3)=0.539 | Val(AVO)=0.490
2025-10-01 14:42:40 - No AVO-val improvement; patience remaining: 38/50
2025-10-01 14:42:40 - AVO val decreasing 3x. Reducing w_small to 2.282, lambda_MMD to 0.075
2025-10-01 14:42:40 - Epoch 63/500 | LR=0.009625 | w_P3=1.000 | w_AVO=2.282 | lambda_MMD=0.075
2025-10-01 14:42:40 - Epoch Summary: TrainLoss=0.9336 | TrainAcc=0.677 | Val(P3)=0.604 | Val(AVO)=0.706
2025-10-01 14:42:40 - No AVO-val improvement; patience remaining: 37/50
2025-10-01 14:42:40 - Epoch 64/500 | LR=0.009613 | w_P3=1.000 | w_AVO=2.852 | lambda_MMD=0.150
2025-10-01 14:42:40 - Epoch Summary: TrainLoss=1.0006 | TrainAcc=0.682 | Val(P3)=0.568 | Val(AVO)=0.490
2025-10-01 14:42:40 - No AVO-val improvement; patience remaining: 36/50
2025-10-01 14:42:40 - Epoch 65/500 | LR=0.009601 | w_P3=1.000 | w_AVO=2.852 | lambda_MMD=0.150
2025-10-01 14:42:40 - Epoch Summary: TrainLoss=0.9544 | TrainAcc=0.692 | Val(P3)=0.604 | Val(AVO)=0.706
2025-10-01 14:42:40 - No AVO-val improvement; patience remaining: 35/50
2025-10-01 14:42:40 - Epoch 66/500 | LR=0.009589 | w_P3=1.000 | w_AVO=2.852 | lambda_MMD=0.150
2025-10-01 14:42:40 - Epoch Summary: TrainLoss=0.9710 | TrainAcc=0.695 | Val(P3)=0.581 | Val(AVO)=0.667
2025-10-01 14:42:40 - No AVO-val improvement; patience remaining: 34/50
2025-10-01 14:42:40 - Epoch 67/500 | LR=0.009576 | w_P3=1.000 | w_AVO=2.852 | lambda_MMD=0.150
2025-10-01 14:42:40 - Epoch Summary: TrainLoss=0.9641 | TrainAcc=0.683 | Val(P3)=0.539 | Val(AVO)=0.490
2025-10-01 14:42:40 - No AVO-val improvement; patience remaining: 33/50
2025-10-01 14:42:40 - AVO val decreasing 3x. Reducing w_small to 2.282, lambda_MMD to 0.075
2025-10-01 14:42:40 - P3 val decreasing 3x. Reducing lambda_MMD to 0.052
2025-10-01 14:42:40 - Epoch 68/500 | LR=0.009563 | w_P3=1.000 | w_AVO=2.282 | lambda_MMD=0.052
2025-10-01 14:42:41 - Epoch Summary: TrainLoss=0.8813 | TrainAcc=0.689 | Val(P3)=0.539 | Val(AVO)=0.569
2025-10-01 14:42:41 - No AVO-val improvement; patience remaining: 32/50
2025-10-01 14:42:41 - Epoch 69/500 | LR=0.009551 | w_P3=1.000 | w_AVO=2.852 | lambda_MMD=0.150
2025-10-01 14:42:41 - Epoch Summary: TrainLoss=0.9295 | TrainAcc=0.693 | Val(P3)=0.549 | Val(AVO)=0.549
2025-10-01 14:42:41 - No AVO-val improvement; patience remaining: 31/50
2025-10-01 14:42:41 - Epoch 70/500 | LR=0.009537 | w_P3=1.000 | w_AVO=2.852 | lambda_MMD=0.150
2025-10-01 14:42:41 - Epoch Summary: TrainLoss=0.9216 | TrainAcc=0.689 | Val(P3)=0.555 | Val(AVO)=0.588
2025-10-01 14:42:41 - No AVO-val improvement; patience remaining: 30/50
2025-10-01 14:42:41 - Epoch 71/500 | LR=0.009524 | w_P3=1.000 | w_AVO=2.852 | lambda_MMD=0.150
2025-10-01 14:42:41 - Epoch Summary: TrainLoss=0.9436 | TrainAcc=0.713 | Val(P3)=0.575 | Val(AVO)=0.627
2025-10-01 14:42:41 - No AVO-val improvement; patience remaining: 29/50
2025-10-01 14:42:41 - Epoch 72/500 | LR=0.009511 | w_P3=1.000 | w_AVO=2.852 | lambda_MMD=0.150
2025-10-01 14:42:41 - Epoch Summary: TrainLoss=0.9144 | TrainAcc=0.680 | Val(P3)=0.562 | Val(AVO)=0.529
2025-10-01 14:42:41 - No AVO-val improvement; patience remaining: 28/50
2025-10-01 14:42:41 - Epoch 73/500 | LR=0.009497 | w_P3=1.000 | w_AVO=2.852 | lambda_MMD=0.150
2025-10-01 14:42:41 - Epoch Summary: TrainLoss=0.8913 | TrainAcc=0.690 | Val(P3)=0.552 | Val(AVO)=0.608
2025-10-01 14:42:41 - No AVO-val improvement; patience remaining: 27/50
2025-10-01 14:42:41 - P3 val decreasing 3x. Reducing lambda_MMD to 0.105
2025-10-01 14:42:41 - Epoch 74/500 | LR=0.009483 | w_P3=1.000 | w_AVO=2.852 | lambda_MMD=0.105
2025-10-01 14:42:41 - Epoch Summary: TrainLoss=0.8612 | TrainAcc=0.707 | Val(P3)=0.565 | Val(AVO)=0.490
2025-10-01 14:42:41 - No AVO-val improvement; patience remaining: 26/50
2025-10-01 14:42:41 - Epoch 75/500 | LR=0.009469 | w_P3=1.000 | w_AVO=2.852 | lambda_MMD=0.150
2025-10-01 14:42:41 - Epoch Summary: TrainLoss=0.8649 | TrainAcc=0.696 | Val(P3)=0.601 | Val(AVO)=0.647
2025-10-01 14:42:41 - No AVO-val improvement; patience remaining: 25/50
2025-10-01 14:42:41 - Epoch 76/500 | LR=0.009455 | w_P3=1.000 | w_AVO=2.852 | lambda_MMD=0.150
2025-10-01 14:42:42 - Epoch Summary: TrainLoss=0.8438 | TrainAcc=0.711 | Val(P3)=0.581 | Val(AVO)=0.569
2025-10-01 14:42:42 - No AVO-val improvement; patience remaining: 24/50
2025-10-01 14:42:42 - Epoch 77/500 | LR=0.009441 | w_P3=1.000 | w_AVO=2.852 | lambda_MMD=0.150
2025-10-01 14:42:42 - Epoch Summary: TrainLoss=0.8772 | TrainAcc=0.692 | Val(P3)=0.539 | Val(AVO)=0.549
2025-10-01 14:42:42 - No AVO-val improvement; patience remaining: 23/50
2025-10-01 14:42:42 - AVO val decreasing 3x. Reducing w_small to 2.282, lambda_MMD to 0.075
2025-10-01 14:42:42 - P3 val decreasing 3x. Reducing lambda_MMD to 0.052
2025-10-01 14:42:42 - Epoch 78/500 | LR=0.009426 | w_P3=1.000 | w_AVO=2.282 | lambda_MMD=0.052
2025-10-01 14:42:42 - Epoch Summary: TrainLoss=0.7754 | TrainAcc=0.704 | Val(P3)=0.558 | Val(AVO)=0.627
2025-10-01 14:42:42 - No AVO-val improvement; patience remaining: 22/50
2025-10-01 14:42:42 - Epoch 79/500 | LR=0.009411 | w_P3=1.000 | w_AVO=2.852 | lambda_MMD=0.150
2025-10-01 14:42:42 - Epoch Summary: TrainLoss=0.8786 | TrainAcc=0.687 | Val(P3)=0.555 | Val(AVO)=0.490
2025-10-01 14:42:42 - No AVO-val improvement; patience remaining: 21/50
2025-10-01 14:42:42 - Epoch 80/500 | LR=0.009397 | w_P3=1.000 | w_AVO=2.852 | lambda_MMD=0.150
2025-10-01 14:42:42 - Epoch Summary: TrainLoss=0.8251 | TrainAcc=0.713 | Val(P3)=0.555 | Val(AVO)=0.647
2025-10-01 14:42:42 - No AVO-val improvement; patience remaining: 20/50
2025-10-01 14:42:42 - Epoch 81/500 | LR=0.009382 | w_P3=1.000 | w_AVO=2.852 | lambda_MMD=0.150
2025-10-01 14:42:42 - Epoch Summary: TrainLoss=0.7920 | TrainAcc=0.713 | Val(P3)=0.545 | Val(AVO)=0.588
2025-10-01 14:42:42 - No AVO-val improvement; patience remaining: 19/50
2025-10-01 14:42:42 - Epoch 82/500 | LR=0.009366 | w_P3=1.000 | w_AVO=2.852 | lambda_MMD=0.150
2025-10-01 14:42:42 - Epoch Summary: TrainLoss=0.8137 | TrainAcc=0.719 | Val(P3)=0.536 | Val(AVO)=0.529
2025-10-01 14:42:42 - No AVO-val improvement; patience remaining: 18/50
2025-10-01 14:42:42 - AVO val decreasing 3x. Reducing w_small to 2.282, lambda_MMD to 0.075
2025-10-01 14:42:42 - P3 val decreasing 3x. Reducing lambda_MMD to 0.052
2025-10-01 14:42:42 - Epoch 83/500 | LR=0.009351 | w_P3=1.000 | w_AVO=2.282 | lambda_MMD=0.052
2025-10-01 14:42:42 - Epoch Summary: TrainLoss=0.7514 | TrainAcc=0.717 | Val(P3)=0.578 | Val(AVO)=0.627
2025-10-01 14:42:42 - No AVO-val improvement; patience remaining: 17/50
2025-10-01 14:42:42 - Epoch 84/500 | LR=0.009335 | w_P3=1.000 | w_AVO=2.852 | lambda_MMD=0.150
2025-10-01 14:42:43 - Epoch Summary: TrainLoss=0.8124 | TrainAcc=0.712 | Val(P3)=0.584 | Val(AVO)=0.608
2025-10-01 14:42:43 - No AVO-val improvement; patience remaining: 16/50
2025-10-01 14:42:43 - Epoch 85/500 | LR=0.009320 | w_P3=1.000 | w_AVO=2.852 | lambda_MMD=0.150
2025-10-01 14:42:43 - Epoch Summary: TrainLoss=0.8072 | TrainAcc=0.707 | Val(P3)=0.578 | Val(AVO)=0.549
2025-10-01 14:42:43 - No AVO-val improvement; patience remaining: 15/50
2025-10-01 14:42:43 - AVO val decreasing 3x. Reducing w_small to 2.282, lambda_MMD to 0.075
2025-10-01 14:42:43 - Epoch 86/500 | LR=0.009304 | w_P3=1.000 | w_AVO=2.282 | lambda_MMD=0.075
2025-10-01 14:42:43 - Epoch Summary: TrainLoss=0.7218 | TrainAcc=0.715 | Val(P3)=0.571 | Val(AVO)=0.627
2025-10-01 14:42:43 - No AVO-val improvement; patience remaining: 14/50
2025-10-01 14:42:43 - P3 val decreasing 3x. Reducing lambda_MMD to 0.105
2025-10-01 14:42:43 - Epoch 87/500 | LR=0.009288 | w_P3=1.000 | w_AVO=2.852 | lambda_MMD=0.105
2025-10-01 14:42:43 - Epoch Summary: TrainLoss=0.7443 | TrainAcc=0.721 | Val(P3)=0.549 | Val(AVO)=0.627
2025-10-01 14:42:43 - No AVO-val improvement; patience remaining: 13/50
2025-10-01 14:42:43 - P3 val decreasing 3x. Reducing lambda_MMD to 0.105
2025-10-01 14:42:43 - Epoch 88/500 | LR=0.009271 | w_P3=1.000 | w_AVO=2.852 | lambda_MMD=0.105
2025-10-01 14:42:43 - Epoch Summary: TrainLoss=0.7599 | TrainAcc=0.715 | Val(P3)=0.539 | Val(AVO)=0.549
2025-10-01 14:42:43 - No AVO-val improvement; patience remaining: 12/50
2025-10-01 14:42:43 - P3 val decreasing 3x. Reducing lambda_MMD to 0.105
2025-10-01 14:42:43 - Epoch 89/500 | LR=0.009255 | w_P3=1.000 | w_AVO=2.852 | lambda_MMD=0.105
2025-10-01 14:42:43 - Epoch Summary: TrainLoss=0.7562 | TrainAcc=0.720 | Val(P3)=0.552 | Val(AVO)=0.588
2025-10-01 14:42:43 - No AVO-val improvement; patience remaining: 11/50
2025-10-01 14:42:43 - Epoch 90/500 | LR=0.009238 | w_P3=1.000 | w_AVO=2.852 | lambda_MMD=0.150
2025-10-01 14:42:43 - Epoch Summary: TrainLoss=0.7408 | TrainAcc=0.731 | Val(P3)=0.562 | Val(AVO)=0.569
2025-10-01 14:42:43 - No AVO-val improvement; patience remaining: 10/50
2025-10-01 14:42:43 - Epoch 91/500 | LR=0.009222 | w_P3=1.000 | w_AVO=2.852 | lambda_MMD=0.150
2025-10-01 14:42:44 - Epoch Summary: TrainLoss=0.7719 | TrainAcc=0.714 | Val(P3)=0.549 | Val(AVO)=0.529
2025-10-01 14:42:44 - No AVO-val improvement; patience remaining: 9/50
2025-10-01 14:42:44 - AVO val decreasing 3x. Reducing w_small to 2.282, lambda_MMD to 0.075
2025-10-01 14:42:44 - Epoch 92/500 | LR=0.009205 | w_P3=1.000 | w_AVO=2.282 | lambda_MMD=0.075
2025-10-01 14:42:44 - Epoch Summary: TrainLoss=0.6961 | TrainAcc=0.735 | Val(P3)=0.584 | Val(AVO)=0.627
2025-10-01 14:42:44 - No AVO-val improvement; patience remaining: 8/50
2025-10-01 14:42:44 - Epoch 93/500 | LR=0.009188 | w_P3=1.000 | w_AVO=2.852 | lambda_MMD=0.150
2025-10-01 14:42:44 - Epoch Summary: TrainLoss=0.7189 | TrainAcc=0.731 | Val(P3)=0.565 | Val(AVO)=0.569
2025-10-01 14:42:44 - No AVO-val improvement; patience remaining: 7/50
2025-10-01 14:42:44 - Epoch 94/500 | LR=0.009170 | w_P3=1.000 | w_AVO=2.852 | lambda_MMD=0.150
2025-10-01 14:42:44 - Epoch Summary: TrainLoss=0.7265 | TrainAcc=0.729 | Val(P3)=0.565 | Val(AVO)=0.510
2025-10-01 14:42:44 - No AVO-val improvement; patience remaining: 6/50
2025-10-01 14:42:44 - AVO val decreasing 3x. Reducing w_small to 2.282, lambda_MMD to 0.075
2025-10-01 14:42:44 - Epoch 95/500 | LR=0.009153 | w_P3=1.000 | w_AVO=2.282 | lambda_MMD=0.075
2025-10-01 14:42:44 - Epoch Summary: TrainLoss=0.6672 | TrainAcc=0.729 | Val(P3)=0.575 | Val(AVO)=0.588
2025-10-01 14:42:44 - No AVO-val improvement; patience remaining: 5/50
2025-10-01 14:42:44 - Epoch 96/500 | LR=0.009135 | w_P3=1.000 | w_AVO=2.852 | lambda_MMD=0.150
2025-10-01 14:42:44 - Epoch Summary: TrainLoss=0.7699 | TrainAcc=0.730 | Val(P3)=0.529 | Val(AVO)=0.529
2025-10-01 14:42:44 - No AVO-val improvement; patience remaining: 4/50
2025-10-01 14:42:44 - Epoch 97/500 | LR=0.009118 | w_P3=1.000 | w_AVO=2.852 | lambda_MMD=0.150
2025-10-01 14:42:44 - Epoch Summary: TrainLoss=0.7265 | TrainAcc=0.734 | Val(P3)=0.571 | Val(AVO)=0.588
2025-10-01 14:42:44 - No AVO-val improvement; patience remaining: 3/50
2025-10-01 14:42:44 - Epoch 98/500 | LR=0.009100 | w_P3=1.000 | w_AVO=2.852 | lambda_MMD=0.150
2025-10-01 14:42:44 - Epoch Summary: TrainLoss=0.7291 | TrainAcc=0.729 | Val(P3)=0.545 | Val(AVO)=0.627
2025-10-01 14:42:44 - No AVO-val improvement; patience remaining: 2/50
2025-10-01 14:42:44 - Epoch 99/500 | LR=0.009082 | w_P3=1.000 | w_AVO=2.852 | lambda_MMD=0.150
2025-10-01 14:42:45 - Epoch Summary: TrainLoss=0.7114 | TrainAcc=0.729 | Val(P3)=0.542 | Val(AVO)=0.510
2025-10-01 14:42:45 - No AVO-val improvement; patience remaining: 1/50
2025-10-01 14:42:45 - P3 val decreasing 3x. Reducing lambda_MMD to 0.105
2025-10-01 14:42:45 - Epoch 100/500 | LR=0.009063 | w_P3=1.000 | w_AVO=2.852 | lambda_MMD=0.105
2025-10-01 14:42:45 - Epoch Summary: TrainLoss=0.6999 | TrainAcc=0.733 | Val(P3)=0.545 | Val(AVO)=0.569
2025-10-01 14:42:45 - No AVO-val improvement; patience remaining: 0/50
2025-10-01 14:42:45 - Early stopping triggered (AVO-val)
2025-10-01 14:42:45 -     P3 Test | Acc=0.5474 P=0.6604 R=0.2154 F1=0.3248 AUC=0.6110 (n=643)
2025-10-01 14:42:45 -     AVO Test | Acc=0.7297 P=0.7188 R=0.6765 F1=0.6970 AUC=0.8154 (n=74)
2025-10-01 14:42:45 -     Overall Test Acc=0.5662
2025-10-01 14:42:45 -   Fold 5/5
2025-10-01 14:42:45 - Fold domains: small=AVO (n=263), large=P3 (n=2249)
2025-10-01 14:42:45 - Auto adjustments (symmetric): w_small≈1.000, lambda_MMD_target=0.150, warmup_epochs=5
2025-10-01 14:42:45 - Epoch 1/500 | LR=0.010000 | w_P3=1.000 | w_AVO=1.385 | lambda_MMD=0.030
2025-10-01 14:42:45 - Epoch Summary: TrainLoss=1.6293 | TrainAcc=0.586 | Val(P3)=0.608 | Val(AVO)=0.560
2025-10-01 14:42:45 - New best AVO-val; checkpoint updated
2025-10-01 14:42:45 - Epoch 2/500 | LR=0.010000 | w_P3=1.000 | w_AVO=1.770 | lambda_MMD=0.060
2025-10-01 14:42:45 - Epoch Summary: TrainLoss=1.8172 | TrainAcc=0.600 | Val(P3)=0.631 | Val(AVO)=0.540
2025-10-01 14:42:45 - No AVO-val improvement; patience remaining: 49/50
2025-10-01 14:42:45 - Epoch 3/500 | LR=0.010000 | w_P3=1.000 | w_AVO=2.155 | lambda_MMD=0.090
2025-10-01 14:42:45 - Epoch Summary: TrainLoss=2.0273 | TrainAcc=0.597 | Val(P3)=0.638 | Val(AVO)=0.500
2025-10-01 14:42:45 - No AVO-val improvement; patience remaining: 48/50
2025-10-01 14:42:45 - AVO val decreasing 3x. Reducing w_small to 2.032, lambda_MMD to 0.060
2025-10-01 14:42:45 - Epoch 4/500 | LR=0.009999 | w_P3=1.000 | w_AVO=2.032 | lambda_MMD=0.060
2025-10-01 14:42:45 - Epoch Summary: TrainLoss=1.9034 | TrainAcc=0.599 | Val(P3)=0.579 | Val(AVO)=0.640
2025-10-01 14:42:45 - New best AVO-val; checkpoint updated
2025-10-01 14:42:45 - Epoch 5/500 | LR=0.009998 | w_P3=1.000 | w_AVO=2.924 | lambda_MMD=0.150
2025-10-01 14:42:45 - Epoch Summary: TrainLoss=2.4567 | TrainAcc=0.589 | Val(P3)=0.595 | Val(AVO)=0.620
2025-10-01 14:42:45 - No AVO-val improvement; patience remaining: 49/50
2025-10-01 14:42:45 - Epoch 6/500 | LR=0.009998 | w_P3=1.000 | w_AVO=2.924 | lambda_MMD=0.150
2025-10-01 14:42:46 - Epoch Summary: TrainLoss=2.4705 | TrainAcc=0.603 | Val(P3)=0.621 | Val(AVO)=0.640
2025-10-01 14:42:46 - No AVO-val improvement; patience remaining: 48/50
2025-10-01 14:42:46 - Epoch 7/500 | LR=0.009996 | w_P3=1.000 | w_AVO=2.924 | lambda_MMD=0.150
2025-10-01 14:42:46 - Epoch Summary: TrainLoss=2.3173 | TrainAcc=0.611 | Val(P3)=0.618 | Val(AVO)=0.560
2025-10-01 14:42:46 - No AVO-val improvement; patience remaining: 47/50
2025-10-01 14:42:46 - Epoch 8/500 | LR=0.009995 | w_P3=1.000 | w_AVO=2.924 | lambda_MMD=0.150
2025-10-01 14:42:46 - Epoch Summary: TrainLoss=2.3550 | TrainAcc=0.612 | Val(P3)=0.618 | Val(AVO)=0.560
2025-10-01 14:42:46 - No AVO-val improvement; patience remaining: 46/50
2025-10-01 14:42:46 - Epoch 9/500 | LR=0.009994 | w_P3=1.000 | w_AVO=2.924 | lambda_MMD=0.150
2025-10-01 14:42:46 - Epoch Summary: TrainLoss=2.4024 | TrainAcc=0.592 | Val(P3)=0.602 | Val(AVO)=0.680
2025-10-01 14:42:46 - New best AVO-val; checkpoint updated
2025-10-01 14:42:46 - Epoch 10/500 | LR=0.009992 | w_P3=1.000 | w_AVO=2.924 | lambda_MMD=0.150
2025-10-01 14:42:46 - Epoch Summary: TrainLoss=2.3122 | TrainAcc=0.608 | Val(P3)=0.576 | Val(AVO)=0.600
2025-10-01 14:42:46 - No AVO-val improvement; patience remaining: 49/50
2025-10-01 14:42:46 - P3 val decreasing 3x. Reducing lambda_MMD to 0.105
2025-10-01 14:42:46 - Epoch 11/500 | LR=0.009990 | w_P3=1.000 | w_AVO=2.924 | lambda_MMD=0.105
2025-10-01 14:42:46 - Epoch Summary: TrainLoss=2.3416 | TrainAcc=0.610 | Val(P3)=0.595 | Val(AVO)=0.620
2025-10-01 14:42:46 - No AVO-val improvement; patience remaining: 48/50
2025-10-01 14:42:46 - Epoch 12/500 | LR=0.009988 | w_P3=1.000 | w_AVO=2.924 | lambda_MMD=0.150
2025-10-01 14:42:47 - Epoch Summary: TrainLoss=2.2294 | TrainAcc=0.586 | Val(P3)=0.583 | Val(AVO)=0.600
2025-10-01 14:42:47 - No AVO-val improvement; patience remaining: 47/50
2025-10-01 14:42:47 - Epoch 13/500 | LR=0.009986 | w_P3=1.000 | w_AVO=2.924 | lambda_MMD=0.150
2025-10-01 14:42:47 - Epoch Summary: TrainLoss=2.2019 | TrainAcc=0.606 | Val(P3)=0.599 | Val(AVO)=0.660
2025-10-01 14:42:47 - No AVO-val improvement; patience remaining: 46/50
2025-10-01 14:42:47 - Epoch 14/500 | LR=0.009983 | w_P3=1.000 | w_AVO=2.924 | lambda_MMD=0.150
2025-10-01 14:42:47 - Epoch Summary: TrainLoss=2.1295 | TrainAcc=0.612 | Val(P3)=0.599 | Val(AVO)=0.580
2025-10-01 14:42:47 - No AVO-val improvement; patience remaining: 45/50
2025-10-01 14:42:47 - Epoch 15/500 | LR=0.009981 | w_P3=1.000 | w_AVO=2.924 | lambda_MMD=0.150
2025-10-01 14:42:47 - Epoch Summary: TrainLoss=2.2013 | TrainAcc=0.614 | Val(P3)=0.612 | Val(AVO)=0.600
2025-10-01 14:42:47 - No AVO-val improvement; patience remaining: 44/50
2025-10-01 14:42:47 - Epoch 16/500 | LR=0.009978 | w_P3=1.000 | w_AVO=2.924 | lambda_MMD=0.150
2025-10-01 14:42:47 - Epoch Summary: TrainLoss=2.1271 | TrainAcc=0.610 | Val(P3)=0.573 | Val(AVO)=0.520
2025-10-01 14:42:47 - No AVO-val improvement; patience remaining: 43/50
2025-10-01 14:42:47 - Epoch 17/500 | LR=0.009975 | w_P3=1.000 | w_AVO=2.924 | lambda_MMD=0.150
2025-10-01 14:42:47 - Epoch Summary: TrainLoss=2.1206 | TrainAcc=0.625 | Val(P3)=0.628 | Val(AVO)=0.580
2025-10-01 14:42:47 - No AVO-val improvement; patience remaining: 42/50
2025-10-01 14:42:47 - Epoch 18/500 | LR=0.009972 | w_P3=1.000 | w_AVO=2.924 | lambda_MMD=0.150
2025-10-01 14:42:47 - Epoch Summary: TrainLoss=2.0542 | TrainAcc=0.628 | Val(P3)=0.605 | Val(AVO)=0.540
2025-10-01 14:42:47 - No AVO-val improvement; patience remaining: 41/50
2025-10-01 14:42:47 - Epoch 19/500 | LR=0.009968 | w_P3=1.000 | w_AVO=2.924 | lambda_MMD=0.150
2025-10-01 14:42:47 - Epoch Summary: TrainLoss=2.0284 | TrainAcc=0.628 | Val(P3)=0.576 | Val(AVO)=0.620
2025-10-01 14:42:47 - No AVO-val improvement; patience remaining: 40/50
2025-10-01 14:42:47 - P3 val decreasing 3x. Reducing lambda_MMD to 0.105
2025-10-01 14:42:47 - Epoch 20/500 | LR=0.009964 | w_P3=1.000 | w_AVO=2.924 | lambda_MMD=0.105
2025-10-01 14:42:48 - Epoch Summary: TrainLoss=2.0918 | TrainAcc=0.620 | Val(P3)=0.589 | Val(AVO)=0.560
2025-10-01 14:42:48 - No AVO-val improvement; patience remaining: 39/50
2025-10-01 14:42:48 - Epoch 21/500 | LR=0.009961 | w_P3=1.000 | w_AVO=2.924 | lambda_MMD=0.150
2025-10-01 14:42:48 - Epoch Summary: TrainLoss=1.9820 | TrainAcc=0.624 | Val(P3)=0.612 | Val(AVO)=0.640
2025-10-01 14:42:48 - No AVO-val improvement; patience remaining: 38/50
2025-10-01 14:42:48 - Epoch 22/500 | LR=0.009957 | w_P3=1.000 | w_AVO=2.924 | lambda_MMD=0.150
2025-10-01 14:42:48 - Epoch Summary: TrainLoss=1.9181 | TrainAcc=0.631 | Val(P3)=0.608 | Val(AVO)=0.600
2025-10-01 14:42:48 - No AVO-val improvement; patience remaining: 37/50
2025-10-01 14:42:48 - Epoch 23/500 | LR=0.009952 | w_P3=1.000 | w_AVO=2.924 | lambda_MMD=0.150
2025-10-01 14:42:48 - Epoch Summary: TrainLoss=1.8757 | TrainAcc=0.618 | Val(P3)=0.563 | Val(AVO)=0.520
2025-10-01 14:42:48 - No AVO-val improvement; patience remaining: 36/50
2025-10-01 14:42:48 - AVO val decreasing 3x. Reducing w_small to 2.339, lambda_MMD to 0.075
2025-10-01 14:42:48 - P3 val decreasing 3x. Reducing lambda_MMD to 0.052
2025-10-01 14:42:48 - Epoch 24/500 | LR=0.009948 | w_P3=1.000 | w_AVO=2.339 | lambda_MMD=0.052
2025-10-01 14:42:48 - Epoch Summary: TrainLoss=1.6357 | TrainAcc=0.631 | Val(P3)=0.605 | Val(AVO)=0.520
2025-10-01 14:42:48 - No AVO-val improvement; patience remaining: 35/50
2025-10-01 14:42:48 - Epoch 25/500 | LR=0.009943 | w_P3=1.000 | w_AVO=2.924 | lambda_MMD=0.150
2025-10-01 14:42:48 - Epoch Summary: TrainLoss=1.8387 | TrainAcc=0.641 | Val(P3)=0.605 | Val(AVO)=0.560
2025-10-01 14:42:48 - No AVO-val improvement; patience remaining: 34/50
2025-10-01 14:42:48 - Epoch 26/500 | LR=0.009938 | w_P3=1.000 | w_AVO=2.924 | lambda_MMD=0.150
2025-10-01 14:42:48 - Epoch Summary: TrainLoss=1.8369 | TrainAcc=0.636 | Val(P3)=0.560 | Val(AVO)=0.500
2025-10-01 14:42:48 - No AVO-val improvement; patience remaining: 33/50
2025-10-01 14:42:48 - Epoch 27/500 | LR=0.009933 | w_P3=1.000 | w_AVO=2.924 | lambda_MMD=0.150
2025-10-01 14:42:48 - Epoch Summary: TrainLoss=1.8452 | TrainAcc=0.631 | Val(P3)=0.573 | Val(AVO)=0.600
2025-10-01 14:42:48 - No AVO-val improvement; patience remaining: 32/50
2025-10-01 14:42:48 - Epoch 28/500 | LR=0.009928 | w_P3=1.000 | w_AVO=2.924 | lambda_MMD=0.150
2025-10-01 14:42:49 - Epoch Summary: TrainLoss=1.7374 | TrainAcc=0.643 | Val(P3)=0.599 | Val(AVO)=0.520
2025-10-01 14:42:49 - No AVO-val improvement; patience remaining: 31/50
2025-10-01 14:42:49 - Epoch 29/500 | LR=0.009923 | w_P3=1.000 | w_AVO=2.924 | lambda_MMD=0.150
2025-10-01 14:42:49 - Epoch Summary: TrainLoss=1.6786 | TrainAcc=0.622 | Val(P3)=0.570 | Val(AVO)=0.560
2025-10-01 14:42:49 - No AVO-val improvement; patience remaining: 30/50
2025-10-01 14:42:49 - Epoch 30/500 | LR=0.009917 | w_P3=1.000 | w_AVO=2.924 | lambda_MMD=0.150
2025-10-01 14:42:49 - Epoch Summary: TrainLoss=1.7162 | TrainAcc=0.639 | Val(P3)=0.579 | Val(AVO)=0.540
2025-10-01 14:42:49 - No AVO-val improvement; patience remaining: 29/50
2025-10-01 14:42:49 - Epoch 31/500 | LR=0.009911 | w_P3=1.000 | w_AVO=2.924 | lambda_MMD=0.150
2025-10-01 14:42:49 - Epoch Summary: TrainLoss=1.6951 | TrainAcc=0.626 | Val(P3)=0.576 | Val(AVO)=0.580
2025-10-01 14:42:49 - No AVO-val improvement; patience remaining: 28/50
2025-10-01 14:42:49 - Epoch 32/500 | LR=0.009905 | w_P3=1.000 | w_AVO=2.924 | lambda_MMD=0.150
2025-10-01 14:42:49 - Epoch Summary: TrainLoss=1.6952 | TrainAcc=0.636 | Val(P3)=0.550 | Val(AVO)=0.540
2025-10-01 14:42:49 - No AVO-val improvement; patience remaining: 27/50
2025-10-01 14:42:49 - P3 val decreasing 3x. Reducing lambda_MMD to 0.105
2025-10-01 14:42:49 - Epoch 33/500 | LR=0.009899 | w_P3=1.000 | w_AVO=2.924 | lambda_MMD=0.105
2025-10-01 14:42:49 - Epoch Summary: TrainLoss=1.6550 | TrainAcc=0.636 | Val(P3)=0.540 | Val(AVO)=0.520
2025-10-01 14:42:49 - No AVO-val improvement; patience remaining: 26/50
2025-10-01 14:42:49 - AVO val decreasing 3x. Reducing w_small to 2.339, lambda_MMD to 0.075
2025-10-01 14:42:49 - P3 val decreasing 3x. Reducing lambda_MMD to 0.052
2025-10-01 14:42:49 - Epoch 34/500 | LR=0.009893 | w_P3=1.000 | w_AVO=2.339 | lambda_MMD=0.052
2025-10-01 14:42:49 - Epoch Summary: TrainLoss=1.3764 | TrainAcc=0.640 | Val(P3)=0.573 | Val(AVO)=0.620
2025-10-01 14:42:49 - No AVO-val improvement; patience remaining: 25/50
2025-10-01 14:42:49 - Epoch 35/500 | LR=0.009886 | w_P3=1.000 | w_AVO=2.924 | lambda_MMD=0.150
2025-10-01 14:42:49 - Epoch Summary: TrainLoss=1.5740 | TrainAcc=0.642 | Val(P3)=0.566 | Val(AVO)=0.640
2025-10-01 14:42:49 - No AVO-val improvement; patience remaining: 24/50
2025-10-01 14:42:49 - Epoch 36/500 | LR=0.009880 | w_P3=1.000 | w_AVO=2.924 | lambda_MMD=0.150
2025-10-01 14:42:50 - Epoch Summary: TrainLoss=1.6176 | TrainAcc=0.632 | Val(P3)=0.537 | Val(AVO)=0.520
2025-10-01 14:42:50 - No AVO-val improvement; patience remaining: 23/50
2025-10-01 14:42:50 - P3 val decreasing 3x. Reducing lambda_MMD to 0.105
2025-10-01 14:42:50 - Epoch 37/500 | LR=0.009873 | w_P3=1.000 | w_AVO=2.924 | lambda_MMD=0.105
2025-10-01 14:42:50 - Epoch Summary: TrainLoss=1.5812 | TrainAcc=0.642 | Val(P3)=0.557 | Val(AVO)=0.500
2025-10-01 14:42:50 - No AVO-val improvement; patience remaining: 22/50
2025-10-01 14:42:50 - AVO val decreasing 3x. Reducing w_small to 2.339, lambda_MMD to 0.075
2025-10-01 14:42:50 - Epoch 38/500 | LR=0.009865 | w_P3=1.000 | w_AVO=2.339 | lambda_MMD=0.075
2025-10-01 14:42:50 - Epoch Summary: TrainLoss=1.3281 | TrainAcc=0.645 | Val(P3)=0.528 | Val(AVO)=0.540
2025-10-01 14:42:50 - No AVO-val improvement; patience remaining: 21/50
2025-10-01 14:42:50 - Epoch 39/500 | LR=0.009858 | w_P3=1.000 | w_AVO=2.924 | lambda_MMD=0.150
2025-10-01 14:42:50 - Epoch Summary: TrainLoss=1.5209 | TrainAcc=0.640 | Val(P3)=0.557 | Val(AVO)=0.500
2025-10-01 14:42:50 - No AVO-val improvement; patience remaining: 20/50
2025-10-01 14:42:50 - Epoch 40/500 | LR=0.009851 | w_P3=1.000 | w_AVO=2.924 | lambda_MMD=0.150
2025-10-01 14:42:50 - Epoch Summary: TrainLoss=1.6883 | TrainAcc=0.622 | Val(P3)=0.583 | Val(AVO)=0.580
2025-10-01 14:42:50 - No AVO-val improvement; patience remaining: 19/50
2025-10-01 14:42:50 - Epoch 41/500 | LR=0.009843 | w_P3=1.000 | w_AVO=2.924 | lambda_MMD=0.150
2025-10-01 14:42:50 - Epoch Summary: TrainLoss=1.6435 | TrainAcc=0.622 | Val(P3)=0.576 | Val(AVO)=0.600
2025-10-01 14:42:50 - No AVO-val improvement; patience remaining: 18/50
2025-10-01 14:42:50 - Epoch 42/500 | LR=0.009835 | w_P3=1.000 | w_AVO=2.924 | lambda_MMD=0.150
2025-10-01 14:42:50 - Epoch Summary: TrainLoss=1.4052 | TrainAcc=0.641 | Val(P3)=0.570 | Val(AVO)=0.620
2025-10-01 14:42:50 - No AVO-val improvement; patience remaining: 17/50
2025-10-01 14:42:50 - P3 val decreasing 3x. Reducing lambda_MMD to 0.105
2025-10-01 14:42:50 - Epoch 43/500 | LR=0.009827 | w_P3=1.000 | w_AVO=2.924 | lambda_MMD=0.105
2025-10-01 14:42:51 - Epoch Summary: TrainLoss=1.4954 | TrainAcc=0.648 | Val(P3)=0.566 | Val(AVO)=0.580
2025-10-01 14:42:51 - No AVO-val improvement; patience remaining: 16/50
2025-10-01 14:42:51 - P3 val decreasing 3x. Reducing lambda_MMD to 0.105
2025-10-01 14:42:51 - Epoch 44/500 | LR=0.009819 | w_P3=1.000 | w_AVO=2.924 | lambda_MMD=0.105
2025-10-01 14:42:51 - Epoch Summary: TrainLoss=1.3806 | TrainAcc=0.644 | Val(P3)=0.573 | Val(AVO)=0.580
2025-10-01 14:42:51 - No AVO-val improvement; patience remaining: 15/50
2025-10-01 14:42:51 - Epoch 45/500 | LR=0.009810 | w_P3=1.000 | w_AVO=2.924 | lambda_MMD=0.150
2025-10-01 14:42:51 - Epoch Summary: TrainLoss=1.4521 | TrainAcc=0.633 | Val(P3)=0.540 | Val(AVO)=0.440
2025-10-01 14:42:51 - No AVO-val improvement; patience remaining: 14/50
2025-10-01 14:42:51 - Epoch 46/500 | LR=0.009801 | w_P3=1.000 | w_AVO=2.924 | lambda_MMD=0.150
2025-10-01 14:42:51 - Epoch Summary: TrainLoss=1.3359 | TrainAcc=0.649 | Val(P3)=0.544 | Val(AVO)=0.540
2025-10-01 14:42:51 - No AVO-val improvement; patience remaining: 13/50
2025-10-01 14:42:51 - Epoch 47/500 | LR=0.009793 | w_P3=1.000 | w_AVO=2.924 | lambda_MMD=0.150
2025-10-01 14:42:51 - Epoch Summary: TrainLoss=1.3561 | TrainAcc=0.632 | Val(P3)=0.573 | Val(AVO)=0.620
2025-10-01 14:42:51 - No AVO-val improvement; patience remaining: 12/50
2025-10-01 14:42:51 - Epoch 48/500 | LR=0.009784 | w_P3=1.000 | w_AVO=2.924 | lambda_MMD=0.150
2025-10-01 14:42:51 - Epoch Summary: TrainLoss=1.3725 | TrainAcc=0.646 | Val(P3)=0.531 | Val(AVO)=0.480
2025-10-01 14:42:51 - No AVO-val improvement; patience remaining: 11/50
2025-10-01 14:42:51 - Epoch 49/500 | LR=0.009774 | w_P3=1.000 | w_AVO=2.924 | lambda_MMD=0.150
2025-10-01 14:42:52 - Epoch Summary: TrainLoss=1.3683 | TrainAcc=0.653 | Val(P3)=0.528 | Val(AVO)=0.460
2025-10-01 14:42:52 - No AVO-val improvement; patience remaining: 10/50
2025-10-01 14:42:52 - AVO val decreasing 3x. Reducing w_small to 2.339, lambda_MMD to 0.075
2025-10-01 14:42:52 - P3 val decreasing 3x. Reducing lambda_MMD to 0.052
2025-10-01 14:42:52 - Epoch 50/500 | LR=0.009765 | w_P3=1.000 | w_AVO=2.339 | lambda_MMD=0.052
2025-10-01 14:42:52 - Epoch Summary: TrainLoss=1.2618 | TrainAcc=0.632 | Val(P3)=0.531 | Val(AVO)=0.580
2025-10-01 14:42:52 - No AVO-val improvement; patience remaining: 9/50
2025-10-01 14:42:52 - Epoch 51/500 | LR=0.009755 | w_P3=1.000 | w_AVO=2.924 | lambda_MMD=0.150
2025-10-01 14:42:52 - Epoch Summary: TrainLoss=1.3997 | TrainAcc=0.655 | Val(P3)=0.547 | Val(AVO)=0.560
2025-10-01 14:42:52 - No AVO-val improvement; patience remaining: 8/50
2025-10-01 14:42:52 - Epoch 52/500 | LR=0.009745 | w_P3=1.000 | w_AVO=2.924 | lambda_MMD=0.150
2025-10-01 14:42:52 - Epoch Summary: TrainLoss=1.3087 | TrainAcc=0.636 | Val(P3)=0.524 | Val(AVO)=0.600
2025-10-01 14:42:52 - No AVO-val improvement; patience remaining: 7/50
2025-10-01 14:42:52 - Epoch 53/500 | LR=0.009735 | w_P3=1.000 | w_AVO=2.924 | lambda_MMD=0.150
2025-10-01 14:42:52 - Epoch Summary: TrainLoss=1.2286 | TrainAcc=0.663 | Val(P3)=0.528 | Val(AVO)=0.500
2025-10-01 14:42:52 - No AVO-val improvement; patience remaining: 6/50
2025-10-01 14:42:52 - Epoch 54/500 | LR=0.009725 | w_P3=1.000 | w_AVO=2.924 | lambda_MMD=0.150
2025-10-01 14:42:52 - Epoch Summary: TrainLoss=1.2349 | TrainAcc=0.660 | Val(P3)=0.550 | Val(AVO)=0.600
2025-10-01 14:42:52 - No AVO-val improvement; patience remaining: 5/50
2025-10-01 14:42:52 - Epoch 55/500 | LR=0.009715 | w_P3=1.000 | w_AVO=2.924 | lambda_MMD=0.150
2025-10-01 14:42:52 - Epoch Summary: TrainLoss=1.2320 | TrainAcc=0.647 | Val(P3)=0.534 | Val(AVO)=0.560
2025-10-01 14:42:52 - No AVO-val improvement; patience remaining: 4/50
2025-10-01 14:42:52 - Epoch 56/500 | LR=0.009704 | w_P3=1.000 | w_AVO=2.924 | lambda_MMD=0.150
2025-10-01 14:42:52 - Epoch Summary: TrainLoss=1.3128 | TrainAcc=0.648 | Val(P3)=0.524 | Val(AVO)=0.460
2025-10-01 14:42:52 - No AVO-val improvement; patience remaining: 3/50
2025-10-01 14:42:52 - AVO val decreasing 3x. Reducing w_small to 2.339, lambda_MMD to 0.075
2025-10-01 14:42:52 - P3 val decreasing 3x. Reducing lambda_MMD to 0.052
2025-10-01 14:42:52 - Epoch 57/500 | LR=0.009694 | w_P3=1.000 | w_AVO=2.339 | lambda_MMD=0.052
2025-10-01 14:42:53 - Epoch Summary: TrainLoss=1.1732 | TrainAcc=0.651 | Val(P3)=0.518 | Val(AVO)=0.480
2025-10-01 14:42:53 - No AVO-val improvement; patience remaining: 2/50
2025-10-01 14:42:53 - P3 val decreasing 3x. Reducing lambda_MMD to 0.105
2025-10-01 14:42:53 - Epoch 58/500 | LR=0.009683 | w_P3=1.000 | w_AVO=2.924 | lambda_MMD=0.105
2025-10-01 14:42:53 - Epoch Summary: TrainLoss=1.2449 | TrainAcc=0.642 | Val(P3)=0.540 | Val(AVO)=0.560
2025-10-01 14:42:53 - No AVO-val improvement; patience remaining: 1/50
2025-10-01 14:42:53 - Epoch 59/500 | LR=0.009672 | w_P3=1.000 | w_AVO=2.924 | lambda_MMD=0.150
2025-10-01 14:42:53 - Epoch Summary: TrainLoss=1.1902 | TrainAcc=0.646 | Val(P3)=0.563 | Val(AVO)=0.560
2025-10-01 14:42:53 - No AVO-val improvement; patience remaining: 0/50
2025-10-01 14:42:53 - Early stopping triggered (AVO-val)
2025-10-01 14:42:53 -     P3 Test | Acc=0.5476 P=0.7246 R=0.1582 F1=0.2597 AUC=0.6282 (n=630)
2025-10-01 14:42:53 -     AVO Test | Acc=0.6667 P=0.6383 R=0.7143 F1=0.6742 AUC=0.6772 (n=87)
2025-10-01 14:42:53 -     Overall Test Acc=0.5621
2025-10-01 14:42:53 - Repeat 5/5
2025-10-01 14:42:53 -   Fold 1/5
2025-10-01 14:42:53 - Fold domains: small=AVO (n=267), large=P3 (n=2244)
2025-10-01 14:42:53 - Auto adjustments (symmetric): w_small≈1.000, lambda_MMD_target=0.150, warmup_epochs=5
2025-10-01 14:42:53 - Epoch 1/500 | LR=0.010000 | w_P3=1.000 | w_AVO=1.380 | lambda_MMD=0.030
2025-10-01 14:42:53 - Epoch Summary: TrainLoss=1.6842 | TrainAcc=0.558 | Val(P3)=0.537 | Val(AVO)=0.660
2025-10-01 14:42:53 - New best AVO-val; checkpoint updated
2025-10-01 14:42:53 - Epoch 2/500 | LR=0.010000 | w_P3=1.000 | w_AVO=1.760 | lambda_MMD=0.060
2025-10-01 14:42:53 - Epoch Summary: TrainLoss=1.8647 | TrainAcc=0.590 | Val(P3)=0.644 | Val(AVO)=0.640
2025-10-01 14:42:53 - No AVO-val improvement; patience remaining: 49/50
2025-10-01 14:42:53 - Epoch 3/500 | LR=0.010000 | w_P3=1.000 | w_AVO=2.139 | lambda_MMD=0.090
2025-10-01 14:42:53 - Epoch Summary: TrainLoss=2.1044 | TrainAcc=0.603 | Val(P3)=0.589 | Val(AVO)=0.440
2025-10-01 14:42:53 - No AVO-val improvement; patience remaining: 48/50
2025-10-01 14:42:53 - AVO val decreasing 3x. Reducing w_small to 2.015, lambda_MMD to 0.060
2025-10-01 14:42:53 - Epoch 4/500 | LR=0.009999 | w_P3=1.000 | w_AVO=2.015 | lambda_MMD=0.060
2025-10-01 14:42:53 - Epoch Summary: TrainLoss=1.9916 | TrainAcc=0.615 | Val(P3)=0.641 | Val(AVO)=0.580
2025-10-01 14:42:53 - No AVO-val improvement; patience remaining: 47/50
2025-10-01 14:42:53 - Epoch 5/500 | LR=0.009998 | w_P3=1.000 | w_AVO=2.899 | lambda_MMD=0.150
2025-10-01 14:42:53 - Epoch Summary: TrainLoss=2.5204 | TrainAcc=0.616 | Val(P3)=0.592 | Val(AVO)=0.600
2025-10-01 14:42:53 - No AVO-val improvement; patience remaining: 46/50
2025-10-01 14:42:53 - Epoch 6/500 | LR=0.009998 | w_P3=1.000 | w_AVO=2.899 | lambda_MMD=0.150
2025-10-01 14:42:54 - Epoch Summary: TrainLoss=2.4371 | TrainAcc=0.603 | Val(P3)=0.621 | Val(AVO)=0.680
2025-10-01 14:42:54 - New best AVO-val; checkpoint updated
2025-10-01 14:42:54 - Epoch 7/500 | LR=0.009996 | w_P3=1.000 | w_AVO=2.899 | lambda_MMD=0.150
2025-10-01 14:42:54 - Epoch Summary: TrainLoss=2.4413 | TrainAcc=0.601 | Val(P3)=0.592 | Val(AVO)=0.620
2025-10-01 14:42:54 - No AVO-val improvement; patience remaining: 49/50
2025-10-01 14:42:54 - Epoch 8/500 | LR=0.009995 | w_P3=1.000 | w_AVO=2.899 | lambda_MMD=0.150
2025-10-01 14:42:54 - Epoch Summary: TrainLoss=2.3477 | TrainAcc=0.603 | Val(P3)=0.602 | Val(AVO)=0.620
2025-10-01 14:42:54 - No AVO-val improvement; patience remaining: 48/50
2025-10-01 14:42:54 - Epoch 9/500 | LR=0.009994 | w_P3=1.000 | w_AVO=2.899 | lambda_MMD=0.150
2025-10-01 14:42:54 - Epoch Summary: TrainLoss=2.3264 | TrainAcc=0.618 | Val(P3)=0.608 | Val(AVO)=0.580
2025-10-01 14:42:54 - No AVO-val improvement; patience remaining: 47/50
2025-10-01 14:42:54 - Epoch 10/500 | LR=0.009992 | w_P3=1.000 | w_AVO=2.899 | lambda_MMD=0.150
2025-10-01 14:42:54 - Epoch Summary: TrainLoss=2.2819 | TrainAcc=0.606 | Val(P3)=0.592 | Val(AVO)=0.560
2025-10-01 14:42:54 - No AVO-val improvement; patience remaining: 46/50
2025-10-01 14:42:54 - AVO val decreasing 3x. Reducing w_small to 2.319, lambda_MMD to 0.075
2025-10-01 14:42:54 - Epoch 11/500 | LR=0.009990 | w_P3=1.000 | w_AVO=2.319 | lambda_MMD=0.075
2025-10-01 14:42:54 - Epoch Summary: TrainLoss=1.9282 | TrainAcc=0.607 | Val(P3)=0.557 | Val(AVO)=0.680
2025-10-01 14:42:54 - No AVO-val improvement; patience remaining: 45/50
2025-10-01 14:42:54 - P3 val decreasing 3x. Reducing lambda_MMD to 0.105
2025-10-01 14:42:54 - Epoch 12/500 | LR=0.009988 | w_P3=1.000 | w_AVO=2.899 | lambda_MMD=0.105
2025-10-01 14:42:54 - Epoch Summary: TrainLoss=2.3076 | TrainAcc=0.606 | Val(P3)=0.570 | Val(AVO)=0.520
2025-10-01 14:42:54 - No AVO-val improvement; patience remaining: 44/50
2025-10-01 14:42:54 - Epoch 13/500 | LR=0.009986 | w_P3=1.000 | w_AVO=2.899 | lambda_MMD=0.150
2025-10-01 14:42:54 - Epoch Summary: TrainLoss=2.1847 | TrainAcc=0.613 | Val(P3)=0.573 | Val(AVO)=0.660
2025-10-01 14:42:54 - No AVO-val improvement; patience remaining: 43/50
2025-10-01 14:42:54 - Epoch 14/500 | LR=0.009983 | w_P3=1.000 | w_AVO=2.899 | lambda_MMD=0.150
2025-10-01 14:42:55 - Epoch Summary: TrainLoss=2.2118 | TrainAcc=0.607 | Val(P3)=0.576 | Val(AVO)=0.660
2025-10-01 14:42:55 - No AVO-val improvement; patience remaining: 42/50
2025-10-01 14:42:55 - Epoch 15/500 | LR=0.009981 | w_P3=1.000 | w_AVO=2.899 | lambda_MMD=0.150
2025-10-01 14:42:55 - Epoch Summary: TrainLoss=2.0812 | TrainAcc=0.617 | Val(P3)=0.550 | Val(AVO)=0.580
2025-10-01 14:42:55 - No AVO-val improvement; patience remaining: 41/50
2025-10-01 14:42:55 - Epoch 16/500 | LR=0.009978 | w_P3=1.000 | w_AVO=2.899 | lambda_MMD=0.150
2025-10-01 14:42:55 - Epoch Summary: TrainLoss=2.1881 | TrainAcc=0.609 | Val(P3)=0.553 | Val(AVO)=0.580
2025-10-01 14:42:55 - No AVO-val improvement; patience remaining: 40/50
2025-10-01 14:42:55 - Epoch 17/500 | LR=0.009975 | w_P3=1.000 | w_AVO=2.899 | lambda_MMD=0.150
2025-10-01 14:42:55 - Epoch Summary: TrainLoss=2.0580 | TrainAcc=0.611 | Val(P3)=0.534 | Val(AVO)=0.540
2025-10-01 14:42:55 - No AVO-val improvement; patience remaining: 39/50
2025-10-01 14:42:55 - Epoch 18/500 | LR=0.009972 | w_P3=1.000 | w_AVO=2.899 | lambda_MMD=0.150
2025-10-01 14:42:55 - Epoch Summary: TrainLoss=2.0791 | TrainAcc=0.607 | Val(P3)=0.521 | Val(AVO)=0.580
2025-10-01 14:42:55 - No AVO-val improvement; patience remaining: 38/50
2025-10-01 14:42:55 - P3 val decreasing 3x. Reducing lambda_MMD to 0.105
2025-10-01 14:42:55 - Epoch 19/500 | LR=0.009968 | w_P3=1.000 | w_AVO=2.899 | lambda_MMD=0.105
2025-10-01 14:42:55 - Epoch Summary: TrainLoss=2.0180 | TrainAcc=0.602 | Val(P3)=0.563 | Val(AVO)=0.660
2025-10-01 14:42:55 - No AVO-val improvement; patience remaining: 37/50
2025-10-01 14:42:55 - Epoch 20/500 | LR=0.009964 | w_P3=1.000 | w_AVO=2.899 | lambda_MMD=0.150
2025-10-01 14:42:55 - Epoch Summary: TrainLoss=1.9535 | TrainAcc=0.609 | Val(P3)=0.537 | Val(AVO)=0.520
2025-10-01 14:42:55 - No AVO-val improvement; patience remaining: 36/50
2025-10-01 14:42:55 - Epoch 21/500 | LR=0.009961 | w_P3=1.000 | w_AVO=2.899 | lambda_MMD=0.150
2025-10-01 14:42:55 - Epoch Summary: TrainLoss=1.9423 | TrainAcc=0.617 | Val(P3)=0.560 | Val(AVO)=0.580
2025-10-01 14:42:55 - No AVO-val improvement; patience remaining: 35/50
2025-10-01 14:42:55 - Epoch 22/500 | LR=0.009957 | w_P3=1.000 | w_AVO=2.899 | lambda_MMD=0.150
2025-10-01 14:42:56 - Epoch Summary: TrainLoss=1.9278 | TrainAcc=0.607 | Val(P3)=0.576 | Val(AVO)=0.620
2025-10-01 14:42:56 - No AVO-val improvement; patience remaining: 34/50
2025-10-01 14:42:56 - Epoch 23/500 | LR=0.009952 | w_P3=1.000 | w_AVO=2.899 | lambda_MMD=0.150
2025-10-01 14:42:56 - Epoch Summary: TrainLoss=2.0035 | TrainAcc=0.617 | Val(P3)=0.579 | Val(AVO)=0.660
2025-10-01 14:42:56 - No AVO-val improvement; patience remaining: 33/50
2025-10-01 14:42:56 - Epoch 24/500 | LR=0.009948 | w_P3=1.000 | w_AVO=2.899 | lambda_MMD=0.150
2025-10-01 14:42:56 - Epoch Summary: TrainLoss=1.9204 | TrainAcc=0.612 | Val(P3)=0.534 | Val(AVO)=0.640
2025-10-01 14:42:56 - No AVO-val improvement; patience remaining: 32/50
2025-10-01 14:42:56 - Epoch 25/500 | LR=0.009943 | w_P3=1.000 | w_AVO=2.899 | lambda_MMD=0.150
2025-10-01 14:42:56 - Epoch Summary: TrainLoss=1.8842 | TrainAcc=0.616 | Val(P3)=0.537 | Val(AVO)=0.600
2025-10-01 14:42:56 - No AVO-val improvement; patience remaining: 31/50
2025-10-01 14:42:56 - AVO val decreasing 3x. Reducing w_small to 2.319, lambda_MMD to 0.075
2025-10-01 14:42:56 - Epoch 26/500 | LR=0.009938 | w_P3=1.000 | w_AVO=2.319 | lambda_MMD=0.075
2025-10-01 14:42:56 - Epoch Summary: TrainLoss=1.5837 | TrainAcc=0.617 | Val(P3)=0.540 | Val(AVO)=0.560
2025-10-01 14:42:56 - No AVO-val improvement; patience remaining: 30/50
2025-10-01 14:42:56 - AVO val decreasing 3x. Reducing w_small to 2.319, lambda_MMD to 0.075
2025-10-01 14:42:56 - Epoch 27/500 | LR=0.009933 | w_P3=1.000 | w_AVO=2.319 | lambda_MMD=0.075
2025-10-01 14:42:56 - Epoch Summary: TrainLoss=1.5488 | TrainAcc=0.627 | Val(P3)=0.540 | Val(AVO)=0.460
2025-10-01 14:42:56 - No AVO-val improvement; patience remaining: 29/50
2025-10-01 14:42:56 - AVO val decreasing 3x. Reducing w_small to 2.319, lambda_MMD to 0.075
2025-10-01 14:42:56 - Epoch 28/500 | LR=0.009928 | w_P3=1.000 | w_AVO=2.319 | lambda_MMD=0.075
2025-10-01 14:42:57 - Epoch Summary: TrainLoss=1.5399 | TrainAcc=0.627 | Val(P3)=0.553 | Val(AVO)=0.600
2025-10-01 14:42:57 - No AVO-val improvement; patience remaining: 28/50
2025-10-01 14:42:57 - Epoch 29/500 | LR=0.009923 | w_P3=1.000 | w_AVO=2.899 | lambda_MMD=0.150
2025-10-01 14:42:57 - Epoch Summary: TrainLoss=1.6411 | TrainAcc=0.628 | Val(P3)=0.544 | Val(AVO)=0.600
2025-10-01 14:42:57 - No AVO-val improvement; patience remaining: 27/50
2025-10-01 14:42:57 - Epoch 30/500 | LR=0.009917 | w_P3=1.000 | w_AVO=2.899 | lambda_MMD=0.150
2025-10-01 14:42:57 - Epoch Summary: TrainLoss=1.7584 | TrainAcc=0.625 | Val(P3)=0.515 | Val(AVO)=0.440
2025-10-01 14:42:57 - No AVO-val improvement; patience remaining: 26/50
2025-10-01 14:42:57 - P3 val decreasing 3x. Reducing lambda_MMD to 0.105
2025-10-01 14:42:57 - Epoch 31/500 | LR=0.009911 | w_P3=1.000 | w_AVO=2.899 | lambda_MMD=0.105
2025-10-01 14:42:57 - Epoch Summary: TrainLoss=1.7218 | TrainAcc=0.623 | Val(P3)=0.537 | Val(AVO)=0.600
2025-10-01 14:42:57 - No AVO-val improvement; patience remaining: 25/50
2025-10-01 14:42:57 - Epoch 32/500 | LR=0.009905 | w_P3=1.000 | w_AVO=2.899 | lambda_MMD=0.150
2025-10-01 14:42:57 - Epoch Summary: TrainLoss=1.7390 | TrainAcc=0.623 | Val(P3)=0.579 | Val(AVO)=0.640
2025-10-01 14:42:57 - No AVO-val improvement; patience remaining: 24/50
2025-10-01 14:42:57 - Epoch 33/500 | LR=0.009899 | w_P3=1.000 | w_AVO=2.899 | lambda_MMD=0.150
2025-10-01 14:42:57 - Epoch Summary: TrainLoss=1.6089 | TrainAcc=0.634 | Val(P3)=0.573 | Val(AVO)=0.640
2025-10-01 14:42:57 - No AVO-val improvement; patience remaining: 23/50
2025-10-01 14:42:57 - Epoch 34/500 | LR=0.009893 | w_P3=1.000 | w_AVO=2.899 | lambda_MMD=0.150
2025-10-01 14:42:57 - Epoch Summary: TrainLoss=1.6467 | TrainAcc=0.639 | Val(P3)=0.547 | Val(AVO)=0.520
2025-10-01 14:42:57 - No AVO-val improvement; patience remaining: 22/50
2025-10-01 14:42:57 - P3 val decreasing 3x. Reducing lambda_MMD to 0.105
2025-10-01 14:42:57 - Epoch 35/500 | LR=0.009886 | w_P3=1.000 | w_AVO=2.899 | lambda_MMD=0.105
2025-10-01 14:42:58 - Epoch Summary: TrainLoss=1.5894 | TrainAcc=0.632 | Val(P3)=0.540 | Val(AVO)=0.600
2025-10-01 14:42:58 - No AVO-val improvement; patience remaining: 21/50
2025-10-01 14:42:58 - P3 val decreasing 3x. Reducing lambda_MMD to 0.105
2025-10-01 14:42:58 - Epoch 36/500 | LR=0.009880 | w_P3=1.000 | w_AVO=2.899 | lambda_MMD=0.105
2025-10-01 14:42:58 - Epoch Summary: TrainLoss=1.5544 | TrainAcc=0.633 | Val(P3)=0.557 | Val(AVO)=0.680
2025-10-01 14:42:58 - No AVO-val improvement; patience remaining: 20/50
2025-10-01 14:42:58 - Epoch 37/500 | LR=0.009873 | w_P3=1.000 | w_AVO=2.899 | lambda_MMD=0.150
2025-10-01 14:42:58 - Epoch Summary: TrainLoss=1.5181 | TrainAcc=0.630 | Val(P3)=0.550 | Val(AVO)=0.580
2025-10-01 14:42:58 - No AVO-val improvement; patience remaining: 19/50
2025-10-01 14:42:58 - Epoch 38/500 | LR=0.009865 | w_P3=1.000 | w_AVO=2.899 | lambda_MMD=0.150
2025-10-01 14:42:58 - Epoch Summary: TrainLoss=1.4759 | TrainAcc=0.647 | Val(P3)=0.566 | Val(AVO)=0.680
2025-10-01 14:42:58 - No AVO-val improvement; patience remaining: 18/50
2025-10-01 14:42:58 - Epoch 39/500 | LR=0.009858 | w_P3=1.000 | w_AVO=2.899 | lambda_MMD=0.150
2025-10-01 14:42:58 - Epoch Summary: TrainLoss=1.5431 | TrainAcc=0.641 | Val(P3)=0.570 | Val(AVO)=0.620
2025-10-01 14:42:58 - No AVO-val improvement; patience remaining: 17/50
2025-10-01 14:42:58 - Epoch 40/500 | LR=0.009851 | w_P3=1.000 | w_AVO=2.899 | lambda_MMD=0.150
2025-10-01 14:42:58 - Epoch Summary: TrainLoss=1.4981 | TrainAcc=0.638 | Val(P3)=0.589 | Val(AVO)=0.620
2025-10-01 14:42:58 - No AVO-val improvement; patience remaining: 16/50
2025-10-01 14:42:58 - Epoch 41/500 | LR=0.009843 | w_P3=1.000 | w_AVO=2.899 | lambda_MMD=0.150
2025-10-01 14:42:58 - Epoch Summary: TrainLoss=1.5296 | TrainAcc=0.639 | Val(P3)=0.557 | Val(AVO)=0.620
2025-10-01 14:42:58 - No AVO-val improvement; patience remaining: 15/50
2025-10-01 14:42:58 - Epoch 42/500 | LR=0.009835 | w_P3=1.000 | w_AVO=2.899 | lambda_MMD=0.150
2025-10-01 14:42:59 - Epoch Summary: TrainLoss=1.4153 | TrainAcc=0.639 | Val(P3)=0.521 | Val(AVO)=0.440
2025-10-01 14:42:59 - No AVO-val improvement; patience remaining: 14/50
2025-10-01 14:42:59 - P3 val decreasing 3x. Reducing lambda_MMD to 0.105
2025-10-01 14:42:59 - Epoch 43/500 | LR=0.009827 | w_P3=1.000 | w_AVO=2.899 | lambda_MMD=0.105
2025-10-01 14:42:59 - Epoch Summary: TrainLoss=1.5005 | TrainAcc=0.636 | Val(P3)=0.540 | Val(AVO)=0.600
2025-10-01 14:42:59 - No AVO-val improvement; patience remaining: 13/50
2025-10-01 14:42:59 - Epoch 44/500 | LR=0.009819 | w_P3=1.000 | w_AVO=2.899 | lambda_MMD=0.150
2025-10-01 14:42:59 - Epoch Summary: TrainLoss=1.4237 | TrainAcc=0.639 | Val(P3)=0.547 | Val(AVO)=0.580
2025-10-01 14:42:59 - No AVO-val improvement; patience remaining: 12/50
2025-10-01 14:42:59 - Epoch 45/500 | LR=0.009810 | w_P3=1.000 | w_AVO=2.899 | lambda_MMD=0.150
2025-10-01 14:42:59 - Epoch Summary: TrainLoss=1.3940 | TrainAcc=0.646 | Val(P3)=0.534 | Val(AVO)=0.600
2025-10-01 14:42:59 - No AVO-val improvement; patience remaining: 11/50
2025-10-01 14:42:59 - Epoch 46/500 | LR=0.009801 | w_P3=1.000 | w_AVO=2.899 | lambda_MMD=0.150
2025-10-01 14:42:59 - Epoch Summary: TrainLoss=1.3115 | TrainAcc=0.651 | Val(P3)=0.534 | Val(AVO)=0.640
2025-10-01 14:42:59 - No AVO-val improvement; patience remaining: 10/50
2025-10-01 14:42:59 - Epoch 47/500 | LR=0.009793 | w_P3=1.000 | w_AVO=2.899 | lambda_MMD=0.150
2025-10-01 14:42:59 - Epoch Summary: TrainLoss=1.4169 | TrainAcc=0.644 | Val(P3)=0.540 | Val(AVO)=0.540
2025-10-01 14:42:59 - No AVO-val improvement; patience remaining: 9/50
2025-10-01 14:42:59 - Epoch 48/500 | LR=0.009784 | w_P3=1.000 | w_AVO=2.899 | lambda_MMD=0.150
2025-10-01 14:43:00 - Epoch Summary: TrainLoss=1.3021 | TrainAcc=0.640 | Val(P3)=0.553 | Val(AVO)=0.620
2025-10-01 14:43:00 - No AVO-val improvement; patience remaining: 8/50
2025-10-01 14:43:00 - Epoch 49/500 | LR=0.009774 | w_P3=1.000 | w_AVO=2.899 | lambda_MMD=0.150
2025-10-01 14:43:00 - Epoch Summary: TrainLoss=1.2875 | TrainAcc=0.639 | Val(P3)=0.579 | Val(AVO)=0.540
2025-10-01 14:43:00 - No AVO-val improvement; patience remaining: 7/50
2025-10-01 14:43:00 - Epoch 50/500 | LR=0.009765 | w_P3=1.000 | w_AVO=2.899 | lambda_MMD=0.150
2025-10-01 14:43:00 - Epoch Summary: TrainLoss=1.2769 | TrainAcc=0.648 | Val(P3)=0.589 | Val(AVO)=0.620
2025-10-01 14:43:00 - No AVO-val improvement; patience remaining: 6/50
2025-10-01 14:43:00 - Epoch 51/500 | LR=0.009755 | w_P3=1.000 | w_AVO=2.899 | lambda_MMD=0.150
2025-10-01 14:43:00 - Epoch Summary: TrainLoss=1.2766 | TrainAcc=0.641 | Val(P3)=0.589 | Val(AVO)=0.640
2025-10-01 14:43:00 - No AVO-val improvement; patience remaining: 5/50
2025-10-01 14:43:00 - Epoch 52/500 | LR=0.009745 | w_P3=1.000 | w_AVO=2.899 | lambda_MMD=0.150
2025-10-01 14:43:00 - Epoch Summary: TrainLoss=1.2915 | TrainAcc=0.633 | Val(P3)=0.547 | Val(AVO)=0.600
2025-10-01 14:43:00 - No AVO-val improvement; patience remaining: 4/50
2025-10-01 14:43:00 - Epoch 53/500 | LR=0.009735 | w_P3=1.000 | w_AVO=2.899 | lambda_MMD=0.150
2025-10-01 14:43:00 - Epoch Summary: TrainLoss=1.2521 | TrainAcc=0.647 | Val(P3)=0.599 | Val(AVO)=0.600
2025-10-01 14:43:00 - No AVO-val improvement; patience remaining: 3/50
2025-10-01 14:43:00 - Epoch 54/500 | LR=0.009725 | w_P3=1.000 | w_AVO=2.899 | lambda_MMD=0.150
2025-10-01 14:43:00 - Epoch Summary: TrainLoss=1.2234 | TrainAcc=0.644 | Val(P3)=0.586 | Val(AVO)=0.640
2025-10-01 14:43:00 - No AVO-val improvement; patience remaining: 2/50
2025-10-01 14:43:00 - Epoch 55/500 | LR=0.009715 | w_P3=1.000 | w_AVO=2.899 | lambda_MMD=0.150
2025-10-01 14:43:01 - Epoch Summary: TrainLoss=1.1751 | TrainAcc=0.650 | Val(P3)=0.557 | Val(AVO)=0.660
2025-10-01 14:43:01 - No AVO-val improvement; patience remaining: 1/50
2025-10-01 14:43:01 - P3 val decreasing 3x. Reducing lambda_MMD to 0.105
2025-10-01 14:43:01 - Epoch 56/500 | LR=0.009704 | w_P3=1.000 | w_AVO=2.899 | lambda_MMD=0.105
2025-10-01 14:43:01 - Epoch Summary: TrainLoss=1.1444 | TrainAcc=0.650 | Val(P3)=0.560 | Val(AVO)=0.600
2025-10-01 14:43:01 - No AVO-val improvement; patience remaining: 0/50
2025-10-01 14:43:01 - Early stopping triggered (AVO-val)
2025-10-01 14:43:01 -     P3 Test | Acc=0.5449 P=0.6750 R=0.1703 F1=0.2720 AUC=0.5789 (n=635)
2025-10-01 14:43:01 -     AVO Test | Acc=0.6627 P=0.6750 R=0.6429 F1=0.6585 AUC=0.7538 (n=83)
2025-10-01 14:43:01 -     Overall Test Acc=0.5585
2025-10-01 14:43:01 -   Fold 2/5
2025-10-01 14:43:01 - Fold domains: small=AVO (n=281), large=P3 (n=2230)
2025-10-01 14:43:01 - Auto adjustments (symmetric): w_small≈1.000, lambda_MMD_target=0.150, warmup_epochs=5
2025-10-01 14:43:01 - Epoch 1/500 | LR=0.010000 | w_P3=1.000 | w_AVO=1.363 | lambda_MMD=0.030
2025-10-01 14:43:01 - Epoch Summary: TrainLoss=1.6510 | TrainAcc=0.573 | Val(P3)=0.582 | Val(AVO)=0.604
2025-10-01 14:43:01 - New best AVO-val; checkpoint updated
2025-10-01 14:43:01 - Epoch 2/500 | LR=0.010000 | w_P3=1.000 | w_AVO=1.727 | lambda_MMD=0.060
2025-10-01 14:43:01 - Epoch Summary: TrainLoss=1.7448 | TrainAcc=0.611 | Val(P3)=0.598 | Val(AVO)=0.604
2025-10-01 14:43:01 - No AVO-val improvement; patience remaining: 49/50
2025-10-01 14:43:01 - Epoch 3/500 | LR=0.010000 | w_P3=1.000 | w_AVO=2.090 | lambda_MMD=0.090
2025-10-01 14:43:01 - Epoch Summary: TrainLoss=1.9852 | TrainAcc=0.621 | Val(P3)=0.556 | Val(AVO)=0.604
2025-10-01 14:43:01 - No AVO-val improvement; patience remaining: 48/50
2025-10-01 14:43:01 - Epoch 4/500 | LR=0.009999 | w_P3=1.000 | w_AVO=2.454 | lambda_MMD=0.120
2025-10-01 14:43:01 - Epoch Summary: TrainLoss=2.1633 | TrainAcc=0.624 | Val(P3)=0.572 | Val(AVO)=0.604
2025-10-01 14:43:01 - No AVO-val improvement; patience remaining: 47/50
2025-10-01 14:43:01 - Epoch 5/500 | LR=0.009998 | w_P3=1.000 | w_AVO=2.817 | lambda_MMD=0.150
2025-10-01 14:43:02 - Epoch Summary: TrainLoss=2.3805 | TrainAcc=0.614 | Val(P3)=0.572 | Val(AVO)=0.623
2025-10-01 14:43:02 - New best AVO-val; checkpoint updated
2025-10-01 14:43:02 - Epoch 6/500 | LR=0.009998 | w_P3=1.000 | w_AVO=2.817 | lambda_MMD=0.150
2025-10-01 14:43:02 - Epoch Summary: TrainLoss=2.3068 | TrainAcc=0.625 | Val(P3)=0.605 | Val(AVO)=0.717
2025-10-01 14:43:02 - New best AVO-val; checkpoint updated
2025-10-01 14:43:02 - Epoch 7/500 | LR=0.009996 | w_P3=1.000 | w_AVO=2.817 | lambda_MMD=0.150
2025-10-01 14:43:02 - Epoch Summary: TrainLoss=2.3243 | TrainAcc=0.632 | Val(P3)=0.582 | Val(AVO)=0.604
2025-10-01 14:43:02 - No AVO-val improvement; patience remaining: 49/50
2025-10-01 14:43:02 - Epoch 8/500 | LR=0.009995 | w_P3=1.000 | w_AVO=2.817 | lambda_MMD=0.150
2025-10-01 14:43:02 - Epoch Summary: TrainLoss=2.2552 | TrainAcc=0.619 | Val(P3)=0.601 | Val(AVO)=0.642
2025-10-01 14:43:02 - No AVO-val improvement; patience remaining: 48/50
2025-10-01 14:43:02 - Epoch 9/500 | LR=0.009994 | w_P3=1.000 | w_AVO=2.817 | lambda_MMD=0.150
2025-10-01 14:43:02 - Epoch Summary: TrainLoss=2.1926 | TrainAcc=0.631 | Val(P3)=0.575 | Val(AVO)=0.660
2025-10-01 14:43:02 - No AVO-val improvement; patience remaining: 47/50
2025-10-01 14:43:02 - Epoch 10/500 | LR=0.009992 | w_P3=1.000 | w_AVO=2.817 | lambda_MMD=0.150
2025-10-01 14:43:02 - Epoch Summary: TrainLoss=2.1515 | TrainAcc=0.635 | Val(P3)=0.605 | Val(AVO)=0.660
2025-10-01 14:43:02 - No AVO-val improvement; patience remaining: 46/50
2025-10-01 14:43:02 - Epoch 11/500 | LR=0.009990 | w_P3=1.000 | w_AVO=2.817 | lambda_MMD=0.150
2025-10-01 14:43:02 - Epoch Summary: TrainLoss=2.1363 | TrainAcc=0.622 | Val(P3)=0.618 | Val(AVO)=0.623
2025-10-01 14:43:02 - No AVO-val improvement; patience remaining: 45/50
2025-10-01 14:43:02 - Epoch 12/500 | LR=0.009988 | w_P3=1.000 | w_AVO=2.817 | lambda_MMD=0.150
2025-10-01 14:43:02 - Epoch Summary: TrainLoss=2.1005 | TrainAcc=0.634 | Val(P3)=0.601 | Val(AVO)=0.566
2025-10-01 14:43:02 - No AVO-val improvement; patience remaining: 44/50
2025-10-01 14:43:02 - AVO val decreasing 3x. Reducing w_small to 2.254, lambda_MMD to 0.075
2025-10-01 14:43:02 - Epoch 13/500 | LR=0.009986 | w_P3=1.000 | w_AVO=2.254 | lambda_MMD=0.075
2025-10-01 14:43:03 - Epoch Summary: TrainLoss=1.7432 | TrainAcc=0.644 | Val(P3)=0.598 | Val(AVO)=0.566
2025-10-01 14:43:03 - No AVO-val improvement; patience remaining: 43/50
2025-10-01 14:43:03 - P3 val decreasing 3x. Reducing lambda_MMD to 0.105
2025-10-01 14:43:03 - Epoch 14/500 | LR=0.009983 | w_P3=1.000 | w_AVO=2.817 | lambda_MMD=0.105
2025-10-01 14:43:03 - Epoch Summary: TrainLoss=1.9901 | TrainAcc=0.638 | Val(P3)=0.611 | Val(AVO)=0.585
2025-10-01 14:43:03 - No AVO-val improvement; patience remaining: 42/50
2025-10-01 14:43:03 - Epoch 15/500 | LR=0.009981 | w_P3=1.000 | w_AVO=2.817 | lambda_MMD=0.150
2025-10-01 14:43:03 - Epoch Summary: TrainLoss=2.0363 | TrainAcc=0.638 | Val(P3)=0.601 | Val(AVO)=0.547
2025-10-01 14:43:03 - No AVO-val improvement; patience remaining: 41/50
2025-10-01 14:43:03 - Epoch 16/500 | LR=0.009978 | w_P3=1.000 | w_AVO=2.817 | lambda_MMD=0.150
2025-10-01 14:43:03 - Epoch Summary: TrainLoss=1.9463 | TrainAcc=0.630 | Val(P3)=0.608 | Val(AVO)=0.642
2025-10-01 14:43:03 - No AVO-val improvement; patience remaining: 40/50
2025-10-01 14:43:03 - Epoch 17/500 | LR=0.009975 | w_P3=1.000 | w_AVO=2.817 | lambda_MMD=0.150
2025-10-01 14:43:03 - Epoch Summary: TrainLoss=1.8531 | TrainAcc=0.644 | Val(P3)=0.614 | Val(AVO)=0.698
2025-10-01 14:43:03 - No AVO-val improvement; patience remaining: 39/50
2025-10-01 14:43:03 - Epoch 18/500 | LR=0.009972 | w_P3=1.000 | w_AVO=2.817 | lambda_MMD=0.150
2025-10-01 14:43:03 - Epoch Summary: TrainLoss=1.8670 | TrainAcc=0.652 | Val(P3)=0.592 | Val(AVO)=0.698
2025-10-01 14:43:03 - No AVO-val improvement; patience remaining: 38/50
2025-10-01 14:43:03 - Epoch 19/500 | LR=0.009968 | w_P3=1.000 | w_AVO=2.817 | lambda_MMD=0.150
2025-10-01 14:43:03 - Epoch Summary: TrainLoss=1.8435 | TrainAcc=0.644 | Val(P3)=0.569 | Val(AVO)=0.604
2025-10-01 14:43:03 - No AVO-val improvement; patience remaining: 37/50
2025-10-01 14:43:03 - P3 val decreasing 3x. Reducing lambda_MMD to 0.105
2025-10-01 14:43:03 - Epoch 20/500 | LR=0.009964 | w_P3=1.000 | w_AVO=2.817 | lambda_MMD=0.105
2025-10-01 14:43:03 - Epoch Summary: TrainLoss=1.7587 | TrainAcc=0.637 | Val(P3)=0.601 | Val(AVO)=0.679
2025-10-01 14:43:03 - No AVO-val improvement; patience remaining: 36/50
2025-10-01 14:43:03 - Epoch 21/500 | LR=0.009961 | w_P3=1.000 | w_AVO=2.817 | lambda_MMD=0.150
2025-10-01 14:43:04 - Epoch Summary: TrainLoss=1.7594 | TrainAcc=0.639 | Val(P3)=0.578 | Val(AVO)=0.585
2025-10-01 14:43:04 - No AVO-val improvement; patience remaining: 35/50
2025-10-01 14:43:04 - Epoch 22/500 | LR=0.009957 | w_P3=1.000 | w_AVO=2.817 | lambda_MMD=0.150
2025-10-01 14:43:04 - Epoch Summary: TrainLoss=1.7028 | TrainAcc=0.641 | Val(P3)=0.605 | Val(AVO)=0.698
2025-10-01 14:43:04 - No AVO-val improvement; patience remaining: 34/50
2025-10-01 14:43:04 - Epoch 23/500 | LR=0.009952 | w_P3=1.000 | w_AVO=2.817 | lambda_MMD=0.150
2025-10-01 14:43:04 - Epoch Summary: TrainLoss=1.7036 | TrainAcc=0.643 | Val(P3)=0.569 | Val(AVO)=0.604
2025-10-01 14:43:04 - No AVO-val improvement; patience remaining: 33/50
2025-10-01 14:43:04 - Epoch 24/500 | LR=0.009948 | w_P3=1.000 | w_AVO=2.817 | lambda_MMD=0.150
2025-10-01 14:43:04 - Epoch Summary: TrainLoss=1.6164 | TrainAcc=0.652 | Val(P3)=0.565 | Val(AVO)=0.585
2025-10-01 14:43:04 - No AVO-val improvement; patience remaining: 32/50
2025-10-01 14:43:04 - AVO val decreasing 3x. Reducing w_small to 2.254, lambda_MMD to 0.075
2025-10-01 14:43:04 - P3 val decreasing 3x. Reducing lambda_MMD to 0.052
2025-10-01 14:43:04 - Epoch 25/500 | LR=0.009943 | w_P3=1.000 | w_AVO=2.254 | lambda_MMD=0.052
2025-10-01 14:43:04 - Epoch Summary: TrainLoss=1.4207 | TrainAcc=0.648 | Val(P3)=0.592 | Val(AVO)=0.679
2025-10-01 14:43:04 - No AVO-val improvement; patience remaining: 31/50
2025-10-01 14:43:04 - Epoch 26/500 | LR=0.009938 | w_P3=1.000 | w_AVO=2.817 | lambda_MMD=0.150
2025-10-01 14:43:04 - Epoch Summary: TrainLoss=1.6360 | TrainAcc=0.633 | Val(P3)=0.588 | Val(AVO)=0.566
2025-10-01 14:43:04 - No AVO-val improvement; patience remaining: 30/50
2025-10-01 14:43:04 - Epoch 27/500 | LR=0.009933 | w_P3=1.000 | w_AVO=2.817 | lambda_MMD=0.150
2025-10-01 14:43:04 - Epoch Summary: TrainLoss=1.5951 | TrainAcc=0.639 | Val(P3)=0.575 | Val(AVO)=0.585
2025-10-01 14:43:04 - No AVO-val improvement; patience remaining: 29/50
2025-10-01 14:43:04 - P3 val decreasing 3x. Reducing lambda_MMD to 0.105
2025-10-01 14:43:04 - Epoch 28/500 | LR=0.009928 | w_P3=1.000 | w_AVO=2.817 | lambda_MMD=0.105
2025-10-01 14:43:05 - Epoch Summary: TrainLoss=1.5297 | TrainAcc=0.652 | Val(P3)=0.575 | Val(AVO)=0.604
2025-10-01 14:43:05 - No AVO-val improvement; patience remaining: 28/50
2025-10-01 14:43:05 - Epoch 29/500 | LR=0.009923 | w_P3=1.000 | w_AVO=2.817 | lambda_MMD=0.150
2025-10-01 14:43:05 - Epoch Summary: TrainLoss=1.5016 | TrainAcc=0.649 | Val(P3)=0.578 | Val(AVO)=0.585
2025-10-01 14:43:05 - No AVO-val improvement; patience remaining: 27/50
2025-10-01 14:43:05 - Epoch 30/500 | LR=0.009917 | w_P3=1.000 | w_AVO=2.817 | lambda_MMD=0.150
2025-10-01 14:43:05 - Epoch Summary: TrainLoss=1.4784 | TrainAcc=0.657 | Val(P3)=0.575 | Val(AVO)=0.660
2025-10-01 14:43:05 - No AVO-val improvement; patience remaining: 26/50
2025-10-01 14:43:05 - Epoch 31/500 | LR=0.009911 | w_P3=1.000 | w_AVO=2.817 | lambda_MMD=0.150
2025-10-01 14:43:05 - Epoch Summary: TrainLoss=1.4351 | TrainAcc=0.654 | Val(P3)=0.562 | Val(AVO)=0.604
2025-10-01 14:43:05 - No AVO-val improvement; patience remaining: 25/50
2025-10-01 14:43:05 - P3 val decreasing 3x. Reducing lambda_MMD to 0.105
2025-10-01 14:43:05 - Epoch 32/500 | LR=0.009905 | w_P3=1.000 | w_AVO=2.817 | lambda_MMD=0.105
2025-10-01 14:43:05 - Epoch Summary: TrainLoss=1.4242 | TrainAcc=0.657 | Val(P3)=0.578 | Val(AVO)=0.642
2025-10-01 14:43:05 - No AVO-val improvement; patience remaining: 24/50
2025-10-01 14:43:05 - Epoch 33/500 | LR=0.009899 | w_P3=1.000 | w_AVO=2.817 | lambda_MMD=0.150
2025-10-01 14:43:05 - Epoch Summary: TrainLoss=1.3935 | TrainAcc=0.658 | Val(P3)=0.588 | Val(AVO)=0.623
2025-10-01 14:43:05 - No AVO-val improvement; patience remaining: 23/50
2025-10-01 14:43:05 - Epoch 34/500 | LR=0.009893 | w_P3=1.000 | w_AVO=2.817 | lambda_MMD=0.150
2025-10-01 14:43:05 - Epoch Summary: TrainLoss=1.3585 | TrainAcc=0.657 | Val(P3)=0.565 | Val(AVO)=0.585
2025-10-01 14:43:05 - No AVO-val improvement; patience remaining: 22/50
2025-10-01 14:43:05 - AVO val decreasing 3x. Reducing w_small to 2.254, lambda_MMD to 0.075
2025-10-01 14:43:05 - Epoch 35/500 | LR=0.009886 | w_P3=1.000 | w_AVO=2.254 | lambda_MMD=0.075
2025-10-01 14:43:05 - Epoch Summary: TrainLoss=1.1473 | TrainAcc=0.672 | Val(P3)=0.546 | Val(AVO)=0.623
2025-10-01 14:43:05 - No AVO-val improvement; patience remaining: 21/50
2025-10-01 14:43:05 - P3 val decreasing 3x. Reducing lambda_MMD to 0.105
2025-10-01 14:43:05 - Epoch 36/500 | LR=0.009880 | w_P3=1.000 | w_AVO=2.817 | lambda_MMD=0.105
2025-10-01 14:43:06 - Epoch Summary: TrainLoss=1.3133 | TrainAcc=0.667 | Val(P3)=0.575 | Val(AVO)=0.604
2025-10-01 14:43:06 - No AVO-val improvement; patience remaining: 20/50
2025-10-01 14:43:06 - Epoch 37/500 | LR=0.009873 | w_P3=1.000 | w_AVO=2.817 | lambda_MMD=0.150
2025-10-01 14:43:06 - Epoch Summary: TrainLoss=1.2896 | TrainAcc=0.657 | Val(P3)=0.572 | Val(AVO)=0.604
2025-10-01 14:43:06 - No AVO-val improvement; patience remaining: 19/50
2025-10-01 14:43:06 - Epoch 38/500 | LR=0.009865 | w_P3=1.000 | w_AVO=2.817 | lambda_MMD=0.150
2025-10-01 14:43:06 - Epoch Summary: TrainLoss=1.2637 | TrainAcc=0.672 | Val(P3)=0.552 | Val(AVO)=0.717
2025-10-01 14:43:06 - No AVO-val improvement; patience remaining: 18/50
2025-10-01 14:43:06 - P3 val decreasing 3x. Reducing lambda_MMD to 0.105
2025-10-01 14:43:06 - Epoch 39/500 | LR=0.009858 | w_P3=1.000 | w_AVO=2.817 | lambda_MMD=0.105
2025-10-01 14:43:06 - Epoch Summary: TrainLoss=1.3061 | TrainAcc=0.663 | Val(P3)=0.562 | Val(AVO)=0.642
2025-10-01 14:43:06 - No AVO-val improvement; patience remaining: 17/50
2025-10-01 14:43:06 - Epoch 40/500 | LR=0.009851 | w_P3=1.000 | w_AVO=2.817 | lambda_MMD=0.150
2025-10-01 14:43:06 - Epoch Summary: TrainLoss=1.2023 | TrainAcc=0.671 | Val(P3)=0.546 | Val(AVO)=0.528
2025-10-01 14:43:06 - No AVO-val improvement; patience remaining: 16/50
2025-10-01 14:43:06 - AVO val decreasing 3x. Reducing w_small to 2.254, lambda_MMD to 0.075
2025-10-01 14:43:06 - Epoch 41/500 | LR=0.009843 | w_P3=1.000 | w_AVO=2.254 | lambda_MMD=0.075
2025-10-01 14:43:06 - Epoch Summary: TrainLoss=1.1158 | TrainAcc=0.658 | Val(P3)=0.539 | Val(AVO)=0.642
2025-10-01 14:43:06 - No AVO-val improvement; patience remaining: 15/50
2025-10-01 14:43:06 - P3 val decreasing 3x. Reducing lambda_MMD to 0.105
2025-10-01 14:43:06 - Epoch 42/500 | LR=0.009835 | w_P3=1.000 | w_AVO=2.817 | lambda_MMD=0.105
2025-10-01 14:43:06 - Epoch Summary: TrainLoss=1.2003 | TrainAcc=0.662 | Val(P3)=0.569 | Val(AVO)=0.566
2025-10-01 14:43:06 - No AVO-val improvement; patience remaining: 14/50
2025-10-01 14:43:06 - Epoch 43/500 | LR=0.009827 | w_P3=1.000 | w_AVO=2.817 | lambda_MMD=0.150
2025-10-01 14:43:06 - Epoch Summary: TrainLoss=1.1868 | TrainAcc=0.669 | Val(P3)=0.578 | Val(AVO)=0.623
2025-10-01 14:43:06 - No AVO-val improvement; patience remaining: 13/50
2025-10-01 14:43:06 - Epoch 44/500 | LR=0.009819 | w_P3=1.000 | w_AVO=2.817 | lambda_MMD=0.150
2025-10-01 14:43:07 - Epoch Summary: TrainLoss=1.1950 | TrainAcc=0.665 | Val(P3)=0.592 | Val(AVO)=0.698
2025-10-01 14:43:07 - No AVO-val improvement; patience remaining: 12/50
2025-10-01 14:43:07 - Epoch 45/500 | LR=0.009810 | w_P3=1.000 | w_AVO=2.817 | lambda_MMD=0.150
2025-10-01 14:43:07 - Epoch Summary: TrainLoss=1.1210 | TrainAcc=0.675 | Val(P3)=0.569 | Val(AVO)=0.566
2025-10-01 14:43:07 - No AVO-val improvement; patience remaining: 11/50
2025-10-01 14:43:07 - Epoch 46/500 | LR=0.009801 | w_P3=1.000 | w_AVO=2.817 | lambda_MMD=0.150
2025-10-01 14:43:07 - Epoch Summary: TrainLoss=1.1429 | TrainAcc=0.678 | Val(P3)=0.614 | Val(AVO)=0.660
2025-10-01 14:43:07 - No AVO-val improvement; patience remaining: 10/50
2025-10-01 14:43:07 - Epoch 47/500 | LR=0.009793 | w_P3=1.000 | w_AVO=2.817 | lambda_MMD=0.150
2025-10-01 14:43:07 - Epoch Summary: TrainLoss=1.0784 | TrainAcc=0.676 | Val(P3)=0.569 | Val(AVO)=0.642
2025-10-01 14:43:07 - No AVO-val improvement; patience remaining: 9/50
2025-10-01 14:43:07 - Epoch 48/500 | LR=0.009784 | w_P3=1.000 | w_AVO=2.817 | lambda_MMD=0.150
2025-10-01 14:43:07 - Epoch Summary: TrainLoss=1.1253 | TrainAcc=0.673 | Val(P3)=0.552 | Val(AVO)=0.623
2025-10-01 14:43:07 - No AVO-val improvement; patience remaining: 8/50
2025-10-01 14:43:07 - AVO val decreasing 3x. Reducing w_small to 2.254, lambda_MMD to 0.075
2025-10-01 14:43:07 - P3 val decreasing 3x. Reducing lambda_MMD to 0.052
2025-10-01 14:43:07 - Epoch 49/500 | LR=0.009774 | w_P3=1.000 | w_AVO=2.254 | lambda_MMD=0.052
2025-10-01 14:43:07 - Epoch Summary: TrainLoss=0.9758 | TrainAcc=0.678 | Val(P3)=0.578 | Val(AVO)=0.660
2025-10-01 14:43:07 - No AVO-val improvement; patience remaining: 7/50
2025-10-01 14:43:07 - Epoch 50/500 | LR=0.009765 | w_P3=1.000 | w_AVO=2.817 | lambda_MMD=0.150
2025-10-01 14:43:07 - Epoch Summary: TrainLoss=1.0784 | TrainAcc=0.674 | Val(P3)=0.539 | Val(AVO)=0.623
2025-10-01 14:43:07 - No AVO-val improvement; patience remaining: 6/50
2025-10-01 14:43:07 - Epoch 51/500 | LR=0.009755 | w_P3=1.000 | w_AVO=2.817 | lambda_MMD=0.150
2025-10-01 14:43:07 - Epoch Summary: TrainLoss=1.0680 | TrainAcc=0.680 | Val(P3)=0.578 | Val(AVO)=0.679
2025-10-01 14:43:07 - No AVO-val improvement; patience remaining: 5/50
2025-10-01 14:43:07 - Epoch 52/500 | LR=0.009745 | w_P3=1.000 | w_AVO=2.817 | lambda_MMD=0.150
2025-10-01 14:43:08 - Epoch Summary: TrainLoss=1.1298 | TrainAcc=0.665 | Val(P3)=0.565 | Val(AVO)=0.660
2025-10-01 14:43:08 - No AVO-val improvement; patience remaining: 4/50
2025-10-01 14:43:08 - Epoch 53/500 | LR=0.009735 | w_P3=1.000 | w_AVO=2.817 | lambda_MMD=0.150
2025-10-01 14:43:08 - Epoch Summary: TrainLoss=1.0854 | TrainAcc=0.673 | Val(P3)=0.542 | Val(AVO)=0.509
2025-10-01 14:43:08 - No AVO-val improvement; patience remaining: 3/50
2025-10-01 14:43:08 - AVO val decreasing 3x. Reducing w_small to 2.254, lambda_MMD to 0.075
2025-10-01 14:43:08 - P3 val decreasing 3x. Reducing lambda_MMD to 0.052
2025-10-01 14:43:08 - Epoch 54/500 | LR=0.009725 | w_P3=1.000 | w_AVO=2.254 | lambda_MMD=0.052
2025-10-01 14:43:08 - Epoch Summary: TrainLoss=0.8989 | TrainAcc=0.678 | Val(P3)=0.546 | Val(AVO)=0.623
2025-10-01 14:43:08 - No AVO-val improvement; patience remaining: 2/50
2025-10-01 14:43:08 - Epoch 55/500 | LR=0.009715 | w_P3=1.000 | w_AVO=2.817 | lambda_MMD=0.150
2025-10-01 14:43:08 - Epoch Summary: TrainLoss=0.9847 | TrainAcc=0.689 | Val(P3)=0.565 | Val(AVO)=0.660
2025-10-01 14:43:08 - No AVO-val improvement; patience remaining: 1/50
2025-10-01 14:43:08 - Epoch 56/500 | LR=0.009704 | w_P3=1.000 | w_AVO=2.817 | lambda_MMD=0.150
2025-10-01 14:43:08 - Epoch Summary: TrainLoss=0.9869 | TrainAcc=0.696 | Val(P3)=0.601 | Val(AVO)=0.660
2025-10-01 14:43:08 - No AVO-val improvement; patience remaining: 0/50
2025-10-01 14:43:08 - Early stopping triggered (AVO-val)
2025-10-01 14:43:08 -     P3 Test | Acc=0.5567 P=0.6259 R=0.2822 F1=0.3890 AUC=0.6300 (n=652)
2025-10-01 14:43:08 -     AVO Test | Acc=0.5909 P=0.5682 R=0.7576 F1=0.6494 AUC=0.6309 (n=66)
2025-10-01 14:43:08 -     Overall Test Acc=0.5599
2025-10-01 14:43:08 -   Fold 3/5
2025-10-01 14:43:08 - Fold domains: small=AVO (n=261), large=P3 (n=2250)
2025-10-01 14:43:08 - Auto adjustments (symmetric): w_small≈1.000, lambda_MMD_target=0.150, warmup_epochs=5
2025-10-01 14:43:08 - Epoch 1/500 | LR=0.010000 | w_P3=1.000 | w_AVO=1.387 | lambda_MMD=0.030
2025-10-01 14:43:08 - Epoch Summary: TrainLoss=1.7679 | TrainAcc=0.540 | Val(P3)=0.523 | Val(AVO)=0.694
2025-10-01 14:43:08 - New best AVO-val; checkpoint updated
2025-10-01 14:43:08 - Epoch 2/500 | LR=0.010000 | w_P3=1.000 | w_AVO=1.774 | lambda_MMD=0.060
2025-10-01 14:43:08 - Epoch Summary: TrainLoss=1.8498 | TrainAcc=0.596 | Val(P3)=0.652 | Val(AVO)=0.612
2025-10-01 14:43:08 - No AVO-val improvement; patience remaining: 49/50
2025-10-01 14:43:08 - Epoch 3/500 | LR=0.010000 | w_P3=1.000 | w_AVO=2.162 | lambda_MMD=0.090
2025-10-01 14:43:09 - Epoch Summary: TrainLoss=2.0546 | TrainAcc=0.593 | Val(P3)=0.623 | Val(AVO)=0.673
2025-10-01 14:43:09 - No AVO-val improvement; patience remaining: 48/50
2025-10-01 14:43:09 - Epoch 4/500 | LR=0.009999 | w_P3=1.000 | w_AVO=2.549 | lambda_MMD=0.120
2025-10-01 14:43:09 - Epoch Summary: TrainLoss=2.2224 | TrainAcc=0.590 | Val(P3)=0.571 | Val(AVO)=0.633
2025-10-01 14:43:09 - No AVO-val improvement; patience remaining: 47/50
2025-10-01 14:43:09 - P3 val decreasing 3x. Reducing lambda_MMD to 0.105
2025-10-01 14:43:09 - Epoch 5/500 | LR=0.009998 | w_P3=1.000 | w_AVO=2.936 | lambda_MMD=0.105
2025-10-01 14:43:09 - Epoch Summary: TrainLoss=2.3920 | TrainAcc=0.580 | Val(P3)=0.597 | Val(AVO)=0.592
2025-10-01 14:43:09 - No AVO-val improvement; patience remaining: 46/50
2025-10-01 14:43:09 - AVO val decreasing 3x. Reducing w_small to 2.349, lambda_MMD to 0.075
2025-10-01 14:43:09 - Epoch 6/500 | LR=0.009998 | w_P3=1.000 | w_AVO=2.349 | lambda_MMD=0.075
2025-10-01 14:43:09 - Epoch Summary: TrainLoss=2.0657 | TrainAcc=0.589 | Val(P3)=0.626 | Val(AVO)=0.694
2025-10-01 14:43:09 - No AVO-val improvement; patience remaining: 45/50
2025-10-01 14:43:09 - Epoch 7/500 | LR=0.009996 | w_P3=1.000 | w_AVO=2.936 | lambda_MMD=0.150
2025-10-01 14:43:09 - Epoch Summary: TrainLoss=2.4641 | TrainAcc=0.588 | Val(P3)=0.610 | Val(AVO)=0.633
2025-10-01 14:43:09 - No AVO-val improvement; patience remaining: 44/50
2025-10-01 14:43:09 - Epoch 8/500 | LR=0.009995 | w_P3=1.000 | w_AVO=2.936 | lambda_MMD=0.150
2025-10-01 14:43:09 - Epoch Summary: TrainLoss=2.3946 | TrainAcc=0.606 | Val(P3)=0.635 | Val(AVO)=0.612
2025-10-01 14:43:09 - No AVO-val improvement; patience remaining: 43/50
2025-10-01 14:43:09 - AVO val decreasing 3x. Reducing w_small to 2.349, lambda_MMD to 0.075
2025-10-01 14:43:09 - Epoch 9/500 | LR=0.009994 | w_P3=1.000 | w_AVO=2.349 | lambda_MMD=0.075
2025-10-01 14:43:09 - Epoch Summary: TrainLoss=2.0077 | TrainAcc=0.593 | Val(P3)=0.581 | Val(AVO)=0.673
2025-10-01 14:43:09 - No AVO-val improvement; patience remaining: 42/50
2025-10-01 14:43:09 - Epoch 10/500 | LR=0.009992 | w_P3=1.000 | w_AVO=2.936 | lambda_MMD=0.150
2025-10-01 14:43:09 - Epoch Summary: TrainLoss=2.3017 | TrainAcc=0.597 | Val(P3)=0.606 | Val(AVO)=0.673
2025-10-01 14:43:09 - No AVO-val improvement; patience remaining: 41/50
2025-10-01 14:43:09 - Epoch 11/500 | LR=0.009990 | w_P3=1.000 | w_AVO=2.936 | lambda_MMD=0.150
2025-10-01 14:43:10 - Epoch Summary: TrainLoss=2.3163 | TrainAcc=0.592 | Val(P3)=0.590 | Val(AVO)=0.612
2025-10-01 14:43:10 - No AVO-val improvement; patience remaining: 40/50
2025-10-01 14:43:10 - Epoch 12/500 | LR=0.009988 | w_P3=1.000 | w_AVO=2.936 | lambda_MMD=0.150
2025-10-01 14:43:10 - Epoch Summary: TrainLoss=2.5304 | TrainAcc=0.594 | Val(P3)=0.619 | Val(AVO)=0.653
2025-10-01 14:43:10 - No AVO-val improvement; patience remaining: 39/50
2025-10-01 14:43:10 - Epoch 13/500 | LR=0.009986 | w_P3=1.000 | w_AVO=2.936 | lambda_MMD=0.150
2025-10-01 14:43:10 - Epoch Summary: TrainLoss=2.2951 | TrainAcc=0.589 | Val(P3)=0.610 | Val(AVO)=0.673
2025-10-01 14:43:10 - No AVO-val improvement; patience remaining: 38/50
2025-10-01 14:43:10 - Epoch 14/500 | LR=0.009983 | w_P3=1.000 | w_AVO=2.936 | lambda_MMD=0.150
2025-10-01 14:43:10 - Epoch Summary: TrainLoss=2.4130 | TrainAcc=0.583 | Val(P3)=0.581 | Val(AVO)=0.673
2025-10-01 14:43:10 - No AVO-val improvement; patience remaining: 37/50
2025-10-01 14:43:10 - P3 val decreasing 3x. Reducing lambda_MMD to 0.105
2025-10-01 14:43:10 - Epoch 15/500 | LR=0.009981 | w_P3=1.000 | w_AVO=2.936 | lambda_MMD=0.105
2025-10-01 14:43:10 - Epoch Summary: TrainLoss=2.3870 | TrainAcc=0.580 | Val(P3)=0.574 | Val(AVO)=0.694
2025-10-01 14:43:10 - No AVO-val improvement; patience remaining: 36/50
2025-10-01 14:43:10 - P3 val decreasing 3x. Reducing lambda_MMD to 0.105
2025-10-01 14:43:10 - Epoch 16/500 | LR=0.009978 | w_P3=1.000 | w_AVO=2.936 | lambda_MMD=0.105
2025-10-01 14:43:10 - Epoch Summary: TrainLoss=2.2146 | TrainAcc=0.598 | Val(P3)=0.558 | Val(AVO)=0.653
2025-10-01 14:43:10 - No AVO-val improvement; patience remaining: 35/50
2025-10-01 14:43:10 - P3 val decreasing 3x. Reducing lambda_MMD to 0.105
2025-10-01 14:43:10 - Epoch 17/500 | LR=0.009975 | w_P3=1.000 | w_AVO=2.936 | lambda_MMD=0.105
2025-10-01 14:43:10 - Epoch Summary: TrainLoss=2.1700 | TrainAcc=0.599 | Val(P3)=0.584 | Val(AVO)=0.653
2025-10-01 14:43:10 - No AVO-val improvement; patience remaining: 34/50
2025-10-01 14:43:10 - Epoch 18/500 | LR=0.009972 | w_P3=1.000 | w_AVO=2.936 | lambda_MMD=0.150
2025-10-01 14:43:10 - Epoch Summary: TrainLoss=2.1446 | TrainAcc=0.605 | Val(P3)=0.623 | Val(AVO)=0.694
2025-10-01 14:43:10 - No AVO-val improvement; patience remaining: 33/50
2025-10-01 14:43:10 - Epoch 19/500 | LR=0.009968 | w_P3=1.000 | w_AVO=2.936 | lambda_MMD=0.150
2025-10-01 14:43:11 - Epoch Summary: TrainLoss=2.1050 | TrainAcc=0.607 | Val(P3)=0.600 | Val(AVO)=0.673
2025-10-01 14:43:11 - No AVO-val improvement; patience remaining: 32/50
2025-10-01 14:43:11 - Epoch 20/500 | LR=0.009964 | w_P3=1.000 | w_AVO=2.936 | lambda_MMD=0.150
2025-10-01 14:43:11 - Epoch Summary: TrainLoss=2.2980 | TrainAcc=0.615 | Val(P3)=0.610 | Val(AVO)=0.592
2025-10-01 14:43:11 - No AVO-val improvement; patience remaining: 31/50
2025-10-01 14:43:11 - AVO val decreasing 3x. Reducing w_small to 2.349, lambda_MMD to 0.075
2025-10-01 14:43:11 - Epoch 21/500 | LR=0.009961 | w_P3=1.000 | w_AVO=2.349 | lambda_MMD=0.075
2025-10-01 14:43:11 - Epoch Summary: TrainLoss=1.9743 | TrainAcc=0.596 | Val(P3)=0.594 | Val(AVO)=0.612
2025-10-01 14:43:11 - No AVO-val improvement; patience remaining: 30/50
2025-10-01 14:43:11 - Epoch 22/500 | LR=0.009957 | w_P3=1.000 | w_AVO=2.936 | lambda_MMD=0.150
2025-10-01 14:43:11 - Epoch Summary: TrainLoss=2.2334 | TrainAcc=0.601 | Val(P3)=0.600 | Val(AVO)=0.694
2025-10-01 14:43:11 - No AVO-val improvement; patience remaining: 29/50
2025-10-01 14:43:11 - Epoch 23/500 | LR=0.009952 | w_P3=1.000 | w_AVO=2.936 | lambda_MMD=0.150
2025-10-01 14:43:11 - Epoch Summary: TrainLoss=2.0933 | TrainAcc=0.609 | Val(P3)=0.594 | Val(AVO)=0.673
2025-10-01 14:43:11 - No AVO-val improvement; patience remaining: 28/50
2025-10-01 14:43:11 - Epoch 24/500 | LR=0.009948 | w_P3=1.000 | w_AVO=2.936 | lambda_MMD=0.150
2025-10-01 14:43:11 - Epoch Summary: TrainLoss=2.1169 | TrainAcc=0.597 | Val(P3)=0.587 | Val(AVO)=0.673
2025-10-01 14:43:11 - No AVO-val improvement; patience remaining: 27/50
2025-10-01 14:43:11 - P3 val decreasing 3x. Reducing lambda_MMD to 0.105
2025-10-01 14:43:11 - Epoch 25/500 | LR=0.009943 | w_P3=1.000 | w_AVO=2.936 | lambda_MMD=0.105
2025-10-01 14:43:11 - Epoch Summary: TrainLoss=2.0280 | TrainAcc=0.612 | Val(P3)=0.610 | Val(AVO)=0.673
2025-10-01 14:43:11 - No AVO-val improvement; patience remaining: 26/50
2025-10-01 14:43:11 - Epoch 26/500 | LR=0.009938 | w_P3=1.000 | w_AVO=2.936 | lambda_MMD=0.150
2025-10-01 14:43:12 - Epoch Summary: TrainLoss=2.0228 | TrainAcc=0.615 | Val(P3)=0.571 | Val(AVO)=0.633
2025-10-01 14:43:12 - No AVO-val improvement; patience remaining: 25/50
2025-10-01 14:43:12 - Epoch 27/500 | LR=0.009933 | w_P3=1.000 | w_AVO=2.936 | lambda_MMD=0.150
2025-10-01 14:43:12 - Epoch Summary: TrainLoss=2.0844 | TrainAcc=0.623 | Val(P3)=0.616 | Val(AVO)=0.612
2025-10-01 14:43:12 - No AVO-val improvement; patience remaining: 24/50
2025-10-01 14:43:12 - AVO val decreasing 3x. Reducing w_small to 2.349, lambda_MMD to 0.075
2025-10-01 14:43:12 - Epoch 28/500 | LR=0.009928 | w_P3=1.000 | w_AVO=2.349 | lambda_MMD=0.075
2025-10-01 14:43:12 - Epoch Summary: TrainLoss=1.7655 | TrainAcc=0.616 | Val(P3)=0.584 | Val(AVO)=0.673
2025-10-01 14:43:12 - No AVO-val improvement; patience remaining: 23/50
2025-10-01 14:43:12 - Epoch 29/500 | LR=0.009923 | w_P3=1.000 | w_AVO=2.936 | lambda_MMD=0.150
2025-10-01 14:43:12 - Epoch Summary: TrainLoss=2.0208 | TrainAcc=0.620 | Val(P3)=0.616 | Val(AVO)=0.633
2025-10-01 14:43:12 - No AVO-val improvement; patience remaining: 22/50
2025-10-01 14:43:12 - Epoch 30/500 | LR=0.009917 | w_P3=1.000 | w_AVO=2.936 | lambda_MMD=0.150
2025-10-01 14:43:12 - Epoch Summary: TrainLoss=2.1328 | TrainAcc=0.608 | Val(P3)=0.606 | Val(AVO)=0.653
2025-10-01 14:43:12 - No AVO-val improvement; patience remaining: 21/50
2025-10-01 14:43:12 - Epoch 31/500 | LR=0.009911 | w_P3=1.000 | w_AVO=2.936 | lambda_MMD=0.150
2025-10-01 14:43:12 - Epoch Summary: TrainLoss=2.0613 | TrainAcc=0.624 | Val(P3)=0.581 | Val(AVO)=0.571
2025-10-01 14:43:12 - No AVO-val improvement; patience remaining: 20/50
2025-10-01 14:43:12 - P3 val decreasing 3x. Reducing lambda_MMD to 0.105
2025-10-01 14:43:12 - Epoch 32/500 | LR=0.009905 | w_P3=1.000 | w_AVO=2.936 | lambda_MMD=0.105
2025-10-01 14:43:12 - Epoch Summary: TrainLoss=1.8156 | TrainAcc=0.616 | Val(P3)=0.577 | Val(AVO)=0.633
2025-10-01 14:43:12 - No AVO-val improvement; patience remaining: 19/50
2025-10-01 14:43:12 - P3 val decreasing 3x. Reducing lambda_MMD to 0.105
2025-10-01 14:43:12 - Epoch 33/500 | LR=0.009899 | w_P3=1.000 | w_AVO=2.936 | lambda_MMD=0.105
2025-10-01 14:43:13 - Epoch Summary: TrainLoss=1.9334 | TrainAcc=0.620 | Val(P3)=0.577 | Val(AVO)=0.612
2025-10-01 14:43:13 - No AVO-val improvement; patience remaining: 18/50
2025-10-01 14:43:13 - Epoch 34/500 | LR=0.009893 | w_P3=1.000 | w_AVO=2.936 | lambda_MMD=0.150
2025-10-01 14:43:13 - Epoch Summary: TrainLoss=1.8542 | TrainAcc=0.619 | Val(P3)=0.584 | Val(AVO)=0.653
2025-10-01 14:43:13 - No AVO-val improvement; patience remaining: 17/50
2025-10-01 14:43:13 - Epoch 35/500 | LR=0.009886 | w_P3=1.000 | w_AVO=2.936 | lambda_MMD=0.150
2025-10-01 14:43:13 - Epoch Summary: TrainLoss=1.7867 | TrainAcc=0.606 | Val(P3)=0.597 | Val(AVO)=0.633
2025-10-01 14:43:13 - No AVO-val improvement; patience remaining: 16/50
2025-10-01 14:43:13 - Epoch 36/500 | LR=0.009880 | w_P3=1.000 | w_AVO=2.936 | lambda_MMD=0.150
2025-10-01 14:43:13 - Epoch Summary: TrainLoss=1.8689 | TrainAcc=0.625 | Val(P3)=0.603 | Val(AVO)=0.612
2025-10-01 14:43:13 - No AVO-val improvement; patience remaining: 15/50
2025-10-01 14:43:13 - AVO val decreasing 3x. Reducing w_small to 2.349, lambda_MMD to 0.075
2025-10-01 14:43:13 - Epoch 37/500 | LR=0.009873 | w_P3=1.000 | w_AVO=2.349 | lambda_MMD=0.075
2025-10-01 14:43:13 - Epoch Summary: TrainLoss=1.5599 | TrainAcc=0.632 | Val(P3)=0.600 | Val(AVO)=0.633
2025-10-01 14:43:13 - No AVO-val improvement; patience remaining: 14/50
2025-10-01 14:43:13 - Epoch 38/500 | LR=0.009865 | w_P3=1.000 | w_AVO=2.936 | lambda_MMD=0.150
2025-10-01 14:43:13 - Epoch Summary: TrainLoss=1.7782 | TrainAcc=0.621 | Val(P3)=0.590 | Val(AVO)=0.653
2025-10-01 14:43:13 - No AVO-val improvement; patience remaining: 13/50
2025-10-01 14:43:13 - P3 val decreasing 3x. Reducing lambda_MMD to 0.105
2025-10-01 14:43:13 - Epoch 39/500 | LR=0.009858 | w_P3=1.000 | w_AVO=2.936 | lambda_MMD=0.105
2025-10-01 14:43:13 - Epoch Summary: TrainLoss=1.8318 | TrainAcc=0.616 | Val(P3)=0.577 | Val(AVO)=0.633
2025-10-01 14:43:13 - No AVO-val improvement; patience remaining: 12/50
2025-10-01 14:43:13 - P3 val decreasing 3x. Reducing lambda_MMD to 0.105
2025-10-01 14:43:13 - Epoch 40/500 | LR=0.009851 | w_P3=1.000 | w_AVO=2.936 | lambda_MMD=0.105
2025-10-01 14:43:13 - Epoch Summary: TrainLoss=1.8315 | TrainAcc=0.622 | Val(P3)=0.581 | Val(AVO)=0.673
2025-10-01 14:43:13 - No AVO-val improvement; patience remaining: 11/50
2025-10-01 14:43:13 - Epoch 41/500 | LR=0.009843 | w_P3=1.000 | w_AVO=2.936 | lambda_MMD=0.150
2025-10-01 14:43:14 - Epoch Summary: TrainLoss=1.8430 | TrainAcc=0.612 | Val(P3)=0.590 | Val(AVO)=0.653
2025-10-01 14:43:14 - No AVO-val improvement; patience remaining: 10/50
2025-10-01 14:43:14 - Epoch 42/500 | LR=0.009835 | w_P3=1.000 | w_AVO=2.936 | lambda_MMD=0.150
2025-10-01 14:43:14 - Epoch Summary: TrainLoss=1.7662 | TrainAcc=0.628 | Val(P3)=0.587 | Val(AVO)=0.694
2025-10-01 14:43:14 - No AVO-val improvement; patience remaining: 9/50
2025-10-01 14:43:14 - Epoch 43/500 | LR=0.009827 | w_P3=1.000 | w_AVO=2.936 | lambda_MMD=0.150
2025-10-01 14:43:14 - Epoch Summary: TrainLoss=1.6781 | TrainAcc=0.633 | Val(P3)=0.594 | Val(AVO)=0.612
2025-10-01 14:43:14 - No AVO-val improvement; patience remaining: 8/50
2025-10-01 14:43:14 - Epoch 44/500 | LR=0.009819 | w_P3=1.000 | w_AVO=2.936 | lambda_MMD=0.150
2025-10-01 14:43:14 - Epoch Summary: TrainLoss=1.7438 | TrainAcc=0.624 | Val(P3)=0.594 | Val(AVO)=0.673
2025-10-01 14:43:14 - No AVO-val improvement; patience remaining: 7/50
2025-10-01 14:43:14 - Epoch 45/500 | LR=0.009810 | w_P3=1.000 | w_AVO=2.936 | lambda_MMD=0.150
2025-10-01 14:43:14 - Epoch Summary: TrainLoss=1.8086 | TrainAcc=0.623 | Val(P3)=0.581 | Val(AVO)=0.653
2025-10-01 14:43:14 - No AVO-val improvement; patience remaining: 6/50
2025-10-01 14:43:14 - Epoch 46/500 | LR=0.009801 | w_P3=1.000 | w_AVO=2.936 | lambda_MMD=0.150
2025-10-01 14:43:14 - Epoch Summary: TrainLoss=1.6312 | TrainAcc=0.637 | Val(P3)=0.587 | Val(AVO)=0.653
2025-10-01 14:43:14 - No AVO-val improvement; patience remaining: 5/50
2025-10-01 14:43:14 - Epoch 47/500 | LR=0.009793 | w_P3=1.000 | w_AVO=2.936 | lambda_MMD=0.150
2025-10-01 14:43:14 - Epoch Summary: TrainLoss=1.6201 | TrainAcc=0.628 | Val(P3)=0.594 | Val(AVO)=0.653
2025-10-01 14:43:14 - No AVO-val improvement; patience remaining: 4/50
2025-10-01 14:43:14 - Epoch 48/500 | LR=0.009784 | w_P3=1.000 | w_AVO=2.936 | lambda_MMD=0.150
2025-10-01 14:43:14 - Epoch Summary: TrainLoss=1.7111 | TrainAcc=0.626 | Val(P3)=0.600 | Val(AVO)=0.673
2025-10-01 14:43:14 - No AVO-val improvement; patience remaining: 3/50
2025-10-01 14:43:14 - Epoch 49/500 | LR=0.009774 | w_P3=1.000 | w_AVO=2.936 | lambda_MMD=0.150
2025-10-01 14:43:15 - Epoch Summary: TrainLoss=1.6989 | TrainAcc=0.641 | Val(P3)=0.597 | Val(AVO)=0.653
2025-10-01 14:43:15 - No AVO-val improvement; patience remaining: 2/50
2025-10-01 14:43:15 - Epoch 50/500 | LR=0.009765 | w_P3=1.000 | w_AVO=2.936 | lambda_MMD=0.150
2025-10-01 14:43:15 - Epoch Summary: TrainLoss=1.5468 | TrainAcc=0.637 | Val(P3)=0.606 | Val(AVO)=0.612
2025-10-01 14:43:15 - No AVO-val improvement; patience remaining: 1/50
2025-10-01 14:43:15 - AVO val decreasing 3x. Reducing w_small to 2.349, lambda_MMD to 0.075
2025-10-01 14:43:15 - Epoch 51/500 | LR=0.009755 | w_P3=1.000 | w_AVO=2.349 | lambda_MMD=0.075
2025-10-01 14:43:15 - Epoch Summary: TrainLoss=1.4346 | TrainAcc=0.628 | Val(P3)=0.590 | Val(AVO)=0.633
2025-10-01 14:43:15 - No AVO-val improvement; patience remaining: 0/50
2025-10-01 14:43:15 - Early stopping triggered (AVO-val)
2025-10-01 14:43:15 -     P3 Test | Acc=0.5334 P=0.6792 R=0.1154 F1=0.1973 AUC=0.5837 (n=628)
2025-10-01 14:43:15 -     AVO Test | Acc=0.6444 P=0.7273 R=0.5106 F1=0.6000 AUC=0.6264 (n=90)
2025-10-01 14:43:15 -     Overall Test Acc=0.5474
2025-10-01 14:43:15 -   Fold 4/5
2025-10-01 14:43:15 - Fold domains: small=AVO (n=269), large=P3 (n=2243)
2025-10-01 14:43:15 - Auto adjustments (symmetric): w_small≈1.000, lambda_MMD_target=0.150, warmup_epochs=5
2025-10-01 14:43:15 - Epoch 1/500 | LR=0.010000 | w_P3=1.000 | w_AVO=1.378 | lambda_MMD=0.030
2025-10-01 14:43:15 - Epoch Summary: TrainLoss=1.6937 | TrainAcc=0.546 | Val(P3)=0.599 | Val(AVO)=0.600
2025-10-01 14:43:15 - New best AVO-val; checkpoint updated
2025-10-01 14:43:15 - Epoch 2/500 | LR=0.010000 | w_P3=1.000 | w_AVO=1.755 | lambda_MMD=0.060
2025-10-01 14:43:15 - Epoch Summary: TrainLoss=1.8230 | TrainAcc=0.595 | Val(P3)=0.583 | Val(AVO)=0.600
2025-10-01 14:43:15 - No AVO-val improvement; patience remaining: 49/50
2025-10-01 14:43:15 - Epoch 3/500 | LR=0.010000 | w_P3=1.000 | w_AVO=2.133 | lambda_MMD=0.090
2025-10-01 14:43:15 - Epoch Summary: TrainLoss=2.0085 | TrainAcc=0.609 | Val(P3)=0.592 | Val(AVO)=0.440
2025-10-01 14:43:15 - No AVO-val improvement; patience remaining: 48/50
2025-10-01 14:43:15 - Epoch 4/500 | LR=0.009999 | w_P3=1.000 | w_AVO=2.510 | lambda_MMD=0.120
2025-10-01 14:43:15 - Epoch Summary: TrainLoss=2.2152 | TrainAcc=0.603 | Val(P3)=0.586 | Val(AVO)=0.580
2025-10-01 14:43:15 - No AVO-val improvement; patience remaining: 47/50
2025-10-01 14:43:15 - Epoch 5/500 | LR=0.009998 | w_P3=1.000 | w_AVO=2.888 | lambda_MMD=0.150
2025-10-01 14:43:16 - Epoch Summary: TrainLoss=2.4354 | TrainAcc=0.604 | Val(P3)=0.589 | Val(AVO)=0.580
2025-10-01 14:43:16 - No AVO-val improvement; patience remaining: 46/50
2025-10-01 14:43:16 - Epoch 6/500 | LR=0.009998 | w_P3=1.000 | w_AVO=2.888 | lambda_MMD=0.150
2025-10-01 14:43:16 - Epoch Summary: TrainLoss=2.4012 | TrainAcc=0.602 | Val(P3)=0.615 | Val(AVO)=0.640
2025-10-01 14:43:16 - New best AVO-val; checkpoint updated
2025-10-01 14:43:16 - Epoch 7/500 | LR=0.009996 | w_P3=1.000 | w_AVO=2.888 | lambda_MMD=0.150
2025-10-01 14:43:16 - Epoch Summary: TrainLoss=2.4182 | TrainAcc=0.596 | Val(P3)=0.592 | Val(AVO)=0.620
2025-10-01 14:43:16 - No AVO-val improvement; patience remaining: 49/50
2025-10-01 14:43:16 - Epoch 8/500 | LR=0.009995 | w_P3=1.000 | w_AVO=2.888 | lambda_MMD=0.150
2025-10-01 14:43:16 - Epoch Summary: TrainLoss=2.3701 | TrainAcc=0.596 | Val(P3)=0.586 | Val(AVO)=0.680
2025-10-01 14:43:16 - New best AVO-val; checkpoint updated
2025-10-01 14:43:16 - P3 val decreasing 3x. Reducing lambda_MMD to 0.105
2025-10-01 14:43:16 - Epoch 9/500 | LR=0.009994 | w_P3=1.000 | w_AVO=2.888 | lambda_MMD=0.105
2025-10-01 14:43:16 - Epoch Summary: TrainLoss=2.3026 | TrainAcc=0.607 | Val(P3)=0.599 | Val(AVO)=0.640
2025-10-01 14:43:16 - No AVO-val improvement; patience remaining: 49/50
2025-10-01 14:43:16 - Epoch 10/500 | LR=0.009992 | w_P3=1.000 | w_AVO=2.888 | lambda_MMD=0.150
2025-10-01 14:43:16 - Epoch Summary: TrainLoss=2.3186 | TrainAcc=0.611 | Val(P3)=0.612 | Val(AVO)=0.580
2025-10-01 14:43:16 - No AVO-val improvement; patience remaining: 48/50
2025-10-01 14:43:16 - AVO val decreasing 3x. Reducing w_small to 2.310, lambda_MMD to 0.075
2025-10-01 14:43:16 - Epoch 11/500 | LR=0.009990 | w_P3=1.000 | w_AVO=2.310 | lambda_MMD=0.075
2025-10-01 14:43:16 - Epoch Summary: TrainLoss=1.9214 | TrainAcc=0.601 | Val(P3)=0.602 | Val(AVO)=0.680
2025-10-01 14:43:16 - No AVO-val improvement; patience remaining: 47/50
2025-10-01 14:43:16 - Epoch 12/500 | LR=0.009988 | w_P3=1.000 | w_AVO=2.888 | lambda_MMD=0.150
2025-10-01 14:43:17 - Epoch Summary: TrainLoss=2.2377 | TrainAcc=0.609 | Val(P3)=0.579 | Val(AVO)=0.500
2025-10-01 14:43:17 - No AVO-val improvement; patience remaining: 46/50
2025-10-01 14:43:17 - P3 val decreasing 3x. Reducing lambda_MMD to 0.105
2025-10-01 14:43:17 - Epoch 13/500 | LR=0.009986 | w_P3=1.000 | w_AVO=2.888 | lambda_MMD=0.105
2025-10-01 14:43:17 - Epoch Summary: TrainLoss=2.2793 | TrainAcc=0.613 | Val(P3)=0.599 | Val(AVO)=0.700
2025-10-01 14:43:17 - New best AVO-val; checkpoint updated
2025-10-01 14:43:17 - Epoch 14/500 | LR=0.009983 | w_P3=1.000 | w_AVO=2.888 | lambda_MMD=0.150
2025-10-01 14:43:17 - Epoch Summary: TrainLoss=2.1701 | TrainAcc=0.625 | Val(P3)=0.592 | Val(AVO)=0.520
2025-10-01 14:43:17 - No AVO-val improvement; patience remaining: 49/50
2025-10-01 14:43:17 - Epoch 15/500 | LR=0.009981 | w_P3=1.000 | w_AVO=2.888 | lambda_MMD=0.150
2025-10-01 14:43:17 - Epoch Summary: TrainLoss=2.2146 | TrainAcc=0.601 | Val(P3)=0.576 | Val(AVO)=0.560
2025-10-01 14:43:17 - No AVO-val improvement; patience remaining: 48/50
2025-10-01 14:43:17 - P3 val decreasing 3x. Reducing lambda_MMD to 0.105
2025-10-01 14:43:17 - Epoch 16/500 | LR=0.009978 | w_P3=1.000 | w_AVO=2.888 | lambda_MMD=0.105
2025-10-01 14:43:17 - Epoch Summary: TrainLoss=2.0865 | TrainAcc=0.625 | Val(P3)=0.592 | Val(AVO)=0.620
2025-10-01 14:43:17 - No AVO-val improvement; patience remaining: 47/50
2025-10-01 14:43:17 - Epoch 17/500 | LR=0.009975 | w_P3=1.000 | w_AVO=2.888 | lambda_MMD=0.150
2025-10-01 14:43:17 - Epoch Summary: TrainLoss=2.0614 | TrainAcc=0.613 | Val(P3)=0.605 | Val(AVO)=0.660
2025-10-01 14:43:17 - No AVO-val improvement; patience remaining: 46/50
2025-10-01 14:43:17 - Epoch 18/500 | LR=0.009972 | w_P3=1.000 | w_AVO=2.888 | lambda_MMD=0.150
2025-10-01 14:43:17 - Epoch Summary: TrainLoss=2.0104 | TrainAcc=0.626 | Val(P3)=0.615 | Val(AVO)=0.700
2025-10-01 14:43:17 - No AVO-val improvement; patience remaining: 45/50
2025-10-01 14:43:17 - Epoch 19/500 | LR=0.009968 | w_P3=1.000 | w_AVO=2.888 | lambda_MMD=0.150
2025-10-01 14:43:17 - Epoch Summary: TrainLoss=2.0511 | TrainAcc=0.621 | Val(P3)=0.602 | Val(AVO)=0.660
2025-10-01 14:43:17 - No AVO-val improvement; patience remaining: 44/50
2025-10-01 14:43:17 - Epoch 20/500 | LR=0.009964 | w_P3=1.000 | w_AVO=2.888 | lambda_MMD=0.150
2025-10-01 14:43:18 - Epoch Summary: TrainLoss=1.9494 | TrainAcc=0.628 | Val(P3)=0.605 | Val(AVO)=0.620
2025-10-01 14:43:18 - No AVO-val improvement; patience remaining: 43/50
2025-10-01 14:43:18 - AVO val decreasing 3x. Reducing w_small to 2.310, lambda_MMD to 0.075
2025-10-01 14:43:18 - Epoch 21/500 | LR=0.009961 | w_P3=1.000 | w_AVO=2.310 | lambda_MMD=0.075
2025-10-01 14:43:18 - Epoch Summary: TrainLoss=1.6905 | TrainAcc=0.630 | Val(P3)=0.576 | Val(AVO)=0.700
2025-10-01 14:43:18 - No AVO-val improvement; patience remaining: 42/50
2025-10-01 14:43:18 - Epoch 22/500 | LR=0.009957 | w_P3=1.000 | w_AVO=2.888 | lambda_MMD=0.150
2025-10-01 14:43:18 - Epoch Summary: TrainLoss=1.9363 | TrainAcc=0.632 | Val(P3)=0.595 | Val(AVO)=0.680
2025-10-01 14:43:18 - No AVO-val improvement; patience remaining: 41/50
2025-10-01 14:43:18 - Epoch 23/500 | LR=0.009952 | w_P3=1.000 | w_AVO=2.888 | lambda_MMD=0.150
2025-10-01 14:43:18 - Epoch Summary: TrainLoss=1.9071 | TrainAcc=0.642 | Val(P3)=0.589 | Val(AVO)=0.560
2025-10-01 14:43:18 - No AVO-val improvement; patience remaining: 40/50
2025-10-01 14:43:18 - AVO val decreasing 3x. Reducing w_small to 2.310, lambda_MMD to 0.075
2025-10-01 14:43:18 - Epoch 24/500 | LR=0.009948 | w_P3=1.000 | w_AVO=2.310 | lambda_MMD=0.075
2025-10-01 14:43:18 - Epoch Summary: TrainLoss=1.6520 | TrainAcc=0.641 | Val(P3)=0.583 | Val(AVO)=0.480
2025-10-01 14:43:18 - No AVO-val improvement; patience remaining: 39/50
2025-10-01 14:43:18 - AVO val decreasing 3x. Reducing w_small to 2.310, lambda_MMD to 0.075
2025-10-01 14:43:18 - P3 val decreasing 3x. Reducing lambda_MMD to 0.052
2025-10-01 14:43:18 - Epoch 25/500 | LR=0.009943 | w_P3=1.000 | w_AVO=2.310 | lambda_MMD=0.052
2025-10-01 14:43:18 - Epoch Summary: TrainLoss=1.6370 | TrainAcc=0.637 | Val(P3)=0.602 | Val(AVO)=0.660
2025-10-01 14:43:18 - No AVO-val improvement; patience remaining: 38/50
2025-10-01 14:43:18 - Epoch 26/500 | LR=0.009938 | w_P3=1.000 | w_AVO=2.888 | lambda_MMD=0.150
2025-10-01 14:43:18 - Epoch Summary: TrainLoss=1.8223 | TrainAcc=0.638 | Val(P3)=0.608 | Val(AVO)=0.640
2025-10-01 14:43:18 - No AVO-val improvement; patience remaining: 37/50
2025-10-01 14:43:18 - Epoch 27/500 | LR=0.009933 | w_P3=1.000 | w_AVO=2.888 | lambda_MMD=0.150
2025-10-01 14:43:18 - Epoch Summary: TrainLoss=1.7760 | TrainAcc=0.643 | Val(P3)=0.608 | Val(AVO)=0.700
2025-10-01 14:43:18 - No AVO-val improvement; patience remaining: 36/50
2025-10-01 14:43:18 - Epoch 28/500 | LR=0.009928 | w_P3=1.000 | w_AVO=2.888 | lambda_MMD=0.150
2025-10-01 14:43:19 - Epoch Summary: TrainLoss=1.7077 | TrainAcc=0.642 | Val(P3)=0.605 | Val(AVO)=0.720
2025-10-01 14:43:19 - New best AVO-val; checkpoint updated
2025-10-01 14:43:19 - Epoch 29/500 | LR=0.009923 | w_P3=1.000 | w_AVO=2.888 | lambda_MMD=0.150
2025-10-01 14:43:19 - Epoch Summary: TrainLoss=1.7318 | TrainAcc=0.640 | Val(P3)=0.599 | Val(AVO)=0.660
2025-10-01 14:43:19 - No AVO-val improvement; patience remaining: 49/50
2025-10-01 14:43:19 - P3 val decreasing 3x. Reducing lambda_MMD to 0.105
2025-10-01 14:43:19 - Epoch 30/500 | LR=0.009917 | w_P3=1.000 | w_AVO=2.888 | lambda_MMD=0.105
2025-10-01 14:43:19 - Epoch Summary: TrainLoss=1.6736 | TrainAcc=0.642 | Val(P3)=0.573 | Val(AVO)=0.580
2025-10-01 14:43:19 - No AVO-val improvement; patience remaining: 48/50
2025-10-01 14:43:19 - AVO val decreasing 3x. Reducing w_small to 2.310, lambda_MMD to 0.075
2025-10-01 14:43:19 - P3 val decreasing 3x. Reducing lambda_MMD to 0.052
2025-10-01 14:43:19 - Epoch 31/500 | LR=0.009911 | w_P3=1.000 | w_AVO=2.310 | lambda_MMD=0.052
2025-10-01 14:43:19 - Epoch Summary: TrainLoss=1.4874 | TrainAcc=0.640 | Val(P3)=0.550 | Val(AVO)=0.520
2025-10-01 14:43:19 - No AVO-val improvement; patience remaining: 47/50
2025-10-01 14:43:19 - AVO val decreasing 3x. Reducing w_small to 2.310, lambda_MMD to 0.075
2025-10-01 14:43:19 - P3 val decreasing 3x. Reducing lambda_MMD to 0.052
2025-10-01 14:43:19 - Epoch 32/500 | LR=0.009905 | w_P3=1.000 | w_AVO=2.310 | lambda_MMD=0.052
2025-10-01 14:43:19 - Epoch Summary: TrainLoss=1.3988 | TrainAcc=0.647 | Val(P3)=0.618 | Val(AVO)=0.660
2025-10-01 14:43:19 - No AVO-val improvement; patience remaining: 46/50
2025-10-01 14:43:19 - Epoch 33/500 | LR=0.009899 | w_P3=1.000 | w_AVO=2.888 | lambda_MMD=0.150
2025-10-01 14:43:19 - Epoch Summary: TrainLoss=1.6049 | TrainAcc=0.645 | Val(P3)=0.573 | Val(AVO)=0.480
2025-10-01 14:43:19 - No AVO-val improvement; patience remaining: 45/50
2025-10-01 14:43:19 - Epoch 34/500 | LR=0.009893 | w_P3=1.000 | w_AVO=2.888 | lambda_MMD=0.150
2025-10-01 14:43:19 - Epoch Summary: TrainLoss=1.6745 | TrainAcc=0.644 | Val(P3)=0.570 | Val(AVO)=0.420
2025-10-01 14:43:19 - No AVO-val improvement; patience remaining: 44/50
2025-10-01 14:43:19 - AVO val decreasing 3x. Reducing w_small to 2.310, lambda_MMD to 0.075
2025-10-01 14:43:19 - P3 val decreasing 3x. Reducing lambda_MMD to 0.052
2025-10-01 14:43:19 - Epoch 35/500 | LR=0.009886 | w_P3=1.000 | w_AVO=2.310 | lambda_MMD=0.052
2025-10-01 14:43:19 - Epoch Summary: TrainLoss=1.4046 | TrainAcc=0.633 | Val(P3)=0.586 | Val(AVO)=0.560
2025-10-01 14:43:19 - No AVO-val improvement; patience remaining: 43/50
2025-10-01 14:43:19 - Epoch 36/500 | LR=0.009880 | w_P3=1.000 | w_AVO=2.888 | lambda_MMD=0.150
2025-10-01 14:43:20 - Epoch Summary: TrainLoss=1.5922 | TrainAcc=0.645 | Val(P3)=0.618 | Val(AVO)=0.620
2025-10-01 14:43:20 - No AVO-val improvement; patience remaining: 42/50
2025-10-01 14:43:20 - Epoch 37/500 | LR=0.009873 | w_P3=1.000 | w_AVO=2.888 | lambda_MMD=0.150
2025-10-01 14:43:20 - Epoch Summary: TrainLoss=1.5178 | TrainAcc=0.649 | Val(P3)=0.570 | Val(AVO)=0.580
2025-10-01 14:43:20 - No AVO-val improvement; patience remaining: 41/50
2025-10-01 14:43:20 - Epoch 38/500 | LR=0.009865 | w_P3=1.000 | w_AVO=2.888 | lambda_MMD=0.150
2025-10-01 14:43:20 - Epoch Summary: TrainLoss=1.4247 | TrainAcc=0.643 | Val(P3)=0.579 | Val(AVO)=0.500
2025-10-01 14:43:20 - No AVO-val improvement; patience remaining: 40/50
2025-10-01 14:43:20 - AVO val decreasing 3x. Reducing w_small to 2.310, lambda_MMD to 0.075
2025-10-01 14:43:20 - Epoch 39/500 | LR=0.009858 | w_P3=1.000 | w_AVO=2.310 | lambda_MMD=0.075
2025-10-01 14:43:20 - Epoch Summary: TrainLoss=1.2552 | TrainAcc=0.654 | Val(P3)=0.576 | Val(AVO)=0.480
2025-10-01 14:43:20 - No AVO-val improvement; patience remaining: 39/50
2025-10-01 14:43:20 - AVO val decreasing 3x. Reducing w_small to 2.310, lambda_MMD to 0.075
2025-10-01 14:43:20 - Epoch 40/500 | LR=0.009851 | w_P3=1.000 | w_AVO=2.310 | lambda_MMD=0.075
2025-10-01 14:43:20 - Epoch Summary: TrainLoss=1.2595 | TrainAcc=0.654 | Val(P3)=0.608 | Val(AVO)=0.720
2025-10-01 14:43:20 - No AVO-val improvement; patience remaining: 38/50
2025-10-01 14:43:20 - Epoch 41/500 | LR=0.009843 | w_P3=1.000 | w_AVO=2.888 | lambda_MMD=0.150
2025-10-01 14:43:20 - Epoch Summary: TrainLoss=1.3844 | TrainAcc=0.643 | Val(P3)=0.592 | Val(AVO)=0.560
2025-10-01 14:43:20 - No AVO-val improvement; patience remaining: 37/50
2025-10-01 14:43:20 - Epoch 42/500 | LR=0.009835 | w_P3=1.000 | w_AVO=2.888 | lambda_MMD=0.150
2025-10-01 14:43:20 - Epoch Summary: TrainLoss=1.3530 | TrainAcc=0.652 | Val(P3)=0.589 | Val(AVO)=0.540
2025-10-01 14:43:20 - No AVO-val improvement; patience remaining: 36/50
2025-10-01 14:43:20 - AVO val decreasing 3x. Reducing w_small to 2.310, lambda_MMD to 0.075
2025-10-01 14:43:20 - P3 val decreasing 3x. Reducing lambda_MMD to 0.052
2025-10-01 14:43:20 - Epoch 43/500 | LR=0.009827 | w_P3=1.000 | w_AVO=2.310 | lambda_MMD=0.052
2025-10-01 14:43:20 - Epoch Summary: TrainLoss=1.2086 | TrainAcc=0.652 | Val(P3)=0.576 | Val(AVO)=0.500
2025-10-01 14:43:20 - No AVO-val improvement; patience remaining: 35/50
2025-10-01 14:43:20 - AVO val decreasing 3x. Reducing w_small to 2.310, lambda_MMD to 0.075
2025-10-01 14:43:20 - P3 val decreasing 3x. Reducing lambda_MMD to 0.052
2025-10-01 14:43:20 - Epoch 44/500 | LR=0.009819 | w_P3=1.000 | w_AVO=2.310 | lambda_MMD=0.052
2025-10-01 14:43:21 - Epoch Summary: TrainLoss=1.1916 | TrainAcc=0.658 | Val(P3)=0.621 | Val(AVO)=0.700
2025-10-01 14:43:21 - No AVO-val improvement; patience remaining: 34/50
2025-10-01 14:43:21 - Epoch 45/500 | LR=0.009810 | w_P3=1.000 | w_AVO=2.888 | lambda_MMD=0.150
2025-10-01 14:43:21 - Epoch Summary: TrainLoss=1.3045 | TrainAcc=0.650 | Val(P3)=0.583 | Val(AVO)=0.660
2025-10-01 14:43:21 - No AVO-val improvement; patience remaining: 33/50
2025-10-01 14:43:21 - Epoch 46/500 | LR=0.009801 | w_P3=1.000 | w_AVO=2.888 | lambda_MMD=0.150
2025-10-01 14:43:21 - Epoch Summary: TrainLoss=1.3286 | TrainAcc=0.656 | Val(P3)=0.573 | Val(AVO)=0.500
2025-10-01 14:43:21 - No AVO-val improvement; patience remaining: 32/50
2025-10-01 14:43:21 - AVO val decreasing 3x. Reducing w_small to 2.310, lambda_MMD to 0.075
2025-10-01 14:43:21 - P3 val decreasing 3x. Reducing lambda_MMD to 0.052
2025-10-01 14:43:21 - Epoch 47/500 | LR=0.009793 | w_P3=1.000 | w_AVO=2.310 | lambda_MMD=0.052
2025-10-01 14:43:21 - Epoch Summary: TrainLoss=1.1766 | TrainAcc=0.654 | Val(P3)=0.573 | Val(AVO)=0.560
2025-10-01 14:43:21 - No AVO-val improvement; patience remaining: 31/50
2025-10-01 14:43:21 - Epoch 48/500 | LR=0.009784 | w_P3=1.000 | w_AVO=2.888 | lambda_MMD=0.150
2025-10-01 14:43:21 - Epoch Summary: TrainLoss=1.2187 | TrainAcc=0.661 | Val(P3)=0.583 | Val(AVO)=0.520
2025-10-01 14:43:21 - No AVO-val improvement; patience remaining: 30/50
2025-10-01 14:43:21 - Epoch 49/500 | LR=0.009774 | w_P3=1.000 | w_AVO=2.888 | lambda_MMD=0.150
2025-10-01 14:43:21 - Epoch Summary: TrainLoss=1.2298 | TrainAcc=0.658 | Val(P3)=0.570 | Val(AVO)=0.500
2025-10-01 14:43:21 - No AVO-val improvement; patience remaining: 29/50
2025-10-01 14:43:21 - AVO val decreasing 3x. Reducing w_small to 2.310, lambda_MMD to 0.075
2025-10-01 14:43:21 - Epoch 50/500 | LR=0.009765 | w_P3=1.000 | w_AVO=2.310 | lambda_MMD=0.075
2025-10-01 14:43:21 - Epoch Summary: TrainLoss=1.0879 | TrainAcc=0.651 | Val(P3)=0.560 | Val(AVO)=0.440
2025-10-01 14:43:21 - No AVO-val improvement; patience remaining: 28/50
2025-10-01 14:43:21 - AVO val decreasing 3x. Reducing w_small to 2.310, lambda_MMD to 0.075
2025-10-01 14:43:21 - P3 val decreasing 3x. Reducing lambda_MMD to 0.052
2025-10-01 14:43:21 - Epoch 51/500 | LR=0.009755 | w_P3=1.000 | w_AVO=2.310 | lambda_MMD=0.052
2025-10-01 14:43:22 - Epoch Summary: TrainLoss=1.0822 | TrainAcc=0.658 | Val(P3)=0.595 | Val(AVO)=0.580
2025-10-01 14:43:22 - No AVO-val improvement; patience remaining: 27/50
2025-10-01 14:43:22 - Epoch 52/500 | LR=0.009745 | w_P3=1.000 | w_AVO=2.888 | lambda_MMD=0.150
2025-10-01 14:43:22 - Epoch Summary: TrainLoss=1.1659 | TrainAcc=0.679 | Val(P3)=0.583 | Val(AVO)=0.500
2025-10-01 14:43:22 - No AVO-val improvement; patience remaining: 26/50
2025-10-01 14:43:22 - Epoch 53/500 | LR=0.009735 | w_P3=1.000 | w_AVO=2.888 | lambda_MMD=0.150
2025-10-01 14:43:22 - Epoch Summary: TrainLoss=1.1773 | TrainAcc=0.662 | Val(P3)=0.595 | Val(AVO)=0.540
2025-10-01 14:43:22 - No AVO-val improvement; patience remaining: 25/50
2025-10-01 14:43:22 - Epoch 54/500 | LR=0.009725 | w_P3=1.000 | w_AVO=2.888 | lambda_MMD=0.150
2025-10-01 14:43:22 - Epoch Summary: TrainLoss=1.1678 | TrainAcc=0.649 | Val(P3)=0.595 | Val(AVO)=0.620
2025-10-01 14:43:22 - No AVO-val improvement; patience remaining: 24/50
2025-10-01 14:43:22 - Epoch 55/500 | LR=0.009715 | w_P3=1.000 | w_AVO=2.888 | lambda_MMD=0.150
2025-10-01 14:43:22 - Epoch Summary: TrainLoss=1.1065 | TrainAcc=0.669 | Val(P3)=0.602 | Val(AVO)=0.600
2025-10-01 14:43:22 - No AVO-val improvement; patience remaining: 23/50
2025-10-01 14:43:22 - Epoch 56/500 | LR=0.009704 | w_P3=1.000 | w_AVO=2.888 | lambda_MMD=0.150
2025-10-01 14:43:22 - Epoch Summary: TrainLoss=1.1161 | TrainAcc=0.664 | Val(P3)=0.557 | Val(AVO)=0.480
2025-10-01 14:43:22 - No AVO-val improvement; patience remaining: 22/50
2025-10-01 14:43:22 - AVO val decreasing 3x. Reducing w_small to 2.310, lambda_MMD to 0.075
2025-10-01 14:43:22 - Epoch 57/500 | LR=0.009694 | w_P3=1.000 | w_AVO=2.310 | lambda_MMD=0.075
2025-10-01 14:43:22 - Epoch Summary: TrainLoss=1.0032 | TrainAcc=0.654 | Val(P3)=0.573 | Val(AVO)=0.520
2025-10-01 14:43:22 - No AVO-val improvement; patience remaining: 21/50
2025-10-01 14:43:22 - Epoch 58/500 | LR=0.009683 | w_P3=1.000 | w_AVO=2.888 | lambda_MMD=0.150
2025-10-01 14:43:22 - Epoch Summary: TrainLoss=1.0885 | TrainAcc=0.657 | Val(P3)=0.602 | Val(AVO)=0.540
2025-10-01 14:43:22 - No AVO-val improvement; patience remaining: 20/50
2025-10-01 14:43:22 - Epoch 59/500 | LR=0.009672 | w_P3=1.000 | w_AVO=2.888 | lambda_MMD=0.150
2025-10-01 14:43:23 - Epoch Summary: TrainLoss=1.0940 | TrainAcc=0.661 | Val(P3)=0.599 | Val(AVO)=0.580
2025-10-01 14:43:23 - No AVO-val improvement; patience remaining: 19/50
2025-10-01 14:43:23 - Epoch 60/500 | LR=0.009660 | w_P3=1.000 | w_AVO=2.888 | lambda_MMD=0.150
2025-10-01 14:43:23 - Epoch Summary: TrainLoss=1.0551 | TrainAcc=0.675 | Val(P3)=0.573 | Val(AVO)=0.540
2025-10-01 14:43:23 - No AVO-val improvement; patience remaining: 18/50
2025-10-01 14:43:23 - P3 val decreasing 3x. Reducing lambda_MMD to 0.105
2025-10-01 14:43:23 - Epoch 61/500 | LR=0.009649 | w_P3=1.000 | w_AVO=2.888 | lambda_MMD=0.105
2025-10-01 14:43:23 - Epoch Summary: TrainLoss=1.0621 | TrainAcc=0.671 | Val(P3)=0.566 | Val(AVO)=0.520
2025-10-01 14:43:23 - No AVO-val improvement; patience remaining: 17/50
2025-10-01 14:43:23 - AVO val decreasing 3x. Reducing w_small to 2.310, lambda_MMD to 0.075
2025-10-01 14:43:23 - P3 val decreasing 3x. Reducing lambda_MMD to 0.052
2025-10-01 14:43:23 - Epoch 62/500 | LR=0.009637 | w_P3=1.000 | w_AVO=2.310 | lambda_MMD=0.052
2025-10-01 14:43:23 - Epoch Summary: TrainLoss=0.9753 | TrainAcc=0.669 | Val(P3)=0.576 | Val(AVO)=0.460
2025-10-01 14:43:23 - No AVO-val improvement; patience remaining: 16/50
2025-10-01 14:43:23 - AVO val decreasing 3x. Reducing w_small to 2.310, lambda_MMD to 0.075
2025-10-01 14:43:23 - Epoch 63/500 | LR=0.009625 | w_P3=1.000 | w_AVO=2.310 | lambda_MMD=0.075
2025-10-01 14:43:23 - Epoch Summary: TrainLoss=0.9813 | TrainAcc=0.671 | Val(P3)=0.605 | Val(AVO)=0.600
2025-10-01 14:43:23 - No AVO-val improvement; patience remaining: 15/50
2025-10-01 14:43:23 - Epoch 64/500 | LR=0.009613 | w_P3=1.000 | w_AVO=2.888 | lambda_MMD=0.150
2025-10-01 14:43:23 - Epoch Summary: TrainLoss=1.0025 | TrainAcc=0.687 | Val(P3)=0.625 | Val(AVO)=0.580
2025-10-01 14:43:23 - No AVO-val improvement; patience remaining: 14/50
2025-10-01 14:43:23 - Epoch 65/500 | LR=0.009601 | w_P3=1.000 | w_AVO=2.888 | lambda_MMD=0.150
2025-10-01 14:43:23 - Epoch Summary: TrainLoss=0.9748 | TrainAcc=0.673 | Val(P3)=0.592 | Val(AVO)=0.580
2025-10-01 14:43:23 - No AVO-val improvement; patience remaining: 13/50
2025-10-01 14:43:23 - Epoch 66/500 | LR=0.009589 | w_P3=1.000 | w_AVO=2.888 | lambda_MMD=0.150
2025-10-01 14:43:24 - Epoch Summary: TrainLoss=0.9519 | TrainAcc=0.681 | Val(P3)=0.612 | Val(AVO)=0.520
2025-10-01 14:43:24 - No AVO-val improvement; patience remaining: 12/50
2025-10-01 14:43:24 - Epoch 67/500 | LR=0.009576 | w_P3=1.000 | w_AVO=2.888 | lambda_MMD=0.150
2025-10-01 14:43:24 - Epoch Summary: TrainLoss=0.9599 | TrainAcc=0.689 | Val(P3)=0.553 | Val(AVO)=0.440
2025-10-01 14:43:24 - No AVO-val improvement; patience remaining: 11/50
2025-10-01 14:43:24 - AVO val decreasing 3x. Reducing w_small to 2.310, lambda_MMD to 0.075
2025-10-01 14:43:24 - Epoch 68/500 | LR=0.009563 | w_P3=1.000 | w_AVO=2.310 | lambda_MMD=0.075
2025-10-01 14:43:24 - Epoch Summary: TrainLoss=0.9348 | TrainAcc=0.673 | Val(P3)=0.599 | Val(AVO)=0.580
2025-10-01 14:43:24 - No AVO-val improvement; patience remaining: 10/50
2025-10-01 14:43:24 - Epoch 69/500 | LR=0.009551 | w_P3=1.000 | w_AVO=2.888 | lambda_MMD=0.150
2025-10-01 14:43:24 - Epoch Summary: TrainLoss=0.9419 | TrainAcc=0.688 | Val(P3)=0.557 | Val(AVO)=0.480
2025-10-01 14:43:24 - No AVO-val improvement; patience remaining: 9/50
2025-10-01 14:43:24 - Epoch 70/500 | LR=0.009537 | w_P3=1.000 | w_AVO=2.888 | lambda_MMD=0.150
2025-10-01 14:43:24 - Epoch Summary: TrainLoss=0.9273 | TrainAcc=0.688 | Val(P3)=0.557 | Val(AVO)=0.420
2025-10-01 14:43:24 - No AVO-val improvement; patience remaining: 8/50
2025-10-01 14:43:24 - AVO val decreasing 3x. Reducing w_small to 2.310, lambda_MMD to 0.075
2025-10-01 14:43:24 - Epoch 71/500 | LR=0.009524 | w_P3=1.000 | w_AVO=2.310 | lambda_MMD=0.075
2025-10-01 14:43:25 - Epoch Summary: TrainLoss=0.9088 | TrainAcc=0.668 | Val(P3)=0.605 | Val(AVO)=0.660
2025-10-01 14:43:25 - No AVO-val improvement; patience remaining: 7/50
2025-10-01 14:43:25 - Epoch 72/500 | LR=0.009511 | w_P3=1.000 | w_AVO=2.888 | lambda_MMD=0.150
2025-10-01 14:43:25 - Epoch Summary: TrainLoss=1.0485 | TrainAcc=0.674 | Val(P3)=0.625 | Val(AVO)=0.660
2025-10-01 14:43:25 - No AVO-val improvement; patience remaining: 6/50
2025-10-01 14:43:25 - Epoch 73/500 | LR=0.009497 | w_P3=1.000 | w_AVO=2.888 | lambda_MMD=0.150
2025-10-01 14:43:25 - Epoch Summary: TrainLoss=0.9928 | TrainAcc=0.687 | Val(P3)=0.612 | Val(AVO)=0.580
2025-10-01 14:43:25 - No AVO-val improvement; patience remaining: 5/50
2025-10-01 14:43:25 - Epoch 74/500 | LR=0.009483 | w_P3=1.000 | w_AVO=2.888 | lambda_MMD=0.150
2025-10-01 14:43:25 - Epoch Summary: TrainLoss=0.8729 | TrainAcc=0.698 | Val(P3)=0.573 | Val(AVO)=0.500
2025-10-01 14:43:25 - No AVO-val improvement; patience remaining: 4/50
2025-10-01 14:43:25 - AVO val decreasing 3x. Reducing w_small to 2.310, lambda_MMD to 0.075
2025-10-01 14:43:25 - P3 val decreasing 3x. Reducing lambda_MMD to 0.052
2025-10-01 14:43:25 - Epoch 75/500 | LR=0.009469 | w_P3=1.000 | w_AVO=2.310 | lambda_MMD=0.052
2025-10-01 14:43:25 - Epoch Summary: TrainLoss=0.8456 | TrainAcc=0.685 | Val(P3)=0.612 | Val(AVO)=0.580
2025-10-01 14:43:25 - No AVO-val improvement; patience remaining: 3/50
2025-10-01 14:43:25 - Epoch 76/500 | LR=0.009455 | w_P3=1.000 | w_AVO=2.888 | lambda_MMD=0.150
2025-10-01 14:43:25 - Epoch Summary: TrainLoss=0.9558 | TrainAcc=0.684 | Val(P3)=0.583 | Val(AVO)=0.500
2025-10-01 14:43:25 - No AVO-val improvement; patience remaining: 2/50
2025-10-01 14:43:25 - Epoch 77/500 | LR=0.009441 | w_P3=1.000 | w_AVO=2.888 | lambda_MMD=0.150
2025-10-01 14:43:25 - Epoch Summary: TrainLoss=0.8964 | TrainAcc=0.689 | Val(P3)=0.595 | Val(AVO)=0.600
2025-10-01 14:43:25 - No AVO-val improvement; patience remaining: 1/50
2025-10-01 14:43:25 - Epoch 78/500 | LR=0.009426 | w_P3=1.000 | w_AVO=2.888 | lambda_MMD=0.150
2025-10-01 14:43:26 - Epoch Summary: TrainLoss=0.8580 | TrainAcc=0.695 | Val(P3)=0.608 | Val(AVO)=0.600
2025-10-01 14:43:26 - No AVO-val improvement; patience remaining: 0/50
2025-10-01 14:43:26 - Early stopping triggered (AVO-val)
2025-10-01 14:43:26 -     P3 Test | Acc=0.5802 P=0.7031 R=0.2821 F1=0.4027 AUC=0.6537 (n=636)
2025-10-01 14:43:26 -     AVO Test | Acc=0.7160 P=0.6604 R=0.8750 F1=0.7527 AUC=0.8152 (n=81)
2025-10-01 14:43:26 -     Overall Test Acc=0.5955
2025-10-01 14:43:26 -   Fold 5/5
2025-10-01 14:43:26 - Fold domains: small=AVO (n=269), large=P3 (n=2243)
2025-10-01 14:43:26 - Auto adjustments (symmetric): w_small≈1.000, lambda_MMD_target=0.150, warmup_epochs=5
2025-10-01 14:43:26 - Epoch 1/500 | LR=0.010000 | w_P3=1.000 | w_AVO=1.378 | lambda_MMD=0.030
2025-10-01 14:43:26 - Epoch Summary: TrainLoss=1.7107 | TrainAcc=0.545 | Val(P3)=0.584 | Val(AVO)=0.549
2025-10-01 14:43:26 - New best AVO-val; checkpoint updated
2025-10-01 14:43:26 - Epoch 2/500 | LR=0.010000 | w_P3=1.000 | w_AVO=1.755 | lambda_MMD=0.060
2025-10-01 14:43:26 - Epoch Summary: TrainLoss=1.7674 | TrainAcc=0.596 | Val(P3)=0.594 | Val(AVO)=0.627
2025-10-01 14:43:26 - New best AVO-val; checkpoint updated
2025-10-01 14:43:26 - Epoch 3/500 | LR=0.010000 | w_P3=1.000 | w_AVO=2.133 | lambda_MMD=0.090
2025-10-01 14:43:26 - Epoch Summary: TrainLoss=1.9831 | TrainAcc=0.597 | Val(P3)=0.614 | Val(AVO)=0.569
2025-10-01 14:43:26 - No AVO-val improvement; patience remaining: 49/50
2025-10-01 14:43:26 - Epoch 4/500 | LR=0.009999 | w_P3=1.000 | w_AVO=2.510 | lambda_MMD=0.120
2025-10-01 14:43:26 - Epoch Summary: TrainLoss=2.2290 | TrainAcc=0.604 | Val(P3)=0.594 | Val(AVO)=0.569
2025-10-01 14:43:26 - No AVO-val improvement; patience remaining: 48/50
2025-10-01 14:43:26 - Epoch 5/500 | LR=0.009998 | w_P3=1.000 | w_AVO=2.888 | lambda_MMD=0.150
2025-10-01 14:43:27 - Epoch Summary: TrainLoss=2.4485 | TrainAcc=0.602 | Val(P3)=0.549 | Val(AVO)=0.588
2025-10-01 14:43:27 - No AVO-val improvement; patience remaining: 47/50
2025-10-01 14:43:27 - P3 val decreasing 3x. Reducing lambda_MMD to 0.105
2025-10-01 14:43:27 - Epoch 6/500 | LR=0.009998 | w_P3=1.000 | w_AVO=2.888 | lambda_MMD=0.105
2025-10-01 14:43:27 - Epoch Summary: TrainLoss=2.4975 | TrainAcc=0.596 | Val(P3)=0.552 | Val(AVO)=0.686
2025-10-01 14:43:27 - New best AVO-val; checkpoint updated
2025-10-01 14:43:27 - Epoch 7/500 | LR=0.009996 | w_P3=1.000 | w_AVO=2.888 | lambda_MMD=0.150
2025-10-01 14:43:27 - Epoch Summary: TrainLoss=2.3373 | TrainAcc=0.606 | Val(P3)=0.565 | Val(AVO)=0.549
2025-10-01 14:43:27 - No AVO-val improvement; patience remaining: 49/50
2025-10-01 14:43:27 - Epoch 8/500 | LR=0.009995 | w_P3=1.000 | w_AVO=2.888 | lambda_MMD=0.150
2025-10-01 14:43:27 - Epoch Summary: TrainLoss=2.3703 | TrainAcc=0.602 | Val(P3)=0.571 | Val(AVO)=0.647
2025-10-01 14:43:27 - No AVO-val improvement; patience remaining: 48/50
2025-10-01 14:43:27 - Epoch 9/500 | LR=0.009994 | w_P3=1.000 | w_AVO=2.888 | lambda_MMD=0.150
2025-10-01 14:43:27 - Epoch Summary: TrainLoss=2.4155 | TrainAcc=0.587 | Val(P3)=0.565 | Val(AVO)=0.765
2025-10-01 14:43:27 - New best AVO-val; checkpoint updated
2025-10-01 14:43:27 - Epoch 10/500 | LR=0.009992 | w_P3=1.000 | w_AVO=2.888 | lambda_MMD=0.150
2025-10-01 14:43:27 - Epoch Summary: TrainLoss=2.3209 | TrainAcc=0.601 | Val(P3)=0.584 | Val(AVO)=0.667
2025-10-01 14:43:27 - No AVO-val improvement; patience remaining: 49/50
2025-10-01 14:43:27 - Epoch 11/500 | LR=0.009990 | w_P3=1.000 | w_AVO=2.888 | lambda_MMD=0.150
2025-10-01 14:43:27 - Epoch Summary: TrainLoss=2.2831 | TrainAcc=0.616 | Val(P3)=0.597 | Val(AVO)=0.588
2025-10-01 14:43:27 - No AVO-val improvement; patience remaining: 48/50
2025-10-01 14:43:27 - AVO val decreasing 3x. Reducing w_small to 2.310, lambda_MMD to 0.075
2025-10-01 14:43:27 - Epoch 12/500 | LR=0.009988 | w_P3=1.000 | w_AVO=2.310 | lambda_MMD=0.075
2025-10-01 14:43:27 - Epoch Summary: TrainLoss=1.9473 | TrainAcc=0.613 | Val(P3)=0.558 | Val(AVO)=0.706
2025-10-01 14:43:27 - No AVO-val improvement; patience remaining: 47/50
2025-10-01 14:43:27 - Epoch 13/500 | LR=0.009986 | w_P3=1.000 | w_AVO=2.888 | lambda_MMD=0.150
2025-10-01 14:43:28 - Epoch Summary: TrainLoss=2.2584 | TrainAcc=0.617 | Val(P3)=0.568 | Val(AVO)=0.706
2025-10-01 14:43:28 - No AVO-val improvement; patience remaining: 46/50
2025-10-01 14:43:28 - Epoch 14/500 | LR=0.009983 | w_P3=1.000 | w_AVO=2.888 | lambda_MMD=0.150
2025-10-01 14:43:28 - Epoch Summary: TrainLoss=2.2887 | TrainAcc=0.617 | Val(P3)=0.571 | Val(AVO)=0.706
2025-10-01 14:43:28 - No AVO-val improvement; patience remaining: 45/50
2025-10-01 14:43:28 - Epoch 15/500 | LR=0.009981 | w_P3=1.000 | w_AVO=2.888 | lambda_MMD=0.150
2025-10-01 14:43:28 - Epoch Summary: TrainLoss=2.1604 | TrainAcc=0.623 | Val(P3)=0.591 | Val(AVO)=0.686
2025-10-01 14:43:28 - No AVO-val improvement; patience remaining: 44/50
2025-10-01 14:43:28 - Epoch 16/500 | LR=0.009978 | w_P3=1.000 | w_AVO=2.888 | lambda_MMD=0.150
2025-10-01 14:43:28 - Epoch Summary: TrainLoss=2.1286 | TrainAcc=0.609 | Val(P3)=0.594 | Val(AVO)=0.745
2025-10-01 14:43:28 - No AVO-val improvement; patience remaining: 43/50
2025-10-01 14:43:28 - Epoch 17/500 | LR=0.009975 | w_P3=1.000 | w_AVO=2.888 | lambda_MMD=0.150
2025-10-01 14:43:28 - Epoch Summary: TrainLoss=2.1608 | TrainAcc=0.630 | Val(P3)=0.588 | Val(AVO)=0.706
2025-10-01 14:43:28 - No AVO-val improvement; patience remaining: 42/50
2025-10-01 14:43:28 - Epoch 18/500 | LR=0.009972 | w_P3=1.000 | w_AVO=2.888 | lambda_MMD=0.150
2025-10-01 14:43:28 - Epoch Summary: TrainLoss=2.0230 | TrainAcc=0.617 | Val(P3)=0.597 | Val(AVO)=0.647
2025-10-01 14:43:28 - No AVO-val improvement; patience remaining: 41/50
2025-10-01 14:43:28 - AVO val decreasing 3x. Reducing w_small to 2.310, lambda_MMD to 0.075
2025-10-01 14:43:28 - Epoch 19/500 | LR=0.009968 | w_P3=1.000 | w_AVO=2.310 | lambda_MMD=0.075
2025-10-01 14:43:28 - Epoch Summary: TrainLoss=1.7778 | TrainAcc=0.637 | Val(P3)=0.594 | Val(AVO)=0.706
2025-10-01 14:43:28 - No AVO-val improvement; patience remaining: 40/50
2025-10-01 14:43:28 - Epoch 20/500 | LR=0.009964 | w_P3=1.000 | w_AVO=2.888 | lambda_MMD=0.150
2025-10-01 14:43:29 - Epoch Summary: TrainLoss=2.0735 | TrainAcc=0.638 | Val(P3)=0.620 | Val(AVO)=0.686
2025-10-01 14:43:29 - No AVO-val improvement; patience remaining: 39/50
2025-10-01 14:43:29 - Epoch 21/500 | LR=0.009961 | w_P3=1.000 | w_AVO=2.888 | lambda_MMD=0.150
2025-10-01 14:43:29 - Epoch Summary: TrainLoss=2.1204 | TrainAcc=0.625 | Val(P3)=0.584 | Val(AVO)=0.667
2025-10-01 14:43:29 - No AVO-val improvement; patience remaining: 38/50
2025-10-01 14:43:29 - AVO val decreasing 3x. Reducing w_small to 2.310, lambda_MMD to 0.075
2025-10-01 14:43:29 - Epoch 22/500 | LR=0.009957 | w_P3=1.000 | w_AVO=2.310 | lambda_MMD=0.075
2025-10-01 14:43:29 - Epoch Summary: TrainLoss=1.7755 | TrainAcc=0.627 | Val(P3)=0.588 | Val(AVO)=0.706
2025-10-01 14:43:29 - No AVO-val improvement; patience remaining: 37/50
2025-10-01 14:43:29 - Epoch 23/500 | LR=0.009952 | w_P3=1.000 | w_AVO=2.888 | lambda_MMD=0.150
2025-10-01 14:43:29 - Epoch Summary: TrainLoss=1.9407 | TrainAcc=0.629 | Val(P3)=0.597 | Val(AVO)=0.647
2025-10-01 14:43:29 - No AVO-val improvement; patience remaining: 36/50
2025-10-01 14:43:29 - Epoch 24/500 | LR=0.009948 | w_P3=1.000 | w_AVO=2.888 | lambda_MMD=0.150
2025-10-01 14:43:29 - Epoch Summary: TrainLoss=1.8933 | TrainAcc=0.630 | Val(P3)=0.591 | Val(AVO)=0.647
2025-10-01 14:43:29 - No AVO-val improvement; patience remaining: 35/50
2025-10-01 14:43:29 - Epoch 25/500 | LR=0.009943 | w_P3=1.000 | w_AVO=2.888 | lambda_MMD=0.150
2025-10-01 14:43:29 - Epoch Summary: TrainLoss=1.8997 | TrainAcc=0.627 | Val(P3)=0.591 | Val(AVO)=0.627
2025-10-01 14:43:29 - No AVO-val improvement; patience remaining: 34/50
2025-10-01 14:43:29 - Epoch 26/500 | LR=0.009938 | w_P3=1.000 | w_AVO=2.888 | lambda_MMD=0.150
2025-10-01 14:43:29 - Epoch Summary: TrainLoss=1.9176 | TrainAcc=0.629 | Val(P3)=0.588 | Val(AVO)=0.765
2025-10-01 14:43:29 - No AVO-val improvement; patience remaining: 33/50
2025-10-01 14:43:29 - Epoch 27/500 | LR=0.009933 | w_P3=1.000 | w_AVO=2.888 | lambda_MMD=0.150
2025-10-01 14:43:29 - Epoch Summary: TrainLoss=1.8286 | TrainAcc=0.634 | Val(P3)=0.588 | Val(AVO)=0.784
2025-10-01 14:43:29 - New best AVO-val; checkpoint updated
2025-10-01 14:43:29 - Epoch 28/500 | LR=0.009928 | w_P3=1.000 | w_AVO=2.888 | lambda_MMD=0.150
2025-10-01 14:43:30 - Epoch Summary: TrainLoss=1.8227 | TrainAcc=0.644 | Val(P3)=0.594 | Val(AVO)=0.706
2025-10-01 14:43:30 - No AVO-val improvement; patience remaining: 49/50
2025-10-01 14:43:30 - Epoch 29/500 | LR=0.009923 | w_P3=1.000 | w_AVO=2.888 | lambda_MMD=0.150
2025-10-01 14:43:30 - Epoch Summary: TrainLoss=1.7482 | TrainAcc=0.635 | Val(P3)=0.539 | Val(AVO)=0.471
2025-10-01 14:43:30 - No AVO-val improvement; patience remaining: 48/50
2025-10-01 14:43:30 - AVO val decreasing 3x. Reducing w_small to 2.310, lambda_MMD to 0.075
2025-10-01 14:43:30 - Epoch 30/500 | LR=0.009917 | w_P3=1.000 | w_AVO=2.310 | lambda_MMD=0.075
2025-10-01 14:43:30 - Epoch Summary: TrainLoss=1.5918 | TrainAcc=0.625 | Val(P3)=0.584 | Val(AVO)=0.745
2025-10-01 14:43:30 - No AVO-val improvement; patience remaining: 47/50
2025-10-01 14:43:30 - Epoch 31/500 | LR=0.009911 | w_P3=1.000 | w_AVO=2.888 | lambda_MMD=0.150
2025-10-01 14:43:30 - Epoch Summary: TrainLoss=1.8103 | TrainAcc=0.622 | Val(P3)=0.584 | Val(AVO)=0.765
2025-10-01 14:43:30 - No AVO-val improvement; patience remaining: 46/50
2025-10-01 14:43:30 - Epoch 32/500 | LR=0.009905 | w_P3=1.000 | w_AVO=2.888 | lambda_MMD=0.150
2025-10-01 14:43:30 - Epoch Summary: TrainLoss=1.7317 | TrainAcc=0.635 | Val(P3)=0.555 | Val(AVO)=0.431
2025-10-01 14:43:30 - No AVO-val improvement; patience remaining: 45/50
2025-10-01 14:43:30 - Epoch 33/500 | LR=0.009899 | w_P3=1.000 | w_AVO=2.888 | lambda_MMD=0.150
2025-10-01 14:43:30 - Epoch Summary: TrainLoss=1.6168 | TrainAcc=0.636 | Val(P3)=0.601 | Val(AVO)=0.588
2025-10-01 14:43:30 - No AVO-val improvement; patience remaining: 44/50
2025-10-01 14:43:30 - Epoch 34/500 | LR=0.009893 | w_P3=1.000 | w_AVO=2.888 | lambda_MMD=0.150
2025-10-01 14:43:30 - Epoch Summary: TrainLoss=1.6773 | TrainAcc=0.640 | Val(P3)=0.594 | Val(AVO)=0.765
2025-10-01 14:43:30 - No AVO-val improvement; patience remaining: 43/50
2025-10-01 14:43:30 - Epoch 35/500 | LR=0.009886 | w_P3=1.000 | w_AVO=2.888 | lambda_MMD=0.150
2025-10-01 14:43:30 - Epoch Summary: TrainLoss=1.6254 | TrainAcc=0.633 | Val(P3)=0.591 | Val(AVO)=0.686
2025-10-01 14:43:30 - No AVO-val improvement; patience remaining: 42/50
2025-10-01 14:43:30 - P3 val decreasing 3x. Reducing lambda_MMD to 0.105
2025-10-01 14:43:30 - Epoch 36/500 | LR=0.009880 | w_P3=1.000 | w_AVO=2.888 | lambda_MMD=0.105
2025-10-01 14:43:31 - Epoch Summary: TrainLoss=1.5980 | TrainAcc=0.650 | Val(P3)=0.601 | Val(AVO)=0.765
2025-10-01 14:43:31 - No AVO-val improvement; patience remaining: 41/50
2025-10-01 14:43:31 - Epoch 37/500 | LR=0.009873 | w_P3=1.000 | w_AVO=2.888 | lambda_MMD=0.150
2025-10-01 14:43:31 - Epoch Summary: TrainLoss=1.5992 | TrainAcc=0.643 | Val(P3)=0.597 | Val(AVO)=0.784
2025-10-01 14:43:31 - No AVO-val improvement; patience remaining: 40/50
2025-10-01 14:43:31 - Epoch 38/500 | LR=0.009865 | w_P3=1.000 | w_AVO=2.888 | lambda_MMD=0.150
2025-10-01 14:43:31 - Epoch Summary: TrainLoss=1.4990 | TrainAcc=0.646 | Val(P3)=0.591 | Val(AVO)=0.765
2025-10-01 14:43:31 - No AVO-val improvement; patience remaining: 39/50
2025-10-01 14:43:31 - P3 val decreasing 3x. Reducing lambda_MMD to 0.105
2025-10-01 14:43:31 - Epoch 39/500 | LR=0.009858 | w_P3=1.000 | w_AVO=2.888 | lambda_MMD=0.105
2025-10-01 14:43:31 - Epoch Summary: TrainLoss=1.4759 | TrainAcc=0.642 | Val(P3)=0.578 | Val(AVO)=0.765
2025-10-01 14:43:31 - No AVO-val improvement; patience remaining: 38/50
2025-10-01 14:43:31 - P3 val decreasing 3x. Reducing lambda_MMD to 0.105
2025-10-01 14:43:31 - Epoch 40/500 | LR=0.009851 | w_P3=1.000 | w_AVO=2.888 | lambda_MMD=0.105
2025-10-01 14:43:31 - Epoch Summary: TrainLoss=1.4271 | TrainAcc=0.645 | Val(P3)=0.568 | Val(AVO)=0.647
2025-10-01 14:43:31 - No AVO-val improvement; patience remaining: 37/50
2025-10-01 14:43:31 - P3 val decreasing 3x. Reducing lambda_MMD to 0.105
2025-10-01 14:43:31 - Epoch 41/500 | LR=0.009843 | w_P3=1.000 | w_AVO=2.888 | lambda_MMD=0.105
2025-10-01 14:43:31 - Epoch Summary: TrainLoss=1.4391 | TrainAcc=0.642 | Val(P3)=0.581 | Val(AVO)=0.784
2025-10-01 14:43:31 - No AVO-val improvement; patience remaining: 36/50
2025-10-01 14:43:31 - Epoch 42/500 | LR=0.009835 | w_P3=1.000 | w_AVO=2.888 | lambda_MMD=0.150
2025-10-01 14:43:31 - Epoch Summary: TrainLoss=1.4554 | TrainAcc=0.637 | Val(P3)=0.558 | Val(AVO)=0.529
2025-10-01 14:43:31 - No AVO-val improvement; patience remaining: 35/50
2025-10-01 14:43:31 - Epoch 43/500 | LR=0.009827 | w_P3=1.000 | w_AVO=2.888 | lambda_MMD=0.150
2025-10-01 14:43:31 - Epoch Summary: TrainLoss=1.4166 | TrainAcc=0.648 | Val(P3)=0.552 | Val(AVO)=0.647
2025-10-01 14:43:31 - No AVO-val improvement; patience remaining: 34/50
2025-10-01 14:43:31 - P3 val decreasing 3x. Reducing lambda_MMD to 0.105
2025-10-01 14:43:31 - Epoch 44/500 | LR=0.009819 | w_P3=1.000 | w_AVO=2.888 | lambda_MMD=0.105
2025-10-01 14:43:32 - Epoch Summary: TrainLoss=1.4018 | TrainAcc=0.645 | Val(P3)=0.581 | Val(AVO)=0.627
2025-10-01 14:43:32 - No AVO-val improvement; patience remaining: 33/50
2025-10-01 14:43:32 - Epoch 45/500 | LR=0.009810 | w_P3=1.000 | w_AVO=2.888 | lambda_MMD=0.150
2025-10-01 14:43:32 - Epoch Summary: TrainLoss=1.3666 | TrainAcc=0.654 | Val(P3)=0.578 | Val(AVO)=0.667
2025-10-01 14:43:32 - No AVO-val improvement; patience remaining: 32/50
2025-10-01 14:43:32 - Epoch 46/500 | LR=0.009801 | w_P3=1.000 | w_AVO=2.888 | lambda_MMD=0.150
2025-10-01 14:43:32 - Epoch Summary: TrainLoss=1.2902 | TrainAcc=0.651 | Val(P3)=0.571 | Val(AVO)=0.686
2025-10-01 14:43:32 - No AVO-val improvement; patience remaining: 31/50
2025-10-01 14:43:32 - P3 val decreasing 3x. Reducing lambda_MMD to 0.105
2025-10-01 14:43:32 - Epoch 47/500 | LR=0.009793 | w_P3=1.000 | w_AVO=2.888 | lambda_MMD=0.105
2025-10-01 14:43:32 - Epoch Summary: TrainLoss=1.3442 | TrainAcc=0.642 | Val(P3)=0.549 | Val(AVO)=0.608
2025-10-01 14:43:32 - No AVO-val improvement; patience remaining: 30/50
2025-10-01 14:43:32 - P3 val decreasing 3x. Reducing lambda_MMD to 0.105
2025-10-01 14:43:32 - Epoch 48/500 | LR=0.009784 | w_P3=1.000 | w_AVO=2.888 | lambda_MMD=0.105
2025-10-01 14:43:32 - Epoch Summary: TrainLoss=1.3337 | TrainAcc=0.653 | Val(P3)=0.601 | Val(AVO)=0.725
2025-10-01 14:43:32 - No AVO-val improvement; patience remaining: 29/50
2025-10-01 14:43:32 - Epoch 49/500 | LR=0.009774 | w_P3=1.000 | w_AVO=2.888 | lambda_MMD=0.150
2025-10-01 14:43:32 - Epoch Summary: TrainLoss=1.3412 | TrainAcc=0.656 | Val(P3)=0.575 | Val(AVO)=0.647
2025-10-01 14:43:32 - No AVO-val improvement; patience remaining: 28/50
2025-10-01 14:43:32 - Epoch 50/500 | LR=0.009765 | w_P3=1.000 | w_AVO=2.888 | lambda_MMD=0.150
2025-10-01 14:43:32 - Epoch Summary: TrainLoss=1.3092 | TrainAcc=0.651 | Val(P3)=0.571 | Val(AVO)=0.745
2025-10-01 14:43:32 - No AVO-val improvement; patience remaining: 27/50
2025-10-01 14:43:32 - P3 val decreasing 3x. Reducing lambda_MMD to 0.105
2025-10-01 14:43:32 - Epoch 51/500 | LR=0.009755 | w_P3=1.000 | w_AVO=2.888 | lambda_MMD=0.105
2025-10-01 14:43:32 - Epoch Summary: TrainLoss=1.2306 | TrainAcc=0.673 | Val(P3)=0.571 | Val(AVO)=0.686
2025-10-01 14:43:32 - No AVO-val improvement; patience remaining: 26/50
2025-10-01 14:43:32 - Epoch 52/500 | LR=0.009745 | w_P3=1.000 | w_AVO=2.888 | lambda_MMD=0.150
2025-10-01 14:43:33 - Epoch Summary: TrainLoss=1.2385 | TrainAcc=0.657 | Val(P3)=0.571 | Val(AVO)=0.686
2025-10-01 14:43:33 - No AVO-val improvement; patience remaining: 25/50
2025-10-01 14:43:33 - Epoch 53/500 | LR=0.009735 | w_P3=1.000 | w_AVO=2.888 | lambda_MMD=0.150
2025-10-01 14:43:33 - Epoch Summary: TrainLoss=1.2075 | TrainAcc=0.656 | Val(P3)=0.562 | Val(AVO)=0.686
2025-10-01 14:43:33 - No AVO-val improvement; patience remaining: 24/50
2025-10-01 14:43:33 - Epoch 54/500 | LR=0.009725 | w_P3=1.000 | w_AVO=2.888 | lambda_MMD=0.150
2025-10-01 14:43:33 - Epoch Summary: TrainLoss=1.2962 | TrainAcc=0.643 | Val(P3)=0.584 | Val(AVO)=0.725
2025-10-01 14:43:33 - No AVO-val improvement; patience remaining: 23/50
2025-10-01 14:43:33 - Epoch 55/500 | LR=0.009715 | w_P3=1.000 | w_AVO=2.888 | lambda_MMD=0.150
2025-10-01 14:43:33 - Epoch Summary: TrainLoss=1.2130 | TrainAcc=0.651 | Val(P3)=0.588 | Val(AVO)=0.745
2025-10-01 14:43:33 - No AVO-val improvement; patience remaining: 22/50
2025-10-01 14:43:33 - Epoch 56/500 | LR=0.009704 | w_P3=1.000 | w_AVO=2.888 | lambda_MMD=0.150
2025-10-01 14:43:33 - Epoch Summary: TrainLoss=1.2208 | TrainAcc=0.652 | Val(P3)=0.568 | Val(AVO)=0.725
2025-10-01 14:43:33 - No AVO-val improvement; patience remaining: 21/50
2025-10-01 14:43:33 - Epoch 57/500 | LR=0.009694 | w_P3=1.000 | w_AVO=2.888 | lambda_MMD=0.150
2025-10-01 14:43:33 - Epoch Summary: TrainLoss=1.1411 | TrainAcc=0.662 | Val(P3)=0.578 | Val(AVO)=0.706
2025-10-01 14:43:33 - No AVO-val improvement; patience remaining: 20/50
2025-10-01 14:43:33 - AVO val decreasing 3x. Reducing w_small to 2.310, lambda_MMD to 0.075
2025-10-01 14:43:33 - Epoch 58/500 | LR=0.009683 | w_P3=1.000 | w_AVO=2.310 | lambda_MMD=0.075
2025-10-01 14:43:33 - Epoch Summary: TrainLoss=1.0437 | TrainAcc=0.659 | Val(P3)=0.578 | Val(AVO)=0.686
2025-10-01 14:43:33 - No AVO-val improvement; patience remaining: 19/50
2025-10-01 14:43:33 - AVO val decreasing 3x. Reducing w_small to 2.310, lambda_MMD to 0.075
2025-10-01 14:43:33 - Epoch 59/500 | LR=0.009672 | w_P3=1.000 | w_AVO=2.310 | lambda_MMD=0.075
2025-10-01 14:43:34 - Epoch Summary: TrainLoss=1.0716 | TrainAcc=0.659 | Val(P3)=0.545 | Val(AVO)=0.569
2025-10-01 14:43:34 - No AVO-val improvement; patience remaining: 18/50
2025-10-01 14:43:34 - AVO val decreasing 3x. Reducing w_small to 2.310, lambda_MMD to 0.075
2025-10-01 14:43:34 - Epoch 60/500 | LR=0.009660 | w_P3=1.000 | w_AVO=2.310 | lambda_MMD=0.075
2025-10-01 14:43:34 - Epoch Summary: TrainLoss=1.0722 | TrainAcc=0.662 | Val(P3)=0.558 | Val(AVO)=0.725
2025-10-01 14:43:34 - No AVO-val improvement; patience remaining: 17/50
2025-10-01 14:43:34 - Epoch 61/500 | LR=0.009649 | w_P3=1.000 | w_AVO=2.888 | lambda_MMD=0.150
2025-10-01 14:43:34 - Epoch Summary: TrainLoss=1.1451 | TrainAcc=0.668 | Val(P3)=0.555 | Val(AVO)=0.608
2025-10-01 14:43:34 - No AVO-val improvement; patience remaining: 16/50
2025-10-01 14:43:34 - Epoch 62/500 | LR=0.009637 | w_P3=1.000 | w_AVO=2.888 | lambda_MMD=0.150
2025-10-01 14:43:34 - Epoch Summary: TrainLoss=1.1027 | TrainAcc=0.671 | Val(P3)=0.571 | Val(AVO)=0.725
2025-10-01 14:43:34 - No AVO-val improvement; patience remaining: 15/50
2025-10-01 14:43:34 - Epoch 63/500 | LR=0.009625 | w_P3=1.000 | w_AVO=2.888 | lambda_MMD=0.150
2025-10-01 14:43:34 - Epoch Summary: TrainLoss=1.1080 | TrainAcc=0.672 | Val(P3)=0.558 | Val(AVO)=0.745
2025-10-01 14:43:34 - No AVO-val improvement; patience remaining: 14/50
2025-10-01 14:43:34 - Epoch 64/500 | LR=0.009613 | w_P3=1.000 | w_AVO=2.888 | lambda_MMD=0.150
2025-10-01 14:43:34 - Epoch Summary: TrainLoss=1.0615 | TrainAcc=0.663 | Val(P3)=0.597 | Val(AVO)=0.686
2025-10-01 14:43:34 - No AVO-val improvement; patience remaining: 13/50
2025-10-01 14:43:34 - Epoch 65/500 | LR=0.009601 | w_P3=1.000 | w_AVO=2.888 | lambda_MMD=0.150
2025-10-01 14:43:34 - Epoch Summary: TrainLoss=1.0793 | TrainAcc=0.659 | Val(P3)=0.568 | Val(AVO)=0.706
2025-10-01 14:43:34 - No AVO-val improvement; patience remaining: 12/50
2025-10-01 14:43:34 - Epoch 66/500 | LR=0.009589 | w_P3=1.000 | w_AVO=2.888 | lambda_MMD=0.150
2025-10-01 14:43:35 - Epoch Summary: TrainLoss=1.0494 | TrainAcc=0.677 | Val(P3)=0.578 | Val(AVO)=0.588
2025-10-01 14:43:35 - No AVO-val improvement; patience remaining: 11/50
2025-10-01 14:43:35 - Epoch 67/500 | LR=0.009576 | w_P3=1.000 | w_AVO=2.888 | lambda_MMD=0.150
2025-10-01 14:43:35 - Epoch Summary: TrainLoss=1.0656 | TrainAcc=0.676 | Val(P3)=0.549 | Val(AVO)=0.706
2025-10-01 14:43:35 - No AVO-val improvement; patience remaining: 10/50
2025-10-01 14:43:35 - Epoch 68/500 | LR=0.009563 | w_P3=1.000 | w_AVO=2.888 | lambda_MMD=0.150
2025-10-01 14:43:35 - Epoch Summary: TrainLoss=1.0677 | TrainAcc=0.668 | Val(P3)=0.529 | Val(AVO)=0.549
2025-10-01 14:43:35 - No AVO-val improvement; patience remaining: 9/50
2025-10-01 14:43:35 - P3 val decreasing 3x. Reducing lambda_MMD to 0.105
2025-10-01 14:43:35 - Epoch 69/500 | LR=0.009551 | w_P3=1.000 | w_AVO=2.888 | lambda_MMD=0.105
2025-10-01 14:43:35 - Epoch Summary: TrainLoss=1.0663 | TrainAcc=0.677 | Val(P3)=0.558 | Val(AVO)=0.686
2025-10-01 14:43:35 - No AVO-val improvement; patience remaining: 8/50
2025-10-01 14:43:35 - Epoch 70/500 | LR=0.009537 | w_P3=1.000 | w_AVO=2.888 | lambda_MMD=0.150
2025-10-01 14:43:35 - Epoch Summary: TrainLoss=1.0676 | TrainAcc=0.671 | Val(P3)=0.578 | Val(AVO)=0.745
2025-10-01 14:43:35 - No AVO-val improvement; patience remaining: 7/50
2025-10-01 14:43:35 - Epoch 71/500 | LR=0.009524 | w_P3=1.000 | w_AVO=2.888 | lambda_MMD=0.150
2025-10-01 14:43:35 - Epoch Summary: TrainLoss=0.9604 | TrainAcc=0.678 | Val(P3)=0.571 | Val(AVO)=0.706
2025-10-01 14:43:35 - No AVO-val improvement; patience remaining: 6/50
2025-10-01 14:43:35 - Epoch 72/500 | LR=0.009511 | w_P3=1.000 | w_AVO=2.888 | lambda_MMD=0.150
2025-10-01 14:43:35 - Epoch Summary: TrainLoss=0.9811 | TrainAcc=0.679 | Val(P3)=0.584 | Val(AVO)=0.725
2025-10-01 14:43:35 - No AVO-val improvement; patience remaining: 5/50
2025-10-01 14:43:35 - Epoch 73/500 | LR=0.009497 | w_P3=1.000 | w_AVO=2.888 | lambda_MMD=0.150
2025-10-01 14:43:35 - Epoch Summary: TrainLoss=0.9587 | TrainAcc=0.682 | Val(P3)=0.562 | Val(AVO)=0.667
2025-10-01 14:43:35 - No AVO-val improvement; patience remaining: 4/50
2025-10-01 14:43:35 - Epoch 74/500 | LR=0.009483 | w_P3=1.000 | w_AVO=2.888 | lambda_MMD=0.150
2025-10-01 14:43:36 - Epoch Summary: TrainLoss=0.9449 | TrainAcc=0.686 | Val(P3)=0.575 | Val(AVO)=0.686
2025-10-01 14:43:36 - No AVO-val improvement; patience remaining: 3/50
2025-10-01 14:43:36 - Epoch 75/500 | LR=0.009469 | w_P3=1.000 | w_AVO=2.888 | lambda_MMD=0.150
2025-10-01 14:43:36 - Epoch Summary: TrainLoss=1.0054 | TrainAcc=0.663 | Val(P3)=0.549 | Val(AVO)=0.647
2025-10-01 14:43:36 - No AVO-val improvement; patience remaining: 2/50
2025-10-01 14:43:36 - Epoch 76/500 | LR=0.009455 | w_P3=1.000 | w_AVO=2.888 | lambda_MMD=0.150
2025-10-01 14:43:36 - Epoch Summary: TrainLoss=0.9803 | TrainAcc=0.680 | Val(P3)=0.568 | Val(AVO)=0.667
2025-10-01 14:43:36 - No AVO-val improvement; patience remaining: 1/50
2025-10-01 14:43:36 - Epoch 77/500 | LR=0.009441 | w_P3=1.000 | w_AVO=2.888 | lambda_MMD=0.150
2025-10-01 14:43:36 - Epoch Summary: TrainLoss=0.9952 | TrainAcc=0.678 | Val(P3)=0.591 | Val(AVO)=0.745
2025-10-01 14:43:36 - No AVO-val improvement; patience remaining: 0/50
2025-10-01 14:43:36 - Early stopping triggered (AVO-val)
2025-10-01 14:43:36 -     P3 Test | Acc=0.5934 P=0.6968 R=0.3375 F1=0.4547 AUC=0.6787 (n=637)
2025-10-01 14:43:36 -     AVO Test | Acc=0.6250 P=0.5833 R=0.7368 F1=0.6512 AUC=0.6779 (n=80)
2025-10-01 14:43:36 -     Overall Test Acc=0.5969
2025-10-01 14:43:36 - 
==================================================
2025-10-01 14:43:36 - CROSS-VALIDATION RESULTS
2025-10-01 14:43:36 - ==================================================
2025-10-01 14:43:36 - Overall accuracy: 0.5634 ± 0.0246
2025-10-01 14:43:36 - 95% Confidence Interval: [0.5532, 0.5735]
2025-10-01 14:43:36 - P3 Dataset - Mean Accuracy: 0.5552 | 95% CI: [0.5445, 0.5659]
2025-10-01 14:43:36 - AVO Dataset - Mean Accuracy: 0.6285 | 95% CI: [0.6067, 0.6504]
2025-10-01 14:43:36 - Detailed results saved to: tfdwt_v1_cap8_mmd015_detailed_20251001_144336.csv
2025-10-01 14:43:36 - Summary statistics saved to: tfdwt_summary_stats_20251001_144336.csv
