2025-09-21 20:32:06 - 
==================================================
2025-09-21 20:32:06 - TF-DWT Joint Training (Auto-Adjusted)
2025-09-21 20:32:06 - ==================================================
2025-09-21 20:32:06 - 
Experiment Configuration:
2025-09-21 20:32:06 - --------------------------------------------------
2025-09-21 20:32:06 - electrode_list: all
2025-09-21 20:32:06 - fusion_method: none
2025-09-21 20:32:06 - domain_adaptation: none
2025-09-21 20:32:06 - use_enhanced_preprocessing: True
2025-09-21 20:32:06 - batch_size: 32
2025-09-21 20:32:06 - max_epochs: 500
2025-09-21 20:32:06 - learning_rate: 0.01
2025-09-21 20:32:06 - weight_decay: 0.0001
2025-09-21 20:32:06 - dropout_rate: 0.25
2025-09-21 20:32:06 - use_data_augmentation: True
2025-09-21 20:32:06 - noise_std: 0.005
2025-09-21 20:32:06 - time_shift_range: 5
2025-09-21 20:32:06 - label_smoothing: 0.05
2025-09-21 20:32:06 - trials_per_subject_P3: 200
2025-09-21 20:32:06 - trials_per_subject_AVO: 20
2025-09-21 20:32:06 - train/val/test: (0.7, 0.1, 0.2)
2025-09-21 20:32:06 - device_mode: auto
2025-09-21 20:32:06 - --------------------------------------------------
2025-09-21 20:32:06 - 
==================================================
2025-09-21 20:32:06 - Running Nested Cross-Validation with TF-DWT
2025-09-21 20:32:06 - ==================================================
2025-09-21 20:32:06 - Loading dataset for CV: P3
2025-09-21 20:32:12 - Loading dataset for CV: AVO
2025-09-21 20:32:13 - Subject AVO_001: Sampled 20/70 trials
2025-09-21 20:32:13 -   Original distribution: {0: 0.5, 1: 0.5}
2025-09-21 20:32:13 -   Sampled distribution: {0: 0.5, 1: 0.5}
2025-09-21 20:32:13 - Subject AVO_002: Sampled 20/70 trials
2025-09-21 20:32:13 -   Original distribution: {0: 0.5, 1: 0.5}
2025-09-21 20:32:13 -   Sampled distribution: {0: 0.5, 1: 0.5}
2025-09-21 20:32:13 - Subject AVO_003: Sampled 20/88 trials
2025-09-21 20:32:13 -   Original distribution: {0: 0.5, 1: 0.5}
2025-09-21 20:32:13 -   Sampled distribution: {0: 0.5, 1: 0.5}
2025-09-21 20:32:13 - Subject AVO_004: Sampled 20/84 trials
2025-09-21 20:32:13 -   Original distribution: {0: 0.5, 1: 0.5}
2025-09-21 20:32:13 -   Sampled distribution: {0: 0.5, 1: 0.5}
2025-09-21 20:32:13 - Subject AVO_005: Sampled 20/70 trials
2025-09-21 20:32:13 -   Original distribution: {0: 0.5, 1: 0.5}
2025-09-21 20:32:13 -   Sampled distribution: {0: 0.5, 1: 0.5}
2025-09-21 20:32:14 - Subject AVO_006: Sampled 20/74 trials
2025-09-21 20:32:14 -   Original distribution: {0: 0.5, 1: 0.5}
2025-09-21 20:32:14 -   Sampled distribution: {0: 0.5, 1: 0.5}
2025-09-21 20:32:14 - Subject AVO_007: Sampled 20/78 trials
2025-09-21 20:32:14 -   Original distribution: {0: 0.5, 1: 0.5}
2025-09-21 20:32:14 -   Sampled distribution: {0: 0.5, 1: 0.5}
2025-09-21 20:32:14 - Subject AVO_008: Sampled 20/72 trials
2025-09-21 20:32:14 -   Original distribution: {0: 0.5, 1: 0.5}
2025-09-21 20:32:14 -   Sampled distribution: {0: 0.5, 1: 0.5}
2025-09-21 20:32:14 - Subject AVO_009: Sampled 20/76 trials
2025-09-21 20:32:14 -   Original distribution: {0: 0.5, 1: 0.5}
2025-09-21 20:32:14 -   Sampled distribution: {0: 0.5, 1: 0.5}
2025-09-21 20:32:14 - Subject AVO_010: Sampled 20/70 trials
2025-09-21 20:32:14 -   Original distribution: {0: 0.5, 1: 0.5}
2025-09-21 20:32:14 -   Sampled distribution: {0: 0.5, 1: 0.5}
2025-09-21 20:32:14 - Subject AVO_011: Sampled 20/60 trials
2025-09-21 20:32:14 -   Original distribution: {0: 0.5, 1: 0.5}
2025-09-21 20:32:14 -   Sampled distribution: {0: 0.5, 1: 0.5}
2025-09-21 20:32:15 - Subject AVO_012: Sampled 20/72 trials
2025-09-21 20:32:15 -   Original distribution: {0: 0.5, 1: 0.5}
2025-09-21 20:32:15 -   Sampled distribution: {0: 0.5, 1: 0.5}
2025-09-21 20:32:15 - Subject AVO_013: Sampled 20/72 trials
2025-09-21 20:32:15 -   Original distribution: {0: 0.5, 1: 0.5}
2025-09-21 20:32:15 -   Sampled distribution: {0: 0.5, 1: 0.5}
2025-09-21 20:32:15 - Subject AVO_014: Sampled 20/72 trials
2025-09-21 20:32:15 -   Original distribution: {0: 0.5, 1: 0.5}
2025-09-21 20:32:15 -   Sampled distribution: {0: 0.5, 1: 0.5}
2025-09-21 20:32:15 - Subject AVO_015: Sampled 20/56 trials
2025-09-21 20:32:15 -   Original distribution: {0: 0.5, 1: 0.5}
2025-09-21 20:32:15 -   Sampled distribution: {0: 0.5, 1: 0.5}
2025-09-21 20:32:15 - Subject AVO_016: Sampled 20/70 trials
2025-09-21 20:32:15 -   Original distribution: {0: 0.5, 1: 0.5}
2025-09-21 20:32:15 -   Sampled distribution: {0: 0.5, 1: 0.5}
2025-09-21 20:32:15 - Subject AVO_017: Sampled 20/74 trials
2025-09-21 20:32:15 -   Original distribution: {0: 0.5, 1: 0.5}
2025-09-21 20:32:15 -   Sampled distribution: {0: 0.5, 1: 0.5}
2025-09-21 20:32:16 - Subject AVO_018: Sampled 20/22 trials
2025-09-21 20:32:16 -   Original distribution: {0: 0.5, 1: 0.5}
2025-09-21 20:32:16 -   Sampled distribution: {0: 0.5, 1: 0.5}
2025-09-21 20:32:16 - Subject AVO_019: Sampled 20/76 trials
2025-09-21 20:32:16 -   Original distribution: {0: 0.5, 1: 0.5}
2025-09-21 20:32:16 -   Sampled distribution: {0: 0.5, 1: 0.5}
2025-09-21 20:32:16 - Subject AVO_020: Sampled 20/76 trials
2025-09-21 20:32:16 -   Original distribution: {0: 0.5, 1: 0.5}
2025-09-21 20:32:16 -   Sampled distribution: {0: 0.5, 1: 0.5}
2025-09-21 20:32:16 - Subject AVO_021: Sampled 20/82 trials
2025-09-21 20:32:16 -   Original distribution: {0: 0.5, 1: 0.5}
2025-09-21 20:32:16 -   Sampled distribution: {0: 0.5, 1: 0.5}
2025-09-21 20:32:16 - Subject AVO_022: Sampled 20/72 trials
2025-09-21 20:32:16 -   Original distribution: {0: 0.5, 1: 0.5}
2025-09-21 20:32:16 -   Sampled distribution: {0: 0.5, 1: 0.5}
2025-09-21 20:32:16 - Subject AVO_023: Sampled 20/78 trials
2025-09-21 20:32:16 -   Original distribution: {0: 0.5, 1: 0.5}
2025-09-21 20:32:16 -   Sampled distribution: {0: 0.5, 1: 0.5}
2025-09-21 20:32:17 - Subject AVO_024: Sampled 20/92 trials
2025-09-21 20:32:17 -   Original distribution: {0: 0.5, 1: 0.5}
2025-09-21 20:32:17 -   Sampled distribution: {0: 0.5, 1: 0.5}
2025-09-21 20:32:17 - Subject AVO_025: Sampled 20/64 trials
2025-09-21 20:32:17 -   Original distribution: {0: 0.5, 1: 0.5}
2025-09-21 20:32:17 -   Sampled distribution: {0: 0.5, 1: 0.5}
2025-09-21 20:32:17 - Subject AVO_026: Sampled 20/80 trials
2025-09-21 20:32:17 -   Original distribution: {0: 0.5, 1: 0.5}
2025-09-21 20:32:17 -   Sampled distribution: {0: 0.5, 1: 0.5}
2025-09-21 20:32:17 - Subject AVO_027: Sampled 20/68 trials
2025-09-21 20:32:17 -   Original distribution: {0: 0.5, 1: 0.5}
2025-09-21 20:32:17 -   Sampled distribution: {0: 0.5, 1: 0.5}
2025-09-21 20:32:17 - Subject AVO_028: Sampled 20/84 trials
2025-09-21 20:32:17 -   Original distribution: {0: 0.5, 1: 0.5}
2025-09-21 20:32:17 -   Sampled distribution: {0: 0.5, 1: 0.5}
2025-09-21 20:32:17 - Subject AVO_029: Sampled 20/84 trials
2025-09-21 20:32:17 -   Original distribution: {0: 0.5, 1: 0.5}
2025-09-21 20:32:17 -   Sampled distribution: {0: 0.5, 1: 0.5}
2025-09-21 20:32:18 - Subject AVO_030: Sampled 20/72 trials
2025-09-21 20:32:18 -   Original distribution: {0: 0.5, 1: 0.5}
2025-09-21 20:32:18 -   Sampled distribution: {0: 0.5, 1: 0.5}
2025-09-21 20:32:18 - Subject AVO_031: Sampled 20/88 trials
2025-09-21 20:32:18 -   Original distribution: {0: 0.5, 1: 0.5}
2025-09-21 20:32:18 -   Sampled distribution: {0: 0.5, 1: 0.5}
2025-09-21 20:32:18 - Subject AVO_032: Sampled 20/96 trials
2025-09-21 20:32:18 -   Original distribution: {0: 0.5, 1: 0.5}
2025-09-21 20:32:18 -   Sampled distribution: {0: 0.5, 1: 0.5}
2025-09-21 20:32:18 - Subject AVO_033: Sampled 20/78 trials
2025-09-21 20:32:18 -   Original distribution: {0: 0.5, 1: 0.5}
2025-09-21 20:32:18 -   Sampled distribution: {0: 0.5, 1: 0.5}
2025-09-21 20:32:18 - Subject AVO_034: Sampled 20/72 trials
2025-09-21 20:32:18 -   Original distribution: {0: 0.5, 1: 0.5}
2025-09-21 20:32:18 -   Sampled distribution: {0: 0.5, 1: 0.5}
2025-09-21 20:32:19 - Subject AVO_035: Sampled 20/88 trials
2025-09-21 20:32:19 -   Original distribution: {0: 0.5, 1: 0.5}
2025-09-21 20:32:19 -   Sampled distribution: {0: 0.5, 1: 0.5}
2025-09-21 20:32:19 - Subject AVO_036: Sampled 20/84 trials
2025-09-21 20:32:19 -   Original distribution: {0: 0.5, 1: 0.5}
2025-09-21 20:32:19 -   Sampled distribution: {0: 0.5, 1: 0.5}
2025-09-21 20:32:19 - Subject AVO_037: Sampled 20/86 trials
2025-09-21 20:32:19 -   Original distribution: {0: 0.5, 1: 0.5}
2025-09-21 20:32:19 -   Sampled distribution: {0: 0.5, 1: 0.5}
2025-09-21 20:32:19 - Subject AVO_038: Sampled 20/100 trials
2025-09-21 20:32:19 -   Original distribution: {0: 0.5, 1: 0.5}
2025-09-21 20:32:19 -   Sampled distribution: {0: 0.5, 1: 0.5}
2025-09-21 20:32:19 - Subject AVO_039: Sampled 20/70 trials
2025-09-21 20:32:19 -   Original distribution: {0: 0.5, 1: 0.5}
2025-09-21 20:32:19 -   Sampled distribution: {0: 0.5, 1: 0.5}
2025-09-21 20:32:19 - Subject AVO_040: Sampled 20/84 trials
2025-09-21 20:32:19 -   Original distribution: {0: 0.5, 1: 0.5}
2025-09-21 20:32:19 -   Sampled distribution: {0: 0.5, 1: 0.5}
2025-09-21 20:32:19 - Combined dataset summary: total=3988, P3=3188, AVO=800
2025-09-21 20:32:19 - Repeat 1/1
2025-09-21 20:32:19 -   Fold 1/5
2025-09-21 20:32:20 - Fold domains: small=AVO (n=569), large=P3 (n=2222)
2025-09-21 20:32:20 - Auto adjustments (symmetric): w_small≈1.000, lambda_MMD_target=0.200, warmup_epochs=5
2025-09-21 20:32:20 - Epoch 1/500 | LR=0.010000 | w_P3=1.000 | w_AVO=1.195 | lambda_MMD=0.040
2025-09-21 20:32:22 - Epoch Summary: TrainLoss=1.6673 | TrainAcc=0.566 | Val(P3)=0.581 | Val(AVO)=0.604
2025-09-21 20:32:22 - New best AVO-val; checkpoint updated
2025-09-21 20:32:22 - Epoch 2/500 | LR=0.010000 | w_P3=1.000 | w_AVO=1.390 | lambda_MMD=0.080
2025-09-21 20:32:24 - Epoch Summary: TrainLoss=1.5461 | TrainAcc=0.625 | Val(P3)=0.627 | Val(AVO)=0.615
2025-09-21 20:32:24 - New best AVO-val; checkpoint updated
2025-09-21 20:32:24 - Epoch 3/500 | LR=0.010000 | w_P3=1.000 | w_AVO=1.586 | lambda_MMD=0.120
2025-09-21 20:32:26 - Epoch Summary: TrainLoss=1.6342 | TrainAcc=0.613 | Val(P3)=0.623 | Val(AVO)=0.670
2025-09-21 20:32:26 - New best AVO-val; checkpoint updated
2025-09-21 20:32:26 - Epoch 4/500 | LR=0.009999 | w_P3=1.000 | w_AVO=1.781 | lambda_MMD=0.160
2025-09-21 20:32:27 - Epoch Summary: TrainLoss=1.6961 | TrainAcc=0.645 | Val(P3)=0.636 | Val(AVO)=0.670
2025-09-21 20:32:27 - No AVO-val improvement; patience remaining: 49/50
2025-09-21 20:32:27 - Epoch 5/500 | LR=0.009998 | w_P3=1.000 | w_AVO=1.976 | lambda_MMD=0.200
2025-09-21 20:32:29 - Epoch Summary: TrainLoss=1.7956 | TrainAcc=0.630 | Val(P3)=0.623 | Val(AVO)=0.670
2025-09-21 20:32:29 - No AVO-val improvement; patience remaining: 48/50
2025-09-21 20:32:29 - Epoch 6/500 | LR=0.009998 | w_P3=1.000 | w_AVO=1.976 | lambda_MMD=0.200
2025-09-21 20:32:31 - Epoch Summary: TrainLoss=1.7830 | TrainAcc=0.631 | Val(P3)=0.571 | Val(AVO)=0.659
2025-09-21 20:32:31 - No AVO-val improvement; patience remaining: 47/50
2025-09-21 20:32:31 - P3 val decreasing 3x. Reducing lambda_MMD to 0.140
2025-09-21 20:32:31 - Epoch 7/500 | LR=0.009996 | w_P3=1.000 | w_AVO=1.976 | lambda_MMD=0.140
2025-09-21 20:32:33 - Epoch Summary: TrainLoss=1.7706 | TrainAcc=0.624 | Val(P3)=0.627 | Val(AVO)=0.626
2025-09-21 20:32:33 - No AVO-val improvement; patience remaining: 46/50
2025-09-21 20:32:33 - AVO val decreasing 3x. Reducing w_small to 1.581, lambda_MMD to 0.100
2025-09-21 20:32:33 - Epoch 8/500 | LR=0.009995 | w_P3=1.000 | w_AVO=1.581 | lambda_MMD=0.100
2025-09-21 20:32:35 - Epoch Summary: TrainLoss=1.5210 | TrainAcc=0.627 | Val(P3)=0.601 | Val(AVO)=0.648
2025-09-21 20:32:35 - No AVO-val improvement; patience remaining: 45/50
2025-09-21 20:32:35 - Epoch 9/500 | LR=0.009994 | w_P3=1.000 | w_AVO=1.976 | lambda_MMD=0.200
2025-09-21 20:32:36 - Epoch Summary: TrainLoss=1.7328 | TrainAcc=0.637 | Val(P3)=0.623 | Val(AVO)=0.648
2025-09-21 20:32:36 - No AVO-val improvement; patience remaining: 44/50
2025-09-21 20:32:36 - Epoch 10/500 | LR=0.009992 | w_P3=1.000 | w_AVO=1.976 | lambda_MMD=0.200
2025-09-21 20:32:38 - Epoch Summary: TrainLoss=1.6997 | TrainAcc=0.638 | Val(P3)=0.555 | Val(AVO)=0.593
2025-09-21 20:32:38 - No AVO-val improvement; patience remaining: 43/50
2025-09-21 20:32:38 - Epoch 11/500 | LR=0.009990 | w_P3=1.000 | w_AVO=1.976 | lambda_MMD=0.200
2025-09-21 20:32:40 - Epoch Summary: TrainLoss=1.6656 | TrainAcc=0.635 | Val(P3)=0.607 | Val(AVO)=0.648
2025-09-21 20:32:40 - No AVO-val improvement; patience remaining: 42/50
2025-09-21 20:32:40 - Epoch 12/500 | LR=0.009988 | w_P3=1.000 | w_AVO=1.976 | lambda_MMD=0.200
2025-09-21 20:32:41 - Epoch Summary: TrainLoss=1.6376 | TrainAcc=0.654 | Val(P3)=0.601 | Val(AVO)=0.681
2025-09-21 20:32:41 - New best AVO-val; checkpoint updated
2025-09-21 20:32:41 - Epoch 13/500 | LR=0.009986 | w_P3=1.000 | w_AVO=1.976 | lambda_MMD=0.200
2025-09-21 20:32:43 - Epoch Summary: TrainLoss=1.6405 | TrainAcc=0.646 | Val(P3)=0.623 | Val(AVO)=0.626
2025-09-21 20:32:43 - No AVO-val improvement; patience remaining: 49/50
2025-09-21 20:32:43 - Epoch 14/500 | LR=0.009983 | w_P3=1.000 | w_AVO=1.976 | lambda_MMD=0.200
2025-09-21 20:32:45 - Epoch Summary: TrainLoss=1.6321 | TrainAcc=0.637 | Val(P3)=0.617 | Val(AVO)=0.626
2025-09-21 20:32:45 - No AVO-val improvement; patience remaining: 48/50
2025-09-21 20:32:45 - Epoch 15/500 | LR=0.009981 | w_P3=1.000 | w_AVO=1.976 | lambda_MMD=0.200
2025-09-21 20:32:46 - Epoch Summary: TrainLoss=1.5850 | TrainAcc=0.640 | Val(P3)=0.610 | Val(AVO)=0.659
2025-09-21 20:32:46 - No AVO-val improvement; patience remaining: 47/50
2025-09-21 20:32:46 - P3 val decreasing 3x. Reducing lambda_MMD to 0.140
2025-09-21 20:32:46 - Epoch 16/500 | LR=0.009978 | w_P3=1.000 | w_AVO=1.976 | lambda_MMD=0.140
2025-09-21 20:32:47 - Epoch Summary: TrainLoss=1.5828 | TrainAcc=0.650 | Val(P3)=0.604 | Val(AVO)=0.626
2025-09-21 20:32:47 - No AVO-val improvement; patience remaining: 46/50
2025-09-21 20:32:47 - P3 val decreasing 3x. Reducing lambda_MMD to 0.140
2025-09-21 20:32:47 - Epoch 17/500 | LR=0.009975 | w_P3=1.000 | w_AVO=1.976 | lambda_MMD=0.140
2025-09-21 20:32:49 - Epoch Summary: TrainLoss=1.5958 | TrainAcc=0.643 | Val(P3)=0.604 | Val(AVO)=0.648
2025-09-21 20:32:49 - No AVO-val improvement; patience remaining: 45/50
2025-09-21 20:32:49 - Epoch 18/500 | LR=0.009972 | w_P3=1.000 | w_AVO=1.976 | lambda_MMD=0.200
2025-09-21 20:32:51 - Epoch Summary: TrainLoss=1.5447 | TrainAcc=0.650 | Val(P3)=0.636 | Val(AVO)=0.615
2025-09-21 20:32:51 - No AVO-val improvement; patience remaining: 44/50
2025-09-21 20:32:51 - Epoch 19/500 | LR=0.009968 | w_P3=1.000 | w_AVO=1.976 | lambda_MMD=0.200
2025-09-21 20:32:53 - Epoch Summary: TrainLoss=1.5540 | TrainAcc=0.659 | Val(P3)=0.653 | Val(AVO)=0.692
2025-09-21 20:32:53 - New best AVO-val; checkpoint updated
2025-09-21 20:32:53 - Epoch 20/500 | LR=0.009964 | w_P3=1.000 | w_AVO=1.976 | lambda_MMD=0.200
2025-09-21 20:32:55 - Epoch Summary: TrainLoss=1.5348 | TrainAcc=0.650 | Val(P3)=0.604 | Val(AVO)=0.670
2025-09-21 20:32:55 - No AVO-val improvement; patience remaining: 49/50
2025-09-21 20:32:55 - Epoch 21/500 | LR=0.009961 | w_P3=1.000 | w_AVO=1.976 | lambda_MMD=0.200
2025-09-21 20:32:58 - Epoch Summary: TrainLoss=1.5457 | TrainAcc=0.653 | Val(P3)=0.607 | Val(AVO)=0.692
2025-09-21 20:32:58 - No AVO-val improvement; patience remaining: 48/50
2025-09-21 20:32:58 - Epoch 22/500 | LR=0.009957 | w_P3=1.000 | w_AVO=1.976 | lambda_MMD=0.200
2025-09-21 20:32:59 - Epoch Summary: TrainLoss=1.5739 | TrainAcc=0.644 | Val(P3)=0.617 | Val(AVO)=0.692
2025-09-21 20:32:59 - No AVO-val improvement; patience remaining: 47/50
2025-09-21 20:32:59 - Epoch 23/500 | LR=0.009952 | w_P3=1.000 | w_AVO=1.976 | lambda_MMD=0.200
2025-09-21 20:33:01 - Epoch Summary: TrainLoss=1.5293 | TrainAcc=0.656 | Val(P3)=0.610 | Val(AVO)=0.692
2025-09-21 20:33:01 - No AVO-val improvement; patience remaining: 46/50
2025-09-21 20:33:01 - Epoch 24/500 | LR=0.009948 | w_P3=1.000 | w_AVO=1.976 | lambda_MMD=0.200
2025-09-21 20:33:04 - Epoch Summary: TrainLoss=1.5229 | TrainAcc=0.641 | Val(P3)=0.604 | Val(AVO)=0.626
2025-09-21 20:33:04 - No AVO-val improvement; patience remaining: 45/50
2025-09-21 20:33:04 - P3 val decreasing 3x. Reducing lambda_MMD to 0.140
2025-09-21 20:33:04 - Epoch 25/500 | LR=0.009943 | w_P3=1.000 | w_AVO=1.976 | lambda_MMD=0.140
2025-09-21 20:33:05 - Epoch Summary: TrainLoss=1.4663 | TrainAcc=0.661 | Val(P3)=0.607 | Val(AVO)=0.692
2025-09-21 20:33:05 - No AVO-val improvement; patience remaining: 44/50
2025-09-21 20:33:05 - Epoch 26/500 | LR=0.009938 | w_P3=1.000 | w_AVO=1.976 | lambda_MMD=0.200
2025-09-21 20:33:07 - Epoch Summary: TrainLoss=1.5049 | TrainAcc=0.662 | Val(P3)=0.614 | Val(AVO)=0.626
2025-09-21 20:33:07 - No AVO-val improvement; patience remaining: 43/50
2025-09-21 20:33:07 - Epoch 27/500 | LR=0.009933 | w_P3=1.000 | w_AVO=1.976 | lambda_MMD=0.200
2025-09-21 20:33:09 - Epoch Summary: TrainLoss=1.4971 | TrainAcc=0.661 | Val(P3)=0.601 | Val(AVO)=0.714
2025-09-21 20:33:09 - New best AVO-val; checkpoint updated
2025-09-21 20:33:09 - Epoch 28/500 | LR=0.009928 | w_P3=1.000 | w_AVO=1.976 | lambda_MMD=0.200
2025-09-21 20:33:11 - Epoch Summary: TrainLoss=1.4767 | TrainAcc=0.650 | Val(P3)=0.617 | Val(AVO)=0.692
2025-09-21 20:33:11 - No AVO-val improvement; patience remaining: 49/50
2025-09-21 20:33:11 - Epoch 29/500 | LR=0.009923 | w_P3=1.000 | w_AVO=1.976 | lambda_MMD=0.200
2025-09-21 20:33:13 - Epoch Summary: TrainLoss=1.5072 | TrainAcc=0.644 | Val(P3)=0.607 | Val(AVO)=0.670
2025-09-21 20:33:13 - No AVO-val improvement; patience remaining: 48/50
2025-09-21 20:33:13 - AVO val decreasing 3x. Reducing w_small to 1.581, lambda_MMD to 0.100
2025-09-21 20:33:13 - Epoch 30/500 | LR=0.009917 | w_P3=1.000 | w_AVO=1.581 | lambda_MMD=0.100
2025-09-21 20:33:16 - Epoch Summary: TrainLoss=1.2999 | TrainAcc=0.646 | Val(P3)=0.617 | Val(AVO)=0.637
2025-09-21 20:33:16 - No AVO-val improvement; patience remaining: 47/50
2025-09-21 20:33:16 - AVO val decreasing 3x. Reducing w_small to 1.581, lambda_MMD to 0.100
2025-09-21 20:33:16 - Epoch 31/500 | LR=0.009911 | w_P3=1.000 | w_AVO=1.581 | lambda_MMD=0.100
2025-09-21 20:33:17 - Epoch Summary: TrainLoss=1.3112 | TrainAcc=0.645 | Val(P3)=0.617 | Val(AVO)=0.659
2025-09-21 20:33:17 - No AVO-val improvement; patience remaining: 46/50
2025-09-21 20:33:17 - Epoch 32/500 | LR=0.009905 | w_P3=1.000 | w_AVO=1.976 | lambda_MMD=0.200
2025-09-21 20:33:19 - Epoch Summary: TrainLoss=1.4428 | TrainAcc=0.674 | Val(P3)=0.604 | Val(AVO)=0.670
2025-09-21 20:33:19 - No AVO-val improvement; patience remaining: 45/50
2025-09-21 20:33:19 - Epoch 33/500 | LR=0.009899 | w_P3=1.000 | w_AVO=1.976 | lambda_MMD=0.200
2025-09-21 20:33:21 - Epoch Summary: TrainLoss=1.4734 | TrainAcc=0.658 | Val(P3)=0.591 | Val(AVO)=0.736
2025-09-21 20:33:21 - New best AVO-val; checkpoint updated
2025-09-21 20:33:21 - P3 val decreasing 3x. Reducing lambda_MMD to 0.140
2025-09-21 20:33:21 - Epoch 34/500 | LR=0.009893 | w_P3=1.000 | w_AVO=1.976 | lambda_MMD=0.140
2025-09-21 20:33:23 - Epoch Summary: TrainLoss=1.4329 | TrainAcc=0.657 | Val(P3)=0.617 | Val(AVO)=0.659
2025-09-21 20:33:23 - No AVO-val improvement; patience remaining: 49/50
2025-09-21 20:33:23 - Epoch 35/500 | LR=0.009886 | w_P3=1.000 | w_AVO=1.976 | lambda_MMD=0.200
2025-09-21 20:33:25 - Epoch Summary: TrainLoss=1.4719 | TrainAcc=0.652 | Val(P3)=0.614 | Val(AVO)=0.681
2025-09-21 20:33:25 - No AVO-val improvement; patience remaining: 48/50
2025-09-21 20:33:25 - Epoch 36/500 | LR=0.009880 | w_P3=1.000 | w_AVO=1.976 | lambda_MMD=0.200
2025-09-21 20:33:26 - Epoch Summary: TrainLoss=1.4599 | TrainAcc=0.650 | Val(P3)=0.633 | Val(AVO)=0.648
2025-09-21 20:33:26 - No AVO-val improvement; patience remaining: 47/50
2025-09-21 20:33:26 - Epoch 37/500 | LR=0.009873 | w_P3=1.000 | w_AVO=1.976 | lambda_MMD=0.200
2025-09-21 20:33:28 - Epoch Summary: TrainLoss=1.4286 | TrainAcc=0.652 | Val(P3)=0.623 | Val(AVO)=0.725
2025-09-21 20:33:28 - No AVO-val improvement; patience remaining: 46/50
2025-09-21 20:33:28 - Epoch 38/500 | LR=0.009865 | w_P3=1.000 | w_AVO=1.976 | lambda_MMD=0.200
2025-09-21 20:33:30 - Epoch Summary: TrainLoss=1.4336 | TrainAcc=0.674 | Val(P3)=0.578 | Val(AVO)=0.703
2025-09-21 20:33:30 - No AVO-val improvement; patience remaining: 45/50
2025-09-21 20:33:30 - P3 val decreasing 3x. Reducing lambda_MMD to 0.140
2025-09-21 20:33:30 - Epoch 39/500 | LR=0.009858 | w_P3=1.000 | w_AVO=1.976 | lambda_MMD=0.140
2025-09-21 20:33:32 - Epoch Summary: TrainLoss=1.4308 | TrainAcc=0.654 | Val(P3)=0.617 | Val(AVO)=0.648
2025-09-21 20:33:32 - No AVO-val improvement; patience remaining: 44/50
2025-09-21 20:33:32 - AVO val decreasing 3x. Reducing w_small to 1.581, lambda_MMD to 0.100
2025-09-21 20:33:32 - Epoch 40/500 | LR=0.009851 | w_P3=1.000 | w_AVO=1.581 | lambda_MMD=0.100
2025-09-21 20:33:33 - Epoch Summary: TrainLoss=1.2251 | TrainAcc=0.664 | Val(P3)=0.636 | Val(AVO)=0.736
2025-09-21 20:33:33 - No AVO-val improvement; patience remaining: 43/50
2025-09-21 20:33:33 - Epoch 41/500 | LR=0.009843 | w_P3=1.000 | w_AVO=1.976 | lambda_MMD=0.200
2025-09-21 20:33:35 - Epoch Summary: TrainLoss=1.4458 | TrainAcc=0.646 | Val(P3)=0.623 | Val(AVO)=0.670
2025-09-21 20:33:35 - No AVO-val improvement; patience remaining: 42/50
2025-09-21 20:33:35 - Epoch 42/500 | LR=0.009835 | w_P3=1.000 | w_AVO=1.976 | lambda_MMD=0.200
2025-09-21 20:33:37 - Epoch Summary: TrainLoss=1.4263 | TrainAcc=0.653 | Val(P3)=0.604 | Val(AVO)=0.692
2025-09-21 20:33:37 - No AVO-val improvement; patience remaining: 41/50
2025-09-21 20:33:37 - P3 val decreasing 3x. Reducing lambda_MMD to 0.140
2025-09-21 20:33:37 - Epoch 43/500 | LR=0.009827 | w_P3=1.000 | w_AVO=1.976 | lambda_MMD=0.140
2025-09-21 20:33:39 - Epoch Summary: TrainLoss=1.4160 | TrainAcc=0.648 | Val(P3)=0.604 | Val(AVO)=0.637
2025-09-21 20:33:39 - No AVO-val improvement; patience remaining: 40/50
2025-09-21 20:33:39 - Epoch 44/500 | LR=0.009819 | w_P3=1.000 | w_AVO=1.976 | lambda_MMD=0.200
2025-09-21 20:33:40 - Epoch Summary: TrainLoss=1.4246 | TrainAcc=0.658 | Val(P3)=0.607 | Val(AVO)=0.692
2025-09-21 20:33:40 - No AVO-val improvement; patience remaining: 39/50
2025-09-21 20:33:40 - Epoch 45/500 | LR=0.009810 | w_P3=1.000 | w_AVO=1.976 | lambda_MMD=0.200
2025-09-21 20:33:43 - Epoch Summary: TrainLoss=1.4000 | TrainAcc=0.661 | Val(P3)=0.588 | Val(AVO)=0.692
2025-09-21 20:33:43 - No AVO-val improvement; patience remaining: 38/50
2025-09-21 20:33:43 - Epoch 46/500 | LR=0.009801 | w_P3=1.000 | w_AVO=1.976 | lambda_MMD=0.200
2025-09-21 20:33:45 - Epoch Summary: TrainLoss=1.4411 | TrainAcc=0.656 | Val(P3)=0.610 | Val(AVO)=0.670
2025-09-21 20:33:45 - No AVO-val improvement; patience remaining: 37/50
2025-09-21 20:33:45 - Epoch 47/500 | LR=0.009793 | w_P3=1.000 | w_AVO=1.976 | lambda_MMD=0.200
2025-09-21 20:33:47 - Epoch Summary: TrainLoss=1.3881 | TrainAcc=0.656 | Val(P3)=0.562 | Val(AVO)=0.659
2025-09-21 20:33:47 - No AVO-val improvement; patience remaining: 36/50
2025-09-21 20:33:47 - AVO val decreasing 3x. Reducing w_small to 1.581, lambda_MMD to 0.100
2025-09-21 20:33:47 - Epoch 48/500 | LR=0.009784 | w_P3=1.000 | w_AVO=1.581 | lambda_MMD=0.100
2025-09-21 20:33:48 - Epoch Summary: TrainLoss=1.2672 | TrainAcc=0.658 | Val(P3)=0.623 | Val(AVO)=0.670
2025-09-21 20:33:48 - No AVO-val improvement; patience remaining: 35/50
2025-09-21 20:33:48 - Epoch 49/500 | LR=0.009774 | w_P3=1.000 | w_AVO=1.976 | lambda_MMD=0.200
2025-09-21 20:33:50 - Epoch Summary: TrainLoss=1.4149 | TrainAcc=0.649 | Val(P3)=0.607 | Val(AVO)=0.714
2025-09-21 20:33:50 - No AVO-val improvement; patience remaining: 34/50
2025-09-21 20:33:50 - Epoch 50/500 | LR=0.009765 | w_P3=1.000 | w_AVO=1.976 | lambda_MMD=0.200
2025-09-21 20:33:53 - Epoch Summary: TrainLoss=1.4071 | TrainAcc=0.663 | Val(P3)=0.620 | Val(AVO)=0.681
2025-09-21 20:33:53 - No AVO-val improvement; patience remaining: 33/50
2025-09-21 20:33:53 - Epoch 51/500 | LR=0.009755 | w_P3=1.000 | w_AVO=1.976 | lambda_MMD=0.200
2025-09-21 20:33:55 - Epoch Summary: TrainLoss=1.4234 | TrainAcc=0.669 | Val(P3)=0.623 | Val(AVO)=0.703
2025-09-21 20:33:55 - No AVO-val improvement; patience remaining: 32/50
2025-09-21 20:33:55 - Epoch 52/500 | LR=0.009745 | w_P3=1.000 | w_AVO=1.976 | lambda_MMD=0.200
2025-09-21 20:33:57 - Epoch Summary: TrainLoss=1.3671 | TrainAcc=0.663 | Val(P3)=0.633 | Val(AVO)=0.714
2025-09-21 20:33:57 - No AVO-val improvement; patience remaining: 31/50
2025-09-21 20:33:57 - Epoch 53/500 | LR=0.009735 | w_P3=1.000 | w_AVO=1.976 | lambda_MMD=0.200
2025-09-21 20:34:00 - Epoch Summary: TrainLoss=1.3877 | TrainAcc=0.654 | Val(P3)=0.610 | Val(AVO)=0.703
2025-09-21 20:34:00 - No AVO-val improvement; patience remaining: 30/50
2025-09-21 20:34:00 - Epoch 54/500 | LR=0.009725 | w_P3=1.000 | w_AVO=1.976 | lambda_MMD=0.200
2025-09-21 20:34:01 - Epoch Summary: TrainLoss=1.3618 | TrainAcc=0.669 | Val(P3)=0.614 | Val(AVO)=0.703
2025-09-21 20:34:01 - No AVO-val improvement; patience remaining: 29/50
2025-09-21 20:34:01 - Epoch 55/500 | LR=0.009715 | w_P3=1.000 | w_AVO=1.976 | lambda_MMD=0.200
2025-09-21 20:34:02 - Epoch Summary: TrainLoss=1.3596 | TrainAcc=0.663 | Val(P3)=0.581 | Val(AVO)=0.703
2025-09-21 20:34:02 - No AVO-val improvement; patience remaining: 28/50
2025-09-21 20:34:02 - Epoch 56/500 | LR=0.009704 | w_P3=1.000 | w_AVO=1.976 | lambda_MMD=0.200
2025-09-21 20:34:04 - Epoch Summary: TrainLoss=1.3660 | TrainAcc=0.666 | Val(P3)=0.614 | Val(AVO)=0.703
2025-09-21 20:34:04 - No AVO-val improvement; patience remaining: 27/50
2025-09-21 20:34:04 - Epoch 57/500 | LR=0.009694 | w_P3=1.000 | w_AVO=1.976 | lambda_MMD=0.200
2025-09-21 20:34:06 - Epoch Summary: TrainLoss=1.3571 | TrainAcc=0.658 | Val(P3)=0.597 | Val(AVO)=0.714
2025-09-21 20:34:06 - No AVO-val improvement; patience remaining: 26/50
2025-09-21 20:34:06 - Epoch 58/500 | LR=0.009683 | w_P3=1.000 | w_AVO=1.976 | lambda_MMD=0.200
2025-09-21 20:34:08 - Epoch Summary: TrainLoss=1.3874 | TrainAcc=0.670 | Val(P3)=0.623 | Val(AVO)=0.670
2025-09-21 20:34:08 - No AVO-val improvement; patience remaining: 25/50
2025-09-21 20:34:08 - Epoch 59/500 | LR=0.009672 | w_P3=1.000 | w_AVO=1.976 | lambda_MMD=0.200
2025-09-21 20:34:10 - Epoch Summary: TrainLoss=1.3266 | TrainAcc=0.668 | Val(P3)=0.620 | Val(AVO)=0.659
2025-09-21 20:34:10 - No AVO-val improvement; patience remaining: 24/50
2025-09-21 20:34:10 - AVO val decreasing 3x. Reducing w_small to 1.581, lambda_MMD to 0.100
2025-09-21 20:34:10 - Epoch 60/500 | LR=0.009660 | w_P3=1.000 | w_AVO=1.581 | lambda_MMD=0.100
2025-09-21 20:34:12 - Epoch Summary: TrainLoss=1.2136 | TrainAcc=0.661 | Val(P3)=0.640 | Val(AVO)=0.714
2025-09-21 20:34:12 - No AVO-val improvement; patience remaining: 23/50
2025-09-21 20:34:12 - Epoch 61/500 | LR=0.009649 | w_P3=1.000 | w_AVO=1.976 | lambda_MMD=0.200
2025-09-21 20:34:13 - Epoch Summary: TrainLoss=1.3748 | TrainAcc=0.680 | Val(P3)=0.607 | Val(AVO)=0.692
2025-09-21 20:34:13 - No AVO-val improvement; patience remaining: 22/50
2025-09-21 20:34:13 - Epoch 62/500 | LR=0.009637 | w_P3=1.000 | w_AVO=1.976 | lambda_MMD=0.200
2025-09-21 20:34:16 - Epoch Summary: TrainLoss=1.3670 | TrainAcc=0.658 | Val(P3)=0.614 | Val(AVO)=0.758
2025-09-21 20:34:16 - New best AVO-val; checkpoint updated
2025-09-21 20:34:16 - Epoch 63/500 | LR=0.009625 | w_P3=1.000 | w_AVO=1.976 | lambda_MMD=0.200
2025-09-21 20:34:18 - Epoch Summary: TrainLoss=1.3266 | TrainAcc=0.671 | Val(P3)=0.610 | Val(AVO)=0.714
2025-09-21 20:34:18 - No AVO-val improvement; patience remaining: 49/50
2025-09-21 20:34:18 - Epoch 64/500 | LR=0.009613 | w_P3=1.000 | w_AVO=1.976 | lambda_MMD=0.200
2025-09-21 20:34:20 - Epoch Summary: TrainLoss=1.3285 | TrainAcc=0.658 | Val(P3)=0.633 | Val(AVO)=0.747
2025-09-21 20:34:20 - No AVO-val improvement; patience remaining: 48/50
2025-09-21 20:34:20 - Epoch 65/500 | LR=0.009601 | w_P3=1.000 | w_AVO=1.976 | lambda_MMD=0.200
2025-09-21 20:34:22 - Epoch Summary: TrainLoss=1.3840 | TrainAcc=0.652 | Val(P3)=0.601 | Val(AVO)=0.714
2025-09-21 20:34:22 - No AVO-val improvement; patience remaining: 47/50
2025-09-21 20:34:22 - Epoch 66/500 | LR=0.009589 | w_P3=1.000 | w_AVO=1.976 | lambda_MMD=0.200
2025-09-21 20:34:25 - Epoch Summary: TrainLoss=1.3398 | TrainAcc=0.658 | Val(P3)=0.614 | Val(AVO)=0.692
2025-09-21 20:34:25 - No AVO-val improvement; patience remaining: 46/50
2025-09-21 20:34:25 - AVO val decreasing 3x. Reducing w_small to 1.581, lambda_MMD to 0.100
2025-09-21 20:34:25 - Epoch 67/500 | LR=0.009576 | w_P3=1.000 | w_AVO=1.581 | lambda_MMD=0.100
2025-09-21 20:34:26 - Epoch Summary: TrainLoss=1.2028 | TrainAcc=0.671 | Val(P3)=0.617 | Val(AVO)=0.725
2025-09-21 20:34:26 - No AVO-val improvement; patience remaining: 45/50
2025-09-21 20:34:26 - Epoch 68/500 | LR=0.009563 | w_P3=1.000 | w_AVO=1.976 | lambda_MMD=0.200
2025-09-21 20:34:28 - Epoch Summary: TrainLoss=1.3752 | TrainAcc=0.672 | Val(P3)=0.607 | Val(AVO)=0.670
2025-09-21 20:34:28 - No AVO-val improvement; patience remaining: 44/50
2025-09-21 20:34:28 - Epoch 69/500 | LR=0.009551 | w_P3=1.000 | w_AVO=1.976 | lambda_MMD=0.200
2025-09-21 20:34:30 - Epoch Summary: TrainLoss=1.3507 | TrainAcc=0.656 | Val(P3)=0.601 | Val(AVO)=0.692
2025-09-21 20:34:30 - No AVO-val improvement; patience remaining: 43/50
2025-09-21 20:34:30 - P3 val decreasing 3x. Reducing lambda_MMD to 0.140
2025-09-21 20:34:30 - Epoch 70/500 | LR=0.009537 | w_P3=1.000 | w_AVO=1.976 | lambda_MMD=0.140
2025-09-21 20:34:32 - Epoch Summary: TrainLoss=1.3310 | TrainAcc=0.662 | Val(P3)=0.630 | Val(AVO)=0.747
2025-09-21 20:34:32 - No AVO-val improvement; patience remaining: 42/50
2025-09-21 20:34:32 - Epoch 71/500 | LR=0.009524 | w_P3=1.000 | w_AVO=1.976 | lambda_MMD=0.200
2025-09-21 20:34:34 - Epoch Summary: TrainLoss=1.3345 | TrainAcc=0.666 | Val(P3)=0.614 | Val(AVO)=0.725
2025-09-21 20:34:34 - No AVO-val improvement; patience remaining: 41/50
2025-09-21 20:34:34 - Epoch 72/500 | LR=0.009511 | w_P3=1.000 | w_AVO=1.976 | lambda_MMD=0.200
2025-09-21 20:34:35 - Epoch Summary: TrainLoss=1.3229 | TrainAcc=0.665 | Val(P3)=0.640 | Val(AVO)=0.714
2025-09-21 20:34:35 - No AVO-val improvement; patience remaining: 40/50
2025-09-21 20:34:35 - AVO val decreasing 3x. Reducing w_small to 1.581, lambda_MMD to 0.100
2025-09-21 20:34:35 - Epoch 73/500 | LR=0.009497 | w_P3=1.000 | w_AVO=1.581 | lambda_MMD=0.100
2025-09-21 20:34:37 - Epoch Summary: TrainLoss=1.1784 | TrainAcc=0.669 | Val(P3)=0.614 | Val(AVO)=0.736
2025-09-21 20:34:37 - No AVO-val improvement; patience remaining: 39/50
2025-09-21 20:34:37 - Epoch 74/500 | LR=0.009483 | w_P3=1.000 | w_AVO=1.976 | lambda_MMD=0.200
2025-09-21 20:34:39 - Epoch Summary: TrainLoss=1.3556 | TrainAcc=0.652 | Val(P3)=0.620 | Val(AVO)=0.692
2025-09-21 20:34:39 - No AVO-val improvement; patience remaining: 38/50
2025-09-21 20:34:39 - Epoch 75/500 | LR=0.009469 | w_P3=1.000 | w_AVO=1.976 | lambda_MMD=0.200
2025-09-21 20:34:41 - Epoch Summary: TrainLoss=1.3113 | TrainAcc=0.680 | Val(P3)=0.604 | Val(AVO)=0.714
2025-09-21 20:34:41 - No AVO-val improvement; patience remaining: 37/50
2025-09-21 20:34:41 - Epoch 76/500 | LR=0.009455 | w_P3=1.000 | w_AVO=1.976 | lambda_MMD=0.200
2025-09-21 20:34:43 - Epoch Summary: TrainLoss=1.3188 | TrainAcc=0.660 | Val(P3)=0.636 | Val(AVO)=0.736
2025-09-21 20:34:43 - No AVO-val improvement; patience remaining: 36/50
2025-09-21 20:34:43 - Epoch 77/500 | LR=0.009441 | w_P3=1.000 | w_AVO=1.976 | lambda_MMD=0.200
2025-09-21 20:34:46 - Epoch Summary: TrainLoss=1.3331 | TrainAcc=0.668 | Val(P3)=0.614 | Val(AVO)=0.725
2025-09-21 20:34:46 - No AVO-val improvement; patience remaining: 35/50
2025-09-21 20:34:46 - Epoch 78/500 | LR=0.009426 | w_P3=1.000 | w_AVO=1.976 | lambda_MMD=0.200
2025-09-21 20:34:48 - Epoch Summary: TrainLoss=1.3318 | TrainAcc=0.676 | Val(P3)=0.614 | Val(AVO)=0.736
2025-09-21 20:34:48 - No AVO-val improvement; patience remaining: 34/50
2025-09-21 20:34:48 - Epoch 79/500 | LR=0.009411 | w_P3=1.000 | w_AVO=1.976 | lambda_MMD=0.200
2025-09-21 20:34:50 - Epoch Summary: TrainLoss=1.3428 | TrainAcc=0.664 | Val(P3)=0.604 | Val(AVO)=0.736
2025-09-21 20:34:50 - No AVO-val improvement; patience remaining: 33/50
2025-09-21 20:34:50 - Epoch 80/500 | LR=0.009397 | w_P3=1.000 | w_AVO=1.976 | lambda_MMD=0.200
2025-09-21 20:34:51 - Epoch Summary: TrainLoss=1.3182 | TrainAcc=0.676 | Val(P3)=0.601 | Val(AVO)=0.703
2025-09-21 20:34:51 - No AVO-val improvement; patience remaining: 32/50
2025-09-21 20:34:51 - P3 val decreasing 3x. Reducing lambda_MMD to 0.140
2025-09-21 20:34:51 - Epoch 81/500 | LR=0.009382 | w_P3=1.000 | w_AVO=1.976 | lambda_MMD=0.140
2025-09-21 20:34:54 - Epoch Summary: TrainLoss=1.3286 | TrainAcc=0.663 | Val(P3)=0.614 | Val(AVO)=0.747
2025-09-21 20:34:54 - No AVO-val improvement; patience remaining: 31/50
2025-09-21 20:34:54 - Epoch 82/500 | LR=0.009366 | w_P3=1.000 | w_AVO=1.976 | lambda_MMD=0.200
2025-09-21 20:34:56 - Epoch Summary: TrainLoss=1.3114 | TrainAcc=0.665 | Val(P3)=0.627 | Val(AVO)=0.692
2025-09-21 20:34:56 - No AVO-val improvement; patience remaining: 30/50
2025-09-21 20:34:56 - Epoch 83/500 | LR=0.009351 | w_P3=1.000 | w_AVO=1.976 | lambda_MMD=0.200
2025-09-21 20:34:57 - Epoch Summary: TrainLoss=1.3205 | TrainAcc=0.679 | Val(P3)=0.633 | Val(AVO)=0.725
2025-09-21 20:34:57 - No AVO-val improvement; patience remaining: 29/50
2025-09-21 20:34:57 - Epoch 84/500 | LR=0.009335 | w_P3=1.000 | w_AVO=1.976 | lambda_MMD=0.200
2025-09-21 20:34:59 - Epoch Summary: TrainLoss=1.2997 | TrainAcc=0.669 | Val(P3)=0.623 | Val(AVO)=0.736
2025-09-21 20:34:59 - No AVO-val improvement; patience remaining: 28/50
2025-09-21 20:34:59 - Epoch 85/500 | LR=0.009320 | w_P3=1.000 | w_AVO=1.976 | lambda_MMD=0.200
2025-09-21 20:35:01 - Epoch Summary: TrainLoss=1.2959 | TrainAcc=0.674 | Val(P3)=0.607 | Val(AVO)=0.703
2025-09-21 20:35:01 - No AVO-val improvement; patience remaining: 27/50
2025-09-21 20:35:01 - P3 val decreasing 3x. Reducing lambda_MMD to 0.140
2025-09-21 20:35:01 - Epoch 86/500 | LR=0.009304 | w_P3=1.000 | w_AVO=1.976 | lambda_MMD=0.140
2025-09-21 20:35:03 - Epoch Summary: TrainLoss=1.3556 | TrainAcc=0.668 | Val(P3)=0.617 | Val(AVO)=0.769
2025-09-21 20:35:03 - New best AVO-val; checkpoint updated
2025-09-21 20:35:03 - Epoch 87/500 | LR=0.009288 | w_P3=1.000 | w_AVO=1.976 | lambda_MMD=0.200
2025-09-21 20:35:05 - Epoch Summary: TrainLoss=1.3173 | TrainAcc=0.661 | Val(P3)=0.578 | Val(AVO)=0.714
2025-09-21 20:35:05 - No AVO-val improvement; patience remaining: 49/50
2025-09-21 20:35:05 - Epoch 88/500 | LR=0.009271 | w_P3=1.000 | w_AVO=1.976 | lambda_MMD=0.200
2025-09-21 20:35:07 - Epoch Summary: TrainLoss=1.2998 | TrainAcc=0.680 | Val(P3)=0.620 | Val(AVO)=0.747
2025-09-21 20:35:07 - No AVO-val improvement; patience remaining: 48/50
2025-09-21 20:35:07 - Epoch 89/500 | LR=0.009255 | w_P3=1.000 | w_AVO=1.976 | lambda_MMD=0.200
2025-09-21 20:35:09 - Epoch Summary: TrainLoss=1.2699 | TrainAcc=0.685 | Val(P3)=0.607 | Val(AVO)=0.747
2025-09-21 20:35:09 - No AVO-val improvement; patience remaining: 47/50
2025-09-21 20:35:09 - Epoch 90/500 | LR=0.009238 | w_P3=1.000 | w_AVO=1.976 | lambda_MMD=0.200
2025-09-21 20:35:10 - Epoch Summary: TrainLoss=1.3148 | TrainAcc=0.670 | Val(P3)=0.610 | Val(AVO)=0.747
2025-09-21 20:35:10 - No AVO-val improvement; patience remaining: 46/50
2025-09-21 20:35:10 - Epoch 91/500 | LR=0.009222 | w_P3=1.000 | w_AVO=1.976 | lambda_MMD=0.200
2025-09-21 20:35:12 - Epoch Summary: TrainLoss=1.2999 | TrainAcc=0.666 | Val(P3)=0.614 | Val(AVO)=0.758
2025-09-21 20:35:12 - No AVO-val improvement; patience remaining: 45/50
2025-09-21 20:35:12 - Epoch 92/500 | LR=0.009205 | w_P3=1.000 | w_AVO=1.976 | lambda_MMD=0.200
2025-09-21 20:35:14 - Epoch Summary: TrainLoss=1.3030 | TrainAcc=0.680 | Val(P3)=0.591 | Val(AVO)=0.747
2025-09-21 20:35:14 - No AVO-val improvement; patience remaining: 44/50
2025-09-21 20:35:14 - Epoch 93/500 | LR=0.009188 | w_P3=1.000 | w_AVO=1.976 | lambda_MMD=0.200
2025-09-21 20:35:15 - Epoch Summary: TrainLoss=1.2815 | TrainAcc=0.667 | Val(P3)=0.620 | Val(AVO)=0.747
2025-09-21 20:35:15 - No AVO-val improvement; patience remaining: 43/50
2025-09-21 20:35:15 - Epoch 94/500 | LR=0.009170 | w_P3=1.000 | w_AVO=1.976 | lambda_MMD=0.200
2025-09-21 20:35:17 - Epoch Summary: TrainLoss=1.2926 | TrainAcc=0.672 | Val(P3)=0.591 | Val(AVO)=0.747
2025-09-21 20:35:17 - No AVO-val improvement; patience remaining: 42/50
2025-09-21 20:35:17 - Epoch 95/500 | LR=0.009153 | w_P3=1.000 | w_AVO=1.976 | lambda_MMD=0.200
2025-09-21 20:35:19 - Epoch Summary: TrainLoss=1.3109 | TrainAcc=0.668 | Val(P3)=0.633 | Val(AVO)=0.747
2025-09-21 20:35:19 - No AVO-val improvement; patience remaining: 41/50
2025-09-21 20:35:19 - Epoch 96/500 | LR=0.009135 | w_P3=1.000 | w_AVO=1.976 | lambda_MMD=0.200
2025-09-21 20:35:21 - Epoch Summary: TrainLoss=1.2776 | TrainAcc=0.677 | Val(P3)=0.604 | Val(AVO)=0.747
2025-09-21 20:35:21 - No AVO-val improvement; patience remaining: 40/50
2025-09-21 20:35:21 - Epoch 97/500 | LR=0.009118 | w_P3=1.000 | w_AVO=1.976 | lambda_MMD=0.200
2025-09-21 20:35:23 - Epoch Summary: TrainLoss=1.2927 | TrainAcc=0.673 | Val(P3)=0.607 | Val(AVO)=0.703
2025-09-21 20:35:23 - No AVO-val improvement; patience remaining: 39/50
2025-09-21 20:35:23 - Epoch 98/500 | LR=0.009100 | w_P3=1.000 | w_AVO=1.976 | lambda_MMD=0.200
2025-09-21 20:35:25 - Epoch Summary: TrainLoss=1.3152 | TrainAcc=0.668 | Val(P3)=0.610 | Val(AVO)=0.725
2025-09-21 20:35:25 - No AVO-val improvement; patience remaining: 38/50
2025-09-21 20:35:25 - Epoch 99/500 | LR=0.009082 | w_P3=1.000 | w_AVO=1.976 | lambda_MMD=0.200
2025-09-21 20:35:27 - Epoch Summary: TrainLoss=1.3226 | TrainAcc=0.647 | Val(P3)=0.607 | Val(AVO)=0.758
2025-09-21 20:35:27 - No AVO-val improvement; patience remaining: 37/50
2025-09-21 20:35:27 - Epoch 100/500 | LR=0.009063 | w_P3=1.000 | w_AVO=1.976 | lambda_MMD=0.200
2025-09-21 20:35:30 - Epoch Summary: TrainLoss=1.3218 | TrainAcc=0.663 | Val(P3)=0.623 | Val(AVO)=0.758
2025-09-21 20:35:30 - No AVO-val improvement; patience remaining: 36/50
2025-09-21 20:35:30 - Epoch 101/500 | LR=0.009045 | w_P3=1.000 | w_AVO=1.976 | lambda_MMD=0.200
2025-09-21 20:35:31 - Epoch Summary: TrainLoss=1.2783 | TrainAcc=0.671 | Val(P3)=0.617 | Val(AVO)=0.714
2025-09-21 20:35:31 - No AVO-val improvement; patience remaining: 35/50
2025-09-21 20:35:31 - Epoch 102/500 | LR=0.009027 | w_P3=1.000 | w_AVO=1.976 | lambda_MMD=0.200
2025-09-21 20:35:33 - Epoch Summary: TrainLoss=1.2844 | TrainAcc=0.664 | Val(P3)=0.630 | Val(AVO)=0.714
2025-09-21 20:35:33 - No AVO-val improvement; patience remaining: 34/50
2025-09-21 20:35:33 - Epoch 103/500 | LR=0.009008 | w_P3=1.000 | w_AVO=1.976 | lambda_MMD=0.200
2025-09-21 20:35:34 - Epoch Summary: TrainLoss=1.3140 | TrainAcc=0.674 | Val(P3)=0.584 | Val(AVO)=0.725
2025-09-21 20:35:34 - No AVO-val improvement; patience remaining: 33/50
2025-09-21 20:35:34 - Epoch 104/500 | LR=0.008989 | w_P3=1.000 | w_AVO=1.976 | lambda_MMD=0.200
2025-09-21 20:35:36 - Epoch Summary: TrainLoss=1.2809 | TrainAcc=0.665 | Val(P3)=0.601 | Val(AVO)=0.714
2025-09-21 20:35:36 - No AVO-val improvement; patience remaining: 32/50
2025-09-21 20:35:36 - Epoch 105/500 | LR=0.008970 | w_P3=1.000 | w_AVO=1.976 | lambda_MMD=0.200
2025-09-21 20:35:38 - Epoch Summary: TrainLoss=1.2972 | TrainAcc=0.684 | Val(P3)=0.604 | Val(AVO)=0.725
2025-09-21 20:35:38 - No AVO-val improvement; patience remaining: 31/50
2025-09-21 20:35:38 - Epoch 106/500 | LR=0.008951 | w_P3=1.000 | w_AVO=1.976 | lambda_MMD=0.200
2025-09-21 20:35:41 - Epoch Summary: TrainLoss=1.2787 | TrainAcc=0.667 | Val(P3)=0.610 | Val(AVO)=0.769
2025-09-21 20:35:41 - No AVO-val improvement; patience remaining: 30/50
2025-09-21 20:35:41 - Epoch 107/500 | LR=0.008931 | w_P3=1.000 | w_AVO=1.976 | lambda_MMD=0.200
2025-09-21 20:35:43 - Epoch Summary: TrainLoss=1.2717 | TrainAcc=0.698 | Val(P3)=0.627 | Val(AVO)=0.758
2025-09-21 20:35:43 - No AVO-val improvement; patience remaining: 29/50
2025-09-21 20:35:43 - Epoch 108/500 | LR=0.008912 | w_P3=1.000 | w_AVO=1.976 | lambda_MMD=0.200
2025-09-21 20:35:45 - Epoch Summary: TrainLoss=1.2807 | TrainAcc=0.662 | Val(P3)=0.597 | Val(AVO)=0.714
2025-09-21 20:35:45 - No AVO-val improvement; patience remaining: 28/50
2025-09-21 20:35:45 - AVO val decreasing 3x. Reducing w_small to 1.581, lambda_MMD to 0.100
2025-09-21 20:35:45 - Epoch 109/500 | LR=0.008892 | w_P3=1.000 | w_AVO=1.581 | lambda_MMD=0.100
2025-09-21 20:35:47 - Epoch Summary: TrainLoss=1.1240 | TrainAcc=0.670 | Val(P3)=0.617 | Val(AVO)=0.747
2025-09-21 20:35:47 - No AVO-val improvement; patience remaining: 27/50
2025-09-21 20:35:47 - Epoch 110/500 | LR=0.008873 | w_P3=1.000 | w_AVO=1.976 | lambda_MMD=0.200
2025-09-21 20:35:49 - Epoch Summary: TrainLoss=1.2839 | TrainAcc=0.676 | Val(P3)=0.617 | Val(AVO)=0.736
2025-09-21 20:35:49 - No AVO-val improvement; patience remaining: 26/50
2025-09-21 20:35:49 - Epoch 111/500 | LR=0.008853 | w_P3=1.000 | w_AVO=1.976 | lambda_MMD=0.200
2025-09-21 20:35:51 - Epoch Summary: TrainLoss=1.3022 | TrainAcc=0.671 | Val(P3)=0.630 | Val(AVO)=0.747
2025-09-21 20:35:51 - No AVO-val improvement; patience remaining: 25/50
2025-09-21 20:35:51 - Epoch 112/500 | LR=0.008832 | w_P3=1.000 | w_AVO=1.976 | lambda_MMD=0.200
2025-09-21 20:35:52 - Epoch Summary: TrainLoss=1.2523 | TrainAcc=0.673 | Val(P3)=0.604 | Val(AVO)=0.736
2025-09-21 20:35:52 - No AVO-val improvement; patience remaining: 24/50
2025-09-21 20:35:52 - Epoch 113/500 | LR=0.008812 | w_P3=1.000 | w_AVO=1.976 | lambda_MMD=0.200
2025-09-21 20:35:54 - Epoch Summary: TrainLoss=1.2354 | TrainAcc=0.675 | Val(P3)=0.581 | Val(AVO)=0.714
2025-09-21 20:35:54 - No AVO-val improvement; patience remaining: 23/50
2025-09-21 20:35:54 - AVO val decreasing 3x. Reducing w_small to 1.581, lambda_MMD to 0.100
2025-09-21 20:35:54 - P3 val decreasing 3x. Reducing lambda_MMD to 0.070
2025-09-21 20:35:54 - Epoch 114/500 | LR=0.008792 | w_P3=1.000 | w_AVO=1.581 | lambda_MMD=0.070
2025-09-21 20:35:57 - Epoch Summary: TrainLoss=1.1409 | TrainAcc=0.678 | Val(P3)=0.594 | Val(AVO)=0.769
2025-09-21 20:35:57 - No AVO-val improvement; patience remaining: 22/50
2025-09-21 20:35:57 - Epoch 115/500 | LR=0.008771 | w_P3=1.000 | w_AVO=1.976 | lambda_MMD=0.200
2025-09-21 20:35:59 - Epoch Summary: TrainLoss=1.2634 | TrainAcc=0.662 | Val(P3)=0.607 | Val(AVO)=0.780
2025-09-21 20:35:59 - New best AVO-val; checkpoint updated
2025-09-21 20:35:59 - Epoch 116/500 | LR=0.008751 | w_P3=1.000 | w_AVO=1.976 | lambda_MMD=0.200
2025-09-21 20:36:01 - Epoch Summary: TrainLoss=1.2610 | TrainAcc=0.685 | Val(P3)=0.617 | Val(AVO)=0.725
2025-09-21 20:36:01 - No AVO-val improvement; patience remaining: 49/50
2025-09-21 20:36:01 - Epoch 117/500 | LR=0.008730 | w_P3=1.000 | w_AVO=1.976 | lambda_MMD=0.200
2025-09-21 20:36:03 - Epoch Summary: TrainLoss=1.2780 | TrainAcc=0.666 | Val(P3)=0.594 | Val(AVO)=0.769
2025-09-21 20:36:03 - No AVO-val improvement; patience remaining: 48/50
2025-09-21 20:36:03 - Epoch 118/500 | LR=0.008709 | w_P3=1.000 | w_AVO=1.976 | lambda_MMD=0.200
2025-09-21 20:36:04 - Epoch Summary: TrainLoss=1.2506 | TrainAcc=0.663 | Val(P3)=0.568 | Val(AVO)=0.725
2025-09-21 20:36:04 - No AVO-val improvement; patience remaining: 47/50
2025-09-21 20:36:04 - P3 val decreasing 3x. Reducing lambda_MMD to 0.140
2025-09-21 20:36:04 - Epoch 119/500 | LR=0.008688 | w_P3=1.000 | w_AVO=1.976 | lambda_MMD=0.140
2025-09-21 20:36:06 - Epoch Summary: TrainLoss=1.2803 | TrainAcc=0.675 | Val(P3)=0.617 | Val(AVO)=0.747
2025-09-21 20:36:06 - No AVO-val improvement; patience remaining: 46/50
2025-09-21 20:36:06 - Epoch 120/500 | LR=0.008666 | w_P3=1.000 | w_AVO=1.976 | lambda_MMD=0.200
2025-09-21 20:36:08 - Epoch Summary: TrainLoss=1.2746 | TrainAcc=0.685 | Val(P3)=0.591 | Val(AVO)=0.747
2025-09-21 20:36:08 - No AVO-val improvement; patience remaining: 45/50
2025-09-21 20:36:08 - Epoch 121/500 | LR=0.008645 | w_P3=1.000 | w_AVO=1.976 | lambda_MMD=0.200
2025-09-21 20:36:10 - Epoch Summary: TrainLoss=1.2143 | TrainAcc=0.684 | Val(P3)=0.627 | Val(AVO)=0.769
2025-09-21 20:36:10 - No AVO-val improvement; patience remaining: 44/50
2025-09-21 20:36:10 - Epoch 122/500 | LR=0.008623 | w_P3=1.000 | w_AVO=1.976 | lambda_MMD=0.200
2025-09-21 20:36:12 - Epoch Summary: TrainLoss=1.2596 | TrainAcc=0.665 | Val(P3)=0.571 | Val(AVO)=0.692
2025-09-21 20:36:12 - No AVO-val improvement; patience remaining: 43/50
2025-09-21 20:36:12 - Epoch 123/500 | LR=0.008602 | w_P3=1.000 | w_AVO=1.976 | lambda_MMD=0.200
2025-09-21 20:36:14 - Epoch Summary: TrainLoss=1.3099 | TrainAcc=0.667 | Val(P3)=0.617 | Val(AVO)=0.692
2025-09-21 20:36:14 - No AVO-val improvement; patience remaining: 42/50
2025-09-21 20:36:14 - Epoch 124/500 | LR=0.008580 | w_P3=1.000 | w_AVO=1.976 | lambda_MMD=0.200
2025-09-21 20:36:16 - Epoch Summary: TrainLoss=1.2843 | TrainAcc=0.671 | Val(P3)=0.627 | Val(AVO)=0.725
2025-09-21 20:36:16 - No AVO-val improvement; patience remaining: 41/50
2025-09-21 20:36:16 - Epoch 125/500 | LR=0.008558 | w_P3=1.000 | w_AVO=1.976 | lambda_MMD=0.200
2025-09-21 20:36:18 - Epoch Summary: TrainLoss=1.2684 | TrainAcc=0.676 | Val(P3)=0.610 | Val(AVO)=0.747
2025-09-21 20:36:18 - No AVO-val improvement; patience remaining: 40/50
2025-09-21 20:36:18 - Epoch 126/500 | LR=0.008536 | w_P3=1.000 | w_AVO=1.976 | lambda_MMD=0.200
2025-09-21 20:36:19 - Epoch Summary: TrainLoss=1.2564 | TrainAcc=0.671 | Val(P3)=0.610 | Val(AVO)=0.714
2025-09-21 20:36:19 - No AVO-val improvement; patience remaining: 39/50
2025-09-21 20:36:19 - Epoch 127/500 | LR=0.008513 | w_P3=1.000 | w_AVO=1.976 | lambda_MMD=0.200
2025-09-21 20:36:21 - Epoch Summary: TrainLoss=1.2650 | TrainAcc=0.674 | Val(P3)=0.597 | Val(AVO)=0.736
2025-09-21 20:36:21 - No AVO-val improvement; patience remaining: 38/50
2025-09-21 20:36:21 - Epoch 128/500 | LR=0.008491 | w_P3=1.000 | w_AVO=1.976 | lambda_MMD=0.200
2025-09-21 20:36:23 - Epoch Summary: TrainLoss=1.2279 | TrainAcc=0.685 | Val(P3)=0.601 | Val(AVO)=0.736
2025-09-21 20:36:23 - No AVO-val improvement; patience remaining: 37/50
2025-09-21 20:36:23 - Epoch 129/500 | LR=0.008468 | w_P3=1.000 | w_AVO=1.976 | lambda_MMD=0.200
2025-09-21 20:36:25 - Epoch Summary: TrainLoss=1.2620 | TrainAcc=0.676 | Val(P3)=0.575 | Val(AVO)=0.747
2025-09-21 20:36:25 - No AVO-val improvement; patience remaining: 36/50
2025-09-21 20:36:25 - Epoch 130/500 | LR=0.008446 | w_P3=1.000 | w_AVO=1.976 | lambda_MMD=0.200
2025-09-21 20:36:27 - Epoch Summary: TrainLoss=1.2631 | TrainAcc=0.678 | Val(P3)=0.597 | Val(AVO)=0.769
2025-09-21 20:36:27 - No AVO-val improvement; patience remaining: 35/50
2025-09-21 20:36:27 - Epoch 131/500 | LR=0.008423 | w_P3=1.000 | w_AVO=1.976 | lambda_MMD=0.200
2025-09-21 20:36:29 - Epoch Summary: TrainLoss=1.2547 | TrainAcc=0.662 | Val(P3)=0.607 | Val(AVO)=0.747
2025-09-21 20:36:29 - No AVO-val improvement; patience remaining: 34/50
2025-09-21 20:36:29 - Epoch 132/500 | LR=0.008400 | w_P3=1.000 | w_AVO=1.976 | lambda_MMD=0.200
2025-09-21 20:36:30 - Epoch Summary: TrainLoss=1.2751 | TrainAcc=0.671 | Val(P3)=0.584 | Val(AVO)=0.769
2025-09-21 20:36:30 - No AVO-val improvement; patience remaining: 33/50
2025-09-21 20:36:30 - Epoch 133/500 | LR=0.008377 | w_P3=1.000 | w_AVO=1.976 | lambda_MMD=0.200
2025-09-21 20:36:33 - Epoch Summary: TrainLoss=1.2097 | TrainAcc=0.680 | Val(P3)=0.601 | Val(AVO)=0.692
2025-09-21 20:36:33 - No AVO-val improvement; patience remaining: 32/50
2025-09-21 20:36:33 - Epoch 134/500 | LR=0.008353 | w_P3=1.000 | w_AVO=1.976 | lambda_MMD=0.200
2025-09-21 20:36:35 - Epoch Summary: TrainLoss=1.2328 | TrainAcc=0.660 | Val(P3)=0.610 | Val(AVO)=0.725
2025-09-21 20:36:35 - No AVO-val improvement; patience remaining: 31/50
2025-09-21 20:36:35 - Epoch 135/500 | LR=0.008330 | w_P3=1.000 | w_AVO=1.976 | lambda_MMD=0.200
2025-09-21 20:36:37 - Epoch Summary: TrainLoss=1.2499 | TrainAcc=0.667 | Val(P3)=0.604 | Val(AVO)=0.736
2025-09-21 20:36:37 - No AVO-val improvement; patience remaining: 30/50
2025-09-21 20:36:37 - Epoch 136/500 | LR=0.008307 | w_P3=1.000 | w_AVO=1.976 | lambda_MMD=0.200
2025-09-21 20:36:39 - Epoch Summary: TrainLoss=1.2186 | TrainAcc=0.681 | Val(P3)=0.601 | Val(AVO)=0.703
2025-09-21 20:36:39 - No AVO-val improvement; patience remaining: 29/50
2025-09-21 20:36:39 - P3 val decreasing 3x. Reducing lambda_MMD to 0.140
2025-09-21 20:36:39 - Epoch 137/500 | LR=0.008283 | w_P3=1.000 | w_AVO=1.976 | lambda_MMD=0.140
2025-09-21 20:36:41 - Epoch Summary: TrainLoss=1.2780 | TrainAcc=0.676 | Val(P3)=0.591 | Val(AVO)=0.703
2025-09-21 20:36:41 - No AVO-val improvement; patience remaining: 28/50
2025-09-21 20:36:41 - P3 val decreasing 3x. Reducing lambda_MMD to 0.140
2025-09-21 20:36:41 - Epoch 138/500 | LR=0.008259 | w_P3=1.000 | w_AVO=1.976 | lambda_MMD=0.140
2025-09-21 20:36:43 - Epoch Summary: TrainLoss=1.2192 | TrainAcc=0.679 | Val(P3)=0.607 | Val(AVO)=0.736
2025-09-21 20:36:43 - No AVO-val improvement; patience remaining: 27/50
2025-09-21 20:36:43 - Epoch 139/500 | LR=0.008235 | w_P3=1.000 | w_AVO=1.976 | lambda_MMD=0.200
2025-09-21 20:36:44 - Epoch Summary: TrainLoss=1.2238 | TrainAcc=0.682 | Val(P3)=0.620 | Val(AVO)=0.736
2025-09-21 20:36:44 - No AVO-val improvement; patience remaining: 26/50
2025-09-21 20:36:44 - Epoch 140/500 | LR=0.008211 | w_P3=1.000 | w_AVO=1.976 | lambda_MMD=0.200
2025-09-21 20:36:46 - Epoch Summary: TrainLoss=1.2384 | TrainAcc=0.663 | Val(P3)=0.620 | Val(AVO)=0.725
2025-09-21 20:36:46 - No AVO-val improvement; patience remaining: 25/50
2025-09-21 20:36:46 - Epoch 141/500 | LR=0.008187 | w_P3=1.000 | w_AVO=1.976 | lambda_MMD=0.200
2025-09-21 20:36:49 - Epoch Summary: TrainLoss=1.2440 | TrainAcc=0.685 | Val(P3)=0.601 | Val(AVO)=0.769
2025-09-21 20:36:49 - No AVO-val improvement; patience remaining: 24/50
2025-09-21 20:36:49 - Epoch 142/500 | LR=0.008163 | w_P3=1.000 | w_AVO=1.976 | lambda_MMD=0.200
2025-09-21 20:36:49 - Epoch Summary: TrainLoss=1.2351 | TrainAcc=0.674 | Val(P3)=0.620 | Val(AVO)=0.780
2025-09-21 20:36:49 - No AVO-val improvement; patience remaining: 23/50
2025-09-21 20:36:49 - Epoch 143/500 | LR=0.008138 | w_P3=1.000 | w_AVO=1.976 | lambda_MMD=0.200
2025-09-21 20:36:50 - Epoch Summary: TrainLoss=1.2471 | TrainAcc=0.676 | Val(P3)=0.607 | Val(AVO)=0.747
2025-09-21 20:36:50 - No AVO-val improvement; patience remaining: 22/50
2025-09-21 20:36:50 - Epoch 144/500 | LR=0.008114 | w_P3=1.000 | w_AVO=1.976 | lambda_MMD=0.200
2025-09-21 20:36:51 - Epoch Summary: TrainLoss=1.2436 | TrainAcc=0.667 | Val(P3)=0.614 | Val(AVO)=0.747
2025-09-21 20:36:51 - No AVO-val improvement; patience remaining: 21/50
2025-09-21 20:36:51 - Epoch 145/500 | LR=0.008089 | w_P3=1.000 | w_AVO=1.976 | lambda_MMD=0.200
2025-09-21 20:36:53 - Epoch Summary: TrainLoss=1.2217 | TrainAcc=0.669 | Val(P3)=0.607 | Val(AVO)=0.747
2025-09-21 20:36:53 - No AVO-val improvement; patience remaining: 20/50
2025-09-21 20:36:53 - Epoch 146/500 | LR=0.008065 | w_P3=1.000 | w_AVO=1.976 | lambda_MMD=0.200
2025-09-21 20:36:54 - Epoch Summary: TrainLoss=1.2059 | TrainAcc=0.681 | Val(P3)=0.617 | Val(AVO)=0.736
2025-09-21 20:36:54 - No AVO-val improvement; patience remaining: 19/50
2025-09-21 20:36:54 - Epoch 147/500 | LR=0.008040 | w_P3=1.000 | w_AVO=1.976 | lambda_MMD=0.200
2025-09-21 20:36:56 - Epoch Summary: TrainLoss=1.2217 | TrainAcc=0.694 | Val(P3)=0.607 | Val(AVO)=0.703
2025-09-21 20:36:56 - No AVO-val improvement; patience remaining: 18/50
2025-09-21 20:36:56 - AVO val decreasing 3x. Reducing w_small to 1.581, lambda_MMD to 0.100
2025-09-21 20:36:56 - Epoch 148/500 | LR=0.008015 | w_P3=1.000 | w_AVO=1.581 | lambda_MMD=0.100
2025-09-21 20:36:58 - Epoch Summary: TrainLoss=1.1282 | TrainAcc=0.673 | Val(P3)=0.604 | Val(AVO)=0.714
2025-09-21 20:36:58 - No AVO-val improvement; patience remaining: 17/50
2025-09-21 20:36:58 - P3 val decreasing 3x. Reducing lambda_MMD to 0.140
2025-09-21 20:36:58 - Epoch 149/500 | LR=0.007990 | w_P3=1.000 | w_AVO=1.976 | lambda_MMD=0.140
2025-09-21 20:37:00 - Epoch Summary: TrainLoss=1.2250 | TrainAcc=0.666 | Val(P3)=0.610 | Val(AVO)=0.714
2025-09-21 20:37:00 - No AVO-val improvement; patience remaining: 16/50
2025-09-21 20:37:00 - Epoch 150/500 | LR=0.007964 | w_P3=1.000 | w_AVO=1.976 | lambda_MMD=0.200
2025-09-21 20:37:01 - Epoch Summary: TrainLoss=1.2223 | TrainAcc=0.686 | Val(P3)=0.617 | Val(AVO)=0.692
2025-09-21 20:37:01 - No AVO-val improvement; patience remaining: 15/50
2025-09-21 20:37:01 - Epoch 151/500 | LR=0.007939 | w_P3=1.000 | w_AVO=1.976 | lambda_MMD=0.200
2025-09-21 20:37:04 - Epoch Summary: TrainLoss=1.2128 | TrainAcc=0.690 | Val(P3)=0.610 | Val(AVO)=0.703
2025-09-21 20:37:04 - No AVO-val improvement; patience remaining: 14/50
2025-09-21 20:37:04 - Epoch 152/500 | LR=0.007913 | w_P3=1.000 | w_AVO=1.976 | lambda_MMD=0.200
2025-09-21 20:37:06 - Epoch Summary: TrainLoss=1.2135 | TrainAcc=0.688 | Val(P3)=0.617 | Val(AVO)=0.725
2025-09-21 20:37:06 - No AVO-val improvement; patience remaining: 13/50
2025-09-21 20:37:06 - Epoch 153/500 | LR=0.007888 | w_P3=1.000 | w_AVO=1.976 | lambda_MMD=0.200
2025-09-21 20:37:08 - Epoch Summary: TrainLoss=1.2705 | TrainAcc=0.677 | Val(P3)=0.610 | Val(AVO)=0.758
2025-09-21 20:37:08 - No AVO-val improvement; patience remaining: 12/50
2025-09-21 20:37:08 - Epoch 154/500 | LR=0.007862 | w_P3=1.000 | w_AVO=1.976 | lambda_MMD=0.200
2025-09-21 20:37:10 - Epoch Summary: TrainLoss=1.2187 | TrainAcc=0.671 | Val(P3)=0.588 | Val(AVO)=0.703
2025-09-21 20:37:10 - No AVO-val improvement; patience remaining: 11/50
2025-09-21 20:37:10 - P3 val decreasing 3x. Reducing lambda_MMD to 0.140
2025-09-21 20:37:10 - Epoch 155/500 | LR=0.007836 | w_P3=1.000 | w_AVO=1.976 | lambda_MMD=0.140
2025-09-21 20:37:12 - Epoch Summary: TrainLoss=1.2277 | TrainAcc=0.680 | Val(P3)=0.607 | Val(AVO)=0.736
2025-09-21 20:37:12 - No AVO-val improvement; patience remaining: 10/50
2025-09-21 20:37:12 - Epoch 156/500 | LR=0.007810 | w_P3=1.000 | w_AVO=1.976 | lambda_MMD=0.200
2025-09-21 20:37:14 - Epoch Summary: TrainLoss=1.2317 | TrainAcc=0.676 | Val(P3)=0.597 | Val(AVO)=0.714
2025-09-21 20:37:14 - No AVO-val improvement; patience remaining: 9/50
2025-09-21 20:37:14 - Epoch 157/500 | LR=0.007784 | w_P3=1.000 | w_AVO=1.976 | lambda_MMD=0.200
2025-09-21 20:37:15 - Epoch Summary: TrainLoss=1.2392 | TrainAcc=0.667 | Val(P3)=0.604 | Val(AVO)=0.736
2025-09-21 20:37:15 - No AVO-val improvement; patience remaining: 8/50
2025-09-21 20:37:15 - Epoch 158/500 | LR=0.007758 | w_P3=1.000 | w_AVO=1.976 | lambda_MMD=0.200
2025-09-21 20:37:18 - Epoch Summary: TrainLoss=1.2127 | TrainAcc=0.672 | Val(P3)=0.601 | Val(AVO)=0.703
2025-09-21 20:37:18 - No AVO-val improvement; patience remaining: 7/50
2025-09-21 20:37:18 - Epoch 159/500 | LR=0.007732 | w_P3=1.000 | w_AVO=1.976 | lambda_MMD=0.200
2025-09-21 20:37:19 - Epoch Summary: TrainLoss=1.2386 | TrainAcc=0.677 | Val(P3)=0.601 | Val(AVO)=0.736
2025-09-21 20:37:19 - No AVO-val improvement; patience remaining: 6/50
2025-09-21 20:37:19 - Epoch 160/500 | LR=0.007706 | w_P3=1.000 | w_AVO=1.976 | lambda_MMD=0.200
2025-09-21 20:37:22 - Epoch Summary: TrainLoss=1.2131 | TrainAcc=0.674 | Val(P3)=0.604 | Val(AVO)=0.747
2025-09-21 20:37:22 - No AVO-val improvement; patience remaining: 5/50
2025-09-21 20:37:22 - Epoch 161/500 | LR=0.007679 | w_P3=1.000 | w_AVO=1.976 | lambda_MMD=0.200
2025-09-21 20:37:24 - Epoch Summary: TrainLoss=1.2366 | TrainAcc=0.677 | Val(P3)=0.607 | Val(AVO)=0.692
2025-09-21 20:37:24 - No AVO-val improvement; patience remaining: 4/50
2025-09-21 20:37:24 - Epoch 162/500 | LR=0.007653 | w_P3=1.000 | w_AVO=1.976 | lambda_MMD=0.200
2025-09-21 20:37:25 - Epoch Summary: TrainLoss=1.2118 | TrainAcc=0.679 | Val(P3)=0.597 | Val(AVO)=0.725
2025-09-21 20:37:25 - No AVO-val improvement; patience remaining: 3/50
2025-09-21 20:37:25 - Epoch 163/500 | LR=0.007626 | w_P3=1.000 | w_AVO=1.976 | lambda_MMD=0.200
2025-09-21 20:37:27 - Epoch Summary: TrainLoss=1.1968 | TrainAcc=0.686 | Val(P3)=0.620 | Val(AVO)=0.736
2025-09-21 20:37:27 - No AVO-val improvement; patience remaining: 2/50
2025-09-21 20:37:27 - Epoch 164/500 | LR=0.007599 | w_P3=1.000 | w_AVO=1.976 | lambda_MMD=0.200
2025-09-21 20:37:29 - Epoch Summary: TrainLoss=1.2285 | TrainAcc=0.682 | Val(P3)=0.601 | Val(AVO)=0.692
2025-09-21 20:37:29 - No AVO-val improvement; patience remaining: 1/50
2025-09-21 20:37:29 - Epoch 165/500 | LR=0.007572 | w_P3=1.000 | w_AVO=1.976 | lambda_MMD=0.200
2025-09-21 20:37:31 - Epoch Summary: TrainLoss=1.2310 | TrainAcc=0.685 | Val(P3)=0.630 | Val(AVO)=0.736
2025-09-21 20:37:31 - No AVO-val improvement; patience remaining: 0/50
2025-09-21 20:37:31 - Early stopping triggered (AVO-val)
2025-09-21 20:37:31 -     P3 Test | Acc=0.5912 P=0.5826 R=0.6341 F1=0.6073 AUC=0.6340 (n=658)
2025-09-21 20:37:31 -     AVO Test | Acc=0.6214 P=0.6154 R=0.6761 F1=0.6443 AUC=0.6848 (n=140)
2025-09-21 20:37:31 -     Overall Test Acc=0.5965
2025-09-21 20:37:31 -   Fold 2/5
2025-09-21 20:37:31 - Fold domains: small=AVO (n=555), large=P3 (n=2236)
2025-09-21 20:37:31 - Auto adjustments (symmetric): w_small≈1.000, lambda_MMD_target=0.300, warmup_epochs=5
2025-09-21 20:37:31 - Epoch 1/500 | LR=0.010000 | w_P3=1.000 | w_AVO=1.201 | lambda_MMD=0.060
2025-09-21 20:37:33 - Epoch Summary: TrainLoss=1.6750 | TrainAcc=0.557 | Val(P3)=0.608 | Val(AVO)=0.545
2025-09-21 20:37:33 - New best AVO-val; checkpoint updated
2025-09-21 20:37:33 - Epoch 2/500 | LR=0.010000 | w_P3=1.000 | w_AVO=1.403 | lambda_MMD=0.120
2025-09-21 20:37:34 - Epoch Summary: TrainLoss=1.5917 | TrainAcc=0.592 | Val(P3)=0.659 | Val(AVO)=0.659
2025-09-21 20:37:34 - New best AVO-val; checkpoint updated
2025-09-21 20:37:34 - Epoch 3/500 | LR=0.010000 | w_P3=1.000 | w_AVO=1.604 | lambda_MMD=0.180
2025-09-21 20:37:37 - Epoch Summary: TrainLoss=1.6637 | TrainAcc=0.623 | Val(P3)=0.630 | Val(AVO)=0.659
2025-09-21 20:37:37 - No AVO-val improvement; patience remaining: 49/50
2025-09-21 20:37:37 - Epoch 4/500 | LR=0.009999 | w_P3=1.000 | w_AVO=1.806 | lambda_MMD=0.240
2025-09-21 20:37:39 - Epoch Summary: TrainLoss=1.7316 | TrainAcc=0.628 | Val(P3)=0.646 | Val(AVO)=0.614
2025-09-21 20:37:39 - No AVO-val improvement; patience remaining: 48/50
2025-09-21 20:37:39 - Epoch 5/500 | LR=0.009998 | w_P3=1.000 | w_AVO=2.007 | lambda_MMD=0.300
2025-09-21 20:37:41 - Epoch Summary: TrainLoss=1.8496 | TrainAcc=0.622 | Val(P3)=0.646 | Val(AVO)=0.636
2025-09-21 20:37:41 - No AVO-val improvement; patience remaining: 47/50
2025-09-21 20:37:41 - Epoch 6/500 | LR=0.009998 | w_P3=1.000 | w_AVO=2.007 | lambda_MMD=0.300
2025-09-21 20:37:43 - Epoch Summary: TrainLoss=1.7870 | TrainAcc=0.640 | Val(P3)=0.630 | Val(AVO)=0.693
2025-09-21 20:37:43 - New best AVO-val; checkpoint updated
2025-09-21 20:37:43 - Epoch 7/500 | LR=0.009996 | w_P3=1.000 | w_AVO=2.007 | lambda_MMD=0.300
2025-09-21 20:37:46 - Epoch Summary: TrainLoss=1.8137 | TrainAcc=0.629 | Val(P3)=0.650 | Val(AVO)=0.625
2025-09-21 20:37:46 - No AVO-val improvement; patience remaining: 49/50
2025-09-21 20:37:46 - Epoch 8/500 | LR=0.009995 | w_P3=1.000 | w_AVO=2.007 | lambda_MMD=0.300
2025-09-21 20:37:47 - Epoch Summary: TrainLoss=1.7762 | TrainAcc=0.637 | Val(P3)=0.621 | Val(AVO)=0.636
2025-09-21 20:37:47 - No AVO-val improvement; patience remaining: 48/50
2025-09-21 20:37:47 - Epoch 9/500 | LR=0.009994 | w_P3=1.000 | w_AVO=2.007 | lambda_MMD=0.300
2025-09-21 20:37:49 - Epoch Summary: TrainLoss=1.7274 | TrainAcc=0.628 | Val(P3)=0.659 | Val(AVO)=0.670
2025-09-21 20:37:49 - No AVO-val improvement; patience remaining: 47/50
2025-09-21 20:37:49 - Epoch 10/500 | LR=0.009992 | w_P3=1.000 | w_AVO=2.007 | lambda_MMD=0.300
2025-09-21 20:37:50 - Epoch Summary: TrainLoss=1.7029 | TrainAcc=0.631 | Val(P3)=0.653 | Val(AVO)=0.625
2025-09-21 20:37:50 - No AVO-val improvement; patience remaining: 46/50
2025-09-21 20:37:50 - Epoch 11/500 | LR=0.009990 | w_P3=1.000 | w_AVO=2.007 | lambda_MMD=0.300
2025-09-21 20:37:52 - Epoch Summary: TrainLoss=1.6950 | TrainAcc=0.632 | Val(P3)=0.646 | Val(AVO)=0.614
2025-09-21 20:37:52 - No AVO-val improvement; patience remaining: 45/50
2025-09-21 20:37:52 - AVO val decreasing 3x. Reducing w_small to 1.606, lambda_MMD to 0.150
2025-09-21 20:37:52 - P3 val decreasing 3x. Reducing lambda_MMD to 0.105
2025-09-21 20:37:52 - Epoch 12/500 | LR=0.009988 | w_P3=1.000 | w_AVO=1.606 | lambda_MMD=0.105
2025-09-21 20:37:54 - Epoch Summary: TrainLoss=1.4446 | TrainAcc=0.644 | Val(P3)=0.640 | Val(AVO)=0.670
2025-09-21 20:37:54 - No AVO-val improvement; patience remaining: 44/50
2025-09-21 20:37:54 - P3 val decreasing 3x. Reducing lambda_MMD to 0.210
2025-09-21 20:37:54 - Epoch 13/500 | LR=0.009986 | w_P3=1.000 | w_AVO=2.007 | lambda_MMD=0.210
2025-09-21 20:37:56 - Epoch Summary: TrainLoss=1.6396 | TrainAcc=0.630 | Val(P3)=0.643 | Val(AVO)=0.648
2025-09-21 20:37:56 - No AVO-val improvement; patience remaining: 43/50
2025-09-21 20:37:56 - Epoch 14/500 | LR=0.009983 | w_P3=1.000 | w_AVO=2.007 | lambda_MMD=0.300
2025-09-21 20:37:58 - Epoch Summary: TrainLoss=1.6566 | TrainAcc=0.636 | Val(P3)=0.630 | Val(AVO)=0.625
2025-09-21 20:37:58 - No AVO-val improvement; patience remaining: 42/50
2025-09-21 20:37:58 - AVO val decreasing 3x. Reducing w_small to 1.606, lambda_MMD to 0.150
2025-09-21 20:37:58 - Epoch 15/500 | LR=0.009981 | w_P3=1.000 | w_AVO=1.606 | lambda_MMD=0.150
2025-09-21 20:38:00 - Epoch Summary: TrainLoss=1.4354 | TrainAcc=0.641 | Val(P3)=0.627 | Val(AVO)=0.648
2025-09-21 20:38:00 - No AVO-val improvement; patience remaining: 41/50
2025-09-21 20:38:00 - P3 val decreasing 3x. Reducing lambda_MMD to 0.210
2025-09-21 20:38:00 - Epoch 16/500 | LR=0.009978 | w_P3=1.000 | w_AVO=2.007 | lambda_MMD=0.210
2025-09-21 20:38:02 - Epoch Summary: TrainLoss=1.6426 | TrainAcc=0.647 | Val(P3)=0.621 | Val(AVO)=0.682
2025-09-21 20:38:02 - No AVO-val improvement; patience remaining: 40/50
2025-09-21 20:38:02 - P3 val decreasing 3x. Reducing lambda_MMD to 0.210
2025-09-21 20:38:02 - Epoch 17/500 | LR=0.009975 | w_P3=1.000 | w_AVO=2.007 | lambda_MMD=0.210
2025-09-21 20:38:04 - Epoch Summary: TrainLoss=1.5970 | TrainAcc=0.648 | Val(P3)=0.624 | Val(AVO)=0.705
2025-09-21 20:38:04 - New best AVO-val; checkpoint updated
2025-09-21 20:38:04 - Epoch 18/500 | LR=0.009972 | w_P3=1.000 | w_AVO=2.007 | lambda_MMD=0.300
2025-09-21 20:38:06 - Epoch Summary: TrainLoss=1.5978 | TrainAcc=0.642 | Val(P3)=0.643 | Val(AVO)=0.670
2025-09-21 20:38:06 - No AVO-val improvement; patience remaining: 49/50
2025-09-21 20:38:06 - Epoch 19/500 | LR=0.009968 | w_P3=1.000 | w_AVO=2.007 | lambda_MMD=0.300
2025-09-21 20:38:08 - Epoch Summary: TrainLoss=1.6151 | TrainAcc=0.650 | Val(P3)=0.653 | Val(AVO)=0.659
2025-09-21 20:38:08 - No AVO-val improvement; patience remaining: 48/50
2025-09-21 20:38:08 - AVO val decreasing 3x. Reducing w_small to 1.606, lambda_MMD to 0.150
2025-09-21 20:38:08 - Epoch 20/500 | LR=0.009964 | w_P3=1.000 | w_AVO=1.606 | lambda_MMD=0.150
2025-09-21 20:38:10 - Epoch Summary: TrainLoss=1.4023 | TrainAcc=0.643 | Val(P3)=0.640 | Val(AVO)=0.682
2025-09-21 20:38:10 - No AVO-val improvement; patience remaining: 47/50
2025-09-21 20:38:10 - Epoch 21/500 | LR=0.009961 | w_P3=1.000 | w_AVO=2.007 | lambda_MMD=0.300
2025-09-21 20:38:12 - Epoch Summary: TrainLoss=1.6007 | TrainAcc=0.641 | Val(P3)=0.640 | Val(AVO)=0.682
2025-09-21 20:38:12 - No AVO-val improvement; patience remaining: 46/50
2025-09-21 20:38:12 - Epoch 22/500 | LR=0.009957 | w_P3=1.000 | w_AVO=2.007 | lambda_MMD=0.300
2025-09-21 20:38:14 - Epoch Summary: TrainLoss=1.5661 | TrainAcc=0.647 | Val(P3)=0.627 | Val(AVO)=0.625
2025-09-21 20:38:14 - No AVO-val improvement; patience remaining: 45/50
2025-09-21 20:38:14 - Epoch 23/500 | LR=0.009952 | w_P3=1.000 | w_AVO=2.007 | lambda_MMD=0.300
2025-09-21 20:38:15 - Epoch Summary: TrainLoss=1.5699 | TrainAcc=0.645 | Val(P3)=0.627 | Val(AVO)=0.705
2025-09-21 20:38:15 - No AVO-val improvement; patience remaining: 44/50
2025-09-21 20:38:15 - Epoch 24/500 | LR=0.009948 | w_P3=1.000 | w_AVO=2.007 | lambda_MMD=0.300
2025-09-21 20:38:17 - Epoch Summary: TrainLoss=1.5364 | TrainAcc=0.651 | Val(P3)=0.630 | Val(AVO)=0.693
2025-09-21 20:38:17 - No AVO-val improvement; patience remaining: 43/50
2025-09-21 20:38:17 - Epoch 25/500 | LR=0.009943 | w_P3=1.000 | w_AVO=2.007 | lambda_MMD=0.300
2025-09-21 20:38:18 - Epoch Summary: TrainLoss=1.5531 | TrainAcc=0.648 | Val(P3)=0.640 | Val(AVO)=0.636
2025-09-21 20:38:18 - No AVO-val improvement; patience remaining: 42/50
2025-09-21 20:38:18 - AVO val decreasing 3x. Reducing w_small to 1.606, lambda_MMD to 0.150
2025-09-21 20:38:18 - Epoch 26/500 | LR=0.009938 | w_P3=1.000 | w_AVO=1.606 | lambda_MMD=0.150
2025-09-21 20:38:21 - Epoch Summary: TrainLoss=1.3673 | TrainAcc=0.654 | Val(P3)=0.611 | Val(AVO)=0.670
2025-09-21 20:38:21 - No AVO-val improvement; patience remaining: 41/50
2025-09-21 20:38:21 - Epoch 27/500 | LR=0.009933 | w_P3=1.000 | w_AVO=2.007 | lambda_MMD=0.300
2025-09-21 20:38:22 - Epoch Summary: TrainLoss=1.5086 | TrainAcc=0.655 | Val(P3)=0.640 | Val(AVO)=0.693
2025-09-21 20:38:22 - No AVO-val improvement; patience remaining: 40/50
2025-09-21 20:38:22 - Epoch 28/500 | LR=0.009928 | w_P3=1.000 | w_AVO=2.007 | lambda_MMD=0.300
2025-09-21 20:38:24 - Epoch Summary: TrainLoss=1.5418 | TrainAcc=0.645 | Val(P3)=0.640 | Val(AVO)=0.648
2025-09-21 20:38:24 - No AVO-val improvement; patience remaining: 39/50
2025-09-21 20:38:24 - Epoch 29/500 | LR=0.009923 | w_P3=1.000 | w_AVO=2.007 | lambda_MMD=0.300
2025-09-21 20:38:26 - Epoch Summary: TrainLoss=1.5214 | TrainAcc=0.639 | Val(P3)=0.627 | Val(AVO)=0.659
2025-09-21 20:38:26 - No AVO-val improvement; patience remaining: 38/50
2025-09-21 20:38:26 - Epoch 30/500 | LR=0.009917 | w_P3=1.000 | w_AVO=2.007 | lambda_MMD=0.300
2025-09-21 20:38:27 - Epoch Summary: TrainLoss=1.5222 | TrainAcc=0.657 | Val(P3)=0.633 | Val(AVO)=0.716
2025-09-21 20:38:27 - New best AVO-val; checkpoint updated
2025-09-21 20:38:27 - Epoch 31/500 | LR=0.009911 | w_P3=1.000 | w_AVO=2.007 | lambda_MMD=0.300
2025-09-21 20:38:29 - Epoch Summary: TrainLoss=1.4808 | TrainAcc=0.643 | Val(P3)=0.627 | Val(AVO)=0.682
2025-09-21 20:38:29 - No AVO-val improvement; patience remaining: 49/50
2025-09-21 20:38:29 - Epoch 32/500 | LR=0.009905 | w_P3=1.000 | w_AVO=2.007 | lambda_MMD=0.300
2025-09-21 20:38:31 - Epoch Summary: TrainLoss=1.5070 | TrainAcc=0.650 | Val(P3)=0.627 | Val(AVO)=0.693
2025-09-21 20:38:31 - No AVO-val improvement; patience remaining: 48/50
2025-09-21 20:38:31 - Epoch 33/500 | LR=0.009899 | w_P3=1.000 | w_AVO=2.007 | lambda_MMD=0.300
2025-09-21 20:38:33 - Epoch Summary: TrainLoss=1.4879 | TrainAcc=0.651 | Val(P3)=0.614 | Val(AVO)=0.716
2025-09-21 20:38:33 - No AVO-val improvement; patience remaining: 47/50
2025-09-21 20:38:33 - Epoch 34/500 | LR=0.009893 | w_P3=1.000 | w_AVO=2.007 | lambda_MMD=0.300
2025-09-21 20:38:35 - Epoch Summary: TrainLoss=1.5047 | TrainAcc=0.644 | Val(P3)=0.605 | Val(AVO)=0.659
2025-09-21 20:38:35 - No AVO-val improvement; patience remaining: 46/50
2025-09-21 20:38:35 - P3 val decreasing 3x. Reducing lambda_MMD to 0.210
2025-09-21 20:38:35 - Epoch 35/500 | LR=0.009886 | w_P3=1.000 | w_AVO=2.007 | lambda_MMD=0.210
2025-09-21 20:38:38 - Epoch Summary: TrainLoss=1.4828 | TrainAcc=0.645 | Val(P3)=0.633 | Val(AVO)=0.670
2025-09-21 20:38:38 - No AVO-val improvement; patience remaining: 45/50
2025-09-21 20:38:38 - Epoch 36/500 | LR=0.009880 | w_P3=1.000 | w_AVO=2.007 | lambda_MMD=0.300
2025-09-21 20:38:39 - Epoch Summary: TrainLoss=1.4723 | TrainAcc=0.654 | Val(P3)=0.633 | Val(AVO)=0.670
2025-09-21 20:38:39 - No AVO-val improvement; patience remaining: 44/50
2025-09-21 20:38:39 - Epoch 37/500 | LR=0.009873 | w_P3=1.000 | w_AVO=2.007 | lambda_MMD=0.300
2025-09-21 20:38:42 - Epoch Summary: TrainLoss=1.5182 | TrainAcc=0.643 | Val(P3)=0.640 | Val(AVO)=0.727
2025-09-21 20:38:42 - New best AVO-val; checkpoint updated
2025-09-21 20:38:42 - Epoch 38/500 | LR=0.009865 | w_P3=1.000 | w_AVO=2.007 | lambda_MMD=0.300
2025-09-21 20:38:44 - Epoch Summary: TrainLoss=1.4819 | TrainAcc=0.655 | Val(P3)=0.630 | Val(AVO)=0.716
2025-09-21 20:38:44 - No AVO-val improvement; patience remaining: 49/50
2025-09-21 20:38:44 - Epoch 39/500 | LR=0.009858 | w_P3=1.000 | w_AVO=2.007 | lambda_MMD=0.300
2025-09-21 20:38:46 - Epoch Summary: TrainLoss=1.5005 | TrainAcc=0.633 | Val(P3)=0.637 | Val(AVO)=0.670
2025-09-21 20:38:46 - No AVO-val improvement; patience remaining: 48/50
2025-09-21 20:38:46 - AVO val decreasing 3x. Reducing w_small to 1.606, lambda_MMD to 0.150
2025-09-21 20:38:46 - Epoch 40/500 | LR=0.009851 | w_P3=1.000 | w_AVO=1.606 | lambda_MMD=0.150
2025-09-21 20:38:48 - Epoch Summary: TrainLoss=1.3109 | TrainAcc=0.663 | Val(P3)=0.643 | Val(AVO)=0.693
2025-09-21 20:38:48 - No AVO-val improvement; patience remaining: 47/50
2025-09-21 20:38:48 - Epoch 41/500 | LR=0.009843 | w_P3=1.000 | w_AVO=2.007 | lambda_MMD=0.300
2025-09-21 20:38:50 - Epoch Summary: TrainLoss=1.4470 | TrainAcc=0.645 | Val(P3)=0.637 | Val(AVO)=0.693
2025-09-21 20:38:50 - No AVO-val improvement; patience remaining: 46/50
2025-09-21 20:38:50 - Epoch 42/500 | LR=0.009835 | w_P3=1.000 | w_AVO=2.007 | lambda_MMD=0.300
2025-09-21 20:38:52 - Epoch Summary: TrainLoss=1.4799 | TrainAcc=0.658 | Val(P3)=0.630 | Val(AVO)=0.705
2025-09-21 20:38:52 - No AVO-val improvement; patience remaining: 45/50
2025-09-21 20:38:52 - P3 val decreasing 3x. Reducing lambda_MMD to 0.210
2025-09-21 20:38:52 - Epoch 43/500 | LR=0.009827 | w_P3=1.000 | w_AVO=2.007 | lambda_MMD=0.210
2025-09-21 20:38:54 - Epoch Summary: TrainLoss=1.4466 | TrainAcc=0.664 | Val(P3)=0.630 | Val(AVO)=0.682
2025-09-21 20:38:54 - No AVO-val improvement; patience remaining: 44/50
2025-09-21 20:38:54 - Epoch 44/500 | LR=0.009819 | w_P3=1.000 | w_AVO=2.007 | lambda_MMD=0.300
2025-09-21 20:38:56 - Epoch Summary: TrainLoss=1.4639 | TrainAcc=0.649 | Val(P3)=0.643 | Val(AVO)=0.705
2025-09-21 20:38:56 - No AVO-val improvement; patience remaining: 43/50
2025-09-21 20:38:56 - Epoch 45/500 | LR=0.009810 | w_P3=1.000 | w_AVO=2.007 | lambda_MMD=0.300
2025-09-21 20:38:58 - Epoch Summary: TrainLoss=1.4354 | TrainAcc=0.652 | Val(P3)=0.627 | Val(AVO)=0.716
2025-09-21 20:38:58 - No AVO-val improvement; patience remaining: 42/50
2025-09-21 20:38:58 - Epoch 46/500 | LR=0.009801 | w_P3=1.000 | w_AVO=2.007 | lambda_MMD=0.300
2025-09-21 20:39:00 - Epoch Summary: TrainLoss=1.4613 | TrainAcc=0.664 | Val(P3)=0.627 | Val(AVO)=0.716
2025-09-21 20:39:00 - No AVO-val improvement; patience remaining: 41/50
2025-09-21 20:39:00 - Epoch 47/500 | LR=0.009793 | w_P3=1.000 | w_AVO=2.007 | lambda_MMD=0.300
2025-09-21 20:39:03 - Epoch Summary: TrainLoss=1.4497 | TrainAcc=0.648 | Val(P3)=0.614 | Val(AVO)=0.716
2025-09-21 20:39:03 - No AVO-val improvement; patience remaining: 40/50
2025-09-21 20:39:03 - Epoch 48/500 | LR=0.009784 | w_P3=1.000 | w_AVO=2.007 | lambda_MMD=0.300
2025-09-21 20:39:05 - Epoch Summary: TrainLoss=1.4185 | TrainAcc=0.663 | Val(P3)=0.624 | Val(AVO)=0.705
2025-09-21 20:39:05 - No AVO-val improvement; patience remaining: 39/50
2025-09-21 20:39:05 - Epoch 49/500 | LR=0.009774 | w_P3=1.000 | w_AVO=2.007 | lambda_MMD=0.300
2025-09-21 20:39:07 - Epoch Summary: TrainLoss=1.4581 | TrainAcc=0.657 | Val(P3)=0.601 | Val(AVO)=0.693
2025-09-21 20:39:07 - No AVO-val improvement; patience remaining: 38/50
2025-09-21 20:39:07 - AVO val decreasing 3x. Reducing w_small to 1.606, lambda_MMD to 0.150
2025-09-21 20:39:07 - Epoch 50/500 | LR=0.009765 | w_P3=1.000 | w_AVO=1.606 | lambda_MMD=0.150
2025-09-21 20:39:09 - Epoch Summary: TrainLoss=1.3056 | TrainAcc=0.643 | Val(P3)=0.624 | Val(AVO)=0.705
2025-09-21 20:39:09 - No AVO-val improvement; patience remaining: 37/50
2025-09-21 20:39:09 - Epoch 51/500 | LR=0.009755 | w_P3=1.000 | w_AVO=2.007 | lambda_MMD=0.300
2025-09-21 20:39:10 - Epoch Summary: TrainLoss=1.4509 | TrainAcc=0.642 | Val(P3)=0.605 | Val(AVO)=0.716
2025-09-21 20:39:10 - No AVO-val improvement; patience remaining: 36/50
2025-09-21 20:39:10 - Epoch 52/500 | LR=0.009745 | w_P3=1.000 | w_AVO=2.007 | lambda_MMD=0.300
2025-09-21 20:39:12 - Epoch Summary: TrainLoss=1.4120 | TrainAcc=0.648 | Val(P3)=0.627 | Val(AVO)=0.682
2025-09-21 20:39:12 - No AVO-val improvement; patience remaining: 35/50
2025-09-21 20:39:12 - Epoch 53/500 | LR=0.009735 | w_P3=1.000 | w_AVO=2.007 | lambda_MMD=0.300
2025-09-21 20:39:14 - Epoch Summary: TrainLoss=1.4113 | TrainAcc=0.658 | Val(P3)=0.624 | Val(AVO)=0.727
2025-09-21 20:39:14 - No AVO-val improvement; patience remaining: 34/50
2025-09-21 20:39:14 - Epoch 54/500 | LR=0.009725 | w_P3=1.000 | w_AVO=2.007 | lambda_MMD=0.300
2025-09-21 20:39:16 - Epoch Summary: TrainLoss=1.4512 | TrainAcc=0.659 | Val(P3)=0.614 | Val(AVO)=0.693
2025-09-21 20:39:16 - No AVO-val improvement; patience remaining: 33/50
2025-09-21 20:39:16 - P3 val decreasing 3x. Reducing lambda_MMD to 0.210
2025-09-21 20:39:16 - Epoch 55/500 | LR=0.009715 | w_P3=1.000 | w_AVO=2.007 | lambda_MMD=0.210
2025-09-21 20:39:18 - Epoch Summary: TrainLoss=1.4132 | TrainAcc=0.666 | Val(P3)=0.598 | Val(AVO)=0.705
2025-09-21 20:39:18 - No AVO-val improvement; patience remaining: 32/50
2025-09-21 20:39:18 - P3 val decreasing 3x. Reducing lambda_MMD to 0.210
2025-09-21 20:39:18 - Epoch 56/500 | LR=0.009704 | w_P3=1.000 | w_AVO=2.007 | lambda_MMD=0.210
2025-09-21 20:39:19 - Epoch Summary: TrainLoss=1.4094 | TrainAcc=0.648 | Val(P3)=0.627 | Val(AVO)=0.693
2025-09-21 20:39:19 - No AVO-val improvement; patience remaining: 31/50
2025-09-21 20:39:19 - Epoch 57/500 | LR=0.009694 | w_P3=1.000 | w_AVO=2.007 | lambda_MMD=0.300
2025-09-21 20:39:21 - Epoch Summary: TrainLoss=1.4081 | TrainAcc=0.672 | Val(P3)=0.611 | Val(AVO)=0.693
2025-09-21 20:39:21 - No AVO-val improvement; patience remaining: 30/50
2025-09-21 20:39:21 - Epoch 58/500 | LR=0.009683 | w_P3=1.000 | w_AVO=2.007 | lambda_MMD=0.300
2025-09-21 20:39:24 - Epoch Summary: TrainLoss=1.4108 | TrainAcc=0.657 | Val(P3)=0.614 | Val(AVO)=0.682
2025-09-21 20:39:24 - No AVO-val improvement; patience remaining: 29/50
2025-09-21 20:39:24 - Epoch 59/500 | LR=0.009672 | w_P3=1.000 | w_AVO=2.007 | lambda_MMD=0.300
2025-09-21 20:39:26 - Epoch Summary: TrainLoss=1.3994 | TrainAcc=0.665 | Val(P3)=0.621 | Val(AVO)=0.670
2025-09-21 20:39:26 - No AVO-val improvement; patience remaining: 28/50
2025-09-21 20:39:26 - AVO val decreasing 3x. Reducing w_small to 1.606, lambda_MMD to 0.150
2025-09-21 20:39:26 - Epoch 60/500 | LR=0.009660 | w_P3=1.000 | w_AVO=1.606 | lambda_MMD=0.150
2025-09-21 20:39:28 - Epoch Summary: TrainLoss=1.2380 | TrainAcc=0.661 | Val(P3)=0.608 | Val(AVO)=0.716
2025-09-21 20:39:28 - No AVO-val improvement; patience remaining: 27/50
2025-09-21 20:39:28 - Epoch 61/500 | LR=0.009649 | w_P3=1.000 | w_AVO=2.007 | lambda_MMD=0.300
2025-09-21 20:39:30 - Epoch Summary: TrainLoss=1.3892 | TrainAcc=0.670 | Val(P3)=0.611 | Val(AVO)=0.670
2025-09-21 20:39:30 - No AVO-val improvement; patience remaining: 26/50
2025-09-21 20:39:30 - Epoch 62/500 | LR=0.009637 | w_P3=1.000 | w_AVO=2.007 | lambda_MMD=0.300
2025-09-21 20:39:31 - Epoch Summary: TrainLoss=1.3913 | TrainAcc=0.670 | Val(P3)=0.614 | Val(AVO)=0.727
2025-09-21 20:39:31 - No AVO-val improvement; patience remaining: 25/50
2025-09-21 20:39:31 - Epoch 63/500 | LR=0.009625 | w_P3=1.000 | w_AVO=2.007 | lambda_MMD=0.300
2025-09-21 20:39:34 - Epoch Summary: TrainLoss=1.4212 | TrainAcc=0.649 | Val(P3)=0.627 | Val(AVO)=0.682
2025-09-21 20:39:34 - No AVO-val improvement; patience remaining: 24/50
2025-09-21 20:39:34 - Epoch 64/500 | LR=0.009613 | w_P3=1.000 | w_AVO=2.007 | lambda_MMD=0.300
2025-09-21 20:39:35 - Epoch Summary: TrainLoss=1.4019 | TrainAcc=0.660 | Val(P3)=0.614 | Val(AVO)=0.727
2025-09-21 20:39:35 - No AVO-val improvement; patience remaining: 23/50
2025-09-21 20:39:35 - Epoch 65/500 | LR=0.009601 | w_P3=1.000 | w_AVO=2.007 | lambda_MMD=0.300
2025-09-21 20:39:37 - Epoch Summary: TrainLoss=1.3986 | TrainAcc=0.669 | Val(P3)=0.627 | Val(AVO)=0.682
2025-09-21 20:39:37 - No AVO-val improvement; patience remaining: 22/50
2025-09-21 20:39:37 - Epoch 66/500 | LR=0.009589 | w_P3=1.000 | w_AVO=2.007 | lambda_MMD=0.300
2025-09-21 20:39:39 - Epoch Summary: TrainLoss=1.3786 | TrainAcc=0.661 | Val(P3)=0.611 | Val(AVO)=0.761
2025-09-21 20:39:39 - New best AVO-val; checkpoint updated
2025-09-21 20:39:39 - Epoch 67/500 | LR=0.009576 | w_P3=1.000 | w_AVO=2.007 | lambda_MMD=0.300
2025-09-21 20:39:41 - Epoch Summary: TrainLoss=1.3854 | TrainAcc=0.661 | Val(P3)=0.588 | Val(AVO)=0.693
2025-09-21 20:39:41 - No AVO-val improvement; patience remaining: 49/50
2025-09-21 20:39:41 - P3 val decreasing 3x. Reducing lambda_MMD to 0.210
2025-09-21 20:39:41 - Epoch 68/500 | LR=0.009563 | w_P3=1.000 | w_AVO=2.007 | lambda_MMD=0.210
2025-09-21 20:39:44 - Epoch Summary: TrainLoss=1.3782 | TrainAcc=0.655 | Val(P3)=0.611 | Val(AVO)=0.727
2025-09-21 20:39:44 - No AVO-val improvement; patience remaining: 48/50
2025-09-21 20:39:44 - Epoch 69/500 | LR=0.009551 | w_P3=1.000 | w_AVO=2.007 | lambda_MMD=0.300
2025-09-21 20:39:45 - Epoch Summary: TrainLoss=1.3645 | TrainAcc=0.657 | Val(P3)=0.611 | Val(AVO)=0.682
2025-09-21 20:39:45 - No AVO-val improvement; patience remaining: 47/50
2025-09-21 20:39:45 - Epoch 70/500 | LR=0.009537 | w_P3=1.000 | w_AVO=2.007 | lambda_MMD=0.300
2025-09-21 20:39:47 - Epoch Summary: TrainLoss=1.3529 | TrainAcc=0.659 | Val(P3)=0.627 | Val(AVO)=0.727
2025-09-21 20:39:47 - No AVO-val improvement; patience remaining: 46/50
2025-09-21 20:39:47 - Epoch 71/500 | LR=0.009524 | w_P3=1.000 | w_AVO=2.007 | lambda_MMD=0.300
2025-09-21 20:39:49 - Epoch Summary: TrainLoss=1.3886 | TrainAcc=0.671 | Val(P3)=0.630 | Val(AVO)=0.682
2025-09-21 20:39:49 - No AVO-val improvement; patience remaining: 45/50
2025-09-21 20:39:49 - Epoch 72/500 | LR=0.009511 | w_P3=1.000 | w_AVO=2.007 | lambda_MMD=0.300
2025-09-21 20:39:51 - Epoch Summary: TrainLoss=1.3778 | TrainAcc=0.652 | Val(P3)=0.624 | Val(AVO)=0.716
2025-09-21 20:39:51 - No AVO-val improvement; patience remaining: 44/50
2025-09-21 20:39:51 - Epoch 73/500 | LR=0.009497 | w_P3=1.000 | w_AVO=2.007 | lambda_MMD=0.300
2025-09-21 20:39:53 - Epoch Summary: TrainLoss=1.3609 | TrainAcc=0.672 | Val(P3)=0.637 | Val(AVO)=0.670
2025-09-21 20:39:53 - No AVO-val improvement; patience remaining: 43/50
2025-09-21 20:39:53 - Epoch 74/500 | LR=0.009483 | w_P3=1.000 | w_AVO=2.007 | lambda_MMD=0.300
2025-09-21 20:39:55 - Epoch Summary: TrainLoss=1.4095 | TrainAcc=0.659 | Val(P3)=0.605 | Val(AVO)=0.727
2025-09-21 20:39:55 - No AVO-val improvement; patience remaining: 42/50
2025-09-21 20:39:55 - Epoch 75/500 | LR=0.009469 | w_P3=1.000 | w_AVO=2.007 | lambda_MMD=0.300
2025-09-21 20:39:57 - Epoch Summary: TrainLoss=1.3921 | TrainAcc=0.654 | Val(P3)=0.650 | Val(AVO)=0.670
2025-09-21 20:39:57 - No AVO-val improvement; patience remaining: 41/50
2025-09-21 20:39:57 - Epoch 76/500 | LR=0.009455 | w_P3=1.000 | w_AVO=2.007 | lambda_MMD=0.300
2025-09-21 20:40:00 - Epoch Summary: TrainLoss=1.3498 | TrainAcc=0.662 | Val(P3)=0.627 | Val(AVO)=0.693
2025-09-21 20:40:00 - No AVO-val improvement; patience remaining: 40/50
2025-09-21 20:40:00 - Epoch 77/500 | LR=0.009441 | w_P3=1.000 | w_AVO=2.007 | lambda_MMD=0.300
2025-09-21 20:40:02 - Epoch Summary: TrainLoss=1.3387 | TrainAcc=0.668 | Val(P3)=0.627 | Val(AVO)=0.705
2025-09-21 20:40:02 - No AVO-val improvement; patience remaining: 39/50
2025-09-21 20:40:02 - Epoch 78/500 | LR=0.009426 | w_P3=1.000 | w_AVO=2.007 | lambda_MMD=0.300
2025-09-21 20:40:04 - Epoch Summary: TrainLoss=1.4165 | TrainAcc=0.654 | Val(P3)=0.585 | Val(AVO)=0.705
2025-09-21 20:40:04 - No AVO-val improvement; patience remaining: 38/50
2025-09-21 20:40:04 - Epoch 79/500 | LR=0.009411 | w_P3=1.000 | w_AVO=2.007 | lambda_MMD=0.300
2025-09-21 20:40:06 - Epoch Summary: TrainLoss=1.3582 | TrainAcc=0.662 | Val(P3)=0.608 | Val(AVO)=0.705
2025-09-21 20:40:06 - No AVO-val improvement; patience remaining: 37/50
2025-09-21 20:40:06 - Epoch 80/500 | LR=0.009397 | w_P3=1.000 | w_AVO=2.007 | lambda_MMD=0.300
2025-09-21 20:40:08 - Epoch Summary: TrainLoss=1.3467 | TrainAcc=0.664 | Val(P3)=0.598 | Val(AVO)=0.716
2025-09-21 20:40:08 - No AVO-val improvement; patience remaining: 36/50
2025-09-21 20:40:08 - Epoch 81/500 | LR=0.009382 | w_P3=1.000 | w_AVO=2.007 | lambda_MMD=0.300
2025-09-21 20:40:11 - Epoch Summary: TrainLoss=1.3672 | TrainAcc=0.663 | Val(P3)=0.608 | Val(AVO)=0.682
2025-09-21 20:40:11 - No AVO-val improvement; patience remaining: 35/50
2025-09-21 20:40:11 - Epoch 82/500 | LR=0.009366 | w_P3=1.000 | w_AVO=2.007 | lambda_MMD=0.300
2025-09-21 20:40:12 - Epoch Summary: TrainLoss=1.3845 | TrainAcc=0.653 | Val(P3)=0.621 | Val(AVO)=0.659
2025-09-21 20:40:12 - No AVO-val improvement; patience remaining: 34/50
2025-09-21 20:40:12 - AVO val decreasing 3x. Reducing w_small to 1.606, lambda_MMD to 0.150
2025-09-21 20:40:12 - Epoch 83/500 | LR=0.009351 | w_P3=1.000 | w_AVO=1.606 | lambda_MMD=0.150
2025-09-21 20:40:15 - Epoch Summary: TrainLoss=1.2363 | TrainAcc=0.666 | Val(P3)=0.608 | Val(AVO)=0.705
2025-09-21 20:40:15 - No AVO-val improvement; patience remaining: 33/50
2025-09-21 20:40:15 - Epoch 84/500 | LR=0.009335 | w_P3=1.000 | w_AVO=2.007 | lambda_MMD=0.300
2025-09-21 20:40:16 - Epoch Summary: TrainLoss=1.3548 | TrainAcc=0.658 | Val(P3)=0.611 | Val(AVO)=0.670
2025-09-21 20:40:16 - No AVO-val improvement; patience remaining: 32/50
2025-09-21 20:40:16 - Epoch 85/500 | LR=0.009320 | w_P3=1.000 | w_AVO=2.007 | lambda_MMD=0.300
2025-09-21 20:40:17 - Epoch Summary: TrainLoss=1.3779 | TrainAcc=0.666 | Val(P3)=0.601 | Val(AVO)=0.705
2025-09-21 20:40:17 - No AVO-val improvement; patience remaining: 31/50
2025-09-21 20:40:17 - Epoch 86/500 | LR=0.009304 | w_P3=1.000 | w_AVO=2.007 | lambda_MMD=0.300
2025-09-21 20:40:19 - Epoch Summary: TrainLoss=1.3216 | TrainAcc=0.665 | Val(P3)=0.605 | Val(AVO)=0.727
2025-09-21 20:40:19 - No AVO-val improvement; patience remaining: 30/50
2025-09-21 20:40:19 - Epoch 87/500 | LR=0.009288 | w_P3=1.000 | w_AVO=2.007 | lambda_MMD=0.300
2025-09-21 20:40:21 - Epoch Summary: TrainLoss=1.3398 | TrainAcc=0.667 | Val(P3)=0.627 | Val(AVO)=0.716
2025-09-21 20:40:21 - No AVO-val improvement; patience remaining: 29/50
2025-09-21 20:40:21 - Epoch 88/500 | LR=0.009271 | w_P3=1.000 | w_AVO=2.007 | lambda_MMD=0.300
2025-09-21 20:40:22 - Epoch Summary: TrainLoss=1.3424 | TrainAcc=0.661 | Val(P3)=0.585 | Val(AVO)=0.716
2025-09-21 20:40:22 - No AVO-val improvement; patience remaining: 28/50
2025-09-21 20:40:22 - Epoch 89/500 | LR=0.009255 | w_P3=1.000 | w_AVO=2.007 | lambda_MMD=0.300
2025-09-21 20:40:24 - Epoch Summary: TrainLoss=1.3622 | TrainAcc=0.660 | Val(P3)=0.601 | Val(AVO)=0.705
2025-09-21 20:40:24 - No AVO-val improvement; patience remaining: 27/50
2025-09-21 20:40:24 - Epoch 90/500 | LR=0.009238 | w_P3=1.000 | w_AVO=2.007 | lambda_MMD=0.300
2025-09-21 20:40:26 - Epoch Summary: TrainLoss=1.3250 | TrainAcc=0.659 | Val(P3)=0.582 | Val(AVO)=0.705
2025-09-21 20:40:26 - No AVO-val improvement; patience remaining: 26/50
2025-09-21 20:40:26 - Epoch 91/500 | LR=0.009222 | w_P3=1.000 | w_AVO=2.007 | lambda_MMD=0.300
2025-09-21 20:40:28 - Epoch Summary: TrainLoss=1.3431 | TrainAcc=0.656 | Val(P3)=0.595 | Val(AVO)=0.636
2025-09-21 20:40:28 - No AVO-val improvement; patience remaining: 25/50
2025-09-21 20:40:28 - Epoch 92/500 | LR=0.009205 | w_P3=1.000 | w_AVO=2.007 | lambda_MMD=0.300
2025-09-21 20:40:31 - Epoch Summary: TrainLoss=1.2947 | TrainAcc=0.663 | Val(P3)=0.621 | Val(AVO)=0.682
2025-09-21 20:40:31 - No AVO-val improvement; patience remaining: 24/50
2025-09-21 20:40:31 - Epoch 93/500 | LR=0.009188 | w_P3=1.000 | w_AVO=2.007 | lambda_MMD=0.300
2025-09-21 20:40:33 - Epoch Summary: TrainLoss=1.3253 | TrainAcc=0.656 | Val(P3)=0.617 | Val(AVO)=0.670
2025-09-21 20:40:33 - No AVO-val improvement; patience remaining: 23/50
2025-09-21 20:40:33 - Epoch 94/500 | LR=0.009170 | w_P3=1.000 | w_AVO=2.007 | lambda_MMD=0.300
2025-09-21 20:40:35 - Epoch Summary: TrainLoss=1.3198 | TrainAcc=0.662 | Val(P3)=0.637 | Val(AVO)=0.659
2025-09-21 20:40:35 - No AVO-val improvement; patience remaining: 22/50
2025-09-21 20:40:35 - AVO val decreasing 3x. Reducing w_small to 1.606, lambda_MMD to 0.150
2025-09-21 20:40:35 - Epoch 95/500 | LR=0.009153 | w_P3=1.000 | w_AVO=1.606 | lambda_MMD=0.150
2025-09-21 20:40:37 - Epoch Summary: TrainLoss=1.2132 | TrainAcc=0.661 | Val(P3)=0.592 | Val(AVO)=0.659
2025-09-21 20:40:37 - No AVO-val improvement; patience remaining: 21/50
2025-09-21 20:40:37 - Epoch 96/500 | LR=0.009135 | w_P3=1.000 | w_AVO=2.007 | lambda_MMD=0.300
2025-09-21 20:40:38 - Epoch Summary: TrainLoss=1.3750 | TrainAcc=0.660 | Val(P3)=0.621 | Val(AVO)=0.648
2025-09-21 20:40:38 - No AVO-val improvement; patience remaining: 20/50
2025-09-21 20:40:38 - Epoch 97/500 | LR=0.009118 | w_P3=1.000 | w_AVO=2.007 | lambda_MMD=0.300
2025-09-21 20:40:40 - Epoch Summary: TrainLoss=1.3158 | TrainAcc=0.678 | Val(P3)=0.624 | Val(AVO)=0.636
2025-09-21 20:40:40 - No AVO-val improvement; patience remaining: 19/50
2025-09-21 20:40:40 - AVO val decreasing 3x. Reducing w_small to 1.606, lambda_MMD to 0.150
2025-09-21 20:40:40 - Epoch 98/500 | LR=0.009100 | w_P3=1.000 | w_AVO=1.606 | lambda_MMD=0.150
2025-09-21 20:40:41 - Epoch Summary: TrainLoss=1.1924 | TrainAcc=0.667 | Val(P3)=0.614 | Val(AVO)=0.682
2025-09-21 20:40:41 - No AVO-val improvement; patience remaining: 18/50
2025-09-21 20:40:41 - Epoch 99/500 | LR=0.009082 | w_P3=1.000 | w_AVO=2.007 | lambda_MMD=0.300
2025-09-21 20:40:43 - Epoch Summary: TrainLoss=1.3434 | TrainAcc=0.663 | Val(P3)=0.617 | Val(AVO)=0.625
2025-09-21 20:40:43 - No AVO-val improvement; patience remaining: 17/50
2025-09-21 20:40:43 - Epoch 100/500 | LR=0.009063 | w_P3=1.000 | w_AVO=2.007 | lambda_MMD=0.300
2025-09-21 20:40:45 - Epoch Summary: TrainLoss=1.3301 | TrainAcc=0.672 | Val(P3)=0.588 | Val(AVO)=0.682
2025-09-21 20:40:45 - No AVO-val improvement; patience remaining: 16/50
2025-09-21 20:40:45 - Epoch 101/500 | LR=0.009045 | w_P3=1.000 | w_AVO=2.007 | lambda_MMD=0.300
2025-09-21 20:40:48 - Epoch Summary: TrainLoss=1.3319 | TrainAcc=0.674 | Val(P3)=0.588 | Val(AVO)=0.682
2025-09-21 20:40:48 - No AVO-val improvement; patience remaining: 15/50
2025-09-21 20:40:48 - Epoch 102/500 | LR=0.009027 | w_P3=1.000 | w_AVO=2.007 | lambda_MMD=0.300
2025-09-21 20:40:50 - Epoch Summary: TrainLoss=1.3171 | TrainAcc=0.670 | Val(P3)=0.576 | Val(AVO)=0.682
2025-09-21 20:40:50 - No AVO-val improvement; patience remaining: 14/50
2025-09-21 20:40:50 - Epoch 103/500 | LR=0.009008 | w_P3=1.000 | w_AVO=2.007 | lambda_MMD=0.300
2025-09-21 20:40:50 - Epoch Summary: TrainLoss=1.3253 | TrainAcc=0.670 | Val(P3)=0.630 | Val(AVO)=0.693
2025-09-21 20:40:50 - No AVO-val improvement; patience remaining: 13/50
2025-09-21 20:40:50 - Epoch 104/500 | LR=0.008989 | w_P3=1.000 | w_AVO=2.007 | lambda_MMD=0.300
2025-09-21 20:40:52 - Epoch Summary: TrainLoss=1.3359 | TrainAcc=0.662 | Val(P3)=0.617 | Val(AVO)=0.705
2025-09-21 20:40:52 - No AVO-val improvement; patience remaining: 12/50
2025-09-21 20:40:52 - Epoch 105/500 | LR=0.008970 | w_P3=1.000 | w_AVO=2.007 | lambda_MMD=0.300
2025-09-21 20:40:54 - Epoch Summary: TrainLoss=1.3270 | TrainAcc=0.662 | Val(P3)=0.650 | Val(AVO)=0.682
2025-09-21 20:40:54 - No AVO-val improvement; patience remaining: 11/50
2025-09-21 20:40:54 - Epoch 106/500 | LR=0.008951 | w_P3=1.000 | w_AVO=2.007 | lambda_MMD=0.300
2025-09-21 20:40:56 - Epoch Summary: TrainLoss=1.2942 | TrainAcc=0.659 | Val(P3)=0.627 | Val(AVO)=0.705
2025-09-21 20:40:56 - No AVO-val improvement; patience remaining: 10/50
2025-09-21 20:40:56 - Epoch 107/500 | LR=0.008931 | w_P3=1.000 | w_AVO=2.007 | lambda_MMD=0.300
2025-09-21 20:40:57 - Epoch Summary: TrainLoss=1.3017 | TrainAcc=0.659 | Val(P3)=0.605 | Val(AVO)=0.659
2025-09-21 20:40:57 - No AVO-val improvement; patience remaining: 9/50
2025-09-21 20:40:57 - P3 val decreasing 3x. Reducing lambda_MMD to 0.210
2025-09-21 20:40:57 - Epoch 108/500 | LR=0.008912 | w_P3=1.000 | w_AVO=2.007 | lambda_MMD=0.210
2025-09-21 20:40:59 - Epoch Summary: TrainLoss=1.3486 | TrainAcc=0.661 | Val(P3)=0.605 | Val(AVO)=0.682
2025-09-21 20:40:59 - No AVO-val improvement; patience remaining: 8/50
2025-09-21 20:40:59 - Epoch 109/500 | LR=0.008892 | w_P3=1.000 | w_AVO=2.007 | lambda_MMD=0.300
2025-09-21 20:41:01 - Epoch Summary: TrainLoss=1.2921 | TrainAcc=0.665 | Val(P3)=0.624 | Val(AVO)=0.648
2025-09-21 20:41:01 - No AVO-val improvement; patience remaining: 7/50
2025-09-21 20:41:01 - Epoch 110/500 | LR=0.008873 | w_P3=1.000 | w_AVO=2.007 | lambda_MMD=0.300
2025-09-21 20:41:04 - Epoch Summary: TrainLoss=1.3158 | TrainAcc=0.660 | Val(P3)=0.621 | Val(AVO)=0.693
2025-09-21 20:41:04 - No AVO-val improvement; patience remaining: 6/50
2025-09-21 20:41:04 - Epoch 111/500 | LR=0.008853 | w_P3=1.000 | w_AVO=2.007 | lambda_MMD=0.300
2025-09-21 20:41:06 - Epoch Summary: TrainLoss=1.3019 | TrainAcc=0.676 | Val(P3)=0.637 | Val(AVO)=0.682
2025-09-21 20:41:06 - No AVO-val improvement; patience remaining: 5/50
2025-09-21 20:41:06 - Epoch 112/500 | LR=0.008832 | w_P3=1.000 | w_AVO=2.007 | lambda_MMD=0.300
2025-09-21 20:41:07 - Epoch Summary: TrainLoss=1.3038 | TrainAcc=0.671 | Val(P3)=0.646 | Val(AVO)=0.693
2025-09-21 20:41:07 - No AVO-val improvement; patience remaining: 4/50
2025-09-21 20:41:07 - Epoch 113/500 | LR=0.008812 | w_P3=1.000 | w_AVO=2.007 | lambda_MMD=0.300
2025-09-21 20:41:09 - Epoch Summary: TrainLoss=1.3088 | TrainAcc=0.665 | Val(P3)=0.627 | Val(AVO)=0.659
2025-09-21 20:41:09 - No AVO-val improvement; patience remaining: 3/50
2025-09-21 20:41:09 - Epoch 114/500 | LR=0.008792 | w_P3=1.000 | w_AVO=2.007 | lambda_MMD=0.300
2025-09-21 20:41:11 - Epoch Summary: TrainLoss=1.3147 | TrainAcc=0.665 | Val(P3)=0.656 | Val(AVO)=0.682
2025-09-21 20:41:11 - No AVO-val improvement; patience remaining: 2/50
2025-09-21 20:41:11 - Epoch 115/500 | LR=0.008771 | w_P3=1.000 | w_AVO=2.007 | lambda_MMD=0.300
2025-09-21 20:41:13 - Epoch Summary: TrainLoss=1.3236 | TrainAcc=0.657 | Val(P3)=0.633 | Val(AVO)=0.659
2025-09-21 20:41:13 - No AVO-val improvement; patience remaining: 1/50
2025-09-21 20:41:13 - Epoch 116/500 | LR=0.008751 | w_P3=1.000 | w_AVO=2.007 | lambda_MMD=0.300
2025-09-21 20:41:15 - Epoch Summary: TrainLoss=1.3131 | TrainAcc=0.653 | Val(P3)=0.611 | Val(AVO)=0.670
2025-09-21 20:41:15 - No AVO-val improvement; patience remaining: 0/50
2025-09-21 20:41:15 - Early stopping triggered (AVO-val)
2025-09-21 20:41:15 -     P3 Test | Acc=0.6053 P=0.5800 R=0.7764 F1=0.6640 AUC=0.6848 (n=641)
2025-09-21 20:41:15 -     AVO Test | Acc=0.6242 P=0.6047 R=0.6753 F1=0.6380 AUC=0.6649 (n=157)
2025-09-21 20:41:15 -     Overall Test Acc=0.6090
2025-09-21 20:41:15 -   Fold 3/5
2025-09-21 20:41:16 - Fold domains: small=AVO (n=548), large=P3 (n=2243)
2025-09-21 20:41:16 - Auto adjustments (symmetric): w_small≈1.000, lambda_MMD_target=0.300, warmup_epochs=5
2025-09-21 20:41:16 - Epoch 1/500 | LR=0.010000 | w_P3=1.000 | w_AVO=1.205 | lambda_MMD=0.060
2025-09-21 20:41:18 - Epoch Summary: TrainLoss=1.7382 | TrainAcc=0.538 | Val(P3)=0.613 | Val(AVO)=0.547
2025-09-21 20:41:18 - New best AVO-val; checkpoint updated
2025-09-21 20:41:18 - Epoch 2/500 | LR=0.010000 | w_P3=1.000 | w_AVO=1.409 | lambda_MMD=0.120
2025-09-21 20:41:19 - Epoch Summary: TrainLoss=1.6116 | TrainAcc=0.595 | Val(P3)=0.661 | Val(AVO)=0.628
2025-09-21 20:41:19 - New best AVO-val; checkpoint updated
2025-09-21 20:41:19 - Epoch 3/500 | LR=0.010000 | w_P3=1.000 | w_AVO=1.614 | lambda_MMD=0.180
2025-09-21 20:41:21 - Epoch Summary: TrainLoss=1.7045 | TrainAcc=0.604 | Val(P3)=0.649 | Val(AVO)=0.721
2025-09-21 20:41:21 - New best AVO-val; checkpoint updated
2025-09-21 20:41:21 - Epoch 4/500 | LR=0.009999 | w_P3=1.000 | w_AVO=1.819 | lambda_MMD=0.240
2025-09-21 20:41:23 - Epoch Summary: TrainLoss=1.8038 | TrainAcc=0.628 | Val(P3)=0.661 | Val(AVO)=0.709
2025-09-21 20:41:23 - No AVO-val improvement; patience remaining: 49/50
2025-09-21 20:41:23 - Epoch 5/500 | LR=0.009998 | w_P3=1.000 | w_AVO=2.023 | lambda_MMD=0.300
2025-09-21 20:41:25 - Epoch Summary: TrainLoss=1.9440 | TrainAcc=0.613 | Val(P3)=0.677 | Val(AVO)=0.663
2025-09-21 20:41:25 - No AVO-val improvement; patience remaining: 48/50
2025-09-21 20:41:25 - AVO val decreasing 3x. Reducing w_small to 1.619, lambda_MMD to 0.150
2025-09-21 20:41:25 - Epoch 6/500 | LR=0.009998 | w_P3=1.000 | w_AVO=1.619 | lambda_MMD=0.150
2025-09-21 20:41:26 - Epoch Summary: TrainLoss=1.6352 | TrainAcc=0.614 | Val(P3)=0.674 | Val(AVO)=0.756
2025-09-21 20:41:26 - New best AVO-val; checkpoint updated
2025-09-21 20:41:26 - Epoch 7/500 | LR=0.009996 | w_P3=1.000 | w_AVO=2.023 | lambda_MMD=0.300
2025-09-21 20:41:28 - Epoch Summary: TrainLoss=1.8469 | TrainAcc=0.617 | Val(P3)=0.601 | Val(AVO)=0.686
2025-09-21 20:41:28 - No AVO-val improvement; patience remaining: 49/50
2025-09-21 20:41:28 - P3 val decreasing 3x. Reducing lambda_MMD to 0.210
2025-09-21 20:41:28 - Epoch 8/500 | LR=0.009995 | w_P3=1.000 | w_AVO=2.023 | lambda_MMD=0.210
2025-09-21 20:41:30 - Epoch Summary: TrainLoss=1.8260 | TrainAcc=0.640 | Val(P3)=0.665 | Val(AVO)=0.674
2025-09-21 20:41:30 - No AVO-val improvement; patience remaining: 48/50
2025-09-21 20:41:30 - AVO val decreasing 3x. Reducing w_small to 1.619, lambda_MMD to 0.150
2025-09-21 20:41:30 - Epoch 9/500 | LR=0.009994 | w_P3=1.000 | w_AVO=1.619 | lambda_MMD=0.150
2025-09-21 20:41:32 - Epoch Summary: TrainLoss=1.5751 | TrainAcc=0.627 | Val(P3)=0.649 | Val(AVO)=0.721
2025-09-21 20:41:32 - No AVO-val improvement; patience remaining: 47/50
2025-09-21 20:41:32 - Epoch 10/500 | LR=0.009992 | w_P3=1.000 | w_AVO=2.023 | lambda_MMD=0.300
2025-09-21 20:41:34 - Epoch Summary: TrainLoss=1.7978 | TrainAcc=0.632 | Val(P3)=0.620 | Val(AVO)=0.663
2025-09-21 20:41:34 - No AVO-val improvement; patience remaining: 46/50
2025-09-21 20:41:34 - P3 val decreasing 3x. Reducing lambda_MMD to 0.210
2025-09-21 20:41:34 - Epoch 11/500 | LR=0.009990 | w_P3=1.000 | w_AVO=2.023 | lambda_MMD=0.210
2025-09-21 20:41:36 - Epoch Summary: TrainLoss=1.7870 | TrainAcc=0.637 | Val(P3)=0.623 | Val(AVO)=0.709
2025-09-21 20:41:36 - No AVO-val improvement; patience remaining: 45/50
2025-09-21 20:41:36 - Epoch 12/500 | LR=0.009988 | w_P3=1.000 | w_AVO=2.023 | lambda_MMD=0.300
2025-09-21 20:41:37 - Epoch Summary: TrainLoss=1.7554 | TrainAcc=0.638 | Val(P3)=0.645 | Val(AVO)=0.733
2025-09-21 20:41:37 - No AVO-val improvement; patience remaining: 44/50
2025-09-21 20:41:37 - Epoch 13/500 | LR=0.009986 | w_P3=1.000 | w_AVO=2.023 | lambda_MMD=0.300
2025-09-21 20:41:39 - Epoch Summary: TrainLoss=1.7107 | TrainAcc=0.643 | Val(P3)=0.639 | Val(AVO)=0.686
2025-09-21 20:41:39 - No AVO-val improvement; patience remaining: 43/50
2025-09-21 20:41:39 - Epoch 14/500 | LR=0.009983 | w_P3=1.000 | w_AVO=2.023 | lambda_MMD=0.300
2025-09-21 20:41:41 - Epoch Summary: TrainLoss=1.7225 | TrainAcc=0.637 | Val(P3)=0.636 | Val(AVO)=0.663
2025-09-21 20:41:41 - No AVO-val improvement; patience remaining: 42/50
2025-09-21 20:41:41 - AVO val decreasing 3x. Reducing w_small to 1.619, lambda_MMD to 0.150
2025-09-21 20:41:41 - P3 val decreasing 3x. Reducing lambda_MMD to 0.105
2025-09-21 20:41:41 - Epoch 15/500 | LR=0.009981 | w_P3=1.000 | w_AVO=1.619 | lambda_MMD=0.105
2025-09-21 20:41:44 - Epoch Summary: TrainLoss=1.4715 | TrainAcc=0.641 | Val(P3)=0.642 | Val(AVO)=0.721
2025-09-21 20:41:44 - No AVO-val improvement; patience remaining: 41/50
2025-09-21 20:41:44 - Epoch 16/500 | LR=0.009978 | w_P3=1.000 | w_AVO=2.023 | lambda_MMD=0.300
2025-09-21 20:41:46 - Epoch Summary: TrainLoss=1.6716 | TrainAcc=0.624 | Val(P3)=0.649 | Val(AVO)=0.698
2025-09-21 20:41:46 - No AVO-val improvement; patience remaining: 40/50
2025-09-21 20:41:46 - Epoch 17/500 | LR=0.009975 | w_P3=1.000 | w_AVO=2.023 | lambda_MMD=0.300
2025-09-21 20:41:46 - Epoch Summary: TrainLoss=1.6805 | TrainAcc=0.642 | Val(P3)=0.658 | Val(AVO)=0.767
2025-09-21 20:41:46 - New best AVO-val; checkpoint updated
2025-09-21 20:41:46 - Epoch 18/500 | LR=0.009972 | w_P3=1.000 | w_AVO=2.023 | lambda_MMD=0.300
2025-09-21 20:41:48 - Epoch Summary: TrainLoss=1.7029 | TrainAcc=0.627 | Val(P3)=0.639 | Val(AVO)=0.721
2025-09-21 20:41:48 - No AVO-val improvement; patience remaining: 49/50
2025-09-21 20:41:48 - Epoch 19/500 | LR=0.009968 | w_P3=1.000 | w_AVO=2.023 | lambda_MMD=0.300
2025-09-21 20:41:50 - Epoch Summary: TrainLoss=1.6371 | TrainAcc=0.623 | Val(P3)=0.633 | Val(AVO)=0.733
2025-09-21 20:41:50 - No AVO-val improvement; patience remaining: 48/50
2025-09-21 20:41:50 - P3 val decreasing 3x. Reducing lambda_MMD to 0.210
2025-09-21 20:41:50 - Epoch 20/500 | LR=0.009964 | w_P3=1.000 | w_AVO=2.023 | lambda_MMD=0.210
2025-09-21 20:41:51 - Epoch Summary: TrainLoss=1.6736 | TrainAcc=0.641 | Val(P3)=0.652 | Val(AVO)=0.709
2025-09-21 20:41:51 - No AVO-val improvement; patience remaining: 47/50
2025-09-21 20:41:51 - Epoch 21/500 | LR=0.009961 | w_P3=1.000 | w_AVO=2.023 | lambda_MMD=0.300
2025-09-21 20:41:53 - Epoch Summary: TrainLoss=1.6366 | TrainAcc=0.634 | Val(P3)=0.623 | Val(AVO)=0.709
2025-09-21 20:41:53 - No AVO-val improvement; patience remaining: 46/50
2025-09-21 20:41:53 - Epoch 22/500 | LR=0.009957 | w_P3=1.000 | w_AVO=2.023 | lambda_MMD=0.300
2025-09-21 20:41:55 - Epoch Summary: TrainLoss=1.6248 | TrainAcc=0.635 | Val(P3)=0.633 | Val(AVO)=0.744
2025-09-21 20:41:55 - No AVO-val improvement; patience remaining: 45/50
2025-09-21 20:41:55 - Epoch 23/500 | LR=0.009952 | w_P3=1.000 | w_AVO=2.023 | lambda_MMD=0.300
2025-09-21 20:41:57 - Epoch Summary: TrainLoss=1.5977 | TrainAcc=0.633 | Val(P3)=0.629 | Val(AVO)=0.721
2025-09-21 20:41:57 - No AVO-val improvement; patience remaining: 44/50
2025-09-21 20:41:57 - Epoch 24/500 | LR=0.009948 | w_P3=1.000 | w_AVO=2.023 | lambda_MMD=0.300
2025-09-21 20:41:59 - Epoch Summary: TrainLoss=1.6257 | TrainAcc=0.624 | Val(P3)=0.636 | Val(AVO)=0.721
2025-09-21 20:41:59 - No AVO-val improvement; patience remaining: 43/50
2025-09-21 20:41:59 - Epoch 25/500 | LR=0.009943 | w_P3=1.000 | w_AVO=2.023 | lambda_MMD=0.300
2025-09-21 20:42:01 - Epoch Summary: TrainLoss=1.5965 | TrainAcc=0.632 | Val(P3)=0.617 | Val(AVO)=0.721
2025-09-21 20:42:01 - No AVO-val improvement; patience remaining: 42/50
2025-09-21 20:42:01 - Epoch 26/500 | LR=0.009938 | w_P3=1.000 | w_AVO=2.023 | lambda_MMD=0.300
2025-09-21 20:42:03 - Epoch Summary: TrainLoss=1.6039 | TrainAcc=0.653 | Val(P3)=0.655 | Val(AVO)=0.733
2025-09-21 20:42:03 - No AVO-val improvement; patience remaining: 41/50
2025-09-21 20:42:03 - Epoch 27/500 | LR=0.009933 | w_P3=1.000 | w_AVO=2.023 | lambda_MMD=0.300
2025-09-21 20:42:05 - Epoch Summary: TrainLoss=1.5417 | TrainAcc=0.645 | Val(P3)=0.629 | Val(AVO)=0.709
2025-09-21 20:42:05 - No AVO-val improvement; patience remaining: 40/50
2025-09-21 20:42:05 - Epoch 28/500 | LR=0.009928 | w_P3=1.000 | w_AVO=2.023 | lambda_MMD=0.300
2025-09-21 20:42:07 - Epoch Summary: TrainLoss=1.5926 | TrainAcc=0.643 | Val(P3)=0.636 | Val(AVO)=0.698
2025-09-21 20:42:07 - No AVO-val improvement; patience remaining: 39/50
2025-09-21 20:42:07 - AVO val decreasing 3x. Reducing w_small to 1.619, lambda_MMD to 0.150
2025-09-21 20:42:07 - Epoch 29/500 | LR=0.009923 | w_P3=1.000 | w_AVO=1.619 | lambda_MMD=0.150
2025-09-21 20:42:09 - Epoch Summary: TrainLoss=1.4121 | TrainAcc=0.636 | Val(P3)=0.655 | Val(AVO)=0.674
2025-09-21 20:42:09 - No AVO-val improvement; patience remaining: 38/50
2025-09-21 20:42:09 - AVO val decreasing 3x. Reducing w_small to 1.619, lambda_MMD to 0.150
2025-09-21 20:42:09 - Epoch 30/500 | LR=0.009917 | w_P3=1.000 | w_AVO=1.619 | lambda_MMD=0.150
2025-09-21 20:42:10 - Epoch Summary: TrainLoss=1.3910 | TrainAcc=0.632 | Val(P3)=0.642 | Val(AVO)=0.744
2025-09-21 20:42:10 - No AVO-val improvement; patience remaining: 37/50
2025-09-21 20:42:10 - Epoch 31/500 | LR=0.009911 | w_P3=1.000 | w_AVO=2.023 | lambda_MMD=0.300
2025-09-21 20:42:11 - Epoch Summary: TrainLoss=1.5450 | TrainAcc=0.647 | Val(P3)=0.652 | Val(AVO)=0.698
2025-09-21 20:42:11 - No AVO-val improvement; patience remaining: 36/50
2025-09-21 20:42:11 - Epoch 32/500 | LR=0.009905 | w_P3=1.000 | w_AVO=2.023 | lambda_MMD=0.300
2025-09-21 20:42:12 - Epoch Summary: TrainLoss=1.5581 | TrainAcc=0.646 | Val(P3)=0.626 | Val(AVO)=0.709
2025-09-21 20:42:12 - No AVO-val improvement; patience remaining: 35/50
2025-09-21 20:42:12 - Epoch 33/500 | LR=0.009899 | w_P3=1.000 | w_AVO=2.023 | lambda_MMD=0.300
2025-09-21 20:42:14 - Epoch Summary: TrainLoss=1.5300 | TrainAcc=0.646 | Val(P3)=0.620 | Val(AVO)=0.709
2025-09-21 20:42:14 - No AVO-val improvement; patience remaining: 34/50
2025-09-21 20:42:14 - P3 val decreasing 3x. Reducing lambda_MMD to 0.210
2025-09-21 20:42:14 - Epoch 34/500 | LR=0.009893 | w_P3=1.000 | w_AVO=2.023 | lambda_MMD=0.210
2025-09-21 20:42:15 - Epoch Summary: TrainLoss=1.5102 | TrainAcc=0.636 | Val(P3)=0.652 | Val(AVO)=0.698
2025-09-21 20:42:15 - No AVO-val improvement; patience remaining: 33/50
2025-09-21 20:42:15 - Epoch 35/500 | LR=0.009886 | w_P3=1.000 | w_AVO=2.023 | lambda_MMD=0.300
2025-09-21 20:42:17 - Epoch Summary: TrainLoss=1.5269 | TrainAcc=0.652 | Val(P3)=0.613 | Val(AVO)=0.698
2025-09-21 20:42:17 - No AVO-val improvement; patience remaining: 32/50
2025-09-21 20:42:17 - Epoch 36/500 | LR=0.009880 | w_P3=1.000 | w_AVO=2.023 | lambda_MMD=0.300
2025-09-21 20:42:18 - Epoch Summary: TrainLoss=1.5156 | TrainAcc=0.648 | Val(P3)=0.626 | Val(AVO)=0.721
2025-09-21 20:42:18 - No AVO-val improvement; patience remaining: 31/50
2025-09-21 20:42:18 - Epoch 37/500 | LR=0.009873 | w_P3=1.000 | w_AVO=2.023 | lambda_MMD=0.300
2025-09-21 20:42:20 - Epoch Summary: TrainLoss=1.5085 | TrainAcc=0.647 | Val(P3)=0.620 | Val(AVO)=0.663
2025-09-21 20:42:20 - No AVO-val improvement; patience remaining: 30/50
2025-09-21 20:42:20 - Epoch 38/500 | LR=0.009865 | w_P3=1.000 | w_AVO=2.023 | lambda_MMD=0.300
2025-09-21 20:42:22 - Epoch Summary: TrainLoss=1.5172 | TrainAcc=0.646 | Val(P3)=0.626 | Val(AVO)=0.698
2025-09-21 20:42:22 - No AVO-val improvement; patience remaining: 29/50
2025-09-21 20:42:22 - Epoch 39/500 | LR=0.009858 | w_P3=1.000 | w_AVO=2.023 | lambda_MMD=0.300
2025-09-21 20:42:24 - Epoch Summary: TrainLoss=1.4723 | TrainAcc=0.634 | Val(P3)=0.623 | Val(AVO)=0.686
2025-09-21 20:42:24 - No AVO-val improvement; patience remaining: 28/50
2025-09-21 20:42:24 - Epoch 40/500 | LR=0.009851 | w_P3=1.000 | w_AVO=2.023 | lambda_MMD=0.300
2025-09-21 20:42:25 - Epoch Summary: TrainLoss=1.5134 | TrainAcc=0.630 | Val(P3)=0.620 | Val(AVO)=0.698
2025-09-21 20:42:25 - No AVO-val improvement; patience remaining: 27/50
2025-09-21 20:42:25 - P3 val decreasing 3x. Reducing lambda_MMD to 0.210
2025-09-21 20:42:25 - Epoch 41/500 | LR=0.009843 | w_P3=1.000 | w_AVO=2.023 | lambda_MMD=0.210
2025-09-21 20:42:26 - Epoch Summary: TrainLoss=1.4812 | TrainAcc=0.644 | Val(P3)=0.620 | Val(AVO)=0.721
2025-09-21 20:42:26 - No AVO-val improvement; patience remaining: 26/50
2025-09-21 20:42:26 - Epoch 42/500 | LR=0.009835 | w_P3=1.000 | w_AVO=2.023 | lambda_MMD=0.300
2025-09-21 20:42:28 - Epoch Summary: TrainLoss=1.4548 | TrainAcc=0.640 | Val(P3)=0.617 | Val(AVO)=0.698
2025-09-21 20:42:28 - No AVO-val improvement; patience remaining: 25/50
2025-09-21 20:42:28 - Epoch 43/500 | LR=0.009827 | w_P3=1.000 | w_AVO=2.023 | lambda_MMD=0.300
2025-09-21 20:42:30 - Epoch Summary: TrainLoss=1.5023 | TrainAcc=0.652 | Val(P3)=0.639 | Val(AVO)=0.698
2025-09-21 20:42:30 - No AVO-val improvement; patience remaining: 24/50
2025-09-21 20:42:30 - Epoch 44/500 | LR=0.009819 | w_P3=1.000 | w_AVO=2.023 | lambda_MMD=0.300
2025-09-21 20:42:31 - Epoch Summary: TrainLoss=1.4779 | TrainAcc=0.656 | Val(P3)=0.633 | Val(AVO)=0.663
2025-09-21 20:42:31 - No AVO-val improvement; patience remaining: 23/50
2025-09-21 20:42:31 - Epoch 45/500 | LR=0.009810 | w_P3=1.000 | w_AVO=2.023 | lambda_MMD=0.300
2025-09-21 20:42:32 - Epoch Summary: TrainLoss=1.4941 | TrainAcc=0.641 | Val(P3)=0.629 | Val(AVO)=0.698
2025-09-21 20:42:32 - No AVO-val improvement; patience remaining: 22/50
2025-09-21 20:42:32 - P3 val decreasing 3x. Reducing lambda_MMD to 0.210
2025-09-21 20:42:32 - Epoch 46/500 | LR=0.009801 | w_P3=1.000 | w_AVO=2.023 | lambda_MMD=0.210
2025-09-21 20:42:34 - Epoch Summary: TrainLoss=1.4784 | TrainAcc=0.652 | Val(P3)=0.626 | Val(AVO)=0.698
2025-09-21 20:42:34 - No AVO-val improvement; patience remaining: 21/50
2025-09-21 20:42:34 - P3 val decreasing 3x. Reducing lambda_MMD to 0.210
2025-09-21 20:42:34 - Epoch 47/500 | LR=0.009793 | w_P3=1.000 | w_AVO=2.023 | lambda_MMD=0.210
2025-09-21 20:42:35 - Epoch Summary: TrainLoss=1.4677 | TrainAcc=0.646 | Val(P3)=0.626 | Val(AVO)=0.709
2025-09-21 20:42:35 - No AVO-val improvement; patience remaining: 20/50
2025-09-21 20:42:35 - Epoch 48/500 | LR=0.009784 | w_P3=1.000 | w_AVO=2.023 | lambda_MMD=0.300
2025-09-21 20:42:37 - Epoch Summary: TrainLoss=1.4603 | TrainAcc=0.638 | Val(P3)=0.629 | Val(AVO)=0.698
2025-09-21 20:42:37 - No AVO-val improvement; patience remaining: 19/50
2025-09-21 20:42:37 - Epoch 49/500 | LR=0.009774 | w_P3=1.000 | w_AVO=2.023 | lambda_MMD=0.300
2025-09-21 20:42:39 - Epoch Summary: TrainLoss=1.4707 | TrainAcc=0.655 | Val(P3)=0.642 | Val(AVO)=0.674
2025-09-21 20:42:39 - No AVO-val improvement; patience remaining: 18/50
2025-09-21 20:42:39 - AVO val decreasing 3x. Reducing w_small to 1.619, lambda_MMD to 0.150
2025-09-21 20:42:39 - Epoch 50/500 | LR=0.009765 | w_P3=1.000 | w_AVO=1.619 | lambda_MMD=0.150
2025-09-21 20:42:41 - Epoch Summary: TrainLoss=1.3204 | TrainAcc=0.638 | Val(P3)=0.636 | Val(AVO)=0.674
2025-09-21 20:42:41 - No AVO-val improvement; patience remaining: 17/50
2025-09-21 20:42:41 - Epoch 51/500 | LR=0.009755 | w_P3=1.000 | w_AVO=2.023 | lambda_MMD=0.300
2025-09-21 20:42:43 - Epoch Summary: TrainLoss=1.4220 | TrainAcc=0.639 | Val(P3)=0.642 | Val(AVO)=0.698
2025-09-21 20:42:43 - No AVO-val improvement; patience remaining: 16/50
2025-09-21 20:42:43 - Epoch 52/500 | LR=0.009745 | w_P3=1.000 | w_AVO=2.023 | lambda_MMD=0.300
2025-09-21 20:42:46 - Epoch Summary: TrainLoss=1.4852 | TrainAcc=0.638 | Val(P3)=0.629 | Val(AVO)=0.686
2025-09-21 20:42:46 - No AVO-val improvement; patience remaining: 15/50
2025-09-21 20:42:46 - Epoch 53/500 | LR=0.009735 | w_P3=1.000 | w_AVO=2.023 | lambda_MMD=0.300
2025-09-21 20:42:48 - Epoch Summary: TrainLoss=1.4878 | TrainAcc=0.645 | Val(P3)=0.649 | Val(AVO)=0.721
2025-09-21 20:42:48 - No AVO-val improvement; patience remaining: 14/50
2025-09-21 20:42:48 - Epoch 54/500 | LR=0.009725 | w_P3=1.000 | w_AVO=2.023 | lambda_MMD=0.300
2025-09-21 20:42:50 - Epoch Summary: TrainLoss=1.4310 | TrainAcc=0.654 | Val(P3)=0.610 | Val(AVO)=0.674
2025-09-21 20:42:50 - No AVO-val improvement; patience remaining: 13/50
2025-09-21 20:42:50 - Epoch 55/500 | LR=0.009715 | w_P3=1.000 | w_AVO=2.023 | lambda_MMD=0.300
2025-09-21 20:42:52 - Epoch Summary: TrainLoss=1.4484 | TrainAcc=0.634 | Val(P3)=0.636 | Val(AVO)=0.674
2025-09-21 20:42:52 - No AVO-val improvement; patience remaining: 12/50
2025-09-21 20:42:52 - Epoch 56/500 | LR=0.009704 | w_P3=1.000 | w_AVO=2.023 | lambda_MMD=0.300
2025-09-21 20:42:54 - Epoch Summary: TrainLoss=1.4393 | TrainAcc=0.651 | Val(P3)=0.636 | Val(AVO)=0.709
2025-09-21 20:42:54 - No AVO-val improvement; patience remaining: 11/50
2025-09-21 20:42:54 - Epoch 57/500 | LR=0.009694 | w_P3=1.000 | w_AVO=2.023 | lambda_MMD=0.300
2025-09-21 20:42:57 - Epoch Summary: TrainLoss=1.4320 | TrainAcc=0.654 | Val(P3)=0.620 | Val(AVO)=0.674
2025-09-21 20:42:57 - No AVO-val improvement; patience remaining: 10/50
2025-09-21 20:42:57 - Epoch 58/500 | LR=0.009683 | w_P3=1.000 | w_AVO=2.023 | lambda_MMD=0.300
2025-09-21 20:42:59 - Epoch Summary: TrainLoss=1.4556 | TrainAcc=0.646 | Val(P3)=0.649 | Val(AVO)=0.709
2025-09-21 20:42:59 - No AVO-val improvement; patience remaining: 9/50
2025-09-21 20:42:59 - Epoch 59/500 | LR=0.009672 | w_P3=1.000 | w_AVO=2.023 | lambda_MMD=0.300
2025-09-21 20:43:01 - Epoch Summary: TrainLoss=1.4796 | TrainAcc=0.638 | Val(P3)=0.629 | Val(AVO)=0.686
2025-09-21 20:43:01 - No AVO-val improvement; patience remaining: 8/50
2025-09-21 20:43:01 - Epoch 60/500 | LR=0.009660 | w_P3=1.000 | w_AVO=2.023 | lambda_MMD=0.300
2025-09-21 20:43:03 - Epoch Summary: TrainLoss=1.4341 | TrainAcc=0.639 | Val(P3)=0.639 | Val(AVO)=0.709
2025-09-21 20:43:03 - No AVO-val improvement; patience remaining: 7/50
2025-09-21 20:43:03 - Epoch 61/500 | LR=0.009649 | w_P3=1.000 | w_AVO=2.023 | lambda_MMD=0.300
2025-09-21 20:43:05 - Epoch Summary: TrainLoss=1.3908 | TrainAcc=0.659 | Val(P3)=0.633 | Val(AVO)=0.721
2025-09-21 20:43:05 - No AVO-val improvement; patience remaining: 6/50
2025-09-21 20:43:05 - Epoch 62/500 | LR=0.009637 | w_P3=1.000 | w_AVO=2.023 | lambda_MMD=0.300
2025-09-21 20:43:07 - Epoch Summary: TrainLoss=1.4222 | TrainAcc=0.652 | Val(P3)=0.636 | Val(AVO)=0.686
2025-09-21 20:43:07 - No AVO-val improvement; patience remaining: 5/50
2025-09-21 20:43:07 - Epoch 63/500 | LR=0.009625 | w_P3=1.000 | w_AVO=2.023 | lambda_MMD=0.300
2025-09-21 20:43:09 - Epoch Summary: TrainLoss=1.4257 | TrainAcc=0.658 | Val(P3)=0.629 | Val(AVO)=0.686
2025-09-21 20:43:09 - No AVO-val improvement; patience remaining: 4/50
2025-09-21 20:43:09 - Epoch 64/500 | LR=0.009613 | w_P3=1.000 | w_AVO=2.023 | lambda_MMD=0.300
2025-09-21 20:43:11 - Epoch Summary: TrainLoss=1.4227 | TrainAcc=0.659 | Val(P3)=0.629 | Val(AVO)=0.698
2025-09-21 20:43:11 - No AVO-val improvement; patience remaining: 3/50
2025-09-21 20:43:11 - Epoch 65/500 | LR=0.009601 | w_P3=1.000 | w_AVO=2.023 | lambda_MMD=0.300
2025-09-21 20:43:13 - Epoch Summary: TrainLoss=1.4019 | TrainAcc=0.647 | Val(P3)=0.626 | Val(AVO)=0.698
2025-09-21 20:43:13 - No AVO-val improvement; patience remaining: 2/50
2025-09-21 20:43:13 - Epoch 66/500 | LR=0.009589 | w_P3=1.000 | w_AVO=2.023 | lambda_MMD=0.300
2025-09-21 20:43:15 - Epoch Summary: TrainLoss=1.4003 | TrainAcc=0.658 | Val(P3)=0.620 | Val(AVO)=0.686
2025-09-21 20:43:15 - No AVO-val improvement; patience remaining: 1/50
2025-09-21 20:43:15 - P3 val decreasing 3x. Reducing lambda_MMD to 0.210
2025-09-21 20:43:15 - Epoch 67/500 | LR=0.009576 | w_P3=1.000 | w_AVO=2.023 | lambda_MMD=0.210
2025-09-21 20:43:18 - Epoch Summary: TrainLoss=1.4243 | TrainAcc=0.641 | Val(P3)=0.633 | Val(AVO)=0.698
2025-09-21 20:43:18 - No AVO-val improvement; patience remaining: 0/50
2025-09-21 20:43:18 - Early stopping triggered (AVO-val)
2025-09-21 20:43:18 -     P3 Test | Acc=0.6234 P=0.6479 R=0.5714 F1=0.6073 AUC=0.6697 (n=632)
2025-09-21 20:43:18 -     AVO Test | Acc=0.7108 P=0.6883 R=0.6883 F1=0.6883 AUC=0.7638 (n=166)
2025-09-21 20:43:18 -     Overall Test Acc=0.6416
2025-09-21 20:43:18 -   Fold 4/5
2025-09-21 20:43:18 - Fold domains: small=AVO (n=550), large=P3 (n=2242)
2025-09-21 20:43:18 - Auto adjustments (symmetric): w_small≈1.000, lambda_MMD_target=0.300, warmup_epochs=5
2025-09-21 20:43:18 - Epoch 1/500 | LR=0.010000 | w_P3=1.000 | w_AVO=1.204 | lambda_MMD=0.060
2025-09-21 20:43:20 - Epoch Summary: TrainLoss=1.7050 | TrainAcc=0.564 | Val(P3)=0.655 | Val(AVO)=0.558
2025-09-21 20:43:20 - New best AVO-val; checkpoint updated
2025-09-21 20:43:20 - Epoch 2/500 | LR=0.010000 | w_P3=1.000 | w_AVO=1.408 | lambda_MMD=0.120
2025-09-21 20:43:22 - Epoch Summary: TrainLoss=1.6020 | TrainAcc=0.592 | Val(P3)=0.629 | Val(AVO)=0.640
2025-09-21 20:43:22 - New best AVO-val; checkpoint updated
2025-09-21 20:43:22 - Epoch 3/500 | LR=0.010000 | w_P3=1.000 | w_AVO=1.611 | lambda_MMD=0.180
2025-09-21 20:43:24 - Epoch Summary: TrainLoss=1.6719 | TrainAcc=0.612 | Val(P3)=0.633 | Val(AVO)=0.628
2025-09-21 20:43:24 - No AVO-val improvement; patience remaining: 49/50
2025-09-21 20:43:24 - Epoch 4/500 | LR=0.009999 | w_P3=1.000 | w_AVO=1.815 | lambda_MMD=0.240
2025-09-21 20:43:27 - Epoch Summary: TrainLoss=1.7636 | TrainAcc=0.633 | Val(P3)=0.645 | Val(AVO)=0.605
2025-09-21 20:43:27 - No AVO-val improvement; patience remaining: 48/50
2025-09-21 20:43:27 - AVO val decreasing 3x. Reducing w_small to 1.615, lambda_MMD to 0.150
2025-09-21 20:43:27 - Epoch 5/500 | LR=0.009998 | w_P3=1.000 | w_AVO=1.615 | lambda_MMD=0.150
2025-09-21 20:43:29 - Epoch Summary: TrainLoss=1.6403 | TrainAcc=0.623 | Val(P3)=0.658 | Val(AVO)=0.651
2025-09-21 20:43:29 - New best AVO-val; checkpoint updated
2025-09-21 20:43:29 - Epoch 6/500 | LR=0.009998 | w_P3=1.000 | w_AVO=2.019 | lambda_MMD=0.300
2025-09-21 20:43:30 - Epoch Summary: TrainLoss=1.8347 | TrainAcc=0.639 | Val(P3)=0.652 | Val(AVO)=0.663
2025-09-21 20:43:30 - New best AVO-val; checkpoint updated
2025-09-21 20:43:30 - Epoch 7/500 | LR=0.009996 | w_P3=1.000 | w_AVO=2.019 | lambda_MMD=0.300
2025-09-21 20:43:32 - Epoch Summary: TrainLoss=1.8180 | TrainAcc=0.635 | Val(P3)=0.639 | Val(AVO)=0.616
2025-09-21 20:43:32 - No AVO-val improvement; patience remaining: 49/50
2025-09-21 20:43:32 - P3 val decreasing 3x. Reducing lambda_MMD to 0.210
2025-09-21 20:43:32 - Epoch 8/500 | LR=0.009995 | w_P3=1.000 | w_AVO=2.019 | lambda_MMD=0.210
2025-09-21 20:43:35 - Epoch Summary: TrainLoss=1.8007 | TrainAcc=0.647 | Val(P3)=0.639 | Val(AVO)=0.674
2025-09-21 20:43:35 - New best AVO-val; checkpoint updated
2025-09-21 20:43:35 - Epoch 9/500 | LR=0.009994 | w_P3=1.000 | w_AVO=2.019 | lambda_MMD=0.300
2025-09-21 20:43:36 - Epoch Summary: TrainLoss=1.7895 | TrainAcc=0.639 | Val(P3)=0.681 | Val(AVO)=0.640
2025-09-21 20:43:36 - No AVO-val improvement; patience remaining: 49/50
2025-09-21 20:43:36 - Epoch 10/500 | LR=0.009992 | w_P3=1.000 | w_AVO=2.019 | lambda_MMD=0.300
2025-09-21 20:43:38 - Epoch Summary: TrainLoss=1.7575 | TrainAcc=0.631 | Val(P3)=0.674 | Val(AVO)=0.686
2025-09-21 20:43:38 - New best AVO-val; checkpoint updated
2025-09-21 20:43:38 - Epoch 11/500 | LR=0.009990 | w_P3=1.000 | w_AVO=2.019 | lambda_MMD=0.300
2025-09-21 20:43:41 - Epoch Summary: TrainLoss=1.7764 | TrainAcc=0.624 | Val(P3)=0.639 | Val(AVO)=0.663
2025-09-21 20:43:41 - No AVO-val improvement; patience remaining: 49/50
2025-09-21 20:43:41 - P3 val decreasing 3x. Reducing lambda_MMD to 0.210
2025-09-21 20:43:41 - Epoch 12/500 | LR=0.009988 | w_P3=1.000 | w_AVO=2.019 | lambda_MMD=0.210
2025-09-21 20:43:43 - Epoch Summary: TrainLoss=1.7398 | TrainAcc=0.646 | Val(P3)=0.649 | Val(AVO)=0.651
2025-09-21 20:43:43 - No AVO-val improvement; patience remaining: 48/50
2025-09-21 20:43:43 - AVO val decreasing 3x. Reducing w_small to 1.615, lambda_MMD to 0.150
2025-09-21 20:43:43 - Epoch 13/500 | LR=0.009986 | w_P3=1.000 | w_AVO=1.615 | lambda_MMD=0.150
2025-09-21 20:43:46 - Epoch Summary: TrainLoss=1.5114 | TrainAcc=0.637 | Val(P3)=0.665 | Val(AVO)=0.709
2025-09-21 20:43:46 - New best AVO-val; checkpoint updated
2025-09-21 20:43:46 - Epoch 14/500 | LR=0.009983 | w_P3=1.000 | w_AVO=2.019 | lambda_MMD=0.300
2025-09-21 20:43:48 - Epoch Summary: TrainLoss=1.7216 | TrainAcc=0.638 | Val(P3)=0.668 | Val(AVO)=0.663
2025-09-21 20:43:48 - No AVO-val improvement; patience remaining: 49/50
2025-09-21 20:43:48 - Epoch 15/500 | LR=0.009981 | w_P3=1.000 | w_AVO=2.019 | lambda_MMD=0.300
2025-09-21 20:43:49 - Epoch Summary: TrainLoss=1.7341 | TrainAcc=0.638 | Val(P3)=0.677 | Val(AVO)=0.674
2025-09-21 20:43:49 - No AVO-val improvement; patience remaining: 48/50
2025-09-21 20:43:49 - Epoch 16/500 | LR=0.009978 | w_P3=1.000 | w_AVO=2.019 | lambda_MMD=0.300
2025-09-21 20:43:51 - Epoch Summary: TrainLoss=1.6659 | TrainAcc=0.646 | Val(P3)=0.665 | Val(AVO)=0.663
2025-09-21 20:43:51 - No AVO-val improvement; patience remaining: 47/50
2025-09-21 20:43:51 - Epoch 17/500 | LR=0.009975 | w_P3=1.000 | w_AVO=2.019 | lambda_MMD=0.300
2025-09-21 20:43:53 - Epoch Summary: TrainLoss=1.6677 | TrainAcc=0.633 | Val(P3)=0.658 | Val(AVO)=0.674
2025-09-21 20:43:53 - No AVO-val improvement; patience remaining: 46/50
2025-09-21 20:43:53 - P3 val decreasing 3x. Reducing lambda_MMD to 0.210
2025-09-21 20:43:53 - Epoch 18/500 | LR=0.009972 | w_P3=1.000 | w_AVO=2.019 | lambda_MMD=0.210
2025-09-21 20:43:54 - Epoch Summary: TrainLoss=1.6856 | TrainAcc=0.642 | Val(P3)=0.649 | Val(AVO)=0.674
2025-09-21 20:43:54 - No AVO-val improvement; patience remaining: 45/50
2025-09-21 20:43:54 - P3 val decreasing 3x. Reducing lambda_MMD to 0.210
2025-09-21 20:43:54 - Epoch 19/500 | LR=0.009968 | w_P3=1.000 | w_AVO=2.019 | lambda_MMD=0.210
2025-09-21 20:43:57 - Epoch Summary: TrainLoss=1.6430 | TrainAcc=0.644 | Val(P3)=0.684 | Val(AVO)=0.686
2025-09-21 20:43:57 - No AVO-val improvement; patience remaining: 44/50
2025-09-21 20:43:57 - Epoch 20/500 | LR=0.009964 | w_P3=1.000 | w_AVO=2.019 | lambda_MMD=0.300
2025-09-21 20:44:00 - Epoch Summary: TrainLoss=1.6773 | TrainAcc=0.630 | Val(P3)=0.665 | Val(AVO)=0.674
2025-09-21 20:44:00 - No AVO-val improvement; patience remaining: 43/50
2025-09-21 20:44:00 - Epoch 21/500 | LR=0.009961 | w_P3=1.000 | w_AVO=2.019 | lambda_MMD=0.300
2025-09-21 20:44:01 - Epoch Summary: TrainLoss=1.6325 | TrainAcc=0.649 | Val(P3)=0.626 | Val(AVO)=0.686
2025-09-21 20:44:01 - No AVO-val improvement; patience remaining: 42/50
2025-09-21 20:44:01 - P3 val decreasing 3x. Reducing lambda_MMD to 0.210
2025-09-21 20:44:01 - Epoch 22/500 | LR=0.009957 | w_P3=1.000 | w_AVO=2.019 | lambda_MMD=0.210
2025-09-21 20:44:04 - Epoch Summary: TrainLoss=1.6406 | TrainAcc=0.630 | Val(P3)=0.652 | Val(AVO)=0.698
2025-09-21 20:44:04 - No AVO-val improvement; patience remaining: 41/50
2025-09-21 20:44:04 - Epoch 23/500 | LR=0.009952 | w_P3=1.000 | w_AVO=2.019 | lambda_MMD=0.300
2025-09-21 20:44:05 - Epoch Summary: TrainLoss=1.6308 | TrainAcc=0.640 | Val(P3)=0.674 | Val(AVO)=0.709
2025-09-21 20:44:05 - No AVO-val improvement; patience remaining: 40/50
2025-09-21 20:44:05 - Epoch 24/500 | LR=0.009948 | w_P3=1.000 | w_AVO=2.019 | lambda_MMD=0.300
2025-09-21 20:44:08 - Epoch Summary: TrainLoss=1.6033 | TrainAcc=0.639 | Val(P3)=0.649 | Val(AVO)=0.663
2025-09-21 20:44:08 - No AVO-val improvement; patience remaining: 39/50
2025-09-21 20:44:08 - Epoch 25/500 | LR=0.009943 | w_P3=1.000 | w_AVO=2.019 | lambda_MMD=0.300
2025-09-21 20:44:10 - Epoch Summary: TrainLoss=1.6221 | TrainAcc=0.649 | Val(P3)=0.677 | Val(AVO)=0.709
2025-09-21 20:44:10 - No AVO-val improvement; patience remaining: 38/50
2025-09-21 20:44:10 - Epoch 26/500 | LR=0.009938 | w_P3=1.000 | w_AVO=2.019 | lambda_MMD=0.300
2025-09-21 20:44:12 - Epoch Summary: TrainLoss=1.6069 | TrainAcc=0.642 | Val(P3)=0.655 | Val(AVO)=0.674
2025-09-21 20:44:12 - No AVO-val improvement; patience remaining: 37/50
2025-09-21 20:44:12 - Epoch 27/500 | LR=0.009933 | w_P3=1.000 | w_AVO=2.019 | lambda_MMD=0.300
2025-09-21 20:44:14 - Epoch Summary: TrainLoss=1.5904 | TrainAcc=0.650 | Val(P3)=0.658 | Val(AVO)=0.640
2025-09-21 20:44:14 - No AVO-val improvement; patience remaining: 36/50
2025-09-21 20:44:14 - AVO val decreasing 3x. Reducing w_small to 1.615, lambda_MMD to 0.150
2025-09-21 20:44:14 - Epoch 28/500 | LR=0.009928 | w_P3=1.000 | w_AVO=1.615 | lambda_MMD=0.150
2025-09-21 20:44:16 - Epoch Summary: TrainLoss=1.4037 | TrainAcc=0.633 | Val(P3)=0.665 | Val(AVO)=0.686
2025-09-21 20:44:16 - No AVO-val improvement; patience remaining: 35/50
2025-09-21 20:44:16 - Epoch 29/500 | LR=0.009923 | w_P3=1.000 | w_AVO=2.019 | lambda_MMD=0.300
2025-09-21 20:44:18 - Epoch Summary: TrainLoss=1.5782 | TrainAcc=0.642 | Val(P3)=0.684 | Val(AVO)=0.698
2025-09-21 20:44:18 - No AVO-val improvement; patience remaining: 34/50
2025-09-21 20:44:18 - Epoch 30/500 | LR=0.009917 | w_P3=1.000 | w_AVO=2.019 | lambda_MMD=0.300
2025-09-21 20:44:19 - Epoch Summary: TrainLoss=1.5941 | TrainAcc=0.640 | Val(P3)=0.649 | Val(AVO)=0.640
2025-09-21 20:44:19 - No AVO-val improvement; patience remaining: 33/50
2025-09-21 20:44:19 - Epoch 31/500 | LR=0.009911 | w_P3=1.000 | w_AVO=2.019 | lambda_MMD=0.300
2025-09-21 20:44:21 - Epoch Summary: TrainLoss=1.6098 | TrainAcc=0.637 | Val(P3)=0.661 | Val(AVO)=0.686
2025-09-21 20:44:21 - No AVO-val improvement; patience remaining: 32/50
2025-09-21 20:44:21 - Epoch 32/500 | LR=0.009905 | w_P3=1.000 | w_AVO=2.019 | lambda_MMD=0.300
2025-09-21 20:44:23 - Epoch Summary: TrainLoss=1.5606 | TrainAcc=0.635 | Val(P3)=0.665 | Val(AVO)=0.663
2025-09-21 20:44:23 - No AVO-val improvement; patience remaining: 31/50
2025-09-21 20:44:23 - Epoch 33/500 | LR=0.009899 | w_P3=1.000 | w_AVO=2.019 | lambda_MMD=0.300
2025-09-21 20:44:24 - Epoch Summary: TrainLoss=1.5775 | TrainAcc=0.634 | Val(P3)=0.633 | Val(AVO)=0.674
2025-09-21 20:44:24 - No AVO-val improvement; patience remaining: 30/50
2025-09-21 20:44:24 - Epoch 34/500 | LR=0.009893 | w_P3=1.000 | w_AVO=2.019 | lambda_MMD=0.300
2025-09-21 20:44:27 - Epoch Summary: TrainLoss=1.5876 | TrainAcc=0.628 | Val(P3)=0.671 | Val(AVO)=0.663
2025-09-21 20:44:27 - No AVO-val improvement; patience remaining: 29/50
2025-09-21 20:44:27 - Epoch 35/500 | LR=0.009886 | w_P3=1.000 | w_AVO=2.019 | lambda_MMD=0.300
2025-09-21 20:44:29 - Epoch Summary: TrainLoss=1.5554 | TrainAcc=0.638 | Val(P3)=0.696 | Val(AVO)=0.651
2025-09-21 20:44:29 - No AVO-val improvement; patience remaining: 28/50
2025-09-21 20:44:29 - AVO val decreasing 3x. Reducing w_small to 1.615, lambda_MMD to 0.150
2025-09-21 20:44:29 - Epoch 36/500 | LR=0.009880 | w_P3=1.000 | w_AVO=1.615 | lambda_MMD=0.150
2025-09-21 20:44:31 - Epoch Summary: TrainLoss=1.3775 | TrainAcc=0.646 | Val(P3)=0.613 | Val(AVO)=0.651
2025-09-21 20:44:31 - No AVO-val improvement; patience remaining: 27/50
2025-09-21 20:44:31 - Epoch 37/500 | LR=0.009873 | w_P3=1.000 | w_AVO=2.019 | lambda_MMD=0.300
2025-09-21 20:44:32 - Epoch Summary: TrainLoss=1.5109 | TrainAcc=0.638 | Val(P3)=0.671 | Val(AVO)=0.674
2025-09-21 20:44:32 - No AVO-val improvement; patience remaining: 26/50
2025-09-21 20:44:32 - Epoch 38/500 | LR=0.009865 | w_P3=1.000 | w_AVO=2.019 | lambda_MMD=0.300
2025-09-21 20:44:35 - Epoch Summary: TrainLoss=1.5368 | TrainAcc=0.658 | Val(P3)=0.681 | Val(AVO)=0.663
2025-09-21 20:44:35 - No AVO-val improvement; patience remaining: 25/50
2025-09-21 20:44:35 - Epoch 39/500 | LR=0.009858 | w_P3=1.000 | w_AVO=2.019 | lambda_MMD=0.300
2025-09-21 20:44:37 - Epoch Summary: TrainLoss=1.5411 | TrainAcc=0.647 | Val(P3)=0.677 | Val(AVO)=0.674
2025-09-21 20:44:37 - No AVO-val improvement; patience remaining: 24/50
2025-09-21 20:44:37 - Epoch 40/500 | LR=0.009851 | w_P3=1.000 | w_AVO=2.019 | lambda_MMD=0.300
2025-09-21 20:44:38 - Epoch Summary: TrainLoss=1.5331 | TrainAcc=0.631 | Val(P3)=0.649 | Val(AVO)=0.674
2025-09-21 20:44:38 - No AVO-val improvement; patience remaining: 23/50
2025-09-21 20:44:38 - P3 val decreasing 3x. Reducing lambda_MMD to 0.210
2025-09-21 20:44:38 - Epoch 41/500 | LR=0.009843 | w_P3=1.000 | w_AVO=2.019 | lambda_MMD=0.210
2025-09-21 20:44:40 - Epoch Summary: TrainLoss=1.5230 | TrainAcc=0.660 | Val(P3)=0.649 | Val(AVO)=0.709
2025-09-21 20:44:40 - No AVO-val improvement; patience remaining: 22/50
2025-09-21 20:44:40 - Epoch 42/500 | LR=0.009835 | w_P3=1.000 | w_AVO=2.019 | lambda_MMD=0.300
2025-09-21 20:44:42 - Epoch Summary: TrainLoss=1.5308 | TrainAcc=0.636 | Val(P3)=0.665 | Val(AVO)=0.674
2025-09-21 20:44:42 - No AVO-val improvement; patience remaining: 21/50
2025-09-21 20:44:42 - Epoch 43/500 | LR=0.009827 | w_P3=1.000 | w_AVO=2.019 | lambda_MMD=0.300
2025-09-21 20:44:43 - Epoch Summary: TrainLoss=1.5374 | TrainAcc=0.650 | Val(P3)=0.652 | Val(AVO)=0.709
2025-09-21 20:44:43 - No AVO-val improvement; patience remaining: 20/50
2025-09-21 20:44:43 - Epoch 44/500 | LR=0.009819 | w_P3=1.000 | w_AVO=2.019 | lambda_MMD=0.300
2025-09-21 20:44:45 - Epoch Summary: TrainLoss=1.5445 | TrainAcc=0.640 | Val(P3)=0.610 | Val(AVO)=0.721
2025-09-21 20:44:45 - New best AVO-val; checkpoint updated
2025-09-21 20:44:45 - P3 val decreasing 3x. Reducing lambda_MMD to 0.210
2025-09-21 20:44:45 - Epoch 45/500 | LR=0.009810 | w_P3=1.000 | w_AVO=2.019 | lambda_MMD=0.210
2025-09-21 20:44:47 - Epoch Summary: TrainLoss=1.5289 | TrainAcc=0.653 | Val(P3)=0.661 | Val(AVO)=0.698
2025-09-21 20:44:47 - No AVO-val improvement; patience remaining: 49/50
2025-09-21 20:44:47 - Epoch 46/500 | LR=0.009801 | w_P3=1.000 | w_AVO=2.019 | lambda_MMD=0.300
2025-09-21 20:44:49 - Epoch Summary: TrainLoss=1.5048 | TrainAcc=0.637 | Val(P3)=0.677 | Val(AVO)=0.674
2025-09-21 20:44:49 - No AVO-val improvement; patience remaining: 48/50
2025-09-21 20:44:49 - AVO val decreasing 3x. Reducing w_small to 1.615, lambda_MMD to 0.150
2025-09-21 20:44:49 - Epoch 47/500 | LR=0.009793 | w_P3=1.000 | w_AVO=1.615 | lambda_MMD=0.150
2025-09-21 20:44:50 - Epoch Summary: TrainLoss=1.3506 | TrainAcc=0.644 | Val(P3)=0.671 | Val(AVO)=0.698
2025-09-21 20:44:50 - No AVO-val improvement; patience remaining: 47/50
2025-09-21 20:44:50 - Epoch 48/500 | LR=0.009784 | w_P3=1.000 | w_AVO=2.019 | lambda_MMD=0.300
2025-09-21 20:44:50 - Epoch Summary: TrainLoss=1.5266 | TrainAcc=0.646 | Val(P3)=0.684 | Val(AVO)=0.674
2025-09-21 20:44:50 - No AVO-val improvement; patience remaining: 46/50
2025-09-21 20:44:50 - Epoch 49/500 | LR=0.009774 | w_P3=1.000 | w_AVO=2.019 | lambda_MMD=0.300
2025-09-21 20:44:54 - Epoch Summary: TrainLoss=1.4882 | TrainAcc=0.649 | Val(P3)=0.681 | Val(AVO)=0.721
2025-09-21 20:44:54 - No AVO-val improvement; patience remaining: 45/50
2025-09-21 20:44:54 - Epoch 50/500 | LR=0.009765 | w_P3=1.000 | w_AVO=2.019 | lambda_MMD=0.300
2025-09-21 20:44:56 - Epoch Summary: TrainLoss=1.4871 | TrainAcc=0.655 | Val(P3)=0.661 | Val(AVO)=0.698
2025-09-21 20:44:56 - No AVO-val improvement; patience remaining: 44/50
2025-09-21 20:44:56 - P3 val decreasing 3x. Reducing lambda_MMD to 0.210
2025-09-21 20:44:56 - Epoch 51/500 | LR=0.009755 | w_P3=1.000 | w_AVO=2.019 | lambda_MMD=0.210
2025-09-21 20:44:59 - Epoch Summary: TrainLoss=1.4569 | TrainAcc=0.649 | Val(P3)=0.671 | Val(AVO)=0.733
2025-09-21 20:44:59 - New best AVO-val; checkpoint updated
2025-09-21 20:44:59 - Epoch 52/500 | LR=0.009745 | w_P3=1.000 | w_AVO=2.019 | lambda_MMD=0.300
2025-09-21 20:45:01 - Epoch Summary: TrainLoss=1.4694 | TrainAcc=0.660 | Val(P3)=0.639 | Val(AVO)=0.744
2025-09-21 20:45:01 - New best AVO-val; checkpoint updated
2025-09-21 20:45:01 - Epoch 53/500 | LR=0.009735 | w_P3=1.000 | w_AVO=2.019 | lambda_MMD=0.300
2025-09-21 20:45:05 - Epoch Summary: TrainLoss=1.4579 | TrainAcc=0.646 | Val(P3)=0.671 | Val(AVO)=0.721
2025-09-21 20:45:05 - No AVO-val improvement; patience remaining: 49/50
2025-09-21 20:45:05 - Epoch 54/500 | LR=0.009725 | w_P3=1.000 | w_AVO=2.019 | lambda_MMD=0.300
2025-09-21 20:45:09 - Epoch Summary: TrainLoss=1.4961 | TrainAcc=0.645 | Val(P3)=0.652 | Val(AVO)=0.674
2025-09-21 20:45:09 - No AVO-val improvement; patience remaining: 48/50
2025-09-21 20:45:09 - AVO val decreasing 3x. Reducing w_small to 1.615, lambda_MMD to 0.150
2025-09-21 20:45:09 - Epoch 55/500 | LR=0.009715 | w_P3=1.000 | w_AVO=1.615 | lambda_MMD=0.150
2025-09-21 20:45:11 - Epoch Summary: TrainLoss=1.3079 | TrainAcc=0.661 | Val(P3)=0.636 | Val(AVO)=0.744
2025-09-21 20:45:11 - No AVO-val improvement; patience remaining: 47/50
2025-09-21 20:45:11 - P3 val decreasing 3x. Reducing lambda_MMD to 0.210
2025-09-21 20:45:11 - Epoch 56/500 | LR=0.009704 | w_P3=1.000 | w_AVO=2.019 | lambda_MMD=0.210
2025-09-21 20:45:14 - Epoch Summary: TrainLoss=1.4991 | TrainAcc=0.661 | Val(P3)=0.668 | Val(AVO)=0.733
2025-09-21 20:45:14 - No AVO-val improvement; patience remaining: 46/50
2025-09-21 20:45:14 - Epoch 57/500 | LR=0.009694 | w_P3=1.000 | w_AVO=2.019 | lambda_MMD=0.300
2025-09-21 20:45:17 - Epoch Summary: TrainLoss=1.4611 | TrainAcc=0.657 | Val(P3)=0.626 | Val(AVO)=0.709
2025-09-21 20:45:17 - No AVO-val improvement; patience remaining: 45/50
2025-09-21 20:45:17 - AVO val decreasing 3x. Reducing w_small to 1.615, lambda_MMD to 0.150
2025-09-21 20:45:17 - Epoch 58/500 | LR=0.009683 | w_P3=1.000 | w_AVO=1.615 | lambda_MMD=0.150
2025-09-21 20:45:20 - Epoch Summary: TrainLoss=1.3015 | TrainAcc=0.659 | Val(P3)=0.629 | Val(AVO)=0.686
2025-09-21 20:45:20 - No AVO-val improvement; patience remaining: 44/50
2025-09-21 20:45:20 - AVO val decreasing 3x. Reducing w_small to 1.615, lambda_MMD to 0.150
2025-09-21 20:45:20 - Epoch 59/500 | LR=0.009672 | w_P3=1.000 | w_AVO=1.615 | lambda_MMD=0.150
2025-09-21 20:45:23 - Epoch Summary: TrainLoss=1.2795 | TrainAcc=0.654 | Val(P3)=0.636 | Val(AVO)=0.709
2025-09-21 20:45:23 - No AVO-val improvement; patience remaining: 43/50
2025-09-21 20:45:23 - Epoch 60/500 | LR=0.009660 | w_P3=1.000 | w_AVO=2.019 | lambda_MMD=0.300
2025-09-21 20:45:24 - Epoch Summary: TrainLoss=1.4490 | TrainAcc=0.648 | Val(P3)=0.649 | Val(AVO)=0.721
2025-09-21 20:45:24 - No AVO-val improvement; patience remaining: 42/50
2025-09-21 20:45:24 - Epoch 61/500 | LR=0.009649 | w_P3=1.000 | w_AVO=2.019 | lambda_MMD=0.300
2025-09-21 20:45:26 - Epoch Summary: TrainLoss=1.5020 | TrainAcc=0.650 | Val(P3)=0.626 | Val(AVO)=0.698
2025-09-21 20:45:26 - No AVO-val improvement; patience remaining: 41/50
2025-09-21 20:45:26 - Epoch 62/500 | LR=0.009637 | w_P3=1.000 | w_AVO=2.019 | lambda_MMD=0.300
2025-09-21 20:45:28 - Epoch Summary: TrainLoss=1.5243 | TrainAcc=0.638 | Val(P3)=0.658 | Val(AVO)=0.744
2025-09-21 20:45:28 - No AVO-val improvement; patience remaining: 40/50
2025-09-21 20:45:28 - Epoch 63/500 | LR=0.009625 | w_P3=1.000 | w_AVO=2.019 | lambda_MMD=0.300
2025-09-21 20:45:31 - Epoch Summary: TrainLoss=1.4604 | TrainAcc=0.649 | Val(P3)=0.668 | Val(AVO)=0.767
2025-09-21 20:45:31 - New best AVO-val; checkpoint updated
2025-09-21 20:45:31 - Epoch 64/500 | LR=0.009613 | w_P3=1.000 | w_AVO=2.019 | lambda_MMD=0.300
2025-09-21 20:45:33 - Epoch Summary: TrainLoss=1.4300 | TrainAcc=0.661 | Val(P3)=0.649 | Val(AVO)=0.721
2025-09-21 20:45:33 - No AVO-val improvement; patience remaining: 49/50
2025-09-21 20:45:33 - Epoch 65/500 | LR=0.009601 | w_P3=1.000 | w_AVO=2.019 | lambda_MMD=0.300
2025-09-21 20:45:35 - Epoch Summary: TrainLoss=1.4587 | TrainAcc=0.649 | Val(P3)=0.639 | Val(AVO)=0.721
2025-09-21 20:45:35 - No AVO-val improvement; patience remaining: 48/50
2025-09-21 20:45:35 - P3 val decreasing 3x. Reducing lambda_MMD to 0.210
2025-09-21 20:45:35 - Epoch 66/500 | LR=0.009589 | w_P3=1.000 | w_AVO=2.019 | lambda_MMD=0.210
2025-09-21 20:45:37 - Epoch Summary: TrainLoss=1.4444 | TrainAcc=0.661 | Val(P3)=0.658 | Val(AVO)=0.698
2025-09-21 20:45:37 - No AVO-val improvement; patience remaining: 47/50
2025-09-21 20:45:37 - Epoch 67/500 | LR=0.009576 | w_P3=1.000 | w_AVO=2.019 | lambda_MMD=0.300
2025-09-21 20:45:39 - Epoch Summary: TrainLoss=1.4863 | TrainAcc=0.641 | Val(P3)=0.658 | Val(AVO)=0.698
2025-09-21 20:45:39 - No AVO-val improvement; patience remaining: 46/50
2025-09-21 20:45:39 - Epoch 68/500 | LR=0.009563 | w_P3=1.000 | w_AVO=2.019 | lambda_MMD=0.300
2025-09-21 20:45:40 - Epoch Summary: TrainLoss=1.4643 | TrainAcc=0.657 | Val(P3)=0.655 | Val(AVO)=0.709
2025-09-21 20:45:40 - No AVO-val improvement; patience remaining: 45/50
2025-09-21 20:45:40 - Epoch 69/500 | LR=0.009551 | w_P3=1.000 | w_AVO=2.019 | lambda_MMD=0.300
2025-09-21 20:45:44 - Epoch Summary: TrainLoss=1.4994 | TrainAcc=0.653 | Val(P3)=0.661 | Val(AVO)=0.756
2025-09-21 20:45:44 - No AVO-val improvement; patience remaining: 44/50
2025-09-21 20:45:44 - Epoch 70/500 | LR=0.009537 | w_P3=1.000 | w_AVO=2.019 | lambda_MMD=0.300
2025-09-21 20:45:45 - Epoch Summary: TrainLoss=1.4629 | TrainAcc=0.650 | Val(P3)=0.639 | Val(AVO)=0.698
2025-09-21 20:45:45 - No AVO-val improvement; patience remaining: 43/50
2025-09-21 20:45:45 - Epoch 71/500 | LR=0.009524 | w_P3=1.000 | w_AVO=2.019 | lambda_MMD=0.300
2025-09-21 20:45:48 - Epoch Summary: TrainLoss=1.4553 | TrainAcc=0.649 | Val(P3)=0.658 | Val(AVO)=0.744
2025-09-21 20:45:48 - No AVO-val improvement; patience remaining: 42/50
2025-09-21 20:45:48 - Epoch 72/500 | LR=0.009511 | w_P3=1.000 | w_AVO=2.019 | lambda_MMD=0.300
2025-09-21 20:45:50 - Epoch Summary: TrainLoss=1.4647 | TrainAcc=0.661 | Val(P3)=0.645 | Val(AVO)=0.733
2025-09-21 20:45:50 - No AVO-val improvement; patience remaining: 41/50
2025-09-21 20:45:50 - Epoch 73/500 | LR=0.009497 | w_P3=1.000 | w_AVO=2.019 | lambda_MMD=0.300
2025-09-21 20:45:53 - Epoch Summary: TrainLoss=1.4376 | TrainAcc=0.656 | Val(P3)=0.665 | Val(AVO)=0.698
2025-09-21 20:45:53 - No AVO-val improvement; patience remaining: 40/50
2025-09-21 20:45:53 - AVO val decreasing 3x. Reducing w_small to 1.615, lambda_MMD to 0.150
2025-09-21 20:45:53 - Epoch 74/500 | LR=0.009483 | w_P3=1.000 | w_AVO=1.615 | lambda_MMD=0.150
2025-09-21 20:45:55 - Epoch Summary: TrainLoss=1.2837 | TrainAcc=0.632 | Val(P3)=0.639 | Val(AVO)=0.721
2025-09-21 20:45:55 - No AVO-val improvement; patience remaining: 39/50
2025-09-21 20:45:55 - Epoch 75/500 | LR=0.009469 | w_P3=1.000 | w_AVO=2.019 | lambda_MMD=0.300
2025-09-21 20:45:58 - Epoch Summary: TrainLoss=1.4475 | TrainAcc=0.638 | Val(P3)=0.645 | Val(AVO)=0.698
2025-09-21 20:45:58 - No AVO-val improvement; patience remaining: 38/50
2025-09-21 20:45:58 - Epoch 76/500 | LR=0.009455 | w_P3=1.000 | w_AVO=2.019 | lambda_MMD=0.300
2025-09-21 20:46:01 - Epoch Summary: TrainLoss=1.4234 | TrainAcc=0.661 | Val(P3)=0.649 | Val(AVO)=0.767
2025-09-21 20:46:01 - No AVO-val improvement; patience remaining: 37/50
2025-09-21 20:46:01 - Epoch 77/500 | LR=0.009441 | w_P3=1.000 | w_AVO=2.019 | lambda_MMD=0.300
2025-09-21 20:46:03 - Epoch Summary: TrainLoss=1.4361 | TrainAcc=0.645 | Val(P3)=0.629 | Val(AVO)=0.709
2025-09-21 20:46:03 - No AVO-val improvement; patience remaining: 36/50
2025-09-21 20:46:03 - Epoch 78/500 | LR=0.009426 | w_P3=1.000 | w_AVO=2.019 | lambda_MMD=0.300
2025-09-21 20:46:05 - Epoch Summary: TrainLoss=1.4240 | TrainAcc=0.668 | Val(P3)=0.607 | Val(AVO)=0.744
2025-09-21 20:46:05 - No AVO-val improvement; patience remaining: 35/50
2025-09-21 20:46:05 - P3 val decreasing 3x. Reducing lambda_MMD to 0.210
2025-09-21 20:46:05 - Epoch 79/500 | LR=0.009411 | w_P3=1.000 | w_AVO=2.019 | lambda_MMD=0.210
2025-09-21 20:46:06 - Epoch Summary: TrainLoss=1.4615 | TrainAcc=0.648 | Val(P3)=0.645 | Val(AVO)=0.709
2025-09-21 20:46:06 - No AVO-val improvement; patience remaining: 34/50
2025-09-21 20:46:06 - Epoch 80/500 | LR=0.009397 | w_P3=1.000 | w_AVO=2.019 | lambda_MMD=0.300
2025-09-21 20:46:07 - Epoch Summary: TrainLoss=1.4712 | TrainAcc=0.661 | Val(P3)=0.636 | Val(AVO)=0.756
2025-09-21 20:46:07 - No AVO-val improvement; patience remaining: 33/50
2025-09-21 20:46:07 - Epoch 81/500 | LR=0.009382 | w_P3=1.000 | w_AVO=2.019 | lambda_MMD=0.300
2025-09-21 20:46:07 - Epoch Summary: TrainLoss=1.4250 | TrainAcc=0.653 | Val(P3)=0.642 | Val(AVO)=0.744
2025-09-21 20:46:07 - No AVO-val improvement; patience remaining: 32/50
2025-09-21 20:46:07 - Epoch 82/500 | LR=0.009366 | w_P3=1.000 | w_AVO=2.019 | lambda_MMD=0.300
2025-09-21 20:46:07 - Epoch Summary: TrainLoss=1.4279 | TrainAcc=0.646 | Val(P3)=0.636 | Val(AVO)=0.698
2025-09-21 20:46:07 - No AVO-val improvement; patience remaining: 31/50
2025-09-21 20:46:07 - AVO val decreasing 3x. Reducing w_small to 1.615, lambda_MMD to 0.150
2025-09-21 20:46:07 - Epoch 83/500 | LR=0.009351 | w_P3=1.000 | w_AVO=1.615 | lambda_MMD=0.150
2025-09-21 20:46:08 - Epoch Summary: TrainLoss=1.2677 | TrainAcc=0.658 | Val(P3)=0.652 | Val(AVO)=0.721
2025-09-21 20:46:08 - No AVO-val improvement; patience remaining: 30/50
2025-09-21 20:46:08 - Epoch 84/500 | LR=0.009335 | w_P3=1.000 | w_AVO=2.019 | lambda_MMD=0.300
2025-09-21 20:46:08 - Epoch Summary: TrainLoss=1.4358 | TrainAcc=0.657 | Val(P3)=0.639 | Val(AVO)=0.744
2025-09-21 20:46:08 - No AVO-val improvement; patience remaining: 29/50
2025-09-21 20:46:08 - Epoch 85/500 | LR=0.009320 | w_P3=1.000 | w_AVO=2.019 | lambda_MMD=0.300
2025-09-21 20:46:09 - Epoch Summary: TrainLoss=1.4354 | TrainAcc=0.665 | Val(P3)=0.661 | Val(AVO)=0.779
2025-09-21 20:46:09 - New best AVO-val; checkpoint updated
2025-09-21 20:46:09 - Epoch 86/500 | LR=0.009304 | w_P3=1.000 | w_AVO=2.019 | lambda_MMD=0.300
2025-09-21 20:46:11 - Epoch Summary: TrainLoss=1.4312 | TrainAcc=0.657 | Val(P3)=0.639 | Val(AVO)=0.709
2025-09-21 20:46:11 - No AVO-val improvement; patience remaining: 49/50
2025-09-21 20:46:11 - Epoch 87/500 | LR=0.009288 | w_P3=1.000 | w_AVO=2.019 | lambda_MMD=0.300
2025-09-21 20:46:13 - Epoch Summary: TrainLoss=1.4043 | TrainAcc=0.656 | Val(P3)=0.613 | Val(AVO)=0.733
2025-09-21 20:46:13 - No AVO-val improvement; patience remaining: 48/50
2025-09-21 20:46:13 - P3 val decreasing 3x. Reducing lambda_MMD to 0.210
2025-09-21 20:46:13 - Epoch 88/500 | LR=0.009271 | w_P3=1.000 | w_AVO=2.019 | lambda_MMD=0.210
2025-09-21 20:46:15 - Epoch Summary: TrainLoss=1.4179 | TrainAcc=0.654 | Val(P3)=0.639 | Val(AVO)=0.733
2025-09-21 20:46:15 - No AVO-val improvement; patience remaining: 47/50
2025-09-21 20:46:15 - Epoch 89/500 | LR=0.009255 | w_P3=1.000 | w_AVO=2.019 | lambda_MMD=0.300
2025-09-21 20:46:17 - Epoch Summary: TrainLoss=1.4069 | TrainAcc=0.658 | Val(P3)=0.658 | Val(AVO)=0.733
2025-09-21 20:46:17 - No AVO-val improvement; patience remaining: 46/50
2025-09-21 20:46:17 - Epoch 90/500 | LR=0.009238 | w_P3=1.000 | w_AVO=2.019 | lambda_MMD=0.300
2025-09-21 20:46:19 - Epoch Summary: TrainLoss=1.4328 | TrainAcc=0.655 | Val(P3)=0.636 | Val(AVO)=0.733
2025-09-21 20:46:19 - No AVO-val improvement; patience remaining: 45/50
2025-09-21 20:46:19 - Epoch 91/500 | LR=0.009222 | w_P3=1.000 | w_AVO=2.019 | lambda_MMD=0.300
2025-09-21 20:46:21 - Epoch Summary: TrainLoss=1.4080 | TrainAcc=0.654 | Val(P3)=0.645 | Val(AVO)=0.733
2025-09-21 20:46:21 - No AVO-val improvement; patience remaining: 44/50
2025-09-21 20:46:21 - Epoch 92/500 | LR=0.009205 | w_P3=1.000 | w_AVO=2.019 | lambda_MMD=0.300
2025-09-21 20:46:22 - Epoch Summary: TrainLoss=1.4340 | TrainAcc=0.657 | Val(P3)=0.642 | Val(AVO)=0.721
2025-09-21 20:46:22 - No AVO-val improvement; patience remaining: 43/50
2025-09-21 20:46:22 - Epoch 93/500 | LR=0.009188 | w_P3=1.000 | w_AVO=2.019 | lambda_MMD=0.300
2025-09-21 20:46:24 - Epoch Summary: TrainLoss=1.4207 | TrainAcc=0.657 | Val(P3)=0.613 | Val(AVO)=0.756
2025-09-21 20:46:24 - No AVO-val improvement; patience remaining: 42/50
2025-09-21 20:46:24 - P3 val decreasing 3x. Reducing lambda_MMD to 0.210
2025-09-21 20:46:24 - Epoch 94/500 | LR=0.009170 | w_P3=1.000 | w_AVO=2.019 | lambda_MMD=0.210
2025-09-21 20:46:26 - Epoch Summary: TrainLoss=1.4066 | TrainAcc=0.654 | Val(P3)=0.639 | Val(AVO)=0.744
2025-09-21 20:46:26 - No AVO-val improvement; patience remaining: 41/50
2025-09-21 20:46:26 - Epoch 95/500 | LR=0.009153 | w_P3=1.000 | w_AVO=2.019 | lambda_MMD=0.300
2025-09-21 20:46:28 - Epoch Summary: TrainLoss=1.4072 | TrainAcc=0.666 | Val(P3)=0.652 | Val(AVO)=0.733
2025-09-21 20:46:28 - No AVO-val improvement; patience remaining: 40/50
2025-09-21 20:46:28 - AVO val decreasing 3x. Reducing w_small to 1.615, lambda_MMD to 0.150
2025-09-21 20:46:28 - Epoch 96/500 | LR=0.009135 | w_P3=1.000 | w_AVO=1.615 | lambda_MMD=0.150
2025-09-21 20:46:29 - Epoch Summary: TrainLoss=1.2553 | TrainAcc=0.650 | Val(P3)=0.639 | Val(AVO)=0.744
2025-09-21 20:46:29 - No AVO-val improvement; patience remaining: 39/50
2025-09-21 20:46:29 - Epoch 97/500 | LR=0.009118 | w_P3=1.000 | w_AVO=2.019 | lambda_MMD=0.300
2025-09-21 20:46:31 - Epoch Summary: TrainLoss=1.3960 | TrainAcc=0.665 | Val(P3)=0.661 | Val(AVO)=0.698
2025-09-21 20:46:31 - No AVO-val improvement; patience remaining: 38/50
2025-09-21 20:46:31 - Epoch 98/500 | LR=0.009100 | w_P3=1.000 | w_AVO=2.019 | lambda_MMD=0.300
2025-09-21 20:46:33 - Epoch Summary: TrainLoss=1.4110 | TrainAcc=0.646 | Val(P3)=0.601 | Val(AVO)=0.733
2025-09-21 20:46:33 - No AVO-val improvement; patience remaining: 37/50
2025-09-21 20:46:33 - Epoch 99/500 | LR=0.009082 | w_P3=1.000 | w_AVO=2.019 | lambda_MMD=0.300
2025-09-21 20:46:35 - Epoch Summary: TrainLoss=1.4095 | TrainAcc=0.656 | Val(P3)=0.633 | Val(AVO)=0.721
2025-09-21 20:46:35 - No AVO-val improvement; patience remaining: 36/50
2025-09-21 20:46:35 - Epoch 100/500 | LR=0.009063 | w_P3=1.000 | w_AVO=2.019 | lambda_MMD=0.300
2025-09-21 20:46:37 - Epoch Summary: TrainLoss=1.4326 | TrainAcc=0.652 | Val(P3)=0.665 | Val(AVO)=0.721
2025-09-21 20:46:37 - No AVO-val improvement; patience remaining: 35/50
2025-09-21 20:46:37 - Epoch 101/500 | LR=0.009045 | w_P3=1.000 | w_AVO=2.019 | lambda_MMD=0.300
2025-09-21 20:46:39 - Epoch Summary: TrainLoss=1.4066 | TrainAcc=0.661 | Val(P3)=0.645 | Val(AVO)=0.686
2025-09-21 20:46:39 - No AVO-val improvement; patience remaining: 34/50
2025-09-21 20:46:39 - Epoch 102/500 | LR=0.009027 | w_P3=1.000 | w_AVO=2.019 | lambda_MMD=0.300
2025-09-21 20:46:41 - Epoch Summary: TrainLoss=1.4001 | TrainAcc=0.648 | Val(P3)=0.658 | Val(AVO)=0.721
2025-09-21 20:46:41 - No AVO-val improvement; patience remaining: 33/50
2025-09-21 20:46:41 - Epoch 103/500 | LR=0.009008 | w_P3=1.000 | w_AVO=2.019 | lambda_MMD=0.300
2025-09-21 20:46:43 - Epoch Summary: TrainLoss=1.4409 | TrainAcc=0.650 | Val(P3)=0.655 | Val(AVO)=0.709
2025-09-21 20:46:43 - No AVO-val improvement; patience remaining: 32/50
2025-09-21 20:46:43 - Epoch 104/500 | LR=0.008989 | w_P3=1.000 | w_AVO=2.019 | lambda_MMD=0.300
2025-09-21 20:46:45 - Epoch Summary: TrainLoss=1.3949 | TrainAcc=0.647 | Val(P3)=0.652 | Val(AVO)=0.721
2025-09-21 20:46:45 - No AVO-val improvement; patience remaining: 31/50
2025-09-21 20:46:45 - P3 val decreasing 3x. Reducing lambda_MMD to 0.210
2025-09-21 20:46:45 - Epoch 105/500 | LR=0.008970 | w_P3=1.000 | w_AVO=2.019 | lambda_MMD=0.210
2025-09-21 20:46:47 - Epoch Summary: TrainLoss=1.3941 | TrainAcc=0.657 | Val(P3)=0.658 | Val(AVO)=0.744
2025-09-21 20:46:47 - No AVO-val improvement; patience remaining: 30/50
2025-09-21 20:46:47 - Epoch 106/500 | LR=0.008951 | w_P3=1.000 | w_AVO=2.019 | lambda_MMD=0.300
2025-09-21 20:46:49 - Epoch Summary: TrainLoss=1.3658 | TrainAcc=0.670 | Val(P3)=0.677 | Val(AVO)=0.721
2025-09-21 20:46:49 - No AVO-val improvement; patience remaining: 29/50
2025-09-21 20:46:49 - Epoch 107/500 | LR=0.008931 | w_P3=1.000 | w_AVO=2.019 | lambda_MMD=0.300
2025-09-21 20:46:51 - Epoch Summary: TrainLoss=1.4063 | TrainAcc=0.649 | Val(P3)=0.655 | Val(AVO)=0.721
2025-09-21 20:46:51 - No AVO-val improvement; patience remaining: 28/50
2025-09-21 20:46:51 - Epoch 108/500 | LR=0.008912 | w_P3=1.000 | w_AVO=2.019 | lambda_MMD=0.300
2025-09-21 20:46:53 - Epoch Summary: TrainLoss=1.4250 | TrainAcc=0.641 | Val(P3)=0.642 | Val(AVO)=0.767
2025-09-21 20:46:53 - No AVO-val improvement; patience remaining: 27/50
2025-09-21 20:46:53 - P3 val decreasing 3x. Reducing lambda_MMD to 0.210
2025-09-21 20:46:53 - Epoch 109/500 | LR=0.008892 | w_P3=1.000 | w_AVO=2.019 | lambda_MMD=0.210
2025-09-21 20:46:55 - Epoch Summary: TrainLoss=1.3847 | TrainAcc=0.659 | Val(P3)=0.629 | Val(AVO)=0.791
2025-09-21 20:46:55 - New best AVO-val; checkpoint updated
2025-09-21 20:46:55 - P3 val decreasing 3x. Reducing lambda_MMD to 0.210
2025-09-21 20:46:55 - Epoch 110/500 | LR=0.008873 | w_P3=1.000 | w_AVO=2.019 | lambda_MMD=0.210
2025-09-21 20:46:57 - Epoch Summary: TrainLoss=1.4004 | TrainAcc=0.659 | Val(P3)=0.655 | Val(AVO)=0.698
2025-09-21 20:46:57 - No AVO-val improvement; patience remaining: 49/50
2025-09-21 20:46:57 - Epoch 111/500 | LR=0.008853 | w_P3=1.000 | w_AVO=2.019 | lambda_MMD=0.300
2025-09-21 20:46:59 - Epoch Summary: TrainLoss=1.3617 | TrainAcc=0.653 | Val(P3)=0.649 | Val(AVO)=0.744
2025-09-21 20:46:59 - No AVO-val improvement; patience remaining: 48/50
2025-09-21 20:46:59 - Epoch 112/500 | LR=0.008832 | w_P3=1.000 | w_AVO=2.019 | lambda_MMD=0.300
2025-09-21 20:47:01 - Epoch Summary: TrainLoss=1.3861 | TrainAcc=0.645 | Val(P3)=0.649 | Val(AVO)=0.733
2025-09-21 20:47:01 - No AVO-val improvement; patience remaining: 47/50
2025-09-21 20:47:01 - Epoch 113/500 | LR=0.008812 | w_P3=1.000 | w_AVO=2.019 | lambda_MMD=0.300
2025-09-21 20:47:03 - Epoch Summary: TrainLoss=1.3695 | TrainAcc=0.660 | Val(P3)=0.649 | Val(AVO)=0.779
2025-09-21 20:47:03 - No AVO-val improvement; patience remaining: 46/50
2025-09-21 20:47:03 - Epoch 114/500 | LR=0.008792 | w_P3=1.000 | w_AVO=2.019 | lambda_MMD=0.300
2025-09-21 20:47:06 - Epoch Summary: TrainLoss=1.3601 | TrainAcc=0.675 | Val(P3)=0.645 | Val(AVO)=0.733
2025-09-21 20:47:06 - No AVO-val improvement; patience remaining: 45/50
2025-09-21 20:47:06 - Epoch 115/500 | LR=0.008771 | w_P3=1.000 | w_AVO=2.019 | lambda_MMD=0.300
2025-09-21 20:47:08 - Epoch Summary: TrainLoss=1.4091 | TrainAcc=0.645 | Val(P3)=0.642 | Val(AVO)=0.756
2025-09-21 20:47:08 - No AVO-val improvement; patience remaining: 44/50
2025-09-21 20:47:08 - P3 val decreasing 3x. Reducing lambda_MMD to 0.210
2025-09-21 20:47:08 - Epoch 116/500 | LR=0.008751 | w_P3=1.000 | w_AVO=2.019 | lambda_MMD=0.210
2025-09-21 20:47:09 - Epoch Summary: TrainLoss=1.4016 | TrainAcc=0.667 | Val(P3)=0.652 | Val(AVO)=0.721
2025-09-21 20:47:09 - No AVO-val improvement; patience remaining: 43/50
2025-09-21 20:47:09 - Epoch 117/500 | LR=0.008730 | w_P3=1.000 | w_AVO=2.019 | lambda_MMD=0.300
2025-09-21 20:47:11 - Epoch Summary: TrainLoss=1.3862 | TrainAcc=0.650 | Val(P3)=0.652 | Val(AVO)=0.779
2025-09-21 20:47:11 - No AVO-val improvement; patience remaining: 42/50
2025-09-21 20:47:11 - Epoch 118/500 | LR=0.008709 | w_P3=1.000 | w_AVO=2.019 | lambda_MMD=0.300
2025-09-21 20:47:13 - Epoch Summary: TrainLoss=1.3734 | TrainAcc=0.647 | Val(P3)=0.665 | Val(AVO)=0.733
2025-09-21 20:47:13 - No AVO-val improvement; patience remaining: 41/50
2025-09-21 20:47:13 - Epoch 119/500 | LR=0.008688 | w_P3=1.000 | w_AVO=2.019 | lambda_MMD=0.300
2025-09-21 20:47:15 - Epoch Summary: TrainLoss=1.3700 | TrainAcc=0.659 | Val(P3)=0.623 | Val(AVO)=0.744
2025-09-21 20:47:15 - No AVO-val improvement; patience remaining: 40/50
2025-09-21 20:47:15 - Epoch 120/500 | LR=0.008666 | w_P3=1.000 | w_AVO=2.019 | lambda_MMD=0.300
2025-09-21 20:47:17 - Epoch Summary: TrainLoss=1.4078 | TrainAcc=0.647 | Val(P3)=0.665 | Val(AVO)=0.756
2025-09-21 20:47:17 - No AVO-val improvement; patience remaining: 39/50
2025-09-21 20:47:17 - Epoch 121/500 | LR=0.008645 | w_P3=1.000 | w_AVO=2.019 | lambda_MMD=0.300
2025-09-21 20:47:19 - Epoch Summary: TrainLoss=1.3642 | TrainAcc=0.662 | Val(P3)=0.661 | Val(AVO)=0.733
2025-09-21 20:47:19 - No AVO-val improvement; patience remaining: 38/50
2025-09-21 20:47:19 - Epoch 122/500 | LR=0.008623 | w_P3=1.000 | w_AVO=2.019 | lambda_MMD=0.300
2025-09-21 20:47:22 - Epoch Summary: TrainLoss=1.3456 | TrainAcc=0.664 | Val(P3)=0.639 | Val(AVO)=0.721
2025-09-21 20:47:22 - No AVO-val improvement; patience remaining: 37/50
2025-09-21 20:47:22 - AVO val decreasing 3x. Reducing w_small to 1.615, lambda_MMD to 0.150
2025-09-21 20:47:22 - P3 val decreasing 3x. Reducing lambda_MMD to 0.105
2025-09-21 20:47:22 - Epoch 123/500 | LR=0.008602 | w_P3=1.000 | w_AVO=1.615 | lambda_MMD=0.105
2025-09-21 20:47:23 - Epoch Summary: TrainLoss=1.1934 | TrainAcc=0.660 | Val(P3)=0.636 | Val(AVO)=0.721
2025-09-21 20:47:23 - No AVO-val improvement; patience remaining: 36/50
2025-09-21 20:47:23 - P3 val decreasing 3x. Reducing lambda_MMD to 0.210
2025-09-21 20:47:23 - Epoch 124/500 | LR=0.008580 | w_P3=1.000 | w_AVO=2.019 | lambda_MMD=0.210
2025-09-21 20:47:25 - Epoch Summary: TrainLoss=1.3709 | TrainAcc=0.654 | Val(P3)=0.652 | Val(AVO)=0.779
2025-09-21 20:47:25 - No AVO-val improvement; patience remaining: 35/50
2025-09-21 20:47:25 - Epoch 125/500 | LR=0.008558 | w_P3=1.000 | w_AVO=2.019 | lambda_MMD=0.300
2025-09-21 20:47:27 - Epoch Summary: TrainLoss=1.3790 | TrainAcc=0.656 | Val(P3)=0.642 | Val(AVO)=0.767
2025-09-21 20:47:27 - No AVO-val improvement; patience remaining: 34/50
2025-09-21 20:47:27 - Epoch 126/500 | LR=0.008536 | w_P3=1.000 | w_AVO=2.019 | lambda_MMD=0.300
2025-09-21 20:47:29 - Epoch Summary: TrainLoss=1.3813 | TrainAcc=0.666 | Val(P3)=0.655 | Val(AVO)=0.709
2025-09-21 20:47:29 - No AVO-val improvement; patience remaining: 33/50
2025-09-21 20:47:29 - AVO val decreasing 3x. Reducing w_small to 1.615, lambda_MMD to 0.150
2025-09-21 20:47:29 - Epoch 127/500 | LR=0.008513 | w_P3=1.000 | w_AVO=1.615 | lambda_MMD=0.150
2025-09-21 20:47:31 - Epoch Summary: TrainLoss=1.2289 | TrainAcc=0.665 | Val(P3)=0.661 | Val(AVO)=0.733
2025-09-21 20:47:31 - No AVO-val improvement; patience remaining: 32/50
2025-09-21 20:47:31 - Epoch 128/500 | LR=0.008491 | w_P3=1.000 | w_AVO=2.019 | lambda_MMD=0.300
2025-09-21 20:47:33 - Epoch Summary: TrainLoss=1.3747 | TrainAcc=0.654 | Val(P3)=0.677 | Val(AVO)=0.733
2025-09-21 20:47:33 - No AVO-val improvement; patience remaining: 31/50
2025-09-21 20:47:33 - Epoch 129/500 | LR=0.008468 | w_P3=1.000 | w_AVO=2.019 | lambda_MMD=0.300
2025-09-21 20:47:35 - Epoch Summary: TrainLoss=1.3591 | TrainAcc=0.666 | Val(P3)=0.658 | Val(AVO)=0.756
2025-09-21 20:47:35 - No AVO-val improvement; patience remaining: 30/50
2025-09-21 20:47:35 - Epoch 130/500 | LR=0.008446 | w_P3=1.000 | w_AVO=2.019 | lambda_MMD=0.300
2025-09-21 20:47:37 - Epoch Summary: TrainLoss=1.3591 | TrainAcc=0.649 | Val(P3)=0.661 | Val(AVO)=0.733
2025-09-21 20:47:37 - No AVO-val improvement; patience remaining: 29/50
2025-09-21 20:47:37 - Epoch 131/500 | LR=0.008423 | w_P3=1.000 | w_AVO=2.019 | lambda_MMD=0.300
2025-09-21 20:47:40 - Epoch Summary: TrainLoss=1.3433 | TrainAcc=0.669 | Val(P3)=0.652 | Val(AVO)=0.686
2025-09-21 20:47:40 - No AVO-val improvement; patience remaining: 28/50
2025-09-21 20:47:40 - AVO val decreasing 3x. Reducing w_small to 1.615, lambda_MMD to 0.150
2025-09-21 20:47:40 - Epoch 132/500 | LR=0.008400 | w_P3=1.000 | w_AVO=1.615 | lambda_MMD=0.150
2025-09-21 20:47:41 - Epoch Summary: TrainLoss=1.2362 | TrainAcc=0.659 | Val(P3)=0.677 | Val(AVO)=0.733
2025-09-21 20:47:41 - No AVO-val improvement; patience remaining: 27/50
2025-09-21 20:47:41 - Epoch 133/500 | LR=0.008377 | w_P3=1.000 | w_AVO=2.019 | lambda_MMD=0.300
2025-09-21 20:47:44 - Epoch Summary: TrainLoss=1.3410 | TrainAcc=0.658 | Val(P3)=0.658 | Val(AVO)=0.779
2025-09-21 20:47:44 - No AVO-val improvement; patience remaining: 26/50
2025-09-21 20:47:44 - Epoch 134/500 | LR=0.008353 | w_P3=1.000 | w_AVO=2.019 | lambda_MMD=0.300
2025-09-21 20:47:46 - Epoch Summary: TrainLoss=1.3732 | TrainAcc=0.658 | Val(P3)=0.655 | Val(AVO)=0.721
2025-09-21 20:47:46 - No AVO-val improvement; patience remaining: 25/50
2025-09-21 20:47:46 - P3 val decreasing 3x. Reducing lambda_MMD to 0.210
2025-09-21 20:47:46 - Epoch 135/500 | LR=0.008330 | w_P3=1.000 | w_AVO=2.019 | lambda_MMD=0.210
2025-09-21 20:47:48 - Epoch Summary: TrainLoss=1.3567 | TrainAcc=0.661 | Val(P3)=0.655 | Val(AVO)=0.721
2025-09-21 20:47:48 - No AVO-val improvement; patience remaining: 24/50
2025-09-21 20:47:48 - Epoch 136/500 | LR=0.008307 | w_P3=1.000 | w_AVO=2.019 | lambda_MMD=0.300
2025-09-21 20:47:50 - Epoch Summary: TrainLoss=1.3898 | TrainAcc=0.647 | Val(P3)=0.671 | Val(AVO)=0.721
2025-09-21 20:47:50 - No AVO-val improvement; patience remaining: 23/50
2025-09-21 20:47:50 - Epoch 137/500 | LR=0.008283 | w_P3=1.000 | w_AVO=2.019 | lambda_MMD=0.300
2025-09-21 20:47:53 - Epoch Summary: TrainLoss=1.3674 | TrainAcc=0.651 | Val(P3)=0.652 | Val(AVO)=0.709
2025-09-21 20:47:53 - No AVO-val improvement; patience remaining: 22/50
2025-09-21 20:47:53 - Epoch 138/500 | LR=0.008259 | w_P3=1.000 | w_AVO=2.019 | lambda_MMD=0.300
2025-09-21 20:47:54 - Epoch Summary: TrainLoss=1.3780 | TrainAcc=0.659 | Val(P3)=0.652 | Val(AVO)=0.744
2025-09-21 20:47:54 - No AVO-val improvement; patience remaining: 21/50
2025-09-21 20:47:54 - Epoch 139/500 | LR=0.008235 | w_P3=1.000 | w_AVO=2.019 | lambda_MMD=0.300
2025-09-21 20:47:56 - Epoch Summary: TrainLoss=1.3414 | TrainAcc=0.656 | Val(P3)=0.642 | Val(AVO)=0.733
2025-09-21 20:47:56 - No AVO-val improvement; patience remaining: 20/50
2025-09-21 20:47:56 - Epoch 140/500 | LR=0.008211 | w_P3=1.000 | w_AVO=2.019 | lambda_MMD=0.300
2025-09-21 20:47:58 - Epoch Summary: TrainLoss=1.3662 | TrainAcc=0.655 | Val(P3)=0.610 | Val(AVO)=0.767
2025-09-21 20:47:58 - No AVO-val improvement; patience remaining: 19/50
2025-09-21 20:47:58 - P3 val decreasing 3x. Reducing lambda_MMD to 0.210
2025-09-21 20:47:58 - Epoch 141/500 | LR=0.008187 | w_P3=1.000 | w_AVO=2.019 | lambda_MMD=0.210
2025-09-21 20:48:00 - Epoch Summary: TrainLoss=1.3838 | TrainAcc=0.659 | Val(P3)=0.633 | Val(AVO)=0.721
2025-09-21 20:48:00 - No AVO-val improvement; patience remaining: 18/50
2025-09-21 20:48:00 - Epoch 142/500 | LR=0.008163 | w_P3=1.000 | w_AVO=2.019 | lambda_MMD=0.300
2025-09-21 20:48:02 - Epoch Summary: TrainLoss=1.3742 | TrainAcc=0.660 | Val(P3)=0.668 | Val(AVO)=0.767
2025-09-21 20:48:02 - No AVO-val improvement; patience remaining: 17/50
2025-09-21 20:48:02 - Epoch 143/500 | LR=0.008138 | w_P3=1.000 | w_AVO=2.019 | lambda_MMD=0.300
2025-09-21 20:48:04 - Epoch Summary: TrainLoss=1.3960 | TrainAcc=0.647 | Val(P3)=0.658 | Val(AVO)=0.733
2025-09-21 20:48:04 - No AVO-val improvement; patience remaining: 16/50
2025-09-21 20:48:04 - Epoch 144/500 | LR=0.008114 | w_P3=1.000 | w_AVO=2.019 | lambda_MMD=0.300
2025-09-21 20:48:05 - Epoch Summary: TrainLoss=1.3646 | TrainAcc=0.661 | Val(P3)=0.645 | Val(AVO)=0.733
2025-09-21 20:48:05 - No AVO-val improvement; patience remaining: 15/50
2025-09-21 20:48:05 - P3 val decreasing 3x. Reducing lambda_MMD to 0.210
2025-09-21 20:48:05 - Epoch 145/500 | LR=0.008089 | w_P3=1.000 | w_AVO=2.019 | lambda_MMD=0.210
2025-09-21 20:48:07 - Epoch Summary: TrainLoss=1.3401 | TrainAcc=0.667 | Val(P3)=0.658 | Val(AVO)=0.744
2025-09-21 20:48:07 - No AVO-val improvement; patience remaining: 14/50
2025-09-21 20:48:07 - Epoch 146/500 | LR=0.008065 | w_P3=1.000 | w_AVO=2.019 | lambda_MMD=0.300
2025-09-21 20:48:08 - Epoch Summary: TrainLoss=1.3139 | TrainAcc=0.664 | Val(P3)=0.655 | Val(AVO)=0.756
2025-09-21 20:48:08 - No AVO-val improvement; patience remaining: 13/50
2025-09-21 20:48:08 - Epoch 147/500 | LR=0.008040 | w_P3=1.000 | w_AVO=2.019 | lambda_MMD=0.300
2025-09-21 20:48:10 - Epoch Summary: TrainLoss=1.3820 | TrainAcc=0.665 | Val(P3)=0.613 | Val(AVO)=0.744
2025-09-21 20:48:10 - No AVO-val improvement; patience remaining: 12/50
2025-09-21 20:48:10 - P3 val decreasing 3x. Reducing lambda_MMD to 0.210
2025-09-21 20:48:10 - Epoch 148/500 | LR=0.008015 | w_P3=1.000 | w_AVO=2.019 | lambda_MMD=0.210
2025-09-21 20:48:11 - Epoch Summary: TrainLoss=1.3641 | TrainAcc=0.656 | Val(P3)=0.633 | Val(AVO)=0.779
2025-09-21 20:48:11 - No AVO-val improvement; patience remaining: 11/50
2025-09-21 20:48:11 - Epoch 149/500 | LR=0.007990 | w_P3=1.000 | w_AVO=2.019 | lambda_MMD=0.300
2025-09-21 20:48:12 - Epoch Summary: TrainLoss=1.3599 | TrainAcc=0.672 | Val(P3)=0.652 | Val(AVO)=0.721
2025-09-21 20:48:12 - No AVO-val improvement; patience remaining: 10/50
2025-09-21 20:48:12 - Epoch 150/500 | LR=0.007964 | w_P3=1.000 | w_AVO=2.019 | lambda_MMD=0.300
2025-09-21 20:48:14 - Epoch Summary: TrainLoss=1.3577 | TrainAcc=0.644 | Val(P3)=0.649 | Val(AVO)=0.721
2025-09-21 20:48:14 - No AVO-val improvement; patience remaining: 9/50
2025-09-21 20:48:14 - Epoch 151/500 | LR=0.007939 | w_P3=1.000 | w_AVO=2.019 | lambda_MMD=0.300
2025-09-21 20:48:17 - Epoch Summary: TrainLoss=1.3521 | TrainAcc=0.662 | Val(P3)=0.642 | Val(AVO)=0.733
2025-09-21 20:48:17 - No AVO-val improvement; patience remaining: 8/50
2025-09-21 20:48:17 - P3 val decreasing 3x. Reducing lambda_MMD to 0.210
2025-09-21 20:48:17 - Epoch 152/500 | LR=0.007913 | w_P3=1.000 | w_AVO=2.019 | lambda_MMD=0.210
2025-09-21 20:48:20 - Epoch Summary: TrainLoss=1.3361 | TrainAcc=0.663 | Val(P3)=0.642 | Val(AVO)=0.709
2025-09-21 20:48:20 - No AVO-val improvement; patience remaining: 7/50
2025-09-21 20:48:20 - Epoch 153/500 | LR=0.007888 | w_P3=1.000 | w_AVO=2.019 | lambda_MMD=0.300
2025-09-21 20:48:22 - Epoch Summary: TrainLoss=1.3267 | TrainAcc=0.661 | Val(P3)=0.655 | Val(AVO)=0.721
2025-09-21 20:48:22 - No AVO-val improvement; patience remaining: 6/50
2025-09-21 20:48:22 - Epoch 154/500 | LR=0.007862 | w_P3=1.000 | w_AVO=2.019 | lambda_MMD=0.300
2025-09-21 20:48:23 - Epoch Summary: TrainLoss=1.3776 | TrainAcc=0.653 | Val(P3)=0.668 | Val(AVO)=0.767
2025-09-21 20:48:23 - No AVO-val improvement; patience remaining: 5/50
2025-09-21 20:48:23 - Epoch 155/500 | LR=0.007836 | w_P3=1.000 | w_AVO=2.019 | lambda_MMD=0.300
2025-09-21 20:48:26 - Epoch Summary: TrainLoss=1.3561 | TrainAcc=0.654 | Val(P3)=0.642 | Val(AVO)=0.721
2025-09-21 20:48:26 - No AVO-val improvement; patience remaining: 4/50
2025-09-21 20:48:26 - Epoch 156/500 | LR=0.007810 | w_P3=1.000 | w_AVO=2.019 | lambda_MMD=0.300
2025-09-21 20:48:28 - Epoch Summary: TrainLoss=1.3623 | TrainAcc=0.669 | Val(P3)=0.649 | Val(AVO)=0.744
2025-09-21 20:48:28 - No AVO-val improvement; patience remaining: 3/50
2025-09-21 20:48:28 - Epoch 157/500 | LR=0.007784 | w_P3=1.000 | w_AVO=2.019 | lambda_MMD=0.300
2025-09-21 20:48:29 - Epoch Summary: TrainLoss=1.3342 | TrainAcc=0.669 | Val(P3)=0.642 | Val(AVO)=0.733
2025-09-21 20:48:29 - No AVO-val improvement; patience remaining: 2/50
2025-09-21 20:48:29 - Epoch 158/500 | LR=0.007758 | w_P3=1.000 | w_AVO=2.019 | lambda_MMD=0.300
2025-09-21 20:48:31 - Epoch Summary: TrainLoss=1.3257 | TrainAcc=0.669 | Val(P3)=0.661 | Val(AVO)=0.709
2025-09-21 20:48:31 - No AVO-val improvement; patience remaining: 1/50
2025-09-21 20:48:31 - AVO val decreasing 3x. Reducing w_small to 1.615, lambda_MMD to 0.150
2025-09-21 20:48:31 - Epoch 159/500 | LR=0.007732 | w_P3=1.000 | w_AVO=1.615 | lambda_MMD=0.150
2025-09-21 20:48:33 - Epoch Summary: TrainLoss=1.1880 | TrainAcc=0.661 | Val(P3)=0.649 | Val(AVO)=0.733
2025-09-21 20:48:33 - No AVO-val improvement; patience remaining: 0/50
2025-09-21 20:48:33 - Early stopping triggered (AVO-val)
2025-09-21 20:48:33 -     P3 Test | Acc=0.5972 P=0.6109 R=0.5316 F1=0.5685 AUC=0.6437 (n=633)
2025-09-21 20:48:33 -     AVO Test | Acc=0.7256 P=0.7500 R=0.6867 F1=0.7170 AUC=0.7818 (n=164)
2025-09-21 20:48:33 -     Overall Test Acc=0.6236
2025-09-21 20:48:33 -   Fold 5/5
2025-09-21 20:48:33 - Fold domains: small=AVO (n=542), large=P3 (n=2250)
2025-09-21 20:48:33 - Auto adjustments (symmetric): w_small≈1.000, lambda_MMD_target=0.300, warmup_epochs=5
2025-09-21 20:48:33 - Epoch 1/500 | LR=0.010000 | w_P3=1.000 | w_AVO=1.207 | lambda_MMD=0.060
2025-09-21 20:48:36 - Epoch Summary: TrainLoss=1.6776 | TrainAcc=0.548 | Val(P3)=0.545 | Val(AVO)=0.541
2025-09-21 20:48:36 - New best AVO-val; checkpoint updated
2025-09-21 20:48:36 - Epoch 2/500 | LR=0.010000 | w_P3=1.000 | w_AVO=1.415 | lambda_MMD=0.120
2025-09-21 20:48:38 - Epoch Summary: TrainLoss=1.6087 | TrainAcc=0.604 | Val(P3)=0.545 | Val(AVO)=0.612
2025-09-21 20:48:38 - New best AVO-val; checkpoint updated
2025-09-21 20:48:38 - Epoch 3/500 | LR=0.010000 | w_P3=1.000 | w_AVO=1.622 | lambda_MMD=0.180
2025-09-21 20:48:40 - Epoch Summary: TrainLoss=1.6886 | TrainAcc=0.620 | Val(P3)=0.583 | Val(AVO)=0.624
2025-09-21 20:48:40 - New best AVO-val; checkpoint updated
2025-09-21 20:48:40 - Epoch 4/500 | LR=0.009999 | w_P3=1.000 | w_AVO=1.830 | lambda_MMD=0.240
2025-09-21 20:48:41 - Epoch Summary: TrainLoss=1.7760 | TrainAcc=0.632 | Val(P3)=0.548 | Val(AVO)=0.612
2025-09-21 20:48:41 - No AVO-val improvement; patience remaining: 49/50
2025-09-21 20:48:41 - Epoch 5/500 | LR=0.009998 | w_P3=1.000 | w_AVO=2.037 | lambda_MMD=0.300
2025-09-21 20:48:43 - Epoch Summary: TrainLoss=1.8957 | TrainAcc=0.627 | Val(P3)=0.615 | Val(AVO)=0.659
2025-09-21 20:48:43 - New best AVO-val; checkpoint updated
2025-09-21 20:48:43 - Epoch 6/500 | LR=0.009998 | w_P3=1.000 | w_AVO=2.037 | lambda_MMD=0.300
2025-09-21 20:48:46 - Epoch Summary: TrainLoss=1.8512 | TrainAcc=0.630 | Val(P3)=0.583 | Val(AVO)=0.671
2025-09-21 20:48:46 - New best AVO-val; checkpoint updated
2025-09-21 20:48:46 - Epoch 7/500 | LR=0.009996 | w_P3=1.000 | w_AVO=2.037 | lambda_MMD=0.300
2025-09-21 20:48:49 - Epoch Summary: TrainLoss=1.8462 | TrainAcc=0.634 | Val(P3)=0.608 | Val(AVO)=0.506
2025-09-21 20:48:49 - No AVO-val improvement; patience remaining: 49/50
2025-09-21 20:48:49 - Epoch 8/500 | LR=0.009995 | w_P3=1.000 | w_AVO=2.037 | lambda_MMD=0.300
2025-09-21 20:48:52 - Epoch Summary: TrainLoss=1.8032 | TrainAcc=0.622 | Val(P3)=0.602 | Val(AVO)=0.600
2025-09-21 20:48:52 - No AVO-val improvement; patience remaining: 48/50
2025-09-21 20:48:52 - Epoch 9/500 | LR=0.009994 | w_P3=1.000 | w_AVO=2.037 | lambda_MMD=0.300
2025-09-21 20:48:55 - Epoch Summary: TrainLoss=1.7800 | TrainAcc=0.628 | Val(P3)=0.634 | Val(AVO)=0.635
2025-09-21 20:48:55 - No AVO-val improvement; patience remaining: 47/50
2025-09-21 20:48:55 - Epoch 10/500 | LR=0.009992 | w_P3=1.000 | w_AVO=2.037 | lambda_MMD=0.300
2025-09-21 20:48:57 - Epoch Summary: TrainLoss=1.7722 | TrainAcc=0.648 | Val(P3)=0.608 | Val(AVO)=0.706
2025-09-21 20:48:57 - New best AVO-val; checkpoint updated
2025-09-21 20:48:57 - Epoch 11/500 | LR=0.009990 | w_P3=1.000 | w_AVO=2.037 | lambda_MMD=0.300
2025-09-21 20:48:59 - Epoch Summary: TrainLoss=1.7279 | TrainAcc=0.646 | Val(P3)=0.573 | Val(AVO)=0.588
2025-09-21 20:48:59 - No AVO-val improvement; patience remaining: 49/50
2025-09-21 20:48:59 - P3 val decreasing 3x. Reducing lambda_MMD to 0.210
2025-09-21 20:48:59 - Epoch 12/500 | LR=0.009988 | w_P3=1.000 | w_AVO=2.037 | lambda_MMD=0.210
2025-09-21 20:49:01 - Epoch Summary: TrainLoss=1.7238 | TrainAcc=0.628 | Val(P3)=0.567 | Val(AVO)=0.529
2025-09-21 20:49:01 - No AVO-val improvement; patience remaining: 48/50
2025-09-21 20:49:01 - AVO val decreasing 3x. Reducing w_small to 1.630, lambda_MMD to 0.150
2025-09-21 20:49:01 - P3 val decreasing 3x. Reducing lambda_MMD to 0.105
2025-09-21 20:49:01 - Epoch 13/500 | LR=0.009986 | w_P3=1.000 | w_AVO=1.630 | lambda_MMD=0.105
2025-09-21 20:49:03 - Epoch Summary: TrainLoss=1.4693 | TrainAcc=0.645 | Val(P3)=0.573 | Val(AVO)=0.565
2025-09-21 20:49:03 - No AVO-val improvement; patience remaining: 47/50
2025-09-21 20:49:03 - Epoch 14/500 | LR=0.009983 | w_P3=1.000 | w_AVO=2.037 | lambda_MMD=0.300
2025-09-21 20:49:05 - Epoch Summary: TrainLoss=1.6796 | TrainAcc=0.643 | Val(P3)=0.602 | Val(AVO)=0.600
2025-09-21 20:49:05 - No AVO-val improvement; patience remaining: 46/50
2025-09-21 20:49:05 - Epoch 15/500 | LR=0.009981 | w_P3=1.000 | w_AVO=2.037 | lambda_MMD=0.300
2025-09-21 20:49:07 - Epoch Summary: TrainLoss=1.6838 | TrainAcc=0.633 | Val(P3)=0.576 | Val(AVO)=0.647
2025-09-21 20:49:07 - No AVO-val improvement; patience remaining: 45/50
2025-09-21 20:49:07 - Epoch 16/500 | LR=0.009978 | w_P3=1.000 | w_AVO=2.037 | lambda_MMD=0.300
2025-09-21 20:49:10 - Epoch Summary: TrainLoss=1.6751 | TrainAcc=0.637 | Val(P3)=0.567 | Val(AVO)=0.647
2025-09-21 20:49:10 - No AVO-val improvement; patience remaining: 44/50
2025-09-21 20:49:10 - P3 val decreasing 3x. Reducing lambda_MMD to 0.210
2025-09-21 20:49:10 - Epoch 17/500 | LR=0.009975 | w_P3=1.000 | w_AVO=2.037 | lambda_MMD=0.210
2025-09-21 20:49:11 - Epoch Summary: TrainLoss=1.6700 | TrainAcc=0.631 | Val(P3)=0.599 | Val(AVO)=0.612
2025-09-21 20:49:11 - No AVO-val improvement; patience remaining: 43/50
2025-09-21 20:49:11 - Epoch 18/500 | LR=0.009972 | w_P3=1.000 | w_AVO=2.037 | lambda_MMD=0.300
2025-09-21 20:49:14 - Epoch Summary: TrainLoss=1.6405 | TrainAcc=0.653 | Val(P3)=0.611 | Val(AVO)=0.647
2025-09-21 20:49:14 - No AVO-val improvement; patience remaining: 42/50
2025-09-21 20:49:14 - Epoch 19/500 | LR=0.009968 | w_P3=1.000 | w_AVO=2.037 | lambda_MMD=0.300
2025-09-21 20:49:16 - Epoch Summary: TrainLoss=1.6195 | TrainAcc=0.660 | Val(P3)=0.602 | Val(AVO)=0.612
2025-09-21 20:49:16 - No AVO-val improvement; patience remaining: 41/50
2025-09-21 20:49:16 - Epoch 20/500 | LR=0.009964 | w_P3=1.000 | w_AVO=2.037 | lambda_MMD=0.300
2025-09-21 20:49:18 - Epoch Summary: TrainLoss=1.6298 | TrainAcc=0.644 | Val(P3)=0.592 | Val(AVO)=0.612
2025-09-21 20:49:18 - No AVO-val improvement; patience remaining: 40/50
2025-09-21 20:49:18 - P3 val decreasing 3x. Reducing lambda_MMD to 0.210
2025-09-21 20:49:18 - Epoch 21/500 | LR=0.009961 | w_P3=1.000 | w_AVO=2.037 | lambda_MMD=0.210
2025-09-21 20:49:20 - Epoch Summary: TrainLoss=1.6310 | TrainAcc=0.640 | Val(P3)=0.564 | Val(AVO)=0.647
2025-09-21 20:49:20 - No AVO-val improvement; patience remaining: 39/50
2025-09-21 20:49:20 - P3 val decreasing 3x. Reducing lambda_MMD to 0.210
2025-09-21 20:49:20 - Epoch 22/500 | LR=0.009957 | w_P3=1.000 | w_AVO=2.037 | lambda_MMD=0.210
2025-09-21 20:49:22 - Epoch Summary: TrainLoss=1.6058 | TrainAcc=0.642 | Val(P3)=0.596 | Val(AVO)=0.612
2025-09-21 20:49:22 - No AVO-val improvement; patience remaining: 38/50
2025-09-21 20:49:22 - Epoch 23/500 | LR=0.009952 | w_P3=1.000 | w_AVO=2.037 | lambda_MMD=0.300
2025-09-21 20:49:24 - Epoch Summary: TrainLoss=1.5954 | TrainAcc=0.641 | Val(P3)=0.596 | Val(AVO)=0.635
2025-09-21 20:49:24 - No AVO-val improvement; patience remaining: 37/50
2025-09-21 20:49:24 - Epoch 24/500 | LR=0.009948 | w_P3=1.000 | w_AVO=2.037 | lambda_MMD=0.300
2025-09-21 20:49:25 - Epoch Summary: TrainLoss=1.5922 | TrainAcc=0.645 | Val(P3)=0.557 | Val(AVO)=0.624
2025-09-21 20:49:25 - No AVO-val improvement; patience remaining: 36/50
2025-09-21 20:49:25 - Epoch 25/500 | LR=0.009943 | w_P3=1.000 | w_AVO=2.037 | lambda_MMD=0.300
2025-09-21 20:49:28 - Epoch Summary: TrainLoss=1.5979 | TrainAcc=0.642 | Val(P3)=0.564 | Val(AVO)=0.576
2025-09-21 20:49:28 - No AVO-val improvement; patience remaining: 35/50
2025-09-21 20:49:28 - AVO val decreasing 3x. Reducing w_small to 1.630, lambda_MMD to 0.150
2025-09-21 20:49:28 - Epoch 26/500 | LR=0.009938 | w_P3=1.000 | w_AVO=1.630 | lambda_MMD=0.150
2025-09-21 20:49:30 - Epoch Summary: TrainLoss=1.3992 | TrainAcc=0.636 | Val(P3)=0.605 | Val(AVO)=0.635
2025-09-21 20:49:30 - No AVO-val improvement; patience remaining: 34/50
2025-09-21 20:49:30 - Epoch 27/500 | LR=0.009933 | w_P3=1.000 | w_AVO=2.037 | lambda_MMD=0.300
2025-09-21 20:49:31 - Epoch Summary: TrainLoss=1.5605 | TrainAcc=0.646 | Val(P3)=0.583 | Val(AVO)=0.576
2025-09-21 20:49:31 - No AVO-val improvement; patience remaining: 33/50
2025-09-21 20:49:31 - Epoch 28/500 | LR=0.009928 | w_P3=1.000 | w_AVO=2.037 | lambda_MMD=0.300
2025-09-21 20:49:33 - Epoch Summary: TrainLoss=1.5617 | TrainAcc=0.662 | Val(P3)=0.599 | Val(AVO)=0.624
2025-09-21 20:49:33 - No AVO-val improvement; patience remaining: 32/50
2025-09-21 20:49:33 - Epoch 29/500 | LR=0.009923 | w_P3=1.000 | w_AVO=2.037 | lambda_MMD=0.300
2025-09-21 20:49:34 - Epoch Summary: TrainLoss=1.5406 | TrainAcc=0.644 | Val(P3)=0.615 | Val(AVO)=0.647
2025-09-21 20:49:34 - No AVO-val improvement; patience remaining: 31/50
2025-09-21 20:49:34 - Epoch 30/500 | LR=0.009917 | w_P3=1.000 | w_AVO=2.037 | lambda_MMD=0.300
2025-09-21 20:49:36 - Epoch Summary: TrainLoss=1.5527 | TrainAcc=0.641 | Val(P3)=0.580 | Val(AVO)=0.647
2025-09-21 20:49:36 - No AVO-val improvement; patience remaining: 30/50
2025-09-21 20:49:36 - Epoch 31/500 | LR=0.009911 | w_P3=1.000 | w_AVO=2.037 | lambda_MMD=0.300
2025-09-21 20:49:39 - Epoch Summary: TrainLoss=1.5219 | TrainAcc=0.647 | Val(P3)=0.596 | Val(AVO)=0.612
2025-09-21 20:49:39 - No AVO-val improvement; patience remaining: 29/50
2025-09-21 20:49:39 - Epoch 32/500 | LR=0.009905 | w_P3=1.000 | w_AVO=2.037 | lambda_MMD=0.300
2025-09-21 20:49:41 - Epoch Summary: TrainLoss=1.5343 | TrainAcc=0.639 | Val(P3)=0.608 | Val(AVO)=0.612
2025-09-21 20:49:41 - No AVO-val improvement; patience remaining: 28/50
2025-09-21 20:49:41 - Epoch 33/500 | LR=0.009899 | w_P3=1.000 | w_AVO=2.037 | lambda_MMD=0.300
2025-09-21 20:49:42 - Epoch Summary: TrainLoss=1.5479 | TrainAcc=0.641 | Val(P3)=0.564 | Val(AVO)=0.541
2025-09-21 20:49:42 - No AVO-val improvement; patience remaining: 27/50
2025-09-21 20:49:42 - Epoch 34/500 | LR=0.009893 | w_P3=1.000 | w_AVO=2.037 | lambda_MMD=0.300
2025-09-21 20:49:45 - Epoch Summary: TrainLoss=1.5262 | TrainAcc=0.636 | Val(P3)=0.564 | Val(AVO)=0.635
2025-09-21 20:49:45 - No AVO-val improvement; patience remaining: 26/50
2025-09-21 20:49:45 - Epoch 35/500 | LR=0.009886 | w_P3=1.000 | w_AVO=2.037 | lambda_MMD=0.300
2025-09-21 20:49:46 - Epoch Summary: TrainLoss=1.5166 | TrainAcc=0.642 | Val(P3)=0.586 | Val(AVO)=0.541
2025-09-21 20:49:46 - No AVO-val improvement; patience remaining: 25/50
2025-09-21 20:49:46 - Epoch 36/500 | LR=0.009880 | w_P3=1.000 | w_AVO=2.037 | lambda_MMD=0.300
2025-09-21 20:49:48 - Epoch Summary: TrainLoss=1.5139 | TrainAcc=0.650 | Val(P3)=0.602 | Val(AVO)=0.529
2025-09-21 20:49:48 - No AVO-val improvement; patience remaining: 24/50
2025-09-21 20:49:48 - AVO val decreasing 3x. Reducing w_small to 1.630, lambda_MMD to 0.150
2025-09-21 20:49:48 - Epoch 37/500 | LR=0.009873 | w_P3=1.000 | w_AVO=1.630 | lambda_MMD=0.150
2025-09-21 20:49:50 - Epoch Summary: TrainLoss=1.3555 | TrainAcc=0.648 | Val(P3)=0.564 | Val(AVO)=0.635
2025-09-21 20:49:50 - No AVO-val improvement; patience remaining: 23/50
2025-09-21 20:49:50 - Epoch 38/500 | LR=0.009865 | w_P3=1.000 | w_AVO=2.037 | lambda_MMD=0.300
2025-09-21 20:49:52 - Epoch Summary: TrainLoss=1.5037 | TrainAcc=0.643 | Val(P3)=0.567 | Val(AVO)=0.600
2025-09-21 20:49:52 - No AVO-val improvement; patience remaining: 22/50
2025-09-21 20:49:52 - Epoch 39/500 | LR=0.009858 | w_P3=1.000 | w_AVO=2.037 | lambda_MMD=0.300
2025-09-21 20:49:54 - Epoch Summary: TrainLoss=1.4938 | TrainAcc=0.652 | Val(P3)=0.583 | Val(AVO)=0.612
2025-09-21 20:49:54 - No AVO-val improvement; patience remaining: 21/50
2025-09-21 20:49:54 - Epoch 40/500 | LR=0.009851 | w_P3=1.000 | w_AVO=2.037 | lambda_MMD=0.300
2025-09-21 20:49:57 - Epoch Summary: TrainLoss=1.5114 | TrainAcc=0.640 | Val(P3)=0.554 | Val(AVO)=0.576
2025-09-21 20:49:57 - No AVO-val improvement; patience remaining: 20/50
2025-09-21 20:49:57 - Epoch 41/500 | LR=0.009843 | w_P3=1.000 | w_AVO=2.037 | lambda_MMD=0.300
2025-09-21 20:49:59 - Epoch Summary: TrainLoss=1.4962 | TrainAcc=0.656 | Val(P3)=0.564 | Val(AVO)=0.588
2025-09-21 20:49:59 - No AVO-val improvement; patience remaining: 19/50
2025-09-21 20:49:59 - Epoch 42/500 | LR=0.009835 | w_P3=1.000 | w_AVO=2.037 | lambda_MMD=0.300
2025-09-21 20:50:01 - Epoch Summary: TrainLoss=1.4671 | TrainAcc=0.648 | Val(P3)=0.570 | Val(AVO)=0.635
2025-09-21 20:50:01 - No AVO-val improvement; patience remaining: 18/50
2025-09-21 20:50:01 - Epoch 43/500 | LR=0.009827 | w_P3=1.000 | w_AVO=2.037 | lambda_MMD=0.300
2025-09-21 20:50:03 - Epoch Summary: TrainLoss=1.5047 | TrainAcc=0.640 | Val(P3)=0.561 | Val(AVO)=0.612
2025-09-21 20:50:03 - No AVO-val improvement; patience remaining: 17/50
2025-09-21 20:50:03 - Epoch 44/500 | LR=0.009819 | w_P3=1.000 | w_AVO=2.037 | lambda_MMD=0.300
2025-09-21 20:50:05 - Epoch Summary: TrainLoss=1.4974 | TrainAcc=0.634 | Val(P3)=0.608 | Val(AVO)=0.624
2025-09-21 20:50:05 - No AVO-val improvement; patience remaining: 16/50
2025-09-21 20:50:05 - Epoch 45/500 | LR=0.009810 | w_P3=1.000 | w_AVO=2.037 | lambda_MMD=0.300
2025-09-21 20:50:07 - Epoch Summary: TrainLoss=1.4805 | TrainAcc=0.648 | Val(P3)=0.573 | Val(AVO)=0.624
2025-09-21 20:50:07 - No AVO-val improvement; patience remaining: 15/50
2025-09-21 20:50:07 - Epoch 46/500 | LR=0.009801 | w_P3=1.000 | w_AVO=2.037 | lambda_MMD=0.300
2025-09-21 20:50:09 - Epoch Summary: TrainLoss=1.4780 | TrainAcc=0.656 | Val(P3)=0.583 | Val(AVO)=0.576
2025-09-21 20:50:09 - No AVO-val improvement; patience remaining: 14/50
2025-09-21 20:50:09 - Epoch 47/500 | LR=0.009793 | w_P3=1.000 | w_AVO=2.037 | lambda_MMD=0.300
2025-09-21 20:50:10 - Epoch Summary: TrainLoss=1.4601 | TrainAcc=0.643 | Val(P3)=0.573 | Val(AVO)=0.635
2025-09-21 20:50:10 - No AVO-val improvement; patience remaining: 13/50
2025-09-21 20:50:10 - Epoch 48/500 | LR=0.009784 | w_P3=1.000 | w_AVO=2.037 | lambda_MMD=0.300
2025-09-21 20:50:12 - Epoch Summary: TrainLoss=1.4704 | TrainAcc=0.645 | Val(P3)=0.586 | Val(AVO)=0.553
2025-09-21 20:50:12 - No AVO-val improvement; patience remaining: 12/50
2025-09-21 20:50:12 - Epoch 49/500 | LR=0.009774 | w_P3=1.000 | w_AVO=2.037 | lambda_MMD=0.300
2025-09-21 20:50:15 - Epoch Summary: TrainLoss=1.4609 | TrainAcc=0.644 | Val(P3)=0.576 | Val(AVO)=0.635
2025-09-21 20:50:15 - No AVO-val improvement; patience remaining: 11/50
2025-09-21 20:50:15 - Epoch 50/500 | LR=0.009765 | w_P3=1.000 | w_AVO=2.037 | lambda_MMD=0.300
2025-09-21 20:50:16 - Epoch Summary: TrainLoss=1.4460 | TrainAcc=0.647 | Val(P3)=0.589 | Val(AVO)=0.647
2025-09-21 20:50:16 - No AVO-val improvement; patience remaining: 10/50
2025-09-21 20:50:16 - Epoch 51/500 | LR=0.009755 | w_P3=1.000 | w_AVO=2.037 | lambda_MMD=0.300
2025-09-21 20:50:18 - Epoch Summary: TrainLoss=1.4515 | TrainAcc=0.642 | Val(P3)=0.583 | Val(AVO)=0.635
2025-09-21 20:50:18 - No AVO-val improvement; patience remaining: 9/50
2025-09-21 20:50:18 - Epoch 52/500 | LR=0.009745 | w_P3=1.000 | w_AVO=2.037 | lambda_MMD=0.300
2025-09-21 20:50:20 - Epoch Summary: TrainLoss=1.4183 | TrainAcc=0.650 | Val(P3)=0.573 | Val(AVO)=0.565
2025-09-21 20:50:20 - No AVO-val improvement; patience remaining: 8/50
2025-09-21 20:50:20 - AVO val decreasing 3x. Reducing w_small to 1.630, lambda_MMD to 0.150
2025-09-21 20:50:20 - P3 val decreasing 3x. Reducing lambda_MMD to 0.105
2025-09-21 20:50:20 - Epoch 53/500 | LR=0.009735 | w_P3=1.000 | w_AVO=1.630 | lambda_MMD=0.105
2025-09-21 20:50:22 - Epoch Summary: TrainLoss=1.2923 | TrainAcc=0.646 | Val(P3)=0.592 | Val(AVO)=0.588
2025-09-21 20:50:22 - No AVO-val improvement; patience remaining: 7/50
2025-09-21 20:50:22 - Epoch 54/500 | LR=0.009725 | w_P3=1.000 | w_AVO=2.037 | lambda_MMD=0.300
2025-09-21 20:50:24 - Epoch Summary: TrainLoss=1.4222 | TrainAcc=0.648 | Val(P3)=0.561 | Val(AVO)=0.529
2025-09-21 20:50:24 - No AVO-val improvement; patience remaining: 6/50
2025-09-21 20:50:24 - Epoch 55/500 | LR=0.009715 | w_P3=1.000 | w_AVO=2.037 | lambda_MMD=0.300
2025-09-21 20:50:27 - Epoch Summary: TrainLoss=1.4581 | TrainAcc=0.662 | Val(P3)=0.596 | Val(AVO)=0.576
2025-09-21 20:50:27 - No AVO-val improvement; patience remaining: 5/50
2025-09-21 20:50:27 - Epoch 56/500 | LR=0.009704 | w_P3=1.000 | w_AVO=2.037 | lambda_MMD=0.300
2025-09-21 20:50:28 - Epoch Summary: TrainLoss=1.4655 | TrainAcc=0.656 | Val(P3)=0.596 | Val(AVO)=0.588
2025-09-21 20:50:28 - No AVO-val improvement; patience remaining: 4/50
2025-09-21 20:50:28 - Epoch 57/500 | LR=0.009694 | w_P3=1.000 | w_AVO=2.037 | lambda_MMD=0.300
2025-09-21 20:50:31 - Epoch Summary: TrainLoss=1.4274 | TrainAcc=0.661 | Val(P3)=0.599 | Val(AVO)=0.565
2025-09-21 20:50:31 - No AVO-val improvement; patience remaining: 3/50
2025-09-21 20:50:31 - Epoch 58/500 | LR=0.009683 | w_P3=1.000 | w_AVO=2.037 | lambda_MMD=0.300
2025-09-21 20:50:33 - Epoch Summary: TrainLoss=1.4183 | TrainAcc=0.647 | Val(P3)=0.532 | Val(AVO)=0.600
2025-09-21 20:50:33 - No AVO-val improvement; patience remaining: 2/50
2025-09-21 20:50:33 - Epoch 59/500 | LR=0.009672 | w_P3=1.000 | w_AVO=2.037 | lambda_MMD=0.300
2025-09-21 20:50:36 - Epoch Summary: TrainLoss=1.4127 | TrainAcc=0.646 | Val(P3)=0.557 | Val(AVO)=0.635
2025-09-21 20:50:36 - No AVO-val improvement; patience remaining: 1/50
2025-09-21 20:50:36 - Epoch 60/500 | LR=0.009660 | w_P3=1.000 | w_AVO=2.037 | lambda_MMD=0.300
2025-09-21 20:50:37 - Epoch Summary: TrainLoss=1.3984 | TrainAcc=0.650 | Val(P3)=0.541 | Val(AVO)=0.576
2025-09-21 20:50:37 - No AVO-val improvement; patience remaining: 0/50
2025-09-21 20:50:37 - Early stopping triggered (AVO-val)
2025-09-21 20:50:37 -     P3 Test | Acc=0.6314 P=0.6016 R=0.7353 F1=0.6618 AUC=0.6808 (n=624)
2025-09-21 20:50:37 -     AVO Test | Acc=0.6821 P=0.6869 R=0.7391 F1=0.7120 AUC=0.7123 (n=173)
2025-09-21 20:50:37 -     Overall Test Acc=0.6424
2025-09-21 20:50:37 - 
==================================================
2025-09-21 20:50:37 - CROSS-VALIDATION RESULTS
2025-09-21 20:50:37 - ==================================================
2025-09-21 20:50:37 - Overall accuracy: 0.6226 ± 0.0201
2025-09-21 20:50:37 - 95% Confidence Interval: [0.5976, 0.6476]
2025-09-21 20:50:37 - P3 Dataset - Mean Accuracy: 0.6097 | 95% CI: [0.5884, 0.6310]
2025-09-21 20:50:37 - AVO Dataset - Mean Accuracy: 0.6728 | 95% CI: [0.6129, 0.7328]
