2025-09-25 21:18:03 - 
==================================================
2025-09-25 21:18:03 - TF-DWT Joint Training (Auto-Adjusted)
2025-09-25 21:18:03 - ==================================================
2025-09-25 21:18:03 - 
Experiment Configuration:
2025-09-25 21:18:03 - --------------------------------------------------
2025-09-25 21:18:03 - electrode_list: all
2025-09-25 21:18:03 - fusion_method: none
2025-09-25 21:18:03 - domain_adaptation: none
2025-09-25 21:18:03 - use_enhanced_preprocessing: True
2025-09-25 21:18:03 - batch_size: 128
2025-09-25 21:18:03 - max_epochs: 500
2025-09-25 21:18:03 - learning_rate: 0.012
2025-09-25 21:18:03 - weight_decay: 0.0001
2025-09-25 21:18:03 - dropout_rate: 0.25
2025-09-25 21:18:03 - use_data_augmentation: True
2025-09-25 21:18:03 - noise_std: 0.005
2025-09-25 21:18:03 - time_shift_range: 5
2025-09-25 21:18:03 - label_smoothing: 0.05
2025-09-25 21:18:03 - trials_per_subject_P3: 20
2025-09-25 21:18:03 - trials_per_subject_AVO: 200
2025-09-25 21:18:03 - train/val/test: (0.7, 0.1, 0.2)
2025-09-25 21:18:03 - device_mode: cuda
2025-09-25 21:18:03 - --------------------------------------------------
2025-09-25 21:18:03 - 
==================================================
2025-09-25 21:18:03 - Running Nested Cross-Validation with TF-DWT
2025-09-25 21:18:03 - ==================================================
2025-09-25 21:18:03 - Loading dataset for CV: P3
2025-09-25 21:18:04 - Subject P3_sub-001: Sampled 20/80 trials
2025-09-25 21:18:04 -   Original distribution: {np.int64(0): np.float64(0.5), np.int64(1): np.float64(0.5)}
2025-09-25 21:18:04 -   Sampled distribution: {np.int64(0): np.float64(0.5), np.int64(1): np.float64(0.5)}
2025-09-25 21:18:04 - Subject P3_sub-002: Sampled 20/80 trials
2025-09-25 21:18:04 -   Original distribution: {np.int64(0): np.float64(0.5), np.int64(1): np.float64(0.5)}
2025-09-25 21:18:04 -   Sampled distribution: {np.int64(0): np.float64(0.5), np.int64(1): np.float64(0.5)}
2025-09-25 21:18:04 - Subject P3_sub-003: Sampled 20/80 trials
2025-09-25 21:18:04 -   Original distribution: {np.int64(0): np.float64(0.5), np.int64(1): np.float64(0.5)}
2025-09-25 21:18:04 -   Sampled distribution: {np.int64(0): np.float64(0.5), np.int64(1): np.float64(0.5)}
2025-09-25 21:18:04 - Subject P3_sub-004: Sampled 20/78 trials
2025-09-25 21:18:04 -   Original distribution: {np.int64(0): np.float64(0.5), np.int64(1): np.float64(0.5)}
2025-09-25 21:18:04 -   Sampled distribution: {np.int64(0): np.float64(0.5), np.int64(1): np.float64(0.5)}
2025-09-25 21:18:05 - Subject P3_sub-005: Sampled 20/80 trials
2025-09-25 21:18:05 -   Original distribution: {np.int64(0): np.float64(0.5), np.int64(1): np.float64(0.5)}
2025-09-25 21:18:05 -   Sampled distribution: {np.int64(0): np.float64(0.5), np.int64(1): np.float64(0.5)}
2025-09-25 21:18:05 - Subject P3_sub-006: Sampled 20/80 trials
2025-09-25 21:18:05 -   Original distribution: {np.int64(0): np.float64(0.5), np.int64(1): np.float64(0.5)}
2025-09-25 21:18:05 -   Sampled distribution: {np.int64(0): np.float64(0.5), np.int64(1): np.float64(0.5)}
2025-09-25 21:18:05 - Subject P3_sub-007: Sampled 20/80 trials
2025-09-25 21:18:05 -   Original distribution: {np.int64(0): np.float64(0.5), np.int64(1): np.float64(0.5)}
2025-09-25 21:18:05 -   Sampled distribution: {np.int64(0): np.float64(0.5), np.int64(1): np.float64(0.5)}
2025-09-25 21:18:05 - Subject P3_sub-008: Sampled 20/80 trials
2025-09-25 21:18:05 -   Original distribution: {np.int64(0): np.float64(0.5), np.int64(1): np.float64(0.5)}
2025-09-25 21:18:05 -   Sampled distribution: {np.int64(0): np.float64(0.5), np.int64(1): np.float64(0.5)}
2025-09-25 21:18:05 - Subject P3_sub-009: Sampled 20/80 trials
2025-09-25 21:18:05 -   Original distribution: {np.int64(0): np.float64(0.5), np.int64(1): np.float64(0.5)}
2025-09-25 21:18:05 -   Sampled distribution: {np.int64(0): np.float64(0.5), np.int64(1): np.float64(0.5)}
2025-09-25 21:18:05 - Subject P3_sub-010: Sampled 20/80 trials
2025-09-25 21:18:05 -   Original distribution: {np.int64(0): np.float64(0.5), np.int64(1): np.float64(0.5)}
2025-09-25 21:18:05 -   Sampled distribution: {np.int64(0): np.float64(0.5), np.int64(1): np.float64(0.5)}
2025-09-25 21:18:05 - Subject P3_sub-011: Sampled 20/80 trials
2025-09-25 21:18:05 -   Original distribution: {np.int64(0): np.float64(0.5), np.int64(1): np.float64(0.5)}
2025-09-25 21:18:05 -   Sampled distribution: {np.int64(0): np.float64(0.5), np.int64(1): np.float64(0.5)}
2025-09-25 21:18:06 - Subject P3_sub-012: Sampled 20/78 trials
2025-09-25 21:18:06 -   Original distribution: {np.int64(0): np.float64(0.5), np.int64(1): np.float64(0.5)}
2025-09-25 21:18:06 -   Sampled distribution: {np.int64(0): np.float64(0.5), np.int64(1): np.float64(0.5)}
2025-09-25 21:18:06 - Subject P3_sub-013: Sampled 20/80 trials
2025-09-25 21:18:06 -   Original distribution: {np.int64(0): np.float64(0.5), np.int64(1): np.float64(0.5)}
2025-09-25 21:18:06 -   Sampled distribution: {np.int64(0): np.float64(0.5), np.int64(1): np.float64(0.5)}
2025-09-25 21:18:06 - Subject P3_sub-014: Sampled 20/80 trials
2025-09-25 21:18:06 -   Original distribution: {np.int64(0): np.float64(0.5), np.int64(1): np.float64(0.5)}
2025-09-25 21:18:06 -   Sampled distribution: {np.int64(0): np.float64(0.5), np.int64(1): np.float64(0.5)}
2025-09-25 21:18:06 - Subject P3_sub-015: Sampled 20/80 trials
2025-09-25 21:18:06 -   Original distribution: {np.int64(0): np.float64(0.5), np.int64(1): np.float64(0.5)}
2025-09-25 21:18:06 -   Sampled distribution: {np.int64(0): np.float64(0.5), np.int64(1): np.float64(0.5)}
2025-09-25 21:18:06 - Subject P3_sub-016: Sampled 20/80 trials
2025-09-25 21:18:06 -   Original distribution: {np.int64(0): np.float64(0.5), np.int64(1): np.float64(0.5)}
2025-09-25 21:18:06 -   Sampled distribution: {np.int64(0): np.float64(0.5), np.int64(1): np.float64(0.5)}
2025-09-25 21:18:06 - Subject P3_sub-017: Sampled 20/80 trials
2025-09-25 21:18:06 -   Original distribution: {np.int64(0): np.float64(0.5), np.int64(1): np.float64(0.5)}
2025-09-25 21:18:06 -   Sampled distribution: {np.int64(0): np.float64(0.5), np.int64(1): np.float64(0.5)}
2025-09-25 21:18:07 - Subject P3_sub-018: Sampled 20/80 trials
2025-09-25 21:18:07 -   Original distribution: {np.int64(0): np.float64(0.5), np.int64(1): np.float64(0.5)}
2025-09-25 21:18:07 -   Sampled distribution: {np.int64(0): np.float64(0.5), np.int64(1): np.float64(0.5)}
2025-09-25 21:18:07 - Subject P3_sub-019: Sampled 20/80 trials
2025-09-25 21:18:07 -   Original distribution: {np.int64(0): np.float64(0.5), np.int64(1): np.float64(0.5)}
2025-09-25 21:18:07 -   Sampled distribution: {np.int64(0): np.float64(0.5), np.int64(1): np.float64(0.5)}
2025-09-25 21:18:07 - Subject P3_sub-020: Sampled 20/78 trials
2025-09-25 21:18:07 -   Original distribution: {np.int64(0): np.float64(0.5), np.int64(1): np.float64(0.5)}
2025-09-25 21:18:07 -   Sampled distribution: {np.int64(0): np.float64(0.5), np.int64(1): np.float64(0.5)}
2025-09-25 21:18:07 - Subject P3_sub-021: Sampled 20/80 trials
2025-09-25 21:18:07 -   Original distribution: {np.int64(0): np.float64(0.5), np.int64(1): np.float64(0.5)}
2025-09-25 21:18:07 -   Sampled distribution: {np.int64(0): np.float64(0.5), np.int64(1): np.float64(0.5)}
2025-09-25 21:18:07 - Subject P3_sub-022: Sampled 20/80 trials
2025-09-25 21:18:07 -   Original distribution: {np.int64(0): np.float64(0.5), np.int64(1): np.float64(0.5)}
2025-09-25 21:18:07 -   Sampled distribution: {np.int64(0): np.float64(0.5), np.int64(1): np.float64(0.5)}
2025-09-25 21:18:07 - Subject P3_sub-023: Sampled 20/78 trials
2025-09-25 21:18:07 -   Original distribution: {np.int64(0): np.float64(0.5), np.int64(1): np.float64(0.5)}
2025-09-25 21:18:07 -   Sampled distribution: {np.int64(0): np.float64(0.5), np.int64(1): np.float64(0.5)}
2025-09-25 21:18:08 - Subject P3_sub-024: Sampled 20/80 trials
2025-09-25 21:18:08 -   Original distribution: {np.int64(0): np.float64(0.5), np.int64(1): np.float64(0.5)}
2025-09-25 21:18:08 -   Sampled distribution: {np.int64(0): np.float64(0.5), np.int64(1): np.float64(0.5)}
2025-09-25 21:18:08 - Subject P3_sub-025: Sampled 20/80 trials
2025-09-25 21:18:08 -   Original distribution: {np.int64(0): np.float64(0.5), np.int64(1): np.float64(0.5)}
2025-09-25 21:18:08 -   Sampled distribution: {np.int64(0): np.float64(0.5), np.int64(1): np.float64(0.5)}
2025-09-25 21:18:08 - Subject P3_sub-026: Sampled 20/80 trials
2025-09-25 21:18:08 -   Original distribution: {np.int64(0): np.float64(0.5), np.int64(1): np.float64(0.5)}
2025-09-25 21:18:08 -   Sampled distribution: {np.int64(0): np.float64(0.5), np.int64(1): np.float64(0.5)}
2025-09-25 21:18:08 - Subject P3_sub-027: Sampled 20/80 trials
2025-09-25 21:18:08 -   Original distribution: {np.int64(0): np.float64(0.5), np.int64(1): np.float64(0.5)}
2025-09-25 21:18:08 -   Sampled distribution: {np.int64(0): np.float64(0.5), np.int64(1): np.float64(0.5)}
2025-09-25 21:18:08 - Subject P3_sub-028: Sampled 20/80 trials
2025-09-25 21:18:08 -   Original distribution: {np.int64(0): np.float64(0.5), np.int64(1): np.float64(0.5)}
2025-09-25 21:18:08 -   Sampled distribution: {np.int64(0): np.float64(0.5), np.int64(1): np.float64(0.5)}
2025-09-25 21:18:08 - Subject P3_sub-029: Sampled 20/80 trials
2025-09-25 21:18:08 -   Original distribution: {np.int64(0): np.float64(0.5), np.int64(1): np.float64(0.5)}
2025-09-25 21:18:08 -   Sampled distribution: {np.int64(0): np.float64(0.5), np.int64(1): np.float64(0.5)}
2025-09-25 21:18:09 - Subject P3_sub-030: Sampled 20/80 trials
2025-09-25 21:18:09 -   Original distribution: {np.int64(0): np.float64(0.5), np.int64(1): np.float64(0.5)}
2025-09-25 21:18:09 -   Sampled distribution: {np.int64(0): np.float64(0.5), np.int64(1): np.float64(0.5)}
2025-09-25 21:18:09 - Subject P3_sub-031: Sampled 20/80 trials
2025-09-25 21:18:09 -   Original distribution: {np.int64(0): np.float64(0.5), np.int64(1): np.float64(0.5)}
2025-09-25 21:18:09 -   Sampled distribution: {np.int64(0): np.float64(0.5), np.int64(1): np.float64(0.5)}
2025-09-25 21:18:09 - Subject P3_sub-032: Sampled 20/80 trials
2025-09-25 21:18:09 -   Original distribution: {np.int64(0): np.float64(0.5), np.int64(1): np.float64(0.5)}
2025-09-25 21:18:09 -   Sampled distribution: {np.int64(0): np.float64(0.5), np.int64(1): np.float64(0.5)}
2025-09-25 21:18:09 - Subject P3_sub-033: Sampled 20/80 trials
2025-09-25 21:18:09 -   Original distribution: {np.int64(0): np.float64(0.5), np.int64(1): np.float64(0.5)}
2025-09-25 21:18:09 -   Sampled distribution: {np.int64(0): np.float64(0.5), np.int64(1): np.float64(0.5)}
2025-09-25 21:18:09 - Subject P3_sub-034: Sampled 20/80 trials
2025-09-25 21:18:09 -   Original distribution: {np.int64(0): np.float64(0.5), np.int64(1): np.float64(0.5)}
2025-09-25 21:18:09 -   Sampled distribution: {np.int64(0): np.float64(0.5), np.int64(1): np.float64(0.5)}
2025-09-25 21:18:09 - Subject P3_sub-035: Sampled 20/78 trials
2025-09-25 21:18:09 -   Original distribution: {np.int64(0): np.float64(0.5), np.int64(1): np.float64(0.5)}
2025-09-25 21:18:09 -   Sampled distribution: {np.int64(0): np.float64(0.5), np.int64(1): np.float64(0.5)}
2025-09-25 21:18:10 - Subject P3_sub-036: Sampled 20/80 trials
2025-09-25 21:18:10 -   Original distribution: {np.int64(0): np.float64(0.5), np.int64(1): np.float64(0.5)}
2025-09-25 21:18:10 -   Sampled distribution: {np.int64(0): np.float64(0.5), np.int64(1): np.float64(0.5)}
2025-09-25 21:18:10 - Subject P3_sub-037: Sampled 20/78 trials
2025-09-25 21:18:10 -   Original distribution: {np.int64(0): np.float64(0.5), np.int64(1): np.float64(0.5)}
2025-09-25 21:18:10 -   Sampled distribution: {np.int64(0): np.float64(0.5), np.int64(1): np.float64(0.5)}
2025-09-25 21:18:10 - Subject P3_sub-038: Sampled 20/80 trials
2025-09-25 21:18:10 -   Original distribution: {np.int64(0): np.float64(0.5), np.int64(1): np.float64(0.5)}
2025-09-25 21:18:10 -   Sampled distribution: {np.int64(0): np.float64(0.5), np.int64(1): np.float64(0.5)}
2025-09-25 21:18:10 - Subject P3_sub-039: Sampled 20/80 trials
2025-09-25 21:18:10 -   Original distribution: {np.int64(0): np.float64(0.5), np.int64(1): np.float64(0.5)}
2025-09-25 21:18:10 -   Sampled distribution: {np.int64(0): np.float64(0.5), np.int64(1): np.float64(0.5)}
2025-09-25 21:18:10 - Subject P3_sub-040: Sampled 20/80 trials
2025-09-25 21:18:10 -   Original distribution: {np.int64(0): np.float64(0.5), np.int64(1): np.float64(0.5)}
2025-09-25 21:18:10 -   Sampled distribution: {np.int64(0): np.float64(0.5), np.int64(1): np.float64(0.5)}
2025-09-25 21:18:10 - Loading dataset for CV: AVO
2025-09-25 21:18:15 - Combined dataset summary: total=3824, P3=800, AVO=3024
2025-09-25 21:18:15 - Repeat 1/5
2025-09-25 21:18:15 -   Fold 1/5
2025-09-25 21:18:16 - Fold domains: small=P3 (n=561), large=AVO (n=2115)
2025-09-25 21:18:16 - Auto adjustments (symmetric): w_small≈1.000, lambda_MMD_target=0.250, warmup_epochs=5
2025-09-25 21:18:16 - Epoch 1/500 | LR=0.012000 | w_AVO=1.000 | w_P3=1.188 | lambda_MMD=0.050
2025-09-25 21:18:17 - Epoch Summary: TrainLoss=1.6262 | TrainAcc=0.506 | Val(P3)=0.567 | Val(AVO)=0.582
2025-09-25 21:18:17 - New best P3-val; checkpoint updated
2025-09-25 21:18:17 - Epoch 2/500 | LR=0.012000 | w_AVO=1.000 | w_P3=1.377 | lambda_MMD=0.100
2025-09-25 21:18:17 - Epoch Summary: TrainLoss=1.5907 | TrainAcc=0.564 | Val(P3)=0.517 | Val(AVO)=0.585
2025-09-25 21:18:17 - No P3-val improvement; patience remaining: 14/15
2025-09-25 21:18:17 - Epoch 3/500 | LR=0.012000 | w_AVO=1.000 | w_P3=1.565 | lambda_MMD=0.150
2025-09-25 21:18:17 - Epoch Summary: TrainLoss=1.6875 | TrainAcc=0.605 | Val(P3)=0.600 | Val(AVO)=0.647
2025-09-25 21:18:17 - New best P3-val; checkpoint updated
2025-09-25 21:18:17 - Epoch 4/500 | LR=0.011999 | w_AVO=1.000 | w_P3=1.753 | lambda_MMD=0.200
2025-09-25 21:18:17 - Epoch Summary: TrainLoss=1.8040 | TrainAcc=0.615 | Val(P3)=0.583 | Val(AVO)=0.644
2025-09-25 21:18:17 - No P3-val improvement; patience remaining: 14/15
2025-09-25 21:18:17 - Epoch 5/500 | LR=0.011998 | w_AVO=1.000 | w_P3=1.942 | lambda_MMD=0.250
2025-09-25 21:18:17 - Epoch Summary: TrainLoss=1.9143 | TrainAcc=0.610 | Val(P3)=0.567 | Val(AVO)=0.641
2025-09-25 21:18:17 - No P3-val improvement; patience remaining: 13/15
2025-09-25 21:18:17 - P3 val decreasing 3x. Reducing w_small to 1.553, lambda_MMD to 0.125
2025-09-25 21:18:17 - AVO val decreasing 3x. Reducing lambda_MMD to 0.087
2025-09-25 21:18:17 - Epoch 6/500 | LR=0.011997 | w_AVO=1.000 | w_P3=1.553 | lambda_MMD=0.087
2025-09-25 21:18:18 - Epoch Summary: TrainLoss=1.6300 | TrainAcc=0.632 | Val(P3)=0.567 | Val(AVO)=0.635
2025-09-25 21:18:18 - No P3-val improvement; patience remaining: 12/15
2025-09-25 21:18:18 - AVO val decreasing 3x. Reducing lambda_MMD to 0.175
2025-09-25 21:18:18 - Epoch 7/500 | LR=0.011996 | w_AVO=1.000 | w_P3=1.942 | lambda_MMD=0.175
2025-09-25 21:18:18 - Epoch Summary: TrainLoss=1.8548 | TrainAcc=0.635 | Val(P3)=0.550 | Val(AVO)=0.638
2025-09-25 21:18:18 - No P3-val improvement; patience remaining: 11/15
2025-09-25 21:18:18 - Epoch 8/500 | LR=0.011994 | w_AVO=1.000 | w_P3=1.942 | lambda_MMD=0.250
2025-09-25 21:18:18 - Epoch Summary: TrainLoss=1.8231 | TrainAcc=0.635 | Val(P3)=0.600 | Val(AVO)=0.625
2025-09-25 21:18:18 - No P3-val improvement; patience remaining: 10/15
2025-09-25 21:18:18 - Epoch 9/500 | LR=0.011992 | w_AVO=1.000 | w_P3=1.942 | lambda_MMD=0.250
2025-09-25 21:18:18 - Epoch Summary: TrainLoss=1.8056 | TrainAcc=0.638 | Val(P3)=0.550 | Val(AVO)=0.622
2025-09-25 21:18:18 - No P3-val improvement; patience remaining: 9/15
2025-09-25 21:18:18 - AVO val decreasing 3x. Reducing lambda_MMD to 0.175
2025-09-25 21:18:18 - Epoch 10/500 | LR=0.011990 | w_AVO=1.000 | w_P3=1.942 | lambda_MMD=0.175
2025-09-25 21:18:18 - Epoch Summary: TrainLoss=1.7686 | TrainAcc=0.641 | Val(P3)=0.533 | Val(AVO)=0.598
2025-09-25 21:18:18 - No P3-val improvement; patience remaining: 8/15
2025-09-25 21:18:18 - P3 val decreasing 3x. Reducing w_small to 1.553, lambda_MMD to 0.125
2025-09-25 21:18:18 - AVO val decreasing 3x. Reducing lambda_MMD to 0.087
2025-09-25 21:18:18 - Epoch 11/500 | LR=0.011988 | w_AVO=1.000 | w_P3=1.553 | lambda_MMD=0.087
2025-09-25 21:18:19 - Epoch Summary: TrainLoss=1.5301 | TrainAcc=0.640 | Val(P3)=0.550 | Val(AVO)=0.576
2025-09-25 21:18:19 - No P3-val improvement; patience remaining: 7/15
2025-09-25 21:18:19 - AVO val decreasing 3x. Reducing lambda_MMD to 0.175
2025-09-25 21:18:19 - Epoch 12/500 | LR=0.011986 | w_AVO=1.000 | w_P3=1.942 | lambda_MMD=0.175
2025-09-25 21:18:19 - Epoch Summary: TrainLoss=1.7504 | TrainAcc=0.646 | Val(P3)=0.500 | Val(AVO)=0.622
2025-09-25 21:18:19 - No P3-val improvement; patience remaining: 6/15
2025-09-25 21:18:19 - Epoch 13/500 | LR=0.011983 | w_AVO=1.000 | w_P3=1.942 | lambda_MMD=0.250
2025-09-25 21:18:19 - Epoch Summary: TrainLoss=1.7247 | TrainAcc=0.657 | Val(P3)=0.550 | Val(AVO)=0.573
2025-09-25 21:18:19 - No P3-val improvement; patience remaining: 5/15
2025-09-25 21:18:19 - Epoch 14/500 | LR=0.011980 | w_AVO=1.000 | w_P3=1.942 | lambda_MMD=0.250
2025-09-25 21:18:19 - Epoch Summary: TrainLoss=1.7138 | TrainAcc=0.633 | Val(P3)=0.567 | Val(AVO)=0.598
2025-09-25 21:18:19 - No P3-val improvement; patience remaining: 4/15
2025-09-25 21:18:19 - Epoch 15/500 | LR=0.011977 | w_AVO=1.000 | w_P3=1.942 | lambda_MMD=0.250
2025-09-25 21:18:19 - Epoch Summary: TrainLoss=1.6859 | TrainAcc=0.655 | Val(P3)=0.550 | Val(AVO)=0.622
2025-09-25 21:18:19 - No P3-val improvement; patience remaining: 3/15
2025-09-25 21:18:19 - Epoch 16/500 | LR=0.011973 | w_AVO=1.000 | w_P3=1.942 | lambda_MMD=0.250
2025-09-25 21:18:20 - Epoch Summary: TrainLoss=1.6665 | TrainAcc=0.657 | Val(P3)=0.600 | Val(AVO)=0.563
2025-09-25 21:18:20 - No P3-val improvement; patience remaining: 2/15
2025-09-25 21:18:20 - Epoch 17/500 | LR=0.011970 | w_AVO=1.000 | w_P3=1.942 | lambda_MMD=0.250
2025-09-25 21:18:20 - Epoch Summary: TrainLoss=1.6554 | TrainAcc=0.662 | Val(P3)=0.567 | Val(AVO)=0.588
2025-09-25 21:18:20 - No P3-val improvement; patience remaining: 1/15
2025-09-25 21:18:20 - Epoch 18/500 | LR=0.011966 | w_AVO=1.000 | w_P3=1.942 | lambda_MMD=0.250
2025-09-25 21:18:20 - Epoch Summary: TrainLoss=1.6246 | TrainAcc=0.662 | Val(P3)=0.550 | Val(AVO)=0.598
2025-09-25 21:18:20 - No P3-val improvement; patience remaining: 0/15
2025-09-25 21:18:20 - Early stopping triggered (P3-val)
2025-09-25 21:18:20 -     P3 Test | Acc=0.6089 P=0.6374 R=0.6105 F1=0.6237 AUC=0.6642 (n=179)
2025-09-25 21:18:20 -     AVO Test | Acc=0.5683 P=0.5354 R=0.8955 F1=0.6701 AUC=0.6801 (n=586)
2025-09-25 21:18:20 -     Overall Test Acc=0.5778
2025-09-25 21:18:20 -   Fold 2/5
2025-09-25 21:18:20 - Fold domains: small=P3 (n=578), large=AVO (n=2098)
2025-09-25 21:18:20 - Auto adjustments (symmetric): w_small≈1.000, lambda_MMD_target=0.250, warmup_epochs=5
2025-09-25 21:18:20 - Epoch 1/500 | LR=0.012000 | w_AVO=1.000 | w_P3=1.181 | lambda_MMD=0.050
2025-09-25 21:18:20 - Epoch Summary: TrainLoss=1.6181 | TrainAcc=0.537 | Val(P3)=0.525 | Val(AVO)=0.578
2025-09-25 21:18:20 - New best P3-val; checkpoint updated
2025-09-25 21:18:20 - Epoch 2/500 | LR=0.012000 | w_AVO=1.000 | w_P3=1.362 | lambda_MMD=0.100
2025-09-25 21:18:21 - Epoch Summary: TrainLoss=1.5821 | TrainAcc=0.585 | Val(P3)=0.590 | Val(AVO)=0.621
2025-09-25 21:18:21 - New best P3-val; checkpoint updated
2025-09-25 21:18:21 - Epoch 3/500 | LR=0.012000 | w_AVO=1.000 | w_P3=1.543 | lambda_MMD=0.150
2025-09-25 21:18:21 - Epoch Summary: TrainLoss=1.6771 | TrainAcc=0.611 | Val(P3)=0.574 | Val(AVO)=0.674
2025-09-25 21:18:21 - No P3-val improvement; patience remaining: 14/15
2025-09-25 21:18:21 - Epoch 4/500 | LR=0.011999 | w_AVO=1.000 | w_P3=1.724 | lambda_MMD=0.200
2025-09-25 21:18:21 - Epoch Summary: TrainLoss=1.7906 | TrainAcc=0.603 | Val(P3)=0.607 | Val(AVO)=0.671
2025-09-25 21:18:21 - New best P3-val; checkpoint updated
2025-09-25 21:18:21 - Epoch 5/500 | LR=0.011998 | w_AVO=1.000 | w_P3=1.905 | lambda_MMD=0.250
2025-09-25 21:18:21 - Epoch Summary: TrainLoss=1.8933 | TrainAcc=0.612 | Val(P3)=0.639 | Val(AVO)=0.674
2025-09-25 21:18:21 - New best P3-val; checkpoint updated
2025-09-25 21:18:21 - Epoch 6/500 | LR=0.011997 | w_AVO=1.000 | w_P3=1.905 | lambda_MMD=0.250
2025-09-25 21:18:21 - Epoch Summary: TrainLoss=1.8803 | TrainAcc=0.635 | Val(P3)=0.525 | Val(AVO)=0.683
2025-09-25 21:18:21 - No P3-val improvement; patience remaining: 14/15
2025-09-25 21:18:21 - Epoch 7/500 | LR=0.011996 | w_AVO=1.000 | w_P3=1.905 | lambda_MMD=0.250
2025-09-25 21:18:22 - Epoch Summary: TrainLoss=1.8629 | TrainAcc=0.628 | Val(P3)=0.590 | Val(AVO)=0.661
2025-09-25 21:18:22 - No P3-val improvement; patience remaining: 13/15
2025-09-25 21:18:22 - Epoch 8/500 | LR=0.011994 | w_AVO=1.000 | w_P3=1.905 | lambda_MMD=0.250
2025-09-25 21:18:22 - Epoch Summary: TrainLoss=1.8335 | TrainAcc=0.644 | Val(P3)=0.623 | Val(AVO)=0.665
2025-09-25 21:18:22 - No P3-val improvement; patience remaining: 12/15
2025-09-25 21:18:22 - Epoch 9/500 | LR=0.011992 | w_AVO=1.000 | w_P3=1.905 | lambda_MMD=0.250
2025-09-25 21:18:22 - Epoch Summary: TrainLoss=1.8095 | TrainAcc=0.659 | Val(P3)=0.574 | Val(AVO)=0.646
2025-09-25 21:18:22 - No P3-val improvement; patience remaining: 11/15
2025-09-25 21:18:22 - Epoch 10/500 | LR=0.011990 | w_AVO=1.000 | w_P3=1.905 | lambda_MMD=0.250
2025-09-25 21:18:22 - Epoch Summary: TrainLoss=1.7852 | TrainAcc=0.646 | Val(P3)=0.557 | Val(AVO)=0.655
2025-09-25 21:18:22 - No P3-val improvement; patience remaining: 10/15
2025-09-25 21:18:22 - P3 val decreasing 3x. Reducing w_small to 1.524, lambda_MMD to 0.125
2025-09-25 21:18:22 - Epoch 11/500 | LR=0.011988 | w_AVO=1.000 | w_P3=1.524 | lambda_MMD=0.125
2025-09-25 21:18:22 - Epoch Summary: TrainLoss=1.5300 | TrainAcc=0.651 | Val(P3)=0.557 | Val(AVO)=0.646
2025-09-25 21:18:22 - No P3-val improvement; patience remaining: 9/15
2025-09-25 21:18:22 - Epoch 12/500 | LR=0.011986 | w_AVO=1.000 | w_P3=1.905 | lambda_MMD=0.250
2025-09-25 21:18:23 - Epoch Summary: TrainLoss=1.7390 | TrainAcc=0.663 | Val(P3)=0.541 | Val(AVO)=0.624
2025-09-25 21:18:23 - No P3-val improvement; patience remaining: 8/15
2025-09-25 21:18:23 - AVO val decreasing 3x. Reducing lambda_MMD to 0.175
2025-09-25 21:18:23 - Epoch 13/500 | LR=0.011983 | w_AVO=1.000 | w_P3=1.905 | lambda_MMD=0.175
2025-09-25 21:18:23 - Epoch Summary: TrainLoss=1.7347 | TrainAcc=0.648 | Val(P3)=0.557 | Val(AVO)=0.668
2025-09-25 21:18:23 - No P3-val improvement; patience remaining: 7/15
2025-09-25 21:18:23 - Epoch 14/500 | LR=0.011980 | w_AVO=1.000 | w_P3=1.905 | lambda_MMD=0.250
2025-09-25 21:18:23 - Epoch Summary: TrainLoss=1.6982 | TrainAcc=0.670 | Val(P3)=0.574 | Val(AVO)=0.652
2025-09-25 21:18:23 - No P3-val improvement; patience remaining: 6/15
2025-09-25 21:18:23 - Epoch 15/500 | LR=0.011977 | w_AVO=1.000 | w_P3=1.905 | lambda_MMD=0.250
2025-09-25 21:18:23 - Epoch Summary: TrainLoss=1.6710 | TrainAcc=0.664 | Val(P3)=0.557 | Val(AVO)=0.624
2025-09-25 21:18:23 - No P3-val improvement; patience remaining: 5/15
2025-09-25 21:18:23 - AVO val decreasing 3x. Reducing lambda_MMD to 0.175
2025-09-25 21:18:23 - Epoch 16/500 | LR=0.011973 | w_AVO=1.000 | w_P3=1.905 | lambda_MMD=0.175
2025-09-25 21:18:23 - Epoch Summary: TrainLoss=1.6528 | TrainAcc=0.667 | Val(P3)=0.557 | Val(AVO)=0.630
2025-09-25 21:18:23 - No P3-val improvement; patience remaining: 4/15
2025-09-25 21:18:23 - Epoch 17/500 | LR=0.011970 | w_AVO=1.000 | w_P3=1.905 | lambda_MMD=0.250
2025-09-25 21:18:24 - Epoch Summary: TrainLoss=1.6314 | TrainAcc=0.662 | Val(P3)=0.574 | Val(AVO)=0.643
2025-09-25 21:18:24 - No P3-val improvement; patience remaining: 3/15
2025-09-25 21:18:24 - Epoch 18/500 | LR=0.011966 | w_AVO=1.000 | w_P3=1.905 | lambda_MMD=0.250
2025-09-25 21:18:24 - Epoch Summary: TrainLoss=1.6022 | TrainAcc=0.673 | Val(P3)=0.525 | Val(AVO)=0.658
2025-09-25 21:18:24 - No P3-val improvement; patience remaining: 2/15
2025-09-25 21:18:24 - Epoch 19/500 | LR=0.011962 | w_AVO=1.000 | w_P3=1.905 | lambda_MMD=0.250
2025-09-25 21:18:24 - Epoch Summary: TrainLoss=1.6129 | TrainAcc=0.655 | Val(P3)=0.557 | Val(AVO)=0.668
2025-09-25 21:18:24 - No P3-val improvement; patience remaining: 1/15
2025-09-25 21:18:24 - Epoch 20/500 | LR=0.011957 | w_AVO=1.000 | w_P3=1.905 | lambda_MMD=0.250
2025-09-25 21:18:24 - Epoch Summary: TrainLoss=1.5564 | TrainAcc=0.666 | Val(P3)=0.557 | Val(AVO)=0.627
2025-09-25 21:18:24 - No P3-val improvement; patience remaining: 0/15
2025-09-25 21:18:24 - Early stopping triggered (P3-val)
2025-09-25 21:18:24 -     P3 Test | Acc=0.6335 P=0.5882 R=0.6757 F1=0.6289 AUC=0.6999 (n=161)
2025-09-25 21:18:24 -     AVO Test | Acc=0.6474 P=0.6179 R=0.8084 F1=0.7004 AUC=0.7170 (n=604)
2025-09-25 21:18:24 -     Overall Test Acc=0.6444
2025-09-25 21:18:24 -   Fold 3/5
2025-09-25 21:18:24 - Fold domains: small=P3 (n=592), large=AVO (n=2084)
2025-09-25 21:18:24 - Auto adjustments (symmetric): w_small≈1.000, lambda_MMD_target=0.250, warmup_epochs=5
2025-09-25 21:18:24 - Epoch 1/500 | LR=0.012000 | w_AVO=1.000 | w_P3=1.175 | lambda_MMD=0.050
2025-09-25 21:18:25 - Epoch Summary: TrainLoss=1.5313 | TrainAcc=0.535 | Val(P3)=0.635 | Val(AVO)=0.625
2025-09-25 21:18:25 - New best P3-val; checkpoint updated
2025-09-25 21:18:25 - Epoch 2/500 | LR=0.012000 | w_AVO=1.000 | w_P3=1.350 | lambda_MMD=0.100
2025-09-25 21:18:25 - Epoch Summary: TrainLoss=1.5475 | TrainAcc=0.613 | Val(P3)=0.714 | Val(AVO)=0.625
2025-09-25 21:18:25 - New best P3-val; checkpoint updated
2025-09-25 21:18:25 - Epoch 3/500 | LR=0.012000 | w_AVO=1.000 | w_P3=1.526 | lambda_MMD=0.150
2025-09-25 21:18:25 - Epoch Summary: TrainLoss=1.6490 | TrainAcc=0.602 | Val(P3)=0.667 | Val(AVO)=0.650
2025-09-25 21:18:25 - No P3-val improvement; patience remaining: 14/15
2025-09-25 21:18:25 - Epoch 4/500 | LR=0.011999 | w_AVO=1.000 | w_P3=1.701 | lambda_MMD=0.200
2025-09-25 21:18:25 - Epoch Summary: TrainLoss=1.7583 | TrainAcc=0.609 | Val(P3)=0.698 | Val(AVO)=0.619
2025-09-25 21:18:25 - No P3-val improvement; patience remaining: 13/15
2025-09-25 21:18:25 - Epoch 5/500 | LR=0.011998 | w_AVO=1.000 | w_P3=1.876 | lambda_MMD=0.250
2025-09-25 21:18:25 - Epoch Summary: TrainLoss=1.8434 | TrainAcc=0.614 | Val(P3)=0.714 | Val(AVO)=0.609
2025-09-25 21:18:25 - No P3-val improvement; patience remaining: 12/15
2025-09-25 21:18:25 - AVO val decreasing 3x. Reducing lambda_MMD to 0.175
2025-09-25 21:18:25 - Epoch 6/500 | LR=0.011997 | w_AVO=1.000 | w_P3=1.876 | lambda_MMD=0.175
2025-09-25 21:18:26 - Epoch Summary: TrainLoss=1.8186 | TrainAcc=0.626 | Val(P3)=0.730 | Val(AVO)=0.619
2025-09-25 21:18:26 - New best P3-val; checkpoint updated
2025-09-25 21:18:26 - Epoch 7/500 | LR=0.011996 | w_AVO=1.000 | w_P3=1.876 | lambda_MMD=0.250
2025-09-25 21:18:26 - Epoch Summary: TrainLoss=1.8052 | TrainAcc=0.625 | Val(P3)=0.698 | Val(AVO)=0.613
2025-09-25 21:18:26 - No P3-val improvement; patience remaining: 14/15
2025-09-25 21:18:26 - Epoch 8/500 | LR=0.011994 | w_AVO=1.000 | w_P3=1.876 | lambda_MMD=0.250
2025-09-25 21:18:26 - Epoch Summary: TrainLoss=1.7624 | TrainAcc=0.641 | Val(P3)=0.746 | Val(AVO)=0.634
2025-09-25 21:18:26 - New best P3-val; checkpoint updated
2025-09-25 21:18:26 - Epoch 9/500 | LR=0.011992 | w_AVO=1.000 | w_P3=1.876 | lambda_MMD=0.250
2025-09-25 21:18:26 - Epoch Summary: TrainLoss=1.7571 | TrainAcc=0.641 | Val(P3)=0.714 | Val(AVO)=0.613
2025-09-25 21:18:26 - No P3-val improvement; patience remaining: 14/15
2025-09-25 21:18:26 - Epoch 10/500 | LR=0.011990 | w_AVO=1.000 | w_P3=1.876 | lambda_MMD=0.250
2025-09-25 21:18:26 - Epoch Summary: TrainLoss=1.7279 | TrainAcc=0.646 | Val(P3)=0.730 | Val(AVO)=0.628
2025-09-25 21:18:26 - No P3-val improvement; patience remaining: 13/15
2025-09-25 21:18:26 - Epoch 11/500 | LR=0.011988 | w_AVO=1.000 | w_P3=1.876 | lambda_MMD=0.250
2025-09-25 21:18:27 - Epoch Summary: TrainLoss=1.7124 | TrainAcc=0.648 | Val(P3)=0.683 | Val(AVO)=0.619
2025-09-25 21:18:27 - No P3-val improvement; patience remaining: 12/15
2025-09-25 21:18:27 - Epoch 12/500 | LR=0.011986 | w_AVO=1.000 | w_P3=1.876 | lambda_MMD=0.250
2025-09-25 21:18:27 - Epoch Summary: TrainLoss=1.6873 | TrainAcc=0.643 | Val(P3)=0.698 | Val(AVO)=0.591
2025-09-25 21:18:27 - No P3-val improvement; patience remaining: 11/15
2025-09-25 21:18:27 - AVO val decreasing 3x. Reducing lambda_MMD to 0.175
2025-09-25 21:18:27 - Epoch 13/500 | LR=0.011983 | w_AVO=1.000 | w_P3=1.876 | lambda_MMD=0.175
2025-09-25 21:18:27 - Epoch Summary: TrainLoss=1.6745 | TrainAcc=0.650 | Val(P3)=0.698 | Val(AVO)=0.606
2025-09-25 21:18:27 - No P3-val improvement; patience remaining: 10/15
2025-09-25 21:18:27 - Epoch 14/500 | LR=0.011980 | w_AVO=1.000 | w_P3=1.876 | lambda_MMD=0.250
2025-09-25 21:18:27 - Epoch Summary: TrainLoss=1.6700 | TrainAcc=0.645 | Val(P3)=0.714 | Val(AVO)=0.653
2025-09-25 21:18:27 - No P3-val improvement; patience remaining: 9/15
2025-09-25 21:18:27 - Epoch 15/500 | LR=0.011977 | w_AVO=1.000 | w_P3=1.876 | lambda_MMD=0.250
2025-09-25 21:18:27 - Epoch Summary: TrainLoss=1.6265 | TrainAcc=0.661 | Val(P3)=0.714 | Val(AVO)=0.641
2025-09-25 21:18:27 - No P3-val improvement; patience remaining: 8/15
2025-09-25 21:18:27 - Epoch 16/500 | LR=0.011973 | w_AVO=1.000 | w_P3=1.876 | lambda_MMD=0.250
2025-09-25 21:18:28 - Epoch Summary: TrainLoss=1.5958 | TrainAcc=0.662 | Val(P3)=0.714 | Val(AVO)=0.647
2025-09-25 21:18:28 - No P3-val improvement; patience remaining: 7/15
2025-09-25 21:18:28 - Epoch 17/500 | LR=0.011970 | w_AVO=1.000 | w_P3=1.876 | lambda_MMD=0.250
2025-09-25 21:18:28 - Epoch Summary: TrainLoss=1.5849 | TrainAcc=0.658 | Val(P3)=0.714 | Val(AVO)=0.634
2025-09-25 21:18:28 - No P3-val improvement; patience remaining: 6/15
2025-09-25 21:18:28 - Epoch 18/500 | LR=0.011966 | w_AVO=1.000 | w_P3=1.876 | lambda_MMD=0.250
2025-09-25 21:18:28 - Epoch Summary: TrainLoss=1.5677 | TrainAcc=0.660 | Val(P3)=0.698 | Val(AVO)=0.637
2025-09-25 21:18:28 - No P3-val improvement; patience remaining: 5/15
2025-09-25 21:18:28 - Epoch 19/500 | LR=0.011962 | w_AVO=1.000 | w_P3=1.876 | lambda_MMD=0.250
2025-09-25 21:18:28 - Epoch Summary: TrainLoss=1.5487 | TrainAcc=0.680 | Val(P3)=0.714 | Val(AVO)=0.628
2025-09-25 21:18:28 - No P3-val improvement; patience remaining: 4/15
2025-09-25 21:18:28 - Epoch 20/500 | LR=0.011957 | w_AVO=1.000 | w_P3=1.876 | lambda_MMD=0.250
2025-09-25 21:18:28 - Epoch Summary: TrainLoss=1.5315 | TrainAcc=0.678 | Val(P3)=0.683 | Val(AVO)=0.656
2025-09-25 21:18:28 - No P3-val improvement; patience remaining: 3/15
2025-09-25 21:18:28 - Epoch 21/500 | LR=0.011953 | w_AVO=1.000 | w_P3=1.876 | lambda_MMD=0.250
2025-09-25 21:18:29 - Epoch Summary: TrainLoss=1.5153 | TrainAcc=0.687 | Val(P3)=0.730 | Val(AVO)=0.662
2025-09-25 21:18:29 - No P3-val improvement; patience remaining: 2/15
2025-09-25 21:18:29 - Epoch 22/500 | LR=0.011948 | w_AVO=1.000 | w_P3=1.876 | lambda_MMD=0.250
2025-09-25 21:18:29 - Epoch Summary: TrainLoss=1.4909 | TrainAcc=0.686 | Val(P3)=0.730 | Val(AVO)=0.659
2025-09-25 21:18:29 - No P3-val improvement; patience remaining: 1/15
2025-09-25 21:18:29 - Epoch 23/500 | LR=0.011943 | w_AVO=1.000 | w_P3=1.876 | lambda_MMD=0.250
2025-09-25 21:18:29 - Epoch Summary: TrainLoss=1.4710 | TrainAcc=0.675 | Val(P3)=0.730 | Val(AVO)=0.662
2025-09-25 21:18:29 - No P3-val improvement; patience remaining: 0/15
2025-09-25 21:18:29 - Early stopping triggered (P3-val)
2025-09-25 21:18:29 -     P3 Test | Acc=0.5862 P=0.6739 R=0.4079 F1=0.5082 AUC=0.6587 (n=145)
2025-09-25 21:18:29 -     AVO Test | Acc=0.6484 P=0.6268 R=0.7166 F1=0.6687 AUC=0.7014 (n=620)
2025-09-25 21:18:29 -     Overall Test Acc=0.6366
2025-09-25 21:18:29 -   Fold 4/5
2025-09-25 21:18:29 - Fold domains: small=P3 (n=585), large=AVO (n=2091)
2025-09-25 21:18:29 - Auto adjustments (symmetric): w_small≈1.000, lambda_MMD_target=0.250, warmup_epochs=5
2025-09-25 21:18:29 - Epoch 1/500 | LR=0.012000 | w_AVO=1.000 | w_P3=1.178 | lambda_MMD=0.050
2025-09-25 21:18:29 - Epoch Summary: TrainLoss=1.5978 | TrainAcc=0.539 | Val(P3)=0.587 | Val(AVO)=0.575
2025-09-25 21:18:29 - New best P3-val; checkpoint updated
2025-09-25 21:18:29 - Epoch 2/500 | LR=0.012000 | w_AVO=1.000 | w_P3=1.356 | lambda_MMD=0.100
2025-09-25 21:18:30 - Epoch Summary: TrainLoss=1.5516 | TrainAcc=0.610 | Val(P3)=0.714 | Val(AVO)=0.631
2025-09-25 21:18:30 - New best P3-val; checkpoint updated
2025-09-25 21:18:30 - Epoch 3/500 | LR=0.012000 | w_AVO=1.000 | w_P3=1.534 | lambda_MMD=0.150
2025-09-25 21:18:30 - Epoch Summary: TrainLoss=1.6541 | TrainAcc=0.621 | Val(P3)=0.698 | Val(AVO)=0.588
2025-09-25 21:18:30 - No P3-val improvement; patience remaining: 14/15
2025-09-25 21:18:30 - Epoch 4/500 | LR=0.011999 | w_AVO=1.000 | w_P3=1.712 | lambda_MMD=0.200
2025-09-25 21:18:30 - Epoch Summary: TrainLoss=1.7533 | TrainAcc=0.624 | Val(P3)=0.651 | Val(AVO)=0.572
2025-09-25 21:18:30 - No P3-val improvement; patience remaining: 13/15
2025-09-25 21:18:30 - P3 val decreasing 3x. Reducing w_small to 1.512, lambda_MMD to 0.125
2025-09-25 21:18:30 - AVO val decreasing 3x. Reducing lambda_MMD to 0.087
2025-09-25 21:18:30 - Epoch 5/500 | LR=0.011998 | w_AVO=1.000 | w_P3=1.512 | lambda_MMD=0.087
2025-09-25 21:18:30 - Epoch Summary: TrainLoss=1.6223 | TrainAcc=0.635 | Val(P3)=0.746 | Val(AVO)=0.600
2025-09-25 21:18:30 - New best P3-val; checkpoint updated
2025-09-25 21:18:30 - Epoch 6/500 | LR=0.011997 | w_AVO=1.000 | w_P3=1.891 | lambda_MMD=0.250
2025-09-25 21:18:30 - Epoch Summary: TrainLoss=1.8418 | TrainAcc=0.635 | Val(P3)=0.746 | Val(AVO)=0.634
2025-09-25 21:18:30 - No P3-val improvement; patience remaining: 14/15
2025-09-25 21:18:30 - Epoch 7/500 | LR=0.011996 | w_AVO=1.000 | w_P3=1.891 | lambda_MMD=0.250
2025-09-25 21:18:31 - Epoch Summary: TrainLoss=1.8183 | TrainAcc=0.640 | Val(P3)=0.698 | Val(AVO)=0.613
2025-09-25 21:18:31 - No P3-val improvement; patience remaining: 13/15
2025-09-25 21:18:31 - Epoch 8/500 | LR=0.011994 | w_AVO=1.000 | w_P3=1.891 | lambda_MMD=0.250
2025-09-25 21:18:31 - Epoch Summary: TrainLoss=1.7923 | TrainAcc=0.654 | Val(P3)=0.683 | Val(AVO)=0.631
2025-09-25 21:18:31 - No P3-val improvement; patience remaining: 12/15
2025-09-25 21:18:31 - P3 val decreasing 3x. Reducing w_small to 1.512, lambda_MMD to 0.125
2025-09-25 21:18:31 - Epoch 9/500 | LR=0.011992 | w_AVO=1.000 | w_P3=1.512 | lambda_MMD=0.125
2025-09-25 21:18:31 - Epoch Summary: TrainLoss=1.5376 | TrainAcc=0.662 | Val(P3)=0.714 | Val(AVO)=0.622
2025-09-25 21:18:31 - No P3-val improvement; patience remaining: 11/15
2025-09-25 21:18:31 - Epoch 10/500 | LR=0.011990 | w_AVO=1.000 | w_P3=1.891 | lambda_MMD=0.250
2025-09-25 21:18:31 - Epoch Summary: TrainLoss=1.7342 | TrainAcc=0.651 | Val(P3)=0.651 | Val(AVO)=0.644
2025-09-25 21:18:31 - No P3-val improvement; patience remaining: 10/15
2025-09-25 21:18:31 - Epoch 11/500 | LR=0.011988 | w_AVO=1.000 | w_P3=1.891 | lambda_MMD=0.250
2025-09-25 21:18:31 - Epoch Summary: TrainLoss=1.7237 | TrainAcc=0.660 | Val(P3)=0.587 | Val(AVO)=0.631
2025-09-25 21:18:31 - No P3-val improvement; patience remaining: 9/15
2025-09-25 21:18:31 - P3 val decreasing 3x. Reducing w_small to 1.512, lambda_MMD to 0.125
2025-09-25 21:18:31 - Epoch 12/500 | LR=0.011986 | w_AVO=1.000 | w_P3=1.512 | lambda_MMD=0.125
2025-09-25 21:18:32 - Epoch Summary: TrainLoss=1.4937 | TrainAcc=0.655 | Val(P3)=0.683 | Val(AVO)=0.597
2025-09-25 21:18:32 - No P3-val improvement; patience remaining: 8/15
2025-09-25 21:18:32 - AVO val decreasing 3x. Reducing lambda_MMD to 0.175
2025-09-25 21:18:32 - Epoch 13/500 | LR=0.011983 | w_AVO=1.000 | w_P3=1.891 | lambda_MMD=0.175
2025-09-25 21:18:32 - Epoch Summary: TrainLoss=1.6911 | TrainAcc=0.660 | Val(P3)=0.683 | Val(AVO)=0.606
2025-09-25 21:18:32 - No P3-val improvement; patience remaining: 7/15
2025-09-25 21:18:32 - Epoch 14/500 | LR=0.011980 | w_AVO=1.000 | w_P3=1.891 | lambda_MMD=0.250
2025-09-25 21:18:32 - Epoch Summary: TrainLoss=1.6578 | TrainAcc=0.667 | Val(P3)=0.714 | Val(AVO)=0.616
2025-09-25 21:18:32 - No P3-val improvement; patience remaining: 6/15
2025-09-25 21:18:32 - Epoch 15/500 | LR=0.011977 | w_AVO=1.000 | w_P3=1.891 | lambda_MMD=0.250
2025-09-25 21:18:32 - Epoch Summary: TrainLoss=1.6326 | TrainAcc=0.669 | Val(P3)=0.714 | Val(AVO)=0.634
2025-09-25 21:18:32 - No P3-val improvement; patience remaining: 5/15
2025-09-25 21:18:32 - Epoch 16/500 | LR=0.011973 | w_AVO=1.000 | w_P3=1.891 | lambda_MMD=0.250
2025-09-25 21:18:33 - Epoch Summary: TrainLoss=1.6307 | TrainAcc=0.678 | Val(P3)=0.667 | Val(AVO)=0.634
2025-09-25 21:18:33 - No P3-val improvement; patience remaining: 4/15
2025-09-25 21:18:33 - Epoch 17/500 | LR=0.011970 | w_AVO=1.000 | w_P3=1.891 | lambda_MMD=0.250
2025-09-25 21:18:33 - Epoch Summary: TrainLoss=1.5868 | TrainAcc=0.660 | Val(P3)=0.651 | Val(AVO)=0.603
2025-09-25 21:18:33 - No P3-val improvement; patience remaining: 3/15
2025-09-25 21:18:33 - P3 val decreasing 3x. Reducing w_small to 1.512, lambda_MMD to 0.125
2025-09-25 21:18:33 - Epoch 18/500 | LR=0.011966 | w_AVO=1.000 | w_P3=1.512 | lambda_MMD=0.125
2025-09-25 21:18:33 - Epoch Summary: TrainLoss=1.3669 | TrainAcc=0.679 | Val(P3)=0.667 | Val(AVO)=0.606
2025-09-25 21:18:33 - No P3-val improvement; patience remaining: 2/15
2025-09-25 21:18:33 - Epoch 19/500 | LR=0.011962 | w_AVO=1.000 | w_P3=1.891 | lambda_MMD=0.250
2025-09-25 21:18:33 - Epoch Summary: TrainLoss=1.5904 | TrainAcc=0.675 | Val(P3)=0.651 | Val(AVO)=0.622
2025-09-25 21:18:33 - No P3-val improvement; patience remaining: 1/15
2025-09-25 21:18:33 - Epoch 20/500 | LR=0.011957 | w_AVO=1.000 | w_P3=1.891 | lambda_MMD=0.250
2025-09-25 21:18:33 - Epoch Summary: TrainLoss=1.5278 | TrainAcc=0.685 | Val(P3)=0.667 | Val(AVO)=0.641
2025-09-25 21:18:33 - No P3-val improvement; patience remaining: 0/15
2025-09-25 21:18:33 - Early stopping triggered (P3-val)
2025-09-25 21:18:33 -     P3 Test | Acc=0.5987 P=0.5714 R=0.5143 F1=0.5414 AUC=0.6092 (n=152)
2025-09-25 21:18:33 -     AVO Test | Acc=0.6427 P=0.6205 R=0.7732 F1=0.6885 AUC=0.7015 (n=613)
2025-09-25 21:18:33 -     Overall Test Acc=0.6340
2025-09-25 21:18:33 -   Fold 5/5
2025-09-25 21:18:33 - Fold domains: small=P3 (n=576), large=AVO (n=2101)
2025-09-25 21:18:33 - Auto adjustments (symmetric): w_small≈1.000, lambda_MMD_target=0.250, warmup_epochs=5
2025-09-25 21:18:33 - Epoch 1/500 | LR=0.012000 | w_AVO=1.000 | w_P3=1.182 | lambda_MMD=0.050
2025-09-25 21:18:34 - Epoch Summary: TrainLoss=1.6315 | TrainAcc=0.530 | Val(P3)=0.508 | Val(AVO)=0.590
2025-09-25 21:18:34 - New best P3-val; checkpoint updated
2025-09-25 21:18:34 - Epoch 2/500 | LR=0.012000 | w_AVO=1.000 | w_P3=1.364 | lambda_MMD=0.100
2025-09-25 21:18:34 - Epoch Summary: TrainLoss=1.5726 | TrainAcc=0.583 | Val(P3)=0.541 | Val(AVO)=0.630
2025-09-25 21:18:34 - New best P3-val; checkpoint updated
2025-09-25 21:18:34 - Epoch 3/500 | LR=0.012000 | w_AVO=1.000 | w_P3=1.546 | lambda_MMD=0.150
2025-09-25 21:18:34 - Epoch Summary: TrainLoss=1.6854 | TrainAcc=0.589 | Val(P3)=0.590 | Val(AVO)=0.627
2025-09-25 21:18:34 - New best P3-val; checkpoint updated
2025-09-25 21:18:34 - Epoch 4/500 | LR=0.011999 | w_AVO=1.000 | w_P3=1.728 | lambda_MMD=0.200
2025-09-25 21:18:34 - Epoch Summary: TrainLoss=1.7829 | TrainAcc=0.598 | Val(P3)=0.623 | Val(AVO)=0.655
2025-09-25 21:18:34 - New best P3-val; checkpoint updated
2025-09-25 21:18:34 - Epoch 5/500 | LR=0.011998 | w_AVO=1.000 | w_P3=1.910 | lambda_MMD=0.250
2025-09-25 21:18:34 - Epoch Summary: TrainLoss=1.8843 | TrainAcc=0.622 | Val(P3)=0.672 | Val(AVO)=0.646
2025-09-25 21:18:34 - New best P3-val; checkpoint updated
2025-09-25 21:18:34 - Epoch 6/500 | LR=0.011997 | w_AVO=1.000 | w_P3=1.910 | lambda_MMD=0.250
2025-09-25 21:18:35 - Epoch Summary: TrainLoss=1.8708 | TrainAcc=0.629 | Val(P3)=0.656 | Val(AVO)=0.652
2025-09-25 21:18:35 - No P3-val improvement; patience remaining: 14/15
2025-09-25 21:18:35 - Epoch 7/500 | LR=0.011996 | w_AVO=1.000 | w_P3=1.910 | lambda_MMD=0.250
2025-09-25 21:18:35 - Epoch Summary: TrainLoss=1.8685 | TrainAcc=0.618 | Val(P3)=0.639 | Val(AVO)=0.665
2025-09-25 21:18:35 - No P3-val improvement; patience remaining: 13/15
2025-09-25 21:18:35 - P3 val decreasing 3x. Reducing w_small to 1.528, lambda_MMD to 0.125
2025-09-25 21:18:35 - Epoch 8/500 | LR=0.011994 | w_AVO=1.000 | w_P3=1.528 | lambda_MMD=0.125
2025-09-25 21:18:35 - Epoch Summary: TrainLoss=1.5956 | TrainAcc=0.636 | Val(P3)=0.607 | Val(AVO)=0.658
2025-09-25 21:18:35 - No P3-val improvement; patience remaining: 12/15
2025-09-25 21:18:35 - P3 val decreasing 3x. Reducing w_small to 1.528, lambda_MMD to 0.125
2025-09-25 21:18:35 - Epoch 9/500 | LR=0.011992 | w_AVO=1.000 | w_P3=1.528 | lambda_MMD=0.125
2025-09-25 21:18:35 - Epoch Summary: TrainLoss=1.5790 | TrainAcc=0.644 | Val(P3)=0.623 | Val(AVO)=0.627
2025-09-25 21:18:35 - No P3-val improvement; patience remaining: 11/15
2025-09-25 21:18:35 - AVO val decreasing 3x. Reducing lambda_MMD to 0.175
2025-09-25 21:18:35 - Epoch 10/500 | LR=0.011990 | w_AVO=1.000 | w_P3=1.910 | lambda_MMD=0.175
2025-09-25 21:18:35 - Epoch Summary: TrainLoss=1.8126 | TrainAcc=0.632 | Val(P3)=0.574 | Val(AVO)=0.652
2025-09-25 21:18:35 - No P3-val improvement; patience remaining: 10/15
2025-09-25 21:18:35 - Epoch 11/500 | LR=0.011988 | w_AVO=1.000 | w_P3=1.910 | lambda_MMD=0.250
2025-09-25 21:18:36 - Epoch Summary: TrainLoss=1.8046 | TrainAcc=0.632 | Val(P3)=0.574 | Val(AVO)=0.634
2025-09-25 21:18:36 - No P3-val improvement; patience remaining: 9/15
2025-09-25 21:18:36 - Epoch 12/500 | LR=0.011986 | w_AVO=1.000 | w_P3=1.910 | lambda_MMD=0.250
2025-09-25 21:18:36 - Epoch Summary: TrainLoss=1.7603 | TrainAcc=0.637 | Val(P3)=0.557 | Val(AVO)=0.609
2025-09-25 21:18:36 - No P3-val improvement; patience remaining: 8/15
2025-09-25 21:18:36 - AVO val decreasing 3x. Reducing lambda_MMD to 0.175
2025-09-25 21:18:36 - Epoch 13/500 | LR=0.011983 | w_AVO=1.000 | w_P3=1.910 | lambda_MMD=0.175
2025-09-25 21:18:36 - Epoch Summary: TrainLoss=1.7662 | TrainAcc=0.650 | Val(P3)=0.590 | Val(AVO)=0.640
2025-09-25 21:18:36 - No P3-val improvement; patience remaining: 7/15
2025-09-25 21:18:36 - Epoch 14/500 | LR=0.011980 | w_AVO=1.000 | w_P3=1.910 | lambda_MMD=0.250
2025-09-25 21:18:36 - Epoch Summary: TrainLoss=1.7554 | TrainAcc=0.637 | Val(P3)=0.574 | Val(AVO)=0.655
2025-09-25 21:18:36 - No P3-val improvement; patience remaining: 6/15
2025-09-25 21:18:36 - Epoch 15/500 | LR=0.011977 | w_AVO=1.000 | w_P3=1.910 | lambda_MMD=0.250
2025-09-25 21:18:37 - Epoch Summary: TrainLoss=1.7203 | TrainAcc=0.645 | Val(P3)=0.557 | Val(AVO)=0.627
2025-09-25 21:18:37 - No P3-val improvement; patience remaining: 5/15
2025-09-25 21:18:37 - P3 val decreasing 3x. Reducing w_small to 1.528, lambda_MMD to 0.125
2025-09-25 21:18:37 - Epoch 16/500 | LR=0.011973 | w_AVO=1.000 | w_P3=1.528 | lambda_MMD=0.125
2025-09-25 21:18:37 - Epoch Summary: TrainLoss=1.4939 | TrainAcc=0.658 | Val(P3)=0.574 | Val(AVO)=0.637
2025-09-25 21:18:37 - No P3-val improvement; patience remaining: 4/15
2025-09-25 21:18:37 - Epoch 17/500 | LR=0.011970 | w_AVO=1.000 | w_P3=1.910 | lambda_MMD=0.250
2025-09-25 21:18:37 - Epoch Summary: TrainLoss=1.6732 | TrainAcc=0.661 | Val(P3)=0.525 | Val(AVO)=0.627
2025-09-25 21:18:37 - No P3-val improvement; patience remaining: 3/15
2025-09-25 21:18:37 - Epoch 18/500 | LR=0.011966 | w_AVO=1.000 | w_P3=1.910 | lambda_MMD=0.250
2025-09-25 21:18:37 - Epoch Summary: TrainLoss=1.6809 | TrainAcc=0.656 | Val(P3)=0.574 | Val(AVO)=0.599
2025-09-25 21:18:37 - No P3-val improvement; patience remaining: 2/15
2025-09-25 21:18:37 - AVO val decreasing 3x. Reducing lambda_MMD to 0.175
2025-09-25 21:18:37 - Epoch 19/500 | LR=0.011962 | w_AVO=1.000 | w_P3=1.910 | lambda_MMD=0.175
2025-09-25 21:18:37 - Epoch Summary: TrainLoss=1.6454 | TrainAcc=0.659 | Val(P3)=0.574 | Val(AVO)=0.618
2025-09-25 21:18:37 - No P3-val improvement; patience remaining: 1/15
2025-09-25 21:18:37 - Epoch 20/500 | LR=0.011957 | w_AVO=1.000 | w_P3=1.910 | lambda_MMD=0.250
2025-09-25 21:18:38 - Epoch Summary: TrainLoss=1.6542 | TrainAcc=0.657 | Val(P3)=0.574 | Val(AVO)=0.624
2025-09-25 21:18:38 - No P3-val improvement; patience remaining: 0/15
2025-09-25 21:18:38 - Early stopping triggered (P3-val)
2025-09-25 21:18:38 -     P3 Test | Acc=0.5644 P=0.6667 R=0.3294 F1=0.4409 AUC=0.5860 (n=163)
2025-09-25 21:18:38 -     AVO Test | Acc=0.6423 P=0.6178 R=0.7239 F1=0.6667 AUC=0.6871 (n=601)
2025-09-25 21:18:38 -     Overall Test Acc=0.6257
2025-09-25 21:18:38 - Repeat 2/5
2025-09-25 21:18:38 -   Fold 1/5
2025-09-25 21:18:38 - Fold domains: small=P3 (n=587), large=AVO (n=2089)
2025-09-25 21:18:38 - Auto adjustments (symmetric): w_small≈1.000, lambda_MMD_target=0.250, warmup_epochs=5
2025-09-25 21:18:38 - Epoch 1/500 | LR=0.012000 | w_AVO=1.000 | w_P3=1.177 | lambda_MMD=0.050
2025-09-25 21:18:38 - Epoch Summary: TrainLoss=1.5879 | TrainAcc=0.529 | Val(P3)=0.523 | Val(AVO)=0.579
2025-09-25 21:18:38 - New best P3-val; checkpoint updated
2025-09-25 21:18:38 - Epoch 2/500 | LR=0.012000 | w_AVO=1.000 | w_P3=1.355 | lambda_MMD=0.100
2025-09-25 21:18:38 - Epoch Summary: TrainLoss=1.5665 | TrainAcc=0.592 | Val(P3)=0.554 | Val(AVO)=0.619
2025-09-25 21:18:38 - New best P3-val; checkpoint updated
2025-09-25 21:18:38 - Epoch 3/500 | LR=0.012000 | w_AVO=1.000 | w_P3=1.532 | lambda_MMD=0.150
2025-09-25 21:18:38 - Epoch Summary: TrainLoss=1.6568 | TrainAcc=0.613 | Val(P3)=0.508 | Val(AVO)=0.604
2025-09-25 21:18:38 - No P3-val improvement; patience remaining: 14/15
2025-09-25 21:18:38 - Epoch 4/500 | LR=0.011999 | w_AVO=1.000 | w_P3=1.709 | lambda_MMD=0.200
2025-09-25 21:18:38 - Epoch Summary: TrainLoss=1.7595 | TrainAcc=0.615 | Val(P3)=0.508 | Val(AVO)=0.591
2025-09-25 21:18:38 - No P3-val improvement; patience remaining: 13/15
2025-09-25 21:18:38 - AVO val decreasing 3x. Reducing lambda_MMD to 0.175
2025-09-25 21:18:38 - Epoch 5/500 | LR=0.011998 | w_AVO=1.000 | w_P3=1.886 | lambda_MMD=0.175
2025-09-25 21:18:39 - Epoch Summary: TrainLoss=1.8580 | TrainAcc=0.625 | Val(P3)=0.523 | Val(AVO)=0.597
2025-09-25 21:18:39 - No P3-val improvement; patience remaining: 12/15
2025-09-25 21:18:39 - Epoch 6/500 | LR=0.011997 | w_AVO=1.000 | w_P3=1.886 | lambda_MMD=0.250
2025-09-25 21:18:39 - Epoch Summary: TrainLoss=1.8577 | TrainAcc=0.624 | Val(P3)=0.523 | Val(AVO)=0.566
2025-09-25 21:18:39 - No P3-val improvement; patience remaining: 11/15
2025-09-25 21:18:39 - Epoch 7/500 | LR=0.011996 | w_AVO=1.000 | w_P3=1.886 | lambda_MMD=0.250
2025-09-25 21:18:39 - Epoch Summary: TrainLoss=1.8643 | TrainAcc=0.609 | Val(P3)=0.538 | Val(AVO)=0.613
2025-09-25 21:18:39 - No P3-val improvement; patience remaining: 10/15
2025-09-25 21:18:39 - Epoch 8/500 | LR=0.011994 | w_AVO=1.000 | w_P3=1.886 | lambda_MMD=0.250
2025-09-25 21:18:39 - Epoch Summary: TrainLoss=1.8209 | TrainAcc=0.629 | Val(P3)=0.538 | Val(AVO)=0.594
2025-09-25 21:18:39 - No P3-val improvement; patience remaining: 9/15
2025-09-25 21:18:39 - Epoch 9/500 | LR=0.011992 | w_AVO=1.000 | w_P3=1.886 | lambda_MMD=0.250
2025-09-25 21:18:39 - Epoch Summary: TrainLoss=1.7848 | TrainAcc=0.643 | Val(P3)=0.569 | Val(AVO)=0.585
2025-09-25 21:18:39 - New best P3-val; checkpoint updated
2025-09-25 21:18:39 - AVO val decreasing 3x. Reducing lambda_MMD to 0.175
2025-09-25 21:18:39 - Epoch 10/500 | LR=0.011990 | w_AVO=1.000 | w_P3=1.886 | lambda_MMD=0.175
2025-09-25 21:18:40 - Epoch Summary: TrainLoss=1.7636 | TrainAcc=0.632 | Val(P3)=0.538 | Val(AVO)=0.560
2025-09-25 21:18:40 - No P3-val improvement; patience remaining: 14/15
2025-09-25 21:18:40 - AVO val decreasing 3x. Reducing lambda_MMD to 0.175
2025-09-25 21:18:40 - Epoch 11/500 | LR=0.011988 | w_AVO=1.000 | w_P3=1.886 | lambda_MMD=0.175
2025-09-25 21:18:40 - Epoch Summary: TrainLoss=1.7446 | TrainAcc=0.649 | Val(P3)=0.554 | Val(AVO)=0.563
2025-09-25 21:18:40 - No P3-val improvement; patience remaining: 13/15
2025-09-25 21:18:40 - Epoch 12/500 | LR=0.011986 | w_AVO=1.000 | w_P3=1.886 | lambda_MMD=0.250
2025-09-25 21:18:40 - Epoch Summary: TrainLoss=1.7450 | TrainAcc=0.650 | Val(P3)=0.462 | Val(AVO)=0.594
2025-09-25 21:18:40 - No P3-val improvement; patience remaining: 12/15
2025-09-25 21:18:40 - Epoch 13/500 | LR=0.011983 | w_AVO=1.000 | w_P3=1.886 | lambda_MMD=0.250
2025-09-25 21:18:40 - Epoch Summary: TrainLoss=1.7340 | TrainAcc=0.635 | Val(P3)=0.600 | Val(AVO)=0.541
2025-09-25 21:18:40 - New best P3-val; checkpoint updated
2025-09-25 21:18:40 - Epoch 14/500 | LR=0.011980 | w_AVO=1.000 | w_P3=1.886 | lambda_MMD=0.250
2025-09-25 21:18:41 - Epoch Summary: TrainLoss=1.7128 | TrainAcc=0.658 | Val(P3)=0.600 | Val(AVO)=0.538
2025-09-25 21:18:41 - No P3-val improvement; patience remaining: 14/15
2025-09-25 21:18:41 - AVO val decreasing 3x. Reducing lambda_MMD to 0.175
2025-09-25 21:18:41 - Epoch 15/500 | LR=0.011977 | w_AVO=1.000 | w_P3=1.886 | lambda_MMD=0.175
2025-09-25 21:18:41 - Epoch Summary: TrainLoss=1.6755 | TrainAcc=0.660 | Val(P3)=0.538 | Val(AVO)=0.597
2025-09-25 21:18:41 - No P3-val improvement; patience remaining: 13/15
2025-09-25 21:18:41 - Epoch 16/500 | LR=0.011973 | w_AVO=1.000 | w_P3=1.886 | lambda_MMD=0.250
2025-09-25 21:18:41 - Epoch Summary: TrainLoss=1.6744 | TrainAcc=0.650 | Val(P3)=0.554 | Val(AVO)=0.619
2025-09-25 21:18:41 - No P3-val improvement; patience remaining: 12/15
2025-09-25 21:18:41 - Epoch 17/500 | LR=0.011970 | w_AVO=1.000 | w_P3=1.886 | lambda_MMD=0.250
2025-09-25 21:18:41 - Epoch Summary: TrainLoss=1.6670 | TrainAcc=0.667 | Val(P3)=0.585 | Val(AVO)=0.566
2025-09-25 21:18:41 - No P3-val improvement; patience remaining: 11/15
2025-09-25 21:18:41 - Epoch 18/500 | LR=0.011966 | w_AVO=1.000 | w_P3=1.886 | lambda_MMD=0.250
2025-09-25 21:18:41 - Epoch Summary: TrainLoss=1.6686 | TrainAcc=0.661 | Val(P3)=0.523 | Val(AVO)=0.535
2025-09-25 21:18:41 - No P3-val improvement; patience remaining: 10/15
2025-09-25 21:18:41 - AVO val decreasing 3x. Reducing lambda_MMD to 0.175
2025-09-25 21:18:41 - Epoch 19/500 | LR=0.011962 | w_AVO=1.000 | w_P3=1.886 | lambda_MMD=0.175
2025-09-25 21:18:42 - Epoch Summary: TrainLoss=1.6446 | TrainAcc=0.652 | Val(P3)=0.523 | Val(AVO)=0.616
2025-09-25 21:18:42 - No P3-val improvement; patience remaining: 9/15
2025-09-25 21:18:42 - Epoch 20/500 | LR=0.011957 | w_AVO=1.000 | w_P3=1.886 | lambda_MMD=0.250
2025-09-25 21:18:42 - Epoch Summary: TrainLoss=1.6080 | TrainAcc=0.669 | Val(P3)=0.585 | Val(AVO)=0.544
2025-09-25 21:18:42 - No P3-val improvement; patience remaining: 8/15
2025-09-25 21:18:42 - Epoch 21/500 | LR=0.011953 | w_AVO=1.000 | w_P3=1.886 | lambda_MMD=0.250
2025-09-25 21:18:42 - Epoch Summary: TrainLoss=1.5883 | TrainAcc=0.682 | Val(P3)=0.569 | Val(AVO)=0.531
2025-09-25 21:18:42 - No P3-val improvement; patience remaining: 7/15
2025-09-25 21:18:42 - AVO val decreasing 3x. Reducing lambda_MMD to 0.175
2025-09-25 21:18:42 - Epoch 22/500 | LR=0.011948 | w_AVO=1.000 | w_P3=1.886 | lambda_MMD=0.175
2025-09-25 21:18:42 - Epoch Summary: TrainLoss=1.5951 | TrainAcc=0.663 | Val(P3)=0.615 | Val(AVO)=0.616
2025-09-25 21:18:42 - New best P3-val; checkpoint updated
2025-09-25 21:18:42 - Epoch 23/500 | LR=0.011943 | w_AVO=1.000 | w_P3=1.886 | lambda_MMD=0.250
2025-09-25 21:18:42 - Epoch Summary: TrainLoss=1.5588 | TrainAcc=0.670 | Val(P3)=0.600 | Val(AVO)=0.619
2025-09-25 21:18:42 - No P3-val improvement; patience remaining: 14/15
2025-09-25 21:18:42 - Epoch 24/500 | LR=0.011937 | w_AVO=1.000 | w_P3=1.886 | lambda_MMD=0.250
2025-09-25 21:18:43 - Epoch Summary: TrainLoss=1.5470 | TrainAcc=0.689 | Val(P3)=0.615 | Val(AVO)=0.585
2025-09-25 21:18:43 - No P3-val improvement; patience remaining: 13/15
2025-09-25 21:18:43 - Epoch 25/500 | LR=0.011932 | w_AVO=1.000 | w_P3=1.886 | lambda_MMD=0.250
2025-09-25 21:18:43 - Epoch Summary: TrainLoss=1.5304 | TrainAcc=0.686 | Val(P3)=0.600 | Val(AVO)=0.528
2025-09-25 21:18:43 - No P3-val improvement; patience remaining: 12/15
2025-09-25 21:18:43 - AVO val decreasing 3x. Reducing lambda_MMD to 0.175
2025-09-25 21:18:43 - Epoch 26/500 | LR=0.011926 | w_AVO=1.000 | w_P3=1.886 | lambda_MMD=0.175
2025-09-25 21:18:43 - Epoch Summary: TrainLoss=1.5051 | TrainAcc=0.681 | Val(P3)=0.615 | Val(AVO)=0.547
2025-09-25 21:18:43 - No P3-val improvement; patience remaining: 11/15
2025-09-25 21:18:43 - Epoch 27/500 | LR=0.011920 | w_AVO=1.000 | w_P3=1.886 | lambda_MMD=0.250
2025-09-25 21:18:43 - Epoch Summary: TrainLoss=1.4750 | TrainAcc=0.685 | Val(P3)=0.631 | Val(AVO)=0.566
2025-09-25 21:18:43 - New best P3-val; checkpoint updated
2025-09-25 21:18:43 - Epoch 28/500 | LR=0.011914 | w_AVO=1.000 | w_P3=1.886 | lambda_MMD=0.250
2025-09-25 21:18:43 - Epoch Summary: TrainLoss=1.4602 | TrainAcc=0.699 | Val(P3)=0.677 | Val(AVO)=0.535
2025-09-25 21:18:43 - New best P3-val; checkpoint updated
2025-09-25 21:18:43 - Epoch 29/500 | LR=0.011907 | w_AVO=1.000 | w_P3=1.886 | lambda_MMD=0.250
2025-09-25 21:18:44 - Epoch Summary: TrainLoss=1.4406 | TrainAcc=0.677 | Val(P3)=0.662 | Val(AVO)=0.579
2025-09-25 21:18:44 - No P3-val improvement; patience remaining: 14/15
2025-09-25 21:18:44 - Epoch 30/500 | LR=0.011901 | w_AVO=1.000 | w_P3=1.886 | lambda_MMD=0.250
2025-09-25 21:18:44 - Epoch Summary: TrainLoss=1.4179 | TrainAcc=0.695 | Val(P3)=0.646 | Val(AVO)=0.535
2025-09-25 21:18:44 - No P3-val improvement; patience remaining: 13/15
2025-09-25 21:18:44 - P3 val decreasing 3x. Reducing w_small to 1.509, lambda_MMD to 0.125
2025-09-25 21:18:44 - Epoch 31/500 | LR=0.011894 | w_AVO=1.000 | w_P3=1.509 | lambda_MMD=0.125
2025-09-25 21:18:44 - Epoch Summary: TrainLoss=1.2473 | TrainAcc=0.699 | Val(P3)=0.615 | Val(AVO)=0.544
2025-09-25 21:18:44 - No P3-val improvement; patience remaining: 12/15
2025-09-25 21:18:44 - P3 val decreasing 3x. Reducing w_small to 1.509, lambda_MMD to 0.125
2025-09-25 21:18:44 - Epoch 32/500 | LR=0.011887 | w_AVO=1.000 | w_P3=1.509 | lambda_MMD=0.125
2025-09-25 21:18:44 - Epoch Summary: TrainLoss=1.2099 | TrainAcc=0.707 | Val(P3)=0.646 | Val(AVO)=0.553
2025-09-25 21:18:44 - No P3-val improvement; patience remaining: 11/15
2025-09-25 21:18:44 - Epoch 33/500 | LR=0.011879 | w_AVO=1.000 | w_P3=1.886 | lambda_MMD=0.250
2025-09-25 21:18:45 - Epoch Summary: TrainLoss=1.3676 | TrainAcc=0.708 | Val(P3)=0.631 | Val(AVO)=0.572
2025-09-25 21:18:45 - No P3-val improvement; patience remaining: 10/15
2025-09-25 21:18:45 - Epoch 34/500 | LR=0.011871 | w_AVO=1.000 | w_P3=1.886 | lambda_MMD=0.250
2025-09-25 21:18:45 - Epoch Summary: TrainLoss=1.3668 | TrainAcc=0.688 | Val(P3)=0.600 | Val(AVO)=0.579
2025-09-25 21:18:45 - No P3-val improvement; patience remaining: 9/15
2025-09-25 21:18:45 - P3 val decreasing 3x. Reducing w_small to 1.509, lambda_MMD to 0.125
2025-09-25 21:18:45 - Epoch 35/500 | LR=0.011864 | w_AVO=1.000 | w_P3=1.509 | lambda_MMD=0.125
2025-09-25 21:18:45 - Epoch Summary: TrainLoss=1.1847 | TrainAcc=0.703 | Val(P3)=0.646 | Val(AVO)=0.541
2025-09-25 21:18:45 - No P3-val improvement; patience remaining: 8/15
2025-09-25 21:18:45 - Epoch 36/500 | LR=0.011856 | w_AVO=1.000 | w_P3=1.886 | lambda_MMD=0.250
2025-09-25 21:18:45 - Epoch Summary: TrainLoss=1.3112 | TrainAcc=0.715 | Val(P3)=0.615 | Val(AVO)=0.550
2025-09-25 21:18:45 - No P3-val improvement; patience remaining: 7/15
2025-09-25 21:18:45 - Epoch 37/500 | LR=0.011847 | w_AVO=1.000 | w_P3=1.886 | lambda_MMD=0.250
2025-09-25 21:18:45 - Epoch Summary: TrainLoss=1.2834 | TrainAcc=0.714 | Val(P3)=0.631 | Val(AVO)=0.553
2025-09-25 21:18:45 - No P3-val improvement; patience remaining: 6/15
2025-09-25 21:18:45 - Epoch 38/500 | LR=0.011839 | w_AVO=1.000 | w_P3=1.886 | lambda_MMD=0.250
2025-09-25 21:18:46 - Epoch Summary: TrainLoss=1.2684 | TrainAcc=0.705 | Val(P3)=0.646 | Val(AVO)=0.550
2025-09-25 21:18:46 - No P3-val improvement; patience remaining: 5/15
2025-09-25 21:18:46 - Epoch 39/500 | LR=0.011830 | w_AVO=1.000 | w_P3=1.886 | lambda_MMD=0.250
2025-09-25 21:18:46 - Epoch Summary: TrainLoss=1.2533 | TrainAcc=0.715 | Val(P3)=0.646 | Val(AVO)=0.569
2025-09-25 21:18:46 - No P3-val improvement; patience remaining: 4/15
2025-09-25 21:18:46 - Epoch 40/500 | LR=0.011821 | w_AVO=1.000 | w_P3=1.886 | lambda_MMD=0.250
2025-09-25 21:18:46 - Epoch Summary: TrainLoss=1.2378 | TrainAcc=0.711 | Val(P3)=0.662 | Val(AVO)=0.553
2025-09-25 21:18:46 - No P3-val improvement; patience remaining: 3/15
2025-09-25 21:18:46 - Epoch 41/500 | LR=0.011811 | w_AVO=1.000 | w_P3=1.886 | lambda_MMD=0.250
2025-09-25 21:18:46 - Epoch Summary: TrainLoss=1.2214 | TrainAcc=0.723 | Val(P3)=0.631 | Val(AVO)=0.541
2025-09-25 21:18:46 - No P3-val improvement; patience remaining: 2/15
2025-09-25 21:18:46 - AVO val decreasing 3x. Reducing lambda_MMD to 0.175
2025-09-25 21:18:46 - Epoch 42/500 | LR=0.011802 | w_AVO=1.000 | w_P3=1.886 | lambda_MMD=0.175
2025-09-25 21:18:46 - Epoch Summary: TrainLoss=1.2185 | TrainAcc=0.708 | Val(P3)=0.646 | Val(AVO)=0.563
2025-09-25 21:18:46 - No P3-val improvement; patience remaining: 1/15
2025-09-25 21:18:46 - Epoch 43/500 | LR=0.011792 | w_AVO=1.000 | w_P3=1.886 | lambda_MMD=0.250
2025-09-25 21:18:47 - Epoch Summary: TrainLoss=1.1969 | TrainAcc=0.718 | Val(P3)=0.662 | Val(AVO)=0.544
2025-09-25 21:18:47 - No P3-val improvement; patience remaining: 0/15
2025-09-25 21:18:47 - Early stopping triggered (P3-val)
2025-09-25 21:18:47 -     P3 Test | Acc=0.6014 P=0.5316 R=0.6562 F1=0.5874 AUC=0.6721 (n=148)
2025-09-25 21:18:47 -     AVO Test | Acc=0.6013 P=0.5664 R=0.9654 F1=0.7140 AUC=0.7114 (n=617)
2025-09-25 21:18:47 -     Overall Test Acc=0.6013
2025-09-25 21:18:47 -   Fold 2/5
2025-09-25 21:18:47 - Fold domains: small=P3 (n=576), large=AVO (n=2100)
2025-09-25 21:18:47 - Auto adjustments (symmetric): w_small≈1.000, lambda_MMD_target=0.250, warmup_epochs=5
2025-09-25 21:18:47 - Epoch 1/500 | LR=0.012000 | w_AVO=1.000 | w_P3=1.182 | lambda_MMD=0.050
2025-09-25 21:18:47 - Epoch Summary: TrainLoss=1.5537 | TrainAcc=0.528 | Val(P3)=0.500 | Val(AVO)=0.592
2025-09-25 21:18:47 - New best P3-val; checkpoint updated
2025-09-25 21:18:47 - Epoch 2/500 | LR=0.012000 | w_AVO=1.000 | w_P3=1.364 | lambda_MMD=0.100
2025-09-25 21:18:47 - Epoch Summary: TrainLoss=1.5628 | TrainAcc=0.592 | Val(P3)=0.484 | Val(AVO)=0.620
2025-09-25 21:18:47 - No P3-val improvement; patience remaining: 14/15
2025-09-25 21:18:47 - Epoch 3/500 | LR=0.012000 | w_AVO=1.000 | w_P3=1.546 | lambda_MMD=0.150
2025-09-25 21:18:47 - Epoch Summary: TrainLoss=1.6551 | TrainAcc=0.604 | Val(P3)=0.532 | Val(AVO)=0.654
2025-09-25 21:18:47 - New best P3-val; checkpoint updated
2025-09-25 21:18:47 - Epoch 4/500 | LR=0.011999 | w_AVO=1.000 | w_P3=1.728 | lambda_MMD=0.200
2025-09-25 21:18:48 - Epoch Summary: TrainLoss=1.7535 | TrainAcc=0.628 | Val(P3)=0.452 | Val(AVO)=0.617
2025-09-25 21:18:48 - No P3-val improvement; patience remaining: 14/15
2025-09-25 21:18:48 - Epoch 5/500 | LR=0.011998 | w_AVO=1.000 | w_P3=1.909 | lambda_MMD=0.250
2025-09-25 21:18:48 - Epoch Summary: TrainLoss=1.8684 | TrainAcc=0.631 | Val(P3)=0.500 | Val(AVO)=0.617
2025-09-25 21:18:48 - No P3-val improvement; patience remaining: 13/15
2025-09-25 21:18:48 - Epoch 6/500 | LR=0.011997 | w_AVO=1.000 | w_P3=1.909 | lambda_MMD=0.250
2025-09-25 21:18:48 - Epoch Summary: TrainLoss=1.8522 | TrainAcc=0.625 | Val(P3)=0.484 | Val(AVO)=0.620
2025-09-25 21:18:48 - No P3-val improvement; patience remaining: 12/15
2025-09-25 21:18:48 - Epoch 7/500 | LR=0.011996 | w_AVO=1.000 | w_P3=1.909 | lambda_MMD=0.250
2025-09-25 21:18:48 - Epoch Summary: TrainLoss=1.8171 | TrainAcc=0.638 | Val(P3)=0.532 | Val(AVO)=0.629
2025-09-25 21:18:48 - No P3-val improvement; patience remaining: 11/15
2025-09-25 21:18:48 - Epoch 8/500 | LR=0.011994 | w_AVO=1.000 | w_P3=1.909 | lambda_MMD=0.250
2025-09-25 21:18:48 - Epoch Summary: TrainLoss=1.7708 | TrainAcc=0.644 | Val(P3)=0.597 | Val(AVO)=0.636
2025-09-25 21:18:48 - New best P3-val; checkpoint updated
2025-09-25 21:18:48 - Epoch 9/500 | LR=0.011992 | w_AVO=1.000 | w_P3=1.909 | lambda_MMD=0.250
2025-09-25 21:18:49 - Epoch Summary: TrainLoss=1.7628 | TrainAcc=0.657 | Val(P3)=0.532 | Val(AVO)=0.654
2025-09-25 21:18:49 - No P3-val improvement; patience remaining: 14/15
2025-09-25 21:18:49 - Epoch 10/500 | LR=0.011990 | w_AVO=1.000 | w_P3=1.909 | lambda_MMD=0.250
2025-09-25 21:18:49 - Epoch Summary: TrainLoss=1.7404 | TrainAcc=0.644 | Val(P3)=0.597 | Val(AVO)=0.636
2025-09-25 21:18:49 - No P3-val improvement; patience remaining: 13/15
2025-09-25 21:18:49 - Epoch 11/500 | LR=0.011988 | w_AVO=1.000 | w_P3=1.909 | lambda_MMD=0.250
2025-09-25 21:18:49 - Epoch Summary: TrainLoss=1.7342 | TrainAcc=0.650 | Val(P3)=0.629 | Val(AVO)=0.642
2025-09-25 21:18:49 - New best P3-val; checkpoint updated
2025-09-25 21:18:49 - Epoch 12/500 | LR=0.011986 | w_AVO=1.000 | w_P3=1.909 | lambda_MMD=0.250
2025-09-25 21:18:49 - Epoch Summary: TrainLoss=1.6954 | TrainAcc=0.668 | Val(P3)=0.532 | Val(AVO)=0.648
2025-09-25 21:18:49 - No P3-val improvement; patience remaining: 14/15
2025-09-25 21:18:49 - Epoch 13/500 | LR=0.011983 | w_AVO=1.000 | w_P3=1.909 | lambda_MMD=0.250
2025-09-25 21:18:49 - Epoch Summary: TrainLoss=1.6867 | TrainAcc=0.667 | Val(P3)=0.613 | Val(AVO)=0.648
2025-09-25 21:18:49 - No P3-val improvement; patience remaining: 13/15
2025-09-25 21:18:49 - Epoch 14/500 | LR=0.011980 | w_AVO=1.000 | w_P3=1.909 | lambda_MMD=0.250
2025-09-25 21:18:50 - Epoch Summary: TrainLoss=1.6546 | TrainAcc=0.664 | Val(P3)=0.532 | Val(AVO)=0.651
2025-09-25 21:18:50 - No P3-val improvement; patience remaining: 12/15
2025-09-25 21:18:50 - Epoch 15/500 | LR=0.011977 | w_AVO=1.000 | w_P3=1.909 | lambda_MMD=0.250
2025-09-25 21:18:50 - Epoch Summary: TrainLoss=1.6134 | TrainAcc=0.680 | Val(P3)=0.565 | Val(AVO)=0.651
2025-09-25 21:18:50 - No P3-val improvement; patience remaining: 11/15
2025-09-25 21:18:50 - Epoch 16/500 | LR=0.011973 | w_AVO=1.000 | w_P3=1.909 | lambda_MMD=0.250
2025-09-25 21:18:50 - Epoch Summary: TrainLoss=1.6270 | TrainAcc=0.660 | Val(P3)=0.565 | Val(AVO)=0.586
2025-09-25 21:18:50 - No P3-val improvement; patience remaining: 10/15
2025-09-25 21:18:50 - Epoch 17/500 | LR=0.011970 | w_AVO=1.000 | w_P3=1.909 | lambda_MMD=0.250
2025-09-25 21:18:50 - Epoch Summary: TrainLoss=1.6148 | TrainAcc=0.663 | Val(P3)=0.597 | Val(AVO)=0.651
2025-09-25 21:18:50 - No P3-val improvement; patience remaining: 9/15
2025-09-25 21:18:50 - Epoch 18/500 | LR=0.011966 | w_AVO=1.000 | w_P3=1.909 | lambda_MMD=0.250
2025-09-25 21:18:50 - Epoch Summary: TrainLoss=1.5846 | TrainAcc=0.681 | Val(P3)=0.565 | Val(AVO)=0.654
2025-09-25 21:18:50 - No P3-val improvement; patience remaining: 8/15
2025-09-25 21:18:50 - Epoch 19/500 | LR=0.011962 | w_AVO=1.000 | w_P3=1.909 | lambda_MMD=0.250
2025-09-25 21:18:51 - Epoch Summary: TrainLoss=1.5552 | TrainAcc=0.674 | Val(P3)=0.581 | Val(AVO)=0.645
2025-09-25 21:18:51 - No P3-val improvement; patience remaining: 7/15
2025-09-25 21:18:51 - Epoch 20/500 | LR=0.011957 | w_AVO=1.000 | w_P3=1.909 | lambda_MMD=0.250
2025-09-25 21:18:51 - Epoch Summary: TrainLoss=1.5292 | TrainAcc=0.689 | Val(P3)=0.565 | Val(AVO)=0.660
2025-09-25 21:18:51 - No P3-val improvement; patience remaining: 6/15
2025-09-25 21:18:51 - Epoch 21/500 | LR=0.011953 | w_AVO=1.000 | w_P3=1.909 | lambda_MMD=0.250
2025-09-25 21:18:51 - Epoch Summary: TrainLoss=1.5104 | TrainAcc=0.687 | Val(P3)=0.565 | Val(AVO)=0.636
2025-09-25 21:18:51 - No P3-val improvement; patience remaining: 5/15
2025-09-25 21:18:51 - Epoch 22/500 | LR=0.011948 | w_AVO=1.000 | w_P3=1.909 | lambda_MMD=0.250
2025-09-25 21:18:51 - Epoch Summary: TrainLoss=1.5191 | TrainAcc=0.690 | Val(P3)=0.597 | Val(AVO)=0.660
2025-09-25 21:18:51 - No P3-val improvement; patience remaining: 4/15
2025-09-25 21:18:51 - Epoch 23/500 | LR=0.011943 | w_AVO=1.000 | w_P3=1.909 | lambda_MMD=0.250
2025-09-25 21:18:51 - Epoch Summary: TrainLoss=1.4681 | TrainAcc=0.703 | Val(P3)=0.548 | Val(AVO)=0.679
2025-09-25 21:18:51 - No P3-val improvement; patience remaining: 3/15
2025-09-25 21:18:51 - Epoch 24/500 | LR=0.011937 | w_AVO=1.000 | w_P3=1.909 | lambda_MMD=0.250
2025-09-25 21:18:52 - Epoch Summary: TrainLoss=1.4296 | TrainAcc=0.705 | Val(P3)=0.548 | Val(AVO)=0.660
2025-09-25 21:18:52 - No P3-val improvement; patience remaining: 2/15
2025-09-25 21:18:52 - Epoch 25/500 | LR=0.011932 | w_AVO=1.000 | w_P3=1.909 | lambda_MMD=0.250
2025-09-25 21:18:52 - Epoch Summary: TrainLoss=1.4045 | TrainAcc=0.712 | Val(P3)=0.565 | Val(AVO)=0.660
2025-09-25 21:18:52 - No P3-val improvement; patience remaining: 1/15
2025-09-25 21:18:52 - Epoch 26/500 | LR=0.011926 | w_AVO=1.000 | w_P3=1.909 | lambda_MMD=0.250
2025-09-25 21:18:52 - Epoch Summary: TrainLoss=1.4280 | TrainAcc=0.692 | Val(P3)=0.548 | Val(AVO)=0.664
2025-09-25 21:18:52 - No P3-val improvement; patience remaining: 0/15
2025-09-25 21:18:52 - Early stopping triggered (P3-val)
2025-09-25 21:18:52 -     P3 Test | Acc=0.6543 P=0.6957 R=0.6957 F1=0.6957 AUC=0.6697 (n=162)
2025-09-25 21:18:52 -     AVO Test | Acc=0.5887 P=0.5488 R=0.8138 F1=0.6556 AUC=0.6692 (n=603)
2025-09-25 21:18:52 -     Overall Test Acc=0.6026
2025-09-25 21:18:52 -   Fold 3/5
2025-09-25 21:18:52 - Fold domains: small=P3 (n=579), large=AVO (n=2097)
2025-09-25 21:18:52 - Auto adjustments (symmetric): w_small≈1.000, lambda_MMD_target=0.250, warmup_epochs=5
2025-09-25 21:18:52 - Epoch 1/500 | LR=0.012000 | w_AVO=1.000 | w_P3=1.181 | lambda_MMD=0.050
2025-09-25 21:18:52 - Epoch Summary: TrainLoss=1.5993 | TrainAcc=0.520 | Val(P3)=0.613 | Val(AVO)=0.579
2025-09-25 21:18:52 - New best P3-val; checkpoint updated
2025-09-25 21:18:52 - Epoch 2/500 | LR=0.012000 | w_AVO=1.000 | w_P3=1.361 | lambda_MMD=0.100
2025-09-25 21:18:52 - Epoch Summary: TrainLoss=1.5764 | TrainAcc=0.564 | Val(P3)=0.661 | Val(AVO)=0.586
2025-09-25 21:18:52 - New best P3-val; checkpoint updated
2025-09-25 21:18:52 - Epoch 3/500 | LR=0.012000 | w_AVO=1.000 | w_P3=1.542 | lambda_MMD=0.150
2025-09-25 21:18:53 - Epoch Summary: TrainLoss=1.6697 | TrainAcc=0.598 | Val(P3)=0.613 | Val(AVO)=0.604
2025-09-25 21:18:53 - No P3-val improvement; patience remaining: 14/15
2025-09-25 21:18:53 - Epoch 4/500 | LR=0.011999 | w_AVO=1.000 | w_P3=1.722 | lambda_MMD=0.200
2025-09-25 21:18:53 - Epoch Summary: TrainLoss=1.7727 | TrainAcc=0.619 | Val(P3)=0.710 | Val(AVO)=0.592
2025-09-25 21:18:53 - New best P3-val; checkpoint updated
2025-09-25 21:18:53 - Epoch 5/500 | LR=0.011998 | w_AVO=1.000 | w_P3=1.903 | lambda_MMD=0.250
2025-09-25 21:18:53 - Epoch Summary: TrainLoss=1.8753 | TrainAcc=0.633 | Val(P3)=0.694 | Val(AVO)=0.614
2025-09-25 21:18:53 - No P3-val improvement; patience remaining: 14/15
2025-09-25 21:18:53 - Epoch 6/500 | LR=0.011997 | w_AVO=1.000 | w_P3=1.903 | lambda_MMD=0.250
2025-09-25 21:18:53 - Epoch Summary: TrainLoss=1.8567 | TrainAcc=0.624 | Val(P3)=0.758 | Val(AVO)=0.598
2025-09-25 21:18:53 - New best P3-val; checkpoint updated
2025-09-25 21:18:53 - Epoch 7/500 | LR=0.011996 | w_AVO=1.000 | w_P3=1.903 | lambda_MMD=0.250
2025-09-25 21:18:53 - Epoch Summary: TrainLoss=1.8402 | TrainAcc=0.621 | Val(P3)=0.629 | Val(AVO)=0.598
2025-09-25 21:18:53 - No P3-val improvement; patience remaining: 14/15
2025-09-25 21:18:53 - Epoch 8/500 | LR=0.011994 | w_AVO=1.000 | w_P3=1.903 | lambda_MMD=0.250
2025-09-25 21:18:54 - Epoch Summary: TrainLoss=1.8256 | TrainAcc=0.637 | Val(P3)=0.677 | Val(AVO)=0.607
2025-09-25 21:18:54 - No P3-val improvement; patience remaining: 13/15
2025-09-25 21:18:54 - Epoch 9/500 | LR=0.011992 | w_AVO=1.000 | w_P3=1.903 | lambda_MMD=0.250
2025-09-25 21:18:54 - Epoch Summary: TrainLoss=1.7940 | TrainAcc=0.648 | Val(P3)=0.677 | Val(AVO)=0.592
2025-09-25 21:18:54 - No P3-val improvement; patience remaining: 12/15
2025-09-25 21:18:54 - Epoch 10/500 | LR=0.011990 | w_AVO=1.000 | w_P3=1.903 | lambda_MMD=0.250
2025-09-25 21:18:54 - Epoch Summary: TrainLoss=1.7588 | TrainAcc=0.642 | Val(P3)=0.710 | Val(AVO)=0.592
2025-09-25 21:18:54 - No P3-val improvement; patience remaining: 11/15
2025-09-25 21:18:54 - Epoch 11/500 | LR=0.011988 | w_AVO=1.000 | w_P3=1.903 | lambda_MMD=0.250
2025-09-25 21:18:54 - Epoch Summary: TrainLoss=1.7445 | TrainAcc=0.659 | Val(P3)=0.710 | Val(AVO)=0.614
2025-09-25 21:18:54 - No P3-val improvement; patience remaining: 10/15
2025-09-25 21:18:54 - Epoch 12/500 | LR=0.011986 | w_AVO=1.000 | w_P3=1.903 | lambda_MMD=0.250
2025-09-25 21:18:55 - Epoch Summary: TrainLoss=1.7255 | TrainAcc=0.654 | Val(P3)=0.629 | Val(AVO)=0.604
2025-09-25 21:18:55 - No P3-val improvement; patience remaining: 9/15
2025-09-25 21:18:55 - Epoch 13/500 | LR=0.011983 | w_AVO=1.000 | w_P3=1.903 | lambda_MMD=0.250
2025-09-25 21:18:55 - Epoch Summary: TrainLoss=1.7228 | TrainAcc=0.662 | Val(P3)=0.629 | Val(AVO)=0.632
2025-09-25 21:18:55 - No P3-val improvement; patience remaining: 8/15
2025-09-25 21:18:55 - Epoch 14/500 | LR=0.011980 | w_AVO=1.000 | w_P3=1.903 | lambda_MMD=0.250
2025-09-25 21:18:55 - Epoch Summary: TrainLoss=1.7143 | TrainAcc=0.652 | Val(P3)=0.677 | Val(AVO)=0.611
2025-09-25 21:18:55 - No P3-val improvement; patience remaining: 7/15
2025-09-25 21:18:55 - Epoch 15/500 | LR=0.011977 | w_AVO=1.000 | w_P3=1.903 | lambda_MMD=0.250
2025-09-25 21:18:55 - Epoch Summary: TrainLoss=1.6858 | TrainAcc=0.671 | Val(P3)=0.661 | Val(AVO)=0.629
2025-09-25 21:18:55 - No P3-val improvement; patience remaining: 6/15
2025-09-25 21:18:55 - Epoch 16/500 | LR=0.011973 | w_AVO=1.000 | w_P3=1.903 | lambda_MMD=0.250
2025-09-25 21:18:55 - Epoch Summary: TrainLoss=1.6463 | TrainAcc=0.658 | Val(P3)=0.629 | Val(AVO)=0.614
2025-09-25 21:18:55 - No P3-val improvement; patience remaining: 5/15
2025-09-25 21:18:55 - P3 val decreasing 3x. Reducing w_small to 1.522, lambda_MMD to 0.125
2025-09-25 21:18:55 - Epoch 17/500 | LR=0.011970 | w_AVO=1.000 | w_P3=1.522 | lambda_MMD=0.125
2025-09-25 21:18:56 - Epoch Summary: TrainLoss=1.4377 | TrainAcc=0.675 | Val(P3)=0.645 | Val(AVO)=0.629
2025-09-25 21:18:56 - No P3-val improvement; patience remaining: 4/15
2025-09-25 21:18:56 - Epoch 18/500 | LR=0.011966 | w_AVO=1.000 | w_P3=1.903 | lambda_MMD=0.250
2025-09-25 21:18:56 - Epoch Summary: TrainLoss=1.6401 | TrainAcc=0.663 | Val(P3)=0.645 | Val(AVO)=0.607
2025-09-25 21:18:56 - No P3-val improvement; patience remaining: 3/15
2025-09-25 21:18:56 - Epoch 19/500 | LR=0.011962 | w_AVO=1.000 | w_P3=1.903 | lambda_MMD=0.250
2025-09-25 21:18:56 - Epoch Summary: TrainLoss=1.6022 | TrainAcc=0.673 | Val(P3)=0.661 | Val(AVO)=0.595
2025-09-25 21:18:56 - No P3-val improvement; patience remaining: 2/15
2025-09-25 21:18:56 - AVO val decreasing 3x. Reducing lambda_MMD to 0.175
2025-09-25 21:18:56 - Epoch 20/500 | LR=0.011957 | w_AVO=1.000 | w_P3=1.903 | lambda_MMD=0.175
2025-09-25 21:18:56 - Epoch Summary: TrainLoss=1.5897 | TrainAcc=0.671 | Val(P3)=0.597 | Val(AVO)=0.614
2025-09-25 21:18:56 - No P3-val improvement; patience remaining: 1/15
2025-09-25 21:18:56 - Epoch 21/500 | LR=0.011953 | w_AVO=1.000 | w_P3=1.903 | lambda_MMD=0.250
2025-09-25 21:18:56 - Epoch Summary: TrainLoss=1.5573 | TrainAcc=0.691 | Val(P3)=0.613 | Val(AVO)=0.623
2025-09-25 21:18:56 - No P3-val improvement; patience remaining: 0/15
2025-09-25 21:18:56 - Early stopping triggered (P3-val)
2025-09-25 21:18:56 -     P3 Test | Acc=0.6038 P=0.5926 R=0.6154 F1=0.6038 AUC=0.6173 (n=159)
2025-09-25 21:18:56 -     AVO Test | Acc=0.5908 P=0.5621 R=0.8459 F1=0.6754 AUC=0.6813 (n=606)
2025-09-25 21:18:56 -     Overall Test Acc=0.5935
2025-09-25 21:18:56 -   Fold 4/5
2025-09-25 21:18:56 - Fold domains: small=P3 (n=581), large=AVO (n=2095)
2025-09-25 21:18:56 - Auto adjustments (symmetric): w_small≈1.000, lambda_MMD_target=0.250, warmup_epochs=5
2025-09-25 21:18:56 - Epoch 1/500 | LR=0.012000 | w_AVO=1.000 | w_P3=1.180 | lambda_MMD=0.050
2025-09-25 21:18:57 - Epoch Summary: TrainLoss=1.5692 | TrainAcc=0.519 | Val(P3)=0.541 | Val(AVO)=0.587
2025-09-25 21:18:57 - New best P3-val; checkpoint updated
2025-09-25 21:18:57 - Epoch 2/500 | LR=0.012000 | w_AVO=1.000 | w_P3=1.360 | lambda_MMD=0.100
2025-09-25 21:18:57 - Epoch Summary: TrainLoss=1.5507 | TrainAcc=0.595 | Val(P3)=0.574 | Val(AVO)=0.621
2025-09-25 21:18:57 - New best P3-val; checkpoint updated
2025-09-25 21:18:57 - Epoch 3/500 | LR=0.012000 | w_AVO=1.000 | w_P3=1.539 | lambda_MMD=0.150
2025-09-25 21:18:57 - Epoch Summary: TrainLoss=1.6618 | TrainAcc=0.610 | Val(P3)=0.639 | Val(AVO)=0.606
2025-09-25 21:18:57 - New best P3-val; checkpoint updated
2025-09-25 21:18:57 - Epoch 4/500 | LR=0.011999 | w_AVO=1.000 | w_P3=1.719 | lambda_MMD=0.200
2025-09-25 21:18:57 - Epoch Summary: TrainLoss=1.7662 | TrainAcc=0.619 | Val(P3)=0.607 | Val(AVO)=0.609
2025-09-25 21:18:57 - No P3-val improvement; patience remaining: 14/15
2025-09-25 21:18:57 - Epoch 5/500 | LR=0.011998 | w_AVO=1.000 | w_P3=1.899 | lambda_MMD=0.250
2025-09-25 21:18:57 - Epoch Summary: TrainLoss=1.8698 | TrainAcc=0.622 | Val(P3)=0.607 | Val(AVO)=0.627
2025-09-25 21:18:57 - No P3-val improvement; patience remaining: 13/15
2025-09-25 21:18:57 - Epoch 6/500 | LR=0.011997 | w_AVO=1.000 | w_P3=1.899 | lambda_MMD=0.250
2025-09-25 21:18:58 - Epoch Summary: TrainLoss=1.8547 | TrainAcc=0.615 | Val(P3)=0.656 | Val(AVO)=0.612
2025-09-25 21:18:58 - New best P3-val; checkpoint updated
2025-09-25 21:18:58 - Epoch 7/500 | LR=0.011996 | w_AVO=1.000 | w_P3=1.899 | lambda_MMD=0.250
2025-09-25 21:18:58 - Epoch Summary: TrainLoss=1.8350 | TrainAcc=0.632 | Val(P3)=0.623 | Val(AVO)=0.634
2025-09-25 21:18:58 - No P3-val improvement; patience remaining: 14/15
2025-09-25 21:18:58 - Epoch 8/500 | LR=0.011994 | w_AVO=1.000 | w_P3=1.899 | lambda_MMD=0.250
2025-09-25 21:18:58 - Epoch Summary: TrainLoss=1.8268 | TrainAcc=0.636 | Val(P3)=0.557 | Val(AVO)=0.571
2025-09-25 21:18:58 - No P3-val improvement; patience remaining: 13/15
2025-09-25 21:18:58 - P3 val decreasing 3x. Reducing w_small to 1.519, lambda_MMD to 0.125
2025-09-25 21:18:58 - Epoch 9/500 | LR=0.011992 | w_AVO=1.000 | w_P3=1.519 | lambda_MMD=0.125
2025-09-25 21:18:58 - Epoch Summary: TrainLoss=1.5913 | TrainAcc=0.623 | Val(P3)=0.590 | Val(AVO)=0.658
2025-09-25 21:18:58 - No P3-val improvement; patience remaining: 12/15
2025-09-25 21:18:58 - Epoch 10/500 | LR=0.011990 | w_AVO=1.000 | w_P3=1.899 | lambda_MMD=0.250
2025-09-25 21:18:59 - Epoch Summary: TrainLoss=1.8056 | TrainAcc=0.654 | Val(P3)=0.607 | Val(AVO)=0.606
2025-09-25 21:18:59 - No P3-val improvement; patience remaining: 11/15
2025-09-25 21:18:59 - Epoch 11/500 | LR=0.011988 | w_AVO=1.000 | w_P3=1.899 | lambda_MMD=0.250
2025-09-25 21:18:59 - Epoch Summary: TrainLoss=1.7890 | TrainAcc=0.653 | Val(P3)=0.541 | Val(AVO)=0.668
2025-09-25 21:18:59 - No P3-val improvement; patience remaining: 10/15
2025-09-25 21:18:59 - Epoch 12/500 | LR=0.011986 | w_AVO=1.000 | w_P3=1.899 | lambda_MMD=0.250
2025-09-25 21:18:59 - Epoch Summary: TrainLoss=1.7751 | TrainAcc=0.651 | Val(P3)=0.590 | Val(AVO)=0.683
2025-09-25 21:18:59 - No P3-val improvement; patience remaining: 9/15
2025-09-25 21:18:59 - Epoch 13/500 | LR=0.011983 | w_AVO=1.000 | w_P3=1.899 | lambda_MMD=0.250
2025-09-25 21:18:59 - Epoch Summary: TrainLoss=1.7501 | TrainAcc=0.655 | Val(P3)=0.574 | Val(AVO)=0.634
2025-09-25 21:18:59 - No P3-val improvement; patience remaining: 8/15
2025-09-25 21:18:59 - Epoch 14/500 | LR=0.011980 | w_AVO=1.000 | w_P3=1.899 | lambda_MMD=0.250
2025-09-25 21:18:59 - Epoch Summary: TrainLoss=1.7355 | TrainAcc=0.658 | Val(P3)=0.590 | Val(AVO)=0.671
2025-09-25 21:18:59 - No P3-val improvement; patience remaining: 7/15
2025-09-25 21:18:59 - Epoch 15/500 | LR=0.011977 | w_AVO=1.000 | w_P3=1.899 | lambda_MMD=0.250
2025-09-25 21:19:00 - Epoch Summary: TrainLoss=1.7050 | TrainAcc=0.656 | Val(P3)=0.590 | Val(AVO)=0.680
2025-09-25 21:19:00 - No P3-val improvement; patience remaining: 6/15
2025-09-25 21:19:00 - Epoch 16/500 | LR=0.011973 | w_AVO=1.000 | w_P3=1.899 | lambda_MMD=0.250
2025-09-25 21:19:00 - Epoch Summary: TrainLoss=1.6663 | TrainAcc=0.669 | Val(P3)=0.541 | Val(AVO)=0.677
2025-09-25 21:19:00 - No P3-val improvement; patience remaining: 5/15
2025-09-25 21:19:00 - Epoch 17/500 | LR=0.011970 | w_AVO=1.000 | w_P3=1.899 | lambda_MMD=0.250
2025-09-25 21:19:00 - Epoch Summary: TrainLoss=1.6402 | TrainAcc=0.665 | Val(P3)=0.557 | Val(AVO)=0.665
2025-09-25 21:19:00 - No P3-val improvement; patience remaining: 4/15
2025-09-25 21:19:00 - AVO val decreasing 3x. Reducing lambda_MMD to 0.175
2025-09-25 21:19:00 - Epoch 18/500 | LR=0.011966 | w_AVO=1.000 | w_P3=1.899 | lambda_MMD=0.175
2025-09-25 21:19:00 - Epoch Summary: TrainLoss=1.6296 | TrainAcc=0.673 | Val(P3)=0.557 | Val(AVO)=0.658
2025-09-25 21:19:00 - No P3-val improvement; patience remaining: 3/15
2025-09-25 21:19:00 - AVO val decreasing 3x. Reducing lambda_MMD to 0.175
2025-09-25 21:19:00 - Epoch 19/500 | LR=0.011962 | w_AVO=1.000 | w_P3=1.899 | lambda_MMD=0.175
2025-09-25 21:19:00 - Epoch Summary: TrainLoss=1.5980 | TrainAcc=0.673 | Val(P3)=0.557 | Val(AVO)=0.640
2025-09-25 21:19:00 - No P3-val improvement; patience remaining: 2/15
2025-09-25 21:19:00 - AVO val decreasing 3x. Reducing lambda_MMD to 0.175
2025-09-25 21:19:00 - Epoch 20/500 | LR=0.011957 | w_AVO=1.000 | w_P3=1.899 | lambda_MMD=0.175
2025-09-25 21:19:01 - Epoch Summary: TrainLoss=1.6001 | TrainAcc=0.672 | Val(P3)=0.541 | Val(AVO)=0.646
2025-09-25 21:19:01 - No P3-val improvement; patience remaining: 1/15
2025-09-25 21:19:01 - Epoch 21/500 | LR=0.011953 | w_AVO=1.000 | w_P3=1.899 | lambda_MMD=0.250
2025-09-25 21:19:01 - Epoch Summary: TrainLoss=1.5688 | TrainAcc=0.678 | Val(P3)=0.541 | Val(AVO)=0.680
2025-09-25 21:19:01 - No P3-val improvement; patience remaining: 0/15
2025-09-25 21:19:01 - Early stopping triggered (P3-val)
2025-09-25 21:19:01 -     P3 Test | Acc=0.6203 P=0.5949 R=0.6267 F1=0.6104 AUC=0.6803 (n=158)
2025-09-25 21:19:01 -     AVO Test | Acc=0.6326 P=0.6164 R=0.7305 F1=0.6686 AUC=0.6999 (n=607)
2025-09-25 21:19:01 -     Overall Test Acc=0.6301
2025-09-25 21:19:01 -   Fold 5/5
2025-09-25 21:19:01 - Fold domains: small=P3 (n=566), large=AVO (n=2111)
2025-09-25 21:19:01 - Auto adjustments (symmetric): w_small≈1.000, lambda_MMD_target=0.250, warmup_epochs=5
2025-09-25 21:19:01 - Epoch 1/500 | LR=0.012000 | w_AVO=1.000 | w_P3=1.186 | lambda_MMD=0.050
2025-09-25 21:19:01 - Epoch Summary: TrainLoss=1.5953 | TrainAcc=0.517 | Val(P3)=0.574 | Val(AVO)=0.612
2025-09-25 21:19:01 - New best P3-val; checkpoint updated
2025-09-25 21:19:01 - Epoch 2/500 | LR=0.012000 | w_AVO=1.000 | w_P3=1.372 | lambda_MMD=0.100
2025-09-25 21:19:01 - Epoch Summary: TrainLoss=1.5814 | TrainAcc=0.578 | Val(P3)=0.639 | Val(AVO)=0.627
2025-09-25 21:19:01 - New best P3-val; checkpoint updated
2025-09-25 21:19:01 - Epoch 3/500 | LR=0.012000 | w_AVO=1.000 | w_P3=1.559 | lambda_MMD=0.150
2025-09-25 21:19:01 - Epoch Summary: TrainLoss=1.6754 | TrainAcc=0.613 | Val(P3)=0.656 | Val(AVO)=0.624
2025-09-25 21:19:01 - New best P3-val; checkpoint updated
2025-09-25 21:19:01 - Epoch 4/500 | LR=0.011999 | w_AVO=1.000 | w_P3=1.745 | lambda_MMD=0.200
2025-09-25 21:19:02 - Epoch Summary: TrainLoss=1.7906 | TrainAcc=0.624 | Val(P3)=0.639 | Val(AVO)=0.640
2025-09-25 21:19:02 - No P3-val improvement; patience remaining: 14/15
2025-09-25 21:19:02 - Epoch 5/500 | LR=0.011998 | w_AVO=1.000 | w_P3=1.931 | lambda_MMD=0.250
2025-09-25 21:19:02 - Epoch Summary: TrainLoss=1.8922 | TrainAcc=0.619 | Val(P3)=0.623 | Val(AVO)=0.640
2025-09-25 21:19:02 - No P3-val improvement; patience remaining: 13/15
2025-09-25 21:19:02 - P3 val decreasing 3x. Reducing w_small to 1.545, lambda_MMD to 0.125
2025-09-25 21:19:02 - Epoch 6/500 | LR=0.011997 | w_AVO=1.000 | w_P3=1.545 | lambda_MMD=0.125
2025-09-25 21:19:02 - Epoch Summary: TrainLoss=1.6335 | TrainAcc=0.632 | Val(P3)=0.590 | Val(AVO)=0.643
2025-09-25 21:19:02 - No P3-val improvement; patience remaining: 12/15
2025-09-25 21:19:02 - P3 val decreasing 3x. Reducing w_small to 1.545, lambda_MMD to 0.125
2025-09-25 21:19:02 - Epoch 7/500 | LR=0.011996 | w_AVO=1.000 | w_P3=1.545 | lambda_MMD=0.125
2025-09-25 21:19:02 - Epoch Summary: TrainLoss=1.6127 | TrainAcc=0.643 | Val(P3)=0.639 | Val(AVO)=0.624
2025-09-25 21:19:02 - No P3-val improvement; patience remaining: 11/15
2025-09-25 21:19:02 - Epoch 8/500 | LR=0.011994 | w_AVO=1.000 | w_P3=1.931 | lambda_MMD=0.250
2025-09-25 21:19:03 - Epoch Summary: TrainLoss=1.8341 | TrainAcc=0.650 | Val(P3)=0.623 | Val(AVO)=0.609
2025-09-25 21:19:03 - No P3-val improvement; patience remaining: 10/15
2025-09-25 21:19:03 - AVO val decreasing 3x. Reducing lambda_MMD to 0.175
2025-09-25 21:19:03 - Epoch 9/500 | LR=0.011992 | w_AVO=1.000 | w_P3=1.931 | lambda_MMD=0.175
2025-09-25 21:19:03 - Epoch Summary: TrainLoss=1.8281 | TrainAcc=0.646 | Val(P3)=0.639 | Val(AVO)=0.671
2025-09-25 21:19:03 - No P3-val improvement; patience remaining: 9/15
2025-09-25 21:19:03 - Epoch 10/500 | LR=0.011990 | w_AVO=1.000 | w_P3=1.931 | lambda_MMD=0.250
2025-09-25 21:19:03 - Epoch Summary: TrainLoss=1.8052 | TrainAcc=0.642 | Val(P3)=0.607 | Val(AVO)=0.609
2025-09-25 21:19:03 - No P3-val improvement; patience remaining: 8/15
2025-09-25 21:19:03 - Epoch 11/500 | LR=0.011988 | w_AVO=1.000 | w_P3=1.931 | lambda_MMD=0.250
2025-09-25 21:19:03 - Epoch Summary: TrainLoss=1.7747 | TrainAcc=0.652 | Val(P3)=0.623 | Val(AVO)=0.630
2025-09-25 21:19:03 - No P3-val improvement; patience remaining: 7/15
2025-09-25 21:19:03 - Epoch 12/500 | LR=0.011986 | w_AVO=1.000 | w_P3=1.931 | lambda_MMD=0.250
2025-09-25 21:19:03 - Epoch Summary: TrainLoss=1.7620 | TrainAcc=0.653 | Val(P3)=0.672 | Val(AVO)=0.615
2025-09-25 21:19:03 - New best P3-val; checkpoint updated
2025-09-25 21:19:03 - Epoch 13/500 | LR=0.011983 | w_AVO=1.000 | w_P3=1.931 | lambda_MMD=0.250
2025-09-25 21:19:04 - Epoch Summary: TrainLoss=1.7387 | TrainAcc=0.656 | Val(P3)=0.639 | Val(AVO)=0.652
2025-09-25 21:19:04 - No P3-val improvement; patience remaining: 14/15
2025-09-25 21:19:04 - Epoch 14/500 | LR=0.011980 | w_AVO=1.000 | w_P3=1.931 | lambda_MMD=0.250
2025-09-25 21:19:04 - Epoch Summary: TrainLoss=1.7311 | TrainAcc=0.653 | Val(P3)=0.607 | Val(AVO)=0.661
2025-09-25 21:19:04 - No P3-val improvement; patience remaining: 13/15
2025-09-25 21:19:04 - P3 val decreasing 3x. Reducing w_small to 1.545, lambda_MMD to 0.125
2025-09-25 21:19:04 - Epoch 15/500 | LR=0.011977 | w_AVO=1.000 | w_P3=1.545 | lambda_MMD=0.125
2025-09-25 21:19:04 - Epoch Summary: TrainLoss=1.4920 | TrainAcc=0.656 | Val(P3)=0.656 | Val(AVO)=0.606
2025-09-25 21:19:04 - No P3-val improvement; patience remaining: 12/15
2025-09-25 21:19:04 - Epoch 16/500 | LR=0.011973 | w_AVO=1.000 | w_P3=1.931 | lambda_MMD=0.250
2025-09-25 21:19:04 - Epoch Summary: TrainLoss=1.6982 | TrainAcc=0.659 | Val(P3)=0.656 | Val(AVO)=0.606
2025-09-25 21:19:04 - No P3-val improvement; patience remaining: 11/15
2025-09-25 21:19:04 - Epoch 17/500 | LR=0.011970 | w_AVO=1.000 | w_P3=1.931 | lambda_MMD=0.250
2025-09-25 21:19:04 - Epoch Summary: TrainLoss=1.6684 | TrainAcc=0.675 | Val(P3)=0.672 | Val(AVO)=0.649
2025-09-25 21:19:04 - No P3-val improvement; patience remaining: 10/15
2025-09-25 21:19:04 - Epoch 18/500 | LR=0.011966 | w_AVO=1.000 | w_P3=1.931 | lambda_MMD=0.250
2025-09-25 21:19:05 - Epoch Summary: TrainLoss=1.6572 | TrainAcc=0.663 | Val(P3)=0.672 | Val(AVO)=0.630
2025-09-25 21:19:05 - No P3-val improvement; patience remaining: 9/15
2025-09-25 21:19:05 - Epoch 19/500 | LR=0.011962 | w_AVO=1.000 | w_P3=1.931 | lambda_MMD=0.250
2025-09-25 21:19:05 - Epoch Summary: TrainLoss=1.6361 | TrainAcc=0.682 | Val(P3)=0.656 | Val(AVO)=0.637
2025-09-25 21:19:05 - No P3-val improvement; patience remaining: 8/15
2025-09-25 21:19:05 - Epoch 20/500 | LR=0.011957 | w_AVO=1.000 | w_P3=1.931 | lambda_MMD=0.250
2025-09-25 21:19:05 - Epoch Summary: TrainLoss=1.6292 | TrainAcc=0.675 | Val(P3)=0.639 | Val(AVO)=0.671
2025-09-25 21:19:05 - No P3-val improvement; patience remaining: 7/15
2025-09-25 21:19:05 - P3 val decreasing 3x. Reducing w_small to 1.545, lambda_MMD to 0.125
2025-09-25 21:19:05 - Epoch 21/500 | LR=0.011953 | w_AVO=1.000 | w_P3=1.545 | lambda_MMD=0.125
2025-09-25 21:19:05 - Epoch Summary: TrainLoss=1.4051 | TrainAcc=0.674 | Val(P3)=0.705 | Val(AVO)=0.630
2025-09-25 21:19:05 - New best P3-val; checkpoint updated
2025-09-25 21:19:05 - Epoch 22/500 | LR=0.011948 | w_AVO=1.000 | w_P3=1.931 | lambda_MMD=0.250
2025-09-25 21:19:05 - Epoch Summary: TrainLoss=1.6090 | TrainAcc=0.666 | Val(P3)=0.672 | Val(AVO)=0.646
2025-09-25 21:19:05 - No P3-val improvement; patience remaining: 14/15
2025-09-25 21:19:05 - Epoch 23/500 | LR=0.011943 | w_AVO=1.000 | w_P3=1.931 | lambda_MMD=0.250
2025-09-25 21:19:06 - Epoch Summary: TrainLoss=1.5748 | TrainAcc=0.680 | Val(P3)=0.705 | Val(AVO)=0.612
2025-09-25 21:19:06 - No P3-val improvement; patience remaining: 13/15
2025-09-25 21:19:06 - Epoch 24/500 | LR=0.011937 | w_AVO=1.000 | w_P3=1.931 | lambda_MMD=0.250
2025-09-25 21:19:06 - Epoch Summary: TrainLoss=1.5582 | TrainAcc=0.685 | Val(P3)=0.656 | Val(AVO)=0.637
2025-09-25 21:19:06 - No P3-val improvement; patience remaining: 12/15
2025-09-25 21:19:06 - Epoch 25/500 | LR=0.011932 | w_AVO=1.000 | w_P3=1.931 | lambda_MMD=0.250
2025-09-25 21:19:06 - Epoch Summary: TrainLoss=1.5444 | TrainAcc=0.684 | Val(P3)=0.672 | Val(AVO)=0.674
2025-09-25 21:19:06 - No P3-val improvement; patience remaining: 11/15
2025-09-25 21:19:06 - Epoch 26/500 | LR=0.011926 | w_AVO=1.000 | w_P3=1.931 | lambda_MMD=0.250
2025-09-25 21:19:06 - Epoch Summary: TrainLoss=1.5422 | TrainAcc=0.683 | Val(P3)=0.705 | Val(AVO)=0.599
2025-09-25 21:19:06 - No P3-val improvement; patience remaining: 10/15
2025-09-25 21:19:06 - Epoch 27/500 | LR=0.011920 | w_AVO=1.000 | w_P3=1.931 | lambda_MMD=0.250
2025-09-25 21:19:07 - Epoch Summary: TrainLoss=1.5247 | TrainAcc=0.685 | Val(P3)=0.689 | Val(AVO)=0.655
2025-09-25 21:19:07 - No P3-val improvement; patience remaining: 9/15
2025-09-25 21:19:07 - Epoch 28/500 | LR=0.011914 | w_AVO=1.000 | w_P3=1.931 | lambda_MMD=0.250
2025-09-25 21:19:07 - Epoch Summary: TrainLoss=1.4915 | TrainAcc=0.698 | Val(P3)=0.705 | Val(AVO)=0.578
2025-09-25 21:19:07 - No P3-val improvement; patience remaining: 8/15
2025-09-25 21:19:07 - Epoch 29/500 | LR=0.011907 | w_AVO=1.000 | w_P3=1.931 | lambda_MMD=0.250
2025-09-25 21:19:07 - Epoch Summary: TrainLoss=1.4830 | TrainAcc=0.681 | Val(P3)=0.672 | Val(AVO)=0.602
2025-09-25 21:19:07 - No P3-val improvement; patience remaining: 7/15
2025-09-25 21:19:07 - Epoch 30/500 | LR=0.011901 | w_AVO=1.000 | w_P3=1.931 | lambda_MMD=0.250
2025-09-25 21:19:07 - Epoch Summary: TrainLoss=1.4668 | TrainAcc=0.692 | Val(P3)=0.689 | Val(AVO)=0.646
2025-09-25 21:19:07 - No P3-val improvement; patience remaining: 6/15
2025-09-25 21:19:07 - Epoch 31/500 | LR=0.011894 | w_AVO=1.000 | w_P3=1.931 | lambda_MMD=0.250
2025-09-25 21:19:07 - Epoch Summary: TrainLoss=1.4671 | TrainAcc=0.676 | Val(P3)=0.623 | Val(AVO)=0.637
2025-09-25 21:19:07 - No P3-val improvement; patience remaining: 5/15
2025-09-25 21:19:07 - Epoch 32/500 | LR=0.011887 | w_AVO=1.000 | w_P3=1.931 | lambda_MMD=0.250
2025-09-25 21:19:08 - Epoch Summary: TrainLoss=1.4733 | TrainAcc=0.688 | Val(P3)=0.705 | Val(AVO)=0.661
2025-09-25 21:19:08 - No P3-val improvement; patience remaining: 4/15
2025-09-25 21:19:08 - Epoch 33/500 | LR=0.011879 | w_AVO=1.000 | w_P3=1.931 | lambda_MMD=0.250
2025-09-25 21:19:08 - Epoch Summary: TrainLoss=1.4535 | TrainAcc=0.691 | Val(P3)=0.705 | Val(AVO)=0.640
2025-09-25 21:19:08 - No P3-val improvement; patience remaining: 3/15
2025-09-25 21:19:08 - Epoch 34/500 | LR=0.011871 | w_AVO=1.000 | w_P3=1.931 | lambda_MMD=0.250
2025-09-25 21:19:08 - Epoch Summary: TrainLoss=1.4008 | TrainAcc=0.706 | Val(P3)=0.721 | Val(AVO)=0.671
2025-09-25 21:19:08 - New best P3-val; checkpoint updated
2025-09-25 21:19:08 - Epoch 35/500 | LR=0.011864 | w_AVO=1.000 | w_P3=1.931 | lambda_MMD=0.250
2025-09-25 21:19:08 - Epoch Summary: TrainLoss=1.3642 | TrainAcc=0.716 | Val(P3)=0.672 | Val(AVO)=0.661
2025-09-25 21:19:08 - No P3-val improvement; patience remaining: 14/15
2025-09-25 21:19:08 - Epoch 36/500 | LR=0.011856 | w_AVO=1.000 | w_P3=1.931 | lambda_MMD=0.250
2025-09-25 21:19:08 - Epoch Summary: TrainLoss=1.3578 | TrainAcc=0.711 | Val(P3)=0.656 | Val(AVO)=0.683
2025-09-25 21:19:08 - No P3-val improvement; patience remaining: 13/15
2025-09-25 21:19:08 - P3 val decreasing 3x. Reducing w_small to 1.545, lambda_MMD to 0.125
2025-09-25 21:19:08 - Epoch 37/500 | LR=0.011847 | w_AVO=1.000 | w_P3=1.545 | lambda_MMD=0.125
2025-09-25 21:19:09 - Epoch Summary: TrainLoss=1.1928 | TrainAcc=0.710 | Val(P3)=0.672 | Val(AVO)=0.643
2025-09-25 21:19:09 - No P3-val improvement; patience remaining: 12/15
2025-09-25 21:19:09 - Epoch 38/500 | LR=0.011839 | w_AVO=1.000 | w_P3=1.931 | lambda_MMD=0.250
2025-09-25 21:19:09 - Epoch Summary: TrainLoss=1.3173 | TrainAcc=0.705 | Val(P3)=0.672 | Val(AVO)=0.658
2025-09-25 21:19:09 - No P3-val improvement; patience remaining: 11/15
2025-09-25 21:19:09 - Epoch 39/500 | LR=0.011830 | w_AVO=1.000 | w_P3=1.931 | lambda_MMD=0.250
2025-09-25 21:19:09 - Epoch Summary: TrainLoss=1.3288 | TrainAcc=0.716 | Val(P3)=0.639 | Val(AVO)=0.646
2025-09-25 21:19:09 - No P3-val improvement; patience remaining: 10/15
2025-09-25 21:19:09 - Epoch 40/500 | LR=0.011821 | w_AVO=1.000 | w_P3=1.931 | lambda_MMD=0.250
2025-09-25 21:19:09 - Epoch Summary: TrainLoss=1.3081 | TrainAcc=0.700 | Val(P3)=0.705 | Val(AVO)=0.640
2025-09-25 21:19:09 - No P3-val improvement; patience remaining: 9/15
2025-09-25 21:19:09 - AVO val decreasing 3x. Reducing lambda_MMD to 0.175
2025-09-25 21:19:09 - Epoch 41/500 | LR=0.011811 | w_AVO=1.000 | w_P3=1.931 | lambda_MMD=0.175
2025-09-25 21:19:09 - Epoch Summary: TrainLoss=1.2679 | TrainAcc=0.714 | Val(P3)=0.689 | Val(AVO)=0.649
2025-09-25 21:19:09 - No P3-val improvement; patience remaining: 8/15
2025-09-25 21:19:09 - Epoch 42/500 | LR=0.011802 | w_AVO=1.000 | w_P3=1.931 | lambda_MMD=0.250
2025-09-25 21:19:10 - Epoch Summary: TrainLoss=1.2706 | TrainAcc=0.713 | Val(P3)=0.656 | Val(AVO)=0.655
2025-09-25 21:19:10 - No P3-val improvement; patience remaining: 7/15
2025-09-25 21:19:10 - P3 val decreasing 3x. Reducing w_small to 1.545, lambda_MMD to 0.125
2025-09-25 21:19:10 - Epoch 43/500 | LR=0.011792 | w_AVO=1.000 | w_P3=1.545 | lambda_MMD=0.125
2025-09-25 21:19:10 - Epoch Summary: TrainLoss=1.1073 | TrainAcc=0.711 | Val(P3)=0.639 | Val(AVO)=0.649
2025-09-25 21:19:10 - No P3-val improvement; patience remaining: 6/15
2025-09-25 21:19:10 - P3 val decreasing 3x. Reducing w_small to 1.545, lambda_MMD to 0.125
2025-09-25 21:19:10 - Epoch 44/500 | LR=0.011782 | w_AVO=1.000 | w_P3=1.545 | lambda_MMD=0.125
2025-09-25 21:19:10 - Epoch Summary: TrainLoss=1.0823 | TrainAcc=0.710 | Val(P3)=0.672 | Val(AVO)=0.652
2025-09-25 21:19:10 - No P3-val improvement; patience remaining: 5/15
2025-09-25 21:19:10 - Epoch 45/500 | LR=0.011772 | w_AVO=1.000 | w_P3=1.931 | lambda_MMD=0.250
2025-09-25 21:19:10 - Epoch Summary: TrainLoss=1.2186 | TrainAcc=0.723 | Val(P3)=0.590 | Val(AVO)=0.602
2025-09-25 21:19:10 - No P3-val improvement; patience remaining: 4/15
2025-09-25 21:19:10 - Epoch 46/500 | LR=0.011762 | w_AVO=1.000 | w_P3=1.931 | lambda_MMD=0.250
2025-09-25 21:19:10 - Epoch Summary: TrainLoss=1.2029 | TrainAcc=0.723 | Val(P3)=0.656 | Val(AVO)=0.612
2025-09-25 21:19:10 - No P3-val improvement; patience remaining: 3/15
2025-09-25 21:19:10 - Epoch 47/500 | LR=0.011751 | w_AVO=1.000 | w_P3=1.931 | lambda_MMD=0.250
2025-09-25 21:19:11 - Epoch Summary: TrainLoss=1.1919 | TrainAcc=0.717 | Val(P3)=0.623 | Val(AVO)=0.646
2025-09-25 21:19:11 - No P3-val improvement; patience remaining: 2/15
2025-09-25 21:19:11 - Epoch 48/500 | LR=0.011740 | w_AVO=1.000 | w_P3=1.931 | lambda_MMD=0.250
2025-09-25 21:19:11 - Epoch Summary: TrainLoss=1.1699 | TrainAcc=0.723 | Val(P3)=0.672 | Val(AVO)=0.649
2025-09-25 21:19:11 - No P3-val improvement; patience remaining: 1/15
2025-09-25 21:19:11 - Epoch 49/500 | LR=0.011729 | w_AVO=1.000 | w_P3=1.931 | lambda_MMD=0.250
2025-09-25 21:19:11 - Epoch Summary: TrainLoss=1.1711 | TrainAcc=0.722 | Val(P3)=0.689 | Val(AVO)=0.655
2025-09-25 21:19:11 - No P3-val improvement; patience remaining: 0/15
2025-09-25 21:19:11 - Early stopping triggered (P3-val)
2025-09-25 21:19:11 -     P3 Test | Acc=0.5723 P=0.6197 R=0.4835 F1=0.5432 AUC=0.6459 (n=173)
2025-09-25 21:19:11 -     AVO Test | Acc=0.6379 P=0.5923 R=0.8488 F1=0.6977 AUC=0.7289 (n=591)
2025-09-25 21:19:11 -     Overall Test Acc=0.6230
2025-09-25 21:19:11 - Repeat 3/5
2025-09-25 21:19:11 -   Fold 1/5
2025-09-25 21:19:11 - Fold domains: small=P3 (n=565), large=AVO (n=2111)
2025-09-25 21:19:11 - Auto adjustments (symmetric): w_small≈1.000, lambda_MMD_target=0.250, warmup_epochs=5
2025-09-25 21:19:11 - Epoch 1/500 | LR=0.012000 | w_AVO=1.000 | w_P3=1.187 | lambda_MMD=0.050
2025-09-25 21:19:11 - Epoch Summary: TrainLoss=1.6062 | TrainAcc=0.520 | Val(P3)=0.517 | Val(AVO)=0.551
2025-09-25 21:19:11 - New best P3-val; checkpoint updated
2025-09-25 21:19:11 - Epoch 2/500 | LR=0.012000 | w_AVO=1.000 | w_P3=1.373 | lambda_MMD=0.100
2025-09-25 21:19:12 - Epoch Summary: TrainLoss=1.5743 | TrainAcc=0.593 | Val(P3)=0.733 | Val(AVO)=0.610
2025-09-25 21:19:12 - New best P3-val; checkpoint updated
2025-09-25 21:19:12 - Epoch 3/500 | LR=0.012000 | w_AVO=1.000 | w_P3=1.560 | lambda_MMD=0.150
2025-09-25 21:19:12 - Epoch Summary: TrainLoss=1.6717 | TrainAcc=0.618 | Val(P3)=0.783 | Val(AVO)=0.656
2025-09-25 21:19:12 - New best P3-val; checkpoint updated
2025-09-25 21:19:12 - Epoch 4/500 | LR=0.011999 | w_AVO=1.000 | w_P3=1.746 | lambda_MMD=0.200
2025-09-25 21:19:12 - Epoch Summary: TrainLoss=1.7642 | TrainAcc=0.616 | Val(P3)=0.767 | Val(AVO)=0.638
2025-09-25 21:19:12 - No P3-val improvement; patience remaining: 14/15
2025-09-25 21:19:12 - Epoch 5/500 | LR=0.011998 | w_AVO=1.000 | w_P3=1.933 | lambda_MMD=0.250
2025-09-25 21:19:12 - Epoch Summary: TrainLoss=1.8704 | TrainAcc=0.623 | Val(P3)=0.767 | Val(AVO)=0.635
2025-09-25 21:19:12 - No P3-val improvement; patience remaining: 13/15
2025-09-25 21:19:12 - AVO val decreasing 3x. Reducing lambda_MMD to 0.175
2025-09-25 21:19:12 - Epoch 6/500 | LR=0.011997 | w_AVO=1.000 | w_P3=1.933 | lambda_MMD=0.175
2025-09-25 21:19:12 - Epoch Summary: TrainLoss=1.8432 | TrainAcc=0.631 | Val(P3)=0.717 | Val(AVO)=0.632
2025-09-25 21:19:12 - No P3-val improvement; patience remaining: 12/15
2025-09-25 21:19:12 - AVO val decreasing 3x. Reducing lambda_MMD to 0.175
2025-09-25 21:19:12 - Epoch 7/500 | LR=0.011996 | w_AVO=1.000 | w_P3=1.933 | lambda_MMD=0.175
2025-09-25 21:19:13 - Epoch Summary: TrainLoss=1.8124 | TrainAcc=0.646 | Val(P3)=0.650 | Val(AVO)=0.585
2025-09-25 21:19:13 - No P3-val improvement; patience remaining: 11/15
2025-09-25 21:19:13 - P3 val decreasing 3x. Reducing w_small to 1.546, lambda_MMD to 0.125
2025-09-25 21:19:13 - AVO val decreasing 3x. Reducing lambda_MMD to 0.087
2025-09-25 21:19:13 - Epoch 8/500 | LR=0.011994 | w_AVO=1.000 | w_P3=1.546 | lambda_MMD=0.087
2025-09-25 21:19:13 - Epoch Summary: TrainLoss=1.5447 | TrainAcc=0.640 | Val(P3)=0.733 | Val(AVO)=0.622
2025-09-25 21:19:13 - No P3-val improvement; patience remaining: 10/15
2025-09-25 21:19:13 - Epoch 9/500 | LR=0.011992 | w_AVO=1.000 | w_P3=1.933 | lambda_MMD=0.250
2025-09-25 21:19:13 - Epoch Summary: TrainLoss=1.7744 | TrainAcc=0.653 | Val(P3)=0.750 | Val(AVO)=0.610
2025-09-25 21:19:13 - No P3-val improvement; patience remaining: 9/15
2025-09-25 21:19:13 - Epoch 10/500 | LR=0.011990 | w_AVO=1.000 | w_P3=1.933 | lambda_MMD=0.250
2025-09-25 21:19:13 - Epoch Summary: TrainLoss=1.7680 | TrainAcc=0.649 | Val(P3)=0.733 | Val(AVO)=0.585
2025-09-25 21:19:13 - No P3-val improvement; patience remaining: 8/15
2025-09-25 21:19:13 - AVO val decreasing 3x. Reducing lambda_MMD to 0.175
2025-09-25 21:19:13 - Epoch 11/500 | LR=0.011988 | w_AVO=1.000 | w_P3=1.933 | lambda_MMD=0.175
2025-09-25 21:19:13 - Epoch Summary: TrainLoss=1.7542 | TrainAcc=0.653 | Val(P3)=0.700 | Val(AVO)=0.607
2025-09-25 21:19:13 - No P3-val improvement; patience remaining: 7/15
2025-09-25 21:19:13 - P3 val decreasing 3x. Reducing w_small to 1.546, lambda_MMD to 0.125
2025-09-25 21:19:13 - Epoch 12/500 | LR=0.011986 | w_AVO=1.000 | w_P3=1.546 | lambda_MMD=0.125
2025-09-25 21:19:14 - Epoch Summary: TrainLoss=1.4916 | TrainAcc=0.662 | Val(P3)=0.683 | Val(AVO)=0.588
2025-09-25 21:19:14 - No P3-val improvement; patience remaining: 6/15
2025-09-25 21:19:14 - P3 val decreasing 3x. Reducing w_small to 1.546, lambda_MMD to 0.125
2025-09-25 21:19:14 - Epoch 13/500 | LR=0.011983 | w_AVO=1.000 | w_P3=1.546 | lambda_MMD=0.125
2025-09-25 21:19:14 - Epoch Summary: TrainLoss=1.4782 | TrainAcc=0.660 | Val(P3)=0.683 | Val(AVO)=0.601
2025-09-25 21:19:14 - No P3-val improvement; patience remaining: 5/15
2025-09-25 21:19:14 - Epoch 14/500 | LR=0.011980 | w_AVO=1.000 | w_P3=1.933 | lambda_MMD=0.250
2025-09-25 21:19:14 - Epoch Summary: TrainLoss=1.6949 | TrainAcc=0.658 | Val(P3)=0.683 | Val(AVO)=0.591
2025-09-25 21:19:14 - No P3-val improvement; patience remaining: 4/15
2025-09-25 21:19:14 - Epoch 15/500 | LR=0.011977 | w_AVO=1.000 | w_P3=1.933 | lambda_MMD=0.250
2025-09-25 21:19:14 - Epoch Summary: TrainLoss=1.6752 | TrainAcc=0.662 | Val(P3)=0.733 | Val(AVO)=0.570
2025-09-25 21:19:14 - No P3-val improvement; patience remaining: 3/15
2025-09-25 21:19:14 - AVO val decreasing 3x. Reducing lambda_MMD to 0.175
2025-09-25 21:19:14 - Epoch 16/500 | LR=0.011973 | w_AVO=1.000 | w_P3=1.933 | lambda_MMD=0.175
2025-09-25 21:19:14 - Epoch Summary: TrainLoss=1.6459 | TrainAcc=0.668 | Val(P3)=0.700 | Val(AVO)=0.576
2025-09-25 21:19:14 - No P3-val improvement; patience remaining: 2/15
2025-09-25 21:19:14 - Epoch 17/500 | LR=0.011970 | w_AVO=1.000 | w_P3=1.933 | lambda_MMD=0.250
2025-09-25 21:19:15 - Epoch Summary: TrainLoss=1.6177 | TrainAcc=0.674 | Val(P3)=0.717 | Val(AVO)=0.588
2025-09-25 21:19:15 - No P3-val improvement; patience remaining: 1/15
2025-09-25 21:19:15 - Epoch 18/500 | LR=0.011966 | w_AVO=1.000 | w_P3=1.933 | lambda_MMD=0.250
2025-09-25 21:19:15 - Epoch Summary: TrainLoss=1.6000 | TrainAcc=0.674 | Val(P3)=0.683 | Val(AVO)=0.601
2025-09-25 21:19:15 - No P3-val improvement; patience remaining: 0/15
2025-09-25 21:19:15 - Early stopping triggered (P3-val)
2025-09-25 21:19:15 -     P3 Test | Acc=0.5771 P=0.5849 R=0.3735 F1=0.4559 AUC=0.6176 (n=175)
2025-09-25 21:19:15 -     AVO Test | Acc=0.6661 P=0.6457 R=0.7559 F1=0.6965 AUC=0.7172 (n=590)
2025-09-25 21:19:15 -     Overall Test Acc=0.6458
2025-09-25 21:19:15 -   Fold 2/5
2025-09-25 21:19:15 - Fold domains: small=P3 (n=578), large=AVO (n=2098)
2025-09-25 21:19:15 - Auto adjustments (symmetric): w_small≈1.000, lambda_MMD_target=0.250, warmup_epochs=5
2025-09-25 21:19:15 - Epoch 1/500 | LR=0.012000 | w_AVO=1.000 | w_P3=1.181 | lambda_MMD=0.050
2025-09-25 21:19:15 - Epoch Summary: TrainLoss=1.5931 | TrainAcc=0.538 | Val(P3)=0.603 | Val(AVO)=0.575
2025-09-25 21:19:15 - New best P3-val; checkpoint updated
2025-09-25 21:19:15 - Epoch 2/500 | LR=0.012000 | w_AVO=1.000 | w_P3=1.362 | lambda_MMD=0.100
2025-09-25 21:19:15 - Epoch Summary: TrainLoss=1.5732 | TrainAcc=0.586 | Val(P3)=0.635 | Val(AVO)=0.666
2025-09-25 21:19:15 - New best P3-val; checkpoint updated
2025-09-25 21:19:15 - Epoch 3/500 | LR=0.012000 | w_AVO=1.000 | w_P3=1.543 | lambda_MMD=0.150
2025-09-25 21:19:16 - Epoch Summary: TrainLoss=1.6791 | TrainAcc=0.598 | Val(P3)=0.587 | Val(AVO)=0.628
2025-09-25 21:19:16 - No P3-val improvement; patience remaining: 14/15
2025-09-25 21:19:16 - Epoch 4/500 | LR=0.011999 | w_AVO=1.000 | w_P3=1.724 | lambda_MMD=0.200
2025-09-25 21:19:16 - Epoch Summary: TrainLoss=1.7855 | TrainAcc=0.613 | Val(P3)=0.571 | Val(AVO)=0.644
2025-09-25 21:19:16 - No P3-val improvement; patience remaining: 13/15
2025-09-25 21:19:16 - P3 val decreasing 3x. Reducing w_small to 1.524, lambda_MMD to 0.125
2025-09-25 21:19:16 - Epoch 5/500 | LR=0.011998 | w_AVO=1.000 | w_P3=1.524 | lambda_MMD=0.125
2025-09-25 21:19:16 - Epoch Summary: TrainLoss=1.6270 | TrainAcc=0.634 | Val(P3)=0.556 | Val(AVO)=0.662
2025-09-25 21:19:16 - No P3-val improvement; patience remaining: 12/15
2025-09-25 21:19:16 - P3 val decreasing 3x. Reducing w_small to 1.524, lambda_MMD to 0.125
2025-09-25 21:19:16 - Epoch 6/500 | LR=0.011997 | w_AVO=1.000 | w_P3=1.524 | lambda_MMD=0.125
2025-09-25 21:19:16 - Epoch Summary: TrainLoss=1.6260 | TrainAcc=0.641 | Val(P3)=0.571 | Val(AVO)=0.691
2025-09-25 21:19:16 - No P3-val improvement; patience remaining: 11/15
2025-09-25 21:19:16 - Epoch 7/500 | LR=0.011996 | w_AVO=1.000 | w_P3=1.905 | lambda_MMD=0.250
2025-09-25 21:19:16 - Epoch Summary: TrainLoss=1.8491 | TrainAcc=0.648 | Val(P3)=0.587 | Val(AVO)=0.584
2025-09-25 21:19:16 - No P3-val improvement; patience remaining: 10/15
2025-09-25 21:19:16 - Epoch 8/500 | LR=0.011994 | w_AVO=1.000 | w_P3=1.905 | lambda_MMD=0.250
2025-09-25 21:19:17 - Epoch Summary: TrainLoss=1.8272 | TrainAcc=0.644 | Val(P3)=0.587 | Val(AVO)=0.669
2025-09-25 21:19:17 - No P3-val improvement; patience remaining: 9/15
2025-09-25 21:19:17 - Epoch 9/500 | LR=0.011992 | w_AVO=1.000 | w_P3=1.905 | lambda_MMD=0.250
2025-09-25 21:19:17 - Epoch Summary: TrainLoss=1.8143 | TrainAcc=0.645 | Val(P3)=0.635 | Val(AVO)=0.581
2025-09-25 21:19:17 - No P3-val improvement; patience remaining: 8/15
2025-09-25 21:19:17 - Epoch 10/500 | LR=0.011990 | w_AVO=1.000 | w_P3=1.905 | lambda_MMD=0.250
2025-09-25 21:19:17 - Epoch Summary: TrainLoss=1.7868 | TrainAcc=0.650 | Val(P3)=0.603 | Val(AVO)=0.619
2025-09-25 21:19:17 - No P3-val improvement; patience remaining: 7/15
2025-09-25 21:19:17 - Epoch 11/500 | LR=0.011988 | w_AVO=1.000 | w_P3=1.905 | lambda_MMD=0.250
2025-09-25 21:19:17 - Epoch Summary: TrainLoss=1.7752 | TrainAcc=0.654 | Val(P3)=0.635 | Val(AVO)=0.653
2025-09-25 21:19:17 - No P3-val improvement; patience remaining: 6/15
2025-09-25 21:19:17 - Epoch 12/500 | LR=0.011986 | w_AVO=1.000 | w_P3=1.905 | lambda_MMD=0.250
2025-09-25 21:19:17 - Epoch Summary: TrainLoss=1.7377 | TrainAcc=0.663 | Val(P3)=0.524 | Val(AVO)=0.650
2025-09-25 21:19:17 - No P3-val improvement; patience remaining: 5/15
2025-09-25 21:19:17 - Epoch 13/500 | LR=0.011983 | w_AVO=1.000 | w_P3=1.905 | lambda_MMD=0.250
2025-09-25 21:19:18 - Epoch Summary: TrainLoss=1.7267 | TrainAcc=0.663 | Val(P3)=0.571 | Val(AVO)=0.569
2025-09-25 21:19:18 - No P3-val improvement; patience remaining: 4/15
2025-09-25 21:19:18 - AVO val decreasing 3x. Reducing lambda_MMD to 0.175
2025-09-25 21:19:18 - Epoch 14/500 | LR=0.011980 | w_AVO=1.000 | w_P3=1.905 | lambda_MMD=0.175
2025-09-25 21:19:18 - Epoch Summary: TrainLoss=1.7457 | TrainAcc=0.657 | Val(P3)=0.540 | Val(AVO)=0.537
2025-09-25 21:19:18 - No P3-val improvement; patience remaining: 3/15
2025-09-25 21:19:18 - AVO val decreasing 3x. Reducing lambda_MMD to 0.175
2025-09-25 21:19:18 - Epoch 15/500 | LR=0.011977 | w_AVO=1.000 | w_P3=1.905 | lambda_MMD=0.175
2025-09-25 21:19:18 - Epoch Summary: TrainLoss=1.7232 | TrainAcc=0.664 | Val(P3)=0.603 | Val(AVO)=0.625
2025-09-25 21:19:18 - No P3-val improvement; patience remaining: 2/15
2025-09-25 21:19:18 - Epoch 16/500 | LR=0.011973 | w_AVO=1.000 | w_P3=1.905 | lambda_MMD=0.250
2025-09-25 21:19:18 - Epoch Summary: TrainLoss=1.7023 | TrainAcc=0.651 | Val(P3)=0.556 | Val(AVO)=0.600
2025-09-25 21:19:18 - No P3-val improvement; patience remaining: 1/15
2025-09-25 21:19:18 - Epoch 17/500 | LR=0.011970 | w_AVO=1.000 | w_P3=1.905 | lambda_MMD=0.250
2025-09-25 21:19:18 - Epoch Summary: TrainLoss=1.6870 | TrainAcc=0.669 | Val(P3)=0.556 | Val(AVO)=0.584
2025-09-25 21:19:18 - No P3-val improvement; patience remaining: 0/15
2025-09-25 21:19:18 - Early stopping triggered (P3-val)
2025-09-25 21:19:18 -     P3 Test | Acc=0.6289 P=0.5941 R=0.7692 F1=0.6704 AUC=0.6782 (n=159)
2025-09-25 21:19:18 -     AVO Test | Acc=0.5825 P=0.5511 R=0.9046 F1=0.6849 AUC=0.6767 (n=606)
2025-09-25 21:19:18 -     Overall Test Acc=0.5922
2025-09-25 21:19:18 -   Fold 3/5
2025-09-25 21:19:18 - Fold domains: small=P3 (n=585), large=AVO (n=2091)
2025-09-25 21:19:18 - Auto adjustments (symmetric): w_small≈1.000, lambda_MMD_target=0.250, warmup_epochs=5
2025-09-25 21:19:18 - Epoch 1/500 | LR=0.012000 | w_AVO=1.000 | w_P3=1.178 | lambda_MMD=0.050
2025-09-25 21:19:19 - Epoch Summary: TrainLoss=1.5752 | TrainAcc=0.542 | Val(P3)=0.516 | Val(AVO)=0.620
2025-09-25 21:19:19 - New best P3-val; checkpoint updated
2025-09-25 21:19:19 - Epoch 2/500 | LR=0.012000 | w_AVO=1.000 | w_P3=1.356 | lambda_MMD=0.100
2025-09-25 21:19:19 - Epoch Summary: TrainLoss=1.5576 | TrainAcc=0.606 | Val(P3)=0.548 | Val(AVO)=0.664
2025-09-25 21:19:19 - New best P3-val; checkpoint updated
2025-09-25 21:19:19 - Epoch 3/500 | LR=0.012000 | w_AVO=1.000 | w_P3=1.534 | lambda_MMD=0.150
2025-09-25 21:19:19 - Epoch Summary: TrainLoss=1.6593 | TrainAcc=0.612 | Val(P3)=0.581 | Val(AVO)=0.676
2025-09-25 21:19:19 - New best P3-val; checkpoint updated
2025-09-25 21:19:19 - Epoch 4/500 | LR=0.011999 | w_AVO=1.000 | w_P3=1.712 | lambda_MMD=0.200
2025-09-25 21:19:19 - Epoch Summary: TrainLoss=1.7618 | TrainAcc=0.614 | Val(P3)=0.645 | Val(AVO)=0.657
2025-09-25 21:19:19 - New best P3-val; checkpoint updated
2025-09-25 21:19:19 - Epoch 5/500 | LR=0.011998 | w_AVO=1.000 | w_P3=1.891 | lambda_MMD=0.250
2025-09-25 21:19:20 - Epoch Summary: TrainLoss=1.8498 | TrainAcc=0.632 | Val(P3)=0.645 | Val(AVO)=0.667
2025-09-25 21:19:20 - No P3-val improvement; patience remaining: 14/15
2025-09-25 21:19:20 - Epoch 6/500 | LR=0.011997 | w_AVO=1.000 | w_P3=1.891 | lambda_MMD=0.250
2025-09-25 21:19:20 - Epoch Summary: TrainLoss=1.8264 | TrainAcc=0.636 | Val(P3)=0.645 | Val(AVO)=0.651
2025-09-25 21:19:20 - No P3-val improvement; patience remaining: 13/15
2025-09-25 21:19:20 - Epoch 7/500 | LR=0.011996 | w_AVO=1.000 | w_P3=1.891 | lambda_MMD=0.250
2025-09-25 21:19:20 - Epoch Summary: TrainLoss=1.8155 | TrainAcc=0.650 | Val(P3)=0.661 | Val(AVO)=0.636
2025-09-25 21:19:20 - New best P3-val; checkpoint updated
2025-09-25 21:19:20 - AVO val decreasing 3x. Reducing lambda_MMD to 0.175
2025-09-25 21:19:20 - Epoch 8/500 | LR=0.011994 | w_AVO=1.000 | w_P3=1.891 | lambda_MMD=0.175
2025-09-25 21:19:20 - Epoch Summary: TrainLoss=1.7818 | TrainAcc=0.639 | Val(P3)=0.613 | Val(AVO)=0.636
2025-09-25 21:19:20 - No P3-val improvement; patience remaining: 14/15
2025-09-25 21:19:20 - Epoch 9/500 | LR=0.011992 | w_AVO=1.000 | w_P3=1.891 | lambda_MMD=0.250
2025-09-25 21:19:20 - Epoch Summary: TrainLoss=1.7592 | TrainAcc=0.640 | Val(P3)=0.661 | Val(AVO)=0.642
2025-09-25 21:19:20 - No P3-val improvement; patience remaining: 13/15
2025-09-25 21:19:20 - Epoch 10/500 | LR=0.011990 | w_AVO=1.000 | w_P3=1.891 | lambda_MMD=0.250
2025-09-25 21:19:21 - Epoch Summary: TrainLoss=1.7560 | TrainAcc=0.642 | Val(P3)=0.661 | Val(AVO)=0.636
2025-09-25 21:19:21 - No P3-val improvement; patience remaining: 12/15
2025-09-25 21:19:21 - Epoch 11/500 | LR=0.011988 | w_AVO=1.000 | w_P3=1.891 | lambda_MMD=0.250
2025-09-25 21:19:21 - Epoch Summary: TrainLoss=1.7221 | TrainAcc=0.655 | Val(P3)=0.629 | Val(AVO)=0.645
2025-09-25 21:19:21 - No P3-val improvement; patience remaining: 11/15
2025-09-25 21:19:21 - Epoch 12/500 | LR=0.011986 | w_AVO=1.000 | w_P3=1.891 | lambda_MMD=0.250
2025-09-25 21:19:21 - Epoch Summary: TrainLoss=1.7062 | TrainAcc=0.657 | Val(P3)=0.629 | Val(AVO)=0.632
2025-09-25 21:19:21 - No P3-val improvement; patience remaining: 10/15
2025-09-25 21:19:21 - Epoch 13/500 | LR=0.011983 | w_AVO=1.000 | w_P3=1.891 | lambda_MMD=0.250
2025-09-25 21:19:21 - Epoch Summary: TrainLoss=1.6770 | TrainAcc=0.661 | Val(P3)=0.613 | Val(AVO)=0.639
2025-09-25 21:19:21 - No P3-val improvement; patience remaining: 9/15
2025-09-25 21:19:21 - Epoch 14/500 | LR=0.011980 | w_AVO=1.000 | w_P3=1.891 | lambda_MMD=0.250
2025-09-25 21:19:21 - Epoch Summary: TrainLoss=1.6701 | TrainAcc=0.653 | Val(P3)=0.629 | Val(AVO)=0.617
2025-09-25 21:19:21 - No P3-val improvement; patience remaining: 8/15
2025-09-25 21:19:21 - Epoch 15/500 | LR=0.011977 | w_AVO=1.000 | w_P3=1.891 | lambda_MMD=0.250
2025-09-25 21:19:22 - Epoch Summary: TrainLoss=1.6567 | TrainAcc=0.658 | Val(P3)=0.613 | Val(AVO)=0.607
2025-09-25 21:19:22 - No P3-val improvement; patience remaining: 7/15
2025-09-25 21:19:22 - AVO val decreasing 3x. Reducing lambda_MMD to 0.175
2025-09-25 21:19:22 - Epoch 16/500 | LR=0.011973 | w_AVO=1.000 | w_P3=1.891 | lambda_MMD=0.175
2025-09-25 21:19:22 - Epoch Summary: TrainLoss=1.6258 | TrainAcc=0.665 | Val(P3)=0.645 | Val(AVO)=0.623
2025-09-25 21:19:22 - No P3-val improvement; patience remaining: 6/15
2025-09-25 21:19:22 - Epoch 17/500 | LR=0.011970 | w_AVO=1.000 | w_P3=1.891 | lambda_MMD=0.250
2025-09-25 21:19:22 - Epoch Summary: TrainLoss=1.6084 | TrainAcc=0.682 | Val(P3)=0.613 | Val(AVO)=0.598
2025-09-25 21:19:22 - No P3-val improvement; patience remaining: 5/15
2025-09-25 21:19:22 - Epoch 18/500 | LR=0.011966 | w_AVO=1.000 | w_P3=1.891 | lambda_MMD=0.250
2025-09-25 21:19:22 - Epoch Summary: TrainLoss=1.5978 | TrainAcc=0.668 | Val(P3)=0.629 | Val(AVO)=0.651
2025-09-25 21:19:22 - No P3-val improvement; patience remaining: 4/15
2025-09-25 21:19:22 - Epoch 19/500 | LR=0.011962 | w_AVO=1.000 | w_P3=1.891 | lambda_MMD=0.250
2025-09-25 21:19:22 - Epoch Summary: TrainLoss=1.5597 | TrainAcc=0.681 | Val(P3)=0.597 | Val(AVO)=0.607
2025-09-25 21:19:22 - No P3-val improvement; patience remaining: 3/15
2025-09-25 21:19:22 - Epoch 20/500 | LR=0.011957 | w_AVO=1.000 | w_P3=1.891 | lambda_MMD=0.250
2025-09-25 21:19:23 - Epoch Summary: TrainLoss=1.5374 | TrainAcc=0.685 | Val(P3)=0.629 | Val(AVO)=0.617
2025-09-25 21:19:23 - No P3-val improvement; patience remaining: 2/15
2025-09-25 21:19:23 - Epoch 21/500 | LR=0.011953 | w_AVO=1.000 | w_P3=1.891 | lambda_MMD=0.250
2025-09-25 21:19:23 - Epoch Summary: TrainLoss=1.5229 | TrainAcc=0.687 | Val(P3)=0.613 | Val(AVO)=0.614
2025-09-25 21:19:23 - No P3-val improvement; patience remaining: 1/15
2025-09-25 21:19:23 - Epoch 22/500 | LR=0.011948 | w_AVO=1.000 | w_P3=1.891 | lambda_MMD=0.250
2025-09-25 21:19:23 - Epoch Summary: TrainLoss=1.5157 | TrainAcc=0.690 | Val(P3)=0.613 | Val(AVO)=0.592
2025-09-25 21:19:23 - No P3-val improvement; patience remaining: 0/15
2025-09-25 21:19:23 - Early stopping triggered (P3-val)
2025-09-25 21:19:23 -     P3 Test | Acc=0.6144 P=0.5888 R=0.8077 F1=0.6811 AUC=0.6691 (n=153)
2025-09-25 21:19:23 -     AVO Test | Acc=0.5817 P=0.5458 R=0.9574 F1=0.6952 AUC=0.7379 (n=612)
2025-09-25 21:19:23 -     Overall Test Acc=0.5882
2025-09-25 21:19:23 -   Fold 4/5
2025-09-25 21:19:23 - Fold domains: small=P3 (n=578), large=AVO (n=2098)
2025-09-25 21:19:23 - Auto adjustments (symmetric): w_small≈1.000, lambda_MMD_target=0.250, warmup_epochs=5
2025-09-25 21:19:23 - Epoch 1/500 | LR=0.012000 | w_AVO=1.000 | w_P3=1.181 | lambda_MMD=0.050
2025-09-25 21:19:23 - Epoch Summary: TrainLoss=1.6097 | TrainAcc=0.532 | Val(P3)=0.617 | Val(AVO)=0.650
2025-09-25 21:19:23 - New best P3-val; checkpoint updated
2025-09-25 21:19:23 - Epoch 2/500 | LR=0.012000 | w_AVO=1.000 | w_P3=1.362 | lambda_MMD=0.100
2025-09-25 21:19:24 - Epoch Summary: TrainLoss=1.5598 | TrainAcc=0.606 | Val(P3)=0.667 | Val(AVO)=0.656
2025-09-25 21:19:24 - New best P3-val; checkpoint updated
2025-09-25 21:19:24 - Epoch 3/500 | LR=0.012000 | w_AVO=1.000 | w_P3=1.543 | lambda_MMD=0.150
2025-09-25 21:19:24 - Epoch Summary: TrainLoss=1.6577 | TrainAcc=0.608 | Val(P3)=0.667 | Val(AVO)=0.675
2025-09-25 21:19:24 - No P3-val improvement; patience remaining: 14/15
2025-09-25 21:19:24 - Epoch 4/500 | LR=0.011999 | w_AVO=1.000 | w_P3=1.724 | lambda_MMD=0.200
2025-09-25 21:19:24 - Epoch Summary: TrainLoss=1.7572 | TrainAcc=0.623 | Val(P3)=0.683 | Val(AVO)=0.669
2025-09-25 21:19:24 - New best P3-val; checkpoint updated
2025-09-25 21:19:24 - Epoch 5/500 | LR=0.011998 | w_AVO=1.000 | w_P3=1.905 | lambda_MMD=0.250
2025-09-25 21:19:24 - Epoch Summary: TrainLoss=1.8723 | TrainAcc=0.625 | Val(P3)=0.700 | Val(AVO)=0.678
2025-09-25 21:19:24 - New best P3-val; checkpoint updated
2025-09-25 21:19:24 - Epoch 6/500 | LR=0.011997 | w_AVO=1.000 | w_P3=1.905 | lambda_MMD=0.250
2025-09-25 21:19:24 - Epoch Summary: TrainLoss=1.8453 | TrainAcc=0.634 | Val(P3)=0.700 | Val(AVO)=0.663
2025-09-25 21:19:24 - No P3-val improvement; patience remaining: 14/15
2025-09-25 21:19:24 - Epoch 7/500 | LR=0.011996 | w_AVO=1.000 | w_P3=1.905 | lambda_MMD=0.250
2025-09-25 21:19:24 - Epoch Summary: TrainLoss=1.8420 | TrainAcc=0.639 | Val(P3)=0.633 | Val(AVO)=0.641
2025-09-25 21:19:24 - No P3-val improvement; patience remaining: 13/15
2025-09-25 21:19:24 - AVO val decreasing 3x. Reducing lambda_MMD to 0.175
2025-09-25 21:19:24 - Epoch 8/500 | LR=0.011994 | w_AVO=1.000 | w_P3=1.905 | lambda_MMD=0.175
2025-09-25 21:19:25 - Epoch Summary: TrainLoss=1.8225 | TrainAcc=0.645 | Val(P3)=0.667 | Val(AVO)=0.659
2025-09-25 21:19:25 - No P3-val improvement; patience remaining: 12/15
2025-09-25 21:19:25 - Epoch 9/500 | LR=0.011992 | w_AVO=1.000 | w_P3=1.905 | lambda_MMD=0.250
2025-09-25 21:19:25 - Epoch Summary: TrainLoss=1.8037 | TrainAcc=0.654 | Val(P3)=0.633 | Val(AVO)=0.622
2025-09-25 21:19:25 - No P3-val improvement; patience remaining: 11/15
2025-09-25 21:19:25 - Epoch 10/500 | LR=0.011990 | w_AVO=1.000 | w_P3=1.905 | lambda_MMD=0.250
2025-09-25 21:19:25 - Epoch Summary: TrainLoss=1.7888 | TrainAcc=0.649 | Val(P3)=0.533 | Val(AVO)=0.570
2025-09-25 21:19:25 - No P3-val improvement; patience remaining: 10/15
2025-09-25 21:19:25 - P3 val decreasing 3x. Reducing w_small to 1.524, lambda_MMD to 0.125
2025-09-25 21:19:25 - AVO val decreasing 3x. Reducing lambda_MMD to 0.087
2025-09-25 21:19:25 - Epoch 11/500 | LR=0.011988 | w_AVO=1.000 | w_P3=1.524 | lambda_MMD=0.087
2025-09-25 21:19:25 - Epoch Summary: TrainLoss=1.5452 | TrainAcc=0.645 | Val(P3)=0.633 | Val(AVO)=0.622
2025-09-25 21:19:25 - No P3-val improvement; patience remaining: 9/15
2025-09-25 21:19:25 - Epoch 12/500 | LR=0.011986 | w_AVO=1.000 | w_P3=1.905 | lambda_MMD=0.250
2025-09-25 21:19:26 - Epoch Summary: TrainLoss=1.7437 | TrainAcc=0.653 | Val(P3)=0.617 | Val(AVO)=0.666
2025-09-25 21:19:26 - No P3-val improvement; patience remaining: 8/15
2025-09-25 21:19:26 - Epoch 13/500 | LR=0.011983 | w_AVO=1.000 | w_P3=1.905 | lambda_MMD=0.250
2025-09-25 21:19:26 - Epoch Summary: TrainLoss=1.7410 | TrainAcc=0.651 | Val(P3)=0.600 | Val(AVO)=0.632
2025-09-25 21:19:26 - No P3-val improvement; patience remaining: 7/15
2025-09-25 21:19:26 - P3 val decreasing 3x. Reducing w_small to 1.524, lambda_MMD to 0.125
2025-09-25 21:19:26 - Epoch 14/500 | LR=0.011980 | w_AVO=1.000 | w_P3=1.524 | lambda_MMD=0.125
2025-09-25 21:19:26 - Epoch Summary: TrainLoss=1.4968 | TrainAcc=0.658 | Val(P3)=0.633 | Val(AVO)=0.619
2025-09-25 21:19:26 - No P3-val improvement; patience remaining: 6/15
2025-09-25 21:19:26 - AVO val decreasing 3x. Reducing lambda_MMD to 0.175
2025-09-25 21:19:26 - Epoch 15/500 | LR=0.011977 | w_AVO=1.000 | w_P3=1.905 | lambda_MMD=0.175
2025-09-25 21:19:26 - Epoch Summary: TrainLoss=1.6836 | TrainAcc=0.664 | Val(P3)=0.633 | Val(AVO)=0.616
2025-09-25 21:19:26 - No P3-val improvement; patience remaining: 5/15
2025-09-25 21:19:26 - AVO val decreasing 3x. Reducing lambda_MMD to 0.175
2025-09-25 21:19:26 - Epoch 16/500 | LR=0.011973 | w_AVO=1.000 | w_P3=1.905 | lambda_MMD=0.175
2025-09-25 21:19:26 - Epoch Summary: TrainLoss=1.6747 | TrainAcc=0.664 | Val(P3)=0.617 | Val(AVO)=0.619
2025-09-25 21:19:26 - No P3-val improvement; patience remaining: 4/15
2025-09-25 21:19:26 - Epoch 17/500 | LR=0.011970 | w_AVO=1.000 | w_P3=1.905 | lambda_MMD=0.250
2025-09-25 21:19:27 - Epoch Summary: TrainLoss=1.6709 | TrainAcc=0.649 | Val(P3)=0.700 | Val(AVO)=0.635
2025-09-25 21:19:27 - No P3-val improvement; patience remaining: 3/15
2025-09-25 21:19:27 - Epoch 18/500 | LR=0.011966 | w_AVO=1.000 | w_P3=1.905 | lambda_MMD=0.250
2025-09-25 21:19:27 - Epoch Summary: TrainLoss=1.6356 | TrainAcc=0.662 | Val(P3)=0.667 | Val(AVO)=0.628
2025-09-25 21:19:27 - No P3-val improvement; patience remaining: 2/15
2025-09-25 21:19:27 - Epoch 19/500 | LR=0.011962 | w_AVO=1.000 | w_P3=1.905 | lambda_MMD=0.250
2025-09-25 21:19:27 - Epoch Summary: TrainLoss=1.6082 | TrainAcc=0.675 | Val(P3)=0.667 | Val(AVO)=0.638
2025-09-25 21:19:27 - No P3-val improvement; patience remaining: 1/15
2025-09-25 21:19:27 - Epoch 20/500 | LR=0.011957 | w_AVO=1.000 | w_P3=1.905 | lambda_MMD=0.250
2025-09-25 21:19:27 - Epoch Summary: TrainLoss=1.5777 | TrainAcc=0.669 | Val(P3)=0.567 | Val(AVO)=0.638
2025-09-25 21:19:27 - No P3-val improvement; patience remaining: 0/15
2025-09-25 21:19:27 - Early stopping triggered (P3-val)
2025-09-25 21:19:27 -     P3 Test | Acc=0.6605 P=0.6190 R=0.6933 F1=0.6541 AUC=0.6754 (n=162)
2025-09-25 21:19:27 -     AVO Test | Acc=0.5920 P=0.5731 R=0.7890 F1=0.6639 AUC=0.6469 (n=603)
2025-09-25 21:19:27 -     Overall Test Acc=0.6065
2025-09-25 21:19:27 -   Fold 5/5
2025-09-25 21:19:27 - Fold domains: small=P3 (n=587), large=AVO (n=2090)
2025-09-25 21:19:27 - Auto adjustments (symmetric): w_small≈1.000, lambda_MMD_target=0.250, warmup_epochs=5
2025-09-25 21:19:27 - Epoch 1/500 | LR=0.012000 | w_AVO=1.000 | w_P3=1.177 | lambda_MMD=0.050
2025-09-25 21:19:28 - Epoch Summary: TrainLoss=1.5872 | TrainAcc=0.532 | Val(P3)=0.532 | Val(AVO)=0.533
2025-09-25 21:19:28 - New best P3-val; checkpoint updated
2025-09-25 21:19:28 - Epoch 2/500 | LR=0.012000 | w_AVO=1.000 | w_P3=1.355 | lambda_MMD=0.100
2025-09-25 21:19:28 - Epoch Summary: TrainLoss=1.5574 | TrainAcc=0.589 | Val(P3)=0.597 | Val(AVO)=0.592
2025-09-25 21:19:28 - New best P3-val; checkpoint updated
2025-09-25 21:19:28 - Epoch 3/500 | LR=0.012000 | w_AVO=1.000 | w_P3=1.532 | lambda_MMD=0.150
2025-09-25 21:19:28 - Epoch Summary: TrainLoss=1.6556 | TrainAcc=0.610 | Val(P3)=0.597 | Val(AVO)=0.595
2025-09-25 21:19:28 - No P3-val improvement; patience remaining: 14/15
2025-09-25 21:19:28 - Epoch 4/500 | LR=0.011999 | w_AVO=1.000 | w_P3=1.710 | lambda_MMD=0.200
2025-09-25 21:19:28 - Epoch Summary: TrainLoss=1.7442 | TrainAcc=0.611 | Val(P3)=0.613 | Val(AVO)=0.611
2025-09-25 21:19:28 - New best P3-val; checkpoint updated
2025-09-25 21:19:28 - Epoch 5/500 | LR=0.011998 | w_AVO=1.000 | w_P3=1.887 | lambda_MMD=0.250
2025-09-25 21:19:28 - Epoch Summary: TrainLoss=1.8390 | TrainAcc=0.617 | Val(P3)=0.629 | Val(AVO)=0.583
2025-09-25 21:19:28 - New best P3-val; checkpoint updated
2025-09-25 21:19:28 - Epoch 6/500 | LR=0.011997 | w_AVO=1.000 | w_P3=1.887 | lambda_MMD=0.250
2025-09-25 21:19:29 - Epoch Summary: TrainLoss=1.8331 | TrainAcc=0.609 | Val(P3)=0.629 | Val(AVO)=0.570
2025-09-25 21:19:29 - No P3-val improvement; patience remaining: 14/15
2025-09-25 21:19:29 - AVO val decreasing 3x. Reducing lambda_MMD to 0.175
2025-09-25 21:19:29 - Epoch 7/500 | LR=0.011996 | w_AVO=1.000 | w_P3=1.887 | lambda_MMD=0.175
2025-09-25 21:19:29 - Epoch Summary: TrainLoss=1.8202 | TrainAcc=0.615 | Val(P3)=0.677 | Val(AVO)=0.623
2025-09-25 21:19:29 - New best P3-val; checkpoint updated
2025-09-25 21:19:29 - Epoch 8/500 | LR=0.011994 | w_AVO=1.000 | w_P3=1.887 | lambda_MMD=0.250
2025-09-25 21:19:29 - Epoch Summary: TrainLoss=1.7900 | TrainAcc=0.632 | Val(P3)=0.597 | Val(AVO)=0.583
2025-09-25 21:19:29 - No P3-val improvement; patience remaining: 14/15
2025-09-25 21:19:29 - Epoch 9/500 | LR=0.011992 | w_AVO=1.000 | w_P3=1.887 | lambda_MMD=0.250
2025-09-25 21:19:29 - Epoch Summary: TrainLoss=1.7735 | TrainAcc=0.650 | Val(P3)=0.645 | Val(AVO)=0.586
2025-09-25 21:19:29 - No P3-val improvement; patience remaining: 13/15
2025-09-25 21:19:29 - Epoch 10/500 | LR=0.011990 | w_AVO=1.000 | w_P3=1.887 | lambda_MMD=0.250
2025-09-25 21:19:29 - Epoch Summary: TrainLoss=1.7435 | TrainAcc=0.638 | Val(P3)=0.613 | Val(AVO)=0.589
2025-09-25 21:19:29 - No P3-val improvement; patience remaining: 12/15
2025-09-25 21:19:29 - Epoch 11/500 | LR=0.011988 | w_AVO=1.000 | w_P3=1.887 | lambda_MMD=0.250
2025-09-25 21:19:30 - Epoch Summary: TrainLoss=1.7234 | TrainAcc=0.645 | Val(P3)=0.645 | Val(AVO)=0.617
2025-09-25 21:19:30 - No P3-val improvement; patience remaining: 11/15
2025-09-25 21:19:30 - Epoch 12/500 | LR=0.011986 | w_AVO=1.000 | w_P3=1.887 | lambda_MMD=0.250
2025-09-25 21:19:30 - Epoch Summary: TrainLoss=1.7126 | TrainAcc=0.649 | Val(P3)=0.629 | Val(AVO)=0.601
2025-09-25 21:19:30 - No P3-val improvement; patience remaining: 10/15
2025-09-25 21:19:30 - Epoch 13/500 | LR=0.011983 | w_AVO=1.000 | w_P3=1.887 | lambda_MMD=0.250
2025-09-25 21:19:30 - Epoch Summary: TrainLoss=1.6907 | TrainAcc=0.654 | Val(P3)=0.645 | Val(AVO)=0.614
2025-09-25 21:19:30 - No P3-val improvement; patience remaining: 9/15
2025-09-25 21:19:30 - Epoch 14/500 | LR=0.011980 | w_AVO=1.000 | w_P3=1.887 | lambda_MMD=0.250
2025-09-25 21:19:30 - Epoch Summary: TrainLoss=1.6848 | TrainAcc=0.648 | Val(P3)=0.629 | Val(AVO)=0.598
2025-09-25 21:19:30 - No P3-val improvement; patience remaining: 8/15
2025-09-25 21:19:30 - Epoch 15/500 | LR=0.011977 | w_AVO=1.000 | w_P3=1.887 | lambda_MMD=0.250
2025-09-25 21:19:30 - Epoch Summary: TrainLoss=1.6429 | TrainAcc=0.658 | Val(P3)=0.629 | Val(AVO)=0.604
2025-09-25 21:19:30 - No P3-val improvement; patience remaining: 7/15
2025-09-25 21:19:30 - Epoch 16/500 | LR=0.011973 | w_AVO=1.000 | w_P3=1.887 | lambda_MMD=0.250
2025-09-25 21:19:31 - Epoch Summary: TrainLoss=1.6334 | TrainAcc=0.669 | Val(P3)=0.661 | Val(AVO)=0.555
2025-09-25 21:19:31 - No P3-val improvement; patience remaining: 6/15
2025-09-25 21:19:31 - Epoch 17/500 | LR=0.011970 | w_AVO=1.000 | w_P3=1.887 | lambda_MMD=0.250
2025-09-25 21:19:31 - Epoch Summary: TrainLoss=1.5924 | TrainAcc=0.675 | Val(P3)=0.694 | Val(AVO)=0.570
2025-09-25 21:19:31 - New best P3-val; checkpoint updated
2025-09-25 21:19:31 - Epoch 18/500 | LR=0.011966 | w_AVO=1.000 | w_P3=1.887 | lambda_MMD=0.250
2025-09-25 21:19:31 - Epoch Summary: TrainLoss=1.5656 | TrainAcc=0.671 | Val(P3)=0.742 | Val(AVO)=0.564
2025-09-25 21:19:31 - New best P3-val; checkpoint updated
2025-09-25 21:19:31 - Epoch 19/500 | LR=0.011962 | w_AVO=1.000 | w_P3=1.887 | lambda_MMD=0.250
2025-09-25 21:19:31 - Epoch Summary: TrainLoss=1.5488 | TrainAcc=0.680 | Val(P3)=0.677 | Val(AVO)=0.564
2025-09-25 21:19:31 - No P3-val improvement; patience remaining: 14/15
2025-09-25 21:19:31 - Epoch 20/500 | LR=0.011957 | w_AVO=1.000 | w_P3=1.887 | lambda_MMD=0.250
2025-09-25 21:19:31 - Epoch Summary: TrainLoss=1.5439 | TrainAcc=0.672 | Val(P3)=0.677 | Val(AVO)=0.564
2025-09-25 21:19:31 - No P3-val improvement; patience remaining: 13/15
2025-09-25 21:19:31 - Epoch 21/500 | LR=0.011953 | w_AVO=1.000 | w_P3=1.887 | lambda_MMD=0.250
2025-09-25 21:19:32 - Epoch Summary: TrainLoss=1.5032 | TrainAcc=0.680 | Val(P3)=0.677 | Val(AVO)=0.576
2025-09-25 21:19:32 - No P3-val improvement; patience remaining: 12/15
2025-09-25 21:19:32 - Epoch 22/500 | LR=0.011948 | w_AVO=1.000 | w_P3=1.887 | lambda_MMD=0.250
2025-09-25 21:19:32 - Epoch Summary: TrainLoss=1.4976 | TrainAcc=0.674 | Val(P3)=0.661 | Val(AVO)=0.586
2025-09-25 21:19:32 - No P3-val improvement; patience remaining: 11/15
2025-09-25 21:19:32 - Epoch 23/500 | LR=0.011943 | w_AVO=1.000 | w_P3=1.887 | lambda_MMD=0.250
2025-09-25 21:19:32 - Epoch Summary: TrainLoss=1.4675 | TrainAcc=0.687 | Val(P3)=0.694 | Val(AVO)=0.576
2025-09-25 21:19:32 - No P3-val improvement; patience remaining: 10/15
2025-09-25 21:19:32 - Epoch 24/500 | LR=0.011937 | w_AVO=1.000 | w_P3=1.887 | lambda_MMD=0.250
2025-09-25 21:19:32 - Epoch Summary: TrainLoss=1.4464 | TrainAcc=0.696 | Val(P3)=0.661 | Val(AVO)=0.545
2025-09-25 21:19:32 - No P3-val improvement; patience remaining: 9/15
2025-09-25 21:19:32 - AVO val decreasing 3x. Reducing lambda_MMD to 0.175
2025-09-25 21:19:32 - Epoch 25/500 | LR=0.011932 | w_AVO=1.000 | w_P3=1.887 | lambda_MMD=0.175
2025-09-25 21:19:32 - Epoch Summary: TrainLoss=1.4371 | TrainAcc=0.685 | Val(P3)=0.613 | Val(AVO)=0.526
2025-09-25 21:19:32 - No P3-val improvement; patience remaining: 8/15
2025-09-25 21:19:32 - P3 val decreasing 3x. Reducing w_small to 1.510, lambda_MMD to 0.125
2025-09-25 21:19:32 - AVO val decreasing 3x. Reducing lambda_MMD to 0.087
2025-09-25 21:19:32 - Epoch 26/500 | LR=0.011926 | w_AVO=1.000 | w_P3=1.510 | lambda_MMD=0.087
2025-09-25 21:19:33 - Epoch Summary: TrainLoss=1.2600 | TrainAcc=0.695 | Val(P3)=0.710 | Val(AVO)=0.539
2025-09-25 21:19:33 - No P3-val improvement; patience remaining: 7/15
2025-09-25 21:19:33 - Epoch 27/500 | LR=0.011920 | w_AVO=1.000 | w_P3=1.887 | lambda_MMD=0.250
2025-09-25 21:19:33 - Epoch Summary: TrainLoss=1.3932 | TrainAcc=0.701 | Val(P3)=0.661 | Val(AVO)=0.533
2025-09-25 21:19:33 - No P3-val improvement; patience remaining: 6/15
2025-09-25 21:19:33 - Epoch 28/500 | LR=0.011914 | w_AVO=1.000 | w_P3=1.887 | lambda_MMD=0.250
2025-09-25 21:19:33 - Epoch Summary: TrainLoss=1.3989 | TrainAcc=0.689 | Val(P3)=0.677 | Val(AVO)=0.533
2025-09-25 21:19:33 - No P3-val improvement; patience remaining: 5/15
2025-09-25 21:19:33 - Epoch 29/500 | LR=0.011907 | w_AVO=1.000 | w_P3=1.887 | lambda_MMD=0.250
2025-09-25 21:19:33 - Epoch Summary: TrainLoss=1.3577 | TrainAcc=0.705 | Val(P3)=0.661 | Val(AVO)=0.586
2025-09-25 21:19:33 - No P3-val improvement; patience remaining: 4/15
2025-09-25 21:19:33 - Epoch 30/500 | LR=0.011901 | w_AVO=1.000 | w_P3=1.887 | lambda_MMD=0.250
2025-09-25 21:19:34 - Epoch Summary: TrainLoss=1.3691 | TrainAcc=0.684 | Val(P3)=0.629 | Val(AVO)=0.570
2025-09-25 21:19:34 - No P3-val improvement; patience remaining: 3/15
2025-09-25 21:19:34 - P3 val decreasing 3x. Reducing w_small to 1.510, lambda_MMD to 0.125
2025-09-25 21:19:34 - Epoch 31/500 | LR=0.011894 | w_AVO=1.000 | w_P3=1.510 | lambda_MMD=0.125
2025-09-25 21:19:34 - Epoch Summary: TrainLoss=1.1713 | TrainAcc=0.707 | Val(P3)=0.710 | Val(AVO)=0.542
2025-09-25 21:19:34 - No P3-val improvement; patience remaining: 2/15
2025-09-25 21:19:34 - AVO val decreasing 3x. Reducing lambda_MMD to 0.175
2025-09-25 21:19:34 - Epoch 32/500 | LR=0.011887 | w_AVO=1.000 | w_P3=1.887 | lambda_MMD=0.175
2025-09-25 21:19:34 - Epoch Summary: TrainLoss=1.3129 | TrainAcc=0.704 | Val(P3)=0.645 | Val(AVO)=0.598
2025-09-25 21:19:34 - No P3-val improvement; patience remaining: 1/15
2025-09-25 21:19:34 - Epoch 33/500 | LR=0.011879 | w_AVO=1.000 | w_P3=1.887 | lambda_MMD=0.250
2025-09-25 21:19:34 - Epoch Summary: TrainLoss=1.3180 | TrainAcc=0.690 | Val(P3)=0.694 | Val(AVO)=0.564
2025-09-25 21:19:34 - No P3-val improvement; patience remaining: 0/15
2025-09-25 21:19:34 - Early stopping triggered (P3-val)
2025-09-25 21:19:34 -     P3 Test | Acc=0.5762 P=0.6833 R=0.4767 F1=0.5616 AUC=0.6503 (n=151)
2025-09-25 21:19:34 -     AVO Test | Acc=0.5481 P=0.5172 R=0.9662 F1=0.6737 AUC=0.7003 (n=613)
2025-09-25 21:19:34 -     Overall Test Acc=0.5537
2025-09-25 21:19:34 - Repeat 4/5
2025-09-25 21:19:34 -   Fold 1/5
2025-09-25 21:19:34 - Fold domains: small=P3 (n=580), large=AVO (n=2096)
2025-09-25 21:19:34 - Auto adjustments (symmetric): w_small≈1.000, lambda_MMD_target=0.250, warmup_epochs=5
2025-09-25 21:19:34 - Epoch 1/500 | LR=0.012000 | w_AVO=1.000 | w_P3=1.180 | lambda_MMD=0.050
2025-09-25 21:19:34 - Epoch Summary: TrainLoss=1.5735 | TrainAcc=0.510 | Val(P3)=0.565 | Val(AVO)=0.620
2025-09-25 21:19:34 - New best P3-val; checkpoint updated
2025-09-25 21:19:34 - Epoch 2/500 | LR=0.012000 | w_AVO=1.000 | w_P3=1.360 | lambda_MMD=0.100
2025-09-25 21:19:35 - Epoch Summary: TrainLoss=1.5487 | TrainAcc=0.591 | Val(P3)=0.516 | Val(AVO)=0.611
2025-09-25 21:19:35 - No P3-val improvement; patience remaining: 14/15
2025-09-25 21:19:35 - Epoch 3/500 | LR=0.012000 | w_AVO=1.000 | w_P3=1.541 | lambda_MMD=0.150
2025-09-25 21:19:35 - Epoch Summary: TrainLoss=1.6603 | TrainAcc=0.584 | Val(P3)=0.597 | Val(AVO)=0.620
2025-09-25 21:19:35 - New best P3-val; checkpoint updated
2025-09-25 21:19:35 - Epoch 4/500 | LR=0.011999 | w_AVO=1.000 | w_P3=1.721 | lambda_MMD=0.200
2025-09-25 21:19:35 - Epoch Summary: TrainLoss=1.7442 | TrainAcc=0.603 | Val(P3)=0.629 | Val(AVO)=0.651
2025-09-25 21:19:35 - New best P3-val; checkpoint updated
2025-09-25 21:19:35 - Epoch 5/500 | LR=0.011998 | w_AVO=1.000 | w_P3=1.901 | lambda_MMD=0.250
2025-09-25 21:19:35 - Epoch Summary: TrainLoss=1.8266 | TrainAcc=0.628 | Val(P3)=0.565 | Val(AVO)=0.664
2025-09-25 21:19:35 - No P3-val improvement; patience remaining: 14/15
2025-09-25 21:19:35 - Epoch 6/500 | LR=0.011997 | w_AVO=1.000 | w_P3=1.901 | lambda_MMD=0.250
2025-09-25 21:19:35 - Epoch Summary: TrainLoss=1.8062 | TrainAcc=0.622 | Val(P3)=0.613 | Val(AVO)=0.667
2025-09-25 21:19:35 - No P3-val improvement; patience remaining: 13/15
2025-09-25 21:19:35 - Epoch 7/500 | LR=0.011996 | w_AVO=1.000 | w_P3=1.901 | lambda_MMD=0.250
2025-09-25 21:19:36 - Epoch Summary: TrainLoss=1.7930 | TrainAcc=0.633 | Val(P3)=0.613 | Val(AVO)=0.639
2025-09-25 21:19:36 - No P3-val improvement; patience remaining: 12/15
2025-09-25 21:19:36 - Epoch 8/500 | LR=0.011994 | w_AVO=1.000 | w_P3=1.901 | lambda_MMD=0.250
2025-09-25 21:19:36 - Epoch Summary: TrainLoss=1.7767 | TrainAcc=0.632 | Val(P3)=0.548 | Val(AVO)=0.586
2025-09-25 21:19:36 - No P3-val improvement; patience remaining: 11/15
2025-09-25 21:19:36 - AVO val decreasing 3x. Reducing lambda_MMD to 0.175
2025-09-25 21:19:36 - Epoch 9/500 | LR=0.011992 | w_AVO=1.000 | w_P3=1.901 | lambda_MMD=0.175
2025-09-25 21:19:36 - Epoch Summary: TrainLoss=1.7390 | TrainAcc=0.635 | Val(P3)=0.597 | Val(AVO)=0.692
2025-09-25 21:19:36 - No P3-val improvement; patience remaining: 10/15
2025-09-25 21:19:36 - Epoch 10/500 | LR=0.011990 | w_AVO=1.000 | w_P3=1.901 | lambda_MMD=0.250
2025-09-25 21:19:36 - Epoch Summary: TrainLoss=1.7087 | TrainAcc=0.648 | Val(P3)=0.645 | Val(AVO)=0.654
2025-09-25 21:19:36 - New best P3-val; checkpoint updated
2025-09-25 21:19:36 - Epoch 11/500 | LR=0.011988 | w_AVO=1.000 | w_P3=1.901 | lambda_MMD=0.250
2025-09-25 21:19:36 - Epoch Summary: TrainLoss=1.6969 | TrainAcc=0.647 | Val(P3)=0.613 | Val(AVO)=0.645
2025-09-25 21:19:36 - No P3-val improvement; patience remaining: 14/15
2025-09-25 21:19:36 - AVO val decreasing 3x. Reducing lambda_MMD to 0.175
2025-09-25 21:19:36 - Epoch 12/500 | LR=0.011986 | w_AVO=1.000 | w_P3=1.901 | lambda_MMD=0.175
2025-09-25 21:19:37 - Epoch Summary: TrainLoss=1.6797 | TrainAcc=0.657 | Val(P3)=0.629 | Val(AVO)=0.642
2025-09-25 21:19:37 - No P3-val improvement; patience remaining: 13/15
2025-09-25 21:19:37 - AVO val decreasing 3x. Reducing lambda_MMD to 0.175
2025-09-25 21:19:37 - Epoch 13/500 | LR=0.011983 | w_AVO=1.000 | w_P3=1.901 | lambda_MMD=0.175
2025-09-25 21:19:37 - Epoch Summary: TrainLoss=1.6533 | TrainAcc=0.656 | Val(P3)=0.613 | Val(AVO)=0.620
2025-09-25 21:19:37 - No P3-val improvement; patience remaining: 12/15
2025-09-25 21:19:37 - AVO val decreasing 3x. Reducing lambda_MMD to 0.175
2025-09-25 21:19:37 - Epoch 14/500 | LR=0.011980 | w_AVO=1.000 | w_P3=1.901 | lambda_MMD=0.175
2025-09-25 21:19:37 - Epoch Summary: TrainLoss=1.6323 | TrainAcc=0.666 | Val(P3)=0.597 | Val(AVO)=0.617
2025-09-25 21:19:37 - No P3-val improvement; patience remaining: 11/15
2025-09-25 21:19:37 - P3 val decreasing 3x. Reducing w_small to 1.521, lambda_MMD to 0.125
2025-09-25 21:19:37 - AVO val decreasing 3x. Reducing lambda_MMD to 0.087
2025-09-25 21:19:37 - Epoch 15/500 | LR=0.011977 | w_AVO=1.000 | w_P3=1.521 | lambda_MMD=0.087
2025-09-25 21:19:37 - Epoch Summary: TrainLoss=1.4126 | TrainAcc=0.662 | Val(P3)=0.613 | Val(AVO)=0.576
2025-09-25 21:19:37 - No P3-val improvement; patience remaining: 10/15
2025-09-25 21:19:37 - AVO val decreasing 3x. Reducing lambda_MMD to 0.175
2025-09-25 21:19:37 - Epoch 16/500 | LR=0.011973 | w_AVO=1.000 | w_P3=1.901 | lambda_MMD=0.175
2025-09-25 21:19:38 - Epoch Summary: TrainLoss=1.6158 | TrainAcc=0.671 | Val(P3)=0.597 | Val(AVO)=0.692
2025-09-25 21:19:38 - No P3-val improvement; patience remaining: 9/15
2025-09-25 21:19:38 - Epoch 17/500 | LR=0.011970 | w_AVO=1.000 | w_P3=1.901 | lambda_MMD=0.250
2025-09-25 21:19:38 - Epoch Summary: TrainLoss=1.5926 | TrainAcc=0.669 | Val(P3)=0.581 | Val(AVO)=0.676
2025-09-25 21:19:38 - No P3-val improvement; patience remaining: 8/15
2025-09-25 21:19:38 - P3 val decreasing 3x. Reducing w_small to 1.521, lambda_MMD to 0.125
2025-09-25 21:19:38 - Epoch 18/500 | LR=0.011966 | w_AVO=1.000 | w_P3=1.521 | lambda_MMD=0.125
2025-09-25 21:19:38 - Epoch Summary: TrainLoss=1.3792 | TrainAcc=0.681 | Val(P3)=0.581 | Val(AVO)=0.657
2025-09-25 21:19:38 - No P3-val improvement; patience remaining: 7/15
2025-09-25 21:19:38 - AVO val decreasing 3x. Reducing lambda_MMD to 0.175
2025-09-25 21:19:38 - Epoch 19/500 | LR=0.011962 | w_AVO=1.000 | w_P3=1.901 | lambda_MMD=0.175
2025-09-25 21:19:38 - Epoch Summary: TrainLoss=1.5680 | TrainAcc=0.674 | Val(P3)=0.645 | Val(AVO)=0.623
2025-09-25 21:19:38 - No P3-val improvement; patience remaining: 6/15
2025-09-25 21:19:38 - AVO val decreasing 3x. Reducing lambda_MMD to 0.175
2025-09-25 21:19:38 - Epoch 20/500 | LR=0.011957 | w_AVO=1.000 | w_P3=1.901 | lambda_MMD=0.175
2025-09-25 21:19:38 - Epoch Summary: TrainLoss=1.5284 | TrainAcc=0.674 | Val(P3)=0.597 | Val(AVO)=0.636
2025-09-25 21:19:38 - No P3-val improvement; patience remaining: 5/15
2025-09-25 21:19:38 - Epoch 21/500 | LR=0.011953 | w_AVO=1.000 | w_P3=1.901 | lambda_MMD=0.250
2025-09-25 21:19:39 - Epoch Summary: TrainLoss=1.5201 | TrainAcc=0.688 | Val(P3)=0.613 | Val(AVO)=0.654
2025-09-25 21:19:39 - No P3-val improvement; patience remaining: 4/15
2025-09-25 21:19:39 - Epoch 22/500 | LR=0.011948 | w_AVO=1.000 | w_P3=1.901 | lambda_MMD=0.250
2025-09-25 21:19:39 - Epoch Summary: TrainLoss=1.4905 | TrainAcc=0.683 | Val(P3)=0.613 | Val(AVO)=0.614
2025-09-25 21:19:39 - No P3-val improvement; patience remaining: 3/15
2025-09-25 21:19:39 - Epoch 23/500 | LR=0.011943 | w_AVO=1.000 | w_P3=1.901 | lambda_MMD=0.250
2025-09-25 21:19:39 - Epoch Summary: TrainLoss=1.4776 | TrainAcc=0.689 | Val(P3)=0.613 | Val(AVO)=0.645
2025-09-25 21:19:39 - No P3-val improvement; patience remaining: 2/15
2025-09-25 21:19:39 - Epoch 24/500 | LR=0.011937 | w_AVO=1.000 | w_P3=1.901 | lambda_MMD=0.250
2025-09-25 21:19:39 - Epoch Summary: TrainLoss=1.4749 | TrainAcc=0.678 | Val(P3)=0.613 | Val(AVO)=0.623
2025-09-25 21:19:39 - No P3-val improvement; patience remaining: 1/15
2025-09-25 21:19:39 - Epoch 25/500 | LR=0.011932 | w_AVO=1.000 | w_P3=1.901 | lambda_MMD=0.250
2025-09-25 21:19:39 - Epoch Summary: TrainLoss=1.4845 | TrainAcc=0.680 | Val(P3)=0.597 | Val(AVO)=0.586
2025-09-25 21:19:39 - No P3-val improvement; patience remaining: 0/15
2025-09-25 21:19:39 - Early stopping triggered (P3-val)
2025-09-25 21:19:39 -     P3 Test | Acc=0.5633 P=0.5806 R=0.6429 F1=0.6102 AUC=0.5965 (n=158)
2025-09-25 21:19:39 -     AVO Test | Acc=0.5453 P=0.5209 R=0.9195 F1=0.6650 AUC=0.6623 (n=607)
2025-09-25 21:19:39 -     Overall Test Acc=0.5490
2025-09-25 21:19:39 -   Fold 2/5
2025-09-25 21:19:39 - Fold domains: small=P3 (n=580), large=AVO (n=2096)
2025-09-25 21:19:39 - Auto adjustments (symmetric): w_small≈1.000, lambda_MMD_target=0.250, warmup_epochs=5
2025-09-25 21:19:39 - Epoch 1/500 | LR=0.012000 | w_AVO=1.000 | w_P3=1.180 | lambda_MMD=0.050
2025-09-25 21:19:40 - Epoch Summary: TrainLoss=1.6175 | TrainAcc=0.510 | Val(P3)=0.597 | Val(AVO)=0.523
2025-09-25 21:19:40 - New best P3-val; checkpoint updated
2025-09-25 21:19:40 - Epoch 2/500 | LR=0.012000 | w_AVO=1.000 | w_P3=1.360 | lambda_MMD=0.100
2025-09-25 21:19:40 - Epoch Summary: TrainLoss=1.5814 | TrainAcc=0.573 | Val(P3)=0.694 | Val(AVO)=0.648
2025-09-25 21:19:40 - New best P3-val; checkpoint updated
2025-09-25 21:19:40 - Epoch 3/500 | LR=0.012000 | w_AVO=1.000 | w_P3=1.541 | lambda_MMD=0.150
2025-09-25 21:19:40 - Epoch Summary: TrainLoss=1.6856 | TrainAcc=0.601 | Val(P3)=0.613 | Val(AVO)=0.595
2025-09-25 21:19:40 - No P3-val improvement; patience remaining: 14/15
2025-09-25 21:19:40 - Epoch 4/500 | LR=0.011999 | w_AVO=1.000 | w_P3=1.721 | lambda_MMD=0.200
2025-09-25 21:19:40 - Epoch Summary: TrainLoss=1.7969 | TrainAcc=0.594 | Val(P3)=0.661 | Val(AVO)=0.617
2025-09-25 21:19:40 - No P3-val improvement; patience remaining: 13/15
2025-09-25 21:19:40 - Epoch 5/500 | LR=0.011998 | w_AVO=1.000 | w_P3=1.901 | lambda_MMD=0.250
2025-09-25 21:19:40 - Epoch Summary: TrainLoss=1.8883 | TrainAcc=0.617 | Val(P3)=0.629 | Val(AVO)=0.592
2025-09-25 21:19:40 - No P3-val improvement; patience remaining: 12/15
2025-09-25 21:19:40 - Epoch 6/500 | LR=0.011997 | w_AVO=1.000 | w_P3=1.901 | lambda_MMD=0.250
2025-09-25 21:19:41 - Epoch Summary: TrainLoss=1.8720 | TrainAcc=0.633 | Val(P3)=0.597 | Val(AVO)=0.592
2025-09-25 21:19:41 - No P3-val improvement; patience remaining: 11/15
2025-09-25 21:19:41 - P3 val decreasing 3x. Reducing w_small to 1.521, lambda_MMD to 0.125
2025-09-25 21:19:41 - Epoch 7/500 | LR=0.011996 | w_AVO=1.000 | w_P3=1.521 | lambda_MMD=0.125
2025-09-25 21:19:41 - Epoch Summary: TrainLoss=1.6003 | TrainAcc=0.635 | Val(P3)=0.645 | Val(AVO)=0.620
2025-09-25 21:19:41 - No P3-val improvement; patience remaining: 10/15
2025-09-25 21:19:41 - Epoch 8/500 | LR=0.011994 | w_AVO=1.000 | w_P3=1.901 | lambda_MMD=0.250
2025-09-25 21:19:41 - Epoch Summary: TrainLoss=1.8252 | TrainAcc=0.631 | Val(P3)=0.565 | Val(AVO)=0.598
2025-09-25 21:19:41 - No P3-val improvement; patience remaining: 9/15
2025-09-25 21:19:41 - Epoch 9/500 | LR=0.011992 | w_AVO=1.000 | w_P3=1.901 | lambda_MMD=0.250
2025-09-25 21:19:41 - Epoch Summary: TrainLoss=1.8020 | TrainAcc=0.643 | Val(P3)=0.629 | Val(AVO)=0.626
2025-09-25 21:19:41 - No P3-val improvement; patience remaining: 8/15
2025-09-25 21:19:41 - Epoch 10/500 | LR=0.011990 | w_AVO=1.000 | w_P3=1.901 | lambda_MMD=0.250
2025-09-25 21:19:42 - Epoch Summary: TrainLoss=1.7804 | TrainAcc=0.652 | Val(P3)=0.645 | Val(AVO)=0.592
2025-09-25 21:19:42 - No P3-val improvement; patience remaining: 7/15
2025-09-25 21:19:42 - Epoch 11/500 | LR=0.011988 | w_AVO=1.000 | w_P3=1.901 | lambda_MMD=0.250
2025-09-25 21:19:42 - Epoch Summary: TrainLoss=1.7575 | TrainAcc=0.654 | Val(P3)=0.597 | Val(AVO)=0.620
2025-09-25 21:19:42 - No P3-val improvement; patience remaining: 6/15
2025-09-25 21:19:42 - Epoch 12/500 | LR=0.011986 | w_AVO=1.000 | w_P3=1.901 | lambda_MMD=0.250
2025-09-25 21:19:42 - Epoch Summary: TrainLoss=1.7403 | TrainAcc=0.660 | Val(P3)=0.629 | Val(AVO)=0.614
2025-09-25 21:19:42 - No P3-val improvement; patience remaining: 5/15
2025-09-25 21:19:42 - Epoch 13/500 | LR=0.011983 | w_AVO=1.000 | w_P3=1.901 | lambda_MMD=0.250
2025-09-25 21:19:42 - Epoch Summary: TrainLoss=1.7272 | TrainAcc=0.655 | Val(P3)=0.613 | Val(AVO)=0.626
2025-09-25 21:19:42 - No P3-val improvement; patience remaining: 4/15
2025-09-25 21:19:42 - Epoch 14/500 | LR=0.011980 | w_AVO=1.000 | w_P3=1.901 | lambda_MMD=0.250
2025-09-25 21:19:42 - Epoch Summary: TrainLoss=1.7004 | TrainAcc=0.671 | Val(P3)=0.645 | Val(AVO)=0.648
2025-09-25 21:19:42 - No P3-val improvement; patience remaining: 3/15
2025-09-25 21:19:42 - Epoch 15/500 | LR=0.011977 | w_AVO=1.000 | w_P3=1.901 | lambda_MMD=0.250
2025-09-25 21:19:43 - Epoch Summary: TrainLoss=1.6730 | TrainAcc=0.658 | Val(P3)=0.677 | Val(AVO)=0.586
2025-09-25 21:19:43 - No P3-val improvement; patience remaining: 2/15
2025-09-25 21:19:43 - Epoch 16/500 | LR=0.011973 | w_AVO=1.000 | w_P3=1.901 | lambda_MMD=0.250
2025-09-25 21:19:43 - Epoch Summary: TrainLoss=1.6617 | TrainAcc=0.674 | Val(P3)=0.548 | Val(AVO)=0.657
2025-09-25 21:19:43 - No P3-val improvement; patience remaining: 1/15
2025-09-25 21:19:43 - Epoch 17/500 | LR=0.011970 | w_AVO=1.000 | w_P3=1.901 | lambda_MMD=0.250
2025-09-25 21:19:43 - Epoch Summary: TrainLoss=1.6270 | TrainAcc=0.677 | Val(P3)=0.629 | Val(AVO)=0.657
2025-09-25 21:19:43 - No P3-val improvement; patience remaining: 0/15
2025-09-25 21:19:43 - Early stopping triggered (P3-val)
2025-09-25 21:19:43 -     P3 Test | Acc=0.6139 P=0.5818 R=0.4571 F1=0.5120 AUC=0.6656 (n=158)
2025-09-25 21:19:43 -     AVO Test | Acc=0.6524 P=0.6391 R=0.7436 F1=0.6874 AUC=0.7064 (n=607)
2025-09-25 21:19:43 -     Overall Test Acc=0.6444
2025-09-25 21:19:43 -   Fold 3/5
2025-09-25 21:19:43 - Fold domains: small=P3 (n=582), large=AVO (n=2094)
2025-09-25 21:19:43 - Auto adjustments (symmetric): w_small≈1.000, lambda_MMD_target=0.250, warmup_epochs=5
2025-09-25 21:19:43 - Epoch 1/500 | LR=0.012000 | w_AVO=1.000 | w_P3=1.179 | lambda_MMD=0.050
2025-09-25 21:19:43 - Epoch Summary: TrainLoss=1.5645 | TrainAcc=0.525 | Val(P3)=0.607 | Val(AVO)=0.559
2025-09-25 21:19:43 - New best P3-val; checkpoint updated
2025-09-25 21:19:43 - Epoch 2/500 | LR=0.012000 | w_AVO=1.000 | w_P3=1.359 | lambda_MMD=0.100
2025-09-25 21:19:43 - Epoch Summary: TrainLoss=1.5631 | TrainAcc=0.591 | Val(P3)=0.672 | Val(AVO)=0.618
2025-09-25 21:19:43 - New best P3-val; checkpoint updated
2025-09-25 21:19:43 - Epoch 3/500 | LR=0.012000 | w_AVO=1.000 | w_P3=1.538 | lambda_MMD=0.150
2025-09-25 21:19:44 - Epoch Summary: TrainLoss=1.6622 | TrainAcc=0.608 | Val(P3)=0.689 | Val(AVO)=0.596
2025-09-25 21:19:44 - New best P3-val; checkpoint updated
2025-09-25 21:19:44 - Epoch 4/500 | LR=0.011999 | w_AVO=1.000 | w_P3=1.717 | lambda_MMD=0.200
2025-09-25 21:19:44 - Epoch Summary: TrainLoss=1.7589 | TrainAcc=0.622 | Val(P3)=0.672 | Val(AVO)=0.571
2025-09-25 21:19:44 - No P3-val improvement; patience remaining: 14/15
2025-09-25 21:19:44 - AVO val decreasing 3x. Reducing lambda_MMD to 0.175
2025-09-25 21:19:44 - Epoch 5/500 | LR=0.011998 | w_AVO=1.000 | w_P3=1.897 | lambda_MMD=0.175
2025-09-25 21:19:44 - Epoch Summary: TrainLoss=1.8637 | TrainAcc=0.630 | Val(P3)=0.639 | Val(AVO)=0.596
2025-09-25 21:19:44 - No P3-val improvement; patience remaining: 13/15
2025-09-25 21:19:44 - P3 val decreasing 3x. Reducing w_small to 1.517, lambda_MMD to 0.125
2025-09-25 21:19:44 - Epoch 6/500 | LR=0.011997 | w_AVO=1.000 | w_P3=1.517 | lambda_MMD=0.125
2025-09-25 21:19:44 - Epoch Summary: TrainLoss=1.6079 | TrainAcc=0.645 | Val(P3)=0.623 | Val(AVO)=0.565
2025-09-25 21:19:44 - No P3-val improvement; patience remaining: 12/15
2025-09-25 21:19:44 - P3 val decreasing 3x. Reducing w_small to 1.517, lambda_MMD to 0.125
2025-09-25 21:19:44 - Epoch 7/500 | LR=0.011996 | w_AVO=1.000 | w_P3=1.517 | lambda_MMD=0.125
2025-09-25 21:19:44 - Epoch Summary: TrainLoss=1.6028 | TrainAcc=0.625 | Val(P3)=0.639 | Val(AVO)=0.609
2025-09-25 21:19:44 - No P3-val improvement; patience remaining: 11/15
2025-09-25 21:19:44 - Epoch 8/500 | LR=0.011994 | w_AVO=1.000 | w_P3=1.897 | lambda_MMD=0.250
2025-09-25 21:19:45 - Epoch Summary: TrainLoss=1.8233 | TrainAcc=0.647 | Val(P3)=0.623 | Val(AVO)=0.593
2025-09-25 21:19:45 - No P3-val improvement; patience remaining: 10/15
2025-09-25 21:19:45 - Epoch 9/500 | LR=0.011992 | w_AVO=1.000 | w_P3=1.897 | lambda_MMD=0.250
2025-09-25 21:19:45 - Epoch Summary: TrainLoss=1.8004 | TrainAcc=0.643 | Val(P3)=0.623 | Val(AVO)=0.578
2025-09-25 21:19:45 - No P3-val improvement; patience remaining: 9/15
2025-09-25 21:19:45 - AVO val decreasing 3x. Reducing lambda_MMD to 0.175
2025-09-25 21:19:45 - Epoch 10/500 | LR=0.011990 | w_AVO=1.000 | w_P3=1.897 | lambda_MMD=0.175
2025-09-25 21:19:45 - Epoch Summary: TrainLoss=1.7669 | TrainAcc=0.656 | Val(P3)=0.639 | Val(AVO)=0.602
2025-09-25 21:19:45 - No P3-val improvement; patience remaining: 8/15
2025-09-25 21:19:45 - Epoch 11/500 | LR=0.011988 | w_AVO=1.000 | w_P3=1.897 | lambda_MMD=0.250
2025-09-25 21:19:45 - Epoch Summary: TrainLoss=1.7560 | TrainAcc=0.657 | Val(P3)=0.656 | Val(AVO)=0.587
2025-09-25 21:19:45 - No P3-val improvement; patience remaining: 7/15
2025-09-25 21:19:45 - Epoch 12/500 | LR=0.011986 | w_AVO=1.000 | w_P3=1.897 | lambda_MMD=0.250
2025-09-25 21:19:45 - Epoch Summary: TrainLoss=1.7303 | TrainAcc=0.642 | Val(P3)=0.639 | Val(AVO)=0.596
2025-09-25 21:19:45 - No P3-val improvement; patience remaining: 6/15
2025-09-25 21:19:45 - Epoch 13/500 | LR=0.011983 | w_AVO=1.000 | w_P3=1.897 | lambda_MMD=0.250
2025-09-25 21:19:46 - Epoch Summary: TrainLoss=1.6937 | TrainAcc=0.662 | Val(P3)=0.656 | Val(AVO)=0.621
2025-09-25 21:19:46 - No P3-val improvement; patience remaining: 5/15
2025-09-25 21:19:46 - Epoch 14/500 | LR=0.011980 | w_AVO=1.000 | w_P3=1.897 | lambda_MMD=0.250
2025-09-25 21:19:46 - Epoch Summary: TrainLoss=1.6660 | TrainAcc=0.667 | Val(P3)=0.623 | Val(AVO)=0.615
2025-09-25 21:19:46 - No P3-val improvement; patience remaining: 4/15
2025-09-25 21:19:46 - Epoch 15/500 | LR=0.011977 | w_AVO=1.000 | w_P3=1.897 | lambda_MMD=0.250
2025-09-25 21:19:46 - Epoch Summary: TrainLoss=1.6414 | TrainAcc=0.669 | Val(P3)=0.623 | Val(AVO)=0.596
2025-09-25 21:19:46 - No P3-val improvement; patience remaining: 3/15
2025-09-25 21:19:46 - AVO val decreasing 3x. Reducing lambda_MMD to 0.175
2025-09-25 21:19:46 - Epoch 16/500 | LR=0.011973 | w_AVO=1.000 | w_P3=1.897 | lambda_MMD=0.175
2025-09-25 21:19:46 - Epoch Summary: TrainLoss=1.6316 | TrainAcc=0.661 | Val(P3)=0.623 | Val(AVO)=0.590
2025-09-25 21:19:46 - No P3-val improvement; patience remaining: 2/15
2025-09-25 21:19:46 - AVO val decreasing 3x. Reducing lambda_MMD to 0.175
2025-09-25 21:19:46 - Epoch 17/500 | LR=0.011970 | w_AVO=1.000 | w_P3=1.897 | lambda_MMD=0.175
2025-09-25 21:19:47 - Epoch Summary: TrainLoss=1.5834 | TrainAcc=0.677 | Val(P3)=0.574 | Val(AVO)=0.627
2025-09-25 21:19:47 - No P3-val improvement; patience remaining: 1/15
2025-09-25 21:19:47 - Epoch 18/500 | LR=0.011966 | w_AVO=1.000 | w_P3=1.897 | lambda_MMD=0.250
2025-09-25 21:19:47 - Epoch Summary: TrainLoss=1.5813 | TrainAcc=0.681 | Val(P3)=0.574 | Val(AVO)=0.627
2025-09-25 21:19:47 - No P3-val improvement; patience remaining: 0/15
2025-09-25 21:19:47 - Early stopping triggered (P3-val)
2025-09-25 21:19:47 -     P3 Test | Acc=0.5478 P=0.6379 R=0.4253 F1=0.5103 AUC=0.5929 (n=157)
2025-09-25 21:19:47 -     AVO Test | Acc=0.6102 P=0.5908 R=0.6486 F1=0.6184 AUC=0.6717 (n=608)
2025-09-25 21:19:47 -     Overall Test Acc=0.5974
2025-09-25 21:19:47 -   Fold 4/5
2025-09-25 21:19:47 - Fold domains: small=P3 (n=580), large=AVO (n=2096)
2025-09-25 21:19:47 - Auto adjustments (symmetric): w_small≈1.000, lambda_MMD_target=0.250, warmup_epochs=5
2025-09-25 21:19:47 - Epoch 1/500 | LR=0.012000 | w_AVO=1.000 | w_P3=1.180 | lambda_MMD=0.050
2025-09-25 21:19:47 - Epoch Summary: TrainLoss=1.6037 | TrainAcc=0.519 | Val(P3)=0.533 | Val(AVO)=0.576
2025-09-25 21:19:47 - New best P3-val; checkpoint updated
2025-09-25 21:19:47 - Epoch 2/500 | LR=0.012000 | w_AVO=1.000 | w_P3=1.360 | lambda_MMD=0.100
2025-09-25 21:19:47 - Epoch Summary: TrainLoss=1.5704 | TrainAcc=0.598 | Val(P3)=0.550 | Val(AVO)=0.601
2025-09-25 21:19:47 - New best P3-val; checkpoint updated
2025-09-25 21:19:47 - Epoch 3/500 | LR=0.012000 | w_AVO=1.000 | w_P3=1.541 | lambda_MMD=0.150
2025-09-25 21:19:47 - Epoch Summary: TrainLoss=1.6793 | TrainAcc=0.602 | Val(P3)=0.517 | Val(AVO)=0.594
2025-09-25 21:19:47 - No P3-val improvement; patience remaining: 14/15
2025-09-25 21:19:47 - Epoch 4/500 | LR=0.011999 | w_AVO=1.000 | w_P3=1.721 | lambda_MMD=0.200
2025-09-25 21:19:48 - Epoch Summary: TrainLoss=1.7712 | TrainAcc=0.622 | Val(P3)=0.567 | Val(AVO)=0.576
2025-09-25 21:19:48 - New best P3-val; checkpoint updated
2025-09-25 21:19:48 - AVO val decreasing 3x. Reducing lambda_MMD to 0.175
2025-09-25 21:19:48 - Epoch 5/500 | LR=0.011998 | w_AVO=1.000 | w_P3=1.901 | lambda_MMD=0.175
2025-09-25 21:19:48 - Epoch Summary: TrainLoss=1.8711 | TrainAcc=0.647 | Val(P3)=0.533 | Val(AVO)=0.601
2025-09-25 21:19:48 - No P3-val improvement; patience remaining: 14/15
2025-09-25 21:19:48 - Epoch 6/500 | LR=0.011997 | w_AVO=1.000 | w_P3=1.901 | lambda_MMD=0.250
2025-09-25 21:19:48 - Epoch Summary: TrainLoss=1.8665 | TrainAcc=0.645 | Val(P3)=0.550 | Val(AVO)=0.610
2025-09-25 21:19:48 - No P3-val improvement; patience remaining: 13/15
2025-09-25 21:19:48 - Epoch 7/500 | LR=0.011996 | w_AVO=1.000 | w_P3=1.901 | lambda_MMD=0.250
2025-09-25 21:19:48 - Epoch Summary: TrainLoss=1.8514 | TrainAcc=0.637 | Val(P3)=0.533 | Val(AVO)=0.591
2025-09-25 21:19:48 - No P3-val improvement; patience remaining: 12/15
2025-09-25 21:19:48 - Epoch 8/500 | LR=0.011994 | w_AVO=1.000 | w_P3=1.901 | lambda_MMD=0.250
2025-09-25 21:19:49 - Epoch Summary: TrainLoss=1.8180 | TrainAcc=0.641 | Val(P3)=0.550 | Val(AVO)=0.548
2025-09-25 21:19:49 - No P3-val improvement; patience remaining: 11/15
2025-09-25 21:19:49 - AVO val decreasing 3x. Reducing lambda_MMD to 0.175
2025-09-25 21:19:49 - Epoch 9/500 | LR=0.011992 | w_AVO=1.000 | w_P3=1.901 | lambda_MMD=0.175
2025-09-25 21:19:49 - Epoch Summary: TrainLoss=1.7932 | TrainAcc=0.633 | Val(P3)=0.533 | Val(AVO)=0.579
2025-09-25 21:19:49 - No P3-val improvement; patience remaining: 10/15
2025-09-25 21:19:49 - Epoch 10/500 | LR=0.011990 | w_AVO=1.000 | w_P3=1.901 | lambda_MMD=0.250
2025-09-25 21:19:49 - Epoch Summary: TrainLoss=1.7732 | TrainAcc=0.659 | Val(P3)=0.517 | Val(AVO)=0.588
2025-09-25 21:19:49 - No P3-val improvement; patience remaining: 9/15
2025-09-25 21:19:49 - P3 val decreasing 3x. Reducing w_small to 1.521, lambda_MMD to 0.125
2025-09-25 21:19:49 - Epoch 11/500 | LR=0.011988 | w_AVO=1.000 | w_P3=1.521 | lambda_MMD=0.125
2025-09-25 21:19:49 - Epoch Summary: TrainLoss=1.5225 | TrainAcc=0.661 | Val(P3)=0.500 | Val(AVO)=0.601
2025-09-25 21:19:49 - No P3-val improvement; patience remaining: 8/15
2025-09-25 21:19:49 - P3 val decreasing 3x. Reducing w_small to 1.521, lambda_MMD to 0.125
2025-09-25 21:19:49 - Epoch 12/500 | LR=0.011986 | w_AVO=1.000 | w_P3=1.521 | lambda_MMD=0.125
2025-09-25 21:19:49 - Epoch Summary: TrainLoss=1.5098 | TrainAcc=0.660 | Val(P3)=0.500 | Val(AVO)=0.582
2025-09-25 21:19:49 - No P3-val improvement; patience remaining: 7/15
2025-09-25 21:19:49 - Epoch 13/500 | LR=0.011983 | w_AVO=1.000 | w_P3=1.901 | lambda_MMD=0.250
2025-09-25 21:19:50 - Epoch Summary: TrainLoss=1.7054 | TrainAcc=0.661 | Val(P3)=0.483 | Val(AVO)=0.622
2025-09-25 21:19:50 - No P3-val improvement; patience remaining: 6/15
2025-09-25 21:19:50 - Epoch 14/500 | LR=0.011980 | w_AVO=1.000 | w_P3=1.901 | lambda_MMD=0.250
2025-09-25 21:19:50 - Epoch Summary: TrainLoss=1.6967 | TrainAcc=0.665 | Val(P3)=0.517 | Val(AVO)=0.607
2025-09-25 21:19:50 - No P3-val improvement; patience remaining: 5/15
2025-09-25 21:19:50 - Epoch 15/500 | LR=0.011977 | w_AVO=1.000 | w_P3=1.901 | lambda_MMD=0.250
2025-09-25 21:19:50 - Epoch Summary: TrainLoss=1.6642 | TrainAcc=0.668 | Val(P3)=0.517 | Val(AVO)=0.570
2025-09-25 21:19:50 - No P3-val improvement; patience remaining: 4/15
2025-09-25 21:19:50 - AVO val decreasing 3x. Reducing lambda_MMD to 0.175
2025-09-25 21:19:50 - Epoch 16/500 | LR=0.011973 | w_AVO=1.000 | w_P3=1.901 | lambda_MMD=0.175
2025-09-25 21:19:50 - Epoch Summary: TrainLoss=1.6523 | TrainAcc=0.671 | Val(P3)=0.517 | Val(AVO)=0.582
2025-09-25 21:19:50 - No P3-val improvement; patience remaining: 3/15
2025-09-25 21:19:50 - Epoch 17/500 | LR=0.011970 | w_AVO=1.000 | w_P3=1.901 | lambda_MMD=0.250
2025-09-25 21:19:50 - Epoch Summary: TrainLoss=1.6300 | TrainAcc=0.667 | Val(P3)=0.533 | Val(AVO)=0.567
2025-09-25 21:19:50 - No P3-val improvement; patience remaining: 2/15
2025-09-25 21:19:50 - Epoch 18/500 | LR=0.011966 | w_AVO=1.000 | w_P3=1.901 | lambda_MMD=0.250
2025-09-25 21:19:51 - Epoch Summary: TrainLoss=1.6245 | TrainAcc=0.661 | Val(P3)=0.533 | Val(AVO)=0.582
2025-09-25 21:19:51 - No P3-val improvement; patience remaining: 1/15
2025-09-25 21:19:51 - Epoch 19/500 | LR=0.011962 | w_AVO=1.000 | w_P3=1.901 | lambda_MMD=0.250
2025-09-25 21:19:51 - Epoch Summary: TrainLoss=1.6137 | TrainAcc=0.678 | Val(P3)=0.567 | Val(AVO)=0.598
2025-09-25 21:19:51 - No P3-val improvement; patience remaining: 0/15
2025-09-25 21:19:51 - Early stopping triggered (P3-val)
2025-09-25 21:19:51 -     P3 Test | Acc=0.6562 P=0.6173 R=0.6757 F1=0.6452 AUC=0.6963 (n=160)
2025-09-25 21:19:51 -     AVO Test | Acc=0.6149 P=0.5852 R=0.8447 F1=0.6914 AUC=0.7031 (n=605)
2025-09-25 21:19:51 -     Overall Test Acc=0.6235
2025-09-25 21:19:51 -   Fold 5/5
2025-09-25 21:19:51 - Fold domains: small=P3 (n=572), large=AVO (n=2105)
2025-09-25 21:19:51 - Auto adjustments (symmetric): w_small≈1.000, lambda_MMD_target=0.250, warmup_epochs=5
2025-09-25 21:19:51 - Epoch 1/500 | LR=0.012000 | w_AVO=1.000 | w_P3=1.184 | lambda_MMD=0.050
2025-09-25 21:19:51 - Epoch Summary: TrainLoss=1.5623 | TrainAcc=0.532 | Val(P3)=0.541 | Val(AVO)=0.578
2025-09-25 21:19:51 - New best P3-val; checkpoint updated
2025-09-25 21:19:51 - Epoch 2/500 | LR=0.012000 | w_AVO=1.000 | w_P3=1.367 | lambda_MMD=0.100
2025-09-25 21:19:51 - Epoch Summary: TrainLoss=1.5687 | TrainAcc=0.567 | Val(P3)=0.672 | Val(AVO)=0.624
2025-09-25 21:19:51 - New best P3-val; checkpoint updated
2025-09-25 21:19:51 - Epoch 3/500 | LR=0.012000 | w_AVO=1.000 | w_P3=1.551 | lambda_MMD=0.150
2025-09-25 21:19:51 - Epoch Summary: TrainLoss=1.6719 | TrainAcc=0.595 | Val(P3)=0.623 | Val(AVO)=0.593
2025-09-25 21:19:51 - No P3-val improvement; patience remaining: 14/15
2025-09-25 21:19:51 - Epoch 4/500 | LR=0.011999 | w_AVO=1.000 | w_P3=1.735 | lambda_MMD=0.200
2025-09-25 21:19:52 - Epoch Summary: TrainLoss=1.7820 | TrainAcc=0.598 | Val(P3)=0.689 | Val(AVO)=0.646
2025-09-25 21:19:52 - New best P3-val; checkpoint updated
2025-09-25 21:19:52 - Epoch 5/500 | LR=0.011998 | w_AVO=1.000 | w_P3=1.918 | lambda_MMD=0.250
2025-09-25 21:19:52 - Epoch Summary: TrainLoss=1.8704 | TrainAcc=0.614 | Val(P3)=0.590 | Val(AVO)=0.630
2025-09-25 21:19:52 - No P3-val improvement; patience remaining: 14/15
2025-09-25 21:19:52 - Epoch 6/500 | LR=0.011997 | w_AVO=1.000 | w_P3=1.918 | lambda_MMD=0.250
2025-09-25 21:19:52 - Epoch Summary: TrainLoss=1.8635 | TrainAcc=0.612 | Val(P3)=0.574 | Val(AVO)=0.624
2025-09-25 21:19:52 - No P3-val improvement; patience remaining: 13/15
2025-09-25 21:19:52 - P3 val decreasing 3x. Reducing w_small to 1.535, lambda_MMD to 0.125
2025-09-25 21:19:52 - AVO val decreasing 3x. Reducing lambda_MMD to 0.087
2025-09-25 21:19:52 - Epoch 7/500 | LR=0.011996 | w_AVO=1.000 | w_P3=1.535 | lambda_MMD=0.087
2025-09-25 21:19:52 - Epoch Summary: TrainLoss=1.5871 | TrainAcc=0.643 | Val(P3)=0.623 | Val(AVO)=0.627
2025-09-25 21:19:52 - No P3-val improvement; patience remaining: 12/15
2025-09-25 21:19:52 - Epoch 8/500 | LR=0.011994 | w_AVO=1.000 | w_P3=1.918 | lambda_MMD=0.250
2025-09-25 21:19:53 - Epoch Summary: TrainLoss=1.8014 | TrainAcc=0.639 | Val(P3)=0.525 | Val(AVO)=0.618
2025-09-25 21:19:53 - No P3-val improvement; patience remaining: 11/15
2025-09-25 21:19:53 - Epoch 9/500 | LR=0.011992 | w_AVO=1.000 | w_P3=1.918 | lambda_MMD=0.250
2025-09-25 21:19:53 - Epoch Summary: TrainLoss=1.7908 | TrainAcc=0.655 | Val(P3)=0.541 | Val(AVO)=0.606
2025-09-25 21:19:53 - No P3-val improvement; patience remaining: 10/15
2025-09-25 21:19:53 - AVO val decreasing 3x. Reducing lambda_MMD to 0.175
2025-09-25 21:19:53 - Epoch 10/500 | LR=0.011990 | w_AVO=1.000 | w_P3=1.918 | lambda_MMD=0.175
2025-09-25 21:19:53 - Epoch Summary: TrainLoss=1.7825 | TrainAcc=0.647 | Val(P3)=0.525 | Val(AVO)=0.615
2025-09-25 21:19:53 - No P3-val improvement; patience remaining: 9/15
2025-09-25 21:19:53 - Epoch 11/500 | LR=0.011988 | w_AVO=1.000 | w_P3=1.918 | lambda_MMD=0.250
2025-09-25 21:19:53 - Epoch Summary: TrainLoss=1.7564 | TrainAcc=0.639 | Val(P3)=0.541 | Val(AVO)=0.599
2025-09-25 21:19:53 - No P3-val improvement; patience remaining: 8/15
2025-09-25 21:19:53 - Epoch 12/500 | LR=0.011986 | w_AVO=1.000 | w_P3=1.918 | lambda_MMD=0.250
2025-09-25 21:19:53 - Epoch Summary: TrainLoss=1.7266 | TrainAcc=0.655 | Val(P3)=0.508 | Val(AVO)=0.618
2025-09-25 21:19:53 - No P3-val improvement; patience remaining: 7/15
2025-09-25 21:19:53 - Epoch 13/500 | LR=0.011983 | w_AVO=1.000 | w_P3=1.918 | lambda_MMD=0.250
2025-09-25 21:19:54 - Epoch Summary: TrainLoss=1.7015 | TrainAcc=0.652 | Val(P3)=0.508 | Val(AVO)=0.615
2025-09-25 21:19:54 - No P3-val improvement; patience remaining: 6/15
2025-09-25 21:19:54 - Epoch 14/500 | LR=0.011980 | w_AVO=1.000 | w_P3=1.918 | lambda_MMD=0.250
2025-09-25 21:19:54 - Epoch Summary: TrainLoss=1.6943 | TrainAcc=0.658 | Val(P3)=0.525 | Val(AVO)=0.596
2025-09-25 21:19:54 - No P3-val improvement; patience remaining: 5/15
2025-09-25 21:19:54 - AVO val decreasing 3x. Reducing lambda_MMD to 0.175
2025-09-25 21:19:54 - Epoch 15/500 | LR=0.011977 | w_AVO=1.000 | w_P3=1.918 | lambda_MMD=0.175
2025-09-25 21:19:54 - Epoch Summary: TrainLoss=1.6691 | TrainAcc=0.659 | Val(P3)=0.525 | Val(AVO)=0.618
2025-09-25 21:19:54 - No P3-val improvement; patience remaining: 4/15
2025-09-25 21:19:54 - Epoch 16/500 | LR=0.011973 | w_AVO=1.000 | w_P3=1.918 | lambda_MMD=0.250
2025-09-25 21:19:54 - Epoch Summary: TrainLoss=1.6450 | TrainAcc=0.654 | Val(P3)=0.525 | Val(AVO)=0.615
2025-09-25 21:19:54 - No P3-val improvement; patience remaining: 3/15
2025-09-25 21:19:54 - Epoch 17/500 | LR=0.011970 | w_AVO=1.000 | w_P3=1.918 | lambda_MMD=0.250
2025-09-25 21:19:54 - Epoch Summary: TrainLoss=1.6233 | TrainAcc=0.659 | Val(P3)=0.475 | Val(AVO)=0.618
2025-09-25 21:19:54 - No P3-val improvement; patience remaining: 2/15
2025-09-25 21:19:54 - Epoch 18/500 | LR=0.011966 | w_AVO=1.000 | w_P3=1.918 | lambda_MMD=0.250
2025-09-25 21:19:55 - Epoch Summary: TrainLoss=1.6146 | TrainAcc=0.665 | Val(P3)=0.492 | Val(AVO)=0.609
2025-09-25 21:19:55 - No P3-val improvement; patience remaining: 1/15
2025-09-25 21:19:55 - Epoch 19/500 | LR=0.011962 | w_AVO=1.000 | w_P3=1.918 | lambda_MMD=0.250
2025-09-25 21:19:55 - Epoch Summary: TrainLoss=1.5776 | TrainAcc=0.662 | Val(P3)=0.475 | Val(AVO)=0.627
2025-09-25 21:19:55 - No P3-val improvement; patience remaining: 0/15
2025-09-25 21:19:55 - Early stopping triggered (P3-val)
2025-09-25 21:19:55 -     P3 Test | Acc=0.6287 P=0.6211 R=0.6941 F1=0.6556 AUC=0.6644 (n=167)
2025-09-25 21:19:55 -     AVO Test | Acc=0.6365 P=0.5957 R=0.8384 F1=0.6965 AUC=0.7192 (n=597)
2025-09-25 21:19:55 -     Overall Test Acc=0.6348
2025-09-25 21:19:55 - Repeat 5/5
2025-09-25 21:19:55 -   Fold 1/5
2025-09-25 21:19:55 - Fold domains: small=P3 (n=574), large=AVO (n=2102)
2025-09-25 21:19:55 - Auto adjustments (symmetric): w_small≈1.000, lambda_MMD_target=0.250, warmup_epochs=5
2025-09-25 21:19:55 - Epoch 1/500 | LR=0.012000 | w_AVO=1.000 | w_P3=1.183 | lambda_MMD=0.050
2025-09-25 21:19:55 - Epoch Summary: TrainLoss=1.5969 | TrainAcc=0.511 | Val(P3)=0.661 | Val(AVO)=0.583
2025-09-25 21:19:55 - New best P3-val; checkpoint updated
2025-09-25 21:19:55 - Epoch 2/500 | LR=0.012000 | w_AVO=1.000 | w_P3=1.365 | lambda_MMD=0.100
2025-09-25 21:19:55 - Epoch Summary: TrainLoss=1.5841 | TrainAcc=0.578 | Val(P3)=0.629 | Val(AVO)=0.576
2025-09-25 21:19:55 - No P3-val improvement; patience remaining: 14/15
2025-09-25 21:19:55 - Epoch 3/500 | LR=0.012000 | w_AVO=1.000 | w_P3=1.548 | lambda_MMD=0.150
2025-09-25 21:19:56 - Epoch Summary: TrainLoss=1.6684 | TrainAcc=0.605 | Val(P3)=0.661 | Val(AVO)=0.570
2025-09-25 21:19:56 - No P3-val improvement; patience remaining: 13/15
2025-09-25 21:19:56 - AVO val decreasing 3x. Reducing lambda_MMD to 0.140
2025-09-25 21:19:56 - Epoch 4/500 | LR=0.011999 | w_AVO=1.000 | w_P3=1.731 | lambda_MMD=0.140
2025-09-25 21:19:56 - Epoch Summary: TrainLoss=1.7696 | TrainAcc=0.621 | Val(P3)=0.661 | Val(AVO)=0.576
2025-09-25 21:19:56 - No P3-val improvement; patience remaining: 12/15
2025-09-25 21:19:56 - Epoch 5/500 | LR=0.011998 | w_AVO=1.000 | w_P3=1.914 | lambda_MMD=0.250
2025-09-25 21:19:56 - Epoch Summary: TrainLoss=1.8682 | TrainAcc=0.633 | Val(P3)=0.677 | Val(AVO)=0.620
2025-09-25 21:19:56 - New best P3-val; checkpoint updated
2025-09-25 21:19:56 - Epoch 6/500 | LR=0.011997 | w_AVO=1.000 | w_P3=1.914 | lambda_MMD=0.250
2025-09-25 21:19:56 - Epoch Summary: TrainLoss=1.8466 | TrainAcc=0.632 | Val(P3)=0.597 | Val(AVO)=0.626
2025-09-25 21:19:56 - No P3-val improvement; patience remaining: 14/15
2025-09-25 21:19:56 - Epoch 7/500 | LR=0.011996 | w_AVO=1.000 | w_P3=1.914 | lambda_MMD=0.250
2025-09-25 21:19:56 - Epoch Summary: TrainLoss=1.8112 | TrainAcc=0.650 | Val(P3)=0.548 | Val(AVO)=0.614
2025-09-25 21:19:56 - No P3-val improvement; patience remaining: 13/15
2025-09-25 21:19:56 - P3 val decreasing 3x. Reducing w_small to 1.531, lambda_MMD to 0.125
2025-09-25 21:19:56 - Epoch 8/500 | LR=0.011994 | w_AVO=1.000 | w_P3=1.531 | lambda_MMD=0.125
2025-09-25 21:19:56 - Epoch Summary: TrainLoss=1.5668 | TrainAcc=0.659 | Val(P3)=0.581 | Val(AVO)=0.636
2025-09-25 21:19:56 - No P3-val improvement; patience remaining: 12/15
2025-09-25 21:19:56 - Epoch 9/500 | LR=0.011992 | w_AVO=1.000 | w_P3=1.914 | lambda_MMD=0.250
2025-09-25 21:19:57 - Epoch Summary: TrainLoss=1.7593 | TrainAcc=0.651 | Val(P3)=0.613 | Val(AVO)=0.642
2025-09-25 21:19:57 - No P3-val improvement; patience remaining: 11/15
2025-09-25 21:19:57 - Epoch 10/500 | LR=0.011990 | w_AVO=1.000 | w_P3=1.914 | lambda_MMD=0.250
2025-09-25 21:19:57 - Epoch Summary: TrainLoss=1.7497 | TrainAcc=0.653 | Val(P3)=0.613 | Val(AVO)=0.639
2025-09-25 21:19:57 - No P3-val improvement; patience remaining: 10/15
2025-09-25 21:19:57 - Epoch 11/500 | LR=0.011988 | w_AVO=1.000 | w_P3=1.914 | lambda_MMD=0.250
2025-09-25 21:19:57 - Epoch Summary: TrainLoss=1.7279 | TrainAcc=0.665 | Val(P3)=0.629 | Val(AVO)=0.623
2025-09-25 21:19:57 - No P3-val improvement; patience remaining: 9/15
2025-09-25 21:19:57 - AVO val decreasing 3x. Reducing lambda_MMD to 0.175
2025-09-25 21:19:57 - Epoch 12/500 | LR=0.011986 | w_AVO=1.000 | w_P3=1.914 | lambda_MMD=0.175
2025-09-25 21:19:57 - Epoch Summary: TrainLoss=1.7214 | TrainAcc=0.655 | Val(P3)=0.613 | Val(AVO)=0.629
2025-09-25 21:19:57 - No P3-val improvement; patience remaining: 8/15
2025-09-25 21:19:57 - Epoch 13/500 | LR=0.011983 | w_AVO=1.000 | w_P3=1.914 | lambda_MMD=0.250
2025-09-25 21:19:57 - Epoch Summary: TrainLoss=1.6730 | TrainAcc=0.658 | Val(P3)=0.597 | Val(AVO)=0.623
2025-09-25 21:19:57 - No P3-val improvement; patience remaining: 7/15
2025-09-25 21:19:57 - P3 val decreasing 3x. Reducing w_small to 1.531, lambda_MMD to 0.125
2025-09-25 21:19:57 - Epoch 14/500 | LR=0.011980 | w_AVO=1.000 | w_P3=1.531 | lambda_MMD=0.125
2025-09-25 21:19:58 - Epoch Summary: TrainLoss=1.4246 | TrainAcc=0.675 | Val(P3)=0.613 | Val(AVO)=0.626
2025-09-25 21:19:58 - No P3-val improvement; patience remaining: 6/15
2025-09-25 21:19:58 - Epoch 15/500 | LR=0.011977 | w_AVO=1.000 | w_P3=1.914 | lambda_MMD=0.250
2025-09-25 21:19:58 - Epoch Summary: TrainLoss=1.6263 | TrainAcc=0.671 | Val(P3)=0.581 | Val(AVO)=0.623
2025-09-25 21:19:58 - No P3-val improvement; patience remaining: 5/15
2025-09-25 21:19:58 - Epoch 16/500 | LR=0.011973 | w_AVO=1.000 | w_P3=1.914 | lambda_MMD=0.250
2025-09-25 21:19:58 - Epoch Summary: TrainLoss=1.6114 | TrainAcc=0.681 | Val(P3)=0.565 | Val(AVO)=0.626
2025-09-25 21:19:58 - No P3-val improvement; patience remaining: 4/15
2025-09-25 21:19:58 - P3 val decreasing 3x. Reducing w_small to 1.531, lambda_MMD to 0.125
2025-09-25 21:19:58 - Epoch 17/500 | LR=0.011970 | w_AVO=1.000 | w_P3=1.531 | lambda_MMD=0.125
2025-09-25 21:19:58 - Epoch Summary: TrainLoss=1.3876 | TrainAcc=0.678 | Val(P3)=0.597 | Val(AVO)=0.636
2025-09-25 21:19:58 - No P3-val improvement; patience remaining: 3/15
2025-09-25 21:19:58 - Epoch 18/500 | LR=0.011966 | w_AVO=1.000 | w_P3=1.914 | lambda_MMD=0.250
2025-09-25 21:19:58 - Epoch Summary: TrainLoss=1.5951 | TrainAcc=0.680 | Val(P3)=0.597 | Val(AVO)=0.636
2025-09-25 21:19:58 - No P3-val improvement; patience remaining: 2/15
2025-09-25 21:19:58 - Epoch 19/500 | LR=0.011962 | w_AVO=1.000 | w_P3=1.914 | lambda_MMD=0.250
2025-09-25 21:19:59 - Epoch Summary: TrainLoss=1.5773 | TrainAcc=0.670 | Val(P3)=0.597 | Val(AVO)=0.648
2025-09-25 21:19:59 - No P3-val improvement; patience remaining: 1/15
2025-09-25 21:19:59 - Epoch 20/500 | LR=0.011957 | w_AVO=1.000 | w_P3=1.914 | lambda_MMD=0.250
2025-09-25 21:19:59 - Epoch Summary: TrainLoss=1.5316 | TrainAcc=0.669 | Val(P3)=0.581 | Val(AVO)=0.626
2025-09-25 21:19:59 - No P3-val improvement; patience remaining: 0/15
2025-09-25 21:19:59 - Early stopping triggered (P3-val)
2025-09-25 21:19:59 -     P3 Test | Acc=0.5793 P=0.6216 R=0.5287 F1=0.5714 AUC=0.6177 (n=164)
2025-09-25 21:19:59 -     AVO Test | Acc=0.6023 P=0.5642 R=0.8339 F1=0.6731 AUC=0.6993 (n=601)
2025-09-25 21:19:59 -     Overall Test Acc=0.5974
2025-09-25 21:19:59 -   Fold 2/5
2025-09-25 21:19:59 - Fold domains: small=P3 (n=578), large=AVO (n=2098)
2025-09-25 21:19:59 - Auto adjustments (symmetric): w_small≈1.000, lambda_MMD_target=0.250, warmup_epochs=5
2025-09-25 21:19:59 - Epoch 1/500 | LR=0.012000 | w_AVO=1.000 | w_P3=1.181 | lambda_MMD=0.050
2025-09-25 21:19:59 - Epoch Summary: TrainLoss=1.6172 | TrainAcc=0.539 | Val(P3)=0.710 | Val(AVO)=0.583
2025-09-25 21:19:59 - New best P3-val; checkpoint updated
2025-09-25 21:19:59 - Epoch 2/500 | LR=0.012000 | w_AVO=1.000 | w_P3=1.362 | lambda_MMD=0.100
2025-09-25 21:19:59 - Epoch Summary: TrainLoss=1.5702 | TrainAcc=0.599 | Val(P3)=0.726 | Val(AVO)=0.598
2025-09-25 21:19:59 - New best P3-val; checkpoint updated
2025-09-25 21:19:59 - Epoch 3/500 | LR=0.012000 | w_AVO=1.000 | w_P3=1.543 | lambda_MMD=0.150
2025-09-25 21:20:00 - Epoch Summary: TrainLoss=1.6688 | TrainAcc=0.608 | Val(P3)=0.742 | Val(AVO)=0.620
2025-09-25 21:20:00 - New best P3-val; checkpoint updated
2025-09-25 21:20:00 - Epoch 4/500 | LR=0.011999 | w_AVO=1.000 | w_P3=1.724 | lambda_MMD=0.200
2025-09-25 21:20:00 - Epoch Summary: TrainLoss=1.7630 | TrainAcc=0.635 | Val(P3)=0.710 | Val(AVO)=0.620
2025-09-25 21:20:00 - No P3-val improvement; patience remaining: 14/15
2025-09-25 21:20:00 - Epoch 5/500 | LR=0.011998 | w_AVO=1.000 | w_P3=1.905 | lambda_MMD=0.250
2025-09-25 21:20:00 - Epoch Summary: TrainLoss=1.8781 | TrainAcc=0.644 | Val(P3)=0.661 | Val(AVO)=0.645
2025-09-25 21:20:00 - No P3-val improvement; patience remaining: 13/15
2025-09-25 21:20:00 - P3 val decreasing 3x. Reducing w_small to 1.524, lambda_MMD to 0.125
2025-09-25 21:20:00 - Epoch 6/500 | LR=0.011997 | w_AVO=1.000 | w_P3=1.524 | lambda_MMD=0.125
2025-09-25 21:20:00 - Epoch Summary: TrainLoss=1.6017 | TrainAcc=0.647 | Val(P3)=0.694 | Val(AVO)=0.645
2025-09-25 21:20:00 - No P3-val improvement; patience remaining: 12/15
2025-09-25 21:20:00 - Epoch 7/500 | LR=0.011996 | w_AVO=1.000 | w_P3=1.905 | lambda_MMD=0.250
2025-09-25 21:20:00 - Epoch Summary: TrainLoss=1.8355 | TrainAcc=0.655 | Val(P3)=0.661 | Val(AVO)=0.645
2025-09-25 21:20:00 - No P3-val improvement; patience remaining: 11/15
2025-09-25 21:20:00 - Epoch 8/500 | LR=0.011994 | w_AVO=1.000 | w_P3=1.905 | lambda_MMD=0.250
2025-09-25 21:20:01 - Epoch Summary: TrainLoss=1.8177 | TrainAcc=0.655 | Val(P3)=0.694 | Val(AVO)=0.651
2025-09-25 21:20:01 - No P3-val improvement; patience remaining: 10/15
2025-09-25 21:20:01 - Epoch 9/500 | LR=0.011992 | w_AVO=1.000 | w_P3=1.905 | lambda_MMD=0.250
2025-09-25 21:20:01 - Epoch Summary: TrainLoss=1.8016 | TrainAcc=0.663 | Val(P3)=0.710 | Val(AVO)=0.620
2025-09-25 21:20:01 - No P3-val improvement; patience remaining: 9/15
2025-09-25 21:20:01 - Epoch 10/500 | LR=0.011990 | w_AVO=1.000 | w_P3=1.905 | lambda_MMD=0.250
2025-09-25 21:20:01 - Epoch Summary: TrainLoss=1.7738 | TrainAcc=0.663 | Val(P3)=0.661 | Val(AVO)=0.617
2025-09-25 21:20:01 - No P3-val improvement; patience remaining: 8/15
2025-09-25 21:20:01 - AVO val decreasing 3x. Reducing lambda_MMD to 0.175
2025-09-25 21:20:01 - Epoch 11/500 | LR=0.011988 | w_AVO=1.000 | w_P3=1.905 | lambda_MMD=0.175
2025-09-25 21:20:01 - Epoch Summary: TrainLoss=1.7464 | TrainAcc=0.658 | Val(P3)=0.645 | Val(AVO)=0.617
2025-09-25 21:20:01 - No P3-val improvement; patience remaining: 7/15
2025-09-25 21:20:01 - P3 val decreasing 3x. Reducing w_small to 1.524, lambda_MMD to 0.125
2025-09-25 21:20:01 - Epoch 12/500 | LR=0.011986 | w_AVO=1.000 | w_P3=1.524 | lambda_MMD=0.125
2025-09-25 21:20:01 - Epoch Summary: TrainLoss=1.4989 | TrainAcc=0.666 | Val(P3)=0.677 | Val(AVO)=0.654
2025-09-25 21:20:01 - No P3-val improvement; patience remaining: 6/15
2025-09-25 21:20:01 - Epoch 13/500 | LR=0.011983 | w_AVO=1.000 | w_P3=1.905 | lambda_MMD=0.250
2025-09-25 21:20:02 - Epoch Summary: TrainLoss=1.7061 | TrainAcc=0.661 | Val(P3)=0.661 | Val(AVO)=0.626
2025-09-25 21:20:02 - No P3-val improvement; patience remaining: 5/15
2025-09-25 21:20:02 - Epoch 14/500 | LR=0.011980 | w_AVO=1.000 | w_P3=1.905 | lambda_MMD=0.250
2025-09-25 21:20:02 - Epoch Summary: TrainLoss=1.6841 | TrainAcc=0.676 | Val(P3)=0.645 | Val(AVO)=0.601
2025-09-25 21:20:02 - No P3-val improvement; patience remaining: 4/15
2025-09-25 21:20:02 - P3 val decreasing 3x. Reducing w_small to 1.524, lambda_MMD to 0.125
2025-09-25 21:20:02 - AVO val decreasing 3x. Reducing lambda_MMD to 0.087
2025-09-25 21:20:02 - Epoch 15/500 | LR=0.011977 | w_AVO=1.000 | w_P3=1.524 | lambda_MMD=0.087
2025-09-25 21:20:02 - Epoch Summary: TrainLoss=1.4304 | TrainAcc=0.681 | Val(P3)=0.710 | Val(AVO)=0.636
2025-09-25 21:20:02 - No P3-val improvement; patience remaining: 3/15
2025-09-25 21:20:02 - Epoch 16/500 | LR=0.011973 | w_AVO=1.000 | w_P3=1.905 | lambda_MMD=0.250
2025-09-25 21:20:02 - Epoch Summary: TrainLoss=1.6454 | TrainAcc=0.679 | Val(P3)=0.645 | Val(AVO)=0.629
2025-09-25 21:20:02 - No P3-val improvement; patience remaining: 2/15
2025-09-25 21:20:02 - Epoch 17/500 | LR=0.011970 | w_AVO=1.000 | w_P3=1.905 | lambda_MMD=0.250
2025-09-25 21:20:02 - Epoch Summary: TrainLoss=1.6018 | TrainAcc=0.676 | Val(P3)=0.710 | Val(AVO)=0.636
2025-09-25 21:20:02 - No P3-val improvement; patience remaining: 1/15
2025-09-25 21:20:02 - Epoch 18/500 | LR=0.011966 | w_AVO=1.000 | w_P3=1.905 | lambda_MMD=0.250
2025-09-25 21:20:03 - Epoch Summary: TrainLoss=1.6024 | TrainAcc=0.667 | Val(P3)=0.661 | Val(AVO)=0.607
2025-09-25 21:20:03 - No P3-val improvement; patience remaining: 0/15
2025-09-25 21:20:03 - Early stopping triggered (P3-val)
2025-09-25 21:20:03 -     P3 Test | Acc=0.6000 P=0.6456 R=0.5862 F1=0.6145 AUC=0.6109 (n=160)
2025-09-25 21:20:03 -     AVO Test | Acc=0.5223 P=0.5065 R=0.7966 F1=0.6192 AUC=0.5866 (n=605)
2025-09-25 21:20:03 -     Overall Test Acc=0.5386
2025-09-25 21:20:03 -   Fold 3/5
2025-09-25 21:20:03 - Fold domains: small=P3 (n=577), large=AVO (n=2099)
2025-09-25 21:20:03 - Auto adjustments (symmetric): w_small≈1.000, lambda_MMD_target=0.250, warmup_epochs=5
2025-09-25 21:20:03 - Epoch 1/500 | LR=0.012000 | w_AVO=1.000 | w_P3=1.181 | lambda_MMD=0.050
2025-09-25 21:20:03 - Epoch Summary: TrainLoss=1.5682 | TrainAcc=0.555 | Val(P3)=0.581 | Val(AVO)=0.576
2025-09-25 21:20:03 - New best P3-val; checkpoint updated
2025-09-25 21:20:03 - Epoch 2/500 | LR=0.012000 | w_AVO=1.000 | w_P3=1.363 | lambda_MMD=0.100
2025-09-25 21:20:03 - Epoch Summary: TrainLoss=1.5603 | TrainAcc=0.594 | Val(P3)=0.613 | Val(AVO)=0.620
2025-09-25 21:20:03 - New best P3-val; checkpoint updated
2025-09-25 21:20:03 - Epoch 3/500 | LR=0.012000 | w_AVO=1.000 | w_P3=1.544 | lambda_MMD=0.150
2025-09-25 21:20:03 - Epoch Summary: TrainLoss=1.6585 | TrainAcc=0.606 | Val(P3)=0.677 | Val(AVO)=0.648
2025-09-25 21:20:03 - New best P3-val; checkpoint updated
2025-09-25 21:20:03 - Epoch 4/500 | LR=0.011999 | w_AVO=1.000 | w_P3=1.726 | lambda_MMD=0.200
2025-09-25 21:20:04 - Epoch Summary: TrainLoss=1.7559 | TrainAcc=0.617 | Val(P3)=0.694 | Val(AVO)=0.642
2025-09-25 21:20:04 - New best P3-val; checkpoint updated
2025-09-25 21:20:04 - Epoch 5/500 | LR=0.011998 | w_AVO=1.000 | w_P3=1.907 | lambda_MMD=0.250
2025-09-25 21:20:04 - Epoch Summary: TrainLoss=1.8698 | TrainAcc=0.615 | Val(P3)=0.661 | Val(AVO)=0.636
2025-09-25 21:20:04 - No P3-val improvement; patience remaining: 14/15
2025-09-25 21:20:04 - AVO val decreasing 3x. Reducing lambda_MMD to 0.175
2025-09-25 21:20:04 - Epoch 6/500 | LR=0.011997 | w_AVO=1.000 | w_P3=1.907 | lambda_MMD=0.175
2025-09-25 21:20:04 - Epoch Summary: TrainLoss=1.8551 | TrainAcc=0.625 | Val(P3)=0.661 | Val(AVO)=0.648
2025-09-25 21:20:04 - No P3-val improvement; patience remaining: 13/15
2025-09-25 21:20:04 - Epoch 7/500 | LR=0.011996 | w_AVO=1.000 | w_P3=1.907 | lambda_MMD=0.250
2025-09-25 21:20:04 - Epoch Summary: TrainLoss=1.8470 | TrainAcc=0.621 | Val(P3)=0.710 | Val(AVO)=0.629
2025-09-25 21:20:04 - New best P3-val; checkpoint updated
2025-09-25 21:20:04 - Epoch 8/500 | LR=0.011994 | w_AVO=1.000 | w_P3=1.907 | lambda_MMD=0.250
2025-09-25 21:20:04 - Epoch Summary: TrainLoss=1.8298 | TrainAcc=0.623 | Val(P3)=0.629 | Val(AVO)=0.620
2025-09-25 21:20:04 - No P3-val improvement; patience remaining: 14/15
2025-09-25 21:20:04 - AVO val decreasing 3x. Reducing lambda_MMD to 0.175
2025-09-25 21:20:04 - Epoch 9/500 | LR=0.011992 | w_AVO=1.000 | w_P3=1.907 | lambda_MMD=0.175
2025-09-25 21:20:05 - Epoch Summary: TrainLoss=1.8265 | TrainAcc=0.630 | Val(P3)=0.661 | Val(AVO)=0.636
2025-09-25 21:20:05 - No P3-val improvement; patience remaining: 13/15
2025-09-25 21:20:05 - Epoch 10/500 | LR=0.011990 | w_AVO=1.000 | w_P3=1.907 | lambda_MMD=0.250
2025-09-25 21:20:05 - Epoch Summary: TrainLoss=1.8008 | TrainAcc=0.637 | Val(P3)=0.645 | Val(AVO)=0.645
2025-09-25 21:20:05 - No P3-val improvement; patience remaining: 12/15
2025-09-25 21:20:05 - Epoch 11/500 | LR=0.011988 | w_AVO=1.000 | w_P3=1.907 | lambda_MMD=0.250
2025-09-25 21:20:05 - Epoch Summary: TrainLoss=1.7867 | TrainAcc=0.629 | Val(P3)=0.597 | Val(AVO)=0.632
2025-09-25 21:20:05 - No P3-val improvement; patience remaining: 11/15
2025-09-25 21:20:05 - P3 val decreasing 3x. Reducing w_small to 1.526, lambda_MMD to 0.125
2025-09-25 21:20:05 - Epoch 12/500 | LR=0.011986 | w_AVO=1.000 | w_P3=1.526 | lambda_MMD=0.125
2025-09-25 21:20:05 - Epoch Summary: TrainLoss=1.5280 | TrainAcc=0.650 | Val(P3)=0.645 | Val(AVO)=0.645
2025-09-25 21:20:05 - No P3-val improvement; patience remaining: 10/15
2025-09-25 21:20:05 - Epoch 13/500 | LR=0.011983 | w_AVO=1.000 | w_P3=1.907 | lambda_MMD=0.250
2025-09-25 21:20:06 - Epoch Summary: TrainLoss=1.7325 | TrainAcc=0.635 | Val(P3)=0.645 | Val(AVO)=0.648
2025-09-25 21:20:06 - No P3-val improvement; patience remaining: 9/15
2025-09-25 21:20:06 - Epoch 14/500 | LR=0.011980 | w_AVO=1.000 | w_P3=1.907 | lambda_MMD=0.250
2025-09-25 21:20:06 - Epoch Summary: TrainLoss=1.7067 | TrainAcc=0.657 | Val(P3)=0.613 | Val(AVO)=0.648
2025-09-25 21:20:06 - No P3-val improvement; patience remaining: 8/15
2025-09-25 21:20:06 - Epoch 15/500 | LR=0.011977 | w_AVO=1.000 | w_P3=1.907 | lambda_MMD=0.250
2025-09-25 21:20:06 - Epoch Summary: TrainLoss=1.6984 | TrainAcc=0.652 | Val(P3)=0.645 | Val(AVO)=0.636
2025-09-25 21:20:06 - No P3-val improvement; patience remaining: 7/15
2025-09-25 21:20:06 - Epoch 16/500 | LR=0.011973 | w_AVO=1.000 | w_P3=1.907 | lambda_MMD=0.250
2025-09-25 21:20:06 - Epoch Summary: TrainLoss=1.6628 | TrainAcc=0.659 | Val(P3)=0.758 | Val(AVO)=0.586
2025-09-25 21:20:06 - New best P3-val; checkpoint updated
2025-09-25 21:20:06 - AVO val decreasing 3x. Reducing lambda_MMD to 0.175
2025-09-25 21:20:06 - Epoch 17/500 | LR=0.011970 | w_AVO=1.000 | w_P3=1.907 | lambda_MMD=0.175
2025-09-25 21:20:06 - Epoch Summary: TrainLoss=1.6449 | TrainAcc=0.666 | Val(P3)=0.597 | Val(AVO)=0.676
2025-09-25 21:20:06 - No P3-val improvement; patience remaining: 14/15
2025-09-25 21:20:06 - Epoch 18/500 | LR=0.011966 | w_AVO=1.000 | w_P3=1.907 | lambda_MMD=0.250
2025-09-25 21:20:07 - Epoch Summary: TrainLoss=1.6031 | TrainAcc=0.673 | Val(P3)=0.710 | Val(AVO)=0.595
2025-09-25 21:20:07 - No P3-val improvement; patience remaining: 13/15
2025-09-25 21:20:07 - Epoch 19/500 | LR=0.011962 | w_AVO=1.000 | w_P3=1.907 | lambda_MMD=0.250
2025-09-25 21:20:07 - Epoch Summary: TrainLoss=1.6078 | TrainAcc=0.667 | Val(P3)=0.629 | Val(AVO)=0.660
2025-09-25 21:20:07 - No P3-val improvement; patience remaining: 12/15
2025-09-25 21:20:07 - Epoch 20/500 | LR=0.011957 | w_AVO=1.000 | w_P3=1.907 | lambda_MMD=0.250
2025-09-25 21:20:07 - Epoch Summary: TrainLoss=1.5671 | TrainAcc=0.679 | Val(P3)=0.661 | Val(AVO)=0.664
2025-09-25 21:20:07 - No P3-val improvement; patience remaining: 11/15
2025-09-25 21:20:07 - Epoch 21/500 | LR=0.011953 | w_AVO=1.000 | w_P3=1.907 | lambda_MMD=0.250
2025-09-25 21:20:07 - Epoch Summary: TrainLoss=1.5495 | TrainAcc=0.678 | Val(P3)=0.613 | Val(AVO)=0.673
2025-09-25 21:20:07 - No P3-val improvement; patience remaining: 10/15
2025-09-25 21:20:07 - Epoch 22/500 | LR=0.011948 | w_AVO=1.000 | w_P3=1.907 | lambda_MMD=0.250
2025-09-25 21:20:07 - Epoch Summary: TrainLoss=1.5321 | TrainAcc=0.676 | Val(P3)=0.597 | Val(AVO)=0.657
2025-09-25 21:20:07 - No P3-val improvement; patience remaining: 9/15
2025-09-25 21:20:07 - P3 val decreasing 3x. Reducing w_small to 1.526, lambda_MMD to 0.125
2025-09-25 21:20:07 - Epoch 23/500 | LR=0.011943 | w_AVO=1.000 | w_P3=1.526 | lambda_MMD=0.125
2025-09-25 21:20:08 - Epoch Summary: TrainLoss=1.3376 | TrainAcc=0.690 | Val(P3)=0.613 | Val(AVO)=0.664
2025-09-25 21:20:08 - No P3-val improvement; patience remaining: 8/15
2025-09-25 21:20:08 - Epoch 24/500 | LR=0.011937 | w_AVO=1.000 | w_P3=1.907 | lambda_MMD=0.250
2025-09-25 21:20:08 - Epoch Summary: TrainLoss=1.4654 | TrainAcc=0.695 | Val(P3)=0.677 | Val(AVO)=0.598
2025-09-25 21:20:08 - No P3-val improvement; patience remaining: 7/15
2025-09-25 21:20:08 - Epoch 25/500 | LR=0.011932 | w_AVO=1.000 | w_P3=1.907 | lambda_MMD=0.250
2025-09-25 21:20:08 - Epoch Summary: TrainLoss=1.4861 | TrainAcc=0.689 | Val(P3)=0.565 | Val(AVO)=0.676
2025-09-25 21:20:08 - No P3-val improvement; patience remaining: 6/15
2025-09-25 21:20:08 - Epoch 26/500 | LR=0.011926 | w_AVO=1.000 | w_P3=1.907 | lambda_MMD=0.250
2025-09-25 21:20:08 - Epoch Summary: TrainLoss=1.4508 | TrainAcc=0.696 | Val(P3)=0.645 | Val(AVO)=0.639
2025-09-25 21:20:08 - No P3-val improvement; patience remaining: 5/15
2025-09-25 21:20:08 - Epoch 27/500 | LR=0.011920 | w_AVO=1.000 | w_P3=1.907 | lambda_MMD=0.250
2025-09-25 21:20:09 - Epoch Summary: TrainLoss=1.4332 | TrainAcc=0.698 | Val(P3)=0.645 | Val(AVO)=0.620
2025-09-25 21:20:09 - No P3-val improvement; patience remaining: 4/15
2025-09-25 21:20:09 - AVO val decreasing 3x. Reducing lambda_MMD to 0.175
2025-09-25 21:20:09 - Epoch 28/500 | LR=0.011914 | w_AVO=1.000 | w_P3=1.907 | lambda_MMD=0.175
2025-09-25 21:20:09 - Epoch Summary: TrainLoss=1.4376 | TrainAcc=0.669 | Val(P3)=0.597 | Val(AVO)=0.670
2025-09-25 21:20:09 - No P3-val improvement; patience remaining: 3/15
2025-09-25 21:20:09 - Epoch 29/500 | LR=0.011907 | w_AVO=1.000 | w_P3=1.907 | lambda_MMD=0.250
2025-09-25 21:20:09 - Epoch Summary: TrainLoss=1.3957 | TrainAcc=0.697 | Val(P3)=0.613 | Val(AVO)=0.667
2025-09-25 21:20:09 - No P3-val improvement; patience remaining: 2/15
2025-09-25 21:20:09 - Epoch 30/500 | LR=0.011901 | w_AVO=1.000 | w_P3=1.907 | lambda_MMD=0.250
2025-09-25 21:20:09 - Epoch Summary: TrainLoss=1.3630 | TrainAcc=0.704 | Val(P3)=0.677 | Val(AVO)=0.642
2025-09-25 21:20:09 - No P3-val improvement; patience remaining: 1/15
2025-09-25 21:20:09 - AVO val decreasing 3x. Reducing lambda_MMD to 0.175
2025-09-25 21:20:09 - Epoch 31/500 | LR=0.011894 | w_AVO=1.000 | w_P3=1.907 | lambda_MMD=0.175
2025-09-25 21:20:09 - Epoch Summary: TrainLoss=1.3501 | TrainAcc=0.691 | Val(P3)=0.661 | Val(AVO)=0.629
2025-09-25 21:20:09 - No P3-val improvement; patience remaining: 0/15
2025-09-25 21:20:09 - Early stopping triggered (P3-val)
2025-09-25 21:20:09 -     P3 Test | Acc=0.5528 P=0.5432 R=0.5570 F1=0.5500 AUC=0.6287 (n=161)
2025-09-25 21:20:09 -     AVO Test | Acc=0.6159 P=0.5786 R=0.8717 F1=0.6955 AUC=0.7173 (n=604)
2025-09-25 21:20:09 -     Overall Test Acc=0.6026
2025-09-25 21:20:09 -   Fold 4/5
2025-09-25 21:20:09 - Fold domains: small=P3 (n=571), large=AVO (n=2105)
2025-09-25 21:20:09 - Auto adjustments (symmetric): w_small≈1.000, lambda_MMD_target=0.250, warmup_epochs=5
2025-09-25 21:20:09 - Epoch 1/500 | LR=0.012000 | w_AVO=1.000 | w_P3=1.184 | lambda_MMD=0.050
2025-09-25 21:20:10 - Epoch Summary: TrainLoss=1.6168 | TrainAcc=0.505 | Val(P3)=0.525 | Val(AVO)=0.571
2025-09-25 21:20:10 - New best P3-val; checkpoint updated
2025-09-25 21:20:10 - Epoch 2/500 | LR=0.012000 | w_AVO=1.000 | w_P3=1.368 | lambda_MMD=0.100
2025-09-25 21:20:10 - Epoch Summary: TrainLoss=1.5972 | TrainAcc=0.557 | Val(P3)=0.607 | Val(AVO)=0.621
2025-09-25 21:20:10 - New best P3-val; checkpoint updated
2025-09-25 21:20:10 - Epoch 3/500 | LR=0.012000 | w_AVO=1.000 | w_P3=1.552 | lambda_MMD=0.150
2025-09-25 21:20:10 - Epoch Summary: TrainLoss=1.6955 | TrainAcc=0.603 | Val(P3)=0.656 | Val(AVO)=0.627
2025-09-25 21:20:10 - New best P3-val; checkpoint updated
2025-09-25 21:20:10 - Epoch 4/500 | LR=0.011999 | w_AVO=1.000 | w_P3=1.736 | lambda_MMD=0.200
2025-09-25 21:20:10 - Epoch Summary: TrainLoss=1.8117 | TrainAcc=0.605 | Val(P3)=0.607 | Val(AVO)=0.618
2025-09-25 21:20:10 - No P3-val improvement; patience remaining: 14/15
2025-09-25 21:20:10 - Epoch 5/500 | LR=0.011998 | w_AVO=1.000 | w_P3=1.920 | lambda_MMD=0.250
2025-09-25 21:20:10 - Epoch Summary: TrainLoss=1.9211 | TrainAcc=0.612 | Val(P3)=0.590 | Val(AVO)=0.643
2025-09-25 21:20:10 - No P3-val improvement; patience remaining: 13/15
2025-09-25 21:20:10 - P3 val decreasing 3x. Reducing w_small to 1.536, lambda_MMD to 0.125
2025-09-25 21:20:10 - Epoch 6/500 | LR=0.011997 | w_AVO=1.000 | w_P3=1.536 | lambda_MMD=0.125
2025-09-25 21:20:11 - Epoch Summary: TrainLoss=1.6568 | TrainAcc=0.615 | Val(P3)=0.623 | Val(AVO)=0.621
2025-09-25 21:20:11 - No P3-val improvement; patience remaining: 12/15
2025-09-25 21:20:11 - Epoch 7/500 | LR=0.011996 | w_AVO=1.000 | w_P3=1.920 | lambda_MMD=0.250
2025-09-25 21:20:11 - Epoch Summary: TrainLoss=1.8947 | TrainAcc=0.619 | Val(P3)=0.672 | Val(AVO)=0.637
2025-09-25 21:20:11 - New best P3-val; checkpoint updated
2025-09-25 21:20:11 - Epoch 8/500 | LR=0.011994 | w_AVO=1.000 | w_P3=1.920 | lambda_MMD=0.250
2025-09-25 21:20:11 - Epoch Summary: TrainLoss=1.8855 | TrainAcc=0.610 | Val(P3)=0.639 | Val(AVO)=0.612
2025-09-25 21:20:11 - No P3-val improvement; patience remaining: 14/15
2025-09-25 21:20:11 - Epoch 9/500 | LR=0.011992 | w_AVO=1.000 | w_P3=1.920 | lambda_MMD=0.250
2025-09-25 21:20:11 - Epoch Summary: TrainLoss=1.8561 | TrainAcc=0.625 | Val(P3)=0.705 | Val(AVO)=0.606
2025-09-25 21:20:11 - New best P3-val; checkpoint updated
2025-09-25 21:20:11 - AVO val decreasing 3x. Reducing lambda_MMD to 0.175
2025-09-25 21:20:11 - Epoch 10/500 | LR=0.011990 | w_AVO=1.000 | w_P3=1.920 | lambda_MMD=0.175
2025-09-25 21:20:12 - Epoch Summary: TrainLoss=1.8220 | TrainAcc=0.636 | Val(P3)=0.639 | Val(AVO)=0.606
2025-09-25 21:20:12 - No P3-val improvement; patience remaining: 14/15
2025-09-25 21:20:12 - Epoch 11/500 | LR=0.011988 | w_AVO=1.000 | w_P3=1.920 | lambda_MMD=0.250
2025-09-25 21:20:12 - Epoch Summary: TrainLoss=1.8077 | TrainAcc=0.629 | Val(P3)=0.672 | Val(AVO)=0.646
2025-09-25 21:20:12 - No P3-val improvement; patience remaining: 13/15
2025-09-25 21:20:12 - Epoch 12/500 | LR=0.011986 | w_AVO=1.000 | w_P3=1.920 | lambda_MMD=0.250
2025-09-25 21:20:12 - Epoch Summary: TrainLoss=1.7959 | TrainAcc=0.634 | Val(P3)=0.705 | Val(AVO)=0.621
2025-09-25 21:20:12 - No P3-val improvement; patience remaining: 12/15
2025-09-25 21:20:12 - Epoch 13/500 | LR=0.011983 | w_AVO=1.000 | w_P3=1.920 | lambda_MMD=0.250
2025-09-25 21:20:12 - Epoch Summary: TrainLoss=1.7976 | TrainAcc=0.629 | Val(P3)=0.574 | Val(AVO)=0.562
2025-09-25 21:20:12 - No P3-val improvement; patience remaining: 11/15
2025-09-25 21:20:12 - AVO val decreasing 3x. Reducing lambda_MMD to 0.175
2025-09-25 21:20:12 - Epoch 14/500 | LR=0.011980 | w_AVO=1.000 | w_P3=1.920 | lambda_MMD=0.175
2025-09-25 21:20:12 - Epoch Summary: TrainLoss=1.7672 | TrainAcc=0.626 | Val(P3)=0.639 | Val(AVO)=0.621
2025-09-25 21:20:12 - No P3-val improvement; patience remaining: 10/15
2025-09-25 21:20:12 - Epoch 15/500 | LR=0.011977 | w_AVO=1.000 | w_P3=1.920 | lambda_MMD=0.250
2025-09-25 21:20:13 - Epoch Summary: TrainLoss=1.7539 | TrainAcc=0.640 | Val(P3)=0.607 | Val(AVO)=0.590
2025-09-25 21:20:13 - No P3-val improvement; patience remaining: 9/15
2025-09-25 21:20:13 - Epoch 16/500 | LR=0.011973 | w_AVO=1.000 | w_P3=1.920 | lambda_MMD=0.250
2025-09-25 21:20:13 - Epoch Summary: TrainLoss=1.7522 | TrainAcc=0.634 | Val(P3)=0.623 | Val(AVO)=0.609
2025-09-25 21:20:13 - No P3-val improvement; patience remaining: 8/15
2025-09-25 21:20:13 - Epoch 17/500 | LR=0.011970 | w_AVO=1.000 | w_P3=1.920 | lambda_MMD=0.250
2025-09-25 21:20:13 - Epoch Summary: TrainLoss=1.7077 | TrainAcc=0.647 | Val(P3)=0.623 | Val(AVO)=0.587
2025-09-25 21:20:13 - No P3-val improvement; patience remaining: 7/15
2025-09-25 21:20:13 - Epoch 18/500 | LR=0.011966 | w_AVO=1.000 | w_P3=1.920 | lambda_MMD=0.250
2025-09-25 21:20:13 - Epoch Summary: TrainLoss=1.6944 | TrainAcc=0.651 | Val(P3)=0.607 | Val(AVO)=0.640
2025-09-25 21:20:13 - No P3-val improvement; patience remaining: 6/15
2025-09-25 21:20:13 - Epoch 19/500 | LR=0.011962 | w_AVO=1.000 | w_P3=1.920 | lambda_MMD=0.250
2025-09-25 21:20:13 - Epoch Summary: TrainLoss=1.6735 | TrainAcc=0.651 | Val(P3)=0.574 | Val(AVO)=0.640
2025-09-25 21:20:13 - No P3-val improvement; patience remaining: 5/15
2025-09-25 21:20:13 - P3 val decreasing 3x. Reducing w_small to 1.536, lambda_MMD to 0.125
2025-09-25 21:20:13 - Epoch 20/500 | LR=0.011957 | w_AVO=1.000 | w_P3=1.536 | lambda_MMD=0.125
2025-09-25 21:20:14 - Epoch Summary: TrainLoss=1.4505 | TrainAcc=0.656 | Val(P3)=0.607 | Val(AVO)=0.630
2025-09-25 21:20:14 - No P3-val improvement; patience remaining: 4/15
2025-09-25 21:20:14 - Epoch 21/500 | LR=0.011953 | w_AVO=1.000 | w_P3=1.920 | lambda_MMD=0.250
2025-09-25 21:20:14 - Epoch Summary: TrainLoss=1.6644 | TrainAcc=0.661 | Val(P3)=0.574 | Val(AVO)=0.612
2025-09-25 21:20:14 - No P3-val improvement; patience remaining: 3/15
2025-09-25 21:20:14 - AVO val decreasing 3x. Reducing lambda_MMD to 0.175
2025-09-25 21:20:14 - Epoch 22/500 | LR=0.011948 | w_AVO=1.000 | w_P3=1.920 | lambda_MMD=0.175
2025-09-25 21:20:14 - Epoch Summary: TrainLoss=1.6148 | TrainAcc=0.667 | Val(P3)=0.574 | Val(AVO)=0.643
2025-09-25 21:20:14 - No P3-val improvement; patience remaining: 2/15
2025-09-25 21:20:14 - Epoch 23/500 | LR=0.011943 | w_AVO=1.000 | w_P3=1.920 | lambda_MMD=0.250
2025-09-25 21:20:14 - Epoch Summary: TrainLoss=1.5868 | TrainAcc=0.668 | Val(P3)=0.574 | Val(AVO)=0.624
2025-09-25 21:20:14 - No P3-val improvement; patience remaining: 1/15
2025-09-25 21:20:14 - Epoch 24/500 | LR=0.011937 | w_AVO=1.000 | w_P3=1.920 | lambda_MMD=0.250
2025-09-25 21:20:14 - Epoch Summary: TrainLoss=1.5790 | TrainAcc=0.665 | Val(P3)=0.590 | Val(AVO)=0.590
2025-09-25 21:20:14 - No P3-val improvement; patience remaining: 0/15
2025-09-25 21:20:14 - Early stopping triggered (P3-val)
2025-09-25 21:20:14 -     P3 Test | Acc=0.6131 P=0.6438 R=0.5465 F1=0.5912 AUC=0.6955 (n=168)
2025-09-25 21:20:14 -     AVO Test | Acc=0.6415 P=0.6005 R=0.8350 F1=0.6986 AUC=0.6940 (n=597)
2025-09-25 21:20:14 -     Overall Test Acc=0.6353
2025-09-25 21:20:14 -   Fold 5/5
2025-09-25 21:20:14 - Fold domains: small=P3 (n=590), large=AVO (n=2087)
2025-09-25 21:20:14 - Auto adjustments (symmetric): w_small≈1.000, lambda_MMD_target=0.250, warmup_epochs=5
2025-09-25 21:20:14 - Epoch 1/500 | LR=0.012000 | w_AVO=1.000 | w_P3=1.176 | lambda_MMD=0.050
2025-09-25 21:20:15 - Epoch Summary: TrainLoss=1.4958 | TrainAcc=0.552 | Val(P3)=0.667 | Val(AVO)=0.591
2025-09-25 21:20:15 - New best P3-val; checkpoint updated
2025-09-25 21:20:15 - Epoch 2/500 | LR=0.012000 | w_AVO=1.000 | w_P3=1.352 | lambda_MMD=0.100
2025-09-25 21:20:15 - Epoch Summary: TrainLoss=1.5552 | TrainAcc=0.589 | Val(P3)=0.635 | Val(AVO)=0.591
2025-09-25 21:20:15 - No P3-val improvement; patience remaining: 14/15
2025-09-25 21:20:15 - Epoch 3/500 | LR=0.012000 | w_AVO=1.000 | w_P3=1.528 | lambda_MMD=0.150
2025-09-25 21:20:15 - Epoch Summary: TrainLoss=1.6490 | TrainAcc=0.598 | Val(P3)=0.714 | Val(AVO)=0.625
2025-09-25 21:20:15 - New best P3-val; checkpoint updated
2025-09-25 21:20:15 - Epoch 4/500 | LR=0.011999 | w_AVO=1.000 | w_P3=1.705 | lambda_MMD=0.200
2025-09-25 21:20:15 - Epoch Summary: TrainLoss=1.7663 | TrainAcc=0.614 | Val(P3)=0.635 | Val(AVO)=0.644
2025-09-25 21:20:15 - No P3-val improvement; patience remaining: 14/15
2025-09-25 21:20:15 - Epoch 5/500 | LR=0.011998 | w_AVO=1.000 | w_P3=1.881 | lambda_MMD=0.250
2025-09-25 21:20:15 - Epoch Summary: TrainLoss=1.8483 | TrainAcc=0.623 | Val(P3)=0.746 | Val(AVO)=0.625
2025-09-25 21:20:15 - New best P3-val; checkpoint updated
2025-09-25 21:20:15 - Epoch 6/500 | LR=0.011997 | w_AVO=1.000 | w_P3=1.881 | lambda_MMD=0.250
2025-09-25 21:20:16 - Epoch Summary: TrainLoss=1.8253 | TrainAcc=0.637 | Val(P3)=0.730 | Val(AVO)=0.619
2025-09-25 21:20:16 - No P3-val improvement; patience remaining: 14/15
2025-09-25 21:20:16 - AVO val decreasing 3x. Reducing lambda_MMD to 0.175
2025-09-25 21:20:16 - Epoch 7/500 | LR=0.011996 | w_AVO=1.000 | w_P3=1.881 | lambda_MMD=0.175
2025-09-25 21:20:16 - Epoch Summary: TrainLoss=1.8016 | TrainAcc=0.636 | Val(P3)=0.714 | Val(AVO)=0.597
2025-09-25 21:20:16 - No P3-val improvement; patience remaining: 13/15
2025-09-25 21:20:16 - P3 val decreasing 3x. Reducing w_small to 1.505, lambda_MMD to 0.125
2025-09-25 21:20:16 - AVO val decreasing 3x. Reducing lambda_MMD to 0.087
2025-09-25 21:20:16 - Epoch 8/500 | LR=0.011994 | w_AVO=1.000 | w_P3=1.505 | lambda_MMD=0.087
2025-09-25 21:20:16 - Epoch Summary: TrainLoss=1.5534 | TrainAcc=0.628 | Val(P3)=0.651 | Val(AVO)=0.603
2025-09-25 21:20:16 - No P3-val improvement; patience remaining: 12/15
2025-09-25 21:20:16 - P3 val decreasing 3x. Reducing w_small to 1.505, lambda_MMD to 0.125
2025-09-25 21:20:16 - Epoch 9/500 | LR=0.011992 | w_AVO=1.000 | w_P3=1.505 | lambda_MMD=0.125
2025-09-25 21:20:16 - Epoch Summary: TrainLoss=1.5183 | TrainAcc=0.653 | Val(P3)=0.587 | Val(AVO)=0.634
2025-09-25 21:20:16 - No P3-val improvement; patience remaining: 11/15
2025-09-25 21:20:16 - P3 val decreasing 3x. Reducing w_small to 1.505, lambda_MMD to 0.125
2025-09-25 21:20:16 - Epoch 10/500 | LR=0.011990 | w_AVO=1.000 | w_P3=1.505 | lambda_MMD=0.125
2025-09-25 21:20:17 - Epoch Summary: TrainLoss=1.5121 | TrainAcc=0.659 | Val(P3)=0.540 | Val(AVO)=0.603
2025-09-25 21:20:17 - No P3-val improvement; patience remaining: 10/15
2025-09-25 21:20:17 - P3 val decreasing 3x. Reducing w_small to 1.505, lambda_MMD to 0.125
2025-09-25 21:20:17 - Epoch 11/500 | LR=0.011988 | w_AVO=1.000 | w_P3=1.505 | lambda_MMD=0.125
2025-09-25 21:20:17 - Epoch Summary: TrainLoss=1.4826 | TrainAcc=0.662 | Val(P3)=0.698 | Val(AVO)=0.591
2025-09-25 21:20:17 - No P3-val improvement; patience remaining: 9/15
2025-09-25 21:20:17 - AVO val decreasing 3x. Reducing lambda_MMD to 0.175
2025-09-25 21:20:17 - Epoch 12/500 | LR=0.011986 | w_AVO=1.000 | w_P3=1.881 | lambda_MMD=0.175
2025-09-25 21:20:17 - Epoch Summary: TrainLoss=1.6761 | TrainAcc=0.654 | Val(P3)=0.540 | Val(AVO)=0.622
2025-09-25 21:20:17 - No P3-val improvement; patience remaining: 8/15
2025-09-25 21:20:17 - Epoch 13/500 | LR=0.011983 | w_AVO=1.000 | w_P3=1.881 | lambda_MMD=0.250
2025-09-25 21:20:17 - Epoch Summary: TrainLoss=1.6425 | TrainAcc=0.667 | Val(P3)=0.683 | Val(AVO)=0.553
2025-09-25 21:20:17 - No P3-val improvement; patience remaining: 7/15
2025-09-25 21:20:17 - Epoch 14/500 | LR=0.011980 | w_AVO=1.000 | w_P3=1.881 | lambda_MMD=0.250
2025-09-25 21:20:17 - Epoch Summary: TrainLoss=1.6381 | TrainAcc=0.660 | Val(P3)=0.683 | Val(AVO)=0.544
2025-09-25 21:20:17 - No P3-val improvement; patience remaining: 6/15
2025-09-25 21:20:17 - AVO val decreasing 3x. Reducing lambda_MMD to 0.175
2025-09-25 21:20:17 - Epoch 15/500 | LR=0.011977 | w_AVO=1.000 | w_P3=1.881 | lambda_MMD=0.175
2025-09-25 21:20:18 - Epoch Summary: TrainLoss=1.6444 | TrainAcc=0.647 | Val(P3)=0.667 | Val(AVO)=0.531
2025-09-25 21:20:18 - No P3-val improvement; patience remaining: 5/15
2025-09-25 21:20:18 - AVO val decreasing 3x. Reducing lambda_MMD to 0.175
2025-09-25 21:20:18 - Epoch 16/500 | LR=0.011973 | w_AVO=1.000 | w_P3=1.881 | lambda_MMD=0.175
2025-09-25 21:20:18 - Epoch Summary: TrainLoss=1.6165 | TrainAcc=0.650 | Val(P3)=0.778 | Val(AVO)=0.569
2025-09-25 21:20:18 - New best P3-val; checkpoint updated
2025-09-25 21:20:18 - Epoch 17/500 | LR=0.011970 | w_AVO=1.000 | w_P3=1.881 | lambda_MMD=0.250
2025-09-25 21:20:18 - Epoch Summary: TrainLoss=1.5683 | TrainAcc=0.671 | Val(P3)=0.619 | Val(AVO)=0.603
2025-09-25 21:20:18 - No P3-val improvement; patience remaining: 14/15
2025-09-25 21:20:18 - Epoch 18/500 | LR=0.011966 | w_AVO=1.000 | w_P3=1.881 | lambda_MMD=0.250
2025-09-25 21:20:18 - Epoch Summary: TrainLoss=1.5409 | TrainAcc=0.665 | Val(P3)=0.683 | Val(AVO)=0.572
2025-09-25 21:20:18 - No P3-val improvement; patience remaining: 13/15
2025-09-25 21:20:18 - Epoch 19/500 | LR=0.011962 | w_AVO=1.000 | w_P3=1.881 | lambda_MMD=0.250
2025-09-25 21:20:18 - Epoch Summary: TrainLoss=1.5348 | TrainAcc=0.669 | Val(P3)=0.635 | Val(AVO)=0.600
2025-09-25 21:20:18 - No P3-val improvement; patience remaining: 12/15
2025-09-25 21:20:18 - Epoch 20/500 | LR=0.011957 | w_AVO=1.000 | w_P3=1.881 | lambda_MMD=0.250
2025-09-25 21:20:19 - Epoch Summary: TrainLoss=1.5108 | TrainAcc=0.684 | Val(P3)=0.667 | Val(AVO)=0.588
2025-09-25 21:20:19 - No P3-val improvement; patience remaining: 11/15
2025-09-25 21:20:19 - Epoch 21/500 | LR=0.011953 | w_AVO=1.000 | w_P3=1.881 | lambda_MMD=0.250
2025-09-25 21:20:19 - Epoch Summary: TrainLoss=1.4635 | TrainAcc=0.690 | Val(P3)=0.698 | Val(AVO)=0.534
2025-09-25 21:20:19 - No P3-val improvement; patience remaining: 10/15
2025-09-25 21:20:19 - AVO val decreasing 3x. Reducing lambda_MMD to 0.175
2025-09-25 21:20:19 - Epoch 22/500 | LR=0.011948 | w_AVO=1.000 | w_P3=1.881 | lambda_MMD=0.175
2025-09-25 21:20:19 - Epoch Summary: TrainLoss=1.4594 | TrainAcc=0.678 | Val(P3)=0.571 | Val(AVO)=0.616
2025-09-25 21:20:19 - No P3-val improvement; patience remaining: 9/15
2025-09-25 21:20:19 - Epoch 23/500 | LR=0.011943 | w_AVO=1.000 | w_P3=1.881 | lambda_MMD=0.250
2025-09-25 21:20:19 - Epoch Summary: TrainLoss=1.4750 | TrainAcc=0.669 | Val(P3)=0.587 | Val(AVO)=0.597
2025-09-25 21:20:19 - No P3-val improvement; patience remaining: 8/15
2025-09-25 21:20:19 - Epoch 24/500 | LR=0.011937 | w_AVO=1.000 | w_P3=1.881 | lambda_MMD=0.250
2025-09-25 21:20:19 - Epoch Summary: TrainLoss=1.4164 | TrainAcc=0.682 | Val(P3)=0.683 | Val(AVO)=0.550
2025-09-25 21:20:19 - No P3-val improvement; patience remaining: 7/15
2025-09-25 21:20:19 - AVO val decreasing 3x. Reducing lambda_MMD to 0.175
2025-09-25 21:20:19 - Epoch 25/500 | LR=0.011932 | w_AVO=1.000 | w_P3=1.881 | lambda_MMD=0.175
2025-09-25 21:20:20 - Epoch Summary: TrainLoss=1.3894 | TrainAcc=0.690 | Val(P3)=0.603 | Val(AVO)=0.578
2025-09-25 21:20:20 - No P3-val improvement; patience remaining: 6/15
2025-09-25 21:20:20 - Epoch 26/500 | LR=0.011926 | w_AVO=1.000 | w_P3=1.881 | lambda_MMD=0.250
2025-09-25 21:20:20 - Epoch Summary: TrainLoss=1.3776 | TrainAcc=0.684 | Val(P3)=0.556 | Val(AVO)=0.594
2025-09-25 21:20:20 - No P3-val improvement; patience remaining: 5/15
2025-09-25 21:20:20 - P3 val decreasing 3x. Reducing w_small to 1.505, lambda_MMD to 0.125
2025-09-25 21:20:20 - Epoch 27/500 | LR=0.011920 | w_AVO=1.000 | w_P3=1.505 | lambda_MMD=0.125
2025-09-25 21:20:20 - Epoch Summary: TrainLoss=1.1979 | TrainAcc=0.690 | Val(P3)=0.714 | Val(AVO)=0.550
2025-09-25 21:20:20 - No P3-val improvement; patience remaining: 4/15
2025-09-25 21:20:20 - Epoch 28/500 | LR=0.011914 | w_AVO=1.000 | w_P3=1.881 | lambda_MMD=0.250
2025-09-25 21:20:20 - Epoch Summary: TrainLoss=1.3341 | TrainAcc=0.703 | Val(P3)=0.635 | Val(AVO)=0.603
2025-09-25 21:20:20 - No P3-val improvement; patience remaining: 3/15
2025-09-25 21:20:20 - Epoch 29/500 | LR=0.011907 | w_AVO=1.000 | w_P3=1.881 | lambda_MMD=0.250
2025-09-25 21:20:21 - Epoch Summary: TrainLoss=1.3135 | TrainAcc=0.699 | Val(P3)=0.762 | Val(AVO)=0.544
2025-09-25 21:20:21 - No P3-val improvement; patience remaining: 2/15
2025-09-25 21:20:21 - Epoch 30/500 | LR=0.011901 | w_AVO=1.000 | w_P3=1.881 | lambda_MMD=0.250
2025-09-25 21:20:21 - Epoch Summary: TrainLoss=1.2978 | TrainAcc=0.693 | Val(P3)=0.619 | Val(AVO)=0.566
2025-09-25 21:20:21 - No P3-val improvement; patience remaining: 1/15
2025-09-25 21:20:21 - Epoch 31/500 | LR=0.011894 | w_AVO=1.000 | w_P3=1.881 | lambda_MMD=0.250
2025-09-25 21:20:21 - Epoch Summary: TrainLoss=1.2728 | TrainAcc=0.701 | Val(P3)=0.730 | Val(AVO)=0.541
2025-09-25 21:20:21 - No P3-val improvement; patience remaining: 0/15
2025-09-25 21:20:21 - Early stopping triggered (P3-val)
2025-09-25 21:20:21 -     P3 Test | Acc=0.5510 P=0.4719 R=0.6885 F1=0.5600 AUC=0.6367 (n=147)
2025-09-25 21:20:21 -     AVO Test | Acc=0.5754 P=0.5533 R=0.9533 F1=0.7002 AUC=0.6979 (n=617)
2025-09-25 21:20:21 -     Overall Test Acc=0.5707
2025-09-25 21:20:21 - 
==================================================
2025-09-25 21:20:21 - CROSS-VALIDATION RESULTS
2025-09-25 21:20:21 - ==================================================
2025-09-25 21:20:21 - Overall accuracy: 0.6060 ± 0.0309
2025-09-25 21:20:21 - 95% Confidence Interval: [0.5932, 0.6187]
2025-09-25 21:20:21 - P3 Dataset - Mean Accuracy: 0.6003 | 95% CI: [0.5867, 0.6139]
2025-09-25 21:20:21 - AVO Dataset - Mean Accuracy: 0.6075 | 95% CI: [0.5919, 0.6231]
2025-09-25 21:20:21 - Detailed results saved to: tfdwt_detailed_results_20250925_212021.csv
2025-09-25 21:20:21 - Summary statistics saved to: tfdwt_summary_stats_20250925_212021.csv
